机制,近30天触发,近7天触发,消费者数,消费者清单,零触发标记,名称,状态,执法通道,执行30天,缓存重用30天,拦截commit流30天,拦截preflight流30天,包装块归因拦截30天,解析失败30天,提及其他审计流30天,提及其他审计流7天,孪生id触发30天,非测试消费者数,全期触发总数,备注
GATE-PROTECTED-PATHS,17,17,6,.pre-commit-config.yaml | data/databases/backups/depgraph_backup_20260814_aigit001_taskboard.sql | data/databases/backups/depgraph_backup_20260817_ai00close.sql | data/databases/backups/depgraph_backup_20260821_p06.sql | data/databases/backups/depgraph_backup_AI-DGR-001_20260817.sql | scripts/governance/run_fulltree_gate_audit.py,有触发,GATE-PROTECTED-PATHS: 受保护路径写入检测（#ARCH-MODEL-LIFECYCLE-001 P1 Layer 2）,active,pre-commit,0,0,0,0,17,0,0,0,921,6,17,
GATE-WORKTREE-REQUIRED,33,18,14,.pre-commit-config.yaml | data/databases/backups/depgraph_backup_20260814_aigit001_taskboard.sql | data/databases/backups/depgraph_backup_20260817_ai00close.sql | data/databases/backups/depgraph_backup_20260821_p06.sql | data/databases/backups/depgraph_backup_AI-DGR-001_20260817.sql | docs/01_policies_and_standards/_registry/catalogs/capability_canonical_file_registry.yaml | docs/01_policies_and_standards/_registry/catalogs/module_translation_registry.yaml | docs/02_enterprise_architecture/01_global_architecture_diagram/full_project_tree_en.md | docs/02_enterprise_architecture/01_global_architecture_diagram/full_project_tree_zh.md | docs/02_enterprise_architecture/02_domain_architecture_docs/54_d_gov_scripts.md | docs/02_enterprise_architecture/02_domain_architecture_docs/_zoomable_html/54_d_gov_scripts.html | scripts/governance/d11_compliance/validate_worktree_required.py | scripts/governance/script_manifest.yaml | tests/scripts/test_validate_worktree_required.py,有触发,GATE-WORKTREE-REQUIRED: 主工作区 commit 渐进式软门禁（#ARCH-GIT-SELF-HARM-GUARD L3.1）,active,pre-commit,0,0,0,0,33,0,0,0,1272,13,33,
GATE-ALGO-FLOW,18,18,69,".pre-commit-config.yaml | .trae/documents/_algo_flow_script_backup/check_algo_flow.py | data/databases/backups/depgraph_backup_20260814_aigit001_taskboard.sql | data/databases/backups/depgraph_backup_20260817_ai00close.sql | data/databases/backups/depgraph_backup_20260821_p06.sql | data/databases/backups/depgraph_backup_AI-DGR-001_20260817.sql | docs/01_policies_and_standards/_registry/catalogs/candidate_module_registry.yaml | docs/01_policies_and_standards/_registry/catalogs/capability_canonical_file_registry.yaml | docs/02_enterprise_architecture/03_governance_reports/candidate_modules/D_GOVERNANCE.md | docs/03_modules/_domain_backtest/algo_flow/ch_tick_replay.yaml | docs/03_modules/_domain_backtest/algo_flow/fw_backtest.yaml | docs/03_modules/_domain_compliance/algo_flow/checklist_evidence.yaml | docs/03_modules/_domain_data/algo_flow/data_governance/ch_tick_provider.yaml | docs/03_modules/_domain_frontend/algo_flow/services_registry.yaml | docs/03_modules/_domain_gov_enforcement/algo_flow/coordination_state_board.yaml | docs/03_modules/_domain_gov_enforcement/algo_flow/rule_bridge/gate_cache_preflight.yaml | docs/03_modules/_domain_pf_alloc/algo_flow/allocation_inputs.yaml | docs/03_modules/_domain_pf_alloc/algo_flow/allocation_orchestrator.yaml | docs/03_modules/_domain_signal_ashare/algo_flow/signal_history_writer.yaml | docs/03_modules/_domain_strategy_pipeline/algo_flow/lifecycle_fsm.yaml | logs/lane-land-code.md | scripts/governance/d5_architecture/checkers/check_algo_flow.py | src/zephyr/backtest/regime_validation/chart_condition_consumer.py | src/zephyr/ex_core/risk_layer_orchestrator.py | tmp/runtime_backups/runtime_handoffs_20260929_031839/handoffs/handoff_st-c7-resc-20260927.json | tmp/runtime_backups/runtime_handoffs_20260929_031839/handoffs/handoff_st-chief6-20260927.json | tmp/runtime_backups/runtime_handoffs_20260929_031839/handoffs/handoff_st-zcloseout-20260926.json | tmp/runtime_backups/runtime_handoffs_20260929_032232/handoffs/handoff_st-c7-resc-20260927.json | tmp/runtime_backups/runtime_handoffs_20260929_032232/handoffs/handoff_st-chief6-20260927.json | tmp/runtime_backups/runtime_handoffs_20260929_032232/handoffs/handoff_st-zcloseout-20260926.json | tmp/runtime_backups/runtime_handoffs_20260929_053410/handoffs/handoff_st-c7-resc-20260927.json | tmp/runtime_backups/runtime_handoffs_20260929_053410/handoffs/handoff_st-chief6-20260927.json | tmp/runtime_backups/runtime_handoffs_20260929_053410/handoffs/handoff_st-nightsweep-sw12-20260929.json | tmp/runtime_backups/runtime_handoffs_20260929_053410/handoffs/handoff_st-zcloseout-20260926.json | tmp/runtime_backups/runtime_handoffs_20260929_143706/handoffs/handoff_st-c7-resc-20260927.json | tmp/runtime_backups/runtime_handoffs_20260929_143706/handoffs/handoff_st-chief6-20260927.json | tmp/runtime_backups/runtime_handoffs_20260929_143706/handoffs/handoff_st-nightsweep-sw12-20260929.json | tmp/runtime_backups/runtime_handoffs_20260929_143706/handoffs/handoff_st-zc9-lane-s2-20260929.json | tmp/runtime_backups/runtime_handoffs_20260929_143706/handoffs/handoff_st-zcloseout-20260926.json | tmp/runtime_backups/runtime_handoffs_20260929_150313/handoffs/handoff_st-c7-resc-20260927.json ...(+29 more, full list in f3_consumer_detail.csv)",有触发,GATE-ALGO-FLOW: src/zephyr 模块必须含 ALGO_FLOW docstring 标记（§4.16）,active,pre-commit,0,0,0,0,18,0,0,0,0,69,18,
GATE-PYTEST-CONFIG-DRIFT,20,19,3,.pre-commit-config.yaml | docs/01_policies_and_standards/_registry/catalogs/ruling_registry.yaml | py.ini,有触发,GATE-PYTEST-CONFIG-DRIFT: pyproject 与 py.ini [pytest] 段双配置语义对齐（2026-09-15 外审遗留②）,active,pre-commit,0,0,0,0,20,0,0,0,0,3,20,
GATE-ARCH,0,0,108,".pre-commit-config.yaml | .trae/documents/P1-E3_NLP管道架构裁定与施工方案.md | .trae/documents/_arch_issue_full_backup.yaml | .trae/documents/algorithm_overview_architecture_decision.md | .trae/documents/backtest_observability_mlflow_plan.md | .trae/documents/battle_map_algorithm_field_autogen.md | .trae/documents/clone-guard-engine-verification-ruling.md | .trae/documents/clone-guard-phase-b-redup-and-phase-c.md | .trae/documents/cold_archive_implementation_plan.md | .trae/documents/module_id_deliverables_2_3_production_plan.md | .trae/documents/module_id_dual_track_governance_plan.md | .trae/documents/p1_agentrole_guardresult_convergence_and_di_seam_gate.md | .trae/documents/p1_batch4_execution.md | .trae/documents/p1_batches_2_3_4_execution.md | .trae/documents/p1_continuation_batch1_resume.md | .trae/documents/plan_battle_map_algorithm_field_autogen.md | .trae/documents/warn_to_hard_gate_finish_commit.md | .trae/documents/技术指标清单骨架先行施工计划.md | architecture_model/module_id_registry.yaml | data/databases/backups/depgraph_backup_20260721_220004.sql | data/databases/backups/depgraph_backup_20260814_aigit001_taskboard.sql | data/databases/backups/depgraph_backup_20260817_ai00close.sql | data/databases/backups/depgraph_backup_20260821_p06.sql | data/databases/backups/depgraph_backup_AI-DGR-001_20260817.sql | data/databases/governance_metadata/extraction_manifest.json | data/databases/governance_metadata/merge_plan.yaml | data/models/local_model/bge-m3/tokenizer.json | data/models/local_model/paraphrase-multilingual-MiniLM-L12-v2/tokenizer.json | docs/01_policies_and_standards/_registry/catalogs/architecture_issue_registry.yaml | docs/01_policies_and_standards/_registry/catalogs/capability_canonical_file_registry.yaml | docs/01_policies_and_standards/_registry/catalogs/experiment_registry.yaml | docs/01_policies_and_standards/_registry/catalogs/frontmatter_field_registry.yaml | docs/01_policies_and_standards/_registry/catalogs/ruling_registry.yaml | docs/01_policies_and_standards/_registry/catalogs/universe_registry.yaml | docs/01_policies_and_standards/rules/trae_013_arch_cross_package_dep.yaml | docs/01_policies_and_standards/rules/trae_028_doc_structure_naming.yaml | docs/01_policies_and_standards/rules/trae_036_arch_gate_transition.yaml | docs/01_policies_and_standards/rules/trae_071_temporary_file_lifecycle.yaml | docs/01_policies_and_standards/rules/trae_084_precommit_incremental_discipline.yaml | docs/01_policies_and_standards/sop/audit_prompts_20_ai.md ...(+68 more, full list in f3_consumer_detail.csv)",零触发,GATE-ARCH: 架构门禁（合并 01/02/03/06/07，全量架构检查）,active,manual,0,0,0,0,0,0,83,40,0,102,0,"仅审计流提及83次无结构化触发(提及非触发,灰区待判)"
GATE-NAMING,14,14,18,.pre-commit-config.yaml | .trae/documents/_arch_issue_full_backup.yaml | data/databases/backups/depgraph_backup_20260721_220004.sql | data/databases/backups/depgraph_backup_20260814_aigit001_taskboard.sql | data/databases/backups/depgraph_backup_20260817_ai00close.sql | data/databases/backups/depgraph_backup_20260821_p06.sql | data/databases/backups/depgraph_backup_AI-DGR-001_20260817.sql | docs/01_policies_and_standards/_registry/catalogs/architecture_issue_registry.yaml | docs/01_policies_and_standards/_registry/catalogs/capability_canonical_file_registry.yaml | docs/01_policies_and_standards/rules/trae_010_code_naming_organization.yaml | docs/01_policies_and_standards/rules/trae_028_doc_structure_naming.yaml | docs/01_policies_and_standards/rules/trae_084_precommit_incremental_discipline.yaml | docs/01_policies_and_standards/sop/governance_sop/agent_constitution_legacy_v1.md | docs/02_enterprise_architecture/04_architecture_principles_decisions/panorama/visualization_view_template.md | docs/03_modules/_cross_layer/audit_orchestrator/blueprint.md | scripts/lock_files.py | scripts/scaffold.py | tests/git/test_lock_files_ttl_mutex.py,有触发,GATE-NAMING: 命名增量守门（--check-new，只拦 staged 新增重名 #ARCH-PRECOMMIT-INCREMENTAL）,active,pre-commit,0,0,0,0,14,0,0,0,0,17,14,
GATE-NAMING-AUDIT,0,0,8,.pre-commit-config.yaml | .trae/documents/_arch_issue_full_backup.yaml | data/databases/backups/depgraph_backup_20260814_aigit001_taskboard.sql | data/databases/backups/depgraph_backup_20260817_ai00close.sql | data/databases/backups/depgraph_backup_20260821_p06.sql | data/databases/backups/depgraph_backup_AI-DGR-001_20260817.sql | docs/01_policies_and_standards/_registry/catalogs/capability_canonical_file_registry.yaml | docs/01_policies_and_standards/rules/trae_084_precommit_incremental_discipline.yaml,零触发,GATE-NAMING-AUDIT: 全仓命名审计+SSOT一致性（不阻断 #ARCH-PRECOMMIT-INCREMENTAL）,active,manual,0,0,0,0,0,0,0,0,0,8,0,
GATE-DOC-NODE-ID,14,14,19,.pre-commit-config.yaml | .trae/documents/_arch_issue_full_backup.yaml | data/databases/backups/depgraph_backup_20260814_aigit001_taskboard.sql | data/databases/backups/depgraph_backup_20260817_ai00close.sql | data/databases/backups/depgraph_backup_20260821_p06.sql | data/databases/backups/depgraph_backup_AI-DGR-001_20260817.sql | docs/01_policies_and_standards/_registry/catalogs/architecture_issue_registry.yaml | docs/01_policies_and_standards/_registry/catalogs/candidate_module_registry.yaml | docs/01_policies_and_standards/_registry/catalogs/capability_canonical_file_registry.yaml | docs/01_policies_and_standards/_registry/catalogs/in_process_gate_registry.yaml | docs/01_policies_and_standards/sop/governance_sop/agent_constitution_legacy_v1.md | docs/02_enterprise_architecture/01_global_architecture_diagram/full_project_tree_en.md | docs/02_enterprise_architecture/01_global_architecture_diagram/full_project_tree_zh.md | docs/02_enterprise_architecture/02_domain_architecture_docs/54_d_gov_scripts.md | scripts/governance/d3_metadata/check_doc_node_id_hardcode.py | scripts/governance/d3_metadata/validate_blueprint_provenance.py | scripts/governance/d5_architecture/generators/align_all.py | scripts/governance/script_manifest.yaml | src/zephyr/gov_enforcement/commit_gates/blueprint_node_id_hardcode_gate.py,有触发,GATE-DOC-NODE-ID: 文档物理ID硬编码检测（文档引用铁律）,active,pre-commit,0,0,0,0,14,0,0,0,0,19,14,
GATE-ID-UNIQ,14,14,17,.pre-commit-config.yaml | data/databases/backups/depgraph_backup_20260721_220004.sql | data/databases/backups/depgraph_backup_20260814_aigit001_taskboard.sql | data/databases/backups/depgraph_backup_20260817_ai00close.sql | data/databases/backups/depgraph_backup_20260821_p06.sql | data/databases/backups/depgraph_backup_AI-DGR-001_20260817.sql | docs/01_policies_and_standards/_registry/catalogs/capability_canonical_file_registry.yaml | docs/01_policies_and_standards/sop/governance_sop/agent_constitution_legacy_v1.md | docs/02_enterprise_architecture/02_domain_architecture_docs/54_d_gov_scripts.md | docs/03_modules/_domain_gov_enforcement/algo_flow/commit_gates/i/id_uniqueness_gate.yaml | scripts/governance/d5_architecture/checkers/check_precommit_id_uniqueness.py | scripts/governance/d8_doc_sync/algo_flow_reverse_orphan_reconciler.py | scripts/governance/meta/rules_integrity_db.json | scripts/governance/meta/validate_rules_integrity.py | scripts/governance/script_manifest.yaml | scripts/script-manifest.yaml | src/zephyr/governance/audit/reconciliation_registry.py,有触发,GATE-ID-UNIQ: pre-commit hook id 唯一性,active,pre-commit,0,0,0,0,14,0,0,0,0,17,14,
GATE-INTEGRITY,14,14,21,.pre-commit-config.yaml | data/databases/backups/depgraph_backup_20260721_220004.sql | data/databases/backups/depgraph_backup_20260814_aigit001_taskboard.sql | data/databases/backups/depgraph_backup_20260817_ai00close.sql | data/databases/backups/depgraph_backup_20260821_p06.sql | data/databases/backups/depgraph_backup_AI-DGR-001_20260817.sql | docs/01_policies_and_standards/_registry/catalogs/candidate_module_registry.yaml | docs/02_enterprise_architecture/02_domain_architecture_docs/47_d_governance.md | docs/02_enterprise_architecture/03_governance_reports/candidate_modules/D_GOVERNANCE.md | docs/02_enterprise_architecture/03_governance_reports/candidate_modules/index.md | docs/03_modules/_domain_autonomy_core/agent_role_based_access_control/blueprint.md | scripts/governance/_archive/prototype/adversarial_sys_master_test.py | scripts/governance/d11_compliance/ci_self_check.py | scripts/governance/gateway_post_commit_ritual.py | scripts/governance/meta/validate_rules_integrity.py | scripts/governance/meta_question/wo006/recompute_pq0064.py | scripts/governance/meta_question/wo009/recheck_pq0072_violation.py | scripts/governance/script_manifest.yaml | src/zephyr/gov_enforcement/rule_bridge/git_commit_gateway.py | src/zephyr/gov_enforcement/rule_enforcement/gate_engine/gate_integrity_guard.py | src/zephyr/governance/audit/reconciliation_registry.py,有触发,GATE-INTEGRITY: 规则文件完整性 golden hash 校验（C 层兜底）,active,pre-commit,0,0,0,0,14,0,0,0,0,21,14,
GATE-12,14,14,5354,".github/workflows/commit_message_guard.yml | .github/workflows/dedup-test.yml | .github/workflows/governance.yml | .github/workflows/lsg_security_gate.yml | .github/workflows/red-blue-validator.yml | .import_linter_cache/6c751d98f3de1d748d53476362fb195271fd53f5.data.json | .openclaw-attachments/20260914-150801-204e5e79-304-pasted_text_20260914-150801.txt | .openclaw-attachments/20260914-151749-0fcb49b2-bc2-pasted_text_20260914-151749.txt | .openclaw-attachments/20260914-192355-89492f1c-1a6-pasted_text_20260914-192355.txt | .openclaw-attachments/20260914-192440-9cfb5ee4-dc0-pasted_text_20260914-192440.txt | .openclaw-attachments/20260914-222449-a8101d0b-a15-pasted_text_20260914-222449.txt | .openclaw-attachments/20260914-230850-9295947f-009-pasted_text_20260914-230850.txt | .openclaw-attachments/20260914-230948-a417fffe-12b-pasted_text_20260914-230948.txt | .openclaw-attachments/20260915-110513-ad687541-059-pasted_text_20260915-110513.txt | .pre-commit-config.yaml | .roo/rules/project_rules.md | .trae/documents/P3_followup_todos_completion_plan.md | .trae/documents/P3_followup_todos_final_completion.md | .trae/documents/P3_leftover_todos_strategic_ruling_and_treatment_plan.md | .trae/documents/P3_merge_conflict_resolution.md | .trae/documents/P3_phase_a_final_completion_plan.md | .trae/documents/P3_phase_a_residual_completion_plan.md | .trae/documents/P8_architecture_cure_research_and_plan.md | .trae/documents/P8_remaining_stages_execution_plan.md | .trae/documents/_arch_issue_full_backup.yaml | .trae/documents/_redo_commit.py | .trae/documents/_zoomable_html/regime_detector_drilldown_sample.html | .trae/documents/adjudication_208_stage_d_renumber_map.md | .trae/documents/algo_flow_calibrated/MOD-DAT-fred_ingest.txt | .trae/documents/algo_flow_calibrated/MOD-INF-005.txt | .trae/documents/algo_flow_calibrated/MOD-POS-017.txt | .trae/documents/algo_flow_calibrated/MOD-REGIME-002.txt | .trae/documents/algo_flow_calibrated/MOD-REGIME-005.txt | .trae/documents/algo_flow_calibrated/MOD-SIG-033.txt | .trae/documents/algo_flow_calibrated/PLACEHOLDER-EXCORE-002.txt | .trae/documents/algo_flow_calibrated/__unmanaged__src__zephyr__factor__technical_indicators__momentum.py.txt | .trae/documents/algo_flow_calibrated/__unmanaged__src__zephyr__factor__technical_indicators__reversal.py.txt | .trae/documents/algo_flow_calibrated/__unmanaged__src__zephyr__factor__technical_indicators__trend.py.txt | .trae/documents/algo_flow_calibrated/__unmanaged__src__zephyr__governance__escalation____init__.py.txt | .trae/documents/algo_flow_calibrated/__unmanaged__src__zephyr__governance__intelligence_governance____init__.py.txt ...(+5314 more, full list in f3_consumer_detail.csv)",有触发,GATE-12: 蓝图真源准入门禁（Wave 0 V-12）,active,pre-commit,0,0,0,0,14,0,15818,8820,0,4776,14,
GATE-TRIPLE-ALIGN,14,14,7,.pre-commit-config.yaml | data/databases/backups/depgraph_backup_20260721_220004.sql | data/databases/backups/depgraph_backup_20260814_aigit001_taskboard.sql | data/databases/backups/depgraph_backup_20260817_ai00close.sql | data/databases/backups/depgraph_backup_20260821_p06.sql | data/databases/backups/depgraph_backup_AI-DGR-001_20260817.sql | docs/01_policies_and_standards/_registry/catalogs/candidate_module_registry.yaml,有触发,GATE-TRIPLE-ALIGN: 蓝图↔代码↔依赖图三方对齐门禁,active,pre-commit,0,0,0,0,14,0,0,0,0,7,14,
GATE-FRONTMATTER,14,14,17,.pre-commit-config.yaml | data/databases/backups/depgraph_backup_20260721_220004.sql | data/databases/backups/depgraph_backup_20260814_aigit001_taskboard.sql | data/databases/backups/depgraph_backup_20260817_ai00close.sql | data/databases/backups/depgraph_backup_20260821_p06.sql | data/databases/backups/depgraph_backup_AI-DGR-001_20260817.sql | docs/01_policies_and_standards/_registry/catalogs/architecture_issue_registry.yaml | docs/01_policies_and_standards/_registry/catalogs/candidate_module_registry.yaml | docs/01_policies_and_standards/_registry/catalogs/capability_canonical_file_registry.yaml | docs/01_policies_and_standards/rules/trae_030_doc_numbering_metadata.yaml | docs/01_policies_and_standards/rules/trae_042_meta_rule_standard.yaml | docs/01_policies_and_standards/rules/trae_044_compliance_audit.yaml | docs/01_policies_and_standards/rules/trae_084_precommit_incremental_discipline.yaml | docs/01_policies_and_standards/sop/governance_sop/agent_constitution_legacy_v1.md | docs/02_enterprise_architecture/02_domain_architecture_docs/47_d_governance.md | scripts/_archive/governance/d3_metadata/validate_frontmatter_values.py | scripts/script-manifest.yaml,有触发,GATE-FRONTMATTER: 文档前置元数据增量守门（ttl+doc_type，#ARCH-PRECOMMIT-INCREMENTAL）,active,pre-commit,0,0,0,0,14,0,0,0,0,17,14,
GATE-FRONTMATTER-AUDIT,0,0,7,.pre-commit-config.yaml | data/databases/backups/depgraph_backup_20260814_aigit001_taskboard.sql | data/databases/backups/depgraph_backup_20260817_ai00close.sql | data/databases/backups/depgraph_backup_20260821_p06.sql | data/databases/backups/depgraph_backup_AI-DGR-001_20260817.sql | docs/01_policies_and_standards/_registry/catalogs/capability_canonical_file_registry.yaml | docs/01_policies_and_standards/rules/trae_084_precommit_incremental_discipline.yaml,零触发,GATE-FRONTMATTER-AUDIT: 全仓 frontmatter 审计（规则FM+SSoT+断链，不阻断 #ARCH-PRECOMMIT-INCRE,active,manual,0,0,0,0,0,0,0,0,0,7,0,
GATE-VOCAB,863,415,81,".pre-commit-config.yaml | .trae/rules/project_rules.md | .workbuddy/memory/2026-10-03.md | config/dev_delivery_map.yaml | config/governance/noqa_exempt_registry.yaml | data/databases/backups/depgraph_backup_20260721_220004.sql | data/databases/backups/depgraph_backup_20260814_aigit001_taskboard.sql | data/databases/backups/depgraph_backup_20260817_ai00close.sql | data/databases/backups/depgraph_backup_20260821_p06.sql | data/databases/backups/depgraph_backup_AI-DGR-001_20260817.sql | docs/01_policies_and_standards/_registry/catalogs/candidate_module_registry.yaml | docs/01_policies_and_standards/_registry/catalogs/capability_canonical_file_registry.yaml | docs/01_policies_and_standards/_registry/catalogs/fail_open_register.yaml | docs/01_policies_and_standards/_registry/catalogs/in_process_gate_registry.yaml | docs/01_policies_and_standards/_registry/catalogs/module_translation_registry.yaml | docs/01_policies_and_standards/_registry/catalogs/noqa_exempt_registry.yaml | docs/01_policies_and_standards/_registry/catalogs/ruling_registry.yaml | docs/01_policies_and_standards/_registry/reports/gate_face_reconciliation.md | docs/01_policies_and_standards/_registry/reports/gate_face_reconciliation.yaml | docs/01_policies_and_standards/rules/trae_060_inward_consolidation.yaml | docs/01_policies_and_standards/sop/governance_sop/agent_constitution_legacy_v1.md | docs/01_policies_and_standards/sop/governance_sop/commit_guide_sources/file_type_checklists_registry.yaml | docs/01_policies_and_standards/sop/governance_sop/commit_guide_sources/gate_digest_registry.yaml | docs/01_policies_and_standards/sop/governance_sop/commit_navigation_playbook.md | docs/02_enterprise_architecture/01_global_architecture_diagram/full_project_tree_en.md | docs/02_enterprise_architecture/01_global_architecture_diagram/full_project_tree_zh.md | docs/02_enterprise_architecture/02_domain_architecture_docs/47_d_governance.md | docs/02_enterprise_architecture/02_domain_architecture_docs/51_d_gov_enforcement.md | docs/02_enterprise_architecture/02_domain_architecture_docs/54_d_gov_scripts.md | docs/02_enterprise_architecture/02_domain_architecture_docs/_zoomable_html/54_d_gov_scripts.html | docs/02_enterprise_architecture/08_algorithm_overview/system_foundation.md | docs/_archive/architecture_debt_registry_v2.md | logs/lane-land-code.md | scripts/governance/apply_depgraph.py | scripts/governance/check_meta_question_status_band.py | scripts/governance/d3_metadata/check_vocab_hardcode.py | scripts/governance/d3_metadata/generate_derived_files.py | scripts/governance/d5_architecture/generators/generate_dev_delivery_map.py | scripts/governance/d5_architecture/generators/generate_trading_day_cycle_map.py | scripts/governance/dead_letter_doctor.py ...(+41 more, full list in f3_consumer_detail.csv)",有触发,GATE-VOCAB: 词表门禁合并（GATE-VOCAB-HARDCODE + GATE-GENERATE）,active,pre-commit,833,8,16,0,14,0,4473,2999,0,73,863,
GATE-16,19,19,2806,".github/workflows/deploy.yml | .github/workflows/governance.yml | .github/workflows/red-blue-validator.yml | .import_linter_cache/6c751d98f3de1d748d53476362fb195271fd53f5.data.json | .openclaw-attachments/20260914-150801-204e5e79-304-pasted_text_20260914-150801.txt | .openclaw-attachments/20260914-230352-0a22a1bb-246-pasted_text_20260914-230352.txt | .pre-commit-config.yaml | .trae/documents/P1-E3_NLP管道架构裁定与施工方案.md | .trae/documents/P3_followup_todos_completion_plan.md | .trae/documents/P3_phase_a_final_completion_plan.md | .trae/documents/P3_phase_a_residual_completion_plan.md | .trae/documents/_algo_flow_script_backup/algo_flow_translation_sync.py | .trae/documents/_algo_flow_script_backup/algo_flow_validate_marker.py | .trae/documents/_algo_flow_script_backup/check_algo_flow.py | .trae/documents/_algo_flow_script_backup/code_algorithm_extractor.py | .trae/documents/_algo_flow_script_backup/generate_module_algorithm_overview.py | .trae/documents/_arch_issue_full_backup.yaml | .trae/documents/_zoomable_html/regime_detector_drilldown_sample.html | .trae/documents/adjudication_208_stage_c_renumber_map.md | .trae/documents/adjudication_208_stage_d_renumber_map.md | .trae/documents/algo_flow_calibrated/MOD-BT-020.txt | .trae/documents/algo_flow_calibrated/MOD-GOV_ERROR_PATTERN_CONSUMER.txt | .trae/documents/algo_flow_calibrated/MOD-GOV_SECURITY_GOVERNANCE.txt | .trae/documents/algo_flow_calibrated/MOD-MKT-006.txt | .trae/documents/algo_flow_calibrated/__unmanaged__src__zephyr__risk__core__var_backtester.py.txt | .trae/documents/algorithm_map_rollout_plan.md | .trae/documents/algorithm_overview_drilldown_sample.md | .trae/documents/audit_registration_technical_debt_remediation_plan.md | .trae/documents/battle_map_gap_fill_plan.md | .trae/documents/battle_map_new_stages_lifecycle_expansion.md | .trae/documents/capability-lookup-bypass-reapply-plan.md | .trae/documents/capability-lookup-bypass-remaining-implementation.md | .trae/documents/capability-lookup-bypass-root-cause-fix.md | .trae/documents/capability-lookup-test-adaptation-plan.md | .trae/documents/cicd-shadow-canary-infra-ex021.md | .trae/documents/commit_remaining_red_blue_trigger_files.md | .trae/documents/decision_diagram_generator_template_upgrade.md | .trae/documents/depgraph_commit_and_foreign_change_gate_治本.md | .trae/documents/enrich_battle_map_04_simulation_validation.md | .trae/documents/enrich_research_incubation_battle_map.md ...(+2766 more, full list in f3_consumer_detail.csv)",有触发,GATE-16: 架构合规校验（architecture-contract machine_check 引擎）,active,pre-commit,0,0,0,0,19,0,11680,4249,0,2544,19,
GATE-17,3,3,3016,".github/workflows/governance.yml | .import_linter_cache/6c751d98f3de1d748d53476362fb195271fd53f5.data.json | .openclaw-attachments/20260914-222449-a8101d0b-a15-pasted_text_20260914-222449.txt | .openclaw-attachments/20260914-230850-9295947f-009-pasted_text_20260914-230850.txt | .pre-commit-config.yaml | .trae/documents/P3_closure_gate_fixes.md | .trae/documents/P3_followup_todos_final_completion.md | .trae/documents/P3_followup_todos_root_cause_plan.md | .trae/documents/P8_architecture_cure_research_and_plan.md | .trae/documents/_arch_issue_full_backup.yaml | .trae/documents/_zoomable_html/regime_detector_drilldown_sample.html | .trae/documents/algo_flow_calibrated/MOD-INF-029.txt | .trae/documents/anti_hallucination_reinforcement_research_and_ruling.md | .trae/documents/audit_registration_closeout_final.md | .trae/documents/audit_registration_techdebt_remediation.md | .trae/documents/audit_registration_technical_debt_remediation_plan.md | .trae/documents/battle-map-orphan-module-detection.md | .trae/documents/dataflow_architecture_v13_template_upgrade.md | .trae/documents/depgraph_commit_and_foreign_change_gate_治本.md | .trae/documents/enrich_battle_map_04_simulation_validation.md | .trae/documents/enrich_risk_control_battle_map_nesting.md | .trae/documents/enrich_stock_selection_battle_map_nesting.md | .trae/documents/kbg_system_removal_completion_report.md | .trae/documents/merge_arch_docs_construction_plan.md | .trae/documents/module_id_dual_track_governance_plan.md | .trae/documents/ops_2644_doc_errata_resume.md | .trae/documents/p1_continuation_batch1_resume.md | .trae/documents/phase2c_infra_build_plan.md | .trae/documents/regime_detector_drilldown_sample.md | .trae/documents/sell_flow_battle_map_enrich_extend_plan.md | .trae/documents/stage_d_semantic_classification.md | .trae/documents/systemic_drift_governance_root_cure_plan.md | .trae/documents/ttl_doctype_reclassification_plan.md | .trae/documents/ttl_task_bound_extension_plan.md | .trae/documents/upgrade_decision_architecture_to_v1.3.md | .trae/documents/wave3_anti_hallucination_blindspot_sealing.md | .trae/documents/wave3_remaining_execution_plan.md | .trae/documents/wave3_task19_20_blueprint_commit_plan.md | .trae/documents/wave3_test_blueprint_commit_plan.md | .trae/documents/技术指标清单骨架先行施工计划.md ...(+2976 more, full list in f3_consumer_detail.csv)",有触发,GATE-17: 孤儿.py文件检测（§9 根目录零.py）,active,pre-commit,0,0,0,0,3,0,16877,7506,0,2892,3,
GATE-NESTED-FLAT-PREFIX,2,2,11,.pre-commit-config.yaml | .trae/documents/_arch_issue_full_backup.yaml | data/databases/backups/depgraph_backup_20260721_220004.sql | data/databases/backups/depgraph_backup_20260814_aigit001_taskboard.sql | data/databases/backups/depgraph_backup_20260817_ai00close.sql | data/databases/backups/depgraph_backup_20260821_p06.sql | data/databases/backups/depgraph_backup_AI-DGR-001_20260817.sql | docs/01_policies_and_standards/_registry/catalogs/architecture_issue_registry.yaml | docs/01_policies_and_standards/rules/trae_028_doc_structure_naming.yaml | docs/01_policies_and_standards/sop/governance_sop/agent_constitution_legacy_v1.md | src/zephyr/gov_enforcement/commit_gates/folder_capacity_hard_limit_gate.py,有触发,GATE-NESTED-FLAT-PREFIX: 目录平铺容量+前缀簇合规（GOV-DOC-018 ARCH-043 Risk 2-B）,active,pre-commit,0,0,0,0,2,0,0,0,0,11,2,
GATE-SRC-NO-DATA,2,2,12,.pre-commit-config.yaml | data/databases/backups/depgraph_backup_20260721_220004.sql | data/databases/backups/depgraph_backup_20260814_aigit001_taskboard.sql | data/databases/backups/depgraph_backup_20260817_ai00close.sql | data/databases/backups/depgraph_backup_20260821_p06.sql | data/databases/backups/depgraph_backup_AI-DGR-001_20260817.sql | docs/01_policies_and_standards/_registry/catalogs/ruling_registry.yaml | docs/02_enterprise_architecture/02_domain_architecture_docs/30_d_arch_scripts.md | docs/02_enterprise_architecture/02_domain_architecture_docs/54_d_gov_scripts.md | scripts/governance/d5_architecture/checkers/check_src_no_data.py | scripts/governance/d5_architecture/checkers/check_vms_ssot.py | scripts/governance/run_fulltree_gate_audit.py,有触发,GATE-SRC-NO-DATA: src/ 下禁止 data/ 子目录（数据真源唯一 data/）,active,pre-commit,0,0,0,0,2,0,0,0,0,12,2,
GATE-DIRECTORY-CONTRACT,2,2,21,.pre-commit-config.yaml | .trae/documents/_arch_issue_full_backup.yaml | data/databases/backups/depgraph_backup_20260721_220004.sql | data/databases/backups/depgraph_backup_20260814_aigit001_taskboard.sql | data/databases/backups/depgraph_backup_20260817_ai00close.sql | data/databases/backups/depgraph_backup_20260821_p06.sql | data/databases/backups/depgraph_backup_AI-DGR-001_20260817.sql | docs/01_policies_and_standards/_registry/catalogs/architecture_issue_registry.yaml | docs/01_policies_and_standards/_registry/catalogs/capability_canonical_file_registry.yaml | docs/01_policies_and_standards/_registry/contracts/directory_contract.yaml | docs/01_policies_and_standards/rules/trae_047_engineering_file_header.yaml | docs/01_policies_and_standards/rules/trae_070_temporary_file_placement.yaml | docs/01_policies_and_standards/sop/construction_sop/construction_workflow_policy.md | docs/01_policies_and_standards/sop/governance_sop/agent_constitution_legacy_v1.md | docs/02_enterprise_architecture/01_global_architecture_diagram/full_project_tree_en.md | docs/02_enterprise_architecture/01_global_architecture_diagram/full_project_tree_zh.md | docs/02_enterprise_architecture/02_domain_architecture_docs/54_d_gov_scripts.md | scripts/governance/d1_structure/check_directory_contract.py | scripts/governance/run_fulltree_gate_audit.py | scripts/governance/script_manifest.yaml | tests/infrastructure/test_resource_schedule_e2e.py,有触发,GATE-DIRECTORY-CONTRACT: 目录契约校验（DCR-001~008，真源 directory_contract.yaml）,active,pre-commit,0,0,0,0,2,0,1704,905,2226,20,2,
GATE-VMS-SSOT,2,2,14,.pre-commit-config.yaml | data/databases/backups/depgraph_backup_20260721_220004.sql | data/databases/backups/depgraph_backup_20260814_aigit001_taskboard.sql | data/databases/backups/depgraph_backup_20260817_ai00close.sql | data/databases/backups/depgraph_backup_20260821_p06.sql | data/databases/backups/depgraph_backup_AI-DGR-001_20260817.sql | docs/01_policies_and_standards/_registry/catalogs/capability_canonical_file_registry.yaml | docs/01_policies_and_standards/_registry/catalogs/ruling_registry.yaml | docs/01_policies_and_standards/sop/governance_sop/agent_constitution_legacy_v1.md | docs/02_enterprise_architecture/02_domain_architecture_docs/54_d_gov_scripts.md | docs/03_modules/_domain_infrastructure_operations/disaster_recovery_backup/blueprint.md | scripts/governance/d5_architecture/checkers/check_vms_ssot.py | scripts/governance/run_fulltree_gate_audit.py | scripts/governance/script_manifest.yaml,有触发,GATE-VMS-SSOT: VMS 单一真源门禁（governance/vector_memory 防复发 + snapshot 方法重建 防复发）,active,pre-commit,0,0,0,0,2,0,0,0,0,14,2,
GATE-SCHEMA-TRUTH,2,2,7,.pre-commit-config.yaml | data/databases/backups/depgraph_backup_20260814_aigit001_taskboard.sql | data/databases/backups/depgraph_backup_20260817_ai00close.sql | data/databases/backups/depgraph_backup_20260821_p06.sql | data/databases/backups/depgraph_backup_AI-DGR-001_20260817.sql | docs/01_policies_and_standards/_registry/catalogs/architecture_issue_registry.yaml | scripts/ch/verify_schema_truth.py,有触发,GATE-SCHEMA-TRUTH: DDL-as-Code 真源 vs ClickHouse 漂移阻断（#ARCH-CH-025）,active,pre-commit,0,0,0,0,2,0,0,0,0,7,2,
GATE-SYMBOL-CONVENTION,2,2,12,.pre-commit-config.yaml | .trae/documents/_arch_issue_full_backup.yaml | data/databases/backups/depgraph_backup_20260814_aigit001_taskboard.sql | data/databases/backups/depgraph_backup_20260817_ai00close.sql | data/databases/backups/depgraph_backup_20260821_p06.sql | data/databases/backups/depgraph_backup_AI-DGR-001_20260817.sql | docs/01_policies_and_standards/_registry/catalogs/architecture_issue_registry.yaml | docs/01_policies_and_standards/rules/trae_082_symbol_convention.yaml | docs/02_enterprise_architecture/01_global_architecture_diagram/full_project_tree_en.md | docs/02_enterprise_architecture/01_global_architecture_diagram/full_project_tree_zh.md | docs/02_enterprise_architecture/02_domain_architecture_docs/10_d_data.md | scripts/ch/lint_symbol_convention.py,有触发,GATE-SYMBOL-CONVENTION: Symbol 约定 lint（TRAE-082 #ARCH-DATA-SYMBOL-002）,active,pre-commit,0,0,0,0,2,0,0,0,0,12,2,
GATE-ZR,2,2,20,.pre-commit-config.yaml | .trae/documents/module_id_deliverables_2_3_production_plan.md | .trae/documents/parallel_session_drift_root_cause_remediation.md | data/backups/depgraph_pre_variant_patch_20260629_174218.sql | data/databases/backups/depgraph_backup_20260721_220004.sql | data/databases/backups/depgraph_backup_20260814_aigit001_taskboard.sql | data/databases/backups/depgraph_backup_20260817_ai00close.sql | data/databases/backups/depgraph_backup_20260821_p06.sql | data/databases/backups/depgraph_backup_AI-DGR-001_20260817.sql | docs/01_policies_and_standards/_registry/catalogs/ai_risk_register.yaml | docs/01_policies_and_standards/sop/governance_sop/agent_constitution_legacy_v1.md | models/qwen25-7b-sft-v1/checkpoint-800/tokenizer.json | models/qwen25-7b-sft-v1/checkpoint-800/vocab.json | models/qwen25-7b-sft-v1/checkpoint-801/tokenizer.json | models/qwen25-7b-sft-v1/checkpoint-801/vocab.json | models/qwen25-7b-sft-v1/tokenizer.json | models/qwen25-7b-sft-v1/vocab.json | scripts/governance/generators/generate_gate_registry.py | tests/git/test_precommit_debt_ratchet.py | tests/governance/generators/test_generate_gate_registry.py,有触发,GATE-ZR: 零残留强制门禁（IRN-011）,active,pre-commit,0,0,0,0,2,0,0,0,0,18,2,
GATE-SSOT-CODE,2,2,13,.pre-commit-config.yaml | data/databases/backups/depgraph_backup_20260721_220004.sql | data/databases/backups/depgraph_backup_20260814_aigit001_taskboard.sql | data/databases/backups/depgraph_backup_20260817_ai00close.sql | data/databases/backups/depgraph_backup_20260821_p06.sql | data/databases/backups/depgraph_backup_AI-DGR-001_20260817.sql | docs/01_policies_and_standards/_registry/catalogs/module_translation_registry.yaml | docs/01_policies_and_standards/rules/trae_062_ssot_classification.yaml | docs/01_policies_and_standards/sop/governance_sop/agent_constitution_legacy_v1.md | docs/02_enterprise_architecture/02_domain_architecture_docs/18_d_gov_code_quality.md | docs/02_enterprise_architecture/02_domain_architecture_docs/_zoomable_html/18_d_gov_code_quality.html | scripts/governance/run_fulltree_gate_audit.py | src/zephyr/gov_enforcement/commit_gates/pure_shim_gate.py,有触发,GATE-SSOT-CODE: 代码 SSoT 合并门禁（GATE-SSOT/SINGLESOURCE/NO-PURE-SHIM 三合一）,active,pre-commit,0,0,0,0,2,0,0,0,0,13,2,
GATE-TEST,3,3,76,".pre-commit-config.yaml | .trae/documents/integrate_bm_sim07_test_to_cicd.md | data/databases/backups/depgraph_backup_20260721_220004.sql | data/databases/backups/depgraph_backup_20260814_aigit001_taskboard.sql | data/databases/backups/depgraph_backup_20260817_ai00close.sql | data/databases/backups/depgraph_backup_20260821_p06.sql | data/databases/backups/depgraph_backup_AI-DGR-001_20260817.sql | docs/01_policies_and_standards/_registry/catalogs/chart_pattern_registry.yaml | docs/03_modules/_domain_infrastructure_operations/asset_inventory/blueprint.md | models/qwen25-7b-sft-v1/checkpoint-800/merges.txt | models/qwen25-7b-sft-v1/checkpoint-800/tokenizer.json | models/qwen25-7b-sft-v1/checkpoint-800/vocab.json | models/qwen25-7b-sft-v1/checkpoint-801/merges.txt | models/qwen25-7b-sft-v1/checkpoint-801/tokenizer.json | models/qwen25-7b-sft-v1/checkpoint-801/vocab.json | models/qwen25-7b-sft-v1/merges.txt | models/qwen25-7b-sft-v1/tokenizer.json | models/qwen25-7b-sft-v1/vocab.json | scripts/ai_layer/apply_ai_heritage_ddl.py | scripts/governance/wave2/lane_inventory.py | src/zephyr/gov_audit/audit_trace_graph_builder.py | src/zephyr/governance/persistence/intent_keyword_mapper.py | src/zephyr/governance/persistence/intent_parser.py | src/zephyr/governance/persistence/task_repo.py | src/zephyr/infrastructure/asset_inventory/classifier.py | src/zephyr/infrastructure/asset_inventory/lifecycle.py | src/zephyr/infrastructure/asset_inventory/models.py | src/zephyr/shared/api/shared_quickref.yaml | src/zephyr/shared/foundation/env.py | tests/asset_inventory/test_asset_inventory.py | tests/asset_inventory/test_classifier_asset_inventory.py | tests/autonomy/test_domain_decay_config.py | tests/backtest/test_bridge_execute.py | tests/backtest/test_sim_daily_runner.py | tests/backtest/test_sim_plan_execute_risk_gate.py | tests/cross/test_ocp_extension_points_cross_module.py | tests/data/test_sector_state_pipeline.py | tests/db/test_db_auto_ops.py | tests/db/test_db_integration.py | tests/db/test_db_red_blue.py ...(+36 more, full list in f3_consumer_detail.csv)",有触发,GATE-TEST: 测试门禁合并（GATE-18 staged收集 + GATE-19 结构）,active,pre-commit,0,0,0,0,3,0,0,0,0,29,3,
GATE-TEST-SYMBOL,4,4,2,.pre-commit-config.yaml | scripts/governance/check_test_symbol_validity.py,有触发,GATE-TEST-SYMBOL: 孤儿测试符号检测（CAND-GATEMECH-007）,active,pre-commit,0,0,0,0,4,0,0,0,0,2,4,
GATE-ERRCODE,5,5,13,.pre-commit-config.yaml | architecture_model/contracts/error_code_registry.yaml | data/databases/backups/depgraph_backup_20260821_p06.sql | docs/01_policies_and_standards/_registry/catalogs/architecture_issue_registry.yaml | docs/01_policies_and_standards/_registry/catalogs/in_process_gate_registry.yaml | docs/01_policies_and_standards/_registry/catalogs/ruling_registry.yaml | docs/02_enterprise_architecture/02_domain_architecture_docs/18_d_gov_code_quality.md | docs/02_enterprise_architecture/02_domain_architecture_docs/47_d_governance.md | docs/03_modules/_domain_portfolio_alloc/regime_meta_allocator/blueprint.md | docs/_archive/2026-08-21-errorcode-stability-adjudication.md | scripts/governance/d1_structure/validate_config_integrity.py | src/zephyr/gov_enforcement/commit_gates/errcode_consistency_gate.py | tests/governance/test_error_code_consistency.py,有触发,GATE-ERRCODE: error_code 注册表↔代码双向对账（#ARCH-ERRCODE-001）,active,pre-commit,0,0,0,0,5,0,0,0,0,12,5,
GATE-REG-BL,4,4,97,".pre-commit-config.yaml | .trae/documents/parallel_session_drift_root_cause_remediation.md | .trae/documents/systemic_drift_governance_root_cure_plan.md | .trae/documents/systemic_drift_root_cure_continuation_plan.md | .trae/documents/systemic_drift_root_cure_resume_p2t3.md | .trae/documents/wave3_anti_hallucination_blindspot_sealing.md | .trae/documents/wave3_remaining_execution_plan.md | data/databases/backups/depgraph_backup_20260721_220004.sql | data/databases/backups/depgraph_backup_20260814_aigit001_taskboard.sql | data/databases/backups/depgraph_backup_20260817_ai00close.sql | data/databases/backups/depgraph_backup_20260821_p06.sql | data/databases/backups/depgraph_backup_AI-DGR-001_20260817.sql | docs/01_policies_and_standards/rules/trae_021_behavior_other_prohibition.yaml | docs/02_enterprise_architecture/02_domain_architecture_docs/54_d_gov_scripts.md | scripts/governance/d1_structure/generate_missing_index_md.py | scripts/governance/d1_structure/sync_policies_index.py | scripts/governance/script_manifest.yaml | scripts/script-manifest.yaml | src/zephyr/governance/audit/reconciliation_registry.py | tmp/runtime_backups/runtime_handoffs_20260929_031839/reconcile_reports/baseline_aware_1790353587.json | tmp/runtime_backups/runtime_handoffs_20260929_031839/reconcile_reports/baseline_aware_1790459496.json | tmp/runtime_backups/runtime_handoffs_20260929_031839/reconcile_reports/baseline_aware_1790467608.json | tmp/runtime_backups/runtime_handoffs_20260929_031839/reconcile_reports/baseline_aware_1790621868.json | tmp/runtime_backups/runtime_handoffs_20260929_032232/reconcile_reports/baseline_aware_1790353587.json | tmp/runtime_backups/runtime_handoffs_20260929_032232/reconcile_reports/baseline_aware_1790459496.json | tmp/runtime_backups/runtime_handoffs_20260929_032232/reconcile_reports/baseline_aware_1790467608.json | tmp/runtime_backups/runtime_handoffs_20260929_032232/reconcile_reports/baseline_aware_1790621868.json | tmp/runtime_backups/runtime_handoffs_20260929_053410/reconcile_reports/baseline_aware_1790353587.json | tmp/runtime_backups/runtime_handoffs_20260929_053410/reconcile_reports/baseline_aware_1790459496.json | tmp/runtime_backups/runtime_handoffs_20260929_053410/reconcile_reports/baseline_aware_1790467608.json | tmp/runtime_backups/runtime_handoffs_20260929_053410/reconcile_reports/baseline_aware_1790621868.json | tmp/runtime_backups/runtime_handoffs_20260929_143706/reconcile_reports/baseline_aware_1790353587.json | tmp/runtime_backups/runtime_handoffs_20260929_143706/reconcile_reports/baseline_aware_1790459496.json | tmp/runtime_backups/runtime_handoffs_20260929_143706/reconcile_reports/baseline_aware_1790467608.json | tmp/runtime_backups/runtime_handoffs_20260929_143706/reconcile_reports/baseline_aware_1790621868.json | tmp/runtime_backups/runtime_handoffs_20260929_143706/reconcile_reports/baseline_aware_1790668121.json | tmp/runtime_backups/runtime_handoffs_20260929_143706/reconcile_reports/baseline_aware_1790669064.json | tmp/runtime_backups/runtime_handoffs_20260929_143706/reconcile_reports/baseline_aware_1790675839.json | tmp/runtime_backups/runtime_handoffs_20260929_143706/reconcile_reports/baseline_aware_1790688440.json | tmp/runtime_backups/runtime_handoffs_20260929_150313/reconcile_reports/baseline_aware_1790353587.json ...(+57 more, full list in f3_consumer_detail.csv)",有触发,GATE-REG-BL: 注册基线合并门禁（GATE-REG-BL + GATE-IDX）,active,pre-commit,0,0,0,0,4,0,0,0,0,97,4,
GATE-BP-PLACE,0,0,9,.pre-commit-config.yaml | data/backups/depgraph_pre_variant_patch_20260629_174218.sql | data/databases/backups/depgraph_backup_20260721_220004.sql | data/databases/backups/depgraph_backup_20260814_aigit001_taskboard.sql | data/databases/backups/depgraph_backup_20260817_ai00close.sql | data/databases/backups/depgraph_backup_20260821_p06.sql | data/databases/backups/depgraph_backup_AI-DGR-001_20260817.sql | docs/01_policies_and_standards/_registry/catalogs/ruling_registry.yaml | scripts/governance/generators/generate_gate_registry.py,零触发,GATE-BP-PLACE: 蓝图物理位置与归属链门禁（PS-STD-005 强制执行）,active,manual,0,0,0,0,0,0,0,0,0,9,0,
GATE-SCRIPT-Q,23,20,6,.pre-commit-config.yaml | data/databases/backups/depgraph_backup_20260721_220004.sql | data/databases/backups/depgraph_backup_20260814_aigit001_taskboard.sql | data/databases/backups/depgraph_backup_20260817_ai00close.sql | data/databases/backups/depgraph_backup_20260821_p06.sql | data/databases/backups/depgraph_backup_AI-DGR-001_20260817.sql,有触发,GATE-SCRIPT-Q: 脚本质量合并门禁（GATE-SQ + GATE-DD07）,active,pre-commit,0,0,0,0,23,0,0,0,0,6,23,
GATE-ADM,13,13,24,.github/workflows/governance.yml | .pre-commit-config.yaml | .trae/documents/parallel_session_drift_root_cause_remediation.md | .trae/documents/systemic_drift_governance_root_cure_plan.md | config/nav_table_mapping.yaml | data/backups/depgraph_pre_variant_patch_20260629_174218.sql | data/databases/backups/depgraph_backup_20260721_220004.sql | data/databases/backups/depgraph_backup_20260814_aigit001_taskboard.sql | data/databases/backups/depgraph_backup_20260817_ai00close.sql | data/databases/backups/depgraph_backup_20260821_p06.sql | data/databases/backups/depgraph_backup_AI-DGR-001_20260817.sql | data/registers/metaq_board_routing/board_symbol_routing.yaml | docs/01_policies_and_standards/rules/trae_044_compliance_audit.yaml | docs/_archive/依赖图/29-D-GOVERNANCE-治理域.md | models/qwen25-7b-sft-v1/checkpoint-800/merges.txt | models/qwen25-7b-sft-v1/checkpoint-800/tokenizer.json | models/qwen25-7b-sft-v1/checkpoint-800/vocab.json | models/qwen25-7b-sft-v1/checkpoint-801/merges.txt | models/qwen25-7b-sft-v1/checkpoint-801/tokenizer.json | models/qwen25-7b-sft-v1/checkpoint-801/vocab.json | models/qwen25-7b-sft-v1/merges.txt | models/qwen25-7b-sft-v1/tokenizer.json | models/qwen25-7b-sft-v1/vocab.json | scripts/governance/generators/generate_gate_registry.py,有触发,GATE-ADM: Manifest 准入控制器（K8s Admission落地）,active,pre-commit,0,0,0,0,13,0,0,0,0,24,13,
GATE-21,13,13,2276,".import_linter_cache/6c751d98f3de1d748d53476362fb195271fd53f5.data.json | .pre-commit-config.yaml | .roo/rules/project_rules.md | .trae/documents/_arch_issue_full_backup.yaml | .trae/documents/_zoomable_html/regime_detector_drilldown_sample.html | .trae/documents/adjudication_208_stage_c_renumber_map.md | .trae/documents/algo_flow_calibrated/MOD-POS-017.txt | .trae/documents/algo_flow_calibrated/MOD-RK-12.txt | .trae/documents/audit_registration_techdebt_remediation.md | .trae/documents/audit_registration_technical_debt_remediation_plan.md | .trae/documents/cleanup_diagrams_mmd_integrate_to_md.md | .trae/documents/commit_gate_registry_sync.md | .trae/documents/commit_gate_registry_sync_plan.md | .trae/documents/complete_decision_index_split_merge.md | .trae/documents/enrich_risk_control_battle_map_nesting.md | .trae/documents/enrich_stock_selection_battle_map_nesting.md | .trae/documents/factor_factory_panorama_design_state_completion.md | .trae/documents/finish_decision_index_split_gate3_rerun_commit.md | .trae/documents/finish_decision_index_split_verify_and_commit.md | .trae/documents/merge_arch_docs_construction_plan.md | .trae/documents/module_id_deliverables_2_3_production_plan.md | .trae/documents/p1_continuation_batch1_resume.md | .trae/documents/panel_experiment_history_tab_and_mlflow_retirement.md | .trae/documents/regime_detector_drilldown_sample.md | .trae/documents/split_decision_index_into_per_track_domain_files.md | .trae/documents/技术指标清单骨架先行施工计划.md | .workbuddy/memory/2026-09-12.md | .workbuddy/memory/2026-09-14.md | .workbuddy/memory/2026-09-15.md | .workbuddy/memory/2026-09-18.md | .workbuddy/memory/2026-10-02.md | .workbuddy/memory/2026-10-03.md | architecture_model/contracts/consumer_registry.yaml | architecture_model/data/data_source_apis_registry.yaml | architecture_model/governance_systems_registry.yaml | config/construction_workflow_map.yaml | config/data_supply_chain_map.yaml | config/gguf_vram_budget.yaml | config/macro_indicator_series_map.yaml | config/model_routing_policy.yaml ...(+2236 more, full list in f3_consumer_detail.csv)",有触发,GATE-21: 静态清单漂移阻断（§6.2）,active,pre-commit,0,0,0,0,13,0,20955,7423,0,2098,13,
GATE-20,13,13,4490,".github/workflows/governance.yml | .import_linter_cache/6c751d98f3de1d748d53476362fb195271fd53f5.data.json | .openclaw-attachments/20260914-151749-0fcb49b2-bc2-pasted_text_20260914-151749.txt | .openclaw-attachments/20260914-230850-9295947f-009-pasted_text_20260914-230850.txt | .pre-commit-config.yaml | .roo/rules/project_rules.md | .trae/documents/P3_leftover_todos_strategic_ruling_and_treatment_plan.md | .trae/documents/P3_phase_a_residual_completion_plan.md | .trae/documents/P8_architecture_cure_research_and_plan.md | .trae/documents/_algo_flow_script_backup/algo_flow_applier.py | .trae/documents/_arch_issue_full_backup.yaml | .trae/documents/_zoomable_html/regime_detector_drilldown_sample.html | .trae/documents/algo_flow_calibrated/MOD-BT-018.txt | .trae/documents/algo_flow_calibrated/MOD-BT-022.txt | .trae/documents/algo_flow_calibrated/MOD-BT-023.txt | .trae/documents/algo_flow_calibrated/MOD-GOV_BLUEPRINT_STATUS_TRANSITION_RECONCILER.txt | .trae/documents/algo_flow_calibrated/MOD-GOV_HEALTH_SCORE_CALCULATOR.txt | .trae/documents/algo_flow_calibrated/MOD-GOV_RECONCILIATION_REGISTRY.txt | .trae/documents/algo_flow_calibrated/MOD-GOV_RESILIENCE_GOVERNANCE.txt | .trae/documents/algo_flow_calibrated/MOD-GOV_SECURITY_GOVERNANCE.txt | .trae/documents/algo_flow_calibrated/MOD-INF-005.txt | .trae/documents/algo_flow_calibrated/MOD-INF-014.txt | .trae/documents/algo_flow_calibrated/MOD-L02-004.txt | .trae/documents/algo_flow_calibrated/MOD-PF-001.txt | .trae/documents/algo_flow_calibrated/MOD-POS-002.txt | .trae/documents/algo_flow_calibrated/MOD-POS-007.txt | .trae/documents/algo_flow_calibrated/MOD-POS-017.txt | .trae/documents/algo_flow_calibrated/MOD-POS-020.txt | .trae/documents/algo_flow_calibrated/MOD-POS-021.txt | .trae/documents/algo_flow_calibrated/MOD-RK-08.txt | .trae/documents/algo_flow_calibrated/MOD-SELL-006.txt | .trae/documents/algo_flow_calibrated/MOD-SIG-021.txt | .trae/documents/algo_flow_calibrated/MOD-SIG-022.txt | .trae/documents/algo_flow_calibrated/MOD-SIG-023.txt | .trae/documents/algo_flow_calibrated/MOD-SIG-024.txt | .trae/documents/algo_flow_calibrated/MOD-SIG-025.txt | .trae/documents/algo_flow_calibrated/MOD-SIG-026.txt | .trae/documents/algo_flow_calibrated/MOD-SIG-033.txt | .trae/documents/algo_flow_calibrated/MOD-SIG-034.txt | .trae/documents/algo_flow_calibrated/MOD-XS-005.txt ...(+4450 more, full list in f3_consumer_detail.csv)",有触发,GATE-20: 裸调 LLM API 检测（RULE-LSG-001 + COND-30）,active,pre-commit,0,0,0,0,13,0,18814,6506,0,3645,13,
GATE-SILENT-DEGRADATION,13,13,8,.pre-commit-config.yaml | data/databases/backups/depgraph_backup_20260721_220004.sql | data/databases/backups/depgraph_backup_20260814_aigit001_taskboard.sql | data/databases/backups/depgraph_backup_20260817_ai00close.sql | data/databases/backups/depgraph_backup_20260821_p06.sql | data/databases/backups/depgraph_backup_AI-DGR-001_20260817.sql | scripts/governance/d7_code/detect_silent_degradation.py | src/zephyr/gov_enforcement/commit_gates/translation_coverage_gate.py,有触发,GATE-SILENT-DEGRADATION: 静默降级检测（COND-45 — 降级路径必须有日志）,active,pre-commit,0,0,0,0,13,0,0,0,0,8,13,
GATE-RETURN-CONTRACT,14,13,7,.pre-commit-config.yaml | .trae/documents/P3_100pct_ai_governance_closure.md | data/databases/backups/depgraph_backup_20260721_220004.sql | data/databases/backups/depgraph_backup_20260814_aigit001_taskboard.sql | data/databases/backups/depgraph_backup_20260817_ai00close.sql | data/databases/backups/depgraph_backup_20260821_p06.sql | data/databases/backups/depgraph_backup_AI-DGR-001_20260817.sql,有触发,GATE-RETURN-CONTRACT: TypedDict 返回契约 ok 键审计（P2-5/P3-1）,active,pre-commit,0,0,0,0,14,0,0,0,0,7,14,
GATE-WORKTREE-OPS-TELEMETRY,13,13,7,.pre-commit-config.yaml | .trae/documents/P3_100pct_ai_governance_closure.md | data/databases/backups/depgraph_backup_20260721_220004.sql | data/databases/backups/depgraph_backup_20260814_aigit001_taskboard.sql | data/databases/backups/depgraph_backup_20260817_ai00close.sql | data/databases/backups/depgraph_backup_20260821_p06.sql | data/databases/backups/depgraph_backup_AI-DGR-001_20260817.sql,有触发,GATE-WORKTREE-OPS-TELEMETRY: 主工作区擦除操作遥测审计（P2-6/P3-1）,active,pre-commit,0,0,0,0,13,0,0,0,0,7,13,
GATE-MCP,8,8,828,".github/workflows/governance.yml | .pre-commit-config.yaml | .roo/rules/project_rules.md | .trae/documents/P3_followup_todos_root_cause_plan.md | .trae/documents/_arch_issue_full_backup.yaml | .trae/documents/algo_flow_calibrated/MOD-CLONE_GUARD.txt | .trae/documents/algo_flow_calibrated/MOD-INF-013.txt | .trae/documents/algo_flow_calibrated/MOD-INF-014.txt | .trae/documents/algo_flow_calibrated/__unmanaged__src__zephyr__shared__maintenance____init__.py.txt | .trae/documents/clone-guard-phase-b-redup-and-phase-c.md | .trae/documents/g3_g5_g6_construction_plan.md | .trae/documents/kbg_system_removal_plan.md | .trae/documents/panel_experiment_history_tab_and_mlflow_retirement.md | .trae/documents/warn_to_hard_gate_final_registration.md | .trae/documents/warn_to_hard_gate_finish_commit.md | .trae/documents/wave3_anti_hallucination_blindspot_sealing.md | .trae/documents/wave3_remaining_execution_plan.md | .trae/documents/wave3_task19_20_blueprint_commit_plan.md | .trae/documents/wave3_test_blueprint_commit_plan.md | .trae/rules/onboarding_detail.md | .trae/rules/project_rules.md | .workbuddy/memory/2026-09-15.md | .workbuddy/memory/MEMORY.md | AGENTS.md | architecture_model/contracts/cross_layer_contracts.yaml | architecture_model/contracts/error_code_registry.yaml | architecture_model/index.yaml | architecture_model/layers/b_mcp.yaml | architecture_model/layers/schema.yaml | architecture_model/security/threat_model.yaml | architecture_model/technology/technology_landscape.yaml | architecture_model/technology/vibe_coding_infrastructure_tech_stack.yaml | clone_guard.yml | config/alert_rules.yaml | config/blueprint_routing.yaml | config/mcp.json | config/tool_inventory.yaml | data/architecture_health/dashboard_20260902T031925389937Z.json | data/architecture_health/dashboard_20260902T090104321446Z.json | data/architecture_health/dashboard_20260902T091339144957Z.json ...(+788 more, full list in f3_consumer_detail.csv)",有触发,GATE-MCP: Tool Contract 一致性（R3）,active,pre-commit,0,0,0,0,8,0,0,0,0,793,8,
GATE-C2,8,8,370,".openclaw-attachments/20260914-151749-0fcb49b2-bc2-pasted_text_20260914-151749.txt | .openclaw-attachments/20260914-235246-85c71319-703-pasted_text_20260914-235246.txt | .pre-commit-config.yaml | .trae/documents/P3_followup_todos_root_cause_plan.md | .trae/documents/P3_leftover_todos_strategic_ruling_and_treatment_plan.md | .trae/documents/_arch_issue_full_backup.yaml | .trae/documents/adjudication_208_stage_c_renumber_map.md | .trae/documents/algo_flow_calibrated/MOD-PF-006.txt | .trae/documents/migrate_trading_flow_to_battle_map.md | .trae/documents/module_id_deliverables_2_3_production_plan.md | .trae/documents/module_id_dual_track_governance_plan.md | .trae/documents/module_id_dual_track_resume_execution_plan.md | .trae/documents/panel_experiment_history_tab_and_mlflow_retirement.md | .trae/documents/ssot_completeness_rename_propagation_plan.md | .trae/documents/技术指标清单骨架先行施工计划.md | .trae/rules/onboarding_detail.md | .workbuddy/memory/2026-09-11.md | .workbuddy/memory/2026-09-12.md | .workbuddy/memory/2026-09-14.md | .workbuddy/memory/2026-09-15.md | architecture_model/contracts/consumer_registry.yaml | architecture_model/cross_cutting/capability_heatmap.yaml | config/schedule_gate_policy.yaml | config/strategy_production_map.yaml | config/tool_inventory.yaml | config/trading_day_cycle_map.yaml | config/trading_decision_map.yaml | data/backtest_artifacts/runs/SCR-20260912-192909/03_data_manifest.yaml | data/backtest_artifacts/runs/SCR-20260912-192909/verdict.md | data/backtest_artifacts/runs/SCR-C4-20260913-002056/verdict.md | data/backtest_artifacts/runs/SCR-C4-20260913-013339/verdict.md | data/backtest_artifacts/runs/SCR-C4-20260913-014220/verdict.md | data/backtest_artifacts/runs/SCR-C4-20260913-232100/verdict.md | data/backtest_artifacts/runs/SCR-C4-20260913-232609/verdict.md | data/backtest_artifacts/runs/SCR-C4-20260914-022107/verdict.md | data/backtest_artifacts/runs/SCR-C4-20260914-023406/verdict.md | data/backtest_artifacts/runs/SCR-C4-20260914-034927/verdict.md | data/backtest_artifacts/runs/SCR-C4-20260914-045225/verdict.md | data/backtest_artifacts/runs/SCR-C4-20260914-051102/verdict.md | data/backtest_artifacts/runs/SCR-C4-20260914-051809/verdict.md ...(+330 more, full list in f3_consumer_detail.csv)",有触发,GATE-C2: 契约+Schema 合并门禁（GATE-C2 + CONTRACT-PHYSICAL-PATH + SCHEMA-HEALTH）,active,pre-commit,0,0,0,0,8,0,44,2,0,313,8,
GATE-CODEGEN-IDEMPOTENT,8,8,2,.pre-commit-config.yaml | data/databases/backups/depgraph_backup_20260821_p06.sql,有触发,GATE-CODEGEN-IDEMPOTENT: 契约生成器幂等性（C 路径防回潮）,active,pre-commit,0,0,0,0,8,0,0,0,0,2,8,
GATE-CANONICAL-YAML-DRIFT,8,8,14,.pre-commit-config.yaml | .trae/documents/phase-b-yaml-staleness-fix-and-drift-gate.md | data/databases/backups/depgraph_backup_20260814_aigit001_taskboard.sql | data/databases/backups/depgraph_backup_20260817_ai00close.sql | data/databases/backups/depgraph_backup_20260821_p06.sql | data/databases/backups/depgraph_backup_AI-DGR-001_20260817.sql | docs/01_policies_and_standards/_registry/catalogs/module_translation_registry.yaml | docs/02_enterprise_architecture/01_global_architecture_diagram/full_project_tree_en.md | docs/02_enterprise_architecture/01_global_architecture_diagram/full_project_tree_zh.md | docs/02_enterprise_architecture/02_domain_architecture_docs/54_d_gov_scripts.md | docs/02_enterprise_architecture/02_domain_architecture_docs/_zoomable_html/54_d_gov_scripts.html | scripts/governance/d5_architecture/checkers/check_canonical_yaml_drift.py | scripts/governance/script_manifest.yaml | tests/governance/scripts_governance/test_check_canonical_yaml_drift.py,有触发,GATE-CANONICAL-YAML-DRIFT: canonical YAML SSoT 防漂移（Phase B 5 项断言）,active,pre-commit,0,0,0,0,8,0,0,0,0,13,8,
GATE-ENCODING,6,6,24,.pre-commit-config.yaml | data/databases/backups/depgraph_backup_20260721_220004.sql | data/databases/backups/depgraph_backup_20260814_aigit001_taskboard.sql | data/databases/backups/depgraph_backup_20260817_ai00close.sql | data/databases/backups/depgraph_backup_20260821_p06.sql | data/databases/backups/depgraph_backup_AI-DGR-001_20260817.sql | docs/01_policies_and_standards/_registry/catalogs/capability_canonical_file_registry.yaml | docs/01_policies_and_standards/_registry/catalogs/module_translation_registry.yaml | docs/01_policies_and_standards/sop/governance_sop/agent_constitution_legacy_v1.md | docs/02_enterprise_architecture/01_global_architecture_diagram/full_project_tree_en.md | docs/02_enterprise_architecture/01_global_architecture_diagram/full_project_tree_zh.md | docs/02_enterprise_architecture/02_domain_architecture_docs/18_d_gov_code_quality.md | docs/02_enterprise_architecture/02_domain_architecture_docs/_zoomable_html/18_d_gov_code_quality.html | docs/03_modules/_domain_infrastructure_operations/disaster_recovery_backup/blueprint.md | scripts/backup/restore_drill.py | src/zephyr/gov_enforcement/commit_gates/encoding_gate.py | src/zephyr/gov_enforcement/commit_gates/precommit_offline_gate.py | src/zephyr/gov_enforcement/commit_gates/snapshot_drift_gate.py | src/zephyr/infrastructure/asset_inventory/scanner.py | src/zephyr/shared/maintenance/zero_config.py | tests/backup/test_restore_drill.py | tests/governance/rule_bridge/test_commit_preflight.py | tests/governance/test_error_code_consistency.py | tests/utils/test_zero_config.py,有触发,GATE-ENCODING: 编码安全+mojibake+BOM检测,active,pre-commit,0,0,0,0,6,0,0,0,0,20,6,
GATE-COMMIT-GW,6,6,30,.pre-commit-config.yaml | .trae/rules/onboarding_detail.md | .trae/rules/project_rules.md | .workbuddy/memory/2026-09-15.md | data/databases/backups/depgraph_backup_20260721_220004.sql | data/databases/backups/depgraph_backup_20260814_aigit001_taskboard.sql | data/databases/backups/depgraph_backup_20260817_ai00close.sql | data/databases/backups/depgraph_backup_20260821_p06.sql | data/databases/backups/depgraph_backup_AI-DGR-001_20260817.sql | docs/01_policies_and_standards/_registry/catalogs/capability_canonical_file_registry.yaml | docs/01_policies_and_standards/_registry/catalogs/module_translation_registry.yaml | docs/01_policies_and_standards/sop/governance_sop/agent_constitution_legacy_v1.md | docs/02_enterprise_architecture/01_global_architecture_diagram/full_project_tree_en.md | docs/02_enterprise_architecture/01_global_architecture_diagram/full_project_tree_zh.md | docs/02_enterprise_architecture/02_domain_architecture_docs/18_d_gov_code_quality.md | docs/02_enterprise_architecture/02_domain_architecture_docs/47_d_governance.md | docs/02_enterprise_architecture/02_domain_architecture_docs/51_d_gov_enforcement.md | docs/02_enterprise_architecture/02_domain_architecture_docs/54_d_gov_scripts.md | docs/02_enterprise_architecture/02_domain_architecture_docs/_zoomable_html/54_d_gov_scripts.html | docs/02_enterprise_architecture/04_architecture_principles_decisions/project_handbook/06_governance_and_infra.md | docs/03_modules/_cross_layer/auto_runtime_core/blueprint.md | docs/_archive/AI_review_instructions.md | scripts/git_commit.py | scripts/governance/check_ssot_gate.py | scripts/governance/d11_compliance/validate_commit_gateway.py | scripts/governance/script_manifest.yaml | src/zephyr/gov_enforcement/commit_gates/forged_gw_marker_gate.py | src/zephyr/gov_enforcement/rule_bridge/git_commit_gateway.py | tests/governance/commit_gates/test_forged_gw_marker_gate.py | tests/governance/rule_bridge/test_session_worktree.py,有触发,GATE-COMMIT-GW: 裸 commit 检测（OPS-2026062513）,active,pre-commit,0,0,0,0,6,0,0,0,0,28,6,
GATE-NO-TESTS-UNIT,6,6,11,.pre-commit-config.yaml | .trae/documents/_arch_issue_full_backup.yaml | data/databases/backups/depgraph_backup_20260721_220004.sql | data/databases/backups/depgraph_backup_20260814_aigit001_taskboard.sql | data/databases/backups/depgraph_backup_20260817_ai00close.sql | data/databases/backups/depgraph_backup_20260821_p06.sql | data/databases/backups/depgraph_backup_AI-DGR-001_20260817.sql | docs/01_policies_and_standards/_registry/catalogs/architecture_issue_registry.yaml | docs/01_policies_and_standards/sop/governance_sop/agent_constitution_legacy_v1.md | scripts/governance/d7_code/check_no_tests_unit.py | scripts/governance/run_fulltree_gate_audit.py,有触发,GATE-NO-TESTS-UNIT: 禁止 tests/unit/ 旧路径重引入（ARCH-029 防漂移）,active,pre-commit,0,0,0,0,6,0,0,0,0,11,6,
GATE-DEDUP,0,0,41,".pre-commit-config.yaml | config/trading_decision_map.yaml | data/backups/depgraph_pre_variant_patch_20260629_174218.sql | data/databases/backups/depgraph_backup_20260721_220004.sql | data/databases/backups/depgraph_backup_20260814_aigit001_taskboard.sql | data/databases/backups/depgraph_backup_20260817_ai00close.sql | data/databases/backups/depgraph_backup_20260821_p06.sql | data/databases/backups/depgraph_backup_AI-DGR-001_20260817.sql | docs/01_policies_and_standards/_registry/catalogs/capability_canonical_file_registry.yaml | docs/01_policies_and_standards/_registry/catalogs/cross_module_dependency_registry.yaml | docs/01_policies_and_standards/_registry/catalogs/rule_enforcement_registry.yaml | docs/01_policies_and_standards/sop/governance_sop/agent_constitution_legacy_v1.md | docs/02_enterprise_architecture/01_global_architecture_diagram/full_project_tree_en.md | docs/02_enterprise_architecture/01_global_architecture_diagram/full_project_tree_zh.md | docs/02_enterprise_architecture/02_domain_architecture_docs/31_d_ashare_signal.md | docs/02_enterprise_architecture/10_trading_map/trading_map_01_e_l1_regime.md | docs/02_enterprise_architecture/10_trading_map/trading_map_02_e_l2_sector.md | docs/02_enterprise_architecture/10_trading_map/trading_map_03_e_l3_stock.md | docs/03_modules/_domain_governance/code_dedup_engine/blueprint.md | docs/_archive/依赖图/29-D-GOVERNANCE-治理域.md | scripts/governance/d5_architecture/checkers/check_algo_quality.py | scripts/governance/run_fulltree_gate_audit.py | src/zephyr/data/__init__.py | src/zephyr/gov_audit/__init__.py | src/zephyr/gov_code_quality/code_dedup/cli.py | src/zephyr/gov_code_quality/code_dedup/exit_codes.py | src/zephyr/gov_code_quality/code_dedup/integration_hub.py | src/zephyr/gov_drift/__init__.py | src/zephyr/gov_enforcement/commit_gates/__init__.py | src/zephyr/gov_enforcement/rule_enforcement/gate_dedup.yaml | src/zephyr/signal_ashare/core/analysis_utils.py | tests/autonomy/__init__.py | tests/federated_learning/__init__.py | tests/governance/__init__.py | tests/governance/audit/__init__.py | tests/governance/commit_gates/__init__.py | tests/governance/redblue_wave73/__init__.py | tests/llm_security/__init__.py | tests/skill/__init__.py | tests/trading/__init__.py ...(+1 more, full list in f3_consumer_detail.csv)",零触发,GATE-DEDUP: 代码重复检测（code_dedup 引擎 verify）,active,manual,0,0,0,0,0,0,0,0,0,31,0,
GATE-DEBT-BRIDGE,6,6,11,.github/workflows/governance.yml | .pre-commit-config.yaml | data/databases/backups/depgraph_backup_20260721_220004.sql | data/databases/backups/depgraph_backup_20260814_aigit001_taskboard.sql | data/databases/backups/depgraph_backup_20260817_ai00close.sql | data/databases/backups/depgraph_backup_20260821_p06.sql | data/databases/backups/depgraph_backup_AI-DGR-001_20260817.sql | docs/01_policies_and_standards/sop/governance_sop/agent_constitution_legacy_v1.md | docs/_archive/architecture_debt_registry_v2.md | scripts/governance/d7_code/scan_debt.py | src/zephyr/gov_enforcement/commit_gates/translation_coverage_gate.py,有触发,GATE-DEBT-BRIDGE: 架构债务防御（5.96 维度防复发）,active,pre-commit,0,0,0,0,6,0,0,0,0,11,6,
GATE-ANY-ABUSE,6,6,38,.pre-commit-config.yaml | .trae/documents/_arch_issue_full_backup.yaml | data/databases/backups/depgraph_backup_20260721_220004.sql | data/databases/backups/depgraph_backup_20260814_aigit001_taskboard.sql | data/databases/backups/depgraph_backup_20260817_ai00close.sql | data/databases/backups/depgraph_backup_20260821_p06.sql | data/databases/backups/depgraph_backup_AI-DGR-001_20260817.sql | docs/01_policies_and_standards/_registry/catalogs/architecture_issue_registry.yaml | docs/01_policies_and_standards/_registry/catalogs/noqa_exempt_registry.yaml | docs/01_policies_and_standards/sop/governance_sop/agent_constitution_legacy_v1.md | docs/_archive/architecture_debt_registry_v2.md | docs/_archive/debt_permanent_rulings_r102.md | docs/_archive/ruling_any_governance_engineering.md | scripts/governance/d7_code/check_any_abuse.py | src/zephyr/alt_data/cohort_daily_writer.py | src/zephyr/alt_data/emotion_index_builder.py | src/zephyr/backtest/gpu_core.py | src/zephyr/data/quality/archive_sla_burnrate.py | src/zephyr/pf_alloc/batched_position_builder.py | src/zephyr/strategy_pipeline/pipeline_events.py | tmp/runtime_backups/runtime_handoffs_20260929_031839/handoffs/handoff_st-c7-resc-20260927.json | tmp/runtime_backups/runtime_handoffs_20260929_032232/handoffs/handoff_st-c7-resc-20260927.json | tmp/runtime_backups/runtime_handoffs_20260929_053410/handoffs/handoff_st-c7-resc-20260927.json | tmp/runtime_backups/runtime_handoffs_20260929_053410/handoffs/handoff_st-nightsweep-sw12-20260929.json | tmp/runtime_backups/runtime_handoffs_20260929_143706/handoffs/handoff_st-c7-resc-20260927.json | tmp/runtime_backups/runtime_handoffs_20260929_143706/handoffs/handoff_st-nightsweep-sw12-20260929.json | tmp/runtime_backups/runtime_handoffs_20260929_150313/handoffs/handoff_st-c7-resc-20260927.json | tmp/runtime_backups/runtime_handoffs_20260929_150313/handoffs/handoff_st-nightsweep-sw12-20260929.json | tmp/runtime_backups/runtime_handoffs_20260929_152237/handoffs/handoff_st-c7-resc-20260927.json | tmp/runtime_backups/runtime_handoffs_20260929_152237/handoffs/handoff_st-nightsweep-sw12-20260929.json | tmp/runtime_backups/runtime_handoffs_20260929_174602/handoffs/handoff_st-c7-resc-20260927.json | tmp/runtime_backups/runtime_handoffs_20260929_174602/handoffs/handoff_st-nightsweep-sw12-20260929.json | tmp/runtime_backups/runtime_handoffs_20260929_181346/handoffs/handoff_st-c7-resc-20260927.json | tmp/runtime_backups/runtime_handoffs_20260929_181346/handoffs/handoff_st-nightsweep-sw12-20260929.json | tmp/runtime_backups/runtime_handoffs_20260929_182834/handoffs/handoff_st-c7-resc-20260927.json | tmp/runtime_backups/runtime_handoffs_20260929_182834/handoffs/handoff_st-nightsweep-sw12-20260929.json | tmp/runtime_backups/runtime_handoffs_20260929_183328/handoffs/handoff_st-c7-resc-20260927.json | tmp/runtime_backups/runtime_handoffs_20260929_183328/handoffs/handoff_st-nightsweep-sw12-20260929.json,有触发,GATE-ANY-ABUSE: 类型注解 Any 滥用（5.145 维度防复发，Phase 3 commit 阻断）,active,pre-commit,0,0,0,0,6,0,0,0,0,38,6,
GATE-ALGO-QUALITY,4,4,15,.pre-commit-config.yaml | .trae/documents/gate-algo-quality-detector.md | data/databases/backups/depgraph_backup_20260814_aigit001_taskboard.sql | data/databases/backups/depgraph_backup_20260817_ai00close.sql | data/databases/backups/depgraph_backup_20260821_p06.sql | data/databases/backups/depgraph_backup_AI-DGR-001_20260817.sql | docs/01_policies_and_standards/_registry/catalogs/architecture_issue_registry.yaml | docs/02_enterprise_architecture/01_global_architecture_diagram/full_project_tree_en.md | docs/02_enterprise_architecture/01_global_architecture_diagram/full_project_tree_zh.md | docs/02_enterprise_architecture/02_domain_architecture_docs/47_d_governance.md | docs/02_enterprise_architecture/02_domain_architecture_docs/54_d_gov_scripts.md | docs/02_enterprise_architecture/02_domain_architecture_docs/_zoomable_html/54_d_gov_scripts.html | scripts/governance/d5_architecture/checkers/check_algo_quality.py | scripts/governance/script_manifest.yaml | tests/governance/test_algo_quality.py,有触发,GATE-ALGO-QUALITY: 算法糊弄检测（代码AST+blueprint 双层，6类pattern）,active,pre-commit,0,0,0,0,4,0,0,0,0,14,4,
GATE-GEN-NO-REALTIME-TIME,14,14,9,.pre-commit-config.yaml | .trae/documents/algo_flow_calibrated/MOD-GOV_CHECK_GEN_NO_REALTIME.txt | data/databases/backups/depgraph_backup_20260814_aigit001_taskboard.sql | data/databases/backups/depgraph_backup_20260817_ai00close.sql | data/databases/backups/depgraph_backup_20260821_p06.sql | data/databases/backups/depgraph_backup_AI-DGR-001_20260817.sql | scripts/governance/d11_compliance/check_generator_no_realtime_time.py | scripts/governance/d5_architecture/generators/report_algo_flow_author_debt.py | scripts/governance/run_fulltree_gate_audit.py,有触发,GATE-GEN-NO-REALTIME-TIME,active,pre-commit,0,0,0,0,14,0,0,0,0,9,14,
GATE-NO-COMMIT-DERIVED,30,14,9,.pre-commit-config.yaml | .trae/documents/algo_flow_calibrated/MOD-GOV_CHECK_NO_COMMIT_DERIVED.txt | data/databases/backups/depgraph_backup_20260814_aigit001_taskboard.sql | data/databases/backups/depgraph_backup_20260817_ai00close.sql | data/databases/backups/depgraph_backup_20260821_p06.sql | data/databases/backups/depgraph_backup_AI-DGR-001_20260817.sql | docs/01_policies_and_standards/sop/governance_sop/agent_constitution_legacy_v1.md | scripts/governance/d11_compliance/check_no_commit_derived.py | scripts/governance/run_fulltree_gate_audit.py,有触发,GATE-NO-COMMIT-DERIVED,active,pre-commit,0,0,0,0,30,0,0,0,0,9,30,
GATE-MODULE-LIFECYCLE,14,14,2,.pre-commit-config.yaml | scripts/governance/d5_architecture/validators/lifecycle/validate_module_lifecycle.py,有触发,GATE-MODULE-LIFECYCLE,active,pre-commit,0,0,0,0,14,0,0,0,0,2,14,
ALGO-FLOW-LINK,1618,395,70,"docs/01_policies_and_standards/_registry/catalogs/architecture_issue_registry.yaml | docs/01_policies_and_standards/_registry/catalogs/in_process_gate_registry.yaml | docs/01_policies_and_standards/_registry/catalogs/module_translation_registry.yaml | docs/01_policies_and_standards/_registry/catalogs/ruling_registry.yaml | docs/01_policies_and_standards/_registry/reports/gate_face_reconciliation.md | docs/01_policies_and_standards/_registry/reports/gate_face_reconciliation.yaml | docs/01_policies_and_standards/sop/governance_sop/commit_guide_sources/gate_digest_registry.yaml | docs/01_policies_and_standards/sop/governance_sop/commit_navigation_playbook.md | docs/02_enterprise_architecture/01_global_architecture_diagram/full_project_tree_en.md | docs/02_enterprise_architecture/01_global_architecture_diagram/full_project_tree_zh.md | docs/02_enterprise_architecture/02_domain_architecture_docs/18_d_gov_code_quality.md | docs/02_enterprise_architecture/02_domain_architecture_docs/47_d_governance.md | docs/02_enterprise_architecture/02_domain_architecture_docs/51_d_gov_enforcement.md | docs/02_enterprise_architecture/02_domain_architecture_docs/54_d_gov_scripts.md | docs/02_enterprise_architecture/02_domain_architecture_docs/_zoomable_html/18_d_gov_code_quality.html | docs/02_enterprise_architecture/02_domain_architecture_docs/_zoomable_html/47_d_governance.html | docs/03_modules/_domain_ai_layer/algo_flow/approval_router.yaml | docs/03_modules/_domain_ai_layer/algo_flow/iswitch_pkg.yaml | docs/03_modules/_domain_ai_layer/algo_flow/negative_list_gates.yaml | docs/03_modules/_domain_ai_layer/algo_flow/redline_pkg.yaml | docs/03_modules/_domain_ai_layer/algo_flow/revert_drill.yaml | docs/03_modules/_domain_ai_layer/algo_flow/tools_pkg.yaml | docs/03_modules/_domain_ai_layer/algo_flow/venue_replay.yaml | docs/03_modules/_domain_ai_layer/algo_flow/venue_tool_bench.yaml | docs/03_modules/_domain_backtest/algo_flow/condition_package.yaml | docs/03_modules/_domain_strategy_pipeline/algo_flow/daily_gate_snapshot.yaml | scripts/governance/_shared/algo_flow_validate_marker.py | scripts/governance/_shared/code_algorithm_extractor.py | scripts/governance/d5_architecture/generators/externalize_algo_flow.py | scripts/governance/d5_architecture/generators/report_algo_flow_author_debt.py | scripts/governance/dedup_ttl_headers.py | scripts/governance/wave1b/dead_letter_prescriptions.py | src/zephyr/gov_enforcement/commit_gates/_tree_view.py | src/zephyr/gov_enforcement/commit_gates/algo_flow_link_gate.py | src/zephyr/gov_enforcement/commit_gates/bare_subprocess_gate.py | src/zephyr/gov_enforcement/rule_bridge/commit_belt_daemon.py | src/zephyr/governance/audit/library_new_module_reconciler.py | tmp/runtime_backups/runtime_handoffs_20260929_143706/handoffs/handoff_st-finaldel-creg-20260929.json | tmp/runtime_backups/runtime_handoffs_20260929_143706/handoffs/handoff_st-zc9-lane-s2-20260929.json | tmp/runtime_backups/runtime_handoffs_20260929_150313/handoffs/handoff_st-finaldel-carch-20260929.json ...(+30 more, full list in f3_consumer_detail.csv)",有触发,"ALGO-FLOW-LINK: ALGO_FLOW external 锚链接校验门禁（ALGO-FLOW-LINK）（CommitGate, priority=",active,commit-gate,1586,0,32,0,0,0,2780,1244,0,67,1618,
ALGO-NOTE-SYNC,2145,574,58,".openclaw-attachments/20260914-230850-9295947f-009-pasted_text_20260914-230850.txt | config/trading_decision_map.yaml | docs/01_policies_and_standards/_registry/catalogs/in_process_gate_registry.yaml | docs/01_policies_and_standards/_registry/catalogs/module_translation_registry.yaml | docs/01_policies_and_standards/_registry/reports/gate_face_reconciliation.md | docs/01_policies_and_standards/_registry/reports/gate_face_reconciliation.yaml | docs/01_policies_and_standards/sop/construction_sop/lane_construction_discipline_policy.md | docs/01_policies_and_standards/sop/governance_sop/commit_guide_sources/gate_digest_registry.yaml | docs/01_policies_and_standards/sop/governance_sop/commit_navigation_playbook.md | docs/02_enterprise_architecture/01_global_architecture_diagram/full_project_tree_en.md | docs/02_enterprise_architecture/01_global_architecture_diagram/full_project_tree_zh.md | docs/02_enterprise_architecture/02_domain_architecture_docs/18_d_gov_code_quality.md | docs/02_enterprise_architecture/02_domain_architecture_docs/_zoomable_html/18_d_gov_code_quality.html | docs/03_modules/_domain_backtest/algo_flow/event_driven_engine.yaml | scripts/governance/commit_queue_landing.py | scripts/governance/wave1b/dead_letter_prescriptions.py | src/zephyr/gov_enforcement/commit_gates/_tree_view.py | src/zephyr/gov_enforcement/commit_gates/algo_note_sync_gate.py | src/zephyr/trading/decision_map.py | tmp/runtime_backups/runtime_handoffs_20260929_031839/handoffs/handoff_st-c8-kline.json | tmp/runtime_backups/runtime_handoffs_20260929_031839/handoffs/handoff_st-c8-l9.json | tmp/runtime_backups/runtime_handoffs_20260929_031839/handoffs/handoff_st-c8-tline.json | tmp/runtime_backups/runtime_handoffs_20260929_032232/handoffs/handoff_st-c8-kline.json | tmp/runtime_backups/runtime_handoffs_20260929_032232/handoffs/handoff_st-c8-l9.json | tmp/runtime_backups/runtime_handoffs_20260929_032232/handoffs/handoff_st-c8-tline.json | tmp/runtime_backups/runtime_handoffs_20260929_053410/handoffs/handoff_st-c8-kline.json | tmp/runtime_backups/runtime_handoffs_20260929_053410/handoffs/handoff_st-c8-l9.json | tmp/runtime_backups/runtime_handoffs_20260929_053410/handoffs/handoff_st-c8-tline.json | tmp/runtime_backups/runtime_handoffs_20260929_143706/handoffs/handoff_st-c8-kline.json | tmp/runtime_backups/runtime_handoffs_20260929_143706/handoffs/handoff_st-c8-l9.json | tmp/runtime_backups/runtime_handoffs_20260929_143706/handoffs/handoff_st-c8-tline.json | tmp/runtime_backups/runtime_handoffs_20260929_143706/handoffs/handoff_st-secbatch-dispatch7-20260928.json | tmp/runtime_backups/runtime_handoffs_20260929_150313/handoffs/handoff_st-c8-kline.json | tmp/runtime_backups/runtime_handoffs_20260929_150313/handoffs/handoff_st-c8-l9.json | tmp/runtime_backups/runtime_handoffs_20260929_150313/handoffs/handoff_st-c8-tline.json | tmp/runtime_backups/runtime_handoffs_20260929_150313/handoffs/handoff_st-secbatch-dispatch7-20260928.json | tmp/runtime_backups/runtime_handoffs_20260929_152237/handoffs/handoff_st-c8-kline.json | tmp/runtime_backups/runtime_handoffs_20260929_152237/handoffs/handoff_st-c8-l9.json | tmp/runtime_backups/runtime_handoffs_20260929_152237/handoffs/handoff_st-c8-tline.json | tmp/runtime_backups/runtime_handoffs_20260929_152237/handoffs/handoff_st-secbatch-dispatch7-20260928.json ...(+18 more, full list in f3_consumer_detail.csv)",有触发,"ALGO-NOTE-SYNC: 算法锚与大白话同步绑定门禁（ALGO-NOTE-SYNC，Owner 2026-09-09 任务三）（CommitGate, p",active,commit-gate,2088,0,57,0,0,0,2682,1300,0,56,2145,
ARCH-REFERENCE,1066,0,53,".github/workflows/governance.yml | .trae/documents/_arch_issue_full_backup.yaml | .trae/documents/execute_a_remaining_gates_and_registry_qa.md | .trae/documents/p1_batch4_execution.md | .trae/documents/p1_batches_2_3_4_execution.md | data/databases/backups/depgraph_backup_20260721_220004.sql | data/databases/backups/depgraph_backup_20260814_aigit001_taskboard.sql | data/databases/backups/depgraph_backup_20260817_ai00close.sql | data/databases/backups/depgraph_backup_20260821_p06.sql | data/databases/backups/depgraph_backup_AI-DGR-001_20260817.sql | docs/01_policies_and_standards/_registry/catalogs/architecture_issue_registry.yaml | docs/01_policies_and_standards/_registry/catalogs/capability_canonical_file_registry.yaml | docs/01_policies_and_standards/_registry/catalogs/module_translation_registry.yaml | docs/01_policies_and_standards/_registry/catalogs/ruling_registry.yaml | docs/01_policies_and_standards/sop/audit_prompts_20_ai.md | docs/01_policies_and_standards/sop/governance_sop/agent_constitution_legacy_v1.md | docs/02_enterprise_architecture/01_global_architecture_diagram/full_project_tree_en.md | docs/02_enterprise_architecture/01_global_architecture_diagram/full_project_tree_zh.md | docs/02_enterprise_architecture/02_domain_architecture_docs/18_d_gov_code_quality.md | docs/02_enterprise_architecture/02_domain_architecture_docs/51_d_gov_enforcement.md | docs/02_enterprise_architecture/02_domain_architecture_docs/_zoomable_html/18_d_gov_code_quality.html | docs/03_modules/_cross_layer/auto_runtime_core/blueprint.md | docs/03_modules/_domain_gov_enforcement/algo_flow/commit_gates/a/arch_reference_gate.yaml | docs/03_modules/_domain_governance/alignment_loop/blueprint.md | docs/_archive/16_technical_indicator_build_plan.md | docs/_archive/18_cold_archive_build_plan.md | docs/_archive/architecture_debt_registry_v2.md | scripts/governance/generators/generate_gate_registry.py | src/zephyr/gov_enforcement/commit_gates/_reference_helpers.py | src/zephyr/gov_enforcement/commit_gates/arch_reference_gate.py | src/zephyr/gov_enforcement/commit_gates/dangling_reference_gate.py | src/zephyr/gov_enforcement/commit_gates/precommit_offline_gate.py | src/zephyr/gov_enforcement/commit_gates/rule_four_way_alignment_gate.py | src/zephyr/gov_enforcement/commit_gates/ruling_reference_gate.py | src/zephyr/gov_enforcement/commit_gates/vocab_hardcode_gate.py | src/zephyr/gov_enforcement/rule_bridge/commit_preflight.py | src/zephyr/gov_enforcement/rule_bridge/session_worktree.py | tmp/runtime_backups/runtime_handoffs_20260929_031839/handoffs/handoff_st-zc8-lane-rb2-20260928.json | tmp/runtime_backups/runtime_handoffs_20260929_032232/handoffs/handoff_st-zc8-lane-rb2-20260928.json | tmp/runtime_backups/runtime_handoffs_20260929_053410/handoffs/handoff_st-zc8-lane-rb2-20260928.json ...(+13 more, full list in f3_consumer_detail.csv)",有触发,ARCH-REFERENCE: #ARCH-NNN 悬空引用检测（已合并至 REFERENCE-INTEGRITY，st-gslim-20260923 P4）,deprecated,manual,1054,0,12,0,0,0,1045,680,0,47,1066,
ASYNCIO-RUN-IN-CONTEXT,2088,569,41,".trae/documents/execute_a_remaining_gates_and_registry_qa.md | .trae/documents/warn_only_to_hard_gate_batch.md | .trae/documents/warn_to_hard_gate_final_registration.md | .trae/documents/warn_to_hard_gate_finish_commit.md | data/databases/backups/depgraph_backup_20260814_aigit001_taskboard.sql | data/databases/backups/depgraph_backup_20260817_ai00close.sql | data/databases/backups/depgraph_backup_20260821_p06.sql | data/databases/backups/depgraph_backup_AI-DGR-001_20260817.sql | docs/01_policies_and_standards/_registry/catalogs/in_process_gate_registry.yaml | docs/01_policies_and_standards/_registry/catalogs/module_translation_registry.yaml | docs/01_policies_and_standards/_registry/catalogs/noqa_exempt_registry.yaml | docs/01_policies_and_standards/_registry/reports/gate_face_reconciliation.md | docs/01_policies_and_standards/_registry/reports/gate_face_reconciliation.yaml | docs/01_policies_and_standards/sop/governance_sop/commit_guide_sources/gate_digest_registry.yaml | docs/01_policies_and_standards/sop/governance_sop/commit_navigation_playbook.md | docs/02_enterprise_architecture/01_global_architecture_diagram/full_project_tree_en.md | docs/02_enterprise_architecture/01_global_architecture_diagram/full_project_tree_zh.md | docs/02_enterprise_architecture/02_domain_architecture_docs/18_d_gov_code_quality.md | docs/02_enterprise_architecture/02_domain_architecture_docs/51_d_gov_enforcement.md | docs/03_modules/_domain_gov_enforcement/algo_flow/commit_gates/a/asyncio_run_in_context_gate.yaml | docs/_archive/architecture_debt_registry_v2.md | src/zephyr/data/implementations/hyperliquid_provider.py | src/zephyr/gov_enforcement/commit_gates/asyncio_run_in_context_gate.py | src/zephyr/gov_enforcement/commit_gates/mutable_const_without_final_gate.py | src/zephyr/gov_enforcement/rule_bridge/gate_cache_preflight.py | tmp/ec1_enq2.txt | tmp/ec1_enq3.txt | tmp/ec1_enq4.txt | tmp/ec1_enqueue_out.txt | tmp/runtime_backups/runtime_handoffs_20260929_031839/handoffs/handoff_st-nightsweep-sw11-20260929.json | tmp/runtime_backups/runtime_handoffs_20260929_032232/handoffs/handoff_st-nightsweep-sw11-20260929.json | tmp/runtime_backups/runtime_handoffs_20260929_053410/handoffs/handoff_st-nightsweep-sw11-20260929.json | tmp/runtime_backups/runtime_handoffs_20260929_143706/handoffs/handoff_st-nightsweep-sw11-20260929.json | tmp/runtime_backups/runtime_handoffs_20260929_150313/handoffs/handoff_st-nightsweep-sw11-20260929.json | tmp/runtime_backups/runtime_handoffs_20260929_152237/handoffs/handoff_st-nightsweep-sw11-20260929.json | tmp/runtime_backups/runtime_handoffs_20260929_174602/handoffs/handoff_st-nightsweep-sw11-20260929.json | tmp/runtime_backups/runtime_handoffs_20260929_181346/handoffs/handoff_st-nightsweep-sw11-20260929.json | tmp/runtime_backups/runtime_handoffs_20260929_182834/handoffs/handoff_st-nightsweep-sw11-20260929.json | tmp/runtime_backups/runtime_handoffs_20260929_183328/handoffs/handoff_st-nightsweep-sw11-20260929.json | tests/governance/commit_gates/test_asyncio_run_in_context_gate.py ...(+1 more, full list in f3_consumer_detail.csv)",有触发,"ASYNCIO-RUN-IN-CONTEXT: ASYNCIO-RUN-IN-CONTEXT（CommitGate, priority=122）",active,commit-gate,2088,1564,0,0,0,0,4313,594,0,39,2088,
NO-BARE-GETENV,2088,569,36,SECRETS.md | data/databases/backups/depgraph_backup_20260721_220004.sql | data/databases/backups/depgraph_backup_20260814_aigit001_taskboard.sql | data/databases/backups/depgraph_backup_20260817_ai00close.sql | data/databases/backups/depgraph_backup_20260821_p06.sql | data/databases/backups/depgraph_backup_AI-DGR-001_20260817.sql | docs/01_policies_and_standards/_registry/catalogs/capability_canonical_file_registry.yaml | docs/01_policies_and_standards/_registry/catalogs/fail_open_register.yaml | docs/01_policies_and_standards/_registry/catalogs/in_process_gate_registry.yaml | docs/01_policies_and_standards/_registry/catalogs/module_translation_registry.yaml | docs/01_policies_and_standards/_registry/reports/gate_face_reconciliation.md | docs/01_policies_and_standards/_registry/reports/gate_face_reconciliation.yaml | docs/01_policies_and_standards/rules/trae_019_behavior_security_prohibition.yaml | docs/01_policies_and_standards/rules/trae_031_security_key_access.yaml | docs/01_policies_and_standards/sop/governance_sop/agent_constitution_legacy_v1.md | docs/01_policies_and_standards/sop/governance_sop/commit_guide_sources/gate_digest_registry.yaml | docs/01_policies_and_standards/sop/governance_sop/commit_navigation_playbook.md | docs/02_enterprise_architecture/01_global_architecture_diagram/full_project_tree_en.md | docs/02_enterprise_architecture/01_global_architecture_diagram/full_project_tree_zh.md | docs/02_enterprise_architecture/02_domain_architecture_docs/18_d_gov_code_quality.md | docs/02_enterprise_architecture/02_domain_architecture_docs/51_d_gov_enforcement.md | docs/02_enterprise_architecture/02_domain_architecture_docs/_zoomable_html/18_d_gov_code_quality.html | docs/02_enterprise_architecture/02_domain_architecture_docs/_zoomable_html/51_d_gov_enforcement.html | docs/03_modules/_domain_gov_enforcement/algo_flow/commit_gates/b/bare_getenv_gate.yaml | docs/_archive/ruling_100pct_ai_governance_hardening.md | docs/_archive/ruling_secrets_governance_100pct_ai.md | src/zephyr/gov_enforcement/commit_gates/bare_getenv_gate.py | src/zephyr/gov_enforcement/commit_gates/secret_hardcode_gate.py | src/zephyr/gov_enforcement/commit_gates/secret_registry_consistency_gate.py | src/zephyr/shared/api/shared_quickref.yaml | tmp/ec1_enq2.txt | tmp/ec1_enq3.txt | tmp/ec1_enq4.txt | tmp/ec1_enqueue_out.txt | tests/governance/commit_gates/test_bare_getenv_gate.py | tests/governance/red_blue_pkg14/test_rb14_s7_cross_lane.py,有触发,"NO-BARE-GETENV: NO-BARE-GETENV（CommitGate, priority=81）",active,commit-gate,2088,510,0,0,0,0,992,758,0,34,2088,
NO-BARE-SQL,2341,646,267,".trae/documents/algorithm_overview_architecture_decision.md | .trae/documents/plan_battle_map_algorithm_field_autogen.md | .workbuddy/memory/2026-09-12.md | .workbuddy/memory/2026-09-15.md | data/databases/backups/depgraph_backup_20260721_220004.sql | data/databases/backups/depgraph_backup_20260814_aigit001_taskboard.sql | data/databases/backups/depgraph_backup_20260817_ai00close.sql | data/databases/backups/depgraph_backup_20260821_p06.sql | data/databases/backups/depgraph_backup_AI-DGR-001_20260817.sql | docs/01_policies_and_standards/_registry/catalogs/architecture_issue_registry.yaml | docs/01_policies_and_standards/_registry/catalogs/capability_canonical_file_registry.yaml | docs/01_policies_and_standards/_registry/catalogs/in_process_gate_registry.yaml | docs/01_policies_and_standards/_registry/catalogs/module_translation_registry.yaml | docs/01_policies_and_standards/_registry/catalogs/noqa_exempt_registry.yaml | docs/01_policies_and_standards/_registry/catalogs/ruling_registry.yaml | docs/01_policies_and_standards/_registry/reports/gate_face_reconciliation.md | docs/01_policies_and_standards/_registry/reports/gate_face_reconciliation.yaml | docs/01_policies_and_standards/rules/trae_020_behavior_governance_prohibition.yaml | docs/01_policies_and_standards/rules/trae_063_data_ops_discipline.yaml | docs/01_policies_and_standards/sop/construction_sop/lane_construction_discipline_policy.md | docs/01_policies_and_standards/sop/governance_sop/commit_guide_sources/gate_digest_registry.yaml | docs/01_policies_and_standards/sop/governance_sop/commit_navigation_playbook.md | docs/02_enterprise_architecture/01_global_architecture_diagram/full_project_tree_en.md | docs/02_enterprise_architecture/01_global_architecture_diagram/full_project_tree_zh.md | docs/02_enterprise_architecture/02_domain_architecture_docs/10_d_data.md | docs/02_enterprise_architecture/02_domain_architecture_docs/18_d_gov_code_quality.md | docs/02_enterprise_architecture/02_domain_architecture_docs/20_d_integration.md | docs/02_enterprise_architecture/02_domain_architecture_docs/25_d_reporting.md | docs/02_enterprise_architecture/02_domain_architecture_docs/26_d_security.md | docs/02_enterprise_architecture/02_domain_architecture_docs/32_d_audittest.md | docs/02_enterprise_architecture/02_domain_architecture_docs/47_d_governance.md | docs/02_enterprise_architecture/02_domain_architecture_docs/51_d_gov_enforcement.md | docs/02_enterprise_architecture/02_domain_architecture_docs/54_d_gov_scripts.md | docs/02_enterprise_architecture/02_domain_architecture_docs/62_d_plan.md | docs/02_enterprise_architecture/02_domain_architecture_docs/72_d_trading.md | docs/02_enterprise_architecture/02_domain_architecture_docs/_zoomable_html/18_d_gov_code_quality.html | docs/02_enterprise_architecture/02_domain_architecture_docs/_zoomable_html/51_d_gov_enforcement.html | docs/02_enterprise_architecture/08_algorithm_overview/system_foundation.md | docs/03_modules/_cross_layer/gate_engine/blueprint.md | docs/03_modules/_domain_gov_enforcement/algo_flow/commit_gates/b/bare_sql_gate.yaml ...(+227 more, full list in f3_consumer_detail.csv)",有触发,"NO-BARE-SQL: NO-BARE-SQL（CommitGate, priority=94）",active,commit-gate,2088,1380,34,219,0,0,6599,1345,0,256,2341,
BARE-SUBPROCESS,2001,574,48,".trae/documents/_arch_issue_full_backup.yaml | .workbuddy/memory/2026-10-03.md | data/databases/backups/depgraph_backup_20260721_220004.sql | data/databases/backups/depgraph_backup_20260814_aigit001_taskboard.sql | data/databases/backups/depgraph_backup_20260817_ai00close.sql | data/databases/backups/depgraph_backup_20260821_p06.sql | data/databases/backups/depgraph_backup_AI-DGR-001_20260817.sql | docs/01_policies_and_standards/_registry/catalogs/architecture_issue_registry.yaml | docs/01_policies_and_standards/_registry/catalogs/capability_canonical_file_registry.yaml | docs/01_policies_and_standards/_registry/catalogs/fail_open_register.yaml | docs/01_policies_and_standards/_registry/catalogs/in_process_gate_registry.yaml | docs/01_policies_and_standards/_registry/catalogs/module_translation_registry.yaml | docs/01_policies_and_standards/_registry/catalogs/noqa_exempt_registry.yaml | docs/01_policies_and_standards/_registry/reports/gate_face_reconciliation.md | docs/01_policies_and_standards/_registry/reports/gate_face_reconciliation.yaml | docs/01_policies_and_standards/rules/trae_067_window_flash_discipline.yaml | docs/01_policies_and_standards/sop/construction_sop/lane_construction_discipline_policy.md | docs/01_policies_and_standards/sop/governance_sop/commit_guide_sources/gate_digest_registry.yaml | docs/01_policies_and_standards/sop/governance_sop/commit_navigation_playbook.md | docs/02_enterprise_architecture/01_global_architecture_diagram/full_project_tree_en.md | docs/02_enterprise_architecture/01_global_architecture_diagram/full_project_tree_zh.md | docs/02_enterprise_architecture/02_domain_architecture_docs/18_d_gov_code_quality.md | docs/02_enterprise_architecture/02_domain_architecture_docs/47_d_governance.md | docs/02_enterprise_architecture/02_domain_architecture_docs/51_d_gov_enforcement.md | docs/02_enterprise_architecture/02_domain_architecture_docs/_zoomable_html/51_d_gov_enforcement.html | docs/03_modules/_domain_gov_enforcement/algo_flow/commit_gates/b/bare_subprocess_gate.yaml | docs/03_modules/_domain_library/blueprint.md | docs/_archive/ruling_100pct_ai_governance_hardening.md | docs/_archive/ruling_runcommand_window_flash.md | docs/_archive/ruling_workspace_drift_systemic.md | scripts/governance/d5_architecture/checkers/check_code_duplication.py | scripts/governance/generate_gate_face_reconciliation.py | scripts/governance/meta/validate_rules_integrity.py | scripts/governance/replay_gate_verdicts.py | scripts/governance/session_takeover_ledger.py | src/zephyr/ai_layer/switch_engine/revert_drill.py | src/zephyr/ai_layer/switch_engine/tombstone_manager.py | src/zephyr/gov_enforcement/commit_gates/bare_subprocess_gate.py | src/zephyr/gov_enforcement/commit_gates/consumers_accuracy_gate.py | src/zephyr/gov_enforcement/rule_bridge/session_worktree.py ...(+8 more, full list in f3_consumer_detail.csv)",有触发,"BARE-SUBPROCESS: BARE-SUBPROCESS（CommitGate, priority=132）",active,commit-gate,1996,1132,5,0,0,0,4856,1347,0,46,2001,
GATE-BATTLE-MAP-ALIGNMENT,184,0,15,docs/01_policies_and_standards/_registry/catalogs/architecture_issue_registry.yaml | docs/01_policies_and_standards/_registry/catalogs/capability_canonical_file_registry.yaml | docs/02_enterprise_architecture/01_global_architecture_diagram/full_project_tree_en.md | docs/02_enterprise_architecture/01_global_architecture_diagram/full_project_tree_zh.md | docs/02_enterprise_architecture/02_domain_architecture_docs/18_d_gov_code_quality.md | docs/03_modules/_domain_gov_enforcement/algo_flow/commit_gates/b/battle_map_alignment_gate.yaml | scripts/governance/apply_battle_map.py | scripts/governance/generators/generate_gate_registry.py | src/zephyr/ai_layer/redline/negative_list_gates.py | src/zephyr/gov_enforcement/commit_gates/__init__.py | src/zephyr/gov_enforcement/commit_gates/battle_map_alignment_gate.py | src/zephyr/gov_enforcement/commit_gates/panorama_alignment_gate.py | tmp/ec1_enq2.txt | tmp/ec1_enqueue_out.txt | tests/governance/rule_bridge/test_gate_auto_registrar.py,有触发,GATE-BATTLE-MAP-ALIGNMENT: 作战地图对齐（已合并至 MAP-ALIGNMENT，st-gslim-20260923 P4）,deprecated,manual,183,0,1,0,0,0,64,0,0,14,184,
BLUEPRINT-HEADER,630,160,16,config/construction_workflow_map.yaml | docs/01_policies_and_standards/_registry/catalogs/in_process_gate_registry.yaml | docs/01_policies_and_standards/_registry/reports/gate_face_reconciliation.md | docs/01_policies_and_standards/_registry/reports/gate_face_reconciliation.yaml | docs/01_policies_and_standards/sop/governance_sop/commit_guide_sources/file_type_checklists_registry.yaml | docs/01_policies_and_standards/sop/governance_sop/commit_guide_sources/gate_digest_registry.yaml | docs/01_policies_and_standards/sop/governance_sop/commit_navigation_playbook.md | scripts/governance/generators/generate_gate_registry.py | src/zephyr/gov_enforcement/commit_gates/_tree_view.py | src/zephyr/gov_enforcement/commit_gates/blueprint_amodule_consistency_gate.py | src/zephyr/gov_enforcement/commit_gates/blueprint_amodule_cross_check_gate.py | src/zephyr/gov_enforcement/commit_gates/blueprint_format_gate.py | src/zephyr/gov_enforcement/rule_bridge/gate_cache_preflight.py | tests/governance/commit_gates/test_blueprint_amodule_consistency_gate.py | tests/governance/commit_gates/test_doc_header_suite_gate.py | tests/governance/commit_gates/test_p4_merged_gates.py,有触发,BLUEPRINT-HEADER: A_module 头声明一致性聚合（已合并至 DOC-HEADER-SUITE，st-commitspeed-pkg8-20,deprecated,manual,625,139,5,0,0,0,0,0,0,13,630,
BLUEPRINT-AMODULE-CROSS-CHECK,1055,0,17,.trae/documents/_arch_issue_full_backup.yaml | data/databases/backups/depgraph_backup_20260814_aigit001_taskboard.sql | data/databases/backups/depgraph_backup_20260817_ai00close.sql | data/databases/backups/depgraph_backup_20260821_p06.sql | data/databases/backups/depgraph_backup_AI-DGR-001_20260817.sql | docs/01_policies_and_standards/_registry/catalogs/architecture_issue_registry.yaml | docs/01_policies_and_standards/_registry/catalogs/module_translation_registry.yaml | docs/01_policies_and_standards/_registry/catalogs/noqa_exempt_registry.yaml | docs/02_enterprise_architecture/01_global_architecture_diagram/full_project_tree_en.md | docs/02_enterprise_architecture/01_global_architecture_diagram/full_project_tree_zh.md | docs/02_enterprise_architecture/02_domain_architecture_docs/18_d_gov_code_quality.md | docs/02_enterprise_architecture/02_domain_architecture_docs/51_d_gov_enforcement.md | docs/02_enterprise_architecture/02_domain_architecture_docs/_zoomable_html/51_d_gov_enforcement.html | scripts/governance/generators/generate_gate_registry.py | src/zephyr/gov_enforcement/commit_gates/blueprint_amodule_consistency_gate.py | src/zephyr/gov_enforcement/commit_gates/blueprint_amodule_cross_check_gate.py | tests/governance/commit_gates/test_blueprint_amodule_cross_check_gate.py,有触发,BLUEPRINT-AMODULE-CROSS-CHECK: 蓝图↔A_module 交叉校验（已合并至 BLUEPRINT-HEADER，st-gslim-2,deprecated,manual,1054,0,1,0,0,0,40,0,0,16,1055,
DOC-HEADER-SUITE,596,589,61,"docs/01_policies_and_standards/_registry/catalogs/in_process_gate_registry.yaml | docs/01_policies_and_standards/_registry/reports/gate_face_reconciliation.md | docs/01_policies_and_standards/_registry/reports/gate_face_reconciliation.yaml | docs/01_policies_and_standards/sop/governance_sop/commit_guide_sources/gate_digest_registry.yaml | docs/01_policies_and_standards/sop/governance_sop/commit_navigation_playbook.md | docs/02_enterprise_architecture/01_global_architecture_diagram/full_project_tree_en.md | docs/02_enterprise_architecture/01_global_architecture_diagram/full_project_tree_zh.md | docs/02_enterprise_architecture/02_domain_architecture_docs/07_d_shared.md | docs/02_enterprise_architecture/02_domain_architecture_docs/18_d_gov_code_quality.md | docs/02_enterprise_architecture/02_domain_architecture_docs/47_d_governance.md | docs/02_enterprise_architecture/02_domain_architecture_docs/51_d_gov_enforcement.md | docs/02_enterprise_architecture/02_domain_architecture_docs/_zoomable_html/47_d_governance.html | scripts/governance/generators/generate_gate_registry.py | scripts/governance/wave1b/dead_letter_prescriptions.py | src/zephyr/gov_enforcement/commit_gates/blueprint_amodule_consistency_gate.py | src/zephyr/gov_enforcement/commit_gates/blueprint_format_gate.py | src/zephyr/gov_enforcement/commit_gates/doc_ref_broken_gate.py | src/zephyr/gov_enforcement/commit_gates/exempt_zone_frontmatter_gate.py | src/zephyr/gov_enforcement/commit_gates/file_placement_ttl_gate.py | src/zephyr/gov_enforcement/commit_gates/module_id_consistency_gate.py | src/zephyr/gov_enforcement/commit_gates/ttl_gate.py | src/zephyr/gov_enforcement/rule_bridge/commit_preflight.py | src/zephyr/gov_enforcement/rule_bridge/git_commit_gateway.py | tmp/runtime_backups/runtime_handoffs_20260929_031839/handoffs/handoff_st-backup-cold-20260925-audit.json | tmp/runtime_backups/runtime_handoffs_20260929_031839/handoffs/handoff_st-commitspeed-pkg8-20260925.json | tmp/runtime_backups/runtime_handoffs_20260929_031839/handoffs/handoff_zc-lane-g-20260927.json | tmp/runtime_backups/runtime_handoffs_20260929_032232/handoffs/handoff_st-backup-cold-20260925-audit.json | tmp/runtime_backups/runtime_handoffs_20260929_032232/handoffs/handoff_st-commitspeed-pkg8-20260925.json | tmp/runtime_backups/runtime_handoffs_20260929_032232/handoffs/handoff_zc-lane-g-20260927.json | tmp/runtime_backups/runtime_handoffs_20260929_053410/handoffs/handoff_st-backup-cold-20260925-audit.json | tmp/runtime_backups/runtime_handoffs_20260929_053410/handoffs/handoff_st-commitspeed-pkg8-20260925.json | tmp/runtime_backups/runtime_handoffs_20260929_053410/handoffs/handoff_zc-lane-g-20260927.json | tmp/runtime_backups/runtime_handoffs_20260929_143706/handoffs/handoff_st-backup-cold-20260925-audit.json | tmp/runtime_backups/runtime_handoffs_20260929_143706/handoffs/handoff_st-commitspeed-pkg8-20260925.json | tmp/runtime_backups/runtime_handoffs_20260929_143706/handoffs/handoff_zc-lane-g-20260927.json | tmp/runtime_backups/runtime_handoffs_20260929_150313/handoffs/handoff_st-backup-cold-20260925-audit.json | tmp/runtime_backups/runtime_handoffs_20260929_150313/handoffs/handoff_st-commitspeed-pkg8-20260925.json | tmp/runtime_backups/runtime_handoffs_20260929_150313/handoffs/handoff_zc-lane-g-20260927.json | tmp/runtime_backups/runtime_handoffs_20260929_152237/handoffs/handoff_st-backup-cold-20260925-audit.json | tmp/runtime_backups/runtime_handoffs_20260929_152237/handoffs/handoff_st-commitspeed-pkg8-20260925.json ...(+21 more, full list in f3_consumer_detail.csv)",有触发,"DOC-HEADER-SUITE: DOC-HEADER-SUITE（CommitGate, priority=77）",active,commit-gate,576,0,20,0,0,0,1232,1156,0,57,596,
BLUEPRINT-NODE-ID-HARDCODE,2088,569,28,.trae/documents/_arch_issue_full_backup.yaml | .trae/documents/p1-in-process-gate-node-id-hardcode.md | data/databases/backups/depgraph_backup_20260814_aigit001_taskboard.sql | data/databases/backups/depgraph_backup_20260817_ai00close.sql | data/databases/backups/depgraph_backup_20260821_p06.sql | data/databases/backups/depgraph_backup_AI-DGR-001_20260817.sql | docs/01_policies_and_standards/_registry/catalogs/architecture_issue_registry.yaml | docs/01_policies_and_standards/_registry/catalogs/capability_canonical_file_registry.yaml | docs/01_policies_and_standards/_registry/catalogs/fail_open_register.yaml | docs/01_policies_and_standards/_registry/catalogs/in_process_gate_registry.yaml | docs/01_policies_and_standards/_registry/catalogs/module_translation_registry.yaml | docs/01_policies_and_standards/_registry/reports/gate_face_reconciliation.md | docs/01_policies_and_standards/_registry/reports/gate_face_reconciliation.yaml | docs/01_policies_and_standards/sop/construction_sop/construction_workflow_policy.md | docs/01_policies_and_standards/sop/governance_sop/agent_constitution_legacy_v1.md | docs/01_policies_and_standards/sop/governance_sop/commit_guide_sources/gate_digest_registry.yaml | docs/01_policies_and_standards/sop/governance_sop/commit_navigation_playbook.md | docs/02_enterprise_architecture/01_global_architecture_diagram/full_project_tree_en.md | docs/02_enterprise_architecture/01_global_architecture_diagram/full_project_tree_zh.md | docs/02_enterprise_architecture/02_domain_architecture_docs/18_d_gov_code_quality.md | docs/02_enterprise_architecture/02_domain_architecture_docs/51_d_gov_enforcement.md | docs/02_enterprise_architecture/02_domain_architecture_docs/_zoomable_html/18_d_gov_code_quality.html | src/zephyr/gov_enforcement/commit_gates/blueprint_node_id_hardcode_gate.py | src/zephyr/gov_enforcement/commit_gates/syntax_validation_gate.py | src/zephyr/gov_enforcement/rule_bridge/git_commit_gateway.py | src/zephyr/gov_enforcement/commit_gates/test_residue_ssot_gate.py | tests/governance/commit_gates/test_blueprint_node_id_hardcode_gate.py | tests/governance/commit_gates/test_test_residue_ssot_gate.py,有触发,"BLUEPRINT-NODE-ID-HARDCODE: BLUEPRINT-NODE-ID-HARDCODE（CommitGate, priority=57）",active,commit-gate,2088,0,0,0,0,0,109,86,0,25,2088,
BUSINESS-REGISTRY,656,569,39,docs/01_policies_and_standards/_registry/catalogs/architecture_issue_registry.yaml | docs/01_policies_and_standards/_registry/catalogs/capability_canonical_file_registry.yaml | docs/01_policies_and_standards/_registry/catalogs/in_process_gate_registry.yaml | docs/01_policies_and_standards/_registry/catalogs/module_translation_registry.yaml | docs/01_policies_and_standards/_registry/reports/gate_face_reconciliation.md | docs/01_policies_and_standards/_registry/reports/gate_face_reconciliation.yaml | docs/01_policies_and_standards/sop/governance_sop/agent_constitution_legacy_v1.md | docs/01_policies_and_standards/sop/governance_sop/alignment_checklist.md | docs/01_policies_and_standards/sop/governance_sop/commit_guide_sources/file_type_checklists_registry.yaml | docs/01_policies_and_standards/sop/governance_sop/commit_guide_sources/gate_digest_registry.yaml | docs/01_policies_and_standards/sop/governance_sop/commit_navigation_playbook.md | docs/02_enterprise_architecture/01_global_architecture_diagram/full_project_tree_en.md | docs/02_enterprise_architecture/01_global_architecture_diagram/full_project_tree_zh.md | docs/02_enterprise_architecture/02_domain_architecture_docs/18_d_gov_code_quality.md | docs/02_enterprise_architecture/02_domain_architecture_docs/47_d_governance.md | docs/02_enterprise_architecture/02_domain_architecture_docs/_zoomable_html/18_d_gov_code_quality.html | docs/02_enterprise_architecture/04_architecture_principles_decisions/panorama/battle_map_coverage_ruling_20260915.md | docs/03_modules/_domain_gov_enforcement/algo_flow/commit_gates/b/business_registry_gate.yaml | scripts/battle_map_coverage_audit.py | scripts/governance/d3_metadata/generate_data_asset_coverage.py | scripts/governance/d5_architecture/generators/check_decision_map.py | src/zephyr/gov_enforcement/commit_gates/__init__.py | src/zephyr/gov_enforcement/commit_gates/_tree_view.py | src/zephyr/gov_enforcement/commit_gates/business_registry_gate.py | src/zephyr/gov_enforcement/commit_gates/industry_chain_map_gate.py | src/zephyr/gov_enforcement/registry_alignment.py | tmp/runtime_backups/runtime_handoffs_20260929_031839/handoffs/handoff_st-zc8-lane-rb2-20260928.json | tmp/runtime_backups/runtime_handoffs_20260929_032232/handoffs/handoff_st-zc8-lane-rb2-20260928.json | tmp/runtime_backups/runtime_handoffs_20260929_053410/handoffs/handoff_st-zc8-lane-rb2-20260928.json | tmp/runtime_backups/runtime_handoffs_20260929_143706/handoffs/handoff_st-zc8-lane-rb2-20260928.json | tmp/runtime_backups/runtime_handoffs_20260929_150313/handoffs/handoff_st-zc8-lane-rb2-20260928.json | tmp/runtime_backups/runtime_handoffs_20260929_152237/handoffs/handoff_st-zc8-lane-rb2-20260928.json | tmp/runtime_backups/runtime_handoffs_20260929_174602/handoffs/handoff_st-zc8-lane-rb2-20260928.json | tmp/runtime_backups/runtime_handoffs_20260929_181346/handoffs/handoff_st-zc8-lane-rb2-20260928.json | tmp/runtime_backups/runtime_handoffs_20260929_182834/handoffs/handoff_st-zc8-lane-rb2-20260928.json | tmp/runtime_backups/runtime_handoffs_20260929_183328/handoffs/handoff_st-zc8-lane-rb2-20260928.json | tests/governance/redblue_wave73/test_v5_forged_production_status.py | tests/governance/rule_bridge/test_gate_auto_registrar.py | tests/governance/test_alignment_gates_red_blue.py,有触发,"BUSINESS-REGISTRY: 业务资产库入库门禁（BUSINESS-REGISTRY，priority=139）（CommitGate, priorit",active,commit-gate,654,0,2,0,0,0,112,0,0,36,656,
CAP-CONSISTENCY,2092,569,36,.trae/documents/_arch_issue_full_backup.yaml | data/databases/backups/depgraph_backup_20260721_220004.sql | data/databases/backups/depgraph_backup_20260814_aigit001_taskboard.sql | data/databases/backups/depgraph_backup_20260817_ai00close.sql | data/databases/backups/depgraph_backup_20260821_p06.sql | data/databases/backups/depgraph_backup_AI-DGR-001_20260817.sql | docs/01_policies_and_standards/_registry/catalogs/architecture_issue_registry.yaml | docs/01_policies_and_standards/_registry/catalogs/capability_canonical_file_registry.yaml | docs/01_policies_and_standards/_registry/catalogs/fail_open_register.yaml | docs/01_policies_and_standards/_registry/catalogs/in_process_gate_registry.yaml | docs/01_policies_and_standards/_registry/catalogs/module_translation_registry.yaml | docs/01_policies_and_standards/_registry/catalogs/ruling_registry.yaml | docs/01_policies_and_standards/_registry/reports/gate_face_reconciliation.md | docs/01_policies_and_standards/_registry/reports/gate_face_reconciliation.yaml | docs/01_policies_and_standards/rules/trae_055_arch_domain_capacity.yaml | docs/01_policies_and_standards/sop/governance_sop/commit_guide_sources/gate_digest_registry.yaml | docs/01_policies_and_standards/sop/governance_sop/commit_navigation_playbook.md | docs/02_enterprise_architecture/02_domain_architecture_docs/18_d_gov_code_quality.md | docs/02_enterprise_architecture/02_domain_architecture_docs/51_d_gov_enforcement.md | docs/02_enterprise_architecture/02_domain_architecture_docs/_zoomable_html/18_d_gov_code_quality.html | docs/03_modules/_cross_layer/gate_engine/blueprint.md | docs/03_modules/_domain_gov_enforcement/algo_flow/commit_gates/c/capability_consistency_gate.yaml | src/zephyr/data/implementations/akshare_provider.py | src/zephyr/data/implementations/crypto_event_calendar.py | src/zephyr/data/implementations/crypto_profile_provider.py | src/zephyr/data/implementations/crypto_provider.py | src/zephyr/data/implementations/hyperliquid_provider.py | src/zephyr/data/implementations/internal_compute_provider.py | src/zephyr/data/implementations/onchain_provider.py | src/zephyr/data/scheduler.py | src/zephyr/gov_enforcement/commit_gates/capability_consistency_gate.py | src/zephyr/gov_enforcement/commit_gates/depgraph_write_path_gate.py | src/zephyr/gov_enforcement/commit_gates/test_source_consistency_gate.py | tests/data/test_fx_ecb_provider.py | tests/governance/commit_gates/test_repo_state_observation.py | tests/zephyr/data/test_capability_symbol_gate.py,有触发,"CAP-CONSISTENCY: CAP-CONSISTENCY（CommitGate, priority=101）",active,commit-gate,2088,0,4,0,0,0,800,76,0,32,2092,
CAPABILITY-LOOKUP-REQUIRED,809,634,73,".openclaw-attachments/20260914-141342-bf9814a2-9a7-pasted_text_20260914-141342.txt | .openclaw-attachments/20260914-141353-9004101e-ad2-pasted_text_20260914-141353.txt | .openclaw-attachments/20260914-192440-9cfb5ee4-dc0-pasted_text_20260914-192440.txt | .openclaw-attachments/20260914-222449-a8101d0b-a15-pasted_text_20260914-222449.txt | .trae/documents/P3_leftover_todos_strategic_ruling_and_treatment_plan.md | .trae/documents/_arch_issue_full_backup.yaml | .trae/documents/algo_flow_calibrated/MOD-INF-014.txt | .trae/documents/algo_flow_calibrated/MOD-INF-037.txt | .trae/documents/capability-lookup-bypass-reapply-plan.md | .trae/documents/capability-lookup-bypass-remaining-implementation.md | .trae/documents/capability-lookup-bypass-root-cause-fix.md | .trae/documents/execute_a_remaining_gates_and_registry_qa.md | .trae/documents/warn_only_to_hard_gate_batch.md | .workbuddy/memory/2026-09-12.md | .workbuddy/memory/2026-09-15.md | config/construction_workflow_map.yaml | config/mcp.json | data/databases/backups/depgraph_backup_20260721_220004.sql | data/databases/backups/depgraph_backup_20260814_aigit001_taskboard.sql | data/databases/backups/depgraph_backup_20260817_ai00close.sql | data/databases/backups/depgraph_backup_20260821_p06.sql | data/databases/backups/depgraph_backup_AI-DGR-001_20260817.sql | docs/01_policies_and_standards/_registry/catalogs/architecture_issue_registry.yaml | docs/01_policies_and_standards/_registry/catalogs/capability_canonical_file_registry.yaml | docs/01_policies_and_standards/_registry/catalogs/cross_module_dependency_registry.yaml | docs/01_policies_and_standards/_registry/catalogs/governance_convergence_map.yaml | docs/01_policies_and_standards/_registry/catalogs/in_process_gate_registry.yaml | docs/01_policies_and_standards/_registry/catalogs/module_translation_registry.yaml | docs/01_policies_and_standards/_registry/catalogs/rule_ai_perception_index.yaml | docs/01_policies_and_standards/_registry/catalogs/rule_catalog_registry.yaml | docs/01_policies_and_standards/_registry/reports/gate_face_reconciliation.md | docs/01_policies_and_standards/_registry/reports/gate_face_reconciliation.yaml | docs/01_policies_and_standards/rules/trae_065_capability_lookup_required.yaml | docs/01_policies_and_standards/rules/trae_077_capability_lookup_scene_classify.yaml | docs/01_policies_and_standards/sop/construction_sop/construction_workflow_policy.md | docs/01_policies_and_standards/sop/construction_sop/frontend_component_split_policy.md | docs/01_policies_and_standards/sop/construction_sop/lane_construction_discipline_policy.md | docs/01_policies_and_standards/sop/governance_sop/commit_guide_sources/death_cases_registry.yaml | docs/01_policies_and_standards/sop/governance_sop/commit_guide_sources/file_type_checklists_registry.yaml | docs/01_policies_and_standards/sop/governance_sop/commit_guide_sources/gate_digest_registry.yaml ...(+33 more, full list in f3_consumer_detail.csv)",有触发,"CAPABILITY-LOOKUP-REQUIRED: CAPABILITY-LOOKUP-REQUIRED（CommitGate, priority=31）",active,commit-gate,650,0,13,146,0,0,1485,571,0,68,809,
CAPABILITY-OVERLAP,1930,400,69,".trae/documents/_arch_issue_full_backup.yaml | .trae/documents/algo_flow_calibrated/MOD-CLONE_GUARD.txt | config/mcp.json | data/databases/backups/depgraph_backup_20260721_220004.sql | data/databases/backups/depgraph_backup_20260814_aigit001_taskboard.sql | data/databases/backups/depgraph_backup_20260817_ai00close.sql | data/databases/backups/depgraph_backup_20260821_p06.sql | data/databases/backups/depgraph_backup_AI-DGR-001_20260817.sql | docs/01_policies_and_standards/_registry/catalogs/architecture_issue_registry.yaml | docs/01_policies_and_standards/_registry/catalogs/capability_canonical_file_registry.yaml | docs/01_policies_and_standards/_registry/catalogs/in_process_gate_registry.yaml | docs/01_policies_and_standards/_registry/catalogs/module_translation_registry.yaml | docs/01_policies_and_standards/_registry/catalogs/ruling_registry.yaml | docs/01_policies_and_standards/_registry/reports/gate_face_reconciliation.md | docs/01_policies_and_standards/_registry/reports/gate_face_reconciliation.yaml | docs/01_policies_and_standards/sop/construction_sop/lane_construction_discipline_policy.md | docs/01_policies_and_standards/sop/governance_sop/agent_constitution_legacy_v1.md | docs/01_policies_and_standards/sop/governance_sop/commit_guide_sources/file_type_checklists_registry.yaml | docs/01_policies_and_standards/sop/governance_sop/commit_guide_sources/gate_digest_registry.yaml | docs/01_policies_and_standards/sop/governance_sop/commit_navigation_playbook.md | docs/02_enterprise_architecture/01_global_architecture_diagram/full_project_tree_en.md | docs/02_enterprise_architecture/01_global_architecture_diagram/full_project_tree_zh.md | docs/02_enterprise_architecture/02_domain_architecture_docs/18_d_gov_code_quality.md | docs/02_enterprise_architecture/02_domain_architecture_docs/47_d_governance.md | docs/02_enterprise_architecture/02_domain_architecture_docs/51_d_gov_enforcement.md | docs/02_enterprise_architecture/02_domain_architecture_docs/_zoomable_html/18_d_gov_code_quality.html | docs/02_enterprise_architecture/02_domain_architecture_docs/_zoomable_html/51_d_gov_enforcement.html | docs/02_enterprise_architecture/08_algorithm_overview/_zoomable_html/system_foundation.html | docs/02_enterprise_architecture/08_algorithm_overview/system_foundation.md | docs/03_modules/_cross_layer/clone_guard/blueprint.md | docs/03_modules/_domain_gov_enforcement/algo_flow/clone_guard__init__.yaml | docs/_archive/ruling_100pct_ai_governance_hardening.md | docs/_archive/ruling_workspace_drift_systemic.md | echo-guard.yml | logs/lane-land-code.md | scripts/governance/wave1b/dead_letter_prescriptions.py | src/zephyr/clone_guard/__init__.py | src/zephyr/clone_guard/mcp_server.py | src/zephyr/clone_guard/orchestrator.py | src/zephyr/gov_enforcement/commit_gates/_diff_helpers.py ...(+29 more, full list in f3_consumer_detail.csv)",有触发,"CAPABILITY-OVERLAP: CAPABILITY-OVERLAP（CommitGate, priority=200）",active,commit-gate,1882,0,48,0,0,0,3666,961,0,64,1930,
CH-BATCH-SIZE,2099,569,36,.trae/documents/_arch_issue_full_backup.yaml | data/databases/backups/depgraph_backup_20260721_220004.sql | data/databases/backups/depgraph_backup_20260814_aigit001_taskboard.sql | data/databases/backups/depgraph_backup_20260817_ai00close.sql | data/databases/backups/depgraph_backup_20260821_p06.sql | data/databases/backups/depgraph_backup_AI-DGR-001_20260817.sql | docs/01_policies_and_standards/_registry/catalogs/architecture_issue_registry.yaml | docs/01_policies_and_standards/_registry/catalogs/capability_canonical_file_registry.yaml | docs/01_policies_and_standards/_registry/catalogs/fail_open_register.yaml | docs/01_policies_and_standards/_registry/catalogs/in_process_gate_registry.yaml | docs/01_policies_and_standards/_registry/catalogs/module_translation_registry.yaml | docs/01_policies_and_standards/_registry/reports/gate_face_reconciliation.md | docs/01_policies_and_standards/_registry/reports/gate_face_reconciliation.yaml | docs/01_policies_and_standards/sop/construction_sop/lane_construction_discipline_policy.md | docs/01_policies_and_standards/sop/governance_sop/commit_guide_sources/file_type_checklists_registry.yaml | docs/01_policies_and_standards/sop/governance_sop/commit_guide_sources/gate_digest_registry.yaml | docs/01_policies_and_standards/sop/governance_sop/commit_navigation_playbook.md | docs/02_enterprise_architecture/01_global_architecture_diagram/full_project_tree_en.md | docs/02_enterprise_architecture/01_global_architecture_diagram/full_project_tree_zh.md | docs/02_enterprise_architecture/02_domain_architecture_docs/18_d_gov_code_quality.md | docs/02_enterprise_architecture/02_domain_architecture_docs/51_d_gov_enforcement.md | docs/02_enterprise_architecture/02_domain_architecture_docs/_zoomable_html/18_d_gov_code_quality.html | docs/02_enterprise_architecture/02_domain_architecture_docs/_zoomable_html/51_d_gov_enforcement.html | docs/03_modules/_cross_layer/gate_engine/blueprint.md | docs/03_modules/_domain_data/data_source_integrator_blueprint.md | docs/03_modules/_domain_gov_enforcement/algo_flow/commit_gates/c/ch_batch_size_gate.yaml | scripts/ch/build_anchored_state_history.py | scripts/ch/build_consensus_daily_repaired.py | src/zephyr/gov_enforcement/commit_gates/_tree_view.py | src/zephyr/gov_enforcement/commit_gates/ch_batch_size_gate.py | src/zephyr/gov_enforcement/commit_gates/ch_final_gate.py | src/zephyr/gov_enforcement/commit_gates/manual_only_permanent_gate.py | src/zephyr/gov_enforcement/commit_gates/rename_depgraph_sync_gate.py | src/zephyr/gov_enforcement/rule_bridge/gate_cache_preflight.py | tests/governance/commit_gates/test_ch_batch_size_gate.py | tests/governance/test_s1_own_tree_throat.py,有触发,"CH-BATCH-SIZE: CH-BATCH-SIZE（CommitGate, priority=36）",active,commit-gate,2088,416,11,0,0,0,92,0,0,34,2099,
CH-FINAL-GATE,2092,569,49,".trae/documents/_arch_issue_full_backup.yaml | data/databases/backups/depgraph_backup_20260721_220004.sql | data/databases/backups/depgraph_backup_20260814_aigit001_taskboard.sql | data/databases/backups/depgraph_backup_20260817_ai00close.sql | data/databases/backups/depgraph_backup_20260821_p06.sql | data/databases/backups/depgraph_backup_AI-DGR-001_20260817.sql | docs/01_policies_and_standards/_registry/catalogs/architecture_issue_registry.yaml | docs/01_policies_and_standards/_registry/catalogs/capability_canonical_file_registry.yaml | docs/01_policies_and_standards/_registry/catalogs/in_process_gate_registry.yaml | docs/01_policies_and_standards/_registry/catalogs/module_translation_registry.yaml | docs/01_policies_and_standards/_registry/reports/gate_face_reconciliation.md | docs/01_policies_and_standards/_registry/reports/gate_face_reconciliation.yaml | docs/01_policies_and_standards/sop/governance_sop/commit_guide_sources/file_type_checklists_registry.yaml | docs/01_policies_and_standards/sop/governance_sop/commit_guide_sources/gate_digest_registry.yaml | docs/01_policies_and_standards/sop/governance_sop/commit_navigation_playbook.md | docs/02_enterprise_architecture/01_global_architecture_diagram/full_project_tree_en.md | docs/02_enterprise_architecture/01_global_architecture_diagram/full_project_tree_zh.md | docs/02_enterprise_architecture/02_domain_architecture_docs/10_d_data.md | docs/02_enterprise_architecture/02_domain_architecture_docs/18_d_gov_code_quality.md | docs/02_enterprise_architecture/02_domain_architecture_docs/51_d_gov_enforcement.md | docs/02_enterprise_architecture/02_domain_architecture_docs/_zoomable_html/18_d_gov_code_quality.html | docs/02_enterprise_architecture/02_domain_architecture_docs/_zoomable_html/51_d_gov_enforcement.html | docs/03_modules/_cross_layer/gate_engine/blueprint.md | docs/03_modules/_domain_gov_enforcement/algo_flow/commit_gates/c/ch_final_gate.yaml | logs/lane-land-code.md | scripts/ch/apply_consensus_daily_ddl.py | scripts/ch/apply_financial_derived_ddl.py | scripts/ch/apply_fundamental_tables_ddl.py | scripts/ch/apply_regime_snapshot_ddl.py | scripts/ch/apply_research_report_ddl.py | scripts/ch/import_ths_profile.py | scripts/governance/wave1a/build_delivery_cards.py | scripts/governance/wave1b/dead_letter_census.py | scripts/governance/wave1b/dead_letter_prescriptions.py | src/zephyr/gov_enforcement/commit_gates/ch_final_gate.py | src/zephyr/gov_enforcement/commit_gates/table_name_registry_gate.py | tmp/ec1_enq2.txt | tmp/ec1_enqueue_out.txt | tmp/runtime_backups/runtime_handoffs_20260929_031839/handoffs/handoff_st-zcloseout-20260926.json | tmp/runtime_backups/runtime_handoffs_20260929_032232/handoffs/handoff_st-zcloseout-20260926.json ...(+9 more, full list in f3_consumer_detail.csv)",有触发,"CH-FINAL-GATE: CH-FINAL-GATE（CommitGate, priority=37）",active,commit-gate,2088,0,4,0,0,0,2169,1145,0,48,2092,
CH-VERSION-COL,2088,569,27,.trae/documents/_arch_issue_full_backup.yaml | data/databases/backups/depgraph_backup_20260721_220004.sql | data/databases/backups/depgraph_backup_20260814_aigit001_taskboard.sql | data/databases/backups/depgraph_backup_20260817_ai00close.sql | data/databases/backups/depgraph_backup_20260821_p06.sql | data/databases/backups/depgraph_backup_AI-DGR-001_20260817.sql | docs/01_policies_and_standards/_registry/catalogs/architecture_issue_registry.yaml | docs/01_policies_and_standards/_registry/catalogs/capability_canonical_file_registry.yaml | docs/01_policies_and_standards/_registry/catalogs/in_process_gate_registry.yaml | docs/01_policies_and_standards/_registry/catalogs/module_translation_registry.yaml | docs/01_policies_and_standards/_registry/reports/gate_face_reconciliation.md | docs/01_policies_and_standards/_registry/reports/gate_face_reconciliation.yaml | docs/01_policies_and_standards/sop/governance_sop/commit_guide_sources/file_type_checklists_registry.yaml | docs/01_policies_and_standards/sop/governance_sop/commit_guide_sources/gate_digest_registry.yaml | docs/01_policies_and_standards/sop/governance_sop/commit_navigation_playbook.md | docs/02_enterprise_architecture/01_global_architecture_diagram/full_project_tree_en.md | docs/02_enterprise_architecture/01_global_architecture_diagram/full_project_tree_zh.md | docs/02_enterprise_architecture/02_domain_architecture_docs/18_d_gov_code_quality.md | docs/02_enterprise_architecture/02_domain_architecture_docs/51_d_gov_enforcement.md | docs/02_enterprise_architecture/02_domain_architecture_docs/_zoomable_html/18_d_gov_code_quality.html | docs/02_enterprise_architecture/02_domain_architecture_docs/_zoomable_html/51_d_gov_enforcement.html | docs/03_modules/_cross_layer/gate_engine/blueprint.md | docs/03_modules/_domain_gov_enforcement/algo_flow/commit_gates/c/ch_version_col_gate.yaml | src/zephyr/gov_enforcement/commit_gates/ch_version_col_gate.py | src/zephyr/gov_enforcement/commit_gates/manual_only_permanent_gate.py | src/zephyr/gov_enforcement/commit_gates/rename_depgraph_sync_gate.py | tests/governance/commit_gates/test_ch_version_col_gate.py,有触发,"CH-VERSION-COL: CH-VERSION-COL（CommitGate, priority=38）",active,commit-gate,2088,878,0,0,0,0,276,48,0,26,2088,
CLAIM-REQUIRED,1310,733,61,".trae/documents/_arch_issue_full_backup.yaml | .trae/documents/depgraph_commit_and_foreign_change_gate_治本.md | .trae/documents/plan_worktree_required_gate.md | .trae/documents/混合提交治本_13a5e1d512裁定与COMMIT_SCOPE_gate方案.md | data/databases/backups/depgraph_backup_20260721_220004.sql | data/databases/backups/depgraph_backup_20260814_aigit001_taskboard.sql | data/databases/backups/depgraph_backup_20260817_ai00close.sql | data/databases/backups/depgraph_backup_20260821_p06.sql | data/databases/backups/depgraph_backup_AI-DGR-001_20260817.sql | docs/01_policies_and_standards/_registry/catalogs/architecture_issue_registry.yaml | docs/01_policies_and_standards/_registry/catalogs/capability_canonical_file_registry.yaml | docs/01_policies_and_standards/_registry/catalogs/in_process_gate_registry.yaml | docs/01_policies_and_standards/_registry/catalogs/module_translation_registry.yaml | docs/01_policies_and_standards/_registry/catalogs/ruling_registry.yaml | docs/01_policies_and_standards/_registry/reports/gate_face_reconciliation.md | docs/01_policies_and_standards/_registry/reports/gate_face_reconciliation.yaml | docs/01_policies_and_standards/sop/construction_sop/construction_workflow_policy.md | docs/01_policies_and_standards/sop/construction_sop/lane_construction_discipline_policy.md | docs/01_policies_and_standards/sop/governance_sop/agent_constitution_legacy_v1.md | docs/01_policies_and_standards/sop/governance_sop/commit_guide_sources/file_type_checklists_registry.yaml | docs/01_policies_and_standards/sop/governance_sop/commit_guide_sources/gate_digest_registry.yaml | docs/01_policies_and_standards/sop/governance_sop/commit_navigation_playbook.md | docs/02_enterprise_architecture/01_global_architecture_diagram/full_project_tree_en.md | docs/02_enterprise_architecture/01_global_architecture_diagram/full_project_tree_zh.md | docs/02_enterprise_architecture/02_domain_architecture_docs/18_d_gov_code_quality.md | docs/02_enterprise_architecture/02_domain_architecture_docs/26_d_security.md | docs/02_enterprise_architecture/02_domain_architecture_docs/47_d_governance.md | docs/02_enterprise_architecture/02_domain_architecture_docs/51_d_gov_enforcement.md | docs/02_enterprise_architecture/02_domain_architecture_docs/54_d_gov_scripts.md | docs/02_enterprise_architecture/02_domain_architecture_docs/_zoomable_html/18_d_gov_code_quality.html | docs/03_modules/_domain_gov_enforcement/algo_flow/commit_gates/c/claim_required_gate.yaml | docs/_archive/agents_md_slimming_test_design.md | scripts/commit_queue.py | scripts/git_commit.py | scripts/governance/commit_perf_report.py | scripts/governance/commit_queue_landing.py | scripts/governance/enqueue_preflight.py | scripts/governance/meta/gate_prerun.py | scripts/governance/wave1b/claim_gate_repro.py | scripts/governance/wave1b/dead_letter_prescriptions.py ...(+21 more, full list in f3_consumer_detail.csv)",有触发,"CLAIM-REQUIRED: CLAIM-REQUIRED（CommitGate, priority=40）",active,commit-gate,927,0,71,312,0,0,0,0,0,52,1310,
COMMIT-SCOPE,1271,658,48,".trae/documents/混合提交治本_13a5e1d512裁定与COMMIT_SCOPE_gate方案.md | .workbuddy/memory/2026-09-12.md | data/databases/backups/depgraph_backup_20260814_aigit001_taskboard.sql | data/databases/backups/depgraph_backup_20260817_ai00close.sql | data/databases/backups/depgraph_backup_20260821_p06.sql | data/databases/backups/depgraph_backup_AI-DGR-001_20260817.sql | docs/01_policies_and_standards/_registry/catalogs/in_process_gate_registry.yaml | docs/01_policies_and_standards/_registry/catalogs/module_translation_registry.yaml | docs/01_policies_and_standards/_registry/reports/gate_face_reconciliation.md | docs/01_policies_and_standards/_registry/reports/gate_face_reconciliation.yaml | docs/01_policies_and_standards/sop/construction_sop/construction_workflow_policy.md | docs/01_policies_and_standards/sop/construction_sop/lane_construction_discipline_policy.md | docs/01_policies_and_standards/sop/governance_sop/agent_constitution_legacy_v1.md | docs/01_policies_and_standards/sop/governance_sop/commit_guide_sources/gate_digest_registry.yaml | docs/01_policies_and_standards/sop/governance_sop/commit_navigation_playbook.md | docs/02_enterprise_architecture/01_global_architecture_diagram/full_project_tree_en.md | docs/02_enterprise_architecture/01_global_architecture_diagram/full_project_tree_zh.md | docs/02_enterprise_architecture/02_domain_architecture_docs/18_d_gov_code_quality.md | docs/02_enterprise_architecture/02_domain_architecture_docs/47_d_governance.md | docs/02_enterprise_architecture/02_domain_architecture_docs/_zoomable_html/18_d_gov_code_quality.html | docs/03_modules/_domain_gov_enforcement/algo_flow/commit_gates/c/commit_scope_gate.yaml | scripts/git_commit.py | scripts/governance/meta/gate_prerun.py | scripts/governance/qcure_offset_report.py | src/zephyr/gov_enforcement/commit_gates/__init__.py | src/zephyr/gov_enforcement/commit_gates/_tree_view.py | src/zephyr/gov_enforcement/commit_gates/commit_scope_gate.py | src/zephyr/gov_enforcement/commit_gates/hot_file_base_freshness_gate.py | src/zephyr/gov_enforcement/commit_gates/syntax_validation_gate.py | src/zephyr/gov_enforcement/rule_bridge/commit_preflight.py | src/zephyr/gov_enforcement/rule_bridge/git_commit_gateway.py | tmp/runtime_backups/runtime_handoffs_20260929_031839/handoffs/handoff_st-c8-kline.json | tmp/runtime_backups/runtime_handoffs_20260929_032232/handoffs/handoff_st-c8-kline.json | tmp/runtime_backups/runtime_handoffs_20260929_053410/handoffs/handoff_st-c8-kline.json | tmp/runtime_backups/runtime_handoffs_20260929_143706/handoffs/handoff_st-c8-kline.json | tmp/runtime_backups/runtime_handoffs_20260929_150313/handoffs/handoff_st-c8-kline.json | tmp/runtime_backups/runtime_handoffs_20260929_152237/handoffs/handoff_st-c8-kline.json | tmp/runtime_backups/runtime_handoffs_20260929_174602/handoffs/handoff_st-c8-kline.json | tmp/runtime_backups/runtime_handoffs_20260929_181346/handoffs/handoff_st-c8-kline.json | tmp/runtime_backups/runtime_handoffs_20260929_182834/handoffs/handoff_st-c8-kline.json ...(+8 more, full list in f3_consumer_detail.csv)",有触发,"COMMIT-SCOPE: COMMIT-SCOPE（CommitGate, priority=50）",active,commit-gate,1003,0,35,233,0,0,0,0,0,41,1271,
CONSUMERS-ACCURACY,2088,569,38,.trae/documents/_arch_issue_full_backup.yaml | data/databases/backups/depgraph_backup_20260721_220004.sql | data/databases/backups/depgraph_backup_20260814_aigit001_taskboard.sql | data/databases/backups/depgraph_backup_20260817_ai00close.sql | data/databases/backups/depgraph_backup_20260821_p06.sql | data/databases/backups/depgraph_backup_AI-DGR-001_20260817.sql | docs/01_policies_and_standards/_registry/catalogs/architecture_issue_registry.yaml | docs/01_policies_and_standards/_registry/catalogs/capability_canonical_file_registry.yaml | docs/01_policies_and_standards/_registry/catalogs/in_process_gate_registry.yaml | docs/01_policies_and_standards/_registry/catalogs/module_translation_registry.yaml | docs/01_policies_and_standards/_registry/catalogs/noqa_exempt_registry.yaml | docs/01_policies_and_standards/_registry/reports/gate_face_reconciliation.md | docs/01_policies_and_standards/_registry/reports/gate_face_reconciliation.yaml | docs/01_policies_and_standards/sop/governance_sop/commit_guide_sources/gate_digest_registry.yaml | docs/01_policies_and_standards/sop/governance_sop/commit_navigation_playbook.md | docs/02_enterprise_architecture/01_global_architecture_diagram/full_project_tree_en.md | docs/02_enterprise_architecture/01_global_architecture_diagram/full_project_tree_zh.md | docs/02_enterprise_architecture/02_domain_architecture_docs/18_d_gov_code_quality.md | docs/02_enterprise_architecture/02_domain_architecture_docs/48_d_gov_audit.md | docs/02_enterprise_architecture/02_domain_architecture_docs/51_d_gov_enforcement.md | docs/02_enterprise_architecture/02_domain_architecture_docs/_zoomable_html/18_d_gov_code_quality.html | docs/02_enterprise_architecture/02_domain_architecture_docs/_zoomable_html/51_d_gov_enforcement.html | docs/02_enterprise_architecture/08_algorithm_overview/_zoomable_html/system_foundation.html | docs/02_enterprise_architecture/08_algorithm_overview/system_foundation.md | docs/03_modules/_domain_gov_enforcement/algo_flow/commit_gates/c/consumers_accuracy_gate.yaml | docs/03_modules/_domain_gov_enforcement/algo_flow/commit_gates/r/reconciler_file_ops_gate.yaml | docs/_archive/05_intelligence_governance_consolidation.md | scripts/governance/d7_code/scan_consumers_accuracy.py | src/zephyr/gov_enforcement/commit_gates/_tree_view.py | src/zephyr/gov_enforcement/commit_gates/consumers_accuracy_gate.py | src/zephyr/gov_enforcement/commit_gates/precommit_offline_gate.py | src/zephyr/gov_enforcement/commit_gates/reconciler_file_ops_gate.py | src/zephyr/gov_enforcement/rule_bridge/git_commit_gateway.py | src/zephyr/governance/audit/reconciliation_registry.py | tests/governance/audit/test_stash_lifecycle.py | tests/governance/commit_gates/test_consumers_accuracy_gate.py | tests/governance/commit_gates/test_precommit_offline_gate.py | tests/governance/commit_gates/test_repo_state_observation.py,有触发,"CONSUMERS-ACCURACY: CONSUMERS-ACCURACY（CommitGate, priority=116）",active,commit-gate,2088,810,0,0,0,0,0,0,0,34,2088,
CREATE-GUARD,2853,959,259,".openclaw-attachments/20260914-222449-a8101d0b-a15-pasted_text_20260914-222449.txt | .openclaw-attachments/20260914-230948-a417fffe-12b-pasted_text_20260914-230948.txt | .trae/documents/P3_closure_gate_fixes.md | .trae/documents/P3_leftover_todos_strategic_ruling_and_treatment_plan.md | .trae/documents/P3_merge_conflict_resolution.md | .trae/documents/P3_phase_a_final_completion_plan.md | .trae/documents/P3_phase_a_residual_completion_plan.md | .trae/documents/_arch_issue_full_backup.yaml | .trae/documents/backtest_observability_mlflow_plan.md | .trae/documents/cicd-shadow-canary-infra-ex021.md | .trae/documents/commit_gate_registry_sync_plan.md | .trae/documents/depgraph_commit_and_foreign_change_gate_治本.md | .trae/documents/finish_decision_index_split_gate3_rerun_commit.md | .trae/documents/regime_phase1_feature_pipeline_execution_plan.md | .trae/documents/warn_to_hard_gate_final_registration.md | .trae/documents/warn_to_hard_gate_finish_commit.md | .trae/documents/技术指标清单骨架先行施工计划.md | .workbuddy/memory/2026-09-12.md | .workbuddy/memory/2026-09-15.md | .workbuddy/memory/2026-10-02.md | .workbuddy/memory/2026-10-03.md | AGENTS.md | config/audit_key_eras.yaml | config/construction_workflow_map.yaml | data/databases/backups/depgraph_backup_20260721_220004.sql | data/databases/backups/depgraph_backup_20260814_aigit001_taskboard.sql | data/databases/backups/depgraph_backup_20260817_ai00close.sql | data/databases/backups/depgraph_backup_20260821_p06.sql | data/databases/backups/depgraph_backup_AI-DGR-001_20260817.sql | docs/01_policies_and_standards/_registry/catalogs/architecture_issue_registry.yaml | docs/01_policies_and_standards/_registry/catalogs/capability_canonical_file_registry.yaml | docs/01_policies_and_standards/_registry/catalogs/in_process_gate_registry.yaml | docs/01_policies_and_standards/_registry/catalogs/module_translation_registry.yaml | docs/01_policies_and_standards/_registry/catalogs/ruling_registry.yaml | docs/01_policies_and_standards/_registry/reports/gate_face_reconciliation.md | docs/01_policies_and_standards/_registry/reports/gate_face_reconciliation.yaml | docs/01_policies_and_standards/rules/trae_001_file_operation_security.yaml | docs/01_policies_and_standards/rules/trae_047_engineering_file_header.yaml | docs/01_policies_and_standards/rules/trae_056_module_creation_workflow.yaml | docs/01_policies_and_standards/sop/audit_prompts_20_ai.md ...(+219 more, full list in f3_consumer_detail.csv)",有触发,"CREATE-GUARD: CREATE-GUARD（CommitGate, priority=60）",active,commit-gate,2088,0,114,624,0,27,15359,9508,0,226,2853,
REFERENCE-INTEGRITY,1042,570,54,"docs/01_policies_and_standards/_registry/catalogs/in_process_gate_registry.yaml | docs/01_policies_and_standards/_registry/catalogs/ruling_registry.yaml | docs/01_policies_and_standards/_registry/reports/gate_face_reconciliation.md | docs/01_policies_and_standards/_registry/reports/gate_face_reconciliation.yaml | docs/01_policies_and_standards/sop/governance_sop/commit_guide_sources/file_type_checklists_registry.yaml | docs/01_policies_and_standards/sop/governance_sop/commit_guide_sources/gate_digest_registry.yaml | docs/01_policies_and_standards/sop/governance_sop/commit_navigation_playbook.md | docs/02_enterprise_architecture/02_domain_architecture_docs/51_d_gov_enforcement.md | scripts/governance/generators/generate_gate_registry.py | scripts/governance/meta_question/redblue_metaq_suite.py | scripts/governance/meta_question/wo_intake_reconcile/patches/README.md | scripts/governance/wave1b/dead_letter_census.py | scripts/governance/wave1b/dead_letter_prescriptions.py | src/zephyr/gov_enforcement/commit_gates/arch_reference_gate.py | src/zephyr/gov_enforcement/commit_gates/dangling_reference_gate.py | src/zephyr/gov_enforcement/commit_gates/ruling_reference_gate.py | tmp/ec1_enq2.txt | tmp/ec1_enq3.txt | tmp/ec1_enq4.txt | tmp/ec1_enqueue_out.txt | tmp/runtime_backups/runtime_handoffs_20260929_031839/handoffs/handoff_st-final-build-20260926.json | tmp/runtime_backups/runtime_handoffs_20260929_031839/handoffs/handoff_st-nightsweep-sw11-20260929.json | tmp/runtime_backups/runtime_handoffs_20260929_031839/handoffs/handoff_zc-lane-v-20260927.json | tmp/runtime_backups/runtime_handoffs_20260929_032232/handoffs/handoff_st-final-build-20260926.json | tmp/runtime_backups/runtime_handoffs_20260929_032232/handoffs/handoff_st-nightsweep-sw11-20260929.json | tmp/runtime_backups/runtime_handoffs_20260929_032232/handoffs/handoff_zc-lane-v-20260927.json | tmp/runtime_backups/runtime_handoffs_20260929_053410/handoffs/handoff_st-final-build-20260926.json | tmp/runtime_backups/runtime_handoffs_20260929_053410/handoffs/handoff_st-nightsweep-sw11-20260929.json | tmp/runtime_backups/runtime_handoffs_20260929_053410/handoffs/handoff_zc-lane-v-20260927.json | tmp/runtime_backups/runtime_handoffs_20260929_143706/handoffs/handoff_st-final-build-20260926.json | tmp/runtime_backups/runtime_handoffs_20260929_143706/handoffs/handoff_st-nightsweep-sw11-20260929.json | tmp/runtime_backups/runtime_handoffs_20260929_143706/handoffs/handoff_zc-lane-v-20260927.json | tmp/runtime_backups/runtime_handoffs_20260929_150313/handoffs/handoff_st-final-build-20260926.json | tmp/runtime_backups/runtime_handoffs_20260929_150313/handoffs/handoff_st-nightsweep-sw11-20260929.json | tmp/runtime_backups/runtime_handoffs_20260929_150313/handoffs/handoff_zc-lane-v-20260927.json | tmp/runtime_backups/runtime_handoffs_20260929_152237/handoffs/handoff_st-final-build-20260926.json | tmp/runtime_backups/runtime_handoffs_20260929_152237/handoffs/handoff_st-nightsweep-sw11-20260929.json | tmp/runtime_backups/runtime_handoffs_20260929_152237/handoffs/handoff_zc-lane-v-20260927.json | tmp/runtime_backups/runtime_handoffs_20260929_174602/handoffs/handoff_st-final-build-20260926.json | tmp/runtime_backups/runtime_handoffs_20260929_174602/handoffs/handoff_st-nightsweep-sw11-20260929.json ...(+14 more, full list in f3_consumer_detail.csv)",有触发,"REFERENCE-INTEGRITY: REFERENCE-INTEGRITY（CommitGate, priority=152）",active,commit-gate,1034,546,8,0,0,0,2193,1338,0,50,1042,
DATETIME-NOW-FORBIDDEN,2136,581,47,".openclaw-attachments/20260914-230948-a417fffe-12b-pasted_text_20260914-230948.txt | .trae/documents/_arch_issue_full_backup.yaml | .trae/documents/complete_decision_index_split_merge.md | .trae/documents/finish_decision_index_split_gate3_rerun_commit.md | .trae/documents/warn_only_to_hard_gate_batch.md | .trae/documents/warn_to_hard_gate_final_registration.md | .trae/documents/warn_to_hard_gate_finish_commit.md | .workbuddy/memory/2026-10-02.md | data/databases/backups/depgraph_backup_20260721_220004.sql | data/databases/backups/depgraph_backup_20260814_aigit001_taskboard.sql | data/databases/backups/depgraph_backup_20260817_ai00close.sql | data/databases/backups/depgraph_backup_20260821_p06.sql | data/databases/backups/depgraph_backup_AI-DGR-001_20260817.sql | docs/01_policies_and_standards/_registry/catalogs/architecture_issue_registry.yaml | docs/01_policies_and_standards/_registry/catalogs/capability_canonical_file_registry.yaml | docs/01_policies_and_standards/_registry/catalogs/fail_open_register.yaml | docs/01_policies_and_standards/_registry/catalogs/in_process_gate_registry.yaml | docs/01_policies_and_standards/_registry/catalogs/module_translation_registry.yaml | docs/01_policies_and_standards/_registry/catalogs/noqa_exempt_registry.yaml | docs/01_policies_and_standards/_registry/catalogs/ruling_registry.yaml | docs/01_policies_and_standards/_registry/reports/gate_face_reconciliation.md | docs/01_policies_and_standards/_registry/reports/gate_face_reconciliation.yaml | docs/01_policies_and_standards/sop/audit_prompts_20_ai.md | docs/01_policies_and_standards/sop/governance_sop/commit_guide_sources/gate_digest_registry.yaml | docs/01_policies_and_standards/sop/governance_sop/commit_navigation_playbook.md | docs/02_enterprise_architecture/01_global_architecture_diagram/full_project_tree_en.md | docs/02_enterprise_architecture/01_global_architecture_diagram/full_project_tree_zh.md | docs/02_enterprise_architecture/02_domain_architecture_docs/18_d_gov_code_quality.md | docs/02_enterprise_architecture/02_domain_architecture_docs/47_d_governance.md | docs/02_enterprise_architecture/02_domain_architecture_docs/51_d_gov_enforcement.md | docs/03_modules/_domain_gov_enforcement/algo_flow/commit_gates/d/datetime_now_forbidden_gate.yaml | docs/_archive/architecture_debt_registry_v2.md | scripts/governance/replay_gate_verdicts.py | scripts/governance/wave1b/dead_letter_prescriptions.py | src/zephyr/data/implementations/akshare_provider.py | src/zephyr/gov_enforcement/commit_gates/datetime_now_forbidden_gate.py | src/zephyr/gov_enforcement/commit_gates/reconciler_health_gate.py | src/zephyr/gov_enforcement/rule_bridge/commit_preflight.py | src/zephyr/gov_enforcement/rule_bridge/gate_cache_preflight.py | src/zephyr/governance/audit/reconcile_worker.py ...(+7 more, full list in f3_consumer_detail.csv)",有触发,"DATETIME-NOW-FORBIDDEN: DATETIME-NOW-FORBIDDEN（CommitGate, priority=34）",active,commit-gate,2088,1400,7,41,0,0,10624,3666,0,44,2136,
DECISION-MAP,142,0,22,config/trading_decision_map.yaml | docs/01_policies_and_standards/_registry/catalogs/architecture_issue_registry.yaml | docs/01_policies_and_standards/_registry/catalogs/capability_canonical_file_registry.yaml | docs/01_policies_and_standards/_registry/catalogs/ruling_registry.yaml | docs/01_policies_and_standards/sop/construction_sop/construction_workflow_policy.md | docs/01_policies_and_standards/sop/governance_sop/alignment_checklist.md | docs/02_enterprise_architecture/01_global_architecture_diagram/full_project_tree_en.md | docs/02_enterprise_architecture/01_global_architecture_diagram/full_project_tree_zh.md | docs/02_enterprise_architecture/02_domain_architecture_docs/18_d_gov_code_quality.md | docs/03_modules/_domain_gov_enforcement/algo_flow/commit_gates/d/decision_map_gate.yaml | scripts/governance/d5_architecture/generators/check_decision_map.py | scripts/governance/generators/generate_gate_registry.py | src/zephyr/ai_layer/redline/negative_list_gates.py | src/zephyr/clone_guard/engines/redup_adapter.py | src/zephyr/gov_enforcement/commit_gates/__init__.py | src/zephyr/gov_enforcement/commit_gates/decision_map_gate.py | src/zephyr/gov_enforcement/commit_gates/industry_chain_map_gate.py | src/zephyr/gov_enforcement/commit_gates/panorama_alignment_gate.py | src/zephyr/gov_enforcement/commit_gates/strategy_factory_map_gate.py | tests/git/test_gate_cache_preflight.py | tests/governance/rule_bridge/test_gate_auto_registrar.py | tests/governance/test_alignment_gates_red_blue.py,有触发,DECISION-MAP: 决策图对齐（已合并至 MAP-ALIGNMENT，st-gslim-20260923 P4）,deprecated,manual,137,0,5,0,0,0,68,0,0,19,142,
DEPGRAPH-FRESHNESS,2088,569,36,config/construction_workflow_map.yaml | data/databases/backups/depgraph_backup_20260721_220004.sql | data/databases/backups/depgraph_backup_20260814_aigit001_taskboard.sql | data/databases/backups/depgraph_backup_20260817_ai00close.sql | data/databases/backups/depgraph_backup_20260821_p06.sql | data/databases/backups/depgraph_backup_AI-DGR-001_20260817.sql | docs/01_policies_and_standards/_registry/catalogs/architecture_issue_registry.yaml | docs/01_policies_and_standards/_registry/catalogs/capability_canonical_file_registry.yaml | docs/01_policies_and_standards/_registry/catalogs/in_process_gate_registry.yaml | docs/01_policies_and_standards/_registry/catalogs/module_translation_registry.yaml | docs/01_policies_and_standards/_registry/reports/gate_face_reconciliation.md | docs/01_policies_and_standards/_registry/reports/gate_face_reconciliation.yaml | docs/01_policies_and_standards/sop/construction_sop/lane_construction_discipline_policy.md | docs/01_policies_and_standards/sop/governance_sop/commit_guide_sources/file_type_checklists_registry.yaml | docs/01_policies_and_standards/sop/governance_sop/commit_guide_sources/gate_digest_registry.yaml | docs/01_policies_and_standards/sop/governance_sop/commit_navigation_playbook.md | docs/02_enterprise_architecture/01_global_architecture_diagram/full_project_tree_en.md | docs/02_enterprise_architecture/01_global_architecture_diagram/full_project_tree_zh.md | docs/02_enterprise_architecture/02_domain_architecture_docs/18_d_gov_code_quality.md | docs/02_enterprise_architecture/02_domain_architecture_docs/51_d_gov_enforcement.md | docs/02_enterprise_architecture/02_domain_architecture_docs/_zoomable_html/51_d_gov_enforcement.html | docs/_archive/ruling_100pct_ai_governance_hardening.md | src/zephyr/gov_enforcement/commit_gates/depgraph_freshness_gate.py | src/zephyr/gov_enforcement/commit_gates/reconciler_health_gate.py | src/zephyr/gov_enforcement/rule_bridge/git_commit_gateway.py | src/zephyr/governance/audit/pg_probe.py | src/zephyr/trading/decision_map.py | tmp/ec1_enq2.txt | tmp/ec1_enq3.txt | tmp/ec1_enq4.txt | tmp/ec1_enqueue_out.txt | tmp/runtime_backups/runtime_handoffs_20260929_174602/handoffs/handoff_st-gate-rationalize-20260929.json | tmp/runtime_backups/runtime_handoffs_20260929_181346/handoffs/handoff_st-gate-rationalize-20260929.json | tmp/runtime_backups/runtime_handoffs_20260929_182834/handoffs/handoff_st-gate-rationalize-20260929.json | tmp/runtime_backups/runtime_handoffs_20260929_183328/handoffs/handoff_st-gate-rationalize-20260929.json | tests/governance/commit_gates/test_depgraph_freshness_gate.py,有触发,"DEPGRAPH-FRESHNESS: DEPGRAPH-FRESHNESS（CommitGate, priority=67）",active,commit-gate,2088,360,0,0,0,0,148,40,0,35,2088,
DEPGRAPH-ENFORCEMENT,1041,570,23,.workbuddy/memory/2026-10-03.md | config/construction_workflow_map.yaml | docs/01_policies_and_standards/_registry/catalogs/fail_open_register.yaml | docs/01_policies_and_standards/_registry/catalogs/in_process_gate_registry.yaml | docs/01_policies_and_standards/_registry/reports/gate_face_reconciliation.md | docs/01_policies_and_standards/_registry/reports/gate_face_reconciliation.yaml | docs/01_policies_and_standards/sop/governance_sop/commit_guide_sources/file_type_checklists_registry.yaml | docs/01_policies_and_standards/sop/governance_sop/commit_guide_sources/gate_digest_registry.yaml | docs/01_policies_and_standards/sop/governance_sop/commit_navigation_playbook.md | docs/02_enterprise_architecture/02_domain_architecture_docs/47_d_governance.md | docs/02_enterprise_architecture/08_algorithm_overview/system_foundation.md | logs/lane-land-code.md | scripts/governance/dead_letter_doctor.py | scripts/governance/generators/generate_gate_registry.py | scripts/governance/wave1b/dead_letter_census.py | scripts/governance/wave1b/dead_letter_prescriptions.py | src/zephyr/gov_enforcement/commit_gates/depgraph_pre_registration_gate.py | src/zephyr/gov_enforcement/commit_gates/depgraph_write_path_gate.py | src/zephyr/gov_enforcement/commit_gates/new_file_depgraph_gate.py | src/zephyr/gov_enforcement/commit_gates/rename_depgraph_sync_gate.py | tests/governance/commit_gates/test_depgraph_pre_registration_gate.py | tests/governance/commit_gates/test_p4_merged_gates.py | tests/governance/test_dead_letter_doctor.py,有触发,"DEPGRAPH-ENFORCEMENT: DEPGRAPH-ENFORCEMENT（CommitGate, priority=58）",active,commit-gate,1034,5,7,0,0,0,2455,1742,0,20,1041,
DEPGRAPH-WRITE-PATH,1054,0,41,".trae/documents/_arch_issue_full_backup.yaml | data/databases/backups/depgraph_backup_20260721_220004.sql | data/databases/backups/depgraph_backup_20260814_aigit001_taskboard.sql | data/databases/backups/depgraph_backup_20260817_ai00close.sql | data/databases/backups/depgraph_backup_20260821_p06.sql | data/databases/backups/depgraph_backup_AI-DGR-001_20260817.sql | docs/01_policies_and_standards/_registry/catalogs/architecture_issue_registry.yaml | docs/01_policies_and_standards/_registry/catalogs/capability_canonical_file_registry.yaml | docs/01_policies_and_standards/_registry/catalogs/module_translation_registry.yaml | docs/01_policies_and_standards/_registry/catalogs/schema_migrations.yaml | docs/01_policies_and_standards/rules/trae_054_depgraph_access_protocol.yaml | docs/01_policies_and_standards/rules/trae_061_decisiongraph_access_protocol.yaml | docs/01_policies_and_standards/sop/governance_sop/commit_guide_sources/gate_digest_registry.yaml | docs/01_policies_and_standards/sop/governance_sop/commit_navigation_playbook.md | docs/02_enterprise_architecture/01_global_architecture_diagram/full_project_tree_en.md | docs/02_enterprise_architecture/01_global_architecture_diagram/full_project_tree_zh.md | docs/02_enterprise_architecture/02_domain_architecture_docs/05_d_infra_runtime.md | docs/02_enterprise_architecture/02_domain_architecture_docs/18_d_gov_code_quality.md | docs/02_enterprise_architecture/02_domain_architecture_docs/54_d_gov_scripts.md | docs/03_modules/_cross_layer/gate_engine/blueprint.md | docs/03_modules/_domain_gov_enforcement/algo_flow/commit_gates/d/depgraph_write_path_gate.yaml | docs/registry_of_registries.yaml | scripts/governance/apply_battle_map.py | scripts/governance/generate_project_path_tree.py | scripts/governance/generators/generate_gate_registry.py | scripts/governance/meta_question/wo009/patches/wo009_depgraph_write_path_whitelist.pending_patch.yaml | scripts/governance/meta_question/wo_b1_examloop/run_exam_loop.py | scripts/governance/migrations/add_acquisition_fields.py | scripts/governance/migrations/add_library_successor_of.py | src/zephyr/ai_layer/cleaning/spec_store.py | src/zephyr/ai_layer/comparator/experiment_store.py | src/zephyr/ai_layer/intake/card_store.py | src/zephyr/gov_enforcement/commit_gates/capability_consistency_gate.py | src/zephyr/gov_enforcement/commit_gates/depgraph_pre_registration_gate.py | src/zephyr/gov_enforcement/commit_gates/depgraph_write_path_gate.py | src/zephyr/gov_enforcement/rule_bridge/session_worktree.py | src/zephyr/governance/depgraph_schema.py | src/zephyr/infrastructure/database_service.py | src/zephyr/infrastructure/schema_migrations.py | tmp/ec1_enq2.txt ...(+1 more, full list in f3_consumer_detail.csv)",有触发,DEPGRAPH-WRITE-PATH: depgraph 写路径白名单（已合并至 DEPGRAPH-ENFORCEMENT，st-gslim-20260923,deprecated,manual,1053,0,1,0,0,0,1899,966,0,41,1054,
DERIVATION-ANNOTATION,2088,569,22,data/databases/backups/depgraph_backup_20260721_220004.sql | data/databases/backups/depgraph_backup_20260814_aigit001_taskboard.sql | data/databases/backups/depgraph_backup_20260817_ai00close.sql | data/databases/backups/depgraph_backup_20260821_p06.sql | data/databases/backups/depgraph_backup_AI-DGR-001_20260817.sql | docs/01_policies_and_standards/_registry/catalogs/fail_open_register.yaml | docs/01_policies_and_standards/_registry/catalogs/in_process_gate_registry.yaml | docs/01_policies_and_standards/_registry/catalogs/module_translation_registry.yaml | docs/01_policies_and_standards/_registry/reports/gate_face_reconciliation.md | docs/01_policies_and_standards/_registry/reports/gate_face_reconciliation.yaml | docs/01_policies_and_standards/sop/governance_sop/commit_guide_sources/gate_digest_registry.yaml | docs/01_policies_and_standards/sop/governance_sop/commit_navigation_playbook.md | docs/02_enterprise_architecture/01_global_architecture_diagram/full_project_tree_en.md | docs/02_enterprise_architecture/01_global_architecture_diagram/full_project_tree_zh.md | docs/02_enterprise_architecture/02_domain_architecture_docs/18_d_gov_code_quality.md | docs/03_modules/_domain_gov_enforcement/algo_flow/commit_gates/d/derivation_annotation_gate.yaml | src/zephyr/gov_enforcement/commit_gates/derivation_annotation_gate.py | src/zephyr/gov_enforcement/commit_gates/reconciler_file_ops_gate.py | src/zephyr/gov_enforcement/commit_gates/relative_path_literal_gate.py | tmp/ec1_enq2.txt | tmp/ec1_enqueue_out.txt | tests/governance/commit_gates/test_consumers_accuracy_gate.py,有触发,"DERIVATION-ANNOTATION: DERIVATION-ANNOTATION（CommitGate, priority=65）",active,commit-gate,2088,0,0,0,0,0,993,487,0,21,2088,
DERIVED-FILE-DELETION-PROTECTION,2085,569,24,.trae/documents/plan_worktree_required_gate.md | data/databases/backups/depgraph_backup_20260814_aigit001_taskboard.sql | data/databases/backups/depgraph_backup_20260817_ai00close.sql | data/databases/backups/depgraph_backup_20260821_p06.sql | data/databases/backups/depgraph_backup_AI-DGR-001_20260817.sql | docs/01_policies_and_standards/_registry/catalogs/capability_canonical_file_registry.yaml | docs/01_policies_and_standards/_registry/catalogs/fail_open_register.yaml | docs/01_policies_and_standards/_registry/catalogs/in_process_gate_registry.yaml | docs/01_policies_and_standards/_registry/reports/gate_face_reconciliation.md | docs/01_policies_and_standards/_registry/reports/gate_face_reconciliation.yaml | docs/01_policies_and_standards/sop/governance_sop/commit_guide_sources/file_type_checklists_registry.yaml | docs/01_policies_and_standards/sop/governance_sop/commit_guide_sources/gate_digest_registry.yaml | docs/01_policies_and_standards/sop/governance_sop/commit_navigation_playbook.md | docs/02_enterprise_architecture/01_global_architecture_diagram/full_project_tree_en.md | docs/02_enterprise_architecture/01_global_architecture_diagram/full_project_tree_zh.md | docs/02_enterprise_architecture/02_domain_architecture_docs/18_d_gov_code_quality.md | docs/02_enterprise_architecture/02_domain_architecture_docs/51_d_gov_enforcement.md | docs/03_modules/_cross_layer/gate_engine/blueprint.md | docs/03_modules/_domain_gov_enforcement/algo_flow/commit_gates/d/derived_file_deletion_gate.yaml | scripts/git_commit.py | src/zephyr/gov_enforcement/commit_gates/derived_file_deletion_gate.py | src/zephyr/gov_enforcement/commit_gates/test_residue_ssot_gate.py | tests/governance/commit_gates/test_derived_file_deletion_gate.py | tests/governance/commit_gates/test_test_residue_ssot_gate.py,有触发,"DERIVED-FILE-DELETION-PROTECTION: DERIVED-FILE-DELETION-PROTECTION（CommitGate, p",active,commit-gate,2085,0,0,0,0,0,0,0,0,21,2085,
DIRECTORY-CONTRACT,2226,600,55,".trae/documents/_arch_issue_full_backup.yaml | .trae/documents/depgraph_commit_and_foreign_change_gate_治本.md | .trae/documents/p1_batches_2_3_4_execution.md | data/databases/backups/depgraph_backup_20260721_220004.sql | data/databases/backups/depgraph_backup_20260814_aigit001_taskboard.sql | data/databases/backups/depgraph_backup_20260817_ai00close.sql | data/databases/backups/depgraph_backup_20260821_p06.sql | data/databases/backups/depgraph_backup_AI-DGR-001_20260817.sql | docs/01_policies_and_standards/_registry/catalogs/capability_canonical_file_registry.yaml | docs/01_policies_and_standards/_registry/catalogs/in_process_gate_registry.yaml | docs/01_policies_and_standards/_registry/catalogs/ruling_registry.yaml | docs/01_policies_and_standards/_registry/reports/gate_face_reconciliation.md | docs/01_policies_and_standards/_registry/reports/gate_face_reconciliation.yaml | docs/01_policies_and_standards/rules/trae_015_arch_path_registration.yaml | docs/01_policies_and_standards/sop/construction_sop/construction_workflow_policy.md | docs/01_policies_and_standards/sop/governance_sop/agent_constitution_legacy_v1.md | docs/01_policies_and_standards/sop/governance_sop/commit_guide_sources/death_cases_registry.yaml | docs/01_policies_and_standards/sop/governance_sop/commit_guide_sources/file_type_checklists_registry.yaml | docs/01_policies_and_standards/sop/governance_sop/commit_guide_sources/gate_digest_registry.yaml | docs/01_policies_and_standards/sop/governance_sop/commit_navigation_playbook.md | docs/02_enterprise_architecture/01_global_architecture_diagram/full_project_tree_en.md | docs/02_enterprise_architecture/01_global_architecture_diagram/full_project_tree_zh.md | docs/02_enterprise_architecture/02_domain_architecture_docs/18_d_gov_code_quality.md | docs/02_enterprise_architecture/02_domain_architecture_docs/47_d_governance.md | docs/02_enterprise_architecture/02_domain_architecture_docs/51_d_gov_enforcement.md | docs/03_modules/_cross_layer/gate_engine/blueprint.md | docs/_archive/2026-08-20-frontend-dashboard-redesign.md | scripts/governance/wave1b/dead_letter_prescriptions.py | src/zephyr/gov_drift/tamper_proof_audit.py | src/zephyr/gov_enforcement/commit_gates/commit_scope_gate.py | src/zephyr/gov_enforcement/commit_gates/directory_contract_gate.py | src/zephyr/gov_enforcement/commit_gates/file_placement_ttl_gate.py | src/zephyr/gov_enforcement/commit_gates/forged_gw_marker_gate.py | src/zephyr/gov_enforcement/commit_gates/protected_paths_gate.py | src/zephyr/gov_enforcement/commit_gates/r5_digit_suffix_gate.py | src/zephyr/gov_enforcement/commit_gates/rename_depgraph_sync_gate.py | src/zephyr/gov_enforcement/commit_gates/ttl_gate.py | src/zephyr/gov_enforcement/rule_bridge/batched_auto_committer.py | src/zephyr/gov_enforcement/rule_bridge/commit_preflight.py | src/zephyr/gov_enforcement/rule_bridge/git_commit_gateway.py ...(+15 more, full list in f3_consumer_detail.csv)",有触发,"DIRECTORY-CONTRACT: DIRECTORY-CONTRACT（CommitGate, priority=30）",active,commit-gate,2085,0,22,119,0,0,1704,905,2,43,2226,
DOC-REF-BROKEN,1679,160,45,".trae/documents/P3_leftover_todos_strategic_ruling_and_treatment_plan.md | .trae/documents/_arch_issue_full_backup.yaml | data/databases/backups/depgraph_backup_20260721_220004.sql | data/databases/backups/depgraph_backup_20260814_aigit001_taskboard.sql | data/databases/backups/depgraph_backup_20260817_ai00close.sql | data/databases/backups/depgraph_backup_20260821_p06.sql | data/databases/backups/depgraph_backup_AI-DGR-001_20260817.sql | docs/01_policies_and_standards/_registry/catalogs/architecture_issue_registry.yaml | docs/01_policies_and_standards/_registry/catalogs/capability_canonical_file_registry.yaml | docs/01_policies_and_standards/_registry/catalogs/fail_open_register.yaml | docs/01_policies_and_standards/_registry/catalogs/in_process_gate_registry.yaml | docs/01_policies_and_standards/_registry/catalogs/module_translation_registry.yaml | docs/01_policies_and_standards/_registry/reports/gate_face_reconciliation.md | docs/01_policies_and_standards/_registry/reports/gate_face_reconciliation.yaml | docs/01_policies_and_standards/rules/trae_029_doc_operation_security.yaml | docs/01_policies_and_standards/sop/governance_sop/agent_constitution_legacy_v1.md | docs/01_policies_and_standards/sop/governance_sop/commit_guide_sources/file_type_checklists_registry.yaml | docs/01_policies_and_standards/sop/governance_sop/commit_guide_sources/gate_digest_registry.yaml | docs/01_policies_and_standards/sop/governance_sop/commit_navigation_playbook.md | docs/02_enterprise_architecture/01_global_architecture_diagram/full_project_tree_en.md | docs/02_enterprise_architecture/01_global_architecture_diagram/full_project_tree_zh.md | docs/02_enterprise_architecture/02_domain_architecture_docs/18_d_gov_code_quality.md | docs/02_enterprise_architecture/02_domain_architecture_docs/51_d_gov_enforcement.md | docs/02_enterprise_architecture/02_domain_architecture_docs/_zoomable_html/51_d_gov_enforcement.html | docs/02_enterprise_architecture/04_architecture_principles_decisions/panorama/visualization_view_template.md | docs/02_enterprise_architecture/10_trading_map/index.md | docs/03_modules/_domain_gov_enforcement/algo_flow/commit_gates/d/doc_ref_broken_gate.yaml | docs/03_modules/_domain_gov_enforcement/algo_flow/commit_gates/f/fms_ref_extractor.yaml | docs/_archive/architecture_debt_registry_v2.md | scripts/governance/d5_architecture/generators/generate_panorama_registry.py | scripts/governance/generators/generate_gate_registry.py | src/zephyr/gov_enforcement/commit_gates/blueprint_format_gate.py | src/zephyr/gov_enforcement/commit_gates/doc_ref_broken_gate.py | src/zephyr/gov_enforcement/commit_gates/function_dup_gate.py | src/zephyr/gov_enforcement/commit_gates/read_side/fms_hygiene_gate.py | src/zephyr/gov_enforcement/commit_gates/read_side/fms_ref_extractor.py | src/zephyr/gov_enforcement/commit_gates/ruling_commit_verified_gate.py | src/zephyr/gov_enforcement/rule_bridge/commit_gate_registry.py | tmp/ec1_enq2.txt | tmp/ec1_enqueue_out.txt ...(+5 more, full list in f3_consumer_detail.csv)",有触发,DOC-REF-BROKEN: 文档相对路径断裂引用（已合并至 DOC-HEADER-SUITE，st-commitspeed-pkg8-20260925 T8,deprecated,manual,1679,0,0,0,0,0,1439,820,0,40,1679,
GATE-DOMAIN-FK,2089,570,49,".trae/documents/_arch_issue_full_backup.yaml | data/databases/backups/depgraph_backup_20260721_220004.sql | data/databases/backups/depgraph_backup_20260814_aigit001_taskboard.sql | data/databases/backups/depgraph_backup_20260817_ai00close.sql | data/databases/backups/depgraph_backup_20260821_p06.sql | data/databases/backups/depgraph_backup_AI-DGR-001_20260817.sql | docs/01_policies_and_standards/_registry/catalogs/architecture_issue_registry.yaml | docs/01_policies_and_standards/_registry/catalogs/capability_canonical_file_registry.yaml | docs/01_policies_and_standards/_registry/catalogs/functional_domain_registry.yaml | docs/01_policies_and_standards/_registry/catalogs/in_process_gate_registry.yaml | docs/01_policies_and_standards/_registry/catalogs/module_translation_registry.yaml | docs/01_policies_and_standards/_registry/reports/gate_face_reconciliation.md | docs/01_policies_and_standards/_registry/reports/gate_face_reconciliation.yaml | docs/01_policies_and_standards/sop/construction_sop/lane_construction_discipline_policy.md | docs/01_policies_and_standards/sop/governance_sop/commit_guide_sources/file_type_checklists_registry.yaml | docs/01_policies_and_standards/sop/governance_sop/commit_guide_sources/gate_digest_registry.yaml | docs/01_policies_and_standards/sop/governance_sop/commit_navigation_playbook.md | docs/02_enterprise_architecture/01_global_architecture_diagram/full_project_tree_en.md | docs/02_enterprise_architecture/01_global_architecture_diagram/full_project_tree_zh.md | docs/02_enterprise_architecture/02_domain_architecture_docs/18_d_gov_code_quality.md | docs/02_enterprise_architecture/02_domain_architecture_docs/47_d_governance.md | docs/02_enterprise_architecture/02_domain_architecture_docs/51_d_gov_enforcement.md | docs/02_enterprise_architecture/02_domain_architecture_docs/_zoomable_html/18_d_gov_code_quality.html | docs/02_enterprise_architecture/02_domain_architecture_docs/_zoomable_html/51_d_gov_enforcement.html | docs/03_modules/_cross_layer/gate_engine/blueprint.md | docs/03_modules/_domain_gov_enforcement/algo_flow/commit_gates/d/domain_fk_gate.yaml | scripts/governance/d3_metadata/backfill_module_domain.py | src/zephyr/gov_enforcement/commit_gates/_tree_view.py | src/zephyr/gov_enforcement/commit_gates/blueprint_amodule_consistency_gate.py | src/zephyr/gov_enforcement/commit_gates/domain_fk_gate.py | src/zephyr/gov_enforcement/rule_bridge/gate_cache_preflight.py | src/zephyr/governance/audit/pg_probe.py | tmp/ec1_enq2.txt | tmp/ec1_enq3.txt | tmp/ec1_enq4.txt | tmp/ec1_enqueue_out.txt | tmp/runtime_backups/runtime_handoffs_20260929_031839/handoffs/handoff_st-nightsweep-sw8-20260929.json | tmp/runtime_backups/runtime_handoffs_20260929_032232/handoffs/handoff_st-nightsweep-sw8-20260929.json | tmp/runtime_backups/runtime_handoffs_20260929_053410/handoffs/handoff_st-nightsweep-sw8-20260929.json | tmp/runtime_backups/runtime_handoffs_20260929_143706/handoffs/handoff_st-nightsweep-sw8-20260929.json ...(+9 more, full list in f3_consumer_detail.csv)",有触发,"GATE-DOMAIN-FK: GATE-DOMAIN-FK（CommitGate, priority=78）",active,commit-gate,2088,355,1,0,0,0,549,435,0,46,2089,
NO-DOMAIN-NAME-ZH-DIRECT-ACCESS,2088,569,23,data/databases/backups/depgraph_backup_20260721_220004.sql | data/databases/backups/depgraph_backup_20260814_aigit001_taskboard.sql | data/databases/backups/depgraph_backup_20260817_ai00close.sql | data/databases/backups/depgraph_backup_20260821_p06.sql | data/databases/backups/depgraph_backup_AI-DGR-001_20260817.sql | docs/01_policies_and_standards/_registry/catalogs/capability_canonical_file_registry.yaml | docs/01_policies_and_standards/_registry/catalogs/cross_module_dependency_registry.yaml | docs/01_policies_and_standards/_registry/catalogs/fail_open_register.yaml | docs/01_policies_and_standards/_registry/catalogs/in_process_gate_registry.yaml | docs/01_policies_and_standards/_registry/catalogs/module_translation_registry.yaml | docs/01_policies_and_standards/_registry/reports/gate_face_reconciliation.md | docs/01_policies_and_standards/_registry/reports/gate_face_reconciliation.yaml | docs/01_policies_and_standards/sop/governance_sop/agent_constitution_legacy_v1.md | docs/01_policies_and_standards/sop/governance_sop/commit_guide_sources/gate_digest_registry.yaml | docs/01_policies_and_standards/sop/governance_sop/commit_navigation_playbook.md | docs/02_enterprise_architecture/01_global_architecture_diagram/full_project_tree_en.md | docs/02_enterprise_architecture/01_global_architecture_diagram/full_project_tree_zh.md | docs/02_enterprise_architecture/02_domain_architecture_docs/18_d_gov_code_quality.md | docs/02_enterprise_architecture/02_domain_architecture_docs/51_d_gov_enforcement.md | docs/02_enterprise_architecture/02_domain_architecture_docs/_zoomable_html/51_d_gov_enforcement.html | src/zephyr/gov_enforcement/commit_gates/domain_name_zh_direct_access_gate.py | src/zephyr/gov_enforcement/rule_bridge/gate_cache_preflight.py | tests/governance/commit_gates/test_domain_name_zh_direct_access_gate.py,有触发,"NO-DOMAIN-NAME-ZH-DIRECT-ACCESS: NO-DOMAIN-NAME-ZH-DIRECT-ACCESS（CommitGate, pri",active,commit-gate,2088,1397,0,0,0,0,0,0,0,22,2088,
EMPTY-HANDLER,2088,569,27,data/databases/backups/depgraph_backup_20260721_220004.sql | data/databases/backups/depgraph_backup_20260814_aigit001_taskboard.sql | data/databases/backups/depgraph_backup_20260817_ai00close.sql | data/databases/backups/depgraph_backup_20260821_p06.sql | data/databases/backups/depgraph_backup_AI-DGR-001_20260817.sql | docs/01_policies_and_standards/_registry/catalogs/capability_canonical_file_registry.yaml | docs/01_policies_and_standards/_registry/catalogs/fail_open_register.yaml | docs/01_policies_and_standards/_registry/catalogs/in_process_gate_registry.yaml | docs/01_policies_and_standards/_registry/catalogs/module_translation_registry.yaml | docs/01_policies_and_standards/_registry/reports/gate_face_reconciliation.md | docs/01_policies_and_standards/_registry/reports/gate_face_reconciliation.yaml | docs/01_policies_and_standards/rules/trae_018_behavior_code_prohibition.yaml | docs/01_policies_and_standards/sop/governance_sop/commit_guide_sources/gate_digest_registry.yaml | docs/01_policies_and_standards/sop/governance_sop/commit_navigation_playbook.md | docs/02_enterprise_architecture/01_global_architecture_diagram/full_project_tree_en.md | docs/02_enterprise_architecture/01_global_architecture_diagram/full_project_tree_zh.md | docs/02_enterprise_architecture/02_domain_architecture_docs/18_d_gov_code_quality.md | docs/02_enterprise_architecture/02_domain_architecture_docs/51_d_gov_enforcement.md | docs/02_enterprise_architecture/02_domain_architecture_docs/_zoomable_html/51_d_gov_enforcement.html | docs/03_modules/_domain_gov_enforcement/algo_flow/commit_gates/e/empty_handler_gate.yaml | src/zephyr/gov_enforcement/commit_gates/empty_handler_gate.py | src/zephyr/gov_enforcement/commit_gates/msg_exposure_gate.py | src/zephyr/gov_enforcement/commit_gates/perm_trigger_gate.py | tmp/ec1_enq2.txt | tmp/ec1_enqueue_out.txt | tests/governance/commit_gates/test_empty_handler_gate.py | tests/governance/commit_gates/test_msg_exposure_gate.py,有触发,"EMPTY-HANDLER: EMPTY-HANDLER（CommitGate, priority=84）",active,commit-gate,2088,0,0,0,0,0,897,403,0,25,2088,
ENCODING-SAFETY,2037,569,43,".trae/documents/_arch_issue_full_backup.yaml | data/databases/backups/depgraph_backup_20260721_220004.sql | data/databases/backups/depgraph_backup_20260814_aigit001_taskboard.sql | data/databases/backups/depgraph_backup_20260817_ai00close.sql | data/databases/backups/depgraph_backup_20260821_p06.sql | data/databases/backups/depgraph_backup_AI-DGR-001_20260817.sql | docs/01_policies_and_standards/_registry/catalogs/capability_canonical_file_registry.yaml | docs/01_policies_and_standards/_registry/catalogs/fail_open_register.yaml | docs/01_policies_and_standards/_registry/catalogs/in_process_gate_registry.yaml | docs/01_policies_and_standards/_registry/reports/gate_face_reconciliation.md | docs/01_policies_and_standards/_registry/reports/gate_face_reconciliation.yaml | docs/01_policies_and_standards/sop/audit_prompts_20_ai.md | docs/01_policies_and_standards/sop/governance_sop/agent_constitution_legacy_v1.md | docs/01_policies_and_standards/sop/governance_sop/commit_guide_sources/file_type_checklists_registry.yaml | docs/01_policies_and_standards/sop/governance_sop/commit_guide_sources/gate_digest_registry.yaml | docs/01_policies_and_standards/sop/governance_sop/commit_navigation_playbook.md | docs/02_enterprise_architecture/02_domain_architecture_docs/47_d_governance.md | docs/02_enterprise_architecture/02_domain_architecture_docs/54_d_gov_scripts.md | docs/03_modules/_domain_gov_enforcement/algo_flow/commit_gates/e/encoding_gate.yaml | docs/03_modules/_domain_infrastructure_operations/disaster_recovery_backup/blueprint.md | docs/_archive/ruling_100pct_ai_governance_hardening.md | scripts/_archive/audit_data_utilization.ps1 | scripts/ai_layer/gen_obj_r_s3_threshold_census.py | scripts/governance/_shared/constants.py | scripts/governance/d7_code/check_encoding.py | scripts/governance/wave1b/dead_letter_census.py | scripts/governance/wave1b/dead_letter_prescriptions.py | src/zephyr/gov_enforcement/commit_gates/encoding_gate.py | src/zephyr/gov_enforcement/commit_gates/registry_yaml_parse_gate.py | src/zephyr/gov_enforcement/commit_gates/syntax_validation_gate.py | src/zephyr/gov_enforcement/rule_bridge/gate_cache_preflight.py | src/zephyr/gov_enforcement/rule_bridge/git_commit_gateway.py | src/zephyr/gov_enforcement/rule_bridge/session_worktree.py | src/zephyr/gov_enforcement/rule_enforcement/gate_engine/gate_engine.py | tests/git/test_gate_cache_key_isolation.py | tests/git/test_gate_cache_preflight.py | tests/git/test_git_commit_extreme.py | tests/governance/commit_gates/test_encoding_gate.py | tests/governance/rule_bridge/test_commit_pipeline_redblue.py | tests/governance/rule_bridge/test_commit_preflight.py ...(+3 more, full list in f3_consumer_detail.csv)",有触发,"ENCODING-SAFETY: ENCODING-SAFETY（CommitGate, priority=42）",active,commit-gate,2034,1399,3,0,0,0,201,152,0,34,2037,
GATE-ERRCODE-CONSISTENCY,1508,569,25,.openclaw-attachments/20260914-230850-9295947f-009-pasted_text_20260914-230850.txt | architecture_model/contracts/error_code_registry.yaml | docs/01_policies_and_standards/_registry/catalogs/architecture_issue_registry.yaml | docs/01_policies_and_standards/_registry/catalogs/in_process_gate_registry.yaml | docs/01_policies_and_standards/_registry/catalogs/module_translation_registry.yaml | docs/01_policies_and_standards/_registry/catalogs/ruling_registry.yaml | docs/01_policies_and_standards/_registry/reports/gate_face_reconciliation.md | docs/01_policies_and_standards/_registry/reports/gate_face_reconciliation.yaml | docs/01_policies_and_standards/sop/governance_sop/commit_guide_sources/file_type_checklists_registry.yaml | docs/01_policies_and_standards/sop/governance_sop/commit_guide_sources/gate_digest_registry.yaml | docs/01_policies_and_standards/sop/governance_sop/commit_navigation_playbook.md | docs/02_enterprise_architecture/01_global_architecture_diagram/full_project_tree_en.md | docs/02_enterprise_architecture/01_global_architecture_diagram/full_project_tree_zh.md | docs/02_enterprise_architecture/02_domain_architecture_docs/18_d_gov_code_quality.md | docs/02_enterprise_architecture/02_domain_architecture_docs/47_d_governance.md | docs/02_enterprise_architecture/02_domain_architecture_docs/51_d_gov_enforcement.md | docs/02_enterprise_architecture/02_domain_architecture_docs/_zoomable_html/18_d_gov_code_quality.html | docs/02_enterprise_architecture/02_domain_architecture_docs/_zoomable_html/47_d_governance.html | src/zephyr/data/alert_webhook_dispatch.py | src/zephyr/gov_enforcement/commit_gates/_tree_view.py | src/zephyr/gov_enforcement/commit_gates/errcode_consistency_gate.py | src/zephyr/pf_alloc/crisis_gate.py | tests/backtest/test_cost_attribution.py | tests/governance/commit_gates/test_errcode_consistency_gate.py | tests/governance/rule_bridge/test_gate_auto_registrar.py,有触发,GATE-ERRCODE-CONSISTENCY: error_code 注册表↔代码真源对账门禁 in-process 版（GATE-ERRCODE-CONS,active,commit-gate,1485,998,23,0,0,0,30,0,0,22,1508,
EXEMPT-ZONE-FM,787,174,71,".trae/documents/_arch_issue_full_backup.yaml | config/switch_criteria.yaml | data/databases/backups/depgraph_backup_20260721_220004.sql | data/databases/backups/depgraph_backup_20260814_aigit001_taskboard.sql | data/databases/backups/depgraph_backup_20260817_ai00close.sql | data/databases/backups/depgraph_backup_20260821_p06.sql | data/databases/backups/depgraph_backup_AI-DGR-001_20260817.sql | docs/01_policies_and_standards/_registry/catalogs/architecture_issue_registry.yaml | docs/01_policies_and_standards/_registry/catalogs/capability_canonical_file_registry.yaml | docs/01_policies_and_standards/_registry/catalogs/in_process_gate_registry.yaml | docs/01_policies_and_standards/_registry/catalogs/module_translation_registry.yaml | docs/01_policies_and_standards/_registry/reports/gate_face_reconciliation.md | docs/01_policies_and_standards/_registry/reports/gate_face_reconciliation.yaml | docs/01_policies_and_standards/_registry/vocabularies/ttl_vocabulary.yaml | docs/01_policies_and_standards/sop/audit_prompts_20_ai.md | docs/01_policies_and_standards/sop/construction_sop/lane_construction_discipline_policy.md | docs/01_policies_and_standards/sop/governance_sop/commit_guide_sources/file_type_checklists_registry.yaml | docs/01_policies_and_standards/sop/governance_sop/commit_guide_sources/gate_digest_registry.yaml | docs/01_policies_and_standards/sop/governance_sop/commit_navigation_playbook.md | docs/02_enterprise_architecture/01_global_architecture_diagram/full_project_tree_en.md | docs/02_enterprise_architecture/01_global_architecture_diagram/full_project_tree_zh.md | docs/02_enterprise_architecture/02_domain_architecture_docs/18_d_gov_code_quality.md | docs/02_enterprise_architecture/02_domain_architecture_docs/47_d_governance.md | docs/02_enterprise_architecture/02_domain_architecture_docs/51_d_gov_enforcement.md | docs/02_enterprise_architecture/02_domain_architecture_docs/_zoomable_html/51_d_gov_enforcement.html | docs/_archive/03_domain_boundary_definition.md | docs/_archive/05_intelligence_governance_consolidation.md | docs/_archive/11_regime_backtest_validation_plan.md | docs/_archive/12_regime_phase2_validation.md | docs/_archive/16_technical_indicator_build_plan.md | docs/_archive/17_special_trading_days_data_assets.md | docs/_archive/18_cold_archive_build_plan.md | docs/_archive/18_gp0_construction_order.md | docs/_archive/19_module_factory_manual_sop.md | docs/_archive/19_northbound_hold_snapshot.md | docs/_archive/2026-08-20-frontend-dashboard-redesign.md | docs/_archive/2026-08-22-factor-glossary.md | docs/_archive/2026-08-23-construction-order-master.md | docs/_archive/2026-08-25-news-sentiment-upgrade-discussion.md | docs/_archive/2026-08-26-b007-rollout-plan.md ...(+31 more, full list in f3_consumer_detail.csv)",有触发,EXEMPT-ZONE-FM: 豁免区 frontmatter doc_type（已合并至 DOC-HEADER-SUITE，st-commitspeed-pk,deprecated,manual,754,0,14,19,0,0,1062,546,0,67,787,
FILE-COPY,2095,569,39,data/databases/backups/depgraph_backup_20260721_220004.sql | data/databases/backups/depgraph_backup_20260814_aigit001_taskboard.sql | data/databases/backups/depgraph_backup_20260817_ai00close.sql | data/databases/backups/depgraph_backup_20260821_p06.sql | data/databases/backups/depgraph_backup_AI-DGR-001_20260817.sql | docs/01_policies_and_standards/_registry/catalogs/architecture_issue_registry.yaml | docs/01_policies_and_standards/_registry/catalogs/capability_canonical_file_registry.yaml | docs/01_policies_and_standards/_registry/catalogs/fail_open_register.yaml | docs/01_policies_and_standards/_registry/catalogs/in_process_gate_registry.yaml | docs/01_policies_and_standards/_registry/catalogs/module_translation_registry.yaml | docs/01_policies_and_standards/_registry/reports/gate_face_reconciliation.md | docs/01_policies_and_standards/_registry/reports/gate_face_reconciliation.yaml | docs/01_policies_and_standards/rules/trae_052_cross_blueprint_change_cleanup.yaml | docs/01_policies_and_standards/sop/governance_sop/commit_guide_sources/file_type_checklists_registry.yaml | docs/01_policies_and_standards/sop/governance_sop/commit_guide_sources/gate_digest_registry.yaml | docs/01_policies_and_standards/sop/governance_sop/commit_navigation_playbook.md | docs/02_enterprise_architecture/01_global_architecture_diagram/full_project_tree_en.md | docs/02_enterprise_architecture/01_global_architecture_diagram/full_project_tree_zh.md | docs/02_enterprise_architecture/02_domain_architecture_docs/18_d_gov_code_quality.md | docs/02_enterprise_architecture/02_domain_architecture_docs/47_d_governance.md | docs/02_enterprise_architecture/02_domain_architecture_docs/51_d_gov_enforcement.md | docs/02_enterprise_architecture/02_domain_architecture_docs/_zoomable_html/18_d_gov_code_quality.html | docs/02_enterprise_architecture/02_domain_architecture_docs/_zoomable_html/51_d_gov_enforcement.html | docs/03_modules/_domain_gov_enforcement/algo_flow/commit_gates/f/file_copy_gate.yaml | scripts/governance/d5_architecture/checkers/check_code_duplication.py | scripts/governance/meta_question/wo_b3_macro/macro_vintage.py | scripts/governance/wave1b/dead_letter_prescriptions.py | src/zephyr/gov_enforcement/commit_gates/empty_handler_gate.py | src/zephyr/gov_enforcement/commit_gates/file_copy_gate.py | src/zephyr/gov_enforcement/commit_gates/high_complexity_gate.py | src/zephyr/gov_enforcement/commit_gates/id_uniqueness_gate.py | src/zephyr/gov_enforcement/rule_bridge/gate_cache_preflight.py | src/zephyr/gov_enforcement/rule_bridge/session_worktree.py | tmp/ec1_enq2.txt | tmp/ec1_enq3.txt | tmp/ec1_enq4.txt | tmp/ec1_enqueue_out.txt | tests/governance/commit_gates/test_doc_header_suite_gate.py | tests/governance/commit_gates/test_file_copy_gate.py,有触发,"FILE-COPY: FILE-COPY（CommitGate, priority=85）",active,commit-gate,2088,469,7,0,0,0,1230,621,0,37,2095,
FILE-PLACEMENT-TTL,1779,178,60,".trae/documents/P3_leftover_todos_strategic_ruling_and_treatment_plan.md | .trae/documents/P3_phase_a_final_completion_plan.md | .trae/documents/P3_phase_a_residual_completion_plan.md | .trae/documents/_arch_issue_full_backup.yaml | .trae/documents/complete_decision_index_split_merge.md | .trae/documents/depgraph_commit_and_foreign_change_gate_治本.md | .trae/documents/finish_decision_index_split_gate3_rerun_commit.md | config/construction_workflow_map.yaml | config/dev_delivery_map.yaml | data/databases/backups/depgraph_backup_20260721_220004.sql | data/databases/backups/depgraph_backup_20260814_aigit001_taskboard.sql | data/databases/backups/depgraph_backup_20260817_ai00close.sql | data/databases/backups/depgraph_backup_20260821_p06.sql | data/databases/backups/depgraph_backup_AI-DGR-001_20260817.sql | docs/01_policies_and_standards/_registry/catalogs/architecture_issue_registry.yaml | docs/01_policies_and_standards/_registry/catalogs/capability_canonical_file_registry.yaml | docs/01_policies_and_standards/_registry/catalogs/in_process_gate_registry.yaml | docs/01_policies_and_standards/_registry/reports/gate_face_reconciliation.md | docs/01_policies_and_standards/_registry/reports/gate_face_reconciliation.yaml | docs/01_policies_and_standards/_registry/vocabularies/ttl_vocabulary.yaml | docs/01_policies_and_standards/rules/trae_023_behavior_conditional_governance.yaml | docs/01_policies_and_standards/sop/construction_sop/construction_workflow_policy.md | docs/01_policies_and_standards/sop/governance_sop/agent_constitution_legacy_v1.md | docs/01_policies_and_standards/sop/governance_sop/commit_guide_sources/file_type_checklists_registry.yaml | docs/01_policies_and_standards/sop/governance_sop/commit_guide_sources/gate_digest_registry.yaml | docs/01_policies_and_standards/sop/governance_sop/commit_navigation_playbook.md | docs/02_enterprise_architecture/04_architecture_principles_decisions/2026-08-14_coord_reconciler_auto_delete_governance_review.md | docs/03_modules/_domain_gov_enforcement/algo_flow/commit_gates/f/file_placement_ttl_gate.yaml | scripts/git_commit.py | scripts/governance/d5_architecture/generators/generate_dev_delivery_map.py | scripts/governance/generators/generate_gate_registry.py | scripts/governance/wave1b/dead_letter_prescriptions.py | src/zephyr/gov_enforcement/commit_gates/blueprint_format_gate.py | src/zephyr/gov_enforcement/commit_gates/datetime_now_forbidden_gate.py | src/zephyr/gov_enforcement/commit_gates/file_placement_ttl_gate.py | src/zephyr/gov_enforcement/commit_gates/manual_only_permanent_gate.py | src/zephyr/gov_enforcement/commit_gates/snapshot_drift_gate.py | src/zephyr/gov_enforcement/rule_bridge/batched_auto_committer.py | src/zephyr/gov_enforcement/rule_bridge/commit_preflight.py | src/zephyr/gov_enforcement/rule_bridge/git_commit_gateway.py ...(+20 more, full list in f3_consumer_detail.csv)",有触发,FILE-PLACEMENT-TTL: 文件放置 TTL 三重校验（已合并至 DOC-HEADER-SUITE，st-commitspeed-pkg8-2026,deprecated,manual,1679,2,14,86,0,0,752,234,0,52,1779,
FOLDER-CAPACITY-HARD-LIMIT,876,620,32,.trae/documents/_arch_issue_full_backup.yaml | .workbuddy/memory/2026-09-11.md | .workbuddy/memory/2026-09-15.md | config/construction_workflow_map.yaml | data/databases/backups/depgraph_backup_20260721_220004.sql | data/databases/backups/depgraph_backup_20260814_aigit001_taskboard.sql | data/databases/backups/depgraph_backup_20260817_ai00close.sql | data/databases/backups/depgraph_backup_20260821_p06.sql | data/databases/backups/depgraph_backup_AI-DGR-001_20260817.sql | docs/01_policies_and_standards/_registry/catalogs/architecture_issue_registry.yaml | docs/01_policies_and_standards/_registry/catalogs/fail_open_register.yaml | docs/01_policies_and_standards/_registry/catalogs/in_process_gate_registry.yaml | docs/01_policies_and_standards/_registry/catalogs/module_translation_registry.yaml | docs/01_policies_and_standards/_registry/catalogs/ruling_registry.yaml | docs/01_policies_and_standards/_registry/reports/gate_face_reconciliation.md | docs/01_policies_and_standards/_registry/reports/gate_face_reconciliation.yaml | docs/01_policies_and_standards/sop/construction_sop/lane_construction_discipline_policy.md | docs/01_policies_and_standards/sop/governance_sop/commit_guide_sources/death_cases_registry.yaml | docs/01_policies_and_standards/sop/governance_sop/commit_guide_sources/file_type_checklists_registry.yaml | docs/01_policies_and_standards/sop/governance_sop/commit_guide_sources/gate_digest_registry.yaml | docs/01_policies_and_standards/sop/governance_sop/commit_navigation_playbook.md | docs/02_enterprise_architecture/01_global_architecture_diagram/full_project_tree_en.md | docs/02_enterprise_architecture/01_global_architecture_diagram/full_project_tree_zh.md | docs/02_enterprise_architecture/02_domain_architecture_docs/18_d_gov_code_quality.md | docs/03_modules/_domain_gov_enforcement/algo_flow/commit_gates/f/folder_capacity_hard_limit_gate.yaml | src/zephyr/gov_enforcement/commit_gates/consumers_accuracy_gate.py | src/zephyr/gov_enforcement/commit_gates/depgraph_pre_registration_gate.py | src/zephyr/gov_enforcement/commit_gates/folder_capacity_hard_limit_gate.py | src/zephyr/gov_enforcement/rule_bridge/commit_preflight.py | tmp/runtime_backups/runtime_handoffs_20260929_053410/handoffs/handoff_st-nightclean-20260929.json | tests/governance/commit_gates/test_consumers_accuracy_gate.py | tests/governance/rule_bridge/test_commit_preflight.py,有触发,"FOLDER-CAPACITY-HARD-LIMIT: FOLDER-CAPACITY-HARD-LIMIT（CommitGate, priority=112）",active,commit-gate,766,0,18,92,0,0,208,52,0,30,876,
FOREIGN-CHANGE-DETECTION,1731,569,35,.trae/documents/_arch_issue_full_backup.yaml | .trae/documents/depgraph_commit_and_foreign_change_gate_治本.md | .trae/documents/plan_worktree_required_gate.md | .trae/documents/混合提交治本_13a5e1d512裁定与COMMIT_SCOPE_gate方案.md | data/databases/backups/depgraph_backup_20260721_220004.sql | data/databases/backups/depgraph_backup_20260814_aigit001_taskboard.sql | data/databases/backups/depgraph_backup_20260817_ai00close.sql | data/databases/backups/depgraph_backup_20260821_p06.sql | data/databases/backups/depgraph_backup_AI-DGR-001_20260817.sql | docs/01_policies_and_standards/_registry/catalogs/architecture_issue_registry.yaml | docs/01_policies_and_standards/_registry/catalogs/capability_canonical_file_registry.yaml | docs/01_policies_and_standards/_registry/catalogs/in_process_gate_registry.yaml | docs/01_policies_and_standards/_registry/catalogs/module_translation_registry.yaml | docs/01_policies_and_standards/_registry/reports/gate_face_reconciliation.md | docs/01_policies_and_standards/_registry/reports/gate_face_reconciliation.yaml | docs/01_policies_and_standards/sop/audit_prompts_20_ai.md | docs/01_policies_and_standards/sop/governance_sop/commit_guide_sources/file_type_checklists_registry.yaml | docs/01_policies_and_standards/sop/governance_sop/commit_guide_sources/gate_digest_registry.yaml | docs/01_policies_and_standards/sop/governance_sop/commit_navigation_playbook.md | docs/02_enterprise_architecture/02_domain_architecture_docs/18_d_gov_code_quality.md | docs/02_enterprise_architecture/02_domain_architecture_docs/47_d_governance.md | docs/02_enterprise_architecture/02_domain_architecture_docs/51_d_gov_enforcement.md | docs/02_enterprise_architecture/02_domain_architecture_docs/_zoomable_html/18_d_gov_code_quality.html | docs/03_modules/_domain_gov_enforcement/algo_flow/commit_gates/f/foreign_change_gate.yaml | scripts/git_commit.py | src/zephyr/gov_enforcement/commit_gates/commit_scope_gate.py | src/zephyr/gov_enforcement/commit_gates/create_guard.py | src/zephyr/gov_enforcement/commit_gates/derived_file_deletion_gate.py | src/zephyr/gov_enforcement/commit_gates/foreign_change_gate.py | src/zephyr/gov_enforcement/commit_gates/hot_file_base_freshness_gate.py | src/zephyr/gov_enforcement/rule_bridge/git_commit_gateway.py | src/zephyr/gov_enforcement/rule_bridge/session_worktree.py | tests/governance/commit_gates/test_foreign_change_gate.py | tests/governance/rule_bridge/test_session_worktree_pre_merge_syspath.py | tests/governance/test_commit_queue_integration.py,有触发,"FOREIGN-CHANGE-DETECTION: FOREIGN-CHANGE-DETECTION（CommitGate, priority=45）",active,commit-gate,1731,0,0,0,0,0,0,0,0,32,1731,
FORGED-GW-MARKER,607,569,24,config/dev_delivery_map.yaml | data/databases/backups/depgraph_backup_20260721_220004.sql | data/databases/backups/depgraph_backup_20260814_aigit001_taskboard.sql | data/databases/backups/depgraph_backup_20260817_ai00close.sql | data/databases/backups/depgraph_backup_20260821_p06.sql | data/databases/backups/depgraph_backup_AI-DGR-001_20260817.sql | docs/01_policies_and_standards/_registry/catalogs/in_process_gate_registry.yaml | docs/01_policies_and_standards/_registry/catalogs/module_translation_registry.yaml | docs/01_policies_and_standards/_registry/reports/gate_face_reconciliation.md | docs/01_policies_and_standards/_registry/reports/gate_face_reconciliation.yaml | docs/01_policies_and_standards/rules/trae_068_preventability_layer.yaml | docs/01_policies_and_standards/sop/governance_sop/commit_guide_sources/file_type_checklists_registry.yaml | docs/01_policies_and_standards/sop/governance_sop/commit_guide_sources/gate_digest_registry.yaml | docs/01_policies_and_standards/sop/governance_sop/commit_navigation_playbook.md | docs/02_enterprise_architecture/02_domain_architecture_docs/18_d_gov_code_quality.md | docs/02_enterprise_architecture/02_domain_architecture_docs/47_d_governance.md | docs/02_enterprise_architecture/02_domain_architecture_docs/_zoomable_html/18_d_gov_code_quality.html | scripts/governance/commit_queue_landing.py | scripts/governance/d5_architecture/generators/generate_dev_delivery_map.py | scripts/governance/wave1b/dead_letter_prescriptions.py | src/zephyr/gov_enforcement/commit_gates/forged_gw_marker_gate.py | src/zephyr/gov_enforcement/commit_gates/protected_paths_gate.py | tests/governance/commit_gates/test_forged_gw_marker_gate.py | tests/governance/commit_gates/test_protected_paths_gate.py,有触发,FORGED-GW-MARKER: Forged GW Marker 前置检测门禁（FORGED-GW-MARKER，#ARCH-PREVENTABILITY-,active,commit-gate,601,0,6,0,0,0,510,382,0,22,607,
FRONTEND-MAP,1067,0,22,.workbuddy/memory/2026-09-15.md | config/construction_workflow_map.yaml | docs/01_policies_and_standards/_registry/catalogs/architecture_issue_registry.yaml | docs/01_policies_and_standards/sop/construction_sop/construction_workflow_policy.md | docs/01_policies_and_standards/sop/governance_sop/alignment_checklist.md | docs/02_enterprise_architecture/01_global_architecture_diagram/full_project_tree_en.md | docs/02_enterprise_architecture/01_global_architecture_diagram/full_project_tree_zh.md | docs/02_enterprise_architecture/02_domain_architecture_docs/18_d_gov_code_quality.md | docs/02_enterprise_architecture/02_domain_architecture_docs/51_d_gov_enforcement.md | docs/02_enterprise_architecture/02_domain_architecture_docs/_zoomable_html/51_d_gov_enforcement.html | docs/03_modules/_domain_gov_enforcement/algo_flow/commit_gates/d/decision_map_gate.yaml | docs/03_modules/_domain_gov_enforcement/algo_flow/commit_gates/f/frontend_map_gate.yaml | scripts/governance/d5_architecture/generators/check_frontend_map.py | scripts/governance/generators/generate_gate_registry.py | src/zephyr/gov_enforcement/commit_gates/__init__.py | src/zephyr/gov_enforcement/commit_gates/decision_map_gate.py | src/zephyr/gov_enforcement/commit_gates/frontend_map_gate.py | src/zephyr/gov_enforcement/commit_gates/panorama_alignment_gate.py | tmp/ec1_enq2.txt | tmp/ec1_enqueue_out.txt | tests/governance/commit_gates/test_frontend_map_gate.py | tests/governance/rule_bridge/test_gate_auto_registrar.py,有触发,FRONTEND-MAP: 前端全景图对齐（已合并至 MAP-ALIGNMENT，st-gslim-20260923 P4）,deprecated,manual,1054,0,13,0,0,0,2066,702,0,20,1067,
FRONTEND-TRUTH-SOURCE,2088,569,23,config/construction_workflow_map.yaml | docs/01_policies_and_standards/_registry/catalogs/in_process_gate_registry.yaml | docs/01_policies_and_standards/_registry/reports/gate_face_reconciliation.md | docs/01_policies_and_standards/_registry/reports/gate_face_reconciliation.yaml | docs/01_policies_and_standards/rules/trae_086_frontend_module_construction.yaml | docs/01_policies_and_standards/sop/construction_sop/construction_workflow_policy.md | docs/01_policies_and_standards/sop/governance_sop/agent_constitution_legacy_v1.md | docs/01_policies_and_standards/sop/governance_sop/commit_guide_sources/gate_digest_registry.yaml | docs/01_policies_and_standards/sop/governance_sop/commit_navigation_playbook.md | docs/02_enterprise_architecture/01_global_architecture_diagram/full_project_tree_en.md | docs/02_enterprise_architecture/01_global_architecture_diagram/full_project_tree_zh.md | docs/02_enterprise_architecture/02_domain_architecture_docs/18_d_gov_code_quality.md | docs/02_enterprise_architecture/02_domain_architecture_docs/51_d_gov_enforcement.md | docs/02_enterprise_architecture/02_domain_architecture_docs/_zoomable_html/51_d_gov_enforcement.html | docs/03_modules/_domain_gov_enforcement/algo_flow/commit_gates/f/frontend_truth_source_gate.yaml | src/zephyr/gov_enforcement/commit_gates/__init__.py | src/zephyr/gov_enforcement/commit_gates/frontend_map_gate.py | src/zephyr/gov_enforcement/commit_gates/frontend_truth_source_gate.py | src/zephyr/gov_enforcement/commit_gates/library/library_blood_flesh_gate.py | src/zephyr/gov_enforcement/commit_gates/library/state_vocab_registry_gate.py | tests/governance/commit_gates/test_frontend_truth_source_gate.py | tests/governance/commit_gates/test_frontend_truth_source_gate_redteam.py | tests/governance/rule_bridge/test_gate_auto_registrar.py,有触发,"FRONTEND-TRUTH-SOURCE: FRONTEND-TRUTH-SOURCE（CommitGate, priority=136）",active,commit-gate,2088,0,0,0,0,0,513,169,0,20,2088,
FUNCTION-DUP,2109,574,74,"data/databases/backups/depgraph_backup_20260721_220004.sql | data/databases/backups/depgraph_backup_20260814_aigit001_taskboard.sql | data/databases/backups/depgraph_backup_20260817_ai00close.sql | data/databases/backups/depgraph_backup_20260821_p06.sql | data/databases/backups/depgraph_backup_AI-DGR-001_20260817.sql | docs/01_policies_and_standards/_registry/catalogs/architecture_issue_registry.yaml | docs/01_policies_and_standards/_registry/catalogs/capability_canonical_file_registry.yaml | docs/01_policies_and_standards/_registry/catalogs/fail_open_register.yaml | docs/01_policies_and_standards/_registry/catalogs/in_process_gate_registry.yaml | docs/01_policies_and_standards/_registry/catalogs/module_translation_registry.yaml | docs/01_policies_and_standards/_registry/reports/gate_face_reconciliation.md | docs/01_policies_and_standards/_registry/reports/gate_face_reconciliation.yaml | docs/01_policies_and_standards/rules/trae_022_behavior_conditional_code.yaml | docs/01_policies_and_standards/sop/governance_sop/commit_guide_sources/file_type_checklists_registry.yaml | docs/01_policies_and_standards/sop/governance_sop/commit_guide_sources/gate_digest_registry.yaml | docs/01_policies_and_standards/sop/governance_sop/commit_navigation_playbook.md | docs/02_enterprise_architecture/01_global_architecture_diagram/full_project_tree_en.md | docs/02_enterprise_architecture/01_global_architecture_diagram/full_project_tree_zh.md | docs/02_enterprise_architecture/02_domain_architecture_docs/10_d_data.md | docs/02_enterprise_architecture/02_domain_architecture_docs/18_d_gov_code_quality.md | docs/02_enterprise_architecture/02_domain_architecture_docs/34_d_backtest.md | docs/02_enterprise_architecture/02_domain_architecture_docs/47_d_governance.md | docs/02_enterprise_architecture/02_domain_architecture_docs/48_d_gov_audit.md | docs/02_enterprise_architecture/02_domain_architecture_docs/51_d_gov_enforcement.md | docs/02_enterprise_architecture/02_domain_architecture_docs/_zoomable_html/51_d_gov_enforcement.html | docs/02_enterprise_architecture/08_algorithm_overview/system_foundation.md | docs/03_modules/_cross_layer/gate_engine/blueprint.md | docs/03_modules/_domain_gov_enforcement/algo_flow/commit_gates/f/function_dup_gate.yaml | scripts/ai_layer/apply_ai_heritage_ddl.py | scripts/ai_layer/apply_ai_intake_ddl.py | scripts/ai_layer/apply_ai_layer_scheduling_ddl.py | scripts/backtest/_f2_eval_common.py | scripts/backtest/eval_f2_narrow_backtest.py | scripts/backtest/sim_daily_runner.py | scripts/ch/apply_decision_daily_ddl.py | scripts/ch/apply_l9_readiness_ddl.py | scripts/data/backfill_lof_minute_history.py | scripts/data/sz_open_data/probe_all_new.py | scripts/governance/d7_code/any_type_inferrer.py | scripts/governance/extract_decisiongraph.py ...(+34 more, full list in f3_consumer_detail.csv)",有触发,"FUNCTION-DUP: FUNCTION-DUP（CommitGate, priority=90）",active,commit-gate,2088,229,21,0,0,0,1195,619,0,70,2109,
GIT-CALL-BUDGET,2088,569,24,.trae/documents/_arch_issue_full_backup.yaml | config/construction_workflow_map.yaml | data/databases/backups/depgraph_backup_20260721_220004.sql | data/databases/backups/depgraph_backup_20260814_aigit001_taskboard.sql | data/databases/backups/depgraph_backup_20260817_ai00close.sql | data/databases/backups/depgraph_backup_20260821_p06.sql | data/databases/backups/depgraph_backup_AI-DGR-001_20260817.sql | docs/01_policies_and_standards/_registry/catalogs/architecture_issue_registry.yaml | docs/01_policies_and_standards/_registry/catalogs/capability_canonical_file_registry.yaml | docs/01_policies_and_standards/_registry/catalogs/fail_open_register.yaml | docs/01_policies_and_standards/_registry/catalogs/in_process_gate_registry.yaml | docs/01_policies_and_standards/_registry/reports/gate_face_reconciliation.md | docs/01_policies_and_standards/_registry/reports/gate_face_reconciliation.yaml | docs/01_policies_and_standards/rules/trae_064_git_call_budget.yaml | docs/01_policies_and_standards/sop/governance_sop/commit_guide_sources/gate_digest_registry.yaml | docs/01_policies_and_standards/sop/governance_sop/commit_navigation_playbook.md | docs/02_enterprise_architecture/02_domain_architecture_docs/18_d_gov_code_quality.md | docs/03_modules/_domain_gov_enforcement/algo_flow/commit_gates/g/git_call_budget_gate.yaml | docs/_archive/ruling_100pct_ai_governance_hardening.md | docs/_archive/ruling_runcommand_window_flash.md | src/zephyr/gov_enforcement/commit_gates/_tree_view.py | src/zephyr/gov_enforcement/commit_gates/git_call_budget_gate.py | src/zephyr/gov_enforcement/commit_gates/import_integrity_gate.py | src/zephyr/gov_enforcement/rule_bridge/gate_cache_preflight.py,有触发,"GIT-CALL-BUDGET: GIT-CALL-BUDGET（CommitGate, priority=105）",active,commit-gate,2088,0,0,0,0,0,0,0,0,24,2088,
NO-GOD-CLASS,1054,0,33,data/databases/backups/depgraph_backup_20260721_220004.sql | data/databases/backups/depgraph_backup_20260814_aigit001_taskboard.sql | data/databases/backups/depgraph_backup_20260817_ai00close.sql | data/databases/backups/depgraph_backup_20260821_p06.sql | data/databases/backups/depgraph_backup_AI-DGR-001_20260817.sql | docs/01_policies_and_standards/_registry/catalogs/capability_canonical_file_registry.yaml | docs/01_policies_and_standards/_registry/catalogs/module_translation_registry.yaml | docs/01_policies_and_standards/sop/governance_sop/commit_guide_sources/gate_digest_registry.yaml | docs/01_policies_and_standards/sop/governance_sop/commit_navigation_playbook.md | docs/02_enterprise_architecture/01_global_architecture_diagram/full_project_tree_en.md | docs/02_enterprise_architecture/01_global_architecture_diagram/full_project_tree_zh.md | docs/02_enterprise_architecture/02_domain_architecture_docs/18_d_gov_code_quality.md | docs/02_enterprise_architecture/02_domain_architecture_docs/26_d_security.md | docs/02_enterprise_architecture/02_domain_architecture_docs/47_d_governance.md | docs/02_enterprise_architecture/02_domain_architecture_docs/51_d_gov_enforcement.md | docs/02_enterprise_architecture/02_domain_architecture_docs/_zoomable_html/51_d_gov_enforcement.html | docs/03_modules/_cross_layer/gate_engine/blueprint.md | docs/03_modules/_domain_gov_enforcement/algo_flow/commit_gates/g/god_class_gate.yaml | scripts/governance/generators/generate_gate_registry.py | src/zephyr/ai_layer/heritage/store.py | src/zephyr/data/implementations/internal_compute_provider.py | src/zephyr/gov_enforcement/commit_gates/bare_sql_gate.py | src/zephyr/gov_enforcement/commit_gates/god_class_gate.py | src/zephyr/gov_enforcement/commit_gates/high_complexity_gate.py | src/zephyr/gov_enforcement/commit_gates/syntax_validation_gate.py | src/zephyr/gov_enforcement/rule_bridge/gate_cache_preflight.py | src/zephyr/governance/meta_question/exam_ops.py | src/zephyr/governance/meta_question/meta_question_registry.py | src/zephyr/trading/auto_runtime_core.py | tmp/ec1_enq2.txt | tmp/ec1_enqueue_out.txt | tests/git/test_gate_cache_key_isolation.py | tests/governance/commit_gates/test_god_class_gate.py,有触发,NO-GOD-CLASS: God Class 检测（已合并至 COMPLEXITY-GUARD，st-gslim-20260923 P4）,deprecated,manual,1054,651,0,0,0,0,4020,694,0,31,1054,
NO-HARDCODED-URL,2088,569,34,data/databases/backups/depgraph_backup_20260721_220004.sql | data/databases/backups/depgraph_backup_20260814_aigit001_taskboard.sql | data/databases/backups/depgraph_backup_20260817_ai00close.sql | data/databases/backups/depgraph_backup_20260821_p06.sql | data/databases/backups/depgraph_backup_AI-DGR-001_20260817.sql | docs/01_policies_and_standards/_registry/catalogs/capability_canonical_file_registry.yaml | docs/01_policies_and_standards/_registry/catalogs/fail_open_register.yaml | docs/01_policies_and_standards/_registry/catalogs/in_process_gate_registry.yaml | docs/01_policies_and_standards/_registry/catalogs/module_translation_registry.yaml | docs/01_policies_and_standards/_registry/reports/gate_face_reconciliation.md | docs/01_policies_and_standards/_registry/reports/gate_face_reconciliation.yaml | docs/01_policies_and_standards/sop/governance_sop/commit_guide_sources/gate_digest_registry.yaml | docs/01_policies_and_standards/sop/governance_sop/commit_navigation_playbook.md | docs/02_enterprise_architecture/01_global_architecture_diagram/full_project_tree_en.md | docs/02_enterprise_architecture/01_global_architecture_diagram/full_project_tree_zh.md | docs/02_enterprise_architecture/02_domain_architecture_docs/18_d_gov_code_quality.md | docs/02_enterprise_architecture/02_domain_architecture_docs/51_d_gov_enforcement.md | docs/02_enterprise_architecture/02_domain_architecture_docs/54_d_gov_scripts.md | docs/02_enterprise_architecture/02_domain_architecture_docs/_zoomable_html/18_d_gov_code_quality.html | docs/02_enterprise_architecture/02_domain_architecture_docs/_zoomable_html/51_d_gov_enforcement.html | docs/03_modules/_cross_layer/gate_engine/blueprint.md | docs/03_modules/_domain_gov_enforcement/algo_flow/commit_gates/h/hardcoded_url_gate.yaml | docs/_archive/architecture_debt_registry_v2.md | scripts/governance/_shared/constants.py | scripts/governance/d5_architecture/generators/generate_module_algorithm_overview.py | scripts/governance/d5_architecture/generators/generate_trading_map_diagram.py | src/zephyr/gov_enforcement/commit_gates/hardcoded_url_gate.py | src/zephyr/gov_enforcement/commit_gates/import_direction_gate.py | src/zephyr/gov_enforcement/rule_bridge/gate_cache_preflight.py | src/zephyr/shared/foundation/constants.py | tmp/ec1_enq2.txt | tmp/ec1_enqueue_out.txt | tests/governance/commit_gates/test_hardcoded_url_gate.py | tests/governance/red_blue_pkg14/test_rb14_s5_cache_poison.py,有触发,"NO-HARDCODED-URL: NO-HARDCODED-URL（CommitGate, priority=98）",active,commit-gate,2088,415,0,0,0,0,1266,734,0,32,2088,
HELD-OVERLAP,1241,593,92,".trae/documents/P3_merge_conflict_resolution.md | .trae/documents/_arch_issue_full_backup.yaml | .trae/documents/algo_flow_calibrated/MOD-GOV_SESSION_WORKTREE.txt | .trae/documents/commit_gate_registry_sync.md | .trae/documents/commit_gate_registry_sync_plan.md | .trae/documents/p1-in-process-gate-node-id-hardcode.md | .trae/documents/plan_worktree_required_gate.md | .trae/documents/混合提交治本_13a5e1d512裁定与COMMIT_SCOPE_gate方案.md | .workbuddy/memory/2026-10-02.md | AGENTS.md | data/databases/backups/depgraph_backup_20260721_220004.sql | data/databases/backups/depgraph_backup_20260814_aigit001_taskboard.sql | data/databases/backups/depgraph_backup_20260817_ai00close.sql | data/databases/backups/depgraph_backup_20260821_p06.sql | data/databases/backups/depgraph_backup_AI-DGR-001_20260817.sql | docs/01_policies_and_standards/_registry/catalogs/architecture_issue_registry.yaml | docs/01_policies_and_standards/_registry/catalogs/capability_canonical_file_registry.yaml | docs/01_policies_and_standards/_registry/catalogs/in_process_gate_registry.yaml | docs/01_policies_and_standards/_registry/catalogs/module_translation_registry.yaml | docs/01_policies_and_standards/_registry/catalogs/rule_ai_perception_index.yaml | docs/01_policies_and_standards/_registry/catalogs/ruling_registry.yaml | docs/01_policies_and_standards/_registry/reports/gate_face_reconciliation.md | docs/01_policies_and_standards/_registry/reports/gate_face_reconciliation.yaml | docs/01_policies_and_standards/policies/workspace_governance_policy.md | docs/01_policies_and_standards/rules/trae_072_cross_commit_atomicity.yaml | docs/01_policies_and_standards/rules/trae_079_commit_serialization.yaml | docs/01_policies_and_standards/sop/backtest_system_sop/sop_d_run_archive_naming.md | docs/01_policies_and_standards/sop/construction_sop/construction_workflow_policy.md | docs/01_policies_and_standards/sop/construction_sop/lane_construction_discipline_policy.md | docs/01_policies_and_standards/sop/governance_sop/agent_constitution_l0.md | docs/01_policies_and_standards/sop/governance_sop/agent_constitution_legacy_v1.md | docs/01_policies_and_standards/sop/governance_sop/commit_guide_sources/file_type_checklists_registry.yaml | docs/01_policies_and_standards/sop/governance_sop/commit_guide_sources/gate_digest_registry.yaml | docs/01_policies_and_standards/sop/governance_sop/commit_navigation_playbook.md | docs/01_policies_and_standards/sop/governance_sop/construction_ledger_method_policy.md | docs/01_policies_and_standards/sop/ops_sop/merge_conflict_resolution_policy.md | docs/02_enterprise_architecture/01_global_architecture_diagram/full_project_tree_en.md | docs/02_enterprise_architecture/01_global_architecture_diagram/full_project_tree_zh.md | docs/02_enterprise_architecture/02_domain_architecture_docs/18_d_gov_code_quality.md | docs/02_enterprise_architecture/02_domain_architecture_docs/47_d_governance.md ...(+52 more, full list in f3_consumer_detail.csv)",有触发,"HELD-OVERLAP: HELD-OVERLAP（CommitGate, priority=50）",active,commit-gate,1169,63,72,0,0,0,0,0,0,73,1241,
COMPLEXITY-GUARD,1081,590,53,"config/construction_workflow_map.yaml | docs/01_policies_and_standards/_registry/catalogs/in_process_gate_registry.yaml | docs/01_policies_and_standards/_registry/reports/gate_face_reconciliation.md | docs/01_policies_and_standards/_registry/reports/gate_face_reconciliation.yaml | docs/01_policies_and_standards/sop/governance_sop/commit_guide_sources/death_cases_registry.yaml | docs/01_policies_and_standards/sop/governance_sop/commit_guide_sources/file_type_checklists_registry.yaml | docs/01_policies_and_standards/sop/governance_sop/commit_guide_sources/gate_digest_registry.yaml | docs/01_policies_and_standards/sop/governance_sop/commit_navigation_playbook.md | docs/02_enterprise_architecture/02_domain_architecture_docs/47_d_governance.md | logs/lane-land-code.md | scripts/backtest/weight_ssot.py | scripts/backup/backup_reconciler.py | scripts/commit_queue.py | scripts/governance/commit_queue_landing.py | scripts/governance/fullflow/generate_fullflow_crosscheck.py | scripts/governance/generate_gate_face_reconciliation.py | scripts/governance/generators/generate_gate_registry.py | scripts/governance/wave1a/ch_read_shape_ruler.py | scripts/governance/wave1b/dead_letter_census.py | scripts/governance/wave1b/dead_letter_prescriptions.py | src/zephyr/data/cleaning_anomaly_hosting.py | src/zephyr/data/cleaning_rules_hosting.py | src/zephyr/gov_enforcement/commit_gates/god_class_gate.py | src/zephyr/gov_enforcement/commit_gates/high_complexity_gate.py | src/zephyr/gov_enforcement/commit_gates/long_param_list_gate.py | src/zephyr/governance/audit/library_new_module_reconciler.py | tmp/ec1_enq2.txt | tmp/ec1_enq3.txt | tmp/ec1_enq4.txt | tmp/ec1_enqueue_out.txt | tmp/runtime_backups/runtime_handoffs_20260929_031839/handoffs/handoff_st-bca-b-recon-20260926.json | tmp/runtime_backups/runtime_handoffs_20260929_031839/handoffs/handoff_st-chief4x-cplx-20260927.json | tmp/runtime_backups/runtime_handoffs_20260929_032232/handoffs/handoff_st-bca-b-recon-20260926.json | tmp/runtime_backups/runtime_handoffs_20260929_032232/handoffs/handoff_st-chief4x-cplx-20260927.json | tmp/runtime_backups/runtime_handoffs_20260929_053410/handoffs/handoff_st-bca-b-recon-20260926.json | tmp/runtime_backups/runtime_handoffs_20260929_053410/handoffs/handoff_st-chief4x-cplx-20260927.json | tmp/runtime_backups/runtime_handoffs_20260929_143706/handoffs/handoff_st-bca-b-recon-20260926.json | tmp/runtime_backups/runtime_handoffs_20260929_143706/handoffs/handoff_st-chief4x-cplx-20260927.json | tmp/runtime_backups/runtime_handoffs_20260929_150313/handoffs/handoff_st-bca-b-recon-20260926.json | tmp/runtime_backups/runtime_handoffs_20260929_150313/handoffs/handoff_st-chief4x-cplx-20260927.json ...(+13 more, full list in f3_consumer_detail.csv)",有触发,"COMPLEXITY-GUARD: COMPLEXITY-GUARD（CommitGate, priority=156）",active,commit-gate,1034,232,47,0,0,0,5381,4213,0,50,1081,
HOT-FILE-BASE-FRESHNESS,1785,576,36,docs/01_policies_and_standards/_registry/catalogs/fail_open_register.yaml | docs/01_policies_and_standards/_registry/catalogs/in_process_gate_registry.yaml | docs/01_policies_and_standards/_registry/reports/gate_face_reconciliation.md | docs/01_policies_and_standards/_registry/reports/gate_face_reconciliation.yaml | docs/01_policies_and_standards/rules/trae_085_stale_base_overwrite.yaml | docs/01_policies_and_standards/sop/construction_sop/lane_construction_discipline_policy.md | docs/01_policies_and_standards/sop/governance_sop/commit_guide_sources/file_type_checklists_registry.yaml | docs/01_policies_and_standards/sop/governance_sop/commit_guide_sources/gate_digest_registry.yaml | docs/01_policies_and_standards/sop/governance_sop/commit_navigation_playbook.md | docs/02_enterprise_architecture/01_global_architecture_diagram/full_project_tree_en.md | docs/02_enterprise_architecture/01_global_architecture_diagram/full_project_tree_zh.md | docs/02_enterprise_architecture/02_domain_architecture_docs/18_d_gov_code_quality.md | docs/02_enterprise_architecture/02_domain_architecture_docs/47_d_governance.md | docs/02_enterprise_architecture/02_domain_architecture_docs/51_d_gov_enforcement.md | docs/03_modules/_domain_gov_enforcement/algo_flow/commit_gates/h/hot_file_base_freshness_gate.yaml | scripts/git_commit.py | scripts/governance/commit_queue_landing.py | scripts/governance/wave1b/dead_letter_census.py | scripts/governance/wave1b/dead_letter_prescriptions.py | src/zephyr/gov_enforcement/commit_gates/hot_file_base_freshness_gate.py | src/zephyr/gov_enforcement/commit_gates/syntax_validation_gate.py | src/zephyr/gov_enforcement/rule_bridge/git_commit_gateway.py | tmp/runtime_backups/runtime_handoffs_20260929_031839/handoffs/handoff_st-zc8-lane-rb2-20260928.json | tmp/runtime_backups/runtime_handoffs_20260929_032232/handoffs/handoff_st-zc8-lane-rb2-20260928.json | tmp/runtime_backups/runtime_handoffs_20260929_053410/handoffs/handoff_st-zc8-lane-rb2-20260928.json | tmp/runtime_backups/runtime_handoffs_20260929_143706/handoffs/handoff_st-zc8-lane-rb2-20260928.json | tmp/runtime_backups/runtime_handoffs_20260929_150313/handoffs/handoff_st-zc8-lane-rb2-20260928.json | tmp/runtime_backups/runtime_handoffs_20260929_152237/handoffs/handoff_st-zc8-lane-rb2-20260928.json | tmp/runtime_backups/runtime_handoffs_20260929_174602/handoffs/handoff_st-zc8-lane-rb2-20260928.json | tmp/runtime_backups/runtime_handoffs_20260929_181346/handoffs/handoff_st-zc8-lane-rb2-20260928.json | tmp/runtime_backups/runtime_handoffs_20260929_182834/handoffs/handoff_st-zc8-lane-rb2-20260928.json | tmp/runtime_backups/runtime_handoffs_20260929_183328/handoffs/handoff_st-zc8-lane-rb2-20260928.json | tests/governance/commit_gates/test_hot_file_base_freshness_gate.py | tests/governance/redblue_wave73/test_v8_hot_registry_whole_overwrite.py | tests/governance/rule_bridge/test_gate_auto_registrar.py | tests/governance/test_commit_queue_contention_reroute.py,有触发,"HOT-FILE-BASE-FRESHNESS: HOT-FILE-BASE-FRESHNESS（CommitGate, priority=47）",active,commit-gate,1730,0,55,0,0,0,149,53,0,32,1785,
ID-UNIQUENESS,1033,569,22,data/databases/backups/depgraph_backup_20260721_220004.sql | data/databases/backups/depgraph_backup_20260814_aigit001_taskboard.sql | data/databases/backups/depgraph_backup_20260817_ai00close.sql | data/databases/backups/depgraph_backup_20260821_p06.sql | data/databases/backups/depgraph_backup_AI-DGR-001_20260817.sql | docs/01_policies_and_standards/_registry/catalogs/capability_canonical_file_registry.yaml | docs/01_policies_and_standards/_registry/catalogs/in_process_gate_registry.yaml | docs/01_policies_and_standards/_registry/catalogs/module_translation_registry.yaml | docs/01_policies_and_standards/_registry/reports/gate_face_reconciliation.md | docs/01_policies_and_standards/_registry/reports/gate_face_reconciliation.yaml | docs/01_policies_and_standards/sop/governance_sop/commit_guide_sources/gate_digest_registry.yaml | docs/01_policies_and_standards/sop/governance_sop/commit_navigation_playbook.md | docs/02_enterprise_architecture/01_global_architecture_diagram/full_project_tree_en.md | docs/02_enterprise_architecture/01_global_architecture_diagram/full_project_tree_zh.md | docs/02_enterprise_architecture/02_domain_architecture_docs/18_d_gov_code_quality.md | docs/02_enterprise_architecture/02_domain_architecture_docs/51_d_gov_enforcement.md | docs/02_enterprise_architecture/02_domain_architecture_docs/_zoomable_html/51_d_gov_enforcement.html | src/zephyr/gov_enforcement/commit_gates/exempt_zone_frontmatter_gate.py | src/zephyr/gov_enforcement/commit_gates/god_class_gate.py | src/zephyr/gov_enforcement/commit_gates/id_uniqueness_gate.py | src/zephyr/gov_enforcement/rule_bridge/git_commit_gateway.py | tests/governance/commit_gates/test_id_uniqueness_gate.py,有触发,"ID-UNIQUENESS: ID-UNIQUENESS（CommitGate, priority=86）",active,commit-gate,1033,994,0,0,0,0,0,0,0,21,1033,
NO-UPWARD-IMPORT,2089,570,37,data/databases/backups/depgraph_backup_20260721_220004.sql | data/databases/backups/depgraph_backup_20260814_aigit001_taskboard.sql | data/databases/backups/depgraph_backup_20260817_ai00close.sql | data/databases/backups/depgraph_backup_20260821_p06.sql | data/databases/backups/depgraph_backup_AI-DGR-001_20260817.sql | docs/01_policies_and_standards/_registry/catalogs/capability_canonical_file_registry.yaml | docs/01_policies_and_standards/_registry/catalogs/fail_open_register.yaml | docs/01_policies_and_standards/_registry/catalogs/in_process_gate_registry.yaml | docs/01_policies_and_standards/_registry/catalogs/module_translation_registry.yaml | docs/01_policies_and_standards/_registry/catalogs/ruling_registry.yaml | docs/01_policies_and_standards/_registry/reports/gate_face_reconciliation.md | docs/01_policies_and_standards/_registry/reports/gate_face_reconciliation.yaml | docs/01_policies_and_standards/rules/trae_011_code_type_import.yaml | docs/01_policies_and_standards/sop/governance_sop/commit_guide_sources/gate_digest_registry.yaml | docs/01_policies_and_standards/sop/governance_sop/commit_navigation_playbook.md | docs/02_enterprise_architecture/01_global_architecture_diagram/full_project_tree_en.md | docs/02_enterprise_architecture/01_global_architecture_diagram/full_project_tree_zh.md | docs/02_enterprise_architecture/02_domain_architecture_docs/18_d_gov_code_quality.md | docs/02_enterprise_architecture/02_domain_architecture_docs/51_d_gov_enforcement.md | docs/02_enterprise_architecture/02_domain_architecture_docs/_zoomable_html/18_d_gov_code_quality.html | docs/02_enterprise_architecture/02_domain_architecture_docs/_zoomable_html/51_d_gov_enforcement.html | docs/03_modules/_cross_layer/gate_engine/blueprint.md | docs/03_modules/_domain_gov_enforcement/algo_flow/commit_gates/i/import_direction_gate.yaml | docs/_archive/architecture_debt_registry_v2.md | docs/_archive/debt_permanent_rulings_r102.md | src/zephyr/gov_enforcement/commit_gates/hardcoded_url_gate.py | src/zephyr/gov_enforcement/commit_gates/import_direction_gate.py | src/zephyr/gov_enforcement/commit_gates/msg_style_gate.py | src/zephyr/gov_enforcement/rule_bridge/gate_cache_preflight.py | src/zephyr/shared/_cross_layer/ml_experiment_pipeline.py | src/zephyr/shared/protocols/a2a/a2a_coordination.py | src/zephyr/shared/session/session_audit.py | src/zephyr/shared/session/session_continuity.py | tmp/ec1_enq2.txt | tmp/ec1_enqueue_out.txt | tests/governance/commit_gates/test_import_direction_gate.py | tests/governance/commit_gates/test_msg_style_gate.py,有触发,"NO-UPWARD-IMPORT: NO-UPWARD-IMPORT（CommitGate, priority=97）",active,commit-gate,2088,1396,1,0,0,0,1559,800,0,35,2089,
IMPORT-INTEGRITY,2103,572,46,".pre-commit-config.yaml | .trae/documents/_arch_issue_full_backup.yaml | .trae/documents/algorithm_overview_architecture_decision.md | .trae/documents/plan_battle_map_algorithm_field_autogen.md | data/databases/backups/depgraph_backup_20260721_220004.sql | data/databases/backups/depgraph_backup_20260814_aigit001_taskboard.sql | data/databases/backups/depgraph_backup_20260817_ai00close.sql | data/databases/backups/depgraph_backup_20260821_p06.sql | data/databases/backups/depgraph_backup_AI-DGR-001_20260817.sql | docs/01_policies_and_standards/_registry/catalogs/architecture_issue_registry.yaml | docs/01_policies_and_standards/_registry/catalogs/fail_open_register.yaml | docs/01_policies_and_standards/_registry/catalogs/in_process_gate_registry.yaml | docs/01_policies_and_standards/_registry/catalogs/module_translation_registry.yaml | docs/01_policies_and_standards/_registry/reports/gate_face_reconciliation.md | docs/01_policies_and_standards/_registry/reports/gate_face_reconciliation.yaml | docs/01_policies_and_standards/rules/trae_072_cross_commit_atomicity.yaml | docs/01_policies_and_standards/sop/construction_sop/lane_construction_discipline_policy.md | docs/01_policies_and_standards/sop/governance_sop/commit_guide_sources/death_cases_registry.yaml | docs/01_policies_and_standards/sop/governance_sop/commit_guide_sources/file_type_checklists_registry.yaml | docs/01_policies_and_standards/sop/governance_sop/commit_guide_sources/gate_digest_registry.yaml | docs/01_policies_and_standards/sop/governance_sop/commit_navigation_playbook.md | docs/02_enterprise_architecture/01_global_architecture_diagram/full_project_tree_en.md | docs/02_enterprise_architecture/01_global_architecture_diagram/full_project_tree_zh.md | docs/02_enterprise_architecture/02_domain_architecture_docs/18_d_gov_code_quality.md | docs/02_enterprise_architecture/02_domain_architecture_docs/26_d_security.md | docs/02_enterprise_architecture/02_domain_architecture_docs/51_d_gov_enforcement.md | docs/02_enterprise_architecture/02_domain_architecture_docs/54_d_gov_scripts.md | docs/02_enterprise_architecture/02_domain_architecture_docs/_zoomable_html/51_d_gov_enforcement.html | docs/03_modules/_domain_gov_enforcement/algo_flow/commit_gates/i/import_integrity_gate.yaml | scripts/governance/apply_depgraph.py | scripts/governance/d5_architecture/generators/generate_code_wiki_stats.py | scripts/governance/d7_code/any_type_inferrer.py | scripts/governance/git_hooks/__init__.py | scripts/governance/wave1b/dead_letter_prescriptions.py | scripts/script-manifest.yaml | src/zephyr/data/implementations/financial_derived_compute.py | src/zephyr/data/implementations/irm_provider.py | src/zephyr/gov_enforcement/commit_gates/_diff_helpers.py | src/zephyr/gov_enforcement/commit_gates/algo_flow_link_gate.py | src/zephyr/gov_enforcement/commit_gates/consumers_accuracy_gate.py ...(+6 more, full list in f3_consumer_detail.csv)",有触发,"IMPORT-INTEGRITY: IMPORT-INTEGRITY（CommitGate, priority=107）",active,commit-gate,2088,0,15,0,0,0,8246,2693,0,45,2103,
INDUSTRY-CHAIN-MAP,22,0,16,docs/01_policies_and_standards/_registry/catalogs/capability_canonical_file_registry.yaml | docs/01_policies_and_standards/_registry/catalogs/registry_master_index_exemptions.yaml | docs/01_policies_and_standards/sop/governance_sop/agent_constitution_legacy_v1.md | docs/01_policies_and_standards/sop/governance_sop/alignment_checklist.md | docs/02_enterprise_architecture/01_global_architecture_diagram/full_project_tree_en.md | docs/02_enterprise_architecture/01_global_architecture_diagram/full_project_tree_zh.md | docs/02_enterprise_architecture/02_domain_architecture_docs/18_d_gov_code_quality.md | scripts/governance/d5_architecture/generators/align_all.py | scripts/governance/generators/generate_gate_registry.py | src/zephyr/ai_layer/redline/negative_list_gates.py | src/zephyr/gov_enforcement/commit_gates/__init__.py | src/zephyr/gov_enforcement/commit_gates/industry_chain_map_gate.py | src/zephyr/gov_enforcement/commit_gates/panorama_alignment_gate.py | src/zephyr/gov_enforcement/commit_gates/strategy_factory_map_gate.py | tests/industry_graph/test_field_dictionary_alignment.py | tests/trading/test_decision_map.py,有触发,INDUSTRY-CHAIN-MAP: 产业链图工件（已合并至 MAP-ALIGNMENT，st-gslim-20260923 P4）,deprecated,manual,22,0,0,0,0,0,18,0,0,14,22,
BLOOD-FLESH,1115,569,34,docs/01_policies_and_standards/_registry/catalogs/in_process_gate_registry.yaml | docs/01_policies_and_standards/_registry/reports/gate_face_reconciliation.md | docs/01_policies_and_standards/_registry/reports/gate_face_reconciliation.yaml | docs/01_policies_and_standards/sop/governance_sop/commit_guide_sources/file_type_checklists_registry.yaml | docs/01_policies_and_standards/sop/governance_sop/commit_guide_sources/gate_digest_registry.yaml | docs/01_policies_and_standards/sop/governance_sop/commit_navigation_playbook.md | docs/01_policies_and_standards/sop/library_sop/blood_flesh_cataloging_sop.md | docs/02_enterprise_architecture/01_global_architecture_diagram/full_project_tree_en.md | docs/02_enterprise_architecture/01_global_architecture_diagram/full_project_tree_zh.md | docs/02_enterprise_architecture/02_domain_architecture_docs/18_d_gov_code_quality.md | docs/02_enterprise_architecture/02_domain_architecture_docs/32_d_audittest.md | docs/02_enterprise_architecture/02_domain_architecture_docs/51_d_gov_enforcement.md | docs/02_enterprise_architecture/02_domain_architecture_docs/_zoomable_html/51_d_gov_enforcement.html | scripts/governance/generators/generate_gate_registry.py | src/zephyr/gov_enforcement/commit_gates/__init__.py | src/zephyr/gov_enforcement/commit_gates/library/library_blood_flesh_gate.py | src/zephyr/governance/audit/reconcile_worker.py | tmp/ec1_enq2.txt | tmp/ec1_enq3.txt | tmp/ec1_enq4.txt | tmp/ec1_enqueue_out.txt | tmp/runtime_backups/runtime_handoffs_20260929_031839/handoffs/handoff_st-nightsweep-sw11-20260929.json | tmp/runtime_backups/runtime_handoffs_20260929_032232/handoffs/handoff_st-nightsweep-sw11-20260929.json | tmp/runtime_backups/runtime_handoffs_20260929_053410/handoffs/handoff_st-nightsweep-sw11-20260929.json | tmp/runtime_backups/runtime_handoffs_20260929_143706/handoffs/handoff_st-nightsweep-sw11-20260929.json | tmp/runtime_backups/runtime_handoffs_20260929_150313/handoffs/handoff_st-nightsweep-sw11-20260929.json | tmp/runtime_backups/runtime_handoffs_20260929_152237/handoffs/handoff_st-nightsweep-sw11-20260929.json | tmp/runtime_backups/runtime_handoffs_20260929_174602/handoffs/handoff_st-nightsweep-sw11-20260929.json | tmp/runtime_backups/runtime_handoffs_20260929_181346/handoffs/handoff_st-nightsweep-sw11-20260929.json | tmp/runtime_backups/runtime_handoffs_20260929_182834/handoffs/handoff_st-nightsweep-sw11-20260929.json | tmp/runtime_backups/runtime_handoffs_20260929_183328/handoffs/handoff_st-nightsweep-sw11-20260929.json | tests/gov_enforcement/test_library_blood_flesh_gate.py | tests/governance/generators/test_generate_gate_registry.py | tests/library/test_lookup_import_surface.py,有触发,"BLOOD-FLESH: BLOOD-FLESH（CommitGate, priority=59）",active,commit-gate,1115,616,0,0,0,0,23,9,0,31,1115,
STATE-VOCAB-REGISTRY,1121,569,30,docs/01_policies_and_standards/_registry/catalogs/in_process_gate_registry.yaml | docs/01_policies_and_standards/_registry/catalogs/noqa_exempt_registry.yaml | docs/01_policies_and_standards/_registry/catalogs/state_vocabulary_registry.yaml | docs/01_policies_and_standards/_registry/reports/gate_face_reconciliation.md | docs/01_policies_and_standards/_registry/reports/gate_face_reconciliation.yaml | docs/01_policies_and_standards/sop/governance_sop/commit_guide_sources/death_cases_registry.yaml | docs/01_policies_and_standards/sop/governance_sop/commit_guide_sources/gate_digest_registry.yaml | docs/01_policies_and_standards/sop/governance_sop/commit_navigation_playbook.md | docs/02_enterprise_architecture/01_global_architecture_diagram/full_project_tree_en.md | docs/02_enterprise_architecture/01_global_architecture_diagram/full_project_tree_zh.md | docs/02_enterprise_architecture/02_domain_architecture_docs/07_d_shared.md | docs/02_enterprise_architecture/02_domain_architecture_docs/18_d_gov_code_quality.md | docs/02_enterprise_architecture/02_domain_architecture_docs/51_d_gov_enforcement.md | docs/02_enterprise_architecture/02_domain_architecture_docs/_zoomable_html/51_d_gov_enforcement.html | docs/02_enterprise_architecture/08_algorithm_overview/_zoomable_html/system_foundation.html | docs/02_enterprise_architecture/08_algorithm_overview/system_foundation.md | docs/03_modules/_domain_gov_enforcement/algo_flow/commit_gates/l/state_vocab_registry_gate.yaml | scripts/governance/generators/generate_gate_registry.py | src/zephyr/gov_enforcement/commit_gates/__init__.py | src/zephyr/gov_enforcement/commit_gates/library/library_blood_flesh_gate.py | src/zephyr/gov_enforcement/commit_gates/library/state_vocab_registry_gate.py | src/zephyr/gov_enforcement/commit_gates/library/tag_vocab_gate.py | src/zephyr/governance/audit/reconcile_worker.py | tmp/ec1_enq2.txt | tmp/ec1_enq3.txt | tmp/ec1_enq4.txt | tmp/ec1_enqueue_out.txt | tests/gov_enforcement/test_state_vocab_registry_gate.py | tests/governance/generators/test_generate_gate_registry.py | tests/governance/rule_bridge/test_files_trigger_wiring.py,有触发,"STATE-VOCAB-REGISTRY: STATE-VOCAB-REGISTRY（CommitGate, priority=135）",active,commit-gate,1121,332,0,0,0,0,1948,811,0,27,1121,
TAG-VOCAB,1115,569,24,docs/01_policies_and_standards/_registry/catalogs/in_process_gate_registry.yaml | docs/01_policies_and_standards/_registry/catalogs/library_tag_vocabulary.yaml | docs/01_policies_and_standards/_registry/reports/gate_face_reconciliation.md | docs/01_policies_and_standards/_registry/reports/gate_face_reconciliation.yaml | docs/01_policies_and_standards/sop/governance_sop/commit_guide_sources/file_type_checklists_registry.yaml | docs/01_policies_and_standards/sop/governance_sop/commit_guide_sources/gate_digest_registry.yaml | docs/01_policies_and_standards/sop/governance_sop/commit_navigation_playbook.md | docs/01_policies_and_standards/sop/library_sop/blood_flesh_cataloging_sop.md | docs/02_enterprise_architecture/01_global_architecture_diagram/full_project_tree_en.md | docs/02_enterprise_architecture/01_global_architecture_diagram/full_project_tree_zh.md | docs/02_enterprise_architecture/02_domain_architecture_docs/18_d_gov_code_quality.md | docs/02_enterprise_architecture/02_domain_architecture_docs/32_d_audittest.md | docs/02_enterprise_architecture/02_domain_architecture_docs/51_d_gov_enforcement.md | docs/02_enterprise_architecture/02_domain_architecture_docs/_zoomable_html/51_d_gov_enforcement.html | scripts/governance/generators/generate_gate_registry.py | src/zephyr/gov_enforcement/commit_gates/__init__.py | src/zephyr/gov_enforcement/commit_gates/library/library_blood_flesh_gate.py | src/zephyr/gov_enforcement/commit_gates/library/tag_vocab_gate.py | src/zephyr/governance/audit/reconcile_worker.py | src/zephyr/library/lookup.py | tests/gov_enforcement/test_tag_vocab_gate.py | tests/governance/generators/test_generate_gate_registry.py | tests/library/test_library_smoke.py | tests/library/test_lookup_import_surface.py,有触发,"TAG-VOCAB: TAG-VOCAB（CommitGate, priority=134）",active,commit-gate,1115,508,0,0,0,0,40,9,0,20,1115,
NO-LONG-PARAM-LIST,1091,0,63,".trae/documents/finish_decision_index_split_gate3_rerun_commit.md | .workbuddy/memory/2026-09-15.md | data/databases/backups/depgraph_backup_20260721_220004.sql | data/databases/backups/depgraph_backup_20260814_aigit001_taskboard.sql | data/databases/backups/depgraph_backup_20260817_ai00close.sql | data/databases/backups/depgraph_backup_20260821_p06.sql | data/databases/backups/depgraph_backup_AI-DGR-001_20260817.sql | docs/01_policies_and_standards/_registry/catalogs/architecture_issue_registry.yaml | docs/01_policies_and_standards/_registry/catalogs/capability_canonical_file_registry.yaml | docs/01_policies_and_standards/_registry/catalogs/module_translation_registry.yaml | docs/01_policies_and_standards/_registry/catalogs/noqa_exempt_registry.yaml | docs/01_policies_and_standards/sop/construction_sop/lane_construction_discipline_policy.md | docs/01_policies_and_standards/sop/governance_sop/commit_guide_sources/gate_digest_registry.yaml | docs/01_policies_and_standards/sop/governance_sop/commit_navigation_playbook.md | docs/02_enterprise_architecture/01_global_architecture_diagram/full_project_tree_en.md | docs/02_enterprise_architecture/01_global_architecture_diagram/full_project_tree_zh.md | docs/02_enterprise_architecture/02_domain_architecture_docs/18_d_gov_code_quality.md | docs/02_enterprise_architecture/02_domain_architecture_docs/51_d_gov_enforcement.md | docs/02_enterprise_architecture/02_domain_architecture_docs/_zoomable_html/18_d_gov_code_quality.html | docs/02_enterprise_architecture/02_domain_architecture_docs/_zoomable_html/51_d_gov_enforcement.html | docs/03_modules/_cross_layer/gate_engine/blueprint.md | docs/03_modules/_domain_gov_enforcement/algo_flow/commit_gates/l/long_param_list_gate.yaml | logs/lane-land-code.md | scripts/ch/apply_l9_readiness_ddl.py | scripts/commit_queue.py | scripts/governance/commit_queue_landing.py | scripts/governance/d5_architecture/generators/generate_module_algorithm_overview.py | scripts/governance/d5_architecture/lifecycle/detect_retirement_candidates.py | scripts/governance/d5_architecture/lifecycle/retire_module.py | scripts/governance/d7_code/any_type_inferrer.py | scripts/governance/generators/generate_gate_registry.py | scripts/governance/meta/gate_prerun.py | scripts/lock_files.py | src/zephyr/ai_layer/comparator/executor.py | src/zephyr/ai_layer/comparator/experiment_store.py | src/zephyr/ai_layer/tools/inventory_generator.py | src/zephyr/backtest/regime_validation/chart_condition_package.py | src/zephyr/data/dual_source_guard.py | src/zephyr/data/implementations/miniqmt_provider.py | src/zephyr/data/l9_readiness_aggregator.py ...(+23 more, full list in f3_consumer_detail.csv)",有触发,NO-LONG-PARAM-LIST: 长参数列表检测（已合并至 COMPLEXITY-GUARD，st-gslim-20260923 P4）,deprecated,manual,1054,647,37,0,0,0,2030,1264,0,59,1091,
MANUAL-ONLY-PERMANENT,1137,0,46,".trae/documents/P3_closure_gate_fixes.md | .trae/documents/P3_followup_todos_completion_plan.md | .trae/documents/P3_followup_todos_root_cause_plan.md | .trae/documents/P3_leftover_todos_strategic_ruling_and_treatment_plan.md | .trae/documents/P3_merge_conflict_resolution.md | .trae/documents/P3_phase_a_final_completion_plan.md | .trae/documents/P3_phase_a_residual_completion_plan.md | .trae/documents/_arch_issue_full_backup.yaml | data/databases/backups/depgraph_backup_20260721_220004.sql | data/databases/backups/depgraph_backup_20260814_aigit001_taskboard.sql | data/databases/backups/depgraph_backup_20260817_ai00close.sql | data/databases/backups/depgraph_backup_20260821_p06.sql | data/databases/backups/depgraph_backup_AI-DGR-001_20260817.sql | docs/01_policies_and_standards/_registry/catalogs/architecture_issue_registry.yaml | docs/01_policies_and_standards/_registry/catalogs/capability_canonical_file_registry.yaml | docs/01_policies_and_standards/_registry/catalogs/fail_open_register.yaml | docs/01_policies_and_standards/_registry/catalogs/governance_convergence_map.yaml | docs/01_policies_and_standards/_registry/catalogs/module_translation_registry.yaml | docs/01_policies_and_standards/_registry/catalogs/noqa_exempt_registry.yaml | docs/01_policies_and_standards/sop/governance_sop/commit_guide_sources/gate_digest_registry.yaml | docs/01_policies_and_standards/sop/governance_sop/commit_navigation_playbook.md | docs/02_enterprise_architecture/01_global_architecture_diagram/full_project_tree_en.md | docs/02_enterprise_architecture/01_global_architecture_diagram/full_project_tree_zh.md | docs/02_enterprise_architecture/02_domain_architecture_docs/18_d_gov_code_quality.md | docs/02_enterprise_architecture/02_domain_architecture_docs/47_d_governance.md | docs/02_enterprise_architecture/02_domain_architecture_docs/51_d_gov_enforcement.md | docs/02_enterprise_architecture/02_domain_architecture_docs/54_d_gov_scripts.md | docs/02_enterprise_architecture/02_domain_architecture_docs/_zoomable_html/18_d_gov_code_quality.html | docs/02_enterprise_architecture/02_domain_architecture_docs/_zoomable_html/51_d_gov_enforcement.html | docs/_archive/agents_md_slimming_test_design.md | scripts/generate_manifest.py | scripts/governance/_archive/one_off/oneoff_commit_audit02.py | scripts/governance/d5_architecture/checkers/check_contracts_codegen_idempotent.py | scripts/governance/d5_architecture/generators/generate_connection_matrix.py | scripts/governance/generators/generate_gate_registry.py | scripts/governance/run_silent_failure_regression.py | src/zephyr/data/supply_sentinel.py | src/zephyr/gov_enforcement/commit_gates/manual_only_permanent_gate.py | src/zephyr/gov_enforcement/commit_gates/perm_trigger_gate.py | src/zephyr/gov_enforcement/rule_bridge/checker_supervisor.py ...(+6 more, full list in f3_consumer_detail.csv)",有触发,MANUAL-ONLY-PERMANENT: 永久系统 manual 无订阅检测（已合并至 PERMANENT-SYSTEM-TRIGGER，st-gslim-,deprecated,manual,1054,0,26,57,0,0,6220,1788,0,43,1137,
MCP-VERSION-FIELD,2088,569,27,.trae/documents/execute_a_remaining_gates_and_registry_qa.md | .trae/documents/warn_only_to_hard_gate_batch.md | .trae/documents/warn_to_hard_gate_final_registration.md | .trae/documents/warn_to_hard_gate_finish_commit.md | data/databases/backups/depgraph_backup_20260814_aigit001_taskboard.sql | data/databases/backups/depgraph_backup_20260817_ai00close.sql | data/databases/backups/depgraph_backup_20260821_p06.sql | data/databases/backups/depgraph_backup_AI-DGR-001_20260817.sql | docs/01_policies_and_standards/_registry/catalogs/fail_open_register.yaml | docs/01_policies_and_standards/_registry/catalogs/in_process_gate_registry.yaml | docs/01_policies_and_standards/_registry/catalogs/module_translation_registry.yaml | docs/01_policies_and_standards/_registry/reports/gate_face_reconciliation.md | docs/01_policies_and_standards/_registry/reports/gate_face_reconciliation.yaml | docs/01_policies_and_standards/sop/governance_sop/commit_guide_sources/gate_digest_registry.yaml | docs/01_policies_and_standards/sop/governance_sop/commit_navigation_playbook.md | docs/02_enterprise_architecture/01_global_architecture_diagram/full_project_tree_en.md | docs/02_enterprise_architecture/01_global_architecture_diagram/full_project_tree_zh.md | docs/02_enterprise_architecture/02_domain_architecture_docs/18_d_gov_code_quality.md | docs/02_enterprise_architecture/02_domain_architecture_docs/51_d_gov_enforcement.md | docs/03_modules/_domain_gov_enforcement/algo_flow/commit_gates/m/mcp_version_field_gate.yaml | docs/_archive/architecture_debt_registry_v2.md | src/zephyr/gov_enforcement/commit_gates/mcp_version_field_gate.py | src/zephyr/gov_enforcement/commit_gates/secret_registry_consistency_gate.py | tmp/ec1_enq2.txt | tmp/ec1_enqueue_out.txt | tests/governance/commit_gates/test_mcp_version_field_gate.py | tests/governance/commit_gates/test_secret_registry_consistency_gate.py,有触发,"MCP-VERSION-FIELD: MCP-VERSION-FIELD（CommitGate, priority=126）",active,commit-gate,2088,0,0,0,0,0,1134,590,0,25,2088,
MODULE-ID-CONSISTENCY,1141,160,34,.trae/documents/P3_leftover_todos_strategic_ruling_and_treatment_plan.md | .trae/documents/_arch_issue_full_backup.yaml | .trae/documents/depgraph_commit_and_foreign_change_gate_治本.md | .trae/documents/warn_to_hard_gate_final_registration.md | .trae/documents/warn_to_hard_gate_finish_commit.md | .workbuddy/memory/2026-10-03.md | architecture_model/module_id_registry.yaml | data/databases/backups/depgraph_backup_20260721_220004.sql | data/databases/backups/depgraph_backup_20260814_aigit001_taskboard.sql | data/databases/backups/depgraph_backup_20260817_ai00close.sql | data/databases/backups/depgraph_backup_20260821_p06.sql | data/databases/backups/depgraph_backup_AI-DGR-001_20260817.sql | docs/01_policies_and_standards/_registry/catalogs/architecture_issue_registry.yaml | docs/01_policies_and_standards/_registry/catalogs/capability_canonical_file_registry.yaml | docs/01_policies_and_standards/_registry/catalogs/in_process_gate_registry.yaml | docs/01_policies_and_standards/_registry/reports/gate_face_reconciliation.md | docs/01_policies_and_standards/_registry/reports/gate_face_reconciliation.yaml | docs/01_policies_and_standards/rules/trae_033_module_registration_sync.yaml | docs/01_policies_and_standards/rules/trae_047_engineering_file_header.yaml | docs/01_policies_and_standards/sop/governance_sop/commit_guide_sources/file_type_checklists_registry.yaml | docs/01_policies_and_standards/sop/governance_sop/commit_guide_sources/gate_digest_registry.yaml | docs/01_policies_and_standards/sop/governance_sop/commit_navigation_playbook.md | docs/02_enterprise_architecture/02_domain_architecture_docs/47_d_governance.md | docs/02_enterprise_architecture/02_domain_architecture_docs/51_d_gov_enforcement.md | docs/_archive/ruling_100pct_ai_governance_hardening.md | scripts/governance/d5_architecture/lifecycle/retire_module.py | scripts/governance/generators/generate_gate_registry.py | scripts/governance/wave1b/dead_letter_prescriptions.py | src/zephyr/gov_enforcement/commit_gates/blueprint_format_gate.py | src/zephyr/gov_enforcement/commit_gates/module_id_consistency_gate.py | src/zephyr/gov_enforcement/commit_gates/orphan_module_gate.py | tests/governance/commit_gates/test_doc_header_suite_gate.py | tests/governance/commit_gates/test_module_id_consistency_gate.py | tests/governance/redblue_wave73/test_v1_v3_forged_node_and_domain.py,有触发,MODULE-ID-CONSISTENCY: module_id 三声明轨道一致性（已合并至 DOC-HEADER-SUITE，st-commitspeed-p,deprecated,manual,1135,0,6,0,0,0,884,602,0,31,1141,
MSG-EXPOSURE,2097,572,91,".trae/documents/P3_followup_todos_root_cause_plan.md | .trae/documents/P3_phase_a_final_completion_plan.md | .trae/documents/_arch_issue_full_backup.yaml | data/databases/backups/depgraph_backup_20260721_220004.sql | data/databases/backups/depgraph_backup_20260814_aigit001_taskboard.sql | data/databases/backups/depgraph_backup_20260817_ai00close.sql | data/databases/backups/depgraph_backup_20260821_p06.sql | data/databases/backups/depgraph_backup_AI-DGR-001_20260817.sql | docs/01_policies_and_standards/_registry/catalogs/architecture_issue_registry.yaml | docs/01_policies_and_standards/_registry/catalogs/capability_canonical_file_registry.yaml | docs/01_policies_and_standards/_registry/catalogs/fail_open_register.yaml | docs/01_policies_and_standards/_registry/catalogs/in_process_gate_registry.yaml | docs/01_policies_and_standards/_registry/catalogs/module_translation_registry.yaml | docs/01_policies_and_standards/_registry/catalogs/noqa_exempt_registry.yaml | docs/01_policies_and_standards/_registry/reports/gate_face_reconciliation.md | docs/01_policies_and_standards/_registry/reports/gate_face_reconciliation.yaml | docs/01_policies_and_standards/sop/governance_sop/agent_constitution_legacy_v1.md | docs/01_policies_and_standards/sop/governance_sop/commit_guide_sources/file_type_checklists_registry.yaml | docs/01_policies_and_standards/sop/governance_sop/commit_guide_sources/gate_digest_registry.yaml | docs/01_policies_and_standards/sop/governance_sop/commit_navigation_playbook.md | docs/02_enterprise_architecture/01_global_architecture_diagram/full_project_tree_en.md | docs/02_enterprise_architecture/01_global_architecture_diagram/full_project_tree_zh.md | docs/02_enterprise_architecture/02_domain_architecture_docs/18_d_gov_code_quality.md | docs/02_enterprise_architecture/02_domain_architecture_docs/26_d_security.md | docs/02_enterprise_architecture/02_domain_architecture_docs/51_d_gov_enforcement.md | docs/02_enterprise_architecture/02_domain_architecture_docs/_zoomable_html/51_d_gov_enforcement.html | docs/02_enterprise_architecture/08_algorithm_overview/_zoomable_html/system_foundation.html | docs/02_enterprise_architecture/08_algorithm_overview/system_foundation.md | docs/03_modules/_domain_backtest/algo_flow/batch_window_preflight.yaml | docs/03_modules/_domain_gov_enforcement/algo_flow/commit_gates/m/msg_exposure_gate.yaml | docs/03_modules/_domain_signal/algo_flow/combo_rule_loader.yaml | docs/_archive/architecture_debt_registry_v2.md | pyproject.toml | scripts/backtest/intake_ledger_recon.py | scripts/backtest/reexam_cpcv_harness.py | scripts/backtest/sim_daily_runner.py | scripts/commit_queue.py | scripts/data/onboard_source.py | scripts/derive_task_dependencies.py | scripts/governance/apply_decisiongraph.py ...(+51 more, full list in f3_consumer_detail.csv)",有触发,"MSG-EXPOSURE: MSG-EXPOSURE（CommitGate, priority=83）",active,commit-gate,2088,0,9,0,0,0,3728,1597,0,86,2097,
MSG-STYLE,2090,569,33,.trae/documents/P3_followup_todos_root_cause_plan.md | .trae/documents/P3_phase_a_final_completion_plan.md | data/databases/backups/depgraph_backup_20260721_220004.sql | data/databases/backups/depgraph_backup_20260814_aigit001_taskboard.sql | data/databases/backups/depgraph_backup_20260817_ai00close.sql | data/databases/backups/depgraph_backup_20260821_p06.sql | data/databases/backups/depgraph_backup_AI-DGR-001_20260817.sql | docs/01_policies_and_standards/_registry/catalogs/capability_canonical_file_registry.yaml | docs/01_policies_and_standards/_registry/catalogs/fail_open_register.yaml | docs/01_policies_and_standards/_registry/catalogs/in_process_gate_registry.yaml | docs/01_policies_and_standards/_registry/catalogs/module_translation_registry.yaml | docs/01_policies_and_standards/_registry/catalogs/noqa_exempt_registry.yaml | docs/01_policies_and_standards/_registry/reports/gate_face_reconciliation.md | docs/01_policies_and_standards/_registry/reports/gate_face_reconciliation.yaml | docs/01_policies_and_standards/sop/governance_sop/agent_constitution_legacy_v1.md | docs/01_policies_and_standards/sop/governance_sop/commit_guide_sources/file_type_checklists_registry.yaml | docs/01_policies_and_standards/sop/governance_sop/commit_guide_sources/gate_digest_registry.yaml | docs/01_policies_and_standards/sop/governance_sop/commit_navigation_playbook.md | docs/02_enterprise_architecture/01_global_architecture_diagram/full_project_tree_en.md | docs/02_enterprise_architecture/01_global_architecture_diagram/full_project_tree_zh.md | docs/02_enterprise_architecture/02_domain_architecture_docs/18_d_gov_code_quality.md | docs/02_enterprise_architecture/02_domain_architecture_docs/51_d_gov_enforcement.md | docs/02_enterprise_architecture/02_domain_architecture_docs/_zoomable_html/51_d_gov_enforcement.html | docs/03_modules/_domain_gov_enforcement/algo_flow/commit_gates/m/msg_style_gate.yaml | docs/_archive/architecture_debt_registry_v2.md | pyproject.toml | scripts/governance/wave1b/dead_letter_prescriptions.py | src/zephyr/gov_enforcement/commit_gates/import_direction_gate.py | src/zephyr/gov_enforcement/commit_gates/long_param_list_gate.py | src/zephyr/gov_enforcement/commit_gates/msg_style_gate.py | tmp/ec1_enq2.txt | tmp/ec1_enqueue_out.txt | tests/governance/commit_gates/test_msg_style_gate.py,有触发,"MSG-STYLE: MSG-STYLE（CommitGate, priority=96）",active,commit-gate,2088,0,2,0,0,0,1263,648,0,32,2090,
MUTABLE-CONST-WITHOUT-FINAL,2168,585,44,".trae/documents/execute_a_remaining_gates_and_registry_qa.md | .trae/documents/warn_only_to_hard_gate_batch.md | .trae/documents/warn_to_hard_gate_final_registration.md | .trae/documents/warn_to_hard_gate_finish_commit.md | data/databases/backups/depgraph_backup_20260814_aigit001_taskboard.sql | data/databases/backups/depgraph_backup_20260817_ai00close.sql | data/databases/backups/depgraph_backup_20260821_p06.sql | data/databases/backups/depgraph_backup_AI-DGR-001_20260817.sql | docs/01_policies_and_standards/_registry/catalogs/fail_open_register.yaml | docs/01_policies_and_standards/_registry/catalogs/in_process_gate_registry.yaml | docs/01_policies_and_standards/_registry/catalogs/module_translation_registry.yaml | docs/01_policies_and_standards/_registry/catalogs/noqa_exempt_registry.yaml | docs/01_policies_and_standards/_registry/reports/gate_face_reconciliation.md | docs/01_policies_and_standards/_registry/reports/gate_face_reconciliation.yaml | docs/01_policies_and_standards/sop/construction_sop/lane_construction_discipline_policy.md | docs/01_policies_and_standards/sop/governance_sop/commit_guide_sources/death_cases_registry.yaml | docs/01_policies_and_standards/sop/governance_sop/commit_guide_sources/file_type_checklists_registry.yaml | docs/01_policies_and_standards/sop/governance_sop/commit_guide_sources/gate_digest_registry.yaml | docs/01_policies_and_standards/sop/governance_sop/commit_navigation_playbook.md | docs/02_enterprise_architecture/01_global_architecture_diagram/full_project_tree_en.md | docs/02_enterprise_architecture/01_global_architecture_diagram/full_project_tree_zh.md | docs/02_enterprise_architecture/02_domain_architecture_docs/18_d_gov_code_quality.md | docs/02_enterprise_architecture/02_domain_architecture_docs/51_d_gov_enforcement.md | docs/03_modules/_domain_gov_enforcement/algo_flow/commit_gates/m/mutable_const_without_final_gate.yaml | docs/_archive/architecture_debt_registry_v2.md | logs/lane-land-code.md | scripts/governance/wave1b/dead_letter_prescriptions.py | src/zephyr/gov_enforcement/commit_gates/_tree_view.py | src/zephyr/gov_enforcement/commit_gates/mutable_const_without_final_gate.py | src/zephyr/gov_enforcement/commit_gates/open_without_with_gate.py | src/zephyr/signal_ashare/core/candidate_pool_snapshot.py | tmp/runtime_backups/runtime_handoffs_20260929_031839/handoffs/handoff_st-zcloseout-20260926.json | tmp/runtime_backups/runtime_handoffs_20260929_032232/handoffs/handoff_st-zcloseout-20260926.json | tmp/runtime_backups/runtime_handoffs_20260929_053410/handoffs/handoff_st-zcloseout-20260926.json | tmp/runtime_backups/runtime_handoffs_20260929_143706/handoffs/handoff_st-zcloseout-20260926.json | tmp/runtime_backups/runtime_handoffs_20260929_150313/handoffs/handoff_st-zcloseout-20260926.json | tmp/runtime_backups/runtime_handoffs_20260929_152237/handoffs/handoff_st-zcloseout-20260926.json | tmp/runtime_backups/runtime_handoffs_20260929_174602/handoffs/handoff_st-zcloseout-20260926.json | tmp/runtime_backups/runtime_handoffs_20260929_181346/handoffs/handoff_st-zcloseout-20260926.json | tmp/runtime_backups/runtime_handoffs_20260929_182834/handoffs/handoff_st-zcloseout-20260926.json ...(+4 more, full list in f3_consumer_detail.csv)",有触发,"MUTABLE-CONST-WITHOUT-FINAL: MUTABLE-CONST-WITHOUT-FINAL（CommitGate, priority=12",active,commit-gate,2088,0,80,0,0,0,2000,1320,0,41,2168,
NEW-FILE-DEPGRAPH-ENFORCEMENT,1069,0,33,.trae/documents/_arch_issue_full_backup.yaml | .trae/documents/align-all-unified-panorama.md | .trae/documents/root_temp_file_enforcement_治本方案.md | .trae/documents/技术指标清单骨架先行施工计划.md | config/construction_workflow_map.yaml | data/databases/backups/depgraph_backup_20260721_220004.sql | data/databases/backups/depgraph_backup_20260814_aigit001_taskboard.sql | data/databases/backups/depgraph_backup_20260817_ai00close.sql | data/databases/backups/depgraph_backup_20260821_p06.sql | data/databases/backups/depgraph_backup_AI-DGR-001_20260817.sql | docs/01_policies_and_standards/_registry/catalogs/architecture_issue_registry.yaml | docs/01_policies_and_standards/_registry/catalogs/capability_canonical_file_registry.yaml | docs/01_policies_and_standards/_registry/catalogs/fail_open_register.yaml | docs/01_policies_and_standards/_registry/catalogs/module_translation_registry.yaml | docs/01_policies_and_standards/sop/construction_sop/construction_workflow_policy.md | docs/01_policies_and_standards/sop/governance_sop/agent_constitution_legacy_v1.md | docs/01_policies_and_standards/sop/governance_sop/commit_guide_sources/gate_digest_registry.yaml | docs/01_policies_and_standards/sop/governance_sop/commit_navigation_playbook.md | docs/02_enterprise_architecture/01_global_architecture_diagram/full_project_tree_en.md | docs/02_enterprise_architecture/01_global_architecture_diagram/full_project_tree_zh.md | docs/02_enterprise_architecture/02_domain_architecture_docs/18_d_gov_code_quality.md | docs/02_enterprise_architecture/02_domain_architecture_docs/47_d_governance.md | docs/02_enterprise_architecture/02_domain_architecture_docs/51_d_gov_enforcement.md | docs/02_enterprise_architecture/02_domain_architecture_docs/_zoomable_html/51_d_gov_enforcement.html | schemas/categories/intraday/market_l2_tick.py | scripts/governance/generators/generate_gate_registry.py | scripts/governance/wave1b/dead_letter_prescriptions.py | src/zephyr/gov_enforcement/commit_gates/depgraph_pre_registration_gate.py | src/zephyr/gov_enforcement/commit_gates/new_file_depgraph_gate.py | src/zephyr/gov_enforcement/commit_gates/translation_coverage_gate.py | src/zephyr/governance/audit/pg_probe.py | tests/governance/audit/test_pg_probe.py | tests/governance/commit_gates/test_new_file_depgraph_gate.py,有触发,NEW-FILE-DEPGRAPH-ENFORCEMENT: 新 py 未登记 depgraph（已合并至 DEPGRAPH-ENFORCEMENT，st-gs,deprecated,manual,1054,0,15,0,0,0,3292,1992,0,31,1069,
NO-IMPORT-SIDE-EFFECT,2119,573,32,.trae/documents/_arch_issue_full_backup.yaml | data/databases/backups/depgraph_backup_20260721_220004.sql | data/databases/backups/depgraph_backup_20260814_aigit001_taskboard.sql | data/databases/backups/depgraph_backup_20260817_ai00close.sql | data/databases/backups/depgraph_backup_20260821_p06.sql | data/databases/backups/depgraph_backup_AI-DGR-001_20260817.sql | docs/01_policies_and_standards/_registry/catalogs/architecture_issue_registry.yaml | docs/01_policies_and_standards/_registry/catalogs/capability_canonical_file_registry.yaml | docs/01_policies_and_standards/_registry/catalogs/in_process_gate_registry.yaml | docs/01_policies_and_standards/_registry/catalogs/module_translation_registry.yaml | docs/01_policies_and_standards/_registry/reports/gate_face_reconciliation.md | docs/01_policies_and_standards/_registry/reports/gate_face_reconciliation.yaml | docs/01_policies_and_standards/sop/governance_sop/agent_constitution_legacy_v1.md | docs/01_policies_and_standards/sop/governance_sop/commit_guide_sources/file_type_checklists_registry.yaml | docs/01_policies_and_standards/sop/governance_sop/commit_guide_sources/gate_digest_registry.yaml | docs/01_policies_and_standards/sop/governance_sop/commit_navigation_playbook.md | docs/02_enterprise_architecture/01_global_architecture_diagram/full_project_tree_en.md | docs/02_enterprise_architecture/01_global_architecture_diagram/full_project_tree_zh.md | docs/02_enterprise_architecture/02_domain_architecture_docs/18_d_gov_code_quality.md | docs/02_enterprise_architecture/02_domain_architecture_docs/51_d_gov_enforcement.md | docs/02_enterprise_architecture/02_domain_architecture_docs/_zoomable_html/51_d_gov_enforcement.html | docs/03_modules/_domain_gov_enforcement/algo_flow/commit_gates/n/no_import_side_effect_gate.yaml | docs/_archive/architecture_debt_registry_v2.md | docs/_archive/debt_permanent_rulings_r102.md | src/zephyr/gov_enforcement/commit_gates/_tree_view.py | src/zephyr/gov_enforcement/commit_gates/no_import_side_effect_gate.py | src/zephyr/gov_enforcement/commit_gates/scripts_import_integrity_gate.py | src/zephyr/gov_enforcement/rule_bridge/checker_supervisor.py | src/zephyr/gov_enforcement/rule_bridge/gate_cache_preflight.py | src/zephyr/shared/utils/time_utils.py | tests/governance/commit_gates/test_no_import_side_effect_gate.py | tests/governance/test_gate_replay_harness.py,有触发,"NO-IMPORT-SIDE-EFFECT: NO-IMPORT-SIDE-EFFECT（CommitGate, priority=103）",active,commit-gate,2088,1385,31,0,0,0,0,0,0,30,2119,
NOQA-VALIDATION,2099,574,54,".trae/documents/P3_followup_todos_completion_plan.md | .trae/documents/P3_followup_todos_root_cause_plan.md | .trae/documents/P3_leftover_todos_strategic_ruling_and_treatment_plan.md | .trae/documents/P3_phase_a_final_completion_plan.md | .trae/documents/P3_phase_a_residual_completion_plan.md | .trae/documents/_arch_issue_full_backup.yaml | .trae/documents/warn_to_hard_gate_final_registration.md | .trae/documents/warn_to_hard_gate_finish_commit.md | data/databases/backups/depgraph_backup_20260721_220004.sql | data/databases/backups/depgraph_backup_20260814_aigit001_taskboard.sql | data/databases/backups/depgraph_backup_20260817_ai00close.sql | data/databases/backups/depgraph_backup_20260821_p06.sql | data/databases/backups/depgraph_backup_AI-DGR-001_20260817.sql | docs/01_policies_and_standards/_registry/catalogs/architecture_issue_registry.yaml | docs/01_policies_and_standards/_registry/catalogs/capability_canonical_file_registry.yaml | docs/01_policies_and_standards/_registry/catalogs/fail_open_register.yaml | docs/01_policies_and_standards/_registry/catalogs/in_process_gate_registry.yaml | docs/01_policies_and_standards/_registry/catalogs/module_translation_registry.yaml | docs/01_policies_and_standards/_registry/catalogs/ruling_registry.yaml | docs/01_policies_and_standards/_registry/reports/gate_face_reconciliation.md | docs/01_policies_and_standards/_registry/reports/gate_face_reconciliation.yaml | docs/01_policies_and_standards/sop/governance_sop/agent_constitution_legacy_v1.md | docs/01_policies_and_standards/sop/governance_sop/commit_guide_sources/file_type_checklists_registry.yaml | docs/01_policies_and_standards/sop/governance_sop/commit_guide_sources/gate_digest_registry.yaml | docs/01_policies_and_standards/sop/governance_sop/commit_navigation_playbook.md | docs/02_enterprise_architecture/01_global_architecture_diagram/full_project_tree_en.md | docs/02_enterprise_architecture/01_global_architecture_diagram/full_project_tree_zh.md | docs/02_enterprise_architecture/02_domain_architecture_docs/18_d_gov_code_quality.md | docs/02_enterprise_architecture/02_domain_architecture_docs/26_d_security.md | docs/02_enterprise_architecture/02_domain_architecture_docs/_zoomable_html/18_d_gov_code_quality.html | docs/03_modules/_domain_gov_enforcement/algo_flow/commit_gates/n/noqa_validation_gate.yaml | logs/lane-land-code.md | scripts/governance/wave1b/dead_letter_prescriptions.py | src/zephyr/frontend/dashboard/api_server.py | src/zephyr/gov_enforcement/commit_gates/noqa_validation_gate.py | src/zephyr/gov_enforcement/commit_gates/ruling_reference_gate.py | src/zephyr/gov_enforcement/commit_gates/syntax_validation_gate.py | src/zephyr/gov_enforcement/rule_bridge/git_commit_gateway.py | tmp/ec1_enq2.txt | tmp/ec1_enqueue_out.txt ...(+14 more, full list in f3_consumer_detail.csv)",有触发,"NOQA-VALIDATION: NOQA-VALIDATION（CommitGate, priority=71）",active,commit-gate,2088,0,11,0,0,0,3796,1011,0,47,2099,
OPEN-WITHOUT-WITH,2089,569,30,.trae/documents/execute_a_remaining_gates_and_registry_qa.md | .trae/documents/warn_only_to_hard_gate_batch.md | .trae/documents/warn_to_hard_gate_final_registration.md | .trae/documents/warn_to_hard_gate_finish_commit.md | data/databases/backups/depgraph_backup_20260814_aigit001_taskboard.sql | data/databases/backups/depgraph_backup_20260817_ai00close.sql | data/databases/backups/depgraph_backup_20260821_p06.sql | data/databases/backups/depgraph_backup_AI-DGR-001_20260817.sql | docs/01_policies_and_standards/_registry/catalogs/fail_open_register.yaml | docs/01_policies_and_standards/_registry/catalogs/in_process_gate_registry.yaml | docs/01_policies_and_standards/_registry/catalogs/noqa_exempt_registry.yaml | docs/01_policies_and_standards/_registry/catalogs/ruling_registry.yaml | docs/01_policies_and_standards/_registry/reports/gate_face_reconciliation.md | docs/01_policies_and_standards/_registry/reports/gate_face_reconciliation.yaml | docs/01_policies_and_standards/sop/governance_sop/commit_guide_sources/gate_digest_registry.yaml | docs/01_policies_and_standards/sop/governance_sop/commit_navigation_playbook.md | docs/02_enterprise_architecture/01_global_architecture_diagram/full_project_tree_en.md | docs/02_enterprise_architecture/01_global_architecture_diagram/full_project_tree_zh.md | docs/02_enterprise_architecture/02_domain_architecture_docs/18_d_gov_code_quality.md | docs/02_enterprise_architecture/02_domain_architecture_docs/51_d_gov_enforcement.md | docs/03_modules/_domain_gov_enforcement/algo_flow/commit_gates/o/open_without_with_gate.yaml | docs/_archive/architecture_debt_registry_v2.md | src/zephyr/gov_audit/writer.py | src/zephyr/gov_enforcement/commit_gates/mutable_const_without_final_gate.py | src/zephyr/gov_enforcement/commit_gates/open_without_with_gate.py | src/zephyr/strategy_pipeline/pipeline_events.py | tmp/ec1_enq2.txt | tmp/ec1_enqueue_out.txt | tests/governance/commit_gates/test_open_without_with_gate.py | tests/governance/commit_gates/test_own_scope_promoted_gates.py,有触发,"OPEN-WITHOUT-WITH: OPEN-WITHOUT-WITH（CommitGate, priority=124）",active,commit-gate,2088,0,1,0,0,0,3614,601,0,28,2089,
ORPHAN-MODULE,2108,570,128,".trae/documents/_arch_issue_full_backup.yaml | .trae/documents/algo_flow_calibrated/MOD-GOV_COMMIT_GATES.txt | .trae/documents/finish_decision_index_split_verify_and_commit.md | .trae/documents/混合提交治本_13a5e1d512裁定与COMMIT_SCOPE_gate方案.md | data/databases/backups/depgraph_backup_20260721_220004.sql | data/databases/backups/depgraph_backup_20260814_aigit001_taskboard.sql | data/databases/backups/depgraph_backup_20260817_ai00close.sql | data/databases/backups/depgraph_backup_20260821_p06.sql | data/databases/backups/depgraph_backup_AI-DGR-001_20260817.sql | docs/01_policies_and_standards/_registry/catalogs/architecture_issue_registry.yaml | docs/01_policies_and_standards/_registry/catalogs/capability_canonical_file_registry.yaml | docs/01_policies_and_standards/_registry/catalogs/fail_open_register.yaml | docs/01_policies_and_standards/_registry/catalogs/in_process_gate_registry.yaml | docs/01_policies_and_standards/_registry/catalogs/module_translation_registry.yaml | docs/01_policies_and_standards/_registry/catalogs/ruling_registry.yaml | docs/01_policies_and_standards/_registry/reports/gate_face_reconciliation.md | docs/01_policies_and_standards/_registry/reports/gate_face_reconciliation.yaml | docs/01_policies_and_standards/rules/trae_002_anti_orphan_search_first.yaml | docs/01_policies_and_standards/rules/trae_032_module_lifecycle.yaml | docs/01_policies_and_standards/sop/construction_sop/lane_construction_discipline_policy.md | docs/01_policies_and_standards/sop/governance_sop/commit_guide_sources/death_cases_registry.yaml | docs/01_policies_and_standards/sop/governance_sop/commit_guide_sources/file_type_checklists_registry.yaml | docs/01_policies_and_standards/sop/governance_sop/commit_guide_sources/gate_digest_registry.yaml | docs/01_policies_and_standards/sop/governance_sop/commit_navigation_playbook.md | docs/02_enterprise_architecture/01_global_architecture_diagram/full_project_tree_en.md | docs/02_enterprise_architecture/01_global_architecture_diagram/full_project_tree_zh.md | docs/02_enterprise_architecture/02_domain_architecture_docs/18_d_gov_code_quality.md | docs/02_enterprise_architecture/02_domain_architecture_docs/51_d_gov_enforcement.md | docs/02_enterprise_architecture/02_domain_architecture_docs/54_d_gov_scripts.md | docs/02_enterprise_architecture/02_domain_architecture_docs/_zoomable_html/51_d_gov_enforcement.html | docs/02_enterprise_architecture/08_algorithm_overview/_zoomable_html/system_foundation.html | docs/02_enterprise_architecture/08_algorithm_overview/system_foundation.md | docs/03_modules/_domain_gov_enforcement/algo_flow/commit_gates/c/commit_gates__init__.yaml | docs/03_modules/_domain_gov_enforcement/algo_flow/commit_gates/o/orphan_module_gate.yaml | docs/03_modules/_domain_governance/algo_flow/consumption/scan_scope_converged.yaml | docs/_archive/2026-08-23-construction-order-master.md | docs/_archive/architecture_debt_registry_v2.md | docs/_archive/ruling_100pct_ai_governance_hardening.md | scripts/backtest/eval_f2_fundamental_ic.py | scripts/governance/d5_architecture/validators/lifecycle/validate_module_lifecycle.py ...(+88 more, full list in f3_consumer_detail.csv)",有触发,"ORPHAN-MODULE: ORPHAN-MODULE（CommitGate, priority=89）",active,commit-gate,2088,0,20,0,0,0,3214,1867,0,120,2108,
MAP-ALIGNMENT,1037,569,46,"config/construction_workflow_map.yaml | docs/01_policies_and_standards/_registry/catalogs/capability_canonical_file_registry.yaml | docs/01_policies_and_standards/_registry/catalogs/in_process_gate_registry.yaml | docs/01_policies_and_standards/_registry/reports/gate_face_reconciliation.md | docs/01_policies_and_standards/_registry/reports/gate_face_reconciliation.yaml | docs/01_policies_and_standards/sop/governance_sop/commit_guide_sources/gate_digest_registry.yaml | docs/01_policies_and_standards/sop/governance_sop/commit_navigation_playbook.md | docs/02_enterprise_architecture/01_global_architecture_diagram/full_project_tree_en.md | docs/02_enterprise_architecture/01_global_architecture_diagram/full_project_tree_zh.md | docs/02_enterprise_architecture/02_domain_architecture_docs/18_d_gov_code_quality.md | docs/02_enterprise_architecture/02_domain_architecture_docs/_zoomable_html/18_d_gov_code_quality.html | scripts/governance/generators/generate_gate_registry.py | scripts/governance/wave1b/dead_letter_prescriptions.py | src/zephyr/frontend/dashboard/web/frontend_map.yaml | src/zephyr/gov_enforcement/commit_gates/battle_map_alignment_gate.py | src/zephyr/gov_enforcement/commit_gates/decision_map_gate.py | src/zephyr/gov_enforcement/commit_gates/frontend_map_gate.py | src/zephyr/gov_enforcement/commit_gates/industry_chain_map_gate.py | src/zephyr/gov_enforcement/commit_gates/panorama_alignment_gate.py | src/zephyr/gov_enforcement/commit_gates/strategy_factory_map_gate.py | tmp/ec1_enq2.txt | tmp/ec1_enq3.txt | tmp/ec1_enq4.txt | tmp/ec1_enqueue_out.txt | tmp/runtime_backups/runtime_handoffs_20260929_031839/handoffs/handoff_st-nightsweep-sw11-20260929.json | tmp/runtime_backups/runtime_handoffs_20260929_031839/handoffs/handoff_st-zc8-lane-rb2-20260928.json | tmp/runtime_backups/runtime_handoffs_20260929_032232/handoffs/handoff_st-nightsweep-sw11-20260929.json | tmp/runtime_backups/runtime_handoffs_20260929_032232/handoffs/handoff_st-zc8-lane-rb2-20260928.json | tmp/runtime_backups/runtime_handoffs_20260929_053410/handoffs/handoff_st-nightsweep-sw11-20260929.json | tmp/runtime_backups/runtime_handoffs_20260929_053410/handoffs/handoff_st-zc8-lane-rb2-20260928.json | tmp/runtime_backups/runtime_handoffs_20260929_143706/handoffs/handoff_st-nightsweep-sw11-20260929.json | tmp/runtime_backups/runtime_handoffs_20260929_143706/handoffs/handoff_st-zc8-lane-rb2-20260928.json | tmp/runtime_backups/runtime_handoffs_20260929_150313/handoffs/handoff_st-nightsweep-sw11-20260929.json | tmp/runtime_backups/runtime_handoffs_20260929_150313/handoffs/handoff_st-zc8-lane-rb2-20260928.json | tmp/runtime_backups/runtime_handoffs_20260929_152237/handoffs/handoff_st-nightsweep-sw11-20260929.json | tmp/runtime_backups/runtime_handoffs_20260929_152237/handoffs/handoff_st-zc8-lane-rb2-20260928.json | tmp/runtime_backups/runtime_handoffs_20260929_174602/handoffs/handoff_st-nightsweep-sw11-20260929.json | tmp/runtime_backups/runtime_handoffs_20260929_174602/handoffs/handoff_st-zc8-lane-rb2-20260928.json | tmp/runtime_backups/runtime_handoffs_20260929_181346/handoffs/handoff_st-nightsweep-sw11-20260929.json | tmp/runtime_backups/runtime_handoffs_20260929_181346/handoffs/handoff_st-zc8-lane-rb2-20260928.json ...(+6 more, full list in f3_consumer_detail.csv)",有触发,"MAP-ALIGNMENT: MAP-ALIGNMENT（CommitGate, priority=830）",active,commit-gate,1034,961,3,0,0,0,949,351,0,44,1037,
PERMANENT-SYSTEM-TRIGGER,861,398,17,.workbuddy/memory/2026-10-02.md | docs/01_policies_and_standards/_registry/catalogs/fail_open_register.yaml | docs/01_policies_and_standards/_registry/catalogs/in_process_gate_registry.yaml | docs/01_policies_and_standards/_registry/catalogs/ruling_registry.yaml | docs/01_policies_and_standards/_registry/reports/gate_face_reconciliation.md | docs/01_policies_and_standards/_registry/reports/gate_face_reconciliation.yaml | docs/01_policies_and_standards/sop/governance_sop/commit_guide_sources/file_type_checklists_registry.yaml | docs/01_policies_and_standards/sop/governance_sop/commit_guide_sources/gate_digest_registry.yaml | docs/01_policies_and_standards/sop/governance_sop/commit_navigation_playbook.md | logs/lane-land-code.md | scripts/governance/generators/generate_gate_registry.py | scripts/governance/wave1a/build_delivery_cards.py | scripts/governance/wave1b/dead_letter_prescriptions.py | src/zephyr/gov_enforcement/commit_gates/manual_only_permanent_gate.py | src/zephyr/gov_enforcement/commit_gates/perm_trigger_gate.py | tests/governance/commit_gates/test_p4_merged_gates.py | tests/governance/commit_gates/test_perm_trigger_gate.py,有触发,"PERMANENT-SYSTEM-TRIGGER: PERMANENT-SYSTEM-TRIGGER（CommitGate, priority=155）",active,commit-gate,846,3,15,0,0,0,2358,1821,0,15,861,
GATE-PRECOMMIT-OFFLINE,1016,569,28,.trae/documents/_arch_issue_full_backup.yaml | data/databases/backups/depgraph_backup_20260721_220004.sql | data/databases/backups/depgraph_backup_20260814_aigit001_taskboard.sql | data/databases/backups/depgraph_backup_20260817_ai00close.sql | data/databases/backups/depgraph_backup_20260821_p06.sql | data/databases/backups/depgraph_backup_AI-DGR-001_20260817.sql | docs/01_policies_and_standards/_registry/catalogs/architecture_issue_registry.yaml | docs/01_policies_and_standards/_registry/catalogs/capability_canonical_file_registry.yaml | docs/01_policies_and_standards/_registry/catalogs/in_process_gate_registry.yaml | docs/01_policies_and_standards/_registry/catalogs/module_translation_registry.yaml | docs/01_policies_and_standards/_registry/reports/gate_face_reconciliation.md | docs/01_policies_and_standards/_registry/reports/gate_face_reconciliation.yaml | docs/01_policies_and_standards/rules/trae_073_precommit_offline_discipline.yaml | docs/01_policies_and_standards/sop/governance_sop/agent_constitution_legacy_v1.md | docs/01_policies_and_standards/sop/governance_sop/commit_guide_sources/gate_digest_registry.yaml | docs/01_policies_and_standards/sop/governance_sop/commit_navigation_playbook.md | docs/02_enterprise_architecture/01_global_architecture_diagram/full_project_tree_en.md | docs/02_enterprise_architecture/01_global_architecture_diagram/full_project_tree_zh.md | docs/02_enterprise_architecture/02_domain_architecture_docs/18_d_gov_code_quality.md | docs/02_enterprise_architecture/02_domain_architecture_docs/51_d_gov_enforcement.md | docs/02_enterprise_architecture/02_domain_architecture_docs/_zoomable_html/51_d_gov_enforcement.html | docs/03_modules/_domain_gov_enforcement/algo_flow/commit_gates/p/precommit_offline_gate.yaml | src/zephyr/gov_enforcement/commit_gates/consumers_accuracy_gate.py | src/zephyr/gov_enforcement/commit_gates/errcode_consistency_gate.py | src/zephyr/gov_enforcement/commit_gates/folder_capacity_hard_limit_gate.py | src/zephyr/gov_enforcement/commit_gates/precommit_offline_gate.py | tests/governance/commit_gates/test_consumers_accuracy_gate.py | tests/governance/commit_gates/test_precommit_offline_gate.py,有触发,"GATE-PRECOMMIT-OFFLINE: GATE-PRECOMMIT-OFFLINE（CommitGate, priority=111）",active,commit-gate,1016,994,0,0,0,0,0,0,0,26,1016,
PROTECTED-PATHS,921,623,68,".openclaw-attachments/20260914-150801-204e5e79-304-pasted_text_20260914-150801.txt | .pre-commit-config.yaml | .trae/documents/_arch_issue_full_backup.yaml | data/databases/backups/depgraph_backup_20260814_aigit001_taskboard.sql | data/databases/backups/depgraph_backup_20260817_ai00close.sql | data/databases/backups/depgraph_backup_20260821_p06.sql | data/databases/backups/depgraph_backup_AI-DGR-001_20260817.sql | docs/01_policies_and_standards/_registry/catalogs/architecture_issue_registry.yaml | docs/01_policies_and_standards/_registry/catalogs/candidate_module_registry.yaml | docs/01_policies_and_standards/_registry/catalogs/capability_canonical_file_registry.yaml | docs/01_policies_and_standards/_registry/catalogs/in_process_gate_registry.yaml | docs/01_policies_and_standards/_registry/catalogs/ruling_registry.yaml | docs/01_policies_and_standards/_registry/reports/gate_face_reconciliation.md | docs/01_policies_and_standards/_registry/reports/gate_face_reconciliation.yaml | docs/01_policies_and_standards/sop/governance_sop/commit_guide_sources/death_cases_registry.yaml | docs/01_policies_and_standards/sop/governance_sop/commit_guide_sources/gate_digest_registry.yaml | docs/01_policies_and_standards/sop/governance_sop/commit_navigation_playbook.md | docs/02_enterprise_architecture/02_domain_architecture_docs/18_d_gov_code_quality.md | docs/02_enterprise_architecture/02_domain_architecture_docs/32_d_audittest.md | docs/02_enterprise_architecture/02_domain_architecture_docs/47_d_governance.md | docs/02_enterprise_architecture/02_domain_architecture_docs/49_d_gov_docs.md | docs/02_enterprise_architecture/02_domain_architecture_docs/54_d_gov_scripts.md | docs/03_modules/_cross_layer/gate_engine/blueprint.md | docs/03_modules/_domain_gov_enforcement/algo_flow/commit_gates/p/protected_paths_gate.yaml | docs/_archive/2026-08-19-night001-owner-decisions-adjudication.md | docs/_archive/92_phase2_business_construction_order.md | py.ini | scripts/commit_queue.py | scripts/governance/commit_queue_landing.py | scripts/governance/d6_security/check_protected_paths.py | scripts/governance/d7_code/compare_pytest_configs.py | scripts/governance/d8_doc_sync/agents_cheatsheet_drift_reconciler.py | scripts/governance/wave1b/dead_letter_prescriptions.py | src/zephyr/data/alert_webhook_dispatch.py | src/zephyr/gov_enforcement/commit_gates/approval_resolver.py | src/zephyr/gov_enforcement/commit_gates/protected_paths_gate.py | src/zephyr/gov_enforcement/rule_bridge/commit_preflight.py | src/zephyr/gov_enforcement/rule_bridge/git_commit_gateway.py | src/zephyr/risk/paper_hedge_leg.py | tmp/runtime_backups/runtime_handoffs_20260929_031839/handoffs/handoff_chiefzc-docsA-dispatch-20260928.json ...(+28 more, full list in f3_consumer_detail.csv)",有触发,"PROTECTED-PATHS: PROTECTED-PATHS（CommitGate, priority=28）",active,commit-gate,651,0,13,257,0,0,3685,1849,17,59,921,
PURE-ASSERTION,2093,569,30,.trae/documents/commit_gate_registry_sync.md | .trae/documents/commit_gate_registry_sync_plan.md | data/databases/backups/depgraph_backup_20260721_220004.sql | data/databases/backups/depgraph_backup_20260814_aigit001_taskboard.sql | data/databases/backups/depgraph_backup_20260817_ai00close.sql | data/databases/backups/depgraph_backup_20260821_p06.sql | data/databases/backups/depgraph_backup_AI-DGR-001_20260817.sql | docs/01_policies_and_standards/_registry/catalogs/capability_canonical_file_registry.yaml | docs/01_policies_and_standards/_registry/catalogs/in_process_gate_registry.yaml | docs/01_policies_and_standards/_registry/catalogs/module_translation_registry.yaml | docs/01_policies_and_standards/_registry/reports/gate_face_reconciliation.md | docs/01_policies_and_standards/_registry/reports/gate_face_reconciliation.yaml | docs/01_policies_and_standards/sop/governance_sop/commit_guide_sources/file_type_checklists_registry.yaml | docs/01_policies_and_standards/sop/governance_sop/commit_guide_sources/gate_digest_registry.yaml | docs/01_policies_and_standards/sop/governance_sop/commit_navigation_playbook.md | docs/02_enterprise_architecture/01_global_architecture_diagram/full_project_tree_en.md | docs/02_enterprise_architecture/01_global_architecture_diagram/full_project_tree_zh.md | docs/02_enterprise_architecture/02_domain_architecture_docs/18_d_gov_code_quality.md | docs/02_enterprise_architecture/02_domain_architecture_docs/_zoomable_html/18_d_gov_code_quality.html | docs/03_modules/_cross_layer/gate_engine/blueprint.md | docs/03_modules/_domain_gov_enforcement/algo_flow/commit_gates/p/pure_assertion_gate.yaml | docs/_archive/62_business_registry_construction.md | docs/_archive/ruling_100pct_ai_governance_hardening.md | scripts/governance/d3_metadata/check_pure_assertion.py | scripts/governance/generators/generate_gate_registry.py | src/zephyr/gov_enforcement/commit_gates/pure_assertion_gate.py | tmp/ec1_enq2.txt | tmp/ec1_enqueue_out.txt | tests/governance/commit_gates/test_pure_assertion_gate.py | tests/governance/generators/test_generate_gate_registry.py,有触发,"PURE-ASSERTION: PURE-ASSERTION（CommitGate, priority=69）",active,commit-gate,2088,0,5,0,0,0,2790,583,0,28,2093,
PURE-SHIM,2088,569,31,.trae/documents/commit_gate_registry_sync.md | .trae/documents/commit_gate_registry_sync_plan.md | data/databases/backups/depgraph_backup_20260721_220004.sql | data/databases/backups/depgraph_backup_20260814_aigit001_taskboard.sql | data/databases/backups/depgraph_backup_20260817_ai00close.sql | data/databases/backups/depgraph_backup_20260821_p06.sql | data/databases/backups/depgraph_backup_AI-DGR-001_20260817.sql | docs/01_policies_and_standards/_registry/catalogs/capability_canonical_file_registry.yaml | docs/01_policies_and_standards/_registry/catalogs/fail_open_register.yaml | docs/01_policies_and_standards/_registry/catalogs/in_process_gate_registry.yaml | docs/01_policies_and_standards/_registry/reports/gate_face_reconciliation.md | docs/01_policies_and_standards/_registry/reports/gate_face_reconciliation.yaml | docs/01_policies_and_standards/sop/construction_sop/construction_workflow_policy.md | docs/01_policies_and_standards/sop/governance_sop/agent_constitution_legacy_v1.md | docs/01_policies_and_standards/sop/governance_sop/commit_guide_sources/gate_digest_registry.yaml | docs/01_policies_and_standards/sop/governance_sop/commit_navigation_playbook.md | docs/02_enterprise_architecture/01_global_architecture_diagram/full_project_tree_en.md | docs/02_enterprise_architecture/01_global_architecture_diagram/full_project_tree_zh.md | docs/02_enterprise_architecture/02_domain_architecture_docs/05_d_infra_runtime.md | docs/02_enterprise_architecture/02_domain_architecture_docs/18_d_gov_code_quality.md | docs/03_modules/_cross_layer/gate_engine/blueprint.md | docs/03_modules/_domain_gov_enforcement/algo_flow/commit_gates/p/pure_shim_gate.yaml | docs/_archive/ruling_100pct_ai_governance_hardening.md | scripts/governance/generators/generate_gate_registry.py | src/zephyr/gov_enforcement/commit_gates/depgraph_freshness_gate.py | src/zephyr/gov_enforcement/commit_gates/pure_assertion_gate.py | src/zephyr/gov_enforcement/commit_gates/pure_shim_gate.py | src/zephyr/infrastructure/budget_enforcement/__init__.py | tmp/ec1_enq2.txt | tmp/ec1_enqueue_out.txt | tests/conftest.py,有触发,"PURE-SHIM: PURE-SHIM（CommitGate, priority=68）",active,commit-gate,2088,0,0,0,0,0,1086,552,0,30,2088,
R5-DIGIT-SUFFIX,665,571,57,".trae/documents/_arch_issue_full_backup.yaml | .workbuddy/memory/2026-10-03.md | data/databases/backups/depgraph_backup_20260721_220004.sql | data/databases/backups/depgraph_backup_20260814_aigit001_taskboard.sql | data/databases/backups/depgraph_backup_20260817_ai00close.sql | data/databases/backups/depgraph_backup_20260821_p06.sql | data/databases/backups/depgraph_backup_AI-DGR-001_20260817.sql | docs/01_policies_and_standards/_registry/catalogs/architecture_issue_registry.yaml | docs/01_policies_and_standards/_registry/catalogs/capability_canonical_file_registry.yaml | docs/01_policies_and_standards/_registry/catalogs/in_process_gate_registry.yaml | docs/01_policies_and_standards/_registry/catalogs/module_translation_registry.yaml | docs/01_policies_and_standards/_registry/catalogs/ruling_registry.yaml | docs/01_policies_and_standards/_registry/reports/gate_face_reconciliation.md | docs/01_policies_and_standards/_registry/reports/gate_face_reconciliation.yaml | docs/01_policies_and_standards/rules/trae_028_doc_structure_naming.yaml | docs/01_policies_and_standards/sop/governance_sop/commit_guide_sources/death_cases_registry.yaml | docs/01_policies_and_standards/sop/governance_sop/commit_guide_sources/file_type_checklists_registry.yaml | docs/01_policies_and_standards/sop/governance_sop/commit_guide_sources/gate_digest_registry.yaml | docs/01_policies_and_standards/sop/governance_sop/commit_navigation_playbook.md | docs/02_enterprise_architecture/01_global_architecture_diagram/full_project_tree_en.md | docs/02_enterprise_architecture/01_global_architecture_diagram/full_project_tree_zh.md | docs/02_enterprise_architecture/02_domain_architecture_docs/18_d_gov_code_quality.md | docs/02_enterprise_architecture/02_domain_architecture_docs/47_d_governance.md | docs/02_enterprise_architecture/02_domain_architecture_docs/51_d_gov_enforcement.md | docs/02_enterprise_architecture/02_domain_architecture_docs/_zoomable_html/51_d_gov_enforcement.html | docs/02_enterprise_architecture/08_algorithm_overview/system_foundation.md | docs/03_modules/_domain_gov_enforcement/algo_flow/commit_gates/r/r5_digit_suffix_gate.yaml | scripts/governance/d5_architecture/validators/validate_directory_structure.py | scripts/governance/dead_letter_doctor.py | scripts/governance/wave1b/dead_letter_census.py | scripts/governance/wave1b/dead_letter_prescriptions.py | src/zephyr/gov_enforcement/commit_gates/datetime_now_forbidden_gate.py | src/zephyr/gov_enforcement/commit_gates/file_placement_ttl_gate.py | src/zephyr/gov_enforcement/commit_gates/manual_only_permanent_gate.py | src/zephyr/gov_enforcement/commit_gates/r5_digit_suffix_gate.py | src/zephyr/gov_enforcement/commit_gates/ttl_gate.py | src/zephyr/gov_enforcement/rule_bridge/git_commit_gateway.py | src/zephyr/gov_enforcement/rule_bridge/session_worktree.py | tmp/ec1_enq2.txt | tmp/ec1_enq3.txt ...(+17 more, full list in f3_consumer_detail.csv)",有触发,"R5-DIGIT-SUFFIX: R5-DIGIT-SUFFIX（CommitGate, priority=35）",active,commit-gate,663,35,2,0,0,0,3159,2170,0,52,665,
FMS-HYGIENE,541,541,42,"docs/01_policies_and_standards/_registry/catalogs/capability_canonical_file_registry.yaml | docs/01_policies_and_standards/_registry/catalogs/domain_naming_rules.yaml | docs/01_policies_and_standards/_registry/catalogs/in_process_gate_registry.yaml | docs/01_policies_and_standards/_registry/catalogs/module_translation_registry.yaml | docs/01_policies_and_standards/_registry/catalogs/ruling_registry.yaml | docs/01_policies_and_standards/_registry/reports/gate_face_reconciliation.md | docs/01_policies_and_standards/_registry/reports/gate_face_reconciliation.yaml | docs/01_policies_and_standards/sop/governance_sop/commit_guide_sources/gate_digest_registry.yaml | docs/01_policies_and_standards/sop/governance_sop/commit_navigation_playbook.md | docs/02_enterprise_architecture/01_global_architecture_diagram/full_project_tree_en.md | docs/02_enterprise_architecture/01_global_architecture_diagram/full_project_tree_zh.md | docs/02_enterprise_architecture/02_domain_architecture_docs/18_d_gov_code_quality.md | docs/02_enterprise_architecture/02_domain_architecture_docs/51_d_gov_enforcement.md | docs/02_enterprise_architecture/02_domain_architecture_docs/54_d_gov_scripts.md | docs/02_enterprise_architecture/02_domain_architecture_docs/_zoomable_html/51_d_gov_enforcement.html | docs/03_modules/_domain_gov_enforcement/algo_flow/commit_gates/f/fms_hygiene_gate.yaml | docs/03_modules/_domain_gov_enforcement/algo_flow/commit_gates/f/fms_ref_extractor.yaml | docs/03_modules/_domain_gov_enforcement/algo_flow/fms_ref_extractor.yaml | docs/03_modules/_domain_library/algo_flow/generators/generate_fms_deadref_baseline.yaml | docs/registry_of_registries.yaml | scripts/governance/d1_structure/check_mirror_tree.py | scripts/governance/generators/check_library_tri_consistency.py | scripts/governance/generators/generate_fms_deadref_baseline.py | scripts/governance/migrations/add_library_successor_of.py | src/zephyr/gov_enforcement/commit_gates/read_side/__init__.py | src/zephyr/gov_enforcement/commit_gates/read_side/fms_hygiene_gate.py | src/zephyr/gov_enforcement/commit_gates/read_side/fms_ref_extractor.py | tmp/ec1_enq2.txt | tmp/ec1_enqueue_out.txt | tmp/runtime_backups/runtime_handoffs_20260929_031839/handoffs/handoff_st-chief4-20260927.json | tmp/runtime_backups/runtime_handoffs_20260929_032232/handoffs/handoff_st-chief4-20260927.json | tmp/runtime_backups/runtime_handoffs_20260929_053410/handoffs/handoff_st-chief4-20260927.json | tmp/runtime_backups/runtime_handoffs_20260929_143706/handoffs/handoff_st-chief4-20260927.json | tmp/runtime_backups/runtime_handoffs_20260929_150313/handoffs/handoff_st-chief4-20260927.json | tmp/runtime_backups/runtime_handoffs_20260929_152237/handoffs/handoff_st-chief4-20260927.json | tmp/runtime_backups/runtime_handoffs_20260929_174602/handoffs/handoff_st-chief4-20260927.json | tmp/runtime_backups/runtime_handoffs_20260929_181346/handoffs/handoff_st-chief4-20260927.json | tmp/runtime_backups/runtime_handoffs_20260929_182834/handoffs/handoff_st-chief4-20260927.json | tmp/runtime_backups/runtime_handoffs_20260929_183328/handoffs/handoff_st-chief4-20260927.json | tests/gov_enforcement/read_side/test_fms_hygiene_gate.py ...(+2 more, full list in f3_consumer_detail.csv)",有触发,"FMS-HYGIENE: FMS-HYGIENE（CommitGate, priority=138）",active,commit-gate,541,0,0,0,0,0,780,780,0,39,541,
RECONCILER-FILE-OPS,861,569,42,"data/databases/backups/depgraph_backup_20260817_ai00close.sql | data/databases/backups/depgraph_backup_20260821_p06.sql | data/databases/backups/depgraph_backup_AI-DGR-001_20260817.sql | docs/01_policies_and_standards/_registry/catalogs/capability_canonical_file_registry.yaml | docs/01_policies_and_standards/_registry/catalogs/in_process_gate_registry.yaml | docs/01_policies_and_standards/_registry/catalogs/module_translation_registry.yaml | docs/01_policies_and_standards/_registry/reports/gate_face_reconciliation.md | docs/01_policies_and_standards/_registry/reports/gate_face_reconciliation.yaml | docs/01_policies_and_standards/sop/governance_sop/commit_guide_sources/gate_digest_registry.yaml | docs/01_policies_and_standards/sop/governance_sop/commit_navigation_playbook.md | docs/02_enterprise_architecture/01_global_architecture_diagram/full_project_tree_en.md | docs/02_enterprise_architecture/01_global_architecture_diagram/full_project_tree_zh.md | docs/02_enterprise_architecture/02_domain_architecture_docs/51_d_gov_enforcement.md | docs/02_enterprise_architecture/08_algorithm_overview/_zoomable_html/system_foundation.html | docs/02_enterprise_architecture/08_algorithm_overview/system_foundation.md | docs/03_modules/_domain_gov_enforcement/algo_flow/commit_gates/r/reconciler_file_ops_gate.yaml | src/zephyr/gov_enforcement/commit_gates/__init__.py | src/zephyr/gov_enforcement/commit_gates/reconciler_file_ops_gate.py | tmp/ec1_enq2.txt | tmp/ec1_enq3.txt | tmp/ec1_enq4.txt | tmp/ec1_enqueue_out.txt | tmp/runtime_backups/runtime_handoffs_20260929_031839/handoffs/handoff_st-chief4-20260927.json | tmp/runtime_backups/runtime_handoffs_20260929_031839/handoffs/handoff_st-nightsweep-sw11-20260929.json | tmp/runtime_backups/runtime_handoffs_20260929_032232/handoffs/handoff_st-chief4-20260927.json | tmp/runtime_backups/runtime_handoffs_20260929_032232/handoffs/handoff_st-nightsweep-sw11-20260929.json | tmp/runtime_backups/runtime_handoffs_20260929_053410/handoffs/handoff_st-chief4-20260927.json | tmp/runtime_backups/runtime_handoffs_20260929_053410/handoffs/handoff_st-nightsweep-sw11-20260929.json | tmp/runtime_backups/runtime_handoffs_20260929_143706/handoffs/handoff_st-chief4-20260927.json | tmp/runtime_backups/runtime_handoffs_20260929_143706/handoffs/handoff_st-nightsweep-sw11-20260929.json | tmp/runtime_backups/runtime_handoffs_20260929_150313/handoffs/handoff_st-chief4-20260927.json | tmp/runtime_backups/runtime_handoffs_20260929_150313/handoffs/handoff_st-nightsweep-sw11-20260929.json | tmp/runtime_backups/runtime_handoffs_20260929_152237/handoffs/handoff_st-chief4-20260927.json | tmp/runtime_backups/runtime_handoffs_20260929_152237/handoffs/handoff_st-nightsweep-sw11-20260929.json | tmp/runtime_backups/runtime_handoffs_20260929_174602/handoffs/handoff_st-chief4-20260927.json | tmp/runtime_backups/runtime_handoffs_20260929_174602/handoffs/handoff_st-nightsweep-sw11-20260929.json | tmp/runtime_backups/runtime_handoffs_20260929_181346/handoffs/handoff_st-chief4-20260927.json | tmp/runtime_backups/runtime_handoffs_20260929_181346/handoffs/handoff_st-nightsweep-sw11-20260929.json | tmp/runtime_backups/runtime_handoffs_20260929_182834/handoffs/handoff_st-chief4-20260927.json | tmp/runtime_backups/runtime_handoffs_20260929_182834/handoffs/handoff_st-nightsweep-sw11-20260929.json ...(+2 more, full list in f3_consumer_detail.csv)",有触发,"RECONCILER-FILE-OPS: RECONCILER-FILE-OPS（CommitGate, priority=117）",active,commit-gate,861,728,0,0,0,0,0,0,0,42,861,
RECONCILER-HEALTH,2088,569,50,".trae/documents/P3_followup_todos_root_cause_plan.md | .trae/documents/P3_leftover_todos_strategic_ruling_and_treatment_plan.md | .trae/documents/P3_merge_conflict_resolution.md | .trae/documents/P3_phase_a_final_completion_plan.md | .trae/documents/P3_phase_a_residual_completion_plan.md | .trae/documents/_arch_issue_full_backup.yaml | clone_guard.yml | data/databases/backups/depgraph_backup_20260721_220004.sql | data/databases/backups/depgraph_backup_20260814_aigit001_taskboard.sql | data/databases/backups/depgraph_backup_20260817_ai00close.sql | data/databases/backups/depgraph_backup_20260821_p06.sql | data/databases/backups/depgraph_backup_AI-DGR-001_20260817.sql | docs/01_policies_and_standards/_registry/catalogs/architecture_issue_registry.yaml | docs/01_policies_and_standards/_registry/catalogs/capability_canonical_file_registry.yaml | docs/01_policies_and_standards/_registry/catalogs/in_process_gate_registry.yaml | docs/01_policies_and_standards/_registry/catalogs/module_translation_registry.yaml | docs/01_policies_and_standards/_registry/reports/gate_face_reconciliation.md | docs/01_policies_and_standards/_registry/reports/gate_face_reconciliation.yaml | docs/01_policies_and_standards/rules/trae_044_compliance_audit.yaml | docs/01_policies_and_standards/sop/governance_sop/commit_guide_sources/file_type_checklists_registry.yaml | docs/01_policies_and_standards/sop/governance_sop/commit_guide_sources/gate_digest_registry.yaml | docs/01_policies_and_standards/sop/governance_sop/commit_navigation_playbook.md | docs/02_enterprise_architecture/01_global_architecture_diagram/full_project_tree_en.md | docs/02_enterprise_architecture/01_global_architecture_diagram/full_project_tree_zh.md | docs/02_enterprise_architecture/02_domain_architecture_docs/18_d_gov_code_quality.md | docs/02_enterprise_architecture/02_domain_architecture_docs/51_d_gov_enforcement.md | docs/02_enterprise_architecture/02_domain_architecture_docs/_zoomable_html/51_d_gov_enforcement.html | docs/02_enterprise_architecture/04_architecture_principles_decisions/2026-08-14_coord_reconciler_auto_delete_governance_review.md | scripts/ops_guard.py | src/zephyr/gov_enforcement/commit_gates/reconciler_health_gate.py | src/zephyr/gov_enforcement/commit_gates/snapshot_drift_gate.py | src/zephyr/gov_enforcement/rule_bridge/gate_cache_preflight.py | src/zephyr/governance/audit/reconcile_worker.py | tmp/ec1_enq2.txt | tmp/ec1_enq3.txt | tmp/ec1_enq4.txt | tmp/ec1_enqueue_out.txt | tmp/runtime_backups/runtime_handoffs_20260929_031839/handoffs/handoff_st-nightsweep-sw11-20260929.json | tmp/runtime_backups/runtime_handoffs_20260929_032232/handoffs/handoff_st-nightsweep-sw11-20260929.json | tmp/runtime_backups/runtime_handoffs_20260929_053410/handoffs/handoff_st-nightsweep-sw11-20260929.json ...(+10 more, full list in f3_consumer_detail.csv)",有触发,"RECONCILER-HEALTH: RECONCILER-HEALTH（CommitGate, priority=64）",active,commit-gate,2088,428,0,0,0,0,50,50,0,47,2088,
REGISTRY-CODE-ANCHOR,2094,569,24,.workbuddy/memory/2026-09-12.md | data/databases/backups/depgraph_backup_20260817_ai00close.sql | data/databases/backups/depgraph_backup_20260821_p06.sql | docs/01_policies_and_standards/_registry/catalogs/fail_open_register.yaml | docs/01_policies_and_standards/_registry/catalogs/in_process_gate_registry.yaml | docs/01_policies_and_standards/_registry/catalogs/module_translation_registry.yaml | docs/01_policies_and_standards/_registry/reports/gate_face_reconciliation.md | docs/01_policies_and_standards/_registry/reports/gate_face_reconciliation.yaml | docs/01_policies_and_standards/sop/governance_sop/commit_guide_sources/file_type_checklists_registry.yaml | docs/01_policies_and_standards/sop/governance_sop/commit_guide_sources/gate_digest_registry.yaml | docs/01_policies_and_standards/sop/governance_sop/commit_navigation_playbook.md | docs/02_enterprise_architecture/01_global_architecture_diagram/full_project_tree_en.md | docs/02_enterprise_architecture/01_global_architecture_diagram/full_project_tree_zh.md | docs/02_enterprise_architecture/02_domain_architecture_docs/18_d_gov_code_quality.md | docs/02_enterprise_architecture/02_domain_architecture_docs/51_d_gov_enforcement.md | docs/02_enterprise_architecture/02_domain_architecture_docs/_zoomable_html/18_d_gov_code_quality.html | docs/02_enterprise_architecture/02_domain_architecture_docs/_zoomable_html/51_d_gov_enforcement.html | scripts/governance/d5_architecture/checkers/check_registry_code_anchor.py | scripts/governance/wave1a/build_delivery_cards.py | src/zephyr/gov_enforcement/commit_gates/__init__.py | src/zephyr/gov_enforcement/commit_gates/registry_code_anchor_gate.py | tmp/ec1_enq2.txt | tmp/ec1_enqueue_out.txt | tests/governance/commit_gates/test_registry_code_anchor_gate.py,有触发,"REGISTRY-CODE-ANCHOR: REGISTRY-CODE-ANCHOR（CommitGate, priority=129）",active,commit-gate,2088,0,6,0,0,0,465,216,0,23,2094,
REGISTRY-MASS-DELETION,2611,755,45,"docs/01_policies_and_standards/_registry/catalogs/in_process_gate_registry.yaml | docs/01_policies_and_standards/_registry/reports/gate_face_reconciliation.md | docs/01_policies_and_standards/_registry/reports/gate_face_reconciliation.yaml | docs/01_policies_and_standards/sop/construction_sop/lane_construction_discipline_policy.md | docs/01_policies_and_standards/sop/governance_sop/commit_guide_sources/death_cases_registry.yaml | docs/01_policies_and_standards/sop/governance_sop/commit_guide_sources/file_type_checklists_registry.yaml | docs/01_policies_and_standards/sop/governance_sop/commit_guide_sources/gate_digest_registry.yaml | docs/01_policies_and_standards/sop/governance_sop/commit_navigation_playbook.md | docs/02_enterprise_architecture/01_global_architecture_diagram/full_project_tree_en.md | docs/02_enterprise_architecture/01_global_architecture_diagram/full_project_tree_zh.md | docs/02_enterprise_architecture/02_domain_architecture_docs/18_d_gov_code_quality.md | docs/02_enterprise_architecture/02_domain_architecture_docs/51_d_gov_enforcement.md | docs/02_enterprise_architecture/02_domain_architecture_docs/54_d_gov_scripts.md | docs/02_enterprise_architecture/02_domain_architecture_docs/_zoomable_html/51_d_gov_enforcement.html | scripts/git_commit.py | scripts/governance/commit_queue_landing.py | scripts/governance/d3_metadata/batch_creation_tokens.py | scripts/governance/d8_doc_sync/algo_flow_reverse_orphan_reconciler.py | scripts/governance/dedup_ttl_headers.py | scripts/governance/generators/generate_gate_registry.py | scripts/governance/wave1b/dead_letter_census.py | scripts/governance/wave1b/dead_letter_prescriptions.py | src/zephyr/ai_layer/redline/__init__.py | src/zephyr/ai_layer/redline/drop_gate.py | src/zephyr/ai_layer/redline/negative_list_gates.py | src/zephyr/gov_enforcement/commit_gates/registry_mass_deletion_gate.py | src/zephyr/gov_enforcement/commit_gates/registry_yaml_parse_gate.py | src/zephyr/gov_enforcement/rule_bridge/commit_preflight.py | src/zephyr/gov_enforcement/rule_bridge/gate_auto_registrar.py | tmp/ec1_enq2.txt | tmp/ec1_enq3.txt | tmp/ec1_enq4.txt | tmp/ec1_enqueue_out.txt | tmp/runtime_backups/runtime_handoffs_20260929_143706/handoffs/handoff_st-zc9-lane-s2-20260929.json | tmp/runtime_backups/runtime_handoffs_20260929_150313/handoffs/handoff_st-zc9-lane-s2-20260929.json | tmp/runtime_backups/runtime_handoffs_20260929_152237/handoffs/handoff_st-zc9-lane-s2-20260929.json | tmp/runtime_backups/runtime_handoffs_20260929_174602/handoffs/handoff_st-zc9-lane-s2-20260929.json | tmp/runtime_backups/runtime_handoffs_20260929_181346/handoffs/handoff_st-zc9-lane-s2-20260929.json | tmp/runtime_backups/runtime_handoffs_20260929_182834/handoffs/handoff_st-zc9-lane-s2-20260929.json | tmp/runtime_backups/runtime_handoffs_20260929_183328/handoffs/handoff_st-zc9-lane-s2-20260929.json ...(+5 more, full list in f3_consumer_detail.csv)",有触发,"REGISTRY-MASS-DELETION: REGISTRY-MASS-DELETION（CommitGate, priority=140）",active,commit-gate,2088,0,16,507,0,0,13676,4013,0,40,2611,
REGISTRY-YAML-PARSE,2097,573,12,docs/01_policies_and_standards/_registry/catalogs/in_process_gate_registry.yaml | docs/01_policies_and_standards/_registry/catalogs/ruling_registry.yaml | docs/01_policies_and_standards/_registry/reports/gate_face_reconciliation.md | docs/01_policies_and_standards/_registry/reports/gate_face_reconciliation.yaml | docs/01_policies_and_standards/sop/governance_sop/commit_guide_sources/file_type_checklists_registry.yaml | docs/01_policies_and_standards/sop/governance_sop/commit_guide_sources/gate_digest_registry.yaml | docs/01_policies_and_standards/sop/governance_sop/commit_navigation_playbook.md | scripts/governance/wave1b/dead_letter_prescriptions.py | src/zephyr/gov_enforcement/commit_gates/registry_yaml_parse_gate.py | src/zephyr/governance/registry_projection/__init__.py | src/zephyr/governance/registry_projection/state.py | tests/governance/test_gate_failure_probes.py,有触发,"REGISTRY-YAML-PARSE: 注册表结构硬化门禁（防尾追悬挂/防重复根键）（CommitGate, priority=54）",active,commit-gate,2088,0,9,0,0,0,2200,369,0,11,2097,
RELATIVE-PATH-LITERAL,2089,570,29,data/databases/backups/depgraph_backup_20260721_220004.sql | data/databases/backups/depgraph_backup_20260814_aigit001_taskboard.sql | data/databases/backups/depgraph_backup_20260817_ai00close.sql | data/databases/backups/depgraph_backup_20260821_p06.sql | data/databases/backups/depgraph_backup_AI-DGR-001_20260817.sql | docs/01_policies_and_standards/_registry/catalogs/fail_open_register.yaml | docs/01_policies_and_standards/_registry/catalogs/in_process_gate_registry.yaml | docs/01_policies_and_standards/_registry/reports/gate_face_reconciliation.md | docs/01_policies_and_standards/_registry/reports/gate_face_reconciliation.yaml | docs/01_policies_and_standards/sop/governance_sop/commit_guide_sources/gate_digest_registry.yaml | docs/01_policies_and_standards/sop/governance_sop/commit_navigation_playbook.md | docs/02_enterprise_architecture/01_global_architecture_diagram/full_project_tree_en.md | docs/02_enterprise_architecture/01_global_architecture_diagram/full_project_tree_zh.md | docs/02_enterprise_architecture/02_domain_architecture_docs/18_d_gov_code_quality.md | docs/03_modules/_domain_gov_enforcement/algo_flow/commit_gates/r/relative_path_literal_gate.yaml | scripts/governance/d1_structure/check_mirror_tree.py | scripts/governance/d5_architecture/generators/generate_panorama_registry.py | scripts/governance/generators/regen_clean_check.py | scripts/governance/wave1b/dead_letter_prescriptions.py | src/zephyr/gov_enforcement/commit_gates/approval_resolver.py | src/zephyr/gov_enforcement/commit_gates/consumers_accuracy_gate.py | src/zephyr/gov_enforcement/commit_gates/read_side/fms_ref_extractor.py | src/zephyr/gov_enforcement/commit_gates/relative_path_literal_gate.py | src/zephyr/gov_enforcement/rule_bridge/gate_cache_preflight.py | src/zephyr/gov_enforcement/rule_bridge/git_commit_gateway.py | tmp/ec1_enq2.txt | tmp/ec1_enqueue_out.txt | tests/git/test_gate_cache_key_isolation.py | tests/governance/commit_gates/test_consumers_accuracy_gate.py,有触发,"RELATIVE-PATH-LITERAL: RELATIVE-PATH-LITERAL（CommitGate, priority=115）",active,commit-gate,2088,1395,1,0,0,0,1924,1081,0,27,2089,
RENAME-DEPGRAPH-SYNC,1068,0,42,".trae/documents/_arch_issue_full_backup.yaml | .trae/documents/plan_worktree_required_gate.md | .workbuddy/memory/2026-09-14.md | AGENTS.md | data/databases/backups/depgraph_backup_20260721_220004.sql | data/databases/backups/depgraph_backup_20260814_aigit001_taskboard.sql | data/databases/backups/depgraph_backup_20260817_ai00close.sql | data/databases/backups/depgraph_backup_20260821_p06.sql | data/databases/backups/depgraph_backup_AI-DGR-001_20260817.sql | docs/01_policies_and_standards/_registry/catalogs/architecture_issue_registry.yaml | docs/01_policies_and_standards/_registry/catalogs/capability_canonical_file_registry.yaml | docs/01_policies_and_standards/_registry/catalogs/fail_open_register.yaml | docs/01_policies_and_standards/_registry/catalogs/module_translation_registry.yaml | docs/01_policies_and_standards/sop/construction_sop/construction_workflow_policy.md | docs/01_policies_and_standards/sop/governance_sop/agent_constitution_l0.md | docs/01_policies_and_standards/sop/governance_sop/agent_constitution_legacy_v1.md | docs/01_policies_and_standards/sop/governance_sop/commit_guide_sources/file_type_checklists_registry.yaml | docs/01_policies_and_standards/sop/governance_sop/commit_guide_sources/gate_digest_registry.yaml | docs/01_policies_and_standards/sop/governance_sop/commit_navigation_playbook.md | docs/02_enterprise_architecture/01_global_architecture_diagram/full_project_tree_en.md | docs/02_enterprise_architecture/01_global_architecture_diagram/full_project_tree_zh.md | docs/02_enterprise_architecture/02_domain_architecture_docs/18_d_gov_code_quality.md | docs/02_enterprise_architecture/02_domain_architecture_docs/51_d_gov_enforcement.md | docs/02_enterprise_architecture/02_domain_architecture_docs/_zoomable_html/51_d_gov_enforcement.html | docs/03_modules/_cross_layer/gate_engine/blueprint.md | docs/03_modules/_domain_gov_enforcement/algo_flow/commit_gates/r/rename_depgraph_sync_gate.yaml | scripts/governance/d8_doc_sync/audit_rename_completeness.py | scripts/governance/generators/generate_gate_registry.py | scripts/governance/wave1b/dead_letter_prescriptions.py | src/zephyr/gov_enforcement/commit_gates/depgraph_pre_registration_gate.py | src/zephyr/gov_enforcement/commit_gates/encoding_gate.py | src/zephyr/gov_enforcement/commit_gates/manual_only_permanent_gate.py | src/zephyr/gov_enforcement/commit_gates/new_file_depgraph_gate.py | src/zephyr/gov_enforcement/commit_gates/rename_depgraph_sync_gate.py | src/zephyr/gov_enforcement/commit_gates/ruling_commit_verified_gate.py | src/zephyr/gov_enforcement/commit_gates/snapshot_drift_gate.py | src/zephyr/gov_enforcement/rule_bridge/commit_gate_registry.py | src/zephyr/gov_enforcement/rule_bridge/commit_preflight.py | src/zephyr/governance/audit/pg_probe.py | tests/governance/audit/test_pg_probe.py ...(+2 more, full list in f3_consumer_detail.csv)",有触发,RENAME-DEPGRAPH-SYNC: 重命名 depgraph 同步（已合并至 DEPGRAPH-ENFORCEMENT，st-gslim-2026092,deprecated,manual,1054,0,14,0,0,0,141,120,0,39,1068,
RESOURCE-SCHEDULE,946,571,27,docs/01_policies_and_standards/_registry/catalogs/in_process_gate_registry.yaml | docs/01_policies_and_standards/_registry/reports/gate_face_reconciliation.md | docs/01_policies_and_standards/_registry/reports/gate_face_reconciliation.yaml | docs/01_policies_and_standards/sop/governance_sop/commit_guide_sources/gate_digest_registry.yaml | docs/01_policies_and_standards/sop/governance_sop/commit_navigation_playbook.md | docs/02_enterprise_architecture/08_algorithm_overview/_zoomable_html/system_foundation.html | docs/02_enterprise_architecture/08_algorithm_overview/system_foundation.md | docs/03_modules/_cross_layer/resource_schedule_gate/blueprint.md | docs/03_modules/_domain_gov_enforcement/algo_flow/resource_schedule_gate.yaml | scripts/governance/generators/generate_resource_profile_registry.py | scripts/tasks/register/register_resource_regen_check_task.ps1 | src/zephyr/data/config/schedule.yaml | src/zephyr/frontend/dashboard/web/pages/resweek.html | src/zephyr/gov_enforcement/commit_gates/__init__.py | src/zephyr/gov_enforcement/commit_gates/resource_schedule_gate.py | tmp/runtime_backups/runtime_handoffs_20260929_031839/handoffs/handoff_st-schedfix-20260924.json | tmp/runtime_backups/runtime_handoffs_20260929_032232/handoffs/handoff_st-schedfix-20260924.json | tmp/runtime_backups/runtime_handoffs_20260929_053410/handoffs/handoff_st-schedfix-20260924.json | tmp/runtime_backups/runtime_handoffs_20260929_143706/handoffs/handoff_st-schedfix-20260924.json | tmp/runtime_backups/runtime_handoffs_20260929_150313/handoffs/handoff_st-schedfix-20260924.json | tmp/runtime_backups/runtime_handoffs_20260929_152237/handoffs/handoff_st-schedfix-20260924.json | tmp/runtime_backups/runtime_handoffs_20260929_174602/handoffs/handoff_st-schedfix-20260924.json | tmp/runtime_backups/runtime_handoffs_20260929_181346/handoffs/handoff_st-schedfix-20260924.json | tmp/runtime_backups/runtime_handoffs_20260929_182834/handoffs/handoff_st-schedfix-20260924.json | tmp/runtime_backups/runtime_handoffs_20260929_183328/handoffs/handoff_st-schedfix-20260924.json | tests/governance/commit_gates/test_resource_schedule_gate.py | tests/infrastructure/test_resource_schedule_regen_check.py,有触发,"RESOURCE-SCHEDULE: 排班冲突检测 commit gate（MOD-RESCHED-GATE，B2 闸）。（CommitGate, priori",active,commit-gate,943,818,3,0,0,0,122,122,0,25,946,
RULE-EXECUTION-PAIRING,996,569,32,.trae/documents/algo_flow_calibrated/MOD-GOV_RULE_EXECUTION_PAIRING_GATE.txt | data/databases/backups/depgraph_backup_20260721_220004.sql | data/databases/backups/depgraph_backup_20260814_aigit001_taskboard.sql | data/databases/backups/depgraph_backup_20260817_ai00close.sql | data/databases/backups/depgraph_backup_20260821_p06.sql | data/databases/backups/depgraph_backup_AI-DGR-001_20260817.sql | data/runtime_violation_snapshot/baseline_2026_06_26.yaml | docs/01_policies_and_standards/_registry/catalogs/capability_canonical_file_registry.yaml | docs/01_policies_and_standards/_registry/catalogs/governance_convergence_map.yaml | docs/01_policies_and_standards/_registry/catalogs/in_process_gate_registry.yaml | docs/01_policies_and_standards/_registry/reports/gate_face_reconciliation.md | docs/01_policies_and_standards/_registry/reports/gate_face_reconciliation.yaml | docs/01_policies_and_standards/rules/trae_060_inward_consolidation.yaml | docs/01_policies_and_standards/rules/trae_069_commit_gateway_abuse_thresholds.yaml | docs/01_policies_and_standards/rules/trae_070_temporary_file_placement.yaml | docs/01_policies_and_standards/rules/trae_071_temporary_file_lifecycle.yaml | docs/01_policies_and_standards/sop/governance_sop/commit_guide_sources/file_type_checklists_registry.yaml | docs/01_policies_and_standards/sop/governance_sop/commit_guide_sources/gate_digest_registry.yaml | docs/01_policies_and_standards/sop/governance_sop/commit_navigation_playbook.md | docs/02_enterprise_architecture/01_global_architecture_diagram/full_project_tree_en.md | docs/02_enterprise_architecture/01_global_architecture_diagram/full_project_tree_zh.md | docs/02_enterprise_architecture/02_domain_architecture_docs/18_d_gov_code_quality.md | docs/02_enterprise_architecture/02_domain_architecture_docs/51_d_gov_enforcement.md | docs/02_enterprise_architecture/08_algorithm_overview/_zoomable_html/system_foundation.html | docs/02_enterprise_architecture/08_algorithm_overview/system_foundation.md | docs/03_modules/_domain_gov_enforcement/algo_flow/commit_gates/r/rule_execution_pairing_gate.yaml | docs/_archive/agents_md_slimming_test_design.md | scripts/governance/architecture_health_dashboard.py | src/zephyr/gov_enforcement/commit_gates/blueprint_format_gate.py | src/zephyr/gov_enforcement/commit_gates/rule_execution_pairing_gate.py | src/zephyr/gov_enforcement/commit_gates/snapshot_drift_gate.py | tests/governance/commit_gates/test_rule_execution_pairing_gate.py,有触发,"RULE-EXECUTION-PAIRING: RULE-EXECUTION-PAIRING（CommitGate, priority=61）",active,commit-gate,996,911,0,0,0,0,0,0,0,31,996,
RULE-FOUR-WAY-ALIGN,1477,569,31,.trae/documents/_arch_issue_full_backup.yaml | .trae/documents/align-all-unified-panorama.md | data/databases/backups/depgraph_backup_20260721_220004.sql | data/databases/backups/depgraph_backup_20260814_aigit001_taskboard.sql | data/databases/backups/depgraph_backup_20260817_ai00close.sql | data/databases/backups/depgraph_backup_20260821_p06.sql | data/databases/backups/depgraph_backup_AI-DGR-001_20260817.sql | docs/01_policies_and_standards/_registry/catalogs/_archive/declarative_contract_tracker_registry.yaml | docs/01_policies_and_standards/_registry/catalogs/capability_canonical_file_registry.yaml | docs/01_policies_and_standards/_registry/catalogs/fail_open_register.yaml | docs/01_policies_and_standards/_registry/catalogs/in_process_gate_registry.yaml | docs/01_policies_and_standards/_registry/catalogs/module_translation_registry.yaml | docs/01_policies_and_standards/_registry/catalogs/ruling_registry.yaml | docs/01_policies_and_standards/_registry/reports/gate_face_reconciliation.md | docs/01_policies_and_standards/_registry/reports/gate_face_reconciliation.yaml | docs/01_policies_and_standards/rules/trae_041_meta_rule_classification.yaml | docs/01_policies_and_standards/sop/governance_sop/alignment_checklist.md | docs/01_policies_and_standards/sop/governance_sop/commit_guide_sources/file_type_checklists_registry.yaml | docs/01_policies_and_standards/sop/governance_sop/commit_guide_sources/gate_digest_registry.yaml | docs/01_policies_and_standards/sop/governance_sop/commit_navigation_playbook.md | docs/02_enterprise_architecture/01_global_architecture_diagram/full_project_tree_en.md | docs/02_enterprise_architecture/01_global_architecture_diagram/full_project_tree_zh.md | docs/02_enterprise_architecture/02_domain_architecture_docs/18_d_gov_code_quality.md | docs/02_enterprise_architecture/02_domain_architecture_docs/51_d_gov_enforcement.md | docs/02_enterprise_architecture/02_domain_architecture_docs/_zoomable_html/51_d_gov_enforcement.html | scripts/governance/d5_architecture/checkers/check_rule_four_way_alignment.py | src/zephyr/gov_enforcement/commit_gates/algo_note_sync_gate.py | src/zephyr/gov_enforcement/commit_gates/rule_four_way_alignment_gate.py | src/zephyr/gov_enforcement/registry_alignment.py | src/zephyr/gov_enforcement/rule_bridge/session_worktree.py | tests/governance/commit_gates/test_rule_four_way_alignment_gate.py,有触发,"RULE-FOUR-WAY-ALIGN: RULE-FOUR-WAY-ALIGN（CommitGate, priority=76）",active,commit-gate,1477,911,0,0,0,0,0,0,0,30,1477,
RULING-COMMIT-VERIFIED,668,569,28,.trae/documents/_arch_issue_full_backup.yaml | data/databases/backups/depgraph_backup_20260721_220004.sql | data/databases/backups/depgraph_backup_20260814_aigit001_taskboard.sql | data/databases/backups/depgraph_backup_20260817_ai00close.sql | data/databases/backups/depgraph_backup_20260821_p06.sql | data/databases/backups/depgraph_backup_AI-DGR-001_20260817.sql | docs/01_policies_and_standards/_registry/catalogs/architecture_issue_registry.yaml | docs/01_policies_and_standards/_registry/catalogs/capability_canonical_file_registry.yaml | docs/01_policies_and_standards/_registry/catalogs/in_process_gate_registry.yaml | docs/01_policies_and_standards/_registry/catalogs/module_translation_registry.yaml | docs/01_policies_and_standards/_registry/catalogs/noqa_exempt_registry.yaml | docs/01_policies_and_standards/_registry/reports/gate_face_reconciliation.md | docs/01_policies_and_standards/_registry/reports/gate_face_reconciliation.yaml | docs/01_policies_and_standards/sop/governance_sop/commit_guide_sources/file_type_checklists_registry.yaml | docs/01_policies_and_standards/sop/governance_sop/commit_guide_sources/gate_digest_registry.yaml | docs/01_policies_and_standards/sop/governance_sop/commit_navigation_playbook.md | docs/02_enterprise_architecture/01_global_architecture_diagram/full_project_tree_en.md | docs/02_enterprise_architecture/01_global_architecture_diagram/full_project_tree_zh.md | docs/02_enterprise_architecture/02_domain_architecture_docs/18_d_gov_code_quality.md | docs/02_enterprise_architecture/02_domain_architecture_docs/51_d_gov_enforcement.md | docs/02_enterprise_architecture/02_domain_architecture_docs/_zoomable_html/51_d_gov_enforcement.html | docs/_archive/ruling_workspace_drift_systemic.md | src/zephyr/gov_enforcement/commit_gates/consumers_accuracy_gate.py | src/zephyr/gov_enforcement/commit_gates/ruling_commit_verified_gate.py | src/zephyr/gov_enforcement/rule_bridge/commit_gate_registry.py | tests/governance/commit_gates/test_consumers_accuracy_gate.py | tests/governance/commit_gates/test_ruling_commit_verified_gate.py | tests/governance/rule_bridge/test_commit_gate_registry.py,有触发,"RULING-COMMIT-VERIFIED: RULING-COMMIT-VERIFIED（CommitGate, priority=109）",active,commit-gate,667,0,1,0,0,0,0,0,0,25,668,
RULING-REFERENCE,1074,0,42,"data/databases/backups/depgraph_backup_20260721_220004.sql | data/databases/backups/depgraph_backup_20260814_aigit001_taskboard.sql | data/databases/backups/depgraph_backup_20260817_ai00close.sql | data/databases/backups/depgraph_backup_20260821_p06.sql | data/databases/backups/depgraph_backup_AI-DGR-001_20260817.sql | docs/01_policies_and_standards/_registry/catalogs/capability_canonical_file_registry.yaml | docs/01_policies_and_standards/_registry/catalogs/module_translation_registry.yaml | docs/01_policies_and_standards/_registry/catalogs/ruling_registry.yaml | docs/01_policies_and_standards/sop/construction_sop/lane_construction_discipline_policy.md | docs/01_policies_and_standards/sop/governance_sop/agent_constitution_legacy_v1.md | docs/02_enterprise_architecture/01_global_architecture_diagram/full_project_tree_en.md | docs/02_enterprise_architecture/01_global_architecture_diagram/full_project_tree_zh.md | docs/02_enterprise_architecture/02_domain_architecture_docs/18_d_gov_code_quality.md | docs/02_enterprise_architecture/02_domain_architecture_docs/51_d_gov_enforcement.md | docs/02_enterprise_architecture/02_domain_architecture_docs/54_d_gov_scripts.md | docs/_archive/ruling_runcommand_window_flash.md | scripts/governance/d8_doc_sync/algo_flow_reverse_orphan_reconciler.py | scripts/governance/generators/generate_gate_registry.py | scripts/governance/next_ruling_id.py | scripts/governance/wave1b/dead_letter_census.py | scripts/governance/wave1b/dead_letter_prescriptions.py | src/zephyr/gov_enforcement/commit_gates/_reference_helpers.py | src/zephyr/gov_enforcement/commit_gates/dangling_reference_gate.py | src/zephyr/gov_enforcement/commit_gates/ruling_reference_gate.py | src/zephyr/gov_enforcement/commit_gates/vocab_chain_gate.py | src/zephyr/gov_enforcement/registry_alignment.py | src/zephyr/gov_enforcement/rule_bridge/commit_preflight.py | tmp/runtime_backups/runtime_handoffs_20260929_031839/handoffs/handoff_chiefzc-docsA-dispatch-20260928.json | tmp/runtime_backups/runtime_handoffs_20260929_032232/handoffs/handoff_chiefzc-docsA-dispatch-20260928.json | tmp/runtime_backups/runtime_handoffs_20260929_053410/handoffs/handoff_chiefzc-docsA-dispatch-20260928.json | tmp/runtime_backups/runtime_handoffs_20260929_143706/handoffs/handoff_chiefzc-docsA-dispatch-20260928.json | tmp/runtime_backups/runtime_handoffs_20260929_150313/handoffs/handoff_chiefzc-docsA-dispatch-20260928.json | tmp/runtime_backups/runtime_handoffs_20260929_152237/handoffs/handoff_chiefzc-docsA-dispatch-20260928.json | tmp/runtime_backups/runtime_handoffs_20260929_174602/handoffs/handoff_chiefzc-docsA-dispatch-20260928.json | tmp/runtime_backups/runtime_handoffs_20260929_181346/handoffs/handoff_chiefzc-docsA-dispatch-20260928.json | tmp/runtime_backups/runtime_handoffs_20260929_182834/handoffs/handoff_chiefzc-docsA-dispatch-20260928.json | tmp/runtime_backups/runtime_handoffs_20260929_183328/handoffs/handoff_chiefzc-docsA-dispatch-20260928.json | tests/governance/commit_gates/test_ruling_reference_gate.py | tests/governance/generators/test_generate_gate_registry.py | tests/governance/rule_bridge/test_session_worktree.py ...(+2 more, full list in f3_consumer_detail.csv)",有触发,RULING-REFERENCE: 裁定 #NNN 悬空引用检测（已合并至 REFERENCE-INTEGRITY，st-gslim-20260923 P4）,deprecated,manual,1054,0,6,14,0,0,914,437,0,37,1074,
SCHEMA-FILE-EXISTS,902,569,24,.trae/documents/_arch_issue_full_backup.yaml | data/databases/backups/depgraph_backup_20260814_aigit001_taskboard.sql | data/databases/backups/depgraph_backup_20260817_ai00close.sql | data/databases/backups/depgraph_backup_20260821_p06.sql | data/databases/backups/depgraph_backup_AI-DGR-001_20260817.sql | docs/01_policies_and_standards/_registry/catalogs/architecture_issue_registry.yaml | docs/01_policies_and_standards/_registry/catalogs/in_process_gate_registry.yaml | docs/01_policies_and_standards/_registry/catalogs/module_translation_registry.yaml | docs/01_policies_and_standards/_registry/reports/gate_face_reconciliation.md | docs/01_policies_and_standards/_registry/reports/gate_face_reconciliation.yaml | docs/01_policies_and_standards/sop/governance_sop/commit_guide_sources/file_type_checklists_registry.yaml | docs/01_policies_and_standards/sop/governance_sop/commit_guide_sources/gate_digest_registry.yaml | docs/01_policies_and_standards/sop/governance_sop/commit_navigation_playbook.md | docs/02_enterprise_architecture/01_global_architecture_diagram/full_project_tree_en.md | docs/02_enterprise_architecture/01_global_architecture_diagram/full_project_tree_zh.md | docs/02_enterprise_architecture/02_domain_architecture_docs/18_d_gov_code_quality.md | docs/02_enterprise_architecture/02_domain_architecture_docs/51_d_gov_enforcement.md | docs/02_enterprise_architecture/02_domain_architecture_docs/_zoomable_html/18_d_gov_code_quality.html | docs/02_enterprise_architecture/02_domain_architecture_docs/_zoomable_html/51_d_gov_enforcement.html | docs/03_modules/_domain_gov_enforcement/algo_flow/commit_gates/s/schema_file_exists_gate.yaml | src/zephyr/gov_enforcement/commit_gates/_tree_view.py | src/zephyr/gov_enforcement/commit_gates/schema_file_exists_gate.py | tests/governance/commit_gates/test_repo_state_observation.py | tests/governance/commit_gates/test_schema_file_exists_gate.py,有触发,"SCHEMA-FILE-EXISTS: SCHEMA-FILE-EXISTS（CommitGate, priority=121）",active,commit-gate,902,880,0,0,0,0,0,0,0,22,902,
SCRIPTS-IMPORT-INTEGRITY,1679,160,37,.trae/documents/_arch_issue_full_backup.yaml | data/databases/backups/depgraph_backup_20260721_220004.sql | data/databases/backups/depgraph_backup_20260814_aigit001_taskboard.sql | data/databases/backups/depgraph_backup_20260817_ai00close.sql | data/databases/backups/depgraph_backup_20260821_p06.sql | data/databases/backups/depgraph_backup_AI-DGR-001_20260817.sql | docs/01_policies_and_standards/_registry/catalogs/architecture_issue_registry.yaml | docs/01_policies_and_standards/_registry/catalogs/capability_canonical_file_registry.yaml | docs/01_policies_and_standards/_registry/catalogs/fail_open_register.yaml | docs/01_policies_and_standards/_registry/catalogs/in_process_gate_registry.yaml | docs/01_policies_and_standards/_registry/catalogs/module_translation_registry.yaml | docs/01_policies_and_standards/_registry/reports/gate_face_reconciliation.md | docs/01_policies_and_standards/_registry/reports/gate_face_reconciliation.yaml | docs/01_policies_and_standards/rules/trae_072_cross_commit_atomicity.yaml | docs/01_policies_and_standards/sop/governance_sop/commit_guide_sources/file_type_checklists_registry.yaml | docs/01_policies_and_standards/sop/governance_sop/commit_guide_sources/gate_digest_registry.yaml | docs/01_policies_and_standards/sop/governance_sop/commit_navigation_playbook.md | docs/02_enterprise_architecture/01_global_architecture_diagram/full_project_tree_en.md | docs/02_enterprise_architecture/01_global_architecture_diagram/full_project_tree_zh.md | docs/02_enterprise_architecture/02_domain_architecture_docs/18_d_gov_code_quality.md | docs/02_enterprise_architecture/02_domain_architecture_docs/51_d_gov_enforcement.md | docs/02_enterprise_architecture/02_domain_architecture_docs/_zoomable_html/51_d_gov_enforcement.html | scripts/governance/generators/generate_gate_registry.py | src/zephyr/gov_enforcement/commit_gates/capability_lookup_required_gate.py | src/zephyr/gov_enforcement/commit_gates/import_integrity_gate.py | src/zephyr/gov_enforcement/commit_gates/scripts_import_integrity_gate.py | src/zephyr/gov_enforcement/commit_gates/undefined_name_gate.py | src/zephyr/governance/audit/reconciliation_registry.py | tmp/ec1_enq2.txt | tmp/ec1_enq3.txt | tmp/ec1_enq4.txt | tmp/ec1_enqueue_out.txt | tmp/runtime_backups/runtime_handoffs_20260929_174602/handoffs/handoff_st-gate-rationalize-20260929.json | tmp/runtime_backups/runtime_handoffs_20260929_181346/handoffs/handoff_st-gate-rationalize-20260929.json | tmp/runtime_backups/runtime_handoffs_20260929_182834/handoffs/handoff_st-gate-rationalize-20260929.json | tmp/runtime_backups/runtime_handoffs_20260929_183328/handoffs/handoff_st-gate-rationalize-20260929.json | tests/governance/commit_gates/test_scripts_import_integrity_gate.py,有触发,SCRIPTS-IMPORT-INTEGRITY: scripts/governance 用 _shared.constants 符号未 import（已退役并,deprecated,manual,1679,382,0,0,0,0,1621,73,0,36,1679,
NO-SECRET-HARDCODE,2089,570,29,.workbuddy/memory/2026-10-03.md | SECRETS.md | data/databases/backups/depgraph_backup_20260814_aigit001_taskboard.sql | data/databases/backups/depgraph_backup_20260817_ai00close.sql | data/databases/backups/depgraph_backup_20260821_p06.sql | data/databases/backups/depgraph_backup_AI-DGR-001_20260817.sql | docs/01_policies_and_standards/_registry/catalogs/capability_canonical_file_registry.yaml | docs/01_policies_and_standards/_registry/catalogs/fail_open_register.yaml | docs/01_policies_and_standards/_registry/catalogs/in_process_gate_registry.yaml | docs/01_policies_and_standards/_registry/catalogs/module_translation_registry.yaml | docs/01_policies_and_standards/_registry/reports/gate_face_reconciliation.md | docs/01_policies_and_standards/_registry/reports/gate_face_reconciliation.yaml | docs/01_policies_and_standards/sop/governance_sop/agent_constitution_legacy_v1.md | docs/01_policies_and_standards/sop/governance_sop/commit_guide_sources/gate_digest_registry.yaml | docs/01_policies_and_standards/sop/governance_sop/commit_navigation_playbook.md | docs/02_enterprise_architecture/01_global_architecture_diagram/full_project_tree_en.md | docs/02_enterprise_architecture/01_global_architecture_diagram/full_project_tree_zh.md | docs/02_enterprise_architecture/02_domain_architecture_docs/18_d_gov_code_quality.md | docs/02_enterprise_architecture/02_domain_architecture_docs/51_d_gov_enforcement.md | docs/02_enterprise_architecture/02_domain_architecture_docs/_zoomable_html/51_d_gov_enforcement.html | docs/03_modules/_domain_gov_enforcement/algo_flow/commit_gates/s/secret_hardcode_gate.yaml | docs/_archive/ruling_secrets_governance_100pct_ai.md | src/zephyr/gov_enforcement/commit_gates/registry_code_anchor_gate.py | src/zephyr/gov_enforcement/commit_gates/secret_hardcode_gate.py | tmp/ec1_enq2.txt | tmp/ec1_enq3.txt | tmp/ec1_enq4.txt | tmp/ec1_enqueue_out.txt | tests/governance/commit_gates/test_secret_hardcode_gate.py,有触发,"NO-SECRET-HARDCODE: NO-SECRET-HARDCODE（CommitGate, priority=128）",active,commit-gate,2088,510,1,0,0,0,701,489,0,28,2089,
SECRET-REGISTRY-CONSISTENCY,2091,569,25,SECRETS.md | data/databases/backups/depgraph_backup_20260814_aigit001_taskboard.sql | data/databases/backups/depgraph_backup_20260817_ai00close.sql | data/databases/backups/depgraph_backup_20260821_p06.sql | data/databases/backups/depgraph_backup_AI-DGR-001_20260817.sql | docs/01_policies_and_standards/_registry/catalogs/capability_canonical_file_registry.yaml | docs/01_policies_and_standards/_registry/catalogs/fail_open_register.yaml | docs/01_policies_and_standards/_registry/catalogs/in_process_gate_registry.yaml | docs/01_policies_and_standards/_registry/catalogs/module_translation_registry.yaml | docs/01_policies_and_standards/_registry/reports/gate_face_reconciliation.md | docs/01_policies_and_standards/_registry/reports/gate_face_reconciliation.yaml | docs/01_policies_and_standards/sop/governance_sop/agent_constitution_legacy_v1.md | docs/01_policies_and_standards/sop/governance_sop/commit_guide_sources/gate_digest_registry.yaml | docs/01_policies_and_standards/sop/governance_sop/commit_navigation_playbook.md | docs/02_enterprise_architecture/01_global_architecture_diagram/full_project_tree_en.md | docs/02_enterprise_architecture/01_global_architecture_diagram/full_project_tree_zh.md | docs/02_enterprise_architecture/02_domain_architecture_docs/18_d_gov_code_quality.md | docs/02_enterprise_architecture/02_domain_architecture_docs/51_d_gov_enforcement.md | docs/02_enterprise_architecture/02_domain_architecture_docs/_zoomable_html/51_d_gov_enforcement.html | src/zephyr/gov_enforcement/commit_gates/secret_hardcode_gate.py | src/zephyr/gov_enforcement/commit_gates/secret_registry_consistency_gate.py | tmp/ec1_enq2.txt | tmp/ec1_enqueue_out.txt | tests/governance/commit_gates/test_secret_hardcode_gate.py | tests/governance/commit_gates/test_secret_registry_consistency_gate.py,有触发,"SECRET-REGISTRY-CONSISTENCY: SECRET-REGISTRY-CONSISTENCY（CommitGate, priority=12",active,commit-gate,2088,0,3,0,0,0,1163,589,0,23,2091,
SESSION-REQUIRED,1456,807,77,".openclaw-attachments/20260914-230352-0a22a1bb-246-pasted_text_20260914-230352.txt | .trae/documents/_arch_issue_full_backup.yaml | .trae/documents/capability-lookup-bypass-remaining-implementation.md | .trae/documents/complete_decision_index_split_merge.md | .trae/documents/plan_worktree_required_gate.md | .workbuddy/memory/2026-10-02.md | .workbuddy/memory/2026-10-03.md | data/databases/backups/depgraph_backup_20260721_220004.sql | data/databases/backups/depgraph_backup_20260814_aigit001_taskboard.sql | data/databases/backups/depgraph_backup_20260817_ai00close.sql | data/databases/backups/depgraph_backup_20260821_p06.sql | data/databases/backups/depgraph_backup_AI-DGR-001_20260817.sql | docs/01_policies_and_standards/_registry/catalogs/architecture_issue_registry.yaml | docs/01_policies_and_standards/_registry/catalogs/capability_canonical_file_registry.yaml | docs/01_policies_and_standards/_registry/catalogs/in_process_gate_registry.yaml | docs/01_policies_and_standards/_registry/catalogs/module_translation_registry.yaml | docs/01_policies_and_standards/_registry/reports/gate_face_reconciliation.md | docs/01_policies_and_standards/_registry/reports/gate_face_reconciliation.yaml | docs/01_policies_and_standards/rules/trae_048_ops_vibe_coding_session.yaml | docs/01_policies_and_standards/sop/construction_sop/lane_construction_discipline_policy.md | docs/01_policies_and_standards/sop/governance_sop/agent_constitution_legacy_v1.md | docs/01_policies_and_standards/sop/governance_sop/commit_guide_sources/death_cases_registry.yaml | docs/01_policies_and_standards/sop/governance_sop/commit_guide_sources/file_type_checklists_registry.yaml | docs/01_policies_and_standards/sop/governance_sop/commit_guide_sources/gate_digest_registry.yaml | docs/01_policies_and_standards/sop/governance_sop/commit_navigation_playbook.md | docs/02_enterprise_architecture/01_global_architecture_diagram/full_project_tree_en.md | docs/02_enterprise_architecture/01_global_architecture_diagram/full_project_tree_zh.md | docs/02_enterprise_architecture/02_domain_architecture_docs/18_d_gov_code_quality.md | docs/02_enterprise_architecture/02_domain_architecture_docs/47_d_governance.md | docs/02_enterprise_architecture/02_domain_architecture_docs/51_d_gov_enforcement.md | docs/02_enterprise_architecture/02_domain_architecture_docs/54_d_gov_scripts.md | docs/02_enterprise_architecture/02_domain_architecture_docs/_zoomable_html/51_d_gov_enforcement.html | docs/03_modules/_domain_gov_enforcement/algo_flow/commit_gates/s/session_required_gate.yaml | docs/_archive/ruling_100pct_ai_governance_hardening.md | docs/_archive/ruling_session_worktree_heartbeat.md | scripts/commit_queue.py | scripts/git_commit.py | scripts/governance/commit_perf_report.py | scripts/governance/commit_queue_landing.py | scripts/governance/enqueue_preflight.py ...(+37 more, full list in f3_consumer_detail.csv)",有触发,"SESSION-REQUIRED: SESSION-REQUIRED（CommitGate, priority=31）",active,commit-gate,627,0,25,804,0,0,1406,1295,0,63,1456,
SNAPSHOT-DRIFT,2088,569,22,data/databases/backups/depgraph_backup_20260721_220004.sql | data/databases/backups/depgraph_backup_20260814_aigit001_taskboard.sql | data/databases/backups/depgraph_backup_20260817_ai00close.sql | data/databases/backups/depgraph_backup_20260821_p06.sql | data/databases/backups/depgraph_backup_AI-DGR-001_20260817.sql | docs/01_policies_and_standards/_registry/catalogs/capability_canonical_file_registry.yaml | docs/01_policies_and_standards/_registry/catalogs/fail_open_register.yaml | docs/01_policies_and_standards/_registry/catalogs/governance_convergence_map.yaml | docs/01_policies_and_standards/_registry/catalogs/in_process_gate_registry.yaml | docs/01_policies_and_standards/_registry/catalogs/noqa_exempt_registry.yaml | docs/01_policies_and_standards/_registry/reports/gate_face_reconciliation.md | docs/01_policies_and_standards/_registry/reports/gate_face_reconciliation.yaml | docs/01_policies_and_standards/sop/governance_sop/commit_guide_sources/file_type_checklists_registry.yaml | docs/01_policies_and_standards/sop/governance_sop/commit_guide_sources/gate_digest_registry.yaml | docs/01_policies_and_standards/sop/governance_sop/commit_navigation_playbook.md | docs/02_enterprise_architecture/02_domain_architecture_docs/18_d_gov_code_quality.md | docs/02_enterprise_architecture/02_domain_architecture_docs/47_d_governance.md | docs/03_modules/_domain_gov_enforcement/algo_flow/commit_gates/s/snapshot_drift_gate.yaml | docs/_archive/agents_md_slimming_test_design.md | src/zephyr/gov_enforcement/commit_gates/hot_file_base_freshness_gate.py | src/zephyr/gov_enforcement/commit_gates/snapshot_drift_gate.py | tests/governance/commit_gates/test_m21_phase3_6_gates.py,有触发,"SNAPSHOT-DRIFT: SNAPSHOT-DRIFT（CommitGate, priority=40）",active,commit-gate,2088,0,0,0,0,0,0,0,0,21,2088,
SPLIT-COORDINATION,637,569,16,docs/01_policies_and_standards/_registry/catalogs/architecture_issue_registry.yaml | docs/01_policies_and_standards/_registry/catalogs/in_process_gate_registry.yaml | docs/01_policies_and_standards/_registry/reports/gate_face_reconciliation.md | docs/01_policies_and_standards/_registry/reports/gate_face_reconciliation.yaml | docs/01_policies_and_standards/sop/governance_sop/commit_guide_sources/gate_digest_registry.yaml | docs/01_policies_and_standards/sop/governance_sop/commit_navigation_playbook.md | docs/02_enterprise_architecture/01_global_architecture_diagram/full_project_tree_en.md | docs/02_enterprise_architecture/01_global_architecture_diagram/full_project_tree_zh.md | docs/02_enterprise_architecture/02_domain_architecture_docs/18_d_gov_code_quality.md | docs/02_enterprise_architecture/02_domain_architecture_docs/54_d_gov_scripts.md | scripts/governance/split_coordination.py | src/zephyr/gov_enforcement/commit_gates/__init__.py | src/zephyr/gov_enforcement/commit_gates/split_coordination_gate.py | tests/git/test_git_commit_gateway.py | tests/governance/commit_gates/test_split_coordination_gate.py | tests/governance/rule_bridge/test_session_worktree_audit_wrapper.py,有触发,"SPLIT-COORDINATION: 拆分×编辑双重存在协议门禁（SPLIT-COORDINATION，priority=143）（CommitGate, p",active,commit-gate,634,0,3,0,0,0,0,0,0,13,637,
SSOT-REDEFINITION,2138,571,63,"data/databases/backups/depgraph_backup_20260721_220004.sql | data/databases/backups/depgraph_backup_20260814_aigit001_taskboard.sql | data/databases/backups/depgraph_backup_20260817_ai00close.sql | data/databases/backups/depgraph_backup_20260821_p06.sql | data/databases/backups/depgraph_backup_AI-DGR-001_20260817.sql | docs/01_policies_and_standards/_registry/catalogs/capability_canonical_file_registry.yaml | docs/01_policies_and_standards/_registry/catalogs/fail_open_register.yaml | docs/01_policies_and_standards/_registry/catalogs/in_process_gate_registry.yaml | docs/01_policies_and_standards/_registry/catalogs/module_translation_registry.yaml | docs/01_policies_and_standards/_registry/reports/gate_face_reconciliation.md | docs/01_policies_and_standards/_registry/reports/gate_face_reconciliation.yaml | docs/01_policies_and_standards/sop/construction_sop/lane_construction_discipline_policy.md | docs/01_policies_and_standards/sop/governance_sop/commit_guide_sources/file_type_checklists_registry.yaml | docs/01_policies_and_standards/sop/governance_sop/commit_guide_sources/gate_digest_registry.yaml | docs/01_policies_and_standards/sop/governance_sop/commit_navigation_playbook.md | docs/02_enterprise_architecture/01_global_architecture_diagram/full_project_tree_en.md | docs/02_enterprise_architecture/01_global_architecture_diagram/full_project_tree_zh.md | docs/02_enterprise_architecture/02_domain_architecture_docs/47_d_governance.md | docs/02_enterprise_architecture/02_domain_architecture_docs/51_d_gov_enforcement.md | docs/03_modules/_domain_gov_enforcement/algo_flow/commit_gates/s/ssot_redefinition_gate.yaml | logs/lane-land-code.md | scripts/ai_layer/gen_obj_r_s3_threshold_census.py | scripts/backtest/feedback_prior.py | scripts/backtest/league_judge.py | scripts/ch/import_ths_profile.py | scripts/governance/check_meta_question_audit_reconcile.py | scripts/governance/d1_structure/check_mirror_tree.py | scripts/governance/d3_metadata/inventory_blanked_canonical_fields.py | scripts/governance/d5_architecture/generators/generate_data_supply_chain_map.py | scripts/governance/d5_architecture/validators/validate_dev_delivery_map.py | scripts/governance/d5_architecture/validators/validate_strategy_card_lifecycle_map.py | scripts/governance/generate_gate_face_reconciliation.py | scripts/governance/generators/generate_skeleton_health.py | scripts/governance/meta_question/wo_b1_examloop/check_exam_loop.py | scripts/governance/meta_question/wo_b1_examloop/run_exam_loop.py | scripts/governance/meta_question/wo_intake_reconcile/generate_source_line_register.py | scripts/governance/meta_question/wo_intake_reconcile/replay_audit_to_jsonl.py | scripts/governance/next_ruling_id.py | scripts/governance/wave10/wave10_asset_base_audit.py | scripts/governance/wave1b/dead_letter_prescriptions.py ...(+23 more, full list in f3_consumer_detail.csv)",有触发,"SSOT-REDEFINITION: SSOT-REDEFINITION（CommitGate, priority=65）",active,commit-gate,2088,0,50,0,0,0,3000,1645,0,60,2138,
STASH-ACCUMULATION,2087,569,21,.trae/documents/_arch_issue_full_backup.yaml | .trae/documents/root_temp_file_enforcement_治本方案.md | data/databases/backups/depgraph_backup_20260814_aigit001_taskboard.sql | data/databases/backups/depgraph_backup_20260817_ai00close.sql | data/databases/backups/depgraph_backup_20260821_p06.sql | data/databases/backups/depgraph_backup_AI-DGR-001_20260817.sql | docs/01_policies_and_standards/_registry/catalogs/architecture_issue_registry.yaml | docs/01_policies_and_standards/_registry/catalogs/fail_open_register.yaml | docs/01_policies_and_standards/_registry/catalogs/in_process_gate_registry.yaml | docs/01_policies_and_standards/_registry/reports/gate_face_reconciliation.md | docs/01_policies_and_standards/_registry/reports/gate_face_reconciliation.yaml | docs/01_policies_and_standards/rules/trae_075_stash_lifecycle.yaml | docs/01_policies_and_standards/sop/construction_sop/construction_workflow_policy.md | docs/01_policies_and_standards/sop/governance_sop/commit_guide_sources/gate_digest_registry.yaml | docs/01_policies_and_standards/sop/governance_sop/commit_navigation_playbook.md | docs/02_enterprise_architecture/01_global_architecture_diagram/full_project_tree_en.md | docs/02_enterprise_architecture/01_global_architecture_diagram/full_project_tree_zh.md | docs/02_enterprise_architecture/02_domain_architecture_docs/51_d_gov_enforcement.md | docs/03_modules/_domain_gov_enforcement/algo_flow/commit_gates/s/stash_accumulation_gate.yaml | src/zephyr/gov_enforcement/commit_gates/stash_accumulation_gate.py | src/zephyr/gov_enforcement/commit_gates/table_name_registry_gate.py,有触发,"STASH-ACCUMULATION: STASH-ACCUMULATION（CommitGate, priority=118）",active,commit-gate,2087,0,0,0,0,0,0,0,0,21,2087,
FACTORY-MAP,14,0,17,config/strategy_production_map.yaml | docs/01_policies_and_standards/_registry/catalogs/architecture_issue_registry.yaml | docs/01_policies_and_standards/sop/governance_sop/alignment_checklist.md | docs/02_enterprise_architecture/01_global_architecture_diagram/full_project_tree_en.md | docs/02_enterprise_architecture/01_global_architecture_diagram/full_project_tree_zh.md | docs/02_enterprise_architecture/02_domain_architecture_docs/18_d_gov_code_quality.md | scripts/governance/d5_architecture/validators/validate_construction_steps.py | scripts/governance/d5_architecture/validators/validate_strategy_production_map.py | scripts/governance/generators/generate_gate_registry.py | src/zephyr/ai_layer/redline/negative_list_gates.py | src/zephyr/gov_enforcement/commit_gates/__init__.py | src/zephyr/gov_enforcement/commit_gates/industry_chain_map_gate.py | src/zephyr/gov_enforcement/commit_gates/panorama_alignment_gate.py | src/zephyr/gov_enforcement/commit_gates/resource_schedule_gate.py | src/zephyr/gov_enforcement/commit_gates/split_coordination_gate.py | src/zephyr/gov_enforcement/commit_gates/strategy_factory_map_gate.py | tests/governance/commit_gates/test_strategy_factory_map_gate.py,有触发,FACTORY-MAP: 策略生产图对齐（已合并至 MAP-ALIGNMENT，st-gslim-20260923 P4）,deprecated,manual,13,0,1,0,0,0,40,0,0,16,14,
SYNTAX-VALIDATION,1542,569,17,.openclaw-attachments/20260914-141342-bf9814a2-9a7-pasted_text_20260914-141342.txt | .openclaw-attachments/20260914-141353-9004101e-ad2-pasted_text_20260914-141353.txt | docs/01_policies_and_standards/_registry/catalogs/in_process_gate_registry.yaml | docs/01_policies_and_standards/_registry/catalogs/noqa_exempt_registry.yaml | docs/01_policies_and_standards/_registry/reports/gate_face_reconciliation.md | docs/01_policies_and_standards/_registry/reports/gate_face_reconciliation.yaml | docs/01_policies_and_standards/sop/governance_sop/commit_guide_sources/file_type_checklists_registry.yaml | docs/01_policies_and_standards/sop/governance_sop/commit_guide_sources/gate_digest_registry.yaml | docs/01_policies_and_standards/sop/governance_sop/commit_navigation_playbook.md | docs/02_enterprise_architecture/01_global_architecture_diagram/full_project_tree_en.md | docs/02_enterprise_architecture/01_global_architecture_diagram/full_project_tree_zh.md | docs/02_enterprise_architecture/02_domain_architecture_docs/18_d_gov_code_quality.md | docs/03_modules/_domain_gov_enforcement/algo_flow/commit_gates/s/syntax_validation_gate.yaml | src/zephyr/gov_enforcement/commit_gates/__init__.py | src/zephyr/gov_enforcement/commit_gates/syntax_validation_gate.py | tests/governance/commit_gates/test_syntax_validation_gate.py | tests/governance/test_error_code_consistency.py,有触发,"SYNTAX-VALIDATION: SYNTAX-VALIDATION（CommitGate, priority=49）",active,commit-gate,1533,0,9,0,0,0,263,210,0,15,1542,
TABLE-NAME-REGISTRY,1634,585,68,".openclaw-attachments/20260914-150801-204e5e79-304-pasted_text_20260914-150801.txt | .openclaw-attachments/20260914-192355-89492f1c-1a6-pasted_text_20260914-192355.txt | .openclaw-attachments/20260914-230850-9295947f-009-pasted_text_20260914-230850.txt | .trae/documents/_arch_issue_full_backup.yaml | .workbuddy/memory/2026-09-14.md | .workbuddy/memory/2026-09-15.md | data/databases/backups/depgraph_backup_20260814_aigit001_taskboard.sql | data/databases/backups/depgraph_backup_20260817_ai00close.sql | data/databases/backups/depgraph_backup_20260821_p06.sql | data/databases/backups/depgraph_backup_AI-DGR-001_20260817.sql | docs/01_policies_and_standards/_registry/catalogs/architecture_issue_registry.yaml | docs/01_policies_and_standards/_registry/catalogs/in_process_gate_registry.yaml | docs/01_policies_and_standards/_registry/catalogs/module_translation_registry.yaml | docs/01_policies_and_standards/_registry/catalogs/noqa_exempt_registry.yaml | docs/01_policies_and_standards/_registry/reports/gate_face_reconciliation.md | docs/01_policies_and_standards/_registry/reports/gate_face_reconciliation.yaml | docs/01_policies_and_standards/sop/construction_sop/lane_construction_discipline_policy.md | docs/01_policies_and_standards/sop/governance_sop/commit_guide_sources/file_type_checklists_registry.yaml | docs/01_policies_and_standards/sop/governance_sop/commit_guide_sources/gate_digest_registry.yaml | docs/01_policies_and_standards/sop/governance_sop/commit_navigation_playbook.md | docs/02_enterprise_architecture/01_global_architecture_diagram/full_project_tree_en.md | docs/02_enterprise_architecture/01_global_architecture_diagram/full_project_tree_zh.md | docs/02_enterprise_architecture/02_domain_architecture_docs/10_d_data.md | docs/02_enterprise_architecture/02_domain_architecture_docs/18_d_gov_code_quality.md | docs/02_enterprise_architecture/02_domain_architecture_docs/47_d_governance.md | docs/02_enterprise_architecture/02_domain_architecture_docs/51_d_gov_enforcement.md | docs/02_enterprise_architecture/02_domain_architecture_docs/_zoomable_html/18_d_gov_code_quality.html | docs/02_enterprise_architecture/02_domain_architecture_docs/_zoomable_html/47_d_governance.html | docs/03_modules/_cross_layer/database/business_data_categories.yaml | docs/03_modules/_domain_gov_enforcement/algo_flow/commit_gates/t/table_name_registry_gate.yaml | logs/lane-land-code.md | schemas/categories/meta/meta_stock_profile_ths.py | scripts/audit/t0_gpu_condition_pack.py | scripts/backtest/crisis_drill_monthly.py | scripts/backtest/f06_e4_wfa_exam.py | scripts/backtest/factory_grid_executor.py | scripts/backtest/sim_daily_runner.py | scripts/backtest/translated/_c4_engine.py | scripts/ch/apply_cross_asset_ddl.py | scripts/ch/apply_market_tables_ddl.py ...(+28 more, full list in f3_consumer_detail.csv)",有触发,"TABLE-NAME-REGISTRY: TABLE-NAME-REGISTRY（CommitGate, priority=120）",active,commit-gate,1523,0,23,88,0,0,988,532,0,64,1634,
TAKEOVER-PENDING,32,32,17,.workbuddy/memory/2026-10-02.md | .workbuddy/memory/2026-10-03.md | docs/01_policies_and_standards/_registry/catalogs/capability_canonical_file_registry.yaml | docs/01_policies_and_standards/_registry/catalogs/in_process_gate_registry.yaml | docs/01_policies_and_standards/_registry/catalogs/module_translation_registry.yaml | docs/01_policies_and_standards/_registry/catalogs/ruling_registry.yaml | docs/01_policies_and_standards/sop/governance_sop/commit_guide_sources/gate_digest_registry.yaml | docs/01_policies_and_standards/sop/governance_sop/commit_navigation_playbook.md | docs/02_enterprise_architecture/02_domain_architecture_docs/07_d_shared.md | docs/02_enterprise_architecture/02_domain_architecture_docs/18_d_gov_code_quality.md | docs/02_enterprise_architecture/02_domain_architecture_docs/51_d_gov_enforcement.md | docs/02_enterprise_architecture/02_domain_architecture_docs/54_d_gov_scripts.md | docs/02_enterprise_architecture/02_domain_architecture_docs/_zoomable_html/18_d_gov_code_quality.html | src/zephyr/gov_enforcement/commit_gates/__init__.py | src/zephyr/gov_enforcement/commit_gates/takeover_pending_gate.py | src/zephyr/security/access_control/session_concurrency.py | tests/governance/test_session_takeover_ledger.py,有触发,"TAKEOVER-PENDING: TAKEOVER-PENDING（CommitGate, priority=160）",active,commit-gate,28,0,4,0,0,0,48,48,0,16,32,
TEST-RESIDUE-SSOT,2088,569,26,.trae/documents/_arch_issue_full_backup.yaml | config/construction_workflow_map.yaml | data/databases/backups/depgraph_backup_20260814_aigit001_taskboard.sql | data/databases/backups/depgraph_backup_20260817_ai00close.sql | data/databases/backups/depgraph_backup_20260821_p06.sql | data/databases/backups/depgraph_backup_AI-DGR-001_20260817.sql | docs/01_policies_and_standards/_registry/catalogs/architecture_issue_registry.yaml | docs/01_policies_and_standards/_registry/catalogs/capability_canonical_file_registry.yaml | docs/01_policies_and_standards/_registry/catalogs/fail_open_register.yaml | docs/01_policies_and_standards/_registry/catalogs/in_process_gate_registry.yaml | docs/01_policies_and_standards/_registry/catalogs/module_translation_registry.yaml | docs/01_policies_and_standards/_registry/reports/gate_face_reconciliation.md | docs/01_policies_and_standards/_registry/reports/gate_face_reconciliation.yaml | docs/01_policies_and_standards/sop/construction_sop/construction_workflow_policy.md | docs/01_policies_and_standards/sop/governance_sop/commit_guide_sources/gate_digest_registry.yaml | docs/01_policies_and_standards/sop/governance_sop/commit_navigation_playbook.md | docs/02_enterprise_architecture/01_global_architecture_diagram/full_project_tree_en.md | docs/02_enterprise_architecture/01_global_architecture_diagram/full_project_tree_zh.md | docs/02_enterprise_architecture/02_domain_architecture_docs/18_d_gov_code_quality.md | docs/02_enterprise_architecture/02_domain_architecture_docs/51_d_gov_enforcement.md | docs/02_enterprise_architecture/02_domain_architecture_docs/_zoomable_html/18_d_gov_code_quality.html | tmp/ec1_enq2.txt | tmp/ec1_enqueue_out.txt | docs/03_modules/_domain_gov_enforcement/algo_flow/commit_gates/t/test_residue_ssot_gate.yaml | src/zephyr/gov_enforcement/commit_gates/test_residue_ssot_gate.py | tests/governance/commit_gates/test_test_residue_ssot_gate.py,有触发,"TEST-RESIDUE-SSOT: TEST-RESIDUE-SSOT（CommitGate, priority=56）",active,commit-gate,2088,0,0,0,0,0,1104,563,0,23,2088,
TEST-SOURCE-CONSISTENCY,2118,574,110,".trae/documents/_arch_issue_full_backup.yaml | .workbuddy/memory/2026-09-14.md | config/construction_workflow_map.yaml | data/databases/backups/depgraph_backup_20260721_220004.sql | data/databases/backups/depgraph_backup_20260814_aigit001_taskboard.sql | data/databases/backups/depgraph_backup_20260817_ai00close.sql | data/databases/backups/depgraph_backup_20260821_p06.sql | data/databases/backups/depgraph_backup_AI-DGR-001_20260817.sql | docs/01_policies_and_standards/_registry/catalogs/architecture_issue_registry.yaml | docs/01_policies_and_standards/_registry/catalogs/capability_canonical_file_registry.yaml | docs/01_policies_and_standards/_registry/catalogs/in_process_gate_registry.yaml | docs/01_policies_and_standards/_registry/catalogs/module_translation_registry.yaml | docs/01_policies_and_standards/_registry/reports/gate_face_reconciliation.md | docs/01_policies_and_standards/_registry/reports/gate_face_reconciliation.yaml | docs/01_policies_and_standards/rules/trae_072_cross_commit_atomicity.yaml | docs/01_policies_and_standards/sop/construction_sop/construction_workflow_policy.md | docs/01_policies_and_standards/sop/governance_sop/agent_constitution_legacy_v1.md | docs/01_policies_and_standards/sop/governance_sop/commit_guide_sources/file_type_checklists_registry.yaml | docs/01_policies_and_standards/sop/governance_sop/commit_guide_sources/gate_digest_registry.yaml | docs/01_policies_and_standards/sop/governance_sop/commit_navigation_playbook.md | docs/02_enterprise_architecture/01_global_architecture_diagram/full_project_tree_en.md | docs/02_enterprise_architecture/01_global_architecture_diagram/full_project_tree_zh.md | docs/02_enterprise_architecture/02_domain_architecture_docs/18_d_gov_code_quality.md | docs/02_enterprise_architecture/02_domain_architecture_docs/51_d_gov_enforcement.md | docs/02_enterprise_architecture/02_domain_architecture_docs/_zoomable_html/51_d_gov_enforcement.html | docs/03_modules/_cross_layer/gate_engine/blueprint.md | docs/03_modules/_domain_governance/alignment_loop/blueprint.md | docs/_archive/architecture_debt_registry_v2.md | docs/_archive/ruling_100pct_ai_governance_hardening.md | logs/lane-land-code.md | scripts/governance/wave1b/dead_letter_prescriptions.py | src/zephyr/data/__init__.py | src/zephyr/feedback_loop/__init__.py | src/zephyr/gov_enforcement/commit_gates/capability_consistency_gate.py | src/zephyr/gov_enforcement/commit_gates/no_import_side_effect_gate.py | src/zephyr/gov_enforcement/commit_gates/scripts_import_integrity_gate.py | src/zephyr/gov_enforcement/rule_bridge/commit_preflight.py | src/zephyr/gov_enforcement/rule_bridge/session_worktree.py | src/zephyr/governance/persistence/__init__.py | tmp/ec1_enq2.txt ...(+70 more, full list in f3_consumer_detail.csv)",有触发,"TEST-SOURCE-CONSISTENCY: TEST-SOURCE-CONSISTENCY（CommitGate, priority=102）",active,commit-gate,2088,0,15,15,0,0,11605,5350,0,93,2118,
META-TESTS-COVERAGE,809,569,47,".trae/documents/_arch_issue_full_backup.yaml | data/databases/backups/depgraph_backup_20260721_220004.sql | data/databases/backups/depgraph_backup_20260814_aigit001_taskboard.sql | data/databases/backups/depgraph_backup_20260817_ai00close.sql | data/databases/backups/depgraph_backup_20260821_p06.sql | data/databases/backups/depgraph_backup_AI-DGR-001_20260817.sql | docs/01_policies_and_standards/_registry/catalogs/architecture_issue_registry.yaml | docs/01_policies_and_standards/_registry/catalogs/capability_canonical_file_registry.yaml | docs/01_policies_and_standards/_registry/catalogs/fail_open_register.yaml | docs/01_policies_and_standards/_registry/catalogs/in_process_gate_registry.yaml | docs/01_policies_and_standards/_registry/catalogs/module_translation_registry.yaml | docs/01_policies_and_standards/_registry/reports/gate_face_reconciliation.md | docs/01_policies_and_standards/_registry/reports/gate_face_reconciliation.yaml | docs/01_policies_and_standards/rules/trae_012_code_test_security.yaml | docs/01_policies_and_standards/sop/governance_sop/commit_guide_sources/file_type_checklists_registry.yaml | docs/01_policies_and_standards/sop/governance_sop/commit_guide_sources/gate_digest_registry.yaml | docs/01_policies_and_standards/sop/governance_sop/commit_navigation_playbook.md | docs/02_enterprise_architecture/01_global_architecture_diagram/full_project_tree_en.md | docs/02_enterprise_architecture/01_global_architecture_diagram/full_project_tree_zh.md | docs/02_enterprise_architecture/02_domain_architecture_docs/18_d_gov_code_quality.md | docs/02_enterprise_architecture/02_domain_architecture_docs/47_d_governance.md | docs/02_enterprise_architecture/02_domain_architecture_docs/51_d_gov_enforcement.md | docs/02_enterprise_architecture/02_domain_architecture_docs/_zoomable_html/47_d_governance.html | docs/03_modules/_cross_layer/gate_engine/blueprint.md | docs/03_modules/_domain_gov_enforcement/algo_flow/commit_gates/t/tests_coverage_gate.yaml | docs/_archive/05_intelligence_governance_consolidation.md | docs/_archive/architecture_debt_registry_v2.md | src/zephyr/gov_enforcement/commit_gates/depgraph_write_path_gate.py | src/zephyr/gov_enforcement/commit_gates/hardcoded_url_gate.py | src/zephyr/gov_enforcement/commit_gates/tests_coverage_gate.py | tmp/ec1_enq2.txt | tmp/ec1_enq3.txt | tmp/ec1_enq4.txt | tmp/ec1_enqueue_out.txt | tmp/runtime_backups/runtime_handoffs_20260929_031839/handoffs/handoff_st-nightsweep-sw11-20260929.json | tmp/runtime_backups/runtime_handoffs_20260929_032232/handoffs/handoff_st-nightsweep-sw11-20260929.json | tmp/runtime_backups/runtime_handoffs_20260929_053410/handoffs/handoff_st-nightsweep-sw11-20260929.json | tmp/runtime_backups/runtime_handoffs_20260929_143706/handoffs/handoff_st-nightsweep-sw11-20260929.json | tmp/runtime_backups/runtime_handoffs_20260929_150313/handoffs/handoff_st-nightsweep-sw11-20260929.json | tmp/runtime_backups/runtime_handoffs_20260929_152237/handoffs/handoff_st-nightsweep-sw11-20260929.json ...(+7 more, full list in f3_consumer_detail.csv)",有触发,"META-TESTS-COVERAGE: META-TESTS-COVERAGE（CommitGate, priority=99）",active,commit-gate,809,716,0,0,0,0,0,0,0,44,809,
TRANSLATION-COVERAGE,2244,684,110,".pre-commit-config.yaml | .trae/documents/_arch_issue_full_backup.yaml | .workbuddy/memory/2026-10-02.md | .workbuddy/memory/2026-10-03.md | AGENTS.md | data/databases/backups/depgraph_backup_20260814_aigit001_taskboard.sql | data/databases/backups/depgraph_backup_20260817_ai00close.sql | data/databases/backups/depgraph_backup_20260821_p06.sql | data/databases/backups/depgraph_backup_AI-DGR-001_20260817.sql | docs/01_policies_and_standards/_registry/catalogs/architecture_issue_registry.yaml | docs/01_policies_and_standards/_registry/catalogs/capability_canonical_file_registry.yaml | docs/01_policies_and_standards/_registry/catalogs/fail_open_register.yaml | docs/01_policies_and_standards/_registry/catalogs/in_process_gate_registry.yaml | docs/01_policies_and_standards/_registry/catalogs/module_translation_registry.yaml | docs/01_policies_and_standards/_registry/reports/gate_face_reconciliation.md | docs/01_policies_and_standards/_registry/reports/gate_face_reconciliation.yaml | docs/01_policies_and_standards/sop/audit_prompts_20_ai.md | docs/01_policies_and_standards/sop/construction_sop/lane_construction_discipline_policy.md | docs/01_policies_and_standards/sop/governance_sop/agent_constitution_l0.md | docs/01_policies_and_standards/sop/governance_sop/agent_constitution_legacy_v1.md | docs/01_policies_and_standards/sop/governance_sop/commit_guide_sources/death_cases_registry.yaml | docs/01_policies_and_standards/sop/governance_sop/commit_guide_sources/file_type_checklists_registry.yaml | docs/01_policies_and_standards/sop/governance_sop/commit_guide_sources/gate_digest_registry.yaml | docs/01_policies_and_standards/sop/governance_sop/commit_navigation_playbook.md | docs/01_policies_and_standards/sop/library_sop/blood_flesh_cataloging_sop.md | docs/02_enterprise_architecture/01_global_architecture_diagram/full_project_tree_en.md | docs/02_enterprise_architecture/01_global_architecture_diagram/full_project_tree_zh.md | docs/02_enterprise_architecture/02_domain_architecture_docs/18_d_gov_code_quality.md | docs/02_enterprise_architecture/02_domain_architecture_docs/39_d_data_scripts.md | docs/02_enterprise_architecture/02_domain_architecture_docs/47_d_governance.md | docs/02_enterprise_architecture/02_domain_architecture_docs/51_d_gov_enforcement.md | docs/02_enterprise_architecture/02_domain_architecture_docs/54_d_gov_scripts.md | docs/02_enterprise_architecture/02_domain_architecture_docs/_zoomable_html/51_d_gov_enforcement.html | docs/02_enterprise_architecture/04_architecture_principles_decisions/panorama/visualization_view_template.md | docs/02_enterprise_architecture/08_algorithm_overview/system_foundation.md | docs/03_modules/_domain_gov_enforcement/algo_flow/commit_gates/l/library_blood_flesh_gate.yaml | docs/03_modules/_domain_gov_enforcement/algo_flow/commit_gates/t/translation_coverage_gate.yaml | logs/lane-land-code.md | scripts/commit_queue.py | scripts/git_commit.py ...(+70 more, full list in f3_consumer_detail.csv)",有触发,"TRANSLATION-COVERAGE: TRANSLATION-COVERAGE（CommitGate, priority=59）",active,commit-gate,2088,0,24,132,0,0,19688,12655,0,102,2244,
TTL-METADATA,1897,201,61,".openclaw-attachments/20260914-222449-a8101d0b-a15-pasted_text_20260914-222449.txt | .trae/documents/P3_closure_gate_fixes.md | .trae/documents/P3_merge_conflict_resolution.md | .trae/documents/_arch_issue_full_backup.yaml | .workbuddy/memory/2026-09-11.md | .workbuddy/memory/2026-09-12.md | config/construction_workflow_map.yaml | data/databases/backups/depgraph_backup_20260721_220004.sql | data/databases/backups/depgraph_backup_20260814_aigit001_taskboard.sql | data/databases/backups/depgraph_backup_20260817_ai00close.sql | data/databases/backups/depgraph_backup_20260821_p06.sql | data/databases/backups/depgraph_backup_AI-DGR-001_20260817.sql | docs/01_policies_and_standards/_registry/catalogs/architecture_issue_registry.yaml | docs/01_policies_and_standards/_registry/catalogs/capability_canonical_file_registry.yaml | docs/01_policies_and_standards/_registry/catalogs/in_process_gate_registry.yaml | docs/01_policies_and_standards/_registry/catalogs/risk_tier_registry.yaml | docs/01_policies_and_standards/_registry/reports/gate_face_reconciliation.md | docs/01_policies_and_standards/_registry/reports/gate_face_reconciliation.yaml | docs/01_policies_and_standards/_registry/vocabularies/ttl_vocabulary.yaml | docs/01_policies_and_standards/rules/trae_043_meta_rule_metadata.yaml | docs/01_policies_and_standards/sop/audit_prompts_20_ai.md | docs/01_policies_and_standards/sop/construction_sop/construction_workflow_policy.md | docs/01_policies_and_standards/sop/construction_sop/lane_construction_discipline_policy.md | docs/01_policies_and_standards/sop/governance_sop/agent_constitution_legacy_v1.md | docs/01_policies_and_standards/sop/governance_sop/commit_guide_sources/death_cases_registry.yaml | docs/01_policies_and_standards/sop/governance_sop/commit_guide_sources/file_type_checklists_registry.yaml | docs/01_policies_and_standards/sop/governance_sop/commit_guide_sources/gate_digest_registry.yaml | docs/01_policies_and_standards/sop/governance_sop/commit_navigation_playbook.md | docs/02_enterprise_architecture/02_domain_architecture_docs/47_d_governance.md | docs/03_modules/_cross_layer/gate_engine/blueprint.md | docs/03_modules/_domain_gov_enforcement/algo_flow/commit_gates/t/ttl_gate.yaml | docs/_archive/05_intelligence_governance_consolidation.md | docs/_archive/ruling_100pct_ai_governance_hardening.md | scripts/commit_queue.py | scripts/governance/_shared/frontmatter.py | scripts/governance/commit_queue_landing.py | scripts/governance/d3_metadata/check_frontmatter_metadata.py | scripts/governance/d5_architecture/generators/generate_battle_map_diagram.py | scripts/governance/d5_architecture/generators/report_algo_flow_author_debt.py | scripts/governance/generators/generate_gate_registry.py ...(+21 more, full list in f3_consumer_detail.csv)",有触发,TTL-METADATA: TTL 元数据硬阻断（已合并至 DOC-HEADER-SUITE，st-commitspeed-pkg8-20260925 T8簇2,deprecated,manual,1676,0,35,186,0,0,4582,2623,0,50,1897,
UNDEFINED-NAME,2094,569,47,".pre-commit-config.yaml | .trae/documents/_arch_issue_full_backup.yaml | data/databases/backups/depgraph_backup_20260721_220004.sql | data/databases/backups/depgraph_backup_20260814_aigit001_taskboard.sql | data/databases/backups/depgraph_backup_20260817_ai00close.sql | data/databases/backups/depgraph_backup_20260821_p06.sql | data/databases/backups/depgraph_backup_AI-DGR-001_20260817.sql | docs/01_policies_and_standards/_registry/catalogs/architecture_issue_registry.yaml | docs/01_policies_and_standards/_registry/catalogs/capability_canonical_file_registry.yaml | docs/01_policies_and_standards/_registry/catalogs/in_process_gate_registry.yaml | docs/01_policies_and_standards/_registry/catalogs/module_translation_registry.yaml | docs/01_policies_and_standards/_registry/reports/gate_face_reconciliation.md | docs/01_policies_and_standards/_registry/reports/gate_face_reconciliation.yaml | docs/01_policies_and_standards/rules/trae_006_anti_hallucination_structure.yaml | docs/01_policies_and_standards/rules/trae_039_ai_hallucination_detection.yaml | docs/01_policies_and_standards/rules/trae_072_cross_commit_atomicity.yaml | docs/01_policies_and_standards/sop/governance_sop/commit_guide_sources/file_type_checklists_registry.yaml | docs/01_policies_and_standards/sop/governance_sop/commit_guide_sources/gate_digest_registry.yaml | docs/01_policies_and_standards/sop/governance_sop/commit_navigation_playbook.md | docs/02_enterprise_architecture/01_global_architecture_diagram/full_project_tree_en.md | docs/02_enterprise_architecture/01_global_architecture_diagram/full_project_tree_zh.md | docs/02_enterprise_architecture/02_domain_architecture_docs/18_d_gov_code_quality.md | docs/02_enterprise_architecture/02_domain_architecture_docs/26_d_security.md | docs/02_enterprise_architecture/02_domain_architecture_docs/48_d_gov_audit.md | docs/02_enterprise_architecture/02_domain_architecture_docs/51_d_gov_enforcement.md | docs/02_enterprise_architecture/02_domain_architecture_docs/_zoomable_html/18_d_gov_code_quality.html | docs/02_enterprise_architecture/02_domain_architecture_docs/_zoomable_html/51_d_gov_enforcement.html | docs/03_modules/_domain_gov_enforcement/algo_flow/commit_gates/u/undefined_name_gate.yaml | docs/_archive/ruling_100pct_ai_governance_hardening.md | scripts/governance/generators/generate_gate_registry.py | scripts/governance/generators/generate_rule_ai_perception_index.py | scripts/governance/wave1b/dead_letter_prescriptions.py | src/zephyr/gov_enforcement/commit_gates/capability_lookup_required_gate.py | src/zephyr/gov_enforcement/commit_gates/import_integrity_gate.py | src/zephyr/gov_enforcement/commit_gates/registry_code_anchor_gate.py | src/zephyr/gov_enforcement/commit_gates/undefined_name_gate.py | src/zephyr/gov_enforcement/rule_bridge/gate_cache_preflight.py | src/zephyr/gov_enforcement/rule_bridge/git_commit_gateway.py | src/zephyr/governance/audit/reconciliation_registry.py | tmp/ec1_enq2.txt ...(+7 more, full list in f3_consumer_detail.csv)",有触发,"UNDEFINED-NAME: UNDEFINED-NAME（CommitGate, priority=106）",active,commit-gate,2088,1396,6,0,0,0,4487,870,0,45,2094,
UNSAFE-DICT-SPREAD,2088,569,30,data/databases/backups/depgraph_backup_20260721_220004.sql | data/databases/backups/depgraph_backup_20260814_aigit001_taskboard.sql | data/databases/backups/depgraph_backup_20260817_ai00close.sql | data/databases/backups/depgraph_backup_20260821_p06.sql | data/databases/backups/depgraph_backup_AI-DGR-001_20260817.sql | docs/01_policies_and_standards/_registry/catalogs/capability_canonical_file_registry.yaml | docs/01_policies_and_standards/_registry/catalogs/in_process_gate_registry.yaml | docs/01_policies_and_standards/_registry/reports/gate_face_reconciliation.md | docs/01_policies_and_standards/_registry/reports/gate_face_reconciliation.yaml | docs/01_policies_and_standards/sop/governance_sop/agent_constitution_legacy_v1.md | docs/01_policies_and_standards/sop/governance_sop/commit_guide_sources/gate_digest_registry.yaml | docs/01_policies_and_standards/sop/governance_sop/commit_navigation_playbook.md | docs/02_enterprise_architecture/01_global_architecture_diagram/full_project_tree_en.md | docs/02_enterprise_architecture/01_global_architecture_diagram/full_project_tree_zh.md | docs/02_enterprise_architecture/02_domain_architecture_docs/51_d_gov_enforcement.md | docs/03_modules/_domain_gov_enforcement/algo_flow/commit_gates/u/unsafe_dict_spread_gate.yaml | docs/_archive/architecture_debt_registry_v2.md | docs/_archive/ruling_100pct_ai_governance_hardening.md | src/zephyr/gov_enforcement/commit_gates/depgraph_freshness_gate.py | src/zephyr/gov_enforcement/commit_gates/domain_name_zh_direct_access_gate.py | src/zephyr/gov_enforcement/commit_gates/reconciler_health_gate.py | src/zephyr/gov_enforcement/commit_gates/unsafe_dict_spread_gate.py | src/zephyr/gov_enforcement/rule_bridge/gate_cache_preflight.py | tmp/ec1_enq2.txt | tmp/ec1_enq3.txt | tmp/ec1_enq4.txt | tmp/ec1_enqueue_out.txt | tests/governance/commit_gates/test_own_scope_promoted_gates.py | tests/governance/commit_gates/test_unsafe_dict_spread_gate.py | tests/governance/test_gate_replay_harness.py,有触发,"UNSAFE-DICT-SPREAD: UNSAFE-DICT-SPREAD（CommitGate, priority=66）",active,commit-gate,2088,1472,0,0,0,0,4821,692,0,27,2088,
VOCAB-CHAIN,1064,0,34,data/databases/backups/depgraph_backup_20260721_220004.sql | data/databases/backups/depgraph_backup_20260814_aigit001_taskboard.sql | data/databases/backups/depgraph_backup_20260817_ai00close.sql | data/databases/backups/depgraph_backup_20260821_p06.sql | data/databases/backups/depgraph_backup_AI-DGR-001_20260817.sql | docs/01_policies_and_standards/_registry/catalogs/capability_canonical_file_registry.yaml | docs/01_policies_and_standards/_registry/catalogs/fail_open_register.yaml | docs/01_policies_and_standards/_registry/catalogs/governance_convergence_map.yaml | docs/01_policies_and_standards/_registry/catalogs/noqa_exempt_registry.yaml | docs/01_policies_and_standards/sop/governance_sop/commit_guide_sources/gate_digest_registry.yaml | docs/01_policies_and_standards/sop/governance_sop/commit_navigation_playbook.md | docs/02_enterprise_architecture/02_domain_architecture_docs/18_d_gov_code_quality.md | docs/02_enterprise_architecture/02_domain_architecture_docs/47_d_governance.md | docs/03_modules/_domain_gov_enforcement/algo_flow/commit_gates/v/vocab_chain_gate.yaml | docs/_archive/agents_md_slimming_test_design.md | logs/lane-land-code.md | scripts/automation/flowthrough_verifier.py | scripts/backtest/sim_promotion_memo.py | scripts/governance/d5_architecture/generators/generate_trading_day_cycle_map.py | scripts/governance/d8_doc_sync/agents_cheatsheet_drift_reconciler.py | scripts/governance/d8_doc_sync/algo_flow_reverse_orphan_reconciler.py | scripts/governance/d8_doc_sync/algo_flow_translation_reconciler.py | scripts/governance/d8_doc_sync/metric_count_drift_reconciler.py | scripts/governance/generators/generate_gate_registry.py | scripts/governance/standards_governance/generate_standard_family_registry.py | src/zephyr/ai_layer/redline/no_delete_manifest.py | src/zephyr/ai_layer/switch_engine/approval_router.py | src/zephyr/factor/technical_indicator_factors/factor_bridge.py | src/zephyr/gov_enforcement/commit_gates/vocab_chain_gate.py | src/zephyr/gov_enforcement/commit_gates/vocab_hardcode_gate.py | src/zephyr/governance/audit/workspace_hygiene_reconciler.py | src/zephyr/governance/registry_ledger/baseline.py | src/zephyr/strategy_pipeline/registry_writer.py | tests/governance/commit_gates/test_m21_phase3_6_gates.py,有触发,VOCAB-CHAIN: SSoT 词表路径硬编码检测（已合并至 GATE-VOCAB，st-gslim-20260923 P4）,deprecated,manual,1054,0,10,0,0,0,1750,1089,0,33,1064,
WORKTREE-REQUIRED,1272,824,64,".pre-commit-config.yaml | .trae/documents/_arch_issue_full_backup.yaml | .trae/documents/plan_worktree_required_gate.md | .workbuddy/memory/2026-09-15.md | config/dev_delivery_map.yaml | data/databases/backups/depgraph_backup_20260814_aigit001_taskboard.sql | data/databases/backups/depgraph_backup_20260817_ai00close.sql | data/databases/backups/depgraph_backup_20260821_p06.sql | data/databases/backups/depgraph_backup_AI-DGR-001_20260817.sql | docs/01_policies_and_standards/_registry/catalogs/architecture_issue_registry.yaml | docs/01_policies_and_standards/_registry/catalogs/capability_canonical_file_registry.yaml | docs/01_policies_and_standards/_registry/catalogs/in_process_gate_registry.yaml | docs/01_policies_and_standards/_registry/catalogs/module_translation_registry.yaml | docs/01_policies_and_standards/_registry/reports/gate_face_reconciliation.md | docs/01_policies_and_standards/_registry/reports/gate_face_reconciliation.yaml | docs/01_policies_and_standards/sop/construction_sop/construction_workflow_policy.md | docs/01_policies_and_standards/sop/governance_sop/agent_constitution_legacy_v1.md | docs/01_policies_and_standards/sop/governance_sop/commit_guide_sources/file_type_checklists_registry.yaml | docs/01_policies_and_standards/sop/governance_sop/commit_guide_sources/gate_digest_registry.yaml | docs/01_policies_and_standards/sop/governance_sop/commit_navigation_playbook.md | docs/01_policies_and_standards/sop/ops_sop/merge_conflict_resolution_policy.md | docs/02_enterprise_architecture/01_global_architecture_diagram/full_project_tree_en.md | docs/02_enterprise_architecture/01_global_architecture_diagram/full_project_tree_zh.md | docs/02_enterprise_architecture/02_domain_architecture_docs/18_d_gov_code_quality.md | docs/02_enterprise_architecture/02_domain_architecture_docs/47_d_governance.md | docs/02_enterprise_architecture/02_domain_architecture_docs/51_d_gov_enforcement.md | docs/02_enterprise_architecture/02_domain_architecture_docs/54_d_gov_scripts.md | docs/02_enterprise_architecture/02_domain_architecture_docs/_zoomable_html/51_d_gov_enforcement.html | docs/03_modules/_domain_gov_enforcement/algo_flow/commit_gates/w/worktree_required_gate.yaml | docs/_archive/2026-08-26-drift-writer-adjudication.md | docs/_archive/AI_review_instructions.md | scripts/git_commit.py | scripts/governance/_archive/one_off/oneoff_commit_audit02.py | scripts/governance/commit_queue_landing.py | scripts/governance/d5_architecture/generators/generate_dev_delivery_map.py | scripts/governance/meta/gate_prerun.py | scripts/script-manifest.yaml | src/zephyr/gov_enforcement/commit_gates/syntax_validation_gate.py | src/zephyr/gov_enforcement/commit_gates/worktree_required_gate.py | src/zephyr/gov_enforcement/rule_bridge/commit_preflight.py ...(+24 more, full list in f3_consumer_detail.csv)",有触发,"WORKTREE-REQUIRED: WORKTREE-REQUIRED（CommitGate, priority=44）",active,commit-gate,631,0,85,556,0,0,0,0,33,53,1272,
ZEPHYR-ENV-DIRECT-ACCESS,2088,569,28,.trae/documents/execute_a_remaining_gates_and_registry_qa.md | .trae/documents/warn_only_to_hard_gate_batch.md | .trae/documents/warn_to_hard_gate_final_registration.md | .trae/documents/warn_to_hard_gate_finish_commit.md | data/databases/backups/depgraph_backup_20260814_aigit001_taskboard.sql | data/databases/backups/depgraph_backup_20260817_ai00close.sql | data/databases/backups/depgraph_backup_20260821_p06.sql | data/databases/backups/depgraph_backup_AI-DGR-001_20260817.sql | docs/01_policies_and_standards/_registry/catalogs/in_process_gate_registry.yaml | docs/01_policies_and_standards/_registry/catalogs/noqa_exempt_registry.yaml | docs/01_policies_and_standards/_registry/reports/gate_face_reconciliation.md | docs/01_policies_and_standards/_registry/reports/gate_face_reconciliation.yaml | docs/01_policies_and_standards/sop/governance_sop/commit_guide_sources/gate_digest_registry.yaml | docs/01_policies_and_standards/sop/governance_sop/commit_navigation_playbook.md | docs/02_enterprise_architecture/01_global_architecture_diagram/full_project_tree_en.md | docs/02_enterprise_architecture/01_global_architecture_diagram/full_project_tree_zh.md | docs/02_enterprise_architecture/02_domain_architecture_docs/18_d_gov_code_quality.md | docs/02_enterprise_architecture/02_domain_architecture_docs/51_d_gov_enforcement.md | docs/03_modules/_domain_gov_enforcement/algo_flow/commit_gates/z/zephyr_env_direct_access_gate.yaml | docs/_archive/architecture_debt_registry_v2.md | src/zephyr/ex_core/pre_execution_checker.py | src/zephyr/gov_enforcement/commit_gates/mcp_version_field_gate.py | src/zephyr/gov_enforcement/commit_gates/open_without_with_gate.py | src/zephyr/gov_enforcement/commit_gates/zephyr_env_direct_access_gate.py | tmp/ec1_enq2.txt | tmp/ec1_enqueue_out.txt | tests/governance/commit_gates/test_own_scope_promoted_gates.py | tests/governance/commit_gates/test_zephyr_env_direct_access_gate.py,有触发,"ZEPHYR-ENV-DIRECT-ACCESS: ZEPHYR-ENV-DIRECT-ACCESS（CommitGate, priority=125）",active,commit-gate,2088,0,0,0,0,0,3553,553,0,26,2088,
DANGLING-REFERENCE,536,0,28,.trae/documents/P3_leftover_todos_strategic_ruling_and_treatment_plan.md | data/databases/backups/depgraph_backup_20260721_220004.sql | data/databases/backups/depgraph_backup_20260814_aigit001_taskboard.sql | data/databases/backups/depgraph_backup_20260817_ai00close.sql | data/databases/backups/depgraph_backup_20260821_p06.sql | data/databases/backups/depgraph_backup_AI-DGR-001_20260817.sql | docs/01_policies_and_standards/_registry/catalogs/architecture_issue_registry.yaml | docs/01_policies_and_standards/_registry/catalogs/capability_canonical_file_registry.yaml | docs/01_policies_and_standards/_registry/catalogs/module_translation_registry.yaml | docs/01_policies_and_standards/_registry/catalogs/ruling_registry.yaml | docs/01_policies_and_standards/sop/governance_sop/agent_constitution_legacy_v1.md | docs/02_enterprise_architecture/01_global_architecture_diagram/full_project_tree_en.md | docs/02_enterprise_architecture/01_global_architecture_diagram/full_project_tree_zh.md | docs/02_enterprise_architecture/02_domain_architecture_docs/18_d_gov_code_quality.md | docs/02_enterprise_architecture/02_domain_architecture_docs/51_d_gov_enforcement.md | scripts/governance/generators/generate_gate_registry.py | src/zephyr/gov_enforcement/commit_gates/_reference_helpers.py | src/zephyr/gov_enforcement/commit_gates/arch_reference_gate.py | src/zephyr/gov_enforcement/commit_gates/dangling_reference_gate.py | src/zephyr/gov_enforcement/commit_gates/noqa_validation_gate.py | src/zephyr/gov_enforcement/commit_gates/pure_assertion_gate.py | src/zephyr/gov_enforcement/commit_gates/read_side/fms_ref_extractor.py | src/zephyr/gov_enforcement/commit_gates/ruling_reference_gate.py | tests/git/test_git_commit_extreme.py | tests/git/test_git_commit_gateway.py | tests/governance/commit_gates/test_dangling_reference_gate.py | tests/governance/commit_gates/test_ruling_reference_gate.py | tests/governance/rule_bridge/test_session_worktree.py,有触发,DANGLING-REFERENCE: AGENTS §X.Y 悬空引用检测（已合并至 REFERENCE-INTEGRITY，st-gslim-2026092,deprecated,manual,522,0,14,0,0,0,566,221,0,23,536,
PERM-TRIGGER,1111,0,99,".openclaw-attachments/20260914-222449-a8101d0b-a15-pasted_text_20260914-222449.txt | .trae/documents/P3_phase_a_final_completion_plan.md | .workbuddy/memory/2026-09-14.md | .workbuddy/memory/2026-09-15.md | .workbuddy/memory/2026-10-03.md | data/databases/backups/depgraph_backup_20260721_220004.sql | data/databases/backups/depgraph_backup_20260814_aigit001_taskboard.sql | data/databases/backups/depgraph_backup_20260817_ai00close.sql | data/databases/backups/depgraph_backup_20260821_p06.sql | data/databases/backups/depgraph_backup_AI-DGR-001_20260817.sql | docs/01_policies_and_standards/_registry/catalogs/architecture_issue_registry.yaml | docs/01_policies_and_standards/_registry/catalogs/capability_canonical_file_registry.yaml | docs/01_policies_and_standards/_registry/catalogs/fail_open_register.yaml | docs/01_policies_and_standards/_registry/catalogs/module_translation_registry.yaml | docs/01_policies_and_standards/_registry/catalogs/ruling_registry.yaml | docs/01_policies_and_standards/rules/trae_074_worktree_base_freshness.yaml | docs/01_policies_and_standards/sop/audit_prompts_20_ai.md | docs/01_policies_and_standards/sop/governance_sop/agent_constitution_legacy_v1.md | docs/02_enterprise_architecture/01_global_architecture_diagram/full_project_tree_en.md | docs/02_enterprise_architecture/01_global_architecture_diagram/full_project_tree_zh.md | docs/02_enterprise_architecture/02_domain_architecture_docs/10_d_data.md | docs/02_enterprise_architecture/02_domain_architecture_docs/18_d_gov_code_quality.md | docs/02_enterprise_architecture/02_domain_architecture_docs/42_d_ex_core.md | docs/02_enterprise_architecture/02_domain_architecture_docs/48_d_gov_audit.md | docs/02_enterprise_architecture/02_domain_architecture_docs/49_d_gov_docs.md | docs/02_enterprise_architecture/02_domain_architecture_docs/51_d_gov_enforcement.md | docs/02_enterprise_architecture/02_domain_architecture_docs/54_d_gov_scripts.md | docs/02_enterprise_architecture/02_domain_architecture_docs/55_d_intelligence.md | docs/02_enterprise_architecture/02_domain_architecture_docs/73_d_infrastructure.md | docs/02_enterprise_architecture/02_domain_architecture_docs/_zoomable_html/51_d_gov_enforcement.html | docs/02_enterprise_architecture/08_algorithm_overview/stages/01_research_incubation.md | docs/02_enterprise_architecture/08_algorithm_overview/stages/05_stock_selection.md | docs/03_modules/_domain_data/intraday_sentiment_loop/blueprint.md | docs/03_modules/_domain_gov_enforcement/algo_flow/commit_gates/p/perm_trigger_gate.yaml | docs/03_modules/_domain_gov_enforcement/algo_flow/takeover_pending_gate.yaml | docs/03_modules/_domain_infrastructure_operations/disaster_recovery_backup/blueprint.md | docs/_archive/ruling_runcommand_window_flash.md | logs/lane-land-code.md | scripts/backfill_etf_hfq_for_pcr.py | scripts/backtest/f06_e4_wfa_exam.py ...(+59 more, full list in f3_consumer_detail.csv)",有触发,PERM-TRIGGER: 时间触发无订阅检测（已合并至 PERMANENT-SYSTEM-TRIGGER，st-gslim-20260923 P4）,deprecated,manual,1054,0,21,36,0,0,5073,764,0,95,1111,
VOCAB-HARDCODE,1070,0,44,".github/workflows/governance.yml | .trae/documents/_arch_issue_full_backup.yaml | data/databases/backups/depgraph_backup_20260721_220004.sql | data/databases/backups/depgraph_backup_20260814_aigit001_taskboard.sql | data/databases/backups/depgraph_backup_20260817_ai00close.sql | data/databases/backups/depgraph_backup_20260821_p06.sql | data/databases/backups/depgraph_backup_AI-DGR-001_20260817.sql | docs/01_policies_and_standards/_registry/catalogs/architecture_issue_registry.yaml | docs/01_policies_and_standards/_registry/catalogs/capability_canonical_file_registry.yaml | docs/01_policies_and_standards/_registry/catalogs/governance_convergence_map.yaml | docs/01_policies_and_standards/_registry/catalogs/module_translation_registry.yaml | docs/01_policies_and_standards/sop/governance_sop/commit_guide_sources/gate_digest_registry.yaml | docs/01_policies_and_standards/sop/governance_sop/commit_navigation_playbook.md | docs/02_enterprise_architecture/01_global_architecture_diagram/full_project_tree_en.md | docs/02_enterprise_architecture/01_global_architecture_diagram/full_project_tree_zh.md | docs/02_enterprise_architecture/02_domain_architecture_docs/18_d_gov_code_quality.md | docs/02_enterprise_architecture/02_domain_architecture_docs/51_d_gov_enforcement.md | docs/02_enterprise_architecture/02_domain_architecture_docs/54_d_gov_scripts.md | docs/02_enterprise_architecture/02_domain_architecture_docs/_zoomable_html/51_d_gov_enforcement.html | docs/03_modules/_domain_gov_enforcement/algo_flow/commit_gates/v/vocab_hardcode_gate.yaml | docs/03_modules/_domain_governance/blueprint.md | docs/_archive/agents_md_slimming_test_design.md | docs/_archive/ruling_100pct_ai_governance_hardening.md | scripts/governance/_shared/thresholds.yaml | scripts/governance/apply_dataflowgraph.py | scripts/governance/apply_decisiongraph.py | scripts/governance/generate_decision_graph.py | scripts/governance/generators/generate_gate_registry.py | scripts/governance/meta/gate_prerun.py | scripts/governance/run_fulltree_gate_audit.py | scripts/governance/standards_governance/generate_standard_family_registry.py | scripts/governance/wave1b/dead_letter_prescriptions.py | src/zephyr/gov_enforcement/commit_gates/bare_getenv_gate.py | src/zephyr/gov_enforcement/commit_gates/blueprint_amodule_consistency_gate.py | src/zephyr/gov_enforcement/commit_gates/blueprint_format_gate.py | src/zephyr/gov_enforcement/commit_gates/file_copy_gate.py | src/zephyr/gov_enforcement/commit_gates/perm_trigger_gate.py | src/zephyr/gov_enforcement/commit_gates/vocab_chain_gate.py | src/zephyr/gov_enforcement/commit_gates/vocab_hardcode_gate.py | src/zephyr/governance/persistence/battlemap_schema.py ...(+4 more, full list in f3_consumer_detail.csv)",有触发,VOCAB-HARDCODE: 新 py 词表硬编码检测（已合并至 GATE-VOCAB，st-gslim-20260923 P4）,deprecated,manual,1054,0,16,0,0,0,4332,2485,0,41,1070,
DEPGRAPH-PRE-REGISTRATION,1100,0,31,.trae/documents/_arch_issue_full_backup.yaml | .workbuddy/memory/2026-09-12.md | .workbuddy/memory/2026-09-15.md | config/construction_workflow_map.yaml | data/databases/backups/depgraph_backup_20260721_220004.sql | data/databases/backups/depgraph_backup_20260814_aigit001_taskboard.sql | data/databases/backups/depgraph_backup_20260817_ai00close.sql | data/databases/backups/depgraph_backup_20260821_p06.sql | data/databases/backups/depgraph_backup_AI-DGR-001_20260817.sql | docs/01_policies_and_standards/_registry/catalogs/architecture_issue_registry.yaml | docs/01_policies_and_standards/_registry/catalogs/module_translation_registry.yaml | docs/02_enterprise_architecture/01_global_architecture_diagram/full_project_tree_en.md | docs/02_enterprise_architecture/01_global_architecture_diagram/full_project_tree_zh.md | docs/02_enterprise_architecture/02_domain_architecture_docs/18_d_gov_code_quality.md | docs/02_enterprise_architecture/02_domain_architecture_docs/51_d_gov_enforcement.md | docs/02_enterprise_architecture/02_domain_architecture_docs/_zoomable_html/51_d_gov_enforcement.html | scripts/governance/commit_queue_landing.py | scripts/governance/dead_letter_doctor.py | scripts/governance/generators/generate_gate_registry.py | src/zephyr/gov_enforcement/commit_gates/consumers_accuracy_gate.py | src/zephyr/gov_enforcement/commit_gates/depgraph_pre_registration_gate.py | src/zephyr/gov_enforcement/commit_gates/derivation_annotation_gate.py | src/zephyr/gov_enforcement/commit_gates/takeover_pending_gate.py | src/zephyr/gov_enforcement/rule_bridge/commit_preflight.py | src/zephyr/governance/audit/pg_probe.py | tmp/ec1_enq2.txt | tmp/ec1_enqueue_out.txt | tests/governance/commit_gates/test_consumers_accuracy_gate.py | tests/governance/commit_gates/test_depgraph_pre_registration_gate.py | tests/governance/rule_bridge/test_commit_pipeline_redblue.py | tests/governance/test_dead_letter_doctor.py,有触发,DEPGRAPH-PRE-REGISTRATION: depgraph planned→production（已合并至 DEPGRAPH-ENFORCEMENT,deprecated,manual,1054,0,46,0,0,0,3103,1700,0,27,1100,
GATE-PANORAMA-ALIGNMENT,1054,0,29,.trae/documents/_arch_issue_full_backup.yaml | .trae/documents/align-all-unified-panorama.md | .trae/documents/depgraph_scale_confusion_fix_resume_execution_plan.md | .trae/documents/h1_redis_hot_施工规划.md | .trae/documents/panorama_four_view_alignment_rule.md | .workbuddy/memory/2026-09-15.md | data/databases/backups/depgraph_backup_20260721_220004.sql | data/databases/backups/depgraph_backup_20260814_aigit001_taskboard.sql | data/databases/backups/depgraph_backup_20260817_ai00close.sql | data/databases/backups/depgraph_backup_20260821_p06.sql | data/databases/backups/depgraph_backup_AI-DGR-001_20260817.sql | docs/01_policies_and_standards/_registry/catalogs/architecture_issue_registry.yaml | docs/01_policies_and_standards/_registry/catalogs/panorama_exempt_list.yaml | docs/01_policies_and_standards/rules/trae_080_panorama_alignment.yaml | docs/01_policies_and_standards/sop/governance_sop/agent_constitution_legacy_v1.md | docs/02_enterprise_architecture/02_domain_architecture_docs/48_d_gov_audit.md | docs/02_enterprise_architecture/02_domain_architecture_docs/51_d_gov_enforcement.md | docs/03_modules/_cross_layer/gate_engine/blueprint.md | docs/03_modules/_domain_gov_enforcement/algo_flow/commit_gates/p/panorama_alignment_gate.yaml | docs/03_modules/_domain_governance/panorama_alignment_engine/blueprint.md | docs/_archive/ruling_100pct_ai_governance_hardening.md | scripts/governance/generators/generate_gate_registry.py | src/zephyr/gov_enforcement/commit_gates/battle_map_alignment_gate.py | src/zephyr/gov_enforcement/commit_gates/panorama_alignment_gate.py | src/zephyr/governance/audit/pg_probe.py | src/zephyr/governance/audit/reconciliation_registry.py | tmp/ec1_enq2.txt | tmp/ec1_enqueue_out.txt | tests/governance/commit_gates/test_panorama_alignment_gate.py,有触发,GATE-PANORAMA-ALIGNMENT: 三图模块对齐（已合并至 MAP-ALIGNMENT，st-gslim-20260923 P4）,deprecated,manual,1054,6,0,0,0,0,186,57,0,28,1054,
BLUEPRINT-AMODULE-CONSISTENCY,1054,0,29,.trae/documents/_arch_issue_full_backup.yaml | data/databases/backups/depgraph_backup_20260721_220004.sql | data/databases/backups/depgraph_backup_20260814_aigit001_taskboard.sql | data/databases/backups/depgraph_backup_20260817_ai00close.sql | data/databases/backups/depgraph_backup_20260821_p06.sql | data/databases/backups/depgraph_backup_AI-DGR-001_20260817.sql | docs/01_policies_and_standards/_registry/catalogs/architecture_issue_registry.yaml | docs/01_policies_and_standards/_registry/catalogs/capability_canonical_file_registry.yaml | docs/01_policies_and_standards/_registry/catalogs/module_translation_registry.yaml | docs/02_enterprise_architecture/01_global_architecture_diagram/full_project_tree_en.md | docs/02_enterprise_architecture/01_global_architecture_diagram/full_project_tree_zh.md | docs/02_enterprise_architecture/02_domain_architecture_docs/18_d_gov_code_quality.md | docs/02_enterprise_architecture/02_domain_architecture_docs/51_d_gov_enforcement.md | docs/02_enterprise_architecture/02_domain_architecture_docs/_zoomable_html/51_d_gov_enforcement.html | docs/03_modules/_cross_layer/gate_engine/blueprint.md | scripts/governance/generators/generate_gate_registry.py | src/zephyr/gov_enforcement/commit_gates/blueprint_amodule_consistency_gate.py | src/zephyr/gov_enforcement/commit_gates/domain_fk_gate.py | tmp/runtime_backups/runtime_handoffs_20260929_031839/handoffs/handoff_st-chief4-20260927.json | tmp/runtime_backups/runtime_handoffs_20260929_032232/handoffs/handoff_st-chief4-20260927.json | tmp/runtime_backups/runtime_handoffs_20260929_053410/handoffs/handoff_st-chief4-20260927.json | tmp/runtime_backups/runtime_handoffs_20260929_143706/handoffs/handoff_st-chief4-20260927.json | tmp/runtime_backups/runtime_handoffs_20260929_150313/handoffs/handoff_st-chief4-20260927.json | tmp/runtime_backups/runtime_handoffs_20260929_152237/handoffs/handoff_st-chief4-20260927.json | tmp/runtime_backups/runtime_handoffs_20260929_174602/handoffs/handoff_st-chief4-20260927.json | tmp/runtime_backups/runtime_handoffs_20260929_181346/handoffs/handoff_st-chief4-20260927.json | tmp/runtime_backups/runtime_handoffs_20260929_182834/handoffs/handoff_st-chief4-20260927.json | tmp/runtime_backups/runtime_handoffs_20260929_183328/handoffs/handoff_st-chief4-20260927.json | tests/governance/commit_gates/test_blueprint_amodule_consistency_gate.py,有触发,BLUEPRINT-AMODULE-CONSISTENCY: A_module 头格式一致（已合并至 BLUEPRINT-HEADER，st-gslim-202,deprecated,manual,1054,0,0,0,0,0,43,0,0,28,1054,
NO-HIGH-COMPLEXITY,1079,0,48,".trae/documents/finish_decision_index_split_gate3_rerun_commit.md | .workbuddy/memory/2026-09-12.md | data/databases/backups/depgraph_backup_20260721_220004.sql | data/databases/backups/depgraph_backup_20260814_aigit001_taskboard.sql | data/databases/backups/depgraph_backup_20260817_ai00close.sql | data/databases/backups/depgraph_backup_20260821_p06.sql | data/databases/backups/depgraph_backup_AI-DGR-001_20260817.sql | docs/01_policies_and_standards/_registry/catalogs/capability_canonical_file_registry.yaml | docs/01_policies_and_standards/_registry/catalogs/module_translation_registry.yaml | docs/01_policies_and_standards/_registry/catalogs/ruling_registry.yaml | docs/01_policies_and_standards/rules/trae_026_methodology_quality.yaml | docs/01_policies_and_standards/rules/trae_046_engineering_code_restructure.yaml | docs/01_policies_and_standards/sop/construction_sop/lane_construction_discipline_policy.md | docs/02_enterprise_architecture/01_global_architecture_diagram/full_project_tree_en.md | docs/02_enterprise_architecture/01_global_architecture_diagram/full_project_tree_zh.md | docs/02_enterprise_architecture/02_domain_architecture_docs/18_d_gov_code_quality.md | docs/02_enterprise_architecture/02_domain_architecture_docs/26_d_security.md | docs/02_enterprise_architecture/02_domain_architecture_docs/51_d_gov_enforcement.md | docs/02_enterprise_architecture/02_domain_architecture_docs/54_d_gov_scripts.md | docs/02_enterprise_architecture/02_domain_architecture_docs/_zoomable_html/18_d_gov_code_quality.html | docs/02_enterprise_architecture/02_domain_architecture_docs/_zoomable_html/51_d_gov_enforcement.html | docs/03_modules/_cross_layer/gate_engine/blueprint.md | docs/03_modules/_domain_gov_enforcement/algo_flow/commit_gates/h/high_complexity_gate.yaml | docs/_archive/architecture_debt_registry_v2.md | docs/_archive/debt_permanent_rulings_r102.md | docs/_archive/ruling_any_governance_engineering.md | scripts/backtest/crisis_drill_monthly.py | scripts/governance/d5_architecture/generators/generate_blueprint_panorama.py | scripts/governance/d7_code/scan_complexity.py | scripts/governance/generators/generate_gate_registry.py | scripts/governance/meta/backup_runtime_state.py | scripts/governance/wave1b/dead_letter_prescriptions.py | src/zephyr/data/alert_webhook_dispatch.py | src/zephyr/data/implementations/akshare_provider.py | src/zephyr/data/implementations/internal_compute_provider.py | src/zephyr/frontend/dashboard/api_server.py | src/zephyr/gov_enforcement/commit_gates/_diff_helpers.py | src/zephyr/gov_enforcement/commit_gates/ch_final_gate.py | src/zephyr/gov_enforcement/commit_gates/doc_ref_broken_gate.py | src/zephyr/gov_enforcement/commit_gates/high_complexity_gate.py ...(+8 more, full list in f3_consumer_detail.csv)",有触发,NO-HIGH-COMPLEXITY: 高循环复杂度检测（已合并至 COMPLEXITY-GUARD，st-gslim-20260923 P4）,deprecated,manual,1054,650,25,0,0,0,13572,7680,0,46,1079,
COMMIT-CRITICAL-SECTION-LOCK,0,0,3,docs/01_policies_and_standards/_registry/catalogs/ruling_registry.yaml | docs/01_policies_and_standards/rules/trae_079_commit_serialization.yaml | scripts/governance/generators/generate_gate_registry.py,零触发,COMMIT-CRITICAL-SECTION-LOCK: commit 临界区全局文件锁（裁定#347 实名登记）,active,commit-gateway,0,0,0,0,0,0,0,0,0,3,0,"commit-gate通道只记拦截不记放行,零拦截≠零执行,退役前需查装载面"
GATE-SCHEMA-HEALTH,8,8,17,.pre-commit-config.yaml | .trae/documents/_arch_issue_full_backup.yaml | .trae/documents/commit_gate_registry_sync.md | .trae/rules/onboarding_detail.md | data/databases/backups/depgraph_backup_20260721_220004.sql | data/databases/backups/depgraph_backup_20260814_aigit001_taskboard.sql | data/databases/backups/depgraph_backup_20260817_ai00close.sql | data/databases/backups/depgraph_backup_20260821_p06.sql | data/databases/backups/depgraph_backup_AI-DGR-001_20260817.sql | docs/01_policies_and_standards/_registry/catalogs/architecture_issue_registry.yaml | docs/01_policies_and_standards/_registry/catalogs/candidate_module_registry.yaml | docs/01_policies_and_standards/_registry/catalogs/capability_canonical_file_registry.yaml | docs/01_policies_and_standards/rules/trae_045_data_quality_lineage.yaml | docs/01_policies_and_standards/sop/governance_sop/agent_constitution_legacy_v1.md | docs/03_modules/_cross_layer/database/blueprint.md | scripts/governance/generators/generate_gate_registry.py | src/zephyr/security/adversarial_validation/_scenario_registry.yaml,有触发,GATE-SCHEMA-HEALTH: depgraph Schema 健康度门禁（已合并到 GATE-C2，ARCH-016/017/018）,deprecated,manual,0,0,0,0,8,0,0,0,0,17,8,
DATA-TASK-COMPLETENESS,43,0,19,.trae/documents/_arch_issue_full_backup.yaml | data/databases/backups/depgraph_backup_20260721_220004.sql | data/databases/backups/depgraph_backup_20260814_aigit001_taskboard.sql | data/databases/backups/depgraph_backup_20260817_ai00close.sql | data/databases/backups/depgraph_backup_20260821_p06.sql | data/databases/backups/depgraph_backup_AI-DGR-001_20260817.sql | docs/01_policies_and_standards/_registry/catalogs/architecture_issue_registry.yaml | docs/01_policies_and_standards/_registry/catalogs/capability_canonical_file_registry.yaml | docs/01_policies_and_standards/rules/trae_035_task_construction_verification.yaml | docs/01_policies_and_standards/sop/data_ops_sop/data_source_onboarding_sop.md | docs/03_modules/_cross_layer/gate_engine/blueprint.md | docs/03_modules/_domain_data/data_source_integrator_blueprint.md | docs/_archive/ruling_100pct_ai_governance_hardening.md | scripts/governance/generators/generate_gate_registry.py | src/zephyr/data/config/tasks.yaml | src/zephyr/data/onboarding_wizard.py | src/zephyr/gov_enforcement/commit_gates/encoding_gate.py | src/zephyr/gov_enforcement/commit_gates/snapshot_drift_gate.py | tmp/scheduler_loaded_state.json,有触发,DATA-TASK-COMPLETENESS: 数据任务完整性门禁（已退役 2026-09-23，st-gslim P3）,deprecated,manual,43,0,0,0,0,0,59,0,0,19,43,
ISSUE-RESOLVED-INTEGRITY,0,0,12,data/databases/backups/depgraph_backup_20260814_aigit001_taskboard.sql | data/databases/backups/depgraph_backup_20260817_ai00close.sql | data/databases/backups/depgraph_backup_20260821_p06.sql | data/databases/backups/depgraph_backup_AI-DGR-001_20260817.sql | docs/01_policies_and_standards/_registry/catalogs/capability_canonical_file_registry.yaml | docs/01_policies_and_standards/_registry/catalogs/in_process_gate_registry.yaml | docs/01_policies_and_standards/_registry/catalogs/module_translation_registry.yaml | docs/02_enterprise_architecture/02_domain_architecture_docs/18_d_gov_code_quality.md | scripts/governance/generators/generate_gate_registry.py | src/zephyr/gov_enforcement/commit_gates/errcode_consistency_gate.py | src/zephyr/gov_enforcement/commit_gates/stash_accumulation_gate.py | src/zephyr/gov_enforcement/commit_gates/table_name_registry_gate.py,零触发,ISSUE-RESOLVED-INTEGRITY: issue 标记真实性门禁（已退役 2026-09-23，st-gslim P3）,deprecated,manual,0,0,0,0,0,0,59,0,0,12,0,"仅审计流提及59次无结构化触发(提及非触发,灰区待判)"
LIBRARY-COVERAGE,53,0,2,docs/03_modules/_domain_library/blueprint.md | scripts/governance/generators/generate_gate_registry.py,有触发,LIBRARY-COVERAGE: 馆藏覆盖观察闸（已退役 2026-09-23，st-gslim P3）,deprecated,manual,53,0,0,0,0,0,59,0,0,2,53,
BLUEPRINT-FORMAT,1779,160,83,".trae/documents/P3_closure_gate_fixes.md | .trae/documents/P3_leftover_todos_strategic_ruling_and_treatment_plan.md | .trae/documents/P3_merge_conflict_resolution.md | .trae/documents/P3_phase_a_residual_completion_plan.md | .trae/documents/_arch_issue_full_backup.yaml | .trae/documents/depgraph_commit_and_foreign_change_gate_治本.md | .trae/documents/finish_decision_index_split_verify_and_commit.md | .trae/documents/warn_to_hard_gate_final_registration.md | .trae/documents/warn_to_hard_gate_finish_commit.md | config/construction_workflow_map.yaml | data/databases/backups/depgraph_backup_20260721_220004.sql | data/databases/backups/depgraph_backup_20260814_aigit001_taskboard.sql | data/databases/backups/depgraph_backup_20260817_ai00close.sql | data/databases/backups/depgraph_backup_20260821_p06.sql | data/databases/backups/depgraph_backup_AI-DGR-001_20260817.sql | docs/01_policies_and_standards/_registry/catalogs/architecture_issue_registry.yaml | docs/01_policies_and_standards/_registry/catalogs/capability_canonical_file_registry.yaml | docs/01_policies_and_standards/_registry/catalogs/in_process_gate_registry.yaml | docs/01_policies_and_standards/_registry/catalogs/module_translation_registry.yaml | docs/01_policies_and_standards/_registry/catalogs/ruling_registry.yaml | docs/01_policies_and_standards/_registry/reports/gate_face_reconciliation.md | docs/01_policies_and_standards/_registry/reports/gate_face_reconciliation.yaml | docs/01_policies_and_standards/rules/trae_014_arch_blueprint_alignment.yaml | docs/01_policies_and_standards/rules/trae_037_arch_qualification_versioning.yaml | docs/01_policies_and_standards/rules/trae_047_engineering_file_header.yaml | docs/01_policies_and_standards/sop/governance_sop/commit_guide_sources/death_cases_registry.yaml | docs/01_policies_and_standards/sop/governance_sop/commit_guide_sources/file_type_checklists_registry.yaml | docs/01_policies_and_standards/sop/governance_sop/commit_guide_sources/gate_digest_registry.yaml | docs/01_policies_and_standards/sop/governance_sop/commit_navigation_playbook.md | docs/02_enterprise_architecture/02_domain_architecture_docs/18_d_gov_code_quality.md | docs/02_enterprise_architecture/02_domain_architecture_docs/47_d_governance.md | docs/02_enterprise_architecture/02_domain_architecture_docs/51_d_gov_enforcement.md | docs/02_enterprise_architecture/02_domain_architecture_docs/_zoomable_html/18_d_gov_code_quality.html | docs/03_modules/_cross_layer/gate_engine/blueprint.md | docs/03_modules/_domain_gov_enforcement/algo_flow/commit_gates/b/blueprint_format_gate.yaml | docs/03_modules/_domain_governance/alignment_loop/blueprint.md | docs/_archive/ruling_workspace_drift_systemic.md | scripts/governance/generators/generate_gate_registry.py | scripts/governance/wave1b/dead_letter_prescriptions.py | src/zephyr/gov_enforcement/commit_gates/_tree_view.py ...(+43 more, full list in f3_consumer_detail.csv)",有触发,BLUEPRINT-FORMAT: [BLUEPRINT] 头部 module_id 格式检测（已合并至 DOC-HEADER-SUITE，st-commits,deprecated,manual,1679,136,100,0,0,0,4052,2590,0,79,1779,
GATE-DETECT-GIT-DANGEROUS,0,0,1,scripts/governance/generators/generate_gate_registry.py,零触发,检测危险 git 命令（65 号 §7.13，ABS-26/27/28）,active,pre-commit,0,0,0,0,0,0,0,0,0,1,0,
GATE-DETECT-SHELL-DANGEROUS,0,0,1,scripts/governance/generators/generate_gate_registry.py,零触发,检测危险 shell 命令（65 号 §7.13，ABS-38/39）,active,pre-commit,0,0,0,0,0,0,0,0,0,1,0,
GATE-DETECT-PERMANENT-DELETION,0,0,1,scripts/governance/generators/generate_gate_registry.py,零触发,检测 ttl:permanent 文件删除（65 号 §7.13，PS-STD-012 V1）,active,pre-commit,0,0,0,0,0,0,0,0,0,1,0,
