file_path,module_id,blueprint_id,domain_id,subdomain_id,match_method,confidence
src/zephyr/__init__.py,,MOD-INF-002,D-INFRA,D-INFRA-RUNTIME_INTEGRATION,depgraph_blueprint,high
src/zephyr/autonomy_perm/agent_rbac/__init__.py,,MOD-INF-018,D-SEC,D-SEC-ACCESS_CONTROL,depgraph_blueprint,high
src/zephyr/autonomy_perm/agent_rbac/a2a_check.py,,MOD-INF-018,D-SEC,D-SEC-ACCESS_CONTROL,depgraph_blueprint,high
src/zephyr/autonomy_perm/agent_rbac/abac_guard.py,,MOD-INF-018,D-SEC,D-SEC-ACCESS_CONTROL,depgraph_blueprint,high
src/zephyr/autonomy_perm/agent_rbac/adversarial_resilience.py,,MOD-INF-018,D-SEC,D-SEC-ACCESS_CONTROL,depgraph_blueprint,high
src/zephyr/autonomy_perm/agent_rbac/agent_creation_policy.py,,MOD-INF-018,D-SEC,D-SEC-ACCESS_CONTROL,depgraph_blueprint,high
src/zephyr/autonomy_perm/agent_rbac/anomaly_detector.py,,MOD-INF-018,D-SEC,D-SEC-ACCESS_CONTROL,depgraph_blueprint,high
src/zephyr/autonomy_perm/agent_rbac/anti_pattern_guard.py,,MOD-INF-018,D-SEC,D-SEC-ACCESS_CONTROL,depgraph_blueprint,high
src/zephyr/autonomy_perm/agent_rbac/approver_check.py,,MOD-INF-018,D-SEC,D-SEC-ACCESS_CONTROL,depgraph_blueprint,high
src/zephyr/autonomy_perm/agent_rbac/asymmetric_audit.py,,MOD-INF-018,D-SEC,D-SEC-ACCESS_CONTROL,depgraph_blueprint,high
src/zephyr/autonomy_perm/agent_rbac/audit_log_guard.py,,MOD-INF-018,D-SEC,D-SEC-ACCESS_CONTROL,depgraph_blueprint,high
src/zephyr/autonomy_perm/agent_rbac/auto_maintenance.py,,MOD-INF-018,D-SEC,D-SEC-ACCESS_CONTROL,depgraph_blueprint,high
src/zephyr/autonomy_perm/agent_rbac/blind_spot_tracker.py,,MOD-INF-018,D-SEC,D-SEC-ACCESS_CONTROL,depgraph_blueprint,high
src/zephyr/autonomy_perm/agent_rbac/blueprint_fidelity.py,,MOD-INF-018,D-SEC,D-SEC-ACCESS_CONTROL,depgraph_blueprint,high
src/zephyr/autonomy_perm/agent_rbac/bootstrap_superadmin.py,,MOD-INF-018,D-SEC,D-SEC-ACCESS_CONTROL,depgraph_blueprint,high
src/zephyr/autonomy_perm/agent_rbac/bootstrap_verifier.py,,MOD-INF-018,D-SEC,D-SEC-ACCESS_CONTROL,depgraph_blueprint,high
src/zephyr/autonomy_perm/agent_rbac/build_sanitizer.py,,MOD-INF-018,D-SEC,D-SEC-ACCESS_CONTROL,depgraph_blueprint,high
src/zephyr/autonomy_perm/agent_rbac/cache_invalidation.py,,MOD-INF-018,D-SEC,D-SEC-ACCESS_CONTROL,depgraph_blueprint,high
src/zephyr/autonomy_perm/agent_rbac/canary_rollout_manager.py,,MOD-INF-018,D-SEC,D-SEC-ACCESS_CONTROL,depgraph_blueprint,high
src/zephyr/autonomy_perm/agent_rbac/capability_check.py,,MOD-INF-018,D-SEC,D-SEC-ACCESS_CONTROL,depgraph_blueprint,high
src/zephyr/autonomy_perm/agent_rbac/cascading_failure_isolator.py,,MOD-INF-018,D-SEC,D-SEC-ACCESS_CONTROL,depgraph_blueprint,high
src/zephyr/autonomy_perm/agent_rbac/cold_start_lock.py,,MOD-INF-018,D-SEC,D-SEC-ACCESS_CONTROL,depgraph_blueprint,high
src/zephyr/autonomy_perm/agent_rbac/compliance_matrix.py,,MOD-INF-018,D-SEC,D-SEC-ACCESS_CONTROL,depgraph_blueprint,high
src/zephyr/autonomy_perm/agent_rbac/context_drift_detector.py,,MOD-INF-018,D-SEC,D-SEC-ACCESS_CONTROL,depgraph_blueprint,high
src/zephyr/autonomy_perm/agent_rbac/continuous_verifier.py,,MOD-INF-018,D-SEC,D-SEC-ACCESS_CONTROL,depgraph_blueprint,high
src/zephyr/autonomy_perm/agent_rbac/contract_verifier.py,,MOD-INF-018,D-SEC,D-SEC-ACCESS_CONTROL,depgraph_blueprint,high
src/zephyr/autonomy_perm/agent_rbac/contracts.py,,MOD-INF-018,D-SEC,D-SEC-ACCESS_CONTROL,depgraph_blueprint,high
src/zephyr/autonomy_perm/agent_rbac/cross_cutting.py,,MOD-INF-018,D-SEC,D-SEC-ACCESS_CONTROL,depgraph_blueprint,high
src/zephyr/autonomy_perm/agent_rbac/cross_session_detector.py,,MOD-INF-018,D-SEC,D-SEC-ACCESS_CONTROL,depgraph_blueprint,high
src/zephyr/autonomy_perm/agent_rbac/cybersec_2026_guard.py,,MOD-INF-018,D-SEC,D-SEC-ACCESS_CONTROL,depgraph_blueprint,high
src/zephyr/autonomy_perm/agent_rbac/decision_explainer.py,,MOD-INF-018,D-SEC,D-SEC-ACCESS_CONTROL,depgraph_blueprint,high
src/zephyr/autonomy_perm/agent_rbac/decision_registry.py,,MOD-INF-018,D-SEC,D-SEC-ACCESS_CONTROL,depgraph_blueprint,high
src/zephyr/autonomy_perm/agent_rbac/defense_depth.py,,MOD-INF-018,D-SEC,D-SEC-ACCESS_CONTROL,depgraph_blueprint,high
src/zephyr/autonomy_perm/agent_rbac/dependency_auditor.py,,MOD-INF-018,D-SEC,D-SEC-ACCESS_CONTROL,depgraph_blueprint,high
src/zephyr/autonomy_perm/agent_rbac/derive_rbac_roles.py,,MOD-INF-018,D-SEC,D-SEC-ACCESS_CONTROL,depgraph_blueprint,high
src/zephyr/autonomy_perm/agent_rbac/dry_run.py,,MOD-INF-018,D-SEC,D-SEC-ACCESS_CONTROL,depgraph_blueprint,high
src/zephyr/autonomy_perm/agent_rbac/emergency_override.py,,MOD-INF-018,D-SEC,D-SEC-ACCESS_CONTROL,depgraph_blueprint,high
src/zephyr/autonomy_perm/agent_rbac/engine_degradation.py,,MOD-INF-018,D-SEC,D-SEC-ACCESS_CONTROL,depgraph_blueprint,high
src/zephyr/autonomy_perm/agent_rbac/environment_manager.py,,MOD-INF-018,D-SEC,D-SEC-ACCESS_CONTROL,depgraph_blueprint,high
src/zephyr/autonomy_perm/agent_rbac/escalation_handler.py,,MOD-INF-018,D-SEC,D-SEC-ACCESS_CONTROL,depgraph_blueprint,high
src/zephyr/autonomy_perm/agent_rbac/exceptions.py,,MOD-INF-018,D-SEC,D-SEC-ACCESS_CONTROL,depgraph_blueprint,high
src/zephyr/autonomy_perm/agent_rbac/false_completion_detector.py,,MOD-INF-018,D-SEC,D-SEC-ACCESS_CONTROL,depgraph_blueprint,high
src/zephyr/autonomy_perm/agent_rbac/genesis_bootstrap.py,,MOD-INF-018,D-SEC,D-SEC-ACCESS_CONTROL,depgraph_blueprint,high
src/zephyr/autonomy_perm/agent_rbac/guard_layers.py,,MOD-INF-018,D-SEC,D-SEC-ACCESS_CONTROL,depgraph_blueprint,high
src/zephyr/autonomy_perm/agent_rbac/identity.py,,MOD-INF-018,D-SEC,D-SEC-ACCESS_CONTROL,depgraph_blueprint,high
src/zephyr/autonomy_perm/agent_rbac/immutable_core.py,,MOD-INF-018,D-SEC,D-SEC-ACCESS_CONTROL,depgraph_blueprint,high
src/zephyr/autonomy_perm/agent_rbac/input_guard.py,,MOD-INF-018,D-SEC,D-SEC-ACCESS_CONTROL,depgraph_blueprint,high
src/zephyr/autonomy_perm/agent_rbac/integration.py,,MOD-INF-018,D-SEC,D-SEC-ACCESS_CONTROL,depgraph_blueprint,high
src/zephyr/autonomy_perm/agent_rbac/integrity_self_check.py,,MOD-INF-018,D-SEC,D-SEC-ACCESS_CONTROL,depgraph_blueprint,high
src/zephyr/autonomy_perm/agent_rbac/intent_binder.py,,MOD-INF-018,D-SEC,D-SEC-ACCESS_CONTROL,depgraph_blueprint,high
src/zephyr/autonomy_perm/agent_rbac/key_hierarchy.py,,MOD-INF-018,D-SEC,D-SEC-ACCESS_CONTROL,depgraph_blueprint,high
src/zephyr/autonomy_perm/agent_rbac/kill_switch.py,,MOD-INF-018,D-SEC,D-SEC-ACCESS_CONTROL,depgraph_blueprint,high
src/zephyr/autonomy_perm/agent_rbac/legal_audit_chain.py,,MOD-INF-018,D-SEC,D-SEC-ACCESS_CONTROL,depgraph_blueprint,high
src/zephyr/autonomy_perm/agent_rbac/memory_guard.py,,MOD-INF-018,D-SEC,D-SEC-ACCESS_CONTROL,depgraph_blueprint,high
src/zephyr/autonomy_perm/agent_rbac/memory_provenance_guard.py,,MOD-INF-018,D-SEC,D-SEC-ACCESS_CONTROL,depgraph_blueprint,high
src/zephyr/autonomy_perm/agent_rbac/micro_verifier.py,,MOD-INF-018,D-SEC,D-SEC-ACCESS_CONTROL,depgraph_blueprint,high
src/zephyr/autonomy_perm/agent_rbac/microstructure_defense.py,,MOD-INF-018,D-SEC,D-SEC-ACCESS_CONTROL,depgraph_blueprint,high
src/zephyr/autonomy_perm/agent_rbac/monotonic_clock.py,,MOD-INF-018,D-SEC,D-SEC-ACCESS_CONTROL,depgraph_blueprint,high
src/zephyr/autonomy_perm/agent_rbac/multi_agent_collusion_detector.py,,MOD-INF-018,D-SEC,D-SEC-ACCESS_CONTROL,depgraph_blueprint,high
src/zephyr/autonomy_perm/agent_rbac/native_api_guard.py,,MOD-INF-018,D-SEC,D-SEC-ACCESS_CONTROL,depgraph_blueprint,high
src/zephyr/autonomy_perm/agent_rbac/non_repudiation.py,,MOD-INF-018,D-SEC,D-SEC-ACCESS_CONTROL,depgraph_blueprint,high
src/zephyr/autonomy_perm/agent_rbac/novel_attack_guard.py,,MOD-INF-018,D-SEC,D-SEC-ACCESS_CONTROL,depgraph_blueprint,high
src/zephyr/autonomy_perm/agent_rbac/observability.py,,MOD-INF-018,D-SEC,D-SEC-ACCESS_CONTROL,depgraph_blueprint,high
src/zephyr/autonomy_perm/agent_rbac/output_guard.py,,MOD-INF-018,D-SEC,D-SEC-ACCESS_CONTROL,depgraph_blueprint,high
src/zephyr/autonomy_perm/agent_rbac/path_guard.py,,MOD-INF-018,D-SEC,D-SEC-ACCESS_CONTROL,depgraph_blueprint,high
src/zephyr/autonomy_perm/agent_rbac/permission_guard.py,,MOD-INF-018,D-SEC,D-SEC-ACCESS_CONTROL,depgraph_blueprint,high
src/zephyr/autonomy_perm/agent_rbac/permission_hooks.py,,MOD-INF-018,D-SEC,D-SEC-ACCESS_CONTROL,depgraph_blueprint,high
src/zephyr/autonomy_perm/agent_rbac/permission_mode_manager.py,,MOD-INF-018,D-SEC,D-SEC-ACCESS_CONTROL,depgraph_blueprint,high
src/zephyr/autonomy_perm/agent_rbac/phase_executor.py,,MOD-INF-018,D-SEC,D-SEC-ACCESS_CONTROL,depgraph_blueprint,high
src/zephyr/autonomy_perm/agent_rbac/post_action_verifier.py,,MOD-INF-018,D-SEC,D-SEC-ACCESS_CONTROL,depgraph_blueprint,high
src/zephyr/autonomy_perm/agent_rbac/rbac_guard.py,,MOD-INF-018,D-SEC,D-SEC-ACCESS_CONTROL,depgraph_blueprint,high
src/zephyr/autonomy_perm/agent_rbac/replay_attack_guard.py,,MOD-INF-018,D-SEC,D-SEC-ACCESS_CONTROL,depgraph_blueprint,high
src/zephyr/autonomy_perm/agent_rbac/risk_mitigation.py,,MOD-INF-018,D-SEC,D-SEC-ACCESS_CONTROL,depgraph_blueprint,high
src/zephyr/autonomy_perm/agent_rbac/rollback_sandbox.py,,MOD-INF-018,D-SEC,D-SEC-ACCESS_CONTROL,depgraph_blueprint,high
src/zephyr/autonomy_perm/agent_rbac/rule_injection_guard.py,,MOD-INF-018,D-SEC,D-SEC-ACCESS_CONTROL,depgraph_blueprint,high
src/zephyr/autonomy_perm/agent_rbac/secrets_lifecycle.py,,MOD-INF-018,D-SEC,D-SEC-ACCESS_CONTROL,depgraph_blueprint,high
src/zephyr/autonomy_perm/agent_rbac/sequence_guard.py,,MOD-INF-018,D-SEC,D-SEC-ACCESS_CONTROL,depgraph_blueprint,high
src/zephyr/autonomy_perm/agent_rbac/session_concurrency.py,,MOD-INF-018,D-SEC,D-SEC-ACCESS_CONTROL,depgraph_blueprint,high
src/zephyr/autonomy_perm/agent_rbac/session_lifecycle.py,,MOD-INF-018,D-SEC,D-SEC-ACCESS_CONTROL,depgraph_blueprint,high
src/zephyr/autonomy_perm/agent_rbac/shell_dialect_detector.py,,MOD-INF-018,D-SEC,D-SEC-ACCESS_CONTROL,depgraph_blueprint,high
src/zephyr/autonomy_perm/agent_rbac/toctou_guard.py,,MOD-INF-018,D-SEC,D-SEC-ACCESS_CONTROL,depgraph_blueprint,high
src/zephyr/autonomy_perm/agent_rbac/vibe_coding_guard.py,,MOD-INF-018,D-SEC,D-SEC-ACCESS_CONTROL,depgraph_blueprint,high
src/zephyr/autonomy_perm/auto_fix_engine/__init__.py,,MOD-INF-031,D-GOV,D-GOV-SCRIPT_GOVERNANCE,depgraph_blueprint,high
src/zephyr/autonomy_perm/auto_fix_engine/__main__.py,,MOD-INF-031,D-GOV,D-GOV-SCRIPT_GOVERNANCE,depgraph_blueprint,high
src/zephyr/autonomy_perm/auto_fix_engine/alignment_syncer.py,,MOD-INF-031,D-GOV,D-GOV-SCRIPT_GOVERNANCE,depgraph_blueprint,high
src/zephyr/autonomy_perm/auto_fix_engine/all_completer.py,,MOD-INF-031,D-GOV,D-GOV-SCRIPT_GOVERNANCE,depgraph_blueprint,high
src/zephyr/autonomy_perm/auto_fix_engine/batch_fixer.py,,MOD-INF-031,D-GOV,D-GOV-SCRIPT_GOVERNANCE,depgraph_blueprint,high
src/zephyr/autonomy_perm/auto_fix_engine/compliance_auditor.py,,MOD-INF-031,D-GOV,D-GOV-SCRIPT_GOVERNANCE,depgraph_blueprint,high
src/zephyr/autonomy_perm/auto_fix_engine/config_fixer.py,,MOD-INF-031,D-GOV,D-GOV-SCRIPT_GOVERNANCE,depgraph_blueprint,high
src/zephyr/autonomy_perm/auto_fix_engine/dedup_extractor.py,,MOD-INF-031,D-GOV,D-GOV-SCRIPT_GOVERNANCE,depgraph_blueprint,high
src/zephyr/autonomy_perm/auto_fix_engine/dep_version_fixer.py,,MOD-INF-031,D-GOV,D-GOV-SCRIPT_GOVERNANCE,depgraph_blueprint,high
src/zephyr/autonomy_perm/auto_fix_engine/drift_fixer.py,,MOD-INF-031,D-GOV,D-GOV-SCRIPT_GOVERNANCE,depgraph_blueprint,high
src/zephyr/autonomy_perm/auto_fix_engine/engine.py,,MOD-INF-031,D-GOV,D-GOV-SCRIPT_GOVERNANCE,depgraph_blueprint,high
src/zephyr/autonomy_perm/auto_fix_engine/escalation_bridge.py,,MOD-INF-031,D-GOV,D-GOV-SCRIPT_GOVERNANCE,depgraph_blueprint,high
src/zephyr/autonomy_perm/auto_fix_engine/event_hooks.py,,MOD-INF-031,D-GOV,D-GOV-SCRIPT_GOVERNANCE,depgraph_blueprint,high
src/zephyr/autonomy_perm/auto_fix_engine/fix_budget.py,,MOD-INF-031,D-GOV,D-GOV-SCRIPT_GOVERNANCE,depgraph_blueprint,high
src/zephyr/autonomy_perm/auto_fix_engine/fix_diff.py,,MOD-INF-031,D-GOV,D-GOV-SCRIPT_GOVERNANCE,depgraph_blueprint,high
src/zephyr/autonomy_perm/auto_fix_engine/fix_health_check.py,,MOD-INF-031,D-GOV,D-GOV-SCRIPT_GOVERNANCE,depgraph_blueprint,high
src/zephyr/autonomy_perm/auto_fix_engine/fix_pattern_miner.py,,MOD-INF-031,D-GOV,D-GOV-SCRIPT_GOVERNANCE,depgraph_blueprint,high
src/zephyr/autonomy_perm/auto_fix_engine/fix_reliability.py,,MOD-INF-031,D-GOV,D-GOV-SCRIPT_GOVERNANCE,depgraph_blueprint,high
src/zephyr/autonomy_perm/auto_fix_engine/fix_report.py,,MOD-INF-031,D-GOV,D-GOV-SCRIPT_GOVERNANCE,depgraph_blueprint,high
src/zephyr/autonomy_perm/auto_fix_engine/fix_safety.py,,MOD-INF-031,D-GOV,D-GOV-SCRIPT_GOVERNANCE,depgraph_blueprint,high
src/zephyr/autonomy_perm/auto_fix_engine/fix_scheduler.py,,MOD-INF-031,D-GOV,D-GOV-SCRIPT_GOVERNANCE,depgraph_blueprint,high
src/zephyr/autonomy_perm/auto_fix_engine/import_fixer.py,,MOD-INF-031,D-GOV,D-GOV-SCRIPT_GOVERNANCE,depgraph_blueprint,high
src/zephyr/autonomy_perm/auto_fix_engine/interrupt_guard.py,,MOD-INF-031,D-GOV,D-GOV-SCRIPT_GOVERNANCE,depgraph_blueprint,high
src/zephyr/autonomy_perm/auto_fix_engine/llm_fix_adapter.py,,MOD-INF-031,D-GOV,D-GOV-SCRIPT_GOVERNANCE,depgraph_blueprint,high
src/zephyr/autonomy_perm/auto_fix_engine/models.py,,MOD-INF-031,D-GOV,D-GOV-SCRIPT_GOVERNANCE,depgraph_blueprint,high
src/zephyr/autonomy_perm/auto_fix_engine/scaffold_registrar.py,,MOD-INF-031,D-GOV,D-GOV-SCRIPT_GOVERNANCE,depgraph_blueprint,high
src/zephyr/autonomy_perm/auto_fix_engine/self_heal_agent.py,,MOD-INF-031,D-GOV,D-GOV-SCRIPT_GOVERNANCE,depgraph_blueprint,high
src/zephyr/autonomy_perm/auto_fix_engine/shadow_workspace.py,,MOD-INF-031,D-GOV,D-GOV-SCRIPT_GOVERNANCE,depgraph_blueprint,high
src/zephyr/autonomy_perm/auto_fix_engine/state_machine.py,,MOD-INF-031,D-GOV,D-GOV-SCRIPT_GOVERNANCE,depgraph_blueprint,high
src/zephyr/autonomy_perm/auto_fix_engine/zombie_cleaner.py,,MOD-INF-031,D-GOV,D-GOV-SCRIPT_GOVERNANCE,depgraph_blueprint,high
src/zephyr/autonomy_perm/behavioral_auditor/__init__.py,,MOD-INF-011,D-DATA,D-DATA-VECTOR_STORAGE,depgraph_blueprint,high
src/zephyr/autonomy_perm/behavioral_auditor/__main__.py,,MOD-INF-033,D-GOV,D-GOV-SCRIPT_GOVERNANCE,depgraph_blueprint,high
src/zephyr/autonomy_perm/behavioral_auditor/_analysis.py,,MOD-INF-011,D-DATA,D-DATA-VECTOR_STORAGE,depgraph_blueprint,high
src/zephyr/autonomy_perm/behavioral_auditor/_core.py,,MOD-INF-011,D-DATA,D-DATA-VECTOR_STORAGE,depgraph_blueprint,high
src/zephyr/autonomy_perm/behavioral_auditor/_drift.py,,MOD-INF-011,D-DATA,D-DATA-VECTOR_STORAGE,depgraph_blueprint,high
src/zephyr/autonomy_perm/behavioral_auditor/_infrastructure.py,,MOD-INF-011,D-DATA,D-DATA-VECTOR_STORAGE,depgraph_blueprint,high
src/zephyr/autonomy_perm/behavioral_auditor/_scanners.py,,MOD-INF-011,D-DATA,D-DATA-VECTOR_STORAGE,depgraph_blueprint,high
src/zephyr/autonomy_perm/behavioral_auditor/absence_manager.py,,MOD-INF-033,D-GOV,D-GOV-SCRIPT_GOVERNANCE,depgraph_blueprint,high
src/zephyr/autonomy_perm/behavioral_auditor/ai_construction_detectors.py,,MOD-INF-033,D-GOV,D-GOV-SCRIPT_GOVERNANCE,depgraph_blueprint,high
src/zephyr/autonomy_perm/behavioral_auditor/ai_context_injector.py,,MOD-INF-033,D-GOV,D-GOV-SCRIPT_GOVERNANCE,depgraph_blueprint,high
src/zephyr/autonomy_perm/behavioral_auditor/alert_router.py,,MOD-INF-033,D-GOV,D-GOV-SCRIPT_GOVERNANCE,depgraph_blueprint,high
src/zephyr/autonomy_perm/behavioral_auditor/architecture_contracts.py,,MOD-INF-023,D-GOV,D_GOV_DRIFT_DETECTION,depgraph_blueprint,high
src/zephyr/autonomy_perm/behavioral_auditor/architecture_principles.py,,MOD-INF-023,D-GOV,D_GOV_DRIFT_DETECTION,depgraph_blueprint,high
src/zephyr/autonomy_perm/behavioral_auditor/backcompat_checker.py,,MOD-INF-033,D-GOV,D-GOV-SCRIPT_GOVERNANCE,depgraph_blueprint,high
src/zephyr/autonomy_perm/behavioral_auditor/baseline_manager.py,,MOD-INF-033,D-GOV,D-GOV-SCRIPT_GOVERNANCE,depgraph_blueprint,high
src/zephyr/autonomy_perm/behavioral_auditor/baseline_poisoning_guard.py,,MOD-INF-033,D-GOV,D-GOV-SCRIPT_GOVERNANCE,depgraph_blueprint,high
src/zephyr/autonomy_perm/behavioral_auditor/benchmark_integrity.py,,MOD-INF-023,D-GOV,D_GOV_DRIFT_DETECTION,depgraph_blueprint,high
src/zephyr/autonomy_perm/behavioral_auditor/brain_integration.py,,MOD-INF-033,D-GOV,D-GOV-SCRIPT_GOVERNANCE,depgraph_blueprint,high
src/zephyr/autonomy_perm/behavioral_auditor/canary_controller.py,,MOD-INF-033,D-GOV,D-GOV-SCRIPT_GOVERNANCE,depgraph_blueprint,high
src/zephyr/autonomy_perm/behavioral_auditor/cascade_detector.py,,MOD-INF-033,D-GOV,D-GOV-SCRIPT_GOVERNANCE,depgraph_blueprint,high
src/zephyr/autonomy_perm/behavioral_auditor/chaos_injector.py,,MOD-INF-033,D-GOV,D-GOV-SCRIPT_GOVERNANCE,depgraph_blueprint,high
src/zephyr/autonomy_perm/behavioral_auditor/code_review_ai.py,,MOD-INF-023,D-GOV,D_GOV_DRIFT_DETECTION,depgraph_blueprint,high
src/zephyr/autonomy_perm/behavioral_auditor/cold_start.py,,MOD-INF-033,D-GOV,D-GOV-SCRIPT_GOVERNANCE,depgraph_blueprint,high
src/zephyr/autonomy_perm/behavioral_auditor/config_consistency.py,,MOD-INF-033,D-GOV,D-GOV-SCRIPT_GOVERNANCE,depgraph_blueprint,high
src/zephyr/autonomy_perm/behavioral_auditor/contract_drift_detector.py,,MOD-INF-033,D-GOV,D-GOV-SCRIPT_GOVERNANCE,depgraph_blueprint,high
src/zephyr/autonomy_perm/behavioral_auditor/correlation_engine.py,,MOD-INF-033,D-GOV,D-GOV-SCRIPT_GOVERNANCE,depgraph_blueprint,high
src/zephyr/autonomy_perm/behavioral_auditor/credibility_engine.py,,MOD-INF-033,D-GOV,D-GOV-SCRIPT_GOVERNANCE,depgraph_blueprint,high
src/zephyr/autonomy_perm/behavioral_auditor/cross_env_consistency.py,,MOD-INF-023,D-GOV,D_GOV_DRIFT_DETECTION,depgraph_blueprint,high
src/zephyr/autonomy_perm/behavioral_auditor/cross_module_score.py,,MOD-INF-033,D-GOV,D-GOV-SCRIPT_GOVERNANCE,depgraph_blueprint,high
src/zephyr/autonomy_perm/behavioral_auditor/dashboard.py,,MOD-INF-033,D-GOV,D-GOV-SCRIPT_GOVERNANCE,depgraph_blueprint,high
src/zephyr/autonomy_perm/behavioral_auditor/data_classification.py,,MOD-INF-023,D-GOV,D_GOV_DRIFT_DETECTION,depgraph_blueprint,high
src/zephyr/autonomy_perm/behavioral_auditor/data_lifecycle.py,,MOD-INF-023,D-GOV,D_GOV_DRIFT_DETECTION,depgraph_blueprint,high
src/zephyr/autonomy_perm/behavioral_auditor/data_quality.py,,MOD-INF-023,D-GOV,D_GOV_DRIFT_DETECTION,depgraph_blueprint,high
src/zephyr/autonomy_perm/behavioral_auditor/data_source_reliability.py,,MOD-INF-023,D-GOV,D_GOV_DRIFT_DETECTION,depgraph_blueprint,high
src/zephyr/autonomy_perm/behavioral_auditor/dependency_manager.py,,MOD-INF-023,D-GOV,D_GOV_DRIFT_DETECTION,depgraph_blueprint,high
src/zephyr/autonomy_perm/behavioral_auditor/detector_dispatcher.py,,MOD-INF-033,D-GOV,D-GOV-SCRIPT_GOVERNANCE,depgraph_blueprint,high
src/zephyr/autonomy_perm/behavioral_auditor/drift_cron_scheduler.py,,MOD-INF-033,D-GOV,D-GOV-SCRIPT_GOVERNANCE,depgraph_blueprint,high
src/zephyr/autonomy_perm/behavioral_auditor/drift_engine.py,,MOD-INF-033,D-GOV,D-GOV-SCRIPT_GOVERNANCE,depgraph_blueprint,high
src/zephyr/autonomy_perm/behavioral_auditor/drift_hotfix_bypass.py,,MOD-INF-033,D-GOV,D-GOV-SCRIPT_GOVERNANCE,depgraph_blueprint,high
src/zephyr/autonomy_perm/behavioral_auditor/drift_infrastructure.py,,MOD-INF-033,D-GOV,D-GOV-SCRIPT_GOVERNANCE,depgraph_blueprint,high
src/zephyr/autonomy_perm/behavioral_auditor/drift_models.py,,MOD-INF-033,D-GOV,D-GOV-SCRIPT_GOVERNANCE,depgraph_blueprint,high
src/zephyr/autonomy_perm/behavioral_auditor/drift_result_types.py,,MOD-INF-033,D-GOV,D-GOV-SCRIPT_GOVERNANCE,depgraph_blueprint,high
src/zephyr/autonomy_perm/behavioral_auditor/drift_training.py,,MOD-INF-033,D-GOV,D-GOV-SCRIPT_GOVERNANCE,depgraph_blueprint,high
src/zephyr/autonomy_perm/behavioral_auditor/events.py,,MOD-INF-033,D-GOV,D-GOV-SCRIPT_GOVERNANCE,depgraph_blueprint,high
src/zephyr/autonomy_perm/behavioral_auditor/file_attr_checker.py,,MOD-INF-033,D-GOV,D-GOV-SCRIPT_GOVERNANCE,depgraph_blueprint,high
src/zephyr/autonomy_perm/behavioral_auditor/forensics_engine.py,,MOD-INF-033,D-GOV,D-GOV-SCRIPT_GOVERNANCE,depgraph_blueprint,high
src/zephyr/autonomy_perm/behavioral_auditor/gate_persistence.py,,MOD-INF-033,D-GOV,D-GOV-SCRIPT_GOVERNANCE,depgraph_blueprint,high
src/zephyr/autonomy_perm/behavioral_auditor/git_bisector.py,,MOD-INF-033,D-GOV,D-GOV-SCRIPT_GOVERNANCE,depgraph_blueprint,high
src/zephyr/autonomy_perm/behavioral_auditor/gitignore_auditor.py,,MOD-INF-033,D-GOV,D-GOV-SCRIPT_GOVERNANCE,depgraph_blueprint,high
src/zephyr/autonomy_perm/behavioral_auditor/handoff_manager.py,,MOD-INF-033,D-GOV,D-GOV-SCRIPT_GOVERNANCE,depgraph_blueprint,high
src/zephyr/autonomy_perm/behavioral_auditor/headless_scanner.py,,MOD-INF-033,D-GOV,D-GOV-SCRIPT_GOVERNANCE,depgraph_blueprint,high
src/zephyr/autonomy_perm/behavioral_auditor/incremental_scanner.py,,MOD-INF-033,D-GOV,D-GOV-SCRIPT_GOVERNANCE,depgraph_blueprint,high
src/zephyr/autonomy_perm/behavioral_auditor/integration_test_runner.py,,MOD-INF-033,D-GOV,D-GOV-SCRIPT_GOVERNANCE,depgraph_blueprint,high
src/zephyr/autonomy_perm/behavioral_auditor/ml_engineering.py,,MOD-INF-023,D-GOV,D_GOV_DRIFT_DETECTION,depgraph_blueprint,high
src/zephyr/autonomy_perm/behavioral_auditor/model_drift_monitor.py,,MOD-INF-023,D-GOV,D_GOV_DRIFT_DETECTION,depgraph_blueprint,high
src/zephyr/autonomy_perm/behavioral_auditor/naming_magic_checker.py,,MOD-INF-033,D-GOV,D-GOV-SCRIPT_GOVERNANCE,depgraph_blueprint,high
src/zephyr/autonomy_perm/behavioral_auditor/orphan_scanner.py,,MOD-INF-033,D-GOV,D-GOV-SCRIPT_GOVERNANCE,depgraph_blueprint,high
src/zephyr/autonomy_perm/behavioral_auditor/performance_baseline.py,,MOD-INF-023,D-GOV,D_GOV_DRIFT_DETECTION,depgraph_blueprint,high
src/zephyr/autonomy_perm/behavioral_auditor/python_compat.py,,MOD-INF-033,D-GOV,D-GOV-SCRIPT_GOVERNANCE,depgraph_blueprint,high
src/zephyr/autonomy_perm/behavioral_auditor/reconciler.py,,MOD-INF-033,D-GOV,D-GOV-SCRIPT_GOVERNANCE,depgraph_blueprint,high
src/zephyr/autonomy_perm/behavioral_auditor/regime_detector.py,,MOD-INF-023,D-GOV,D_GOV_DRIFT_DETECTION,depgraph_blueprint,high
src/zephyr/autonomy_perm/behavioral_auditor/resource_guard.py,,MOD-INF-033,D-GOV,D-GOV-SCRIPT_GOVERNANCE,depgraph_blueprint,high
src/zephyr/autonomy_perm/behavioral_auditor/roi_engine.py,,MOD-INF-033,D-GOV,D-GOV-SCRIPT_GOVERNANCE,depgraph_blueprint,high
src/zephyr/autonomy_perm/behavioral_auditor/rollback_bridge.py,,MOD-INF-033,D-GOV,D-GOV-SCRIPT_GOVERNANCE,depgraph_blueprint,high
src/zephyr/autonomy_perm/behavioral_auditor/runbook_generator.py,,MOD-INF-033,D-GOV,D-GOV-SCRIPT_GOVERNANCE,depgraph_blueprint,high
src/zephyr/autonomy_perm/behavioral_auditor/scan_mutex.py,,MOD-INF-033,D-GOV,D-GOV-SCRIPT_GOVERNANCE,depgraph_blueprint,high
src/zephyr/autonomy_perm/behavioral_auditor/self_check.py,,MOD-INF-033,D-GOV,D-GOV-SCRIPT_GOVERNANCE,depgraph_blueprint,high
src/zephyr/autonomy_perm/behavioral_auditor/self_test_verifier.py,,MOD-INF-033,D-GOV,D-GOV-SCRIPT_GOVERNANCE,depgraph_blueprint,high
src/zephyr/autonomy_perm/behavioral_auditor/state_machine.py,,MOD-INF-033,D-GOV,D-GOV-SCRIPT_GOVERNANCE,depgraph_blueprint,high
src/zephyr/autonomy_perm/behavioral_auditor/suppression_learner.py,,MOD-INF-033,D-GOV,D-GOV-SCRIPT_GOVERNANCE,depgraph_blueprint,high
src/zephyr/autonomy_perm/behavioral_auditor/symlink_checker.py,,MOD-INF-033,D-GOV,D-GOV-SCRIPT_GOVERNANCE,depgraph_blueprint,high
src/zephyr/autonomy_perm/behavioral_auditor/system_topology.py,,MOD-INF-023,D-GOV,D_GOV_DRIFT_DETECTION,depgraph_blueprint,high
src/zephyr/autonomy_perm/behavioral_auditor/tamper_proof_audit.py,,MOD-INF-033,D-GOV,D-GOV-SCRIPT_GOVERNANCE,depgraph_blueprint,high
src/zephyr/autonomy_perm/behavioral_auditor/test_fixture_checker.py,,MOD-INF-033,D-GOV,D-GOV-SCRIPT_GOVERNANCE,depgraph_blueprint,high
src/zephyr/autonomy_perm/behavioral_auditor/trend_analyzer.py,,MOD-INF-033,D-GOV,D-GOV-SCRIPT_GOVERNANCE,depgraph_blueprint,high
src/zephyr/autonomy_perm/budget_enforcer/__init__.py,,MOD-INF-024,D-RES,D-RES-BUDGET_ENFORCEMENT,depgraph_blueprint,high
src/zephyr/autonomy_perm/budget_enforcer/action_history.py,,MOD-INF-024,D-RES,D-RES-BUDGET_ENFORCEMENT,depgraph_blueprint,high
src/zephyr/autonomy_perm/budget_enforcer/adversarial_tester.py,,MOD-INF-024,D-RES,D-RES-BUDGET_ENFORCEMENT,depgraph_blueprint,high
src/zephyr/autonomy_perm/budget_enforcer/alerts.py,,MOD-INF-024,D-RES,D-RES-BUDGET_ENFORCEMENT,depgraph_blueprint,high
src/zephyr/autonomy_perm/budget_enforcer/bandwidth_optimizer.py,,MOD-INF-024,D-RES,D-RES-BUDGET_ENFORCEMENT,depgraph_blueprint,high
src/zephyr/autonomy_perm/budget_enforcer/bootstrapping_calibrator.py,,MOD-INF-024,D-RES,D-RES-BUDGET_ENFORCEMENT,depgraph_blueprint,high
src/zephyr/autonomy_perm/budget_enforcer/bridges/__init__.py,,MOD-INF-024,D-RES,D-RES-BUDGET_ENFORCEMENT,depgraph_blueprint,high
src/zephyr/autonomy_perm/budget_enforcer/bridges/alerts.py,,MOD-INF-024,D-RES,D-RES-BUDGET_ENFORCEMENT,depgraph_blueprint,high
src/zephyr/autonomy_perm/budget_enforcer/bridges/rbac_bridge.py,,MOD-INF-024,D-RES,D-RES-BUDGET_ENFORCEMENT,depgraph_blueprint,high
src/zephyr/autonomy_perm/budget_enforcer/budget_engine.py,,MOD-INF-024,D-RES,D-RES-BUDGET_ENFORCEMENT,depgraph_blueprint,high
src/zephyr/autonomy_perm/budget_enforcer/budget_models.py,,MOD-INF-024,D-RES,D-RES-BUDGET_ENFORCEMENT,depgraph_blueprint,high
src/zephyr/autonomy_perm/budget_enforcer/budget_profile_manager.py,,MOD-INF-024,D-RES,D-RES-BUDGET_ENFORCEMENT,depgraph_blueprint,high
src/zephyr/autonomy_perm/budget_enforcer/budget_tracker.py,,MOD-INF-024,D-RES,D-RES-BUDGET_ENFORCEMENT,depgraph_blueprint,high
src/zephyr/autonomy_perm/budget_enforcer/burn_rate_monitor.py,,MOD-INF-024,D-RES,D-RES-BUDGET_ENFORCEMENT,depgraph_blueprint,high
src/zephyr/autonomy_perm/budget_enforcer/context_budget.py,,MOD-INF-024,D-RES,D-RES-BUDGET_ENFORCEMENT,depgraph_blueprint,high
src/zephyr/autonomy_perm/budget_enforcer/context_manager.py,,MOD-INF-024,D-RES,D-RES-BUDGET_ENFORCEMENT,depgraph_blueprint,high
src/zephyr/autonomy_perm/budget_enforcer/context_recycling.py,,MOD-INF-024,D-RES,D-RES-BUDGET_ENFORCEMENT,depgraph_blueprint,high
src/zephyr/autonomy_perm/budget_enforcer/context_waste_detector.py,,MOD-INF-024,D-RES,D-RES-BUDGET_ENFORCEMENT,depgraph_blueprint,high
src/zephyr/autonomy_perm/budget_enforcer/conversation_tax_detector.py,,MOD-INF-024,D-RES,D-RES-BUDGET_ENFORCEMENT,depgraph_blueprint,high
src/zephyr/autonomy_perm/budget_enforcer/cost_attributor.py,,MOD-INF-024,D-RES,D-RES-BUDGET_ENFORCEMENT,depgraph_blueprint,high
src/zephyr/autonomy_perm/budget_enforcer/cost_budget.py,,MOD-INF-024,D-RES,D-RES-BUDGET_ENFORCEMENT,depgraph_blueprint,high
src/zephyr/autonomy_perm/budget_enforcer/cost_router.py,,MOD-INF-024,D-RES,D-RES-BUDGET_ENFORCEMENT,depgraph_blueprint,high
src/zephyr/autonomy_perm/budget_enforcer/daily_ops.py,,MOD-INF-024,D-RES,D-RES-BUDGET_ENFORCEMENT,depgraph_blueprint,high
src/zephyr/autonomy_perm/budget_enforcer/degradation_manager.py,,MOD-INF-024,D-RES,D-RES-BUDGET_ENFORCEMENT,depgraph_blueprint,high
src/zephyr/autonomy_perm/budget_enforcer/fail_mode_manager.py,,MOD-INF-024,D-RES,D-RES-BUDGET_ENFORCEMENT,depgraph_blueprint,high
src/zephyr/autonomy_perm/budget_enforcer/instruction_bloat_detector.py,,MOD-INF-024,D-RES,D-RES-BUDGET_ENFORCEMENT,depgraph_blueprint,high
src/zephyr/autonomy_perm/budget_enforcer/ipi_defense.py,,MOD-INF-024,D-RES,D-RES-BUDGET_ENFORCEMENT,depgraph_blueprint,high
src/zephyr/autonomy_perm/budget_enforcer/model_provider_data.py,,MOD-INF-024,D-RES,D-RES-BUDGET_ENFORCEMENT,depgraph_blueprint,high
src/zephyr/autonomy_perm/budget_enforcer/model_router.py,,MOD-INF-024,D-RES,D-RES-BUDGET_ENFORCEMENT,depgraph_blueprint,high
src/zephyr/autonomy_perm/budget_enforcer/ops_foundation.py,,MOD-INF-024,D-RES,D-RES-BUDGET_ENFORCEMENT,depgraph_blueprint,high
src/zephyr/autonomy_perm/budget_enforcer/output_quality_gate.py,,MOD-INF-024,D-RES,D-RES-BUDGET_ENFORCEMENT,depgraph_blueprint,high
src/zephyr/autonomy_perm/budget_enforcer/parent_child_attributor.py,,MOD-INF-024,D-RES,D-RES-BUDGET_ENFORCEMENT,depgraph_blueprint,high
src/zephyr/autonomy_perm/budget_enforcer/poison_cascade_detector.py,,MOD-INF-024,D-RES,D-RES-BUDGET_ENFORCEMENT,depgraph_blueprint,high
src/zephyr/autonomy_perm/budget_enforcer/policy_sandbox.py,,MOD-INF-024,D-RES,D-RES-BUDGET_ENFORCEMENT,depgraph_blueprint,high
src/zephyr/autonomy_perm/budget_enforcer/pre_flight_gate.py,,MOD-INF-024,D-RES,D-RES-BUDGET_ENFORCEMENT,depgraph_blueprint,high
src/zephyr/autonomy_perm/budget_enforcer/pricing_sync.py,,MOD-INF-024,D-RES,D-RES-BUDGET_ENFORCEMENT,depgraph_blueprint,high
src/zephyr/autonomy_perm/budget_enforcer/rbac_bridge.py,,MOD-INF-024,D-RES,D-RES-BUDGET_ENFORCEMENT,depgraph_blueprint,high
src/zephyr/autonomy_perm/budget_enforcer/roi_calculator.py,,MOD-INF-024,D-RES,D-RES-BUDGET_ENFORCEMENT,depgraph_blueprint,high
src/zephyr/autonomy_perm/budget_enforcer/self_budget_tracker.py,,MOD-INF-024,D-RES,D-RES-BUDGET_ENFORCEMENT,depgraph_blueprint,high
src/zephyr/autonomy_perm/budget_enforcer/semantic_cache.py,,MOD-INF-024,D-RES,D-RES-BUDGET_ENFORCEMENT,depgraph_blueprint,high
src/zephyr/autonomy_perm/budget_enforcer/spiral_ews.py,,MOD-INF-024,D-RES,D-RES-BUDGET_ENFORCEMENT,depgraph_blueprint,high
src/zephyr/autonomy_perm/budget_enforcer/stream_abort_guard.py,,MOD-INF-024,D-RES,D-RES-BUDGET_ENFORCEMENT,depgraph_blueprint,high
src/zephyr/autonomy_perm/budget_enforcer/tamper_evident_log.py,,MOD-INF-024,D-RES,D-RES-BUDGET_ENFORCEMENT,depgraph_blueprint,high
src/zephyr/autonomy_perm/budget_enforcer/tco_model.py,,MOD-INF-024,D-RES,D-RES-BUDGET_ENFORCEMENT,depgraph_blueprint,high
src/zephyr/autonomy_perm/budget_enforcer/think_time_model.py,,MOD-INF-024,D-RES,D-RES-BUDGET_ENFORCEMENT,depgraph_blueprint,high
src/zephyr/autonomy_perm/budget_enforcer/time_sync.py,,MOD-INF-024,D-RES,D-RES-BUDGET_ENFORCEMENT,depgraph_blueprint,high
src/zephyr/autonomy_perm/budget_enforcer/timeout_guard.py,,MOD-INF-024,D-RES,D-RES-BUDGET_ENFORCEMENT,depgraph_blueprint,high
src/zephyr/autonomy_perm/budget_enforcer/token_budget.py,,MOD-INF-024,D-RES,D-RES-BUDGET_ENFORCEMENT,depgraph_blueprint,high
src/zephyr/autonomy_perm/budget_enforcer/trust_ring_manager.py,,MOD-INF-024,D-RES,D-RES-BUDGET_ENFORCEMENT,depgraph_blueprint,high
src/zephyr/autonomy_perm/escalation_engine/__init__.py,,MOD-INF-022,D-RES,D-RES-ESCALATION,depgraph_blueprint,high
src/zephyr/autonomy_perm/escalation_engine/_circuit_breaker.py,,MOD-INF-022,D-RES,D-RES-ESCALATION,depgraph_blueprint,high
src/zephyr/autonomy_perm/escalation_engine/_core.py,,MOD-INF-022,D-RES,D-RES-ESCALATION,depgraph_blueprint,high
src/zephyr/autonomy_perm/escalation_engine/_delegation.py,,MOD-INF-022,D-RES,D-RES-ESCALATION,depgraph_blueprint,high
src/zephyr/autonomy_perm/escalation_engine/_safety.py,,MOD-INF-022,D-RES,D-RES-ESCALATION,depgraph_blueprint,high
src/zephyr/autonomy_perm/escalation_engine/a2a_failure.py,,MOD-INF-022,D-RES,D-RES-ESCALATION,depgraph_blueprint,high
src/zephyr/autonomy_perm/escalation_engine/account_isolator.py,,MOD-INF-022,D-RES,D-RES-ESCALATION,depgraph_blueprint,high
src/zephyr/autonomy_perm/escalation_engine/adapter.py,,MOD-INF-022,D-RES,D-RES-ESCALATION,depgraph_blueprint,high
src/zephyr/autonomy_perm/escalation_engine/alternative_path_blocker.py,,MOD-INF-022,D-RES,D-RES-ESCALATION,depgraph_blueprint,high
src/zephyr/autonomy_perm/escalation_engine/anti_automation_bias.py,,MOD-INF-022,D-RES,D-RES-ESCALATION,depgraph_blueprint,high
src/zephyr/autonomy_perm/escalation_engine/api_response_sanitizer.py,,MOD-INF-022,D-RES,D-RES-ESCALATION,depgraph_blueprint,high
src/zephyr/autonomy_perm/escalation_engine/approval.py,,MOD-INF-022,D-RES,D-RES-ESCALATION,depgraph_blueprint,high
src/zephyr/autonomy_perm/escalation_engine/arbitrage_asymmetry_detector.py,,MOD-INF-022,D-RES,D-RES-ESCALATION,depgraph_blueprint,high
src/zephyr/autonomy_perm/escalation_engine/audit_write_failure_protector.py,,MOD-INF-022,D-RES,D-RES-ESCALATION,depgraph_blueprint,high
src/zephyr/autonomy_perm/escalation_engine/autonomy_regressor.py,,MOD-INF-022,D-RES,D-RES-ESCALATION,depgraph_blueprint,high
src/zephyr/autonomy_perm/escalation_engine/bare_repo_scanner.py,,MOD-INF-022,D-RES,D-RES-ESCALATION,depgraph_blueprint,high
src/zephyr/autonomy_perm/escalation_engine/blueprint_bloat_monitor.py,,MOD-INF-022,D-RES,D-RES-ESCALATION,depgraph_blueprint,high
src/zephyr/autonomy_perm/escalation_engine/blueprint_code_consistency.py,,MOD-INF-022,D-RES,D-RES-ESCALATION,depgraph_blueprint,high
src/zephyr/autonomy_perm/escalation_engine/blueprint_reconciler.py,,MOD-INF-022,D-RES,D-RES-ESCALATION,depgraph_blueprint,high
src/zephyr/autonomy_perm/escalation_engine/broker_resilience.py,,MOD-INF-022,D-RES,D-RES-ESCALATION,depgraph_blueprint,high
src/zephyr/autonomy_perm/escalation_engine/budget_handler.py,,MOD-INF-022,D-RES,D-RES-ESCALATION,depgraph_blueprint,high
src/zephyr/autonomy_perm/escalation_engine/bus_factor_defense.py,,MOD-INF-022,D-RES,D-RES-ESCALATION,depgraph_blueprint,high
src/zephyr/autonomy_perm/escalation_engine/circuit_breaker.py,,MOD-INF-022,D-RES,D-RES-ESCALATION,depgraph_blueprint,high
src/zephyr/autonomy_perm/escalation_engine/clock_guard.py,,MOD-INF-022,D-RES,D-RES-ESCALATION,depgraph_blueprint,high
src/zephyr/autonomy_perm/escalation_engine/coldstart_manager.py,,MOD-INF-022,D-RES,D-RES-ESCALATION,depgraph_blueprint,high
src/zephyr/autonomy_perm/escalation_engine/command_chain_length_gate.py,,MOD-INF-022,D-RES,D-RES-ESCALATION,depgraph_blueprint,high
src/zephyr/autonomy_perm/escalation_engine/compliance_mapper.py,,MOD-INF-022,D-RES,D-RES-ESCALATION,depgraph_blueprint,high
src/zephyr/autonomy_perm/escalation_engine/compositional_safety_tester.py,,MOD-INF-022,D-RES,D-RES-ESCALATION,depgraph_blueprint,high
src/zephyr/autonomy_perm/escalation_engine/confidence_estimator.py,,MOD-INF-022,D-RES,D-RES-ESCALATION,depgraph_blueprint,high
src/zephyr/autonomy_perm/escalation_engine/config_scanner.py,,MOD-INF-022,D-RES,D-RES-ESCALATION,depgraph_blueprint,high
src/zephyr/autonomy_perm/escalation_engine/consequence_manager.py,,MOD-INF-022,D-RES,D-RES-ESCALATION,depgraph_blueprint,high
src/zephyr/autonomy_perm/escalation_engine/construction_verifier.py,,MOD-INF-022,D-RES,D-RES-ESCALATION,depgraph_blueprint,high
src/zephyr/autonomy_perm/escalation_engine/context_package.py,,MOD-INF-022,D-RES,D-RES-ESCALATION,depgraph_blueprint,high
src/zephyr/autonomy_perm/escalation_engine/context_switch_governor.py,,MOD-INF-022,D-RES,D-RES-ESCALATION,depgraph_blueprint,high
src/zephyr/autonomy_perm/escalation_engine/contracts.py,,MOD-INF-022,D-RES,D-RES-ESCALATION,depgraph_blueprint,high
src/zephyr/autonomy_perm/escalation_engine/credential_guard.py,,MOD-INF-022,D-RES,D-RES-ESCALATION,depgraph_blueprint,high
src/zephyr/autonomy_perm/escalation_engine/cross_assistant_adapter.py,,MOD-INF-022,D-RES,D-RES-ESCALATION,depgraph_blueprint,high
src/zephyr/autonomy_perm/escalation_engine/cross_session_correlator.py,,MOD-INF-022,D-RES,D-RES-ESCALATION,depgraph_blueprint,high
src/zephyr/autonomy_perm/escalation_engine/data_pipeline_guard.py,,MOD-INF-022,D-RES,D-RES-ESCALATION,depgraph_blueprint,high
src/zephyr/autonomy_perm/escalation_engine/deadlock_detector.py,,MOD-INF-022,D-RES,D-RES-ESCALATION,depgraph_blueprint,high
src/zephyr/autonomy_perm/escalation_engine/decision_fatigue.py,,MOD-INF-022,D-RES,D-RES-ESCALATION,depgraph_blueprint,high
src/zephyr/autonomy_perm/escalation_engine/decision_fatigue_cli.py,,MOD-INF-022,D-RES,D-RES-ESCALATION,depgraph_blueprint,high
src/zephyr/autonomy_perm/escalation_engine/delegation_engine.py,,MOD-INF-022,D-RES,D-RES-ESCALATION,depgraph_blueprint,high
src/zephyr/autonomy_perm/escalation_engine/delegation_manager.py,,MOD-INF-022,D-RES,D-RES-ESCALATION,depgraph_blueprint,high
src/zephyr/autonomy_perm/escalation_engine/drift_detector.py,,MOD-INF-022,D-RES,D-RES-ESCALATION,depgraph_blueprint,high
src/zephyr/autonomy_perm/escalation_engine/engine_sandbox.py,,MOD-INF-022,D-RES,D-RES-ESCALATION,depgraph_blueprint,high
src/zephyr/autonomy_perm/escalation_engine/error_budget_burst_limiter.py,,MOD-INF-022,D-RES,D-RES-ESCALATION,depgraph_blueprint,high
src/zephyr/autonomy_perm/escalation_engine/escalation_api.py,,MOD-INF-022,D-RES,D-RES-ESCALATION,depgraph_blueprint,high
src/zephyr/autonomy_perm/escalation_engine/escalation_engine.py,,MOD-INF-022,D-RES,D-RES-ESCALATION,depgraph_blueprint,high
src/zephyr/autonomy_perm/escalation_engine/escalation_fatigue_manager.py,,MOD-INF-022,D-RES,D-RES-ESCALATION,depgraph_blueprint,high
src/zephyr/autonomy_perm/escalation_engine/escalation_loop_detector.py,,MOD-INF-022,D-RES,D-RES-ESCALATION,depgraph_blueprint,high
src/zephyr/autonomy_perm/escalation_engine/escalation_metrics.py,,MOD-INF-022,D-RES,D-RES-ESCALATION,depgraph_blueprint,high
src/zephyr/autonomy_perm/escalation_engine/escalation_models.py,,MOD-INF-022,D-RES,D-RES-ESCALATION,depgraph_blueprint,high
src/zephyr/autonomy_perm/escalation_engine/escalation_smoke_tests.py,,MOD-INF-022,D-RES,D-RES-ESCALATION,depgraph_blueprint,high
src/zephyr/autonomy_perm/escalation_engine/exchange_partition_detector.py,,MOD-INF-022,D-RES,D-RES-ESCALATION,depgraph_blueprint,high
src/zephyr/autonomy_perm/escalation_engine/exchange_reg_monitor.py,,MOD-INF-022,D-RES,D-RES-ESCALATION,depgraph_blueprint,high
src/zephyr/autonomy_perm/escalation_engine/flash_crash_guard.py,,MOD-INF-022,D-RES,D-RES-ESCALATION,depgraph_blueprint,high
src/zephyr/autonomy_perm/escalation_engine/forensic_package.py,,MOD-INF-022,D-RES,D-RES-ESCALATION,depgraph_blueprint,high
src/zephyr/autonomy_perm/escalation_engine/formal_verifier.py,,MOD-INF-022,D-RES,D-RES-ESCALATION,depgraph_blueprint,high
src/zephyr/autonomy_perm/escalation_engine/gap_analyzer.py,,MOD-INF-022,D-RES,D-RES-ESCALATION,depgraph_blueprint,high
src/zephyr/autonomy_perm/escalation_engine/ghost_scan.py,,MOD-INF-022,D-RES,D-RES-ESCALATION,depgraph_blueprint,high
src/zephyr/autonomy_perm/escalation_engine/git_hook_pre_scanner.py,,MOD-INF-022,D-RES,D-RES-ESCALATION,depgraph_blueprint,high
src/zephyr/autonomy_perm/escalation_engine/github_api_guard.py,,MOD-INF-022,D-RES,D-RES-ESCALATION,depgraph_blueprint,high
src/zephyr/autonomy_perm/escalation_engine/governance/__init__.py,,MOD-INF-022,D-RES,D-RES-ESCALATION,depgraph_blueprint,high
src/zephyr/autonomy_perm/escalation_engine/governance/a2a_failure.py,,MOD-INF-022,D-RES,D-RES-ESCALATION,depgraph_blueprint,high
src/zephyr/autonomy_perm/escalation_engine/governance/approval.py,,MOD-INF-022,D-RES,D-RES-ESCALATION,depgraph_blueprint,high
src/zephyr/autonomy_perm/escalation_engine/governance/budget_handler.py,,MOD-INF-022,D-RES,D-RES-ESCALATION,depgraph_blueprint,high
src/zephyr/autonomy_perm/escalation_engine/governance/contracts.py,,MOD-INF-022,D-RES,D-RES-ESCALATION,depgraph_blueprint,high
src/zephyr/autonomy_perm/escalation_engine/governance/rbac_bridge.py,,MOD-INF-022,D-RES,D-RES-ESCALATION,depgraph_blueprint,high
src/zephyr/autonomy_perm/escalation_engine/hooks_integrity_guard.py,,MOD-INF-022,D-RES,D-RES-ESCALATION,depgraph_blueprint,high
src/zephyr/autonomy_perm/escalation_engine/human_factors.py,,MOD-INF-022,D-RES,D-RES-ESCALATION,depgraph_blueprint,high
src/zephyr/autonomy_perm/escalation_engine/identity_verifier.py,,MOD-INF-022,D-RES,D-RES-ESCALATION,depgraph_blueprint,high
src/zephyr/autonomy_perm/escalation_engine/incident_response.py,,MOD-INF-022,D-RES,D-RES-ESCALATION,depgraph_blueprint,high
src/zephyr/autonomy_perm/escalation_engine/integrity_verifier.py,,MOD-INF-022,D-RES,D-RES-ESCALATION,depgraph_blueprint,high
src/zephyr/autonomy_perm/escalation_engine/interrupt_handler.py,,MOD-INF-022,D-RES,D-RES-ESCALATION,depgraph_blueprint,high
src/zephyr/autonomy_perm/escalation_engine/last_resort_watchdog.py,,MOD-INF-022,D-RES,D-RES-ESCALATION,depgraph_blueprint,high
src/zephyr/autonomy_perm/escalation_engine/maintenance_window_adapter.py,,MOD-INF-022,D-RES,D-RES-ESCALATION,depgraph_blueprint,high
src/zephyr/autonomy_perm/escalation_engine/memory_poison_guard.py,,MOD-INF-022,D-RES,D-RES-ESCALATION,depgraph_blueprint,high
src/zephyr/autonomy_perm/escalation_engine/memory_provenance.py,,MOD-INF-022,D-RES,D-RES-ESCALATION,depgraph_blueprint,high
src/zephyr/autonomy_perm/escalation_engine/merkle_audit.py,,MOD-INF-022,D-RES,D-RES-ESCALATION,depgraph_blueprint,high
src/zephyr/autonomy_perm/escalation_engine/meta_confidence.py,,MOD-INF-022,D-RES,D-RES-ESCALATION,depgraph_blueprint,high
src/zephyr/autonomy_perm/escalation_engine/meta_observability.py,,MOD-INF-022,D-RES,D-RES-ESCALATION,depgraph_blueprint,high
src/zephyr/autonomy_perm/escalation_engine/model_version_detector.py,,MOD-INF-022,D-RES,D-RES-ESCALATION,depgraph_blueprint,high
src/zephyr/autonomy_perm/escalation_engine/multi_turn_intent_analyzer.py,,MOD-INF-022,D-RES,D-RES-ESCALATION,depgraph_blueprint,high
src/zephyr/autonomy_perm/escalation_engine/mvep_orchestrator.py,,MOD-INF-022,D-RES,D-RES-ESCALATION,depgraph_blueprint,high
src/zephyr/autonomy_perm/escalation_engine/objective_tracker.py,,MOD-INF-022,D-RES,D-RES-ESCALATION,depgraph_blueprint,high
src/zephyr/autonomy_perm/escalation_engine/oms_risk_engine.py,,MOD-INF-022,D-RES,D-RES-ESCALATION,depgraph_blueprint,high
src/zephyr/autonomy_perm/escalation_engine/order_state_escalator.py,,MOD-INF-022,D-RES,D-RES-ESCALATION,depgraph_blueprint,high
src/zephyr/autonomy_perm/escalation_engine/persuasion_detector.py,,MOD-INF-022,D-RES,D-RES-ESCALATION,depgraph_blueprint,high
src/zephyr/autonomy_perm/escalation_engine/position_reconciler.py,,MOD-INF-022,D-RES,D-RES-ESCALATION,depgraph_blueprint,high
src/zephyr/autonomy_perm/escalation_engine/process_isolator.py,,MOD-INF-022,D-RES,D-RES-ESCALATION,depgraph_blueprint,high
src/zephyr/autonomy_perm/escalation_engine/protocol_self_context.py,,MOD-INF-022,D-RES,D-RES-ESCALATION,depgraph_blueprint,high
src/zephyr/autonomy_perm/escalation_engine/protocol_state_store.py,,MOD-INF-022,D-RES,D-RES-ESCALATION,depgraph_blueprint,high
src/zephyr/autonomy_perm/escalation_engine/provider_failover.py,,MOD-INF-022,D-RES,D-RES-ESCALATION,depgraph_blueprint,high
src/zephyr/autonomy_perm/escalation_engine/rbac_bridge.py,,MOD-INF-022,D-RES,D-RES-ESCALATION,depgraph_blueprint,high
src/zephyr/autonomy_perm/escalation_engine/reward_hacking_rebound_detector.py,,MOD-INF-022,D-RES,D-RES-ESCALATION,depgraph_blueprint,high
src/zephyr/autonomy_perm/escalation_engine/risk_matrix.py,,MOD-INF-022,D-RES,D-RES-ESCALATION,depgraph_blueprint,high
src/zephyr/autonomy_perm/escalation_engine/rule_canary_manager.py,,MOD-INF-022,D-RES,D-RES-ESCALATION,depgraph_blueprint,high
src/zephyr/autonomy_perm/escalation_engine/rule_debt_auditor.py,,MOD-INF-022,D-RES,D-RES-ESCALATION,depgraph_blueprint,high
src/zephyr/autonomy_perm/escalation_engine/rule_shadow_runner.py,,MOD-INF-022,D-RES,D-RES-ESCALATION,depgraph_blueprint,high
src/zephyr/autonomy_perm/escalation_engine/sbom_guard.py,,MOD-INF-022,D-RES,D-RES-ESCALATION,depgraph_blueprint,high
src/zephyr/autonomy_perm/escalation_engine/security_config_scanner.py,,MOD-INF-022,D-RES,D-RES-ESCALATION,depgraph_blueprint,high
src/zephyr/autonomy_perm/escalation_engine/self_test.py,,MOD-INF-022,D-RES,D-RES-ESCALATION,depgraph_blueprint,high
src/zephyr/autonomy_perm/escalation_engine/self_validator.py,,MOD-INF-022,D-RES,D-RES-ESCALATION,depgraph_blueprint,high
src/zephyr/autonomy_perm/escalation_engine/silence_detector.py,,MOD-INF-022,D-RES,D-RES-ESCALATION,depgraph_blueprint,high
src/zephyr/autonomy_perm/escalation_engine/slo_contract.py,,MOD-INF-022,D-RES,D-RES-ESCALATION,depgraph_blueprint,high
src/zephyr/autonomy_perm/escalation_engine/spof_checker.py,,MOD-INF-022,D-RES,D-RES-ESCALATION,depgraph_blueprint,high
src/zephyr/autonomy_perm/escalation_engine/strategy_portfolio.py,,MOD-INF-022,D-RES,D-RES-ESCALATION,depgraph_blueprint,high
src/zephyr/autonomy_perm/escalation_engine/strategy_scoper.py,,MOD-INF-022,D-RES,D-RES-ESCALATION,depgraph_blueprint,high
src/zephyr/autonomy_perm/escalation_engine/subagent_hook_propagator.py,,MOD-INF-022,D-RES,D-RES-ESCALATION,depgraph_blueprint,high
src/zephyr/autonomy_perm/escalation_engine/vibe_security_verify.py,,MOD-INF-022,D-RES,D-RES-ESCALATION,depgraph_blueprint,high
src/zephyr/autonomy_perm/escalation_engine/vibe_verify_integration.py,,MOD-INF-022,D-RES,D-RES-ESCALATION,depgraph_blueprint,high
src/zephyr/autonomy_perm/escalation_engine/vigil_runtime.py,,MOD-INF-022,D-RES,D-RES-ESCALATION,depgraph_blueprint,high
src/zephyr/autonomy_perm/escalation_engine/witness_isolation.py,,MOD-INF-022,D-RES,D-RES-ESCALATION,depgraph_blueprint,high
src/zephyr/autonomy_perm/orphan_judge/__init__.py,,MOD-INF-029,D-GOV,D-GOV-ORPHAN_JUDGMENT,depgraph_blueprint,high
src/zephyr/autonomy_perm/orphan_judge/__main__.py,,MOD-INF-029,D-GOV,D-GOV-ORPHAN_JUDGMENT,depgraph_blueprint,high
src/zephyr/autonomy_perm/orphan_judge/cascade_analyzer.py,,MOD-INF-029,D-GOV,D-GOV-ORPHAN_JUDGMENT,depgraph_blueprint,high
src/zephyr/autonomy_perm/orphan_judge/config_loader.py,,MOD-INF-029,D-GOV,D-GOV-ORPHAN_JUDGMENT,depgraph_blueprint,high
src/zephyr/autonomy_perm/orphan_judge/db.py,,MOD-INF-029,D-GOV,D-GOV-ORPHAN_JUDGMENT,depgraph_blueprint,high
src/zephyr/autonomy_perm/orphan_judge/decision_table.py,,MOD-INF-029,D-GOV,D-GOV-ORPHAN_JUDGMENT,depgraph_blueprint,high
src/zephyr/autonomy_perm/orphan_judge/deprecation_tracker.py,,MOD-INF-029,D-GOV,D-GOV-ORPHAN_JUDGMENT,depgraph_blueprint,high
src/zephyr/autonomy_perm/orphan_judge/drift_bridge.py,,MOD-INF-029,D-GOV,D-GOV-ORPHAN_JUDGMENT,depgraph_blueprint,high
src/zephyr/autonomy_perm/orphan_judge/duplicate_detector.py,,MOD-INF-029,D-GOV,D-GOV-ORPHAN_JUDGMENT,depgraph_blueprint,high
src/zephyr/autonomy_perm/orphan_judge/escalation_bridge.py,,MOD-INF-029,D-GOV,D-GOV-ORPHAN_JUDGMENT,depgraph_blueprint,high
src/zephyr/autonomy_perm/orphan_judge/feedback_bridge.py,,MOD-INF-029,D-GOV,D-GOV-ORPHAN_JUDGMENT,depgraph_blueprint,high
src/zephyr/autonomy_perm/orphan_judge/judge.py,,MOD-INF-029,D-GOV,D-GOV-ORPHAN_JUDGMENT,depgraph_blueprint,high
src/zephyr/autonomy_perm/orphan_judge/kb_bridge.py,,MOD-INF-029,D-GOV,D-GOV-ORPHAN_JUDGMENT,depgraph_blueprint,high
src/zephyr/autonomy_perm/orphan_judge/mcp_integration.py,,MOD-INF-029,D-GOV,D-GOV-ORPHAN_JUDGMENT,depgraph_blueprint,high
src/zephyr/autonomy_perm/orphan_judge/models.py,,MOD-INF-029,D-GOV,D-GOV-ORPHAN_JUDGMENT,depgraph_blueprint,high
src/zephyr/autonomy_perm/orphan_judge/orphan_collector.py,,MOD-INF-029,D-GOV,D-GOV-ORPHAN_JUDGMENT,depgraph_blueprint,high
src/zephyr/autonomy_perm/orphan_judge/orphan_detector.py,,MOD-INF-029,D-GOV,D-GOV-ORPHAN_JUDGMENT,depgraph_blueprint,high
src/zephyr/autonomy_perm/orphan_judge/rbac_bridge.py,,MOD-INF-029,D-GOV,D-GOV-ORPHAN_JUDGMENT,depgraph_blueprint,high
src/zephyr/autonomy_perm/orphan_judge/reference_graph_engine.py,,MOD-INF-029 — L1 引用图引擎,D-DATA,D-DATA-KNOWLEDGE_MANAGEMENT,depgraph_domain,high
src/zephyr/autonomy_perm/orphan_judge/registration_checker.py,,MOD-INF-029 — L0 注册检查器,D-DATA,D-DATA-KNOWLEDGE_MANAGEMENT,depgraph_domain,high
src/zephyr/autonomy_perm/orphan_judge/report_generator.py,,MOD-INF-029,D-GOV,D-GOV-ORPHAN_JUDGMENT,depgraph_blueprint,high
src/zephyr/autonomy_perm/orphan_judge/safety_fence.py,,MOD-INF-029,D-GOV,D-GOV-ORPHAN_JUDGMENT,depgraph_blueprint,high
src/zephyr/autonomy_perm/orphan_judge/standalone_evaluator.py,,MOD-INF-029 — L4 独立价值评估器,D-DATA,D-DATA-KNOWLEDGE_MANAGEMENT,depgraph_domain,high
src/zephyr/autonomy_perm/orphan_judge/swid_tag.py,,MOD-INF-029,D-GOV,D-GOV-ORPHAN_JUDGMENT,depgraph_blueprint,high
src/zephyr/autonomy_perm/orphan_judge/unique_analyzer.py,,MOD-INF-029 — L3 独特价值分析器,D-DATA,D-DATA-KNOWLEDGE_MANAGEMENT,depgraph_domain,high
src/zephyr/autonomy_perm/red_blue_validator/__init__.py,,MOD-INF-030,D-SEC,D-SEC-ADVERSARIAL_VALIDATION,depgraph_blueprint,high
src/zephyr/autonomy_perm/red_blue_validator/__main__.py,,MOD-INF-030,D-SEC,D-SEC-ADVERSARIAL_VALIDATION,depgraph_blueprint,high
src/zephyr/autonomy_perm/red_blue_validator/ai_attack_generator.py,,MOD-INF-030,D-SEC,D-SEC-ADVERSARIAL_VALIDATION,depgraph_blueprint,high
src/zephyr/autonomy_perm/red_blue_validator/async_monitor.py,,MOD-INF-030,D-SEC,D-SEC-ADVERSARIAL_VALIDATION,depgraph_blueprint,high
src/zephyr/autonomy_perm/red_blue_validator/attack_registry.py,,MOD-INF-030,D-SEC,D-SEC-ADVERSARIAL_VALIDATION,depgraph_blueprint,high
src/zephyr/autonomy_perm/red_blue_validator/blast_radius.py,,MOD-INF-030,D-SEC,D-SEC-ADVERSARIAL_VALIDATION,depgraph_blueprint,high
src/zephyr/autonomy_perm/red_blue_validator/bypass_recorder.py,,MOD-INF-030,D-SEC,D-SEC-ADVERSARIAL_VALIDATION,depgraph_blueprint,high
src/zephyr/autonomy_perm/red_blue_validator/circuit_breaker.py,,MOD-INF-030,D-SEC,D-SEC-ADVERSARIAL_VALIDATION,depgraph_blueprint,high
src/zephyr/autonomy_perm/red_blue_validator/cleanup.py,,MOD-INF-030,D-SEC,D-SEC-ADVERSARIAL_VALIDATION,depgraph_blueprint,high
src/zephyr/autonomy_perm/red_blue_validator/cli.py,,MOD-INF-030,D-SEC,D-SEC-ADVERSARIAL_VALIDATION,depgraph_blueprint,high
src/zephyr/autonomy_perm/red_blue_validator/cold_start.py,,MOD-INF-030,D-SEC,D-SEC-ADVERSARIAL_VALIDATION,depgraph_blueprint,high
src/zephyr/autonomy_perm/red_blue_validator/constitution_engine.py,,MOD-INF-030,D-SEC,D-SEC-ADVERSARIAL_VALIDATION,depgraph_blueprint,high
src/zephyr/autonomy_perm/red_blue_validator/constitution_guard.py,,MOD-INF-030,D-SEC,D-SEC-ADVERSARIAL_VALIDATION,depgraph_blueprint,high
src/zephyr/autonomy_perm/red_blue_validator/convergence_checker.py,,MOD-INF-030,D-SEC,D-SEC-ADVERSARIAL_VALIDATION,depgraph_blueprint,high
src/zephyr/autonomy_perm/red_blue_validator/defense_runner.py,,MOD-INF-030,D-SEC,D-SEC-ADVERSARIAL_VALIDATION,depgraph_blueprint,high
src/zephyr/autonomy_perm/red_blue_validator/game_day_runner.py,,MOD-INF-030,D-SEC,D-SEC-ADVERSARIAL_VALIDATION,depgraph_blueprint,high
src/zephyr/autonomy_perm/red_blue_validator/game_day_scheduler.py,,MOD-INF-030,D-SEC,D-SEC-ADVERSARIAL_VALIDATION,depgraph_blueprint,high
src/zephyr/autonomy_perm/red_blue_validator/injection_engine.py,,MOD-INF-030,D-SEC,D-SEC-ADVERSARIAL_VALIDATION,depgraph_blueprint,high
src/zephyr/autonomy_perm/red_blue_validator/mcp_endpoints.py,,MOD-INF-030,D-SEC,D-SEC-ADVERSARIAL_VALIDATION,depgraph_blueprint,high
src/zephyr/autonomy_perm/red_blue_validator/models.py,,MOD-INF-030,D-SEC,D-SEC-ADVERSARIAL_VALIDATION,depgraph_blueprint,high
src/zephyr/autonomy_perm/red_blue_validator/scenario_loader.py,,MOD-INF-030,D-SEC,D-SEC-ADVERSARIAL_VALIDATION,depgraph_blueprint,high
src/zephyr/autonomy_perm/red_blue_validator/steady_state.py,,MOD-INF-030,D-SEC,D-SEC-ADVERSARIAL_VALIDATION,depgraph_blueprint,high
src/zephyr/autonomy_perm/red_blue_validator/validator.py,,MOD-INF-030,D-SEC,D-SEC-ADVERSARIAL_VALIDATION,depgraph_blueprint,high
src/zephyr/compliance/__init__.py,,MOD-L10-001,D-GOV,D_GOV_RULE_ENFORCEMENT,depgraph_blueprint,high
src/zephyr/compliance/aisg_sandbox.py,,MOD-L10-001,D-GOV,D_GOV_RULE_ENFORCEMENT,depgraph_blueprint,high
src/zephyr/compliance/artifact_scanner.py,,MOD-L10-001,D-GOV,D_GOV_RULE_ENFORCEMENT,depgraph_blueprint,high
src/zephyr/compliance/audit_orchestrator/__init__.py,,MOD-INF-027,D-GOV,D_GOV_AUDIT_ORCHESTRATION,depgraph_blueprint,high
src/zephyr/compliance/audit_orchestrator/__main__.py,,MOD-INF-027,D-GOV,D_GOV_AUDIT_ORCHESTRATION,depgraph_blueprint,high
src/zephyr/compliance/audit_orchestrator/anomaly.py,,MOD-INF-027,D-GOV,D_GOV_AUDIT_ORCHESTRATION,depgraph_blueprint,high
src/zephyr/compliance/audit_orchestrator/audit_admission_controller.py,,MOD-INF-027,D-GOV,D_GOV_AUDIT_ORCHESTRATION,depgraph_blueprint,high
src/zephyr/compliance/audit_orchestrator/bridge.py,,MOD-INF-027,D-GOV,D_GOV_AUDIT_ORCHESTRATION,depgraph_blueprint,high
src/zephyr/compliance/audit_orchestrator/cli.py,,MOD-INF-027,D-GOV,D_GOV_AUDIT_ORCHESTRATION,depgraph_blueprint,high
src/zephyr/compliance/audit_orchestrator/cold_start.py,,MOD-INF-027,D-GOV,D_GOV_AUDIT_ORCHESTRATION,depgraph_blueprint,high
src/zephyr/compliance/audit_orchestrator/contracts.py,,MOD-INF-027,D-GOV,D_GOV_AUDIT_ORCHESTRATION,depgraph_blueprint,high
src/zephyr/compliance/audit_orchestrator/delegation_auditor.py,,MOD-INF-027,D-GOV,D_GOV_AUDIT_ORCHESTRATION,depgraph_blueprint,high
src/zephyr/compliance/audit_orchestrator/delegation_bridge.py,,MOD-INF-027,D-GOV,D_GOV_AUDIT_ORCHESTRATION,depgraph_blueprint,high
src/zephyr/compliance/audit_orchestrator/drift_bridge.py,,MOD-INF-027,D-GOV,D_GOV_AUDIT_ORCHESTRATION,depgraph_blueprint,high
src/zephyr/compliance/audit_orchestrator/evidence_pack.py,,MOD-INF-027,D-GOV,D_GOV_AUDIT_ORCHESTRATION,depgraph_blueprint,high
src/zephyr/compliance/audit_orchestrator/external_tool_audit.py,,MOD-INF-027,D-GOV,D_GOV_AUDIT_ORCHESTRATION,depgraph_blueprint,high
src/zephyr/compliance/audit_orchestrator/feedback_bridge.py,,MOD-INF-027,D-GOV,D_GOV_AUDIT_ORCHESTRATION,depgraph_blueprint,high
src/zephyr/compliance/audit_orchestrator/feedback_policy.py,,MOD-INF-027,D-GOV,D_GOV_AUDIT_ORCHESTRATION,depgraph_blueprint,high
src/zephyr/compliance/audit_orchestrator/genesis.py,,MOD-INF-027,D-GOV,D_GOV_AUDIT_ORCHESTRATION,depgraph_blueprint,high
src/zephyr/compliance/audit_orchestrator/indexer.py,,MOD-INF-027,D-GOV,D_GOV_AUDIT_ORCHESTRATION,depgraph_blueprint,high
src/zephyr/compliance/audit_orchestrator/integrity.py,,MOD-INF-027,D-GOV,D_GOV_AUDIT_ORCHESTRATION,depgraph_blueprint,high
src/zephyr/compliance/audit_orchestrator/log_rotation.py,,MOD-INF-027,D-GOV,D_GOV_AUDIT_ORCHESTRATION,depgraph_blueprint,high
src/zephyr/compliance/audit_orchestrator/merkle_hourly.py,,MOD-INF-027,D-GOV,D_GOV_AUDIT_ORCHESTRATION,depgraph_blueprint,high
src/zephyr/compliance/audit_orchestrator/models.py,,MOD-INF-027,D-GOV,D_GOV_AUDIT_ORCHESTRATION,depgraph_blueprint,high
src/zephyr/compliance/audit_orchestrator/pipeline_runner.py,,MOD-INF-027,D-GOV,D_GOV_AUDIT_ORCHESTRATION,depgraph_blueprint,high
src/zephyr/compliance/audit_orchestrator/query.py,,MOD-INF-027,D-GOV,D_GOV_AUDIT_ORCHESTRATION,depgraph_blueprint,high
src/zephyr/compliance/audit_orchestrator/replay_engine.py,,MOD-INF-027,D-GOV,D_GOV_AUDIT_ORCHESTRATION,depgraph_blueprint,high
src/zephyr/compliance/audit_orchestrator/resource_aware_pool.py,,MOD-INF-027,D-GOV,D_GOV_AUDIT_ORCHESTRATION,depgraph_blueprint,high
src/zephyr/compliance/audit_orchestrator/retention.py,,MOD-INF-027,D-GOV,D_GOV_AUDIT_ORCHESTRATION,depgraph_blueprint,high
src/zephyr/compliance/audit_orchestrator/self_monitor.py,,MOD-INF-027,D-GOV,D_GOV_AUDIT_ORCHESTRATION,depgraph_blueprint,high
src/zephyr/compliance/audit_orchestrator/text_to_finding_adapter.py,,MOD-INF-027,D-GOV,D_GOV_AUDIT_ORCHESTRATION,depgraph_blueprint,high
src/zephyr/compliance/audit_orchestrator/tiered_storage.py,,MOD-INF-027,D-GOV,D_GOV_AUDIT_ORCHESTRATION,depgraph_blueprint,high
src/zephyr/compliance/audit_orchestrator/tiered_storage_bridge.py,,MOD-INF-027,D-GOV,D_GOV_AUDIT_ORCHESTRATION,depgraph_blueprint,high
src/zephyr/compliance/audit_orchestrator/trust_bridge.py,,MOD-INF-027,D-GOV,D_GOV_AUDIT_ORCHESTRATION,depgraph_blueprint,high
src/zephyr/compliance/audit_orchestrator/trust_engine.py,,MOD-INF-027,D-GOV,D_GOV_AUDIT_ORCHESTRATION,depgraph_blueprint,high
src/zephyr/compliance/audit_orchestrator/writer.py,,MOD-INF-027,D-GOV,D_GOV_AUDIT_ORCHESTRATION,depgraph_blueprint,high
src/zephyr/compliance/audit_trail/__init__.py,,MOD-INF-027,D-GOV,D_GOV_AUDIT_ORCHESTRATION,depgraph_blueprint,high
src/zephyr/compliance/audit_trail/__main__.py,,MOD-INF-027,D-GOV,D_GOV_AUDIT_ORCHESTRATION,depgraph_blueprint,high
src/zephyr/compliance/audit_trail/agent_signer.py,,MOD-INF-020,D-OBS,D-OBS-AUDIT_TRAIL,depgraph_blueprint,high
src/zephyr/compliance/audit_trail/anomaly.py,,MOD-INF-027,D-GOV,D_GOV_AUDIT_ORCHESTRATION,depgraph_blueprint,high
src/zephyr/compliance/audit_trail/api_lifecycle.py,,MOD-INF-020,D-OBS,D-OBS-AUDIT_TRAIL,depgraph_blueprint,high
src/zephyr/compliance/audit_trail/audit_admission_controller.py,,MOD-INF-027,D-GOV,D_GOV_AUDIT_ORCHESTRATION,depgraph_blueprint,high
src/zephyr/compliance/audit_trail/bridge.py,,MOD-INF-027,D-GOV,D_GOV_AUDIT_ORCHESTRATION,depgraph_blueprint,high
src/zephyr/compliance/audit_trail/bridges/__init__.py,,MOD-INF-020,D-OBS,D-OBS-AUDIT_TRAIL,depgraph_blueprint,high
src/zephyr/compliance/audit_trail/bridges/anomaly.py,,MOD-INF-020,D-OBS,D-OBS-AUDIT_TRAIL,depgraph_blueprint,high
src/zephyr/compliance/audit_trail/bridges/contracts.py,,MOD-INF-020,D-OBS,D-OBS-AUDIT_TRAIL,depgraph_blueprint,high
src/zephyr/compliance/audit_trail/bridges/delegation_bridge.py,,MOD-INF-020,D-OBS,D-OBS-AUDIT_TRAIL,depgraph_blueprint,high
src/zephyr/compliance/audit_trail/bridges/drift_bridge.py,,MOD-INF-020,D-OBS,D-OBS-AUDIT_TRAIL,depgraph_blueprint,high
src/zephyr/compliance/audit_trail/bridges/feedback_bridge.py,,MOD-INF-020,D-OBS,D-OBS-AUDIT_TRAIL,depgraph_blueprint,high
src/zephyr/compliance/audit_trail/bridges/spec_auditor.py,,MOD-INF-020,D-OBS,D-OBS-AUDIT_TRAIL,depgraph_blueprint,high
src/zephyr/compliance/audit_trail/bridges/tiered_storage_bridge.py,,MOD-INF-020,D-OBS,D-OBS-AUDIT_TRAIL,depgraph_blueprint,high
src/zephyr/compliance/audit_trail/bridges/trust_bridge.py,,MOD-INF-020,D-OBS,D-OBS-AUDIT_TRAIL,depgraph_blueprint,high
src/zephyr/compliance/audit_trail/changelog_manager.py,,MOD-INF-020,D-OBS,D-OBS-AUDIT_TRAIL,depgraph_blueprint,high
src/zephyr/compliance/audit_trail/cli.py,,MOD-INF-027,D-GOV,D_GOV_AUDIT_ORCHESTRATION,depgraph_blueprint,high
src/zephyr/compliance/audit_trail/code_archaeology.py,,MOD-INF-020,D-OBS,D-OBS-AUDIT_TRAIL,depgraph_blueprint,high
src/zephyr/compliance/audit_trail/cold_start.py,,MOD-INF-027,D-GOV,D_GOV_AUDIT_ORCHESTRATION,depgraph_blueprint,high
src/zephyr/compliance/audit_trail/compliance_map.py,,MOD-INF-020,D-OBS,D-OBS-AUDIT_TRAIL,depgraph_blueprint,high
src/zephyr/compliance/audit_trail/contracts.py,,MOD-INF-027,D-GOV,D_GOV_AUDIT_ORCHESTRATION,depgraph_blueprint,high
src/zephyr/compliance/audit_trail/corporate_actions.py,,MOD-INF-020,D-OBS,D-OBS-AUDIT_TRAIL,depgraph_blueprint,high
src/zephyr/compliance/audit_trail/delegation_auditor.py,,MOD-INF-027,D-GOV,D_GOV_AUDIT_ORCHESTRATION,depgraph_blueprint,high
src/zephyr/compliance/audit_trail/delegation_bridge.py,,MOD-INF-027,D-GOV,D_GOV_AUDIT_ORCHESTRATION,depgraph_blueprint,high
src/zephyr/compliance/audit_trail/dora_metrics.py,,MOD-INF-020,D-OBS,D-OBS-AUDIT_TRAIL,depgraph_blueprint,high
src/zephyr/compliance/audit_trail/drift_bridge.py,,MOD-INF-027,D-GOV,D_GOV_AUDIT_ORCHESTRATION,depgraph_blueprint,high
src/zephyr/compliance/audit_trail/evidence_pack.py,,MOD-INF-020,D-OBS,D-OBS-AUDIT_TRAIL,depgraph_blueprint,high
src/zephyr/compliance/audit_trail/external_tool_audit.py,,MOD-INF-027,D-GOV,D_GOV_AUDIT_ORCHESTRATION,depgraph_blueprint,high
src/zephyr/compliance/audit_trail/feedback_bridge.py,,MOD-INF-027,D-GOV,D_GOV_AUDIT_ORCHESTRATION,depgraph_blueprint,high
src/zephyr/compliance/audit_trail/feedback_policy.py,,MOD-INF-027,D-GOV,D_GOV_AUDIT_ORCHESTRATION,depgraph_blueprint,high
src/zephyr/compliance/audit_trail/feedback_self_audit.py,,MOD-INF-020,D-OBS,D-OBS-AUDIT_TRAIL,depgraph_blueprint,high
src/zephyr/compliance/audit_trail/financial_compliance.py,,MOD-INF-020,D-OBS,D-OBS-AUDIT_TRAIL,depgraph_blueprint,high
src/zephyr/compliance/audit_trail/genesis.py,,MOD-INF-027,D-GOV,D_GOV_AUDIT_ORCHESTRATION,depgraph_blueprint,high
src/zephyr/compliance/audit_trail/glossary_matrix.py,,MOD-INF-020,D-OBS,D-OBS-AUDIT_TRAIL,depgraph_blueprint,high
src/zephyr/compliance/audit_trail/incremental_review.py,,MOD-INF-020,D-OBS,D-OBS-AUDIT_TRAIL,depgraph_blueprint,high
src/zephyr/compliance/audit_trail/indexer.py,,MOD-INF-027,D-GOV,D_GOV_AUDIT_ORCHESTRATION,depgraph_blueprint,high
src/zephyr/compliance/audit_trail/integrity.py,,MOD-INF-020,D-OBS,D-OBS-AUDIT_TRAIL,depgraph_blueprint,high
src/zephyr/compliance/audit_trail/kb_gate.py,,MOD-INF-020,D-OBS,D-OBS-AUDIT_TRAIL,depgraph_blueprint,high
src/zephyr/compliance/audit_trail/log_rotation.py,,MOD-INF-027,D-GOV,D_GOV_AUDIT_ORCHESTRATION,depgraph_blueprint,high
src/zephyr/compliance/audit_trail/merkle_hourly.py,,MOD-INF-020,D-OBS,D-OBS-AUDIT_TRAIL,depgraph_blueprint,high
src/zephyr/compliance/audit_trail/models.py,,MOD-INF-027,D-GOV,D_GOV_AUDIT_ORCHESTRATION,depgraph_blueprint,high
src/zephyr/compliance/audit_trail/observability_dashboard.py,,MOD-INF-020,D-OBS,D-OBS-AUDIT_TRAIL,depgraph_blueprint,high
src/zephyr/compliance/audit_trail/orchestrator.py,,MOD-INF-027,D-GOV,D_GOV_AUDIT_ORCHESTRATION,depgraph_blueprint,high
src/zephyr/compliance/audit_trail/pipeline_runner.py,,MOD-INF-027,D-GOV,D_GOV_AUDIT_ORCHESTRATION,depgraph_blueprint,high
src/zephyr/compliance/audit_trail/privacy.py,,MOD-INF-020,D-OBS,D-OBS-AUDIT_TRAIL,depgraph_blueprint,high
src/zephyr/compliance/audit_trail/provenance_tracker.py,,MOD-INF-020,D-OBS,D-OBS-AUDIT_TRAIL,depgraph_blueprint,high
src/zephyr/compliance/audit_trail/query.py,,MOD-INF-027,D-GOV,D_GOV_AUDIT_ORCHESTRATION,depgraph_blueprint,high
src/zephyr/compliance/audit_trail/replay_engine.py,,MOD-INF-027,D-GOV,D_GOV_AUDIT_ORCHESTRATION,depgraph_blueprint,high
src/zephyr/compliance/audit_trail/resource_aware_pool.py,,MOD-INF-027,D-GOV,D_GOV_AUDIT_ORCHESTRATION,depgraph_blueprint,high
src/zephyr/compliance/audit_trail/retention.py,,MOD-INF-027,D-GOV,D_GOV_AUDIT_ORCHESTRATION,depgraph_blueprint,high
src/zephyr/compliance/audit_trail/sbom_generator.py,,MOD-INF-020,D-OBS,D-OBS-AUDIT_TRAIL,depgraph_blueprint,high
src/zephyr/compliance/audit_trail/self_monitor.py,,MOD-INF-027,D-GOV,D_GOV_AUDIT_ORCHESTRATION,depgraph_blueprint,high
src/zephyr/compliance/audit_trail/spec_auditor.py,,MOD-INF-020,D-OBS,D-OBS-AUDIT_TRAIL,depgraph_blueprint,high
src/zephyr/compliance/audit_trail/supply_chain.py,,MOD-INF-020,D-OBS,D-OBS-AUDIT_TRAIL,depgraph_blueprint,high
src/zephyr/compliance/audit_trail/supply_chain_security.py,,MOD-INF-020,D-OBS,D-OBS-AUDIT_TRAIL,depgraph_blueprint,high
src/zephyr/compliance/audit_trail/tiered_storage.py,,MOD-INF-027,D-GOV,D_GOV_AUDIT_ORCHESTRATION,depgraph_blueprint,high
src/zephyr/compliance/audit_trail/tiered_storage_bridge.py,,MOD-INF-027,D-GOV,D_GOV_AUDIT_ORCHESTRATION,depgraph_blueprint,high
src/zephyr/compliance/audit_trail/trust_bridge.py,,MOD-INF-027,D-GOV,D_GOV_AUDIT_ORCHESTRATION,depgraph_blueprint,high
src/zephyr/compliance/audit_trail/trust_engine.py,,MOD-INF-027,D-GOV,D_GOV_AUDIT_ORCHESTRATION,depgraph_blueprint,high
src/zephyr/compliance/audit_trail/wqa_scorer.py,,MOD-INF-020,D-OBS,D-OBS-AUDIT_TRAIL,depgraph_blueprint,high
src/zephyr/compliance/audit_trail/writer.py,,MOD-INF-027,D-GOV,D_GOV_AUDIT_ORCHESTRATION,depgraph_blueprint,high
src/zephyr/compliance/behavioral_admission/__init__.py,,MOD-INF-033,D-GOV,D-GOV-SCRIPT_GOVERNANCE,depgraph_blueprint,high
src/zephyr/compliance/behavioral_admission/admission_controller.py,,MOD-INF-033,D-GOV,D-GOV-SCRIPT_GOVERNANCE,depgraph_blueprint,high
src/zephyr/compliance/behavioral_admission/gpu_consensus_scheduler.py,,MOD-INF-033,D-GOV,D-GOV-SCRIPT_GOVERNANCE,depgraph_blueprint,high
src/zephyr/compliance/behavioral_admission/protection_index.py,,MOD-INF-033,D-GOV,D-GOV-SCRIPT_GOVERNANCE,depgraph_blueprint,high
src/zephyr/compliance/behavioral_admission/session_lifecycle.py,,MOD-INF-033,D-GOV,D-GOV-SCRIPT_GOVERNANCE,depgraph_blueprint,high
src/zephyr/compliance/behavioral_admission/verdict_engine.py,,MOD-INF-033,D-GOV,D-GOV-SCRIPT_GOVERNANCE,depgraph_blueprint,high
src/zephyr/compliance/behavioral_auditor/__init__.py,,MOD-INF-011,D-DATA,D-DATA-VECTOR_STORAGE,depgraph_blueprint,high
src/zephyr/compliance/behavioral_auditor/__main__.py,,MOD-INF-033,D-GOV,D-GOV-SCRIPT_GOVERNANCE,depgraph_blueprint,high
src/zephyr/compliance/behavioral_auditor/absence_manager.py,,MOD-INF-033,D-GOV,D-GOV-SCRIPT_GOVERNANCE,depgraph_blueprint,high
src/zephyr/compliance/behavioral_auditor/ai_construction_detectors.py,,MOD-INF-033,D-GOV,D-GOV-SCRIPT_GOVERNANCE,depgraph_blueprint,high
src/zephyr/compliance/behavioral_auditor/ai_context_injector.py,,MOD-INF-033,D-GOV,D-GOV-SCRIPT_GOVERNANCE,depgraph_blueprint,high
src/zephyr/compliance/behavioral_auditor/alert_router.py,,MOD-INF-033,D-GOV,D-GOV-SCRIPT_GOVERNANCE,depgraph_blueprint,high
src/zephyr/compliance/behavioral_auditor/architecture_contracts.py,,MOD-INF-023,D-GOV,D_GOV_DRIFT_DETECTION,depgraph_blueprint,high
src/zephyr/compliance/behavioral_auditor/architecture_principles.py,,MOD-INF-023,D-GOV,D_GOV_DRIFT_DETECTION,depgraph_blueprint,high
src/zephyr/compliance/behavioral_auditor/backcompat_checker.py,,MOD-INF-033,D-GOV,D-GOV-SCRIPT_GOVERNANCE,depgraph_blueprint,high
src/zephyr/compliance/behavioral_auditor/baseline_manager.py,,MOD-INF-033,D-GOV,D-GOV-SCRIPT_GOVERNANCE,depgraph_blueprint,high
src/zephyr/compliance/behavioral_auditor/baseline_poisoning_guard.py,,MOD-INF-033,D-GOV,D-GOV-SCRIPT_GOVERNANCE,depgraph_blueprint,high
src/zephyr/compliance/behavioral_auditor/benchmark_integrity.py,,MOD-INF-023,D-GOV,D_GOV_DRIFT_DETECTION,depgraph_blueprint,high
src/zephyr/compliance/behavioral_auditor/brain_integration.py,,MOD-INF-033,D-GOV,D-GOV-SCRIPT_GOVERNANCE,depgraph_blueprint,high
src/zephyr/compliance/behavioral_auditor/canary_controller.py,,MOD-INF-033,D-GOV,D-GOV-SCRIPT_GOVERNANCE,depgraph_blueprint,high
src/zephyr/compliance/behavioral_auditor/cascade_detector.py,,MOD-INF-033,D-GOV,D-GOV-SCRIPT_GOVERNANCE,depgraph_blueprint,high
src/zephyr/compliance/behavioral_auditor/chaos_injector.py,,MOD-INF-033,D-GOV,D-GOV-SCRIPT_GOVERNANCE,depgraph_blueprint,high
src/zephyr/compliance/behavioral_auditor/code_review_ai.py,,MOD-INF-023,D-GOV,D_GOV_DRIFT_DETECTION,depgraph_blueprint,high
src/zephyr/compliance/behavioral_auditor/cold_start.py,,MOD-INF-033,D-GOV,D-GOV-SCRIPT_GOVERNANCE,depgraph_blueprint,high
src/zephyr/compliance/behavioral_auditor/config_consistency.py,,MOD-INF-033,D-GOV,D-GOV-SCRIPT_GOVERNANCE,depgraph_blueprint,high
src/zephyr/compliance/behavioral_auditor/contract_drift_detector.py,,MOD-INF-033,D-GOV,D-GOV-SCRIPT_GOVERNANCE,depgraph_blueprint,high
src/zephyr/compliance/behavioral_auditor/correlation_engine.py,,MOD-INF-033,D-GOV,D-GOV-SCRIPT_GOVERNANCE,depgraph_blueprint,high
src/zephyr/compliance/behavioral_auditor/credibility_engine.py,,MOD-INF-033,D-GOV,D-GOV-SCRIPT_GOVERNANCE,depgraph_blueprint,high
src/zephyr/compliance/behavioral_auditor/cross_env_consistency.py,,MOD-INF-023,D-GOV,D_GOV_DRIFT_DETECTION,depgraph_blueprint,high
src/zephyr/compliance/behavioral_auditor/cross_module_score.py,,MOD-INF-033,D-GOV,D-GOV-SCRIPT_GOVERNANCE,depgraph_blueprint,high
src/zephyr/compliance/behavioral_auditor/dashboard.py,,MOD-INF-033,D-GOV,D-GOV-SCRIPT_GOVERNANCE,depgraph_blueprint,high
src/zephyr/compliance/behavioral_auditor/data_classification.py,,MOD-INF-023,D-GOV,D_GOV_DRIFT_DETECTION,depgraph_blueprint,high
src/zephyr/compliance/behavioral_auditor/data_lifecycle.py,,MOD-INF-023,D-GOV,D_GOV_DRIFT_DETECTION,depgraph_blueprint,high
src/zephyr/compliance/behavioral_auditor/data_quality.py,,MOD-INF-023,D-GOV,D_GOV_DRIFT_DETECTION,depgraph_blueprint,high
src/zephyr/compliance/behavioral_auditor/data_source_reliability.py,,MOD-INF-023,D-GOV,D_GOV_DRIFT_DETECTION,depgraph_blueprint,high
src/zephyr/compliance/behavioral_auditor/dependency_manager.py,,MOD-INF-023,D-GOV,D_GOV_DRIFT_DETECTION,depgraph_blueprint,high
src/zephyr/compliance/behavioral_auditor/detector_dispatcher.py,,MOD-INF-033,D-GOV,D-GOV-SCRIPT_GOVERNANCE,depgraph_blueprint,high
src/zephyr/compliance/behavioral_auditor/drift_cron_scheduler.py,,MOD-INF-033,D-GOV,D-GOV-SCRIPT_GOVERNANCE,depgraph_blueprint,high
src/zephyr/compliance/behavioral_auditor/drift_engine.py,,MOD-INF-033,D-GOV,D-GOV-SCRIPT_GOVERNANCE,depgraph_blueprint,high
src/zephyr/compliance/behavioral_auditor/drift_hotfix_bypass.py,,MOD-INF-033,D-GOV,D-GOV-SCRIPT_GOVERNANCE,depgraph_blueprint,high
src/zephyr/compliance/behavioral_auditor/drift_infrastructure.py,,MOD-INF-033,D-GOV,D-GOV-SCRIPT_GOVERNANCE,depgraph_blueprint,high
src/zephyr/compliance/behavioral_auditor/drift_models.py,,MOD-INF-033,D-GOV,D-GOV-SCRIPT_GOVERNANCE,depgraph_blueprint,high
src/zephyr/compliance/behavioral_auditor/drift_result_types.py,,MOD-INF-033,D-GOV,D-GOV-SCRIPT_GOVERNANCE,depgraph_blueprint,high
src/zephyr/compliance/behavioral_auditor/drift_training.py,,MOD-INF-033,D-GOV,D-GOV-SCRIPT_GOVERNANCE,depgraph_blueprint,high
src/zephyr/compliance/behavioral_auditor/events.py,,MOD-INF-033,D-GOV,D-GOV-SCRIPT_GOVERNANCE,depgraph_blueprint,high
src/zephyr/compliance/behavioral_auditor/file_attr_checker.py,,MOD-INF-033,D-GOV,D-GOV-SCRIPT_GOVERNANCE,depgraph_blueprint,high
src/zephyr/compliance/behavioral_auditor/forensics_engine.py,,MOD-INF-033,D-GOV,D-GOV-SCRIPT_GOVERNANCE,depgraph_blueprint,high
src/zephyr/compliance/behavioral_auditor/gate_persistence.py,,MOD-INF-033,D-GOV,D-GOV-SCRIPT_GOVERNANCE,depgraph_blueprint,high
src/zephyr/compliance/behavioral_auditor/git_bisector.py,,MOD-INF-033,D-GOV,D-GOV-SCRIPT_GOVERNANCE,depgraph_blueprint,high
src/zephyr/compliance/behavioral_auditor/gitignore_auditor.py,,MOD-INF-033,D-GOV,D-GOV-SCRIPT_GOVERNANCE,depgraph_blueprint,high
src/zephyr/compliance/behavioral_auditor/handoff_manager.py,,MOD-INF-033,D-GOV,D-GOV-SCRIPT_GOVERNANCE,depgraph_blueprint,high
src/zephyr/compliance/behavioral_auditor/headless_scanner.py,,MOD-INF-033,D-GOV,D-GOV-SCRIPT_GOVERNANCE,depgraph_blueprint,high
src/zephyr/compliance/behavioral_auditor/incremental_scanner.py,,MOD-INF-033,D-GOV,D-GOV-SCRIPT_GOVERNANCE,depgraph_blueprint,high
src/zephyr/compliance/behavioral_auditor/integration_test_runner.py,,MOD-INF-033,D-GOV,D-GOV-SCRIPT_GOVERNANCE,depgraph_blueprint,high
src/zephyr/compliance/behavioral_auditor/ml_engineering.py,,MOD-INF-023,D-GOV,D_GOV_DRIFT_DETECTION,depgraph_blueprint,high
src/zephyr/compliance/behavioral_auditor/model_drift_monitor.py,,MOD-INF-023,D-GOV,D_GOV_DRIFT_DETECTION,depgraph_blueprint,high
src/zephyr/compliance/behavioral_auditor/naming_magic_checker.py,,MOD-INF-033,D-GOV,D-GOV-SCRIPT_GOVERNANCE,depgraph_blueprint,high
src/zephyr/compliance/behavioral_auditor/orphan_scanner.py,,MOD-INF-033,D-GOV,D-GOV-SCRIPT_GOVERNANCE,depgraph_blueprint,high
src/zephyr/compliance/behavioral_auditor/performance_baseline.py,,MOD-INF-023,D-GOV,D_GOV_DRIFT_DETECTION,depgraph_blueprint,high
src/zephyr/compliance/behavioral_auditor/python_compat.py,,MOD-INF-033,D-GOV,D-GOV-SCRIPT_GOVERNANCE,depgraph_blueprint,high
src/zephyr/compliance/behavioral_auditor/reconciler.py,,MOD-INF-033,D-GOV,D-GOV-SCRIPT_GOVERNANCE,depgraph_blueprint,high
src/zephyr/compliance/behavioral_auditor/regime_detector.py,,MOD-INF-023,D-GOV,D_GOV_DRIFT_DETECTION,depgraph_blueprint,high
src/zephyr/compliance/behavioral_auditor/resource_guard.py,,MOD-INF-033,D-GOV,D-GOV-SCRIPT_GOVERNANCE,depgraph_blueprint,high
src/zephyr/compliance/behavioral_auditor/roi_engine.py,,MOD-INF-033,D-GOV,D-GOV-SCRIPT_GOVERNANCE,depgraph_blueprint,high
src/zephyr/compliance/behavioral_auditor/rollback_bridge.py,,MOD-INF-033,D-GOV,D-GOV-SCRIPT_GOVERNANCE,depgraph_blueprint,high
src/zephyr/compliance/behavioral_auditor/runbook_generator.py,,MOD-INF-033,D-GOV,D-GOV-SCRIPT_GOVERNANCE,depgraph_blueprint,high
src/zephyr/compliance/behavioral_auditor/scan_mutex.py,,MOD-INF-033,D-GOV,D-GOV-SCRIPT_GOVERNANCE,depgraph_blueprint,high
src/zephyr/compliance/behavioral_auditor/self_check.py,,MOD-INF-033,D-GOV,D-GOV-SCRIPT_GOVERNANCE,depgraph_blueprint,high
src/zephyr/compliance/behavioral_auditor/self_test_verifier.py,,MOD-INF-033,D-GOV,D-GOV-SCRIPT_GOVERNANCE,depgraph_blueprint,high
src/zephyr/compliance/behavioral_auditor/state_machine.py,,MOD-INF-033,D-GOV,D-GOV-SCRIPT_GOVERNANCE,depgraph_blueprint,high
src/zephyr/compliance/behavioral_auditor/suppression_learner.py,,MOD-INF-033,D-GOV,D-GOV-SCRIPT_GOVERNANCE,depgraph_blueprint,high
src/zephyr/compliance/behavioral_auditor/symlink_checker.py,,MOD-INF-033,D-GOV,D-GOV-SCRIPT_GOVERNANCE,depgraph_blueprint,high
src/zephyr/compliance/behavioral_auditor/system_topology.py,,MOD-INF-023,D-GOV,D_GOV_DRIFT_DETECTION,depgraph_blueprint,high
src/zephyr/compliance/behavioral_auditor/tamper_proof_audit.py,,MOD-INF-033,D-GOV,D-GOV-SCRIPT_GOVERNANCE,depgraph_blueprint,high
src/zephyr/compliance/behavioral_auditor/test_fixture_checker.py,,MOD-INF-033,D-GOV,D-GOV-SCRIPT_GOVERNANCE,depgraph_blueprint,high
src/zephyr/compliance/behavioral_auditor/trend_analyzer.py,,MOD-INF-033,D-GOV,D-GOV-SCRIPT_GOVERNANCE,depgraph_blueprint,high
src/zephyr/compliance/compliance_gate_a6/__init__.py,,MOD-L10-001,D-GOV,D_GOV_RULE_ENFORCEMENT,depgraph_blueprint,high
src/zephyr/compliance/compliance_gate_a6/default_security_gateway.py,,MOD-L10-001,D-GOV,D_GOV_RULE_ENFORCEMENT,depgraph_blueprint,high
src/zephyr/compliance/compliance_manager.py,,MOD-L10-001,D-GOV,D_GOV_RULE_ENFORCEMENT,depgraph_blueprint,high
src/zephyr/compliance/default_security_gateway.py,,MOD-L10-001,D-GOV,D_GOV_RULE_ENFORCEMENT,depgraph_blueprint,high
src/zephyr/compliance/evidence_pack.py,,MOD-INF-027,D-GOV,D_GOV_AUDIT_ORCHESTRATION,depgraph_blueprint,high
src/zephyr/compliance/financial_compliance.py,,DOM-GOV-001,D-GOV,D-GOV-SCRIPT_GOVERNANCE,depgraph_blueprint,high
src/zephyr/compliance/implementations/__init__.py,,MOD-L10-001,D-GOV,D_GOV_RULE_ENFORCEMENT,depgraph_blueprint,high
src/zephyr/compliance/implementations/default_security_gateway.py,,MOD-L10-001,D-GOV,D_GOV_RULE_ENFORCEMENT,depgraph_blueprint,high
src/zephyr/compliance/integrity.py,,MOD-INF-027,D-GOV,D_GOV_AUDIT_ORCHESTRATION,depgraph_blueprint,high
src/zephyr/compliance/merkle_hourly.py,,MOD-INF-027,D-GOV,D_GOV_AUDIT_ORCHESTRATION,depgraph_blueprint,high
src/zephyr/compliance/security_gateway_base.py,,MOD-L10-001,D-GOV,D_GOV_RULE_ENFORCEMENT,depgraph_blueprint,high
src/zephyr/compliance/semantic_auditor/__init__.py,,MOD-INF-028,D-GOV,D-GOV-SEMANTIC_AUDIT,depgraph_blueprint,high
src/zephyr/compliance/semantic_auditor/compliance_map.py,,MOD-INF-028,D-GOV,D-GOV-SEMANTIC_AUDIT,depgraph_blueprint,high
src/zephyr/compliance/semantic_auditor/feedback_self_audit.py,,MOD-INF-028,D-GOV,D-GOV-SEMANTIC_AUDIT,depgraph_blueprint,high
src/zephyr/compliance/semantic_auditor/kb_gate.py,,MOD-INF-028,D-GOV,D-GOV-SEMANTIC_AUDIT,depgraph_blueprint,high
src/zephyr/compliance/semantic_auditor/privacy.py,,MOD-INF-028,D-GOV,D-GOV-SEMANTIC_AUDIT,depgraph_blueprint,high
src/zephyr/compliance/semantic_auditor/spec_auditor.py,,MOD-INF-028,D-GOV,D-GOV-SEMANTIC_AUDIT,depgraph_blueprint,high
src/zephyr/compliance/semantic_auditor/supply_chain.py,,MOD-INF-028,D-GOV,D-GOV-SEMANTIC_AUDIT,depgraph_blueprint,high
src/zephyr/compliance/zero_knowledge_audit_stub/__init__.py,,MOD-L10-001,D-GOV,D_GOV_RULE_ENFORCEMENT,depgraph_blueprint,high
src/zephyr/cross_asset/cross_asset_risk_decomposer/__init__.py,,MOD-L04-001,D-RES,D-RES-BUDGET_ENFORCEMENT,depgraph_blueprint,high
src/zephyr/cross_asset/cross_market_data_adapter/__init__.py,,MOD-INF-002,D-INFRA,D-INFRA-RUNTIME_INTEGRATION,depgraph_blueprint,high
src/zephyr/cross_asset/cross_market_data_adapter/ml_experiment_pipeline.py,,MOD-INF-002,D-INFRA,D-INFRA-RUNTIME_INTEGRATION,depgraph_blueprint,high
src/zephyr/cross_asset/currency_hedger_and_fixed_income/__init__.py,,MOD-L04-001,D-RES,D-RES-BUDGET_ENFORCEMENT,depgraph_blueprint,high
src/zephyr/cross_asset/risk_manager.py,,MOD-L04-001,D-RES,D-RES-BUDGET_ENFORCEMENT,depgraph_blueprint,high
src/zephyr/cross_asset/risk_manager_base.py,,MOD-L04-001,D-RES,D-RES-BUDGET_ENFORCEMENT,depgraph_blueprint,high
src/zephyr/data/__init__.py,,,D-DATA,D-DATA-KNOWLEDGE_MANAGEMENT,package_prefix,medium
src/zephyr/data/akshare_provider.py,,MOD-L00-001,D-DATA,D-DATA-CAPACITY_ASSURANCE,depgraph_blueprint,high
src/zephyr/data/asset_inventory/__init__.py,,MOD-INF-026,D-OBS,D-OBS-ASSET_INVENTORY,depgraph_blueprint,high
src/zephyr/data/asset_inventory/__main__.py,,MOD-INF-026,D-OBS,D-OBS-ASSET_INVENTORY,depgraph_blueprint,high
src/zephyr/data/asset_inventory/classifier.py,,MOD-INF-026,D-OBS,D-OBS-ASSET_INVENTORY,depgraph_blueprint,high
src/zephyr/data/asset_inventory/dashboard.py,,MOD-INF-026,D-OBS,D-OBS-ASSET_INVENTORY,depgraph_blueprint,high
src/zephyr/data/asset_inventory/dependency.py,,MOD-INF-026,D-OBS,D-OBS-ASSET_INVENTORY,depgraph_blueprint,high
src/zephyr/data/asset_inventory/index_generator.py,,MOD-INF-026,D-OBS,D-OBS-ASSET_INVENTORY,depgraph_blueprint,high
src/zephyr/data/asset_inventory/lifecycle.py,,MOD-INF-026,D-OBS,D-OBS-ASSET_INVENTORY,depgraph_blueprint,high
src/zephyr/data/asset_inventory/mcp_server.py,,MOD-INF-026,D-OBS,D-OBS-ASSET_INVENTORY,depgraph_blueprint,high
src/zephyr/data/asset_inventory/metadata.py,,MOD-INF-026,D-OBS,D-OBS-ASSET_INVENTORY,depgraph_blueprint,high
src/zephyr/data/asset_inventory/models.py,,MOD-INF-026,D-OBS,D-OBS-ASSET_INVENTORY,depgraph_blueprint,high
src/zephyr/data/asset_inventory/reconciler.py,,MOD-INF-026,D-OBS,D-OBS-ASSET_INVENTORY,depgraph_blueprint,high
src/zephyr/data/asset_inventory/registry_adapter.py,,MOD-INF-026,D-OBS,D-OBS-ASSET_INVENTORY,depgraph_blueprint,high
src/zephyr/data/asset_inventory/scanner.py,,MOD-INF-026,D-OBS,D-OBS-ASSET_INVENTORY,depgraph_blueprint,high
src/zephyr/data/asset_inventory/telemetry.py,,MOD-INF-026,D-OBS,D-OBS-ASSET_INVENTORY,depgraph_blueprint,high
src/zephyr/data/asset_inventory/trust_anchor.py,,MOD-INF-026,D-OBS,D-OBS-ASSET_INVENTORY,depgraph_blueprint,high
src/zephyr/data/contract_enforcement/ingest.py,,MOD-KB-001,D-DATA,D-DATA-KNOWLEDGE_MANAGEMENT,depgraph_blueprint,high
src/zephyr/data/data_lifecycle.py,,DOM-GOV-001,D-GOV,D-GOV-SCRIPT_GOVERNANCE,depgraph_blueprint,high
src/zephyr/data/default_quality_gate.py,,MOD-L00-001,D-DATA,D-DATA-CAPACITY_ASSURANCE,depgraph_blueprint,high
src/zephyr/data/factor_base.py,,MOD-L02-001,D-INTEL,D-INTEL-MODEL_PROFILING,depgraph_blueprint,high
src/zephyr/data/implementations/__init__.py,,MOD-L00-001,D-DATA,D-DATA-CAPACITY_ASSURANCE,depgraph_blueprint,high
src/zephyr/data/implementations/akshare_provider.py,,MOD-L00-001,D-DATA,D-DATA-CAPACITY_ASSURANCE,depgraph_blueprint,high
src/zephyr/data/implementations/default_quality_gate.py,,MOD-L00-001,D-DATA,D-DATA-CAPACITY_ASSURANCE,depgraph_blueprint,high
src/zephyr/data/implementations/memory_provider.py,,MOD-L00-001,D-DATA,D-DATA-CAPACITY_ASSURANCE,depgraph_blueprint,high
src/zephyr/data/instrument.py,,MOD-INF-016,D-INFRA,D-INFRA-LIFECYCLE_MANAGEMENT,depgraph_blueprint,high
src/zephyr/data/knowledge_engine.py,,DOM-GOV-001,D-GOV,D-GOV-SCRIPT_GOVERNANCE,depgraph_blueprint,high
src/zephyr/data/knowledge_management/__init__.py,,MOD-KB-001,D-DATA,D-DATA-KNOWLEDGE_MANAGEMENT,ssot_path_prefix,high
src/zephyr/data/knowledge_management/kb/__init__.py,,MOD-KB-001,D-DATA,D-DATA-KNOWLEDGE_MANAGEMENT,ssot_path_prefix,high
src/zephyr/data/knowledge_management/kb/_backend_protocol.py,,MOD-KB-001,D-DATA,D-DATA-KNOWLEDGE_MANAGEMENT,depgraph_blueprint,high
src/zephyr/data/knowledge_management/kb/activate.py,,MOD-KB-001,D-DATA,D-DATA-KNOWLEDGE_MANAGEMENT,depgraph_blueprint,high
src/zephyr/data/knowledge_management/kb/analyze.py,,MOD-KB-001,D-DATA,D-DATA-KNOWLEDGE_MANAGEMENT,depgraph_blueprint,high
src/zephyr/data/knowledge_management/kb/batch_ingest.py,,MOD-KB-001,D-DATA,D-DATA-KNOWLEDGE_MANAGEMENT,depgraph_blueprint,high
src/zephyr/data/knowledge_management/kb/bootstrap.py,,MOD-KB-001,D-DATA,D-DATA-KNOWLEDGE_MANAGEMENT,depgraph_blueprint,high
src/zephyr/data/knowledge_management/kb/chromadb_init.py,,MOD-KB-001,D-DATA,D-DATA-KNOWLEDGE_MANAGEMENT,depgraph_blueprint,high
src/zephyr/data/knowledge_management/kb/embedding_migrate.py,,MOD-KB-001,D-DATA,D-DATA-KNOWLEDGE_MANAGEMENT,depgraph_blueprint,high
src/zephyr/data/knowledge_management/kb/extract.py,,MOD-KB-001,D-DATA,D-DATA-KNOWLEDGE_MANAGEMENT,depgraph_blueprint,high
src/zephyr/data/knowledge_management/kb/freeze.py,,MOD-KB-001,D-DATA,D-DATA-KNOWLEDGE_MANAGEMENT,depgraph_blueprint,high
src/zephyr/data/knowledge_management/kb/graph_validator.py,,MOD-KB-001,D-DATA,D-DATA-KNOWLEDGE_MANAGEMENT,depgraph_blueprint,high
src/zephyr/data/knowledge_management/kb/ingest.py,,MOD-KB-001,D-DATA,D-DATA-KNOWLEDGE_MANAGEMENT,depgraph_blueprint,high
src/zephyr/data/knowledge_management/kb/integrity.py,,MOD-KB-001,D-DATA,D-DATA-KNOWLEDGE_MANAGEMENT,depgraph_blueprint,high
src/zephyr/data/knowledge_management/kb/kb_engine/__init__.py,,MOD-KB-001,D-DATA,D-DATA-KNOWLEDGE_MANAGEMENT,ssot_path_prefix,high
src/zephyr/data/knowledge_management/kb/kb_engine/chromadb_init.py,,MOD-KB-001,D-DATA,D-DATA-KNOWLEDGE_MANAGEMENT,depgraph_blueprint,high
src/zephyr/data/knowledge_management/kb/kb_engine/embedding_migrate.py,,MOD-KB-001,D-DATA,D-DATA-KNOWLEDGE_MANAGEMENT,depgraph_blueprint,high
src/zephyr/data/knowledge_management/kb/kb_engine/kb_gate_task.py,,MOD-KB-001,D-DATA,D-DATA-KNOWLEDGE_MANAGEMENT,depgraph_blueprint,high
src/zephyr/data/knowledge_management/kb/kb_gate_task.py,,MOD-KB-001,D-DATA,D-DATA-KNOWLEDGE_MANAGEMENT,depgraph_blueprint,high
src/zephyr/data/knowledge_management/kb/kb_repo.py,,MOD-KB-001,D-DATA,D-DATA-KNOWLEDGE_MANAGEMENT,depgraph_blueprint,high
src/zephyr/data/knowledge_management/kb/ke_tombstone.py,,MOD-KB-001,D-DATA,D-DATA-KNOWLEDGE_MANAGEMENT,depgraph_blueprint,high
src/zephyr/data/knowledge_management/kb/load_bearing.py,,MOD-KB-001,D-DATA,D-DATA-KNOWLEDGE_MANAGEMENT,depgraph_blueprint,high
src/zephyr/data/knowledge_management/kb/migration/__init__.py,,MOD-KB-001,D-DATA,D-DATA-KNOWLEDGE_MANAGEMENT,depgraph_blueprint,high
src/zephyr/data/knowledge_management/kb/migration/embedding_migrate.py,,MOD-KB-001,D-DATA,D-DATA-KNOWLEDGE_MANAGEMENT,depgraph_blueprint,high
src/zephyr/data/knowledge_management/kb/migration/kb_gate_task.py,,MOD-KB-001,D-DATA,D-DATA-KNOWLEDGE_MANAGEMENT,depgraph_blueprint,high
src/zephyr/data/knowledge_management/kb/pipeline/__init__.py,,MOD-INF-009,D-ORCH,D-ORCH-PIPELINE_ROUTING,depgraph_blueprint,high
src/zephyr/data/knowledge_management/kb/pipeline/activate.py,,MOD-INF-009,D-ORCH,D-ORCH-PIPELINE_ROUTING,depgraph_blueprint,high
src/zephyr/data/knowledge_management/kb/pipeline/analyze.py,,MOD-INF-009,D-ORCH,D-ORCH-PIPELINE_ROUTING,depgraph_blueprint,high
src/zephyr/data/knowledge_management/kb/pipeline/batch_ingest.py,,MOD-INF-009,D-ORCH,D-ORCH-PIPELINE_ROUTING,depgraph_blueprint,high
src/zephyr/data/knowledge_management/kb/pipeline/extract.py,,MOD-INF-009,D-ORCH,D-ORCH-PIPELINE_ROUTING,depgraph_blueprint,high
src/zephyr/data/knowledge_management/kb/pipeline/ingest.py,,MOD-INF-009,D-ORCH,D-ORCH-PIPELINE_ROUTING,depgraph_blueprint,high
src/zephyr/data/knowledge_management/kb/pipeline/triage.py,,MOD-INF-009,D-ORCH,D-ORCH-PIPELINE_ROUTING,depgraph_blueprint,high
src/zephyr/data/knowledge_management/kb/quiet_period_monitor.py,,MOD-KB-001,D-DATA,D-DATA-KNOWLEDGE_MANAGEMENT,depgraph_blueprint,high
src/zephyr/data/knowledge_management/kb/reranker.py,,MOD-KB-001,D-DATA,D-DATA-KNOWLEDGE_MANAGEMENT,depgraph_blueprint,high
src/zephyr/data/knowledge_management/kb/safety_brake.py,,MOD-KB-001,D-DATA,D-DATA-KNOWLEDGE_MANAGEMENT,depgraph_blueprint,high
src/zephyr/data/knowledge_management/kb/self_test.py,,MOD-KB-001,D-DATA,D-DATA-KNOWLEDGE_MANAGEMENT,depgraph_blueprint,high
src/zephyr/data/knowledge_management/kb/storage/__init__.py,,MOD-KB-001,D-DATA,D-DATA-KNOWLEDGE_MANAGEMENT,depgraph_blueprint,high
src/zephyr/data/knowledge_management/kb/storage/_backend_protocol.py,,MOD-KB-001,D-DATA,D-DATA-KNOWLEDGE_MANAGEMENT,depgraph_blueprint,high
src/zephyr/data/knowledge_management/kb/storage/chromadb_init.py,,MOD-KB-001,D-DATA,D-DATA-KNOWLEDGE_MANAGEMENT,depgraph_blueprint,high
src/zephyr/data/knowledge_management/kb/storage/graph_validator.py,,MOD-KB-001,D-DATA,D-DATA-KNOWLEDGE_MANAGEMENT,depgraph_blueprint,high
src/zephyr/data/knowledge_management/kb/storage/kb_repo.py,,MOD-KB-001,D-DATA,D-DATA-KNOWLEDGE_MANAGEMENT,depgraph_blueprint,high
src/zephyr/data/knowledge_management/kb/storage/unified_memory_api.py,,MOD-KB-001,D-DATA,D-DATA-KNOWLEDGE_MANAGEMENT,depgraph_blueprint,high
src/zephyr/data/knowledge_management/kb/triage.py,,MOD-KB-001,D-DATA,D-DATA-KNOWLEDGE_MANAGEMENT,depgraph_blueprint,high
src/zephyr/data/knowledge_management/kb/unified_memory_api.py,,MOD-KB-001,D-DATA,D-DATA-KNOWLEDGE_MANAGEMENT,depgraph_blueprint,high
src/zephyr/data/knowledge_management/kb/verify.py,,MOD-KB-001,D-DATA,D-DATA-KNOWLEDGE_MANAGEMENT,depgraph_blueprint,high
src/zephyr/data/knowledge_management/kb/vms_memory_backend.py,,MOD-KB-001,D-DATA,D-DATA-KNOWLEDGE_MANAGEMENT,depgraph_blueprint,high
src/zephyr/data/knowledge_management/vector_memory/__init__.py,,MOD-KB-001,D-DATA,D-DATA-KNOWLEDGE_MANAGEMENT,ssot_path_prefix,high
src/zephyr/data/knowledge_management/vector_memory/bm25_index.py,,MOD-INF-028,D-GOV,D-GOV-SEMANTIC_AUDIT,depgraph_blueprint,high
src/zephyr/data/knowledge_management/vector_memory/bridge_layer.py,,MOD-INF-011,D-DATA,D-DATA-VECTOR_STORAGE,depgraph_blueprint,high
src/zephyr/data/knowledge_management/vector_memory/cache_layer.py,,MOD-INF-042,D-INFRA,D-INFRA-SHARED_SERVICES,depgraph_blueprint,high
src/zephyr/data/knowledge_management/vector_memory/chunk_strategy_router.py,,MOD-INF-011,D-DATA,D-DATA-VECTOR_STORAGE,depgraph_blueprint,high
src/zephyr/data/knowledge_management/vector_memory/collection_manager.py,,MOD-INF-011,D-DATA,D-DATA-VECTOR_STORAGE,depgraph_blueprint,high
src/zephyr/data/knowledge_management/vector_memory/collection_schemas.py,,MOD-INF-011,D-DATA,D-DATA-VECTOR_STORAGE,depgraph_blueprint,high
src/zephyr/data/knowledge_management/vector_memory/context_ingest.py,,MOD-MASTER-001,D-INFRA,D-INFRA-SHARED_SERVICES,depgraph_blueprint,high
src/zephyr/data/knowledge_management/vector_memory/cross_collection_retriever.py,,MOD-INF-011,D-DATA,D-DATA-VECTOR_STORAGE,depgraph_blueprint,high
src/zephyr/data/knowledge_management/vector_memory/delegated_vector_memory.py,,MOD-INF-011,D-DATA,D-DATA-VECTOR_STORAGE,depgraph_blueprint,high
src/zephyr/data/knowledge_management/vector_memory/design_principles.py,,MOD-INF-011,D-DATA,D-DATA-VECTOR_STORAGE,depgraph_blueprint,high
src/zephyr/data/knowledge_management/vector_memory/faiss_collection_manager.py,,MOD-INF-011,D-DATA,D-DATA-VECTOR_STORAGE,depgraph_blueprint,high
src/zephyr/data/knowledge_management/vector_memory/hybrid_retriever.py,,MOD-INF-011,D-DATA,D-DATA-VECTOR_STORAGE,depgraph_blueprint,high
src/zephyr/data/knowledge_management/vector_memory/in_memory_fake_vms.py,,MOD-INF-011,D-DATA,D-DATA-VECTOR_STORAGE,depgraph_blueprint,high
src/zephyr/data/knowledge_management/vector_memory/in_memory_memory_backend.py,,MOD-INF-011,D-DATA,D-DATA-VECTOR_STORAGE,depgraph_blueprint,high
src/zephyr/data/knowledge_management/vector_memory/in_process_vector_memory.py,,MOD-INF-011,D-DATA,D-DATA-VECTOR_STORAGE,depgraph_blueprint,high
src/zephyr/data/knowledge_management/vector_memory/index_health_monitor.py,,MOD-INF-011,D-DATA,D-DATA-VECTOR_STORAGE,depgraph_blueprint,high
src/zephyr/data/knowledge_management/vector_memory/interface.py,,MOD-INF-011,D-DATA,D-DATA-VECTOR_STORAGE,depgraph_blueprint,high
src/zephyr/data/knowledge_management/vector_memory/local_model_scheduler.py,,MOD-INF-042,D-INFRA,D-INFRA-SHARED_SERVICES,depgraph_blueprint,high
src/zephyr/data/knowledge_management/vector_memory/migrate_chroma_to_faiss.py,,MOD-INF-011,D-DATA,D-DATA-VECTOR_STORAGE,depgraph_blueprint,high
src/zephyr/data/knowledge_management/vector_memory/ollama_chat.py,,MOD-INF-042,D-INFRA,D-INFRA-SHARED_SERVICES,depgraph_blueprint,high
src/zephyr/data/knowledge_management/vector_memory/ollama_embedding.py,,MOD-INF-042,D-INFRA,D-INFRA-SHARED_SERVICES,depgraph_blueprint,high
src/zephyr/data/knowledge_management/vector_memory/provenance_enforcer.py,,MOD-INF-011,D-DATA,D-DATA-VECTOR_STORAGE,depgraph_blueprint,high
src/zephyr/data/knowledge_management/vector_memory/retrieval_feedback.py,,MOD-INF-011,D-DATA,D-DATA-VECTOR_STORAGE,depgraph_blueprint,high
src/zephyr/data/knowledge_management/vector_memory/sqlite_metadata_store.py,,MOD-INF-011,D-DATA,D-DATA-VECTOR_STORAGE,depgraph_blueprint,high
src/zephyr/data/knowledge_management/vector_memory/vms_errors.py,,MOD-INF-011,D-DATA,D-DATA-VECTOR_STORAGE,depgraph_blueprint,high
src/zephyr/data/knowledge_management/vector_memory/vms_schemas.py,,MOD-INF-011,D-DATA,D-DATA-VECTOR_STORAGE,depgraph_blueprint,high
src/zephyr/data/market_data.py,,MOD-INF-016,D-INFRA,D-INFRA-LIFECYCLE_MANAGEMENT,depgraph_blueprint,high
src/zephyr/data/market_data_pipeline.py,,DOM-GOV-001,D-GOV,D-GOV-SCRIPT_GOVERNANCE,depgraph_blueprint,high
src/zephyr/data/memory_provider.py,,MOD-L00-001,D-DATA,D-DATA-CAPACITY_ASSURANCE,depgraph_blueprint,high
src/zephyr/data/persistence/__init__.py,,MOD-INF-012,D-DATA,D-DATA-PERSISTENCE,depgraph_blueprint,high
src/zephyr/data/persistence/atomic_transaction_manager.py,,MOD-INF-012,D-DATA,D-DATA-PERSISTENCE,depgraph_blueprint,high
src/zephyr/data/persistence/audit_schema.py,,MOD-INF-012,D-DATA,D-DATA-PERSISTENCE,depgraph_blueprint,high
src/zephyr/data/persistence/base_repo.py,,MOD-INF-012,D-DATA,D-DATA-PERSISTENCE,depgraph_blueprint,high
src/zephyr/data/persistence/circuit_breaker_repo.py,,MOD-INF-012,D-DATA,D-DATA-PERSISTENCE,depgraph_blueprint,high
src/zephyr/data/persistence/circuit_breaker_types.py,,MOD-INF-012,D-DATA,D-DATA-PERSISTENCE,depgraph_blueprint,high
src/zephyr/data/persistence/database_manager.py,,MOD-INF-012,D-DATA,D-DATA-PERSISTENCE,depgraph_blueprint,high
src/zephyr/data/persistence/dlq_retry_policy.py,,MOD-MASTER-001,D-INFRA,D-INFRA-SHARED_SERVICES,depgraph_blueprint,high
src/zephyr/data/persistence/event_store.py,,MOD-INF-012,D-DATA,D-DATA-PERSISTENCE,depgraph_blueprint,high
src/zephyr/data/persistence/gate_event_adapter.py,,MOD-INF-012,D-DATA,D-DATA-PERSISTENCE,depgraph_blueprint,high
src/zephyr/data/persistence/gate_repo.py,,MOD-INF-012,D-DATA,D-DATA-PERSISTENCE,depgraph_blueprint,high
src/zephyr/data/persistence/olap_engine.py,,MOD-INF-012,D-DATA,D-DATA-PERSISTENCE,depgraph_blueprint,high
src/zephyr/data/persistence/projection_engine.py,,MOD-INF-012,D-DATA,D-DATA-PERSISTENCE,depgraph_blueprint,high
src/zephyr/data/persistence/query.py,,MOD-INF-012,D-DATA,D-DATA-PERSISTENCE,depgraph_blueprint,high
src/zephyr/data/persistence/query_metrics.py,,MOD-INF-012,D-DATA,D-DATA-PERSISTENCE,depgraph_blueprint,high
src/zephyr/data/persistence/snapshot_manager.py,,MOD-INF-012,D-DATA,D-DATA-PERSISTENCE,depgraph_blueprint,high
src/zephyr/data/persistence/sqlite_schema.py,,MOD-INF-012,D-DATA,D-DATA-PERSISTENCE,depgraph_blueprint,high
src/zephyr/data/persistence/task_repo.py,,MOD-INF-012,D-DATA,D-DATA-PERSISTENCE,depgraph_blueprint,high
src/zephyr/data/persistence/transition.py,,MOD-INF-012,D-DATA,D-DATA-PERSISTENCE,depgraph_blueprint,high
src/zephyr/data/provider_base.py,,MOD-L00-001,D-DATA,D-DATA-CAPACITY_ASSURANCE,depgraph_blueprint,high
src/zephyr/data/quality_gate.py,,MOD-L00-001,D-DATA,D-DATA-CAPACITY_ASSURANCE,depgraph_blueprint,high
src/zephyr/data/realtime_streaming.py,,DOM-GOV-001,D-GOV,D-GOV-SCRIPT_GOVERNANCE,depgraph_blueprint,high
src/zephyr/data/storage/batch_ingest.py,,MOD-KB-001,D-DATA,D-DATA-KNOWLEDGE_MANAGEMENT,depgraph_blueprint,high
src/zephyr/data/storage/ingest.py,,MOD-KB-001,D-DATA,D-DATA-KNOWLEDGE_MANAGEMENT,depgraph_blueprint,high
src/zephyr/data/storage/triage.py,,MOD-KB-001,D-DATA,D-DATA-KNOWLEDGE_MANAGEMENT,depgraph_blueprint,high
src/zephyr/data/vector_storage/__init__.py,,MOD-L13-001,D-INTEL,D-INTEL-MODEL_EVALUATION,depgraph_blueprint,high
src/zephyr/data/vector_storage/alt_data_connector/provider_base.py,,MOD-L00-001,D-DATA,D-DATA-CAPACITY_ASSURANCE,depgraph_blueprint,high
src/zephyr/data/vector_storage/artifact_scanner.py,,MOD-L10-001,D-GOV,D_GOV_RULE_ENFORCEMENT,depgraph_blueprint,high
src/zephyr/data/vector_storage/base.py,,MOD-L02-001,D-INTEL,D-INTEL-MODEL_PROFILING,depgraph_blueprint,high
src/zephyr/data/vector_storage/compliance_manager.py,,MOD-L10-001,D-GOV,D_GOV_RULE_ENFORCEMENT,depgraph_blueprint,high
src/zephyr/data/vector_storage/governance/data_quality.py,,DOM-GOV-001,D-GOV,D-GOV-SCRIPT_GOVERNANCE,depgraph_blueprint,high
src/zephyr/data/vector_storage/implementations/__init__.py,,MOD-L13-001,D-INTEL,D-INTEL-MODEL_EVALUATION,depgraph_blueprint,high
src/zephyr/data/vector_storage/implementations/default_experiment_pipeline.py,,MOD-L13-001,D-INTEL,D-INTEL-MODEL_EVALUATION,depgraph_blueprint,high
src/zephyr/data/vector_storage/kb/analyze.py,,MOD-KB-001,D-DATA,D-DATA-KNOWLEDGE_MANAGEMENT,depgraph_blueprint,high
src/zephyr/data/vector_storage/kb/extract.py,,MOD-KB-001,D-DATA,D-DATA-KNOWLEDGE_MANAGEMENT,depgraph_blueprint,high
src/zephyr/data/vector_storage/kb/filing_nlp_engine/extract.py,,MOD-KB-001,D-DATA,D-DATA-KNOWLEDGE_MANAGEMENT,depgraph_blueprint,high
src/zephyr/data/vector_storage/kb/graph_validator.py,,MOD-KB-001,D-DATA,D-DATA-KNOWLEDGE_MANAGEMENT,depgraph_blueprint,high
src/zephyr/data/vector_storage/kb/sentiment_engine/analyze.py,,MOD-KB-001,D-DATA,D-DATA-KNOWLEDGE_MANAGEMENT,depgraph_blueprint,high
src/zephyr/data/vector_storage/kb/supply_chain_graph_engine/graph_validator.py,,MOD-KB-001,D-DATA,D-DATA-KNOWLEDGE_MANAGEMENT,depgraph_blueprint,high
src/zephyr/data/vector_storage/pipeline_base.py,,MOD-L13-001,D-INTEL,D-INTEL-MODEL_EVALUATION,depgraph_blueprint,high
src/zephyr/data/vector_storage/satellite_geospatial_engine/__init__.py,,MOD-L00-001,D-DATA,D-DATA-CAPACITY_ASSURANCE,depgraph_blueprint,high
src/zephyr/ex_core/__init__.py,,MOD-L06-001,D-ORCH,D-ORCH-PIPELINE_ROUTING,depgraph_blueprint,high
src/zephyr/ex_core/adapters/__init__.py,,MOD-L06-001,D-ORCH,D-ORCH-PIPELINE_ROUTING,depgraph_blueprint,high
src/zephyr/ex_core/adapters/broker_interface.py,,MOD-L06-001,D-ORCH,D-ORCH-PIPELINE_ROUTING,depgraph_blueprint,high
src/zephyr/ex_core/adapters/risk_validation_bridge.py,,MOD-L06-001,D-ORCH,D-ORCH-PIPELINE_ROUTING,depgraph_blueprint,high
src/zephyr/ex_core/adapters/simulation_broker.py,,MOD-L06-001,D-ORCH,D-ORCH-PIPELINE_ROUTING,depgraph_blueprint,high
src/zephyr/ex_core/broker_interface.py,,MOD-L06-001,D-ORCH,D-ORCH-PIPELINE_ROUTING,depgraph_blueprint,high
src/zephyr/ex_core/execution_engine.py,,MOD-L06-001,D-ORCH,D-ORCH-PIPELINE_ROUTING,depgraph_blueprint,high
src/zephyr/ex_core/order_manager.py,,MOD-L06-001,D-ORCH,D-ORCH-PIPELINE_ROUTING,depgraph_blueprint,high
src/zephyr/ex_core/src/zephyr/__init__.py,,MOD-L06-001,D-ORCH,D-ORCH-PIPELINE_ROUTING,depgraph_blueprint,high
src/zephyr/ex_core/src/zephyr/execution_engine.py,,MOD-L06-001,D-ORCH,D-ORCH-PIPELINE_ROUTING,depgraph_blueprint,high
src/zephyr/ex_core/src/zephyr/order_manager.py,,MOD-L06-001,D-ORCH,D-ORCH-PIPELINE_ROUTING,depgraph_blueprint,high
src/zephyr/factor/CTR-001_Consumer/__init__.py,,MOD-L02-001,D-INTEL,D-INTEL-MODEL_PROFILING,depgraph_blueprint,high
src/zephyr/factor/__init__.py,,MOD-L02-001,D-INTEL,D-INTEL-MODEL_PROFILING,depgraph_blueprint,high
src/zephyr/factor/alpha_signal_pipeline.py,,MOD-INF-002,D-INFRA,D-INFRA-RUNTIME_INTEGRATION,depgraph_blueprint,high
src/zephyr/factor/base.py,,MOD-L02-001,D-INTEL,D-INTEL-MODEL_PROFILING,depgraph_blueprint,high
src/zephyr/factor/engine/__init__.py,,MOD-L02-001,D-INTEL,D-INTEL-MODEL_PROFILING,depgraph_blueprint,high
src/zephyr/factor/factor_base.py,,MOD-L02-001,D-INTEL,D-INTEL-MODEL_PROFILING,depgraph_blueprint,high
src/zephyr/factor/factors/__init__.py,,MOD-L02-001,D-INTEL,D-INTEL-MODEL_PROFILING,depgraph_blueprint,high
src/zephyr/factor/factors/momentum_factor.py,,MOD-L02-001,D-INTEL,D-INTEL-MODEL_PROFILING,depgraph_blueprint,high
src/zephyr/factor/factors/value_factor.py,,MOD-L02-001,D-INTEL,D-INTEL-MODEL_PROFILING,depgraph_blueprint,high
src/zephyr/factor/momentum_factor.py,,MOD-L02-001,D-INTEL,D-INTEL-MODEL_PROFILING,depgraph_blueprint,high
src/zephyr/factor/value_factor.py,,MOD-L02-001,D-INTEL,D-INTEL-MODEL_PROFILING,depgraph_blueprint,high
src/zephyr/frontend/__init__.py,,MOD-L08-001,D-INFRA,D-INFRA-SHARED_SERVICES,depgraph_blueprint,high
src/zephyr/frontend/dashboard/__init__.py,,MOD-L08-001,D-INFRA,D-INFRA-SHARED_SERVICES,depgraph_blueprint,high
src/zephyr/frontend/dashboard/app.py,,MOD-L08-001,D-INFRA,D-INFRA-SHARED_SERVICES,depgraph_blueprint,high
src/zephyr/frontend/dashboard/components/__init__.py,,MOD-L08-001,D-INFRA,D-INFRA-SHARED_SERVICES,depgraph_blueprint,high
src/zephyr/frontend/dashboard/components/fitness_functions.py,,MOD-L08-001,D-INFRA,D-INFRA-SHARED_SERVICES,depgraph_blueprint,high
src/zephyr/frontend/dashboard/components/gate_statistics.py,,MOD-L08-001,D-INFRA,D-INFRA-SHARED_SERVICES,depgraph_blueprint,high
src/zephyr/frontend/dashboard/components/knowledge_overview.py,,MOD-L08-001,D-INFRA,D-INFRA-SHARED_SERVICES,depgraph_blueprint,high
src/zephyr/frontend/dashboard/components/olap_trend.py,,MOD-L08-001,D-INFRA,D-INFRA-SHARED_SERVICES,depgraph_blueprint,high
src/zephyr/frontend/dashboard/components/task_progress.py,,MOD-L08-001,D-INFRA,D-INFRA-SHARED_SERVICES,depgraph_blueprint,high
src/zephyr/frontend/interface_base.py,,MOD-L08-001,D-INFRA,D-INFRA-SHARED_SERVICES,depgraph_blueprint,high
src/zephyr/governance/__init__.py,,DOM-GOV-001,D-GOV,D-GOV-SCRIPT_GOVERNANCE,depgraph_blueprint,high
src/zephyr/governance/admission_response.py,,DOM-GOV-001,D-GOV,D-GOV-SCRIPT_GOVERNANCE,depgraph_blueprint,high
src/zephyr/governance/agent_debate.py,,DOM-GOV-001,D-GOV,D-GOV-SCRIPT_GOVERNANCE,depgraph_blueprint,high
src/zephyr/governance/agent_dispatch.py,,DOM-GOV-001,D-GOV,D-GOV-SCRIPT_GOVERNANCE,depgraph_blueprint,high
src/zephyr/governance/agent_spec/__init__.py,,MOD-INF-019,D-ORCH,D-ORCH-AGENT_LIFECYCLE,depgraph_blueprint,high
src/zephyr/governance/agent_spec/registry.py,,MOD-INF-019,D-ORCH,D-ORCH-AGENT_LIFECYCLE,depgraph_blueprint,high
src/zephyr/governance/ai_code_standards.py,,DOM-GOV-001,D-GOV,D-GOV-SCRIPT_GOVERNANCE,depgraph_blueprint,high
src/zephyr/governance/ai_self_diagnosis.py,,DOM-GOV-001,D-GOV,D-GOV-SCRIPT_GOVERNANCE,depgraph_blueprint,high
src/zephyr/governance/api_lifecycle.py,,DOM-GOV-001,D-GOV,D-GOV-SCRIPT_GOVERNANCE,depgraph_blueprint,high
src/zephyr/governance/architecture_contracts.py,,DOM-GOV-001,D-GOV,D-GOV-SCRIPT_GOVERNANCE,depgraph_blueprint,high
src/zephyr/governance/architecture_principles.py,,DOM-GOV-001,D-GOV,D-GOV-SCRIPT_GOVERNANCE,depgraph_blueprint,high
src/zephyr/governance/audit_orchestration/__init__.py,,MOD-INF-035,D-GOV,D_GOV_AUDIT_ORCHESTRATION,depgraph_domain,high
src/zephyr/governance/audit_orchestration/agent_health_monitor.py,,MOD-INF-035,D-GOV,D_GOV_AUDIT_ORCHESTRATION,depgraph_domain,high
src/zephyr/governance/audit_orchestration/agent_orchestrator.py,,MOD-INF-035,D-GOV,D_GOV_AUDIT_ORCHESTRATION,depgraph_domain,high
src/zephyr/governance/audit_orchestration/agent_quality.py,,MOD-INF-035,D-GOV,D_GOV_AUDIT_ORCHESTRATION,depgraph_domain,high
src/zephyr/governance/audit_orchestration/autonomy_guard.py,,MOD-INF-035,D-GOV,D_GOV_AUDIT_ORCHESTRATION,depgraph_domain,high
src/zephyr/governance/audit_orchestration/backup_manager.py,,MOD-INF-035,D-GOV,D_GOV_AUDIT_ORCHESTRATION,depgraph_domain,high
src/zephyr/governance/audit_orchestration/batch_orchestrator.py,,MOD-INF-035,D-GOV,D_GOV_AUDIT_ORCHESTRATION,depgraph_domain,high
src/zephyr/governance/audit_orchestration/benchmark_runner.py,,MOD-INF-035,D-GOV,D_GOV_AUDIT_ORCHESTRATION,depgraph_domain,high
src/zephyr/governance/audit_orchestration/blind_spot_closure.py,,MOD-INF-035,D-GOV,D_GOV_AUDIT_ORCHESTRATION,depgraph_domain,high
src/zephyr/governance/audit_orchestration/blueprint_health.py,,MOD-INF-035,D-GOV,D_GOV_AUDIT_ORCHESTRATION,depgraph_domain,high
src/zephyr/governance/audit_orchestration/blueprint_scorer.py,,MOD-INF-035,D-GOV,D_GOV_AUDIT_ORCHESTRATION,depgraph_domain,high
src/zephyr/governance/audit_orchestration/bulkhead_manager.py,,MOD-INF-035,D-GOV,D_GOV_AUDIT_ORCHESTRATION,depgraph_domain,high
src/zephyr/governance/audit_orchestration/canary_manager.py,,MOD-INF-035,D-GOV,D_GOV_AUDIT_ORCHESTRATION,depgraph_domain,high
src/zephyr/governance/audit_orchestration/capacity_budget.py,,MOD-INF-035,D-GOV,D_GOV_AUDIT_ORCHESTRATION,depgraph_domain,high
src/zephyr/governance/audit_orchestration/chaos_engine.py,,MOD-INF-035,D-GOV,D_GOV_AUDIT_ORCHESTRATION,depgraph_domain,high
src/zephyr/governance/audit_orchestration/config_manager.py,,MOD-INF-035,D-GOV,D_GOV_AUDIT_ORCHESTRATION,depgraph_domain,high
src/zephyr/governance/audit_orchestration/construction_guide.py,,MOD-INF-035,D-GOV,D_GOV_AUDIT_ORCHESTRATION,depgraph_domain,high
src/zephyr/governance/audit_orchestration/contract_registry.py,,MOD-INF-035,D-GOV,D_GOV_AUDIT_ORCHESTRATION,depgraph_domain,high
src/zephyr/governance/audit_orchestration/contract_router.py,,MOD-INF-035,D-GOV,D_GOV_AUDIT_ORCHESTRATION,depgraph_domain,high
src/zephyr/governance/audit_orchestration/core/__init__.py,,MOD-INF-002,D-INFRA,D-INFRA-RUNTIME_INTEGRATION,depgraph_blueprint,high
src/zephyr/governance/audit_orchestration/core/agent_orchestrator.py,,MOD-INF-002,D-INFRA,D-INFRA-RUNTIME_INTEGRATION,depgraph_blueprint,high
src/zephyr/governance/audit_orchestration/core/task_queue.py,,MOD-INF-002,D-INFRA,D-INFRA-RUNTIME_INTEGRATION,depgraph_blueprint,high
src/zephyr/governance/audit_orchestration/core/trigger_router.py,,MOD-INF-002,D-INFRA,D-INFRA-RUNTIME_INTEGRATION,depgraph_blueprint,high
src/zephyr/governance/audit_orchestration/core/wave_generator.py,,MOD-INF-002,D-INFRA,D-INFRA-RUNTIME_INTEGRATION,depgraph_blueprint,high
src/zephyr/governance/audit_orchestration/data_lifecycle.py,,MOD-INF-035,D-GOV,D_GOV_AUDIT_ORCHESTRATION,depgraph_domain,high
src/zephyr/governance/audit_orchestration/deferred_queue.py,,MOD-INF-035,D-GOV,D_GOV_AUDIT_ORCHESTRATION,depgraph_domain,high
src/zephyr/governance/audit_orchestration/degrade_cascade.py,,MOD-INF-035,D-GOV,D_GOV_AUDIT_ORCHESTRATION,depgraph_domain,high
src/zephyr/governance/audit_orchestration/dependency_lock.py,,MOD-INF-035,D-GOV,D_GOV_AUDIT_ORCHESTRATION,depgraph_domain,high
src/zephyr/governance/audit_orchestration/design_decisions.py,,MOD-INF-035,D-GOV,D_GOV_AUDIT_ORCHESTRATION,depgraph_domain,high
src/zephyr/governance/audit_orchestration/disk_guard.py,,MOD-INF-035,D-GOV,D_GOV_AUDIT_ORCHESTRATION,depgraph_domain,high
src/zephyr/governance/audit_orchestration/dlq_manager.py,,MOD-INF-035,D-GOV,D_GOV_AUDIT_ORCHESTRATION,depgraph_domain,high
src/zephyr/governance/audit_orchestration/failure_matcher.py,,MOD-INF-035,D-GOV,D_GOV_AUDIT_ORCHESTRATION,depgraph_domain,high
src/zephyr/governance/audit_orchestration/feature_flag.py,,MOD-INF-035,D-GOV,D_GOV_AUDIT_ORCHESTRATION,depgraph_domain,high
src/zephyr/governance/audit_orchestration/file_task_mapper.py,,MOD-INF-035,D-GOV,D_GOV_AUDIT_ORCHESTRATION,depgraph_domain,high
src/zephyr/governance/audit_orchestration/finding_bridge.py,,MOD-INF-035,D-GOV,D_GOV_AUDIT_ORCHESTRATION,depgraph_domain,high
src/zephyr/governance/audit_orchestration/hallucination_detector.py,,MOD-INF-035,D-GOV,D_GOV_AUDIT_ORCHESTRATION,depgraph_domain,high
src/zephyr/governance/audit_orchestration/housekeeping.py,,MOD-INF-035,D-GOV,D_GOV_AUDIT_ORCHESTRATION,depgraph_domain,high
src/zephyr/governance/audit_orchestration/incident_postmortem.py,,MOD-INF-035,D-GOV,D_GOV_AUDIT_ORCHESTRATION,depgraph_domain,high
src/zephyr/governance/audit_orchestration/ke_quality.py,,MOD-INF-035,D-GOV,D_GOV_AUDIT_ORCHESTRATION,depgraph_domain,high
src/zephyr/governance/audit_orchestration/knowledge_freshness.py,,MOD-INF-035,D-GOV,D_GOV_AUDIT_ORCHESTRATION,depgraph_domain,high
src/zephyr/governance/audit_orchestration/lean_scanner.py,,MOD-INF-035,D-GOV,D_GOV_AUDIT_ORCHESTRATION,depgraph_domain,high
src/zephyr/governance/audit_orchestration/model_registry.py,,MOD-INF-035,D-GOV,D_GOV_AUDIT_ORCHESTRATION,depgraph_domain,high
src/zephyr/governance/audit_orchestration/network_partition.py,,MOD-INF-035,D-GOV,D_GOV_AUDIT_ORCHESTRATION,depgraph_domain,high
src/zephyr/governance/audit_orchestration/path_index.py,,MOD-INF-035,D-GOV,D_GOV_AUDIT_ORCHESTRATION,depgraph_domain,high
src/zephyr/governance/audit_orchestration/phase_executor.py,,MOD-INF-035,D-GOV,D_GOV_AUDIT_ORCHESTRATION,depgraph_domain,high
src/zephyr/governance/audit_orchestration/prompt_version.py,,MOD-INF-035,D-GOV,D_GOV_AUDIT_ORCHESTRATION,depgraph_domain,high
src/zephyr/governance/audit_orchestration/reconciliation_loop.py,,MOD-INF-035,D-GOV,D_GOV_AUDIT_ORCHESTRATION,depgraph_domain,high
src/zephyr/governance/audit_orchestration/resilience/__init__.py,,MOD-INF-035,D-GOV,D_GOV_AUDIT_ORCHESTRATION,depgraph_domain,high
src/zephyr/governance/audit_orchestration/resilience/deferred_queue.py,,MOD-INF-035,D-GOV,D_GOV_AUDIT_ORCHESTRATION,depgraph_domain,high
src/zephyr/governance/audit_orchestration/resilience/failure_matcher.py,,MOD-INF-035,D-GOV,D_GOV_AUDIT_ORCHESTRATION,depgraph_domain,high
src/zephyr/governance/audit_orchestration/resilience/hallucination_detector.py,,MOD-INF-035,D-GOV,D_GOV_AUDIT_ORCHESTRATION,depgraph_domain,high
src/zephyr/governance/audit_orchestration/resilience/rollback_manager.py,,MOD-INF-035,D-GOV,D_GOV_AUDIT_ORCHESTRATION,depgraph_domain,high
src/zephyr/governance/audit_orchestration/risk_registry.py,,MOD-INF-035,D-GOV,D_GOV_AUDIT_ORCHESTRATION,depgraph_domain,high
src/zephyr/governance/audit_orchestration/rollback_manager.py,,MOD-INF-035,D-GOV,D_GOV_AUDIT_ORCHESTRATION,depgraph_domain,high
src/zephyr/governance/audit_orchestration/rolling_upgrade.py,,MOD-INF-035,D-GOV,D_GOV_AUDIT_ORCHESTRATION,depgraph_domain,high
src/zephyr/governance/audit_orchestration/schema_migration.py,,MOD-INF-035,D-GOV,D_GOV_AUDIT_ORCHESTRATION,depgraph_domain,high
src/zephyr/governance/audit_orchestration/session_conflict.py,,MOD-INF-035,D-GOV,D_GOV_AUDIT_ORCHESTRATION,depgraph_domain,high
src/zephyr/governance/audit_orchestration/session_handoff.py,,MOD-INF-035,D-GOV,D_GOV_AUDIT_ORCHESTRATION,depgraph_domain,high
src/zephyr/governance/audit_orchestration/session_manager.py,,MOD-INF-035,D-GOV,D_GOV_AUDIT_ORCHESTRATION,depgraph_domain,high
src/zephyr/governance/audit_orchestration/stability_guard.py,,MOD-INF-035,D-GOV,D_GOV_AUDIT_ORCHESTRATION,depgraph_domain,high
src/zephyr/governance/audit_orchestration/startup_sequencer.py,,MOD-INF-035,D-GOV,D_GOV_AUDIT_ORCHESTRATION,depgraph_domain,high
src/zephyr/governance/audit_orchestration/state/__init__.py,,MOD-INF-035,D-GOV,D_GOV_AUDIT_ORCHESTRATION,depgraph_domain,high
src/zephyr/governance/audit_orchestration/state/agent_health_monitor.py,,MOD-INF-035,D-GOV,D_GOV_AUDIT_ORCHESTRATION,depgraph_domain,high
src/zephyr/governance/audit_orchestration/state/file_task_mapper.py,,MOD-INF-035,D-GOV,D_GOV_AUDIT_ORCHESTRATION,depgraph_domain,high
src/zephyr/governance/audit_orchestration/state/session_manager.py,,MOD-INF-035,D-GOV,D_GOV_AUDIT_ORCHESTRATION,depgraph_domain,high
src/zephyr/governance/audit_orchestration/state/state_synchronizer.py,,MOD-INF-035,D-GOV,D_GOV_AUDIT_ORCHESTRATION,depgraph_domain,high
src/zephyr/governance/audit_orchestration/state_propagation.py,,MOD-INF-035,D-GOV,D_GOV_AUDIT_ORCHESTRATION,depgraph_domain,high
src/zephyr/governance/audit_orchestration/state_synchronizer.py,,MOD-INF-035,D-GOV,D_GOV_AUDIT_ORCHESTRATION,depgraph_domain,high
src/zephyr/governance/audit_orchestration/system_transfer.py,,MOD-INF-035,D-GOV,D_GOV_AUDIT_ORCHESTRATION,depgraph_domain,high
src/zephyr/governance/audit_orchestration/task_queue.py,,MOD-INF-035,D-GOV,D_GOV_AUDIT_ORCHESTRATION,depgraph_domain,high
src/zephyr/governance/audit_orchestration/teardown_manager.py,,MOD-INF-035,D-GOV,D_GOV_AUDIT_ORCHESTRATION,depgraph_domain,high
src/zephyr/governance/audit_orchestration/trigger_router.py,,MOD-INF-035,D-GOV,D_GOV_AUDIT_ORCHESTRATION,depgraph_domain,high
src/zephyr/governance/audit_orchestration/version_manifest.py,,MOD-INF-035,D-GOV,D_GOV_AUDIT_ORCHESTRATION,depgraph_domain,high
src/zephyr/governance/audit_orchestration/wave_generator.py,,MOD-INF-035,D-GOV,D_GOV_AUDIT_ORCHESTRATION,depgraph_domain,high
src/zephyr/governance/bandwidth_optimizer.py,,DOM-GOV-001,D-GOV,D-GOV-SCRIPT_GOVERNANCE,depgraph_blueprint,high
src/zephyr/governance/benchmark_integrity.py,,DOM-GOV-001,D-GOV,D-GOV-SCRIPT_GOVERNANCE,depgraph_blueprint,high
src/zephyr/governance/broker_resilience.py,,DOM-GOV-001,D-GOV,D-GOV-SCRIPT_GOVERNANCE,depgraph_blueprint,high
src/zephyr/governance/bus_factor_defense.py,,DOM-GOV-001,D-GOV,D-GOV-SCRIPT_GOVERNANCE,depgraph_blueprint,high
src/zephyr/governance/code_review_ai.py,,DOM-GOV-001,D-GOV,D-GOV-SCRIPT_GOVERNANCE,depgraph_blueprint,high
src/zephyr/governance/consequence_manager.py,,DOM-GOV-001,D-GOV,D-GOV-SCRIPT_GOVERNANCE,depgraph_blueprint,high
src/zephyr/governance/constitutional_update.py,,DOM-GOV-001,D-GOV,D-GOV-SCRIPT_GOVERNANCE,depgraph_blueprint,high
src/zephyr/governance/context_manager.py,,DOM-GOV-001,D-GOV,D-GOV-SCRIPT_GOVERNANCE,depgraph_blueprint,high
src/zephyr/governance/context_recycling.py,,DOM-GOV-001,D-GOV,D-GOV-SCRIPT_GOVERNANCE,depgraph_blueprint,high
src/zephyr/governance/cross_env_consistency.py,,DOM-GOV-001,D-GOV,D-GOV-SCRIPT_GOVERNANCE,depgraph_blueprint,high
src/zephyr/governance/data_classification.py,,DOM-GOV-001,D-GOV,D-GOV-SCRIPT_GOVERNANCE,depgraph_blueprint,high
src/zephyr/governance/data_lifecycle.py,,DOM-GOV-001,D-GOV,D-GOV-SCRIPT_GOVERNANCE,depgraph_blueprint,high
src/zephyr/governance/data_quality.py,,DOM-GOV-001,D-GOV,D-GOV-SCRIPT_GOVERNANCE,depgraph_blueprint,high
src/zephyr/governance/data_source_reliability.py,,DOM-GOV-001,D-GOV,D-GOV-SCRIPT_GOVERNANCE,depgraph_blueprint,high
src/zephyr/governance/decision_fatigue.py,,DOM-GOV-001,D-GOV,D-GOV-SCRIPT_GOVERNANCE,depgraph_blueprint,high
src/zephyr/governance/decision_fatigue_cli.py,,DOM-GOV-001,D-GOV,D-GOV-SCRIPT_GOVERNANCE,depgraph_blueprint,high
src/zephyr/governance/dependency_manager.py,,DOM-GOV-001,D-GOV,D-GOV-SCRIPT_GOVERNANCE,depgraph_blueprint,high
src/zephyr/governance/drift_detection/__init__.py,,MOD-INF-023,D-GOV,D_GOV_DRIFT_DETECTION,depgraph_blueprint,high
src/zephyr/governance/drift_detection/__main__.py,,MOD-INF-023,D-GOV,D_GOV_DRIFT_DETECTION,depgraph_blueprint,high
src/zephyr/governance/drift_detection/absence_manager.py,,MOD-INF-023,D-GOV,D_GOV_DRIFT_DETECTION,depgraph_blueprint,high
src/zephyr/governance/drift_detection/ai_construction_detectors.py,,MOD-INF-023,D-GOV,D_GOV_DRIFT_DETECTION,depgraph_blueprint,high
src/zephyr/governance/drift_detection/ai_context_injector.py,,MOD-INF-023,D-GOV,D_GOV_DRIFT_DETECTION,depgraph_blueprint,high
src/zephyr/governance/drift_detection/alert_router.py,,MOD-INF-023,D-GOV,D_GOV_DRIFT_DETECTION,depgraph_blueprint,high
src/zephyr/governance/drift_detection/backcompat_checker.py,,MOD-INF-023,D-GOV,D_GOV_DRIFT_DETECTION,depgraph_blueprint,high
src/zephyr/governance/drift_detection/baseline_manager.py,,MOD-INF-023,D-GOV,D_GOV_DRIFT_DETECTION,depgraph_blueprint,high
src/zephyr/governance/drift_detection/baseline_poisoning_guard.py,,MOD-INF-023,D-GOV,D_GOV_DRIFT_DETECTION,depgraph_blueprint,high
src/zephyr/governance/drift_detection/brain_integration.py,,MOD-INF-023,D-GOV,D_GOV_DRIFT_DETECTION,depgraph_blueprint,high
src/zephyr/governance/drift_detection/bridges/__init__.py,,MOD-INF-023,D-GOV,D_GOV_DRIFT_DETECTION,depgraph_blueprint,high
src/zephyr/governance/drift_detection/bridges/events.py,,MOD-INF-023,D-GOV,D_GOV_DRIFT_DETECTION,depgraph_blueprint,high
src/zephyr/governance/drift_detection/bridges/rollback_bridge.py,,MOD-INF-023,D-GOV,D_GOV_DRIFT_DETECTION,depgraph_blueprint,high
src/zephyr/governance/drift_detection/canary_controller.py,,MOD-INF-023,D-GOV,D_GOV_DRIFT_DETECTION,depgraph_blueprint,high
src/zephyr/governance/drift_detection/cascade_detector.py,,MOD-INF-023,D-GOV,D_GOV_DRIFT_DETECTION,depgraph_blueprint,high
src/zephyr/governance/drift_detection/chaos_injector.py,,MOD-INF-023,D-GOV,D_GOV_DRIFT_DETECTION,depgraph_blueprint,high
src/zephyr/governance/drift_detection/cold_start.py,,MOD-INF-023,D-GOV,D_GOV_DRIFT_DETECTION,depgraph_blueprint,high
src/zephyr/governance/drift_detection/config_consistency.py,,MOD-INF-023,D-GOV,D_GOV_DRIFT_DETECTION,depgraph_blueprint,high
src/zephyr/governance/drift_detection/correlation_engine.py,,MOD-INF-023,D-GOV,D_GOV_DRIFT_DETECTION,depgraph_blueprint,high
src/zephyr/governance/drift_detection/credibility_engine.py,,MOD-INF-023,D-GOV,D_GOV_DRIFT_DETECTION,depgraph_blueprint,high
src/zephyr/governance/drift_detection/cross_module_score.py,,MOD-INF-023,D-GOV,D_GOV_DRIFT_DETECTION,depgraph_blueprint,high
src/zephyr/governance/drift_detection/dashboard.py,,MOD-INF-023,D-GOV,D_GOV_DRIFT_DETECTION,depgraph_blueprint,high
src/zephyr/governance/drift_detection/detector_dispatcher.py,,MOD-INF-023,D-GOV,D_GOV_DRIFT_DETECTION,depgraph_blueprint,high
src/zephyr/governance/drift_detection/drift_cron_scheduler.py,,MOD-INF-023,D-GOV,D_GOV_DRIFT_DETECTION,depgraph_blueprint,high
src/zephyr/governance/drift_detection/drift_engine.py,,MOD-INF-023,D-GOV,D_GOV_DRIFT_DETECTION,depgraph_blueprint,high
src/zephyr/governance/drift_detection/drift_hotfix_bypass.py,,MOD-INF-023,D-GOV,D_GOV_DRIFT_DETECTION,depgraph_blueprint,high
src/zephyr/governance/drift_detection/drift_infrastructure.py,,MOD-INF-023,D-GOV,D_GOV_DRIFT_DETECTION,depgraph_blueprint,high
src/zephyr/governance/drift_detection/drift_models.py,,MOD-INF-023,D-GOV,D_GOV_DRIFT_DETECTION,depgraph_blueprint,high
src/zephyr/governance/drift_detection/drift_result_types.py,,MOD-INF-023,D-GOV,D_GOV_DRIFT_DETECTION,depgraph_blueprint,high
src/zephyr/governance/drift_detection/drift_training.py,,MOD-INF-023,D-GOV,D_GOV_DRIFT_DETECTION,depgraph_blueprint,high
src/zephyr/governance/drift_detection/file_attr_checker.py,,MOD-INF-023,D-GOV,D_GOV_DRIFT_DETECTION,depgraph_blueprint,high
src/zephyr/governance/drift_detection/forensics_engine.py,,MOD-INF-023,D-GOV,D_GOV_DRIFT_DETECTION,depgraph_blueprint,high
src/zephyr/governance/drift_detection/gate_persistence.py,,MOD-INF-023,D-GOV,D_GOV_DRIFT_DETECTION,depgraph_blueprint,high
src/zephyr/governance/drift_detection/git_bisector.py,,MOD-INF-023,D-GOV,D_GOV_DRIFT_DETECTION,depgraph_blueprint,high
src/zephyr/governance/drift_detection/gitignore_auditor.py,,MOD-INF-023,D-GOV,D_GOV_DRIFT_DETECTION,depgraph_blueprint,high
src/zephyr/governance/drift_detection/handoff_manager.py,,MOD-INF-023,D-GOV,D_GOV_DRIFT_DETECTION,depgraph_blueprint,high
src/zephyr/governance/drift_detection/headless_scanner.py,,MOD-INF-023,D-GOV,D_GOV_DRIFT_DETECTION,depgraph_blueprint,high
src/zephyr/governance/drift_detection/incremental_scanner.py,,MOD-INF-023,D-GOV,D_GOV_DRIFT_DETECTION,depgraph_blueprint,high
src/zephyr/governance/drift_detection/integration_test_runner.py,,MOD-INF-023,D-GOV,D_GOV_DRIFT_DETECTION,depgraph_blueprint,high
src/zephyr/governance/drift_detection/naming_magic_checker.py,,MOD-INF-023,D-GOV,D_GOV_DRIFT_DETECTION,depgraph_blueprint,high
src/zephyr/governance/drift_detection/orphan_scanner.py,,MOD-INF-023,D-GOV,D_GOV_DRIFT_DETECTION,depgraph_blueprint,high
src/zephyr/governance/drift_detection/python_compat.py,,MOD-INF-023,D-GOV,D_GOV_DRIFT_DETECTION,depgraph_blueprint,high
src/zephyr/governance/drift_detection/reconciler.py,,MOD-INF-023,D-GOV,D_GOV_DRIFT_DETECTION,depgraph_blueprint,high
src/zephyr/governance/drift_detection/resource_guard.py,,MOD-INF-023,D-GOV,D_GOV_DRIFT_DETECTION,depgraph_blueprint,high
src/zephyr/governance/drift_detection/roi_engine.py,,MOD-INF-023,D-GOV,D_GOV_DRIFT_DETECTION,depgraph_blueprint,high
src/zephyr/governance/drift_detection/runbook_generator.py,,MOD-INF-023,D-GOV,D_GOV_DRIFT_DETECTION,depgraph_blueprint,high
src/zephyr/governance/drift_detection/scan_mutex.py,,MOD-INF-023,D-GOV,D_GOV_DRIFT_DETECTION,depgraph_blueprint,high
src/zephyr/governance/drift_detection/self_check.py,,MOD-INF-023,D-GOV,D_GOV_DRIFT_DETECTION,depgraph_blueprint,high
src/zephyr/governance/drift_detection/self_test_verifier.py,,MOD-INF-023,D-GOV,D_GOV_DRIFT_DETECTION,depgraph_blueprint,high
src/zephyr/governance/drift_detection/state_machine.py,,MOD-INF-023,D-GOV,D_GOV_DRIFT_DETECTION,depgraph_blueprint,high
src/zephyr/governance/drift_detection/suppression_learner.py,,MOD-INF-023,D-GOV,D_GOV_DRIFT_DETECTION,depgraph_blueprint,high
src/zephyr/governance/drift_detection/symlink_checker.py,,MOD-INF-023,D-GOV,D_GOV_DRIFT_DETECTION,depgraph_blueprint,high
src/zephyr/governance/drift_detection/tamper_proof_audit.py,,MOD-INF-023,D-GOV,D_GOV_DRIFT_DETECTION,depgraph_blueprint,high
src/zephyr/governance/drift_detection/test_fixture_checker.py,,MOD-INF-023,D-GOV,D_GOV_DRIFT_DETECTION,depgraph_blueprint,high
src/zephyr/governance/drift_detection/trend_analyzer.py,,MOD-INF-023,D-GOV,D_GOV_DRIFT_DETECTION,depgraph_blueprint,high
src/zephyr/governance/environment_manager.py,,DOM-GOV-001,D-GOV,D-GOV-SCRIPT_GOVERNANCE,depgraph_blueprint,high
src/zephyr/governance/event_hook.py,,MOD-INF-002,D-INFRA,D-INFRA-RUNTIME_INTEGRATION,depgraph_blueprint,high
src/zephyr/governance/fault_tolerance.py,,DOM-GOV-001,D-GOV,D-GOV-SCRIPT_GOVERNANCE,depgraph_blueprint,high
src/zephyr/governance/financial_compliance.py,,DOM-GOV-001,D-GOV,D-GOV-SCRIPT_GOVERNANCE,depgraph_blueprint,high
src/zephyr/governance/fsm_verifier.py,,DOM-GOV-001,D-GOV,D-GOV-SCRIPT_GOVERNANCE,depgraph_blueprint,high
src/zephyr/governance/incident_response.py,,DOM-GOV-001,D-GOV,D-GOV-SCRIPT_GOVERNANCE,depgraph_blueprint,high
src/zephyr/governance/incremental_review.py,,DOM-GOV-001,D-GOV,D-GOV-SCRIPT_GOVERNANCE,depgraph_blueprint,high
src/zephyr/governance/knowledge_engine.py,,DOM-GOV-001,D-GOV,D-GOV-SCRIPT_GOVERNANCE,depgraph_blueprint,high
src/zephyr/governance/local_first_arch.py,,DOM-GOV-001,D-GOV,D-GOV-SCRIPT_GOVERNANCE,depgraph_blueprint,high
src/zephyr/governance/market_data_pipeline.py,,DOM-GOV-001,D-GOV,D-GOV-SCRIPT_GOVERNANCE,depgraph_blueprint,high
src/zephyr/governance/mcp_result_push.py,,DOM-GOV-001,D-GOV,D-GOV-SCRIPT_GOVERNANCE,depgraph_blueprint,high
src/zephyr/governance/microstructure_defense.py,,DOM-GOV-001,D-GOV,D-GOV-SCRIPT_GOVERNANCE,depgraph_blueprint,high
src/zephyr/governance/migration_strategy.py,,DOM-GOV-001,D-GOV,D-GOV-SCRIPT_GOVERNANCE,depgraph_blueprint,high
src/zephyr/governance/model_drift_monitor.py,,DOM-GOV-001,D-GOV,D-GOV-SCRIPT_GOVERNANCE,depgraph_blueprint,high
src/zephyr/governance/multi_model_consensus.py,,DOM-GOV-001,D-GOV,D-GOV-SCRIPT_GOVERNANCE,depgraph_blueprint,high
src/zephyr/governance/observability_dashboard.py,,DOM-GOV-001,D-GOV,D-GOV-SCRIPT_GOVERNANCE,depgraph_blueprint,high
src/zephyr/governance/offline_autonomy.py,,DOM-GOV-001,D-GOV,D-GOV-SCRIPT_GOVERNANCE,depgraph_blueprint,high
src/zephyr/governance/offline_resilience.py,,DOM-GOV-001,D-GOV,D-GOV-SCRIPT_GOVERNANCE,depgraph_blueprint,high
src/zephyr/governance/oms_risk_engine.py,,DOM-GOV-001,D-GOV,D-GOV-SCRIPT_GOVERNANCE,depgraph_blueprint,high
src/zephyr/governance/ops_foundation.py,,DOM-GOV-001,D-GOV,D-GOV-SCRIPT_GOVERNANCE,depgraph_blueprint,high
src/zephyr/security/access_control/orphan_judge/__init__.py,,MOD-INF-029,D-GOV,D-GOV-ORPHAN_JUDGMENT,depgraph_blueprint,high
src/zephyr/security/access_control/orphan_judge/orphan_detector.py,,MOD-INF-029,D-GOV,D-GOV-ORPHAN_JUDGMENT,depgraph_blueprint,high
src/zephyr/governance/paper_live_transition.py,,DOM-GOV-001,D-GOV,D-GOV-SCRIPT_GOVERNANCE,depgraph_blueprint,high
src/zephyr/governance/path_resolver.py,,DOM-GOV-001,D-GOV,D-GOV-SCRIPT_GOVERNANCE,depgraph_blueprint,high
src/zephyr/governance/performance_baseline.py,,DOM-GOV-001,D-GOV,D-GOV-SCRIPT_GOVERNANCE,depgraph_blueprint,high
src/zephyr/governance/phase_check_registry.py,,DOM-GOV-001,D-GOV,D-GOV-SCRIPT_GOVERNANCE,depgraph_blueprint,high
src/zephyr/governance/phase_manager.py,,DOM-GOV-001,D-GOV,D-GOV-SCRIPT_GOVERNANCE,depgraph_blueprint,high
src/zephyr/governance/post_live_verification.py,,DOM-GOV-001,D-GOV,D-GOV-SCRIPT_GOVERNANCE,depgraph_blueprint,high
src/zephyr/governance/post_process.py,,DOM-GOV-001,D-GOV,D-GOV-SCRIPT_GOVERNANCE,depgraph_blueprint,high
src/zephyr/governance/prompt_lifecycle.py,,DOM-GOV-001,D-GOV,D-GOV-SCRIPT_GOVERNANCE,depgraph_blueprint,high
src/zephyr/governance/provenance_tracker.py,,DOM-GOV-001,D-GOV,D-GOV-SCRIPT_GOVERNANCE,depgraph_blueprint,high
src/zephyr/governance/realtime_streaming.py,,DOM-GOV-001,D-GOV,D-GOV-SCRIPT_GOVERNANCE,depgraph_blueprint,high
src/zephyr/governance/red_blue_validator/ai_self_diagnosis.py,,DOM-GOV-001,D-GOV,D-GOV-SCRIPT_GOVERNANCE,depgraph_blueprint,high
src/zephyr/governance/regime_detector.py,,DOM-GOV-001,D-GOV,D-GOV-SCRIPT_GOVERNANCE,depgraph_blueprint,high
src/zephyr/governance/rule_enforcement/__init__.py,,MOD-INF-007,D-GOV,D_GOV_RULE_ENFORCEMENT,depgraph_blueprint,high
src/zephyr/governance/rule_enforcement/adaptive_threshold.py,,MOD-INF-007,D-GOV,D_GOV_RULE_ENFORCEMENT,depgraph_blueprint,high
src/zephyr/governance/rule_enforcement/admission/__init__.py,,MOD-INF-007,D-GOV,D_GOV_RULE_ENFORCEMENT,depgraph_blueprint,high
src/zephyr/governance/rule_enforcement/adversarial_strategies.py,,MOD-INF-007,D-GOV,D_GOV_RULE_ENFORCEMENT,depgraph_blueprint,high
src/zephyr/governance/rule_enforcement/adversarial_validation.py,,MOD-INF-007,D-GOV,D_GOV_RULE_ENFORCEMENT,depgraph_blueprint,high
src/zephyr/governance/rule_enforcement/ai_capability_guard.py,,MOD-INF-007,D-GOV,D_GOV_RULE_ENFORCEMENT,depgraph_blueprint,high
src/zephyr/governance/rule_enforcement/anti_pattern_guard.py,,MOD-INF-007,D-GOV,D_GOV_RULE_ENFORCEMENT,depgraph_blueprint,high
src/zephyr/governance/rule_enforcement/audit_chain_verifier.py,,MOD-INF-007,D-GOV,D_GOV_RULE_ENFORCEMENT,depgraph_blueprint,high
src/zephyr/governance/rule_enforcement/breaking_change_detector.py,,MOD-INF-007,D-GOV,D_GOV_RULE_ENFORCEMENT,depgraph_blueprint,high
src/zephyr/governance/rule_enforcement/can_i_deploy.py,,MOD-INF-007,D-GOV,D_GOV_RULE_ENFORCEMENT,depgraph_blueprint,high
src/zephyr/governance/rule_enforcement/capability_checker.py,,MOD-INF-007,D-GOV,D_GOV_RULE_ENFORCEMENT,depgraph_blueprint,high
src/zephyr/governance/rule_enforcement/cbac_matrix.py,,MOD-INF-007,D-GOV,D_GOV_RULE_ENFORCEMENT,depgraph_blueprint,high
src/zephyr/governance/rule_enforcement/cdc_broker.py,,MOD-INF-007,D-GOV,D_GOV_RULE_ENFORCEMENT,depgraph_blueprint,high
src/zephyr/governance/rule_enforcement/check_types/__init__.py,,MOD-INF-007,D-GOV,D_GOV_RULE_ENFORCEMENT,depgraph_blueprint,high
src/zephyr/governance/rule_enforcement/check_types/adversarial_validation.py,,MOD-INF-007,D-GOV,D_GOV_RULE_ENFORCEMENT,depgraph_blueprint,high
src/zephyr/governance/rule_enforcement/check_types/check_type_registry.py,,MOD-INF-007,D-GOV,D_GOV_RULE_ENFORCEMENT,depgraph_blueprint,high
src/zephyr/governance/rule_enforcement/check_types/ct_audit_findings_resolved.py,,MOD-INF-007,D-GOV,D_GOV_RULE_ENFORCEMENT,depgraph_blueprint,high
src/zephyr/governance/rule_enforcement/check_types/ct_blueprint_read_check.py,,MOD-INF-007,D-GOV,D_GOV_RULE_ENFORCEMENT,depgraph_blueprint,high
src/zephyr/governance/rule_enforcement/check_types/ct_circuit_breaker.py,,MOD-INF-007,D-GOV,D_GOV_RULE_ENFORCEMENT,depgraph_blueprint,high
src/zephyr/governance/rule_enforcement/check_types/ct_circular_dependency_scan.py,,MOD-INF-007,D-GOV,D_GOV_RULE_ENFORCEMENT,depgraph_blueprint,high
src/zephyr/governance/rule_enforcement/check_types/ct_classification.py,,MOD-INF-007,D-GOV,D_GOV_RULE_ENFORCEMENT,depgraph_blueprint,high
src/zephyr/governance/rule_enforcement/check_types/ct_content_length.py,,MOD-INF-007,D-GOV,D_GOV_RULE_ENFORCEMENT,depgraph_blueprint,high
src/zephyr/governance/rule_enforcement/check_types/ct_content_quality.py,,MOD-INF-007,D-GOV,D_GOV_RULE_ENFORCEMENT,depgraph_blueprint,high
src/zephyr/governance/rule_enforcement/check_types/ct_contract_compatibility_check.py,,MOD-INF-007,D-GOV,D_GOV_RULE_ENFORCEMENT,depgraph_blueprint,high
src/zephyr/governance/rule_enforcement/check_types/ct_deduplication.py,,MOD-INF-007,D-GOV,D_GOV_RULE_ENFORCEMENT,depgraph_blueprint,high
src/zephyr/governance/rule_enforcement/check_types/ct_drift_budget.py,,MOD-INF-007,D-GOV,D_GOV_RULE_ENFORCEMENT,depgraph_blueprint,high
src/zephyr/governance/rule_enforcement/check_types/ct_encoding.py,,MOD-INF-007,D-GOV,D_GOV_RULE_ENFORCEMENT,depgraph_blueprint,high
src/zephyr/governance/rule_enforcement/check_types/ct_enforcement_mode_check.py,,MOD-INF-007,D-GOV,D_GOV_RULE_ENFORCEMENT,depgraph_blueprint,high
src/zephyr/governance/rule_enforcement/check_types/ct_field_presence.py,,MOD-INF-007,D-GOV,D_GOV_RULE_ENFORCEMENT,depgraph_blueprint,high
src/zephyr/governance/rule_enforcement/check_types/ct_file_extension.py,,MOD-INF-007,D-GOV,D_GOV_RULE_ENFORCEMENT,depgraph_blueprint,high
src/zephyr/governance/rule_enforcement/check_types/ct_fle_gate.py,,MOD-INF-007,D-GOV,D_GOV_RULE_ENFORCEMENT,depgraph_blueprint,high
src/zephyr/governance/rule_enforcement/check_types/ct_frontmatter.py,,MOD-INF-007,D-GOV,D_GOV_RULE_ENFORCEMENT,depgraph_blueprint,high
src/zephyr/governance/rule_enforcement/check_types/ct_leverage_limit.py,,MOD-INF-007,D-GOV,D_GOV_RULE_ENFORCEMENT,depgraph_blueprint,high
src/zephyr/governance/rule_enforcement/check_types/ct_line_ending.py,,MOD-INF-007,D-GOV,D_GOV_RULE_ENFORCEMENT,depgraph_blueprint,high
src/zephyr/governance/rule_enforcement/check_types/ct_manual_approval.py,,MOD-INF-007,D-GOV,D_GOV_RULE_ENFORCEMENT,depgraph_blueprint,high
src/zephyr/governance/rule_enforcement/check_types/ct_path_blacklist.py,,MOD-INF-007,D-GOV,D_GOV_RULE_ENFORCEMENT,depgraph_blueprint,high
src/zephyr/governance/rule_enforcement/check_types/ct_path_routing.py,,MOD-INF-007,D-GOV,D_GOV_RULE_ENFORCEMENT,depgraph_blueprint,high
src/zephyr/governance/rule_enforcement/check_types/ct_path_whitelist.py,,MOD-INF-007,D-GOV,D_GOV_RULE_ENFORCEMENT,depgraph_blueprint,high
src/zephyr/governance/rule_enforcement/check_types/ct_position_limit.py,,MOD-INF-007,D-GOV,D_GOV_RULE_ENFORCEMENT,depgraph_blueprint,high
src/zephyr/governance/rule_enforcement/check_types/ct_reference_check.py,,MOD-INF-007,D-GOV,D_GOV_RULE_ENFORCEMENT,depgraph_blueprint,high
src/zephyr/governance/rule_enforcement/check_types/ct_regex_pattern.py,,MOD-INF-007,D-GOV,D_GOV_RULE_ENFORCEMENT,depgraph_blueprint,high
src/zephyr/governance/rule_enforcement/check_types/ct_restructuring_safety.py,,MOD-INF-007,D-GOV,D_GOV_RULE_ENFORCEMENT,depgraph_blueprint,high
src/zephyr/governance/rule_enforcement/check_types/ct_rollback_exit_code.py,,MOD-INF-007,D-GOV,D_GOV_RULE_ENFORCEMENT,depgraph_blueprint,high
src/zephyr/governance/rule_enforcement/check_types/ct_score_threshold.py,,MOD-INF-007,D-GOV,D_GOV_RULE_ENFORCEMENT,depgraph_blueprint,high
src/zephyr/governance/rule_enforcement/check_types/ct_security_artifact_scan.py,,MOD-INF-007,D-GOV,D_GOV_RULE_ENFORCEMENT,depgraph_blueprint,high
src/zephyr/governance/rule_enforcement/check_types/ct_strategy_correlation.py,,MOD-INF-007,D-GOV,D_GOV_RULE_ENFORCEMENT,depgraph_blueprint,high
src/zephyr/governance/rule_enforcement/check_types/ct_temporal.py,,MOD-INF-007,D-GOV,D_GOV_RULE_ENFORCEMENT,depgraph_blueprint,high
src/zephyr/governance/rule_enforcement/check_types/ct_zero_residue_check.py,,MOD-INF-007,D-GOV,D_GOV_RULE_ENFORCEMENT,depgraph_blueprint,high
src/zephyr/governance/rule_enforcement/circuit_breaker.py,,MOD-INF-007,D-GOV,D_GOV_RULE_ENFORCEMENT,depgraph_blueprint,high
src/zephyr/governance/rule_enforcement/contract_template_manager.py,,MOD-INF-007,D-GOV,D_GOV_RULE_ENFORCEMENT,depgraph_blueprint,high
src/zephyr/governance/rule_enforcement/drift_detector.py,,MOD-INF-007,D-GOV,D_GOV_RULE_ENFORCEMENT,depgraph_blueprint,high
src/zephyr/governance/rule_enforcement/end_to_end_walkthrough.py,,MOD-INF-007,D-GOV,D_GOV_RULE_ENFORCEMENT,depgraph_blueprint,high
src/zephyr/governance/rule_enforcement/gate_context.py,,MOD-INF-007,D-GOV,D_GOV_RULE_ENFORCEMENT,depgraph_blueprint,high
src/zephyr/governance/rule_enforcement/gate_engine.py,,MOD-INF-007,D-GOV,D_GOV_RULE_ENFORCEMENT,depgraph_blueprint,high
src/zephyr/governance/rule_enforcement/gate_health.py,,MOD-INF-007,D-GOV,D_GOV_RULE_ENFORCEMENT,depgraph_blueprint,high
src/zephyr/governance/rule_enforcement/gate_integrity_guard.py,,MOD-INF-007,D-GOV,D_GOV_RULE_ENFORCEMENT,depgraph_blueprint,high
src/zephyr/governance/rule_enforcement/gate_override.py,,MOD-INF-007,D-GOV,D_GOV_RULE_ENFORCEMENT,depgraph_blueprint,high
src/zephyr/governance/rule_enforcement/gate_pipeline.py,,MOD-INF-007,D-GOV,D_GOV_RULE_ENFORCEMENT,depgraph_blueprint,high
src/zephyr/governance/rule_enforcement/gate_simulator.py,,MOD-INF-007,D-GOV,D_GOV_RULE_ENFORCEMENT,depgraph_blueprint,high
src/zephyr/governance/rule_enforcement/gate_types.py,,MOD-INF-007,D-GOV,D_GOV_RULE_ENFORCEMENT,depgraph_blueprint,high
src/zephyr/governance/rule_enforcement/integration_test_runner.py,,MOD-INF-007,D-GOV,D_GOV_RULE_ENFORCEMENT,depgraph_blueprint,high
src/zephyr/governance/rule_enforcement/invariants/__init__.py,,MOD-INF-007,D-GOV,D_GOV_RULE_ENFORCEMENT,depgraph_blueprint,high
src/zephyr/governance/rule_enforcement/invariants/en_001_circular_dependency.py,,MOD-INF-007,D-GOV,D_GOV_RULE_ENFORCEMENT,depgraph_blueprint,high
src/zephyr/governance/rule_enforcement/invariants/en_002_enforcement_validator.py,,MOD-INF-007,D-GOV,D_GOV_RULE_ENFORCEMENT,depgraph_blueprint,high
src/zephyr/governance/rule_enforcement/invariants/en_003_contract_compatibility.py,,MOD-INF-007,D-GOV,D_GOV_RULE_ENFORCEMENT,depgraph_blueprint,high
src/zephyr/governance/rule_enforcement/invariants/en_process_lifecycle_gateway.py,,MOD-INF-016,D-INFRA,D-INFRA-LIFECYCLE_MANAGEMENT,depgraph_blueprint,high
src/zephyr/governance/rule_enforcement/invariants/zero_residue_check.py,,MOD-INF-007,D-GOV,D_GOV_RULE_ENFORCEMENT,depgraph_blueprint,high
src/zephyr/governance/rule_enforcement/kiss_enforcer.py,,MOD-INF-007,D-GOV,D_GOV_RULE_ENFORCEMENT,depgraph_blueprint,high
src/zephyr/governance/rule_enforcement/risk_ssot.py,,MOD-INF-007,D-GOV,D_GOV_RULE_ENFORCEMENT,depgraph_blueprint,high
src/zephyr/governance/rule_enforcement/secrets_guard.py,,MOD-INF-007,D-GOV,D_GOV_RULE_ENFORCEMENT,depgraph_blueprint,high
src/zephyr/governance/rule_enforcement/sys_master_compliance.py,,MOD-INF-007,D-GOV,D_GOV_RULE_ENFORCEMENT,depgraph_blueprint,high
src/zephyr/governance/rule_enforcement/task/__init__.py,,MOD-INF-007,D-GOV,D_GOV_RULE_ENFORCEMENT,depgraph_blueprint,high
src/zephyr/governance/rule_enforcement/task_completion_gate.py,,MOD-INF-007,D-GOV,D_GOV_RULE_ENFORCEMENT,depgraph_blueprint,high
src/zephyr/governance/rule_enforcement/task_types.py,,MOD-INF-007,D-GOV,D_GOV_RULE_ENFORCEMENT,depgraph_blueprint,high
src/zephyr/governance/rule_enforcement/triple_alignment.py,,MOD-INF-007,D-GOV,D_GOV_RULE_ENFORCEMENT,depgraph_blueprint,high
src/zephyr/governance/rule_enforcement/truth_source_validator.py,,MOD-INF-007,D-GOV,D_GOV_RULE_ENFORCEMENT,depgraph_blueprint,high
src/zephyr/governance/semantic_audit/__init__.py,,MOD-INF-028,D-GOV,D-GOV-SEMANTIC_AUDIT,ssot_path_prefix,high
src/zephyr/governance/semantic_audit/alignment_engine.py,,MOD-INF-028 — 对齐引擎 Stage 4,D-GOV,D-GOV-SEMANTIC_AUDIT,depgraph_domain,high
src/zephyr/governance/semantic_audit/compliance_map.py,,MOD-INF-028,D-GOV,D-GOV-SEMANTIC_AUDIT,depgraph_blueprint,high
src/zephyr/governance/semantic_audit/feedback_self_audit.py,,MOD-INF-028,D-GOV,D-GOV-SEMANTIC_AUDIT,depgraph_blueprint,high
src/zephyr/governance/semantic_audit/fix_prioritizer.py,,MOD-INF-028 — 修复优先级排序 Stage 8,D-GOV,D-GOV-SEMANTIC_AUDIT,depgraph_domain,high
src/zephyr/governance/semantic_audit/issue_aggregator.py,,MOD-INF-028 — 问题聚合器 Stage 5,D-GOV,D-GOV-SEMANTIC_AUDIT,depgraph_domain,high
src/zephyr/governance/semantic_audit/kb_gate.py,,MOD-INF-028,D-GOV,D-GOV-SEMANTIC_AUDIT,depgraph_blueprint,high
src/zephyr/governance/semantic_audit/llm_bridge.py,,MOD-INF-028 — LLM 桥接 Stage 6,D-GOV,D-GOV-SEMANTIC_AUDIT,depgraph_domain,high
src/zephyr/governance/semantic_audit/models.py,,MOD-INF-028,D-GOV,D-GOV-SEMANTIC_AUDIT,depgraph_blueprint,high
src/zephyr/governance/semantic_audit/privacy.py,,MOD-INF-028,D-GOV,D-GOV-SEMANTIC_AUDIT,depgraph_blueprint,high
src/zephyr/governance/semantic_audit/reference_extractor.py,,MOD-INF-028 — 引用提取器 Stage 1,D-GOV,D-GOV-SEMANTIC_AUDIT,depgraph_domain,high
src/zephyr/governance/semantic_audit/safety_boundary.py,,MOD-INF-028 — 安全边界 Stage 3,D-GOV,D-GOV-SEMANTIC_AUDIT,depgraph_domain,high
src/zephyr/governance/semantic_audit/self_healer.py,,MOD-INF-028,D-GOV,D-GOV-SEMANTIC_AUDIT,depgraph_blueprint,high
src/zephyr/governance/semantic_audit/self_health.py,,MOD-INF-028 — 自身健康监控,D-GOV,D-GOV-SEMANTIC_AUDIT,depgraph_domain,high
src/zephyr/governance/semantic_audit/spec_auditor.py,,MOD-INF-028,D-GOV,D-GOV-SEMANTIC_AUDIT,depgraph_blueprint,high
src/zephyr/governance/semantic_audit/supply_chain.py,,MOD-INF-028,D-GOV,D-GOV-SEMANTIC_AUDIT,depgraph_blueprint,high
src/zephyr/governance/semantic_audit/trigger_engine.py,,MOD-INF-028 — 触发器引擎 Stage 2,D-GOV,D-GOV-SEMANTIC_AUDIT,depgraph_domain,high
src/zephyr/governance/session_concurrency.py,,DOM-GOV-001,D-GOV,D-GOV-SCRIPT_GOVERNANCE,depgraph_blueprint,high
src/zephyr/governance/spof_checker.py,,DOM-GOV-001,D-GOV,D-GOV-SCRIPT_GOVERNANCE,depgraph_blueprint,high
src/zephyr/governance/startup_shutdown.py,,DOM-GOV-001,D-GOV,D-GOV-SCRIPT_GOVERNANCE,depgraph_blueprint,high
src/zephyr/governance/startup_shutdown_cli.py,,DOM-GOV-001,D-GOV,D-GOV-SCRIPT_GOVERNANCE,depgraph_blueprint,high
src/zephyr/governance/strategy_portfolio.py,,DOM-GOV-001,D-GOV,D-GOV-SCRIPT_GOVERNANCE,depgraph_blueprint,high
src/zephyr/governance/supply_chain_security.py,,DOM-GOV-001,D-GOV,D-GOV-SCRIPT_GOVERNANCE,depgraph_blueprint,high
src/zephyr/governance/system_topology.py,,DOM-GOV-001,D-GOV,D-GOV-SCRIPT_GOVERNANCE,depgraph_blueprint,high
src/zephyr/governance/vibe_coding_enforcer.py,,DOM-GOV-001,D-GOV,D-GOV-SCRIPT_GOVERNANCE,depgraph_blueprint,high
src/zephyr/infrastructure/__init__.py,,,D-DATA,D-DATA-KNOWLEDGE_MANAGEMENT,depgraph_domain_fallback,medium
src/zephyr/infrastructure/mcp_servers/__init__.py,,MOD-INF-013,D-INFRA,D-INFRA-MCP_SERVERS,ssot_path_prefix,high
src/zephyr/infrastructure/mcp_servers/_base_server.py,,MOD-INF-013,D-INFRA,D-INFRA-MCP_SERVERS,depgraph_domain,high
src/zephyr/infrastructure/mcp_servers/audit_logger.py,,MOD-INF-013,D-INFRA,D-INFRA-MCP_SERVERS,depgraph_domain,high
src/zephyr/infrastructure/mcp_servers/blueprint_search_server.py,,MOD-INF-013,D-INFRA,D-INFRA-MCP_SERVERS,depgraph_domain,high
src/zephyr/infrastructure/mcp_servers/doc_guard_server.py,,MOD-INF-013,D-INFRA,D-INFRA-MCP_SERVERS,depgraph_domain,high
src/zephyr/infrastructure/mcp_servers/error_codes.py,,MOD-INF-013,D-INFRA,D-INFRA-MCP_SERVERS,depgraph_domain,high
src/zephyr/infrastructure/mcp_servers/gate_engine_server.py,,MOD-INF-013,D-INFRA,D-INFRA-MCP_SERVERS,depgraph_domain,high
src/zephyr/infrastructure/mcp_servers/gateway_server.py,,MOD-INF-013,D-INFRA,D-INFRA-MCP_SERVERS,depgraph_domain,high
src/zephyr/infrastructure/mcp_servers/governance_server.py,,MOD-INF-013,D-INFRA,D-INFRA-MCP_SERVERS,depgraph_domain,high
src/zephyr/infrastructure/mcp_servers/handoff_auto_loader.py,,MOD-INF-013,D-INFRA,D-INFRA-MCP_SERVERS,depgraph_domain,high
src/zephyr/infrastructure/mcp_servers/knowledge_base_server.py,,MOD-INF-013,D-INFRA,D-INFRA-MCP_SERVERS,depgraph_domain,high
src/zephyr/infrastructure/mcp_servers/prompt_provider.py,,MOD-INF-013,D-INFRA,D-INFRA-MCP_SERVERS,depgraph_domain,high
src/zephyr/infrastructure/mcp_servers/rate_limiter.py,,MOD-INF-013,D-INFRA,D-INFRA-MCP_SERVERS,depgraph_domain,high
src/zephyr/infrastructure/mcp_servers/resource_provider.py,,MOD-INF-013,D-INFRA,D-INFRA-MCP_SERVERS,depgraph_domain,high
src/zephyr/infrastructure/mcp_servers/sandbox_server.py,,MOD-INF-013,D-INFRA,D-INFRA-MCP_SERVERS,depgraph_domain,high
src/zephyr/infrastructure/mcp_servers/sentinel_server.py,,MOD-INF-013,D-INFRA,D-INFRA-MCP_SERVERS,depgraph_domain,high
src/zephyr/infrastructure/mcp_servers/task_manager_server.py,,MOD-INF-013,D-INFRA,D-INFRA-MCP_SERVERS,depgraph_domain,high
src/zephyr/infrastructure/mcp_servers/telemetry_server.py,,MOD-INF-013,D-INFRA,D-INFRA-MCP_SERVERS,depgraph_domain,high
src/zephyr/infrastructure/mcp_servers/vector_memory_server.py,,MOD-INF-013,D-INFRA,D-INFRA-MCP_SERVERS,depgraph_domain,high
src/zephyr/infrastructure/resource_optimization/__init__.py,,MOD-INF-032,D-INFRA,D-INFRA-RESOURCE_OPTIMIZATION,depgraph_blueprint,high
src/zephyr/infrastructure/runtime_integration/__init__.py,,MOD-INF-002,D-INFRA,D-INFRA-RUNTIME_INTEGRATION,depgraph_blueprint,high
src/zephyr/infrastructure/runtime_integration/a2a_protocol/__init__.py,,MOD-INF-025,D-ORCH,D-ORCH-AGENT_COMMUNICATION,depgraph_blueprint,high
src/zephyr/infrastructure/runtime_integration/a2a_protocol/a2a_card_registry.py,,MOD-INF-025,D-ORCH,D-ORCH-AGENT_COMMUNICATION,depgraph_blueprint,high
src/zephyr/infrastructure/runtime_integration/a2a_protocol/governance/__init__.py,,MOD-INF-025,D-ORCH,D-ORCH-AGENT_COMMUNICATION,depgraph_blueprint,high
src/zephyr/infrastructure/runtime_integration/a2a_protocol/governance/_base_server.py,,MOD-INF-002,D-INFRA,D-INFRA-RUNTIME_INTEGRATION,ssot_path_prefix,high
src/zephyr/infrastructure/runtime_integration/a2a_protocol/governance/audit_logger.py,,MOD-INF-002,D-INFRA,D-INFRA-RUNTIME_INTEGRATION,ssot_path_prefix,high
src/zephyr/infrastructure/runtime_integration/a2a_protocol/governance/auditor.py,,MOD-INF-025,D-ORCH,D-ORCH-AGENT_COMMUNICATION,depgraph_blueprint,high
src/zephyr/infrastructure/runtime_integration/a2a_protocol/governance/error_codes.py,,MOD-INF-002,D-INFRA,D-INFRA-RUNTIME_INTEGRATION,ssot_path_prefix,high
src/zephyr/infrastructure/runtime_integration/a2a_protocol/governance/governance_adapter.py,,MOD-INF-025,D-ORCH,D-ORCH-AGENT_COMMUNICATION,depgraph_blueprint,high
src/zephyr/infrastructure/runtime_integration/a2a_protocol/governance/phase_hold.py,,MOD-INF-025,D-ORCH,D-ORCH-AGENT_COMMUNICATION,depgraph_blueprint,high
src/zephyr/infrastructure/runtime_integration/a2a_protocol/governance/policy_engine.py,,MOD-INF-002,D-INFRA,D-INFRA-RUNTIME_INTEGRATION,ssot_path_prefix,high
src/zephyr/infrastructure/runtime_integration/a2a_protocol/governance/protocol.py,,MOD-INF-025,D-ORCH,D-ORCH-AGENT_COMMUNICATION,depgraph_blueprint,high
src/zephyr/infrastructure/runtime_integration/a2a_protocol/governance/rate_limiter.py,,MOD-INF-002,D-INFRA,D-INFRA-RUNTIME_INTEGRATION,ssot_path_prefix,high
src/zephyr/infrastructure/runtime_integration/a2a_protocol/governance/session_manager.py,,MOD-INF-002,D-INFRA,D-INFRA-RUNTIME_INTEGRATION,ssot_path_prefix,high
src/zephyr/infrastructure/runtime_integration/a2a_protocol/layer1_discovery/__init__.py,,MOD-INF-025,D-ORCH,D-ORCH-AGENT_COMMUNICATION,depgraph_blueprint,high
src/zephyr/infrastructure/runtime_integration/a2a_protocol/layer1_discovery/a2a_registry.py,,MOD-INF-025,D-ORCH,D-ORCH-AGENT_COMMUNICATION,depgraph_blueprint,high
src/zephyr/infrastructure/runtime_integration/a2a_protocol/layer1_discovery/agent_card.py,,MOD-INF-025,D-ORCH,D-ORCH-AGENT_COMMUNICATION,depgraph_blueprint,high
src/zephyr/infrastructure/runtime_integration/a2a_protocol/layer1_discovery/identity_verifier.py,,MOD-INF-025,D-ORCH,D-ORCH-AGENT_COMMUNICATION,depgraph_blueprint,high
src/zephyr/infrastructure/runtime_integration/a2a_protocol/layer2_communication/__init__.py,,MOD-INF-025,D-ORCH,D-ORCH-AGENT_COMMUNICATION,depgraph_blueprint,high
src/zephyr/infrastructure/runtime_integration/a2a_protocol/layer2_communication/a2a_schemas.py,,MOD-INF-025,D-ORCH,D-ORCH-AGENT_COMMUNICATION,depgraph_blueprint,high
src/zephyr/infrastructure/runtime_integration/a2a_protocol/layer2_communication/a2a_state.py,,MOD-INF-025,D-ORCH,D-ORCH-AGENT_COMMUNICATION,depgraph_blueprint,high
src/zephyr/infrastructure/runtime_integration/a2a_protocol/layer2_communication/context_package.py,,MOD-INF-025,D-ORCH,D-ORCH-AGENT_COMMUNICATION,depgraph_blueprint,high
src/zephyr/infrastructure/runtime_integration/a2a_protocol/layer2_communication/handoff_manager.py,,MOD-INF-025,D-ORCH,D-ORCH-AGENT_COMMUNICATION,depgraph_blueprint,high
src/zephyr/infrastructure/runtime_integration/a2a_protocol/layer2_communication/message_router.py,,MOD-INF-025,D-ORCH,D-ORCH-AGENT_COMMUNICATION,depgraph_blueprint,high
src/zephyr/infrastructure/runtime_integration/a2a_protocol/layer2_communication/push_notifier.py,,MOD-INF-025,D-ORCH,D-ORCH-AGENT_COMMUNICATION,depgraph_blueprint,high
src/zephyr/infrastructure/runtime_integration/a2a_protocol/layer2_communication/streaming.py,,MOD-INF-025,D-ORCH,D-ORCH-AGENT_COMMUNICATION,depgraph_blueprint,high
src/zephyr/infrastructure/runtime_integration/a2a_protocol/layer2_communication/trigger_monitor.py,,MOD-INF-025,D-ORCH,D-ORCH-AGENT_COMMUNICATION,depgraph_blueprint,high
src/zephyr/infrastructure/runtime_integration/a2a_protocol/layer3_coordination/__init__.py,,MOD-INF-025,D-ORCH,D-ORCH-AGENT_COMMUNICATION,depgraph_blueprint,high
src/zephyr/infrastructure/runtime_integration/a2a_protocol/layer3_coordination/_consensus.py,,MOD-INF-025,D-ORCH,D-ORCH-AGENT_COMMUNICATION,depgraph_blueprint,high
src/zephyr/infrastructure/runtime_integration/a2a_protocol/layer3_coordination/_core_coordination.py,,MOD-INF-025,D-ORCH,D-ORCH-AGENT_COMMUNICATION,depgraph_blueprint,high
src/zephyr/infrastructure/runtime_integration/a2a_protocol/layer3_coordination/_governance_integration.py,,MOD-INF-025,D-ORCH,D-ORCH-AGENT_COMMUNICATION,depgraph_blueprint,high
src/zephyr/infrastructure/runtime_integration/a2a_protocol/layer3_coordination/_intelligence.py,,MOD-INF-025,D-ORCH,D-ORCH-AGENT_COMMUNICATION,depgraph_blueprint,high
src/zephyr/infrastructure/runtime_integration/a2a_protocol/layer3_coordination/_security_and_economics.py,,MOD-INF-025,D-ORCH,D-ORCH-AGENT_COMMUNICATION,depgraph_blueprint,high
src/zephyr/infrastructure/runtime_integration/a2a_protocol/layer3_coordination/a2a_anomaly_detector.py,,MOD-INF-025,D-ORCH,D-ORCH-AGENT_COMMUNICATION,depgraph_blueprint,high
src/zephyr/infrastructure/runtime_integration/a2a_protocol/layer3_coordination/a2a_behavior_fingerprint.py,,MOD-INF-025,D-ORCH,D-ORCH-AGENT_COMMUNICATION,depgraph_blueprint,high
src/zephyr/infrastructure/runtime_integration/a2a_protocol/layer3_coordination/a2a_blame_attribution.py,,MOD-INF-025,D-ORCH,D-ORCH-AGENT_COMMUNICATION,depgraph_blueprint,high
src/zephyr/infrastructure/runtime_integration/a2a_protocol/layer3_coordination/a2a_carbon.py,,MOD-INF-025,D-ORCH,D-ORCH-AGENT_COMMUNICATION,depgraph_blueprint,high
src/zephyr/infrastructure/runtime_integration/a2a_protocol/layer3_coordination/a2a_causal_trace.py,,MOD-INF-025,D-ORCH,D-ORCH-AGENT_COMMUNICATION,depgraph_blueprint,high
src/zephyr/infrastructure/runtime_integration/a2a_protocol/layer3_coordination/a2a_checkpoint.py,,MOD-INF-025,D-ORCH,D-ORCH-AGENT_COMMUNICATION,depgraph_blueprint,high
src/zephyr/infrastructure/runtime_integration/a2a_protocol/layer3_coordination/a2a_collusion_detector.py,,MOD-INF-025,D-ORCH,D-ORCH-AGENT_COMMUNICATION,depgraph_blueprint,high
src/zephyr/infrastructure/runtime_integration/a2a_protocol/layer3_coordination/a2a_consent.py,,MOD-INF-025,D-ORCH,D-ORCH-AGENT_COMMUNICATION,depgraph_blueprint,high
src/zephyr/infrastructure/runtime_integration/a2a_protocol/layer3_coordination/a2a_constitutional.py,,MOD-INF-025,D-ORCH,D-ORCH-AGENT_COMMUNICATION,depgraph_blueprint,high
src/zephyr/infrastructure/runtime_integration/a2a_protocol/layer3_coordination/a2a_context_rot.py,,MOD-INF-025,D-ORCH,D-ORCH-AGENT_COMMUNICATION,depgraph_blueprint,high
src/zephyr/infrastructure/runtime_integration/a2a_protocol/layer3_coordination/a2a_cross_agent_semantic_flow.py,,MOD-INF-025,D-ORCH,D-ORCH-AGENT_COMMUNICATION,depgraph_blueprint,high
src/zephyr/infrastructure/runtime_integration/a2a_protocol/layer3_coordination/a2a_dashboard.py,,MOD-INF-025,D-ORCH,D-ORCH-AGENT_COMMUNICATION,depgraph_blueprint,high
src/zephyr/infrastructure/runtime_integration/a2a_protocol/layer3_coordination/a2a_debate.py,,MOD-INF-025,D-ORCH,D-ORCH-AGENT_COMMUNICATION,depgraph_blueprint,high
src/zephyr/infrastructure/runtime_integration/a2a_protocol/layer3_coordination/a2a_delegation_chain.py,,MOD-INF-025,D-ORCH,D-ORCH-AGENT_COMMUNICATION,depgraph_blueprint,high
src/zephyr/infrastructure/runtime_integration/a2a_protocol/layer3_coordination/a2a_economics.py,,MOD-INF-025,D-ORCH,D-ORCH-AGENT_COMMUNICATION,depgraph_blueprint,high
src/zephyr/infrastructure/runtime_integration/a2a_protocol/layer3_coordination/a2a_forgetting.py,,MOD-INF-025,D-ORCH,D-ORCH-AGENT_COMMUNICATION,depgraph_blueprint,high
src/zephyr/infrastructure/runtime_integration/a2a_protocol/layer3_coordination/a2a_formal_verification.py,,MOD-INF-025,D-ORCH,D-ORCH-AGENT_COMMUNICATION,depgraph_blueprint,high
src/zephyr/infrastructure/runtime_integration/a2a_protocol/layer3_coordination/a2a_frame_negotiation.py,,MOD-INF-025,D-ORCH,D-ORCH-AGENT_COMMUNICATION,depgraph_blueprint,high
src/zephyr/infrastructure/runtime_integration/a2a_protocol/layer3_coordination/a2a_governance_adapter.py,,MOD-INF-025,D-ORCH,D-ORCH-AGENT_COMMUNICATION,depgraph_blueprint,high
src/zephyr/infrastructure/runtime_integration/a2a_protocol/layer3_coordination/a2a_hardware_router.py,,MOD-INF-025,D-ORCH,D-ORCH-AGENT_COMMUNICATION,depgraph_blueprint,high
src/zephyr/infrastructure/runtime_integration/a2a_protocol/layer3_coordination/a2a_hibernate.py,,MOD-INF-025,D-ORCH,D-ORCH-AGENT_COMMUNICATION,depgraph_blueprint,high
src/zephyr/infrastructure/runtime_integration/a2a_protocol/layer3_coordination/a2a_idempotency.py,,MOD-INF-025,D-ORCH,D-ORCH-AGENT_COMMUNICATION,depgraph_blueprint,high
src/zephyr/infrastructure/runtime_integration/a2a_protocol/layer3_coordination/a2a_idle_guard.py,,MOD-INF-025,D-ORCH,D-ORCH-AGENT_COMMUNICATION,depgraph_blueprint,high
src/zephyr/infrastructure/runtime_integration/a2a_protocol/layer3_coordination/a2a_immune.py,,MOD-INF-025,D-ORCH,D-ORCH-AGENT_COMMUNICATION,depgraph_blueprint,high
src/zephyr/infrastructure/runtime_integration/a2a_protocol/layer3_coordination/a2a_knowledge_distill.py,,MOD-INF-025,D-ORCH,D-ORCH-AGENT_COMMUNICATION,depgraph_blueprint,high
src/zephyr/infrastructure/runtime_integration/a2a_protocol/layer3_coordination/a2a_latent_comm.py,,MOD-INF-025,D-ORCH,D-ORCH-AGENT_COMMUNICATION,depgraph_blueprint,high
src/zephyr/infrastructure/runtime_integration/a2a_protocol/layer3_coordination/a2a_metrics.py,,MOD-INF-025,D-ORCH,D-ORCH-AGENT_COMMUNICATION,depgraph_blueprint,high
src/zephyr/infrastructure/runtime_integration/a2a_protocol/layer3_coordination/a2a_negotiation.py,,MOD-INF-025,D-ORCH,D-ORCH-AGENT_COMMUNICATION,depgraph_blueprint,high
src/zephyr/infrastructure/runtime_integration/a2a_protocol/layer3_coordination/a2a_protocol_gateway.py,,MOD-INF-025,D-ORCH,D-ORCH-AGENT_COMMUNICATION,depgraph_blueprint,high
src/zephyr/infrastructure/runtime_integration/a2a_protocol/layer3_coordination/a2a_protocol_security.py,,MOD-INF-025,D-ORCH,D-ORCH-AGENT_COMMUNICATION,depgraph_blueprint,high
src/zephyr/infrastructure/runtime_integration/a2a_protocol/layer3_coordination/a2a_red_team.py,,MOD-INF-025,D-ORCH,D-ORCH-AGENT_COMMUNICATION,depgraph_blueprint,high
src/zephyr/infrastructure/runtime_integration/a2a_protocol/layer3_coordination/a2a_saga.py,,MOD-INF-025,D-ORCH,D-ORCH-AGENT_COMMUNICATION,depgraph_blueprint,high
src/zephyr/infrastructure/runtime_integration/a2a_protocol/layer3_coordination/a2a_security.py,,MOD-INF-025,D-ORCH,D-ORCH-AGENT_COMMUNICATION,depgraph_blueprint,high
src/zephyr/infrastructure/runtime_integration/a2a_protocol/layer3_coordination/a2a_temporal_admission.py,,MOD-INF-025,D-ORCH,D-ORCH-AGENT_COMMUNICATION,depgraph_blueprint,high
src/zephyr/infrastructure/runtime_integration/a2a_protocol/layer3_coordination/a2a_tracing.py,,MOD-INF-025,D-ORCH,D-ORCH-AGENT_COMMUNICATION,depgraph_blueprint,high
src/zephyr/infrastructure/runtime_integration/a2a_protocol/layer3_coordination/a2a_vector_reputation.py,,MOD-INF-025,D-ORCH,D-ORCH-AGENT_COMMUNICATION,depgraph_blueprint,high
src/zephyr/infrastructure/runtime_integration/a2a_protocol/layer3_coordination/a2a_voting.py,,MOD-INF-025,D-ORCH,D-ORCH-AGENT_COMMUNICATION,depgraph_blueprint,high
src/zephyr/infrastructure/runtime_integration/a2a_protocol/layer3_coordination/a2a_work_steal.py,,MOD-INF-025,D-ORCH,D-ORCH-AGENT_COMMUNICATION,depgraph_blueprint,high
src/zephyr/infrastructure/runtime_integration/a2a_protocol/layer3_coordination/arbitrator.py,,MOD-INF-025,D-ORCH,D-ORCH-AGENT_COMMUNICATION,depgraph_blueprint,high
src/zephyr/infrastructure/runtime_integration/a2a_protocol/layer3_coordination/cascade_guard.py,,MOD-INF-025,D-ORCH,D-ORCH-AGENT_COMMUNICATION,depgraph_blueprint,high
src/zephyr/infrastructure/runtime_integration/a2a_protocol/layer3_coordination/conflict_detector.py,,MOD-INF-025,D-ORCH,D-ORCH-AGENT_COMMUNICATION,depgraph_blueprint,high
src/zephyr/infrastructure/runtime_integration/a2a_protocol/layer3_coordination/construction_verifier.py,,MOD-INF-025,D-ORCH,D-ORCH-AGENT_COMMUNICATION,depgraph_blueprint,high
src/zephyr/infrastructure/runtime_integration/a2a_protocol/layer3_coordination/deadlock_guard.py,,MOD-INF-025,D-ORCH,D-ORCH-AGENT_COMMUNICATION,depgraph_blueprint,high
src/zephyr/infrastructure/runtime_integration/a2a_protocol/layer3_coordination/livelock_detector.py,,MOD-INF-025,D-ORCH,D-ORCH-AGENT_COMMUNICATION,depgraph_blueprint,high
src/zephyr/infrastructure/runtime_integration/a2a_protocol/layer3_coordination/semantic_diff.py,,MOD-INF-025,D-ORCH,D-ORCH-AGENT_COMMUNICATION,depgraph_blueprint,high
src/zephyr/infrastructure/runtime_integration/a2a_protocol/layer3_coordination/session_smuggling_defense.py,,MOD-INF-025,D-ORCH,D-ORCH-AGENT_COMMUNICATION,depgraph_blueprint,high
src/zephyr/infrastructure/runtime_integration/a2a_protocol/layer3_coordination/spec_sync.py,,MOD-INF-025,D-ORCH,D-ORCH-AGENT_COMMUNICATION,depgraph_blueprint,high
src/zephyr/infrastructure/runtime_integration/a2a_protocol/layer3_coordination/supervisor.py,,MOD-INF-025,D-ORCH,D-ORCH-AGENT_COMMUNICATION,depgraph_blueprint,high
src/zephyr/infrastructure/runtime_integration/a2a_protocol/legacy_auditor.py,,MOD-INF-025,D-ORCH,D-ORCH-AGENT_COMMUNICATION,depgraph_blueprint,high
src/zephyr/infrastructure/runtime_integration/a2a_protocol/legacy_governance_adapter.py,,MOD-INF-025,D-ORCH,D-ORCH-AGENT_COMMUNICATION,depgraph_blueprint,high
src/zephyr/infrastructure/runtime_integration/a2a_protocol/legacy_protocol.py,,MOD-INF-025,D-ORCH,D-ORCH-AGENT_COMMUNICATION,depgraph_blueprint,high
src/zephyr/infrastructure/runtime_integration/a2a_protocol/local_first_arch.py,,MOD-INF-025,D-ORCH,D-ORCH-AGENT_COMMUNICATION,depgraph_blueprint,high
src/zephyr/infrastructure/runtime_integration/a2a_protocol/market_data_pipeline.py,,MOD-INF-025,D-ORCH,D-ORCH-AGENT_COMMUNICATION,depgraph_blueprint,high
src/zephyr/infrastructure/runtime_integration/a2a_protocol/migration_strategy.py,,MOD-INF-025,D-ORCH,D-ORCH-AGENT_COMMUNICATION,depgraph_blueprint,high
src/zephyr/infrastructure/runtime_integration/a2a_protocol/multi_agent.py,,MOD-INF-025,D-ORCH,D-ORCH-AGENT_COMMUNICATION,depgraph_blueprint,high
src/zephyr/infrastructure/runtime_integration/a2a_protocol/multi_model_consensus.py,,MOD-INF-025,D-ORCH,D-ORCH-AGENT_COMMUNICATION,depgraph_blueprint,high
src/zephyr/infrastructure/runtime_integration/a2a_protocol/offline_autonomy.py,,MOD-INF-025,D-ORCH,D-ORCH-AGENT_COMMUNICATION,depgraph_blueprint,high
src/zephyr/infrastructure/runtime_integration/a2a_protocol/offline_resilience.py,,MOD-INF-025,D-ORCH,D-ORCH-AGENT_COMMUNICATION,depgraph_blueprint,high
src/zephyr/infrastructure/runtime_integration/a2a_protocol/phase_hold.py,,MOD-INF-025,D-ORCH,D-ORCH-AGENT_COMMUNICATION,depgraph_blueprint,high
src/zephyr/infrastructure/runtime_integration/a2a_protocol/prompt_lifecycle.py,,MOD-INF-025,D-ORCH,D-ORCH-AGENT_COMMUNICATION,depgraph_blueprint,high
src/zephyr/infrastructure/runtime_integration/a2a_protocol/realtime_streaming.py,,MOD-INF-025,D-ORCH,D-ORCH-AGENT_COMMUNICATION,depgraph_blueprint,high
src/zephyr/infrastructure/runtime_integration/asset_inventory/__init__.py,,MOD-INF-026,D-OBS,D-OBS-ASSET_INVENTORY,depgraph_blueprint,high
src/zephyr/infrastructure/runtime_integration/asset_inventory/__main__.py,,MOD-INF-026,D-OBS,D-OBS-ASSET_INVENTORY,depgraph_blueprint,high
src/zephyr/infrastructure/runtime_integration/asset_inventory/classifier.py,,MOD-INF-026,D-OBS,D-OBS-ASSET_INVENTORY,depgraph_blueprint,high
src/zephyr/infrastructure/runtime_integration/asset_inventory/dashboard.py,,MOD-INF-026,D-OBS,D-OBS-ASSET_INVENTORY,depgraph_blueprint,high
src/zephyr/infrastructure/runtime_integration/asset_inventory/dependency.py,,MOD-INF-026,D-OBS,D-OBS-ASSET_INVENTORY,depgraph_blueprint,high
src/zephyr/infrastructure/runtime_integration/asset_inventory/index_generator.py,,MOD-INF-026,D-OBS,D-OBS-ASSET_INVENTORY,depgraph_blueprint,high
src/zephyr/infrastructure/runtime_integration/asset_inventory/lifecycle.py,,MOD-INF-026,D-OBS,D-OBS-ASSET_INVENTORY,depgraph_blueprint,high
src/zephyr/infrastructure/runtime_integration/asset_inventory/mcp_server.py,,MOD-INF-026,D-OBS,D-OBS-ASSET_INVENTORY,depgraph_blueprint,high
src/zephyr/infrastructure/runtime_integration/asset_inventory/metadata.py,,MOD-INF-026,D-OBS,D-OBS-ASSET_INVENTORY,depgraph_blueprint,high
src/zephyr/infrastructure/runtime_integration/asset_inventory/models.py,,MOD-INF-026,D-OBS,D-OBS-ASSET_INVENTORY,depgraph_blueprint,high
src/zephyr/infrastructure/runtime_integration/asset_inventory/reconciler.py,,MOD-INF-026,D-OBS,D-OBS-ASSET_INVENTORY,depgraph_blueprint,high
src/zephyr/infrastructure/runtime_integration/asset_inventory/registry_adapter.py,,MOD-INF-026,D-OBS,D-OBS-ASSET_INVENTORY,depgraph_blueprint,high
src/zephyr/infrastructure/runtime_integration/asset_inventory/scanner.py,,MOD-INF-026,D-OBS,D-OBS-ASSET_INVENTORY,depgraph_blueprint,high
src/zephyr/infrastructure/runtime_integration/asset_inventory/telemetry.py,,MOD-INF-026,D-OBS,D-OBS-ASSET_INVENTORY,depgraph_blueprint,high
src/zephyr/infrastructure/runtime_integration/asset_inventory/trust_anchor.py,,MOD-INF-026,D-OBS,D-OBS-ASSET_INVENTORY,depgraph_blueprint,high
src/zephyr/infrastructure/runtime_integration/auto_diagnostics.py,,MOD-INF-002,D-INFRA,D-INFRA-RUNTIME_INTEGRATION,depgraph_blueprint,high
src/zephyr/infrastructure/runtime_integration/auto_fix_engine/__init__.py,,MOD-INF-031,D-GOV,D-GOV-SCRIPT_GOVERNANCE,depgraph_blueprint,high
src/zephyr/infrastructure/runtime_integration/auto_fix_engine/__main__.py,,MOD-INF-031,D-GOV,D-GOV-SCRIPT_GOVERNANCE,depgraph_blueprint,high
src/zephyr/infrastructure/runtime_integration/auto_fix_engine/alignment_syncer.py,,MOD-INF-031,D-GOV,D-GOV-SCRIPT_GOVERNANCE,depgraph_blueprint,high
src/zephyr/infrastructure/runtime_integration/auto_fix_engine/all_completer.py,,MOD-INF-031,D-GOV,D-GOV-SCRIPT_GOVERNANCE,depgraph_blueprint,high
src/zephyr/infrastructure/runtime_integration/auto_fix_engine/batch_fixer.py,,MOD-INF-031,D-GOV,D-GOV-SCRIPT_GOVERNANCE,depgraph_blueprint,high
src/zephyr/infrastructure/runtime_integration/auto_fix_engine/compliance_auditor.py,,MOD-INF-031,D-GOV,D-GOV-SCRIPT_GOVERNANCE,depgraph_blueprint,high
src/zephyr/infrastructure/runtime_integration/auto_fix_engine/config_fixer.py,,MOD-INF-031,D-GOV,D-GOV-SCRIPT_GOVERNANCE,depgraph_blueprint,high
src/zephyr/infrastructure/runtime_integration/auto_fix_engine/dedup_extractor.py,,MOD-INF-031,D-GOV,D-GOV-SCRIPT_GOVERNANCE,depgraph_blueprint,high
src/zephyr/infrastructure/runtime_integration/auto_fix_engine/dep_version_fixer.py,,MOD-INF-031,D-GOV,D-GOV-SCRIPT_GOVERNANCE,depgraph_blueprint,high
src/zephyr/infrastructure/runtime_integration/auto_fix_engine/drift_fixer.py,,MOD-INF-031,D-GOV,D-GOV-SCRIPT_GOVERNANCE,depgraph_blueprint,high
src/zephyr/infrastructure/runtime_integration/auto_fix_engine/engine.py,,MOD-INF-031,D-GOV,D-GOV-SCRIPT_GOVERNANCE,depgraph_blueprint,high
src/zephyr/infrastructure/runtime_integration/auto_fix_engine/escalation_bridge.py,,MOD-INF-031,D-GOV,D-GOV-SCRIPT_GOVERNANCE,depgraph_blueprint,high
src/zephyr/infrastructure/runtime_integration/auto_fix_engine/event_hooks.py,,MOD-INF-031,D-GOV,D-GOV-SCRIPT_GOVERNANCE,depgraph_blueprint,high
src/zephyr/infrastructure/runtime_integration/auto_fix_engine/fix_budget.py,,MOD-INF-031,D-GOV,D-GOV-SCRIPT_GOVERNANCE,depgraph_blueprint,high
src/zephyr/infrastructure/runtime_integration/auto_fix_engine/fix_diff.py,,MOD-INF-031,D-GOV,D-GOV-SCRIPT_GOVERNANCE,depgraph_blueprint,high
src/zephyr/infrastructure/runtime_integration/auto_fix_engine/fix_health_check.py,,MOD-INF-031,D-GOV,D-GOV-SCRIPT_GOVERNANCE,depgraph_blueprint,high
src/zephyr/infrastructure/runtime_integration/auto_fix_engine/fix_pattern_miner.py,,MOD-INF-031,D-GOV,D-GOV-SCRIPT_GOVERNANCE,depgraph_blueprint,high
src/zephyr/infrastructure/runtime_integration/auto_fix_engine/fix_reliability.py,,MOD-INF-031,D-GOV,D-GOV-SCRIPT_GOVERNANCE,depgraph_blueprint,high
src/zephyr/infrastructure/runtime_integration/auto_fix_engine/fix_report.py,,MOD-INF-031,D-GOV,D-GOV-SCRIPT_GOVERNANCE,depgraph_blueprint,high
src/zephyr/infrastructure/runtime_integration/auto_fix_engine/fix_safety.py,,MOD-INF-031,D-GOV,D-GOV-SCRIPT_GOVERNANCE,depgraph_blueprint,high
src/zephyr/infrastructure/runtime_integration/auto_fix_engine/fix_scheduler.py,,MOD-INF-031,D-GOV,D-GOV-SCRIPT_GOVERNANCE,depgraph_blueprint,high
src/zephyr/infrastructure/runtime_integration/auto_fix_engine/import_fixer.py,,MOD-INF-031,D-GOV,D-GOV-SCRIPT_GOVERNANCE,depgraph_blueprint,high
src/zephyr/infrastructure/runtime_integration/auto_fix_engine/interrupt_guard.py,,MOD-INF-031,D-GOV,D-GOV-SCRIPT_GOVERNANCE,depgraph_blueprint,high
src/zephyr/infrastructure/runtime_integration/auto_fix_engine/llm_fix_adapter.py,,MOD-INF-031,D-GOV,D-GOV-SCRIPT_GOVERNANCE,depgraph_blueprint,high
src/zephyr/infrastructure/runtime_integration/auto_fix_engine/models.py,,MOD-INF-031,D-GOV,D-GOV-SCRIPT_GOVERNANCE,depgraph_blueprint,high
src/zephyr/infrastructure/runtime_integration/auto_fix_engine/scaffold_registrar.py,,MOD-INF-031,D-GOV,D-GOV-SCRIPT_GOVERNANCE,depgraph_blueprint,high
src/zephyr/infrastructure/runtime_integration/auto_fix_engine/self_heal_agent.py,,MOD-INF-031,D-GOV,D-GOV-SCRIPT_GOVERNANCE,depgraph_blueprint,high
src/zephyr/infrastructure/runtime_integration/auto_fix_engine/shadow_workspace.py,,MOD-INF-031,D-GOV,D-GOV-SCRIPT_GOVERNANCE,depgraph_blueprint,high
src/zephyr/infrastructure/runtime_integration/auto_fix_engine/state_machine.py,,MOD-INF-031,D-GOV,D-GOV-SCRIPT_GOVERNANCE,depgraph_blueprint,high
src/zephyr/infrastructure/runtime_integration/auto_fix_engine/zombie_cleaner.py,,MOD-INF-031,D-GOV,D-GOV-SCRIPT_GOVERNANCE,depgraph_blueprint,high
src/zephyr/infrastructure/runtime_integration/capacity_assurance/__init__.py,,MOD-INF-001,D-INFRA,D-INFRA-RUNTIME_INTEGRATION,depgraph_domain,high
src/zephyr/infrastructure/runtime_integration/capacity_assurance/contracts/__init__.py,,MOD-INF-001,D-INFRA,D-INFRA-RUNTIME_INTEGRATION,depgraph_domain,high
src/zephyr/infrastructure/runtime_integration/capacity_assurance/contracts/batch1_infra.py,,MOD-INF-001,D-INFRA,D-INFRA-RUNTIME_INTEGRATION,depgraph_domain,high
src/zephyr/infrastructure/runtime_integration/capacity_assurance/contracts/batch2_governance.py,,MOD-INF-001,D-INFRA,D-INFRA-RUNTIME_INTEGRATION,depgraph_domain,high
src/zephyr/infrastructure/runtime_integration/capacity_assurance/contracts/batch3_integration.py,,MOD-INF-001,D-INFRA,D-INFRA-RUNTIME_INTEGRATION,depgraph_domain,high
src/zephyr/infrastructure/runtime_integration/capacity_assurance/contracts/contract_bus.py,,MOD-INF-001,D-INFRA,D-INFRA-RUNTIME_INTEGRATION,depgraph_domain,high
src/zephyr/infrastructure/runtime_integration/capacity_assurance/cross_module_integration.py,,MOD-INF-001,D-INFRA,D-INFRA-RUNTIME_INTEGRATION,depgraph_domain,high
src/zephyr/infrastructure/runtime_integration/capacity_assurance/modules/__init__.py,,MOD-INF-001,D-INFRA,D-INFRA-RUNTIME_INTEGRATION,depgraph_domain,high
src/zephyr/infrastructure/runtime_integration/capacity_assurance/modules/ai_skill_monitor.py,,MOD-INF-001,D-INFRA,D-INFRA-RUNTIME_INTEGRATION,depgraph_domain,high
src/zephyr/infrastructure/runtime_integration/capacity_assurance/modules/capacity_testing_harness.py,,MOD-INF-001,D-INFRA,D-INFRA-RUNTIME_INTEGRATION,depgraph_domain,high
src/zephyr/infrastructure/runtime_integration/capacity_assurance/modules/cliff_detector.py,,MOD-INF-001,D-INFRA,D-INFRA-RUNTIME_INTEGRATION,depgraph_domain,high
src/zephyr/infrastructure/runtime_integration/capacity_assurance/modules/cold_start_estimator.py,,MOD-INF-001,D-INFRA,D-INFRA-RUNTIME_INTEGRATION,depgraph_domain,high
src/zephyr/infrastructure/runtime_integration/capacity_assurance/modules/config_reload_semantic.py,,MOD-INF-001,D-INFRA,D-INFRA-RUNTIME_INTEGRATION,depgraph_domain,high
src/zephyr/infrastructure/runtime_integration/capacity_assurance/modules/context_budget_guard.py,,MOD-INF-001,D-INFRA,D-INFRA-RUNTIME_INTEGRATION,depgraph_domain,high
src/zephyr/infrastructure/runtime_integration/capacity_assurance/modules/degradation_spiral_detector.py,,MOD-INF-001,D-INFRA,D-INFRA-RUNTIME_INTEGRATION,depgraph_domain,high
src/zephyr/infrastructure/runtime_integration/capacity_assurance/modules/dr_drill_scheduler.py,,MOD-INF-001,D-INFRA,D-INFRA-RUNTIME_INTEGRATION,depgraph_domain,high
src/zephyr/infrastructure/runtime_integration/capacity_assurance/modules/graceful_shutdown.py,,MOD-INF-001,D-INFRA,D-INFRA-RUNTIME_INTEGRATION,depgraph_domain,high
src/zephyr/infrastructure/runtime_integration/capacity_assurance/modules/hawthorne_blind.py,,MOD-INF-001,D-INFRA,D-INFRA-RUNTIME_INTEGRATION,depgraph_domain,high
src/zephyr/infrastructure/runtime_integration/capacity_assurance/modules/multi_model_vendor_risk.py,,MOD-INF-001,D-INFRA,D-INFRA-RUNTIME_INTEGRATION,depgraph_domain,high
src/zephyr/infrastructure/runtime_integration/capacity_assurance/modules/observer_effect_compensator.py,,MOD-INF-001,D-INFRA,D-INFRA-RUNTIME_INTEGRATION,depgraph_domain,high
src/zephyr/infrastructure/runtime_integration/capacity_assurance/modules/owner_health_monitor.py,,MOD-INF-001,D-INFRA,D-INFRA-RUNTIME_INTEGRATION,depgraph_domain,high
src/zephyr/infrastructure/runtime_integration/capacity_assurance/modules/per_task_token_budget.py,,MOD-INF-001,D-INFRA,D-INFRA-RUNTIME_INTEGRATION,depgraph_domain,high
src/zephyr/infrastructure/runtime_integration/capacity_assurance/modules/startup_guard.py,,MOD-INF-001,D-INFRA,D-INFRA-RUNTIME_INTEGRATION,depgraph_domain,high
src/zephyr/infrastructure/runtime_integration/capacity_assurance/modules/sunk_cost_intervention.py,,MOD-INF-001,D-INFRA,D-INFRA-RUNTIME_INTEGRATION,depgraph_domain,high
src/zephyr/infrastructure/runtime_integration/capacity_assurance/modules/time_partitioned_slo.py,,MOD-INF-001,D-INFRA,D-INFRA-RUNTIME_INTEGRATION,depgraph_domain,high
src/zephyr/infrastructure/runtime_integration/capacity_assurance/modules/token_value_attribution.py,,MOD-INF-001,D-INFRA,D-INFRA-RUNTIME_INTEGRATION,depgraph_domain,high
src/zephyr/infrastructure/runtime_integration/capacity_assurance/modules/trace_capacity_injector.py,,MOD-INF-001,D-INFRA,D-INFRA-RUNTIME_INTEGRATION,depgraph_domain,high
src/zephyr/infrastructure/runtime_integration/capacity_assurance/modules/winfs_defense.py,,MOD-INF-001,D-INFRA,D-INFRA-RUNTIME_INTEGRATION,depgraph_domain,high
src/zephyr/infrastructure/runtime_integration/capacity_assurance/risk_mitigation.py,,MOD-INF-001,D-INFRA,D-INFRA-RUNTIME_INTEGRATION,depgraph_domain,high
src/zephyr/infrastructure/runtime_integration/capacity_assurance/schema.py,,MOD-INF-001,D-INFRA,D-INFRA-RUNTIME_INTEGRATION,depgraph_domain,high
src/zephyr/infrastructure/runtime_integration/capacity_assurance/sli_instrumentation.py,,MOD-INF-001,D-INFRA,D-INFRA-RUNTIME_INTEGRATION,depgraph_domain,high
src/zephyr/infrastructure/runtime_integration/capacity_assurance/tech_stack.py,,MOD-INF-001,D-INFRA,D-INFRA-RUNTIME_INTEGRATION,depgraph_domain,high
src/zephyr/infrastructure/runtime_integration/code_dedup_engine/__init__.py,,MOD-INF-017,D-TEST,D-TEST-CODE_DEDUP,depgraph_blueprint,high
src/zephyr/infrastructure/runtime_integration/code_dedup_engine/_analysis.py,,MOD-INF-017,D-TEST,D-TEST-CODE_DEDUP,depgraph_blueprint,high
src/zephyr/infrastructure/runtime_integration/code_dedup_engine/_cli_and_tools.py,,MOD-INF-017,D-TEST,D-TEST-CODE_DEDUP,depgraph_blueprint,high
src/zephyr/infrastructure/runtime_integration/code_dedup_engine/_detection.py,,MOD-INF-017,D-TEST,D-TEST-CODE_DEDUP,depgraph_blueprint,high
src/zephyr/infrastructure/runtime_integration/code_dedup_engine/_fix_and_lifecycle.py,,MOD-INF-017,D-TEST,D-TEST-CODE_DEDUP,depgraph_blueprint,high
src/zephyr/infrastructure/runtime_integration/code_dedup_engine/annotations.py,,MOD-INF-017,D-TEST,D-TEST-CODE_DEDUP,depgraph_blueprint,high
src/zephyr/infrastructure/runtime_integration/code_dedup_engine/ast_comparator.py,,MOD-INF-017,D-TEST,D-TEST-CODE_DEDUP,depgraph_blueprint,high
src/zephyr/infrastructure/runtime_integration/code_dedup_engine/atomic_fixer.py,,MOD-INF-017,D-TEST,D-TEST-CODE_DEDUP,depgraph_blueprint,high
src/zephyr/infrastructure/runtime_integration/code_dedup_engine/auto_fixer.py,,MOD-INF-017,D-TEST,D-TEST-CODE_DEDUP,depgraph_blueprint,high
src/zephyr/infrastructure/runtime_integration/code_dedup_engine/auto_test_generator.py,,MOD-INF-017,D-TEST,D-TEST-CODE_DEDUP,depgraph_blueprint,high
src/zephyr/infrastructure/runtime_integration/code_dedup_engine/behavioral_sampler.py,,MOD-INF-017,D-TEST,D-TEST-CODE_DEDUP,depgraph_blueprint,high
src/zephyr/infrastructure/runtime_integration/code_dedup_engine/behavioral_trust_checker.py,,MOD-INF-017,D-TEST,D-TEST-CODE_DEDUP,depgraph_blueprint,high
src/zephyr/infrastructure/runtime_integration/code_dedup_engine/blind_spot_tracker.py,,MOD-INF-017,D-TEST,D-TEST-CODE_DEDUP,depgraph_blueprint,high
src/zephyr/infrastructure/runtime_integration/code_dedup_engine/cache_manager.py,,MOD-INF-017,D-TEST,D-TEST-CODE_DEDUP,depgraph_blueprint,high
src/zephyr/infrastructure/runtime_integration/code_dedup_engine/canary_manager.py,,MOD-INF-017,D-TEST,D-TEST-CODE_DEDUP,depgraph_blueprint,high
src/zephyr/infrastructure/runtime_integration/code_dedup_engine/canary_register.py,,MOD-INF-017,D-TEST,D-TEST-CODE_DEDUP,depgraph_blueprint,high
src/zephyr/infrastructure/runtime_integration/code_dedup_engine/cli.py,,MOD-INF-017,D-TEST,D-TEST-CODE_DEDUP,depgraph_blueprint,high
src/zephyr/infrastructure/runtime_integration/code_dedup_engine/code_analyzer_runner.py,,MOD-INF-017,D-TEST,D-TEST-CODE_DEDUP,depgraph_blueprint,high
src/zephyr/infrastructure/runtime_integration/code_dedup_engine/code_simulator.py,,MOD-INF-017,D-TEST,D-TEST-CODE_DEDUP,depgraph_blueprint,high
src/zephyr/infrastructure/runtime_integration/code_dedup_engine/config.py,,MOD-INF-017,D-TEST,D-TEST-CODE_DEDUP,depgraph_blueprint,high
src/zephyr/infrastructure/runtime_integration/code_dedup_engine/consequence_tracker.py,,MOD-INF-017,D-TEST,D-TEST-CODE_DEDUP,depgraph_blueprint,high
src/zephyr/infrastructure/runtime_integration/code_dedup_engine/contract_consistency_checker.py,,MOD-INF-017,D-TEST,D-TEST-CODE_DEDUP,depgraph_blueprint,high
src/zephyr/infrastructure/runtime_integration/code_dedup_engine/cross_boundary_detector.py,,MOD-INF-017,D-TEST,D-TEST-CODE_DEDUP,depgraph_blueprint,high
src/zephyr/infrastructure/runtime_integration/code_dedup_engine/dead_module_detector.py,,MOD-INF-017,D-TEST,D-TEST-CODE_DEDUP,depgraph_blueprint,high
src/zephyr/infrastructure/runtime_integration/code_dedup_engine/debt_projector.py,,MOD-INF-017,D-TEST,D-TEST-CODE_DEDUP,depgraph_blueprint,high
src/zephyr/infrastructure/runtime_integration/code_dedup_engine/decision_auditor.py,,MOD-INF-017,D-TEST,D-TEST-CODE_DEDUP,depgraph_blueprint,high
src/zephyr/infrastructure/runtime_integration/code_dedup_engine/degradation.py,,MOD-INF-017,D-TEST,D-TEST-CODE_DEDUP,depgraph_blueprint,high
src/zephyr/infrastructure/runtime_integration/code_dedup_engine/diff_detector.py,,MOD-INF-017,D-TEST,D-TEST-CODE_DEDUP,depgraph_blueprint,high
src/zephyr/infrastructure/runtime_integration/code_dedup_engine/doom_loop_guard.py,,MOD-INF-017,D-TEST,D-TEST-CODE_DEDUP,depgraph_blueprint,high
src/zephyr/infrastructure/runtime_integration/code_dedup_engine/exit_codes.py,,MOD-INF-017,D-TEST,D-TEST-CODE_DEDUP,depgraph_blueprint,high
src/zephyr/infrastructure/runtime_integration/code_dedup_engine/extraction_safety.py,,MOD-INF-017,D-TEST,D-TEST-CODE_DEDUP,depgraph_blueprint,high
src/zephyr/infrastructure/runtime_integration/code_dedup_engine/false_negative_auditor.py,,MOD-INF-017,D-TEST,D-TEST-CODE_DEDUP,depgraph_blueprint,high
src/zephyr/infrastructure/runtime_integration/code_dedup_engine/fifteen_dimension_auditor.py,,MOD-INF-017,D-TEST,D-TEST-CODE_DEDUP,depgraph_blueprint,high
src/zephyr/infrastructure/runtime_integration/code_dedup_engine/file_creator.py,,MOD-INF-017,D-TEST,D-TEST-CODE_DEDUP,depgraph_blueprint,high
src/zephyr/infrastructure/runtime_integration/code_dedup_engine/function_discovery.py,,MOD-INF-017,D-TEST,D-TEST-CODE_DEDUP,depgraph_blueprint,high
src/zephyr/infrastructure/runtime_integration/code_dedup_engine/grandfather_manager.py,,MOD-INF-017,D-TEST,D-TEST-CODE_DEDUP,depgraph_blueprint,high
src/zephyr/infrastructure/runtime_integration/code_dedup_engine/health_monitor.py,,MOD-INF-017,D-TEST,D-TEST-CODE_DEDUP,depgraph_blueprint,high
src/zephyr/infrastructure/runtime_integration/code_dedup_engine/hotspot_tracker.py,,MOD-INF-017,D-TEST,D-TEST-CODE_DEDUP,depgraph_blueprint,high
src/zephyr/infrastructure/runtime_integration/code_dedup_engine/import_surface_tracker.py,,MOD-INF-017,D-TEST,D-TEST-CODE_DEDUP,depgraph_blueprint,high
src/zephyr/infrastructure/runtime_integration/code_dedup_engine/integration_hub.py,,MOD-INF-017,D-TEST,D-TEST-CODE_DEDUP,depgraph_blueprint,high
src/zephyr/infrastructure/runtime_integration/code_dedup_engine/integrations.py,,MOD-INF-017,D-TEST,D-TEST-CODE_DEDUP,depgraph_blueprint,high
src/zephyr/infrastructure/runtime_integration/code_dedup_engine/micro_clone_detector.py,,MOD-INF-017,D-TEST,D-TEST-CODE_DEDUP,depgraph_blueprint,high
src/zephyr/infrastructure/runtime_integration/code_dedup_engine/mock_duplicate_generator.py,,MOD-INF-017,D-TEST,D-TEST-CODE_DEDUP,depgraph_blueprint,high
src/zephyr/infrastructure/runtime_integration/code_dedup_engine/monoculture_guard.py,,MOD-INF-017,D-TEST,D-TEST-CODE_DEDUP,depgraph_blueprint,high
src/zephyr/infrastructure/runtime_integration/code_dedup_engine/observation_window_guard.py,,MOD-INF-017,D-TEST,D-TEST-CODE_DEDUP,depgraph_blueprint,high
src/zephyr/infrastructure/runtime_integration/code_dedup_engine/path_index_validator.py,,MOD-INF-017,D-TEST,D-TEST-CODE_DEDUP,depgraph_blueprint,high
src/zephyr/infrastructure/runtime_integration/code_dedup_engine/phase_executor.py,,MOD-INF-017,D-TEST,D-TEST-CODE_DEDUP,depgraph_blueprint,high
src/zephyr/infrastructure/runtime_integration/code_dedup_engine/policy_tree_validator.py,,MOD-INF-017,D-TEST,D-TEST-CODE_DEDUP,depgraph_blueprint,high
src/zephyr/infrastructure/runtime_integration/code_dedup_engine/pre_apply_integrity_gate.py,,MOD-INF-017,D-TEST,D-TEST-CODE_DEDUP,depgraph_blueprint,high
src/zephyr/infrastructure/runtime_integration/code_dedup_engine/prioritizer.py,,MOD-INF-017,D-TEST,D-TEST-CODE_DEDUP,depgraph_blueprint,high
src/zephyr/infrastructure/runtime_integration/code_dedup_engine/question_tracker.py,,MOD-INF-017,D-TEST,D-TEST-CODE_DEDUP,depgraph_blueprint,high
src/zephyr/infrastructure/runtime_integration/code_dedup_engine/recovery_manifest_writer.py,,MOD-INF-017,D-TEST,D-TEST-CODE_DEDUP,depgraph_blueprint,high
src/zephyr/infrastructure/runtime_integration/code_dedup_engine/report.py,,MOD-INF-017,D-TEST,D-TEST-CODE_DEDUP,depgraph_blueprint,high
src/zephyr/infrastructure/runtime_integration/code_dedup_engine/risk_mitigation_tracker.py,,MOD-INF-017,D-TEST,D-TEST-CODE_DEDUP,depgraph_blueprint,high
src/zephyr/infrastructure/runtime_integration/code_dedup_engine/risk_mitigator.py,,MOD-INF-017,D-TEST,D-TEST-CODE_DEDUP,depgraph_blueprint,high
src/zephyr/infrastructure/runtime_integration/code_dedup_engine/scanner.py,,MOD-INF-017,D-TEST,D-TEST-CODE_DEDUP,depgraph_blueprint,high
src/zephyr/infrastructure/runtime_integration/code_dedup_engine/self_benchmark.py,,MOD-INF-017,D-TEST,D-TEST-CODE_DEDUP,depgraph_blueprint,high
src/zephyr/infrastructure/runtime_integration/code_dedup_engine/self_scanner.py,,MOD-INF-017,D-TEST,D-TEST-CODE_DEDUP,depgraph_blueprint,high
src/zephyr/infrastructure/runtime_integration/code_dedup_engine/sensitivity_sweeper.py,,MOD-INF-017,D-TEST,D-TEST-CODE_DEDUP,depgraph_blueprint,high
src/zephyr/infrastructure/runtime_integration/code_dedup_engine/shadow_trust_validator.py,,MOD-INF-017,D-TEST,D-TEST-CODE_DEDUP,depgraph_blueprint,high
src/zephyr/infrastructure/runtime_integration/code_dedup_engine/shadow_verifier.py,,MOD-INF-017,D-TEST,D-TEST-CODE_DEDUP,depgraph_blueprint,high
src/zephyr/infrastructure/runtime_integration/code_dedup_engine/shared_evolver.py,,MOD-INF-017,D-TEST,D-TEST-CODE_DEDUP,depgraph_blueprint,high
src/zephyr/infrastructure/runtime_integration/code_dedup_engine/shared_lifecycle_manager.py,,MOD-INF-017,D-TEST,D-TEST-CODE_DEDUP,depgraph_blueprint,high
src/zephyr/infrastructure/runtime_integration/code_dedup_engine/signature_matcher.py,,MOD-INF-017,D-TEST,D-TEST-CODE_DEDUP,depgraph_blueprint,high
src/zephyr/infrastructure/runtime_integration/code_dedup_engine/simplicity_auditor.py,,MOD-INF-017,D-TEST,D-TEST-CODE_DEDUP,depgraph_blueprint,high
src/zephyr/infrastructure/runtime_integration/code_dedup_engine/ssot_registrar.py,,MOD-INF-017,D-TEST,D-TEST-CODE_DEDUP,depgraph_blueprint,high
src/zephyr/infrastructure/runtime_integration/code_dedup_engine/stale_shared_detector.py,,MOD-INF-017,D-TEST,D-TEST-CODE_DEDUP,depgraph_blueprint,high
src/zephyr/infrastructure/runtime_integration/code_dedup_engine/success_validator.py,,MOD-INF-017,D-TEST,D-TEST-CODE_DEDUP,depgraph_blueprint,high
src/zephyr/infrastructure/runtime_integration/code_dedup_engine/symbol_index.py,,MOD-INF-017,D-TEST,D-TEST-CODE_DEDUP,depgraph_blueprint,high
src/zephyr/infrastructure/runtime_integration/code_dedup_engine/temporal_drift_tracker.py,,MOD-INF-017,D-TEST,D-TEST-CODE_DEDUP,depgraph_blueprint,high
src/zephyr/infrastructure/runtime_integration/code_dedup_engine/thematic_clusterer.py,,MOD-INF-017,D-TEST,D-TEST-CODE_DEDUP,depgraph_blueprint,high
src/zephyr/infrastructure/runtime_integration/code_dedup_engine/verifier.py,,MOD-INF-017,D-TEST,D-TEST-CODE_DEDUP,depgraph_blueprint,high
src/zephyr/infrastructure/runtime_integration/config.py,,MOD-INF-002,D-INFRA,D-INFRA-RUNTIME_INTEGRATION,depgraph_blueprint,high
src/zephyr/infrastructure/runtime_integration/config/shared/config/__init__.py,,MOD-INF-016,D-INFRA,D-INFRA-LIFECYCLE_MANAGEMENT,depgraph_blueprint,high
src/zephyr/infrastructure/runtime_integration/config/shared/config/loader.py,,MOD-INF-016,D-INFRA,D-INFRA-LIFECYCLE_MANAGEMENT,depgraph_blueprint,high
src/zephyr/infrastructure/runtime_integration/config_validator.py,,MOD-INF-002,D-INFRA,D-INFRA-RUNTIME_INTEGRATION,depgraph_blueprint,high
src/zephyr/infrastructure/runtime_integration/contract_tester.py,,MOD-INF-002,D-INFRA,D-INFRA-RUNTIME_INTEGRATION,depgraph_blueprint,high
src/zephyr/infrastructure/runtime_integration/cost_tracker.py,,MOD-INF-002,D-INFRA,D-INFRA-RUNTIME_INTEGRATION,depgraph_blueprint,high
src/zephyr/infrastructure/runtime_integration/db/__init__.py,,MOD-INF-012,D-DATA,D-DATA-PERSISTENCE,depgraph_blueprint,high
src/zephyr/infrastructure/runtime_integration/db/atomic_transaction_manager.py,,MOD-INF-012,D-DATA,D-DATA-PERSISTENCE,depgraph_blueprint,high
src/zephyr/infrastructure/runtime_integration/db/audit_schema.py,,MOD-INF-012,D-DATA,D-DATA-PERSISTENCE,depgraph_blueprint,high
src/zephyr/infrastructure/runtime_integration/db/base_repo.py,,MOD-INF-012,D-DATA,D-DATA-PERSISTENCE,depgraph_blueprint,high
src/zephyr/infrastructure/runtime_integration/db/circuit_breaker_repo.py,,MOD-INF-012,D-DATA,D-DATA-PERSISTENCE,depgraph_blueprint,high
src/zephyr/infrastructure/runtime_integration/db/circuit_breaker_types.py,,MOD-INF-012,D-DATA,D-DATA-PERSISTENCE,depgraph_blueprint,high
src/zephyr/infrastructure/runtime_integration/db/database_manager.py,,MOD-INF-012,D-DATA,D-DATA-PERSISTENCE,depgraph_blueprint,high
src/zephyr/infrastructure/runtime_integration/db/gate_repo.py,,MOD-INF-012,D-DATA,D-DATA-PERSISTENCE,depgraph_blueprint,high
src/zephyr/infrastructure/runtime_integration/db/olap_engine.py,,MOD-INF-012,D-DATA,D-DATA-PERSISTENCE,depgraph_blueprint,high
src/zephyr/infrastructure/runtime_integration/db/query.py,,MOD-INF-012,D-DATA,D-DATA-PERSISTENCE,depgraph_blueprint,high
src/zephyr/infrastructure/runtime_integration/db/query_metrics.py,,MOD-INF-012,D-DATA,D-DATA-PERSISTENCE,depgraph_blueprint,high
src/zephyr/infrastructure/runtime_integration/db/sqlite_schema.py,,MOD-INF-012,D-DATA,D-DATA-PERSISTENCE,depgraph_blueprint,high
src/zephyr/infrastructure/runtime_integration/db/task_repo.py,,MOD-INF-012,D-DATA,D-DATA-PERSISTENCE,depgraph_blueprint,high
src/zephyr/infrastructure/runtime_integration/db/transition.py,,MOD-INF-012,D-DATA,D-DATA-PERSISTENCE,depgraph_blueprint,high
src/zephyr/infrastructure/runtime_integration/dry_run_simulator.py,,MOD-INF-002,D-INFRA,D-INFRA-RUNTIME_INTEGRATION,depgraph_blueprint,high
src/zephyr/infrastructure/runtime_integration/event_bus_upgrade.py,,MOD-INF-002,D-INFRA,D-INFRA-RUNTIME_INTEGRATION,depgraph_blueprint,high
src/zephyr/infrastructure/runtime_integration/event_store.py,,MOD-INF-002,D-INFRA,D-INFRA-RUNTIME_INTEGRATION,depgraph_blueprint,high
src/zephyr/infrastructure/runtime_integration/file_watcher.py,,MOD-INF-002,D-INFRA,D-INFRA-RUNTIME_INTEGRATION,depgraph_blueprint,high
src/zephyr/infrastructure/runtime_integration/finding_task_bridge.py,,MOD-INF-002,D-INFRA,D-INFRA-RUNTIME_INTEGRATION,depgraph_blueprint,high
src/zephyr/infrastructure/runtime_integration/health_monitor/__init__.py,,docs/03_modules/_sys-master/blueprint.md,D-INFRA,D-INFRA-RUNTIME_INTEGRATION,depgraph_domain,high
src/zephyr/infrastructure/runtime_integration/health_monitor/health_aggregator.py,,MOD-MASTER-001,D-INFRA,D-INFRA-SHARED_SERVICES,depgraph_blueprint,high
src/zephyr/infrastructure/runtime_integration/hooks/__init__.py,,MOD-INF-002,D-INFRA,D-INFRA-RUNTIME_INTEGRATION,depgraph_blueprint,high
src/zephyr/infrastructure/runtime_integration/hooks/event_hook.py,,MOD-INF-002,D-INFRA,D-INFRA-RUNTIME_INTEGRATION,depgraph_blueprint,high
src/zephyr/infrastructure/runtime_integration/infrastructure_base.py,,MOD-INF-002,D-INFRA,D-INFRA-RUNTIME_INTEGRATION,depgraph_blueprint,high
src/zephyr/infrastructure/runtime_integration/kill_switch_sim.py,,MOD-INF-002,D-INFRA,D-INFRA-RUNTIME_INTEGRATION,depgraph_blueprint,high
src/zephyr/infrastructure/runtime_integration/model_capability_exam/__init__.py,,MOD-INF-036,D-INTEL,D-INTEL-MODEL_EVALUATION,depgraph_blueprint,high
src/zephyr/infrastructure/runtime_integration/model_capability_exam/capability_passport.py,,MOD-INF-036,D-INTEL,D-INTEL-MODEL_EVALUATION,depgraph_blueprint,high
src/zephyr/infrastructure/runtime_integration/model_capability_exam/exam_orchestrator.py,,MOD-INF-036,D-INTEL,D-INTEL-MODEL_EVALUATION,depgraph_blueprint,high
src/zephyr/infrastructure/runtime_integration/model_capability_exam/exam_test_cases.py,,MOD-INF-036,D-INTEL,D-INTEL-MODEL_EVALUATION,depgraph_blueprint,high
src/zephyr/infrastructure/runtime_integration/model_profiler/__init__.py,,MOD-INF-034,D-INTEL,D-INTEL-MODEL_PROFILING,depgraph_blueprint,high
src/zephyr/infrastructure/runtime_integration/model_profiler/benchmark_suite.py,,MOD-INF-034,D-INTEL,D-INTEL-MODEL_PROFILING,depgraph_blueprint,high
src/zephyr/infrastructure/runtime_integration/model_profiler/capability_passport.py,,MOD-INF-034,D-INTEL,D-INTEL-MODEL_PROFILING,depgraph_blueprint,high
src/zephyr/infrastructure/runtime_integration/model_profiler/cli.py,,MOD-INF-034,D-INTEL,D-INTEL-MODEL_PROFILING,depgraph_blueprint,high
src/zephyr/infrastructure/runtime_integration/model_profiler/deepseek_v4_chat.py,,MOD-INF-034,D-INTEL,D-INTEL-MODEL_PROFILING,depgraph_blueprint,high
src/zephyr/infrastructure/runtime_integration/model_profiler/exam_orchestrator.py,,MOD-INF-034,D-INTEL,D-INTEL-MODEL_PROFILING,depgraph_blueprint,high
src/zephyr/infrastructure/runtime_integration/model_profiler/exam_test_cases.py,,MOD-INF-034,D-INTEL,D-INTEL-MODEL_PROFILING,depgraph_blueprint,high
src/zephyr/infrastructure/runtime_integration/model_profiler/model_discovery.py,,MOD-INF-034,D-INTEL,D-INTEL-MODEL_PROFILING,depgraph_blueprint,high
src/zephyr/infrastructure/runtime_integration/model_profiler/profiler.py,,MOD-INF-034,D-INTEL,D-INTEL-MODEL_PROFILING,depgraph_blueprint,high
src/zephyr/infrastructure/runtime_integration/model_profiler/provider_data.py,,MOD-INF-034,D-INTEL,D-INTEL-MODEL_PROFILING,depgraph_blueprint,high
src/zephyr/infrastructure/runtime_integration/model_profiler/results_writer.py,,MOD-INF-034,D-INTEL,D-INTEL-MODEL_PROFILING,depgraph_blueprint,high
src/zephyr/infrastructure/runtime_integration/model_profiler/task_model_learner.py,,MOD-INF-034,D-INTEL,D-INTEL-MODEL_PROFILING,depgraph_blueprint,high
src/zephyr/infrastructure/runtime_integration/observability/__init__.py,,MOD-INF-002,D-INFRA,D-INFRA-RUNTIME_INTEGRATION,ssot_path_prefix,high
src/zephyr/infrastructure/runtime_integration/observability/contract_metrics.py,,MOD-INF-002,D-INFRA,D-INFRA-RUNTIME_INTEGRATION,ssot_path_prefix,high
src/zephyr/infrastructure/runtime_integration/observability/health_probes.py,,MOD-INF-002,D-INFRA,D-INFRA-RUNTIME_INTEGRATION,ssot_path_prefix,high
src/zephyr/infrastructure/runtime_integration/pipeline/__init__.py,,MOD-INF-009,D-ORCH,D-ORCH-PIPELINE_ROUTING,depgraph_blueprint,high
src/zephyr/infrastructure/runtime_integration/pipeline/backpressure_manager.py,,MOD-INF-009,D-ORCH,D-ORCH-PIPELINE_ROUTING,depgraph_blueprint,high
src/zephyr/infrastructure/runtime_integration/pipeline/backpressure_types.py,,MOD-INF-009,D-ORCH,D-ORCH-PIPELINE_ROUTING,depgraph_blueprint,high
src/zephyr/infrastructure/runtime_integration/pipeline/circuit_breaker_manager.py,,MOD-INF-009,D-ORCH,D-ORCH-PIPELINE_ROUTING,depgraph_blueprint,high
src/zephyr/infrastructure/runtime_integration/pipeline/cost_tracker.py,,MOD-INF-009,D-ORCH,D-ORCH-PIPELINE_ROUTING,depgraph_blueprint,high
src/zephyr/infrastructure/runtime_integration/pipeline/ct_pipe_routing.py,,MOD-INF-009,D-ORCH,D-ORCH-PIPELINE_ROUTING,depgraph_blueprint,high
src/zephyr/infrastructure/runtime_integration/pipeline/dead_letter_queue.py,,MOD-INF-009,D-ORCH,D-ORCH-PIPELINE_ROUTING,depgraph_blueprint,high
src/zephyr/infrastructure/runtime_integration/pipeline/layer_consumer_registry.py,,MOD-INF-009,D-ORCH,D-ORCH-PIPELINE_ROUTING,depgraph_blueprint,high
src/zephyr/infrastructure/runtime_integration/pipeline/layer_router.py,,MOD-INF-009,D-ORCH,D-ORCH-PIPELINE_ROUTING,depgraph_blueprint,high
src/zephyr/infrastructure/runtime_integration/pipeline/llm_gateway.py,,MOD-INF-009,D-ORCH,D-ORCH-PIPELINE_ROUTING,depgraph_blueprint,high
src/zephyr/infrastructure/runtime_integration/pipeline/model_profiler/__init__.py,,MOD-INF-034,D-INTEL,D-INTEL-MODEL_PROFILING,depgraph_blueprint,high
src/zephyr/infrastructure/runtime_integration/pipeline/model_profiler/benchmark_suite.py,,MOD-INF-034,D-INTEL,D-INTEL-MODEL_PROFILING,depgraph_blueprint,high
src/zephyr/infrastructure/runtime_integration/pipeline/model_profiler/capability_passport.py,,MOD-INF-034,D-INTEL,D-INTEL-MODEL_PROFILING,depgraph_blueprint,high
src/zephyr/infrastructure/runtime_integration/pipeline/model_profiler/cli.py,,MOD-INF-034,D-INTEL,D-INTEL-MODEL_PROFILING,depgraph_blueprint,high
src/zephyr/infrastructure/runtime_integration/pipeline/model_profiler/deepseek_v4_chat.py,,MOD-INF-034,D-INTEL,D-INTEL-MODEL_PROFILING,depgraph_blueprint,high
src/zephyr/infrastructure/runtime_integration/pipeline/model_profiler/exam_orchestrator.py,,MOD-INF-034,D-INTEL,D-INTEL-MODEL_PROFILING,depgraph_blueprint,high
src/zephyr/infrastructure/runtime_integration/pipeline/model_profiler/exam_test_cases.py,,MOD-INF-034,D-INTEL,D-INTEL-MODEL_PROFILING,depgraph_blueprint,high
src/zephyr/infrastructure/runtime_integration/pipeline/model_profiler/model_discovery.py,,MOD-INF-034,D-INTEL,D-INTEL-MODEL_PROFILING,depgraph_blueprint,high
src/zephyr/infrastructure/runtime_integration/pipeline/model_profiler/profiler.py,,MOD-INF-034,D-INTEL,D-INTEL-MODEL_PROFILING,depgraph_blueprint,high
src/zephyr/infrastructure/runtime_integration/pipeline/model_profiler/results_writer.py,,MOD-INF-034,D-INTEL,D-INTEL-MODEL_PROFILING,depgraph_blueprint,high
src/zephyr/infrastructure/runtime_integration/pipeline/model_profiler/task_model_learner.py,,MOD-INF-034,D-INTEL,D-INTEL-MODEL_PROFILING,depgraph_blueprint,high
src/zephyr/infrastructure/runtime_integration/pipeline/model_router.py,,MOD-INF-009,D-ORCH,D-ORCH-PIPELINE_ROUTING,depgraph_blueprint,high
src/zephyr/infrastructure/runtime_integration/pipeline/models.py,,MOD-INF-009,D-ORCH,D-ORCH-PIPELINE_ROUTING,depgraph_blueprint,high
src/zephyr/infrastructure/runtime_integration/pipeline/pipeline_agent_bridge.py,,MOD-INF-009,D-ORCH,D-ORCH-PIPELINE_ROUTING,depgraph_blueprint,high
src/zephyr/infrastructure/runtime_integration/pipeline/pipeline_lock.py,,MOD-INF-009,D-ORCH,D-ORCH-PIPELINE_ROUTING,depgraph_blueprint,high
src/zephyr/infrastructure/runtime_integration/pipeline/pipeline_orchestrator.py,,MOD-MASTER-001,D-INFRA,D-INFRA-SHARED_SERVICES,depgraph_blueprint,high
src/zephyr/infrastructure/runtime_integration/pipeline/pipeline_roadmap.py,,MOD-INF-009,D-ORCH,D-ORCH-PIPELINE_ROUTING,depgraph_blueprint,high
src/zephyr/infrastructure/runtime_integration/pipeline/preemption_manager.py,,MOD-INF-009,D-ORCH,D-ORCH-PIPELINE_ROUTING,depgraph_blueprint,high
src/zephyr/infrastructure/runtime_integration/pipeline/routing_plugins.py,,MOD-INF-009,D-ORCH,D-ORCH-PIPELINE_ROUTING,depgraph_blueprint,high
src/zephyr/infrastructure/runtime_integration/pydantic_v2_migrator.py,,MOD-INF-002,D-INFRA,D-INFRA-RUNTIME_INTEGRATION,depgraph_blueprint,high
src/zephyr/infrastructure/runtime_integration/registry_governance.py,,MOD-INF-037,D-GOV,D_GOV_REGISTRY_MANAGEMENT,depgraph_blueprint,high
src/zephyr/infrastructure/runtime_integration/rollback/__init__.py,,MOD-INF-021,D-RES,D-RES-ROLLBACK,depgraph_blueprint,high
src/zephyr/infrastructure/runtime_integration/rollback/_manifest_.py,,MOD-INF-021,D-RES,D-RES-ROLLBACK,depgraph_blueprint,high
src/zephyr/infrastructure/runtime_integration/rollback/agent_cooldown.py,,MOD-INF-021,D-RES,D-RES-ROLLBACK,depgraph_blueprint,high
src/zephyr/infrastructure/runtime_integration/rollback/auditor.py,,MOD-INF-021,D-RES,D-RES-ROLLBACK,depgraph_blueprint,high
src/zephyr/infrastructure/runtime_integration/rollback/auto_rollback_trigger.py,,MOD-INF-021,D-RES,D-RES-ROLLBACK,depgraph_blueprint,high
src/zephyr/infrastructure/runtime_integration/rollback/autonomy_dashboard.py,,MOD-INF-021,D-RES,D-RES-ROLLBACK,depgraph_blueprint,high
src/zephyr/infrastructure/runtime_integration/rollback/backtest_engine.py,,MOD-INF-021,D-RES,D-RES-ROLLBACK,depgraph_blueprint,high
src/zephyr/infrastructure/runtime_integration/rollback/budget_tracker.py,,MOD-INF-021,D-RES,D-RES-ROLLBACK,depgraph_blueprint,high
src/zephyr/infrastructure/runtime_integration/rollback/checkpoint_gc.py,,MOD-INF-021,D-RES,D-RES-ROLLBACK,depgraph_blueprint,high
src/zephyr/infrastructure/runtime_integration/rollback/commit_quality_gate.py,,MOD-INF-021,D-RES,D-RES-ROLLBACK,depgraph_blueprint,high
src/zephyr/infrastructure/runtime_integration/rollback/complexity_budget.py,,MOD-INF-021,D-RES,D-RES-ROLLBACK,depgraph_blueprint,high
src/zephyr/infrastructure/runtime_integration/rollback/confidence_quantifier.py,,MOD-INF-021,D-RES,D-RES-ROLLBACK,depgraph_blueprint,high
src/zephyr/infrastructure/runtime_integration/rollback/continuous_trust.py,,MOD-INF-021,D-RES,D-RES-ROLLBACK,depgraph_blueprint,high
src/zephyr/infrastructure/runtime_integration/rollback/contract.py,,MOD-INF-021,D-RES,D-RES-ROLLBACK,depgraph_blueprint,high
src/zephyr/infrastructure/runtime_integration/rollback/contracts.py,,MOD-INF-021,D-RES,D-RES-ROLLBACK,depgraph_blueprint,high
src/zephyr/infrastructure/runtime_integration/rollback/credential_rotation_trigger.py,,MOD-INF-021,D-RES,D-RES-ROLLBACK,depgraph_blueprint,high
src/zephyr/infrastructure/runtime_integration/rollback/cross_agent_conflict_detector.py,,MOD-INF-021,D-RES,D-RES-ROLLBACK,depgraph_blueprint,high
src/zephyr/infrastructure/runtime_integration/rollback/cross_platform_shell.py,,MOD-INF-021,D-RES,D-RES-ROLLBACK,depgraph_blueprint,high
src/zephyr/infrastructure/runtime_integration/rollback/down_migration_generator.py,,MOD-INF-021,D-RES,D-RES-ROLLBACK,depgraph_blueprint,high
src/zephyr/infrastructure/runtime_integration/rollback/drift_fix.py,,MOD-INF-021,D-RES,D-RES-ROLLBACK,depgraph_blueprint,high
src/zephyr/infrastructure/runtime_integration/rollback/env_watcher.py,,MOD-INF-021,D-RES,D-RES-ROLLBACK,depgraph_blueprint,high
src/zephyr/infrastructure/runtime_integration/rollback/external_merkle_proof.py,,MOD-INF-021,D-RES,D-RES-ROLLBACK,depgraph_blueprint,high
src/zephyr/infrastructure/runtime_integration/rollback/fault_tolerance.py,,MOD-INF-021,D-RES,D-RES-ROLLBACK,depgraph_blueprint,high
src/zephyr/infrastructure/runtime_integration/rollback/forensic.py,,MOD-INF-021,D-RES,D-RES-ROLLBACK,depgraph_blueprint,high
src/zephyr/infrastructure/runtime_integration/rollback/forward_fix_runner.py,,MOD-INF-021,D-RES,D-RES-ROLLBACK,depgraph_blueprint,high
src/zephyr/infrastructure/runtime_integration/rollback/fsm_verifier.py,,MOD-INF-021,D-RES,D-RES-ROLLBACK,depgraph_blueprint,high
src/zephyr/infrastructure/runtime_integration/rollback/git_infra_snapshot.py,,MOD-INF-021,D-RES,D-RES-ROLLBACK,depgraph_blueprint,high
src/zephyr/infrastructure/runtime_integration/rollback/governance/__init__.py,,MOD-INF-021,D-RES,D-RES-ROLLBACK,depgraph_blueprint,high
src/zephyr/infrastructure/runtime_integration/rollback/governance/auditor.py,,MOD-INF-021,D-RES,D-RES-ROLLBACK,depgraph_blueprint,high
src/zephyr/infrastructure/runtime_integration/rollback/governance/budget_tracker.py,,MOD-INF-021,D-RES,D-RES-ROLLBACK,depgraph_blueprint,high
src/zephyr/infrastructure/runtime_integration/rollback/governance/contracts.py,,MOD-INF-021,D-RES,D-RES-ROLLBACK,depgraph_blueprint,high
src/zephyr/infrastructure/runtime_integration/rollback/governance/drift_fix.py,,MOD-INF-021,D-RES,D-RES-ROLLBACK,depgraph_blueprint,high
src/zephyr/infrastructure/runtime_integration/rollback/governance/result_types.py,,MOD-INF-021,D-RES,D-RES-ROLLBACK,depgraph_blueprint,high
src/zephyr/infrastructure/runtime_integration/rollback/hallucination_guard.py,,MOD-INF-021,D-RES,D-RES-ROLLBACK,depgraph_blueprint,high
src/zephyr/infrastructure/runtime_integration/rollback/intent_archiver.py,,MOD-INF-021,D-RES,D-RES-ROLLBACK,depgraph_blueprint,high
src/zephyr/infrastructure/runtime_integration/rollback/kill_switch.py,,MOD-INF-021,D-RES,D-RES-ROLLBACK,depgraph_blueprint,high
src/zephyr/infrastructure/runtime_integration/rollback/knowngoodstate_ledger.py,,MOD-INF-021,D-RES,D-RES-ROLLBACK,depgraph_blueprint,high
src/zephyr/infrastructure/runtime_integration/rollback/llm_impact_analyzer.py,,MOD-INF-021,D-RES,D-RES-ROLLBACK,depgraph_blueprint,high
src/zephyr/infrastructure/runtime_integration/rollback/model_drift_detector.py,,MOD-INF-021,D-RES,D-RES-ROLLBACK,depgraph_blueprint,high
src/zephyr/infrastructure/runtime_integration/rollback/owner_absent.py,,MOD-INF-021,D-RES,D-RES-ROLLBACK,depgraph_blueprint,high
src/zephyr/infrastructure/runtime_integration/rollback/paper_live_transition.py,,MOD-INF-021,D-RES,D-RES-ROLLBACK,depgraph_blueprint,high
src/zephyr/infrastructure/runtime_integration/rollback/phase_check_registry.py,,MOD-INF-021,D-RES,D-RES-ROLLBACK,depgraph_blueprint,high
src/zephyr/infrastructure/runtime_integration/rollback/phase_manager.py,,MOD-INF-021,D-RES,D-RES-ROLLBACK,depgraph_blueprint,high
src/zephyr/infrastructure/runtime_integration/rollback/post_live_verification.py,,MOD-INF-021,D-RES,D-RES-ROLLBACK,depgraph_blueprint,high
src/zephyr/infrastructure/runtime_integration/rollback/result_types.py,,MOD-INF-021,D-RES,D-RES-ROLLBACK,depgraph_blueprint,high
src/zephyr/infrastructure/runtime_integration/rollback/right_to_be_forgotten.py,,MOD-INF-021,D-RES,D-RES-ROLLBACK,depgraph_blueprint,high
src/zephyr/infrastructure/runtime_integration/rollback/rollback_abuse_detector.py,,MOD-INF-021,D-RES,D-RES-ROLLBACK,depgraph_blueprint,high
src/zephyr/infrastructure/runtime_integration/rollback/rollback_audit_nexus.py,,MOD-INF-021,D-RES,D-RES-ROLLBACK,depgraph_blueprint,high
src/zephyr/infrastructure/runtime_integration/rollback/rollback_bootstrap.py,,MOD-INF-021,D-RES,D-RES-ROLLBACK,depgraph_blueprint,high
src/zephyr/infrastructure/runtime_integration/rollback/rollback_budget.py,,MOD-INF-021,D-RES,D-RES-ROLLBACK,depgraph_blueprint,high
src/zephyr/infrastructure/runtime_integration/rollback/rollback_context_restorer.py,,MOD-INF-021,D-RES,D-RES-ROLLBACK,depgraph_blueprint,high
src/zephyr/infrastructure/runtime_integration/rollback/rollback_dashboard.py,,MOD-INF-021,D-RES,D-RES-ROLLBACK,depgraph_blueprint,high
src/zephyr/infrastructure/runtime_integration/rollback/rollback_drill.py,,MOD-INF-021,D-RES,D-RES-ROLLBACK,depgraph_blueprint,high
src/zephyr/infrastructure/runtime_integration/rollback/rollback_executor.py,,MOD-INF-021,D-RES,D-RES-ROLLBACK,depgraph_blueprint,high
src/zephyr/infrastructure/runtime_integration/rollback/rollback_integration.py,,MOD-INF-021,D-RES,D-RES-ROLLBACK,depgraph_blueprint,high
src/zephyr/infrastructure/runtime_integration/rollback/rollback_lock.py,,MOD-INF-021,D-RES,D-RES-ROLLBACK,depgraph_blueprint,high
src/zephyr/infrastructure/runtime_integration/rollback/rollback_loop_detector.py,,MOD-INF-021,D-RES,D-RES-ROLLBACK,depgraph_blueprint,high
src/zephyr/infrastructure/runtime_integration/rollback/rollback_simulator.py,,MOD-INF-021,D-RES,D-RES-ROLLBACK,depgraph_blueprint,high
src/zephyr/infrastructure/runtime_integration/rollback/rollback_state_machine.py,,MOD-INF-021,D-RES,D-RES-ROLLBACK,depgraph_blueprint,high
src/zephyr/infrastructure/runtime_integration/rollback/rollback_target_staleness.py,,MOD-INF-021,D-RES,D-RES-ROLLBACK,depgraph_blueprint,high
src/zephyr/infrastructure/runtime_integration/rollback/rollback_verifier.py,,MOD-INF-021,D-RES,D-RES-ROLLBACK,depgraph_blueprint,high
src/zephyr/infrastructure/runtime_integration/rollback/rollback_wal.py,,MOD-INF-021,D-RES,D-RES-ROLLBACK,depgraph_blueprint,high
src/zephyr/infrastructure/runtime_integration/rollback/runbook_generator.py,,MOD-INF-021,D-RES,D-RES-ROLLBACK,depgraph_blueprint,high
src/zephyr/infrastructure/runtime_integration/rollback/s3_snapshot_lifecycle.py,,MOD-INF-021,D-RES,D-RES-ROLLBACK,depgraph_blueprint,high
src/zephyr/infrastructure/runtime_integration/rollback/sandbox_enforcer.py,,MOD-INF-021,D-RES,D-RES-ROLLBACK,depgraph_blueprint,high
src/zephyr/infrastructure/runtime_integration/rollback/secret_rotation_aware.py,,MOD-INF-021,D-RES,D-RES-ROLLBACK,depgraph_blueprint,high
src/zephyr/infrastructure/runtime_integration/rollback/semantic_rollback_tag.py,,MOD-INF-021,D-RES,D-RES-ROLLBACK,depgraph_blueprint,high
src/zephyr/infrastructure/runtime_integration/rollback/semantic_similar_detector.py,,MOD-INF-021,D-RES,D-RES-ROLLBACK,depgraph_blueprint,high
src/zephyr/infrastructure/runtime_integration/rollback/sqlite_dumper.py,,MOD-INF-021,D-RES,D-RES-ROLLBACK,depgraph_blueprint,high
src/zephyr/infrastructure/runtime_integration/rollback/startup_shutdown.py,,MOD-INF-021,D-RES,D-RES-ROLLBACK,depgraph_blueprint,high
src/zephyr/infrastructure/runtime_integration/rollback/startup_shutdown_cli.py,,MOD-INF-021,D-RES,D-RES-ROLLBACK,depgraph_blueprint,high
src/zephyr/infrastructure/runtime_integration/rollback/submodule_sync.py,,MOD-INF-021,D-RES,D-RES-ROLLBACK,depgraph_blueprint,high
src/zephyr/infrastructure/runtime_integration/rollback/temporal_context_adapter.py,,MOD-INF-021,D-RES,D-RES-ROLLBACK,depgraph_blueprint,high
src/zephyr/infrastructure/runtime_integration/rollback/topology_change_log.py,,MOD-INF-021,D-RES,D-RES-ROLLBACK,depgraph_blueprint,high
src/zephyr/infrastructure/runtime_integration/rollback/trading_kill_switch.py,,MOD-INF-021,D-RES,D-RES-ROLLBACK,depgraph_blueprint,high
src/zephyr/infrastructure/runtime_integration/rollback/venv_sync.py,,MOD-INF-021,D-RES,D-RES-ROLLBACK,depgraph_blueprint,high
src/zephyr/infrastructure/runtime_integration/rollback/vulnerability_rescanner.py,,MOD-INF-021,D-RES,D-RES-ROLLBACK,depgraph_blueprint,high
src/zephyr/infrastructure/runtime_integration/rollback/warm_standby.py,,MOD-INF-021,D-RES,D-RES-ROLLBACK,depgraph_blueprint,high
src/zephyr/infrastructure/runtime_integration/runtime/startup_shutdown.py,,DOM-GOV-001,D-GOV,D-GOV-SCRIPT_GOVERNANCE,depgraph_blueprint,high
src/zephyr/infrastructure/runtime_integration/script_system/__init__.py,,MOD-INF-005,D-GOV,D-GOV-SCRIPT_GOVERNANCE,depgraph_blueprint,high
src/zephyr/infrastructure/runtime_integration/script_system/finding.py,,MOD-INF-005,D-GOV,D-GOV-SCRIPT_GOVERNANCE,depgraph_blueprint,high
src/zephyr/infrastructure/runtime_integration/script_system/gate_bridge.py,,MOD-MASTER-001,D-INFRA,D-INFRA-SHARED_SERVICES,depgraph_blueprint,high
src/zephyr/infrastructure/runtime_integration/script_system/kb_bridge.py,,MOD-MASTER-001,D-INFRA,D-INFRA-SHARED_SERVICES,depgraph_blueprint,high
src/zephyr/infrastructure/runtime_integration/system_telemetry/__init__.py,,MOD-INF-015,D-OBS,D-OBS-TELEMETRY,depgraph_blueprint,high
src/zephyr/infrastructure/runtime_integration/system_telemetry/_budget_telemetry_bridge.py,,MOD-INF-015,D-OBS,D-OBS-TELEMETRY,depgraph_blueprint,high
src/zephyr/infrastructure/runtime_integration/system_telemetry/_trace_bridge.py,,MOD-INF-015,D-OBS,D-OBS-TELEMETRY,depgraph_blueprint,high
src/zephyr/infrastructure/runtime_integration/system_telemetry/ai_behavior/__init__.py,,MOD-INF-015,D-OBS,D-OBS-TELEMETRY,depgraph_blueprint,high
src/zephyr/infrastructure/runtime_integration/system_telemetry/ai_behavior/event_sink.py,,MOD-INF-015,D-OBS,D-OBS-TELEMETRY,depgraph_blueprint,high
src/zephyr/infrastructure/runtime_integration/system_telemetry/alerts/__init__.py,,MOD-INF-015,D-OBS,D-OBS-TELEMETRY,depgraph_blueprint,high
src/zephyr/infrastructure/runtime_integration/system_telemetry/archive/__init__.py,,MOD-INF-015,D-OBS,D-OBS-TELEMETRY,depgraph_blueprint,high
src/zephyr/infrastructure/runtime_integration/system_telemetry/archive/cold_stub.py,,MOD-INF-015,D-OBS,D-OBS-TELEMETRY,depgraph_blueprint,high
src/zephyr/infrastructure/runtime_integration/system_telemetry/auto_bootstrap.py,,MOD-INF-015,D-OBS,D-OBS-TELEMETRY,depgraph_blueprint,high
src/zephyr/infrastructure/runtime_integration/system_telemetry/contract_metrics.py,,MOD-INF-015,D-OBS,D-OBS-TELEMETRY,depgraph_blueprint,high
src/zephyr/infrastructure/runtime_integration/system_telemetry/facade.py,,MOD-INF-015,D-OBS,D-OBS-TELEMETRY,depgraph_blueprint,high
src/zephyr/infrastructure/runtime_integration/system_telemetry/health/__init__.py,,MOD-INF-015,D-OBS,D-OBS-TELEMETRY,depgraph_blueprint,high
src/zephyr/infrastructure/runtime_integration/system_telemetry/health_aggregator.py,,MOD-INF-015,D-OBS,D-OBS-TELEMETRY,depgraph_blueprint,high
src/zephyr/infrastructure/runtime_integration/system_telemetry/health_probes.py,,MOD-INF-015,D-OBS,D-OBS-TELEMETRY,depgraph_blueprint,high
src/zephyr/infrastructure/runtime_integration/system_telemetry/logs/__init__.py,,MOD-INF-015,D-OBS,D-OBS-TELEMETRY,depgraph_blueprint,high
src/zephyr/infrastructure/runtime_integration/system_telemetry/logs/structured_sink.py,,MOD-INF-015,D-OBS,D-OBS-TELEMETRY,depgraph_blueprint,high
src/zephyr/infrastructure/runtime_integration/system_telemetry/metrics/__init__.py,,MOD-INF-015,D-OBS,D-OBS-TELEMETRY,depgraph_blueprint,high
src/zephyr/infrastructure/runtime_integration/system_telemetry/metrics/blueprint_metrics.py,,MOD-INF-015,D-OBS,D-OBS-TELEMETRY,depgraph_blueprint,high
src/zephyr/infrastructure/runtime_integration/system_telemetry/metrics_bridge.py,,MOD-MASTER-001,D-INFRA,D-INFRA-SHARED_SERVICES,depgraph_blueprint,high
src/zephyr/infrastructure/runtime_integration/system_telemetry/profiles/__init__.py,,MOD-INF-015,D-OBS,D-OBS-TELEMETRY,depgraph_blueprint,high
src/zephyr/infrastructure/runtime_integration/system_telemetry/schema/__init__.py,,MOD-INF-015,D-OBS,D-OBS-TELEMETRY,depgraph_blueprint,high
src/zephyr/infrastructure/runtime_integration/system_telemetry/traces/__init__.py,,MOD-INF-015,D-OBS,D-OBS-TELEMETRY,depgraph_blueprint,high
src/zephyr/infrastructure/runtime_integration/system_telemetry/traces/span_stub.py,,MOD-INF-015,D-OBS,D-OBS-TELEMETRY,depgraph_blueprint,high
src/zephyr/infrastructure/runtime_integration/system_telemetry/watchdog.py,,MOD-INF-015,D-OBS,D-OBS-TELEMETRY,depgraph_blueprint,high
src/zephyr/infrastructure/runtime_integration/warm_hot_gate.py,,MOD-INF-002,D-INFRA,D-INFRA-RUNTIME_INTEGRATION,depgraph_blueprint,high
src/zephyr/infrastructure/shared_services/__init__.py,,MOD-INF-016-CORE,D-INFRA,D-INFRA-SHARED_SERVICES,depgraph_domain,high
src/zephyr/infrastructure/shared_services/adaptation/__init__.py,,MOD-INF-016-CORE,D-INFRA,D-INFRA-SHARED_SERVICES,depgraph_domain,high
src/zephyr/infrastructure/shared_services/adaptation/execution_tuner.py,,MOD-INF-016-CORE,D-INFRA,D-INFRA-SHARED_SERVICES,depgraph_domain,high
src/zephyr/infrastructure/shared_services/adaptation/prompt_version_manager.py,,MOD-INF-016-CORE,D-INFRA,D-INFRA-SHARED_SERVICES,depgraph_domain,high
src/zephyr/infrastructure/shared_services/blueprint_code_sync.py,,MOD-INF-016-CORE,D-INFRA,D-INFRA-SHARED_SERVICES,depgraph_domain,high
src/zephyr/infrastructure/shared_services/blueprint_decomposer.py,,MOD-INF-016-CORE,D-INFRA,D-INFRA-SHARED_SERVICES,depgraph_domain,high
src/zephyr/infrastructure/shared_services/compensation/__init__.py,,MOD-INF-016-CORE,D-INFRA,D-INFRA-SHARED_SERVICES,depgraph_domain,high
src/zephyr/infrastructure/shared_services/compensation/saga_compensator.py,,MOD-INF-016-CORE,D-INFRA,D-INFRA-SHARED_SERVICES,depgraph_domain,high
src/zephyr/infrastructure/shared_services/context_engine.py,,MOD-INF-016-CORE,D-INFRA,D-INFRA-SHARED_SERVICES,depgraph_domain,high
src/zephyr/infrastructure/shared_services/dependency/__init__.py,,MOD-INF-016-CORE,D-INFRA,D-INFRA-SHARED_SERVICES,depgraph_domain,high
src/zephyr/infrastructure/shared_services/dependency/dependency_graph.py,,MOD-INF-016-CORE,D-INFRA,D-INFRA-SHARED_SERVICES,depgraph_domain,high
src/zephyr/infrastructure/shared_services/draft/__init__.py,,MOD-INF-016-CORE,D-INFRA,D-INFRA-SHARED_SERVICES,depgraph_domain,high
src/zephyr/infrastructure/shared_services/draft/draft_assistant.py,,MOD-INF-016-CORE,D-INFRA,D-INFRA-SHARED_SERVICES,depgraph_domain,high
src/zephyr/infrastructure/shared_services/events/__init__.py,,MOD-INF-016-CORE,D-INFRA,D-INFRA-SHARED_SERVICES,depgraph_domain,high
src/zephyr/infrastructure/shared_services/events/event_bus.py,,MOD-INF-016-CORE,D-INFRA,D-INFRA-SHARED_SERVICES,depgraph_domain,high
src/zephyr/infrastructure/shared_services/events/event_reactor.py,,MOD-INF-016-CORE,D-INFRA,D-INFRA-SHARED_SERVICES,depgraph_domain,high
src/zephyr/infrastructure/shared_services/events/event_store.py,,MOD-INF-016-CORE,D-INFRA,D-INFRA-SHARED_SERVICES,depgraph_domain,high
src/zephyr/infrastructure/shared_services/events/hook_dispatcher.py,,MOD-INF-016-CORE,D-INFRA,D-INFRA-SHARED_SERVICES,depgraph_domain,high
src/zephyr/infrastructure/shared_services/healthcheck_service.py,,MOD-INF-016-CORE,D-INFRA,D-INFRA-SHARED_SERVICES,depgraph_domain,high
src/zephyr/infrastructure/shared_services/impact/__init__.py,,MOD-INF-016-CORE,D-INFRA,D-INFRA-SHARED_SERVICES,depgraph_domain,high
src/zephyr/infrastructure/shared_services/impact/impact_propagator.py,,MOD-INF-016-CORE,D-INFRA,D-INFRA-SHARED_SERVICES,depgraph_domain,high
src/zephyr/infrastructure/shared_services/impact/llm_impact_analyzer.py,,MOD-INF-016-CORE,D-INFRA,D-INFRA-SHARED_SERVICES,depgraph_domain,high
src/zephyr/infrastructure/shared_services/infra_06/__init__.py,,MOD-INF-016,D-INFRA,D-INFRA-LIFECYCLE_MANAGEMENT,depgraph_blueprint,high
src/zephyr/infrastructure/shared_services/infra_06/cache.py,,MOD-INF-016,D-INFRA,D-INFRA-LIFECYCLE_MANAGEMENT,depgraph_blueprint,high
src/zephyr/infrastructure/shared_services/infra_06/idempotency.py,,MOD-INF-016,D-INFRA,D-INFRA-LIFECYCLE_MANAGEMENT,depgraph_blueprint,high
src/zephyr/infrastructure/shared_services/infra_06/limiter.py,,MOD-INF-016,D-INFRA,D-INFRA-LIFECYCLE_MANAGEMENT,depgraph_blueprint,high
src/zephyr/infrastructure/shared_services/infra_06/lock.py,,MOD-INF-016,D-INFRA,D-INFRA-LIFECYCLE_MANAGEMENT,depgraph_blueprint,high
src/zephyr/infrastructure/shared_services/infra_06/observer.py,,MOD-INF-016,D-INFRA,D-INFRA-LIFECYCLE_MANAGEMENT,depgraph_blueprint,high
src/zephyr/infrastructure/shared_services/infra_06/outbox.py,,MOD-INF-016,D-INFRA,D-INFRA-LIFECYCLE_MANAGEMENT,depgraph_blueprint,high
src/zephyr/infrastructure/shared_services/infra_06/process_lifecycle_gateway.py,,MOD-INF-016,D-INFRA,D-INFRA-LIFECYCLE_MANAGEMENT,depgraph_blueprint,high
src/zephyr/infrastructure/shared_services/infra_06/process_pool.py,,MOD-INF-016,D-INFRA,D-INFRA-LIFECYCLE_MANAGEMENT,depgraph_blueprint,high
src/zephyr/infrastructure/shared_services/knowledge/__init__.py,,MOD-INF-016-CORE,D-INFRA,D-INFRA-SHARED_SERVICES,depgraph_domain,high
src/zephyr/infrastructure/shared_services/knowledge/ke_linker.py,,MOD-INF-016-CORE,D-INFRA,D-INFRA-SHARED_SERVICES,depgraph_domain,high
src/zephyr/infrastructure/shared_services/knowledge/ke_structurer.py,,MOD-INF-016-CORE,D-INFRA,D-INFRA-SHARED_SERVICES,depgraph_domain,high
src/zephyr/infrastructure/shared_services/knowledge/kms_interface.py,,MOD-INF-016-CORE,D-INFRA,D-INFRA-SHARED_SERVICES,depgraph_domain,high
src/zephyr/infrastructure/shared_services/lifecycle/__init__.py,,MOD-INF-035,D-INFRA,D-INFRA-SHARED_SERVICES,depgraph_domain,high
src/zephyr/infrastructure/shared_services/lifecycle/daemon_registry.py,,MOD-INF-016-CORE,D-INFRA,D-INFRA-SHARED_SERVICES,depgraph_domain,high
src/zephyr/infrastructure/shared_services/lifecycle/hooks.py,,MOD-INF-016-CORE,D-INFRA,D-INFRA-SHARED_SERVICES,depgraph_domain,high
src/zephyr/infrastructure/shared_services/lifecycle/lazy_loader.py,,MOD-INF-016-CORE,D-INFRA,D-INFRA-SHARED_SERVICES,depgraph_domain,high
src/zephyr/infrastructure/shared_services/lifecycle/resource_optimization_engine.py,,MOD-INF-016-CORE,D-INFRA,D-INFRA-SHARED_SERVICES,depgraph_domain,high
src/zephyr/infrastructure/shared_services/lifecycle/resource_optimization_models.py,,MOD-INF-016-CORE,D-INFRA,D-INFRA-SHARED_SERVICES,depgraph_domain,high
src/zephyr/infrastructure/shared_services/lifecycle/scope_guard.py,,MOD-INF-016-CORE,D-INFRA,D-INFRA-SHARED_SERVICES,depgraph_domain,high
src/zephyr/infrastructure/shared_services/lifecycle/task_lifecycle_manager.py,,MOD-INF-016-CORE,D-INFRA,D-INFRA-SHARED_SERVICES,depgraph_domain,high
src/zephyr/infrastructure/shared_services/maintenance/__init__.py,,MOD-INF-016-CORE,D-INFRA,D-INFRA-SHARED_SERVICES,depgraph_domain,high
src/zephyr/infrastructure/shared_services/maintenance/autonomy_monitor.py,,MOD-INF-016-CORE,D-INFRA,D-INFRA-SHARED_SERVICES,depgraph_domain,high
src/zephyr/infrastructure/shared_services/maintenance/dogfooding.py,,MOD-INF-016-CORE,D-INFRA,D-INFRA-SHARED_SERVICES,depgraph_domain,high
src/zephyr/infrastructure/shared_services/maintenance/handbook.py,,MOD-INF-016-CORE,D-INFRA,D-INFRA-SHARED_SERVICES,depgraph_domain,high
src/zephyr/infrastructure/shared_services/maintenance/zero_config.py,,MOD-INF-016-CORE,D-INFRA,D-INFRA-SHARED_SERVICES,depgraph_domain,high
src/zephyr/infrastructure/shared_services/models.py,,MOD-INF-016-CORE,D-INFRA,D-INFRA-SHARED_SERVICES,depgraph_domain,high
src/zephyr/infrastructure/shared_services/observability/__init__.py,,MOD-INF-016-CORE,D-INFRA,D-INFRA-SHARED_SERVICES,depgraph_domain,high
src/zephyr/infrastructure/shared_services/observability/cli_summary.py,,MOD-INF-016-CORE,D-INFRA,D-INFRA-SHARED_SERVICES,depgraph_domain,high
src/zephyr/infrastructure/shared_services/observability/cost_tracker.py,,MOD-INF-016-CORE,D-INFRA,D-INFRA-SHARED_SERVICES,depgraph_domain,high
src/zephyr/infrastructure/shared_services/observability/failure_matcher.py,,MOD-INF-016-CORE,D-INFRA,D-INFRA-SHARED_SERVICES,depgraph_domain,high
src/zephyr/infrastructure/shared_services/observability/notifier.py,,MOD-INF-016-CORE,D-INFRA,D-INFRA-SHARED_SERVICES,depgraph_domain,high
src/zephyr/infrastructure/shared_services/observability/trace_decorator.py,,MOD-INF-016-CORE,D-INFRA,D-INFRA-SHARED_SERVICES,depgraph_domain,high
src/zephyr/infrastructure/shared_services/observability_02/__init__.py,,MOD-INF-016,D-INFRA,D-INFRA-LIFECYCLE_MANAGEMENT,depgraph_blueprint,high
src/zephyr/infrastructure/shared_services/observability_02/health.py,,MOD-INF-016,D-INFRA,D-INFRA-LIFECYCLE_MANAGEMENT,depgraph_blueprint,high
src/zephyr/infrastructure/shared_services/observability_02/health_discovery.py,,MOD-INF-016,D-INFRA,D-INFRA-LIFECYCLE_MANAGEMENT,depgraph_blueprint,high
src/zephyr/infrastructure/shared_services/observability_02/logging.py,,MOD-INF-016,D-INFRA,D-INFRA-LIFECYCLE_MANAGEMENT,depgraph_blueprint,high
src/zephyr/infrastructure/shared_services/observability_02/metrics.py,,MOD-INF-016,D-INFRA,D-INFRA-LIFECYCLE_MANAGEMENT,depgraph_blueprint,high
src/zephyr/infrastructure/shared_services/observability_02/session_audit.py,,MOD-INF-016,D-INFRA,D-INFRA-LIFECYCLE_MANAGEMENT,depgraph_blueprint,high
src/zephyr/infrastructure/shared_services/observability_02/token_utils.py,,MOD-INF-016,D-INFRA,D-INFRA-LIFECYCLE_MANAGEMENT,depgraph_blueprint,high
src/zephyr/infrastructure/shared_services/observability_02/tracing.py,,MOD-INF-016,D-INFRA,D-INFRA-LIFECYCLE_MANAGEMENT,depgraph_blueprint,high
src/zephyr/infrastructure/shared_services/quality/__init__.py,,MOD-INF-016-CORE,D-INFRA,D-INFRA-SHARED_SERVICES,depgraph_domain,high
src/zephyr/infrastructure/shared_services/quality/quality_monitor.py,,MOD-INF-016-CORE,D-INFRA,D-INFRA-SHARED_SERVICES,depgraph_domain,high
src/zephyr/infrastructure/shared_services/queue/__init__.py,,MOD-INF-016-CORE,D-INFRA,D-INFRA-SHARED_SERVICES,depgraph_domain,high
src/zephyr/infrastructure/shared_services/queue/task_queue.py,,MOD-INF-016-CORE,D-INFRA,D-INFRA-SHARED_SERVICES,depgraph_domain,high
src/zephyr/infrastructure/shared_services/queue/task_scheduler.py,,MOD-INF-016-CORE,D-INFRA,D-INFRA-SHARED_SERVICES,depgraph_domain,high
src/zephyr/infrastructure/shared_services/reliability/__init__.py,,MOD-INF-016-CORE,D-INFRA,D-INFRA-SHARED_SERVICES,depgraph_domain,high
src/zephyr/infrastructure/shared_services/reliability/circuit_breaker.py,,MOD-INF-016-CORE,D-INFRA,D-INFRA-SHARED_SERVICES,depgraph_domain,high
src/zephyr/infrastructure/shared_services/reliability/context_guard.py,,MOD-INF-016-CORE,D-INFRA,D-INFRA-SHARED_SERVICES,depgraph_domain,high
src/zephyr/infrastructure/shared_services/reliability/diff_planner.py,,MOD-INF-016-CORE,D-INFRA,D-INFRA-SHARED_SERVICES,depgraph_domain,high
src/zephyr/infrastructure/shared_services/reliability/retry_handler.py,,MOD-INF-016-CORE,D-INFRA,D-INFRA-SHARED_SERVICES,depgraph_domain,high
src/zephyr/infrastructure/shared_services/session/__init__.py,,MOD-INF-016-CORE,D-INFRA,D-INFRA-SHARED_SERVICES,depgraph_domain,high
src/zephyr/infrastructure/shared_services/session/session_boundary.py,,MOD-INF-016-CORE,D-INFRA,D-INFRA-SHARED_SERVICES,depgraph_domain,high
src/zephyr/infrastructure/shared_services/session/session_continuity.py,,MOD-INF-016-CORE,D-INFRA,D-INFRA-SHARED_SERVICES,depgraph_domain,high
src/zephyr/infrastructure/shared_services/session_continuity.py,,MOD-INF-016-CORE,D-INFRA,D-INFRA-SHARED_SERVICES,depgraph_domain,high
src/zephyr/infrastructure/shared_services/sla/__init__.py,,MOD-INF-016-CORE,D-INFRA,D-INFRA-SHARED_SERVICES,depgraph_domain,high
src/zephyr/infrastructure/shared_services/sla/sla_monitor.py,,MOD-INF-016-CORE,D-INFRA,D-INFRA-SHARED_SERVICES,depgraph_domain,high
src/zephyr/infrastructure/shared_services/sync/__init__.py,,MOD-INF-016-CORE,D-INFRA,D-INFRA-SHARED_SERVICES,depgraph_domain,high
src/zephyr/infrastructure/shared_services/sync/blueprint_code_sync.py,,MOD-INF-016-CORE,D-INFRA,D-INFRA-SHARED_SERVICES,depgraph_domain,high
src/zephyr/integration/__init__.py,,MOD-INF-038,D-INFRA,D-INFRA-INTEGRATION_LAYER,ssot_path_prefix,high
src/zephyr/integration/behavioral_admission/admission_response.py,,DOM-GOV-001,D-GOV,D-GOV-SCRIPT_GOVERNANCE,depgraph_blueprint,high
src/zephyr/integration/budget_enforcer/degradation_spiral_detector.py,,MOD-INF-001,D-DATA,D-DATA-KNOWLEDGE_MANAGEMENT,depgraph_domain,high
src/zephyr/integration/contracts/__init__.py,,MOD-INF-038,D-INFRA,D-INFRA-INTEGRATION_LAYER,ssot_path_prefix,high
src/zephyr/integration/contracts/experiment_result.py,,MOD-INF-038,D-INFRA,D-INFRA-INTEGRATION_LAYER,ssot_path_prefix,high
src/zephyr/integration/contracts/model_serving_response.py,,MOD-INF-038,D-INFRA,D-INFRA-INTEGRATION_LAYER,ssot_path_prefix,high
src/zephyr/integration/governance/data_source_reliability.py,,DOM-GOV-001,D-GOV,D-GOV-SCRIPT_GOVERNANCE,depgraph_blueprint,high
src/zephyr/integration/governance/data_source_router/embedding_router.py,,MOD-INF-042,D-INFRA,D-INFRA-SHARED_SERVICES,depgraph_blueprint,high
src/zephyr/integration/governance/embedding_router.py,,MOD-INF-042,D-INFRA,D-INFRA-SHARED_SERVICES,depgraph_blueprint,high
src/zephyr/integration/local_model/__init__.py,,MOD-INF-014,D-SEC,D-SEC-LLM_DEFENSE,depgraph_blueprint,high
src/zephyr/integration/local_model/cache_layer.py,,MOD-INF-042,D-INFRA,D-INFRA-SHARED_SERVICES,depgraph_blueprint,high
src/zephyr/integration/local_model/embedding_router.py,,MOD-INF-042,D-INFRA,D-INFRA-SHARED_SERVICES,depgraph_blueprint,high
src/zephyr/integration/local_model/local_model_scheduler.py,,MOD-INF-042,D-INFRA,D-INFRA-SHARED_SERVICES,depgraph_blueprint,high
src/zephyr/integration/local_model/ollama_chat.py,,MOD-INF-042,D-INFRA,D-INFRA-SHARED_SERVICES,depgraph_blueprint,high
src/zephyr/integration/local_model/ollama_embedding.py,,MOD-INF-042,D-INFRA,D-INFRA-SHARED_SERVICES,depgraph_blueprint,high
src/zephyr/integration/mcp/__init__.py,,MOD-INF-013,D-DATA,D-DATA-KNOWLEDGE_MANAGEMENT,depgraph_domain,high
src/zephyr/integration/mcp/_base_server.py,,MOD-INF-013,D-DATA,D-DATA-KNOWLEDGE_MANAGEMENT,depgraph_domain,high
src/zephyr/integration/mcp/audit_logger.py,,MOD-INF-013,D-DATA,D-DATA-KNOWLEDGE_MANAGEMENT,depgraph_domain,high
src/zephyr/integration/mcp/blueprint_search_server.py,,MOD-INF-013,D-DATA,D-DATA-KNOWLEDGE_MANAGEMENT,depgraph_domain,high
src/zephyr/integration/mcp/doc_guard_server.py,,MOD-INF-013,D-DATA,D-DATA-KNOWLEDGE_MANAGEMENT,depgraph_domain,high
src/zephyr/integration/mcp/error_codes.py,,MOD-INF-013,D-DATA,D-DATA-KNOWLEDGE_MANAGEMENT,depgraph_domain,high
src/zephyr/integration/mcp/gate_engine_server.py,,MOD-INF-013,D-DATA,D-DATA-KNOWLEDGE_MANAGEMENT,depgraph_domain,high
src/zephyr/integration/mcp/gateway_server.py,,MOD-INF-013,D-DATA,D-DATA-KNOWLEDGE_MANAGEMENT,depgraph_domain,high
src/zephyr/integration/mcp/governance_server.py,,MOD-INF-038,D-INFRA,D-INFRA-INTEGRATION_LAYER,ssot_path_prefix,high
src/zephyr/integration/mcp/handoff_auto_loader.py,,MOD-INF-013,D-DATA,D-DATA-KNOWLEDGE_MANAGEMENT,depgraph_domain,high
src/zephyr/integration/mcp/knowledge_base_server.py,,MOD-INF-013,D-DATA,D-DATA-KNOWLEDGE_MANAGEMENT,depgraph_domain,high
src/zephyr/integration/mcp/prompt_provider.py,,MOD-INF-013,D-DATA,D-DATA-KNOWLEDGE_MANAGEMENT,depgraph_domain,high
src/zephyr/integration/mcp/rate_limiter.py,,MOD-INF-013,D-DATA,D-DATA-KNOWLEDGE_MANAGEMENT,depgraph_domain,high
src/zephyr/integration/mcp/resource_provider.py,,MOD-INF-013,D-DATA,D-DATA-KNOWLEDGE_MANAGEMENT,depgraph_domain,high
src/zephyr/integration/mcp/sandbox_server.py,,MOD-INF-013,D-DATA,D-DATA-KNOWLEDGE_MANAGEMENT,depgraph_domain,high
src/zephyr/integration/mcp/sentinel_server.py,,MOD-INF-013,D-DATA,D-DATA-KNOWLEDGE_MANAGEMENT,depgraph_domain,high
src/zephyr/integration/mcp/task_manager_server.py,,MOD-INF-013,D-DATA,D-DATA-KNOWLEDGE_MANAGEMENT,depgraph_domain,high
src/zephyr/integration/mcp/telemetry_server.py,,MOD-INF-013,D-DATA,D-DATA-KNOWLEDGE_MANAGEMENT,depgraph_domain,high
src/zephyr/integration/mcp/vector_memory_server.py,,MOD-INF-013,D-DATA,D-DATA-KNOWLEDGE_MANAGEMENT,depgraph_domain,high
src/zephyr/integration/shared/api_03/__init__.py,,MOD-INF-016,D-INFRA,D-INFRA-LIFECYCLE_MANAGEMENT,depgraph_blueprint,high
src/zephyr/integration/shared/api_03/api_client.py,,MOD-INF-016,D-INFRA,D-INFRA-LIFECYCLE_MANAGEMENT,depgraph_blueprint,high
src/zephyr/integration/shared/api_03/api_index.py,,MOD-INF-016,D-INFRA,D-INFRA-LIFECYCLE_MANAGEMENT,depgraph_blueprint,high
src/zephyr/integration/shared/api_03/dos_launcher.py,,MOD-INF-016,D-INFRA,D-INFRA-LIFECYCLE_MANAGEMENT,depgraph_blueprint,high
src/zephyr/integration/shared/contracts/errors/__init__.py,,MOD-INF-038,D-INFRA,D-INFRA-INTEGRATION_LAYER,ssot_path_prefix,high
src/zephyr/integration/shared/contracts/errors/contract_violation_error.py,,MOD-INF-016-CONTRACTS,D-DATA,D-DATA-KNOWLEDGE_MANAGEMENT,depgraph_domain,high
src/zephyr/integration/shared/contracts/errors/data_quality_error.py,,MOD-INF-016-CONTRACTS,D-DATA,D-DATA-KNOWLEDGE_MANAGEMENT,depgraph_domain,high
src/zephyr/integration/shared/contracts/errors/execution_rejection_error.py,,MOD-INF-038,D-INFRA,D-INFRA-INTEGRATION_LAYER,ssot_path_prefix,high
src/zephyr/integration/shared/contracts/errors/factor_computation_error.py,,MOD-INF-016-CONTRACTS,D-DATA,D-DATA-KNOWLEDGE_MANAGEMENT,depgraph_domain,high
src/zephyr/integration/shared/contracts/errors/risk_limit_violation_error.py,,MOD-INF-038,D-INFRA,D-INFRA-INTEGRATION_LAYER,ssot_path_prefix,high
src/zephyr/integration/shared/contracts/errors/signal_degradation_warning.py,,MOD-INF-038,D-INFRA,D-INFRA-INTEGRATION_LAYER,ssot_path_prefix,high
src/zephyr/integration/shared/events/__init__.py,,MOD-INF-016,D-INFRA,D-INFRA-LIFECYCLE_MANAGEMENT,depgraph_blueprint,high
src/zephyr/integration/shared/events/dlq.py,,MOD-INF-016,D-INFRA,D-INFRA-LIFECYCLE_MANAGEMENT,depgraph_blueprint,high
src/zephyr/integration/shared/events/dlq_bridge.py,,MOD-INF-016,D-INFRA,D-INFRA-LIFECYCLE_MANAGEMENT,depgraph_blueprint,high
src/zephyr/integration/shared/events/event_bus_upgrade.py,,MOD-INF-016,D-INFRA,D-INFRA-LIFECYCLE_MANAGEMENT,depgraph_blueprint,high
src/zephyr/integration/shared/events/event_schemas.py,,MOD-INF-016,D-INFRA,D-INFRA-LIFECYCLE_MANAGEMENT,depgraph_blueprint,high
src/zephyr/integration/shared/events/upgrade_strategy.py,,MOD-INF-016,D-INFRA,D-INFRA-LIFECYCLE_MANAGEMENT,depgraph_blueprint,high
src/zephyr/integration/shared/schema/__init__.py,,MOD-INF-016,D-INFRA,D-INFRA-LIFECYCLE_MANAGEMENT,depgraph_blueprint,high
src/zephyr/integration/shared/schema/base_config.py,,MOD-INF-016,D-INFRA,D-INFRA-LIFECYCLE_MANAGEMENT,depgraph_blueprint,high
src/zephyr/integration/shared/schema/execution_model.py,,MOD-INF-016,D-INFRA,D-INFRA-LIFECYCLE_MANAGEMENT,depgraph_blueprint,high
src/zephyr/integration/shared/schema/schema_registry.py,,MOD-INF-016,D-INFRA,D-INFRA-LIFECYCLE_MANAGEMENT,depgraph_blueprint,high
src/zephyr/integration/shared/schema/schemas.py,,MOD-INF-016,D-INFRA,D-INFRA-LIFECYCLE_MANAGEMENT,depgraph_blueprint,high
src/zephyr/integration/shared/schema/severity_types.py,,MOD-INF-016,D-INFRA,D-INFRA-LIFECYCLE_MANAGEMENT,depgraph_blueprint,high
src/zephyr/integration/shared_08/__init__.py,,MOD-INF-016,D-INFRA,D-INFRA-LIFECYCLE_MANAGEMENT,depgraph_blueprint,high
src/zephyr/integration/shared_08/__version__.py,,MOD-INF-016,D-INFRA,D-INFRA-LIFECYCLE_MANAGEMENT,depgraph_blueprint,high
src/zephyr/integration/shared_08/_contracts.py,,MOD-INF-016,D-INFRA,D-INFRA-LIFECYCLE_MANAGEMENT,depgraph_blueprint,high
src/zephyr/integration/shared_08/_infrastructure.py,,MOD-INF-016,D-INFRA,D-INFRA-LIFECYCLE_MANAGEMENT,depgraph_blueprint,high
src/zephyr/integration/shared_08/_observability.py,,MOD-INF-016,D-INFRA,D-INFRA-LIFECYCLE_MANAGEMENT,depgraph_blueprint,high
src/zephyr/integration/shared_08/_patterns.py,,MOD-INF-016,D-INFRA,D-INFRA-LIFECYCLE_MANAGEMENT,depgraph_blueprint,high
src/zephyr/integration/shared_08/_version_and_types.py,,MOD-INF-016,D-INFRA,D-INFRA-LIFECYCLE_MANAGEMENT,depgraph_blueprint,high
src/zephyr/integration/shared_08/agent_identity_impl.py,,MOD-INF-016-CONTRACTS,D-DATA,D-DATA-KNOWLEDGE_MANAGEMENT,depgraph_domain,high
src/zephyr/integration/shared_08/api_client.py,,MOD-INF-016,D-INFRA,D-INFRA-LIFECYCLE_MANAGEMENT,depgraph_blueprint,high
src/zephyr/integration/shared_08/api_index.py,,MOD-INF-016,D-INFRA,D-INFRA-LIFECYCLE_MANAGEMENT,depgraph_blueprint,high
src/zephyr/integration/shared_08/blueprint_scorer.py,,MOD-INF-016,D-INFRA,D-INFRA-LIFECYCLE_MANAGEMENT,depgraph_blueprint,high
src/zephyr/integration/shared_08/cache.py,,MOD-INF-016,D-INFRA,D-INFRA-LIFECYCLE_MANAGEMENT,depgraph_blueprint,high
src/zephyr/integration/shared_08/capability.py,,MOD-INF-016,D-INFRA,D-INFRA-LIFECYCLE_MANAGEMENT,depgraph_blueprint,high
src/zephyr/integration/shared_08/constants.py,,MOD-INF-016,D-INFRA,D-INFRA-LIFECYCLE_MANAGEMENT,depgraph_blueprint,high
src/zephyr/integration/shared_08/content_fingerprint.py,,MOD-INF-016,D-INFRA,D-INFRA-LIFECYCLE_MANAGEMENT,depgraph_blueprint,high
src/zephyr/integration/shared_08/context.py,,MOD-INF-016,D-INFRA,D-INFRA-LIFECYCLE_MANAGEMENT,depgraph_blueprint,high
src/zephyr/integration/shared_08/contract_bus.py,,MOD-INF-016,D-INFRA,D-INFRA-LIFECYCLE_MANAGEMENT,depgraph_blueprint,high
src/zephyr/integration/shared_08/contract_enforcer.py,,MOD-INF-016-CONTRACTS,D-DATA,D-DATA-KNOWLEDGE_MANAGEMENT,depgraph_domain,high
src/zephyr/integration/shared_08/contract_tester.py,,MOD-INF-016,D-INFRA,D-INFRA-LIFECYCLE_MANAGEMENT,depgraph_blueprint,high
src/zephyr/integration/shared_08/contract_versions.py,,MOD-INF-016-CONTRACTS,D-DATA,D-DATA-KNOWLEDGE_MANAGEMENT,depgraph_domain,high
src/zephyr/integration/shared_08/contracts/__init__.py,,MOD-INF-016-CONTRACTS,D-DATA,D-DATA-KNOWLEDGE_MANAGEMENT,depgraph_domain,high
src/zephyr/integration/shared_08/contracts/approval_types.py,,MOD-INF-016-CONTRACTS,D-DATA,D-DATA-KNOWLEDGE_MANAGEMENT,depgraph_domain,high
src/zephyr/integration/shared_08/contracts/backpressure/__init__.py,,MOD-INF-038,D-INFRA,D-INFRA-INTEGRATION_LAYER,ssot_path_prefix,high
src/zephyr/integration/shared_08/contracts/backpressure/pause.py,,MOD-INF-016-CONTRACTS,D-DATA,D-DATA-KNOWLEDGE_MANAGEMENT,depgraph_domain,high
src/zephyr/integration/shared_08/contracts/backpressure/resume.py,,MOD-INF-016-CONTRACTS,D-DATA,D-DATA-KNOWLEDGE_MANAGEMENT,depgraph_domain,high
src/zephyr/integration/shared_08/contracts/backpressure/throttle.py,,MOD-INF-016-CONTRACTS,D-DATA,D-DATA-KNOWLEDGE_MANAGEMENT,depgraph_domain,high
src/zephyr/integration/shared_08/contracts/capital_allocation_result.py,,MOD-INF-038,D-INFRA,D-INFRA-INTEGRATION_LAYER,ssot_path_prefix,high
src/zephyr/integration/shared_08/contracts/compliance_rule.py,,MOD-INF-038,D-INFRA,D-INFRA-INTEGRATION_LAYER,ssot_path_prefix,high
src/zephyr/integration/shared_08/contracts/core/__init__.py,,MOD-INF-016-CONTRACTS,D-DATA,D-DATA-KNOWLEDGE_MANAGEMENT,depgraph_domain,high
src/zephyr/integration/shared_08/contracts/core/base_event.py,,MOD-INF-016-CONTRACTS,D-DATA,D-DATA-KNOWLEDGE_MANAGEMENT,depgraph_domain,high
src/zephyr/integration/shared_08/contracts/core/enforcer.py,,MOD-INF-016-CONTRACTS,D-DATA,D-DATA-KNOWLEDGE_MANAGEMENT,depgraph_domain,high
src/zephyr/integration/shared_08/contracts/core/gate_types.py,,MOD-INF-016-CONTRACTS,D-DATA,D-DATA-KNOWLEDGE_MANAGEMENT,depgraph_domain,high
src/zephyr/integration/shared_08/contracts/core/registry.py,,MOD-INF-016-CONTRACTS,D-DATA,D-DATA-KNOWLEDGE_MANAGEMENT,depgraph_domain,high
src/zephyr/integration/shared_08/contracts/core/runtime_plane_tag.py,,MOD-INF-016-CONTRACTS,D-DATA,D-DATA-KNOWLEDGE_MANAGEMENT,depgraph_domain,high
src/zephyr/integration/shared_08/contracts/core/system_configuration.py,,MOD-INF-016-CONTRACTS,D-DATA,D-DATA-KNOWLEDGE_MANAGEMENT,depgraph_domain,high
src/zephyr/integration/shared_08/contracts/core/telemetry_emitter.py,,MOD-INF-016-CONTRACTS,D-DATA,D-DATA-KNOWLEDGE_MANAGEMENT,depgraph_domain,high
src/zephyr/integration/shared_08/contracts/core/timestamp.py,,MOD-INF-016-CONTRACTS,D-DATA,D-DATA-KNOWLEDGE_MANAGEMENT,depgraph_domain,high
src/zephyr/integration/shared_08/contracts/core/trace_context.py,,MOD-INF-016-CONTRACTS,D-DATA,D-DATA-KNOWLEDGE_MANAGEMENT,depgraph_domain,high
src/zephyr/integration/shared_08/contracts/escalation/__init__.py,,MOD-INF-016-CONTRACTS,D-DATA,D-DATA-KNOWLEDGE_MANAGEMENT,depgraph_domain,high
src/zephyr/integration/shared_08/contracts/escalation/budget_alert.py,,MOD-INF-016-CONTRACTS,D-DATA,D-DATA-KNOWLEDGE_MANAGEMENT,depgraph_domain,high
src/zephyr/integration/shared_08/contracts/execution_report.py,,MOD-INF-038,D-INFRA,D-INFRA-INTEGRATION_LAYER,ssot_path_prefix,high
src/zephyr/integration/shared_08/contracts/experiment/__init__.py,,MOD-INF-016-CONTRACTS,D-DATA,D-DATA-KNOWLEDGE_MANAGEMENT,depgraph_domain,high
src/zephyr/integration/shared_08/contracts/experiment/experiment_result.py,,MOD-INF-016-CONTRACTS,D-DATA,D-DATA-KNOWLEDGE_MANAGEMENT,depgraph_domain,high
src/zephyr/integration/shared_08/contracts/experiment/model_serving_response.py,,MOD-INF-016-CONTRACTS,D-DATA,D-DATA-KNOWLEDGE_MANAGEMENT,depgraph_domain,high
src/zephyr/integration/shared_08/contracts/experiment_result.py,,MOD-INF-038,D-INFRA,D-INFRA-INTEGRATION_LAYER,ssot_path_prefix,high
src/zephyr/integration/shared_08/contracts/external/__init__.py,,MOD-INF-016-CONTRACTS,D-DATA,D-DATA-KNOWLEDGE_MANAGEMENT,depgraph_domain,high
src/zephyr/integration/shared_08/contracts/external/ext_001.py,,MOD-INF-016-CONTRACTS,D-DATA,D-DATA-KNOWLEDGE_MANAGEMENT,depgraph_domain,high
src/zephyr/integration/shared_08/contracts/external/ext_002.py,,MOD-INF-016-CONTRACTS,D-DATA,D-DATA-KNOWLEDGE_MANAGEMENT,depgraph_domain,high
src/zephyr/integration/shared_08/contracts/external/ext_003.py,,MOD-INF-016-CONTRACTS,D-DATA,D-DATA-KNOWLEDGE_MANAGEMENT,depgraph_domain,high
src/zephyr/integration/shared_08/contracts/external/ext_004.py,,MOD-INF-016-CONTRACTS,D-DATA,D-DATA-KNOWLEDGE_MANAGEMENT,depgraph_domain,high
src/zephyr/integration/shared_08/contracts/factor_monitor_report.py,,MOD-INF-038,D-INFRA,D-INFRA-INTEGRATION_LAYER,ssot_path_prefix,high
src/zephyr/integration/shared_08/contracts/factor_signal.py,,MOD-INF-038,D-INFRA,D-INFRA-INTEGRATION_LAYER,ssot_path_prefix,high
src/zephyr/integration/shared_08/contracts/fill.py,,MOD-INF-038,D-INFRA,D-INFRA-INTEGRATION_LAYER,ssot_path_prefix,high
src/zephyr/integration/shared_08/contracts/gate/__init__.py,,MOD-INF-016-CONTRACTS,D-DATA,D-DATA-KNOWLEDGE_MANAGEMENT,depgraph_domain,high
src/zephyr/integration/shared_08/contracts/gate/gate_result.py,,MOD-INF-016-CONTRACTS,D-DATA,D-DATA-KNOWLEDGE_MANAGEMENT,depgraph_domain,high
src/zephyr/integration/shared_08/contracts/identity/__init__.py,,MOD-INF-016-CONTRACTS,D-DATA,D-DATA-KNOWLEDGE_MANAGEMENT,depgraph_domain,high
src/zephyr/integration/shared_08/contracts/identity/agent_identity.py,,MOD-INF-016-CONTRACTS,D-DATA,D-DATA-KNOWLEDGE_MANAGEMENT,depgraph_domain,high
src/zephyr/integration/shared_08/contracts/identity/permission.py,,MOD-INF-016-CONTRACTS,D-DATA,D-DATA-KNOWLEDGE_MANAGEMENT,depgraph_domain,high
src/zephyr/integration/shared_08/contracts/macro_factor_signal.py,,MOD-INF-038,D-INFRA,D-INFRA-INTEGRATION_LAYER,ssot_path_prefix,high
src/zephyr/integration/shared_08/contracts/market_data.py,,MOD-INF-038,D-INFRA,D-INFRA-INTEGRATION_LAYER,ssot_path_prefix,high
src/zephyr/integration/shared_08/contracts/model_serving_request.py,,MOD-INF-038,D-INFRA,D-INFRA-INTEGRATION_LAYER,ssot_path_prefix,high
src/zephyr/integration/shared_08/contracts/model_serving_response.py,,MOD-INF-038,D-INFRA,D-INFRA-INTEGRATION_LAYER,ssot_path_prefix,high
src/zephyr/integration/shared_08/contracts/order.py,,MOD-INF-038,D-INFRA,D-INFRA-INTEGRATION_LAYER,ssot_path_prefix,high
src/zephyr/integration/shared_08/contracts/performance_attribution_report.py,,MOD-INF-038,D-INFRA,D-INFRA-INTEGRATION_LAYER,ssot_path_prefix,high
src/zephyr/integration/shared_08/contracts/position.py,,MOD-INF-038,D-INFRA,D-INFRA-INTEGRATION_LAYER,ssot_path_prefix,high
src/zephyr/integration/shared_08/contracts/protocols.py,,MOD-INF-016-CONTRACTS,D-DATA,D-DATA-KNOWLEDGE_MANAGEMENT,depgraph_domain,high
src/zephyr/integration/shared_08/contracts/risk_dashboard_snapshot.py,,MOD-INF-038,D-INFRA,D-INFRA-INTEGRATION_LAYER,ssot_path_prefix,high
src/zephyr/integration/shared_08/contracts/risk_limits.py,,MOD-INF-038,D-INFRA,D-INFRA-INTEGRATION_LAYER,ssot_path_prefix,high
src/zephyr/integration/shared_08/contracts/risk_metrics.py,,MOD-INF-038,D-INFRA,D-INFRA-INTEGRATION_LAYER,ssot_path_prefix,high
src/zephyr/integration/shared_08/contracts/rollback_types.py,,MOD-INF-016-CONTRACTS,D-DATA,D-DATA-KNOWLEDGE_MANAGEMENT,depgraph_domain,high
src/zephyr/integration/shared_08/contracts/runtime_types.py,,MOD-INF-035,D-DATA,D-DATA-KNOWLEDGE_MANAGEMENT,depgraph_domain,high
src/zephyr/integration/shared_08/contracts/security/__init__.py,,MOD-INF-016-CONTRACTS,D-DATA,D-DATA-KNOWLEDGE_MANAGEMENT,depgraph_domain,high
src/zephyr/integration/shared_08/contracts/security/security_decision.py,,MOD-INF-016-CONTRACTS,D-DATA,D-DATA-KNOWLEDGE_MANAGEMENT,depgraph_domain,high
src/zephyr/integration/shared_08/contracts/strategy_lifecycle_event.py,,MOD-INF-038,D-INFRA,D-INFRA-INTEGRATION_LAYER,ssot_path_prefix,high
src/zephyr/integration/shared_08/contracts/synthesized_signal.py,,MOD-INF-038,D-INFRA,D-INFRA-INTEGRATION_LAYER,ssot_path_prefix,high
src/zephyr/integration/shared_08/contracts/sys_master_compliance.py,,MOD-INF-007,D-GOV,D_GOV_RULE_ENFORCEMENT,depgraph_blueprint,high
src/zephyr/integration/shared_08/contracts/system_configuration.py,,MOD-INF-038,D-INFRA,D-INFRA-INTEGRATION_LAYER,ssot_path_prefix,high
src/zephyr/integration/shared_08/contracts/telemetry_emitter.py,,MOD-INF-038,D-INFRA,D-INFRA-INTEGRATION_LAYER,ssot_path_prefix,high
src/zephyr/integration/shared_08/contracts/trace_context.py,,MOD-INF-038,D-INFRA,D-INFRA-INTEGRATION_LAYER,ssot_path_prefix,high
src/zephyr/integration/shared_08/deprecation.py,,MOD-INF-016,D-INFRA,D-INFRA-LIFECYCLE_MANAGEMENT,depgraph_blueprint,high
src/zephyr/integration/shared_08/diff_utils.py,,MOD-INF-016,D-INFRA,D-INFRA-LIFECYCLE_MANAGEMENT,depgraph_blueprint,high
src/zephyr/integration/shared_08/durable_execution.py,,DOM-GOV-001,D-GOV,D-GOV-SCRIPT_GOVERNANCE,depgraph_blueprint,high
src/zephyr/integration/shared_08/env.py,,MOD-INF-016,D-INFRA,D-INFRA-LIFECYCLE_MANAGEMENT,depgraph_blueprint,high
src/zephyr/integration/shared_08/errors.py,,MOD-INF-016,D-INFRA,D-INFRA-LIFECYCLE_MANAGEMENT,depgraph_blueprint,high
src/zephyr/integration/shared_08/evals.py,,DOM-GOV-001,D-GOV,D-GOV-SCRIPT_GOVERNANCE,depgraph_blueprint,high
src/zephyr/integration/shared_08/event_bus.py,,MOD-INF-016,D-INFRA,D-INFRA-LIFECYCLE_MANAGEMENT,depgraph_blueprint,high
src/zephyr/integration/shared_08/file_utils.py,,MOD-INF-016,D-INFRA,D-INFRA-LIFECYCLE_MANAGEMENT,depgraph_blueprint,high
src/zephyr/integration/shared_08/flags.py,,MOD-INF-016,D-INFRA,D-INFRA-LIFECYCLE_MANAGEMENT,depgraph_blueprint,high
src/zephyr/integration/shared_08/foundation/__init__.py,,MOD-INF-016,D-INFRA,D-INFRA-LIFECYCLE_MANAGEMENT,depgraph_blueprint,high
src/zephyr/integration/shared_08/foundation/constants.py,,MOD-INF-016,D-INFRA,D-INFRA-LIFECYCLE_MANAGEMENT,depgraph_blueprint,high
src/zephyr/integration/shared_08/foundation/deprecation.py,,MOD-INF-016,D-INFRA,D-INFRA-LIFECYCLE_MANAGEMENT,depgraph_blueprint,high
src/zephyr/integration/shared_08/foundation/env.py,,MOD-INF-016,D-INFRA,D-INFRA-LIFECYCLE_MANAGEMENT,depgraph_blueprint,high
src/zephyr/integration/shared_08/foundation/errors.py,,MOD-INF-016,D-INFRA,D-INFRA-LIFECYCLE_MANAGEMENT,depgraph_blueprint,high
src/zephyr/integration/shared_08/foundation/flags.py,,MOD-INF-016,D-INFRA,D-INFRA-LIFECYCLE_MANAGEMENT,depgraph_blueprint,high
src/zephyr/integration/shared_08/foundation/types.py,,MOD-INF-016,D-INFRA,D-INFRA-LIFECYCLE_MANAGEMENT,depgraph_blueprint,high
src/zephyr/integration/shared_08/frontmatter_utils.py,,MOD-INF-016,D-INFRA,D-INFRA-LIFECYCLE_MANAGEMENT,depgraph_blueprint,high
src/zephyr/integration/shared_08/health.py,,MOD-INF-016,D-INFRA,D-INFRA-LIFECYCLE_MANAGEMENT,depgraph_blueprint,high
src/zephyr/integration/shared_08/idempotency.py,,MOD-INF-016,D-INFRA,D-INFRA-LIFECYCLE_MANAGEMENT,depgraph_blueprint,high
src/zephyr/integration/shared_08/io/__init__.py,,MOD-INF-016,D-INFRA,D-INFRA-LIFECYCLE_MANAGEMENT,depgraph_blueprint,high
src/zephyr/integration/shared_08/io/content_fingerprint.py,,MOD-INF-016,D-INFRA,D-INFRA-LIFECYCLE_MANAGEMENT,depgraph_blueprint,high
src/zephyr/integration/shared_08/io/file_utils.py,,MOD-INF-016,D-INFRA,D-INFRA-LIFECYCLE_MANAGEMENT,depgraph_blueprint,high
src/zephyr/integration/shared_08/io/frontmatter_utils.py,,MOD-INF-016,D-INFRA,D-INFRA-LIFECYCLE_MANAGEMENT,depgraph_blueprint,high
src/zephyr/integration/shared_08/io/io_cache.py,,MOD-INF-016,D-INFRA,D-INFRA-LIFECYCLE_MANAGEMENT,depgraph_blueprint,high
src/zephyr/integration/shared_08/io/paths.py,,MOD-INF-016,D-INFRA,D-INFRA-LIFECYCLE_MANAGEMENT,depgraph_blueprint,high
src/zephyr/integration/shared_08/io/serialization.py,,MOD-INF-016,D-INFRA,D-INFRA-LIFECYCLE_MANAGEMENT,depgraph_blueprint,high
src/zephyr/integration/shared_08/io/streaming_reader.py,,MOD-INF-016,D-INFRA,D-INFRA-LIFECYCLE_MANAGEMENT,depgraph_blueprint,high
src/zephyr/integration/shared_08/kg_interface.py,,DOM-GOV-001,D-GOV,D-GOV-SCRIPT_GOVERNANCE,depgraph_blueprint,high
src/zephyr/integration/shared_08/lifecycle/__init__.py,,MOD-INF-016,D-INFRA,D-INFRA-LIFECYCLE_MANAGEMENT,depgraph_blueprint,high
src/zephyr/integration/shared_08/lifecycle/daemon_registry.py,,MOD-INF-016,D-INFRA,D-INFRA-LIFECYCLE_MANAGEMENT,depgraph_blueprint,high
src/zephyr/integration/shared_08/lifecycle/hooks.py,,MOD-INF-016,D-INFRA,D-INFRA-LIFECYCLE_MANAGEMENT,depgraph_blueprint,high
src/zephyr/integration/shared_08/lifecycle/lazy_loader.py,,MOD-INF-016,D-INFRA,D-INFRA-LIFECYCLE_MANAGEMENT,depgraph_blueprint,high
src/zephyr/integration/shared_08/lifecycle/resource_optimization_engine.py,,MOD-INF-016,D-INFRA,D-INFRA-LIFECYCLE_MANAGEMENT,depgraph_blueprint,high
src/zephyr/integration/shared_08/lifecycle/resource_optimization_models.py,,MOD-INF-016,D-INFRA,D-INFRA-LIFECYCLE_MANAGEMENT,depgraph_blueprint,high
src/zephyr/integration/shared_08/limiter.py,,MOD-INF-016,D-INFRA,D-INFRA-LIFECYCLE_MANAGEMENT,depgraph_blueprint,high
src/zephyr/integration/shared_08/lock.py,,MOD-INF-016,D-INFRA,D-INFRA-LIFECYCLE_MANAGEMENT,depgraph_blueprint,high
src/zephyr/integration/shared_08/logging.py,,MOD-INF-016,D-INFRA,D-INFRA-LIFECYCLE_MANAGEMENT,depgraph_blueprint,high
src/zephyr/integration/shared_08/metrics.py,,MOD-INF-016,D-INFRA,D-INFRA-LIFECYCLE_MANAGEMENT,depgraph_blueprint,high
src/zephyr/integration/shared_08/migration.py,,MOD-INF-016,D-INFRA,D-INFRA-LIFECYCLE_MANAGEMENT,depgraph_blueprint,high
src/zephyr/integration/shared_08/observer.py,,MOD-INF-016,D-INFRA,D-INFRA-LIFECYCLE_MANAGEMENT,depgraph_blueprint,high
src/zephyr/integration/shared_08/outbox.py,,MOD-INF-016,D-INFRA,D-INFRA-LIFECYCLE_MANAGEMENT,depgraph_blueprint,high
src/zephyr/integration/shared_08/pagination.py,,MOD-INF-016,D-INFRA,D-INFRA-LIFECYCLE_MANAGEMENT,depgraph_blueprint,high
src/zephyr/integration/shared_08/paths.py,,MOD-INF-016,D-INFRA,D-INFRA-LIFECYCLE_MANAGEMENT,depgraph_blueprint,high
src/zephyr/integration/shared_08/resilience/__init__.py,,MOD-INF-016,D-INFRA,D-INFRA-LIFECYCLE_MANAGEMENT,depgraph_blueprint,high
src/zephyr/integration/shared_08/resilience/circuit_breaker.py,,MOD-INF-016,D-INFRA,D-INFRA-LIFECYCLE_MANAGEMENT,depgraph_blueprint,high
src/zephyr/integration/shared_08/resilience/fallback.py,,MOD-INF-016,D-INFRA,D-INFRA-LIFECYCLE_MANAGEMENT,depgraph_blueprint,high
src/zephyr/integration/shared_08/resilience/retry.py,,MOD-INF-016,D-INFRA,D-INFRA-LIFECYCLE_MANAGEMENT,depgraph_blueprint,high
src/zephyr/integration/shared_08/schema_registry.py,,MOD-INF-016,D-INFRA,D-INFRA-LIFECYCLE_MANAGEMENT,depgraph_blueprint,high
src/zephyr/integration/shared_08/schemas.py,,MOD-INF-016,D-INFRA,D-INFRA-LIFECYCLE_MANAGEMENT,depgraph_blueprint,high
src/zephyr/integration/shared_08/secrets.py,,MOD-INF-016,D-INFRA,D-INFRA-LIFECYCLE_MANAGEMENT,depgraph_blueprint,high
src/zephyr/integration/shared_08/security/__init__.py,,MOD-INF-016,D-INFRA,D-INFRA-LIFECYCLE_MANAGEMENT,depgraph_blueprint,high
src/zephyr/integration/shared_08/security/capability.py,,MOD-INF-016,D-INFRA,D-INFRA-LIFECYCLE_MANAGEMENT,depgraph_blueprint,high
src/zephyr/integration/shared_08/security/secrets.py,,MOD-INF-016,D-INFRA,D-INFRA-LIFECYCLE_MANAGEMENT,depgraph_blueprint,high
src/zephyr/integration/shared_08/security/ssot_guard.py,,MOD-INF-016,D-INFRA,D-INFRA-LIFECYCLE_MANAGEMENT,depgraph_blueprint,high
src/zephyr/integration/shared_08/serialization.py,,MOD-INF-016,D-INFRA,D-INFRA-LIFECYCLE_MANAGEMENT,depgraph_blueprint,high
src/zephyr/integration/shared_08/session_audit.py,,MOD-INF-016,D-INFRA,D-INFRA-LIFECYCLE_MANAGEMENT,depgraph_blueprint,high
src/zephyr/integration/shared_08/ssot_guard.py,,MOD-INF-016,D-INFRA,D-INFRA-LIFECYCLE_MANAGEMENT,depgraph_blueprint,high
src/zephyr/integration/shared_08/state_machine.py,,MOD-INF-016-SHARED,D-DATA,D-DATA-KNOWLEDGE_MANAGEMENT,depgraph_domain,high
src/zephyr/integration/shared_08/testing.py,,MOD-INF-016,D-INFRA,D-INFRA-LIFECYCLE_MANAGEMENT,depgraph_blueprint,high
src/zephyr/integration/shared_08/time_utils.py,,MOD-INF-016,D-INFRA,D-INFRA-LIFECYCLE_MANAGEMENT,depgraph_blueprint,high
src/zephyr/integration/shared_08/timestamp_utils.py,,MOD-INF-016,D-INFRA,D-INFRA-LIFECYCLE_MANAGEMENT,depgraph_blueprint,high
src/zephyr/integration/shared_08/token_utils.py,,MOD-INF-016,D-INFRA,D-INFRA-LIFECYCLE_MANAGEMENT,depgraph_blueprint,high
src/zephyr/integration/shared_08/tracing.py,,MOD-INF-016,D-INFRA,D-INFRA-LIFECYCLE_MANAGEMENT,depgraph_blueprint,high
src/zephyr/integration/shared_08/types.py,,MOD-INF-016,D-INFRA,D-INFRA-LIFECYCLE_MANAGEMENT,depgraph_blueprint,high
src/zephyr/integration/shared_08/utils/__init__.py,,MOD-INF-016,D-INFRA,D-INFRA-LIFECYCLE_MANAGEMENT,depgraph_blueprint,high
src/zephyr/integration/shared_08/utils/blueprint_scorer.py,,MOD-INF-016-SHARED,D-DATA,D-DATA-KNOWLEDGE_MANAGEMENT,depgraph_domain,high
src/zephyr/integration/shared_08/utils/context.py,,MOD-INF-016,D-INFRA,D-INFRA-LIFECYCLE_MANAGEMENT,depgraph_blueprint,high
src/zephyr/integration/shared_08/utils/db_utils.py,,MOD-INF-016,D-INFRA,D-INFRA-LIFECYCLE_MANAGEMENT,depgraph_blueprint,high
src/zephyr/integration/shared_08/utils/diff_utils.py,,MOD-INF-016,D-INFRA,D-INFRA-LIFECYCLE_MANAGEMENT,depgraph_blueprint,high
src/zephyr/integration/shared_08/utils/migration.py,,MOD-INF-016,D-INFRA,D-INFRA-LIFECYCLE_MANAGEMENT,depgraph_blueprint,high
src/zephyr/integration/shared_08/utils/pagination.py,,MOD-INF-016,D-INFRA,D-INFRA-LIFECYCLE_MANAGEMENT,depgraph_blueprint,high
src/zephyr/integration/shared_08/utils/testing.py,,MOD-INF-016,D-INFRA,D-INFRA-LIFECYCLE_MANAGEMENT,depgraph_blueprint,high
src/zephyr/integration/shared_08/utils/time_utils.py,,MOD-INF-016,D-INFRA,D-INFRA-LIFECYCLE_MANAGEMENT,depgraph_blueprint,high
src/zephyr/integration/shared_08/version_negotiation.py,,DOM-GOV-001,D-GOV,D-GOV-SCRIPT_GOVERNANCE,depgraph_blueprint,high
src/zephyr/integration/vector_memory/__init__.py,,MOD-INF-011,D-DATA,D-DATA-VECTOR_STORAGE,depgraph_blueprint,high
src/zephyr/integration/vector_memory/bm25_index.py,,MOD-INF-028,D-GOV,D-GOV-SEMANTIC_AUDIT,depgraph_blueprint,high
src/zephyr/integration/vector_memory/bridge_layer.py,,MOD-INF-011,D-DATA,D-DATA-VECTOR_STORAGE,depgraph_blueprint,high
src/zephyr/integration/vector_memory/cache_layer.py,,MOD-INF-039,D-INFRA,D-INFRA-SHARED_CORE,depgraph_blueprint,high
src/zephyr/integration/vector_memory/chunk_strategy_router.py,,MOD-INF-011,D-DATA,D-DATA-VECTOR_STORAGE,depgraph_blueprint,high
src/zephyr/integration/vector_memory/collection_manager.py,,MOD-INF-011,D-DATA,D-DATA-VECTOR_STORAGE,depgraph_blueprint,high
src/zephyr/integration/vector_memory/collection_schemas.py,,MOD-INF-011,D-DATA,D-DATA-VECTOR_STORAGE,depgraph_blueprint,high
src/zephyr/integration/vector_memory/cross_collection_retriever.py,,MOD-INF-011,D-DATA,D-DATA-VECTOR_STORAGE,depgraph_blueprint,high
src/zephyr/integration/vector_memory/delegated_vector_memory.py,,MOD-INF-011,D-DATA,D-DATA-VECTOR_STORAGE,depgraph_blueprint,high
src/zephyr/integration/vector_memory/design_principles.py,,MOD-INF-011,D-DATA,D-DATA-VECTOR_STORAGE,depgraph_blueprint,high
src/zephyr/integration/vector_memory/embedding_router.py,,MOD-INF-039,D-INFRA,D-INFRA-SHARED_CORE,depgraph_blueprint,high
src/zephyr/integration/vector_memory/faiss_collection_manager.py,,MOD-INF-011,D-DATA,D-DATA-VECTOR_STORAGE,depgraph_blueprint,high
src/zephyr/integration/vector_memory/hybrid_retriever.py,,MOD-INF-011,D-DATA,D-DATA-VECTOR_STORAGE,depgraph_blueprint,high
src/zephyr/integration/vector_memory/in_memory_fake_vms.py,,MOD-INF-011,D-DATA,D-DATA-VECTOR_STORAGE,depgraph_blueprint,high
src/zephyr/integration/vector_memory/in_memory_memory_backend.py,,MOD-INF-011,D-DATA,D-DATA-VECTOR_STORAGE,depgraph_blueprint,high
src/zephyr/integration/vector_memory/in_process_vector_memory.py,,MOD-INF-011,D-DATA,D-DATA-VECTOR_STORAGE,depgraph_blueprint,high
src/zephyr/integration/vector_memory/index_health_monitor.py,,MOD-INF-011,D-DATA,D-DATA-VECTOR_STORAGE,depgraph_blueprint,high
src/zephyr/integration/vector_memory/interface.py,,MOD-INF-011,D-DATA,D-DATA-VECTOR_STORAGE,depgraph_blueprint,high
src/zephyr/integration/vector_memory/local_model_scheduler.py,,MOD-INF-039,D-INFRA,D-INFRA-SHARED_CORE,depgraph_blueprint,high
src/zephyr/integration/vector_memory/migrate_chroma_to_faiss.py,,MOD-INF-011,D-DATA,D-DATA-VECTOR_STORAGE,depgraph_blueprint,high
src/zephyr/integration/vector_memory/ollama_chat.py,,MOD-INF-039,D-INFRA,D-INFRA-SHARED_CORE,depgraph_blueprint,high
src/zephyr/integration/vector_memory/ollama_embedding.py,,MOD-INF-039,D-INFRA,D-INFRA-SHARED_CORE,depgraph_blueprint,high
src/zephyr/integration/vector_memory/provenance_enforcer.py,,MOD-INF-011,D-DATA,D-DATA-VECTOR_STORAGE,depgraph_blueprint,high
src/zephyr/integration/vector_memory/retrieval_feedback.py,,MOD-INF-011,D-DATA,D-DATA-VECTOR_STORAGE,depgraph_blueprint,high
src/zephyr/integration/vector_memory/sqlite_metadata_store.py,,MOD-INF-011,D-DATA,D-DATA-VECTOR_STORAGE,depgraph_blueprint,high
src/zephyr/integration/vector_memory/vector_bridge.py,,MOD-INF-011,D-DATA,D-DATA-VECTOR_STORAGE,depgraph_blueprint,high
src/zephyr/integration/vector_memory/vms_errors.py,,MOD-INF-011,D-DATA,D-DATA-VECTOR_STORAGE,depgraph_blueprint,high
src/zephyr/integration/vector_memory/vms_schemas.py,,MOD-INF-011,D-DATA,D-DATA-VECTOR_STORAGE,depgraph_blueprint,high
src/zephyr/intelligence/__init__.py,,MOD-INF-036,D-INTEL,D-INTEL-MODEL_EVALUATION,depgraph_blueprint,high
src/zephyr/intelligence/model_evaluation/__init__.py,,MOD-INF-036,D-INTEL,D-INTEL-MODEL_EVALUATION,depgraph_blueprint,high
src/zephyr/intelligence/model_evaluation/activate.py,,MOD-INF-036,D-INTEL,D-INTEL-MODEL_EVALUATION,depgraph_blueprint,high
src/zephyr/intelligence/model_evaluation/backtest_base.py,,MOD-INF-036,D-INTEL,D-INTEL-MODEL_EVALUATION,depgraph_blueprint,high
src/zephyr/intelligence/model_evaluation/experiment_tracker/__init__.py,,MOD-INF-036,D-INTEL,D-INTEL-MODEL_EVALUATION,depgraph_blueprint,high
src/zephyr/intelligence/model_evaluation/implementations/__init__.py,,MOD-INF-036,D-INTEL,D-INTEL-MODEL_EVALUATION,depgraph_blueprint,high
src/zephyr/intelligence/model_evaluation/implementations/default_backtest_engine.py,,MOD-INF-036,D-INTEL,D-INTEL-MODEL_EVALUATION,depgraph_blueprint,high
src/zephyr/intelligence/model_evaluation/implementations/default_inference_engine.py,,MOD-INF-036,D-INTEL,D-INTEL-MODEL_EVALUATION,depgraph_blueprint,high
src/zephyr/intelligence/model_evaluation/inference_base.py,,MOD-INF-036,D-INTEL,D-INTEL-MODEL_EVALUATION,depgraph_blueprint,high
src/zephyr/intelligence/model_evaluation/kb_repo.py,,MOD-INF-036,D-INTEL,D-INTEL-MODEL_EVALUATION,depgraph_blueprint,high
src/zephyr/intelligence/model_evaluation/notebook_integration/__init__.py,,MOD-INF-036,D-INTEL,D-INTEL-MODEL_EVALUATION,depgraph_blueprint,high
src/zephyr/intelligence/model_evaluation/reranker.py,,MOD-INF-036,D-INTEL,D-INTEL-MODEL_EVALUATION,depgraph_blueprint,high
src/zephyr/intelligence/model_evaluation/sync_engine.py,,MOD-INF-036,D-INTEL,D-INTEL-MODEL_EVALUATION,depgraph_blueprint,high
src/zephyr/intelligence/model_evaluation/target_lib/__init__.py,,MOD-INF-036,D-INTEL,D-INTEL-MODEL_EVALUATION,ssot_path_prefix,high
src/zephyr/intelligence/model_evaluation/unified_memory_api.py,,MOD-INF-036,D-INTEL,D-INTEL-MODEL_EVALUATION,depgraph_blueprint,high
src/zephyr/ml_serve/__init__.py,,MOD-ALP-003,D-ALP,D-ALP-MODEL_SERVING,ssot_path_prefix,high
src/zephyr/ml_train/__init__.py,,MOD-INF-036,D-INTEL,D-INTEL-MODEL_EVALUATION,depgraph_blueprint,high
src/zephyr/ml_train/implementations/__init__.py,,MOD-L11-001,D-INTEL,D-INTEL-MODEL_EVALUATION,depgraph_blueprint,high
src/zephyr/observability/__init__.py,,,D-DATA,D-DATA-KNOWLEDGE_MANAGEMENT,depgraph_domain_fallback,medium
src/zephyr/observability/audit_trail/__init__.py,,MOD-INF-020,D-OBS,D-OBS-AUDIT_TRAIL,ssot_path_prefix,high
src/zephyr/observability/audit_trail/agent_signer.py,,MOD-INF-020,D-OBS,D-OBS-AUDIT_TRAIL,depgraph_blueprint,high
src/zephyr/observability/audit_trail/api_lifecycle.py,,MOD-INF-020,D-OBS,D-OBS-AUDIT_TRAIL,depgraph_blueprint,high
src/zephyr/observability/audit_trail/bridges/spec_auditor.py,,MOD-INF-020,D-OBS,D-OBS-AUDIT_TRAIL,depgraph_blueprint,high
src/zephyr/observability/audit_trail/changelog_manager.py,,MOD-INF-020,D-OBS,D-OBS-AUDIT_TRAIL,depgraph_blueprint,high
src/zephyr/observability/audit_trail/code_archaeology.py,,MOD-INF-020,D-OBS,D-OBS-AUDIT_TRAIL,depgraph_blueprint,high
src/zephyr/observability/audit_trail/compliance_map.py,,MOD-INF-020,D-OBS,D-OBS-AUDIT_TRAIL,depgraph_blueprint,high
src/zephyr/observability/audit_trail/corporate_actions.py,,MOD-INF-020,D-OBS,D-OBS-AUDIT_TRAIL,depgraph_blueprint,high
src/zephyr/observability/audit_trail/dora_metrics.py,,MOD-INF-020,D-OBS,D-OBS-AUDIT_TRAIL,depgraph_blueprint,high
src/zephyr/observability/audit_trail/feedback_self_audit.py,,MOD-INF-020,D-OBS,D-OBS-AUDIT_TRAIL,depgraph_blueprint,high
src/zephyr/observability/audit_trail/finding_ingest.py,,MOD-INF-020,D-OBS,D-OBS-AUDIT_TRAIL,depgraph_blueprint,high
src/zephyr/observability/audit_trail/finding_model.py,,MOD-INF-027,D-GOV,D_GOV_AUDIT_ORCHESTRATION,depgraph_blueprint,high
src/zephyr/observability/audit_trail/glossary_matrix.py,,MOD-INF-020,D-OBS,D-OBS-AUDIT_TRAIL,depgraph_blueprint,high
src/zephyr/observability/audit_trail/incremental_review.py,,MOD-INF-020,D-OBS,D-OBS-AUDIT_TRAIL,depgraph_blueprint,high
src/zephyr/observability/audit_trail/kb_gate.py,,MOD-INF-020,D-OBS,D-OBS-AUDIT_TRAIL,depgraph_blueprint,high
src/zephyr/observability/audit_trail/observability_dashboard.py,,MOD-INF-020,D-OBS,D-OBS-AUDIT_TRAIL,depgraph_blueprint,high
src/zephyr/observability/audit_trail/orchestrator.py,,MOD-INF-027,D-GOV,D_GOV_AUDIT_ORCHESTRATION,depgraph_blueprint,high
src/zephyr/observability/audit_trail/privacy.py,,MOD-INF-020,D-OBS,D-OBS-AUDIT_TRAIL,depgraph_blueprint,high
src/zephyr/observability/audit_trail/provenance_tracker.py,,MOD-INF-020,D-OBS,D-OBS-AUDIT_TRAIL,depgraph_blueprint,high
src/zephyr/observability/audit_trail/sbom_generator.py,,MOD-INF-020,D-OBS,D-OBS-AUDIT_TRAIL,depgraph_blueprint,high
src/zephyr/observability/audit_trail/spec_auditor.py,,MOD-INF-020,D-OBS,D-OBS-AUDIT_TRAIL,depgraph_blueprint,high
src/zephyr/observability/audit_trail/supply_chain.py,,MOD-INF-020,D-OBS,D-OBS-AUDIT_TRAIL,depgraph_blueprint,high
src/zephyr/observability/audit_trail/supply_chain_security.py,,MOD-INF-020,D-OBS,D-OBS-AUDIT_TRAIL,depgraph_blueprint,high
src/zephyr/observability/audit_trail/wqa_scorer.py,,MOD-INF-020,D-OBS,D-OBS-AUDIT_TRAIL,depgraph_blueprint,high
src/zephyr/observability/feedback_loop/__init__.py,,MOD-INF-010,D-OBS,D-OBS-FEEDBACK_LOOP,depgraph_blueprint,high
src/zephyr/observability/feedback_loop/_gen_inherited.py,,MOD-INF-010,D-OBS,D-OBS-FEEDBACK_LOOP,depgraph_blueprint,high
src/zephyr/observability/feedback_loop/actors/__init__.py,,MOD-INF-010,D-OBS,D-OBS-FEEDBACK_LOOP,depgraph_blueprint,high
src/zephyr/observability/feedback_loop/actors/action_selector.py,,MOD-INF-010,D-OBS,D-OBS-FEEDBACK_LOOP,depgraph_blueprint,high
src/zephyr/observability/feedback_loop/actors/agent_lifecycle.py,,MOD-INF-010,D-OBS,D-OBS-FEEDBACK_LOOP,depgraph_blueprint,high
src/zephyr/observability/feedback_loop/actors/alert_router.py,,MOD-INF-010,D-OBS,D-OBS-FEEDBACK_LOOP,depgraph_blueprint,high
src/zephyr/observability/feedback_loop/actors/api_version_contract.py,,MOD-INF-010,D-OBS,D-OBS-FEEDBACK_LOOP,depgraph_blueprint,high
src/zephyr/observability/feedback_loop/actors/global_action_scheduler.py,,MOD-INF-010,D-OBS,D-OBS-FEEDBACK_LOOP,depgraph_blueprint,high
src/zephyr/observability/feedback_loop/actors/incident_priority_triage_automator.py,,MOD-INF-010,D-OBS,D-OBS-FEEDBACK_LOOP,depgraph_blueprint,high
src/zephyr/observability/feedback_loop/actors/intent_driven_ops.py,,MOD-INF-010,D-OBS,D-OBS-FEEDBACK_LOOP,depgraph_blueprint,high
src/zephyr/observability/feedback_loop/actors/multi_agent_orchestrator.py,,MOD-INF-010,D-OBS,D-OBS-FEEDBACK_LOOP,depgraph_blueprint,high
src/zephyr/observability/feedback_loop/actors/notification_personalizer.py,,MOD-INF-010,D-OBS,D-OBS-FEEDBACK_LOOP,depgraph_blueprint,high
src/zephyr/observability/feedback_loop/actors/owner_absence_escalation.py,,MOD-INF-010,D-OBS,D-OBS-FEEDBACK_LOOP,depgraph_blueprint,high
src/zephyr/observability/feedback_loop/actors/saga_compensator.py,,MOD-INF-010,D-OBS,D-OBS-FEEDBACK_LOOP,depgraph_blueprint,high
src/zephyr/observability/feedback_loop/actors/secondary_alert_channel.py,,MOD-INF-010,D-OBS,D-OBS-FEEDBACK_LOOP,depgraph_blueprint,high
src/zephyr/observability/feedback_loop/alert_dispatcher.py,,MOD-MASTER-001,D-INFRA,D-INFRA-SHARED_SERVICES,depgraph_blueprint,high
src/zephyr/observability/feedback_loop/auto_evolution.py,,MOD-INF-010,D-OBS,D-OBS-FEEDBACK_LOOP,depgraph_blueprint,high
src/zephyr/observability/feedback_loop/backpressure_bridge.py,,MOD-INF-010,D-OBS,D-OBS-FEEDBACK_LOOP,depgraph_blueprint,high
src/zephyr/observability/feedback_loop/collectors/__init__.py,,MOD-INF-010,D-OBS,D-OBS-FEEDBACK_LOOP,depgraph_blueprint,high
src/zephyr/observability/feedback_loop/collectors/calendar_adapter.py,,MOD-INF-010,D-OBS,D-OBS-FEEDBACK_LOOP,depgraph_blueprint,high
src/zephyr/observability/feedback_loop/collectors/config_timeline.py,,MOD-INF-010,D-OBS,D-OBS-FEEDBACK_LOOP,depgraph_blueprint,high
src/zephyr/observability/feedback_loop/collectors/data_quality_validator.py,,MOD-INF-010,D-OBS,D-OBS-FEEDBACK_LOOP,depgraph_blueprint,high
src/zephyr/observability/feedback_loop/collectors/feedback_collector.py,,MOD-INF-010,D-OBS,D-OBS-FEEDBACK_LOOP,depgraph_blueprint,high
src/zephyr/observability/feedback_loop/collectors/financial_stratification.py,,MOD-INF-010,D-OBS,D-OBS-FEEDBACK_LOOP,depgraph_blueprint,high
src/zephyr/observability/feedback_loop/collectors/kb_provenance.py,,MOD-INF-010,D-OBS,D-OBS-FEEDBACK_LOOP,depgraph_blueprint,high
src/zephyr/observability/feedback_loop/collectors/knowledge_capture.py,,MOD-INF-010,D-OBS,D-OBS-FEEDBACK_LOOP,depgraph_blueprint,high
src/zephyr/observability/feedback_loop/collectors/knowledge_freshness.py,,MOD-INF-010,D-OBS,D-OBS-FEEDBACK_LOOP,depgraph_blueprint,high
src/zephyr/observability/feedback_loop/collectors/knowledge_injection.py,,MOD-INF-010,D-OBS,D-OBS-FEEDBACK_LOOP,depgraph_blueprint,high
src/zephyr/observability/feedback_loop/collectors/knowledge_packaging.py,,MOD-INF-010,D-OBS,D-OBS-FEEDBACK_LOOP,depgraph_blueprint,high
src/zephyr/observability/feedback_loop/collectors/known_unknown_registry.py,,MOD-INF-010,D-OBS,D-OBS-FEEDBACK_LOOP,depgraph_blueprint,high
src/zephyr/observability/feedback_loop/collectors/llm_cost_accounting.py,,MOD-INF-010,D-OBS,D-OBS-FEEDBACK_LOOP,depgraph_blueprint,high
src/zephyr/observability/feedback_loop/collectors/market_calendar.py,,MOD-INF-010,D-OBS,D-OBS-FEEDBACK_LOOP,depgraph_blueprint,high
src/zephyr/observability/feedback_loop/collectors/market_event_integrator.py,,MOD-INF-010,D-OBS,D-OBS-FEEDBACK_LOOP,depgraph_blueprint,high
src/zephyr/observability/feedback_loop/collectors/metrics_collector.py,,MOD-INF-010,D-OBS,D-OBS-FEEDBACK_LOOP,depgraph_blueprint,high
src/zephyr/observability/feedback_loop/collectors/notification_feedback.py,,MOD-INF-010,D-OBS,D-OBS-FEEDBACK_LOOP,depgraph_blueprint,high
src/zephyr/observability/feedback_loop/collectors/schema_evolution.py,,MOD-INF-010,D-OBS,D-OBS-FEEDBACK_LOOP,depgraph_blueprint,high
src/zephyr/observability/feedback_loop/collectors/schema_migration.py,,MOD-INF-010,D-OBS,D-OBS-FEEDBACK_LOOP,depgraph_blueprint,high
src/zephyr/observability/feedback_loop/collectors/temporal_event_store.py,,MOD-INF-010,D-OBS,D-OBS-FEEDBACK_LOOP,depgraph_blueprint,high
src/zephyr/observability/feedback_loop/collectors/token_finops.py,,MOD-INF-010,D-OBS,D-OBS-FEEDBACK_LOOP,depgraph_blueprint,high
src/zephyr/observability/feedback_loop/config.py,,MOD-INF-010,D-OBS,D-OBS-FEEDBACK_LOOP,depgraph_blueprint,high
src/zephyr/observability/feedback_loop/db_bridge.py,,MOD-INF-010,D-OBS,D-OBS-FEEDBACK_LOOP,depgraph_blueprint,high
src/zephyr/observability/feedback_loop/db_writer.py,,MOD-MASTER-001,D-INFRA,D-INFRA-SHARED_SERVICES,depgraph_blueprint,high
src/zephyr/observability/feedback_loop/decision_engine.py,,MOD-INF-010,D-OBS,D-OBS-FEEDBACK_LOOP,depgraph_blueprint,high
src/zephyr/observability/feedback_loop/detectors/__init__.py,,MOD-INF-010,D-OBS,D-OBS-FEEDBACK_LOOP,depgraph_blueprint,high
src/zephyr/observability/feedback_loop/detectors/_anomaly.py,,MOD-INF-010,D-OBS,D-OBS-FEEDBACK_LOOP,depgraph_blueprint,high
src/zephyr/observability/feedback_loop/detectors/_correlation.py,,MOD-INF-010,D-OBS,D-OBS-FEEDBACK_LOOP,depgraph_blueprint,high
src/zephyr/observability/feedback_loop/detectors/_drift.py,,MOD-INF-010,D-OBS,D-OBS-FEEDBACK_LOOP,depgraph_blueprint,high
src/zephyr/observability/feedback_loop/detectors/_guard.py,,MOD-INF-010,D-OBS,D-OBS-FEEDBACK_LOOP,depgraph_blueprint,high
src/zephyr/observability/feedback_loop/detectors/_reliability.py,,MOD-INF-010,D-OBS,D-OBS-FEEDBACK_LOOP,depgraph_blueprint,high
src/zephyr/observability/feedback_loop/detectors/action_efficacy_decay_detector.py,,MOD-INF-010,D-OBS,D-OBS-FEEDBACK_LOOP,depgraph_blueprint,high
src/zephyr/observability/feedback_loop/detectors/action_interaction_detector.py,,MOD-INF-010,D-OBS,D-OBS-FEEDBACK_LOOP,depgraph_blueprint,high
src/zephyr/observability/feedback_loop/detectors/action_side_effect_cumulative_detector.py,,MOD-INF-010,D-OBS,D-OBS-FEEDBACK_LOOP,depgraph_blueprint,high
src/zephyr/observability/feedback_loop/detectors/agent_trajectory_anomaly_detector.py,,MOD-INF-010,D-OBS,D-OBS-FEEDBACK_LOOP,depgraph_blueprint,high
src/zephyr/observability/feedback_loop/detectors/alert_desensitization_curve.py,,MOD-INF-010,D-OBS,D-OBS-FEEDBACK_LOOP,depgraph_blueprint,high
src/zephyr/observability/feedback_loop/detectors/anomaly_clustering.py,,MOD-INF-010,D-OBS,D-OBS-FEEDBACK_LOOP,depgraph_blueprint,high
src/zephyr/observability/feedback_loop/detectors/anomaly_detector.py,,MOD-INF-010,D-OBS,D-OBS-FEEDBACK_LOOP,depgraph_blueprint,high
src/zephyr/observability/feedback_loop/detectors/autoscale_remediation.py,,MOD-INF-010,D-OBS,D-OBS-FEEDBACK_LOOP,depgraph_blueprint,high
src/zephyr/observability/feedback_loop/detectors/blast_radius.py,,MOD-INF-010,D-OBS,D-OBS-FEEDBACK_LOOP,depgraph_blueprint,high
src/zephyr/observability/feedback_loop/detectors/blast_radius_budget.py,,MOD-INF-010,D-OBS,D-OBS-FEEDBACK_LOOP,depgraph_blueprint,high
src/zephyr/observability/feedback_loop/detectors/capacity_forecast.py,,MOD-INF-010,D-OBS,D-OBS-FEEDBACK_LOOP,depgraph_blueprint,high
src/zephyr/observability/feedback_loop/detectors/chaos_engineering.py,,MOD-INF-010,D-OBS,D-OBS-FEEDBACK_LOOP,depgraph_blueprint,high
src/zephyr/observability/feedback_loop/detectors/concept_drift.py,,MOD-INF-010,D-OBS,D-OBS-FEEDBACK_LOOP,depgraph_blueprint,high
src/zephyr/observability/feedback_loop/detectors/config_drift.py,,MOD-INF-010,D-OBS,D-OBS-FEEDBACK_LOOP,depgraph_blueprint,high
src/zephyr/observability/feedback_loop/detectors/context_window_contamination_detector.py,,MOD-INF-010,D-OBS,D-OBS-FEEDBACK_LOOP,depgraph_blueprint,high
src/zephyr/observability/feedback_loop/detectors/cross_signal_validator.py,,MOD-INF-010,D-OBS,D-OBS-FEEDBACK_LOOP,depgraph_blueprint,high
src/zephyr/observability/feedback_loop/detectors/cross_system_correlator.py,,MOD-INF-010,D-OBS,D-OBS-FEEDBACK_LOOP,depgraph_blueprint,high
src/zephyr/observability/feedback_loop/detectors/decision_provenance.py,,MOD-INF-010,D-OBS,D-OBS-FEEDBACK_LOOP,depgraph_blueprint,high
src/zephyr/observability/feedback_loop/detectors/dependency_freshness_monitor.py,,MOD-INF-010,D-OBS,D-OBS-FEEDBACK_LOOP,depgraph_blueprint,high
src/zephyr/observability/feedback_loop/detectors/diminishing_returns_detector.py,,MOD-INF-010,D-OBS,D-OBS-FEEDBACK_LOOP,depgraph_blueprint,high
src/zephyr/observability/feedback_loop/detectors/ebpf_monitor.py,,MOD-INF-010,D-OBS,D-OBS-FEEDBACK_LOOP,depgraph_blueprint,high
src/zephyr/observability/feedback_loop/detectors/emergent_behavior_detector.py,,MOD-INF-010,D-OBS,D-OBS-FEEDBACK_LOOP,depgraph_blueprint,high
src/zephyr/observability/feedback_loop/detectors/ensemble_detector.py,,MOD-INF-010,D-OBS,D-OBS-FEEDBACK_LOOP,depgraph_blueprint,high
src/zephyr/observability/feedback_loop/detectors/ensemble_drift.py,,MOD-INF-010,D-OBS,D-OBS-FEEDBACK_LOOP,depgraph_blueprint,high
src/zephyr/observability/feedback_loop/detectors/external_health.py,,MOD-INF-010,D-OBS,D-OBS-FEEDBACK_LOOP,depgraph_blueprint,high
src/zephyr/observability/feedback_loop/detectors/external_validation_checkpoint.py,,MOD-INF-010,D-OBS,D-OBS-FEEDBACK_LOOP,depgraph_blueprint,high
src/zephyr/observability/feedback_loop/detectors/flag_lifecycle.py,,MOD-INF-010,D-OBS,D-OBS-FEEDBACK_LOOP,depgraph_blueprint,high
src/zephyr/observability/feedback_loop/detectors/flapping_detector.py,,MOD-INF-010,D-OBS,D-OBS-FEEDBACK_LOOP,depgraph_blueprint,high
src/zephyr/observability/feedback_loop/detectors/fle_performance_regression_detector.py,,MOD-INF-010,D-OBS,D-OBS-FEEDBACK_LOOP,depgraph_blueprint,high
src/zephyr/observability/feedback_loop/detectors/gradual_poisoning_detector.py,,MOD-INF-010,D-OBS,D-OBS-FEEDBACK_LOOP,depgraph_blueprint,high
src/zephyr/observability/feedback_loop/detectors/guard_cascade_detector.py,,MOD-INF-010,D-OBS,D-OBS-FEEDBACK_LOOP,depgraph_blueprint,high
src/zephyr/observability/feedback_loop/detectors/guard_oscillation_detector.py,,MOD-INF-010,D-OBS,D-OBS-FEEDBACK_LOOP,depgraph_blueprint,high
src/zephyr/observability/feedback_loop/detectors/heisenbug_detector.py,,MOD-INF-010,D-OBS,D-OBS-FEEDBACK_LOOP,depgraph_blueprint,high
src/zephyr/observability/feedback_loop/detectors/infinite_loop_detector.py,,MOD-INF-010,D-OBS,D-OBS-FEEDBACK_LOOP,depgraph_blueprint,high
src/zephyr/observability/feedback_loop/detectors/intermittent_failure_pattern.py,,MOD-INF-010,D-OBS,D-OBS-FEEDBACK_LOOP,depgraph_blueprint,high
src/zephyr/observability/feedback_loop/detectors/log_anomaly.py,,MOD-INF-010,D-OBS,D-OBS-FEEDBACK_LOOP,depgraph_blueprint,high
src/zephyr/observability/feedback_loop/detectors/maintenance_coordinator.py,,MOD-INF-010,D-OBS,D-OBS-FEEDBACK_LOOP,depgraph_blueprint,high
src/zephyr/observability/feedback_loop/detectors/metric_cardinality_guard.py,,MOD-INF-010,D-OBS,D-OBS-FEEDBACK_LOOP,depgraph_blueprint,high
src/zephyr/observability/feedback_loop/detectors/multi_signal_correlator.py,,MOD-INF-010,D-OBS,D-OBS-FEEDBACK_LOOP,depgraph_blueprint,high
src/zephyr/observability/feedback_loop/detectors/openfeature.py,,MOD-INF-010,D-OBS,D-OBS-FEEDBACK_LOOP,depgraph_blueprint,high
src/zephyr/observability/feedback_loop/detectors/otel_adapter.py,,MOD-INF-010,D-OBS,D-OBS-FEEDBACK_LOOP,depgraph_blueprint,high
src/zephyr/observability/feedback_loop/detectors/placebo_action_detector.py,,MOD-INF-010,D-OBS,D-OBS-FEEDBACK_LOOP,depgraph_blueprint,high
src/zephyr/observability/feedback_loop/detectors/positive_feedback_defense.py,,MOD-INF-010,D-OBS,D-OBS-FEEDBACK_LOOP,depgraph_blueprint,high
src/zephyr/observability/feedback_loop/detectors/recursive_diagnosis_trust_evaluator.py,,MOD-INF-010,D-OBS,D-OBS-FEEDBACK_LOOP,depgraph_blueprint,high
src/zephyr/observability/feedback_loop/detectors/regime_detector.py,,MOD-INF-010,D-OBS,D-OBS-FEEDBACK_LOOP,depgraph_blueprint,high
src/zephyr/observability/feedback_loop/detectors/regulatory_audit.py,,MOD-INF-010,D-OBS,D-OBS-FEEDBACK_LOOP,depgraph_blueprint,high
src/zephyr/observability/feedback_loop/detectors/resolution_tracker.py,,MOD-INF-010,D-OBS,D-OBS-FEEDBACK_LOOP,depgraph_blueprint,high
src/zephyr/observability/feedback_loop/detectors/rumor_noise_filter.py,,MOD-INF-010,D-OBS,D-OBS-FEEDBACK_LOOP,depgraph_blueprint,high
src/zephyr/observability/feedback_loop/detectors/runbook_executor.py,,MOD-INF-010,D-OBS,D-OBS-FEEDBACK_LOOP,depgraph_blueprint,high
src/zephyr/observability/feedback_loop/detectors/self_audit.py,,MOD-INF-010,D-OBS,D-OBS-FEEDBACK_LOOP,depgraph_blueprint,high
src/zephyr/observability/feedback_loop/detectors/self_diagnosis_data_leak_detector.py,,MOD-INF-010,D-OBS,D-OBS-FEEDBACK_LOOP,depgraph_blueprint,high
src/zephyr/observability/feedback_loop/detectors/self_ha.py,,MOD-INF-010,D-OBS,D-OBS-FEEDBACK_LOOP,depgraph_blueprint,high
src/zephyr/observability/feedback_loop/detectors/silent_corruption_detector.py,,MOD-INF-010,D-OBS,D-OBS-FEEDBACK_LOOP,depgraph_blueprint,high
src/zephyr/observability/feedback_loop/detectors/synthetic_anomaly_generator.py,,MOD-INF-010,D-OBS,D-OBS-FEEDBACK_LOOP,depgraph_blueprint,high
src/zephyr/observability/feedback_loop/detectors/temporal_coherence_of_self_model.py,,MOD-INF-010,D-OBS,D-OBS-FEEDBACK_LOOP,depgraph_blueprint,high
src/zephyr/observability/feedback_loop/detectors/temporal_pattern.py,,MOD-INF-010,D-OBS,D-OBS-FEEDBACK_LOOP,depgraph_blueprint,high
src/zephyr/observability/feedback_loop/detectors/trace_causal_bridge.py,,MOD-INF-010,D-OBS,D-OBS-FEEDBACK_LOOP,depgraph_blueprint,high
src/zephyr/observability/feedback_loop/detectors/traffic_replay_validator.py,,MOD-INF-010,D-OBS,D-OBS-FEEDBACK_LOOP,depgraph_blueprint,high
src/zephyr/observability/feedback_loop/detectors/trend_cycle_separator.py,,MOD-INF-010,D-OBS,D-OBS-FEEDBACK_LOOP,depgraph_blueprint,high
src/zephyr/observability/feedback_loop/detectors/version_migrator.py,,MOD-INF-010,D-OBS,D-OBS-FEEDBACK_LOOP,depgraph_blueprint,high
src/zephyr/observability/feedback_loop/diagnosers/__init__.py,,MOD-INF-010,D-OBS,D-OBS-FEEDBACK_LOOP,depgraph_blueprint,high
src/zephyr/observability/feedback_loop/diagnosers/_cognitive.py,,MOD-INF-010,D-OBS,D-OBS-FEEDBACK_LOOP,depgraph_blueprint,high
src/zephyr/observability/feedback_loop/diagnosers/_diagnosis.py,,MOD-INF-010,D-OBS,D-OBS-FEEDBACK_LOOP,depgraph_blueprint,high
src/zephyr/observability/feedback_loop/diagnosers/_health.py,,MOD-INF-010,D-OBS,D-OBS-FEEDBACK_LOOP,depgraph_blueprint,high
src/zephyr/observability/feedback_loop/diagnosers/_reliability.py,,MOD-INF-010,D-OBS,D-OBS-FEEDBACK_LOOP,depgraph_blueprint,high
src/zephyr/observability/feedback_loop/diagnosers/action_composition_health_monitor.py,,MOD-INF-010,D-OBS,D-OBS-FEEDBACK_LOOP,depgraph_blueprint,high
src/zephyr/observability/feedback_loop/diagnosers/adaptive_param_tuning.py,,MOD-INF-010,D-OBS,D-OBS-FEEDBACK_LOOP,depgraph_blueprint,high
src/zephyr/observability/feedback_loop/diagnosers/amplification_guard.py,,MOD-INF-010,D-OBS,D-OBS-FEEDBACK_LOOP,depgraph_blueprint,high
src/zephyr/observability/feedback_loop/diagnosers/api_dependency_metrics.py,,MOD-INF-010,D-OBS,D-OBS-FEEDBACK_LOOP,depgraph_blueprint,high
src/zephyr/observability/feedback_loop/diagnosers/auto_diagnosis.py,,MOD-INF-010,D-OBS,D-OBS-FEEDBACK_LOOP,depgraph_blueprint,high
src/zephyr/observability/feedback_loop/diagnosers/burn_rate_alerter.py,,MOD-INF-010,D-OBS,D-OBS-FEEDBACK_LOOP,depgraph_blueprint,high
src/zephyr/observability/feedback_loop/diagnosers/burnout_alarm.py,,MOD-INF-010,D-OBS,D-OBS-FEEDBACK_LOOP,depgraph_blueprint,high
src/zephyr/observability/feedback_loop/diagnosers/capacity_aware_repair.py,,MOD-INF-010,D-OBS,D-OBS-FEEDBACK_LOOP,depgraph_blueprint,high
src/zephyr/observability/feedback_loop/diagnosers/causal_inference_engine.py,,MOD-INF-010,D-OBS,D-OBS-FEEDBACK_LOOP,depgraph_blueprint,high
src/zephyr/observability/feedback_loop/diagnosers/cognitive_load.py,,MOD-INF-010,D-OBS,D-OBS-FEEDBACK_LOOP,depgraph_blueprint,high
src/zephyr/observability/feedback_loop/diagnosers/cognitive_load_budget.py,,MOD-INF-010,D-OBS,D-OBS-FEEDBACK_LOOP,depgraph_blueprint,high
src/zephyr/observability/feedback_loop/diagnosers/cold_start_conservative_mode.py,,MOD-INF-010,D-OBS,D-OBS-FEEDBACK_LOOP,depgraph_blueprint,high
src/zephyr/observability/feedback_loop/diagnosers/collaborative_learning.py,,MOD-INF-010,D-OBS,D-OBS-FEEDBACK_LOOP,depgraph_blueprint,high
src/zephyr/observability/feedback_loop/diagnosers/confidence_decomposer.py,,MOD-INF-010,D-OBS,D-OBS-FEEDBACK_LOOP,depgraph_blueprint,high
src/zephyr/observability/feedback_loop/diagnosers/context_truncation.py,,MOD-INF-010,D-OBS,D-OBS-FEEDBACK_LOOP,depgraph_blueprint,high
src/zephyr/observability/feedback_loop/diagnosers/context_window_pressure_manager.py,,MOD-INF-010,D-OBS,D-OBS-FEEDBACK_LOOP,depgraph_blueprint,high
src/zephyr/observability/feedback_loop/diagnosers/counterfactual.py,,MOD-INF-010,D-OBS,D-OBS-FEEDBACK_LOOP,depgraph_blueprint,high
src/zephyr/observability/feedback_loop/diagnosers/cross_guard_conflict_detector.py,,MOD-INF-010,D-OBS,D-OBS-FEEDBACK_LOOP,depgraph_blueprint,high
src/zephyr/observability/feedback_loop/diagnosers/cross_session_consistency_validator.py,,MOD-INF-010,D-OBS,D-OBS-FEEDBACK_LOOP,depgraph_blueprint,high
src/zephyr/observability/feedback_loop/diagnosers/data_volume_growth_monitor.py,,MOD-INF-010,D-OBS,D-OBS-FEEDBACK_LOOP,depgraph_blueprint,high
src/zephyr/observability/feedback_loop/diagnosers/diagnosis_engine.py,,MOD-INF-010,D-OBS,D-OBS-FEEDBACK_LOOP,depgraph_blueprint,high
src/zephyr/observability/feedback_loop/diagnosers/diagnosis_kpi.py,,MOD-INF-010,D-OBS,D-OBS-FEEDBACK_LOOP,depgraph_blueprint,high
src/zephyr/observability/feedback_loop/diagnosers/dr_resilience_metrics.py,,MOD-INF-010,D-OBS,D-OBS-FEEDBACK_LOOP,depgraph_blueprint,high
src/zephyr/observability/feedback_loop/diagnosers/e2e_integration_health.py,,MOD-INF-010,D-OBS,D-OBS-FEEDBACK_LOOP,depgraph_blueprint,high
src/zephyr/observability/feedback_loop/diagnosers/feedback_delay_compensator.py,,MOD-INF-010,D-OBS,D-OBS-FEEDBACK_LOOP,depgraph_blueprint,high
src/zephyr/observability/feedback_loop/diagnosers/fle_dogfood_monitor.py,,MOD-INF-010,D-OBS,D-OBS-FEEDBACK_LOOP,depgraph_blueprint,high
src/zephyr/observability/feedback_loop/diagnosers/fle_self_slo_metrics.py,,MOD-INF-010,D-OBS,D-OBS-FEEDBACK_LOOP,depgraph_blueprint,high
src/zephyr/observability/feedback_loop/diagnosers/gamification.py,,MOD-INF-010,D-OBS,D-OBS-FEEDBACK_LOOP,depgraph_blueprint,high
src/zephyr/observability/feedback_loop/diagnosers/global_health_map.py,,MOD-INF-010,D-OBS,D-OBS-FEEDBACK_LOOP,depgraph_blueprint,high
src/zephyr/observability/feedback_loop/diagnosers/guard_interaction_topology_mapper.py,,MOD-INF-010,D-OBS,D-OBS-FEEDBACK_LOOP,depgraph_blueprint,high
src/zephyr/observability/feedback_loop/diagnosers/guard_self_consistency_auditor.py,,MOD-INF-010,D-OBS,D-OBS-FEEDBACK_LOOP,depgraph_blueprint,high
src/zephyr/observability/feedback_loop/diagnosers/human_anomaly_flood_detector.py,,MOD-INF-010,D-OBS,D-OBS-FEEDBACK_LOOP,depgraph_blueprint,high
src/zephyr/observability/feedback_loop/diagnosers/impact_predictor.py,,MOD-INF-010,D-OBS,D-OBS-FEEDBACK_LOOP,depgraph_blueprint,high
src/zephyr/observability/feedback_loop/diagnosers/incident_knowledge_injector.py,,MOD-INF-010,D-OBS,D-OBS-FEEDBACK_LOOP,depgraph_blueprint,high
src/zephyr/observability/feedback_loop/diagnosers/interactive_diagnosis.py,,MOD-INF-010,D-OBS,D-OBS-FEEDBACK_LOOP,depgraph_blueprint,high
src/zephyr/observability/feedback_loop/diagnosers/knowledge_bus_factor_monitor.py,,MOD-INF-010,D-OBS,D-OBS-FEEDBACK_LOOP,depgraph_blueprint,high
src/zephyr/observability/feedback_loop/diagnosers/knowledge_market.py,,MOD-INF-010,D-OBS,D-OBS-FEEDBACK_LOOP,depgraph_blueprint,high
src/zephyr/observability/feedback_loop/diagnosers/latency_slo.py,,MOD-INF-010,D-OBS,D-OBS-FEEDBACK_LOOP,depgraph_blueprint,high
src/zephyr/observability/feedback_loop/diagnosers/llm_provider_integrity.py,,MOD-INF-010,D-OBS,D-OBS-FEEDBACK_LOOP,depgraph_blueprint,high
src/zephyr/observability/feedback_loop/diagnosers/llm_quality_regression.py,,MOD-INF-010,D-OBS,D-OBS-FEEDBACK_LOOP,depgraph_blueprint,high
src/zephyr/observability/feedback_loop/diagnosers/memory_self_check.py,,MOD-INF-010,D-OBS,D-OBS-FEEDBACK_LOOP,depgraph_blueprint,high
src/zephyr/observability/feedback_loop/diagnosers/meta_guard_latency_budget.py,,MOD-INF-010,D-OBS,D-OBS-FEEDBACK_LOOP,depgraph_blueprint,high
src/zephyr/observability/feedback_loop/diagnosers/model_health.py,,MOD-INF-010,D-OBS,D-OBS-FEEDBACK_LOOP,depgraph_blueprint,high
src/zephyr/observability/feedback_loop/diagnosers/model_rotation.py,,MOD-INF-010,D-OBS,D-OBS-FEEDBACK_LOOP,depgraph_blueprint,high
src/zephyr/observability/feedback_loop/diagnosers/model_rotation_v2.py,,MOD-INF-010,D-OBS,D-OBS-FEEDBACK_LOOP,depgraph_blueprint,high
src/zephyr/observability/feedback_loop/diagnosers/model_version_semantic_drift.py,,MOD-INF-010,D-OBS,D-OBS-FEEDBACK_LOOP,depgraph_blueprint,high
src/zephyr/observability/feedback_loop/diagnosers/mtti_tracker.py,,MOD-INF-010,D-OBS,D-OBS-FEEDBACK_LOOP,depgraph_blueprint,high
src/zephyr/observability/feedback_loop/diagnosers/nonstationary_effectiveness.py,,MOD-INF-010,D-OBS,D-OBS-FEEDBACK_LOOP,depgraph_blueprint,high
src/zephyr/observability/feedback_loop/diagnosers/numerical_stability_guard.py,,MOD-INF-010,D-OBS,D-OBS-FEEDBACK_LOOP,depgraph_blueprint,high
src/zephyr/observability/feedback_loop/diagnosers/operational_seasonality.py,,MOD-INF-010,D-OBS,D-OBS-FEEDBACK_LOOP,depgraph_blueprint,high
src/zephyr/observability/feedback_loop/diagnosers/prompt_fingerprint.py,,MOD-INF-010,D-OBS,D-OBS-FEEDBACK_LOOP,depgraph_blueprint,high
src/zephyr/observability/feedback_loop/diagnosers/prompt_sanitizer.py,,MOD-INF-010,D-OBS,D-OBS-FEEDBACK_LOOP,depgraph_blueprint,high
src/zephyr/observability/feedback_loop/diagnosers/recovery_time_stats.py,,MOD-INF-010,D-OBS,D-OBS-FEEDBACK_LOOP,depgraph_blueprint,high
src/zephyr/observability/feedback_loop/diagnosers/regime_gain_scheduling.py,,MOD-INF-010,D-OBS,D-OBS-FEEDBACK_LOOP,depgraph_blueprint,high
src/zephyr/observability/feedback_loop/diagnosers/retirement_planner.py,,MOD-INF-010,D-OBS,D-OBS-FEEDBACK_LOOP,depgraph_blueprint,high
src/zephyr/observability/feedback_loop/diagnosers/self_benchmark.py,,MOD-INF-010,D-OBS,D-OBS-FEEDBACK_LOOP,depgraph_blueprint,high
src/zephyr/observability/feedback_loop/diagnosers/self_bottleneck_detector.py,,MOD-INF-010,D-OBS,D-OBS-FEEDBACK_LOOP,depgraph_blueprint,high
src/zephyr/observability/feedback_loop/diagnosers/self_health_monitor.py,,MOD-INF-010,D-OBS,D-OBS-FEEDBACK_LOOP,depgraph_blueprint,high
src/zephyr/observability/feedback_loop/diagnosers/self_llm_observability.py,,MOD-INF-010,D-OBS,D-OBS-FEEDBACK_LOOP,depgraph_blueprint,high
src/zephyr/observability/feedback_loop/diagnosers/slo_capacity_metrics.py,,MOD-INF-010,D-OBS,D-OBS-FEEDBACK_LOOP,depgraph_blueprint,high
src/zephyr/observability/feedback_loop/diagnosers/socratic_questions.py,,MOD-INF-010,D-OBS,D-OBS-FEEDBACK_LOOP,depgraph_blueprint,high
src/zephyr/observability/feedback_loop/diagnosers/statistical_hygiene_auditor.py,,MOD-INF-010,D-OBS,D-OBS-FEEDBACK_LOOP,depgraph_blueprint,high
src/zephyr/observability/feedback_loop/diagnosers/system_entropy_monitor.py,,MOD-INF-010,D-OBS,D-OBS-FEEDBACK_LOOP,depgraph_blueprint,high
src/zephyr/observability/feedback_loop/diagnosers/temporal_integrity_guard.py,,MOD-INF-010,D-OBS,D-OBS-FEEDBACK_LOOP,depgraph_blueprint,high
src/zephyr/observability/feedback_loop/diagnosers/timezone_semantic_reasoner.py,,MOD-INF-010,D-OBS,D-OBS-FEEDBACK_LOOP,depgraph_blueprint,high
src/zephyr/observability/feedback_loop/diagnosers/toil_quantification.py,,MOD-INF-010,D-OBS,D-OBS-FEEDBACK_LOOP,depgraph_blueprint,high
src/zephyr/observability/feedback_loop/diagnosers/tone_adapter.py,,MOD-INF-010,D-OBS,D-OBS-FEEDBACK_LOOP,depgraph_blueprint,high
src/zephyr/observability/feedback_loop/diagnosers/tone_adapter_v2.py,,MOD-INF-010,D-OBS,D-OBS-FEEDBACK_LOOP,depgraph_blueprint,high
src/zephyr/observability/feedback_loop/diagnosers/value_added_baseline.py,,MOD-INF-010,D-OBS,D-OBS-FEEDBACK_LOOP,depgraph_blueprint,high
src/zephyr/observability/feedback_loop/diagnosers/vertical_self_assessment.py,,MOD-INF-010,D-OBS,D-OBS-FEEDBACK_LOOP,depgraph_blueprint,high
src/zephyr/observability/feedback_loop/diagnosers/zombie_fle_detector.py,,MOD-INF-010,D-OBS,D-OBS-FEEDBACK_LOOP,depgraph_blueprint,high
src/zephyr/observability/feedback_loop/docs/__init__.py,,MOD-INF-010,D-OBS,D-OBS-FEEDBACK_LOOP,depgraph_blueprint,high
src/zephyr/observability/feedback_loop/docs/cold_start_manual.py,,MOD-INF-010,D-OBS,D-OBS-FEEDBACK_LOOP,depgraph_blueprint,high
src/zephyr/observability/feedback_loop/error_budget.py,,MOD-INF-010,D-OBS,D-OBS-FEEDBACK_LOOP,depgraph_blueprint,high
src/zephyr/observability/feedback_loop/eval_harness.py,,MOD-INF-010,D-OBS,D-OBS-FEEDBACK_LOOP,depgraph_blueprint,high
src/zephyr/observability/feedback_loop/evolution/__init__.py,,MOD-INF-010,D-OBS,D-OBS-FEEDBACK_LOOP,depgraph_blueprint,high
src/zephyr/observability/feedback_loop/evolution/auto_reward.py,,MOD-INF-010,D-OBS,D-OBS-FEEDBACK_LOOP,depgraph_blueprint,high
src/zephyr/observability/feedback_loop/evolution/conformal_prediction.py,,MOD-INF-010,D-OBS,D-OBS-FEEDBACK_LOOP,depgraph_blueprint,high
src/zephyr/observability/feedback_loop/evolution/cross_gen_validation.py,,MOD-INF-010,D-OBS,D-OBS-FEEDBACK_LOOP,depgraph_blueprint,high
src/zephyr/observability/feedback_loop/evolution/dynamic_threshold.py,,MOD-INF-010,D-OBS,D-OBS-FEEDBACK_LOOP,depgraph_blueprint,high
src/zephyr/observability/feedback_loop/evolution/ewc_kb_review.py,,MOD-INF-010,D-OBS,D-OBS-FEEDBACK_LOOP,depgraph_blueprint,high
src/zephyr/observability/feedback_loop/evolution/failure_replay.py,,MOD-INF-010,D-OBS,D-OBS-FEEDBACK_LOOP,depgraph_blueprint,high
src/zephyr/observability/feedback_loop/evolution/graduated_activation_protocol.py,,MOD-INF-010,D-OBS,D-OBS-FEEDBACK_LOOP,depgraph_blueprint,high
src/zephyr/observability/feedback_loop/evolution/hypernetwork.py,,MOD-INF-010,D-OBS,D-OBS-FEEDBACK_LOOP,depgraph_blueprint,high
src/zephyr/observability/feedback_loop/evolution/knowledge_distillation.py,,MOD-INF-010,D-OBS,D-OBS-FEEDBACK_LOOP,depgraph_blueprint,high
src/zephyr/observability/feedback_loop/evolution/online_feature_importance.py,,MOD-INF-010,D-OBS,D-OBS-FEEDBACK_LOOP,depgraph_blueprint,high
src/zephyr/observability/feedback_loop/evolution/prompt_factory_governance.py,,MOD-INF-010,D-OBS,D-OBS-FEEDBACK_LOOP,depgraph_blueprint,high
src/zephyr/observability/feedback_loop/evolution/prompt_optimization_regression_detector.py,,MOD-INF-010,D-OBS,D-OBS-FEEDBACK_LOOP,depgraph_blueprint,high
src/zephyr/observability/feedback_loop/evolution/prompt_self_optimization_loop.py,,MOD-INF-010,D-OBS,D-OBS-FEEDBACK_LOOP,depgraph_blueprint,high
src/zephyr/observability/feedback_loop/evolution/self_modification_rate_limiter.py,,MOD-INF-010,D-OBS,D-OBS-FEEDBACK_LOOP,depgraph_blueprint,high
src/zephyr/observability/feedback_loop/evolution/self_reflection.py,,MOD-INF-010,D-OBS,D-OBS-FEEDBACK_LOOP,depgraph_blueprint,high
src/zephyr/observability/feedback_loop/evolution/self_upgrade_canary.py,,MOD-INF-010,D-OBS,D-OBS-FEEDBACK_LOOP,depgraph_blueprint,high
src/zephyr/observability/feedback_loop/evolution/semantic_intent_preservation_guard.py,,MOD-INF-010,D-OBS,D-OBS-FEEDBACK_LOOP,depgraph_blueprint,high
src/zephyr/observability/feedback_loop/evolution/teacher_transfer.py,,MOD-INF-010,D-OBS,D-OBS-FEEDBACK_LOOP,depgraph_blueprint,high
src/zephyr/observability/feedback_loop/evolution/training_data_gov.py,,MOD-INF-010,D-OBS,D-OBS-FEEDBACK_LOOP,depgraph_blueprint,high
src/zephyr/observability/feedback_loop/evolution_engine.py,,MOD-INF-010,D-OBS,D-OBS-FEEDBACK_LOOP,depgraph_blueprint,high
src/zephyr/observability/feedback_loop/exceptions.py,,MOD-INF-010,D-OBS,D-OBS-FEEDBACK_LOOP,depgraph_blueprint,high
src/zephyr/observability/feedback_loop/feedback_collector.py,,MOD-INF-010,D-OBS,D-OBS-FEEDBACK_LOOP,depgraph_blueprint,high
src/zephyr/observability/feedback_loop/fitness_functions.py,,MOD-INF-010,D-OBS,D-OBS-FEEDBACK_LOOP,depgraph_blueprint,high
src/zephyr/observability/feedback_loop/forensic/__init__.py,,MOD-INF-010,D-OBS,D-OBS-FEEDBACK_LOOP,depgraph_blueprint,high
src/zephyr/observability/feedback_loop/forensic/architectural_sod.py,,MOD-INF-010,D-OBS,D-OBS-FEEDBACK_LOOP,depgraph_blueprint,high
src/zephyr/observability/feedback_loop/forensic/automated_rca_postmortem_generator.py,,MOD-INF-010,D-OBS,D-OBS-FEEDBACK_LOOP,depgraph_blueprint,high
src/zephyr/observability/feedback_loop/forensic/boot_integrity_attestation.py,,MOD-INF-010,D-OBS,D-OBS-FEEDBACK_LOOP,depgraph_blueprint,high
src/zephyr/observability/feedback_loop/forensic/crypto_bootstrap.py,,MOD-INF-010,D-OBS,D-OBS-FEEDBACK_LOOP,depgraph_blueprint,high
src/zephyr/observability/feedback_loop/forensic/deterministic_replay.py,,MOD-INF-010,D-OBS,D-OBS-FEEDBACK_LOOP,depgraph_blueprint,high
src/zephyr/observability/feedback_loop/forensic/external_verifier.py,,MOD-INF-010,D-OBS,D-OBS-FEEDBACK_LOOP,depgraph_blueprint,high
src/zephyr/observability/feedback_loop/forensic/fle_upgrade_safety_validator.py,,MOD-INF-010,D-OBS,D-OBS-FEEDBACK_LOOP,depgraph_blueprint,high
src/zephyr/observability/feedback_loop/forensic/guard_complexity_budget.py,,MOD-INF-010,D-OBS,D-OBS-FEEDBACK_LOOP,depgraph_blueprint,high
src/zephyr/observability/feedback_loop/forensic/guard_configuration_drift_monitor.py,,MOD-INF-010,D-OBS,D-OBS-FEEDBACK_LOOP,depgraph_blueprint,high
src/zephyr/observability/feedback_loop/forensic/interrupt_coherence_validator.py,,MOD-INF-010,D-OBS,D-OBS-FEEDBACK_LOOP,depgraph_blueprint,high
src/zephyr/observability/feedback_loop/forensic/knowledge_injection_pre_flight_verifier.py,,MOD-INF-010,D-OBS,D-OBS-FEEDBACK_LOOP,depgraph_blueprint,high
src/zephyr/observability/feedback_loop/forensic/point_in_time_reconstructor.py,,MOD-INF-010,D-OBS,D-OBS-FEEDBACK_LOOP,depgraph_blueprint,high
src/zephyr/observability/feedback_loop/forensic/self_modification_audit.py,,MOD-INF-010,D-OBS,D-OBS-FEEDBACK_LOOP,depgraph_blueprint,high
src/zephyr/observability/feedback_loop/forensic/serialization_format_tracker.py,,MOD-INF-010,D-OBS,D-OBS-FEEDBACK_LOOP,depgraph_blueprint,high
src/zephyr/observability/feedback_loop/forensic/state_migration_validator.py,,MOD-INF-010,D-OBS,D-OBS-FEEDBACK_LOOP,depgraph_blueprint,high
src/zephyr/observability/feedback_loop/forensic/sub_agent_collusion.py,,MOD-INF-010,D-OBS,D-OBS-FEEDBACK_LOOP,depgraph_blueprint,high
src/zephyr/observability/feedback_loop/forensic/toctou_guard.py,,MOD-INF-010,D-OBS,D-OBS-FEEDBACK_LOOP,depgraph_blueprint,high
src/zephyr/observability/feedback_loop/forensic/worm_write_integrity.py,,MOD-INF-010,D-OBS,D-OBS-FEEDBACK_LOOP,depgraph_blueprint,high
src/zephyr/observability/feedback_loop/gates/__init__.py,,MOD-INF-007,D-GOV,D_GOV_RULE_ENFORCEMENT,depgraph_blueprint,high
src/zephyr/observability/feedback_loop/gates/_governance_gates.py,,MOD-INF-007,D-GOV,D_GOV_RULE_ENFORCEMENT,depgraph_blueprint,high
src/zephyr/observability/feedback_loop/gates/_operational_gates.py,,MOD-INF-007,D-GOV,D_GOV_RULE_ENFORCEMENT,depgraph_blueprint,high
src/zephyr/observability/feedback_loop/gates/_safety_gates.py,,MOD-INF-007,D-GOV,D_GOV_RULE_ENFORCEMENT,depgraph_blueprint,high
src/zephyr/observability/feedback_loop/gates/_security_gates.py,,MOD-INF-007,D-GOV,D_GOV_RULE_ENFORCEMENT,depgraph_blueprint,high
src/zephyr/observability/feedback_loop/gates/action_reversibility.py,,MOD-INF-007,D-GOV,D_GOV_RULE_ENFORCEMENT,depgraph_blueprint,high
src/zephyr/observability/feedback_loop/gates/adversarial_validation.py,,MOD-INF-007,D-GOV,D_GOV_RULE_ENFORCEMENT,depgraph_blueprint,high
src/zephyr/observability/feedback_loop/gates/autonomy_credit.py,,MOD-INF-007,D-GOV,D_GOV_RULE_ENFORCEMENT,depgraph_blueprint,high
src/zephyr/observability/feedback_loop/gates/autonomy_maturity.py,,MOD-INF-007,D-GOV,D_GOV_RULE_ENFORCEMENT,depgraph_blueprint,high
src/zephyr/observability/feedback_loop/gates/blueprint_code_reconciler.py,,MOD-INF-007,D-GOV,D_GOV_RULE_ENFORCEMENT,depgraph_blueprint,high
src/zephyr/observability/feedback_loop/gates/blueprint_validator.py,,MOD-INF-007,D-GOV,D_GOV_RULE_ENFORCEMENT,depgraph_blueprint,high
src/zephyr/observability/feedback_loop/gates/checkpoint_manager.py,,MOD-INF-007,D-GOV,D_GOV_RULE_ENFORCEMENT,depgraph_blueprint,high
src/zephyr/observability/feedback_loop/gates/ci_cd_pre_scanner.py,,MOD-INF-007,D-GOV,D_GOV_RULE_ENFORCEMENT,depgraph_blueprint,high
src/zephyr/observability/feedback_loop/gates/concurrent_change_deconfliction.py,,MOD-INF-007,D-GOV,D_GOV_RULE_ENFORCEMENT,depgraph_blueprint,high
src/zephyr/observability/feedback_loop/gates/config_complexity_budget.py,,MOD-INF-007,D-GOV,D_GOV_RULE_ENFORCEMENT,depgraph_blueprint,high
src/zephyr/observability/feedback_loop/gates/config_governance.py,,MOD-INF-007,D-GOV,D_GOV_RULE_ENFORCEMENT,depgraph_blueprint,high
src/zephyr/observability/feedback_loop/gates/conflict_arbitration.py,,MOD-INF-007,D-GOV,D_GOV_RULE_ENFORCEMENT,depgraph_blueprint,high
src/zephyr/observability/feedback_loop/gates/cve_scanner.py,,MOD-INF-007,D-GOV,D_GOV_RULE_ENFORCEMENT,depgraph_blueprint,high
src/zephyr/observability/feedback_loop/gates/data_quality_gate.py,,MOD-INF-007,D-GOV,D_GOV_RULE_ENFORCEMENT,depgraph_blueprint,high
src/zephyr/observability/feedback_loop/gates/db_integrity.py,,MOD-INF-007,D-GOV,D_GOV_RULE_ENFORCEMENT,depgraph_blueprint,high
src/zephyr/observability/feedback_loop/gates/deployment_suppression.py,,MOD-INF-007,D-GOV,D_GOV_RULE_ENFORCEMENT,depgraph_blueprint,high
src/zephyr/observability/feedback_loop/gates/dynamic_llm_cost_router.py,,MOD-INF-007,D-GOV,D_GOV_RULE_ENFORCEMENT,depgraph_blueprint,high
src/zephyr/observability/feedback_loop/gates/emergency_takeover.py,,MOD-INF-007,D-GOV,D_GOV_RULE_ENFORCEMENT,depgraph_blueprint,high
src/zephyr/observability/feedback_loop/gates/federated_security.py,,MOD-INF-007,D-GOV,D_GOV_RULE_ENFORCEMENT,depgraph_blueprint,high
src/zephyr/observability/feedback_loop/gates/flag_lifecycle_manager.py,,MOD-INF-007,D-GOV,D_GOV_RULE_ENFORCEMENT,depgraph_blueprint,high
src/zephyr/observability/feedback_loop/gates/license_compliance.py,,MOD-INF-007,D-GOV,D_GOV_RULE_ENFORCEMENT,depgraph_blueprint,high
src/zephyr/observability/feedback_loop/gates/llm_cost_router.py,,MOD-INF-007,D-GOV,D_GOV_RULE_ENFORCEMENT,depgraph_blueprint,high
src/zephyr/observability/feedback_loop/gates/merkle_audit_root.py,,MOD-INF-007,D-GOV,D_GOV_RULE_ENFORCEMENT,depgraph_blueprint,high
src/zephyr/observability/feedback_loop/gates/meta_performance_gate.py,,MOD-INF-007,D-GOV,D_GOV_RULE_ENFORCEMENT,depgraph_blueprint,high
src/zephyr/observability/feedback_loop/gates/parameterized_safety_gate.py,,MOD-INF-007,D-GOV,D_GOV_RULE_ENFORCEMENT,depgraph_blueprint,high
src/zephyr/observability/feedback_loop/gates/safety_gate_l1_l27.py,,MOD-INF-007,D-GOV,D_GOV_RULE_ENFORCEMENT,depgraph_blueprint,high
src/zephyr/observability/feedback_loop/gates/safety_gate_l28_l29.py,,MOD-INF-007,D-GOV,D_GOV_RULE_ENFORCEMENT,depgraph_blueprint,high
src/zephyr/observability/feedback_loop/gates/safety_gate_l36_l37.py,,MOD-INF-007,D-GOV,D_GOV_RULE_ENFORCEMENT,depgraph_blueprint,high
src/zephyr/observability/feedback_loop/gates/safety_gate_l38_l39.py,,MOD-INF-007,D-GOV,D_GOV_RULE_ENFORCEMENT,depgraph_blueprint,high
src/zephyr/observability/feedback_loop/gates/safety_gate_l40_l41.py,,MOD-INF-007,D-GOV,D_GOV_RULE_ENFORCEMENT,depgraph_blueprint,high
src/zephyr/observability/feedback_loop/gates/safety_gate_l42_l43.py,,MOD-INF-007,D-GOV,D_GOV_RULE_ENFORCEMENT,depgraph_blueprint,high
src/zephyr/observability/feedback_loop/gates/safety_gate_l44_l45.py,,MOD-INF-007,D-GOV,D_GOV_RULE_ENFORCEMENT,depgraph_blueprint,high
src/zephyr/observability/feedback_loop/gates/safety_gate_l46_l47.py,,MOD-INF-007,D-GOV,D_GOV_RULE_ENFORCEMENT,depgraph_blueprint,high
src/zephyr/observability/feedback_loop/gates/safety_gate_l48_l49.py,,MOD-INF-007,D-GOV,D_GOV_RULE_ENFORCEMENT,depgraph_blueprint,high
src/zephyr/observability/feedback_loop/gates/safety_gate_l50_l51.py,,MOD-INF-007,D-GOV,D_GOV_RULE_ENFORCEMENT,depgraph_blueprint,high
src/zephyr/observability/feedback_loop/gates/safety_gate_l52_l53.py,,MOD-INF-007,D-GOV,D_GOV_RULE_ENFORCEMENT,depgraph_blueprint,high
src/zephyr/observability/feedback_loop/gates/safety_gate_l54_l55.py,,MOD-INF-007,D-GOV,D_GOV_RULE_ENFORCEMENT,depgraph_blueprint,high
src/zephyr/observability/feedback_loop/gates/safety_gate_l56_l57.py,,MOD-INF-007,D-GOV,D_GOV_RULE_ENFORCEMENT,depgraph_blueprint,high
src/zephyr/observability/feedback_loop/gates/safety_gate_l58_l59.py,,MOD-INF-007,D-GOV,D_GOV_RULE_ENFORCEMENT,depgraph_blueprint,high
src/zephyr/observability/feedback_loop/gates/safety_gate_l60_l61.py,,MOD-INF-007,D-GOV,D_GOV_RULE_ENFORCEMENT,depgraph_blueprint,high
src/zephyr/observability/feedback_loop/gates/safety_gate_l62_l63.py,,MOD-INF-007,D-GOV,D_GOV_RULE_ENFORCEMENT,depgraph_blueprint,high
src/zephyr/observability/feedback_loop/gates/safety_gate_l64_l65.py,,MOD-INF-007,D-GOV,D_GOV_RULE_ENFORCEMENT,depgraph_blueprint,high
src/zephyr/observability/feedback_loop/gates/safety_gate_l66_l67.py,,MOD-INF-007,D-GOV,D_GOV_RULE_ENFORCEMENT,depgraph_blueprint,high
src/zephyr/observability/feedback_loop/gates/scope_creep_monitor.py,,MOD-INF-007,D-GOV,D_GOV_RULE_ENFORCEMENT,depgraph_blueprint,high
src/zephyr/observability/feedback_loop/generator.py,,MOD-INF-010,D-OBS,D-OBS-FEEDBACK_LOOP,depgraph_blueprint,high
src/zephyr/observability/feedback_loop/metrics_collector.py,,MOD-INF-010,D-OBS,D-OBS-FEEDBACK_LOOP,depgraph_blueprint,high
src/zephyr/observability/feedback_loop/protocols.py,,MOD-INF-010,D-OBS,D-OBS-FEEDBACK_LOOP,depgraph_blueprint,high
src/zephyr/observability/feedback_loop/resilience/__init__.py,,MOD-INF-010,D-OBS,D-OBS-FEEDBACK_LOOP,depgraph_blueprint,high
src/zephyr/observability/feedback_loop/resilience/config_hot_reload_guard.py,,MOD-INF-010,D-OBS,D-OBS-FEEDBACK_LOOP,depgraph_blueprint,high
src/zephyr/observability/feedback_loop/resilience/deadman_switch.py,,MOD-INF-010,D-OBS,D-OBS-FEEDBACK_LOOP,depgraph_blueprint,high
src/zephyr/observability/feedback_loop/resilience/dr_automation.py,,MOD-INF-010,D-OBS,D-OBS-FEEDBACK_LOOP,depgraph_blueprint,high
src/zephyr/observability/feedback_loop/resilience/graceful_degradation_planner.py,,MOD-INF-010,D-OBS,D-OBS-FEEDBACK_LOOP,depgraph_blueprint,high
src/zephyr/observability/feedback_loop/resilience/multi_instance_coord.py,,MOD-INF-010,D-OBS,D-OBS-FEEDBACK_LOOP,depgraph_blueprint,high
src/zephyr/observability/feedback_loop/resilience/oscillation_damping.py,,MOD-INF-010,D-OBS,D-OBS-FEEDBACK_LOOP,depgraph_blueprint,high
src/zephyr/observability/feedback_loop/resilience/resource_starvation_aware.py,,MOD-INF-010,D-OBS,D-OBS-FEEDBACK_LOOP,depgraph_blueprint,high
src/zephyr/observability/feedback_loop/resilience/self_api_throttle_defense.py,,MOD-INF-010,D-OBS,D-OBS-FEEDBACK_LOOP,depgraph_blueprint,high
src/zephyr/observability/feedback_loop/resilience/split_brain_quorum.py,,MOD-INF-010,D-OBS,D-OBS-FEEDBACK_LOOP,depgraph_blueprint,high
src/zephyr/observability/feedback_loop/scheduler.py,,MOD-INF-010,D-OBS,D-OBS-FEEDBACK_LOOP,depgraph_blueprint,high
src/zephyr/observability/feedback_loop/scheduler_act.py,,MOD-INF-010,D-OBS,D-OBS-FEEDBACK_LOOP,depgraph_blueprint,high
src/zephyr/observability/feedback_loop/scheduler_collect_detect.py,,MOD-INF-010,D-OBS,D-OBS-FEEDBACK_LOOP,depgraph_blueprint,high
src/zephyr/observability/feedback_loop/scheduler_health.py,,MOD-INF-010,D-OBS,D-OBS-FEEDBACK_LOOP,depgraph_blueprint,high
src/zephyr/observability/feedback_loop/scheduler_safety.py,,MOD-INF-010,D-OBS,D-OBS-FEEDBACK_LOOP,depgraph_blueprint,high
src/zephyr/observability/feedback_loop/security/__init__.py,,MOD-INF-010,D-OBS,D-OBS-FEEDBACK_LOOP,depgraph_blueprint,high
src/zephyr/observability/feedback_loop/security/agent_skill_guard.py,,MOD-INF-010,D-OBS,D-OBS-FEEDBACK_LOOP,depgraph_blueprint,high
src/zephyr/observability/feedback_loop/security/dep_cve_correlator.py,,MOD-INF-010,D-OBS,D-OBS-FEEDBACK_LOOP,depgraph_blueprint,high
src/zephyr/observability/feedback_loop/security/metric_prompt_scanner.py,,MOD-INF-010,D-OBS,D-OBS-FEEDBACK_LOOP,depgraph_blueprint,high
src/zephyr/observability/feedback_loop/security/remote_attestation.py,,MOD-INF-010,D-OBS,D-OBS-FEEDBACK_LOOP,depgraph_blueprint,high
src/zephyr/observability/feedback_loop/security/secret_rotation.py,,MOD-INF-010,D-OBS,D-OBS-FEEDBACK_LOOP,depgraph_blueprint,high
src/zephyr/observability/feedback_loop/security/wireheading_prevention.py,,MOD-INF-010,D-OBS,D-OBS-FEEDBACK_LOOP,depgraph_blueprint,high
src/zephyr/observability/feedback_loop/slo_manager.py,,MOD-INF-010,D-OBS,D-OBS-FEEDBACK_LOOP,depgraph_blueprint,high
src/zephyr/observability/feedback_loop/subdir/__init__.py,,docs/03_modules/_cross_layer/feedback-loop/blueprint.md,D-OBS,D-OBS-FEEDBACK_LOOP,depgraph_domain,high
src/zephyr/observability/feedback_loop/subdir/test_file.py,,docs/03_modules/_cross_layer/feedback-loop/blueprint.md,D-OBS,D-OBS-FEEDBACK_LOOP,depgraph_domain,high
src/zephyr/observability/feedback_loop/template.py,,MOD-INF-010,D-OBS,D-OBS-FEEDBACK_LOOP,depgraph_blueprint,high
src/zephyr/observability/feedback_loop/tests/e2e/__init__.py,,MOD-INF-010,D-OBS,D-OBS-FEEDBACK_LOOP,depgraph_blueprint,high
src/zephyr/observability/feedback_loop/tests/e2e/integration_test_pipeline.py,,MOD-INF-010,D-OBS,D-OBS-FEEDBACK_LOOP,depgraph_blueprint,high
src/zephyr/observability/feedback_loop/validator.py,,MOD-INF-010,D-OBS,D-OBS-FEEDBACK_LOOP,depgraph_blueprint,high
src/zephyr/observability/feedback_loop/verifiers/__init__.py,,MOD-INF-010,D-OBS,D-OBS-FEEDBACK_LOOP,depgraph_blueprint,high
src/zephyr/observability/feedback_loop/verifiers/ab_test.py,,MOD-INF-010,D-OBS,D-OBS-FEEDBACK_LOOP,depgraph_blueprint,high
src/zephyr/observability/feedback_loop/verifiers/action_explainability.py,,MOD-INF-010,D-OBS,D-OBS-FEEDBACK_LOOP,depgraph_blueprint,high
src/zephyr/observability/feedback_loop/verifiers/ai_comment_veracity.py,,MOD-INF-010,D-OBS,D-OBS-FEEDBACK_LOOP,depgraph_blueprint,high
src/zephyr/observability/feedback_loop/verifiers/attack_simulator.py,,MOD-INF-010,D-OBS,D-OBS-FEEDBACK_LOOP,depgraph_blueprint,high
src/zephyr/observability/feedback_loop/verifiers/auto_rollback.py,,MOD-INF-010,D-OBS,D-OBS-FEEDBACK_LOOP,depgraph_blueprint,high
src/zephyr/observability/feedback_loop/verifiers/build_reproducibility_verifier.py,,MOD-INF-010,D-OBS,D-OBS-FEEDBACK_LOOP,depgraph_blueprint,high
src/zephyr/observability/feedback_loop/verifiers/canary_repair.py,,MOD-INF-010,D-OBS,D-OBS-FEEDBACK_LOOP,depgraph_blueprint,high
src/zephyr/observability/feedback_loop/verifiers/cascading_rollback_analyzer.py,,MOD-INF-010,D-OBS,D-OBS-FEEDBACK_LOOP,depgraph_blueprint,high
src/zephyr/observability/feedback_loop/verifiers/cross_blueprint_contract_drift.py,,MOD-INF-010,D-OBS,D-OBS-FEEDBACK_LOOP,depgraph_blueprint,high
src/zephyr/observability/feedback_loop/verifiers/cross_module_integration.py,,MOD-INF-010,D-OBS,D-OBS-FEEDBACK_LOOP,depgraph_blueprint,high
src/zephyr/observability/feedback_loop/verifiers/cross_session_knowledge_integrity.py,,MOD-INF-010,D-OBS,D-OBS-FEEDBACK_LOOP,depgraph_blueprint,high
src/zephyr/observability/feedback_loop/verifiers/digital_twin_sandbox.py,,MOD-INF-010,D-OBS,D-OBS-FEEDBACK_LOOP,depgraph_blueprint,high
src/zephyr/observability/feedback_loop/verifiers/dry_run_sandbox.py,,MOD-INF-010,D-OBS,D-OBS-FEEDBACK_LOOP,depgraph_blueprint,high
src/zephyr/observability/feedback_loop/verifiers/federated_protocol.py,,MOD-INF-010,D-OBS,D-OBS-FEEDBACK_LOOP,depgraph_blueprint,high
src/zephyr/observability/feedback_loop/verifiers/golden_test_external.py,,MOD-INF-010,D-OBS,D-OBS-FEEDBACK_LOOP,depgraph_blueprint,high
src/zephyr/observability/feedback_loop/verifiers/no_llm_degradation.py,,MOD-INF-010,D-OBS,D-OBS-FEEDBACK_LOOP,depgraph_blueprint,high
src/zephyr/observability/feedback_loop/verifiers/pre_flight_simulator.py,,MOD-INF-010,D-OBS,D-OBS-FEEDBACK_LOOP,depgraph_blueprint,high
src/zephyr/observability/feedback_loop/verifiers/preventive_repair.py,,MOD-INF-010,D-OBS,D-OBS-FEEDBACK_LOOP,depgraph_blueprint,high
src/zephyr/observability/feedback_loop/verifiers/rollback_integrity.py,,MOD-INF-010,D-OBS,D-OBS-FEEDBACK_LOOP,depgraph_blueprint,high
src/zephyr/observability/feedback_loop/verifiers/sim2real_calibration.py,,MOD-INF-010,D-OBS,D-OBS-FEEDBACK_LOOP,depgraph_blueprint,high
src/zephyr/observability/feedback_loop/verifiers/stochastic_diagnosis_verifier.py,,MOD-INF-010,D-OBS,D-OBS-FEEDBACK_LOOP,depgraph_blueprint,high
src/zephyr/observability/feedback_loop/verifiers/toctou_revalidation.py,,MOD-INF-010,D-OBS,D-OBS-FEEDBACK_LOOP,depgraph_blueprint,high
src/zephyr/observability/feedback_loop/verifiers/verification_engine.py,,MOD-INF-010,D-OBS,D-OBS-FEEDBACK_LOOP,depgraph_blueprint,high
src/zephyr/observability/telemetry/__init__.py,,MOD-INF-015,D-OBS,D-OBS-TELEMETRY,depgraph_blueprint,high
src/zephyr/observability/telemetry/_budget_telemetry_bridge.py,,MOD-INF-015,D-OBS,D-OBS-TELEMETRY,depgraph_blueprint,high
src/zephyr/observability/telemetry/_trace_bridge.py,,MOD-INF-015,D-OBS,D-OBS-TELEMETRY,depgraph_blueprint,high
src/zephyr/observability/telemetry/ai_behavior/__init__.py,,MOD-INF-015,D-OBS,D-OBS-TELEMETRY,depgraph_blueprint,high
src/zephyr/observability/telemetry/ai_behavior/event_sink.py,,MOD-INF-015,D-OBS,D-OBS-TELEMETRY,depgraph_blueprint,high
src/zephyr/observability/telemetry/alerts/__init__.py,,MOD-INF-015,D-OBS,D-OBS-TELEMETRY,depgraph_blueprint,high
src/zephyr/observability/telemetry/archive/__init__.py,,MOD-INF-015,D-OBS,D-OBS-TELEMETRY,depgraph_blueprint,high
src/zephyr/observability/telemetry/archive/cold_stub.py,,MOD-INF-015,D-OBS,D-OBS-TELEMETRY,depgraph_blueprint,high
src/zephyr/observability/telemetry/auto_bootstrap.py,,MOD-INF-015,D-OBS,D-OBS-TELEMETRY,depgraph_blueprint,high
src/zephyr/observability/telemetry/contract_metrics.py,,MOD-INF-015,D-OBS,D-OBS-TELEMETRY,depgraph_blueprint,high
src/zephyr/observability/telemetry/facade.py,,MOD-INF-015,D-OBS,D-OBS-TELEMETRY,depgraph_blueprint,high
src/zephyr/observability/telemetry/health/__init__.py,,MOD-INF-015,D-OBS,D-OBS-TELEMETRY,depgraph_blueprint,high
src/zephyr/observability/telemetry/health_aggregator.py,,MOD-INF-015,D-OBS,D-OBS-TELEMETRY,depgraph_blueprint,high
src/zephyr/observability/telemetry/health_probes.py,,MOD-INF-015,D-OBS,D-OBS-TELEMETRY,depgraph_blueprint,high
src/zephyr/observability/telemetry/metrics/__init__.py,,MOD-INF-015,D-OBS,D-OBS-TELEMETRY,depgraph_blueprint,high
src/zephyr/observability/telemetry/metrics/blueprint_metrics.py,,MOD-INF-015,D-OBS,D-OBS-TELEMETRY,depgraph_blueprint,high
src/zephyr/observability/telemetry/monitoring_stack/__init__.py,,MOD-INF-015,D-OBS,D-OBS-TELEMETRY,ssot_path_prefix,high
src/zephyr/observability/telemetry/profiles/__init__.py,,MOD-INF-015,D-OBS,D-OBS-TELEMETRY,depgraph_blueprint,high
src/zephyr/observability/telemetry/schema/__init__.py,,MOD-INF-015,D-OBS,D-OBS-TELEMETRY,depgraph_blueprint,high
src/zephyr/observability/telemetry/span_stub.py,,MOD-INF-015,D-OBS,D-OBS-TELEMETRY,ssot_path_prefix,high
src/zephyr/observability/telemetry/traces/__init__.py,,MOD-INF-015,D-OBS,D-OBS-TELEMETRY,depgraph_blueprint,high
src/zephyr/observability/telemetry/traces/span_stub.py,,MOD-INF-015,D-OBS,D-OBS-TELEMETRY,depgraph_blueprint,high
src/zephyr/observability/telemetry/watchdog.py,,MOD-INF-015,D-OBS,D-OBS-TELEMETRY,depgraph_blueprint,high
src/zephyr/orchestration/__init__.py,,,D-DATA,D-DATA-KNOWLEDGE_MANAGEMENT,depgraph_domain_fallback,medium
src/zephyr/orchestration/agent_communication/__init__.py,,MOD-INF-025,D-ORCH,D-ORCH-AGENT_COMMUNICATION,depgraph_blueprint,high
src/zephyr/orchestration/agent_communication/a2a_card_registry.py,,MOD-INF-025,D-ORCH,D-ORCH-AGENT_COMMUNICATION,depgraph_blueprint,high
src/zephyr/orchestration/agent_communication/governance/__init__.py,,MOD-INF-025,D-ORCH,D-ORCH-AGENT_COMMUNICATION,depgraph_blueprint,high
src/zephyr/orchestration/agent_communication/governance/auditor.py,,MOD-INF-025,D-ORCH,D-ORCH-AGENT_COMMUNICATION,depgraph_blueprint,high
src/zephyr/orchestration/agent_communication/governance/governance_adapter.py,,MOD-INF-025,D-ORCH,D-ORCH-AGENT_COMMUNICATION,depgraph_blueprint,high
src/zephyr/orchestration/agent_communication/governance/phase_hold.py,,MOD-INF-025,D-ORCH,D-ORCH-AGENT_COMMUNICATION,depgraph_blueprint,high
src/zephyr/orchestration/agent_communication/governance/protocol.py,,MOD-INF-025,D-ORCH,D-ORCH-AGENT_COMMUNICATION,depgraph_blueprint,high
src/zephyr/orchestration/agent_communication/layer1_discovery/__init__.py,,MOD-INF-025,D-ORCH,D-ORCH-AGENT_COMMUNICATION,depgraph_blueprint,high
src/zephyr/orchestration/agent_communication/layer1_discovery/a2a_registry.py,,MOD-INF-025,D-ORCH,D-ORCH-AGENT_COMMUNICATION,depgraph_blueprint,high
src/zephyr/orchestration/agent_communication/layer1_discovery/agent_card.py,,MOD-INF-025,D-ORCH,D-ORCH-AGENT_COMMUNICATION,depgraph_blueprint,high
src/zephyr/orchestration/agent_communication/layer1_discovery/identity_verifier.py,,MOD-INF-025,D-ORCH,D-ORCH-AGENT_COMMUNICATION,depgraph_blueprint,high
src/zephyr/orchestration/agent_communication/layer2_communication/__init__.py,,MOD-INF-025,D-ORCH,D-ORCH-AGENT_COMMUNICATION,depgraph_blueprint,high
src/zephyr/orchestration/agent_communication/layer2_communication/a2a_schemas.py,,MOD-INF-025,D-ORCH,D-ORCH-AGENT_COMMUNICATION,depgraph_blueprint,high
src/zephyr/orchestration/agent_communication/layer2_communication/a2a_state.py,,MOD-INF-025,D-ORCH,D-ORCH-AGENT_COMMUNICATION,depgraph_blueprint,high
src/zephyr/orchestration/agent_communication/layer2_communication/context_package.py,,MOD-INF-025,D-ORCH,D-ORCH-AGENT_COMMUNICATION,depgraph_blueprint,high
src/zephyr/orchestration/agent_communication/layer2_communication/handoff_manager.py,,MOD-INF-025,D-ORCH,D-ORCH-AGENT_COMMUNICATION,depgraph_blueprint,high
src/zephyr/orchestration/agent_communication/layer2_communication/message_router.py,,MOD-INF-025,D-ORCH,D-ORCH-AGENT_COMMUNICATION,depgraph_blueprint,high
src/zephyr/orchestration/agent_communication/layer2_communication/push_notifier.py,,MOD-INF-025,D-ORCH,D-ORCH-AGENT_COMMUNICATION,depgraph_blueprint,high
src/zephyr/orchestration/agent_communication/layer2_communication/streaming.py,,MOD-INF-025,D-ORCH,D-ORCH-AGENT_COMMUNICATION,depgraph_blueprint,high
src/zephyr/orchestration/agent_communication/layer2_communication/trigger_monitor.py,,MOD-INF-025,D-ORCH,D-ORCH-AGENT_COMMUNICATION,depgraph_blueprint,high
src/zephyr/orchestration/agent_communication/layer3_coordination/__init__.py,,MOD-INF-025,D-ORCH,D-ORCH-AGENT_COMMUNICATION,depgraph_blueprint,high
src/zephyr/orchestration/agent_communication/layer3_coordination/a2a_anomaly_detector.py,,MOD-INF-025,D-ORCH,D-ORCH-AGENT_COMMUNICATION,depgraph_blueprint,high
src/zephyr/orchestration/agent_communication/layer3_coordination/a2a_behavior_fingerprint.py,,MOD-INF-025,D-ORCH,D-ORCH-AGENT_COMMUNICATION,depgraph_blueprint,high
src/zephyr/orchestration/agent_communication/layer3_coordination/a2a_blame_attribution.py,,MOD-INF-025,D-ORCH,D-ORCH-AGENT_COMMUNICATION,depgraph_blueprint,high
src/zephyr/orchestration/agent_communication/layer3_coordination/a2a_carbon.py,,MOD-INF-025,D-ORCH,D-ORCH-AGENT_COMMUNICATION,depgraph_blueprint,high
src/zephyr/orchestration/agent_communication/layer3_coordination/a2a_causal_trace.py,,MOD-INF-025,D-ORCH,D-ORCH-AGENT_COMMUNICATION,depgraph_blueprint,high
src/zephyr/orchestration/agent_communication/layer3_coordination/a2a_checkpoint.py,,MOD-INF-025,D-ORCH,D-ORCH-AGENT_COMMUNICATION,depgraph_blueprint,high
src/zephyr/orchestration/agent_communication/layer3_coordination/a2a_collusion_detector.py,,MOD-INF-025,D-ORCH,D-ORCH-AGENT_COMMUNICATION,depgraph_blueprint,high
src/zephyr/orchestration/agent_communication/layer3_coordination/a2a_consent.py,,MOD-INF-025,D-ORCH,D-ORCH-AGENT_COMMUNICATION,depgraph_blueprint,high
src/zephyr/orchestration/agent_communication/layer3_coordination/a2a_constitutional.py,,MOD-INF-025,D-ORCH,D-ORCH-AGENT_COMMUNICATION,depgraph_blueprint,high
src/zephyr/orchestration/agent_communication/layer3_coordination/a2a_context_rot.py,,MOD-INF-025,D-ORCH,D-ORCH-AGENT_COMMUNICATION,depgraph_blueprint,high
src/zephyr/orchestration/agent_communication/layer3_coordination/a2a_cross_agent_semantic_flow.py,,MOD-INF-025,D-ORCH,D-ORCH-AGENT_COMMUNICATION,depgraph_blueprint,high
src/zephyr/orchestration/agent_communication/layer3_coordination/a2a_dashboard.py,,MOD-INF-025,D-ORCH,D-ORCH-AGENT_COMMUNICATION,depgraph_blueprint,high
src/zephyr/orchestration/agent_communication/layer3_coordination/a2a_debate.py,,MOD-INF-025,D-ORCH,D-ORCH-AGENT_COMMUNICATION,depgraph_blueprint,high
src/zephyr/orchestration/agent_communication/layer3_coordination/a2a_delegation_chain.py,,MOD-INF-025,D-ORCH,D-ORCH-AGENT_COMMUNICATION,depgraph_blueprint,high
src/zephyr/orchestration/agent_communication/layer3_coordination/a2a_economics.py,,MOD-INF-025,D-ORCH,D-ORCH-AGENT_COMMUNICATION,depgraph_blueprint,high
src/zephyr/orchestration/agent_communication/layer3_coordination/a2a_forgetting.py,,MOD-INF-025,D-ORCH,D-ORCH-AGENT_COMMUNICATION,depgraph_blueprint,high
src/zephyr/orchestration/agent_communication/layer3_coordination/a2a_formal_verification.py,,MOD-INF-025,D-ORCH,D-ORCH-AGENT_COMMUNICATION,depgraph_blueprint,high
src/zephyr/orchestration/agent_communication/layer3_coordination/a2a_frame_negotiation.py,,MOD-INF-025,D-ORCH,D-ORCH-AGENT_COMMUNICATION,depgraph_blueprint,high
src/zephyr/orchestration/agent_communication/layer3_coordination/a2a_governance_adapter.py,,MOD-INF-025,D-ORCH,D-ORCH-AGENT_COMMUNICATION,depgraph_blueprint,high
src/zephyr/orchestration/agent_communication/layer3_coordination/a2a_hardware_router.py,,MOD-INF-025,D-ORCH,D-ORCH-AGENT_COMMUNICATION,depgraph_blueprint,high
src/zephyr/orchestration/agent_communication/layer3_coordination/a2a_hibernate.py,,MOD-INF-025,D-ORCH,D-ORCH-AGENT_COMMUNICATION,depgraph_blueprint,high
src/zephyr/orchestration/agent_communication/layer3_coordination/a2a_idempotency.py,,MOD-INF-025,D-ORCH,D-ORCH-AGENT_COMMUNICATION,depgraph_blueprint,high
src/zephyr/orchestration/agent_communication/layer3_coordination/a2a_idle_guard.py,,MOD-INF-025,D-ORCH,D-ORCH-AGENT_COMMUNICATION,depgraph_blueprint,high
src/zephyr/orchestration/agent_communication/layer3_coordination/a2a_immune.py,,MOD-INF-025,D-ORCH,D-ORCH-AGENT_COMMUNICATION,depgraph_blueprint,high
src/zephyr/orchestration/agent_communication/layer3_coordination/a2a_knowledge_distill.py,,MOD-INF-025,D-ORCH,D-ORCH-AGENT_COMMUNICATION,depgraph_blueprint,high
src/zephyr/orchestration/agent_communication/layer3_coordination/a2a_latent_comm.py,,MOD-INF-025,D-ORCH,D-ORCH-AGENT_COMMUNICATION,depgraph_blueprint,high
src/zephyr/orchestration/agent_communication/layer3_coordination/a2a_metrics.py,,MOD-INF-025,D-ORCH,D-ORCH-AGENT_COMMUNICATION,depgraph_blueprint,high
src/zephyr/orchestration/agent_communication/layer3_coordination/a2a_negotiation.py,,MOD-INF-025,D-ORCH,D-ORCH-AGENT_COMMUNICATION,depgraph_blueprint,high
src/zephyr/orchestration/agent_communication/layer3_coordination/a2a_protocol_gateway.py,,MOD-INF-025,D-ORCH,D-ORCH-AGENT_COMMUNICATION,depgraph_blueprint,high
src/zephyr/orchestration/agent_communication/layer3_coordination/a2a_protocol_security.py,,MOD-INF-025,D-ORCH,D-ORCH-AGENT_COMMUNICATION,depgraph_blueprint,high
src/zephyr/orchestration/agent_communication/layer3_coordination/a2a_red_team.py,,MOD-INF-025,D-ORCH,D-ORCH-AGENT_COMMUNICATION,depgraph_blueprint,high
src/zephyr/orchestration/agent_communication/layer3_coordination/a2a_saga.py,,MOD-INF-025,D-ORCH,D-ORCH-AGENT_COMMUNICATION,depgraph_blueprint,high
src/zephyr/orchestration/agent_communication/layer3_coordination/a2a_security.py,,MOD-INF-025,D-ORCH,D-ORCH-AGENT_COMMUNICATION,depgraph_blueprint,high
src/zephyr/orchestration/agent_communication/layer3_coordination/a2a_temporal_admission.py,,MOD-INF-025,D-ORCH,D-ORCH-AGENT_COMMUNICATION,depgraph_blueprint,high
src/zephyr/orchestration/agent_communication/layer3_coordination/a2a_tracing.py,,MOD-INF-025,D-ORCH,D-ORCH-AGENT_COMMUNICATION,depgraph_blueprint,high
src/zephyr/orchestration/agent_communication/layer3_coordination/a2a_vector_reputation.py,,MOD-INF-025,D-ORCH,D-ORCH-AGENT_COMMUNICATION,depgraph_blueprint,high
src/zephyr/orchestration/agent_communication/layer3_coordination/a2a_voting.py,,MOD-INF-025,D-ORCH,D-ORCH-AGENT_COMMUNICATION,depgraph_blueprint,high
src/zephyr/orchestration/agent_communication/layer3_coordination/a2a_work_steal.py,,MOD-INF-025,D-ORCH,D-ORCH-AGENT_COMMUNICATION,depgraph_blueprint,high
src/zephyr/orchestration/agent_communication/layer3_coordination/arbitrator.py,,MOD-INF-025,D-ORCH,D-ORCH-AGENT_COMMUNICATION,depgraph_blueprint,high
src/zephyr/orchestration/agent_communication/layer3_coordination/cascade_guard.py,,MOD-INF-025,D-ORCH,D-ORCH-AGENT_COMMUNICATION,depgraph_blueprint,high
src/zephyr/orchestration/agent_communication/layer3_coordination/conflict_detector.py,,MOD-INF-025,D-ORCH,D-ORCH-AGENT_COMMUNICATION,depgraph_blueprint,high
src/zephyr/orchestration/agent_communication/layer3_coordination/construction_verifier.py,,MOD-INF-025,D-ORCH,D-ORCH-AGENT_COMMUNICATION,depgraph_blueprint,high
src/zephyr/orchestration/agent_communication/layer3_coordination/deadlock_guard.py,,MOD-INF-025,D-ORCH,D-ORCH-AGENT_COMMUNICATION,depgraph_blueprint,high
src/zephyr/orchestration/agent_communication/layer3_coordination/livelock_detector.py,,MOD-INF-025,D-ORCH,D-ORCH-AGENT_COMMUNICATION,depgraph_blueprint,high
src/zephyr/orchestration/agent_communication/layer3_coordination/semantic_diff.py,,MOD-INF-025,D-ORCH,D-ORCH-AGENT_COMMUNICATION,depgraph_blueprint,high
src/zephyr/orchestration/agent_communication/layer3_coordination/session_smuggling_defense.py,,MOD-INF-025,D-ORCH,D-ORCH-AGENT_COMMUNICATION,depgraph_blueprint,high
src/zephyr/orchestration/agent_communication/layer3_coordination/spec_sync.py,,MOD-INF-025,D-ORCH,D-ORCH-AGENT_COMMUNICATION,depgraph_blueprint,high
src/zephyr/orchestration/agent_communication/layer3_coordination/supervisor.py,,MOD-INF-025,D-ORCH,D-ORCH-AGENT_COMMUNICATION,depgraph_blueprint,high
src/zephyr/orchestration/agent_communication/legacy_auditor.py,,MOD-INF-025,D-ORCH,D-ORCH-AGENT_COMMUNICATION,depgraph_blueprint,high
src/zephyr/orchestration/agent_communication/legacy_governance_adapter.py,,MOD-INF-025,D-ORCH,D-ORCH-AGENT_COMMUNICATION,depgraph_blueprint,high
src/zephyr/orchestration/agent_communication/legacy_protocol.py,,MOD-INF-025,D-ORCH,D-ORCH-AGENT_COMMUNICATION,depgraph_blueprint,high
src/zephyr/orchestration/agent_communication/local_first_arch.py,,MOD-INF-025,D-ORCH,D-ORCH-AGENT_COMMUNICATION,depgraph_blueprint,high
src/zephyr/orchestration/agent_communication/market_data_pipeline.py,,MOD-INF-025,D-ORCH,D-ORCH-AGENT_COMMUNICATION,depgraph_blueprint,high
src/zephyr/orchestration/agent_communication/migration_strategy.py,,MOD-INF-025,D-ORCH,D-ORCH-AGENT_COMMUNICATION,depgraph_blueprint,high
src/zephyr/orchestration/agent_communication/multi_agent.py,,MOD-INF-025,D-ORCH,D-ORCH-AGENT_COMMUNICATION,depgraph_blueprint,high
src/zephyr/orchestration/agent_communication/multi_model_consensus.py,,MOD-INF-025,D-ORCH,D-ORCH-AGENT_COMMUNICATION,depgraph_blueprint,high
src/zephyr/orchestration/agent_communication/offline_autonomy.py,,MOD-INF-025,D-ORCH,D-ORCH-AGENT_COMMUNICATION,depgraph_blueprint,high
src/zephyr/orchestration/agent_communication/offline_resilience.py,,MOD-INF-025,D-ORCH,D-ORCH-AGENT_COMMUNICATION,depgraph_blueprint,high
src/zephyr/orchestration/agent_communication/phase_hold.py,,MOD-INF-025,D-ORCH,D-ORCH-AGENT_COMMUNICATION,depgraph_blueprint,high
src/zephyr/orchestration/agent_communication/prompt_lifecycle.py,,MOD-INF-025,D-ORCH,D-ORCH-AGENT_COMMUNICATION,depgraph_blueprint,high
src/zephyr/orchestration/agent_communication/realtime_streaming.py,,MOD-INF-025,D-ORCH,D-ORCH-AGENT_COMMUNICATION,depgraph_blueprint,high
src/zephyr/orchestration/agent_lifecycle/__init__.py,,MOD-INF-019,D-ORCH,D-ORCH-AGENT_LIFECYCLE,depgraph_blueprint,high
src/zephyr/orchestration/agent_lifecycle/__main__.py,,MOD-INF-019,D-ORCH,D-ORCH-AGENT_LIFECYCLE,depgraph_blueprint,high
src/zephyr/orchestration/agent_lifecycle/agent_observability.py,,MOD-INF-019,D-ORCH,D-ORCH-AGENT_LIFECYCLE,depgraph_blueprint,high
src/zephyr/orchestration/agent_lifecycle/all_skill_modules.py,,MOD-INF-019,D-ORCH,D-ORCH-AGENT_LIFECYCLE,depgraph_blueprint,high
src/zephyr/orchestration/agent_lifecycle/context_optimizer.py,,MOD-INF-019,D-ORCH,D-ORCH-AGENT_LIFECYCLE,depgraph_blueprint,high
src/zephyr/orchestration/agent_lifecycle/engine.py,,MOD-INF-019,D-ORCH,D-ORCH-AGENT_LIFECYCLE,depgraph_blueprint,high
src/zephyr/orchestration/agent_lifecycle/file_autoregister.py,,MOD-INF-019,D-ORCH,D-ORCH-AGENT_LIFECYCLE,depgraph_blueprint,high
src/zephyr/orchestration/agent_lifecycle/file_autorregister.py,,MOD-INF-019,D-ORCH,D-ORCH-AGENT_LIFECYCLE,depgraph_blueprint,high
src/zephyr/orchestration/agent_lifecycle/ide_watcher.py,,MOD-INF-019,D-ORCH,D-ORCH-AGENT_LIFECYCLE,depgraph_blueprint,high
src/zephyr/orchestration/agent_lifecycle/integration/__init__.py,,MOD-INF-019,D-ORCH,D-ORCH-AGENT_LIFECYCLE,depgraph_blueprint,high
src/zephyr/orchestration/agent_lifecycle/integration/pipeline_bridge.py,,MOD-INF-019,D-ORCH,D-ORCH-AGENT_LIFECYCLE,depgraph_blueprint,high
src/zephyr/orchestration/agent_lifecycle/llm_gateway.py,,MOD-INF-019,D-ORCH,D-ORCH-AGENT_LIFECYCLE,depgraph_blueprint,high
src/zephyr/orchestration/agent_lifecycle/phase_planner.py,,MOD-INF-019,D-ORCH,D-ORCH-AGENT_LIFECYCLE,depgraph_blueprint,high
src/zephyr/orchestration/agent_lifecycle/registry.py,,MOD-INF-019,D-ORCH,D-ORCH-AGENT_LIFECYCLE,depgraph_blueprint,high
src/zephyr/orchestration/agent_lifecycle/self_evolution_fidelity_gate.py,,MOD-INF-019,D-ORCH,D-ORCH-AGENT_LIFECYCLE,depgraph_blueprint,high
src/zephyr/orchestration/agent_lifecycle/skill_attention.py,,MOD-INF-019,D-ORCH,D-ORCH-AGENT_LIFECYCLE,depgraph_blueprint,high
src/zephyr/orchestration/agent_lifecycle/skill_breakage_checker.py,,MOD-INF-019,D-ORCH,D-ORCH-AGENT_LIFECYCLE,depgraph_blueprint,high
src/zephyr/orchestration/agent_lifecycle/skill_cache_provider.py,,MOD-INF-019,D-ORCH,D-ORCH-AGENT_LIFECYCLE,depgraph_blueprint,high
src/zephyr/orchestration/agent_lifecycle/skill_calibration.py,,MOD-INF-019,D-ORCH,D-ORCH-AGENT_LIFECYCLE,depgraph_blueprint,high
src/zephyr/orchestration/agent_lifecycle/skill_canary.py,,MOD-INF-019,D-ORCH,D-ORCH-AGENT_LIFECYCLE,depgraph_blueprint,high
src/zephyr/orchestration/agent_lifecycle/skill_cognitive_preservation.py,,MOD-INF-019,D-ORCH,D-ORCH-AGENT_LIFECYCLE,depgraph_blueprint,high
src/zephyr/orchestration/agent_lifecycle/skill_compliance.py,,MOD-INF-019,D-ORCH,D-ORCH-AGENT_LIFECYCLE,depgraph_blueprint,high
src/zephyr/orchestration/agent_lifecycle/skill_consensus.py,,MOD-INF-019,D-ORCH,D-ORCH-AGENT_LIFECYCLE,depgraph_blueprint,high
src/zephyr/orchestration/agent_lifecycle/skill_constructor.py,,MOD-INF-019,D-ORCH,D-ORCH-AGENT_LIFECYCLE,depgraph_blueprint,high
src/zephyr/orchestration/agent_lifecycle/skill_context_isolation.py,,MOD-INF-019,D-ORCH,D-ORCH-AGENT_LIFECYCLE,depgraph_blueprint,high
src/zephyr/orchestration/agent_lifecycle/skill_contract.py,,MOD-INF-019,D-ORCH,D-ORCH-AGENT_LIFECYCLE,depgraph_blueprint,high
src/zephyr/orchestration/agent_lifecycle/skill_cross_model.py,,MOD-INF-019,D-ORCH,D-ORCH-AGENT_LIFECYCLE,depgraph_blueprint,high
src/zephyr/orchestration/agent_lifecycle/skill_di.py,,MOD-INF-019,D-ORCH,D-ORCH-AGENT_LIFECYCLE,depgraph_blueprint,high
src/zephyr/orchestration/agent_lifecycle/skill_discovery.py,,MOD-INF-019,D-ORCH,D-ORCH-AGENT_LIFECYCLE,depgraph_blueprint,high
src/zephyr/orchestration/agent_lifecycle/skill_durable.py,,MOD-INF-019,D-ORCH,D-ORCH-AGENT_LIFECYCLE,depgraph_blueprint,high
src/zephyr/orchestration/agent_lifecycle/skill_economics.py,,MOD-INF-019,D-ORCH,D-ORCH-AGENT_LIFECYCLE,depgraph_blueprint,high
src/zephyr/orchestration/agent_lifecycle/skill_efficacy_calibrator.py,,MOD-INF-019,D-ORCH,D-ORCH-AGENT_LIFECYCLE,depgraph_blueprint,high
src/zephyr/orchestration/agent_lifecycle/skill_evaluator.py,,MOD-INF-019,D-ORCH,D-ORCH-AGENT_LIFECYCLE,depgraph_blueprint,high
src/zephyr/orchestration/agent_lifecycle/skill_executor.py,,MOD-INF-019,D-ORCH,D-ORCH-AGENT_LIFECYCLE,depgraph_blueprint,high
src/zephyr/orchestration/agent_lifecycle/skill_explain.py,,MOD-INF-019,D-ORCH,D-ORCH-AGENT_LIFECYCLE,depgraph_blueprint,high
src/zephyr/orchestration/agent_lifecycle/skill_factory.py,,MOD-INF-019,D-ORCH,D-ORCH-AGENT_LIFECYCLE,depgraph_blueprint,high
src/zephyr/orchestration/agent_lifecycle/skill_feature_flags.py,,MOD-INF-019,D-ORCH,D-ORCH-AGENT_LIFECYCLE,depgraph_blueprint,high
src/zephyr/orchestration/agent_lifecycle/skill_feedback.py,,MOD-INF-019,D-ORCH,D-ORCH-AGENT_LIFECYCLE,depgraph_blueprint,high
src/zephyr/orchestration/agent_lifecycle/skill_freshness.py,,MOD-INF-019,D-ORCH,D-ORCH-AGENT_LIFECYCLE,depgraph_blueprint,high
src/zephyr/orchestration/agent_lifecycle/skill_freshness_ext.py,,MOD-INF-019,D-ORCH,D-ORCH-AGENT_LIFECYCLE,depgraph_blueprint,high
src/zephyr/orchestration/agent_lifecycle/skill_gitops.py,,MOD-INF-019,D-ORCH,D-ORCH-AGENT_LIFECYCLE,depgraph_blueprint,high
src/zephyr/orchestration/agent_lifecycle/skill_guardrails.py,,MOD-INF-019,D-ORCH,D-ORCH-AGENT_LIFECYCLE,depgraph_blueprint,high
src/zephyr/orchestration/agent_lifecycle/skill_idempotency.py,,MOD-INF-019,D-ORCH,D-ORCH-AGENT_LIFECYCLE,depgraph_blueprint,high
src/zephyr/orchestration/agent_lifecycle/skill_kill_switch.py,,MOD-INF-019,D-ORCH,D-ORCH-AGENT_LIFECYCLE,depgraph_blueprint,high
src/zephyr/orchestration/agent_lifecycle/skill_knowledge_base.py,,MOD-INF-019,D-ORCH,D-ORCH-AGENT_LIFECYCLE,depgraph_blueprint,high
src/zephyr/orchestration/agent_lifecycle/skill_kya.py,,MOD-INF-019,D-ORCH,D-ORCH-AGENT_LIFECYCLE,depgraph_blueprint,high
src/zephyr/orchestration/agent_lifecycle/skill_learning.py,,MOD-INF-019,D-ORCH,D-ORCH-AGENT_LIFECYCLE,depgraph_blueprint,high
src/zephyr/orchestration/agent_lifecycle/skill_lifecycle.py,,MOD-INF-019,D-ORCH,D-ORCH-AGENT_LIFECYCLE,depgraph_blueprint,high
src/zephyr/orchestration/agent_lifecycle/skill_lineage.py,,MOD-INF-019,D-ORCH,D-ORCH-AGENT_LIFECYCLE,depgraph_blueprint,high
src/zephyr/orchestration/agent_lifecycle/skill_loader.py,,MOD-INF-019,D-ORCH,D-ORCH-AGENT_LIFECYCLE,depgraph_blueprint,high
src/zephyr/orchestration/agent_lifecycle/skill_locking.py,,MOD-INF-019,D-ORCH,D-ORCH-AGENT_LIFECYCLE,depgraph_blueprint,high
src/zephyr/orchestration/agent_lifecycle/skill_model.py,,MOD-INF-019,D-ORCH,D-ORCH-AGENT_LIFECYCLE,depgraph_blueprint,high
src/zephyr/orchestration/agent_lifecycle/skill_model_evolution.py,,MOD-INF-019,D-ORCH,D-ORCH-AGENT_LIFECYCLE,depgraph_blueprint,high
src/zephyr/orchestration/agent_lifecycle/skill_observability.py,,MOD-INF-019,D-ORCH,D-ORCH-AGENT_LIFECYCLE,depgraph_blueprint,high
src/zephyr/orchestration/agent_lifecycle/skill_ontology.py,,MOD-INF-019,D-ORCH,D-ORCH-AGENT_LIFECYCLE,depgraph_blueprint,high
src/zephyr/orchestration/agent_lifecycle/skill_postmortem.py,,MOD-INF-019,D-ORCH,D-ORCH-AGENT_LIFECYCLE,depgraph_blueprint,high
src/zephyr/orchestration/agent_lifecycle/skill_prompt_cache.py,,MOD-INF-019,D-ORCH,D-ORCH-AGENT_LIFECYCLE,depgraph_blueprint,high
src/zephyr/orchestration/agent_lifecycle/skill_prompt_opt.py,,MOD-INF-019,D-ORCH,D-ORCH-AGENT_LIFECYCLE,depgraph_blueprint,high
src/zephyr/orchestration/agent_lifecycle/skill_registry.py,,MOD-INF-019,D-ORCH,D-ORCH-AGENT_LIFECYCLE,depgraph_blueprint,high
src/zephyr/orchestration/agent_lifecycle/skill_resilience.py,,MOD-INF-019,D-ORCH,D-ORCH-AGENT_LIFECYCLE,depgraph_blueprint,high
src/zephyr/orchestration/agent_lifecycle/skill_risk_mitigator.py,,MOD-INF-019,D-ORCH,D-ORCH-AGENT_LIFECYCLE,depgraph_blueprint,high
src/zephyr/orchestration/agent_lifecycle/skill_router.py,,MOD-INF-019,D-ORCH,D-ORCH-AGENT_LIFECYCLE,depgraph_blueprint,high
src/zephyr/orchestration/agent_lifecycle/skill_sandbox.py,,MOD-INF-019,D-ORCH,D-ORCH-AGENT_LIFECYCLE,depgraph_blueprint,high
src/zephyr/orchestration/agent_lifecycle/skill_schema_registry.py,,MOD-INF-019,D-ORCH,D-ORCH-AGENT_LIFECYCLE,depgraph_blueprint,high
src/zephyr/orchestration/agent_lifecycle/skill_security.py,,MOD-INF-019,D-ORCH,D-ORCH-AGENT_LIFECYCLE,depgraph_blueprint,high
src/zephyr/orchestration/agent_lifecycle/skill_shadow.py,,MOD-INF-019,D-ORCH,D-ORCH-AGENT_LIFECYCLE,depgraph_blueprint,high
src/zephyr/orchestration/agent_lifecycle/skill_silent_failure.py,,MOD-INF-019,D-ORCH,D-ORCH-AGENT_LIFECYCLE,depgraph_blueprint,high
src/zephyr/orchestration/agent_lifecycle/skill_team_optimizer.py,,MOD-INF-019,D-ORCH,D-ORCH-AGENT_LIFECYCLE,depgraph_blueprint,high
src/zephyr/orchestration/agent_lifecycle/skill_telemetry.py,,MOD-INF-019,D-ORCH,D-ORCH-AGENT_LIFECYCLE,depgraph_blueprint,high
src/zephyr/orchestration/agent_lifecycle/skill_temperature.py,,MOD-INF-019,D-ORCH,D-ORCH-AGENT_LIFECYCLE,depgraph_blueprint,high
src/zephyr/orchestration/agent_lifecycle/skill_tokenomics.py,,MOD-INF-019,D-ORCH,D-ORCH-AGENT_LIFECYCLE,depgraph_blueprint,high
src/zephyr/orchestration/agent_lifecycle/skill_translator.py,,MOD-INF-019,D-ORCH,D-ORCH-AGENT_LIFECYCLE,depgraph_blueprint,high
src/zephyr/orchestration/agent_lifecycle/skill_workflow.py,,MOD-INF-019,D-ORCH,D-ORCH-AGENT_LIFECYCLE,depgraph_blueprint,high
src/zephyr/orchestration/agent_lifecycle/trigger_router.py,,MOD-INF-019,D-ORCH,D-ORCH-AGENT_LIFECYCLE,depgraph_blueprint,high
src/zephyr/orchestration/agent_lifecycle/vibe_coding_quality_gate.py,,MOD-INF-019,D-ORCH,D-ORCH-AGENT_LIFECYCLE,ssot_path_prefix,high
src/zephyr/orchestration/context_management/ContextHealthScore.py,,MOD-INF-008,D-ORCH,D-ORCH-CONTEXT_MANAGEMENT,depgraph_blueprint,high
src/zephyr/orchestration/context_management/__init__.py,,MOD-INF-008,D-ORCH,D-ORCH-CONTEXT_MANAGEMENT,depgraph_blueprint,high
src/zephyr/orchestration/context_management/_infrastructure.py,,MOD-INF-008,D-ORCH,D-ORCH-CONTEXT_MANAGEMENT,depgraph_blueprint,high
src/zephyr/orchestration/context_management/_injection.py,,MOD-INF-008,D-ORCH,D-ORCH-CONTEXT_MANAGEMENT,depgraph_blueprint,high
src/zephyr/orchestration/context_management/_pipeline.py,,MOD-INF-008,D-ORCH,D-ORCH-CONTEXT_MANAGEMENT,depgraph_blueprint,high
src/zephyr/orchestration/context_management/_safety.py,,MOD-INF-008,D-ORCH,D-ORCH-CONTEXT_MANAGEMENT,depgraph_blueprint,high
src/zephyr/orchestration/context_management/adversarial_robustness.py,,MOD-INF-008,D-ORCH,D-ORCH-CONTEXT_MANAGEMENT,depgraph_blueprint,high
src/zephyr/orchestration/context_management/alignment_scorer.py,,MOD-INF-008,D-ORCH,D-ORCH-CONTEXT_MANAGEMENT,depgraph_blueprint,high
src/zephyr/orchestration/context_management/architecture_context_loader.py,,MOD-INF-008,D-ORCH,D-ORCH-CONTEXT_MANAGEMENT,depgraph_blueprint,high
src/zephyr/orchestration/context_management/assembly/__init__.py,,MOD-INF-008,D-ORCH,D-ORCH-CONTEXT_MANAGEMENT,depgraph_blueprint,high
src/zephyr/orchestration/context_management/assembly/context_assembler.py,,MOD-INF-008,D-ORCH,D-ORCH-CONTEXT_MANAGEMENT,depgraph_blueprint,high
src/zephyr/orchestration/context_management/assembly/context_injector.py,,MOD-INF-008,D-ORCH,D-ORCH-CONTEXT_MANAGEMENT,depgraph_blueprint,high
src/zephyr/orchestration/context_management/assembly/context_pipeline.py,,MOD-INF-008,D-ORCH,D-ORCH-CONTEXT_MANAGEMENT,depgraph_blueprint,high
src/zephyr/orchestration/context_management/atomic_injector.py,,MOD-INF-008,D-ORCH,D-ORCH-CONTEXT_MANAGEMENT,depgraph_blueprint,high
src/zephyr/orchestration/context_management/budget_forecaster.py,,MOD-INF-008,D-ORCH,D-ORCH-CONTEXT_MANAGEMENT,depgraph_blueprint,high
src/zephyr/orchestration/context_management/cache_invalidation.py,,MOD-INF-008,D-ORCH,D-ORCH-CONTEXT_MANAGEMENT,depgraph_blueprint,high
src/zephyr/orchestration/context_management/ce_bootstrap.py,,MOD-INF-008,D-ORCH,D-ORCH-CONTEXT_MANAGEMENT,depgraph_blueprint,high
src/zephyr/orchestration/context_management/ce_explain_cli.py,,MOD-INF-008,D-ORCH,D-ORCH-CONTEXT_MANAGEMENT,depgraph_blueprint,high
src/zephyr/orchestration/context_management/ce_playground_v2.py,,MOD-INF-008,D-ORCH,D-ORCH-CONTEXT_MANAGEMENT,depgraph_blueprint,high
src/zephyr/orchestration/context_management/ce_vibe_shortcuts.py,,MOD-INF-008,D-ORCH,D-ORCH-CONTEXT_MANAGEMENT,depgraph_blueprint,high
src/zephyr/orchestration/context_management/checkpoint_manager.py,,MOD-INF-008,D-ORCH,D-ORCH-CONTEXT_MANAGEMENT,depgraph_blueprint,high
src/zephyr/orchestration/context_management/citation_walker.py,,MOD-INF-008,D-ORCH,D-ORCH-CONTEXT_MANAGEMENT,depgraph_blueprint,high
src/zephyr/orchestration/context_management/cold_start_booster.py,,MOD-INF-008,D-ORCH,D-ORCH-CONTEXT_MANAGEMENT,depgraph_blueprint,high
src/zephyr/orchestration/context_management/complexity_budget.py,,MOD-INF-008,D-ORCH,D-ORCH-CONTEXT_MANAGEMENT,depgraph_blueprint,high
src/zephyr/orchestration/context_management/config_safety_guard.py,,MOD-INF-008,D-ORCH,D-ORCH-CONTEXT_MANAGEMENT,depgraph_blueprint,high
src/zephyr/orchestration/context_management/context_assembler.py,,MOD-INF-008,D-ORCH,D-ORCH-CONTEXT_MANAGEMENT,depgraph_blueprint,high
src/zephyr/orchestration/context_management/context_budget.py,,MOD-INF-008,D-ORCH,D-ORCH-CONTEXT_MANAGEMENT,depgraph_blueprint,high
src/zephyr/orchestration/context_management/context_budget_tracker.py,,MOD-INF-008,D-ORCH,D-ORCH-CONTEXT_MANAGEMENT,depgraph_blueprint,high
src/zephyr/orchestration/context_management/context_debt_score.py,,MOD-INF-008,D-ORCH,D-ORCH-CONTEXT_MANAGEMENT,depgraph_blueprint,high
src/zephyr/orchestration/context_management/context_evaluator.py,,MOD-INF-008,D-ORCH,D-ORCH-CONTEXT_MANAGEMENT,depgraph_blueprint,high
src/zephyr/orchestration/context_management/context_evictor.py,,MOD-INF-008,D-ORCH,D-ORCH-CONTEXT_MANAGEMENT,depgraph_blueprint,high
src/zephyr/orchestration/context_management/context_health_score.py,,MOD-INF-008,D-ORCH,D-ORCH-CONTEXT_MANAGEMENT,depgraph_blueprint,high
src/zephyr/orchestration/context_management/context_injector.py,,MOD-INF-008,D-ORCH,D-ORCH-CONTEXT_MANAGEMENT,depgraph_blueprint,high
src/zephyr/orchestration/context_management/context_model_strategy.py,,MOD-INF-008,D-ORCH,D-ORCH-CONTEXT_MANAGEMENT,depgraph_blueprint,high
src/zephyr/orchestration/context_management/context_outcome_tracker.py,,MOD-INF-008,D-ORCH,D-ORCH-CONTEXT_MANAGEMENT,depgraph_blueprint,high
src/zephyr/orchestration/context_management/context_pipeline.py,,MOD-INF-008,D-ORCH,D-ORCH-CONTEXT_MANAGEMENT,depgraph_blueprint,high
src/zephyr/orchestration/context_management/context_playground.py,,MOD-INF-008,D-ORCH,D-ORCH-CONTEXT_MANAGEMENT,depgraph_blueprint,high
src/zephyr/orchestration/context_management/context_rot_model.py,,MOD-INF-008,D-ORCH,D-ORCH-CONTEXT_MANAGEMENT,depgraph_blueprint,high
src/zephyr/orchestration/context_management/context_rule_registry.py,,MOD-INF-008,D-ORCH,D-ORCH-CONTEXT_MANAGEMENT,depgraph_blueprint,high
src/zephyr/orchestration/context_management/context_value_attribution.py,,MOD-INF-008,D-ORCH,D-ORCH-CONTEXT_MANAGEMENT,depgraph_blueprint,high
src/zephyr/orchestration/context_management/contextual_fetch_api.py,,MOD-INF-008,D-ORCH,D-ORCH-CONTEXT_MANAGEMENT,depgraph_blueprint,high
src/zephyr/orchestration/context_management/curation_loop.py,,MOD-INF-008,D-ORCH,D-ORCH-CONTEXT_MANAGEMENT,depgraph_blueprint,high
src/zephyr/orchestration/context_management/dependency_tracker.py,,MOD-INF-008,D-ORCH,D-ORCH-CONTEXT_MANAGEMENT,depgraph_blueprint,high
src/zephyr/orchestration/context_management/diff_injector.py,,MOD-INF-008,D-ORCH,D-ORCH-CONTEXT_MANAGEMENT,depgraph_blueprint,high
src/zephyr/orchestration/context_management/dispatch_table.py,,MOD-INF-008,D-ORCH,D-ORCH-CONTEXT_MANAGEMENT,depgraph_blueprint,high
src/zephyr/orchestration/context_management/diversity_constraint.py,,MOD-INF-008,D-ORCH,D-ORCH-CONTEXT_MANAGEMENT,depgraph_blueprint,high
src/zephyr/orchestration/context_management/doc_compressor.py,,MOD-INF-008,D-ORCH,D-ORCH-CONTEXT_MANAGEMENT,depgraph_blueprint,high
src/zephyr/orchestration/context_management/domain_decay_config.py,,MOD-INF-008,D-ORCH,D-ORCH-CONTEXT_MANAGEMENT,depgraph_blueprint,high
src/zephyr/orchestration/context_management/embedding_version_lock.py,,MOD-INF-008,D-ORCH,D-ORCH-CONTEXT_MANAGEMENT,depgraph_blueprint,high
src/zephyr/orchestration/context_management/fallback_staleness_gate.py,,MOD-INF-008,D-ORCH,D-ORCH-CONTEXT_MANAGEMENT,depgraph_blueprint,high
src/zephyr/orchestration/context_management/fragmentation_index.py,,MOD-INF-008,D-ORCH,D-ORCH-CONTEXT_MANAGEMENT,depgraph_blueprint,high
src/zephyr/orchestration/context_management/host_resource_governor.py,,MOD-INF-008,D-ORCH,D-ORCH-CONTEXT_MANAGEMENT,depgraph_blueprint,high
src/zephyr/orchestration/context_management/integrity_check.py,,MOD-INF-008,D-ORCH,D-ORCH-CONTEXT_MANAGEMENT,depgraph_blueprint,high
src/zephyr/orchestration/context_management/intent_keyword_mapper.py,,MOD-INF-008,D-ORCH,D-ORCH-CONTEXT_MANAGEMENT,depgraph_blueprint,high
src/zephyr/orchestration/context_management/intent_parser.py,,MOD-INF-008,D-ORCH,D-ORCH-CONTEXT_MANAGEMENT,depgraph_blueprint,high
src/zephyr/orchestration/context_management/kill_switch.py,,MOD-INF-008,D-ORCH,D-ORCH-CONTEXT_MANAGEMENT,depgraph_blueprint,high
src/zephyr/orchestration/context_management/knowledge_distiller.py,,MOD-INF-008,D-ORCH,D-ORCH-CONTEXT_MANAGEMENT,depgraph_blueprint,high
src/zephyr/orchestration/context_management/list_ce_files.py,,MOD-INF-008,D-ORCH,D-ORCH-CONTEXT_MANAGEMENT,depgraph_blueprint,high
src/zephyr/orchestration/context_management/lsg_pattern_tracker.py,,MOD-INF-008,D-ORCH,D-ORCH-CONTEXT_MANAGEMENT,depgraph_blueprint,high
src/zephyr/orchestration/context_management/management/__init__.py,,MOD-INF-008,D-ORCH,D-ORCH-CONTEXT_MANAGEMENT,depgraph_blueprint,high
src/zephyr/orchestration/context_management/management/context_budget_tracker.py,,MOD-INF-008,D-ORCH,D-ORCH-CONTEXT_MANAGEMENT,depgraph_blueprint,high
src/zephyr/orchestration/context_management/management/context_evictor.py,,MOD-INF-008,D-ORCH,D-ORCH-CONTEXT_MANAGEMENT,depgraph_blueprint,high
src/zephyr/orchestration/context_management/management/context_rot_model.py,,MOD-INF-008,D-ORCH,D-ORCH-CONTEXT_MANAGEMENT,depgraph_blueprint,high
src/zephyr/orchestration/context_management/mcp_adapter.py,,MOD-INF-008,D-ORCH,D-ORCH-CONTEXT_MANAGEMENT,depgraph_blueprint,high
src/zephyr/orchestration/context_management/memory_bank.py,,MOD-INF-008,D-ORCH,D-ORCH-CONTEXT_MANAGEMENT,depgraph_blueprint,high
src/zephyr/orchestration/context_management/mode_manager.py,,MOD-INF-008,D-ORCH,D-ORCH-CONTEXT_MANAGEMENT,depgraph_blueprint,high
src/zephyr/orchestration/context_management/otel_instrumentation.py,,MOD-INF-008,D-ORCH,D-ORCH-CONTEXT_MANAGEMENT,depgraph_blueprint,high
src/zephyr/orchestration/context_management/parsing/__init__.py,,MOD-INF-008,D-ORCH,D-ORCH-CONTEXT_MANAGEMENT,depgraph_blueprint,high
src/zephyr/orchestration/context_management/parsing/intent_keyword_mapper.py,,MOD-INF-008,D-ORCH,D-ORCH-CONTEXT_MANAGEMENT,depgraph_blueprint,high
src/zephyr/orchestration/context_management/parsing/intent_parser.py,,MOD-INF-008,D-ORCH,D-ORCH-CONTEXT_MANAGEMENT,depgraph_blueprint,high
src/zephyr/orchestration/context_management/pattern_library.py,,MOD-INF-008,D-ORCH,D-ORCH-CONTEXT_MANAGEMENT,depgraph_blueprint,high
src/zephyr/orchestration/context_management/pipeline_orchestrator.py,,MOD-INF-008,D-ORCH,D-ORCH-CONTEXT_MANAGEMENT,depgraph_blueprint,high
src/zephyr/orchestration/context_management/poisoning_monitor.py,,MOD-INF-008,D-ORCH,D-ORCH-CONTEXT_MANAGEMENT,depgraph_blueprint,high
src/zephyr/orchestration/context_management/position_optimizer.py,,MOD-INF-008,D-ORCH,D-ORCH-CONTEXT_MANAGEMENT,depgraph_blueprint,high
src/zephyr/orchestration/context_management/progressive_disclosure_injector.py,,MOD-INF-008,D-ORCH,D-ORCH-CONTEXT_MANAGEMENT,depgraph_blueprint,high
src/zephyr/orchestration/context_management/prompt_registry.py,,MOD-INF-008,D-ORCH,D-ORCH-CONTEXT_MANAGEMENT,depgraph_blueprint,high
src/zephyr/orchestration/context_management/rational.py,,MOD-INF-008,D-ORCH,D-ORCH-CONTEXT_MANAGEMENT,depgraph_blueprint,high
src/zephyr/orchestration/context_management/security_filter.py,,MOD-MASTER-001,D-INFRA,D-INFRA-SHARED_SERVICES,depgraph_blueprint,high
src/zephyr/orchestration/context_management/self_diagnosis.py,,MOD-INF-008,D-ORCH,D-ORCH-CONTEXT_MANAGEMENT,depgraph_blueprint,high
src/zephyr/orchestration/context_management/sensitivity_classifier.py,,MOD-INF-008,D-ORCH,D-ORCH-CONTEXT_MANAGEMENT,depgraph_blueprint,high
src/zephyr/orchestration/context_management/session_learner.py,,MOD-INF-008,D-ORCH,D-ORCH-CONTEXT_MANAGEMENT,depgraph_blueprint,high
src/zephyr/orchestration/context_management/shadow_canary.py,,MOD-INF-008,D-ORCH,D-ORCH-CONTEXT_MANAGEMENT,depgraph_blueprint,high
src/zephyr/orchestration/context_management/solo_dev_safety_net.py,,MOD-INF-008,D-ORCH,D-ORCH-CONTEXT_MANAGEMENT,depgraph_blueprint,high
src/zephyr/orchestration/context_management/staleness_manager.py,,MOD-INF-008,D-ORCH,D-ORCH-CONTEXT_MANAGEMENT,depgraph_blueprint,high
src/zephyr/orchestration/context_management/support/__init__.py,,MOD-INF-008,D-ORCH,D-ORCH-CONTEXT_MANAGEMENT,depgraph_blueprint,high
src/zephyr/orchestration/context_management/support/architecture_context_loader.py,,MOD-INF-008,D-ORCH,D-ORCH-CONTEXT_MANAGEMENT,depgraph_blueprint,high
src/zephyr/orchestration/context_management/support/doc_compressor.py,,MOD-INF-008,D-ORCH,D-ORCH-CONTEXT_MANAGEMENT,depgraph_blueprint,high
src/zephyr/orchestration/context_management/support/prompt_registry.py,,MOD-INF-008,D-ORCH,D-ORCH-CONTEXT_MANAGEMENT,depgraph_blueprint,high
src/zephyr/orchestration/context_management/support/system_snapshot.py,,MOD-INF-008,D-ORCH,D-ORCH-CONTEXT_MANAGEMENT,depgraph_blueprint,high
src/zephyr/orchestration/context_management/system_snapshot.py,,MOD-INF-008,D-ORCH,D-ORCH-CONTEXT_MANAGEMENT,depgraph_blueprint,high
src/zephyr/orchestration/context_management/task_context_builder.py,,MOD-MASTER-001,D-INFRA,D-INFRA-SHARED_SERVICES,depgraph_blueprint,high
src/zephyr/orchestration/context_management/token_budget.py,,MOD-INF-008,D-ORCH,D-ORCH-CONTEXT_MANAGEMENT,depgraph_blueprint,high
src/zephyr/orchestration/context_management/vector_bridge.py,,MOD-INF-008,D-ORCH,D-ORCH-CONTEXT_MANAGEMENT,depgraph_blueprint,high
src/zephyr/orchestration/context_management/vector_writer.py,,MOD-MASTER-001,D-INFRA,D-INFRA-SHARED_SERVICES,depgraph_blueprint,high
src/zephyr/orchestration/context_management/verify_paths.py,,MOD-INF-008,D-ORCH,D-ORCH-CONTEXT_MANAGEMENT,depgraph_blueprint,high
src/zephyr/orchestration/pipeline_routing/__init__.py,,MOD-INF-009,D-ORCH,D-ORCH-PIPELINE_ROUTING,depgraph_blueprint,high
src/zephyr/orchestration/pipeline_routing/backpressure_manager.py,,MOD-INF-009,D-ORCH,D-ORCH-PIPELINE_ROUTING,depgraph_blueprint,high
src/zephyr/orchestration/pipeline_routing/backpressure_types.py,,MOD-INF-009,D-ORCH,D-ORCH-PIPELINE_ROUTING,depgraph_blueprint,high
src/zephyr/orchestration/pipeline_routing/circuit_breaker_manager.py,,MOD-INF-009,D-ORCH,D-ORCH-PIPELINE_ROUTING,depgraph_blueprint,high
src/zephyr/orchestration/pipeline_routing/cost_tracker.py,,MOD-INF-009,D-ORCH,D-ORCH-PIPELINE_ROUTING,depgraph_blueprint,high
src/zephyr/orchestration/pipeline_routing/ct_pipe_routing.py,,MOD-INF-009,D-ORCH,D-ORCH-PIPELINE_ROUTING,depgraph_blueprint,high
src/zephyr/orchestration/pipeline_routing/dead_letter_queue.py,,MOD-INF-009,D-ORCH,D-ORCH-PIPELINE_ROUTING,depgraph_blueprint,high
src/zephyr/orchestration/pipeline_routing/layer_consumer_registry.py,,MOD-INF-009,D-ORCH,D-ORCH-PIPELINE_ROUTING,depgraph_blueprint,high
src/zephyr/orchestration/pipeline_routing/layer_router.py,,MOD-INF-009,D-ORCH,D-ORCH-PIPELINE_ROUTING,depgraph_blueprint,high
src/zephyr/orchestration/pipeline_routing/llm_gateway.py,,MOD-INF-009,D-ORCH,D-ORCH-PIPELINE_ROUTING,depgraph_blueprint,high
src/zephyr/orchestration/pipeline_routing/model_profiler/__init__.py,,MOD-INF-034,D-INTEL,D-INTEL-MODEL_PROFILING,depgraph_blueprint,high
src/zephyr/orchestration/pipeline_routing/model_profiler/benchmark_suite.py,,MOD-INF-034,D-INTEL,D-INTEL-MODEL_PROFILING,depgraph_blueprint,high
src/zephyr/orchestration/pipeline_routing/model_profiler/capability_passport.py,,MOD-INF-034,D-INTEL,D-INTEL-MODEL_PROFILING,depgraph_blueprint,high
src/zephyr/orchestration/pipeline_routing/model_profiler/cli.py,,MOD-INF-034,D-INTEL,D-INTEL-MODEL_PROFILING,depgraph_blueprint,high
src/zephyr/orchestration/pipeline_routing/model_profiler/deepseek_v4_chat.py,,MOD-INF-034,D-INTEL,D-INTEL-MODEL_PROFILING,depgraph_blueprint,high
src/zephyr/orchestration/pipeline_routing/model_profiler/exam_orchestrator.py,,MOD-INF-034,D-INTEL,D-INTEL-MODEL_PROFILING,depgraph_blueprint,high
src/zephyr/orchestration/pipeline_routing/model_profiler/exam_test_cases.py,,MOD-INF-034,D-INTEL,D-INTEL-MODEL_PROFILING,depgraph_blueprint,high
src/zephyr/orchestration/pipeline_routing/model_profiler/model_discovery.py,,MOD-INF-034,D-INTEL,D-INTEL-MODEL_PROFILING,depgraph_blueprint,high
src/zephyr/orchestration/pipeline_routing/model_profiler/profiler.py,,MOD-INF-034,D-INTEL,D-INTEL-MODEL_PROFILING,depgraph_blueprint,high
src/zephyr/orchestration/pipeline_routing/model_profiler/results_writer.py,,MOD-INF-034,D-INTEL,D-INTEL-MODEL_PROFILING,depgraph_blueprint,high
src/zephyr/orchestration/pipeline_routing/model_profiler/task_model_learner.py,,MOD-INF-034,D-INTEL,D-INTEL-MODEL_PROFILING,depgraph_blueprint,high
src/zephyr/orchestration/pipeline_routing/model_router.py,,MOD-INF-009,D-ORCH,D-ORCH-PIPELINE_ROUTING,depgraph_blueprint,high
src/zephyr/orchestration/pipeline_routing/models.py,,MOD-INF-009,D-ORCH,D-ORCH-PIPELINE_ROUTING,depgraph_blueprint,high
src/zephyr/orchestration/pipeline_routing/pipeline_agent_bridge.py,,MOD-INF-009,D-ORCH,D-ORCH-PIPELINE_ROUTING,depgraph_blueprint,high
src/zephyr/orchestration/pipeline_routing/pipeline_lock.py,,MOD-INF-009,D-ORCH,D-ORCH-PIPELINE_ROUTING,depgraph_blueprint,high
src/zephyr/orchestration/pipeline_routing/pipeline_orchestrator.py,,MOD-INF-009,D-ORCH,D-ORCH-PIPELINE_ROUTING,depgraph_blueprint,high
src/zephyr/orchestration/pipeline_routing/pipeline_roadmap.py,,MOD-INF-009,D-ORCH,D-ORCH-PIPELINE_ROUTING,depgraph_blueprint,high
src/zephyr/orchestration/pipeline_routing/ports.py,,MOD-INF-009,D-ORCH,D-ORCH-PIPELINE_ROUTING,depgraph_blueprint,high
src/zephyr/orchestration/pipeline_routing/preemption_manager.py,,MOD-INF-009,D-ORCH,D-ORCH-PIPELINE_ROUTING,depgraph_blueprint,high
src/zephyr/orchestration/pipeline_routing/routing_plugins.py,,MOD-INF-009,D-ORCH,D-ORCH-PIPELINE_ROUTING,depgraph_blueprint,high
src/zephyr/orchestration/runtime_core/__init__.py,,MOD-INF-035,D-ORCH,D-ORCH-RUNTIME_CORE,depgraph_domain,high
src/zephyr/orchestration/runtime_core/__main__.py,,MOD-INF-035,D-ORCH,D-ORCH-RUNTIME_CORE,depgraph_domain,high
src/zephyr/orchestration/runtime_core/action_dispatcher.py,,MOD-INF-035,D-ORCH,D-ORCH-RUNTIME_CORE,depgraph_domain,high
src/zephyr/orchestration/runtime_core/admission_controller.py,,MOD-INF-033,D-GOV,D-GOV-SCRIPT_GOVERNANCE,depgraph_blueprint,high
src/zephyr/orchestration/runtime_core/ai_audit_logger.py,,MOD-INF-035,D-ORCH,D-ORCH-RUNTIME_CORE,depgraph_domain,high
src/zephyr/orchestration/runtime_core/auto_dispatcher.py,,MOD-INF-039,D-INFRA,D-INFRA-SHARED_CORE,depgraph_blueprint,high
src/zephyr/orchestration/runtime_core/auto_integrator.py,,MOD-INF-035,D-ORCH,D-ORCH-RUNTIME_CORE,depgraph_domain,high
src/zephyr/orchestration/runtime_core/auto_runtime_core.py,,MOD-INF-035,D-ORCH,D-ORCH-RUNTIME_CORE,depgraph_domain,high
src/zephyr/orchestration/runtime_core/auto_task_generator.py,,MOD-INF-035,D-ORCH,D-ORCH-RUNTIME_CORE,depgraph_domain,high
src/zephyr/orchestration/runtime_core/autopilot.py,,MOD-INF-012B,D-ORCH,D-ORCH-RUNTIME_CORE,depgraph_domain,high
src/zephyr/orchestration/runtime_core/boot_cron_jobs.py,,MOD-INF-035,D-ORCH,D-ORCH-RUNTIME_CORE,depgraph_domain,high
src/zephyr/orchestration/runtime_core/boot_hooks.py,,MOD-INF-035,D-ORCH,D-ORCH-RUNTIME_CORE,depgraph_domain,high
src/zephyr/orchestration/runtime_core/capability_card.py,,MOD-INF-035,D-ORCH,D-ORCH-RUNTIME_CORE,depgraph_domain,high
src/zephyr/orchestration/runtime_core/capability_registry.py,,MOD-INF-035,D-ORCH,D-ORCH-RUNTIME_CORE,depgraph_domain,high
src/zephyr/orchestration/runtime_core/capability_sync.py,,MOD-INF-035,D-ORCH,D-ORCH-RUNTIME_CORE,depgraph_domain,high
src/zephyr/orchestration/runtime_core/circadian_scheduler.py,,MOD-INF-035,D-ORCH,D-ORCH-RUNTIME_CORE,depgraph_domain,high
src/zephyr/orchestration/runtime_core/conductor.py,,MOD-INF-012B,D-ORCH,D-ORCH-RUNTIME_CORE,depgraph_domain,high
src/zephyr/orchestration/runtime_core/dream_cycle.py,,MOD-INF-035,D-ORCH,D-ORCH-RUNTIME_CORE,depgraph_domain,high
src/zephyr/orchestration/runtime_core/feedback_loop.py,,MOD-INF-035,D-ORCH,D-ORCH-RUNTIME_CORE,depgraph_domain,high
src/zephyr/orchestration/runtime_core/finalizer.py,,MOD-INF-035,D-ORCH,D-ORCH-RUNTIME_CORE,depgraph_domain,high
src/zephyr/orchestration/runtime_core/gpu_consensus_scheduler.py,,MOD-INF-033,D-GOV,D-GOV-SCRIPT_GOVERNANCE,depgraph_blueprint,high
src/zephyr/orchestration/runtime_core/gpu_monitor.py,,MOD-INF-032,D-INFRA,D-INFRA-RESOURCE_OPTIMIZATION,depgraph_blueprint,high
src/zephyr/orchestration/runtime_core/health_monitor.py,,MOD-INF-035,D-ORCH,D-ORCH-RUNTIME_CORE,depgraph_domain,high
src/zephyr/orchestration/runtime_core/ide_health_daemon.py,,MOD-INF-032,D-INFRA,D-INFRA-RESOURCE_OPTIMIZATION,depgraph_blueprint,high
src/zephyr/orchestration/runtime_core/integration_registry.py,,MOD-INF-035,D-ORCH,D-ORCH-RUNTIME_CORE,depgraph_domain,high
src/zephyr/orchestration/runtime_core/lifecycle_manager.py,,MOD-INF-035,D-ORCH,D-ORCH-RUNTIME_CORE,depgraph_domain,high
src/zephyr/orchestration/runtime_core/module_onboarding_scanner.py,,MOD-INF-035,D-ORCH,D-ORCH-RUNTIME_CORE,depgraph_domain,high
src/zephyr/orchestration/runtime_core/night_shift_queue.py,,MOD-INF-035,D-ORCH,D-ORCH-RUNTIME_CORE,depgraph_domain,high
src/zephyr/orchestration/runtime_core/orchestrator/__init__.py,,MOD-INF-039,D-INFRA,D-INFRA-SHARED_CORE,depgraph_blueprint,high
src/zephyr/orchestration/runtime_core/orchestrator/agent_health_monitor.py,,MOD-INF-039,D-INFRA,D-INFRA-SHARED_CORE,depgraph_blueprint,high
src/zephyr/orchestration/runtime_core/orchestrator/agent_orchestrator.py,,MOD-INF-039,D-INFRA,D-INFRA-SHARED_CORE,depgraph_blueprint,high
src/zephyr/orchestration/runtime_core/orchestrator/agent_quality.py,,MOD-INF-039,D-INFRA,D-INFRA-SHARED_CORE,depgraph_blueprint,high
src/zephyr/orchestration/runtime_core/orchestrator/alert_handler.py,,MOD-MASTER-001,D-INFRA,D-INFRA-SHARED_SERVICES,depgraph_blueprint,high
src/zephyr/orchestration/runtime_core/orchestrator/autonomy_guard.py,,MOD-INF-039,D-INFRA,D-INFRA-SHARED_CORE,depgraph_blueprint,high
src/zephyr/orchestration/runtime_core/orchestrator/backup_manager.py,,MOD-INF-039,D-INFRA,D-INFRA-SHARED_CORE,depgraph_blueprint,high
src/zephyr/orchestration/runtime_core/orchestrator/batch_orchestrator.py,,MOD-INF-039,D-INFRA,D-INFRA-SHARED_CORE,depgraph_blueprint,high
src/zephyr/orchestration/runtime_core/orchestrator/benchmark_runner.py,,MOD-INF-039,D-INFRA,D-INFRA-SHARED_CORE,depgraph_blueprint,high
src/zephyr/orchestration/runtime_core/orchestrator/blind_spot_closure.py,,MOD-INF-039,D-INFRA,D-INFRA-SHARED_CORE,depgraph_blueprint,high
src/zephyr/orchestration/runtime_core/orchestrator/blueprint_health.py,,MOD-INF-039,D-INFRA,D-INFRA-SHARED_CORE,depgraph_blueprint,high
src/zephyr/orchestration/runtime_core/orchestrator/blueprint_scorer.py,,MOD-INF-039,D-INFRA,D-INFRA-SHARED_CORE,depgraph_blueprint,high
src/zephyr/orchestration/runtime_core/orchestrator/bulkhead_manager.py,,MOD-INF-039,D-INFRA,D-INFRA-SHARED_CORE,depgraph_blueprint,high
src/zephyr/orchestration/runtime_core/orchestrator/canary_manager.py,,MOD-INF-039,D-INFRA,D-INFRA-SHARED_CORE,depgraph_blueprint,high
src/zephyr/orchestration/runtime_core/orchestrator/capacity_budget.py,,MOD-INF-039,D-INFRA,D-INFRA-SHARED_CORE,depgraph_blueprint,high
src/zephyr/orchestration/runtime_core/orchestrator/chaos_engine.py,,MOD-INF-039,D-INFRA,D-INFRA-SHARED_CORE,depgraph_blueprint,high
src/zephyr/orchestration/runtime_core/orchestrator/chaos_hooks.py,,MOD-INF-039,D-INFRA,D-INFRA-SHARED_CORE,depgraph_blueprint,high
src/zephyr/orchestration/runtime_core/orchestrator/config_manager.py,,MOD-INF-039,D-INFRA,D-INFRA-SHARED_CORE,depgraph_blueprint,high
src/zephyr/orchestration/runtime_core/orchestrator/construction_guide.py,,MOD-INF-039,D-INFRA,D-INFRA-SHARED_CORE,depgraph_blueprint,high
src/zephyr/orchestration/runtime_core/orchestrator/context_bridge.py,,MOD-MASTER-001,D-INFRA,D-INFRA-SHARED_SERVICES,depgraph_blueprint,high
src/zephyr/orchestration/runtime_core/orchestrator/contract_registry.py,,MOD-INF-039,D-INFRA,D-INFRA-SHARED_CORE,depgraph_blueprint,high
src/zephyr/orchestration/runtime_core/orchestrator/contract_router.py,,MOD-INF-039,D-INFRA,D-INFRA-SHARED_CORE,depgraph_blueprint,high
src/zephyr/orchestration/runtime_core/orchestrator/core/__init__.py,,MOD-INF-002,D-INFRA,D-INFRA-RUNTIME_INTEGRATION,depgraph_blueprint,high
src/zephyr/orchestration/runtime_core/orchestrator/core/agent_orchestrator.py,,MOD-INF-002,D-INFRA,D-INFRA-RUNTIME_INTEGRATION,depgraph_blueprint,high
src/zephyr/orchestration/runtime_core/orchestrator/core/task_queue.py,,MOD-INF-002,D-INFRA,D-INFRA-RUNTIME_INTEGRATION,depgraph_blueprint,high
src/zephyr/orchestration/runtime_core/orchestrator/core/trigger_router.py,,MOD-INF-002,D-INFRA,D-INFRA-RUNTIME_INTEGRATION,depgraph_blueprint,high
src/zephyr/orchestration/runtime_core/orchestrator/core/wave_generator.py,,MOD-INF-002,D-INFRA,D-INFRA-RUNTIME_INTEGRATION,depgraph_blueprint,high
src/zephyr/orchestration/runtime_core/orchestrator/data_lifecycle.py,,MOD-INF-039,D-INFRA,D-INFRA-SHARED_CORE,depgraph_blueprint,high
src/zephyr/orchestration/runtime_core/orchestrator/deferred_queue.py,,MOD-INF-039,D-INFRA,D-INFRA-SHARED_CORE,depgraph_blueprint,high
src/zephyr/orchestration/runtime_core/orchestrator/degrade_cascade.py,,MOD-INF-039,D-INFRA,D-INFRA-SHARED_CORE,depgraph_blueprint,high
src/zephyr/orchestration/runtime_core/orchestrator/dependency_lock.py,,MOD-INF-039,D-INFRA,D-INFRA-SHARED_CORE,depgraph_blueprint,high
src/zephyr/orchestration/runtime_core/orchestrator/design_decisions.py,,MOD-INF-039,D-INFRA,D-INFRA-SHARED_CORE,depgraph_blueprint,high
src/zephyr/orchestration/runtime_core/orchestrator/disk_guard.py,,MOD-INF-039,D-INFRA,D-INFRA-SHARED_CORE,depgraph_blueprint,high
src/zephyr/orchestration/runtime_core/orchestrator/dlq_manager.py,,MOD-INF-039,D-INFRA,D-INFRA-SHARED_CORE,depgraph_blueprint,high
src/zephyr/orchestration/runtime_core/orchestrator/failure_matcher.py,,MOD-INF-039,D-INFRA,D-INFRA-SHARED_CORE,depgraph_blueprint,high
src/zephyr/orchestration/runtime_core/orchestrator/fault_types.py,,MOD-INF-039,D-INFRA,D-INFRA-SHARED_CORE,depgraph_blueprint,high
src/zephyr/orchestration/runtime_core/orchestrator/feature_flag.py,,MOD-INF-039,D-INFRA,D-INFRA-SHARED_CORE,depgraph_blueprint,high
src/zephyr/orchestration/runtime_core/orchestrator/file_task_mapper.py,,MOD-INF-039,D-INFRA,D-INFRA-SHARED_CORE,depgraph_blueprint,high
src/zephyr/orchestration/runtime_core/orchestrator/finding_bridge.py,,MOD-INF-039,D-INFRA,D-INFRA-SHARED_CORE,depgraph_blueprint,high
src/zephyr/orchestration/runtime_core/orchestrator/hallucination_detector.py,,MOD-INF-039,D-INFRA,D-INFRA-SHARED_CORE,depgraph_blueprint,high
src/zephyr/orchestration/runtime_core/orchestrator/housekeeping.py,,MOD-INF-039,D-INFRA,D-INFRA-SHARED_CORE,depgraph_blueprint,high
src/zephyr/orchestration/runtime_core/orchestrator/incident_postmortem.py,,MOD-INF-039,D-INFRA,D-INFRA-SHARED_CORE,depgraph_blueprint,high
src/zephyr/orchestration/runtime_core/orchestrator/ke_quality.py,,MOD-INF-039,D-INFRA,D-INFRA-SHARED_CORE,depgraph_blueprint,high
src/zephyr/orchestration/runtime_core/orchestrator/knowledge_freshness.py,,MOD-INF-039,D-INFRA,D-INFRA-SHARED_CORE,depgraph_blueprint,high
src/zephyr/orchestration/runtime_core/orchestrator/lean_scanner.py,,MOD-INF-039,D-INFRA,D-INFRA-SHARED_CORE,depgraph_blueprint,high
src/zephyr/orchestration/runtime_core/orchestrator/memory_writer.py,,MOD-MASTER-001,D-INFRA,D-INFRA-SHARED_SERVICES,depgraph_blueprint,high
src/zephyr/orchestration/runtime_core/orchestrator/model_registry.py,,MOD-INF-039,D-INFRA,D-INFRA-SHARED_CORE,depgraph_blueprint,high
src/zephyr/orchestration/runtime_core/orchestrator/network_partition.py,,MOD-INF-039,D-INFRA,D-INFRA-SHARED_CORE,depgraph_blueprint,high
src/zephyr/orchestration/runtime_core/orchestrator/path_index.py,,MOD-INF-039,D-INFRA,D-INFRA-SHARED_CORE,depgraph_blueprint,high
src/zephyr/orchestration/runtime_core/orchestrator/phase_executor.py,,MOD-INF-039,D-INFRA,D-INFRA-SHARED_CORE,depgraph_blueprint,high
src/zephyr/orchestration/runtime_core/orchestrator/prompt_version.py,,MOD-INF-039,D-INFRA,D-INFRA-SHARED_CORE,depgraph_blueprint,high
src/zephyr/orchestration/runtime_core/orchestrator/reconciliation_loop.py,,MOD-INF-039,D-INFRA,D-INFRA-SHARED_CORE,depgraph_blueprint,high
src/zephyr/orchestration/runtime_core/orchestrator/resilience/__init__.py,,MOD-INF-039,D-INFRA,D-INFRA-SHARED_CORE,depgraph_blueprint,high
src/zephyr/orchestration/runtime_core/orchestrator/resilience/deferred_queue.py,,MOD-INF-039,D-INFRA,D-INFRA-SHARED_CORE,depgraph_blueprint,high
src/zephyr/orchestration/runtime_core/orchestrator/resilience/failure_matcher.py,,MOD-INF-039,D-INFRA,D-INFRA-SHARED_CORE,depgraph_blueprint,high
src/zephyr/orchestration/runtime_core/orchestrator/resilience/hallucination_detector.py,,MOD-INF-039,D-INFRA,D-INFRA-SHARED_CORE,depgraph_blueprint,high
src/zephyr/orchestration/runtime_core/orchestrator/resilience/rollback_manager.py,,MOD-INF-039,D-INFRA,D-INFRA-SHARED_CORE,depgraph_blueprint,high
src/zephyr/orchestration/runtime_core/orchestrator/risk_registry.py,,MOD-INF-039,D-INFRA,D-INFRA-SHARED_CORE,depgraph_blueprint,high
src/zephyr/orchestration/runtime_core/orchestrator/rollback_manager.py,,MOD-INF-039,D-INFRA,D-INFRA-SHARED_CORE,depgraph_blueprint,high
src/zephyr/orchestration/runtime_core/orchestrator/rolling_upgrade.py,,MOD-INF-039,D-INFRA,D-INFRA-SHARED_CORE,depgraph_blueprint,high
src/zephyr/orchestration/runtime_core/orchestrator/schema_migration.py,,MOD-INF-039,D-INFRA,D-INFRA-SHARED_CORE,depgraph_blueprint,high
src/zephyr/orchestration/runtime_core/orchestrator/script_runner.py,,MOD-MASTER-001,D-INFRA,D-INFRA-SHARED_SERVICES,depgraph_blueprint,high
src/zephyr/orchestration/runtime_core/orchestrator/session_conflict.py,,MOD-INF-039,D-INFRA,D-INFRA-SHARED_CORE,depgraph_blueprint,high
src/zephyr/orchestration/runtime_core/orchestrator/session_handoff.py,,MOD-INF-039,D-INFRA,D-INFRA-SHARED_CORE,depgraph_blueprint,high
src/zephyr/orchestration/runtime_core/orchestrator/session_manager.py,,MOD-INF-039,D-INFRA,D-INFRA-SHARED_CORE,depgraph_blueprint,high
src/zephyr/orchestration/runtime_core/orchestrator/stability_guard.py,,MOD-INF-039,D-INFRA,D-INFRA-SHARED_CORE,depgraph_blueprint,high
src/zephyr/orchestration/runtime_core/orchestrator/startup_sequencer.py,,MOD-INF-039,D-INFRA,D-INFRA-SHARED_CORE,depgraph_blueprint,high
src/zephyr/orchestration/runtime_core/orchestrator/state/__init__.py,,MOD-INF-039,D-INFRA,D-INFRA-SHARED_CORE,depgraph_blueprint,high
src/zephyr/orchestration/runtime_core/orchestrator/state/agent_health_monitor.py,,MOD-INF-039,D-INFRA,D-INFRA-SHARED_CORE,depgraph_blueprint,high
src/zephyr/orchestration/runtime_core/orchestrator/state/file_task_mapper.py,,MOD-INF-039,D-INFRA,D-INFRA-SHARED_CORE,depgraph_blueprint,high
src/zephyr/orchestration/runtime_core/orchestrator/state/session_manager.py,,MOD-INF-039,D-INFRA,D-INFRA-SHARED_CORE,depgraph_blueprint,high
src/zephyr/orchestration/runtime_core/orchestrator/state/state_synchronizer.py,,MOD-INF-039,D-INFRA,D-INFRA-SHARED_CORE,depgraph_blueprint,high
src/zephyr/orchestration/runtime_core/orchestrator/state_propagation.py,,MOD-INF-039,D-INFRA,D-INFRA-SHARED_CORE,depgraph_blueprint,high
src/zephyr/orchestration/runtime_core/orchestrator/state_synchronizer.py,,MOD-INF-039,D-INFRA,D-INFRA-SHARED_CORE,depgraph_blueprint,high
src/zephyr/orchestration/runtime_core/orchestrator/system_transfer.py,,MOD-INF-039,D-INFRA,D-INFRA-SHARED_CORE,depgraph_blueprint,high
src/zephyr/orchestration/runtime_core/orchestrator/task_queue.py,,MOD-INF-039,D-INFRA,D-INFRA-SHARED_CORE,depgraph_blueprint,high
src/zephyr/orchestration/runtime_core/orchestrator/teardown_manager.py,,MOD-INF-039,D-INFRA,D-INFRA-SHARED_CORE,depgraph_blueprint,high
src/zephyr/orchestration/runtime_core/orchestrator/trigger_router.py,,MOD-INF-039,D-INFRA,D-INFRA-SHARED_CORE,depgraph_blueprint,high
src/zephyr/orchestration/runtime_core/orchestrator/version_manifest.py,,MOD-INF-039,D-INFRA,D-INFRA-SHARED_CORE,depgraph_blueprint,high
src/zephyr/orchestration/runtime_core/orchestrator/wave_generator.py,,MOD-INF-039,D-INFRA,D-INFRA-SHARED_CORE,depgraph_blueprint,high
src/zephyr/orchestration/runtime_core/orphan_detector.py,,MOD-INF-035,D-ORCH,D-ORCH-RUNTIME_CORE,depgraph_domain,high
src/zephyr/orchestration/runtime_core/ports.py,,MOD-INF-035,D-ORCH,D-ORCH-RUNTIME_CORE,depgraph_domain,high
src/zephyr/orchestration/runtime_core/protection_index.py,,MOD-INF-033,D-GOV,D-GOV-SCRIPT_GOVERNANCE,depgraph_blueprint,high
src/zephyr/orchestration/runtime_core/resource_optimization.py,,MOD-INF-035,D-ORCH,D-ORCH-RUNTIME_CORE,depgraph_domain,high
src/zephyr/orchestration/runtime_core/runtime_config.py,,MOD-INF-035,D-ORCH,D-ORCH-RUNTIME_CORE,depgraph_domain,high
src/zephyr/orchestration/runtime_core/session_lifecycle.py,,MOD-INF-033,D-GOV,D-GOV-SCRIPT_GOVERNANCE,depgraph_blueprint,high
src/zephyr/orchestration/runtime_core/speed_baseline_checker.py,,MOD-INF-032,D-INFRA,D-INFRA-RESOURCE_OPTIMIZATION,depgraph_blueprint,high
src/zephyr/orchestration/runtime_core/staging_area.py,,MOD-INF-035,D-ORCH,D-ORCH-RUNTIME_CORE,depgraph_domain,high
src/zephyr/orchestration/runtime_core/status_dashboard.py,,MOD-INF-035,D-ORCH,D-ORCH-RUNTIME_CORE,depgraph_domain,high
src/zephyr/orchestration/runtime_core/stop_gate.py,,MOD-INF-035,D-ORCH,D-ORCH-RUNTIME_CORE,depgraph_domain,high
src/zephyr/orchestration/runtime_core/task_gate.py,,MOD-INF-035,D-ORCH,D-ORCH-RUNTIME_CORE,depgraph_domain,high
src/zephyr/orchestration/runtime_core/verdict_engine.py,,MOD-INF-033,D-GOV,D-GOV-SCRIPT_GOVERNANCE,depgraph_blueprint,high
src/zephyr/orchestration/runtime_core/windows_service.py,,MOD-INF-035,D-ORCH,D-ORCH-RUNTIME_CORE,depgraph_domain,high
src/zephyr/orchestration/runtime_core/work_dag.py,,MOD-INF-035,D-ORCH,D-ORCH-RUNTIME_CORE,depgraph_domain,high
src/zephyr/orchestration/runtime_core/work_orchestrator.py,,MOD-INF-035,D-ORCH,D-ORCH-RUNTIME_CORE,depgraph_domain,high
src/zephyr/orchestration/runtime_core/zombie_scanner.py,,MOD-INF-032,D-INFRA,D-INFRA-RESOURCE_OPTIMIZATION,depgraph_blueprint,high
src/zephyr/pf_alloc/multi_strategy_capital_allocator/capital_allocation_result.py,,MOD-INF-016,D-INFRA,D-INFRA-LIFECYCLE_MANAGEMENT,depgraph_blueprint,high
src/zephyr/pf_alloc/multi_strategy_capital_allocator/capital_allocator.py,,MOD-L03-001,D-INTEL,D-INTEL-MODEL_EVALUATION,depgraph_blueprint,high
src/zephyr/pf_alloc/multi_strategy_capital_allocator/default_capital_allocator.py,,MOD-L03-001,D-INTEL,D-INTEL-MODEL_EVALUATION,depgraph_blueprint,high
src/zephyr/pf_alloc/signal_synthesis_combiner/__init__.py,,MOD-L03-001,D-INTEL,D-INTEL-MODEL_EVALUATION,depgraph_blueprint,high
src/zephyr/pf_alloc/signal_synthesis_combiner/signal_synthesis_combiner_impl/__init__.py,,MOD-L03-001,D-INTEL,D-INTEL-MODEL_EVALUATION,depgraph_blueprint,high
src/zephyr/pf_alloc/signal_synthesis_combiner/synthesized_signal.py,,MOD-INF-016,D-INFRA,D-INFRA-LIFECYCLE_MANAGEMENT,depgraph_blueprint,high
src/zephyr/pf_alloc/strategy_lifecycle_event.py,,MOD-INF-016-CONTRACTS,D-TRD,D-TRD-PORTFOLIO_ALLOCATION,depgraph_domain,high
src/zephyr/pf_core/__init__.py,,MOD-L05-001,D-ORCH,D-ORCH-PIPELINE_ROUTING,depgraph_blueprint,high
src/zephyr/pf_core/analytics_base.py,,MOD-L07-001,D-OBS,D-OBS-TELEMETRY,depgraph_blueprint,high
src/zephyr/pf_core/compliance_rule.py,,MOD-INF-016,D-INFRA,D-INFRA-LIFECYCLE_MANAGEMENT,depgraph_blueprint,high
src/zephyr/pf_core/default_attribution_engine.py,,MOD-L07-001,D-OBS,D-OBS-TELEMETRY,depgraph_blueprint,high
src/zephyr/pf_core/default_equity_strategy.py,,MOD-L05-001,D-ORCH,D-ORCH-PIPELINE_ROUTING,depgraph_blueprint,high
src/zephyr/pf_core/default_tca_engine.py,,MOD-L07-001,D-OBS,D-OBS-TELEMETRY,depgraph_blueprint,high
src/zephyr/pf_core/performance_attribution_engine/__init__.py,,MOD-L07-001,D-OBS,D-OBS-TELEMETRY,depgraph_blueprint,high
src/zephyr/pf_core/performance_attribution_report.py,,MOD-INF-016-CONTRACTS,D-TRD,D-TRD-PORTFOLIO_CORE,depgraph_domain,high
src/zephyr/pf_core/risk_limits.py,,MOD-INF-016,D-INFRA,D-INFRA-LIFECYCLE_MANAGEMENT,depgraph_blueprint,high
src/zephyr/pf_core/strategies/__init__.py,,MOD-L05-001,D-ORCH,D-ORCH-PIPELINE_ROUTING,depgraph_blueprint,high
src/zephyr/pf_core/strategies/default_equity_strategy.py,,MOD-L05-001,D-ORCH,D-ORCH-PIPELINE_ROUTING,depgraph_blueprint,high
src/zephyr/pf_core/strategy_base.py,,MOD-L05-001,D-ORCH,D-ORCH-PIPELINE_ROUTING,depgraph_blueprint,high
src/zephyr/pf_core/strategy_engine/__init__.py,,MOD-L05-001,D-ORCH,D-ORCH-PIPELINE_ROUTING,depgraph_blueprint,high
src/zephyr/pf_core/strategy_registry.py,,MOD-L05-001,D-ORCH,D-ORCH-PIPELINE_ROUTING,depgraph_blueprint,high
src/zephyr/reporting/__init__.py,,MOD-L07-001,D-OBS,D-OBS-TELEMETRY,depgraph_blueprint,high
src/zephyr/reporting/analytics_base.py,,MOD-L07-001,D-OBS,D-OBS-TELEMETRY,depgraph_blueprint,high
src/zephyr/reporting/implementations/__init__.py,,MOD-L07-001,D-OBS,D-OBS-TELEMETRY,depgraph_blueprint,high
src/zephyr/reporting/implementations/default_attribution_engine.py,,MOD-L07-001,D-OBS,D-OBS-TELEMETRY,depgraph_blueprint,high
src/zephyr/reporting/implementations/default_tca_engine.py,,MOD-L07-001,D-OBS,D-OBS-TELEMETRY,depgraph_blueprint,high
src/zephyr/research/__init__.py,,MOD-INF-036,D-INTEL,D-INTEL-MODEL_EVALUATION,depgraph_blueprint,high
src/zephyr/resilience/__init__.py,,,D-DATA,D-DATA-KNOWLEDGE_MANAGEMENT,depgraph_domain_fallback,medium
src/zephyr/resilience/rollback/__init__.py,,MOD-INF-021,D-RES,D-RES-ROLLBACK,depgraph_blueprint,high
src/zephyr/resilience/rollback/_core.py,,MOD-INF-021,D-RES,D-RES-ROLLBACK,depgraph_blueprint,high
src/zephyr/resilience/rollback/_infrastructure.py,,MOD-INF-021,D-RES,D-RES-ROLLBACK,depgraph_blueprint,high
src/zephyr/resilience/rollback/_manifest_.py,,MOD-INF-021,D-RES,D-RES-ROLLBACK,depgraph_blueprint,high
src/zephyr/resilience/rollback/_monitoring.py,,MOD-INF-021,D-RES,D-RES-ROLLBACK,depgraph_blueprint,high
src/zephyr/resilience/rollback/_safety.py,,MOD-INF-021,D-RES,D-RES-ROLLBACK,depgraph_blueprint,high
src/zephyr/resilience/rollback/agent_cooldown.py,,MOD-INF-021,D-RES,D-RES-ROLLBACK,depgraph_blueprint,high
src/zephyr/resilience/rollback/auditor.py,,MOD-INF-021,D-RES,D-RES-ROLLBACK,depgraph_blueprint,high
src/zephyr/resilience/rollback/auto_rollback_trigger.py,,MOD-INF-021,D-RES,D-RES-ROLLBACK,depgraph_blueprint,high
src/zephyr/resilience/rollback/autonomy_dashboard.py,,MOD-INF-021,D-RES,D-RES-ROLLBACK,depgraph_blueprint,high
src/zephyr/resilience/rollback/backtest_engine.py,,MOD-INF-021,D-RES,D-RES-ROLLBACK,depgraph_blueprint,high
src/zephyr/resilience/rollback/budget_tracker.py,,MOD-INF-021,D-RES,D-RES-ROLLBACK,depgraph_blueprint,high
src/zephyr/resilience/rollback/checkpoint_gc.py,,MOD-INF-021,D-RES,D-RES-ROLLBACK,depgraph_blueprint,high
src/zephyr/resilience/rollback/commit_quality_gate.py,,MOD-INF-021,D-RES,D-RES-ROLLBACK,depgraph_blueprint,high
src/zephyr/resilience/rollback/complexity_budget.py,,MOD-INF-021,D-RES,D-RES-ROLLBACK,depgraph_blueprint,high
src/zephyr/resilience/rollback/confidence_quantifier.py,,MOD-INF-021,D-RES,D-RES-ROLLBACK,depgraph_blueprint,high
src/zephyr/resilience/rollback/continuous_trust.py,,MOD-INF-021,D-RES,D-RES-ROLLBACK,depgraph_blueprint,high
src/zephyr/resilience/rollback/contract.py,,MOD-INF-021,D-RES,D-RES-ROLLBACK,depgraph_blueprint,high
src/zephyr/resilience/rollback/contracts.py,,MOD-INF-021,D-RES,D-RES-ROLLBACK,depgraph_blueprint,high
src/zephyr/resilience/rollback/credential_rotation_trigger.py,,MOD-INF-021,D-RES,D-RES-ROLLBACK,depgraph_blueprint,high
src/zephyr/resilience/rollback/cross_agent_conflict_detector.py,,MOD-INF-021,D-RES,D-RES-ROLLBACK,depgraph_blueprint,high
src/zephyr/resilience/rollback/cross_platform_shell.py,,MOD-INF-021,D-RES,D-RES-ROLLBACK,depgraph_blueprint,high
src/zephyr/resilience/rollback/down_migration_generator.py,,MOD-INF-021,D-RES,D-RES-ROLLBACK,depgraph_blueprint,high
src/zephyr/resilience/rollback/drift_fix.py,,MOD-INF-021,D-RES,D-RES-ROLLBACK,depgraph_blueprint,high
src/zephyr/resilience/rollback/env_watcher.py,,MOD-INF-021,D-RES,D-RES-ROLLBACK,depgraph_blueprint,high
src/zephyr/resilience/rollback/external_merkle_proof.py,,MOD-INF-021,D-RES,D-RES-ROLLBACK,depgraph_blueprint,high
src/zephyr/resilience/rollback/fault_tolerance.py,,MOD-INF-021,D-RES,D-RES-ROLLBACK,depgraph_blueprint,high
src/zephyr/resilience/rollback/forensic.py,,MOD-INF-021,D-RES,D-RES-ROLLBACK,depgraph_blueprint,high
src/zephyr/resilience/rollback/forward_fix_runner.py,,MOD-INF-021,D-RES,D-RES-ROLLBACK,depgraph_blueprint,high
src/zephyr/resilience/rollback/fsm_verifier.py,,MOD-INF-021,D-RES,D-RES-ROLLBACK,depgraph_blueprint,high
src/zephyr/resilience/rollback/gate_coordinator.py,,MOD-MASTER-001,D-INFRA,D-INFRA-SHARED_SERVICES,depgraph_blueprint,high
src/zephyr/resilience/rollback/git_infra_snapshot.py,,MOD-INF-021,D-RES,D-RES-ROLLBACK,depgraph_blueprint,high
src/zephyr/resilience/rollback/governance/__init__.py,,MOD-INF-021,D-RES,D-RES-ROLLBACK,depgraph_blueprint,high
src/zephyr/resilience/rollback/governance/auditor.py,,MOD-INF-021,D-RES,D-RES-ROLLBACK,depgraph_blueprint,high
src/zephyr/resilience/rollback/governance/budget_tracker.py,,MOD-INF-021,D-RES,D-RES-ROLLBACK,depgraph_blueprint,high
src/zephyr/resilience/rollback/governance/contracts.py,,MOD-INF-021,D-RES,D-RES-ROLLBACK,depgraph_blueprint,high
src/zephyr/resilience/rollback/governance/drift_fix.py,,MOD-INF-021,D-RES,D-RES-ROLLBACK,depgraph_blueprint,high
src/zephyr/resilience/rollback/governance/result_types.py,,MOD-INF-021,D-RES,D-RES-ROLLBACK,depgraph_blueprint,high
src/zephyr/resilience/rollback/hallucination_guard.py,,MOD-INF-021,D-RES,D-RES-ROLLBACK,depgraph_blueprint,high
src/zephyr/resilience/rollback/intent_archiver.py,,MOD-INF-021,D-RES,D-RES-ROLLBACK,depgraph_blueprint,high
src/zephyr/resilience/rollback/kill_switch.py,,MOD-INF-021,D-RES,D-RES-ROLLBACK,depgraph_blueprint,high
src/zephyr/resilience/rollback/knowngoodstate_ledger.py,,MOD-INF-021,D-RES,D-RES-ROLLBACK,depgraph_blueprint,high
src/zephyr/resilience/rollback/llm_impact_analyzer.py,,MOD-INF-021,D-RES,D-RES-ROLLBACK,depgraph_blueprint,high
src/zephyr/resilience/rollback/model_drift_detector.py,,MOD-INF-021,D-RES,D-RES-ROLLBACK,depgraph_blueprint,high
src/zephyr/resilience/rollback/owner_absent.py,,MOD-INF-021,D-RES,D-RES-ROLLBACK,depgraph_blueprint,high
src/zephyr/resilience/rollback/paper_live_transition.py,,MOD-INF-021,D-RES,D-RES-ROLLBACK,depgraph_blueprint,high
src/zephyr/resilience/rollback/phase_check_registry.py,,MOD-INF-021,D-RES,D-RES-ROLLBACK,depgraph_blueprint,high
src/zephyr/resilience/rollback/phase_manager.py,,MOD-INF-021,D-RES,D-RES-ROLLBACK,depgraph_blueprint,high
src/zephyr/resilience/rollback/post_live_verification.py,,MOD-INF-021,D-RES,D-RES-ROLLBACK,depgraph_blueprint,high
src/zephyr/resilience/rollback/result_types.py,,MOD-INF-021,D-RES,D-RES-ROLLBACK,depgraph_blueprint,high
src/zephyr/resilience/rollback/right_to_be_forgotten.py,,MOD-INF-021,D-RES,D-RES-ROLLBACK,depgraph_blueprint,high
src/zephyr/resilience/rollback/rollback_abuse_detector.py,,MOD-INF-021,D-RES,D-RES-ROLLBACK,depgraph_blueprint,high
src/zephyr/resilience/rollback/rollback_audit_nexus.py,,MOD-INF-021,D-RES,D-RES-ROLLBACK,depgraph_blueprint,high
src/zephyr/resilience/rollback/rollback_bootstrap.py,,MOD-INF-021,D-RES,D-RES-ROLLBACK,depgraph_blueprint,high
src/zephyr/resilience/rollback/rollback_budget.py,,MOD-INF-021,D-RES,D-RES-ROLLBACK,depgraph_blueprint,high
src/zephyr/resilience/rollback/rollback_context_restorer.py,,MOD-INF-021,D-RES,D-RES-ROLLBACK,depgraph_blueprint,high
src/zephyr/resilience/rollback/rollback_dashboard.py,,MOD-INF-021,D-RES,D-RES-ROLLBACK,depgraph_blueprint,high
src/zephyr/resilience/rollback/rollback_drill.py,,MOD-INF-021,D-RES,D-RES-ROLLBACK,depgraph_blueprint,high
src/zephyr/resilience/rollback/rollback_executor.py,,MOD-INF-021,D-RES,D-RES-ROLLBACK,depgraph_blueprint,high
src/zephyr/resilience/rollback/rollback_integration.py,,MOD-INF-021,D-RES,D-RES-ROLLBACK,depgraph_blueprint,high
src/zephyr/resilience/rollback/rollback_lock.py,,MOD-INF-021,D-RES,D-RES-ROLLBACK,depgraph_blueprint,high
src/zephyr/resilience/rollback/rollback_loop_detector.py,,MOD-INF-021,D-RES,D-RES-ROLLBACK,depgraph_blueprint,high
src/zephyr/resilience/rollback/rollback_simulator.py,,MOD-INF-021,D-RES,D-RES-ROLLBACK,depgraph_blueprint,high
src/zephyr/resilience/rollback/rollback_state_machine.py,,MOD-INF-021,D-RES,D-RES-ROLLBACK,depgraph_blueprint,high
src/zephyr/resilience/rollback/rollback_target_staleness.py,,MOD-INF-021,D-RES,D-RES-ROLLBACK,depgraph_blueprint,high
src/zephyr/resilience/rollback/rollback_verifier.py,,MOD-INF-021,D-RES,D-RES-ROLLBACK,depgraph_blueprint,high
src/zephyr/resilience/rollback/rollback_wal.py,,MOD-INF-021,D-RES,D-RES-ROLLBACK,depgraph_blueprint,high
src/zephyr/resilience/rollback/runbook_generator.py,,MOD-INF-021,D-RES,D-RES-ROLLBACK,depgraph_blueprint,high
src/zephyr/resilience/rollback/s3_snapshot_lifecycle.py,,MOD-INF-021,D-RES,D-RES-ROLLBACK,depgraph_blueprint,high
src/zephyr/resilience/rollback/sandbox_enforcer.py,,MOD-INF-021,D-RES,D-RES-ROLLBACK,depgraph_blueprint,high
src/zephyr/resilience/rollback/secret_rotation_aware.py,,MOD-INF-021,D-RES,D-RES-ROLLBACK,depgraph_blueprint,high
src/zephyr/resilience/rollback/semantic_rollback_tag.py,,MOD-INF-021,D-RES,D-RES-ROLLBACK,depgraph_blueprint,high
src/zephyr/resilience/rollback/semantic_similar_detector.py,,MOD-INF-021,D-RES,D-RES-ROLLBACK,depgraph_blueprint,high
src/zephyr/resilience/rollback/sqlite_dumper.py,,MOD-INF-021,D-RES,D-RES-ROLLBACK,depgraph_blueprint,high
src/zephyr/resilience/rollback/startup_shutdown.py,,MOD-INF-021,D-RES,D-RES-ROLLBACK,depgraph_blueprint,high
src/zephyr/resilience/rollback/startup_shutdown_cli.py,,MOD-INF-021,D-RES,D-RES-ROLLBACK,depgraph_blueprint,high
src/zephyr/resilience/rollback/submodule_sync.py,,MOD-INF-021,D-RES,D-RES-ROLLBACK,depgraph_blueprint,high
src/zephyr/resilience/rollback/temporal_context_adapter.py,,MOD-INF-021,D-RES,D-RES-ROLLBACK,depgraph_blueprint,high
src/zephyr/resilience/rollback/topology_change_log.py,,MOD-INF-021,D-RES,D-RES-ROLLBACK,depgraph_blueprint,high
src/zephyr/resilience/rollback/trading_kill_switch.py,,MOD-INF-021,D-RES,D-RES-ROLLBACK,depgraph_blueprint,high
src/zephyr/resilience/rollback/venv_sync.py,,MOD-INF-021,D-RES,D-RES-ROLLBACK,depgraph_blueprint,high
src/zephyr/resilience/rollback/vulnerability_rescanner.py,,MOD-INF-021,D-RES,D-RES-ROLLBACK,depgraph_blueprint,high
src/zephyr/resilience/rollback/warm_standby.py,,MOD-INF-021,D-RES,D-RES-ROLLBACK,depgraph_blueprint,high
src/zephyr/risk/__init__.py,,MOD-L04-001,D-RES,D-RES-BUDGET_ENFORCEMENT,depgraph_blueprint,high
src/zephyr/risk/implementations/__init__.py,,MOD-L04-001,D-RES,D-RES-BUDGET_ENFORCEMENT,depgraph_blueprint,high
src/zephyr/risk/implementations/default_position_limit_checker.py,,MOD-L04-001,D-RES,D-RES-BUDGET_ENFORCEMENT,depgraph_blueprint,high
src/zephyr/risk/implementations/default_risk_limits_calculator.py,,MOD-L04-001,D-RES,D-RES-BUDGET_ENFORCEMENT,depgraph_blueprint,high
src/zephyr/risk/implementations/default_risk_manager_orchestrator.py,,MOD-L04-001,D-RES,D-RES-BUDGET_ENFORCEMENT,depgraph_blueprint,high
src/zephyr/risk/implementations/default_risk_validator.py,,MOD-L04-001,D-RES,D-RES-BUDGET_ENFORCEMENT,depgraph_blueprint,high
src/zephyr/risk/implementations/default_stop_loss_engine.py,,MOD-L04-001,D-RES,D-RES-BUDGET_ENFORCEMENT,depgraph_blueprint,high
src/zephyr/risk/risk_limits.py,,MOD-L04-001,D-RES,D-RES-BUDGET_ENFORCEMENT,depgraph_blueprint,high
src/zephyr/risk/risk_manager.py,,MOD-L04-001,D-RES,D-RES-BUDGET_ENFORCEMENT,depgraph_blueprint,high
src/zephyr/risk/risk_manager_base.py,,MOD-L04-001,D-RES,D-RES-BUDGET_ENFORCEMENT,depgraph_blueprint,high
src/zephyr/risk/risk_validator.py,,MOD-L04-001,D-RES,D-RES-BUDGET_ENFORCEMENT,depgraph_blueprint,high
src/zephyr/risk/stop_loss.py,,MOD-L04-001,D-RES,D-RES-BUDGET_ENFORCEMENT,depgraph_blueprint,high
src/zephyr/security/__init__.py,,,D-SEC,D-SEC-LLM_DEFENSE,package_prefix,medium
src/zephyr/security/access_control/a2a_check.py,,MOD-INF-018,D-SEC,D-SEC-ACCESS_CONTROL,depgraph_blueprint,high
src/zephyr/security/access_control/abac_guard.py,,MOD-INF-018,D-SEC,D-SEC-ACCESS_CONTROL,depgraph_blueprint,high
src/zephyr/security/access_control/adversarial_resilience.py,,MOD-INF-018,D-SEC,D-SEC-ACCESS_CONTROL,depgraph_blueprint,high
src/zephyr/security/access_control/agent_creation_policy.py,,MOD-INF-018,D-SEC,D-SEC-ACCESS_CONTROL,depgraph_blueprint,high
src/zephyr/security/access_control/approver_check.py,,MOD-INF-018,D-SEC,D-SEC-ACCESS_CONTROL,depgraph_blueprint,high
src/zephyr/security/access_control/asymmetric_audit.py,,MOD-INF-018,D-SEC,D-SEC-ACCESS_CONTROL,depgraph_blueprint,high
src/zephyr/security/access_control/audit_log_guard.py,,MOD-INF-018,D-SEC,D-SEC-ACCESS_CONTROL,depgraph_blueprint,high
src/zephyr/security/access_control/auto_maintenance.py,,MOD-INF-018,D-SEC,D-SEC-ACCESS_CONTROL,depgraph_blueprint,high
src/zephyr/security/access_control/blueprint_fidelity.py,,MOD-INF-018,D-SEC,D-SEC-ACCESS_CONTROL,depgraph_blueprint,high
src/zephyr/security/access_control/bootstrap_superadmin.py,,MOD-INF-018,D-SEC,D-SEC-ACCESS_CONTROL,depgraph_blueprint,high
src/zephyr/security/access_control/bootstrap_verifier.py,,MOD-INF-018,D-SEC,D-SEC-ACCESS_CONTROL,depgraph_blueprint,high
src/zephyr/security/access_control/build_sanitizer.py,,MOD-INF-018,D-SEC,D-SEC-ACCESS_CONTROL,depgraph_blueprint,high
src/zephyr/security/access_control/canary_rollout_manager.py,,MOD-INF-018,D-SEC,D-SEC-ACCESS_CONTROL,depgraph_blueprint,high
src/zephyr/security/access_control/capability_check.py,,MOD-INF-018,D-SEC,D-SEC-ACCESS_CONTROL,depgraph_blueprint,high
src/zephyr/security/access_control/cascading_failure_isolator.py,,MOD-INF-018,D-SEC,D-SEC-ACCESS_CONTROL,depgraph_blueprint,high
src/zephyr/security/access_control/cold_start_lock.py,,MOD-INF-018,D-SEC,D-SEC-ACCESS_CONTROL,depgraph_blueprint,high
src/zephyr/security/access_control/compliance_matrix.py,,MOD-INF-018,D-SEC,D-SEC-ACCESS_CONTROL,depgraph_blueprint,high
src/zephyr/security/access_control/context_drift_detector.py,,MOD-INF-018,D-SEC,D-SEC-ACCESS_CONTROL,depgraph_blueprint,high
src/zephyr/security/access_control/continuous_verifier.py,,MOD-INF-018,D-SEC,D-SEC-ACCESS_CONTROL,depgraph_blueprint,high
src/zephyr/security/access_control/contract_verifier.py,,MOD-INF-018,D-SEC,D-SEC-ACCESS_CONTROL,depgraph_blueprint,high
src/zephyr/security/access_control/cross_cutting.py,,MOD-INF-018,D-SEC,D-SEC-ACCESS_CONTROL,depgraph_blueprint,high
src/zephyr/security/access_control/cross_session_detector.py,,MOD-INF-018,D-SEC,D-SEC-ACCESS_CONTROL,depgraph_blueprint,high
src/zephyr/security/access_control/cybersec_2026_guard.py,,MOD-INF-018,D-SEC,D-SEC-ACCESS_CONTROL,depgraph_blueprint,high
src/zephyr/security/access_control/decision_explainer.py,,MOD-INF-018,D-SEC,D-SEC-ACCESS_CONTROL,depgraph_blueprint,high
src/zephyr/security/access_control/decision_registry.py,,MOD-INF-018,D-SEC,D-SEC-ACCESS_CONTROL,depgraph_blueprint,high
src/zephyr/security/access_control/defense_depth.py,,MOD-INF-018,D-SEC,D-SEC-ACCESS_CONTROL,depgraph_blueprint,high
src/zephyr/security/access_control/dependency_auditor.py,,MOD-INF-018,D-SEC,D-SEC-ACCESS_CONTROL,depgraph_blueprint,high
src/zephyr/security/access_control/derive_rbac_roles.py,,MOD-INF-018,D-SEC,D-SEC-ACCESS_CONTROL,depgraph_blueprint,high
src/zephyr/security/access_control/dry_run.py,,MOD-INF-018,D-SEC,D-SEC-ACCESS_CONTROL,depgraph_blueprint,high
src/zephyr/security/access_control/emergency_override.py,,MOD-INF-018,D-SEC,D-SEC-ACCESS_CONTROL,depgraph_blueprint,high
src/zephyr/security/access_control/engine_degradation.py,,MOD-INF-018,D-SEC,D-SEC-ACCESS_CONTROL,depgraph_blueprint,high
src/zephyr/security/access_control/environment_manager.py,,MOD-INF-018,D-SEC,D-SEC-ACCESS_CONTROL,depgraph_blueprint,high
src/zephyr/security/access_control/escalation_handler.py,,MOD-INF-018,D-SEC,D-SEC-ACCESS_CONTROL,depgraph_blueprint,high
src/zephyr/security/access_control/false_completion_detector.py,,MOD-INF-018,D-SEC,D-SEC-ACCESS_CONTROL,depgraph_blueprint,high
src/zephyr/security/access_control/genesis_bootstrap.py,,MOD-INF-018,D-SEC,D-SEC-ACCESS_CONTROL,depgraph_blueprint,high
src/zephyr/security/access_control/guard_layers.py,,MOD-INF-018,D-SEC,D-SEC-ACCESS_CONTROL,depgraph_blueprint,high
src/zephyr/security/access_control/identity.py,,MOD-INF-018,D-SEC,D-SEC-ACCESS_CONTROL,depgraph_blueprint,high
src/zephyr/security/access_control/immutable_core.py,,MOD-INF-018,D-SEC,D-SEC-ACCESS_CONTROL,depgraph_blueprint,high
src/zephyr/security/access_control/input_guard.py,,MOD-INF-018,D-SEC,D-SEC-ACCESS_CONTROL,depgraph_blueprint,high
src/zephyr/security/access_control/integration.py,,MOD-INF-018,D-SEC,D-SEC-ACCESS_CONTROL,depgraph_blueprint,high
src/zephyr/security/access_control/integrity_self_check.py,,MOD-INF-018,D-SEC,D-SEC-ACCESS_CONTROL,depgraph_blueprint,high
src/zephyr/security/access_control/intent_binder.py,,MOD-INF-018,D-SEC,D-SEC-ACCESS_CONTROL,depgraph_blueprint,high
src/zephyr/security/access_control/key_hierarchy.py,,MOD-INF-018,D-SEC,D-SEC-ACCESS_CONTROL,depgraph_blueprint,high
src/zephyr/security/access_control/legal_audit_chain.py,,MOD-INF-018,D-SEC,D-SEC-ACCESS_CONTROL,depgraph_blueprint,high
src/zephyr/security/access_control/memory_guard.py,,MOD-INF-018,D-SEC,D-SEC-ACCESS_CONTROL,depgraph_blueprint,high
src/zephyr/security/access_control/memory_provenance_guard.py,,MOD-INF-018,D-SEC,D-SEC-ACCESS_CONTROL,depgraph_blueprint,high
src/zephyr/security/access_control/micro_verifier.py,,MOD-INF-018,D-SEC,D-SEC-ACCESS_CONTROL,depgraph_blueprint,high
src/zephyr/security/access_control/microstructure_defense.py,,MOD-INF-018,D-SEC,D-SEC-ACCESS_CONTROL,depgraph_blueprint,high
src/zephyr/security/access_control/monotonic_clock.py,,MOD-INF-018,D-SEC,D-SEC-ACCESS_CONTROL,depgraph_blueprint,high
src/zephyr/security/access_control/multi_agent_collusion_detector.py,,MOD-INF-018,D-SEC,D-SEC-ACCESS_CONTROL,depgraph_blueprint,high
src/zephyr/security/access_control/native_api_guard.py,,MOD-INF-018,D-SEC,D-SEC-ACCESS_CONTROL,depgraph_blueprint,high
src/zephyr/security/access_control/non_repudiation.py,,MOD-INF-018,D-SEC,D-SEC-ACCESS_CONTROL,depgraph_blueprint,high
src/zephyr/security/access_control/novel_attack_guard.py,,MOD-INF-018,D-SEC,D-SEC-ACCESS_CONTROL,depgraph_blueprint,high
src/zephyr/security/access_control/observability.py,,MOD-INF-018,D-SEC,D-SEC-ACCESS_CONTROL,depgraph_blueprint,high
src/zephyr/security/access_control/output_guard.py,,MOD-INF-018,D-SEC,D-SEC-ACCESS_CONTROL,depgraph_blueprint,high
src/zephyr/security/access_control/path_guard.py,,MOD-INF-018,D-SEC,D-SEC-ACCESS_CONTROL,depgraph_blueprint,high
src/zephyr/security/access_control/permission_guard.py,,MOD-INF-018,D-SEC,D-SEC-ACCESS_CONTROL,depgraph_blueprint,high
src/zephyr/security/access_control/permission_hooks.py,,MOD-INF-018,D-SEC,D-SEC-ACCESS_CONTROL,depgraph_blueprint,high
src/zephyr/security/access_control/permission_mode_manager.py,,MOD-INF-018,D-SEC,D-SEC-ACCESS_CONTROL,depgraph_blueprint,high
src/zephyr/security/access_control/post_action_verifier.py,,MOD-INF-018,D-SEC,D-SEC-ACCESS_CONTROL,depgraph_blueprint,high
src/zephyr/security/access_control/rbac_guard.py,,MOD-INF-018,D-SEC,D-SEC-ACCESS_CONTROL,depgraph_blueprint,high
src/zephyr/security/access_control/replay_attack_guard.py,,MOD-INF-018,D-SEC,D-SEC-ACCESS_CONTROL,depgraph_blueprint,high
src/zephyr/security/access_control/risk_mitigation.py,,MOD-INF-018,D-SEC,D-SEC-ACCESS_CONTROL,depgraph_blueprint,high
src/zephyr/security/access_control/rollback_sandbox.py,,MOD-INF-018,D-SEC,D-SEC-ACCESS_CONTROL,depgraph_blueprint,high
src/zephyr/security/access_control/rule_injection_guard.py,,MOD-INF-018,D-SEC,D-SEC-ACCESS_CONTROL,depgraph_blueprint,high
src/zephyr/security/access_control/secrets_lifecycle.py,,MOD-INF-018,D-SEC,D-SEC-ACCESS_CONTROL,depgraph_blueprint,high
src/zephyr/security/access_control/sequence_guard.py,,MOD-INF-018,D-SEC,D-SEC-ACCESS_CONTROL,depgraph_blueprint,high
src/zephyr/security/access_control/session_concurrency.py,,MOD-INF-018,D-SEC,D-SEC-ACCESS_CONTROL,depgraph_blueprint,high
src/zephyr/security/access_control/shell_dialect_detector.py,,MOD-INF-018,D-SEC,D-SEC-ACCESS_CONTROL,depgraph_blueprint,high
src/zephyr/security/access_control/vibe_coding_guard.py,,MOD-INF-018,D-SEC,D-SEC-ACCESS_CONTROL,depgraph_blueprint,high
src/zephyr/security/adversarial_validation/__init__.py,,MOD-INF-030,D-SEC,D-SEC-ADVERSARIAL_VALIDATION,ssot_path_prefix,high
src/zephyr/security/adversarial_validation/attack_registry.py,,MOD-INF-030,D-SEC,D-SEC-ADVERSARIAL_VALIDATION,depgraph_blueprint,high
src/zephyr/security/adversarial_validation/bypass_recorder.py,,MOD-INF-030,D-SEC,D-SEC-ADVERSARIAL_VALIDATION,depgraph_blueprint,high
src/zephyr/security/adversarial_validation/constitution_guard.py,,MOD-INF-030,D-SEC,D-SEC-ADVERSARIAL_VALIDATION,depgraph_blueprint,high
src/zephyr/security/adversarial_validation/convergence_checker.py,,MOD-INF-030,D-SEC,D-SEC-ADVERSARIAL_VALIDATION,depgraph_blueprint,high
src/zephyr/security/adversarial_validation/defense_runner.py,,MOD-INF-030,D-SEC,D-SEC-ADVERSARIAL_VALIDATION,depgraph_blueprint,high
src/zephyr/security/adversarial_validation/game_day_runner.py,,MOD-INF-030,D-SEC,D-SEC-ADVERSARIAL_VALIDATION,depgraph_blueprint,high
src/zephyr/security/llm_defense/__init__.py,,MOD-INF-014,D-SEC,D-SEC-LLM_DEFENSE,ssot_path_prefix,high
src/zephyr/security/llm_defense/llm_security/__init__.py,,MOD-INF-014,D-SEC,D-SEC-LLM_DEFENSE,ssot_path_prefix,high
src/zephyr/security/llm_defense/llm_security/behavior_audit_logger.py,,MOD-INF-014,D-SEC,D-SEC-LLM_DEFENSE,depgraph_blueprint,high
src/zephyr/security/llm_defense/llm_security/dashboard/__init__.py,,MOD-INF-014,D-SEC,D-SEC-LLM_DEFENSE,depgraph_blueprint,high
src/zephyr/security/llm_defense/llm_security/dashboard/app.py,,MOD-INF-014,D-SEC,D-SEC-LLM_DEFENSE,depgraph_blueprint,high
src/zephyr/security/llm_defense/llm_security/gateway.py,,MOD-INF-014,D-SEC,D-SEC-LLM_DEFENSE,depgraph_blueprint,high
src/zephyr/security/llm_defense/llm_security/input_sanitizer.py,,MOD-INF-014,D-SEC,D-SEC-LLM_DEFENSE,depgraph_blueprint,high
src/zephyr/security/llm_defense/llm_security/layers/__init__.py,,MOD-INF-014,D-SEC,D-SEC-LLM_DEFENSE,ssot_path_prefix,high
src/zephyr/security/llm_defense/llm_security/layers/l0_supply_chain.py,,MOD-INF-014,D-SEC,D-SEC-LLM_DEFENSE,ssot_path_prefix,high
src/zephyr/security/llm_defense/llm_security/layers/l1_input.py,,MOD-INF-014,D-SEC,D-SEC-LLM_DEFENSE,ssot_path_prefix,high
src/zephyr/security/llm_defense/llm_security/layers/l2_prompt_protection.py,,MOD-INF-014,D-SEC,D-SEC-LLM_DEFENSE,ssot_path_prefix,high
src/zephyr/security/llm_defense/llm_security/layers/l2a_process_sandbox.py,,MOD-INF-014,D-SEC,D-SEC-LLM_DEFENSE,ssot_path_prefix,high
src/zephyr/security/llm_defense/llm_security/layers/l3_output.py,,MOD-INF-014,D-SEC,D-SEC-LLM_DEFENSE,ssot_path_prefix,high
src/zephyr/security/llm_defense/llm_security/layers/l4_agent.py,,MOD-INF-014,D-SEC,D-SEC-LLM_DEFENSE,ssot_path_prefix,high
src/zephyr/security/llm_defense/llm_security/layers/l5_resource_protection.py,,MOD-INF-014,D-SEC,D-SEC-LLM_DEFENSE,ssot_path_prefix,high
src/zephyr/security/llm_defense/llm_security/layers/l6_data_flow.py,,MOD-INF-014,D-SEC,D-SEC-LLM_DEFENSE,ssot_path_prefix,high
src/zephyr/security/llm_defense/llm_security/layers/l6_observability.py,,MOD-INF-014,D-SEC,D-SEC-LLM_DEFENSE,ssot_path_prefix,high
src/zephyr/security/llm_defense/llm_security/layers/l7_runtime.py,,MOD-INF-014,D-SEC,D-SEC-LLM_DEFENSE,ssot_path_prefix,high
src/zephyr/security/llm_defense/llm_security/layers/l8_compliance.py,,MOD-INF-014,D-SEC,D-SEC-LLM_DEFENSE,ssot_path_prefix,high
src/zephyr/security/llm_defense/llm_security/layers/l8_multi_agent.py,,MOD-INF-014,D-SEC,D-SEC-LLM_DEFENSE,ssot_path_prefix,high
src/zephyr/security/llm_defense/llm_security/patterns/__init__.py,,MOD-INF-014,D-SEC,D-SEC-LLM_DEFENSE,ssot_path_prefix,high
src/zephyr/security/llm_defense/llm_security/patterns/injection_patterns.py,,MOD-INF-014,D-SEC,D-SEC-LLM_DEFENSE,ssot_path_prefix,high
src/zephyr/security/llm_defense/llm_security/patterns/secrets.py,,MOD-INF-014,D-SEC,D-SEC-LLM_DEFENSE,depgraph_blueprint,high
src/zephyr/security/llm_defense/llm_security/payloads/__init__.py,,MOD-INF-014,D-SEC,D-SEC-LLM_DEFENSE,ssot_path_prefix,high
src/zephyr/security/llm_defense/llm_security/process_sandbox.py,,MOD-INF-014,D-SEC,D-SEC-LLM_DEFENSE,depgraph_blueprint,high
src/zephyr/security/llm_defense/llm_security/protocol.py,,MOD-INF-014,D-SEC,D-SEC-LLM_DEFENSE,depgraph_blueprint,high
src/zephyr/security/llm_defense/llm_security/sandbox/__init__.py,,MOD-INF-014,D-SEC,D-SEC-LLM_DEFENSE,depgraph_blueprint,high
src/zephyr/security/llm_defense/llm_security/self_protection/__init__.py,,MOD-INF-014,D-SEC,D-SEC-LLM_DEFENSE,ssot_path_prefix,high
src/zephyr/security/llm_defense/llm_security/self_protection/adversarial_mutator.py,,MOD-INF-014,D-SEC,D-SEC-LLM_DEFENSE,depgraph_blueprint,high
src/zephyr/security/llm_defense/llm_security/self_protection/code_integrity.py,,MOD-INF-014,D-SEC,D-SEC-LLM_DEFENSE,depgraph_blueprint,high
src/zephyr/security/llm_defense/llm_security/self_protection/isolation.py,,MOD-INF-014,D-SEC,D-SEC-LLM_DEFENSE,depgraph_blueprint,high
src/zephyr/security/llm_defense/llm_security/self_protection/l7_validation.py,,MOD-INF-014,D-SEC,D-SEC-LLM_DEFENSE,ssot_path_prefix,high
src/zephyr/security/llm_defense/llm_security/self_protection/red_team_scanner.py,,MOD-INF-014,D-SEC,D-SEC-LLM_DEFENSE,depgraph_blueprint,high
src/zephyr/security/llm_defense/llm_security_01/__init__.py,,MOD-INF-014,D-SEC,D-SEC-LLM_DEFENSE,ssot_path_prefix,high
src/zephyr/security/llm_defense/llm_security_01/behavior_audit_logger.py,,MOD-INF-014,D-SEC,D-SEC-LLM_DEFENSE,depgraph_blueprint,high
src/zephyr/security/llm_defense/llm_security_01/context_scanner.py,,MOD-MASTER-001,D-INFRA,D-INFRA-SHARED_SERVICES,depgraph_blueprint,high
src/zephyr/security/llm_defense/llm_security_01/gateway.py,,MOD-INF-014,D-SEC,D-SEC-LLM_DEFENSE,depgraph_blueprint,high
src/zephyr/security/llm_defense/llm_security_01/input_sanitizer.py,,MOD-INF-014,D-SEC,D-SEC-LLM_DEFENSE,depgraph_blueprint,high
src/zephyr/security/llm_defense/llm_security_01/layers/l0_supply_chain.py,,MOD-INF-014,D-SEC,D-SEC-LLM_DEFENSE,depgraph_blueprint,high
src/zephyr/security/llm_defense/llm_security_01/layers/l1_input.py,,MOD-INF-014,D-SEC,D-SEC-LLM_DEFENSE,depgraph_blueprint,high
src/zephyr/security/llm_defense/llm_security_01/layers/l2_prompt_protection.py,,MOD-INF-014,D-SEC,D-SEC-LLM_DEFENSE,depgraph_blueprint,high
src/zephyr/security/llm_defense/llm_security_01/layers/l2a_process_sandbox.py,,MOD-INF-014,D-SEC,D-SEC-LLM_DEFENSE,depgraph_blueprint,high
src/zephyr/security/llm_defense/llm_security_01/layers/l3_output.py,,MOD-INF-014,D-SEC,D-SEC-LLM_DEFENSE,depgraph_blueprint,high
src/zephyr/security/llm_defense/llm_security_01/layers/l4_agent.py,,MOD-INF-014,D-SEC,D-SEC-LLM_DEFENSE,depgraph_blueprint,high
src/zephyr/security/llm_defense/llm_security_01/layers/l5_resource_protection.py,,MOD-INF-014,D-SEC,D-SEC-LLM_DEFENSE,depgraph_blueprint,high
src/zephyr/security/llm_defense/llm_security_01/layers/l6_observability.py,,MOD-INF-014,D-SEC,D-SEC-LLM_DEFENSE,depgraph_blueprint,high
src/zephyr/security/llm_defense/llm_security_01/layers/l8_multi_agent.py,,MOD-INF-014,D-SEC,D-SEC-LLM_DEFENSE,depgraph_blueprint,high
src/zephyr/security/llm_defense/llm_security_01/patterns/injection_patterns.py,,MOD-INF-014,D-SEC,D-SEC-LLM_DEFENSE,depgraph_blueprint,high
src/zephyr/security/llm_defense/llm_security_01/patterns/secrets.py,,MOD-INF-014,D-SEC,D-SEC-LLM_DEFENSE,depgraph_blueprint,high
src/zephyr/security/llm_defense/llm_security_01/process_sandbox.py,,MOD-INF-014,D-SEC,D-SEC-LLM_DEFENSE,depgraph_blueprint,high
src/zephyr/security/llm_defense/llm_security_01/self_protection/adversarial_mutator.py,,MOD-INF-014,D-SEC,D-SEC-LLM_DEFENSE,depgraph_blueprint,high
src/zephyr/security/llm_defense/llm_security_01/self_protection/code_integrity.py,,MOD-INF-014,D-SEC,D-SEC-LLM_DEFENSE,depgraph_blueprint,high
src/zephyr/security/llm_defense/llm_security_01/self_protection/isolation.py,,MOD-INF-014,D-SEC,D-SEC-LLM_DEFENSE,depgraph_blueprint,high
src/zephyr/security/llm_defense/llm_security_01/self_protection/l7_validation.py,,MOD-INF-014,D-SEC,D-SEC-LLM_DEFENSE,depgraph_blueprint,high
src/zephyr/security/llm_defense/llm_security_01/self_protection/red_team_scanner.py,,MOD-INF-014,D-SEC,D-SEC-LLM_DEFENSE,depgraph_blueprint,high
src/zephyr/semantic_auditor/__init__.py,,MOD-INF-028,D-GOV,D-GOV-SEMANTIC_AUDIT,depgraph_blueprint,high
src/zephyr/semantic_auditor/llm_bridge.py,,MOD-INF-028 — LLM 桥接 Stage 6,D-DATA,D-DATA-KNOWLEDGE_MANAGEMENT,depgraph_domain,high
src/zephyr/semantic_auditor/models.py,,MOD-INF-028,D-GOV,D-GOV-SEMANTIC_AUDIT,depgraph_blueprint,high
src/zephyr/semantic_auditor/self_healer.py,,MOD-INF-028,D-GOV,D-GOV-SEMANTIC_AUDIT,depgraph_blueprint,high
src/zephyr/shared/__init__.py,,MOD-INF-039,D-INFRA,D-INFRA-SHARED_CORE,ssot_path_prefix,high
src/zephyr/shared/__version__.py,,MOD-INF-016,D-INFRA,D-INFRA-LIFECYCLE_MANAGEMENT,depgraph_blueprint,high
src/zephyr/shared/_cross_layer/__init__.py,,MOD-INF-002,D-INFRA,D-INFRA-RUNTIME_INTEGRATION,depgraph_blueprint,high
src/zephyr/shared/_cross_layer/alpha_signal_pipeline.py,,MOD-INF-002,D-INFRA,D-INFRA-RUNTIME_INTEGRATION,depgraph_blueprint,high
src/zephyr/shared/_cross_layer/ml_experiment_pipeline.py,,MOD-INF-002,D-INFRA,D-INFRA-RUNTIME_INTEGRATION,depgraph_blueprint,high
src/zephyr/shared/adaptive_sampler.py,,MOD-INF-039,D-INFRA,D-INFRA-SHARED_CORE,ssot_path_prefix,high
src/zephyr/shared/ai_audit_guard.py,,MOD-INF-039,D-INFRA,D-INFRA-SHARED_CORE,ssot_path_prefix,high
src/zephyr/shared/ai_understandability_constraint.py,,MOD-INF-039,D-INFRA,D-INFRA-SHARED_CORE,ssot_path_prefix,high
src/zephyr/shared/alert_escalation.py,,MOD-INF-039,D-INFRA,D-INFRA-SHARED_CORE,ssot_path_prefix,high
src/zephyr/shared/alert_manager.py,,MOD-INF-039,D-INFRA,D-INFRA-SHARED_CORE,ssot_path_prefix,high
src/zephyr/shared/alert_precision_tracker.py,,MOD-INF-039,D-INFRA,D-INFRA-SHARED_CORE,ssot_path_prefix,high
src/zephyr/shared/api/__init__.py,,MOD-INF-016,D-INFRA,D-INFRA-LIFECYCLE_MANAGEMENT,depgraph_blueprint,high
src/zephyr/shared/api/api_client.py,,MOD-INF-016,D-INFRA,D-INFRA-LIFECYCLE_MANAGEMENT,depgraph_blueprint,high
src/zephyr/shared/api/api_index.py,,MOD-INF-016,D-INFRA,D-INFRA-LIFECYCLE_MANAGEMENT,depgraph_blueprint,high
src/zephyr/shared/api/dos_launcher.py,,MOD-INF-016,D-INFRA,D-INFRA-LIFECYCLE_MANAGEMENT,depgraph_blueprint,high
src/zephyr/shared/api_client.py,,MOD-INF-016,D-INFRA,D-INFRA-LIFECYCLE_MANAGEMENT,depgraph_blueprint,high
src/zephyr/shared/api_index.py,,MOD-INF-016,D-INFRA,D-INFRA-LIFECYCLE_MANAGEMENT,depgraph_blueprint,high
src/zephyr/shared/blueprint_code_auditor.py,,MOD-INF-039,D-INFRA,D-INFRA-SHARED_CORE,ssot_path_prefix,high
src/zephyr/shared/blueprint_scorer.py,,MOD-INF-016,D-INFRA,D-INFRA-LIFECYCLE_MANAGEMENT,depgraph_blueprint,high
src/zephyr/shared/budget_aware_prompt.py,,MOD-INF-039,D-INFRA,D-INFRA-SHARED_CORE,ssot_path_prefix,high
src/zephyr/shared/cache.py,,MOD-INF-016,D-INFRA,D-INFRA-LIFECYCLE_MANAGEMENT,depgraph_blueprint,high
src/zephyr/shared/capability.py,,MOD-INF-016,D-INFRA,D-INFRA-LIFECYCLE_MANAGEMENT,depgraph_blueprint,high
src/zephyr/shared/capacity_calibrator.py,,MOD-INF-039,D-INFRA,D-INFRA-SHARED_CORE,ssot_path_prefix,high
src/zephyr/shared/capacity_digital_twin.py,,MOD-INF-039,D-INFRA,D-INFRA-SHARED_CORE,ssot_path_prefix,high
src/zephyr/shared/capacity_fingerprint.py,,MOD-INF-039,D-INFRA,D-INFRA-SHARED_CORE,ssot_path_prefix,high
src/zephyr/shared/capacity_governance_loop.py,,MOD-INF-039,D-INFRA,D-INFRA-SHARED_CORE,ssot_path_prefix,high
src/zephyr/shared/capacity_runbook_generator.py,,MOD-INF-039,D-INFRA,D-INFRA-SHARED_CORE,ssot_path_prefix,high
src/zephyr/shared/code_economy_analyzer.py,,MOD-INF-039,D-INFRA,D-INFRA-SHARED_CORE,ssot_path_prefix,high
src/zephyr/shared/combinatorial_gate.py,,MOD-INF-039,D-INFRA,D-INFRA-SHARED_CORE,ssot_path_prefix,high
src/zephyr/shared/config/__init__.py,,MOD-INF-016,D-INFRA,D-INFRA-LIFECYCLE_MANAGEMENT,depgraph_blueprint,high
src/zephyr/shared/config/loader.py,,MOD-INF-016,D-INFRA,D-INFRA-LIFECYCLE_MANAGEMENT,depgraph_blueprint,high
src/zephyr/shared/constants.py,,MOD-INF-016,D-INFRA,D-INFRA-LIFECYCLE_MANAGEMENT,depgraph_blueprint,high
src/zephyr/shared/content_fingerprint.py,,MOD-INF-016,D-INFRA,D-INFRA-LIFECYCLE_MANAGEMENT,depgraph_blueprint,high
src/zephyr/shared/context.py,,MOD-INF-016,D-INFRA,D-INFRA-LIFECYCLE_MANAGEMENT,depgraph_blueprint,high
src/zephyr/shared/contract_bus.py,,MOD-INF-016,D-INFRA,D-INFRA-LIFECYCLE_MANAGEMENT,depgraph_blueprint,high
src/zephyr/shared/contract_tester.py,,MOD-INF-016,D-INFRA,D-INFRA-LIFECYCLE_MANAGEMENT,depgraph_blueprint,high
src/zephyr/shared/contracts/__init__.py,,MOD-INF-016,D-INFRA,D-INFRA-LIFECYCLE_MANAGEMENT,depgraph_blueprint,high
src/zephyr/shared/contracts/backpressure/__init__.py,,MOD-INF-016,D-INFRA,D-INFRA-LIFECYCLE_MANAGEMENT,depgraph_blueprint,high
src/zephyr/shared/contracts/backpressure/pause.py,,MOD-INF-016,D-INFRA,D-INFRA-LIFECYCLE_MANAGEMENT,depgraph_blueprint,high
src/zephyr/shared/contracts/backpressure/resume.py,,MOD-INF-016,D-INFRA,D-INFRA-LIFECYCLE_MANAGEMENT,depgraph_blueprint,high
src/zephyr/shared/contracts/backpressure/throttle.py,,MOD-INF-016,D-INFRA,D-INFRA-LIFECYCLE_MANAGEMENT,depgraph_blueprint,high
src/zephyr/shared/contracts/core/__init__.py,,MOD-INF-002,D-INFRA,D-INFRA-RUNTIME_INTEGRATION,depgraph_blueprint,high
src/zephyr/shared/contracts/core/base_event.py,,MOD-INF-002,D-INFRA,D-INFRA-RUNTIME_INTEGRATION,depgraph_blueprint,high
src/zephyr/shared/contracts/core/enforcer.py,,MOD-INF-002,D-INFRA,D-INFRA-RUNTIME_INTEGRATION,depgraph_blueprint,high
src/zephyr/shared/contracts/core/factories.py,,MOD-INF-002,D-INFRA,D-INFRA-RUNTIME_INTEGRATION,depgraph_blueprint,high
src/zephyr/shared/contracts/core/gate_types.py,,MOD-INF-002,D-INFRA,D-INFRA-RUNTIME_INTEGRATION,depgraph_blueprint,high
src/zephyr/shared/contracts/core/registry.py,,MOD-INF-002,D-INFRA,D-INFRA-RUNTIME_INTEGRATION,depgraph_blueprint,high
src/zephyr/shared/contracts/core/runtime_plane_tag.py,,MOD-INF-002,D-INFRA,D-INFRA-RUNTIME_INTEGRATION,depgraph_blueprint,high
src/zephyr/shared/contracts/core/system_configuration.py,,MOD-INF-002,D-INFRA,D-INFRA-RUNTIME_INTEGRATION,depgraph_blueprint,high
src/zephyr/shared/contracts/core/telemetry_emitter.py,,MOD-INF-002,D-INFRA,D-INFRA-RUNTIME_INTEGRATION,depgraph_blueprint,high
src/zephyr/shared/contracts/core/timestamp.py,,MOD-INF-002,D-INFRA,D-INFRA-RUNTIME_INTEGRATION,depgraph_blueprint,high
src/zephyr/shared/contracts/core/trace_context.py,,MOD-INF-002,D-INFRA,D-INFRA-RUNTIME_INTEGRATION,depgraph_blueprint,high
src/zephyr/shared/contracts/errors/__init__.py,,MOD-INF-016,D-INFRA,D-INFRA-LIFECYCLE_MANAGEMENT,depgraph_blueprint,high
src/zephyr/shared/contracts/errors/contract_violation_error.py,,MOD-INF-016,D-INFRA,D-INFRA-LIFECYCLE_MANAGEMENT,depgraph_blueprint,high
src/zephyr/shared/contracts/errors/data_quality_error.py,,MOD-INF-016,D-INFRA,D-INFRA-LIFECYCLE_MANAGEMENT,depgraph_blueprint,high
src/zephyr/shared/contracts/errors/execution_rejection_error.py,,MOD-INF-016,D-INFRA,D-INFRA-LIFECYCLE_MANAGEMENT,depgraph_blueprint,high
src/zephyr/shared/contracts/errors/factor_computation_error.py,,MOD-INF-016,D-INFRA,D-INFRA-LIFECYCLE_MANAGEMENT,depgraph_blueprint,high
src/zephyr/shared/contracts/errors/risk_limit_violation_error.py,,MOD-INF-016,D-INFRA,D-INFRA-LIFECYCLE_MANAGEMENT,depgraph_blueprint,high
src/zephyr/shared/contracts/errors/signal_degradation_warning.py,,MOD-INF-016,D-INFRA,D-INFRA-LIFECYCLE_MANAGEMENT,depgraph_blueprint,high
src/zephyr/shared/contracts/escalation/__init__.py,,MOD-INF-016,D-INFRA,D-INFRA-LIFECYCLE_MANAGEMENT,depgraph_blueprint,high
src/zephyr/shared/contracts/escalation/budget_alert.py,,MOD-INF-016,D-INFRA,D-INFRA-LIFECYCLE_MANAGEMENT,depgraph_blueprint,high
src/zephyr/shared/contracts/execution/__init__.py,,MOD-INF-016,D-INFRA,D-INFRA-LIFECYCLE_MANAGEMENT,depgraph_blueprint,high
src/zephyr/shared/contracts/execution/capital_allocation_result.py,,MOD-INF-016,D-INFRA,D-INFRA-LIFECYCLE_MANAGEMENT,depgraph_blueprint,high
src/zephyr/shared/contracts/execution/execution_report.py,,MOD-INF-016,D-INFRA,D-INFRA-LIFECYCLE_MANAGEMENT,depgraph_blueprint,high
src/zephyr/shared/contracts/execution/fill.py,,MOD-INF-016,D-INFRA,D-INFRA-LIFECYCLE_MANAGEMENT,depgraph_blueprint,high
src/zephyr/shared/contracts/execution/model_serving_request.py,,MOD-INF-016,D-INFRA,D-INFRA-LIFECYCLE_MANAGEMENT,depgraph_blueprint,high
src/zephyr/shared/contracts/execution/order.py,,MOD-INF-016,D-INFRA,D-INFRA-LIFECYCLE_MANAGEMENT,depgraph_blueprint,high
src/zephyr/shared/contracts/experiment/__init__.py,,MOD-INF-016,D-INFRA,D-INFRA-LIFECYCLE_MANAGEMENT,depgraph_blueprint,high
src/zephyr/shared/contracts/experiment/experiment_result.py,,MOD-INF-016,D-INFRA,D-INFRA-LIFECYCLE_MANAGEMENT,depgraph_blueprint,high
src/zephyr/shared/contracts/experiment/model_serving_response.py,,MOD-INF-016,D-INFRA,D-INFRA-LIFECYCLE_MANAGEMENT,depgraph_blueprint,high
src/zephyr/shared/contracts/external/__init__.py,,MOD-INF-016,D-INFRA,D-INFRA-LIFECYCLE_MANAGEMENT,depgraph_blueprint,high
src/zephyr/shared/contracts/external/ext_001.py,,MOD-INF-016,D-INFRA,D-INFRA-LIFECYCLE_MANAGEMENT,depgraph_blueprint,high
src/zephyr/shared/contracts/external/ext_002.py,,MOD-INF-016,D-INFRA,D-INFRA-LIFECYCLE_MANAGEMENT,depgraph_blueprint,high
src/zephyr/shared/contracts/external/ext_003.py,,MOD-INF-016,D-INFRA,D-INFRA-LIFECYCLE_MANAGEMENT,depgraph_blueprint,high
src/zephyr/shared/contracts/external/ext_004.py,,MOD-INF-016,D-INFRA,D-INFRA-LIFECYCLE_MANAGEMENT,depgraph_blueprint,high
src/zephyr/shared/contracts/gate/__init__.py,,MOD-INF-002,D-INFRA,D-INFRA-RUNTIME_INTEGRATION,depgraph_blueprint,high
src/zephyr/shared/contracts/gate/gate_result.py,,MOD-INF-002,D-INFRA,D-INFRA-RUNTIME_INTEGRATION,depgraph_blueprint,high
src/zephyr/shared/contracts/identity/__init__.py,,MOD-INF-016,D-INFRA,D-INFRA-LIFECYCLE_MANAGEMENT,depgraph_blueprint,high
src/zephyr/shared/contracts/identity/agent_identity.py,,MOD-INF-016,D-INFRA,D-INFRA-LIFECYCLE_MANAGEMENT,depgraph_blueprint,high
src/zephyr/shared/contracts/identity/permission.py,,MOD-INF-016,D-INFRA,D-INFRA-LIFECYCLE_MANAGEMENT,depgraph_blueprint,high
src/zephyr/shared/contracts/market/__init__.py,,MOD-INF-016,D-INFRA,D-INFRA-LIFECYCLE_MANAGEMENT,depgraph_blueprint,high
src/zephyr/shared/contracts/market/factor_monitor_report.py,,MOD-INF-016,D-INFRA,D-INFRA-LIFECYCLE_MANAGEMENT,depgraph_blueprint,high
src/zephyr/shared/contracts/market/factor_signal.py,,MOD-INF-016,D-INFRA,D-INFRA-LIFECYCLE_MANAGEMENT,depgraph_blueprint,high
src/zephyr/shared/contracts/market/instrument.py,,MOD-INF-016,D-INFRA,D-INFRA-LIFECYCLE_MANAGEMENT,depgraph_blueprint,high
src/zephyr/shared/contracts/market/macro_factor_signal.py,,MOD-INF-016,D-INFRA,D-INFRA-LIFECYCLE_MANAGEMENT,depgraph_blueprint,high
src/zephyr/shared/contracts/market/market_data.py,,MOD-INF-016,D-INFRA,D-INFRA-LIFECYCLE_MANAGEMENT,depgraph_blueprint,high
src/zephyr/shared/contracts/market/synthesized_signal.py,,MOD-INF-016,D-INFRA,D-INFRA-LIFECYCLE_MANAGEMENT,depgraph_blueprint,high
src/zephyr/shared/contracts/portfolio/__init__.py,,MOD-INF-016,D-INFRA,D-INFRA-LIFECYCLE_MANAGEMENT,depgraph_blueprint,high
src/zephyr/shared/contracts/portfolio/money.py,,MOD-INF-016,D-INFRA,D-INFRA-LIFECYCLE_MANAGEMENT,depgraph_blueprint,high
src/zephyr/shared/contracts/portfolio/performance_attribution_report.py,,MOD-INF-016,D-INFRA,D-INFRA-LIFECYCLE_MANAGEMENT,depgraph_blueprint,high
src/zephyr/shared/contracts/portfolio/position.py,,MOD-INF-016,D-INFRA,D-INFRA-LIFECYCLE_MANAGEMENT,depgraph_blueprint,high
src/zephyr/shared/contracts/portfolio/strategy_lifecycle_event.py,,MOD-INF-016,D-INFRA,D-INFRA-LIFECYCLE_MANAGEMENT,depgraph_blueprint,high
src/zephyr/shared/contracts/risk/__init__.py,,MOD-INF-016,D-INFRA,D-INFRA-LIFECYCLE_MANAGEMENT,depgraph_blueprint,high
src/zephyr/shared/contracts/risk/compliance_rule.py,,MOD-INF-016,D-INFRA,D-INFRA-LIFECYCLE_MANAGEMENT,depgraph_blueprint,high
src/zephyr/shared/contracts/risk/risk_dashboard_snapshot.py,,MOD-INF-016,D-INFRA,D-INFRA-LIFECYCLE_MANAGEMENT,depgraph_blueprint,high
src/zephyr/shared/contracts/risk/risk_limits.py,,MOD-INF-016,D-INFRA,D-INFRA-LIFECYCLE_MANAGEMENT,depgraph_blueprint,high
src/zephyr/shared/contracts/risk/risk_metrics.py,,MOD-INF-016,D-INFRA,D-INFRA-LIFECYCLE_MANAGEMENT,depgraph_blueprint,high
src/zephyr/shared/contracts/risk/risk_validator_protocol.py,,MOD-INF-016,D-INFRA,D-INFRA-LIFECYCLE_MANAGEMENT,depgraph_blueprint,high
src/zephyr/shared/contracts/security/__init__.py,,MOD-INF-016,D-INFRA,D-INFRA-LIFECYCLE_MANAGEMENT,depgraph_blueprint,high
src/zephyr/shared/contracts/security/security_decision.py,,MOD-INF-016,D-INFRA,D-INFRA-LIFECYCLE_MANAGEMENT,depgraph_blueprint,high
src/zephyr/shared/core_integrity_guard.py,,MOD-INF-039,D-INFRA,D-INFRA-SHARED_CORE,ssot_path_prefix,high
src/zephyr/shared/cost_estimator.py,,MOD-INF-039,D-INFRA,D-INFRA-SHARED_CORE,ssot_path_prefix,high
src/zephyr/shared/degradation_chain.py,,MOD-INF-039,D-INFRA,D-INFRA-SHARED_CORE,ssot_path_prefix,high
src/zephyr/shared/dependency_capacity_guard.py,,MOD-INF-039,D-INFRA,D-INFRA-SHARED_CORE,ssot_path_prefix,high
src/zephyr/shared/deprecation.py,,MOD-INF-016,D-INFRA,D-INFRA-LIFECYCLE_MANAGEMENT,depgraph_blueprint,high
src/zephyr/shared/diff_utils.py,,MOD-INF-016,D-INFRA,D-INFRA-LIFECYCLE_MANAGEMENT,depgraph_blueprint,high
src/zephyr/shared/dual_channel_alert.py,,MOD-INF-039,D-INFRA,D-INFRA-SHARED_CORE,ssot_path_prefix,high
src/zephyr/shared/env.py,,MOD-INF-016,D-INFRA,D-INFRA-LIFECYCLE_MANAGEMENT,depgraph_blueprint,high
src/zephyr/shared/error_budget_tracker.py,,MOD-INF-039,D-INFRA,D-INFRA-SHARED_CORE,ssot_path_prefix,high
src/zephyr/shared/errors.py,,MOD-INF-016,D-INFRA,D-INFRA-LIFECYCLE_MANAGEMENT,depgraph_blueprint,high
src/zephyr/shared/event_bus.py,,MOD-INF-016,D-INFRA,D-INFRA-LIFECYCLE_MANAGEMENT,depgraph_blueprint,high
src/zephyr/shared/events/__init__.py,,MOD-INF-016,D-INFRA,D-INFRA-LIFECYCLE_MANAGEMENT,depgraph_blueprint,high
src/zephyr/shared/events/dlq.py,,MOD-INF-016,D-INFRA,D-INFRA-LIFECYCLE_MANAGEMENT,depgraph_blueprint,high
src/zephyr/shared/events/dlq_bridge.py,,MOD-INF-016,D-INFRA,D-INFRA-LIFECYCLE_MANAGEMENT,depgraph_blueprint,high
src/zephyr/shared/events/event_bus_upgrade.py,,MOD-INF-016,D-INFRA,D-INFRA-LIFECYCLE_MANAGEMENT,depgraph_blueprint,high
src/zephyr/shared/events/event_schemas.py,,MOD-INF-016,D-INFRA,D-INFRA-LIFECYCLE_MANAGEMENT,depgraph_blueprint,high
src/zephyr/shared/events/upgrade_strategy.py,,MOD-INF-016,D-INFRA,D-INFRA-LIFECYCLE_MANAGEMENT,depgraph_blueprint,high
src/zephyr/shared/fault_isolator.py,,MOD-INF-039,D-INFRA,D-INFRA-SHARED_CORE,ssot_path_prefix,high
src/zephyr/shared/file_utils.py,,MOD-INF-016,D-INFRA,D-INFRA-LIFECYCLE_MANAGEMENT,depgraph_blueprint,high
src/zephyr/shared/flags.py,,MOD-INF-016,D-INFRA,D-INFRA-LIFECYCLE_MANAGEMENT,depgraph_blueprint,high
src/zephyr/shared/foundation/__init__.py,,MOD-INF-016,D-INFRA,D-INFRA-LIFECYCLE_MANAGEMENT,depgraph_blueprint,high
src/zephyr/shared/foundation/constants.py,,MOD-INF-016,D-INFRA,D-INFRA-LIFECYCLE_MANAGEMENT,depgraph_blueprint,high
src/zephyr/shared/foundation/deprecation.py,,MOD-INF-016,D-INFRA,D-INFRA-LIFECYCLE_MANAGEMENT,depgraph_blueprint,high
src/zephyr/shared/foundation/env.py,,MOD-INF-016,D-INFRA,D-INFRA-LIFECYCLE_MANAGEMENT,depgraph_blueprint,high
src/zephyr/shared/foundation/errors.py,,MOD-INF-016,D-INFRA,D-INFRA-LIFECYCLE_MANAGEMENT,depgraph_blueprint,high
src/zephyr/shared/foundation/flags.py,,MOD-INF-016,D-INFRA,D-INFRA-LIFECYCLE_MANAGEMENT,depgraph_blueprint,high
src/zephyr/shared/foundation/types.py,,MOD-INF-016,D-INFRA,D-INFRA-LIFECYCLE_MANAGEMENT,depgraph_blueprint,high
src/zephyr/shared/frontmatter_utils.py,,MOD-INF-016,D-INFRA,D-INFRA-LIFECYCLE_MANAGEMENT,depgraph_blueprint,high
src/zephyr/shared/health.py,,MOD-INF-016,D-INFRA,D-INFRA-LIFECYCLE_MANAGEMENT,depgraph_blueprint,high
src/zephyr/shared/heartbeat_server.py,,MOD-INF-039,D-INFRA,D-INFRA-SHARED_CORE,ssot_path_prefix,high
src/zephyr/shared/idempotency.py,,MOD-INF-016,D-INFRA,D-INFRA-LIFECYCLE_MANAGEMENT,depgraph_blueprint,high
src/zephyr/shared/infra/__init__.py,,MOD-INF-016,D-INFRA,D-INFRA-LIFECYCLE_MANAGEMENT,depgraph_blueprint,high
src/zephyr/shared/infra/cache.py,,MOD-INF-016,D-INFRA,D-INFRA-LIFECYCLE_MANAGEMENT,depgraph_blueprint,high
src/zephyr/shared/infra/idempotency.py,,MOD-INF-016,D-INFRA,D-INFRA-LIFECYCLE_MANAGEMENT,depgraph_blueprint,high
src/zephyr/shared/infra/limiter.py,,MOD-INF-016,D-INFRA,D-INFRA-LIFECYCLE_MANAGEMENT,depgraph_blueprint,high
src/zephyr/shared/infra/lock.py,,MOD-INF-016,D-INFRA,D-INFRA-LIFECYCLE_MANAGEMENT,depgraph_blueprint,high
src/zephyr/shared/infra/observer.py,,MOD-INF-016,D-INFRA,D-INFRA-LIFECYCLE_MANAGEMENT,depgraph_blueprint,high
src/zephyr/shared/infra/outbox.py,,MOD-INF-016,D-INFRA,D-INFRA-LIFECYCLE_MANAGEMENT,depgraph_blueprint,high
src/zephyr/shared/infra/process_lifecycle_gateway.py,,MOD-INF-016,D-INFRA,D-INFRA-LIFECYCLE_MANAGEMENT,depgraph_blueprint,high
src/zephyr/shared/infra/process_pool.py,,MOD-INF-016,D-INFRA,D-INFRA-LIFECYCLE_MANAGEMENT,depgraph_blueprint,high
src/zephyr/shared/io/__init__.py,,MOD-INF-016,D-INFRA,D-INFRA-LIFECYCLE_MANAGEMENT,depgraph_blueprint,high
src/zephyr/shared/io/content_fingerprint.py,,MOD-INF-016,D-INFRA,D-INFRA-LIFECYCLE_MANAGEMENT,depgraph_blueprint,high
src/zephyr/shared/io/file_utils.py,,MOD-INF-016,D-INFRA,D-INFRA-LIFECYCLE_MANAGEMENT,depgraph_blueprint,high
src/zephyr/shared/io/frontmatter_utils.py,,MOD-INF-016,D-INFRA,D-INFRA-LIFECYCLE_MANAGEMENT,depgraph_blueprint,high
src/zephyr/shared/io/io_cache.py,,MOD-INF-016,D-INFRA,D-INFRA-LIFECYCLE_MANAGEMENT,depgraph_blueprint,high
src/zephyr/shared/io/paths.py,,MOD-INF-016,D-INFRA,D-INFRA-LIFECYCLE_MANAGEMENT,depgraph_blueprint,high
src/zephyr/shared/io/serialization.py,,MOD-INF-016,D-INFRA,D-INFRA-LIFECYCLE_MANAGEMENT,depgraph_blueprint,high
src/zephyr/shared/io/streaming_reader.py,,MOD-INF-016,D-INFRA,D-INFRA-LIFECYCLE_MANAGEMENT,depgraph_blueprint,high
src/zephyr/shared/lifecycle/__init__.py,,MOD-INF-016,D-INFRA,D-INFRA-LIFECYCLE_MANAGEMENT,depgraph_blueprint,high
src/zephyr/shared/lifecycle/daemon_registry.py,,MOD-INF-016,D-INFRA,D-INFRA-LIFECYCLE_MANAGEMENT,depgraph_blueprint,high
src/zephyr/shared/lifecycle/hooks.py,,MOD-INF-016,D-INFRA,D-INFRA-LIFECYCLE_MANAGEMENT,depgraph_blueprint,high
src/zephyr/shared/lifecycle/lazy_loader.py,,MOD-INF-016,D-INFRA,D-INFRA-LIFECYCLE_MANAGEMENT,depgraph_blueprint,high
src/zephyr/shared/lifecycle/resource_optimization_engine.py,,MOD-INF-016,D-INFRA,D-INFRA-LIFECYCLE_MANAGEMENT,depgraph_blueprint,high
src/zephyr/shared/lifecycle/resource_optimization_models.py,,MOD-INF-016,D-INFRA,D-INFRA-LIFECYCLE_MANAGEMENT,depgraph_blueprint,high
src/zephyr/shared/limiter.py,,MOD-INF-016,D-INFRA,D-INFRA-LIFECYCLE_MANAGEMENT,depgraph_blueprint,high
src/zephyr/shared/lock.py,,MOD-INF-016,D-INFRA,D-INFRA-LIFECYCLE_MANAGEMENT,depgraph_blueprint,high
src/zephyr/shared/logging.py,,MOD-INF-016,D-INFRA,D-INFRA-LIFECYCLE_MANAGEMENT,depgraph_blueprint,high
src/zephyr/shared/longevity_monitor.py,,MOD-INF-039,D-INFRA,D-INFRA-SHARED_CORE,ssot_path_prefix,high
src/zephyr/shared/metrics.py,,MOD-INF-016,D-INFRA,D-INFRA-LIFECYCLE_MANAGEMENT,depgraph_blueprint,high
src/zephyr/shared/migration.py,,MOD-INF-016,D-INFRA,D-INFRA-LIFECYCLE_MANAGEMENT,depgraph_blueprint,high
src/zephyr/shared/model_capacity_probe.py,,MOD-INF-039,D-INFRA,D-INFRA-SHARED_CORE,ssot_path_prefix,high
src/zephyr/shared/module_birth_registry.py,,MOD-INF-039,D-INFRA,D-INFRA-SHARED_CORE,ssot_path_prefix,high
src/zephyr/shared/observability/__init__.py,,MOD-INF-016,D-INFRA,D-INFRA-LIFECYCLE_MANAGEMENT,depgraph_blueprint,high
src/zephyr/shared/observability/health.py,,MOD-INF-016,D-INFRA,D-INFRA-LIFECYCLE_MANAGEMENT,depgraph_blueprint,high
src/zephyr/shared/observability/health_discovery.py,,MOD-INF-016,D-INFRA,D-INFRA-LIFECYCLE_MANAGEMENT,depgraph_blueprint,high
src/zephyr/shared/observability/logging.py,,MOD-INF-016,D-INFRA,D-INFRA-LIFECYCLE_MANAGEMENT,depgraph_blueprint,high
src/zephyr/shared/observability/metrics.py,,MOD-INF-016,D-INFRA,D-INFRA-LIFECYCLE_MANAGEMENT,depgraph_blueprint,high
src/zephyr/shared/observability/session_audit.py,,MOD-INF-016,D-INFRA,D-INFRA-LIFECYCLE_MANAGEMENT,depgraph_blueprint,high
src/zephyr/shared/observability/token_utils.py,,MOD-INF-016,D-INFRA,D-INFRA-LIFECYCLE_MANAGEMENT,depgraph_blueprint,high
src/zephyr/shared/observability/tracing.py,,MOD-INF-016,D-INFRA,D-INFRA-LIFECYCLE_MANAGEMENT,depgraph_blueprint,high
src/zephyr/shared/observer.py,,MOD-INF-016,D-INFRA,D-INFRA-LIFECYCLE_MANAGEMENT,depgraph_blueprint,high
src/zephyr/shared/outbox.py,,MOD-INF-016,D-INFRA,D-INFRA-LIFECYCLE_MANAGEMENT,depgraph_blueprint,high
src/zephyr/shared/owner_trust_gauge.py,,MOD-INF-039,D-INFRA,D-INFRA-SHARED_CORE,ssot_path_prefix,high
src/zephyr/shared/pagination.py,,MOD-INF-016,D-INFRA,D-INFRA-LIFECYCLE_MANAGEMENT,depgraph_blueprint,high
src/zephyr/shared/paths.py,,MOD-INF-016,D-INFRA,D-INFRA-LIFECYCLE_MANAGEMENT,depgraph_blueprint,high
src/zephyr/shared/reasoning_spans.py,,MOD-INF-039,D-INFRA,D-INFRA-SHARED_CORE,ssot_path_prefix,high
src/zephyr/shared/resilience/__init__.py,,MOD-INF-016,D-INFRA,D-INFRA-LIFECYCLE_MANAGEMENT,depgraph_blueprint,high
src/zephyr/shared/resilience/circuit_breaker.py,,MOD-INF-016,D-INFRA,D-INFRA-LIFECYCLE_MANAGEMENT,depgraph_blueprint,high
src/zephyr/shared/resilience/fallback.py,,MOD-INF-016,D-INFRA,D-INFRA-LIFECYCLE_MANAGEMENT,depgraph_blueprint,high
src/zephyr/shared/resilience/retry.py,,MOD-INF-016,D-INFRA,D-INFRA-LIFECYCLE_MANAGEMENT,depgraph_blueprint,high
src/zephyr/shared/sandbox_executor.py,,MOD-INF-039,D-INFRA,D-INFRA-SHARED_CORE,ssot_path_prefix,high
src/zephyr/shared/schema/__init__.py,,MOD-INF-016,D-INFRA,D-INFRA-LIFECYCLE_MANAGEMENT,depgraph_blueprint,high
src/zephyr/shared/schema/base_config.py,,MOD-INF-016,D-INFRA,D-INFRA-LIFECYCLE_MANAGEMENT,depgraph_blueprint,high
src/zephyr/shared/schema/schema_registry.py,,MOD-INF-016,D-INFRA,D-INFRA-LIFECYCLE_MANAGEMENT,depgraph_blueprint,high
src/zephyr/shared/schema/schemas.py,,MOD-INF-016,D-INFRA,D-INFRA-LIFECYCLE_MANAGEMENT,depgraph_blueprint,high
src/zephyr/shared/schema/severity_types.py,,MOD-INF-016,D-INFRA,D-INFRA-LIFECYCLE_MANAGEMENT,depgraph_blueprint,high
src/zephyr/shared/schema_registry.py,,MOD-INF-016,D-INFRA,D-INFRA-LIFECYCLE_MANAGEMENT,depgraph_blueprint,high
src/zephyr/shared/schemas.py,,MOD-INF-016,D-INFRA,D-INFRA-LIFECYCLE_MANAGEMENT,depgraph_blueprint,high
src/zephyr/shared/secrets.py,,MOD-INF-016,D-INFRA,D-INFRA-LIFECYCLE_MANAGEMENT,depgraph_blueprint,high
src/zephyr/shared/security/__init__.py,,MOD-INF-016,D-INFRA,D-INFRA-LIFECYCLE_MANAGEMENT,depgraph_blueprint,high
src/zephyr/shared/security/capability.py,,MOD-INF-016,D-INFRA,D-INFRA-LIFECYCLE_MANAGEMENT,depgraph_blueprint,high
src/zephyr/shared/security/secrets.py,,MOD-INF-016,D-INFRA,D-INFRA-LIFECYCLE_MANAGEMENT,depgraph_blueprint,high
src/zephyr/shared/security/ssot_guard.py,,MOD-INF-016,D-INFRA,D-INFRA-LIFECYCLE_MANAGEMENT,depgraph_blueprint,high
src/zephyr/shared/serialization.py,,MOD-INF-016,D-INFRA,D-INFRA-LIFECYCLE_MANAGEMENT,depgraph_blueprint,high
src/zephyr/shared/session_audit.py,,MOD-INF-016,D-INFRA,D-INFRA-LIFECYCLE_MANAGEMENT,depgraph_blueprint,high
src/zephyr/shared/shared_util/__init__.py,,MOD-INF-039,D-INFRA,D-INFRA-SHARED_CORE,ssot_path_prefix,high
src/zephyr/shared/slo_review_assistant.py,,MOD-INF-039,D-INFRA,D-INFRA-SHARED_CORE,ssot_path_prefix,high
src/zephyr/shared/ssot_guard.py,,MOD-INF-016,D-INFRA,D-INFRA-LIFECYCLE_MANAGEMENT,depgraph_blueprint,high
src/zephyr/shared/state_machine.py,,MOD-INF-038,D-INFRA,D-INFRA-INTEGRATION_LAYER,depgraph_blueprint,high
src/zephyr/shared/task_heartbeat.py,,MOD-INF-039,D-INFRA,D-INFRA-SHARED_CORE,ssot_path_prefix,high
src/zephyr/shared/testing.py,,MOD-INF-016,D-INFRA,D-INFRA-LIFECYCLE_MANAGEMENT,depgraph_blueprint,high
src/zephyr/shared/time_utils.py,,MOD-INF-016,D-INFRA,D-INFRA-LIFECYCLE_MANAGEMENT,depgraph_blueprint,high
src/zephyr/shared/token_utils.py,,MOD-INF-016,D-INFRA,D-INFRA-LIFECYCLE_MANAGEMENT,depgraph_blueprint,high
src/zephyr/shared/tracing.py,,MOD-INF-016,D-INFRA,D-INFRA-LIFECYCLE_MANAGEMENT,depgraph_blueprint,high
src/zephyr/shared/ttl_cleanup_engine.py,,MOD-INF-039,D-INFRA,D-INFRA-SHARED_CORE,ssot_path_prefix,high
src/zephyr/shared/types.py,,MOD-INF-016,D-INFRA,D-INFRA-LIFECYCLE_MANAGEMENT,depgraph_blueprint,high
src/zephyr/shared/utils/__init__.py,,MOD-INF-016,D-INFRA,D-INFRA-LIFECYCLE_MANAGEMENT,depgraph_blueprint,high
src/zephyr/shared/utils/context.py,,MOD-INF-016,D-INFRA,D-INFRA-LIFECYCLE_MANAGEMENT,depgraph_blueprint,high
src/zephyr/shared/utils/db_utils.py,,MOD-INF-016,D-INFRA,D-INFRA-LIFECYCLE_MANAGEMENT,depgraph_blueprint,high
src/zephyr/shared/utils/diff_utils.py,,MOD-INF-016,D-INFRA,D-INFRA-LIFECYCLE_MANAGEMENT,depgraph_blueprint,high
src/zephyr/shared/utils/migration.py,,MOD-INF-016,D-INFRA,D-INFRA-LIFECYCLE_MANAGEMENT,depgraph_blueprint,high
src/zephyr/shared/utils/pagination.py,,MOD-INF-016,D-INFRA,D-INFRA-LIFECYCLE_MANAGEMENT,depgraph_blueprint,high
src/zephyr/shared/utils/testing.py,,MOD-INF-016,D-INFRA,D-INFRA-LIFECYCLE_MANAGEMENT,depgraph_blueprint,high
src/zephyr/shared/utils/time_utils.py,,MOD-INF-016,D-INFRA,D-INFRA-LIFECYCLE_MANAGEMENT,depgraph_blueprint,high
src/zephyr/shared/vibe_experiment_tracker.py,,MOD-INF-039,D-INFRA,D-INFRA-SHARED_CORE,ssot_path_prefix,high
src/zephyr/shared/zephyr_logger.py,,MOD-INF-039,D-INFRA,D-INFRA-SHARED_CORE,ssot_path_prefix,high
src/zephyr/signal_ashare/__init__.py,,,D-DATA,D-DATA-KNOWLEDGE_MANAGEMENT,depgraph_domain_fallback,medium
src/zephyr/signal_gen/__init__.py,,,D-DATA,D-DATA-KNOWLEDGE_MANAGEMENT,depgraph_domain_fallback,medium
src/zephyr/signal_gen/aggregator_base.py,,MOD-L03-001,D-INTEL,D-INTEL-MODEL_EVALUATION,depgraph_blueprint,high
src/zephyr/signal_gen/implementations/__init__.py,,MOD-L03-001,D-INTEL,D-INTEL-MODEL_EVALUATION,depgraph_blueprint,high
src/zephyr/signal_gen/implementations/default_signal_aggregator.py,,MOD-L03-001,D-INTEL,D-INTEL-MODEL_EVALUATION,depgraph_blueprint,high
src/zephyr/signal_quality/__init__.py,,,D-DATA,D-DATA-KNOWLEDGE_MANAGEMENT,depgraph_domain_fallback,medium
src/zephyr/signal_strategy/__init__.py,,,D-DATA,D-DATA-KNOWLEDGE_MANAGEMENT,depgraph_domain_fallback,medium
src/zephyr/signal_strategy/capital_allocator.py,,MOD-L03-001,D-INTEL,D-INTEL-MODEL_EVALUATION,depgraph_blueprint,high
src/zephyr/signal_strategy/implementations/default_capital_allocator.py,,MOD-L03-001,D-INTEL,D-INTEL-MODEL_EVALUATION,depgraph_blueprint,high
src/zephyr/signal_synth/__init__.py,,,D-DATA,D-DATA-KNOWLEDGE_MANAGEMENT,depgraph_domain_fallback,medium
src/zephyr/signal_synth/signal_synthesizer.py,,MOD-L03-001,D-INTEL,D-INTEL-MODEL_EVALUATION,depgraph_blueprint,high
src/zephyr/simulation/__init__.py,,MOD-L13-001,D-INTEL,D-INTEL-MODEL_EVALUATION,depgraph_blueprint,high
src/zephyr/simulation/backtest_base.py,,MOD-L09-001,D-INTEL,D-INTEL-MODEL_EVALUATION,depgraph_blueprint,high
src/zephyr/simulation/default_backtest_engine.py,,MOD-L09-001,D-INTEL,D-INTEL-MODEL_EVALUATION,depgraph_blueprint,high
src/zephyr/simulation/implementations/__init__.py,,MOD-L13-001,D-INTEL,D-INTEL-MODEL_EVALUATION,depgraph_blueprint,high
src/zephyr/simulation/implementations/default_experiment_pipeline.py,,MOD-L13-001,D-INTEL,D-INTEL-MODEL_EVALUATION,depgraph_blueprint,high
src/zephyr/simulation/pipeline_base.py,,MOD-L13-001,D-INTEL,D-INTEL-MODEL_EVALUATION,depgraph_blueprint,high
src/zephyr/trading/trading_contracts/__init__.py,,MOD-INF-016,D-INFRA,D-INFRA-LIFECYCLE_MANAGEMENT,depgraph_blueprint,high
src/zephyr/trading/trading_contracts/execution/__init__.py,,MOD-INF-016,D-INFRA,D-INFRA-LIFECYCLE_MANAGEMENT,depgraph_blueprint,high
src/zephyr/trading/trading_contracts/execution/capital_allocation_result.py,,MOD-INF-016,D-INFRA,D-INFRA-LIFECYCLE_MANAGEMENT,depgraph_blueprint,high
src/zephyr/trading/trading_contracts/execution/execution_rejection_error.py,,MOD-INF-016,D-INFRA,D-INFRA-LIFECYCLE_MANAGEMENT,depgraph_blueprint,high
src/zephyr/trading/trading_contracts/execution/execution_report.py,,MOD-INF-016,D-INFRA,D-INFRA-LIFECYCLE_MANAGEMENT,depgraph_blueprint,high
src/zephyr/trading/trading_contracts/execution/fill.py,,MOD-INF-016,D-INFRA,D-INFRA-LIFECYCLE_MANAGEMENT,depgraph_blueprint,high
src/zephyr/trading/trading_contracts/execution/model_serving_request.py,,MOD-INF-016,D-INFRA,D-INFRA-LIFECYCLE_MANAGEMENT,depgraph_blueprint,high
src/zephyr/trading/trading_contracts/execution/order.py,,MOD-INF-016,D-INFRA,D-INFRA-LIFECYCLE_MANAGEMENT,depgraph_blueprint,high
src/zephyr/trading/trading_contracts/execution/position.py,,MOD-INF-016,D-INFRA,D-INFRA-LIFECYCLE_MANAGEMENT,depgraph_blueprint,high
src/zephyr/trading/trading_contracts/factories.py,,MOD-TRADING-001,D-DATA,D-DATA-KNOWLEDGE_MANAGEMENT,depgraph_domain,high
src/zephyr/trading/trading_contracts/market/__init__.py,,MOD-INF-016,D-INFRA,D-INFRA-LIFECYCLE_MANAGEMENT,depgraph_blueprint,high
src/zephyr/trading/trading_contracts/market/factor_monitor_report.py,,MOD-INF-016,D-INFRA,D-INFRA-LIFECYCLE_MANAGEMENT,depgraph_blueprint,high
src/zephyr/trading/trading_contracts/market/factor_signal.py,,MOD-INF-016,D-INFRA,D-INFRA-LIFECYCLE_MANAGEMENT,depgraph_blueprint,high
src/zephyr/trading/trading_contracts/market/instrument.py,,MOD-INF-016,D-INFRA,D-INFRA-LIFECYCLE_MANAGEMENT,depgraph_blueprint,high
src/zephyr/trading/trading_contracts/market/macro_factor_signal.py,,MOD-INF-016,D-INFRA,D-INFRA-LIFECYCLE_MANAGEMENT,depgraph_blueprint,high
src/zephyr/trading/trading_contracts/market/market_data.py,,MOD-INF-016,D-INFRA,D-INFRA-LIFECYCLE_MANAGEMENT,depgraph_blueprint,high
src/zephyr/trading/trading_contracts/market/signal_degradation_warning.py,,MOD-INF-016,D-INFRA,D-INFRA-LIFECYCLE_MANAGEMENT,depgraph_blueprint,high
src/zephyr/trading/trading_contracts/market/synthesized_signal.py,,MOD-INF-016,D-INFRA,D-INFRA-LIFECYCLE_MANAGEMENT,depgraph_blueprint,high
src/zephyr/trading/trading_contracts/portfolio/contracts/__init__.py,,MOD-BIZ-002,D-DATA,D-DATA-KNOWLEDGE_MANAGEMENT,depgraph_domain,high
src/zephyr/trading/trading_contracts/portfolio/contracts/money.py,,MOD-INF-016-CONTRACTS,D-DATA,D-DATA-KNOWLEDGE_MANAGEMENT,depgraph_domain,high
src/zephyr/trading/trading_contracts/portfolio/contracts/performance_attribution_report.py,,MOD-INF-016-CONTRACTS,D-DATA,D-DATA-KNOWLEDGE_MANAGEMENT,depgraph_domain,high
src/zephyr/trading/trading_contracts/portfolio/contracts/strategy_lifecycle_event.py,,MOD-INF-016-CONTRACTS,D-DATA,D-DATA-KNOWLEDGE_MANAGEMENT,depgraph_domain,high
src/zephyr/trading/trading_contracts/risk/__init__.py,,MOD-INF-016,D-INFRA,D-INFRA-LIFECYCLE_MANAGEMENT,depgraph_blueprint,high
src/zephyr/trading/trading_contracts/risk/compliance_rule.py,,MOD-INF-016,D-INFRA,D-INFRA-LIFECYCLE_MANAGEMENT,depgraph_blueprint,high
src/zephyr/trading/trading_contracts/risk/risk_dashboard_snapshot.py,,MOD-INF-016,D-INFRA,D-INFRA-LIFECYCLE_MANAGEMENT,depgraph_blueprint,high
src/zephyr/trading/trading_contracts/risk/risk_limit_violation_error.py,,MOD-INF-016,D-INFRA,D-INFRA-LIFECYCLE_MANAGEMENT,depgraph_blueprint,high
src/zephyr/trading/trading_contracts/risk/risk_limits.py,,MOD-INF-016,D-INFRA,D-INFRA-LIFECYCLE_MANAGEMENT,depgraph_blueprint,high
src/zephyr/trading/trading_contracts/risk/risk_metrics.py,,MOD-INF-016,D-INFRA,D-INFRA-LIFECYCLE_MANAGEMENT,depgraph_blueprint,high
src/zephyr/trading/trading_contracts/risk/risk_validator_protocol.py,,MOD-INF-016,D-INFRA,D-INFRA-LIFECYCLE_MANAGEMENT,depgraph_blueprint,high
