factor,h,window,grp,n_days,ic_mean,ic_std,ic_ir,t_stat,avg_n,pos_share,avg_base_width,prior_coverage
ac,5,IS,total,690,-0.012324825420812795,0.10922226177663004,-0.11284169747389265,-2.964108904083108,4597.814492753623,0.4623188405797101,4673.527536231884,none
ac,5,IS,LOW,280,-0.011462143344306983,0.1043638510297414,-0.1098286737334034,-1.8377852215998323,4675.289285714286,0.475,4738.15,none
ac,5,IS,MID,253,0.005265358521779023,0.1089590916142406,0.048324177852184465,0.768643102985812,4554.04347826087,0.5533596837944664,4656.881422924901,none
ac,5,IS,HIGH,157,-0.04220933191060488,0.11237933040998647,-0.3755969336764618,-4.706216089831,4530.178343949045,0.2929936305732484,4585.101910828025,none
ac,5,OOS,total,654,-0.016010029622687466,0.15194442488800106,-0.10536766738554924,-2.6946120028675216,5174.567278287462,0.44036697247706424,5348.909785932722,none
ac,5,OOS,LOW,167,-0.031808025937893045,0.11358855334700337,-0.28002844477402783,-3.6187650228203054,5123.976047904192,0.32934131736526945,5329.209580838324,none
ac,5,OOS,MID,249,-0.01236066032885851,0.12987242157692083,-0.09517540505347041,-1.501842559673266,5112.128514056225,0.4819277108433735,5359.44578313253,none
ac,5,OOS,HIGH,238,-0.00874291857026763,0.19152450552759867,-0.04564908571977896,-0.7042397946994412,5275.390756302521,0.47478991596638653,5351.710084033613,none
ac,10,IS,total,690,-0.011447144787572378,0.10980252562171583,-0.10425210825304056,-2.7384788536504248,4524.94347826087,0.4623188405797101,4673.527536231884,none
ac,10,IS,LOW,280,-0.006572945668931931,0.09753752075944983,-0.06738889421992118,-1.1276318805228254,4614.132142857143,0.4785714285714286,4738.15,none
ac,10,IS,MID,253,-0.013523963818916967,0.11118866314142768,-0.1216307799448493,-1.934655989417257,4460.462450592885,0.4782608695652174,4656.881422924901,none
ac,10,IS,HIGH,157,-0.016793262865847185,0.12722436434401393,-0.1319972235855571,-1.6539204709974424,4469.789808917198,0.40764331210191085,4585.101910828025,none
ac,10,OOS,total,649,-0.02156902394963126,0.14025610668475805,-0.15378313614615124,-3.917698964054251,5108.187981510016,0.4714946070878274,5348.050847457627,none
ac,10,OOS,LOW,167,-0.042815921704097266,0.10305676554180616,-0.4154595914106046,-5.3689211430115185,4928.934131736527,0.3532934131736527,5329.209580838324,none
ac,10,OOS,MID,244,-0.015968856247829954,0.12516951772961743,-0.12757783634131098,-1.9928295098751925,5141.672131147541,0.5040983606557377,5357.377049180328,none
ac,10,OOS,HIGH,238,-0.012401834849814851,0.17276667169738577,-0.07178372268198595,-1.1074253367230023,5199.638655462185,0.5210084033613446,5351.710084033613,none
ac,20,IS,total,690,-0.012086411165148882,0.10706921409485712,-0.11288409340934381,-2.9652225542016453,4380.234782608695,0.4623188405797101,4673.527536231884,none
ac,20,IS,LOW,280,-0.010028405837648899,0.09768918952484892,-0.10265624974908817,-1.7177676127792159,4489.439285714286,0.45357142857142857,4738.15,none
ac,20,IS,MID,253,-0.018254118951799653,0.10823346213569662,-0.1686550406094719,-2.6826226437787706,4298.517786561265,0.4743083003952569,4656.881422924901,none
ac,20,IS,HIGH,157,-0.005817694105768944,0.12054879103941187,-0.04826007839321196,-0.6046970490613274,4317.15923566879,0.4585987261146497,4585.101910828025,none
ac,20,OOS,total,639,-0.034239520232922746,0.1345298577576167,-0.25451242425761206,-6.4336794177865295,4924.953051643192,0.41001564945226915,5346.245696400626,none
ac,20,OOS,LOW,167,-0.03280035856428366,0.08951476569536987,-0.3664240006604883,-4.735241657975469,4601.652694610779,0.38323353293413176,5329.209580838324,none
ac,20,OOS,MID,236,-0.02334788249817974,0.1332663148006433,-0.17519717967069529,-2.6914301433322674,5067.902542372882,0.4449152542372881,5353.771186440678,none
ac,20,OOS,HIGH,236,-0.04614954779250782,0.15953611848228003,-0.2892733522135537,-4.443901558653672,5010.779661016949,0.3940677966101695,5350.775423728814,none
ad,5,IS,total,727,-0.007910216767346162,0.07556576928005497,-0.10467989464952096,-2.8224774596031597,4565.486932599725,0.4718019257221458,4636.7716643741405,l1_pending
ad,5,IS,LOW,282,-0.005798260696420641,0.06868758259904259,-0.08441497687096446,-1.41756851907602,4670.41134751773,0.4432624113475177,4732.301418439716,l1_pending
ad,5,IS,MID,282,-0.01530111329188754,0.08610510978294099,-0.17770273251447585,-2.984136331060865,4491.464539007092,0.46099290780141844,4583.531914893617,l1_pending
ad,5,IS,HIGH,163,0.0012226740787868004,0.06602580572527886,0.018518124320574304,0.23642358452873524,4512.0245398773,0.5398773006134969,4563.60736196319,l1_pending
ad,5,OOS,total,654,0.0013306842449219867,0.0760151052033916,0.017505523952923704,0.4476761812276996,5244.957186544342,0.5382262996941896,5348.909785932722,l1_pending
ad,5,OOS,LOW,167,-0.011979675625748896,0.08235600819096281,-0.14546207239635814,-1.879784248916837,5123.976047904192,0.4550898203592814,5329.209580838324,l1_pending
ad,5,OOS,MID,249,0.012182649915383885,0.07301392006001298,0.1668537986368968,2.6329085323594064,5297.008032128514,0.6144578313253012,5359.44578313253,l1_pending
ad,5,OOS,HIGH,238,-0.0006832206018972382,0.07306891963089054,-0.009350358611411582,-0.14425030698946778,5275.390756302521,0.5168067226890757,5351.710084033613,l1_pending
ad,10,IS,total,727,-0.010964682425282243,0.0741331572517834,-0.14790524013488537,-3.9879597494399746,4496.235213204952,0.45392022008253097,4636.7716643741405,l1_pending
ad,10,IS,LOW,282,-0.006801712708894037,0.07098393438872089,-0.09582045243711944,-1.6090990235786309,4609.641843971631,0.46808510638297873,4732.301418439716,l1_pending
ad,10,IS,MID,282,-0.025082572960890497,0.08076258146963193,-0.31057170913143683,-5.215385872264462,4407.436170212766,0.39361702127659576,4583.531914893617,l1_pending
ad,10,IS,HIGH,163,0.006257941323307037,0.062446246806583075,0.10021324968800728,1.279437123239761,4453.662576687117,0.5337423312883436,4563.60736196319,l1_pending
ad,10,OOS,total,649,0.001617345861721777,0.08000636093633229,0.02021521592525416,0.5149922967706579,5139.269645608629,0.5531587057010786,5348.050847457627,l1_pending
ad,10,OOS,LOW,167,-0.02584692276672561,0.09285915808955833,-0.27834543515672905,-3.5970157453814875,4928.934131736527,0.40718562874251496,5329.209580838324,l1_pending
ad,10,OOS,MID,244,0.02136682961837238,0.07173366910102712,0.29786333093153383,4.652773967744977,5224.3442622950815,0.6680327868852459,5357.377049180328,l1_pending
ad,10,OOS,HIGH,238,0.0006411224345283624,0.07246993330871261,0.008846736919120144,0.1364808099317899,5199.638655462185,0.5378151260504201,5351.710084033613,l1_pending
ad,20,IS,total,727,-0.015232984849478043,0.07211840113386357,-0.21122188803386152,-5.695162571059434,4358.66712517194,0.42916093535075656,4636.7716643741405,l1_pending
ad,20,IS,LOW,282,-0.01452758919171953,0.07092374066115781,-0.2048339393310614,-3.4397467700297972,4485.812056737589,0.4148936170212766,4732.301418439716,l1_pending
ad,20,IS,MID,282,-0.032126694298152965,0.07202417738954257,-0.4460543037429754,-7.490525523106627,4261.741134751773,0.375886524822695,4583.531914893617,l1_pending
ad,20,IS,HIGH,163,0.012773791156892693,0.06556185676972046,0.19483571372542685,2.4874958735427333,4306.386503067484,0.5460122699386503,4563.60736196319,l1_pending
ad,20,OOS,total,639,0.0035721250111659304,0.09104591564004899,0.03923432463778348,0.9917828869421607,4924.953051643192,0.5758998435054773,5346.245696400626,l1_pending
ad,20,OOS,LOW,167,-0.04018391839765381,0.10589987711118794,-0.379451983267774,-4.903600296738761,4601.652694610779,0.3592814371257485,5329.209580838324,l1_pending
ad,20,OOS,MID,236,0.019907495399673587,0.07532134677548885,0.26430084234967377,4.060266582744576,5067.902542372882,0.6652542372881356,5353.771186440678,l1_pending
ad,20,OOS,HIGH,236,0.01819971754330614,0.08405980409628339,0.21650915962711387,3.326076821688823,5010.779661016949,0.6398305084745762,5350.775423728814,l1_pending
adosc,5,IS,total,726,-0.1012887754302036,0.12815554260101267,-0.7903581333625693,-21.2957155487656,4566.396694214876,0.22451790633608815,4637.772727272727,l1_pending
adosc,5,IS,LOW,281,-0.0957454767640919,0.14477463582617067,-0.661341513433696,-11.086103908353321,4673.135231316726,0.26334519572953735,4735.227758007118,l1_pending
adosc,5,IS,MID,282,-0.10202173121983348,0.12120745657526048,-0.8417116743678706,-14.134742624481717,4491.464539007092,0.2198581560283688,4583.531914893617,l1_pending
adosc,5,IS,HIGH,163,-0.10957695575230038,0.10802228336522451,-1.0143921452004445,-12.950891944257377,4512.0245398773,0.1656441717791411,4563.60736196319,l1_pending
adosc,5,OOS,total,654,-0.0909044186737755,0.1743335671434298,-0.5214395607415383,-13.33499482343877,5244.957186544342,0.3058103975535168,5348.909785932722,l1_pending
adosc,5,OOS,LOW,167,-0.08960899961976836,0.14607035719699596,-0.6134646436095059,-7.927710332507279,5123.976047904192,0.281437125748503,5329.209580838324,l1_pending
adosc,5,OOS,MID,249,-0.09205498106144355,0.16737499281221205,-0.5499924422086488,-8.6787343509968,5297.008032128514,0.321285140562249,5359.44578313253,l1_pending
adosc,5,OOS,HIGH,238,-0.0906096495455816,0.19868805763621916,-0.45603973698046874,-7.035438403244051,5275.390756302521,0.3067226890756303,5351.710084033613,l1_pending
adosc,10,IS,total,726,-0.124969747156601,0.12827397797929574,-0.9742408329830695,-26.250322201318248,4497.046831955923,0.15564738292011018,4637.772727272727,l1_pending
adosc,10,IS,LOW,281,-0.125662098590405,0.1486032705560257,-0.8456213522099332,-14.175196910062766,4612.142348754448,0.21352313167259787,4735.227758007118,l1_pending
adosc,10,IS,MID,282,-0.11528548782374448,0.12473682940346029,-0.9242297433330976,-15.520456642965144,4407.436170212766,0.16312056737588654,4583.531914893617,l1_pending
adosc,10,IS,HIGH,163,-0.14053054702756188,0.08985160721848633,-1.5640293076321146,-19.96818947843162,4453.662576687117,0.04294478527607362,4563.60736196319,l1_pending
adosc,10,OOS,total,649,-0.10284834373632468,0.17287501036278194,-0.5949289230438524,-15.156098931938343,5139.269645608629,0.28043143297380585,5348.050847457627,l1_pending
adosc,10,OOS,LOW,167,-0.0839697417605673,0.14863384871212043,-0.5649436012600536,-7.30068027823307,4928.934131736527,0.25748502994011974,5329.209580838324,l1_pending
adosc,10,OOS,MID,244,-0.11614885257085433,0.16447133384870863,-0.7061951153001261,-11.031120340799344,5224.3442622950815,0.2581967213114754,5357.377049180328,l1_pending
adosc,10,OOS,HIGH,238,-0.10245927808223326,0.19511582871968913,-0.5251202772965703,-8.10116107354189,5199.638655462185,0.31932773109243695,5351.710084033613,l1_pending
adosc,20,IS,total,726,-0.16083065947203987,0.12479812776826721,-1.288726540599071,-34.72394686694861,4359.297520661157,0.10055096418732783,4637.772727272727,l1_pending
adosc,20,IS,LOW,281,-0.1840792581262777,0.13964388651276194,-1.3182049191208587,-22.097141051983055,4487.893238434163,0.12455516014234876,4735.227758007118,l1_pending
adosc,20,IS,MID,282,-0.13679066527617337,0.1295120218192307,-1.0562005237405838,-17.736622904901235,4261.741134751773,0.13120567375886524,4583.531914893617,l1_pending
adosc,20,IS,HIGH,163,-0.16234245175052783,0.07040042708302731,-2.3059867457773793,-29.440867923470844,4306.386503067484,0.006134969325153374,4563.60736196319,l1_pending
adosc,20,OOS,total,639,-0.11725653583311119,0.1803996899591414,-0.649981914379501,-16.430534881252704,4924.953051643192,0.3004694835680751,5346.245696400626,l1_pending
adosc,20,OOS,LOW,167,-0.09099441746340343,0.1558765872409009,-0.583759364212762,-7.543833522561107,4601.652694610779,0.2874251497005988,5329.209580838324,l1_pending
adosc,20,OOS,MID,236,-0.10180749355027686,0.17926372352127667,-0.567920221394896,-8.724555987392007,5067.902542372882,0.3474576271186441,5353.771186440678,l1_pending
adosc,20,OOS,HIGH,236,-0.1512893652673912,0.1927740155939369,-0.7848016487142655,-12.056351693883707,5010.779661016949,0.2627118644067797,5350.775423728814,l1_pending
adx_14,5,IS,total,701,-0.0003700085654750219,0.06783976311035404,-0.005454154739207062,-0.14440640757033468,4586.871611982881,0.4978601997146933,4662.788873038517,none
adx_14,5,IS,LOW,280,-0.002774081943432431,0.06972041619903649,-0.03978866011804972,-0.6657916286024559,4674.839285714285,0.4928571428571429,4738.15,none
adx_14,5,IS,MID,258,-0.005537566227736381,0.06416634334491872,-0.0863001682668722,-1.3861859590494117,4540.174418604651,0.4689922480620155,4643.662790697675,none
adx_14,5,IS,HIGH,163,0.01193901243263237,0.06912177198792996,0.17272433980305307,2.2051967491235986,4509.674846625767,0.5521472392638037,4563.60736196319,none
adx_14,5,OOS,total,654,-0.0027580026716952657,0.09914187885150372,-0.027818745253216814,-0.7114205593044426,5173.40366972477,0.4541284403669725,5348.909785932722,none
adx_14,5,OOS,LOW,167,-0.03282436556382615,0.08567212335967174,-0.38313939560038374,-4.951252165764895,5121.700598802395,0.30538922155688625,5329.209580838324,none
adx_14,5,OOS,MID,249,0.0004936223624901086,0.08248944980731263,0.005984066612677896,0.09442697841727549,5111.522088353414,0.46586345381526106,5359.44578313253,none
adx_14,5,OOS,HIGH,238,0.014937072830295066,0.11772061043360167,0.12688579149629936,1.9574986518276023,5274.424369747899,0.5462184873949579,5351.710084033613,none
adx_14,10,IS,total,701,0.0016093947338273987,0.0650502896010025,0.024740777384680484,0.6550468319016743,4515.435092724679,0.5135520684736091,4662.788873038517,none
adx_14,10,IS,LOW,280,0.003686268747200813,0.06493027568492081,0.05677272594819584,0.9499894079645866,4613.782142857143,0.525,4738.15,none
adx_14,10,IS,MID,258,-0.011121790710516681,0.0625101737264824,-0.17791968966813063,-2.8578133810089503,4449.139534883721,0.45348837209302323,4643.662790697675,none
adx_14,10,IS,HIGH,163,0.018192959892699895,0.06543986905428116,0.2780103346112929,3.5493983465597845,4451.429447852761,0.588957055214724,4563.60736196319,none
adx_14,10,OOS,total,649,-0.0018440397594558019,0.09537096710297872,-0.019335441544434197,-0.4925796235301786,5107.294298921418,0.4345146379044684,5348.050847457627,none
adx_14,10,OOS,LOW,167,-0.03987147924604289,0.07171075352148519,-0.5560041874904722,-7.185157593028771,4927.275449101797,0.25748502994011974,5329.209580838324,none
adx_14,10,OOS,MID,244,-0.009698715308101392,0.07610006951853598,-0.12744686528491328,-1.9907836765736258,5141.102459016393,0.42213114754098363,5357.377049180328,none
adx_14,10,OOS,HIGH,238,0.03289177212344154,0.11417169823100776,0.2880904167413751,4.444442484264608,5198.949579831933,0.5714285714285714,5351.710084033613,none
adx_14,20,IS,total,701,0.005052960305297854,0.06362491469508187,0.07941795017743956,2.1027017805862953,4373.557774607703,0.4764621968616263,4662.788873038517,none
adx_14,20,IS,LOW,280,0.014265427830326024,0.06331914024865529,0.22529408602683892,3.7698911198637073,4489.489285714286,0.5535714285714286,4738.15,none
adx_14,20,IS,MID,258,-0.018734031287313307,0.05602825401400099,-0.3343675725221034,-5.3707384759468235,4291.143410852713,0.31007751937984496,4643.662790697675,none
adx_14,20,IS,HIGH,163,0.026878438365946885,0.0638737333796845,0.42080581396696265,5.372488984646583,4304.858895705522,0.6073619631901841,4563.60736196319,none
adx_14,20,OOS,total,639,-0.0018704087671646598,0.09844114221029945,-0.019000274937575515,-0.4802974870666212,4924.471048513302,0.4538341158059468,5346.245696400626,none
adx_14,20,OOS,LOW,167,-0.04070808633264962,0.06790675890325741,-0.5994703176843402,-7.746863785947327,4600.952095808383,0.25149700598802394,5329.209580838324,none
adx_14,20,OOS,MID,236,-0.012165786619140228,0.08441258240862896,-0.14412290528262048,-2.214058082164141,5067.427966101695,0.4406779661016949,5353.771186440678,none
adx_14,20,OOS,HIGH,236,0.03590756295530238,0.1153891809645539,0.3111865658040569,4.780538733439333,5010.4449152542375,0.6101694915254238,5350.775423728814,none
alligator_jaw,5,IS,total,719,-0.04344818919970592,0.17882491533259495,-0.24296496446760227,-6.514905162497485,4572.613351877608,0.44089012517385257,4644.794158553546,none
alligator_jaw,5,IS,LOW,280,-0.022073660583936637,0.17484520902582468,-0.126246871200665,-2.112514212171848,4675.796428571429,0.4928571428571429,4738.15,none
alligator_jaw,5,IS,MID,276,-0.052824169745629194,0.17623827191397176,-0.2997315462297234,-4.979514428762306,4503.86231884058,0.42391304347826086,4598.032608695652,none
alligator_jaw,5,IS,HIGH,163,-0.06428927743124319,0.18702879953463597,-0.34373998866060956,-4.38857839261378,4511.7791411042945,0.3803680981595092,4563.60736196319,none
alligator_jaw,5,OOS,total,654,-0.019008097416163775,0.1910440129647205,-0.09949590736284387,-2.544450995912275,5182.363914373089,0.463302752293578,5348.909785932722,none
alligator_jaw,5,OOS,LOW,167,-0.010159843449996734,0.18005837127626198,-0.05642527685873919,-0.7291752752622352,5123.976047904192,0.48502994011976047,5329.209580838324,none
alligator_jaw,5,OOS,MID,249,-0.02599064011165239,0.16455581991397977,-0.15794421689393173,-2.4923177038469833,5132.606425702811,0.43373493975903615,5359.44578313253,none
alligator_jaw,5,OOS,HIGH,238,-0.01791148095050508,0.22228375383591945,-0.08057935247812391,-1.2431177043622654,5275.390756302521,0.4789915966386555,5351.710084033613,none
alligator_jaw,10,IS,total,719,-0.060707450660388226,0.1821765638740989,-0.3332341403823094,-8.935398674678488,4502.596662030598,0.3741307371349096,4644.794158553546,none
alligator_jaw,10,IS,LOW,280,-0.04515473894251479,0.17518527440498677,-0.2577541925020921,-4.313052590761392,4614.589285714285,0.38571428571428573,4738.15,none
alligator_jaw,10,IS,MID,276,-0.059745547382848194,0.18056148322706345,-0.33088755317608753,-5.497116890310124,4418.025362318841,0.391304347826087,4598.032608695652,none
alligator_jaw,10,IS,HIGH,163,-0.08905250946778466,0.19408068759351016,-0.4588427141926638,-5.858111617913537,4453.417177914111,0.32515337423312884,4563.60736196319,none
alligator_jaw,10,OOS,total,649,-0.02132689029444482,0.1998780160652474,-0.10669952961451724,-2.718221562594475,5108.187981510016,0.4622496147919877,5348.050847457627,none
alligator_jaw,10,OOS,LOW,167,0.009309891582597008,0.19220791296933595,0.04843656766660938,0.6259384007893899,4928.934131736527,0.5508982035928144,5329.209580838324,none
alligator_jaw,10,OOS,MID,244,-0.03954265767970608,0.168881198194042,-0.23414481956879624,-3.6574590023048255,5141.672131147541,0.4057377049180328,5357.377049180328,none
alligator_jaw,10,OOS,HIGH,238,-0.024149139586302958,0.23044198626276832,-0.10479487691434053,-1.6166966203165776,5199.638655462185,0.4579831932773109,5351.710084033613,none
alligator_jaw,20,IS,total,719,-0.08362597579984057,0.1831494900172147,-0.45659955587089185,-12.243340558403798,4363.5076495132125,0.35048678720445064,4644.794158553546,none
alligator_jaw,20,IS,LOW,280,-0.08249250693114103,0.167454027489895,-0.49262778666890555,-8.243239541316589,4489.903571428571,0.3,4738.15,none
alligator_jaw,20,IS,MID,276,-0.08688044955848681,0.18912325917989914,-0.45938532328191206,-7.63188217729573,4269.159420289855,0.36231884057971014,4598.032608695652,none
alligator_jaw,20,IS,HIGH,163,-0.08006239620382538,0.19906509534711672,-0.40219203705309464,-5.134844189557616,4306.141104294478,0.4171779141104294,4563.60736196319,none
alligator_jaw,20,OOS,total,639,-0.02012430524691602,0.19972383259848311,-0.1007606602832078,-2.547073244371355,4924.953051643192,0.4835680751173709,5346.245696400626,none
alligator_jaw,20,OOS,LOW,167,0.002937754627505916,0.17784006041376677,0.01651908248721277,0.2134735918061757,4601.652694610779,0.5029940119760479,5329.209580838324,none
alligator_jaw,20,OOS,MID,236,-0.00412721111483306,0.18911307681347753,-0.02182403874113758,-0.33526724475561737,5067.902542372882,0.5211864406779662,5353.771186440678,none
alligator_jaw,20,OOS,HIGH,236,-0.052440738357933156,0.22024464331170454,-0.23810221928401507,-3.6577956984229822,5010.779661016949,0.4322033898305085,5350.775423728814,none
alligator_lips,5,IS,total,724,-0.04595320298640982,0.17775644981895264,-0.2585177811168809,-6.9560020732604135,4568.167127071823,0.43784530386740333,4639.7790055248615,none
alligator_lips,5,IS,LOW,281,-0.024245072498544688,0.17407532038536858,-0.1392792065231927,-2.3347449455763205,4673.106761565837,0.49110320284697506,4735.227758007118,none
alligator_lips,5,IS,MID,280,-0.05520708429960247,0.1747479678257873,-0.3159240418443118,-5.286420344644286,4495.578571428571,0.41785714285714287,4588.332142857143,none
alligator_lips,5,IS,HIGH,163,-0.0674801839643004,0.18606637196791198,-0.3626672743204649,-4.630225799426499,4511.950920245399,0.3803680981595092,4563.60736196319,none
alligator_lips,5,OOS,total,654,-0.022611665823649055,0.19247129025011261,-0.11748072034154104,-3.004384238473279,5221.474006116208,0.44954128440366975,5348.909785932722,none
alligator_lips,5,OOS,LOW,167,-0.012953203349267375,0.18097855071508154,-0.07157314111582143,-0.9249288223284768,5123.976047904192,0.47904191616766467,5329.209580838324,none
alligator_lips,5,OOS,MID,249,-0.028159976906894667,0.16863384738661366,-0.16698887763815579,-2.6350400430463843,5235.3293172690765,0.42971887550200805,5359.44578313253,none
alligator_lips,5,OOS,HIGH,238,-0.02358407663664729,0.22197368459523703,-0.10624717375689019,-1.6391015647774185,5275.390756302521,0.4495798319327731,5351.710084033613,none
alligator_lips,10,IS,total,724,-0.06317775266222317,0.18181674334238304,-0.34748038877394133,-9.349741028591238,4498.625690607735,0.3743093922651934,4639.7790055248615,none
alligator_lips,10,IS,LOW,281,-0.047564459876430105,0.1748337416972139,-0.27205537909727223,-4.560479177905399,4612.11743772242,0.3914590747330961,4735.227758007118,none
alligator_lips,10,IS,MID,280,-0.06135743365090265,0.18073353932169497,-0.33949113087245003,-5.680773171276547,4410.946428571428,0.3964285714285714,4588.332142857143,none
alligator_lips,10,IS,HIGH,163,-0.0932208483430673,0.19263854552215917,-0.48391586476313037,-6.1782241752481,4453.588957055214,0.3067484662576687,4563.60736196319,none
alligator_lips,10,OOS,total,649,-0.026073014079867077,0.20084521191701418,-0.12981645831138858,-3.3071363804180507,5115.9198767334365,0.44992295839753466,5348.050847457627,none
alligator_lips,10,OOS,LOW,167,0.005940834951678447,0.19305151624097439,0.030773314125452745,0.3976788603861825,4928.934131736527,0.5329341317365269,5329.209580838324,none
alligator_lips,10,OOS,MID,244,-0.04247562791526682,0.17121656928018095,-0.24808129314727229,-3.875153678803974,5162.237704918033,0.38524590163934425,5357.377049180328,none
alligator_lips,10,OOS,HIGH,238,-0.03172038808167616,0.23043657103121906,-0.13765344597745618,-2.1236139345684966,5199.638655462185,0.4579831932773109,5351.710084033613,none
alligator_lips,20,IS,total,724,-0.08723166021856522,0.18299454753558522,-0.47668994182245844,-12.826414528601589,4360.50276243094,0.35220994475138123,4639.7790055248615,none
alligator_lips,20,IS,LOW,281,-0.08605075410912436,0.1674802981842644,-0.5137962795746278,-8.612795095102918,4487.871886120996,0.30604982206405695,4735.227758007118,none
alligator_lips,20,IS,MID,280,-0.08923072793114666,0.18981420619281256,-0.4700950983642732,-7.8661955494198335,4264.225,0.375,4588.332142857143,none
alligator_lips,20,IS,HIGH,163,-0.08583347406660255,0.1972521241359496,-0.43514600637428175,-5.555572305239874,4306.312883435583,0.39263803680981596,4563.60736196319,none
alligator_lips,20,OOS,total,639,-0.025946736378439444,0.20194176571922076,-0.1284862310975121,-3.2479326810557603,4924.953051643192,0.4726134585289515,5346.245696400626,none
alligator_lips,20,OOS,LOW,167,-0.0006358206278975631,0.1792829949471843,-0.0035464636681514163,-0.045830410861888486,4601.652694610779,0.49700598802395207,5329.209580838324,none
alligator_lips,20,OOS,MID,236,-0.00760320373265043,0.19028077417453337,-0.03995781373937683,-0.6138435821966803,5067.902542372882,0.5127118644067796,5353.771186440678,none
alligator_lips,20,OOS,HIGH,236,-0.06220095940702714,0.22291231534579126,-0.27903778806719726,-4.286659838614028,5010.779661016949,0.4152542372881356,5350.775423728814,none
alligator_teeth,5,IS,total,722,-0.04493209667815429,0.17818890742804072,-0.2521598977551368,-6.775550998546621,4569.943213296399,0.4376731301939058,4641.783933518005,none
alligator_teeth,5,IS,LOW,280,-0.02335289195534415,0.17469978186451626,-0.1336744196592922,-2.236800869981411,4675.810714285714,0.4857142857142857,4738.15,none
alligator_teeth,5,IS,MID,279,-0.054311715606312365,0.1751404475739444,-0.3101037844692154,-5.179754399839259,4497.612903225807,0.41935483870967744,4590.745519713261,none
alligator_teeth,5,IS,HIGH,163,-0.06594598404889494,0.18631023701515326,-0.35395792043102453,-4.519032212547775,4511.889570552147,0.38650306748466257,4563.60736196319,none
alligator_teeth,5,OOS,total,654,-0.020715982562494274,0.1923994733683667,-0.10767172175586778,-2.7535345615192393,5205.851681957187,0.45871559633027525,5348.909785932722,none
alligator_teeth,5,OOS,LOW,167,-0.011501735461884252,0.18062016179917956,-0.06367913386475826,-0.8229157666437611,5123.976047904192,0.48502994011976047,5329.209580838324,none
alligator_teeth,5,OOS,MID,249,-0.02665199515228721,0.16796999859979822,-0.1586711637462574,-2.5037887316910976,5194.29718875502,0.42971887550200805,5359.44578313253,none
alligator_teeth,5,OOS,HIGH,238,-0.02097107554965156,0.22253734306655898,-0.09423620890170911,-1.4538054237839537,5275.390756302521,0.47058823529411764,5351.710084033613,none
alligator_teeth,10,IS,total,722,-0.0620856427839639,0.18198097918319206,-0.34116556061315106,-9.167138293841031,4500.214681440443,0.3739612188365651,4641.783933518005,none
alligator_teeth,10,IS,LOW,280,-0.04682134559515965,0.17514013710809556,-0.2673364676325551,-4.4733947220595915,4614.603571428572,0.39285714285714285,4738.15,none
alligator_teeth,10,IS,MID,279,-0.06028111542844921,0.1806608642907833,-0.33367002679353697,-5.573388252376781,4412.691756272401,0.3942652329749104,4590.745519713261,none
alligator_teeth,10,IS,HIGH,163,-0.09139525226282147,0.1930859359053604,-0.47333976881474243,-6.0431976212002025,4453.527607361963,0.3067484662576687,4563.60736196319,none
alligator_teeth,10,OOS,total,649,-0.024043071711519457,0.20060336913547697,-0.11985377820490159,-3.0533323385022046,5108.187981510016,0.4514637904468413,5348.050847457627,none
alligator_teeth,10,OOS,LOW,167,0.007751871823819194,0.1926871693461505,0.04023034771917501,0.5198906678910066,4928.934131736527,0.5389221556886228,5329.209580838324,none
alligator_teeth,10,OOS,MID,244,-0.04168632715691644,0.1699512349729786,-0.24528404964838507,-3.8314593385427425,5141.672131147541,0.38524590163934425,5357.377049180328,none
alligator_teeth,10,OOS,HIGH,238,-0.028264925668345882,0.23099156427827328,-0.12236345407962779,-1.8877314281546325,5199.638655462185,0.4579831932773109,5351.710084033613,none
alligator_teeth,20,IS,total,722,-0.08567985302936336,0.18300799758001524,-0.46817545769770086,-12.579901555080076,4361.706371191136,0.3518005540166205,4641.783933518005,none
alligator_teeth,20,IS,LOW,280,-0.08482400172162637,0.16754292713394006,-0.5062821998675892,-8.471721575498945,4489.917857142857,0.3,4738.15,none
alligator_teeth,20,IS,MID,279,-0.08794927590697345,0.189422482512301,-0.46430220288799173,-7.755375776469705,4265.433691756272,0.36917562724014336,4590.745519713261,none
alligator_teeth,20,IS,HIGH,163,-0.0832655547674808,0.19780426087669337,-0.42094924749566764,-5.374320221353443,4306.251533742331,0.4110429447852761,4563.60736196319,none
alligator_teeth,20,OOS,total,639,-0.023121449602062475,0.20130227634601658,-0.1148593549052532,-2.9034663818462465,4924.953051643192,0.48043818466353677,5346.245696400626,none
alligator_teeth,20,OOS,LOW,167,0.0011766126385652376,0.17877332198670956,0.006581589610180818,0.08505288202096561,4601.652694610779,0.49700598802395207,5329.209580838324,none
alligator_teeth,20,OOS,MID,236,-0.0057338904614258205,0.19001298815870252,-0.030176308035515784,-0.46357724030675074,5067.902542372882,0.5254237288135594,5353.771186440678,none
alligator_teeth,20,OOS,HIGH,236,-0.05770297651466875,0.22228260767457642,-0.2595928539723917,-3.9879410929342254,5010.779661016949,0.423728813559322,5350.775423728814,none
ao,5,IS,total,694,-0.041700815010834405,0.13640932066808129,-0.30570356047958874,-8.053417834782255,4594.436599423631,0.37175792507204614,4669.671469740634,none
ao,5,IS,LOW,280,-0.04305373944833343,0.13368479811183515,-0.3220541157740049,-5.388996100977743,4675.417857142857,0.3535714285714286,4738.15,none
ao,5,IS,MID,253,-0.03892550641821631,0.13527202464419802,-0.2877572544700274,-4.577059327508484,4554.181818181818,0.383399209486166,4656.881422924901,none
ao,5,IS,HIGH,161,-0.04370910216259,0.14349386345096732,-0.30460607242292037,-3.8650177692300076,4516.857142857143,0.38509316770186336,4570.677018633541,none
ao,5,OOS,total,654,-0.05591117390046452,0.15832721710269335,-0.3531368448432951,-9.030918159055803,5174.567278287462,0.345565749235474,5348.909785932722,none
ao,5,OOS,LOW,167,-0.0332644179586695,0.10910686857677096,-0.304879228893492,-3.939907928262446,5123.976047904192,0.3473053892215569,5329.209580838324,none
ao,5,OOS,MID,249,-0.05228474565851071,0.13626860770751428,-0.3836888520262438,-6.054507961604724,5112.128514056225,0.30522088353413657,5359.44578313253,none
ao,5,OOS,HIGH,238,-0.07559600110435638,0.20133179107266103,-0.3754797029400769,-5.792618729223638,5275.390756302521,0.3865546218487395,5351.710084033613,none
ao,10,IS,total,694,-0.05114947837684136,0.13397410203121812,-0.3817863124391213,-10.057732703045378,4521.962536023055,0.36743515850144093,4669.671469740634,none
ao,10,IS,LOW,280,-0.051327756519188986,0.13419408266669447,-0.38248897044644414,-6.400264643254264,4614.239285714286,0.35714285714285715,4738.15,none
ao,10,IS,MID,253,-0.050042333710196236,0.13517841901601496,-0.3701946958283895,-5.888307103347011,4460.584980237154,0.3715415019762846,4656.881422924901,none
ao,10,IS,HIGH,161,-0.05257922819549904,0.13249897045421374,-0.396827447151133,-5.035175833355785,4457.931677018633,0.37888198757763975,4570.677018633541,none
ao,10,OOS,total,649,-0.07028823270054856,0.1503092412386987,-0.46762416017340724,-11.912949194487778,5108.187981510016,0.337442218798151,5348.050847457627,none
ao,10,OOS,LOW,167,-0.030739344841185488,0.10637083742503144,-0.2889828225978771,-3.734481086223122,4928.934131736527,0.38922155688622756,5329.209580838324,none
ao,10,OOS,MID,244,-0.06401090057522438,0.13808425844285607,-0.46356406803396966,-7.241102224248563,5141.672131147541,0.3319672131147541,5357.377049180328,none
ao,10,OOS,HIGH,238,-0.10447450711690456,0.17883367458721597,-0.5841992978003315,-9.012587811111485,5199.638655462185,0.3067226890756303,5351.710084033613,none
ao,20,IS,total,694,-0.0635241169400032,0.1398886108707357,-0.4541049949999344,-11.962887379718158,4378.06916426513,0.34438040345821325,4669.671469740634,none
ao,20,IS,LOW,280,-0.06445903936126889,0.14307944567859024,-0.4505122245585709,-7.538511395061986,4489.553571428572,0.3392857142857143,4738.15,none
ao,20,IS,MID,253,-0.04799676137311151,0.14454798443956496,-0.3320472544754078,-5.281534903678856,4298.628458498024,0.4189723320158103,4656.881422924901,none
ao,20,IS,HIGH,161,-0.08629829507956358,0.12347866481624739,-0.6988923568940988,-8.867949862878293,4309.018633540372,0.2360248447204969,4570.677018633541,none
ao,20,OOS,total,639,-0.07826248550753927,0.14710040299904856,-0.532034473814769,-13.449006482568958,4924.953051643192,0.3161189358372457,5346.245696400626,none
ao,20,OOS,LOW,167,-0.023326993653432663,0.10262320693246037,-0.22730719834924773,-2.9374563697817146,4601.652694610779,0.39520958083832336,5329.209580838324,none
ao,20,OOS,MID,236,-0.060617305320102295,0.14099410694880923,-0.4299279355137207,-6.6046782675222895,5067.902542372882,0.3983050847457627,5353.771186440678,none
ao,20,OOS,HIGH,236,-0.1347815095069924,0.16050658812101087,-0.8397257152172248,-12.900111213633425,5010.779661016949,0.17796610169491525,5350.775423728814,none
apo,5,IS,total,726,-0.04418565782436588,0.1409549207069321,-0.31347368082477195,-8.446356223940434,4566.396694214876,0.3856749311294766,4637.772727272727,none
apo,5,IS,LOW,281,-0.04809132631752837,0.1334205931561609,-0.3604490519783578,-6.04222714396432,4673.135231316726,0.35231316725978645,4735.227758007118,none
apo,5,IS,MID,282,-0.03914697867850066,0.14523594312495383,-0.269540568513543,-4.526355851790524,4491.464539007092,0.41843971631205673,4583.531914893617,none
apo,5,IS,HIGH,163,-0.04616979691979734,0.1465837184139338,-0.31497220441235974,-4.021295910156097,4512.0245398773,0.38650306748466257,4563.60736196319,none
apo,5,OOS,total,654,-0.058361426087133995,0.15962734718771227,-0.36561044905735623,-9.34991092475157,5244.957186544342,0.37003058103975534,5348.909785932722,none
apo,5,OOS,LOW,167,-0.028258917613315317,0.115082386512507,-0.24555380253818576,-3.1732544619271725,5123.976047904192,0.40119760479041916,5329.209580838324,none
apo,5,OOS,MID,249,-0.0556586887985041,0.13413778665898526,-0.41493668700530767,-6.547590480589957,5297.008032128514,0.321285140562249,5359.44578313253,none
apo,5,OOS,HIGH,238,-0.08231142818795988,0.20218853991836946,-0.40710234230482034,-6.280469048741258,5275.390756302521,0.39915966386554624,5351.710084033613,none
apo,10,IS,total,726,-0.05390225731235272,0.13754247259093402,-0.39189536364279115,-10.559380408360306,4497.046831955923,0.36363636363636365,4637.772727272727,none
apo,10,IS,LOW,281,-0.0574914599720018,0.1365418490199922,-0.42105376765173297,-7.058147302677608,4612.142348754448,0.3274021352313167,4735.227758007118,none
apo,10,IS,MID,282,-0.04966772310554032,0.14037348860929552,-0.353825523591435,-5.941740933667537,4407.436170212766,0.3971631205673759,4583.531914893617,none
apo,10,IS,HIGH,163,-0.05504074012805648,0.1349292905772675,-0.4079228453108727,-5.2080102514705615,4453.662576687117,0.36809815950920244,4563.60736196319,none
apo,10,OOS,total,649,-0.07304193146950963,0.1515915494981699,-0.4818337942405651,-12.274946420318756,5139.269645608629,0.34514637904468415,5348.050847457627,none
apo,10,OOS,LOW,167,-0.025808989886937042,0.10648302854561138,-0.24237655746128514,-3.1321954067926336,4928.934131736527,0.40718562874251496,5329.209580838324,none
apo,10,OOS,MID,244,-0.0686753286107543,0.13443251405599993,-0.510853561677397,-7.9797877290533,5224.3442622950815,0.32786885245901637,5357.377049180328,none
apo,10,OOS,HIGH,238,-0.11066105895617319,0.18261192357761422,-0.6059903252108273,-9.348763408670237,5199.638655462185,0.31932773109243695,5351.710084033613,none
apo,20,IS,total,726,-0.06491291518507387,0.14102869459312528,-0.4602816141236422,-12.40200601846301,4359.297520661157,0.33884297520661155,4637.772727272727,none
apo,20,IS,LOW,281,-0.07431598609762885,0.14328111896949686,-0.5186725692270032,-8.694536604860541,4487.893238434163,0.3202846975088968,4735.227758007118,none
apo,20,IS,MID,282,-0.04205355620494705,0.14621102197831432,-0.28762233951954963,-4.830000421716042,4261.741134751773,0.4326241134751773,4583.531914893617,none
apo,20,IS,HIGH,163,-0.08825080663272918,0.1217980289093612,-0.7245667883377903,-9.250649491480523,4306.386503067484,0.2085889570552147,4563.60736196319,none
apo,20,OOS,total,639,-0.08204137529190836,0.14608537939328556,-0.5615988104534381,-14.19634706795505,4924.953051643192,0.30359937402190923,5346.245696400626,none
apo,20,OOS,LOW,167,-0.025504176190993797,0.09815661901421664,-0.25983144536895536,-3.357762269789348,4601.652694610779,0.38922155688622756,5329.209580838324,none
apo,20,OOS,MID,236,-0.06296664749020822,0.1376525700920636,-0.45743168796699846,-7.02719892993614,5067.902542372882,0.3644067796610169,5353.771186440678,none
apo,20,OOS,HIGH,236,-0.14112335838959464,0.1613750027573257,-0.8745056915773671,-13.43441134869278,5010.779661016949,0.18220338983050846,5350.775423728814,none
ar_26,5,IS,total,702,-0.053100698178665126,0.11007854915481222,-0.48238915380312103,-12.781036952698226,4587.220797720798,0.32336182336182334,4661.790598290599,none
ar_26,5,IS,LOW,280,-0.05159815061382081,0.11184851063511829,-0.4613217495774144,-7.719389344843714,4675.392857142857,0.30714285714285716,4738.15,none
ar_26,5,IS,MID,259,-0.050868802679452804,0.11053914227033167,-0.4601881436265298,-7.406027277253156,4540.0965250965255,0.33976833976833976,4641.030888030888,none
ar_26,5,IS,HIGH,163,-0.059228147580213567,0.10667199902910265,-0.5552361268120111,-7.0887803261424445,4510.638036809816,0.32515337423312884,4563.60736196319,none
ar_26,5,OOS,total,654,-0.07161034856616344,0.14063256259488915,-0.5092017612766297,-13.022032392504753,5174.209480122324,0.2874617737003058,5348.909785932722,none
ar_26,5,OOS,LOW,167,-0.047120079663043254,0.0931534891081472,-0.5058326866140125,-6.536798914107272,5123.239520958084,0.31137724550898205,5329.209580838324,none
ar_26,5,OOS,MID,249,-0.06582596761333616,0.12082898078635503,-0.5447862523124896,-8.596582060125012,5111.839357429719,0.27710843373493976,5359.44578313253,none
ar_26,5,OOS,HIGH,238,-0.09484642320513431,0.1792687605470969,-0.5290739051002508,-8.162154672622355,5275.226890756303,0.2815126050420168,5351.710084033613,none
ar_26,10,IS,total,702,-0.06168069477416585,0.11317025737667037,-0.5450256649047888,-14.440609015351283,4515.51282051282,0.28917378917378916,4661.790598290599,none
ar_26,10,IS,LOW,280,-0.060644834093855425,0.11590273326144662,-0.5232390331732415,-8.755463667567765,4614.2,0.26785714285714285,4738.15,none
ar_26,10,IS,MID,259,-0.054075971854355386,0.11681380145001337,-0.4629245104868488,-7.450064934217523,4448.617760617761,0.3590733590733591,4641.030888030888,none
ar_26,10,IS,HIGH,163,-0.07554366549022613,0.1013183910562103,-0.7456066435985483,-9.519268381417854,4452.2822085889575,0.2147239263803681,4563.60736196319,none
ar_26,10,OOS,total,649,-0.0789076630123532,0.13626686869628718,-0.5790671185688087,-14.75201187455871,5107.827426810478,0.288135593220339,5348.050847457627,none
ar_26,10,OOS,LOW,167,-0.0445000491888326,0.08639898512152534,-0.51505291556655,-6.655950531232321,4928.197604790419,0.2934131736526946,5329.209580838324,none
ar_26,10,OOS,MID,244,-0.07651737971682639,0.11664772310567124,-0.655969766743833,-10.246575316231171,5141.377049180328,0.26229508196721313,5357.377049180328,none
ar_26,10,OOS,HIGH,238,-0.10550136314948129,0.17332062077082377,-0.6087063540407135,-9.39066426068945,5199.4747899159665,0.31092436974789917,5351.710084033613,none
ar_26,20,IS,total,702,-0.07751179924314677,0.12104633563379495,-0.640348167809437,-16.966205667852368,4373.213675213675,0.2692307692307692,4661.790598290599,none
ar_26,20,IS,LOW,280,-0.0814868816517529,0.11897149869687744,-0.6849277561794018,-11.461033493179663,4489.55,0.25,4738.15,none
ar_26,20,IS,MID,259,-0.054140955615279804,0.13034092087745452,-0.415379569599502,-6.684901524460393,4290.320463320463,0.3667953667953668,4641.030888030888,none
ar_26,20,IS,HIGH,163,-0.1078187036922745,0.1007218160666337,-1.0704602826158909,-13.666722003292126,4305.085889570552,0.147239263803681,4563.60736196319,none
ar_26,20,OOS,total,639,-0.08849104917909173,0.13577782227915516,-0.6517341911491021,-16.474829720766856,4924.599374021909,0.25508607198748046,5346.245696400626,none
ar_26,20,OOS,LOW,167,-0.047502361228449384,0.08411003298561802,-0.5647645059962325,-7.298365857364177,4600.928143712575,0.25748502994011974,5329.209580838324,none
ar_26,20,OOS,MID,236,-0.0694069607658601,0.11025090395576582,-0.6295364325875017,-9.671122184595722,5067.597457627118,0.288135593220339,5353.771186440678,none
ar_26,20,OOS,HIGH,236,-0.13657984474383722,0.17034119729570482,-0.8018016012106609,-12.31750991954702,5010.639830508475,0.22033898305084745,5350.775423728814,none
aroon_down,5,IS,total,713,0.017492120364945407,0.10012584773071427,0.1747013459700235,4.6648857952049685,4577.931276297335,0.5638148667601683,4650.807854137447,none
aroon_down,5,IS,LOW,280,0.024581088755957232,0.10052701851118016,0.24452221024762047,4.091639178278899,4675.760714285714,0.5714285714285714,4738.15,none
aroon_down,5,IS,MID,270,0.014224574103993247,0.0995325218213479,0.14291383201889632,2.3483138872876075,4516.529629629629,0.5481481481481482,4612.874074074074,none
aroon_down,5,IS,HIGH,163,0.010727251291164858,0.1002812477462487,0.10697165753570453,1.3657226984631896,4511.588957055214,0.5766871165644172,4563.60736196319,none
aroon_down,5,OOS,total,654,0.029539915540844827,0.12208352052974931,0.24196480747494942,6.187868543277129,5174.567278287462,0.6146788990825688,5348.909785932722,none
aroon_down,5,OOS,LOW,167,0.01893533233661902,0.07172111018785932,0.26401337468175895,3.411804706575699,5123.976047904192,0.592814371257485,5329.209580838324,none
aroon_down,5,OOS,MID,249,0.025593300058316937,0.09380983678809839,0.27282107009873774,4.3050438715726544,5112.128514056225,0.6305220883534136,5359.44578313253,none
aroon_down,5,OOS,HIGH,238,0.04110996869317741,0.1674036540562287,0.24557390294102605,3.788529655387939,5275.390756302521,0.6134453781512605,5351.710084033613,none
aroon_down,10,IS,total,713,0.017237140555464107,0.09942366403630812,0.1733706026884037,4.629352208459976,4507.330995792427,0.5525946704067322,4650.807854137447,none
aroon_down,10,IS,LOW,280,0.021275256307988044,0.09669494866295011,0.22002448527220664,3.6817138337198143,4614.560714285714,0.5714285714285714,4738.15,none
aroon_down,10,IS,MID,270,0.013370543693613028,0.10639174693294888,0.12567275262468927,2.0650140442892666,4428.788888888889,0.4925925925925926,4612.874074074074,none
aroon_down,10,IS,HIGH,163,0.016705292346832767,0.09216283669016818,0.18125844371514302,2.314152894071568,4453.233128834356,0.6196319018404908,4563.60736196319,none
aroon_down,10,OOS,total,649,0.03773851070039199,0.1210410289947793,0.31178279806279335,7.942815939321779,5108.187981510016,0.6178736517719569,5348.050847457627,none
aroon_down,10,OOS,LOW,167,0.032189937945047556,0.07234986988238895,0.4449204676853617,5.749639568565605,4928.934131736527,0.6646706586826348,5329.209580838324,none
aroon_down,10,OOS,MID,244,0.02300004796490286,0.09387271346941388,0.2450131365638734,3.8272275408817302,5141.672131147541,0.5942622950819673,5357.377049180328,none
aroon_down,10,OOS,HIGH,238,0.056741857581072114,0.16355035900637066,0.34693814141283474,5.3523009635243906,5199.638655462185,0.6092436974789915,5351.710084033613,none
aroon_down,20,IS,total,713,0.024446241297829026,0.10490571482867479,0.233030596452758,6.2223969323461175,4367.072931276297,0.5638148667601683,4650.807854137447,none
aroon_down,20,IS,LOW,280,0.017274080705159532,0.10900337051874542,0.15847290430518285,2.651758886418126,4489.867857142857,0.525,4738.15,none
aroon_down,20,IS,MID,270,0.018285215505923432,0.10193845663974595,0.17937504754014494,2.947432793738968,4276.625925925926,0.5333333333333333,4612.874074074074,none
aroon_down,20,IS,HIGH,163,0.046971897308638655,0.09993967634952834,0.47000249574913033,6.000590170949607,4305.957055214724,0.6809815950920245,4563.60736196319,none
aroon_down,20,OOS,total,639,0.049859678222005856,0.126914095101681,0.3928616296090619,9.930932793660276,4924.953051643192,0.621283255086072,5346.245696400626,none
aroon_down,20,OOS,LOW,167,0.04088619017798582,0.07620353104049929,0.5365393128076488,6.9336159764882686,4601.652694610779,0.6526946107784432,5329.209580838324,none
aroon_down,20,OOS,MID,236,0.01723848404109382,0.0925546863530026,0.18625187681309216,2.861255623230861,5067.902542372882,0.5211864406779662,5353.771186440678,none
aroon_down,20,OOS,HIGH,236,0.08883075589169477,0.168552303028296,0.5270219053416444,8.096264134497167,5010.779661016949,0.6991525423728814,5350.775423728814,none
aroon_up,5,IS,total,713,-0.02655878985163558,0.09444832432817483,-0.28119916409901663,-7.508596908315148,4577.931276297335,0.40252454417952316,4650.807854137447,none
aroon_up,5,IS,LOW,280,-0.025870536130992876,0.09826293683724807,-0.26327867824510465,-4.405494918528112,4675.760714285714,0.425,4738.15,none
aroon_up,5,IS,MID,270,-0.02417219057354121,0.09027970626009238,-0.26774777604949285,-4.39954489992446,4516.529629629629,0.3925925925925926,4612.874074074074,none
aroon_up,5,IS,HIGH,163,-0.03169432878946037,0.09490210752223333,-0.33396865061226527,-4.26382629963507,4511.588957055214,0.3803680981595092,4563.60736196319,none
aroon_up,5,OOS,total,654,-0.04578438990711348,0.11557563801891918,-0.39614222073010574,-10.130712858205824,5174.567278287462,0.3440366972477064,5348.909785932722,none
aroon_up,5,OOS,LOW,167,-0.03605489134826261,0.08068770361273683,-0.44684493093655503,-5.774509114610263,5123.976047904192,0.3413173652694611,5329.209580838324,none
aroon_up,5,OOS,MID,249,-0.03606436160779473,0.10109793280320818,-0.3567269933995157,-5.629057008695566,5112.128514056225,0.36947791164658633,5359.44578313253,none
aroon_up,5,OOS,HIGH,238,-0.06278066430147679,0.14523384688974067,-0.43227295596693044,-6.668782363638229,5275.390756302521,0.31932773109243695,5351.710084033613,none
aroon_up,10,IS,total,713,-0.02323990768760711,0.09808211139943439,-0.23694338708680296,-6.326876502019836,4507.330995792427,0.4431977559607293,4650.807854137447,none
aroon_up,10,IS,LOW,280,-0.023263431227012934,0.09900521139125412,-0.23497178481927838,-3.931829994433131,4614.560714285714,0.42857142857142855,4738.15,none
aroon_up,10,IS,MID,270,-0.024696745079665988,0.09741491502950268,-0.25352118894921205,-4.165778219790386,4428.788888888889,0.4444444444444444,4612.874074074074,none
aroon_up,10,IS,HIGH,163,-0.020786332921413696,0.09814546362828401,-0.21179107167030994,-2.7039673926286745,4453.233128834356,0.4662576687116564,4563.60736196319,none
aroon_up,10,OOS,total,649,-0.05274114406364201,0.10970493065389143,-0.4807545453908109,-12.247452039552451,5108.187981510016,0.300462249614792,5348.050847457627,none
aroon_up,10,OOS,LOW,167,-0.045463055507913394,0.07478368096139582,-0.6079274906430714,-7.856154546461656,4928.934131736527,0.23353293413173654,5329.209580838324,none
aroon_up,10,OOS,MID,244,-0.035280161684527855,0.09457361037824483,-0.37304446286258625,-5.827140790342572,5141.672131147541,0.3483606557377049,5357.377049180328,none
aroon_up,10,OOS,HIGH,238,-0.07574921334645938,0.13760701296082328,-0.5504749483082318,-8.49231388693083,5199.638655462185,0.29831932773109243,5351.710084033613,none
aroon_up,20,IS,total,713,-0.03413073909390714,0.09968565011187835,-0.34238367363408695,-9.142349343546567,4367.072931276297,0.39691444600280507,4650.807854137447,none
aroon_up,20,IS,LOW,280,-0.026429761298141813,0.10065240781152208,-0.2625844912486663,-4.393878948310918,4489.867857142857,0.44285714285714284,4738.15,none
aroon_up,20,IS,MID,270,-0.03564350919498621,0.10011086793296305,-0.3560403573651371,-5.8503400533325856,4276.625925925926,0.3888888888888889,4612.874074074074,none
aroon_up,20,IS,HIGH,163,-0.04485359710325035,0.09676402601732062,-0.4635358712257551,-5.91802983583407,4305.957055214724,0.3312883435582822,4563.60736196319,none
aroon_up,20,OOS,total,639,-0.05863576226115222,0.11146611031298129,-0.526041162614459,-13.297504869135755,4924.953051643192,0.30203442879499215,5346.245696400626,none
aroon_up,20,OOS,LOW,167,-0.04516333889177717,0.07179276551084614,-0.6290792473366149,-8.12949548279249,4601.652694610779,0.2874251497005988,5329.209580838324,none
aroon_up,20,OOS,MID,236,-0.0336096635569363,0.09660196142755453,-0.3479190594089692,-5.344834007563299,5067.902542372882,0.3983050847457627,5353.771186440678,none
aroon_up,20,OOS,HIGH,236,-0.09319531309539202,0.13711871451967725,-0.6796688068572726,-10.44127033150134,5010.779661016949,0.21610169491525424,5350.775423728814,none
aroonosc,5,IS,total,713,-0.027010654310460368,0.10730649652614763,-0.25171499568880823,-6.721308878926912,4577.931276297335,0.4067321178120617,4650.807854137447,none
aroonosc,5,IS,LOW,280,-0.03083101248823838,0.11077863409210899,-0.2783119032015086,-4.657048886346465,4675.760714285714,0.4392857142857143,4738.15,none
aroonosc,5,IS,MID,270,-0.023612758968800388,0.10377930242752897,-0.227528595938382,-3.7386763341879043,4516.529629629629,0.3925925925925926,4612.874074074074,none
aroonosc,5,IS,HIGH,163,-0.026076491442180327,0.10744158870238471,-0.2427038892212653,-3.0986358270099923,4511.588957055214,0.37423312883435583,4563.60736196319,none
aroonosc,5,OOS,total,654,-0.04322980404358916,0.12603301698115066,-0.3430038023294686,-8.77178156942804,5174.567278287462,0.363914373088685,5348.909785932722,none
aroonosc,5,OOS,LOW,167,-0.03237563879953534,0.08215998147666798,-0.39405606254584497,-5.092326593185626,5123.976047904192,0.3712574850299401,5329.209580838324,none
aroonosc,5,OOS,MID,249,-0.033649354207244686,0.10646410582892878,-0.3160629016253981,-4.987388463733565,5112.128514056225,0.357429718875502,5359.44578313253,none
aroonosc,5,OOS,HIGH,238,-0.0608692057452982,0.16335554991768161,-0.3726179231496665,-5.748469340899736,5275.390756302521,0.36554621848739494,5351.710084033613,none
aroonosc,10,IS,total,713,-0.0245004729207752,0.10800315304627997,-0.2268496079024342,-6.057351806170172,4507.330995792427,0.4375876577840112,4650.807854137447,none
aroonosc,10,IS,LOW,280,-0.028146808731237385,0.10823606618985018,-0.26005018218111153,-4.351471846476799,4614.560714285714,0.4107142857142857,4738.15,none
aroonosc,10,IS,MID,270,-0.024308715981305948,0.10993891275460818,-0.22111111864062916,-3.633226421840208,4428.788888888889,0.45555555555555555,4612.874074074074,none
aroonosc,10,IS,HIGH,163,-0.01855446277799783,0.10470339075461262,-0.17720976029785768,-2.2624627644684763,4453.233128834356,0.4539877300613497,4563.60736196319,none
aroonosc,10,OOS,total,649,-0.05061509904253243,0.1217771427293646,-0.4156371048630903,-10.58855408955314,5108.187981510016,0.3405238828967643,5348.050847457627,none
aroonosc,10,OOS,LOW,167,-0.0444752462996359,0.07568367614974848,-0.5876464855068183,-7.594066200136923,4928.934131736527,0.25748502994011974,5329.209580838324,none
aroonosc,10,OOS,MID,244,-0.03119221957717325,0.10243447097308525,-0.3045090122578857,-4.756582828595614,5141.672131147541,0.38524590163934425,5357.377049180328,none
aroonosc,10,OOS,HIGH,238,-0.0748358469316558,0.15739246087902378,-0.475472881697788,-7.335238358277097,5199.638655462185,0.35294117647058826,5351.710084033613,none
aroonosc,20,IS,total,713,-0.032543766997927465,0.11322486706889193,-0.2874259678143507,-7.674865393769036,4367.072931276297,0.40813464235624125,4650.807854137447,none
aroonosc,20,IS,LOW,280,-0.024679538007685478,0.11710476630101221,-0.21074751085919,-3.5264803605488058,4489.867857142857,0.46785714285714286,4738.15,none
aroonosc,20,IS,MID,270,-0.03164764151602722,0.11083726434118789,-0.2855325030272038,-4.691777784267349,4276.625925925926,0.3925925925925926,4612.874074074074,none
aroonosc,20,IS,HIGH,163,-0.047537251644435584,0.10951236544844256,-0.43408113275405136,-5.541976908967194,4305.957055214724,0.3312883435582822,4563.60736196319,none
aroonosc,20,OOS,total,639,-0.06095719732489137,0.12862819320958288,-0.4739023055821795,-11.979515414067105,4924.953051643192,0.3161189358372457,5346.245696400626,none
aroonosc,20,OOS,LOW,167,-0.048722881479572634,0.08017982755128017,-0.6076700707345774,-7.852827948116307,4601.652694610779,0.31736526946107785,5329.209580838324,none
aroonosc,20,OOS,MID,236,-0.027477029347532513,0.10220134506635638,-0.2688519346755414,-4.130181789678567,5067.902542372882,0.4025423728813559,5353.771186440678,none
aroonosc,20,OOS,HIGH,236,-0.10309469897245459,0.16406399380401118,-0.6283810151276108,-9.653372324777614,5010.779661016949,0.2288135593220339,5350.775423728814,none
atr_14,5,IS,total,714,-0.07077122746685661,0.18401121567606604,-0.3846027928615097,-10.27688601229417,4577.046218487395,0.3865546218487395,4649.802521008403,f_screened
atr_14,5,IS,LOW,280,-0.05037850211183214,0.1811676463666272,-0.27807670476593627,-4.653113263759531,4675.767857142857,0.4107142857142857,4738.15,f_screened
atr_14,5,IS,MID,271,-0.07894334217324483,0.18083384693791854,-0.4365518043773443,-7.186549694553444,4514.39852398524,0.3874538745387454,4610.365313653137,f_screened
atr_14,5,IS,HIGH,163,-0.0922149085341919,0.19158664846185897,-0.4813222073382114,-6.145110573955467,4511.619631901841,0.34355828220858897,4563.60736196319,f_screened
atr_14,5,OOS,total,654,-0.05016847161628298,0.21181491951074363,-0.23685050954939152,-6.05707843547278,5174.567278287462,0.41437308868501527,5348.909785932722,f_screened
atr_14,5,OOS,LOW,167,-0.05246448786516648,0.18648849195160908,-0.2813282863522764,-3.635562677938411,5123.976047904192,0.40718562874251496,5329.209580838324,f_screened
atr_14,5,OOS,MID,249,-0.05977254470946995,0.1854964061351076,-0.32223020356488313,-5.084706846837587,5112.128514056225,0.3855421686746988,5359.44578313253,f_screened
atr_14,5,OOS,HIGH,238,-0.038509442566841384,0.25102707777042077,-0.15340752443471684,-2.3666560197161735,5275.390756302521,0.4495798319327731,5351.710084033613,f_screened
atr_14,10,IS,total,714,-0.09091407482956862,0.1905898406987751,-0.4770142757674959,-12.74619277157677,4506.5392156862745,0.3543417366946779,4649.802521008403,f_screened
atr_14,10,IS,LOW,280,-0.07669892755947795,0.18388197253538188,-0.41710955403591743,-6.979577810946142,4614.564285714286,0.35714285714285715,4738.15,f_screened
atr_14,10,IS,MID,271,-0.08560283811515232,0.19318117923896666,-0.4431220393849078,-7.294709413316022,4426.970479704797,0.3874538745387454,4610.365313653137,f_screened
atr_14,10,IS,HIGH,163,-0.12416307105798713,0.19476335974965045,-0.6375073382261777,-8.139148839137471,4453.263803680981,0.294478527607362,4563.60736196319,f_screened
atr_14,10,OOS,total,649,-0.05311583342334266,0.21881860913744722,-0.24273910538376034,-6.18389483742632,5108.187981510016,0.4221879815100154,5348.050847457627,f_screened
atr_14,10,OOS,LOW,167,-0.03393661290186728,0.18912807835647538,-0.17943720042405514,-2.318839663632603,4928.934131736527,0.4550898203592814,5329.209580838324,f_screened
atr_14,10,OOS,MID,244,-0.07575742428922427,0.19835898853691755,-0.3819208035290253,-5.965793663969158,5141.672131147541,0.35655737704918034,5357.377049180328,f_screened
atr_14,10,OOS,HIGH,238,-0.04336113449817993,0.25424025853405063,-0.17055180303937795,-2.631145068170111,5199.638655462185,0.46638655462184875,5351.710084033613,f_screened
atr_14,20,IS,total,714,-0.11763202008027492,0.1959250956927455,-0.6003928167770213,-16.042963429127933,4366.480392156863,0.3277310924369748,4649.802521008403,f_screened
atr_14,20,IS,LOW,280,-0.12106045112241073,0.18627460697093723,-0.6499031354354097,-10.874959490759375,4489.875,0.30714285714285716,4738.15,f_screened
atr_14,20,IS,MID,271,-0.11037815820290282,0.20586592126799222,-0.5361652745779847,-8.826394374304291,4275.3726937269375,0.35793357933579334,4610.365313653137,f_screened
atr_14,20,IS,HIGH,163,-0.12380279233162349,0.19598285234759266,-0.6317021660244461,-8.065033361944401,4305.98773006135,0.3128834355828221,4563.60736196319,f_screened
atr_14,20,OOS,total,639,-0.05399371901425547,0.218264615474118,-0.2473773355198662,-6.253315438739079,4924.953051643192,0.41784037558685444,5346.245696400626,f_screened
atr_14,20,OOS,LOW,167,-0.0316792734427066,0.17856998713764413,-0.1774053633004285,-2.2925825413571097,4601.652694610779,0.41916167664670656,5329.209580838324,f_screened
atr_14,20,OOS,MID,236,-0.03969776334700199,0.2181593576010746,-0.18196681445859944,-2.795427246263734,5067.902542372882,0.461864406779661,5353.771186440678,f_screened
atr_14,20,OOS,HIGH,236,-0.08407998150544398,0.2403118360194069,-0.34987865307913474,-5.374937856737583,5010.779661016949,0.3728813559322034,5350.775423728814,f_screened
bbi,5,IS,total,704,-0.04894102236930322,0.1792239711031142,-0.273071855667932,-7.24541508845292,4585.816761363636,0.4275568181818182,4659.802556818182,none
bbi,5,IS,LOW,280,-0.02560890151745398,0.17407019644768823,-0.14711824332978216,-2.4617590673588423,4675.646428571428,0.4928571428571429,4738.15,none
bbi,5,IS,MID,261,-0.06138227981319548,0.17841564713347297,-0.34404089999614956,-5.558150840622437,4536.0421455938695,0.39080459770114945,4635.827586206897,none
bbi,5,IS,HIGH,163,-0.0690994619132413,0.1857913220735506,-0.3719197492221213,-4.748353491202569,4511.208588957055,0.37423312883435583,4563.60736196319,none
bbi,5,OOS,total,654,-0.025380895720494366,0.19071704853852472,-0.13308142043403864,-3.4033475520347385,5174.567278287462,0.44648318042813456,5348.909785932722,none
bbi,5,OOS,LOW,167,-0.014316228506939045,0.18093603880864317,-0.07912314540100991,-1.022496379979383,5123.976047904192,0.47305389221556887,5329.209580838324,none
bbi,5,OOS,MID,249,-0.03240180377520835,0.16353868422677326,-0.19812929233475993,-3.1264274985655938,5112.128514056225,0.42971887550200805,5359.44578313253,none
bbi,5,OOS,HIGH,238,-0.025799355044191653,0.22172686835571845,-0.11635646701509134,-1.7950601452496517,5275.390756302521,0.44537815126050423,5351.710084033613,none
bbi,10,IS,total,704,-0.06540983348267133,0.1824110882948146,-0.3585847444589296,-9.514328423325937,4514.3125,0.3678977272727273,4659.802556818182,none
bbi,10,IS,LOW,280,-0.04934486874642015,0.17440106480220052,-0.282939033671528,-4.734475588382926,4614.442857142857,0.38571428571428573,4738.15,none
bbi,10,IS,MID,261,-0.06436114713370919,0.18274576029230388,-0.3521895502843011,-5.689796314894638,4445.283524904215,0.38697318007662834,4635.827586206897,none
bbi,10,IS,HIGH,163,-0.09468527681536733,0.19261493097532914,-0.49157807411874516,-6.276048715676927,4452.840490797546,0.3067484662576687,4563.60736196319,none
bbi,10,OOS,total,649,-0.028343080506481492,0.2003838914467372,-0.14144390700195175,-3.60335119844804,5108.187981510016,0.4437596302003082,5348.050847457627,none
bbi,10,OOS,LOW,167,0.0044162241232080235,0.19327688680237406,0.022849209733617138,0.2952768639265319,4928.934131736527,0.5329341317365269,5329.209580838324,none
bbi,10,OOS,MID,244,-0.04536136187160115,0.1702804453129795,-0.2663920791857567,-4.161177300249312,5141.672131147541,0.38114754098360654,5357.377049180328,none
bbi,10,OOS,HIGH,238,-0.033882337733661984,0.22979932554438987,-0.14744315568984123,-2.2746422202243903,5199.638655462185,0.44537815126050423,5351.710084033613,none
bbi,20,IS,total,704,-0.08555264459012638,0.18217614274570207,-0.4696149742809545,-12.460293324978618,4372.330965909091,0.3565340909090909,4659.802556818182,none
bbi,20,IS,LOW,280,-0.08782225737103436,0.16781232465628976,-0.5233361587172477,-8.757088888772273,4489.746428571429,0.30357142857142855,4738.15,none
bbi,20,IS,MID,261,-0.08181783637078327,0.18786346770948,-0.43551754563218126,-7.036001278884053,4288.057471264367,0.39080459770114945,4635.827586206897,none
bbi,20,IS,HIGH,163,-0.08763419898641055,0.19708474518689884,-0.44465236973721906,-5.676941427899948,4305.576687116564,0.39263803680981596,4563.60736196319,none
bbi,20,OOS,total,639,-0.028094211501131373,0.20203006311955599,-0.139059559093965,-3.515210016952853,4924.953051643192,0.4616588419405321,5346.245696400626,none
bbi,20,OOS,LOW,167,-0.00230227062186002,0.17976829565293437,-0.012806877950853175,-0.16550133689980942,4601.652694610779,0.48502994011976047,5329.209580838324,none
bbi,20,OOS,MID,236,-0.009352165282588755,0.19041678375549986,-0.049114185725335956,-0.7545064376883867,5067.902542372882,0.5127118644067796,5353.771186440678,none
bbi,20,OOS,HIGH,236,-0.06508733452831092,0.22254260701489237,-0.2924713402137656,-4.493029982512797,5010.779661016949,0.3940677966101695,5350.775423728814,none
bear_power_13,5,IS,total,727,-0.0061868293190183,0.13922065027122205,-0.044439020410876245,-1.198206531029566,4565.486932599725,0.49105914718019256,4636.7716643741405,none
bear_power_13,5,IS,LOW,282,-0.015013920128702072,0.1337624094940614,-0.11224319437344345,-1.8848837578613697,4670.41134751773,0.4716312056737589,4732.301418439716,none
bear_power_13,5,IS,MID,282,0.009945192733011723,0.13573223860938216,0.07327067493252326,1.230423865596337,4491.464539007092,0.5354609929078015,4583.531914893617,none
bear_power_13,5,IS,HIGH,163,-0.018824808523568243,0.15205444119605613,-0.12380308247159903,-1.5806119468115938,4512.0245398773,0.44785276073619634,4563.60736196319,none
bear_power_13,5,OOS,total,654,-0.02669911511733904,0.16932870233990577,-0.1576762518603844,-4.032321597055913,5244.957186544342,0.44495412844036697,5348.909785932722,none
bear_power_13,5,OOS,LOW,167,-0.021023362942519594,0.13688100176199966,-0.15358861107017419,-1.9848022728291335,5123.976047904192,0.4251497005988024,5329.209580838324,none
bear_power_13,5,OOS,MID,249,-0.014415782724110477,0.1392545243297763,-0.10352110851329806,-1.6335355389607187,5297.008032128514,0.4899598393574297,5359.44578313253,none
bear_power_13,5,OOS,HIGH,238,-0.04353273015561114,0.21241176659375868,-0.20494500306505273,-3.1617375158222107,5275.390756302521,0.4117647058823529,5351.710084033613,none
bear_power_13,10,IS,total,727,-0.0028471513969178055,0.13953484754973983,-0.02040459030066224,-0.5501676935086596,4496.235213204952,0.5034387895460798,4636.7716643741405,none
bear_power_13,10,IS,LOW,282,-0.0060730436899799544,0.1356044615880313,-0.04478498434977727,-0.7520677762975636,4609.641843971631,0.48936170212765956,4732.301418439716,none
bear_power_13,10,IS,MID,282,-0.0032633771508076186,0.1384991660305891,-0.023562431777292184,-0.39568051498044815,4407.436170212766,0.5319148936170213,4583.531914893617,none
bear_power_13,10,IS,HIGH,163,0.003453936267134068,0.14841571217878285,0.023272039169097043,0.2971175063091064,4453.662576687117,0.4785276073619632,4563.60736196319,none
bear_power_13,10,OOS,total,649,-0.031223288636167447,0.16136906783860805,-0.1934899237776794,-4.929248374921518,5139.269645608629,0.42989214175654855,5348.050847457627,none
bear_power_13,10,OOS,LOW,167,-0.02782341559586397,0.11731071877545544,-0.23717709588942845,-3.0650035553044153,4928.934131736527,0.40718562874251496,5329.209580838324,none
bear_power_13,10,OOS,MID,244,-0.009211010284054992,0.1408157307450293,-0.06541179906052602,-1.021764964825889,5224.3442622950815,0.47540983606557374,5357.377049180328,none
bear_power_13,10,OOS,HIGH,238,-0.05617612357585702,0.20023860642870014,-0.280545917581882,-4.3280516200136425,5199.638655462185,0.39915966386554624,5351.710084033613,none
bear_power_13,20,IS,total,727,0.0004675345594750485,0.13166162376006485,0.003551031394896555,0.09574623765142048,4358.66712517194,0.53232462173315,4636.7716643741405,none
bear_power_13,20,IS,LOW,282,-0.0012728267790703385,0.12626060730399502,-0.010080949286152094,-0.16928792591266412,4485.812056737589,0.4858156028368794,4732.301418439716,none
bear_power_13,20,IS,MID,282,0.006746583861163038,0.13488440367299273,0.050017523727347545,0.8399370546106705,4261.741134751773,0.5921985815602837,4583.531914893617,none
bear_power_13,20,IS,HIGH,163,-0.007384674063875958,0.13542211993295133,-0.05453078173294122,-0.6962024156049196,4306.386503067484,0.50920245398773,4563.60736196319,none
bear_power_13,20,OOS,total,639,-0.04355122322540366,0.1474325285029506,-0.29539765523679573,-7.467194657011064,4924.953051643192,0.4303599374021909,5346.245696400626,none
bear_power_13,20,OOS,LOW,167,-0.019411805326674515,0.1064795353867358,-0.18230550364603348,-2.355906310140296,4601.652694610779,0.46706586826347307,5329.209580838324,none
bear_power_13,20,OOS,MID,236,-0.02902683747433292,0.1465991078741482,-0.19800146054948548,-3.0417561535429085,5067.902542372882,0.5042372881355932,5353.771186440678,none
bear_power_13,20,OOS,HIGH,236,-0.07515731570989712,0.1669806535563786,-0.45009594889698606,-6.914505168005942,5010.779661016949,0.3305084745762712,5350.775423728814,none
beta_30,5,IS,total,698,-0.011588563556827252,0.11199143234401382,-0.10347723316217311,-2.7338363836307615,4591.031518624642,0.4828080229226361,4665.766475644699,l1_pending
beta_30,5,IS,LOW,280,0.00069851838963069,0.11390166282047802,0.006132644355961989,0.10261876779166412,4675.525,0.5357142857142857,4738.15,l1_pending
beta_30,5,IS,MID,255,-0.00639557367801267,0.10986789644192352,-0.05821148747844998,-0.9295629107197121,4549.635294117647,0.49019607843137253,4651.588235294118,l1_pending
beta_30,5,IS,HIGH,163,-0.04081920996238518,0.10737483525371073,-0.3801562057435103,-4.853509528654934,4510.650306748466,0.3803680981595092,4563.60736196319,l1_pending
beta_30,5,OOS,total,654,-0.011501887610633064,0.1386286264262549,-0.0829690656767174,-2.121803070966038,5174.567278287462,0.45565749235474007,5348.909785932722,l1_pending
beta_30,5,OOS,LOW,167,-0.007551127235900532,0.10755360175077346,-0.07020803685773572,-0.9072877875198523,5123.976047904192,0.4311377245508982,5329.209580838324,l1_pending
beta_30,5,OOS,MID,249,-0.008263271548295776,0.1336487673074031,-0.06182826609458788,-0.9756335826413152,5112.128514056225,0.4819277108433735,5359.44578313253,l1_pending
beta_30,5,OOS,HIGH,238,-0.01766235980434028,0.16154593492071448,-0.10933335966026525,-1.6867129219979962,5275.390756302521,0.44537815126050423,5351.710084033613,l1_pending
beta_30,10,IS,total,698,-0.013930258296004035,0.11568605198691564,-0.12041432875226461,-3.181309192307973,4518.921203438395,0.4283667621776504,4665.766475644699,l1_pending
beta_30,10,IS,LOW,280,-0.0003405393349625704,0.11382473729807614,-0.0029917866980952493,-0.05006216676425331,4614.332142857143,0.4642857142857143,4738.15,l1_pending
beta_30,10,IS,MID,255,-0.00437498098595662,0.12289186037603315,-0.03560025027344973,-0.5684904079935963,4456.733333333334,0.5019607843137255,4651.588235294118,l1_pending
beta_30,10,IS,HIGH,163,-0.05222300076933964,0.09823670633963008,-0.5316037427882712,-6.787062244703464,4452.312883435583,0.25153374233128833,4563.60736196319,l1_pending
beta_30,10,OOS,total,649,-0.012196401901109478,0.1428022580133526,-0.08540762639739956,-2.1758001419702406,5108.187981510016,0.4560862865947612,5348.050847457627,l1_pending
beta_30,10,OOS,LOW,167,0.005245310393558558,0.10695098171834634,0.04904406027213473,0.6337889353815851,4928.934131736527,0.49101796407185627,5329.209580838324,l1_pending
beta_30,10,OOS,MID,244,-0.01727371027279425,0.13636646475855416,-0.1266712479741885,-1.9786681468741942,5141.672131147541,0.430327868852459,5357.377049180328,l1_pending
beta_30,10,OOS,HIGH,238,-0.0192296065671535,0.16848653719499965,-0.11413141303330317,-1.7607336842784798,5199.638655462185,0.4579831932773109,5351.710084033613,l1_pending
beta_30,20,IS,total,698,-0.017210539939923393,0.12838424897411532,-0.13405491777572623,-3.5416893206406446,4375.809455587392,0.4584527220630373,4665.766475644699,l1_pending
beta_30,20,IS,LOW,280,-6.262722641682578e-05,0.13694378420285228,-0.00045732069389916403,-0.007652438877845128,4489.642857142857,0.4785714285714286,4738.15,l1_pending
beta_30,20,IS,MID,255,-0.0038029309677686213,0.12696418435367843,-0.02995278540265314,-0.4783076260224529,4295.980392156863,0.5215686274509804,4651.588235294118,l1_pending
beta_30,20,IS,HIGH,163,-0.06764217090729337,0.09996490583935758,-0.6766591769314877,-8.639006054012958,4305.1533742331285,0.32515337423312884,4563.60736196319,l1_pending
beta_30,20,OOS,total,639,-0.008198041678577201,0.13674051821576713,-0.05995327343751364,-1.5155257841300573,4924.953051643192,0.48200312989045385,5346.245696400626,l1_pending
beta_30,20,OOS,LOW,167,0.0026013225978996266,0.10951812739773073,0.02375243861185237,0.30694915341411055,4601.652694610779,0.46107784431137727,5329.209580838324,l1_pending
beta_30,20,OOS,MID,236,0.007762781763041223,0.1337280581392813,0.058049012832864746,0.8917658561782585,5067.902542372882,0.5084745762711864,5353.771186440678,l1_pending
beta_30,20,OOS,HIGH,236,-0.0318007881463466,0.1533268396933642,-0.20740522800798913,-3.1862195703985696,5010.779661016949,0.4703389830508475,5350.775423728814,l1_pending
bias_12,5,IS,total,716,-0.03471653041414985,0.12175346513789664,-0.2851379250260375,-7.629770873513726,4575.27374301676,0.3854748603351955,4647.79748603352,f_screened
bias_12,5,IS,LOW,280,-0.03680128166600084,0.11182477990387223,-0.3290977339516007,-5.506858376405008,4675.782142857143,0.375,4738.15,f_screened
bias_12,5,IS,MID,273,-0.02149203290250645,0.12325503112475111,-0.17437043101918934,-2.88107235059661,4510.153846153846,0.4542124542124542,4605.395604395604,f_screened
bias_12,5,IS,HIGH,163,-0.05328436765439754,0.13316959481741492,-0.4001241253865362,-5.108442860771127,4511.687116564417,0.2883435582822086,4563.60736196319,f_screened
bias_12,5,OOS,total,654,-0.04290381021165584,0.16550954259468115,-0.2592225773756359,-6.629208805152314,5174.567278287462,0.3730886850152905,5348.909785932722,f_screened
bias_12,5,OOS,LOW,167,-0.0419425974435929,0.1199037279555543,-0.34980228020216436,-4.520441691271308,5123.976047904192,0.3592814371257485,5329.209580838324,f_screened
bias_12,5,OOS,MID,249,-0.041687618756206045,0.13211527914585258,-0.3155397242902069,-4.979132864634143,5112.128514056225,0.37751004016064255,5359.44578313253,f_screened
bias_12,5,OOS,HIGH,238,-0.04485067661784704,0.2171079790838363,-0.20658235043737358,-3.1869972808131948,5275.390756302521,0.37815126050420167,5351.710084033613,f_screened
bias_12,10,IS,total,716,-0.03372642177149311,0.12464621417715246,-0.2705771851486777,-7.240152028518114,4504.965083798883,0.41480446927374304,4647.79748603352,f_screened
bias_12,10,IS,LOW,280,-0.032955238578313874,0.11345410525537808,-0.2904719798735682,-4.8605258877685005,4614.575,0.4,4738.15,f_screened
bias_12,10,IS,MID,273,-0.030503615562963528,0.12998912109489985,-0.2346628341358971,-3.8772663414886517,4423.377289377289,0.4468864468864469,4605.395604395604,f_screened
bias_12,10,IS,HIGH,163,-0.040448859740933346,0.1340509559055218,-0.3017424192740664,-3.8523893205472803,4453.325153374233,0.38650306748466257,4563.60736196319,f_screened
bias_12,10,OOS,total,649,-0.04435392584334657,0.15362804045535047,-0.2887098326053135,-7.355021106053966,5108.187981510016,0.362095531587057,5348.050847457627,f_screened
bias_12,10,OOS,LOW,167,-0.04381141805213369,0.104083093717299,-0.42092732342420824,-5.439579812636851,4928.934131736527,0.31736526946107785,5329.209580838324,f_screened
bias_12,10,OOS,MID,244,-0.03801561534040976,0.12894473110074506,-0.2948210059913809,-4.6052513329893126,5141.672131147541,0.38114754098360654,5357.377049180328,f_screened
bias_12,10,OOS,HIGH,238,-0.051232692918342926,0.19951504875685783,-0.2567861083039328,-3.9615031351060703,5199.638655462185,0.3739495798319328,5351.710084033613,f_screened
bias_12,20,IS,total,716,-0.03592855590008987,0.11926903481290953,-0.30123959631641967,-8.060622232956815,4365.296089385475,0.3994413407821229,4647.79748603352,f_screened
bias_12,20,IS,LOW,280,-0.035429276163301014,0.11503937775191689,-0.3079752068870232,-5.153410895318684,4489.8892857142855,0.37142857142857144,4738.15,f_screened
bias_12,20,IS,MID,273,-0.029907687815973576,0.12449313268323083,-0.2402356432950629,-3.9693442602606543,4272.882783882784,0.45787545787545786,4605.395604395604,f_screened
bias_12,20,IS,HIGH,163,-0.046870244938523174,0.11741985622835134,-0.39916796395468784,-5.096235408807186,4306.049079754601,0.3496932515337423,4563.60736196319,f_screened
bias_12,20,OOS,total,639,-0.05748607216449392,0.14791347428810103,-0.38864662223080787,-9.82438394326764,4924.953051643192,0.3411580594679186,5346.245696400626,f_screened
bias_12,20,OOS,LOW,167,-0.044033270214894546,0.11152600403797597,-0.394825140510734,-5.102265270813208,4601.652694610779,0.3532934131736527,5329.209580838324,f_screened
bias_12,20,OOS,MID,236,-0.04126189334468047,0.12489870450714805,-0.330362860907969,-5.075130568633909,5067.902542372882,0.3940677966101695,5353.771186440678,f_screened
bias_12,20,OOS,HIGH,236,-0.08322981846559167,0.1842641850122928,-0.4516874424622407,-6.938954156068973,5010.779661016949,0.2796610169491525,5350.775423728814,f_screened
bias_24,5,IS,total,704,-0.042082740869494,0.12593602361925704,-0.33415967616003933,-8.86625812711615,4585.816761363636,0.3693181818181818,4659.802556818182,f_screened
bias_24,5,IS,LOW,280,-0.038133315066929664,0.12344170838458925,-0.3089175900589716,-5.169179981911638,4675.646428571428,0.4,4738.15,f_screened
bias_24,5,IS,MID,261,-0.0397139350174865,0.1226463233801484,-0.3238086061038387,-5.231288129513013,4536.0421455938695,0.34099616858237547,4635.827586206897,f_screened
bias_24,5,IS,HIGH,163,-0.052660026465150264,0.13524362625183672,-0.3893715949843891,-4.971163742410021,4511.208588957055,0.3619631901840491,4563.60736196319,f_screened
bias_24,5,OOS,total,654,-0.06031451532884556,0.16968566278417863,-0.3554485060152604,-9.090035249669075,5174.567278287462,0.3287461773700306,5348.909785932722,f_screened
bias_24,5,OOS,LOW,167,-0.05714026759436661,0.10688801044506151,-0.5345807013943409,-6.908305138935695,5123.976047904192,0.31137724550898205,5329.209580838324,f_screened
bias_24,5,OOS,MID,249,-0.052897464866923705,0.13694027215195817,-0.38628128917565685,-6.095415929814359,5112.128514056225,0.2971887550200803,5359.44578313253,f_screened
bias_24,5,OOS,HIGH,238,-0.07030167892832677,0.22703039442704884,-0.3096575641589551,-4.777164229511485,5275.390756302521,0.3739495798319328,5351.710084033613,f_screened
bias_24,10,IS,total,704,-0.04377466712487318,0.12799254728636897,-0.3420095001854465,-9.074537494816893,4514.3125,0.3877840909090909,4659.802556818182,f_screened
bias_24,10,IS,LOW,280,-0.03787259354951183,0.12559640256749344,-0.30154202489326654,-5.045763170966785,4614.442857142857,0.37857142857142856,4738.15,f_screened
bias_24,10,IS,MID,261,-0.04591158190761038,0.1284023653787869,-0.35756025032849853,-5.7765626294977,4445.283524904215,0.3831417624521073,4635.827586206897,f_screened
bias_24,10,IS,HIGH,163,-0.05049151278626439,0.1317164590155297,-0.3833348782957437,-4.89409210310105,4452.840490797546,0.4110429447852761,4563.60736196319,f_screened
bias_24,10,OOS,total,649,-0.06947585224402149,0.15765627782644073,-0.44067926251884154,-11.226515036144715,5108.187981510016,0.31124807395993837,5348.050847457627,f_screened
bias_24,10,OOS,LOW,167,-0.06502559504454343,0.0954240329953195,-0.6814383442348627,-8.806124132552474,4928.934131736527,0.2155688622754491,5329.209580838324,f_screened
bias_24,10,OOS,MID,244,-0.054361214991474366,0.13351467591419508,-0.4071553529172351,-6.359969926330989,5141.672131147541,0.3114754098360656,5357.377049180328,f_screened
bias_24,10,OOS,HIGH,238,-0.0880941902353422,0.2066561357303563,-0.42628393260138664,-6.576388211183753,5199.638655462185,0.37815126050420167,5351.710084033613,f_screened
bias_24,20,IS,total,704,-0.053032568816465855,0.12723917133479434,-0.41679435868790327,-11.058804020036645,4372.330965909091,0.3721590909090909,4659.802556818182,f_screened
bias_24,20,IS,LOW,280,-0.0453546334476995,0.1292814334204599,-0.3508209357502509,-5.870357068270283,4489.746428571429,0.37142857142857144,4738.15,f_screened
bias_24,20,IS,MID,261,-0.04793638975217742,0.13145682945943077,-0.3646549970001459,-5.891181769772771,4288.057471264367,0.39846743295019155,4635.827586206897,f_screened
bias_24,20,IS,HIGH,163,-0.07438179973078402,0.11460353165857781,-0.6490358425635543,-8.286334929505674,4305.576687116564,0.3312883435582822,4563.60736196319,f_screened
bias_24,20,OOS,total,639,-0.08216692798491278,0.15506938718832097,-0.5298720106833644,-13.394342767896397,4924.953051643192,0.28325508607198746,5346.245696400626,f_screened
bias_24,20,OOS,LOW,167,-0.06099094536832517,0.09922568653080967,-0.6146689179055206,-7.943272986164896,4601.652694610779,0.25748502994011974,5329.209580838324,f_screened
bias_24,20,OOS,MID,236,-0.0573896292654327,0.14180303915877604,-0.40471367613760284,-6.217329465137242,5067.902542372882,0.3728813559322034,5353.771186440678,f_screened
bias_24,20,OOS,HIGH,236,-0.12192892626782559,0.18893869275330633,-0.6453359261198334,-9.913838609724417,5010.779661016949,0.211864406779661,5350.775423728814,f_screened
bias_6,5,IS,total,722,-0.028965743154527122,0.12401927776264503,-0.23355839251026253,-6.275727479587368,4569.943213296399,0.407202216066482,4641.783933518005,f_screened
bias_6,5,IS,LOW,280,-0.0295222130255898,0.1154705839841781,-0.2556686907345594,-4.278155471478176,4675.810714285714,0.41785714285714287,4738.15,f_screened
bias_6,5,IS,MID,279,-0.019794704171166976,0.1295565035470159,-0.1527881937936331,-2.5520659813960727,4497.612903225807,0.43727598566308246,4590.745519713261,f_screened
bias_6,5,IS,HIGH,163,-0.04370751194262485,0.12776170016314076,-0.34210183401452937,-4.36766383416639,4511.889570552147,0.3374233128834356,4563.60736196319,f_screened
bias_6,5,OOS,total,654,-0.03258220658599801,0.15733277556283112,-0.20709103026652095,-5.296026662529118,5205.851681957187,0.40214067278287463,5348.909785932722,f_screened
bias_6,5,OOS,LOW,167,-0.03961753064446281,0.126182296954345,-0.3139705933455716,-4.057394249037631,5123.976047904192,0.3652694610778443,5329.209580838324,f_screened
bias_6,5,OOS,MID,249,-0.03129880165404029,0.12764037841518514,-0.24521081841541084,-3.869361448807922,5194.29718875502,0.39357429718875503,5359.44578313253,f_screened
bias_6,5,OOS,HIGH,238,-0.028988377637652853,0.19988258846635296,-0.14502702741681067,-2.2373680086572283,5275.390756302521,0.4369747899159664,5351.710084033613,f_screened
bias_6,10,IS,total,722,-0.025903411105222544,0.1246724228834023,-0.20777177908420258,-5.582839689326051,4500.214681440443,0.44321329639889195,4641.783933518005,f_screened
bias_6,10,IS,LOW,280,-0.025262393216690063,0.10935952371099615,-0.23100313863336547,-3.8654218419689257,4614.603571428572,0.4142857142857143,4738.15,f_screened
bias_6,10,IS,MID,279,-0.020224067479599556,0.13238088666731873,-0.15277180859517792,-2.551792294623963,4412.691756272401,0.4874551971326165,4590.745519713261,f_screened
bias_6,10,IS,HIGH,163,-0.036725631229994976,0.13539798214933693,-0.27124208682437023,-3.4629871434021795,4453.527607361963,0.4171779141104294,4563.60736196319,f_screened
bias_6,10,OOS,total,649,-0.029265282619301964,0.14974507835373932,-0.1954340198758938,-4.978775153090211,5108.187981510016,0.4036979969183359,5348.050847457627,f_screened
bias_6,10,OOS,LOW,167,-0.035230118171107265,0.1098258086171588,-0.320781778114794,-4.145414154396597,4928.934131736527,0.3772455089820359,5329.209580838324,f_screened
bias_6,10,OOS,MID,244,-0.02873339617155244,0.1282335140538631,-0.2240708786899756,-3.5000990153370024,5141.672131147541,0.42213114754098363,5357.377049180328,f_screened
bias_6,10,OOS,HIGH,238,-0.025625168149131374,0.18963907217123396,-0.13512599410944814,-2.0846223062242846,5199.638655462185,0.40336134453781514,5351.710084033613,f_screened
bias_6,20,IS,total,722,-0.023619430030387148,0.11812312325374164,-0.19995602367920784,-5.372829890741298,4361.706371191136,0.42105263157894735,4641.783933518005,f_screened
bias_6,20,IS,LOW,280,-0.026951396717113347,0.10801716714810415,-0.24951030867306337,-4.175106029498612,4489.917857142857,0.39285714285714285,4738.15,f_screened
bias_6,20,IS,MID,279,-0.014218930783723063,0.12745266580130424,-0.11156244315744676,-1.8634601857268465,4265.433691756272,0.46953405017921146,4590.745519713261,f_screened
bias_6,20,IS,HIGH,163,-0.03398623136496349,0.11768629894221795,-0.28878664441346885,-3.686981059977035,4306.251533742331,0.38650306748466257,4563.60736196319,f_screened
bias_6,20,OOS,total,639,-0.03611819225413295,0.14914111688960888,-0.24217461292627224,-6.121798679333344,4924.953051643192,0.41001564945226915,5346.245696400626,f_screened
bias_6,20,OOS,LOW,167,-0.032187004179176644,0.11498806698040172,-0.27991603845869084,-3.6173124130948406,4601.652694610779,0.39520958083832336,5329.209580838324,f_screened
bias_6,20,OOS,MID,236,-0.02792174995631867,0.12427214350777249,-0.22468229136622503,-3.45163485389811,5067.902542372882,0.461864406779661,5353.771186440678,f_screened
bias_6,20,OOS,HIGH,236,-0.04709644984227649,0.1881609667078061,-0.25029872383368573,-3.8451619565441084,5010.779661016949,0.3686440677966102,5350.775423728814,f_screened
boll_breakout,5,IS,total,708,-0.031040377438918257,0.0682733027205817,-0.454648833467973,-12.097418639356182,4582.7217514124295,0.3389830508474576,4655.820621468926,none
boll_breakout,5,IS,LOW,280,-0.03029081772503918,0.07170241336031645,-0.4224518576916348,-7.068971649313053,4675.846428571429,0.3535714285714286,4738.15,none
boll_breakout,5,IS,MID,265,-0.02701366325887685,0.06884201718177738,-0.3924008093421676,-6.387822377045472,4527.811320754717,0.38113207547169814,4625.550943396226,none
boll_breakout,5,IS,HIGH,163,-0.03887446319104782,0.06062848133568871,-0.6411914389840493,-8.186184288941279,4512.0245398773,0.24539877300613497,4563.60736196319,none
boll_breakout,5,OOS,total,654,-0.037642744778207046,0.0844641921940446,-0.4456651250713218,-11.397183074030323,5244.957186544342,0.29510703363914376,5348.909785932722,none
boll_breakout,5,OOS,LOW,167,-0.037247347751676506,0.06812810158453135,-0.546725167520793,-7.065246228526417,5123.976047904192,0.2694610778443114,5329.209580838324,none
boll_breakout,5,OOS,MID,249,-0.02808435970616663,0.07324018409316463,-0.383455613252448,-6.05082751583351,5297.008032128514,0.3373493975903614,5359.44578313253,none
boll_breakout,5,OOS,HIGH,238,-0.0479203464016048,0.10290989167412207,-0.4656534529581567,-7.183751589799114,5275.390756302521,0.2689075630252101,5351.710084033613,none
boll_breakout,10,IS,total,708,-0.03150181456420392,0.06968854784274708,-0.45203717883873956,-12.027927029424502,4511.618644067797,0.3333333333333333,4655.820621468926,none
boll_breakout,10,IS,LOW,280,-0.02818121404428793,0.07071706152316697,-0.3985065758855908,-6.66829044708884,4614.6392857142855,0.34285714285714286,4738.15,none
boll_breakout,10,IS,MID,265,-0.031309046796267365,0.07386917898193801,-0.42384452118958627,-6.899688921085056,4438.415094339623,0.35471698113207545,4625.550943396226,none
boll_breakout,10,IS,HIGH,163,-0.03751930906776017,0.060283926126778895,-0.6223766678509948,-7.945973371444502,4453.662576687117,0.2822085889570552,4563.60736196319,none
boll_breakout,10,OOS,total,649,-0.03838227628262181,0.08164466092115079,-0.47011373247896643,-11.976372239997515,5139.269645608629,0.288135593220339,5348.050847457627,none
boll_breakout,10,OOS,LOW,167,-0.04078397783725022,0.06371565143674034,-0.6400935549994702,-8.271831706361088,4928.934131736527,0.23952095808383234,5329.209580838324,none
boll_breakout,10,OOS,MID,244,-0.030060046864770054,0.07213163780867714,-0.41673872627849795,-6.509667003708781,5224.3442622950815,0.30327868852459017,5357.377049180328,none
boll_breakout,10,OOS,HIGH,238,-0.045229082242003685,0.09962421831099952,-0.4539968594866248,-7.003922424245212,5199.638655462185,0.3067226890756303,5351.710084033613,none
boll_breakout,20,IS,total,708,-0.033065601808674294,0.0697699412134869,-0.4739233147337458,-12.610279229253432,4370.381355932203,0.3050847457627119,4655.820621468926,none
boll_breakout,20,IS,LOW,280,-0.03306566612542102,0.07247255137235861,-0.45625089084461884,-7.634537648805088,4489.946428571428,0.2857142857142857,4738.15,none
boll_breakout,20,IS,MID,265,-0.02554778236247009,0.07342117078796856,-0.34796206718425926,-5.6644120659405495,4283.411320754717,0.4,4625.550943396226,none
boll_breakout,20,IS,HIGH,163,-0.045287713124962825,0.056312626648256765,-0.8042195120437482,-10.267587391347451,4306.386503067484,0.18404907975460122,4563.60736196319,none
boll_breakout,20,OOS,total,639,-0.042265226160021235,0.0796101762166973,-0.53090230632044,-13.420387043942345,4924.953051643192,0.27856025039123633,5346.245696400626,none
boll_breakout,20,OOS,LOW,167,-0.044272353671025146,0.06270201497199229,-0.7060754537282526,-9.124505753283964,4601.652694610779,0.2215568862275449,5329.209580838324,none
boll_breakout,20,OOS,MID,236,-0.02561827725205095,0.06768519266532456,-0.3784916056710187,-5.8144983750078145,5067.902542372882,0.3855932203389831,5353.771186440678,none
boll_breakout,20,OOS,HIGH,236,-0.057491877210628574,0.09661230905648666,-0.595078181777175,-9.14176449121426,5010.779661016949,0.211864406779661,5350.775423728814,none
boll_bw,5,IS,total,708,-0.059855358708521864,0.13123802057438633,-0.45608245572856354,-12.135564846671338,4582.340395480226,0.3177966101694915,4655.820621468926,f_screened
boll_bw,5,IS,LOW,280,-0.06267770524846025,0.13760973038673976,-0.45547436996141333,-7.6215439691501485,4675.710714285714,0.3107142857142857,4738.15,f_screened
boll_bw,5,IS,MID,265,-0.0537441161669862,0.1261562333001767,-0.4260123718112859,-6.9349789724348465,4527.316981132076,0.3433962264150943,4625.550943396226,f_screened
boll_bw,5,IS,HIGH,163,-0.06494261172891574,0.12851670828347575,-0.5053242694768416,-6.451548389614349,4511.40490797546,0.2883435582822086,4563.60736196319,f_screened
boll_bw,5,OOS,total,654,-0.050872992286778024,0.20473970955073578,-0.2484764308712247,-6.354393047398047,5174.567278287462,0.36850152905198774,5348.909785932722,f_screened
boll_bw,5,OOS,LOW,167,-0.08675095642359013,0.12210343398975457,-0.7104710620249157,-9.181309531095962,5123.976047904192,0.23952095808383234,5329.209580838324,f_screened
boll_bw,5,OOS,MID,249,-0.05270849557031836,0.16379431673950814,-0.3217968524154829,-5.077868681041634,5112.128514056225,0.3895582329317269,5359.44578313253,f_screened
boll_bw,5,OOS,HIGH,238,-0.023777780822705905,0.2744670722484731,-0.08663254439927878,-1.336501801077775,5275.390756302521,0.4369747899159664,5351.710084033613,f_screened
boll_bw,10,IS,total,708,-0.070579456861367,0.13261202423187465,-0.532225167892449,-14.161590644112229,4511.2316384180795,0.2895480225988701,4655.820621468926,f_screened
boll_bw,10,IS,LOW,280,-0.08045056390499575,0.13226985909065786,-0.6082305103981012,-10.177643099370194,4614.510714285714,0.29285714285714287,4738.15,f_screened
boll_bw,10,IS,MID,265,-0.05520083712501915,0.1344867497717695,-0.410455581822727,-6.681732779159897,4437.898113207547,0.32452830188679244,4625.550943396226,f_screened
boll_bw,10,IS,HIGH,163,-0.07862500445594452,0.12854073674090566,-0.611673827686438,-7.809328655568431,4453.042944785276,0.22699386503067484,4563.60736196319,f_screened
boll_bw,10,OOS,total,649,-0.04875497190870399,0.19879785325446167,-0.2452489858947195,-6.2478352441841825,5108.187981510016,0.3420647149460709,5348.050847457627,f_screened
boll_bw,10,OOS,LOW,167,-0.083655027320005,0.11727668276598022,-0.7133133829077895,-9.218040411785156,4928.934131736527,0.17964071856287425,5329.209580838324,f_screened
boll_bw,10,OOS,MID,244,-0.06630937987505132,0.16721610060680026,-0.3965490143259248,-6.194293621240315,5141.672131147541,0.30327868852459017,5357.377049180328,f_screened
boll_bw,10,OOS,HIGH,238,-0.006269321499140897,0.25839028152073296,-0.024262992641377084,-0.37431121975689347,5199.638655462185,0.4957983193277311,5351.710084033613,f_screened
boll_bw,20,IS,total,708,-0.08333224916073803,0.13224887955244521,-0.6301168633167241,-16.766319247132444,4370.005649717514,0.2768361581920904,4655.820621468926,f_screened
boll_bw,20,IS,LOW,280,-0.10126700954110829,0.1354244680329898,-0.7477748372357597,-12.512666303263694,4489.814285714286,0.25,4738.15,f_screened
boll_bw,20,IS,MID,265,-0.06037612842333783,0.1341043984399946,-0.4502173614413796,-7.329007656153595,4282.932075471698,0.35094339622641507,4625.550943396226,f_screened
boll_bw,20,IS,HIGH,163,-0.08984537240556857,0.11821883238149639,-0.7599920469154555,-9.702928916264575,4305.760736196319,0.20245398773006135,4563.60736196319,f_screened
boll_bw,20,OOS,total,639,-0.050831256674883266,0.19829705093994893,-0.25633894419477116,-6.479851009449115,4924.953051643192,0.3646322378716745,5346.245696400626,f_screened
boll_bw,20,OOS,LOW,167,-0.07302003394965383,0.12515568694047766,-0.583433607650455,-7.539623820026845,4601.652694610779,0.2275449101796407,5329.209580838324,f_screened
boll_bw,20,OOS,MID,236,-0.05761291022144868,0.1892192831800504,-0.30447694998731967,-4.677463659438207,5067.902542372882,0.4279661016949153,5353.771186440678,f_screened
boll_bw,20,OOS,HIGH,236,-0.028348222599136965,0.24286190415224243,-0.11672568696227616,-1.7931740281546593,5010.779661016949,0.3983050847457627,5350.775423728814,f_screened
boll_lower,5,IS,total,708,-0.04329460234570608,0.17747809478582713,-0.24394335761803243,-6.4909105757188765,4582.340395480226,0.442090395480226,4655.820621468926,none
boll_lower,5,IS,LOW,280,-0.019953013472902077,0.17294466822590016,-0.11537223828629091,-1.930546798918077,4675.710714285714,0.49642857142857144,4738.15,none
boll_lower,5,IS,MID,265,-0.055708639075023825,0.17645990572996473,-0.31570139882242904,-5.139246433368045,4527.316981132076,0.41132075471698115,4625.550943396226,none
boll_lower,5,IS,HIGH,163,-0.06320825357954611,0.18335157374379854,-0.34473799318389536,-4.401320061407361,4511.40490797546,0.3987730061349693,4563.60736196319,none
boll_lower,5,OOS,total,654,-0.01932119990780981,0.18630046919688792,-0.10370988323915914,-2.6522167864803086,5174.567278287462,0.4541284403669725,5348.909785932722,none
boll_lower,5,OOS,LOW,167,-0.0054919471614988885,0.17949741298312294,-0.030596246877470392,-0.39539064725768175,5123.976047904192,0.49700598802395207,5329.209580838324,none
boll_lower,5,OOS,MID,249,-0.02611910105867922,0.16006333136576048,-0.16317979162257032,-2.574933679554171,5112.128514056225,0.43775100401606426,5359.44578313253,none
boll_lower,5,OOS,HIGH,238,-0.021912829412294846,0.21462318840758254,-0.1020990768745875,-1.5751078428720418,5275.390756302521,0.4411764705882353,5351.710084033613,none
boll_lower,10,IS,total,708,-0.060425412630667585,0.18089390652528856,-0.3340378556213017,-8.888169249263818,4511.2316384180795,0.3742937853107345,4655.820621468926,none
boll_lower,10,IS,LOW,280,-0.042668348872314486,0.17236992012760766,-0.2475394131454407,-4.142126639409878,4614.510714285714,0.3964285714285714,4738.15,none
boll_lower,10,IS,MID,265,-0.06225876829204961,0.18218284636208054,-0.3417378174469456,-5.5630886211215,4437.898113207547,0.3886792452830189,4625.550943396226,none
boll_lower,10,IS,HIGH,163,-0.0879477353427696,0.1903609529363445,-0.4620051223014143,-5.898486541845916,4453.042944785276,0.3128834355828221,4563.60736196319,none
boll_lower,10,OOS,total,649,-0.022032822577457714,0.19662804054936178,-0.1120533089578674,-2.8546116526449494,5108.187981510016,0.4637904468412943,5348.050847457627,none
boll_lower,10,OOS,LOW,167,0.014190252726280998,0.19303522833753983,0.07351120750595863,0.9499741596698018,4928.934131736527,0.5688622754491018,5329.209580838324,none
boll_lower,10,OOS,MID,244,-0.03815054214804655,0.16541029443689684,-0.23064188524614943,-3.6027414189884763,5141.672131147541,0.3975409836065574,5357.377049180328,none
boll_lower,10,OOS,HIGH,238,-0.030925805772838755,0.22424571794455356,-0.13791035144976724,-2.127577279161817,5199.638655462185,0.4579831932773109,5351.710084033613,none
boll_lower,20,IS,total,708,-0.08061089686122025,0.18082174539813012,-0.4458031122514198,-11.862049306265794,4370.005649717514,0.3587570621468927,4655.820621468926,none
boll_lower,20,IS,LOW,280,-0.08031597109466497,0.1639568163609758,-0.4898605186248382,-8.196934290213063,4489.814285714286,0.3,4738.15,none
boll_lower,20,IS,MID,265,-0.0815931208839581,0.18951371311835882,-0.4305394028821543,-7.008673699070482,4282.932075471698,0.37735849056603776,4625.550943396226,none
boll_lower,20,IS,HIGH,163,-0.07952065053367387,0.19459111068390914,-0.40865510379272163,-5.2173591019309695,4305.760736196319,0.4294478527607362,4563.60736196319,none
boll_lower,20,OOS,total,639,-0.020835563016779933,0.19746782360457846,-0.1055137117351449,-2.6672230146122606,4924.953051643192,0.46635367762128327,5346.245696400626,none
boll_lower,20,OOS,LOW,167,0.007832540196905113,0.17852208203180228,0.04387434936765867,0.5669815472453287,4601.652694610779,0.5209580838323353,5329.209580838324,none
boll_lower,20,OOS,MID,236,-0.0024198872196514,0.18421322347566998,-0.013136338282311243,-0.20180425787947723,5067.902542372882,0.5211864406779662,5353.771186440678,none
boll_lower,20,OOS,HIGH,236,-0.059537566087999164,0.21676586543168622,-0.2746630147206569,-4.219453295236693,5010.779661016949,0.3728813559322034,5350.775423728814,none
boll_middle,5,IS,total,708,-0.047128799023098515,0.1790839303131801,-0.2631659855838554,-7.002391439042234,4582.340395480226,0.4322033898305085,4655.820621468926,none
boll_middle,5,IS,LOW,280,-0.024134902400506808,0.17458524093700517,-0.13824136720248478,-2.313220519034756,4675.710714285714,0.48928571428571427,4738.15,none
boll_middle,5,IS,MID,265,-0.05910864640936188,0.17755093697887264,-0.33291092356440455,-5.419397199186804,4527.316981132076,0.4037735849056604,4625.550943396226,none
boll_middle,5,IS,HIGH,163,-0.06715107814558857,0.185865846654614,-0.36128788238525794,-4.612614902116055,4511.40490797546,0.3803680981595092,4563.60736196319,none
boll_middle,5,OOS,total,654,-0.022972648118620778,0.19091190163010055,-0.12033114710224407,-3.0772794097650613,5174.567278287462,0.4541284403669725,5348.909785932722,none
boll_middle,5,OOS,LOW,167,-0.01236492666022404,0.18055075440758853,-0.06848449180284535,-0.8850146767831011,5123.976047904192,0.47305389221556887,5329.209580838324,none
boll_middle,5,OOS,MID,249,-0.03035150131018168,0.16352043829870666,-0.18561289112213528,-2.928922018820012,5112.128514056225,0.42971887550200805,5359.44578313253,none
boll_middle,5,OOS,HIGH,238,-0.02269598861800561,0.22242560196716746,-0.10203856218564171,-1.5741742677204804,5275.390756302521,0.46638655462184875,5351.710084033613,none
boll_middle,10,IS,total,708,-0.06487667879635024,0.18303537264496705,-0.3544488579384667,-9.431270697465395,4511.2316384180795,0.3672316384180791,4655.820621468926,none
boll_middle,10,IS,LOW,280,-0.04774218061827759,0.17479944134997735,-0.27312547597157283,-4.570263359470163,4614.510714285714,0.3892857142857143,4738.15,none
boll_middle,10,IS,MID,265,-0.0659088549393846,0.18390925464240673,-0.3583770434366548,-5.833955595865935,4437.898113207547,0.38113207547169814,4625.550943396226,none
boll_middle,10,IS,HIGH,163,-0.09263209482062161,0.1928321765368345,-0.48037675290631376,-6.133039819815996,4453.042944785276,0.3067484662576687,4563.60736196319,none
boll_middle,10,OOS,total,649,-0.02545492981374224,0.20066500399902856,-0.12685286077020919,-3.231637315254508,5108.187981510016,0.44992295839753466,5348.050847457627,none
boll_middle,10,OOS,LOW,167,0.0068194788717184165,0.1928731966547852,0.0353573176055369,0.45691724051432026,4928.934131736527,0.5389221556886228,5329.209580838324,none
boll_middle,10,OOS,MID,244,-0.04297731408507645,0.17019263917780109,-0.2525215796211835,-3.9445131707915695,5141.672131147541,0.38114754098360654,5357.377049180328,none
boll_middle,10,OOS,HIGH,238,-0.030137133545953935,0.23080058516439436,-0.13057650406080165,-2.0144361921471354,5199.638655462185,0.4579831932773109,5351.710084033613,none
boll_middle,20,IS,total,708,-0.08551945984522717,0.18363985069689173,-0.46569118587654496,-12.391236526957135,4370.005649717514,0.3516949152542373,4655.820621468926,none
boll_middle,20,IS,LOW,280,-0.08600929652684677,0.16750799236481037,-0.5134638372330906,-8.591893353674518,4489.814285714286,0.29642857142857143,4738.15,none
boll_middle,20,IS,MID,265,-0.08542965978084106,0.1917482551019686,-0.4455303112688611,-7.2527080072702494,4282.932075471698,0.37358490566037733,4625.550943396226,none
boll_middle,20,IS,HIGH,163,-0.08482401657043474,0.1973184542982707,-0.42988384878696134,-5.488389574547915,4305.760736196319,0.4110429447852761,4563.60736196319,none
boll_middle,20,OOS,total,639,-0.024733731770874443,0.20167309773562273,-0.12264269279633114,-3.1002170942626304,4924.953051643192,0.47730829420970267,5346.245696400626,none
boll_middle,20,OOS,LOW,167,7.723400220325742e-05,0.17920278635314774,0.000430986614522028,0.00556957450231394,4601.652694610779,0.49700598802395207,5329.209580838324,none
boll_middle,20,OOS,MID,236,-0.006943050776942372,0.19036560576757686,-0.036472191228805025,-0.5602964331451729,5067.902542372882,0.5254237288135594,5353.771186440678,none
boll_middle,20,OOS,HIGH,236,-0.06008132498558609,0.22245580192600364,-0.2700820768233826,-4.149079591934895,5010.779661016949,0.4152542372881356,5350.775423728814,none
boll_pctb,5,IS,total,708,-0.03364344780250695,0.11956748048943464,-0.2813762376257463,-7.4869347310563406,4582.340395480226,0.3954802259887006,4655.820621468926,f_screened
boll_pctb,5,IS,LOW,280,-0.03918835285822394,0.1181508943867693,-0.3316805434408316,-5.5500770455208555,4675.710714285714,0.39285714285714285,4738.15,f_screened
boll_pctb,5,IS,MID,265,-0.023980976040893172,0.11742793676150087,-0.20421866126796678,-3.324438949156887,4527.316981132076,0.4339622641509434,4625.550943396226,f_screened
boll_pctb,5,IS,HIGH,163,-0.03982738400635291,0.12503926502452048,-0.3185190187941578,-4.066578604844085,4511.40490797546,0.3374233128834356,4563.60736196319,f_screened
boll_pctb,5,OOS,total,654,-0.05082550162990921,0.15012434956516182,-0.3385560155772617,-8.658036434263973,5174.567278287462,0.3363914373088685,5348.909785932722,f_screened
boll_pctb,5,OOS,LOW,167,-0.04216869128153004,0.10317473302470408,-0.4087114164999409,-5.281715504476157,5123.976047904192,0.33532934131736525,5329.209580838324,f_screened
boll_pctb,5,OOS,MID,249,-0.037478759729326974,0.11850792081158529,-0.31625531418202946,-4.990424682664308,5112.128514056225,0.3614457831325301,5359.44578313253,f_screened
boll_pctb,5,OOS,HIGH,238,-0.0708634262577424,0.1982456835609253,-0.3574525557625294,-5.514509447796519,5275.390756302521,0.31092436974789917,5351.710084033613,f_screened
boll_pctb,10,IS,total,708,-0.03237044619191505,0.12200021628846289,-0.26533105576941673,-7.060000209790722,4511.2316384180795,0.422316384180791,4655.820621468926,f_screened
boll_pctb,10,IS,LOW,280,-0.036244164199546285,0.11790173495035905,-0.30740993094636315,-5.1439520196484505,4614.510714285714,0.37857142857142856,4738.15,f_screened
boll_pctb,10,IS,MID,265,-0.02875386118782482,0.12469922909747026,-0.2305857172970137,-3.7536635239010505,4437.898113207547,0.46037735849056605,4625.550943396226,f_screened
boll_pctb,10,IS,HIGH,163,-0.0315959307560081,0.1250125497062441,-0.25274207133805826,-3.2267947569923154,4453.042944785276,0.43558282208588955,4563.60736196319,f_screened
boll_pctb,10,OOS,total,649,-0.05359576296007405,0.14129915856201494,-0.3793070213970974,-9.66302783273745,5108.187981510016,0.3405238828967643,5348.050847457627,f_screened
boll_pctb,10,OOS,LOW,167,-0.04859024760452131,0.09300972374811743,-0.5224211582018037,-6.7511692107119226,4928.934131736527,0.31736526946107785,5329.209580838324,f_screened
boll_pctb,10,OOS,MID,244,-0.03419176501987814,0.1166870659142712,-0.2930210366674099,-4.57713491333094,5141.672131147541,0.36475409836065575,5357.377049180328,f_screened
boll_pctb,10,OOS,HIGH,238,-0.07700121069866699,0.18334086872834288,-0.4199893413440736,-6.479279986892498,5199.638655462185,0.3319327731092437,5351.710084033613,f_screened
boll_pctb,20,IS,total,708,-0.03721466038594048,0.12289547798811658,-0.3028155388234786,-8.057397432886825,4370.005649717514,0.4096045197740113,4655.820621468926,f_screened
boll_pctb,20,IS,LOW,280,-0.03779889252336774,0.12522987951052153,-0.301836052794349,-5.050683198797214,4489.814285714286,0.4107142857142857,4738.15,f_screened
boll_pctb,20,IS,MID,265,-0.02666964902547461,0.12551002767079877,-0.212490185209955,-3.4590896034648564,4282.932075471698,0.46037735849056605,4625.550943396226,f_screened
boll_pctb,20,IS,HIGH,163,-0.05335480156412344,0.11308940750446339,-0.4717930948751115,-6.023451010227381,4305.760736196319,0.32515337423312884,4563.60736196319,f_screened
boll_pctb,20,OOS,total,639,-0.06182058639129649,0.14017821065762642,-0.4410142353884664,-11.148155998458215,4924.953051643192,0.3333333333333333,5346.245696400626,f_screened
boll_pctb,20,OOS,LOW,167,-0.05138157397751354,0.09924801684838402,-0.5177088228977559,-6.69027241793128,4601.652694610779,0.2994011976047904,5329.209580838324,f_screened
boll_pctb,20,OOS,MID,236,-0.027161951972313227,0.10582326210975171,-0.25667279037517243,-3.9430822247676525,5067.902542372882,0.4364406779661017,5353.771186440678,f_screened
boll_pctb,20,OOS,HIGH,236,-0.10386614908613466,0.17925343015464787,-0.5794374422655449,-8.901486891627705,5010.779661016949,0.2542372881355932,5350.775423728814,f_screened
boll_upper,5,IS,total,708,-0.04978184437744959,0.17991078934516683,-0.276702940155195,-7.362586373014229,4582.340395480226,0.4279661016949153,4655.820621468926,none
boll_upper,5,IS,LOW,280,-0.02704490270821429,0.17554102920333167,-0.15406599147192987,-2.57801713025807,4675.710714285714,0.48214285714285715,4738.15,none
boll_upper,5,IS,MID,265,-0.06144121656853715,0.17796065431327268,-0.34525168951322927,-5.620290314086177,4527.316981132076,0.4,4625.550943396226,none
boll_upper,5,IS,HIGH,163,-0.06988374644338634,0.18723609222572868,-0.37323865079995194,-4.7651920993290355,4511.40490797546,0.3803680981595092,4563.60736196319,none
boll_upper,5,OOS,total,654,-0.02542156929349256,0.19382914408951704,-0.13115452484148615,-3.3540702346109255,5174.567278287462,0.45565749235474007,5348.909785932722,none
boll_upper,5,OOS,LOW,167,-0.017242580616199155,0.18073412171728223,-0.09540301771666163,-1.232878695102411,5123.976047904192,0.47904191616766467,5329.209580838324,none
boll_upper,5,OOS,MID,249,-0.03305796870665494,0.1659202902986272,-0.19924006067706632,-3.1439551273629314,5112.128514056225,0.42971887550200805,5359.44578313253,none
boll_upper,5,OOS,HIGH,238,-0.02317126532387309,0.22740931338243311,-0.10189233228502867,-1.571918342687966,5275.390756302521,0.46638655462184875,5351.710084033613,none
boll_upper,10,IS,total,708,-0.06786432822536172,0.18420226417461874,-0.3684228775875859,-9.803095176768482,4511.2316384180795,0.3644067796610169,4655.820621468926,none
boll_upper,10,IS,LOW,280,-0.051202565990495,0.17622587606840512,-0.29055078137684975,-4.86184448912503,4614.510714285714,0.3821428571428571,4738.15,none
boll_upper,10,IS,MID,265,-0.0683258073114984,0.1847798864963598,-0.36976863990467074,-6.019397351071929,4437.898113207547,0.38113207547169814,4625.550943396226,none
boll_upper,10,IS,HIGH,163,-0.09573550287527866,0.1941430171613374,-0.4931184457472411,-6.295714864127543,4453.042944785276,0.3067484662576687,4563.60736196319,none
boll_upper,10,OOS,total,649,-0.027709438088609307,0.20319999283692666,-0.13636534973132042,-3.4739725223678897,5108.187981510016,0.4453004622496148,5348.050847457627,none
boll_upper,10,OOS,LOW,167,0.0015996012056851796,0.19217232331533834,0.008323785538359605,0.10756701515797933,4928.934131736527,0.5149700598802395,5329.209580838324,none
boll_upper,10,OOS,MID,244,-0.04603948308308399,0.17361648748699735,-0.2651792105086334,-4.1422316858644725,5141.672131147541,0.38114754098360654,5357.377049180328,none
boll_upper,10,OOS,HIGH,238,-0.02948287751506039,0.23487855924176348,-0.12552392014936234,-1.936488723969213,5199.638655462185,0.46218487394957986,5351.710084033613,none
boll_upper,20,IS,total,708,-0.08875821402070719,0.18526328875424355,-0.4790922940942024,-12.747816824554532,4370.005649717514,0.3488700564971751,4655.820621468926,none
boll_upper,20,IS,LOW,280,-0.08983027022979154,0.1698040523276383,-0.5290231239974373,-8.85225001921671,4489.814285714286,0.3,4738.15,none
boll_upper,20,IS,MID,265,-0.08788047141241336,0.1929784600726899,-0.4553900543061184,-7.413212995297404,4282.932075471698,0.37358490566037733,4625.550943396226,none
boll_upper,20,IS,HIGH,163,-0.08834364992656144,0.19859661171271523,-0.4448396635001865,-5.679332634592056,4305.760736196319,0.39263803680981596,4563.60736196319,none
boll_upper,20,OOS,total,639,-0.02723289060503789,0.20427370953453006,-0.13331569034063334,-3.370013921773732,4924.953051643192,0.4757433489827856,5346.245696400626,none
boll_upper,20,OOS,LOW,167,-0.005112994464717464,0.17911010259590932,-0.028546655887149493,-0.3689040944617823,4601.652694610779,0.49101796407185627,5329.209580838324,none
boll_upper,20,OOS,MID,236,-0.010002790631168367,0.1946565189779642,-0.05138687717055455,-0.789420186149703,5067.902542372882,0.5169491525423728,5353.771186440678,none
boll_upper,20,OOS,HIGH,236,-0.060115628949388406,0.2258372094207662,-0.26619009818432804,-4.0892898815865575,5010.779661016949,0.423728813559322,5350.775423728814,none
bop,5,IS,total,712,-0.025957809943416923,0.11318748182085951,-0.22933463600241624,-6.119411343625861,4578.817415730337,0.4157303370786517,4651.811797752809,none
bop,5,IS,LOW,280,-0.03276505191101264,0.11504156520455487,-0.28481055393112265,-4.765792112183957,4675.753571428571,0.4142857142857143,4738.15,none
bop,5,IS,MID,269,-0.023353664623957042,0.10782810708974282,-0.2165823480933439,-3.552214623726092,4518.672862453532,0.41263940520446096,4615.390334572491,none
bop,5,IS,HIGH,163,-0.018562026753281377,0.11854943352427534,-0.15657625854011722,-1.9990318487614762,4511.558282208589,0.4233128834355828,4563.60736196319,none
bop,5,OOS,total,654,-0.0366068623220807,0.14323914131997387,-0.2555646591060378,-6.535663311365297,5174.567278287462,0.39755351681957185,5348.909785932722,none
bop,5,OOS,LOW,167,-0.030483230841910222,0.08815015713193484,-0.34581028365367283,-4.468853726725213,5123.976047904192,0.3712574850299401,5329.209580838324,none
bop,5,OOS,MID,249,-0.028380357938736802,0.11356429283758442,-0.24990564577657673,-3.9434445749827587,5112.128514056225,0.39357429718875503,5359.44578313253,none
bop,5,OOS,HIGH,238,-0.04951041714830384,0.19320571032641518,-0.2562575250216854,-3.9533485493941782,5275.390756302521,0.42016806722689076,5351.710084033613,none
bop,10,IS,total,712,-0.026314900916319117,0.11759841568104783,-0.22376917889515435,-5.970906425449075,4508.112359550561,0.4452247191011236,4651.811797752809,none
bop,10,IS,LOW,280,-0.0343895077990913,0.11765656354407936,-0.2922872023727556,-4.890900369855208,4614.553571428572,0.42142857142857143,4738.15,none
bop,10,IS,MID,269,-0.025529196611554443,0.11347692010293262,-0.22497258991870264,-3.689824821283801,4430.591078066915,0.43866171003717475,4615.390334572491,none
bop,10,IS,HIGH,163,-0.013741063681996955,0.12360948323262372,-0.11116512522050845,-1.419261309851884,4453.20245398773,0.49693251533742333,4563.60736196319,none
bop,10,OOS,total,649,-0.04456209784835542,0.1401691640587689,-0.31791655566749205,-8.099076348726165,5108.187981510016,0.3697996918335901,5348.050847457627,none
bop,10,OOS,LOW,167,-0.04624400495806533,0.09230424478574879,-0.5009954316337695,-6.474287803341034,4928.934131736527,0.30538922155688625,5329.209580838324,none
bop,10,OOS,MID,244,-0.029887675720341265,0.10979509361163343,-0.27221321770588197,-4.252106390729744,5141.672131147541,0.38114754098360654,5357.377049180328,none
bop,10,OOS,HIGH,238,-0.05842630167992643,0.18701588478794318,-0.3124135778422023,-4.819681937804554,5199.638655462185,0.40336134453781514,5351.710084033613,none
bop,20,IS,total,712,-0.03787766327793981,0.12553227955589255,-0.3017364411125426,-8.051332466457163,4367.658707865168,0.40308988764044945,4651.811797752809,none
bop,20,IS,LOW,280,-0.039631413134678835,0.12976395583189856,-0.30541156733861413,-5.11051300066677,4489.8607142857145,0.3892857142857143,4738.15,none
bop,20,IS,MID,269,-0.034322316537498364,0.12324742428865215,-0.2784830330986361,-4.567461343646657,4277.866171003718,0.4163568773234201,4615.390334572491,none
bop,20,IS,HIGH,163,-0.04073249955580375,0.12246707043064614,-0.3325996074909852,-4.246347527136075,4305.926380368098,0.4049079754601227,4563.60736196319,none
bop,20,OOS,total,639,-0.05866817946114457,0.13630988814815306,-0.43040296091637203,-10.879919434499765,4924.953051643192,0.35837245696400627,5346.245696400626,none
bop,20,OOS,LOW,167,-0.05637933608749592,0.08296771111867675,-0.6795334634078443,-8.781507647198573,4601.652694610779,0.25149700598802394,5329.209580838324,none
bop,20,OOS,MID,236,-0.037027946478598445,0.10730160095141263,-0.34508288926057235,-5.301263935012118,5067.902542372882,0.3940677966101695,5353.771186440678,none
bop,20,OOS,HIGH,236,-0.08192806008521324,0.1817974428092486,-0.45065573431182115,-6.9231047547237,5010.779661016949,0.3983050847457627,5350.775423728814,none
br_26,5,IS,total,701,-0.035157014742029126,0.11315509182086657,-0.3106975936857128,-8.226155195483896,4588.410841654779,0.38659058487874465,4662.788873038517,none
br_26,5,IS,LOW,280,-0.028693974263520033,0.11670261898462685,-0.245872582065188,-4.114235220693237,4675.596428571429,0.425,4738.15,none
br_26,5,IS,MID,258,-0.03135025764561099,0.10766663963039753,-0.29117893669971906,-4.67702626460611,4542.740310077519,0.3643410852713178,4643.662790697675,none
br_26,5,IS,HIGH,163,-0.0522845893730624,0.114411784585239,-0.456986048793858,-5.834407300928882,4510.932515337423,0.3558282208588957,4563.60736196319,none
br_26,5,OOS,total,654,-0.06717715712014993,0.1420225761111127,-0.47300337002472936,-12.096315595577323,5174.518348623853,0.3165137614678899,5348.909785932722,none
br_26,5,OOS,LOW,167,-0.03883667090026664,0.08844771937648226,-0.4390918293207353,-5.674316961029792,5123.934131736527,0.3532934131736527,5329.209580838324,none
br_26,5,OOS,MID,249,-0.05419324605163961,0.12606948709076327,-0.42986806167160324,-6.783203598660445,5112.0642570281125,0.3172690763052209,5359.44578313253,none
br_26,5,OOS,HIGH,238,-0.10064713634191287,0.17775372802792422,-0.56621673963486,-8.735166415459405,5275.35294117647,0.28991596638655465,5351.710084033613,none
br_26,10,IS,total,701,-0.03979477792324083,0.11549297937865469,-0.34456447601693496,-9.122828474278704,4516.597717546362,0.3666191155492154,4662.788873038517,none
br_26,10,IS,LOW,280,-0.02962381536955618,0.11882932255697881,-0.24929718298571904,-4.17153975463404,4614.392857142857,0.37857142857142856,4738.15,none
br_26,10,IS,MID,258,-0.034828818433576325,0.1145759457275016,-0.3039801959515171,-4.882644934758871,4450.914728682171,0.3953488372093023,4643.662790697675,none
br_26,10,IS,HIGH,163,-0.06512660039787363,0.10783261150338408,-0.6039601516636717,-7.710847032720183,4452.570552147239,0.3006134969325153,4563.60736196319,none
br_26,10,OOS,total,649,-0.07053817332364935,0.14186488620172047,-0.49722080785621425,-12.666937953412653,5108.138674884438,0.29583975346687214,5348.050847457627,none
br_26,10,OOS,LOW,167,-0.030883539156579265,0.08495425394265471,-0.3635314033529866,-4.697861062693664,4928.892215568862,0.32934131736526945,5329.209580838324,none
br_26,10,OOS,MID,244,-0.05726786867539849,0.12517003825959983,-0.4575205813760816,-7.14669994482633,5141.606557377049,0.3073770491803279,5357.377049180328,none
br_26,10,OOS,HIGH,238,-0.11196791382816158,0.17576912458558092,-0.6370169624053915,-9.82741905453012,5199.600840336135,0.2605042016806723,5351.710084033613,none
br_26,20,IS,total,701,-0.05290438285258297,0.12383450249163219,-0.4272184390304136,-11.311208239969586,4374.054208273895,0.3609129814550642,4662.788873038517,none
br_26,20,IS,LOW,280,-0.042745351981022715,0.12398640620240928,-0.3447583754564224,-5.768911031144303,4489.696428571428,0.3392857142857143,4738.15,none
br_26,20,IS,MID,258,-0.03795620901924712,0.130252951928785,-0.2914038296805699,-4.680638580764986,4291.941860465116,0.46124031007751937,4643.662790697675,none
br_26,20,IS,HIGH,163,-0.09401577851538981,0.10313797225067882,-0.9115534896001509,-11.637935882172604,4305.374233128834,0.2392638036809816,4563.60736196319,none
br_26,20,OOS,total,639,-0.07148684799804132,0.14830234368033837,-0.4820345129010858,-12.185085004633983,4924.902973395931,0.3082942097026604,5346.245696400626,none
br_26,20,OOS,LOW,167,-0.01792228713079008,0.08520581111104945,-0.21034113632733112,-2.718206529396906,4601.610778443114,0.38922155688622756,5329.209580838324,none
br_26,20,OOS,MID,236,-0.04444543472805199,0.11772149243881604,-0.37754732638266403,-5.799992081326723,5067.8347457627115,0.3644067796610169,5353.771186440678,none
br_26,20,OOS,HIGH,236,-0.13643199713595844,0.18361488322092778,-0.7430334335795737,-11.41469619772791,5010.7415254237285,0.19491525423728814,5350.775423728814,none
bull_power_13,5,IS,total,727,-0.0524852273688477,0.12071433267708954,-0.4347886966268166,-11.723180463910047,4565.486932599725,0.328748280605227,4636.7716643741405,none
bull_power_13,5,IS,LOW,282,-0.04747935412180233,0.11492363333590562,-0.4131382966550218,-6.937771768368401,4670.41134751773,0.35106382978723405,4732.301418439716,none
bull_power_13,5,IS,MID,282,-0.04279762421602887,0.11657430844984103,-0.3671274124216109,-6.16511763231581,4491.464539007092,0.3404255319148936,4583.531914893617,none
bull_power_13,5,IS,HIGH,163,-0.07790584298088275,0.13403545902655342,-0.5812330822506381,-7.420687234489812,4512.0245398773,0.26993865030674846,4563.60736196319,none
bull_power_13,5,OOS,total,654,-0.05955961635034658,0.15292701249312468,-0.3894643292860002,-9.959936310849125,5244.957186544342,0.3333333333333333,5348.909785932722,none
bull_power_13,5,OOS,LOW,167,-0.054003191280945106,0.10090535432559683,-0.5351865779757341,-6.916134789893693,5123.976047904192,0.3532934131736527,5329.209580838324,none
bull_power_13,5,OOS,MID,249,-0.05858399247101269,0.12891058205663192,-0.4544544872606041,-7.171170850484135,5297.008032128514,0.30120481927710846,5359.44578313253,none
bull_power_13,5,OOS,HIGH,238,-0.0644791681677591,0.199671679361064,-0.3229259571216515,-4.981859026542046,5275.390756302521,0.35294117647058826,5351.710084033613,none
bull_power_13,10,IS,total,727,-0.0616663759966542,0.12469071548914648,-0.4945546727737067,-13.334646744904719,4496.235213204952,0.33975240715268223,4636.7716643741405,none
bull_power_13,10,IS,LOW,282,-0.05500552217615182,0.11744561034396275,-0.4683488979712162,-7.864915425171491,4609.641843971631,0.3404255319148936,4732.301418439716,none
bull_power_13,10,IS,MID,282,-0.055704126012379666,0.12785863651724286,-0.43566963898342115,-7.316137347098423,4407.436170212766,0.3829787234042553,4583.531914893617,none
bull_power_13,10,IS,HIGH,163,-0.0835051200024646,0.12952197256293363,-0.6447177907353918,-8.231205734252308,4453.662576687117,0.26380368098159507,4563.60736196319,none
bull_power_13,10,OOS,total,649,-0.07095813825890472,0.14528587932992082,-0.4884035433186884,-12.442313921089445,5139.269645608629,0.2850539291217257,5348.050847457627,none
bull_power_13,10,OOS,LOW,167,-0.04981205937435498,0.09683828489452008,-0.5143839487513865,-6.6473055747740775,4928.934131736527,0.31137724550898205,5329.209580838324,none
bull_power_13,10,OOS,MID,244,-0.06511198938631794,0.13343004418296187,-0.4879859688649666,-7.6225845103492,5224.3442622950815,0.2827868852459016,5357.377049180328,none
bull_power_13,10,OOS,HIGH,238,-0.09178946388340464,0.1791767700384159,-0.5122843986066095,-7.903138781728754,5199.638655462185,0.2689075630252101,5351.710084033613,none
bull_power_13,20,IS,total,727,-0.0761116502159808,0.12732812661417425,-0.5977599155810402,-16.117363259015224,4358.66712517194,0.3081155433287483,4636.7716643741405,none
bull_power_13,20,IS,LOW,282,-0.07700127494537999,0.12643605706787434,-0.6090135735887714,-10.227077014178253,4485.812056737589,0.2978723404255319,4732.301418439716,none
bull_power_13,20,IS,MID,282,-0.06256143347583588,0.13313185106576006,-0.46992085646682596,-7.891313097234788,4261.741134751773,0.36524822695035464,4583.531914893617,none
bull_power_13,20,IS,HIGH,163,-0.09801525111800716,0.11566982629625587,-0.8473709545216099,-10.818508128868734,4306.386503067484,0.22699386503067484,4563.60736196319,none
bull_power_13,20,OOS,total,639,-0.08472446471667651,0.14925689495561834,-0.5676418817493785,-14.349106539443781,4924.953051643192,0.2895148669796557,5346.245696400626,none
bull_power_13,20,OOS,LOW,167,-0.0353684853207209,0.09967054133785834,-0.3548539502843727,-4.585723655805572,4601.652694610779,0.3532934131736527,5329.209580838324,none
bull_power_13,20,OOS,MID,236,-0.06152087007231776,0.13658068041838306,-0.45043610768274783,-6.91973078642765,5067.902542372882,0.3728813559322034,5353.771186440678,none
bull_power_13,20,OOS,HIGH,236,-0.1428536888488513,0.1707176587981364,-0.8367833172886197,-12.854909238957738,5010.779661016949,0.16101694915254236,5350.775423728814,none
candle_pattern,5,IS,total,0,,,,,,,3958.8309278350516,none
candle_pattern,5,IS,LOW,0,,,,,,,3958.8309278350516,none
candle_pattern,5,IS,MID,0,,,,,,,3958.8309278350516,none
candle_pattern,5,IS,HIGH,0,,,,,,,3958.8309278350516,none
candle_pattern,5,OOS,total,0,,,,,,,5349.757207890743,none
candle_pattern,5,OOS,LOW,0,,,,,,,5349.757207890743,none
candle_pattern,5,OOS,MID,0,,,,,,,5349.757207890743,none
candle_pattern,5,OOS,HIGH,0,,,,,,,5349.757207890743,none
candle_pattern,10,IS,total,0,,,,,,,3958.8309278350516,none
candle_pattern,10,IS,LOW,0,,,,,,,3958.8309278350516,none
candle_pattern,10,IS,MID,0,,,,,,,3958.8309278350516,none
candle_pattern,10,IS,HIGH,0,,,,,,,3958.8309278350516,none
candle_pattern,10,OOS,total,0,,,,,,,5349.757207890743,none
candle_pattern,10,OOS,LOW,0,,,,,,,5349.757207890743,none
candle_pattern,10,OOS,MID,0,,,,,,,5349.757207890743,none
candle_pattern,10,OOS,HIGH,0,,,,,,,5349.757207890743,none
candle_pattern,20,IS,total,0,,,,,,,3958.8309278350516,none
candle_pattern,20,IS,LOW,0,,,,,,,3958.8309278350516,none
candle_pattern,20,IS,MID,0,,,,,,,3958.8309278350516,none
candle_pattern,20,IS,HIGH,0,,,,,,,3958.8309278350516,none
candle_pattern,20,OOS,total,0,,,,,,,5349.757207890743,none
candle_pattern,20,OOS,LOW,0,,,,,,,5349.757207890743,none
candle_pattern,20,OOS,MID,0,,,,,,,5349.757207890743,none
candle_pattern,20,OOS,HIGH,0,,,,,,,5349.757207890743,none
cci_14,5,IS,total,714,-0.03130816994428139,0.11970928188632846,-0.2615350242766512,-6.988419435845234,4577.046218487395,0.4103641456582633,4649.802521008403,none
cci_14,5,IS,LOW,280,-0.03812872611141107,0.11559811003938981,-0.32983866343851803,-5.519256498088691,4675.767857142857,0.4035714285714286,4738.15,none
cci_14,5,IS,MID,271,-0.018826732614405674,0.11831955758298725,-0.15911767250482606,-2.6194074775812726,4514.39852398524,0.4575645756457565,4610.365313653137,none
cci_14,5,IS,HIGH,163,-0.04034322386820785,0.12767719569713334,-0.31597830487996575,-4.034140941047437,4511.619631901841,0.34355828220858897,4563.60736196319,none
cci_14,5,OOS,total,654,-0.04685333177274493,0.14493282336817154,-0.32327619571533384,-8.267279126797458,5174.567278287462,0.3562691131498471,5348.909785932722,none
cci_14,5,OOS,LOW,167,-0.04059048903091917,0.1064183920410339,-0.3814236266158567,-4.929079544003358,5123.976047904192,0.3473053892215569,5329.209580838324,none
cci_14,5,OOS,MID,249,-0.037966835926509186,0.11769798309499625,-0.3225784752476637,-5.090202481295197,5112.128514056225,0.3534136546184739,5359.44578313253,none
cci_14,5,OOS,HIGH,238,-0.060545063720634035,0.18748107466545033,-0.3229396024567993,-4.982069536519881,5275.390756302521,0.36554621848739494,5351.710084033613,none
cci_14,10,IS,total,714,-0.029263738505060494,0.1224732221458757,-0.23893989226644965,-6.384659919763936,4506.5392156862745,0.42436974789915966,4649.802521008403,none
cci_14,10,IS,LOW,280,-0.033659372259588635,0.11550715000360784,-0.2914050970744001,-4.8761399250086495,4614.564285714286,0.4035714285714286,4738.15,none
cci_14,10,IS,MID,271,-0.024413312928828153,0.12678649611757223,-0.19255452020843836,-3.1698474602860967,4426.970479704797,0.46863468634686345,4610.365313653137,none
cci_14,10,IS,HIGH,163,-0.02977716108107941,0.12718120530333318,-0.23413177293028065,-2.9891943724961525,4453.263803680981,0.38650306748466257,4563.60736196319,none
cci_14,10,OOS,total,649,-0.04735849033170183,0.13601205579844958,-0.34819332781706014,-8.87039160381721,5108.187981510016,0.33436055469953774,5348.050847457627,none
cci_14,10,OOS,LOW,167,-0.042608548243496636,0.09558916143411818,-0.4457466474675922,-5.7603161642982625,4928.934131736527,0.31137724550898205,5329.209580838324,none
cci_14,10,OOS,MID,244,-0.032362720307104284,0.11288208090678596,-0.28669493020622355,-4.4783179714544765,5141.672131147541,0.36475409836065575,5357.377049180328,none
cci_14,10,OOS,HIGH,238,-0.06606524753645843,0.17468990568465317,-0.3781858332199121,-5.8343668738502314,5199.638655462185,0.31932773109243695,5351.710084033613,none
cci_14,20,IS,total,714,-0.032091682445729845,0.1215289488149312,-0.26406615673604034,-7.056053265474044,4366.480392156863,0.41876750700280113,4649.802521008403,none
cci_14,20,IS,LOW,280,-0.03508284455512676,0.12063657033534446,-0.2908143397777621,-4.866254664699042,4489.875,0.4107142857142857,4738.15,none
cci_14,20,IS,MID,271,-0.021489532209079343,0.12311279080461136,-0.1745515804542579,-2.8734816684277775,4275.3726937269375,0.47232472324723246,4610.365313653137,none
cci_14,20,IS,HIGH,163,-0.04458037768193325,0.11965608873772042,-0.3725709084445422,-4.756666935631315,4305.98773006135,0.34355828220858897,4563.60736196319,none
cci_14,20,OOS,total,639,-0.05737292668763145,0.13398997366880358,-0.42818820779415817,-10.823933909944612,4924.953051643192,0.3302034428794992,5346.245696400626,none
cci_14,20,OOS,LOW,167,-0.047693750347611925,0.10217699562002434,-0.4667758144404184,-6.032072892303951,4601.652694610779,0.2994011976047904,5329.209580838324,none
cci_14,20,OOS,MID,236,-0.025610665988225693,0.10505826313791307,-0.24377583660036165,-3.7449554614719607,5067.902542372882,0.4322033898305085,5353.771186440678,none
cci_14,20,OOS,HIGH,236,-0.09598443505137305,0.16659068492805731,-0.5761692803701732,-8.851280435935744,5010.779661016949,0.25,5350.775423728814,none
chikou_span,5,IS,total,727,-0.048474278147076395,0.1769388531386443,-0.2739606213514525,-7.386783117925972,4565.486932599725,0.43191196698762035,4636.7716643741405,none
chikou_span,5,IS,LOW,282,-0.02671794111870488,0.17321095887409865,-0.15425087010877456,-2.590312591573951,4670.41134751773,0.4929078014184397,4732.301418439716,none
chikou_span,5,IS,MID,282,-0.05663405263596781,0.1740528913855589,-0.325384152972863,-5.464129103128387,4491.464539007092,0.4078014184397163,4583.531914893617,none
chikou_span,5,IS,HIGH,163,-0.07199716548531802,0.18498233074271853,-0.38921104083965086,-4.969113924310042,4512.0245398773,0.36809815950920244,4563.60736196319,none
chikou_span,5,OOS,total,654,-0.027367085162591846,0.19152630748108654,-0.14288943133984025,-3.654171970632935,5244.957186544342,0.4434250764525994,5348.909785932722,none
chikou_span,5,OOS,LOW,167,-0.01723514043900101,0.18084052196787467,-0.09530574370971312,-1.231621637897887,5123.976047904192,0.47305389221556887,5329.209580838324,none
chikou_span,5,OOS,MID,249,-0.031587999277324384,0.1669054917246119,-0.18925680006649187,-2.986421932092083,5297.008032128514,0.42971887550200805,5359.44578313253,none
chikou_span,5,OOS,HIGH,238,-0.030060476567092983,0.22116740562190637,-0.13591729976017555,-2.0968299752328954,5275.390756302521,0.4369747899159664,5351.710084033613,none
chikou_span,10,IS,total,727,-0.06612659286224776,0.1809195704830569,-0.3655027075605428,-9.855026669328792,4496.235213204952,0.3713892709766162,4636.7716643741405,none
chikou_span,10,IS,LOW,282,-0.05012756806496315,0.1736099551157619,-0.28873671461719136,-4.848713961841438,4609.641843971631,0.3829787234042553,4732.301418439716,none
chikou_span,10,IS,MID,282,-0.06391972298356985,0.17980795866743451,-0.3554888418581803,-5.969672797177331,4407.436170212766,0.3971631205673759,4583.531914893617,none
chikou_span,10,IS,HIGH,163,-0.09762390757771662,0.19202698109511107,-0.5083864101855741,-6.490643185078354,4453.662576687117,0.3067484662576687,4563.60736196319,none
chikou_span,10,OOS,total,649,-0.031081891372581546,0.20000071496270264,-0.15540890130506727,-3.959116109252978,5139.269645608629,0.4422187981510015,5348.050847457627,none
chikou_span,10,OOS,LOW,167,0.0010695734628323064,0.19327367318394578,0.0055339842473752406,0.07151483717091825,4928.934131736527,0.5269461077844312,5329.209580838324,none
chikou_span,10,OOS,MID,244,-0.04593696103217225,0.1710097835277685,-0.26862183019320074,-4.196007124415797,5224.3442622950815,0.38934426229508196,5357.377049180328,none
chikou_span,10,OOS,HIGH,238,-0.03841238561869073,0.22849408660600384,-0.16811107100957867,-2.5934912883302785,5199.638655462185,0.4369747899159664,5351.710084033613,none
chikou_span,20,IS,total,727,-0.09030076259959488,0.18288352221414428,-0.493761064454231,-13.313248733367038,4358.66712517194,0.35213204951856947,4636.7716643741405,none
chikou_span,20,IS,LOW,282,-0.08898311796937361,0.16797846293292895,-0.5297293261035679,-8.89566809292183,4485.812056737589,0.3049645390070922,4732.301418439716,none
chikou_span,20,IS,MID,282,-0.09116796646079212,0.1896518348199781,-0.4807122828383435,-8.072531962265973,4261.741134751773,0.37943262411347517,4583.531914893617,none
chikou_span,20,IS,HIGH,163,-0.09108005276440942,0.19634634141495524,-0.46387445830692753,-5.922352626307885,4306.386503067484,0.38650306748466257,4563.60736196319,none
chikou_span,20,OOS,total,639,-0.032324810969517934,0.20215766997837573,-0.15989900839763158,-4.041998980022484,4924.953051643192,0.4475743348982786,5346.245696400626,none
chikou_span,20,OOS,LOW,167,-0.005524541107787062,0.18029044853566287,-0.030642450294277594,-0.39598772698939116,4601.652694610779,0.47305389221556887,5329.209580838324,none
chikou_span,20,OOS,MID,236,-0.012648025180121893,0.19036922948433474,-0.06643944094527464,-1.0206620586151276,5067.902542372882,0.5084745762711864,5353.771186440678,none
chikou_span,20,OOS,HIGH,236,-0.07096619450005404,0.22215219267736616,-0.31944854401288286,-4.907461651014746,5010.779661016949,0.3686440677966102,5350.775423728814,none
cmf_20,5,IS,total,708,-0.016540196318379063,0.09686840773409718,-0.17074912972433426,-4.543338842035141,4582.340395480226,0.4251412429378531,4655.820621468926,none
cmf_20,5,IS,LOW,280,-0.011704541457175725,0.09220816791502222,-0.12693605915652148,-2.124046532440525,4675.710714285714,0.45,4738.15,none
cmf_20,5,IS,MID,265,-0.020956011288993208,0.09699460422402857,-0.21605337179984857,-3.5170940787121623,4527.316981132076,0.4,4625.550943396226,none
cmf_20,5,IS,HIGH,163,-0.017667757017300445,0.10441932543154502,-0.16920006851493244,-2.1602018653888866,4511.40490797546,0.4233128834355828,4563.60736196319,none
cmf_20,5,OOS,total,654,-0.019158047336873183,0.13419725525497708,-0.14276035154722475,-3.6508709584046137,5174.567278287462,0.44954128440366975,5348.909785932722,none
cmf_20,5,OOS,LOW,167,-0.02173019115604686,0.08915362212339276,-0.24373873588637,-3.1497986315061635,5123.976047904192,0.4431137724550898,5329.209580838324,none
cmf_20,5,OOS,MID,249,-0.00104959950260002,0.09877502196432418,-0.010626163191126569,-0.16767802687576222,5112.128514056225,0.46987951807228917,5359.44578313253,none
cmf_20,5,OOS,HIGH,238,-0.03629861663490687,0.18220509827859435,-0.19921844656292623,-3.0733925049243265,5275.390756302521,0.4327731092436975,5351.710084033613,none
cmf_20,10,IS,total,708,-0.02105135417716597,0.0965308857557879,-0.21807894967858774,-5.8027034416196495,4511.2316384180795,0.4449152542372881,4655.820621468926,none
cmf_20,10,IS,LOW,280,-0.014287134781022087,0.09553645214936349,-0.14954642400458112,-2.5023903015149793,4614.510714285714,0.4607142857142857,4738.15,none
cmf_20,10,IS,MID,265,-0.027422626059217355,0.09475301216982121,-0.2894116549041113,-4.711280408604348,4437.898113207547,0.41509433962264153,4625.550943396226,none
cmf_20,10,IS,HIGH,163,-0.0223126694052437,0.10084299629142951,-0.22126146808214206,-2.8248773199967387,4453.042944785276,0.4662576687116564,4563.60736196319,none
cmf_20,10,OOS,total,649,-0.023131788146556417,0.1306645455244342,-0.17703186471674356,-4.509971446714681,5108.187981510016,0.47303543913713403,5348.050847457627,none
cmf_20,10,OOS,LOW,167,-0.035884389057623346,0.09014478673809438,-0.39807503413238343,-5.1442631520477455,4928.934131736527,0.3772455089820359,5329.209580838324,none
cmf_20,10,OOS,MID,244,0.0012825485838973303,0.09703519356488881,0.013217354825387884,0.20646168248265792,5141.672131147541,0.5286885245901639,5357.377049180328,none
cmf_20,10,OOS,HIGH,238,-0.03921335877715531,0.1742049360087954,-0.2250990108292653,-3.472658404301042,5199.638655462185,0.4831932773109244,5351.710084033613,none
cmf_20,20,IS,total,708,-0.029914702794184827,0.10393604295599072,-0.2878183731398309,-7.658348808270365,4370.005649717514,0.423728813559322,4655.820621468926,none
cmf_20,20,IS,LOW,280,-0.018961439278080184,0.11655957860095345,-0.16267594225778267,-2.722089163317044,4489.814285714286,0.45714285714285713,4738.15,none
cmf_20,20,IS,MID,265,-0.034897558311287755,0.09841548464202313,-0.3545941823913612,-5.772375079569627,4282.932075471698,0.42641509433962266,4625.550943396226,none
cmf_20,20,IS,HIGH,163,-0.04062916336152853,0.08717418146857754,-0.46606876803510405,-5.9503676975170885,4305.760736196319,0.3619631901840491,4563.60736196319,none
cmf_20,20,OOS,total,639,-0.029903205031663122,0.12241023582281096,-0.24428680192192478,-6.175191541813214,4924.953051643192,0.4491392801251956,5346.245696400626,none
cmf_20,20,OOS,LOW,167,-0.04889604419823544,0.08876245984645696,-0.5508640058287791,-7.1187318068080625,4601.652694610779,0.2694610778443114,5329.209580838324,none
cmf_20,20,OOS,MID,236,-0.0008086015097229937,0.09518780234142656,-0.008494801748050057,-0.13049962065204304,5067.902542372882,0.5635593220338984,5353.771186440678,none
cmf_20,20,OOS,HIGH,236,-0.04555796049929148,0.15716863087798774,-0.28986675168442977,-4.453017534298687,5010.779661016949,0.461864406779661,5350.775423728814,none
cmo_14,5,IS,total,713,-0.026292863667524976,0.11937719796276311,-0.22025030002569176,-5.88113669230561,4577.931276297335,0.42075736325385693,4650.807854137447,none
cmo_14,5,IS,LOW,280,-0.03213472318771017,0.12200533978553109,-0.2633878422386977,-4.407321581523635,4675.760714285714,0.425,4738.15,none
cmo_14,5,IS,MID,270,-0.01997022066142973,0.1147002062458428,-0.17410797517335355,-2.860885963319855,4516.529629629629,0.43703703703703706,4612.874074074074,none
cmo_14,5,IS,HIGH,163,-0.026730857201229658,0.12258206910373928,-0.21806498614905703,-2.7840673705969676,4511.588957055214,0.38650306748466257,4563.60736196319,none
cmo_14,5,OOS,total,654,-0.04942623501009462,0.1501605961974847,-0.3291558255741831,-8.417641392406903,5174.567278287462,0.3486238532110092,5348.909785932722,none
cmo_14,5,OOS,LOW,167,-0.033459541931330744,0.09395775971645302,-0.35611259817502455,-4.601988971160992,5123.976047904192,0.38323353293413176,5329.209580838324,none
cmo_14,5,OOS,MID,249,-0.03813657039708503,0.11923284605199724,-0.3198495352568682,-5.047140534580408,5112.128514056225,0.3493975903614458,5359.44578313253,none
cmo_14,5,OOS,HIGH,238,-0.07244121077813222,0.20055258838338738,-0.361208057009215,-5.572446499223892,5275.390756302521,0.3235294117647059,5351.710084033613,none
cmo_14,10,IS,total,713,-0.023813297046847936,0.12338825363588253,-0.19299484630944475,-5.153359936054382,4507.330995792427,0.4600280504908836,4650.807854137447,none
cmo_14,10,IS,LOW,280,-0.02788035299207891,0.12196377762307575,-0.22859535458340788,-3.825131908626409,4614.560714285714,0.4392857142857143,4738.15,none
cmo_14,10,IS,MID,270,-0.020949064916623388,0.1228498883386473,-0.1705257139418419,-2.8020234048186,4428.788888888889,0.4777777777777778,4612.874074074074,none
cmo_14,10,IS,HIGH,163,-0.021571376865841492,0.12722947324082165,-0.16954701073870596,-2.164631327182583,4453.233128834356,0.4662576687116564,4563.60736196319,none
cmo_14,10,OOS,total,649,-0.057180559017285665,0.14586128442819565,-0.3920201254324921,-9.986900240060743,5108.187981510016,0.35130970724191063,5348.050847457627,none
cmo_14,10,OOS,LOW,167,-0.04470547162478244,0.08739520700637605,-0.511532304300405,-6.610454207031565,4928.934131736527,0.32335329341317365,5329.209580838324,none
cmo_14,10,OOS,MID,244,-0.03480289942179022,0.11740783557260258,-0.29642739985840916,-4.6303440073479845,5141.672131147541,0.4057377049180328,5357.377049180328,none
cmo_14,10,OOS,HIGH,238,-0.0888758889998442,0.19249321162895114,-0.46170921170540224,-7.122902799373476,5199.638655462185,0.31512605042016806,5351.710084033613,none
cmo_14,20,IS,total,713,-0.03254328700274832,0.12659581892709548,-0.2570644692577839,-6.864150842308357,4367.072931276297,0.4277699859747546,4650.807854137447,none
cmo_14,20,IS,LOW,280,-0.025688565463929315,0.12948457068280492,-0.19839093822891027,-3.3197153528544043,4489.867857142857,0.46785714285714286,4738.15,none
cmo_14,20,IS,MID,270,-0.030410550347030094,0.1238322656574031,-0.2455785669880623,-4.035267623374657,4276.625925925926,0.42962962962962964,4612.874074074074,none
cmo_14,20,IS,HIGH,163,-0.04785102275681728,0.12559838569001594,-0.380984377258768,-4.864082914752374,4305.957055214724,0.3558282208588957,4563.60736196319,none
cmo_14,20,OOS,total,639,-0.06513864118576586,0.1457041219881313,-0.4470610734751341,-11.301010688575442,4924.953051643192,0.325508607198748,5346.245696400626,none
cmo_14,20,OOS,LOW,167,-0.04432611626763139,0.08882154952251535,-0.4990468698859523,-6.44910683608788,4601.652694610779,0.3413173652694611,5329.209580838324,none
cmo_14,20,OOS,MID,236,-0.03039607650866067,0.11215860258338275,-0.2710097648199845,-4.163331005355791,5067.902542372882,0.4067796610169492,5353.771186440678,none
cmo_14,20,OOS,HIGH,236,-0.11460871290239845,0.1884310256428062,-0.6082263391149456,-9.343750316868908,5010.779661016949,0.2330508474576271,5350.775423728814,none
coppock,5,IS,total,704,-0.033846796001990795,0.12743374069598246,-0.26560309551564365,-7.047246487858535,4585.816761363636,0.42045454545454547,4659.802556818182,none
coppock,5,IS,LOW,280,-0.02886943917933589,0.1310057031575866,-0.22036780448106807,-3.6874586628877277,4675.646428571428,0.42142857142857143,4738.15,none
coppock,5,IS,MID,261,-0.040002268708807465,0.12176123950281527,-0.3285303999215823,-5.307571043194587,4536.0421455938695,0.4099616858237548,4635.827586206897,none
coppock,5,IS,HIGH,163,-0.03254054774348908,0.13043424604275594,-0.2494785589730966,-3.185129020326921,4511.208588957055,0.43558282208588955,4563.60736196319,none
coppock,5,OOS,total,654,-0.05285659766115875,0.16505781255914703,-0.3202308139290168,-8.189398288032212,5174.567278287462,0.3425076452599388,5348.909785932722,none
coppock,5,OOS,LOW,167,-0.050526513314479486,0.09404383372167249,-0.5372655634607079,-6.943001203275538,5123.976047904192,0.23952095808383234,5329.209580838324,none
coppock,5,OOS,MID,249,-0.04180921574457051,0.13739624100628312,-0.30429664915402294,-4.801720131463855,5112.128514056225,0.37751004016064255,5359.44578313253,none
coppock,5,OOS,HIGH,238,-0.06604954801042727,0.22092864968856432,-0.2989632539896256,-4.612180447704053,5275.390756302521,0.37815126050420167,5351.710084033613,none
coppock,10,IS,total,704,-0.03885535080043356,0.12645562470901583,-0.3072647095757324,-8.15265402384181,4514.3125,0.4133522727272727,4659.802556818182,none
coppock,10,IS,LOW,280,-0.031821755670300864,0.13146095628918028,-0.2420624082507143,-4.050478818198897,4614.442857142857,0.41785714285714287,4738.15,none
coppock,10,IS,MID,261,-0.04276010292189134,0.1232714566458238,-0.3468775666758536,-5.603978593341777,4445.283524904215,0.41379310344827586,4635.827586206897,none
coppock,10,IS,HIGH,163,-0.04468520560249903,0.12287011069201702,-0.3636784027525277,-4.643135023070797,4452.840490797546,0.4049079754601227,4563.60736196319,none
coppock,10,OOS,total,649,-0.06840153416466034,0.15387977307810477,-0.44451283489963145,-11.324177126548271,5108.187981510016,0.33281972265023113,5348.050847457627,none
coppock,10,OOS,LOW,167,-0.06494331982113162,0.090886037565884,-0.7145577204205179,-9.234120796302088,4928.934131736527,0.2754491017964072,5329.209580838324,none
coppock,10,OOS,MID,244,-0.04737808369597499,0.1295536814119443,-0.3657023341955525,-5.712453074258241,5141.672131147541,0.3442622950819672,5357.377049180328,none
coppock,10,OOS,HIGH,238,-0.09238154975175497,0.20175940715032165,-0.4578797641040139,-7.063824959147521,5199.638655462185,0.36134453781512604,5351.710084033613,none
coppock,20,IS,total,704,-0.054545386291220084,0.12838342309793546,-0.4248631558110965,-11.272893400573693,4372.330965909091,0.3650568181818182,4659.802556818182,none
coppock,20,IS,LOW,280,-0.04302493197713592,0.13344592266020816,-0.3224147363924323,-5.395030438101387,4489.746428571429,0.4,4738.15,none
coppock,20,IS,MID,261,-0.0523336508234312,0.12758690531389769,-0.4101804232548514,-6.626667539662682,4288.057471264367,0.39846743295019155,4635.827586206897,none
coppock,20,IS,HIGH,163,-0.07787661429757876,0.11808981838212369,-0.6594693375306913,-8.419540876101054,4305.576687116564,0.25153374233128833,4563.60736196319,none
coppock,20,OOS,total,639,-0.07723214421904738,0.1590027031475683,-0.48572849825936143,-12.278463226300236,4924.953051643192,0.31768388106416273,5346.245696400626,none
coppock,20,OOS,LOW,167,-0.058884974026342636,0.0832373841425961,-0.7074342212084089,-9.142064898874702,4601.652694610779,0.2155688622754491,5329.209580838324,none
coppock,20,OOS,MID,236,-0.04908536367352084,0.14420371164756246,-0.3403890448637461,-5.22915572915244,5067.902542372882,0.4279661016949153,5353.771186440678,none
coppock,20,OOS,HIGH,236,-0.1183618799433099,0.20053683157761967,-0.590225142245238,-9.067210683284308,5010.779661016949,0.2796610169491525,5350.775423728814,none
correl_30,5,IS,total,698,-0.033344354946884584,0.09446884607277369,-0.3529666798427695,-9.325270130205412,4591.031518624642,0.332378223495702,4665.766475644699,l1_pending
correl_30,5,IS,LOW,280,-0.03517393323495987,0.09346721472955245,-0.3763237551983945,-6.297100860193834,4675.525,0.35,4738.15,l1_pending
correl_30,5,IS,MID,255,-0.01913573972205695,0.09805370207310898,-0.19515570873386623,-3.116386756503675,4549.635294117647,0.37254901960784315,4651.588235294118,l1_pending
correl_30,5,IS,HIGH,163,-0.052429722809890514,0.0871008468653648,-0.6019427444940139,-7.6850905021856875,4510.650306748466,0.2392638036809816,4563.60736196319,l1_pending
correl_30,5,OOS,total,654,-0.05102525620035632,0.10296034013079257,-0.49558165926353703,-12.6737197528174,5174.567278287462,0.3119266055045872,5348.909785932722,l1_pending
correl_30,5,OOS,LOW,167,-0.0502437265586444,0.08522218585096128,-0.5895615802029756,-7.618814677769025,5123.976047904192,0.2634730538922156,5329.209580838324,l1_pending
correl_30,5,OOS,MID,249,-0.04777416790041918,0.10388399363336155,-0.4598799702390039,-7.256783527826205,5112.128514056225,0.3373493975903614,5359.44578313253,l1_pending
correl_30,5,OOS,HIGH,238,-0.054974989128298485,0.11314232099164365,-0.48589235792996305,-7.495982208606685,5275.390756302521,0.31932773109243695,5351.710084033613,l1_pending
correl_30,10,IS,total,698,-0.03684897012055836,0.09257139526743907,-0.3980600056216238,-10.516621801543025,4518.921203438395,0.33954154727793695,4665.766475644699,l1_pending
correl_30,10,IS,LOW,280,-0.03224539221406672,0.08558319671054825,-0.3767724676506788,-6.304609255638521,4614.332142857143,0.36428571428571427,4738.15,l1_pending
correl_30,10,IS,MID,255,-0.02250619696115197,0.10450044897417415,-0.21536938053456656,-3.4391732099910217,4456.733333333334,0.42745098039215684,4651.588235294118,l1_pending
correl_30,10,IS,HIGH,163,-0.06719503741789758,0.07646197220457178,-0.8788033512674668,-11.2198101063443,4452.312883435583,0.15950920245398773,4563.60736196319,l1_pending
correl_30,10,OOS,total,649,-0.05731931377070949,0.09978355886495283,-0.5744364544893164,-14.634043491797488,5108.187981510016,0.2850539291217257,5348.050847457627,l1_pending
correl_30,10,OOS,LOW,167,-0.05115732723642953,0.06549814603063271,-0.7810500042627749,-10.093390472459346,4928.934131736527,0.25149700598802394,5329.209580838324,l1_pending
correl_30,10,OOS,MID,244,-0.06232054774217364,0.10554063762174899,-0.5904886415934548,-9.223727443263682,5141.672131147541,0.25,5357.377049180328,l1_pending
correl_30,10,OOS,HIGH,238,-0.056515745124438535,0.112892651693366,-0.5006149140507753,-7.723110742212331,5199.638655462185,0.3445378151260504,5351.710084033613,l1_pending
correl_30,20,IS,total,698,-0.042741764058754496,0.09768239109195946,-0.4375585362004176,-11.560160720167035,4375.809455587392,0.330945558739255,4665.766475644699,l1_pending
correl_30,20,IS,LOW,280,-0.02442875902782316,0.0877813177929522,-0.27829109475711816,-4.656700694473749,4489.642857142857,0.4142857142857143,4738.15,l1_pending
correl_30,20,IS,MID,255,-0.024961791104916996,0.10066744434808354,-0.2479628967097366,-3.959649924790611,4295.980392156863,0.4,4651.588235294118,l1_pending
correl_30,20,IS,HIGH,163,-0.10201498192310625,0.08533208064084748,-1.1955056194220215,-15.263193991735474,4305.1533742331285,0.07975460122699386,4563.60736196319,l1_pending
correl_30,20,OOS,total,639,-0.06314843187139339,0.10539151536897469,-0.599179465731291,-15.14632775779095,4924.953051643192,0.25039123630672927,5346.245696400626,l1_pending
correl_30,20,OOS,LOW,167,-0.06413410427689968,0.09194982495765915,-0.697490226940965,-9.013560172609518,4601.652694610779,0.1377245508982036,5329.209580838324,l1_pending
correl_30,20,OOS,MID,236,-0.0512059997944192,0.10777685612183593,-0.47511127747624754,-7.2987979375022025,5067.902542372882,0.3093220338983051,5353.771186440678,l1_pending
correl_30,20,OOS,HIGH,236,-0.07439337542413219,0.11088854596911854,-0.6708842177879225,-10.306318913547717,5010.779661016949,0.2711864406779661,5350.775423728814,l1_pending
cr_26,5,IS,total,701,-0.04035802331976701,0.12761573298436826,-0.3162464562634334,-8.373069126104536,4588.409415121256,0.38659058487874465,4662.788873038517,none
cr_26,5,IS,LOW,280,-0.03294031379218522,0.1260166893532047,-0.26139643852933453,-4.373999023917317,4675.596428571429,0.4,4738.15,none
cr_26,5,IS,MID,258,-0.03987090999215376,0.12743908406896726,-0.3128624964895109,-5.0253158071000374,4542.736434108527,0.3875968992248062,4643.662790697675,none
cr_26,5,IS,HIGH,163,-0.05387111476913585,0.13029805042767975,-0.41344528634399114,-5.278516058743268,4510.932515337423,0.3619631901840491,4563.60736196319,none
cr_26,5,OOS,total,654,-0.06403201391355481,0.16046136271586148,-0.39904942118022596,-10.205059927112373,5174.519877675841,0.3363914373088685,5348.909785932722,none
cr_26,5,OOS,LOW,167,-0.043435506618014576,0.1025529863810221,-0.4235420941973906,-5.473370097849915,5123.934131736527,0.33532934131736525,5329.209580838324,none
cr_26,5,OOS,MID,249,-0.04533477530104239,0.13040817794200824,-0.34763751795690684,-5.485627505483619,5112.0642570281125,0.3413654618473896,5359.44578313253,none
cr_26,5,OOS,HIGH,238,-0.0980455816987263,0.2096481361057613,-0.46766731877485046,-7.214819998441659,5275.357142857143,0.3319327731092437,5351.710084033613,none
cr_26,10,IS,total,701,-0.04583320534023951,0.1280375719609016,-0.35796684237526344,-9.477674948441829,4516.596291012839,0.369472182596291,4662.788873038517,none
cr_26,10,IS,LOW,280,-0.034462963722619776,0.13031428425813738,-0.26446036916684185,-4.425268389686827,4614.392857142857,0.4107142857142857,4738.15,none
cr_26,10,IS,MID,258,-0.045286395311613936,0.12901530276274295,-0.35101568838616676,-5.638146812672525,4450.910852713178,0.375968992248062,4643.662790697675,none
cr_26,10,IS,HIGH,163,-0.06623041172256419,0.1205892094560197,-0.5492233676738647,-7.012014556362561,4452.570552147239,0.2883435582822086,4563.60736196319,none
cr_26,10,OOS,total,649,-0.0693106598215667,0.15504775884644909,-0.447027808316844,-11.388247277529414,5108.140215716487,0.32973805855161786,5348.050847457627,none
cr_26,10,OOS,LOW,167,-0.04452254713471829,0.09157981145501197,-0.4861611574357709,-6.2825867329374105,4928.892215568862,0.30538922155688625,5329.209580838324,none
cr_26,10,OOS,MID,244,-0.04770579475852015,0.1250277314882223,-0.38156170787609683,-5.96018441055535,5141.606557377049,0.3319672131147541,5357.377049180328,none
cr_26,10,OOS,HIGH,238,-0.10885352492277277,0.20333055207577397,-0.5353525272591941,-8.259016537662815,5199.605042016807,0.3445378151260504,5351.710084033613,none
cr_26,20,IS,total,701,-0.058248110224499654,0.1381038422952369,-0.42177038130465244,-11.166963259394032,4374.052781740371,0.3651925820256776,4662.788873038517,none
cr_26,20,IS,LOW,280,-0.0454893790093715,0.1439014593892052,-0.3161147857878076,-5.289612101300815,4489.696428571428,0.3892857142857143,4738.15,none
cr_26,20,IS,MID,258,-0.045968381863952176,0.14088070056098592,-0.32629296760242116,-5.2410411162624,4291.937984496124,0.43023255813953487,4643.662790697675,none
cr_26,20,IS,HIGH,163,-0.09960157437945143,0.11411047983995433,-0.8728521211999777,-11.143829887151812,4305.374233128834,0.22085889570552147,4563.60736196319,none
cr_26,20,OOS,total,639,-0.07469883133027631,0.15404645501295625,-0.48491107000153744,-12.257799907512481,4924.9045383411585,0.30985915492957744,5346.245696400626,none
cr_26,20,OOS,LOW,167,-0.04781670078604209,0.0892690532253161,-0.5356470026107726,-6.922084787460071,4601.610778443114,0.2754491017964072,5329.209580838324,none
cr_26,20,OOS,MID,236,-0.035862701895171045,0.11818370787079975,-0.30344877937301395,-4.661668602753891,5067.8347457627115,0.4025423728813559,5353.771186440678,none
cr_26,20,OOS,HIGH,236,-0.1325574853454117,0.1985917033804751,-0.6674875288795389,-10.254137988416788,5010.745762711865,0.24152542372881355,5350.775423728814,none
crsi,5,IS,total,627,-0.019719554248128005,0.11809362605864318,-0.1669823758170964,-4.181233355556505,4655.081339712919,0.4529505582137161,4732.68740031898,none
crsi,5,IS,LOW,274,-0.018892774269469302,0.11700736354189721,-0.1614665410583694,-2.6727468311628435,4686.689781021898,0.45255474452554745,4751.631386861314,none
crsi,5,IS,MID,220,-0.01672580100083739,0.12132402703730037,-0.13786058218868008,-2.044802882115633,4638.468181818182,0.4681818181818182,4739.086363636364,none
crsi,5,IS,HIGH,133,-0.026374918372612365,0.11550511896961656,-0.22834415139254777,-2.6333932190615417,4617.443609022556,0.42857142857142855,4683.075187969925,none
crsi,5,OOS,total,654,-0.021540328902777777,0.14334234904656828,-0.1502719122858791,-3.842967283860732,5174.567278287462,0.4525993883792049,5348.909785932722,none
crsi,5,OOS,LOW,167,-0.026368800898462108,0.11759359457262111,-0.22423671114312088,-2.897776930382208,5123.976047904192,0.4251497005988024,5329.209580838324,none
crsi,5,OOS,MID,249,-0.018741086872804017,0.12235286589170477,-0.1531724388817493,-2.41702031688044,5112.128514056225,0.4457831325301205,5359.44578313253,none
crsi,5,OOS,HIGH,238,-0.02108090218926595,0.17674040628450302,-0.11927607632253343,-1.8401016839104078,5275.390756302521,0.4789915966386555,5351.710084033613,none
crsi,10,IS,total,627,-0.013689490163588433,0.11872834816652396,-0.11530094012921045,-2.8871318570969735,4587.459330143541,0.48963317384370014,4732.68740031898,none
crsi,10,IS,LOW,274,-0.015042489108766696,0.11102288564721004,-0.1354899849799095,-2.242758317826638,4630.678832116789,0.4708029197080292,4751.631386861314,none
crsi,10,IS,MID,220,-0.0065889294281736965,0.12310810775981589,-0.05352149056688214,-0.7938519947384323,4557.631818181818,0.5181818181818182,4739.086363636364,none
crsi,10,IS,HIGH,133,-0.02264739731255383,0.12667051692866246,-0.17878980730226476,-2.061904644002498,4547.7593984962405,0.48120300751879697,4683.075187969925,none
crsi,10,OOS,total,649,-0.01829678046088844,0.1372008598759547,-0.13335762237518647,-3.3973492290564242,5108.187981510016,0.4453004622496148,5348.050847457627,none
crsi,10,OOS,LOW,167,-0.022705357271381215,0.10622769962802593,-0.2137423416951306,-2.762159789325031,4928.934131736527,0.41916167664670656,5329.209580838324,none
crsi,10,OOS,MID,244,-0.016516658040145037,0.11785821039354838,-0.1401400715740816,-2.189057897186012,5141.672131147541,0.45081967213114754,5357.377049180328,none
crsi,10,OOS,HIGH,238,-0.017028366777313217,0.1711834708563982,-0.09947436333732194,-1.5346157345749452,5199.638655462185,0.4579831932773109,5351.710084033613,none
crsi,20,IS,total,627,-0.009855661950320935,0.11917101096988059,-0.08270184057439829,-2.0708514457499194,4459.251993620414,0.48325358851674644,4732.68740031898,none
crsi,20,IS,LOW,274,-0.014560958701852169,0.1117486404458363,-0.13030099197412387,-2.1568652001427324,4517.339416058394,0.46715328467153283,4751.631386861314,none
crsi,20,IS,MID,220,-0.00136713167900706,0.12603918098227765,-0.01084687847344305,-0.1608852074489177,4437.1,0.5045454545454545,4739.086363636364,none
crsi,20,IS,HIGH,133,-0.0142032209711442,0.12240289327473174,-0.1160366441605694,-1.3381998620573081,4376.225563909775,0.48120300751879697,4683.075187969925,none
crsi,20,OOS,total,639,-0.019338195521590187,0.1338866697601273,-0.1444370493062281,-3.6511446307498097,4924.953051643192,0.47417840375586856,5346.245696400626,none
crsi,20,OOS,LOW,167,-0.020374646973315997,0.10491689579803745,-0.19419795847312057,-2.509590696019244,4601.652694610779,0.4550898203592814,5329.209580838324,none
crsi,20,OOS,MID,236,-0.011962358169173922,0.11210388048441154,-0.10670779742399134,-1.6392762888954318,5067.902542372882,0.5169491525423728,5353.771186440678,none
crsi,20,OOS,HIGH,236,-0.02598061171960725,0.16799901695865024,-0.15464740324047183,-2.3757384876389445,5010.779661016949,0.4449152542372881,5350.775423728814,none
dc_lower,5,IS,total,708,-0.044623313279846526,0.17763797694035863,-0.25120367867524557,-6.684095154276532,4582.340395480226,0.4378531073446328,4655.820621468926,none
dc_lower,5,IS,LOW,280,-0.021439097429261908,0.17312963726716352,-0.12383262489124464,-2.072116144545859,4675.710714285714,0.5,4738.15,none
dc_lower,5,IS,MID,265,-0.05667026892188841,0.17661827715546444,-0.32086299240709737,-5.22327108932284,4527.316981132076,0.4075471698113208,4625.550943396226,none
dc_lower,5,IS,HIGH,163,-0.06486341875851273,0.18351667217104148,-0.3534470083353442,-4.512509323568915,4511.40490797546,0.3803680981595092,4563.60736196319,none
dc_lower,5,OOS,total,654,-0.021547765777336757,0.1874826198222376,-0.11493207102486278,-2.93920654962218,5174.567278287462,0.4525993883792049,5348.909785932722,none
dc_lower,5,OOS,LOW,167,-0.008291793634556479,0.17962076720703257,-0.04616277818811051,-0.5965545650126763,5123.976047904192,0.48502994011976047,5329.209580838324,none
dc_lower,5,OOS,MID,249,-0.02823157918894793,0.16055203479661773,-0.1758406813386751,-2.774719149427329,5112.128514056225,0.44176706827309237,5359.44578313253,none
dc_lower,5,OOS,HIGH,238,-0.02385649606453476,0.2170242929133261,-0.10992546384686266,-1.6958474604938978,5275.390756302521,0.4411764705882353,5351.710084033613,none
dc_lower,10,IS,total,708,-0.062005988645213644,0.1810446172801804,-0.34249009761640486,-9.113068781229982,4511.2316384180795,0.3714689265536723,4655.820621468926,none
dc_lower,10,IS,LOW,280,-0.044502090950751444,0.17250442298244004,-0.2579765213050885,-4.316772863205678,4614.510714285714,0.39285714285714285,4738.15,none
dc_lower,10,IS,MID,265,-0.06341390727513942,0.18239697453588344,-0.3476697321131488,-5.659653195763994,4437.898113207547,0.3886792452830189,4625.550943396226,none
dc_lower,10,IS,HIGH,163,-0.08978508629870498,0.19045114854352171,-0.4714336825235127,-6.018862340499395,4453.042944785276,0.3067484662576687,4563.60736196319,none
dc_lower,10,OOS,total,649,-0.02438783436872158,0.19739628638583917,-0.1235475844821725,-3.1474338205537107,5108.187981510016,0.4591679506933744,5348.050847457627,none
dc_lower,10,OOS,LOW,167,0.011097565717133082,0.19311218447533393,0.057466936885852304,0.7426364894429192,4928.934131736527,0.5568862275449101,5329.209580838324,none
dc_lower,10,OOS,MID,244,-0.040436461983850085,0.16626341296218272,-0.2432072171707886,-3.7990181781726218,5141.672131147541,0.4016393442622951,5357.377049180328,none
dc_lower,10,OOS,HIGH,238,-0.03283403889076517,0.22549990016403393,-0.14560555843652667,-2.2462931505330825,5199.638655462185,0.4495798319327731,5351.710084033613,none
dc_lower,20,IS,total,708,-0.08219364041340455,0.181136957880791,-0.45376515855752325,-12.0739055792846,4370.005649717514,0.3545197740112994,4655.820621468926,none
dc_lower,20,IS,LOW,280,-0.08191758065502212,0.16450206970333095,-0.49797294832068245,-8.33268120310468,4489.814285714286,0.29642857142857143,4738.15,none
dc_lower,20,IS,MID,265,-0.08279540835231379,0.18992347619757077,-0.4359408852973216,-7.096603462259979,4282.932075471698,0.37358490566037733,4625.550943396226,none
dc_lower,20,IS,HIGH,163,-0.08168951911608022,0.1944318933134563,-0.4201446466623828,-5.364047765578391,4305.760736196319,0.4233128834355828,4563.60736196319,none
dc_lower,20,OOS,total,639,-0.023137605725182527,0.19837436224449145,-0.11663606860984388,-2.9483789491830548,4924.953051643192,0.4647887323943662,5346.245696400626,none
dc_lower,20,OOS,LOW,167,0.0040460765962897615,0.17890084845080625,0.02261630747605058,0.2922671034570272,4601.652694610779,0.5089820359281437,5329.209580838324,none
dc_lower,20,OOS,MID,236,-0.004181873677571538,0.1857680699904504,-0.02251126190731546,-0.3458245673570654,5067.902542372882,0.5254237288135594,5353.771186440678,none
dc_lower,20,OOS,HIGH,236,-0.06132924856807264,0.21764382566948137,-0.28178721991961564,-4.328897412178544,5010.779661016949,0.3728813559322034,5350.775423728814,none
dc_upper,5,IS,total,708,-0.05114378908370615,0.17975516622310567,-0.2845191610249928,-7.570562483539712,4582.340395480226,0.4251412429378531,4655.820621468926,none
dc_upper,5,IS,LOW,280,-0.028409163866612398,0.1752878472298706,-0.16207149734320672,-2.711974865351694,4675.710714285714,0.48214285714285715,4738.15,none
dc_upper,5,IS,MID,265,-0.06263476971325674,0.177908675108446,-0.3520613577447929,-5.731143681546762,4527.316981132076,0.39622641509433965,4625.550943396226,none
dc_upper,5,IS,HIGH,163,-0.07151547739018062,0.18706087423810697,-0.3823112539244826,-4.881023341984912,4511.40490797546,0.37423312883435583,4563.60736196319,none
dc_upper,5,OOS,total,654,-0.02738137621960712,0.19413168094125252,-0.14104537748216986,-3.607013199995727,5174.567278287462,0.4541284403669725,5348.909785932722,none
dc_upper,5,OOS,LOW,167,-0.019360685109052707,0.1806691995058677,-0.10716096137030771,-1.3848248135349226,5123.976047904192,0.47904191616766467,5329.209580838324,none
dc_upper,5,OOS,MID,249,-0.03496958330984451,0.16617026737480955,-0.21044428622701786,-3.3207548244027523,5112.128514056225,0.42570281124497994,5359.44578313253,none
dc_upper,5,OOS,HIGH,238,-0.025070417606134328,0.22796985570997205,-0.10997251162026189,-1.6965732781911707,5275.390756302521,0.46638655462184875,5351.710084033613,none
dc_upper,10,IS,total,708,-0.06935500301273155,0.18405886548443895,-0.37680881510483444,-10.02623046132604,4511.2316384180795,0.365819209039548,4655.820621468926,none
dc_upper,10,IS,LOW,280,-0.05267536120831315,0.17582471113053508,-0.29959020475344966,-5.013102973167406,4614.510714285714,0.3821428571428571,4738.15,none
dc_upper,10,IS,MID,265,-0.06960347608552797,0.18493669158277504,-0.37636380044343143,-6.126758786284891,4437.898113207547,0.3849056603773585,4625.550943396226,none
dc_upper,10,IS,HIGH,163,-0.09760318915350517,0.1938755514453552,-0.5034321678306877,-6.427391652909679,4453.042944785276,0.3067484662576687,4563.60736196319,none
dc_upper,10,OOS,total,649,-0.029857174285955388,0.20345240657741262,-0.14675262282825288,-3.7385932738430467,5108.187981510016,0.4437596302003082,5348.050847457627,none
dc_upper,10,OOS,LOW,167,-0.0005503291868694704,0.19208536322061917,-0.0028650240582745036,-0.037024270373636196,4928.934131736527,0.5149700598802395,5329.209580838324,none
dc_upper,10,OOS,MID,244,-0.04815678044634755,0.17450351137243342,-0.27596453542742266,-4.310703846767517,5141.672131147541,0.38114754098360654,5357.377049180328,none
dc_upper,10,OOS,HIGH,238,-0.031660280287685055,0.23485424128952306,-0.13480821173953153,-2.079719798596356,5199.638655462185,0.4579831932773109,5351.710084033613,none
dc_upper,20,IS,total,708,-0.09029564549906498,0.18537543231197157,-0.48709607509966507,-12.960783585696852,4370.005649717514,0.3488700564971751,4655.820621468926,none
dc_upper,20,IS,LOW,280,-0.09142385066244493,0.17017067085943582,-0.5372479887439755,-8.989878330358266,4489.814285714286,0.3,4738.15,none
dc_upper,20,IS,MID,265,-0.0888981024052198,0.19328670237825485,-0.4599287033789295,-7.4870968493023495,4282.932075471698,0.37358490566037733,4625.550943396226,none
dc_upper,20,IS,HIGH,163,-0.09062970362251647,0.19801826889134166,-0.45768354672491157,-5.843312358385368,4305.760736196319,0.39263803680981596,4563.60736196319,none
dc_upper,20,OOS,total,639,-0.029497412907348922,0.20430015913917432,-0.14438272114734163,-3.6497712991387745,4924.953051643192,0.46635367762128327,5346.245696400626,none
dc_upper,20,OOS,LOW,167,-0.006914785279467327,0.1789545861726719,-0.03863988862959513,-0.49933740685267614,4601.652694610779,0.48502994011976047,5329.209580838324,none
dc_upper,20,OOS,MID,236,-0.012091079632079648,0.1954842150737915,-0.06185194864718617,-0.9501876646974431,5067.902542372882,0.5127118644067796,5353.771186440678,none
dc_upper,20,OOS,HIGH,236,-0.06288382590234798,0.22515295017115616,-0.2792938127372754,-4.290592964225868,5010.779661016949,0.4067796610169492,5350.775423728814,none
dema_12,5,IS,total,727,-0.04782768844918343,0.17706000055372287,-0.2701213616831077,-7.283265399344505,4565.486932599725,0.4332874828060523,4636.7716643741405,none
dema_12,5,IS,LOW,282,-0.02605670691548656,0.17332170892340568,-0.1503372374836296,-2.524591523935507,4670.41134751773,0.4929078014184397,4732.301418439716,none
dema_12,5,IS,MID,282,-0.05627416966047781,0.17415395894364724,-0.32312885679898334,-5.426256240091638,4491.464539007092,0.4078014184397163,4583.531914893617,none
dema_12,5,IS,HIGH,163,-0.0708798914609472,0.18519098772075465,-0.3827394212499444,-4.886489816456698,4512.0245398773,0.37423312883435583,4563.60736196319,none
dema_12,5,OOS,total,654,-0.026406623242019037,0.1917719426573043,-0.13769805361573445,-3.521410668481218,5244.957186544342,0.4418960244648318,5348.909785932722,none
dema_12,5,OOS,LOW,167,-0.016047878174954643,0.18104741962660714,-0.08863908808008336,-1.1454694606390368,5123.976047904192,0.47305389221556887,5329.209580838324,none
dema_12,5,OOS,MID,249,-0.03073973173630762,0.1676959947927312,-0.18330629645807162,-2.8925245689487986,5297.008032128514,0.42168674698795183,5359.44578313253,none
dema_12,5,OOS,HIGH,238,-0.029141776229926177,0.22099932284127338,-0.13186364489838934,-2.0342932338582527,5275.390756302521,0.4411764705882353,5351.710084033613,none
dema_12,10,IS,total,727,-0.06552370332816682,0.1811025480395792,-0.3618044253791884,-9.755310117921539,4496.235213204952,0.3700137551581843,4636.7716643741405,none
dema_12,10,IS,LOW,282,-0.04953348982422176,0.17393735595086027,-0.2847777554938553,-4.7822317328629405,4609.641843971631,0.3829787234042553,4732.301418439716,none
dema_12,10,IS,MID,282,-0.06348492057747242,0.180131984548464,-0.35243558070272624,-5.918399823412198,4407.436170212766,0.3971631205673759,4583.531914893617,none
dema_12,10,IS,HIGH,163,-0.09671497292208292,0.19181393622718473,-0.5042124405785279,-6.437353508482142,4453.662576687117,0.3006134969325153,4563.60736196319,none
dema_12,10,OOS,total,649,-0.030257124979172566,0.20029887601699667,-0.15105988401355308,-3.848322813156932,5139.269645608629,0.44684129429892144,5348.050847457627,none
dema_12,10,OOS,LOW,167,0.002329597770341884,0.1934075785776641,0.01204501802604606,0.1556559369069434,4928.934131736527,0.5269461077844312,5329.209580838324,none
dema_12,10,OOS,MID,244,-0.045033086060102215,0.17132413432945212,-0.2628531364618174,-4.105897247723914,5224.3442622950815,0.38934426229508196,5357.377049180328,none
dema_12,10,OOS,HIGH,238,-0.03797413420363509,0.228836175198139,-0.16594462903758544,-2.560069049406363,5199.638655462185,0.4495798319327731,5351.710084033613,none
dema_12,20,IS,total,727,-0.08980880743043965,0.1829123008894201,-0.49099380956742594,-13.238635412737183,4358.66712517194,0.35213204951856947,4636.7716643741405,none
dema_12,20,IS,LOW,282,-0.08842980207532918,0.16780338185573515,-0.5269846238936623,-8.849576704980707,4485.812056737589,0.3049645390070922,4732.301418439716,none
dema_12,20,IS,MID,282,-0.09085608860901566,0.18996618390898484,-0.47827506316885293,-8.031604084232864,4261.741134751773,0.37943262411347517,4583.531914893617,none
dema_12,20,IS,HIGH,163,-0.09038271060702086,0.19619744516059692,-0.460672209737687,-5.881469053426224,4306.386503067484,0.38650306748466257,4563.60736196319,none
dema_12,20,OOS,total,639,-0.031334851059581253,0.20243504070542534,-0.15478965968731848,-3.912842567593033,4924.953051643192,0.4460093896713615,5346.245696400626,none
dema_12,20,OOS,LOW,167,-0.004272306111465532,0.1802206132842387,-0.023705979208534685,-0.30634876560764035,4601.652694610779,0.47305389221556887,5329.209580838324,none
dema_12,20,OOS,MID,236,-0.011561676574439652,0.19043019152483223,-0.06071346398311006,-0.9326979314244794,5067.902542372882,0.5084745762711864,5353.771186440678,none
dema_12,20,OOS,HIGH,236,-0.07025821624953354,0.22274428189239834,-0.3154209645815885,-4.845588801768967,5010.779661016949,0.3644067796610169,5350.775423728814,none
dkx_20,5,IS,total,708,-0.04794204319037739,0.17892634175964928,-0.2679429016370192,-7.129496908244443,4582.340395480226,0.4307909604519774,4655.820621468926,none
dkx_20,5,IS,LOW,280,-0.024862164931807873,0.1743322706542933,-0.14261367008240475,-2.386383139905333,4675.710714285714,0.4928571428571429,4738.15,none
dkx_20,5,IS,MID,265,-0.059902376906992724,0.1773639665229518,-0.3377370166067021,-5.497960302002451,4527.316981132076,0.39622641509433965,4625.550943396226,none
dkx_20,5,IS,HIGH,163,-0.06814374550630622,0.18586742839349907,-0.36662553571268774,-4.68076149789415,4511.40490797546,0.3803680981595092,4563.60736196319,none
dkx_20,5,OOS,total,654,-0.024352184901596886,0.19085490010693879,-0.12759528253113753,-3.2630482229393007,5174.567278287462,0.44801223241590216,5348.909785932722,none
dkx_20,5,OOS,LOW,167,-0.01348622145309234,0.18085763149074835,-0.074568163598793,-0.9636330425825442,5123.976047904192,0.47305389221556887,5329.209580838324,none
dkx_20,5,OOS,MID,249,-0.03147604672609106,0.16372488587809306,-0.1922496177491773,-3.033647798550697,5112.128514056225,0.42971887550200805,5359.44578313253,none
dkx_20,5,OOS,HIGH,238,-0.024523505496559947,0.2219583814985135,-0.11048695404514015,-1.7045097093807218,5275.390756302521,0.4495798319327731,5351.710084033613,none
dkx_20,10,IS,total,708,-0.06585625114776777,0.1829743353138016,-0.35992070163733114,-9.576866988671869,4511.2316384180795,0.365819209039548,4655.820621468926,none
dkx_20,10,IS,LOW,280,-0.04856360407696536,0.17471714420658738,-0.2779555738362072,-4.651086355621906,4614.510714285714,0.38571428571428573,4738.15,none
dkx_20,10,IS,MID,265,-0.06691877827983345,0.1839338631519288,-0.3638197835520844,-5.922556985756208,4437.898113207547,0.38113207547169814,4625.550943396226,none
dkx_20,10,IS,HIGH,163,-0.09383399034916208,0.1926124507055741,-0.48716471861206934,-6.21970276450904,4453.042944785276,0.3067484662576687,4563.60736196319,none
dkx_20,10,OOS,total,649,-0.027171858971553393,0.2005420952471716,-0.13549204688453867,-3.4517247145530527,5108.187981510016,0.44684129429892144,5348.050847457627,none
dkx_20,10,OOS,LOW,167,0.0054151246928833665,0.19305366806551516,0.02804984099574672,0.3624838311443346,4928.934131736527,0.5329341317365269,5329.209580838324,none
dkx_20,10,OOS,MID,244,-0.04428293004964882,0.1703546179220057,-0.2599455805179469,-4.060479771987324,5141.672131147541,0.38114754098360654,5357.377049180328,none
dkx_20,10,OOS,HIGH,238,-0.03249507295855194,0.2302665426786041,-0.14111938530256707,-2.1770838422406937,5199.638655462185,0.453781512605042,5351.710084033613,none
dkx_20,20,IS,total,708,-0.08676232909742937,0.183775069030938,-0.47211153044281096,-12.56207078476131,4370.005649717514,0.3545197740112994,4655.820621468926,none
dkx_20,20,IS,LOW,280,-0.08701814931891594,0.1676631838252639,-0.5190057073567502,-8.684626577768706,4489.814285714286,0.30357142857142855,4738.15,none
dkx_20,20,IS,MID,265,-0.08664644177840752,0.19202873293606787,-0.4512160261311245,-7.345264739473612,4282.932075471698,0.3849056603773585,4625.550943396226,none
dkx_20,20,IS,HIGH,163,-0.08651128908224258,0.1971981483061634,-0.4387023398816503,-5.600976531987481,4305.760736196319,0.39263803680981596,4563.60736196319,none
dkx_20,20,OOS,total,639,-0.026674083313077534,0.20199576557136972,-0.13205268554826696,-3.3380871191395762,4924.953051643192,0.4694835680751174,5346.245696400626,none
dkx_20,20,OOS,LOW,167,-0.0012105154474465188,0.17947764412808262,-0.006744658663909391,-0.08716019861308381,4601.652694610779,0.49700598802395207,5329.209580838324,none
dkx_20,20,OOS,MID,236,-0.008227461255929039,0.19040096283382932,-0.043211237661174434,-0.6638236288425396,5067.902542372882,0.5127118644067796,5353.771186440678,none
dkx_20,20,OOS,HIGH,236,-0.06313941652938018,0.22277635202347404,-0.28342064117616556,-4.353990505656997,5010.779661016949,0.4067796610169492,5350.775423728814,none
dkx_ma10,5,IS,total,699,-0.04527140007500212,0.17914434023178719,-0.25270907256365116,-6.681276141114848,4590.165951359085,0.43490701001430615,4664.772532188841,none
dkx_ma10,5,IS,LOW,280,-0.02362882914029823,0.17466445734161734,-0.13528126729345857,-2.2636885736661685,4675.553571428572,0.4857142857142857,4738.15,none
dkx_ma10,5,IS,MID,256,-0.05548429296483753,0.17766890177470146,-0.3122904031634985,-4.996646450615976,4547.3359375,0.4140625,4648.9296875,none
dkx_ma10,5,IS,HIGH,163,-0.0664089416818685,0.18607359114269323,-0.35689611445689706,-4.556544562697942,4510.754601226994,0.3803680981595092,4563.60736196319,none
dkx_ma10,5,OOS,total,654,-0.02208994192105416,0.19093993742706825,-0.11569052665837219,-2.9586028568994283,5174.567278287462,0.45718654434250766,5348.909785932722,none
dkx_ma10,5,OOS,LOW,167,-0.011648605516725037,0.18052752144019707,-0.0645253722191264,-0.8338515762549155,5123.976047904192,0.47904191616766467,5329.209580838324,none
dkx_ma10,5,OOS,MID,249,-0.029587501838184222,0.163417688059333,-0.18105446350117083,-2.856991244241134,5112.128514056225,0.42971887550200805,5359.44578313253,none
dkx_ma10,5,OOS,HIGH,238,-0.02157234007297677,0.22258502484134718,-0.09691730199887873,-1.495167313568807,5275.390756302521,0.47058823529411764,5351.710084033613,none
dkx_ma10,10,IS,total,699,-0.06106993081250599,0.18190102760905721,-0.3357316427247341,-8.876277339781995,4518.153075822604,0.37339055793991416,4664.772532188841,none
dkx_ma10,10,IS,LOW,280,-0.04715534892155514,0.17498075572084298,-0.2694887716497511,-4.509409656782323,4614.353571428572,0.39285714285714285,4738.15,none
dkx_ma10,10,IS,MID,256,-0.05668517884360152,0.18049484372817026,-0.31405428361693705,-5.024868537870993,4454.7890625,0.39453125,4648.9296875,none
dkx_ma10,10,IS,HIGH,163,-0.09185876169290956,0.19295904543977513,-0.4760531515045238,-6.0778397723495825,4452.417177914111,0.3067484662576687,4563.60736196319,none
dkx_ma10,10,OOS,total,649,-0.024455463228738088,0.2006904467924491,-0.12185663851767464,-3.1043561631499164,5108.187981510016,0.4530046224961479,5348.050847457627,none
dkx_ma10,10,OOS,LOW,167,0.007622347858904376,0.19276548975916188,0.03954207710325959,0.5109962513501455,4928.934131736527,0.5389221556886228,5329.209580838324,none
dkx_ma10,10,OOS,MID,244,-0.04210738480498397,0.17009349321556086,-0.24755435383775054,-3.8669226236611447,5141.672131147541,0.38934426229508196,5357.377049180328,none
dkx_ma10,10,OOS,HIGH,238,-0.028866915275092275,0.23101344456773482,-0.12495772845215633,-1.9277539438895297,5199.638655462185,0.4579831932773109,5351.710084033613,none
dkx_ma10,20,IS,total,699,-0.07957750415355994,0.17891869481197328,-0.4447690848471056,-11.759075543858732,4375.228898426323,0.35765379113018597,4664.772532188841,none
dkx_ma10,20,IS,LOW,280,-0.08529245903448299,0.16744921443022823,-0.5093631482518669,-8.523275702637745,4489.660714285715,0.29642857142857143,4738.15,none
dkx_ma10,20,IS,MID,256,-0.07061393851381219,0.17899794464330268,-0.3944958063877649,-6.311932902204238,4294.63671875,0.390625,4648.9296875,none
dkx_ma10,20,IS,HIGH,163,-0.08383815100703824,0.19749071205821245,-0.42451693111687233,-5.419869356653962,4305.233128834356,0.4110429447852761,4563.60736196319,none
dkx_ma10,20,OOS,total,639,-0.02358578256359298,0.2014826618457926,-0.11706110266522421,-2.9591231510110605,4924.953051643192,0.4788732394366197,5346.245696400626,none
dkx_ma10,20,OOS,LOW,167,0.0008931267351490958,0.1789728443646298,0.00499029189774448,0.06448878358694582,4601.652694610779,0.49700598802395207,5329.209580838324,none
dkx_ma10,20,OOS,MID,236,-0.006049689153439024,0.19019745972795854,-0.03180741300168761,-0.48863475025722686,5067.902542372882,0.5254237288135594,5353.771186440678,none
dkx_ma10,20,OOS,HIGH,236,-0.05844381602836527,0.2223859117349045,-0.26280359026534617,-4.037265359782535,5010.779661016949,0.4194915254237288,5350.775423728814,none
dpo_20,5,IS,total,697,-0.043895680372062214,0.13312651353135607,-0.32972906153456205,-8.705097015672067,4591.882352941177,0.37302725968436157,4666.751793400287,none
dpo_20,5,IS,LOW,280,-0.04344906675024354,0.13005059098648414,-0.3340935740519557,-5.590454770623468,4675.496428571429,0.35714285714285715,4738.15,none
dpo_20,5,IS,MID,254,-0.03867658743592882,0.12852909553517483,-0.3009169812864988,-4.795827512030753,4551.929133858268,0.37401574803149606,4654.236220472441,none
dpo_20,5,IS,HIGH,163,-0.052795689083026086,0.1452292714063969,-0.36353338808185054,-4.6412835996945825,4510.509202453988,0.3987730061349693,4563.60736196319,none
dpo_20,5,OOS,total,654,-0.061750124325115355,0.16215474494921858,-0.38080985138272344,-9.738611680482299,5174.567278287462,0.3333333333333333,5348.909785932722,none
dpo_20,5,OOS,LOW,167,-0.04472150227669768,0.10869803212034339,-0.41142881250310903,-5.31683199993558,5123.976047904192,0.31736526946107785,5329.209580838324,none
dpo_20,5,OOS,MID,249,-0.055039412079193,0.13622751359174176,-0.4040256672682129,-6.375417493236787,5112.128514056225,0.2971887550200803,5359.44578313253,none
dpo_20,5,OOS,HIGH,238,-0.08071965050713391,0.2100944550338702,-0.3842064774823341,-5.927248849742452,5275.390756302521,0.38235294117647056,5351.710084033613,none
dpo_20,10,IS,total,697,-0.05161175154925881,0.13373335817442636,-0.38593027389577994,-10.188851598073375,4519.682926829269,0.3715925394548063,4666.751793400287,none
dpo_20,10,IS,LOW,280,-0.05010442443953263,0.13307701824857385,-0.37650696640905224,-6.300166570121239,4614.307142857143,0.37142857142857144,4738.15,none
dpo_20,10,IS,MID,254,-0.04898705476086368,0.13407814139129826,-0.3653619766244982,-5.822911727528758,4458.673228346457,0.3661417322834646,4654.236220472441,none
dpo_20,10,IS,HIGH,163,-0.05829104342027539,0.13491915945391755,-0.4320442230459125,-5.515971386689513,4452.208588957055,0.3803680981595092,4563.60736196319,none
dpo_20,10,OOS,total,649,-0.07396800876994045,0.15499468000100822,-0.477229339545456,-12.157645734163415,5108.187981510016,0.325115562403698,5348.050847457627,none
dpo_20,10,OOS,LOW,167,-0.0418435869871623,0.10628763463452677,-0.39368254953685566,-5.087499741350665,4928.934131736527,0.3652694610778443,5329.209580838324,none
dpo_20,10,OOS,MID,244,-0.0638138060847162,0.14119646598024088,-0.4519504482048888,-7.059691683236199,5141.672131147541,0.3401639344262295,5357.377049180328,none
dpo_20,10,OOS,HIGH,238,-0.10691928563094326,0.18816623205037677,-0.5682171793838031,-8.766027696816765,5199.638655462185,0.2815126050420168,5351.710084033613,none
dpo_20,20,IS,total,697,-0.06505891582126755,0.13738832181748112,-0.47354036326098814,-12.501824327642424,4376.38737446198,0.3486370157819225,4666.751793400287,none
dpo_20,20,IS,LOW,280,-0.06418445109034587,0.1387624789514727,-0.4625490375737099,-7.739925800994625,4489.621428571429,0.3357142857142857,4738.15,none
dpo_20,20,IS,MID,254,-0.05000564794661125,0.14383095443637592,-0.34766958296679734,-5.540941371802983,4297.334645669292,0.41732283464566927,4654.236220472441,none
dpo_20,20,IS,HIGH,163,-0.0900183033355054,0.12100450042980479,-0.7439252508440823,-9.4978017957567,4305.061349693252,0.26380368098159507,4563.60736196319,none
dpo_20,20,OOS,total,639,-0.08322037781172953,0.1504574652787185,-0.5531156440630312,-13.981905776286018,4924.953051643192,0.3004694835680751,5346.245696400626,none
dpo_20,20,OOS,LOW,167,-0.02967546086023189,0.1023484235555113,-0.2899454610958091,-3.746921117194789,4601.652694610779,0.3772455089820359,5329.209580838324,none
dpo_20,20,OOS,MID,236,-0.06429665231525435,0.14652564044015423,-0.4388081984976217,-6.741099456039782,5067.902542372882,0.3983050847457627,5353.771186440678,none
dpo_20,20,OOS,HIGH,236,-0.14003393860862884,0.16416580270557052,-0.8530030999195253,-13.104082267731206,5010.779661016949,0.1483050847457627,5350.775423728814,none
dx_14,5,IS,total,714,-0.007844389911701605,0.06852803801094719,-0.11446978695710627,-3.058721814413299,4577.046218487395,0.43977591036414565,4649.802521008403,none
dx_14,5,IS,LOW,280,-0.004845406913064595,0.0700959151458307,-0.06912538202809668,-1.1566888792361094,4675.767857142857,0.45714285714285713,4738.15,none
dx_14,5,IS,MID,271,-0.00462219618202689,0.06451059517656527,-0.07165018659920833,-1.1795109342261614,4514.39852398524,0.43911439114391143,4610.365313653137,none
dx_14,5,IS,HIGH,163,-0.018353161324954428,0.07159967901711528,-0.2563302179129499,-3.2726051457965353,4511.619631901841,0.4110429447852761,4563.60736196319,none
dx_14,5,OOS,total,654,-0.008570187670901033,0.10113461743521807,-0.08474039738560023,-2.167102087279557,5174.565749235474,0.43577981651376146,5348.909785932722,none
dx_14,5,OOS,LOW,167,-0.01582225426890651,0.07010209591095169,-0.22570301305976614,-2.9167257271486657,5123.976047904192,0.38922155688622756,5329.209580838324,none
dx_14,5,OOS,MID,249,-0.002947709856026751,0.07557318417035297,-0.039004706343749966,-0.6154838845360453,5112.1244979919675,0.4819277108433735,5359.44578313253,none
dx_14,5,OOS,HIGH,238,-0.009363892939963142,0.1367192291501607,-0.06848994832818027,-1.0566114608668784,5275.390756302521,0.42016806722689076,5351.710084033613,none
dx_14,10,IS,total,714,-0.004385168252075044,0.06932806950132826,-0.06325242118549151,-1.6901539317708154,4506.5392156862745,0.4789915966386555,4649.802521008403,none
dx_14,10,IS,LOW,280,-0.003428575432804009,0.06736347326098878,-0.05089665462350127,-0.8516639281558851,4614.564285714286,0.5107142857142857,4738.15,none
dx_14,10,IS,MID,271,-0.00717930126434705,0.06878145314632475,-0.10437844703678911,-1.71828609834771,4426.970479704797,0.4575645756457565,4610.365313653137,none
dx_14,10,IS,HIGH,163,-0.0013829347739779656,0.07369071792505538,-0.018766743124750556,-0.23959773693461855,4453.263803680981,0.4601226993865031,4563.60736196319,none
dx_14,10,OOS,total,649,-0.003095831228626243,0.09791858671387725,-0.031616379816350994,-0.8054424012783015,5108.186440677966,0.44838212634822805,5348.050847457627,none
dx_14,10,OOS,LOW,167,-0.020349332571627958,0.07226478117357406,-0.2815940523330519,-3.6389971313071103,4928.934131736527,0.32934131736526945,5329.209580838324,none
dx_14,10,OOS,MID,244,0.002658420258865037,0.06693826400353388,0.03971450856157086,0.6203604552436017,5141.668032786885,0.5163934426229508,5357.377049180328,none
dx_14,10,OOS,HIGH,238,0.003111300541682215,0.1329698331077594,0.023398544383828792,0.36097516156810205,5199.638655462185,0.46218487394957986,5351.710084033613,none
dx_14,20,IS,total,714,0.0005329271931842162,0.06446987739192755,0.008266297606623733,0.2208819067977029,4366.480392156863,0.48599439775910364,4649.802521008403,none
dx_14,20,IS,LOW,280,0.0048715052993964685,0.06300404631620764,0.07732051485942873,1.2938196802783606,4489.875,0.5214285714285715,4738.15,none
dx_14,20,IS,MID,271,-0.010738128012029493,0.06291551381274431,-0.17067536067478406,-2.8096710374949105,4275.3726937269375,0.41697416974169743,4610.365313653137,none
dx_14,20,IS,HIGH,163,0.011819148609585963,0.06697968901506351,0.17645869641060702,2.2528738226642244,4305.98773006135,0.5398773006134969,4563.60736196319,none
dx_14,20,OOS,total,639,-0.0009844870636662854,0.09726071054455283,-0.010122145501037802,-0.25587214205288333,4924.951486697965,0.4460093896713615,5346.245696400626,none
dx_14,20,OOS,LOW,167,-0.02859992579101765,0.06871442368868079,-0.4162143005170669,-5.3786741340659585,4601.652694610779,0.2874251497005988,5329.209580838324,none
dx_14,20,OOS,MID,236,-0.006931875150914623,0.06769603510413558,-0.10239706269726796,-1.57305352546271,5067.8983050847455,0.4279661016949153,5353.771186440678,none
dx_14,20,OOS,HIGH,236,0.024504334360309493,0.12858445455941908,0.19056995998677276,2.9275912756477807,5010.779661016949,0.576271186440678,5350.775423728814,none
ema_12,5,IS,total,727,-0.0462957947253604,0.17749294135705126,-0.2608317512313354,-7.0327902130978295,4565.486932599725,0.437414030261348,4636.7716643741405,none
ema_12,5,IS,LOW,282,-0.024667757941744816,0.17380559852835964,-0.14192729204703847,-2.3833645244152453,4670.41134751773,0.49645390070921985,4732.301418439716,none
ema_12,5,IS,MID,282,-0.05489088994703504,0.1744655979926992,-0.31462300062922455,-5.283418625476524,4491.464539007092,0.4148936170212766,4583.531914893617,none
ema_12,5,IS,HIGH,163,-0.06884358319448523,0.18583147694293986,-0.3704624443986089,-4.729747868723677,4512.0245398773,0.37423312883435583,4563.60736196319,none
ema_12,5,OOS,total,654,-0.02386137787894861,0.19194264148847837,-0.12431514797289546,-3.1791639520716717,5244.957186544342,0.44648318042813456,5348.909785932722,none
ema_12,5,OOS,LOW,167,-0.014183966843229553,0.18093848229867687,-0.07839110101418859,-1.013036281651448,5123.976047904192,0.47305389221556887,5329.209580838324,none
ema_12,5,OOS,MID,249,-0.028758801823889284,0.16739660639595472,-0.1718003873738283,-2.7109643860345285,5297.008032128514,0.42971887550200805,5359.44578313253,none
ema_12,5,OOS,HIGH,238,-0.025528054688506826,0.22172649660779928,-0.11513308097616363,-1.7761866646682147,5275.390756302521,0.44537815126050423,5351.710084033613,none
ema_12,10,IS,total,727,-0.06374297397958743,0.18144431371648614,-0.3513087441207352,-9.472315719863087,4496.235213204952,0.3741403026134801,4636.7716643741405,none
ema_12,10,IS,LOW,282,-0.04795723397735081,0.17447293479743195,-0.2748691883530848,-4.615838595429782,4609.641843971631,0.3900709219858156,4732.301418439716,none
ema_12,10,IS,MID,282,-0.061775190586716724,0.18010217320318062,-0.3430008060870293,-5.75996301544821,4407.436170212766,0.3971631205673759,4583.531914893617,none
ema_12,10,IS,HIGH,163,-0.09445765862633751,0.19257288243979395,-0.4905034261813513,-6.2623285292764725,4453.662576687117,0.3067484662576687,4563.60736196319,none
ema_12,10,OOS,total,649,-0.027212627553400304,0.20058768630252566,-0.1356644969340656,-3.45611796206584,5139.269645608629,0.44838212634822805,5348.050847457627,none
ema_12,10,OOS,LOW,167,0.00455666859333473,0.19321759429404933,0.023583093506485426,0.3047607323607342,4928.934131736527,0.5329341317365269,5329.209580838324,none
ema_12,10,OOS,MID,244,-0.042717511099549355,0.17112472654507221,-0.24962792906668618,-3.89931290418067,5224.3442622950815,0.39344262295081966,5357.377049180328,none
ema_12,10,OOS,HIGH,238,-0.033608765667872506,0.22986319144566605,-0.14621203793656012,-2.2556494605633604,5199.638655462185,0.44537815126050423,5351.710084033613,none
ema_12,20,IS,total,727,-0.08763292592071815,0.1830137789088942,-0.4788323941682149,-12.910727929107509,4358.66712517194,0.3562585969738652,4636.7716643741405,none
ema_12,20,IS,LOW,282,-0.08648951537485355,0.16780174934967873,-0.515426780173905,-8.655487504072996,4485.812056737589,0.30851063829787234,4732.301418439716,none
ema_12,20,IS,MID,282,-0.08894508112755131,0.18967346096744506,-0.4689379350905479,-7.874807040473455,4261.741134751773,0.3829787234042553,4583.531914893617,none
ema_12,20,IS,HIGH,163,-0.08734098730480938,0.1971135564436343,-0.44309985005919683,-5.657120183535495,4306.386503067484,0.39263803680981596,4563.60736196319,none
ema_12,20,OOS,total,639,-0.027821889945507383,0.20200362383362777,-0.1377296576046664,-3.481592169555652,4924.953051643192,0.4647887323943662,5346.245696400626,none
ema_12,20,OOS,LOW,167,-0.002110170182765961,0.17967898926478126,-0.011744112048940459,-0.15176737470753532,4601.652694610779,0.48502994011976047,5329.209580838324,none
ema_12,20,OOS,MID,236,-0.009139299529695243,0.19038261031445824,-0.0480049071425153,-0.7374653767491175,5067.902542372882,0.5127118644067796,5353.771186440678,none
ema_12,20,OOS,HIGH,236,-0.06469879053241198,0.22258861570518612,-0.2906653169455178,-4.46528532661789,5010.779661016949,0.4025423728813559,5350.775423728814,none
ema_26,5,IS,total,727,-0.044676811574388915,0.17787175279954032,-0.2511742919896856,-6.772396742910883,4565.486932599725,0.4401650618982118,4636.7716643741405,none
ema_26,5,IS,LOW,282,-0.023211035281093705,0.17412448658644536,-0.1333013853256671,-2.2385109182193497,4670.41134751773,0.49645390070921985,4732.301418439716,none
ema_26,5,IS,MID,282,-0.05334547671881324,0.17471292045160686,-0.30533217910228466,-5.1273992009486244,4491.464539007092,0.41843971631205673,4583.531914893617,none
ema_26,5,IS,HIGH,163,-0.06681659896077902,0.18660834855485178,-0.3580579297669466,-4.571377627613545,4512.0245398773,0.3803680981595092,4563.60736196319,none
ema_26,5,OOS,total,654,-0.02138817473530303,0.19169147237169012,-0.11157603658983493,-2.8533812590463445,5244.957186544342,0.45565749235474007,5348.909785932722,none
ema_26,5,OOS,LOW,167,-0.012514741919385104,0.1806518621076544,-0.0692754659341806,-0.895236315241085,5123.976047904192,0.47904191616766467,5329.209580838324,none
ema_26,5,OOS,MID,249,-0.026762136608745272,0.16659587366795364,-0.16064105322371638,-2.5348730633357945,5297.008032128514,0.42971887550200805,5359.44578313253,none
ema_26,5,OOS,HIGH,238,-0.021992152776358374,0.2219400410343116,-0.09909051414908236,-1.52869399771518,5275.390756302521,0.46638655462184875,5351.710084033613,none
ema_26,10,IS,total,727,-0.06178771625579771,0.18165260037639155,-0.3401422062099362,-9.171233055798917,4496.235213204952,0.37551581843191195,4636.7716643741405,none
ema_26,10,IS,LOW,282,-0.04621769126451751,0.17481638070291086,-0.264378492900282,-4.439669861298168,4609.641843971631,0.39361702127659576,4732.301418439716,none
ema_26,10,IS,MID,282,-0.05986481674362831,0.17982541528640972,-0.3329052050194408,-5.590429044285253,4407.436170212766,0.3971631205673759,4583.531914893617,none
ema_26,10,IS,HIGH,163,-0.0920515488323179,0.1934623601350864,-0.47581115400454277,-6.074750155096665,4453.662576687117,0.3067484662576687,4563.60736196319,none
ema_26,10,OOS,total,649,-0.024261348432664448,0.20038250687881512,-0.12107518171402522,-3.084448177223547,5139.269645608629,0.45454545454545453,5348.050847457627,none
ema_26,10,OOS,LOW,167,0.006487826399655722,0.19282921278317225,0.03364545395386222,0.43479508677555717,4928.934131736527,0.5389221556886228,5329.209580838324,none
ema_26,10,OOS,MID,244,-0.04041224827181203,0.17048865986295866,-0.2370377496327087,-3.7026480144930116,5224.3442622950815,0.39344262295081966,5357.377049180328,none
ema_26,10,OOS,HIGH,238,-0.029279384719410082,0.2301730477300956,-0.12720596528635938,-1.9624380524886393,5199.638655462185,0.4579831932773109,5351.710084033613,none
ema_26,20,IS,total,727,-0.08522258254842707,0.18299620161319355,-0.465706838705677,-12.556824397184592,4358.66712517194,0.35488308115543327,4636.7716643741405,none
ema_26,20,IS,LOW,282,-0.08423767177030136,0.167716782004103,-0.502261435997744,-8.434403780085791,4485.812056737589,0.30141843971631205,4732.301418439716,none
ema_26,20,IS,MID,282,-0.08684963357245239,0.18899760174067537,-0.4595277017939055,-7.716782351337166,4261.741134751773,0.375886524822695,4583.531914893617,none
ema_26,20,IS,HIGH,163,-0.08411164052791359,0.1982829217167745,-0.4242001267666304,-5.415824669471725,4306.386503067484,0.4110429447852761,4563.60736196319,none
ema_26,20,OOS,total,639,-0.024464367799922625,0.20102734463561836,-0.12169671665447641,-3.0763042843032724,4924.953051643192,0.4726134585289515,5346.245696400626,none
ema_26,20,OOS,LOW,167,-4.034952068682174e-05,0.17884876729805155,-0.00022560692643511064,-0.0029154840143050123,4601.652694610779,0.49700598802395207,5329.209580838324,none
ema_26,20,OOS,MID,236,-0.007004210863023129,0.18984146761220386,-0.03689505223026872,-0.5667925471118376,5067.902542372882,0.5127118644067796,5353.771186440678,none
ema_26,20,OOS,HIGH,236,-0.059207622417467805,0.2216690946380786,-0.26709913041390226,-4.103254699676296,5010.779661016949,0.4152542372881356,5350.775423728814,none
eom_14,5,IS,total,714,-0.03373583526068945,0.11744191562891024,-0.2872554920449954,-7.675690356244764,4571.557422969187,0.3963585434173669,4649.802521008403,l1_pending
eom_14,5,IS,LOW,280,-0.03761459679878205,0.12073771325754573,-0.31153974830172837,-5.213057081610866,4675.760714285714,0.4142857142857143,4738.15,l1_pending
eom_14,5,IS,MID,271,-0.027162847620628594,0.11127378717682888,-0.2441082334823673,-4.0185286904788935,4499.963099630996,0.4132841328413284,4610.365313653137,l1_pending
eom_14,5,IS,HIGH,163,-0.03800102802014074,0.12184259283948615,-0.3118862389132083,-3.981896940130241,4511.588957055214,0.3374233128834356,4563.60736196319,l1_pending
eom_14,5,OOS,total,654,-0.036346116747706034,0.1492368536484539,-0.24354652258566012,-6.228318413984075,5174.567278287462,0.3730886850152905,5348.909785932722,l1_pending
eom_14,5,OOS,LOW,167,-0.028406762433869144,0.10411911991537257,-0.27282945204452363,-3.5257335341438965,5123.976047904192,0.3652694610778443,5329.209580838324,l1_pending
eom_14,5,OOS,MID,249,-0.03088534750482254,0.12368144378507796,-0.24971690626843104,-3.9404663157794935,5112.128514056225,0.3614457831325301,5359.44578313253,l1_pending
eom_14,5,OOS,HIGH,238,-0.04763016595732265,0.19380567592982287,-0.24576249239764036,-3.791439071822341,5275.390756302521,0.3907563025210084,5351.710084033613,l1_pending
eom_14,10,IS,total,714,-0.037739469488305206,0.11955451768939797,-0.3156674479366155,-8.434879934438102,4501.05462184874,0.40896358543417366,4649.802521008403,l1_pending
eom_14,10,IS,LOW,280,-0.041740906150389175,0.12125275947181283,-0.34424706152846385,-5.7603551126536425,4614.560714285714,0.4107142857142857,4738.15,l1_pending
eom_14,10,IS,MID,271,-0.03688380119105303,0.11443246700415655,-0.3223193745330448,-5.30604656623273,4412.542435424354,0.4022140221402214,4610.365313653137,l1_pending
eom_14,10,IS,HIGH,163,-0.03228845012126118,0.12531613862407062,-0.25765596096223187,-3.289531099983324,4453.233128834356,0.4171779141104294,4563.60736196319,l1_pending
eom_14,10,OOS,total,649,-0.049908337909065965,0.14449751841884534,-0.3453923531364739,-8.799035433826981,5108.187981510016,0.33281972265023113,5348.050847457627,l1_pending
eom_14,10,OOS,LOW,167,-0.028079919429401554,0.09424265330232606,-0.29795340480623433,-3.8504065564235983,4928.934131736527,0.3413173652694611,5329.209580838324,l1_pending
eom_14,10,OOS,MID,244,-0.032399368563486006,0.12236698082075952,-0.26477214969407387,-4.135873192674497,5141.672131147541,0.35655737704918034,5357.377049180328,l1_pending
eom_14,10,OOS,HIGH,238,-0.08317528919656793,0.18371700211521144,-0.45273593755033936,-6.984469868043041,5199.638655462185,0.3025210084033613,5351.710084033613,l1_pending
eom_14,20,IS,total,714,-0.04593868912774865,0.11983551884002841,-0.3833478552304131,-10.24335310190794,4360.994397759104,0.3851540616246499,4649.802521008403,l1_pending
eom_14,20,IS,LOW,280,-0.05200845057863649,0.12481928307609533,-0.41666999919339265,-6.9722226516219425,4489.867857142857,0.3678571428571429,4738.15,l1_pending
eom_14,20,IS,MID,271,-0.03628217857054459,0.11084610303166008,-0.3273202898272536,-5.388372022042824,4260.944649446495,0.42066420664206644,4610.365313653137,l1_pending
eom_14,20,IS,HIGH,163,-0.05156679437163646,0.1250701831783121,-0.4123028611712983,-5.26393055052936,4305.957055214724,0.3558282208588957,4563.60736196319,l1_pending
eom_14,20,OOS,total,639,-0.060961183268892466,0.13367817416203073,-0.45602944273462087,-11.5277171563802,4924.953051643192,0.3302034428794992,5346.245696400626,l1_pending
eom_14,20,OOS,LOW,167,-0.018861498955366943,0.09650552364740664,-0.195444760491425,-2.525702928967089,4601.652694610779,0.41916167664670656,5329.209580838324,l1_pending
eom_14,20,OOS,MID,236,-0.03983996327942639,0.11816532167099211,-0.33715444358838936,-5.179464841487927,5067.902542372882,0.3898305084745763,5353.771186440678,l1_pending
eom_14,20,OOS,HIGH,236,-0.11187328156496347,0.15382568872533875,-0.7272730744259316,-11.172580966332148,5010.779661016949,0.2076271186440678,5350.775423728814,l1_pending
fi_13,5,IS,total,726,-0.04462138198514957,0.10362349199034915,-0.43061067647966667,-11.602540786868559,4566.381542699724,0.3333333333333333,4637.772727272727,l1_pending
fi_13,5,IS,LOW,281,-0.04460802534525227,0.10297452356864435,-0.4331947728363695,-7.261667635659443,4673.124555160142,0.33807829181494664,4735.227758007118,l1_pending
fi_13,5,IS,MID,282,-0.03576108668018573,0.10080329505862767,-0.3547610885079393,-5.957451740237037,4491.446808510638,0.3617021276595745,4583.531914893617,l1_pending
fi_13,5,IS,HIGH,163,-0.05997326230300808,0.10829754019928327,-0.5537823129929685,-7.070219273824983,4512.006134969325,0.27607361963190186,4563.60736196319,l1_pending
fi_13,5,OOS,total,654,-0.06329902479084469,0.1396979502685947,-0.45311348283307534,-11.587663082978736,5237.114678899083,0.2996941896024465,5348.909785932722,l1_pending
fi_13,5,OOS,LOW,167,-0.060324039345592335,0.09593919838799565,-0.6287736437157927,-8.125546213657454,5123.976047904192,0.2694610778443114,5329.209580838324,l1_pending
fi_13,5,OOS,MID,249,-0.05731709052210869,0.11035885318992407,-0.5193701172616193,-8.195522213830104,5276.409638554217,0.285140562248996,5359.44578313253,l1_pending
fi_13,5,OOS,HIGH,238,-0.07164492480039261,0.18564901878752232,-0.3859159895824235,-5.953621917930356,5275.390756302521,0.33613445378151263,5351.710084033613,l1_pending
fi_13,10,IS,total,726,-0.04972964949428148,0.10448110148333516,-0.47596789073106593,-12.824663128638797,4497.031680440771,0.33884297520661155,4637.772727272727,l1_pending
fi_13,10,IS,LOW,281,-0.04663031950549231,0.10585035428961131,-0.4405305945212962,-7.384638415204198,4612.131672597865,0.33807829181494664,4735.227758007118,l1_pending
fi_13,10,IS,MID,282,-0.04553778754642769,0.10745582226712208,-0.423781481409414,-7.116501233325771,4407.418439716312,0.3723404255319149,4583.531914893617,l1_pending
fi_13,10,IS,HIGH,163,-0.06232484456265276,0.0961918157784945,-0.6479225291491655,-8.272121095340985,4453.644171779141,0.2822085889570552,4563.60736196319,l1_pending
fi_13,10,OOS,total,649,-0.07645045081311483,0.13150115029723672,-0.5813671640157608,-14.8106066326747,5131.471494607088,0.2526964560862866,5348.050847457627,l1_pending
fi_13,10,OOS,LOW,167,-0.061751944031385994,0.08605600758144194,-0.7175785371282186,-9.273158351401177,4928.934131736527,0.2275449101796407,5329.209580838324,l1_pending
fi_13,10,OOS,MID,244,-0.0672365045469991,0.11725559741418891,-0.5734182932819455,-8.957080078528524,5203.602459016393,0.2459016393442623,5357.377049180328,l1_pending
fi_13,10,OOS,HIGH,238,-0.09621033955883315,0.16542413653311744,-0.5815979552631494,-8.972456253043186,5199.638655462185,0.2773109243697479,5351.710084033613,l1_pending
fi_13,20,IS,total,726,-0.060102354825066776,0.10154062242627615,-0.5919045342538082,-15.948504938977132,4359.282369146005,0.2741046831955923,4637.772727272727,l1_pending
fi_13,20,IS,LOW,281,-0.0569007867185777,0.10662657432623977,-0.5336454545044402,-8.945527898498971,4487.88256227758,0.298932384341637,4735.227758007118,l1_pending
fi_13,20,IS,MID,282,-0.051333903355110524,0.10715359061064715,-0.47906843870157545,-8.044927125009286,4261.723404255319,0.3333333333333333,4583.531914893617,l1_pending
fi_13,20,IS,HIGH,163,-0.08079158152722068,0.07741912539756625,-1.0435610207727877,-13.323295217942288,4306.368098159509,0.12883435582822086,4563.60736196319,l1_pending
fi_13,20,OOS,total,639,-0.08635471699391037,0.1282040102828651,-0.6735726659671579,-17.02687249967089,4924.953051643192,0.2519561815336463,5346.245696400626,l1_pending
fi_13,20,OOS,LOW,167,-0.054860146921320775,0.07690948548600363,-0.713307943417519,-9.217970118079284,4601.652694610779,0.19760479041916168,5329.209580838324,l1_pending
fi_13,20,OOS,MID,236,-0.0634709425527332,0.11541085198909501,-0.5499564508780376,-8.4485913083495,5067.902542372882,0.3432203389830508,5353.771186440678,l1_pending
fi_13,20,OOS,HIGH,236,-0.1315249033084878,0.15441806775659328,-0.8517455581416055,-13.084763544370734,5010.779661016949,0.19915254237288135,5350.775423728814,l1_pending
fisher_9,5,IS,total,719,-0.022328083443267414,0.11822276164297688,-0.18886450572603278,-5.064245974983512,4572.606397774687,0.4422809457579972,4644.794158553546,none
fisher_9,5,IS,LOW,280,-0.028195777426863102,0.11818150467647853,-0.2385802880412544,-3.992211802462066,4675.792857142857,0.44642857142857145,4738.15,none
fisher_9,5,IS,MID,276,-0.015914988705674697,0.11485635213888311,-0.13856428842899746,-2.302002849625146,4503.851449275362,0.4528985507246377,4598.032608695652,none
fisher_9,5,IS,HIGH,163,-0.02310759161608212,0.12396665087339517,-0.1864016770097425,-2.379817301034521,4511.773006134969,0.4171779141104294,4563.60736196319,none
fisher_9,5,OOS,total,654,-0.034353344798875106,0.1413613703371363,-0.24301791017549523,-6.214799984843161,5182.35626911315,0.41590214067278286,5348.909785932722,none
fisher_9,5,OOS,LOW,167,-0.020580495204981463,0.09705046232101917,-0.2120597338001979,-2.740415703283282,5123.970059880239,0.46107784431137727,5329.209580838324,none
fisher_9,5,OOS,MID,249,-0.02604587296215543,0.11898398924002693,-0.21890233407465415,-3.454220568228025,5132.590361445783,0.42168674698795183,5359.44578313253,none
fisher_9,5,OOS,HIGH,238,-0.052708917780066034,0.18194181166346016,-0.2897020607751357,-4.469305717461245,5275.390756302521,0.37815126050420167,5351.710084033613,none
fisher_9,10,IS,total,719,-0.01911989606639001,0.12044740542210924,-0.1587406220946323,-4.256498876899938,4502.589707927677,0.4631432545201669,4644.794158553546,none
fisher_9,10,IS,LOW,280,-0.02454674672802534,0.11972606109343155,-0.20502425707356733,-3.4307120072659996,4614.585714285714,0.42857142857142855,4738.15,none
fisher_9,10,IS,MID,276,-0.018695602190492877,0.11750306006885042,-0.15910736434896477,-2.6432900589342228,4418.014492753623,0.4855072463768116,4598.032608695652,none
fisher_9,10,IS,HIGH,163,-0.01051613486694044,0.1266833374969032,-0.08301119211670208,-1.059815954169247,4453.411042944786,0.48466257668711654,4563.60736196319,none
fisher_9,10,OOS,total,649,-0.04315402082997414,0.1313026583474723,-0.3286606788704434,-8.372788027371282,5108.180277349769,0.3713405238828968,5348.050847457627,none
fisher_9,10,OOS,LOW,167,-0.030872876921361918,0.09073624549357416,-0.3402485605771323,-4.3969804248817566,4928.928143712575,0.38323353293413176,5329.209580838324,none
fisher_9,10,OOS,MID,244,-0.022544074982992317,0.11145115344030364,-0.20227762824426537,-3.1596775608758807,5141.6557377049185,0.4098360655737705,5357.377049180328,none
fisher_9,10,OOS,HIGH,238,-0.07290098645771281,0.16493520427408964,-0.4419977334648691,-6.818808923878376,5199.638655462185,0.3235294117647059,5351.710084033613,none
fisher_9,20,IS,total,719,-0.024610947353028594,0.1259967875958934,-0.19532995898246805,-5.2376117723548985,4363.500695410292,0.47009735744089015,4644.794158553546,none
fisher_9,20,IS,LOW,280,-0.022502193418305737,0.13207516731217775,-0.17037414281761779,-2.8509046970101695,4489.9,0.49642857142857144,4738.15,none
fisher_9,20,IS,MID,276,-0.022722378165848423,0.11850830215204956,-0.1917365935822366,-3.1853675272896624,4269.148550724638,0.463768115942029,4598.032608695652,none
fisher_9,20,IS,HIGH,163,-0.031431169422869866,0.12812949824115755,-0.24530783195382558,-3.1318807423200954,4306.134969325153,0.43558282208588955,4563.60736196319,none
fisher_9,20,OOS,total,639,-0.05424638763468335,0.13696653555146623,-0.39605577680907206,-10.011675881774847,4924.945226917058,0.35524256651017216,5346.245696400626,none
fisher_9,20,OOS,LOW,167,-0.03831875378622185,0.10050042789206297,-0.3812795088531964,-4.9272171320648015,4601.646706586826,0.3652694610778443,5329.209580838324,none
fisher_9,20,OOS,MID,236,-0.02004951594629165,0.10519883726232113,-0.19058685882902573,-2.9278508805884114,5067.885593220339,0.4449152542372881,5353.771186440678,none
fisher_9,20,OOS,HIGH,236,-0.09971408497007955,0.17116849770292075,-0.5825492792671632,-8.949291838733785,5010.779661016949,0.2584745762711864,5350.775423728814,none
fisher_sig9,5,IS,total,718,-0.018620502322705963,0.11688087439798298,-0.15931179860361566,-4.268842806564917,4573.0947075208915,0.4373259052924791,4645.798050139276,none
fisher_sig9,5,IS,LOW,280,-0.023687616142758994,0.12105093490271464,-0.19568304996401795,-3.274403715503282,4675.45,0.4357142857142857,4738.15,none
fisher_sig9,5,IS,MID,275,-0.01528520574458208,0.10996479270738022,-0.1390009053648334,-2.3050692430742568,4505.509090909091,0.4581818181818182,4600.483636363636,none
fisher_sig9,5,IS,HIGH,163,-0.015543291828038593,0.12125088543979012,-0.12819116142254455,-1.6366351885189083,4511.294478527608,0.4049079754601227,4563.60736196319,none
fisher_sig9,5,OOS,total,654,-0.03199984493655498,0.13838780894636124,-0.23123312075096178,-5.9134225716143165,5174.114678899083,0.42048929663608564,5348.909785932722,none
fisher_sig9,5,OOS,LOW,167,-0.01712953120567948,0.09320126198257309,-0.18379076464525113,-2.37510011224874,5123.491017964072,0.4491017964071856,5329.209580838324,none
fisher_sig9,5,OOS,MID,249,-0.02298124801298173,0.11978448454698624,-0.19185496435447935,-3.027420273024077,5111.642570281125,0.42168674698795183,5359.44578313253,none
fisher_sig9,5,OOS,HIGH,238,-0.051869479503890877,0.17615492111448214,-0.29445376362878434,-4.54261141875542,5274.995798319328,0.39915966386554624,5351.710084033613,none
fisher_sig9,10,IS,total,718,-0.016066624469995024,0.11903986593208582,-0.13496843552529952,-3.6165496853063552,4502.990250696379,0.47075208913649025,4645.798050139276,none
fisher_sig9,10,IS,LOW,280,-0.02088551383220874,0.12093529025771552,-0.17269991073491694,-2.8898222379581617,4614.25,0.45357142857142857,4738.15,none
fisher_sig9,10,IS,MID,275,-0.01621201675709561,0.11378186578463904,-0.14248330913979695,-2.3628183765246136,4419.374545454545,0.48363636363636364,4600.483636363636,none
fisher_sig9,10,IS,HIGH,163,-0.007543483976912192,0.12457660148445009,-0.0605529761369657,-0.7730886467955416,4452.938650306748,0.4785276073619632,4563.60736196319,none
fisher_sig9,10,OOS,total,649,-0.04180045491708195,0.12868871887331257,-0.3248183312651698,-8.274902383925888,5107.7426810477655,0.3682588597842835,5348.050847457627,none
fisher_sig9,10,OOS,LOW,167,-0.030825262669048274,0.08784936573622334,-0.3508877088720738,-4.534468520969285,4928.4670658682635,0.3532934131736527,5329.209580838324,none
fisher_sig9,10,OOS,MID,244,-0.019535794628566958,0.1098091918493317,-0.17790673348522465,-2.7789920150891745,5141.184426229508,0.430327868852459,5357.377049180328,none
fisher_sig9,10,OOS,HIGH,238,-0.07232748943733106,0.16118380473337465,-0.4487267784562661,-6.922619573939468,5199.252100840336,0.31512605042016806,5351.710084033613,none
fisher_sig9,20,IS,total,718,-0.023745669876424097,0.1258634590696779,-0.1886621427056006,-5.055300598066619,4363.807799442897,0.47214484679665736,4645.798050139276,none
fisher_sig9,20,IS,LOW,280,-0.018206568187560293,0.1327441669627349,-0.13715531615540894,-2.2950474090774793,4489.621428571429,0.5071428571428571,4738.15,none
fisher_sig9,20,IS,MID,275,-0.024730058674056216,0.11669184821391154,-0.21192618895471393,-3.514398260063735,4270.08,0.45454545454545453,4600.483636363636,none
fisher_sig9,20,IS,HIGH,163,-0.031599912536135956,0.12891294099753348,-0.24512599194165127,-3.1295591644569836,4305.815950920245,0.44171779141104295,4563.60736196319,none
fisher_sig9,20,OOS,total,639,-0.0519804270113067,0.1367900834541959,-0.38000142772566053,-9.605846832111801,4924.571205007825,0.36932707355242567,5346.245696400626,none
fisher_sig9,20,OOS,LOW,167,-0.03724832834501516,0.09705591705133476,-0.3837821482364006,-4.95955836037102,4601.323353293413,0.3652694610778443,5329.209580838324,none
fisher_sig9,20,OOS,MID,236,-0.017458745430863853,0.10643958866069954,-0.16402492390794168,-2.5197986936399164,5067.449152542373,0.4703389830508475,5353.771186440678,none
fisher_sig9,20,OOS,HIGH,236,-0.09692694112255755,0.17157085979428083,-0.5649382490638339,-8.67874605921001,5010.432203389831,0.2711864406779661,5350.775423728814,none
fractal_high,5,IS,total,725,-0.06351012515174924,0.16681747297529156,-0.3807162644236683,-10.251099143390263,574.7724137931034,0.35586206896551725,4638.776551724138,none
fractal_high,5,IS,LOW,281,-0.05135884190145658,0.16431972034707387,-0.3125543409700134,-5.239365487598191,577.5800711743773,0.40213523131672596,4735.227758007118,none
fractal_high,5,IS,MID,281,-0.06494006387693543,0.16571513677531374,-0.39187768323774164,-6.569067006216189,575.6298932384342,0.35231316725978645,4585.928825622776,none
fractal_high,5,IS,HIGH,163,-0.08199293381159535,0.1721376175921573,-0.47632199723978874,-6.081272164924352,568.4539877300614,0.2822085889570552,4563.60736196319,none
fractal_high,5,OOS,total,654,-0.03938247433298602,0.18042793935555554,-0.2182725938879011,-5.58197752670408,665.6039755351682,0.41590214067278286,5348.909785932722,none
fractal_high,5,OOS,LOW,167,-0.034551341938892734,0.16835548248139198,-0.2052284928868392,-2.6521366154225103,657.7305389221557,0.4311377245508982,5329.209580838324,none
fractal_high,5,OOS,MID,249,-0.048884338109958424,0.1616774352107211,-0.302357209255858,-4.7711162860759,664.3092369477912,0.37349397590361444,5359.44578313253,none
fractal_high,5,OOS,HIGH,238,-0.032831361010916486,0.20575757964657748,-0.15956331264835907,-2.4616228949434316,672.4831932773109,0.4495798319327731,5351.710084033613,none
fractal_high,10,IS,total,725,-0.07310459762997887,0.17337191857510104,-0.42166342871906043,-11.353635283967764,566.0786206896552,0.32827586206896553,4638.776551724138,none
fractal_high,10,IS,LOW,281,-0.06180112634266395,0.16959049704089402,-0.3644138523148594,-6.108689308539654,570.576512455516,0.3202846975088968,4735.227758007118,none
fractal_high,10,IS,MID,281,-0.06682740956881392,0.1671366398712282,-0.3998369814081559,-6.702489156137865,564.44128113879,0.35231316725978645,4585.928825622776,none
fractal_high,10,IS,HIGH,163,-0.10341236006508833,0.18741906259931077,-0.5517707677696422,-7.044537583611245,561.1472392638037,0.3006134969325153,4563.60736196319,none
fractal_high,10,OOS,total,649,-0.03550485887101171,0.19317491142779972,-0.18379642888710143,-4.6823019551607,652.6040061633282,0.43143297380585516,5348.050847457627,none
fractal_high,10,OOS,LOW,167,-0.01216549937487772,0.17406307983280575,-0.06989132552729245,-0.9031949751419389,631.7305389221557,0.49700598802395207,5329.209580838324,none
fractal_high,10,OOS,MID,244,-0.05540879647734965,0.16733292304827205,-0.33112907769719274,-5.172401543535537,656.9672131147541,0.36475409836065575,5357.377049180328,none
fractal_high,10,OOS,HIGH,238,-0.0314759187865912,0.22647630630354032,-0.13898106738108332,-2.1440954800362046,662.7773109243698,0.453781512605042,5351.710084033613,none
fractal_high,20,IS,total,725,-0.09237450579950202,0.1787405575771202,-0.516807752262078,-13.915474597680149,548.2206896551725,0.32827586206896553,4638.776551724138,none
fractal_high,20,IS,LOW,281,-0.0957109065575351,0.16621615934652778,-0.5758219112619298,-9.65253414655991,555.1281138790035,0.28825622775800713,4735.227758007118,none
fractal_high,20,IS,MID,281,-0.0884825540695733,0.18201352790761757,-0.48613174573751095,-8.149053003513831,544.9181494661922,0.3487544483985765,4585.928825622776,none
fractal_high,20,IS,HIGH,163,-0.093332234775592,0.19422316600898068,-0.48054120779431847,-6.13513943927217,542.0061349693251,0.3619631901840491,4563.60736196319,none
fractal_high,20,OOS,total,639,-0.03110300138348096,0.20251872806387058,-0.15358086474684782,-3.8822861059526423,627.0422535211268,0.4413145539906103,5346.245696400626,none
fractal_high,20,OOS,LOW,167,-0.017904986090655318,0.16931005580406683,-0.10575264419837986,-1.3666253448097998,589.0299401197605,0.4311377245508982,5329.209580838324,none
fractal_high,20,OOS,MID,236,-0.020317527712974747,0.18416595468350155,-0.1103218439471695,-1.6947963250636502,641.2669491525423,0.4915254237288136,5353.771186440678,none
fractal_high,20,OOS,HIGH,236,-0.05122774858746971,0.23777019486975756,-0.2154506733509241,-3.309816046969758,639.7161016949152,0.3983050847457627,5350.775423728814,none
fractal_low,5,IS,total,725,-0.00983307540469091,0.1763648847599055,-0.055754156605931936,-1.501226610028652,556.4744827586206,0.5213793103448275,4638.776551724138,none
fractal_low,5,IS,LOW,281,0.0026467931146207722,0.1718629733484559,0.01540060120602209,0.25816111910868195,568.3879003558719,0.5516014234875445,4735.227758007118,none
fractal_low,5,IS,MID,281,-0.011346373432853116,0.17060217475276737,-0.06650778894991234,-1.1148736984397423,519.8896797153025,0.5338078291814946,4585.928825622776,none
fractal_low,5,IS,HIGH,163,-0.02873863557654982,0.19240657798584937,-0.14936410115179855,-1.9069531872073333,599.0061349693251,0.44785276073619634,4563.60736196319,none
fractal_low,5,OOS,total,654,-0.002531399686347814,0.18648977316373916,-0.01357393300127632,-0.34713193998612757,654.7981651376147,0.4908256880733945,5348.909785932722,none
fractal_low,5,OOS,LOW,167,0.0032398532784172133,0.15817051735726814,0.02048329443785775,0.26470250021802155,655.5329341317365,0.5029940119760479,5329.209580838324,none
fractal_low,5,OOS,MID,249,-0.007540759947148409,0.15663455060874806,-0.04814237930164085,-0.7596739317107973,667.8353413654619,0.4779116465863454,5359.44578313253,none
fractal_low,5,OOS,HIGH,238,-0.0013400910316268542,0.229296020555261,-0.005844371081459254,-0.09016256570437499,640.6428571428571,0.4957983193277311,5351.710084033613,none
fractal_low,10,IS,total,725,-0.03558140119241026,0.18340208692104815,-0.19400761348875775,-5.223814862379058,547.5255172413794,0.4262068965517241,4638.776551724138,none
fractal_low,10,IS,LOW,281,-0.02778410920796268,0.17386158104822644,-0.1598059159502053,-2.678835296751972,559.8185053380782,0.4483985765124555,4735.227758007118,none
fractal_low,10,IS,MID,281,-0.025716401287887533,0.18572544051393947,-0.13846461323082668,-2.3210898737279955,509.88256227758006,0.4483985765124555,4585.928825622776,none
fractal_low,10,IS,HIGH,163,-0.06602989211756764,0.19301137335700588,-0.3421036334238948,-4.367686807487275,591.2269938650306,0.3496932515337423,4563.60736196319,none
fractal_low,10,OOS,total,649,-0.008335528296936043,0.19577088040282767,-0.04257797829679499,-1.0846943666589597,642.2003081664099,0.47919876733436056,5348.050847457627,none
fractal_low,10,OOS,LOW,167,0.020782737734184386,0.17124910427993967,0.12135968723206281,1.5683127894032192,631.0958083832336,0.562874251497006,5329.209580838324,none
fractal_low,10,OOS,MID,244,-0.01806774612004561,0.16550793493437582,-0.10916543745899254,-1.7052186450686093,660.3196721311475,0.430327868852459,5357.377049180328,none
fractal_low,10,OOS,HIGH,238,-0.01878968492869392,0.23528471013981966,-0.07985935387611041,-1.2320101069225609,631.4159663865546,0.47058823529411764,5351.710084033613,none
fractal_low,20,IS,total,725,-0.06651911807897219,0.18333873774396411,-0.3628208577058458,-9.769250571059382,530.3958620689655,0.35586206896551725,4638.776551724138,none
fractal_low,20,IS,LOW,281,-0.07405666449175004,0.1662225981088503,-0.4455270542892988,-7.468394343173079,543.9217081850534,0.31316725978647686,4735.227758007118,none
fractal_low,20,IS,MID,281,-0.05955333327617508,0.18854601154929504,-0.3158557043281977,-5.2947064218728865,492.2419928825623,0.3879003558718861,4585.928825622776,none
fractal_low,20,IS,HIGH,163,-0.06553344315624465,0.20208553066778753,-0.3242856771570469,-4.140202370259252,572.8527607361963,0.37423312883435583,4563.60736196319,none
fractal_low,20,OOS,total,639,-0.01300539892840949,0.21097319118576943,-0.06164479408645704,-1.55828480312731,616.8701095461658,0.48043818466353677,5346.245696400626,none
fractal_low,20,OOS,LOW,167,0.006672376894874103,0.17202091269061268,0.038788172847766894,0.5012536612624353,590.3892215568862,0.5329341317365269,5329.209580838324,none
fractal_low,20,OOS,MID,236,0.01037664912282105,0.18744599438345383,0.055358073438442144,0.850426860803776,649.0508474576271,0.5042372881355932,5353.771186440678,none
fractal_low,20,OOS,HIGH,236,-0.05031197478679409,0.2501568106927028,-0.2011217469853269,-3.0896909033204993,603.4279661016949,0.4194915254237288,5350.775423728814,none
gann_hilo,5,IS,total,718,-0.04710773731352825,0.17821777466227598,-0.2643268181459328,-7.08277507450631,4573.505571030641,0.43036211699164345,4645.798050139276,none
gann_hilo,5,IS,LOW,280,-0.025283059471539884,0.174116537919815,-0.14520768545939824,-2.4297893193882367,4675.789285714286,0.48928571428571427,4738.15,none
gann_hilo,5,IS,MID,275,-0.05660395908172155,0.17595309599622985,-0.3216991367002397,-5.334776659079728,4505.967272727273,0.4036363636363636,4600.483636363636,none
gann_hilo,5,IS,HIGH,163,-0.06857674841477722,0.1859000224550608,-0.3688904794584135,-4.709678363870986,4511.748466257669,0.37423312883435583,4563.60736196319,none
gann_hilo,5,OOS,total,654,-0.025109454407492748,0.1908435013303926,-0.13157091665396922,-3.3647187988588847,5174.567278287462,0.44648318042813456,5348.909785932722,none
gann_hilo,5,OOS,LOW,167,-0.014113455505024776,0.18112196700713468,-0.07792238422669528,-1.006979125859442,5123.976047904192,0.47305389221556887,5329.209580838324,none
gann_hilo,5,OOS,MID,249,-0.03211074902100431,0.16393348691583076,-0.19587669136502356,-3.090882054819799,5112.128514056225,0.42971887550200805,5359.44578313253,none
gann_hilo,5,OOS,HIGH,238,-0.025500250449290128,0.22161833324698546,-0.11506381297828389,-1.7751180500434767,5275.390756302521,0.44537815126050423,5351.710084033613,none
gann_hilo,10,IS,total,718,-0.06514374660880956,0.1820478084154874,-0.3578386753227597,-9.588474102053187,4503.392757660167,0.36768802228412256,4645.798050139276,none
gann_hilo,10,IS,LOW,280,-0.049039510877618146,0.1746293070404816,-0.2808206234607005,-4.699027805518907,4614.582142857143,0.38571428571428573,4738.15,none
gann_hilo,10,IS,MID,275,-0.0641976753510699,0.1816736538801822,-0.353368108032933,-5.859947136115054,4419.821818181818,0.3890909090909091,4600.483636363636,none
gann_hilo,10,IS,HIGH,163,-0.09440359691931265,0.1924228465163295,-0.490604928824298,-6.263624428270839,4453.386503067484,0.3006134969325153,4563.60736196319,none
gann_hilo,10,OOS,total,649,-0.02818610431807723,0.20047280538018633,-0.1405981437962308,-3.581804976164349,5108.187981510016,0.4437596302003082,5348.050847457627,none
gann_hilo,10,OOS,LOW,167,0.004605963605328422,0.19321260344592814,0.023838836200027875,0.3080656563122281,4928.934131736527,0.5329341317365269,5329.209580838324,none
gann_hilo,10,OOS,MID,244,-0.04503667915149887,0.17046569246470517,-0.2641979069238445,-4.126903233854345,5141.672131147541,0.38114754098360654,5357.377049180328,none
gann_hilo,10,OOS,HIGH,238,-0.03392028534267329,0.22991300566703077,-0.14753530468736512,-2.276063825719325,5199.638655462185,0.44537815126050423,5351.710084033613,none
gann_hilo,20,IS,total,718,-0.08934933414727661,0.18350575855983223,-0.4869020724390193,-13.0467952006769,4364.111420612813,0.3467966573816156,4645.798050139276,none
gann_hilo,20,IS,LOW,280,-0.08753785744592797,0.16773742116660653,-0.5218743488310834,-8.732628130809353,4489.896428571428,0.30357142857142855,4738.15,none
gann_hilo,20,IS,MID,275,-0.09230947510064463,0.19103574112672977,-0.4832052607339489,-8.0130527329018,4270.418181818181,0.36727272727272725,4600.483636363636,none
gann_hilo,20,IS,HIGH,163,-0.0874669704307209,0.19706452529927418,-0.4438493955108776,-5.666689739252145,4306.110429447853,0.38650306748466257,4563.60736196319,none
gann_hilo,20,OOS,total,639,-0.027837254058664863,0.20214418427951464,-0.13770989335103964,-3.48109255987201,4924.953051643192,0.4616588419405321,5346.245696400626,none
gann_hilo,20,OOS,LOW,167,-0.001935430050785656,0.17960002762299887,-0.010776334928234791,-0.13926093809492077,4601.652694610779,0.49101796407185627,5329.209580838324,none
gann_hilo,20,OOS,MID,236,-0.00898686761595214,0.1903448265994896,-0.04721361634304717,-0.7253093368297931,5067.902542372882,0.5127118644067796,5353.771186440678,none
gann_hilo,20,OOS,HIGH,236,-0.06501647359169888,0.22293174050148348,-0.29164296409943574,-4.480304227176355,5010.779661016949,0.3898305084745763,5350.775423728814,none
gann_hilo_dir,5,IS,total,718,-0.022051162470950084,0.10689393351038638,-0.20629012093382712,-5.527651476742468,4573.505571030641,0.41225626740947074,4645.798050139276,none
gann_hilo_dir,5,IS,LOW,280,-0.029471043418490186,0.0966721820223682,-0.3048554692979943,-5.101207700638359,4675.789285714286,0.375,4738.15,none
gann_hilo_dir,5,IS,MID,275,-0.008928741874777914,0.1068634552626443,-0.08355280907615466,-1.385566589429031,4505.967272727273,0.48363636363636364,4600.483636363636,none
gann_hilo_dir,5,IS,HIGH,163,-0.031444407861355717,0.12118480285048255,-0.25947484438417356,-3.3127530489783186,4511.748466257669,0.3558282208588957,4563.60736196319,none
gann_hilo_dir,5,OOS,total,654,-0.03294084823437751,0.1273682653273215,-0.258626810608776,-6.6139730091939954,5174.567278287462,0.3944954128440367,5348.909785932722,none
gann_hilo_dir,5,OOS,LOW,167,-0.0286591015708155,0.09515522183649604,-0.3011826468132254,-3.892137559981295,5123.976047904192,0.3592814371257485,5329.209580838324,none
gann_hilo_dir,5,OOS,MID,249,-0.02906972058698385,0.10582577811940905,-0.27469413505453166,-4.33460033803648,5112.128514056225,0.39759036144578314,5359.44578313253,none
gann_hilo_dir,5,OOS,HIGH,238,-0.03999531242351985,0.16296752512677043,-0.2454189102547148,-3.78613854468185,5275.390756302521,0.41596638655462187,5351.710084033613,none
gann_hilo_dir,10,IS,total,718,-0.020593947355151555,0.10869065706706628,-0.18947302289693865,-5.077028556084293,4503.392757660167,0.43454038997214484,4645.798050139276,none
gann_hilo_dir,10,IS,LOW,280,-0.028530812423975618,0.09724686649861969,-0.29338541642758825,-4.909277005860336,4614.582142857143,0.3892857142857143,4738.15,none
gann_hilo_dir,10,IS,MID,275,-0.011676517999933808,0.1108931397326246,-0.1052952241057216,-1.746123752875319,4419.821818181818,0.48727272727272725,4600.483636363636,none
gann_hilo_dir,10,IS,HIGH,163,-0.022004811486526672,0.1222882560069875,-0.1799421482081593,-2.2973475580303577,4453.386503067484,0.4233128834355828,4563.60736196319,none
gann_hilo_dir,10,OOS,total,649,-0.03451932571011262,0.11880682806061514,-0.29055001529458296,-7.4019006404170185,5108.187981510016,0.3898305084745763,5348.050847457627,none
gann_hilo_dir,10,OOS,LOW,167,-0.027926987178606328,0.08820578657311458,-0.3166117356196058,-4.091525329147295,4928.934131736527,0.3592814371257485,5329.209580838324,none
gann_hilo_dir,10,OOS,MID,244,-0.028295440781891546,0.09868121316167947,-0.286735842368823,-4.478957039863842,5141.672131147541,0.3975409836065574,5357.377049180328,none
gann_hilo_dir,10,OOS,HIGH,238,-0.04552583183300124,0.1515484921002107,-0.3004043867549504,-4.6344131611699275,5199.638655462185,0.40336134453781514,5351.710084033613,none
gann_hilo_dir,20,IS,total,718,-0.021695013322716877,0.10997437469119062,-0.1972733501203052,-5.286042395914013,4364.111420612813,0.4456824512534819,4645.798050139276,none
gann_hilo_dir,20,IS,LOW,280,-0.029126341740756668,0.10461715125534356,-0.2784088592669357,-4.658671271631922,4489.896428571428,0.3964285714285714,4738.15,none
gann_hilo_dir,20,IS,MID,275,-0.010530274383613328,0.11181841053031236,-0.0941729929237254,-1.5616824145639567,4270.418181818181,0.509090909090909,4600.483636363636,none
gann_hilo_dir,20,IS,HIGH,163,-0.027765757195123853,0.114837634293557,-0.24178273408303447,-3.086875305484298,4306.110429447853,0.4233128834355828,4563.60736196319,none
gann_hilo_dir,20,OOS,total,639,-0.043286829247486724,0.11745256293644231,-0.36854733660355066,-9.316305170180279,4924.953051643192,0.38028169014084506,5346.245696400626,none
gann_hilo_dir,20,OOS,LOW,167,-0.0344167843268419,0.09592073038768907,-0.3588044439167356,-4.6367752844756716,4601.652694610779,0.3473053892215569,5329.209580838324,none
gann_hilo_dir,20,OOS,MID,236,-0.025438178895509193,0.0941414810167002,-0.27021222335557477,-4.151078940899591,5067.902542372882,0.4322033898305085,5353.771186440678,none
gann_hilo_dir,20,OOS,HIGH,236,-0.06741216392890359,0.14536159734812693,-0.4637549748951781,-7.12433910693802,5010.779661016949,0.3516949152542373,5350.775423728814,none
