100001.SH	南宁化工股份有限公司可转换公司债券	南化转债	181001	600301.SH	华锡有色	5.0	100.0	100.0	150000000.0	0.0	1998-08-03	2003-08-03		1.4	0	1	1998-09-02	2001-05-28	上交所	2000-07-12	2003-08-02	2001-05-25	4.56	4.56	19980803-19990802,票面利率:1.00%;19990803-20000802,票面利率:1.20%;20000803-20010524,票面利率:1.40%	0			
100009.SH	上海国际机场股份有限公司可转换公司债券	机场转债	181009	600009.SH	上海机场	5.0	100.0	100.0	1350000000.0	0.0	2000-02-25	2005-02-25		0.8	0.0	1	2000-03-16	2004-05-14	上交所	2000-08-25	2005-02-24	2004-04-23	10.0	7.69	20000225-20010224,票面利率:0.80%;20010225-20020224,票面利率:0.80%;20020225-20030224,票面利率:0.80%;20030225-20040224,票面利率:0.80%;20040225-20040422,票面利率:0.80%	100.8			
100016.SH	中国民生银行股份有限公司可转换公司债券	民生转债	181016	600016.SH	民生银行	5.0	100.0	100.0	4000000000.0	0.0	2003-02-27	2008-02-27		1.5	0	1	2003-03-18	2008-02-26	上交所	2003-08-27	2008-02-26	2008-02-26	10.11	2.39	20030227-20040226,票面利率:1.50%;20040227-20050226,票面利率:1.50%;20050227-20060226,票面利率:1.50%;20060227-20070226,票面利率:1.50%;20070227-20080226,票面利率:1.50%	0	AAA	AA	大公国际资信评估有限公司
100087.SH	南京水运实业股份有限公司可转换公司债券	水运转债	181087	600087.SH	退市长油	5.0	100.0	100.0	320000000.0	0.0	2002-08-13	2007-08-13		0.9	0.0	1	2002-08-28	2007-04-11	上交所	2003-08-13	2007-08-12	2007-03-29	12.09	5.41	20020813-20030812,票面利率:0.90%;20030813-20040812,票面利率:0.90%;20040813-20050812,票面利率:0.90%;20050813-20060812,票面利率:0.90%;20060813-20070328,票面利率:0.90%	100.9			
100096.SH	云南云天化股份有限公司可转换公司债券	云化转债	181096	600096.SH	云天化	3.0	100.0	100.0	410000000.0	0.0	2003-09-10	2006-09-10		2.2	0	1	2003-09-25	2006-09-09	上交所	2004-03-10	2006-09-09	2006-09-09	9.43	5.8	20030910-20040909,票面利率:1.60%;20040910-20050909,票面利率:1.90%;20050910-20060909,票面利率:2.20%	0			
100117.SH	西宁特殊钢股份有限公司可转换公司债券	西钢转债	181117	600117.SH	西宁特钢	5.0	100.0	100.0	490000000.0	0.0	2003-08-11	2008-08-11		2.1	3.8	1	2003-08-26	2007-06-14	上交所	2004-02-11	2008-08-10	2007-06-11	5.34	4.85	20030811-20040810,票面利率:1.20%;20040811-20050810,票面利率:1.50%;20050811-20060810,票面利率:1.80%;20060811-20070610,票面利率:2.10%	0	AA	AA	联合资信评估股份有限公司
100177.SH	雅戈尔集团股份有限公司可转换公司债券	雅戈转债	181177	600177.SH	雅戈尔	3.0	100.0	100.0	1190000000.0	0.0	2003-04-03	2006-04-03		2.5	2.2	1	2003-04-21	2006-04-10	上交所	2003-10-08	2006-04-02	2006-04-03	9.68	3.35	20030403-20040402,票面利率:1.00%;20040403-20050402,票面利率:1.80%;20050403-20060402,票面利率:2.50%	0	AAA	AAA	中诚信国际信用评级有限责任公司
100196.SH	上海复星实业股份有限公司可转换公司债券	复星转债	181196	600196.SH	复星医药	5.0	100.0	100.0	950000000.0	0.0	2003-10-28	2008-10-28		2.0	3.0	1	2003-11-17	2006-07-24	上交所	2004-04-28	2008-10-27	2006-07-12	10.06	5.03	20031028-20041027,票面利率:1.60%;20041028-20051027,票面利率:1.80%;20051028-20060711,票面利率:2.00%	0			
100220.SH	江苏阳光股份有限公司可转换公司债券	阳光转债	181220	600220.SH	ST阳光	3.0	100.0	100.0	830000000.0	0.0	2002-04-18	2005-04-18		1.0	0	1	2002-05-16	2005-04-25	上交所	2003-04-18	2005-04-17	2005-04-18	11.46	3.8	20020418-20030417,票面利率:1.00%;20030418-20040417,票面利率:1.00%;20040418-20050417,票面利率:1.00%	0			
100236.SH	广西桂冠电力股份有限公司可转换公司债券	桂冠转债	181236	600236.SH	桂冠电力	5.0	100.0	100.0	800000000.0	0.0	2003-06-30	2008-06-30		2.5	8.0	1	2003-07-15	2008-07-04	上交所	2004-06-30	2008-06-29	2008-06-30	12.88	5.77	20030630-20040629,票面利率:1.10%;20040630-20050629,票面利率:1.30%;20050630-20060629,票面利率:1.70%;20060630-20070629,票面利率:2.10%;20070630-20080629,票面利率:2.50%	110.5	AAA-	AAA	中诚信国际信用评级有限责任公司
100567.SH	安徽山鹰纸业股份有限公司可转换公司债券	山鹰转债	181567	600567.SH	山鹰国际	5.0	100.0	100.0	250000000.0	0.0	2003-06-16	2008-06-16		2.8	3.012	1	2003-07-01	2007-02-13	上交所	2003-12-16	2008-06-15	2007-01-31	8.41	2.46	20030616-20040615,票面利率:1.50%;20040616-20041028,票面利率:1.80%;20041029-20050615,票面利率:2.05%;20050616-20060615,票面利率:2.27%;20060616-20060818,票面利率:2.50%;20060819-20070130,票面利率:2.80%	0	AA+	AA+	大公国际资信评估有限公司
100726.SH	华电能源股份有限公司可转换公司债券	华电转债	181726	600726.SH	华电能源	5.0	100.0	100.0	800000000.0	0.0	2003-06-03	2008-06-03		1.5	0	1	2003-06-18	2007-06-05	上交所	2003-12-03	2008-06-02	2007-05-29	7.43	3.1	20030603-20040602,票面利率:1.50%;20040603-20050602,票面利率:1.50%;20050603-20060602,票面利率:1.50%;20060603-20070528,票面利率:1.50%	0	AAA	AAA	大公国际资信评估有限公司
100795.SH	国电电力发展股份有限公司可转换公司债券	国电转债	181795	600795.SH	国电电力	5.0	100.0	100.0	2000000000.0	0.0	2003-07-18	2008-07-18		2.1	0	1	2003-08-01	2007-04-30	上交所	2004-01-29	2008-07-17	2007-04-23	10.55	6.59	20030718-20040717,票面利率:0.80%;20040718-20050717,票面利率:1.10%;20050718-20060717,票面利率:1.80%;20060718-20070422,票面利率:2.10%	0	AAA	AAA	中诚信国际信用评级有限责任公司
110001.SH	邯郸钢铁股份有限公司可转换公司债券	邯钢转债	190001	600001.SH	邯郸钢铁	5.0	100.0	100.0	2000000000.0	0.0	2003-11-26	2008-11-26		2.3	0	1	2003-12-11	2007-03-16	上交所	2004-05-26	2008-11-25	2007-03-02	5.34	3.36	20031126-20041125,票面利率:1.00%;20041126-20051125,票面利率:1.30%;20051126-20061125,票面利率:1.70%;20061126-20070301,票面利率:2.30%	0	AAA	AAA	联合资信评估股份有限公司
110002.SH	山东南山铝业股份有限公司可转换公司债券	南山转债	190002	600219.SH	南山铝业	5.0	100.0	100.0	2800000000.0	0.0	2008-04-18	2013-04-18		1.5	2.3	1	2008-05-13	2009-09-24	上交所	2008-10-20	2013-04-17	2009-09-18	16.89	8.42	20080418-20090417,票面利率:1.00%;20090418-20090917,票面利率:1.50%	105.0	AA-	AA-	大公国际资信评估有限公司
110003.SH	新余钢铁股份有限公司可转换公司债券	新钢转债	190003	600782.SH	新钢股份	5.0	100.0	100.0	2760000000.0	0.0	2008-08-21	2013-08-21		2.8	4.2	1	2008-09-05	2013-08-27	上交所	2009-02-23	2013-08-20	2013-08-21	8.22	5.41	20080821-20090820,票面利率:1.50%;20090821-20100820,票面利率:1.80%;20100821-20110820,票面利率:2.10%;20110821-20120820,票面利率:2.40%;20120821-20130820,票面利率:2.80%	107.0	AA+	AA+	大公国际资信评估有限公司
110004.SH	厦门厦工机械股份有限公司可转换公司债券	厦工转债	190004	600815.SH	厦工股份	5.0	100.0	100.0	600000000.0	0.0	2009-08-28	2014-08-28		1.5	5.6	1	2009-09-11	2010-09-30	上交所	2010-03-01	2014-08-27	2010-09-27	7.5	7.45	20090828-20100827,票面利率:1.20%;20100828-20100926,票面利率:1.50%	108.0	AA+	AA+	中证鹏元资信评估股份有限公司
110005.SH	四川大西洋焊接材料股份有限公司可转换公司债券	西洋转债	190558	600558.SH	大西洋	5.0	100.0	100.0	265000000.0	0.0	2009-09-03	2014-09-03		1.0	3.2	1	2009-09-21	2010-05-19	上交所	2010-03-09	2014-09-02	2010-05-14	14.55	14.55	20090903-20100513,票面利率:1.00%	105.0	AA-	AA-	中证鹏元资信评估股份有限公司
110006.SH	浙江龙盛集团股份有限公司可转换公司债券	龙盛转债	190006	600352.SH	浙江龙盛	5.0	100.0	100.0	1250000000.0	0.0	2009-09-14	2014-09-14		1.0	3.2	1	2009-09-25	2010-05-12	上交所	2010-03-15	2014-09-13	2010-05-06	8.9	8.9	20090914-20100505,票面利率:1.00%	105.0	AA+	AA+	上海新世纪资信评估投资服务有限公司
110007.SH	山东博汇纸业股份有限公司可转换公司债券	博汇转债	190007	600966.SH	博汇纸业	5.0	100.0	100.0	975000000.0	0.0	2009-09-23	2014-09-23		2.0	5.0	1	2009-10-16	2014-09-29	上交所	2010-03-23	2014-09-22	2014-09-23	10.34	5.74	20090923-20100922,票面利率:1.00%;20100923-20110922,票面利率:1.20%;20110923-20120922,票面利率:1.40%;20120923-20130922,票面利率:1.70%;20130923-20140922,票面利率:2.00%	107.0	AA-	AA-	上海新世纪资信评估投资服务有限公司
110008.SH	北京王府井百货(集团)股份有限公司可转换公司债券	王府转债	190008	600859.SH	王府井	6.0	100.0	100.0	821000000.0	0.0	2009-10-19	2015-10-19		0.8	7.5	1	2009-10-30	2010-11-05	上交所	2010-04-26	2015-10-18	2010-10-28	33.56	33.26	20091019-20101018,票面利率:0.50%;20101019-20101027,票面利率:0.80%	0	AA	AA	中证鹏元资信评估股份有限公司
110009.SH	江苏双良空调设备股份有限公司可转换公司债券	双良转债	190009	600481.SH	双良节能	5.0	100.0	100.0	720000000.0	0.0	2010-05-04	2015-05-04		1.7	0.0	1	2010-05-14	2015-05-07	上交所	2010-11-04	2015-05-03	2015-05-04	21.11	12.58	20100504-20110503,票面利率:0.50%;20110504-20120503,票面利率:0.80%;20120504-20130503,票面利率:1.10%;20130504-20140503,票面利率:1.40%;20140504-20150503,票面利率:1.70%	101.7	AA	AA	中证鹏元资信评估股份有限公司
110010.SH	内蒙古包钢钢联股份有限公司可转换公司债券	包钢转债	190010	600010.SH	包钢股份	5.0	100.0	100.0	1800000000.0	0.0	2004-11-10	2009-11-10		2.6	3.8	1	2004-11-25	2009-11-16	上交所	2005-05-10	2009-11-09	2009-11-09	4.62	1.69	20041110-20051109,票面利率:1.30%;20051110-20061109,票面利率:1.50%;20061110-20071109,票面利率:1.70%;20071110-20081109,票面利率:2.10%;20081110-20091109,票面利率:2.60%	0	AAA	AAA	大公国际资信评估有限公司
110011.SH	北京歌华有线电视网络股份有限公司可转换公司债券	歌华转债	190011	600037.SH	歌华有线	6.0	100.0	100.0	1600000000.0	0.0	2010-11-25	2016-11-25		1.6	3.1	1	2010-12-10	2015-05-06	上交所	2011-05-26	2016-11-24	2015-04-29	15.09	14.69	20101125-20111124,票面利率:0.60%;20111125-20121124,票面利率:0.80%;20121125-20131124,票面利率:1.00%;20131125-20141124,票面利率:1.30%;20141125-20150428,票面利率:1.60%	105.0	AAA	AAA	中诚信证评数据科技有限公司
110012.SH	宁波海运股份有限公司可转换公司债券	海运转债	190012	600798.SH	宁波海运	5.0	100.0	100.0	720000000.0	0.0	2011-01-07	2016-01-07		1.6	1.4	1	2011-01-20	2015-05-15	上交所	2011-07-08	2016-01-06	2015-05-12	4.58	4.5	20110107-20120106,票面利率:0.70%;20120107-20130106,票面利率:0.90%;20130107-20140106,票面利率:1.10%;20140107-20150106,票面利率:1.30%;20150107-20150511,票面利率:1.60%	103.0	AA	AA	中诚信证评数据科技有限公司
110013.SH	国投华靖电力控股股份有限公司可转换公司债券	国投转债	190013	600886.SH	国投电力	6.0	100.0	100.0	3400000000.0	0.0	2011-01-25	2017-01-25		0.9	8.0	1	2011-02-15	2013-07-12	上交所	2011-07-26	2017-01-24	2013-07-08	7.29	2.91	20110125-20120124,票面利率:0.50%;20120125-20130124,票面利率:0.70%;20130125-20130707,票面利率:0.90%	109.8	AAA	AAA	中诚信证评数据科技有限公司
110015.SH	中国石油化工股份有限公司可转换公司债券	石化转债	190015	600028.SH	中国石化	6.0	100.0	100.0	23000000000.0	0.0	2011-02-23	2017-02-23		1.3	5.0	1	2011-03-07	2015-02-17	上交所	2011-08-24	2017-02-22	2015-02-12	9.73	4.89	20110223-20120222,票面利率:0.50%;20120223-20130222,票面利率:0.70%;20130223-20140222,票面利率:1.00%;20140223-20150211,票面利率:1.30%	107.0	AAA	AAA	联合信用评级有限公司
110016.SH	四川川投能源股份有限公司可转换公司债券	川投转债	190016	600674.SH	川投能源	6.0	100.0	100.0	2100000000.0	0.0	2011-03-21	2017-03-21		1.2	8.0	1	2011-03-31	2014-09-10	上交所	2011-09-22	2017-03-20	2014-09-03	17.3	9.02	20110321-20120320,票面利率:0.50%;20120321-20130320,票面利率:0.70%;20130321-20140320,票面利率:0.90%;20140321-20140902,票面利率:1.20%	109.8	AA+	AA+	中证鹏元资信评估股份有限公司
110017.SH	中海发展股份有限公司可转换公司债券	中海转债	190017	600026.SH	中远海能	6.0	100.0	100.0	3950000000.0	0.0	2011-08-01	2017-08-01		1.3	3.0	1	2011-08-12	2015-02-13	上交所	2012-02-02	2017-07-31	2015-02-10	8.7	6.24	20110801-20120731,票面利率:0.50%;20120801-20130731,票面利率:0.70%;20130801-20140731,票面利率:0.90%;20140801-20150209,票面利率:1.30%	105.0	AAA	AAA	中诚信证评数据科技有限公司
110018.SH	国电电力发展股份有限公司可转换公司债券	国电转债	190018	600795.SH	国电电力	6.0	100.0	100.0	5500000000.0	0.0	2011-08-19	2017-08-19		2.0	8.0	1	2011-09-02	2015-03-05	上交所	2012-02-20	2017-08-18	2015-02-27	2.67	2.27	20110819-20120818,票面利率:0.50%;20120819-20130818,票面利率:0.50%;20130819-20140818,票面利率:1.00%;20140819-20150226,票面利率:2.00%	110.0	AAA	AAA	上海新世纪资信评估投资服务有限公司
110019.SH	牡丹江恒丰纸业股份有限公司可转换公司债券	恒丰转债	190019	600356.SH	恒丰纸业	5.0	100.0	100.0	450000000.0	0.0	2012-03-23	2017-03-23		1.3	3.5	1	2012-04-12	2015-05-05	上交所	2012-09-24	2017-03-22	2015-04-27	6.88	6.67	20120323-20130322,票面利率:0.70%;20130323-20140322,票面利率:0.90%;20140323-20150322,票面利率:1.10%;20150323-20150426,票面利率:1.30%	105.0	AA	AA	中证鹏元资信评估股份有限公司
110020.SH	山东南山铝业股份有限公司可转换公司债券	南山转债	190020	600219.SH	南山铝业	6.0	100.0	100.0	6000000000.0	0.0	2012-10-16	2018-10-16		4.0	4.0	1	2012-10-31	2015-03-13	上交所	2013-04-17	2018-10-15	2015-03-11	6.92	6.65	20121016-20131015,票面利率:3.50%;20131016-20141015,票面利率:3.50%;20141016-20150310,票面利率:4.00%	108.0	AA	AA	上海新世纪资信评估投资服务有限公司
110021.SH	上海电力股份有限公司可转换公司债券	上电转债	190021	600021.SH	上海电力	5.0	100.0	100.0	1000000000.0	0.0	2006-12-01	2011-12-01		2.2	9.16	1	2006-12-19	2007-08-27	上交所	2007-06-01	2011-11-30	2007-08-15	4.63	4.43	20061201-20070814,票面利率:2.20%	0	AAA	AAA	上海新世纪资信评估投资服务有限公司
110022.SH	北京同仁堂股份有限公司可转换公司债券	同仁转债	190022	600085.SH	同仁堂	5.0	100.0	100.0	1205000000.0	0.0	2012-12-04	2017-12-04		1.3	4.0	1	2012-12-18	2015-03-10	上交所	2013-06-05	2017-12-03	2015-03-04	17.72	17.27	20121204-20131203,票面利率:0.50%;20131204-20141203,票面利率:0.70%;20141204-20150303,票面利率:1.30%	106.0	AAA	AAA	中诚信证评数据科技有限公司
110023.SH	中国民生银行股份有限公司可转换公司债券	民生转债	190023	600016.SH	民生银行	6.0	100.0	100.0	20000000000.0	0.0	2013-03-15	2019-03-15		0.6	4.5	1	2013-03-29	2015-07-01	上交所	2013-09-16	2019-03-14	2015-06-25	10.23	8.105	20130315-20140314,票面利率:0.60%;20140315-20150314,票面利率:0.60%;20150315-20150624,票面利率:0.60%	106.0	AA+	AA+	大公国际资信评估有限公司
110024.SH	上海隧道工程股份有限公司可转换公司债券	隧道转债	190024	600820.SH	隧道股份	6.0	100.0	100.0	2600000000.0	0.0	2013-09-13	2019-09-13		0.9	6.0	1	2013-09-30	2014-12-18	上交所	2014-03-14	2019-09-12	2014-12-12	9.71	4.71	20130913-20140912,票面利率:0.60%;20140913-20141211,票面利率:0.90%	108.0	AA+	AA+	上海新世纪资信评估投资服务有限公司
110025.SH	国金证券股份有限公司可转换公司债券	国金转债	190025	600109.SH	国金证券	6.0	100.0	100.0	2500000000.0	0.0	2014-05-14	2020-05-14		0.5	3.5	1	2014-06-03	2015-01-09	上交所	2014-11-21	2020-05-13	2014-12-30	19.97	9.99	20140514-20141229,票面利率:0.50%	105.0	AA+	AA+	上海新世纪资信评估投资服务有限公司
110026.SH	中海发展股份有限公司可转换公司债券	中海转债	190026	600026.SH	中远海能	5.0	100.0	100.0	2000000000.0	0.0	2007-07-02	2012-07-02		1.84	2.3	1	2007-07-12	2008-04-09	上交所	2008-01-02	2012-07-01	2008-03-27	25.31	25.31	20070702-20080326,票面利率:1.84%	105.0	AAA	AAA	远东资信评估有限公司
110027.SH	东方电气股份有限公司可转换公司债券	东方转债	190027	600875.SH	东方电气	6.0	100.0	100.0	4000000000.0	0.0	2014-07-10	2020-07-10		0.5	3.0	1	2014-07-25	2015-02-27	上交所	2015-01-12	2020-07-09	2015-02-17	12.0	12.0	20140710-20150216,票面利率:0.50%	105.0	AAA	AAA	中诚信证评数据科技有限公司
110028.SH	冠城大通股份有限公司可转换公司债券	冠城转债	190028	600067.SH	冠城新材	6.0	100.0	100.0	1800000000.0	0.0	2014-07-18	2020-07-18		1.2	8.0	1	2014-08-01	2015-04-29	上交所	2015-01-19	2020-07-17	2015-04-24	6.2	6.2	20140718-20150423,票面利率:1.20%	112.0	AA	AA	中证鹏元资信评估股份有限公司
110029.SH	浙江浙能电力股份有限公司可转换公司债券	浙能转债	190029	600023.SH	浙能电力	6.0	100.0	100.0	10000000000.0	0.0	2014-10-13	2020-10-13		0.5	4.5	1	2014-10-28	2015-06-05	上交所	2015-04-13	2020-10-12	2015-05-27	5.66	5.66	20141013-20150526,票面利率:0.50%	107.0	AAA	AAA	中诚信证评数据科技有限公司
110030.SH	格力地产股份有限公司可转换公司债券	格力转债	190030	600185.SH	珠免集团	5.0	100.0	100.0	980000000.0	0.0	2014-12-25	2019-12-25		2.0	4.0	1	2015-01-13	2019-12-25	上交所	2015-06-30	2019-12-24	2019-12-25	20.9	5.0	20141225-20151224,票面利率:0.60%;20151225-20161224,票面利率:0.80%;20161225-20171224,票面利率:1.00%;20171225-20181224,票面利率:1.50%;20181225-20191224,票面利率:2.00%	106.0	AA	AA	联合信用评级有限公司
110031.SH	航天信息股份有限公司可转换公司债券	航信转债	190031	600271.SH	航天信息	6.0	100.0	100.0	2400000000.0	0.0	2015-06-12	2021-06-12		1.6	5.4	1	2015-06-30	2021-06-15	上交所	2015-12-14	2021-06-11	1970-01-01	86.61	21.56	20150612-20160611,票面利率:0.20%;20160612-20170611,票面利率:0.50%;20170612-20180611,票面利率:1.00%;20180612-20190611,票面利率:1.50%;20190612-20200611,票面利率:1.50%;20200612-20210611,票面利率:1.60%	107.0	AAA	AAA	联合资信评估股份有限公司
110032.SH	三一重工股份有限公司可转换公司债券	三一转债	190032	600031.SH	三一重工	6.0	100.0	100.0	4500000000.0	0.0	2016-01-04	2022-01-04		1.5	4.0	1	2016-01-18	2019-03-26	上交所	2016-07-04	2022-01-03	2019-03-20	7.5	7.25	20160104-20170103,票面利率:0.20%;20170104-20180103,票面利率:0.50%;20180104-20190103,票面利率:1.00%;20190104-20190319,票面利率:1.50%	106.0	AA+	AA+	联合信用评级有限公司
110033.SH	厦门国贸集团股份有限公司公开发行可转换公司债券	国贸转债	190033	600755.SH	厦门国贸	6.0	100.0	100.0	2800000000.0	0.0	2016-01-05	2022-01-05		2.0	6.0	1	2016-01-19	2021-11-05	上交所	2016-07-05	2022-01-04	2021-11-05	9.03	6.72	20160105-20170104,票面利率:0.30%;20170105-20180104,票面利率:0.50%;20180105-20190104,票面利率:0.90%;20190105-20200104,票面利率:1.40%;20200105-20210104,票面利率:1.70%;20210105-20211104,票面利率:2.00%	108.0	AA+	AAA	上海新世纪资信评估投资服务有限公司
110034.SH	九州通医药集团股份有限公司可转换公司债券	九州转债	190034	600998.SH	九州通	6.0	100.0	100.0	1500000000.0	0.0	2016-01-15	2022-01-15		2.0	6.0	1	2016-01-29	2022-01-17	上交所	2016-07-21	2022-01-14	2022-01-17	18.78	17.83	20160115-20170114,票面利率:0.20%;20170115-20180114,票面利率:0.40%;20180115-20190114,票面利率:0.60%;20190115-20200114,票面利率:0.80%;20200115-20210114,票面利率:1.60%;20210115-20220114,票面利率:2.00%	108.0	AA+	AA+	中诚信国际信用评级有限责任公司
110035.SH	广州白云国际机场股份有限公司可转换公司债券	白云转债	190035	600004.SH	白云机场	5.0	100.0	100.0	3500000000.0	0.0	2016-02-26	2021-02-26		0.4	4.5	1	2016-03-15	2017-06-13	上交所	2016-09-05	2021-02-25	2017-06-07	12.88	12.56	20160226-20170225,票面利率:0.20%;20170226-20170606,票面利率:0.40%	106.0	AAA	AAA	中诚信证评数据科技有限公司
110036.SH	招商银行股份有限公司可转换公司债券	招行转债	190036	600036.SH	招商银行	5.0	100.0	100.0	6500000000.0	0.0	2004-11-10	2009-11-10		2.5	6.0	1	2004-11-29	2009-11-17	上交所	2005-05-10	2009-11-09	2009-11-10	9.34	4.42	20041110-20051109,票面利率:1.00%;20051110-20061109,票面利率:1.38%;20061110-20071109,票面利率:1.75%;20071110-20081109,票面利率:2.13%;20081110-20091109,票面利率:2.50%	0	AAA	AAA	中诚信国际信用评级有限责任公司
110037.SH	北京歌华有线电视网络股份有限公司可转换公司债券	歌华转债	190037	600037.SH	歌华有线	5.0	100.0	100.0	1250000000.0	0.0	2004-05-12	2009-05-12		2.6	3.4	1	2004-05-28	2009-05-18	上交所	2004-11-12	2009-05-11	2009-05-11	22.57	7.47	20040512-20050511,票面利率:1.30%;20050512-20060511,票面利率:1.60%;20060512-20070511,票面利率:1.90%;20070512-20080511,票面利率:2.20%;20080512-20090511,票面利率:2.60%	0	AAA	AAA	中诚信国际信用评级有限责任公司
110038.SH	湖北济川药业股份有限公司公开发行可转换公司债券	济川转债	190038	600566.SH	济川药业	5.0	100.0	100.0	843160000.0	0.0	2017-11-13	2022-11-13		6.0	0.0	1	2017-11-29	2022-11-14	上交所	2018-05-17	2022-11-12	2022-11-14	41.04	22.67	20171113-20181112,票面利率:0.20%;20181113-20191112,票面利率:0.50%;20191113-20201112,票面利率:0.80%;20201113-20211112,票面利率:1.50%;20211113-20221112,票面利率:6.00%	106.0	AA	AA	中诚信国际信用评级有限责任公司
110039.SH	上海宝信软件股份有限公司公开发行可转换公司债券	宝信转债	190039	600845.SH	宝信软件	6.0	100.0	100.0	1600000000.0	0.0	2017-11-17	2023-11-17		0.3	4.2	1	2017-12-05	2018-07-13	上交所	2018-05-23	2023-11-16	2018-07-09	18.46	18.19	20171117-20180708,票面利率:0.30%	106.0	AA+	AA+	上海新世纪资信评估投资服务有限公司
110040.SH	广东生益科技股份有限公司公开发行可转换公司债券	生益转债	190040	600183.SH	生益科技	6.0	100.0	100.0	1800000000.0	0.0	2017-11-24	2023-11-24		0.5	4.2	1	2017-12-11	2019-08-01	上交所	2018-05-30	2023-11-23	2019-08-01	17.34	11.27	20171124-20181123,票面利率:0.30%;20181124-20190731,票面利率:0.50%	106.0	AA+	AA+	中证鹏元资信评估股份有限公司
110041.SH	内蒙古蒙电华能热电股份有限公司公开发行可转换公司债券	蒙电转债	190041	600863.SH	华能蒙电	6.0	100.0	100.0	1875220000.0	0.0	2017-12-22	2023-12-22		1.5	4.0	1	2018-01-09	2021-11-05	上交所	2018-06-28	2023-12-21	2021-11-05	2.95	2.56	20171222-20181221,票面利率:0.40%;20181222-20191221,票面利率:0.60%;20191222-20201221,票面利率:1.00%;20201222-20211104,票面利率:1.50%	106.0	AAA	AAA	中诚信国际信用评级有限责任公司
110042.SH	中航航空电子系统股份有限公司公开发行可转换公司债券	航电转债	190042	600372.SH	中航机载	6.0	100.0	100.0	2400000000.0	0.0	2017-12-25	2023-12-25		1.0	3.0	1	2018-01-15	2020-09-08	上交所	2018-06-29	2023-12-24	2020-09-08	14.29	14.12	20171225-20181224,票面利率:0.20%;20181225-20191224,票面利率:0.50%;20191225-20200907,票面利率:1.00%	105.0	AAA	AAA	联合信用评级有限公司
110043.SH	无锡农村商业银行股份有限公司可转换公司债券	无锡转债	190043	600908.SH	无锡银行	6.0	100.0	100.0	3000000000.0	0.0	2018-01-30	2024-01-30		1.8	4.2	1	2018-03-14	2024-01-31	上交所	2018-08-06	2024-01-30	2024-01-31	8.9	5.43	20180130-20190129,票面利率:0.30%;20190130-20200129,票面利率:0.50%;20200130-20210129,票面利率:0.80%;20210130-20220129,票面利率:1.00%;20220130-20230129,票面利率:1.30%;20230130-20240129,票面利率:1.80%	106.0	AA+	AA+	联合资信评估股份有限公司
110044.SH	陕西广电网络传媒(集团)股份有限公司可转换公司债券	广电转债	190044	600831.SH	广电网络	6.0	100.0	100.0	800000000.0	0.0	2018-06-27	2024-06-27		2.0	6.0	1	2018-07-24	2024-06-27	上交所	2019-01-03	2024-06-26	2024-06-27	6.91	4.41	20180627-20190626,票面利率:0.40%;20190627-20200626,票面利率:0.60%;20200627-20210626,票面利率:1.00%;20210627-20220626,票面利率:1.50%;20220627-20230626,票面利率:1.80%;20230627-20240626,票面利率:2.00%	108.0	AA	AA	联合资信评估股份有限公司
110045.SH	海澜之家股份有限公司可转换公司债券	海澜转债	190045	600398.SH	海澜之家	6.0	100.0	100.0	3000000000.0	0.0	2018-07-13	2024-07-13		1.8	6.2	1	2018-07-31	2024-04-03	上交所	2019-01-21	2024-07-12	2024-04-03	12.4	6.1	20180713-20190712,票面利率:0.30%;20190713-20200712,票面利率:0.50%;20200713-20210712,票面利率:0.80%;20210713-20220712,票面利率:1.00%;20220713-20230712,票面利率:1.30%;20230713-20240402,票面利率:1.80%	108.0	AA+	AA+	大公国际资信评估有限公司
110046.SH	圆通速递股份有限公司公开发行可转换公司债券	圆通转债	190046	600233.SH	圆通速递	6.0	100.0	100.0	3650000000.0	0.0	2018-11-20	2024-11-20		0.8	8.0	1	2018-12-18	2020-03-23	上交所	2019-05-27	2024-11-19	2020-03-23	10.89	10.73	20181120-20191119,票面利率:0.50%;20191120-20200322,票面利率:0.80%	110.0	AA+	AA+	中诚信证评数据科技有限公司
110047.SH	山鹰国际控股股份公司公开发行可转换公司债券	山鹰转债	190047	600567.SH	山鹰国际	6.0	100.0	100.0	2300000000.0	0.0	2018-11-21	2024-11-21		3.0	10.0	1	2018-12-10	2024-11-21	上交所	2019-05-27	2024-11-20	2024-11-21	3.34	1.54	20181121-20191120,票面利率:0.40%;20191121-20201120,票面利率:0.60%;20201121-20211120,票面利率:1.00%;20211121-20221120,票面利率:1.50%;20221121-20231120,票面利率:2.00%;20231121-20241120,票面利率:3.00%	113.0	AA+	AA	联合资信评估股份有限公司
110048.SH	福建福能股份有限公司可转换公司债券	福能转债	190048	600483.SH	福能股份	6.0	100.0	100.0	2830000000.0	0.0	2018-12-07	2024-12-07		2.0	7.0	1	2018-12-28	2024-12-09	上交所	2019-06-14	2024-12-06	2024-12-09	8.69	5.26	20181207-20191206,票面利率:0.40%;20191207-20201206,票面利率:0.60%;20201207-20211206,票面利率:1.00%;20211207-20221206,票面利率:1.50%;20221207-20231206,票面利率:1.80%;20231207-20241206,票面利率:2.00%	109.0	AA+	AA+	中诚信国际信用评级有限责任公司
110049.SH	青岛海尔股份有限公司公开发行可转换公司债券	海尔转债	190049	600690.SH	海尔智家	6.0	100.0	100.0	3007490000.0	0.0	2018-12-18	2024-12-18		0.2	3.0	1	2019-01-18	2019-12-17	上交所	2019-06-25	2024-12-17	2019-12-17	14.55	14.2	20181218-20191216,票面利率:0.20%	105.0	AAA	AAA	联合信用评级有限公司
110050.SH	佳都新太科技股份有限公司公开发行可转换公司债券	佳都转债	190050	600728.SH	佳都科技	6.0	100.0	100.0	874723000.0	0.0	2018-12-19	2024-12-19		0.6	7.0	1	2019-01-21	2020-04-09	上交所	2019-06-25	2024-12-18	2020-04-09	7.95	7.89	20181219-20191218,票面利率:0.40%;20191219-20200408,票面利率:0.60%	109.0	AA	AA	中证鹏元资信评估股份有限公司
110051.SH	江苏中天科技股份有限公司可转换公司债券	中天转债	190051	600522.SH	中天科技	6.0	100.0	100.0	3965120000.0	0.0	2019-02-28	2025-02-28		1.0	7.0	1	2019-03-22	2021-12-17	上交所	2019-09-06	2025-02-27	2021-12-17	10.29	9.99	20190228-20200227,票面利率:0.40%;20200228-20210227,票面利率:0.60%;20210228-20211216,票面利率:1.00%	109.0	AA+	AA+	上海新世纪资信评估投资服务有限公司
110052.SH	贵州省广播电视信息网络股份有限公司可转换公司债券	贵广转债	190052	600996.SH	贵广网络	6.0	100.0	100.0	1600000000.0	0.0	2019-03-05	2025-03-05		2.2	10.8	1	2019-03-29	2025-03-05	上交所	2019-09-11	2025-03-04	2025-03-05	8.13	7.25	20190305-20200304,票面利率:0.50%;20200305-20210304,票面利率:0.80%;20210305-20220304,票面利率:1.00%;20220305-20230304,票面利率:1.70%;20230305-20240304,票面利率:2.00%;20240305-20250304,票面利率:2.20%	113.0	AA+	AA+	联合资信评估股份有限公司
110053.SH	江苏银行股份有限公司公开发行A股可转换公司债券	苏银转债	190053	600919.SH	江苏银行	6.0	100.0	100.0	20000000000.0	0.0	2019-03-14	2025-03-14		3.5	7.0	1	2019-04-03	2023-10-20	上交所	2019-09-20	2025-03-13	2023-10-20	7.9	5.48	20190314-20200313,票面利率:0.20%;20200314-20210313,票面利率:0.80%;20210314-20220313,票面利率:1.50%;20220314-20230313,票面利率:2.30%;20230314-20231019,票面利率:3.50%	111.0	AAA	AAA	中诚信国际信用评级有限责任公司
110054.SH	通威股份有限公司公开发行可转换公司债券	通威转债	190054	600438.SH	通威股份	6.0	100.0	100.0	5000000000.0	0.0	2019-03-18	2025-03-18		0.5	8.0	1	2019-04-10	2020-03-17	上交所	2019-09-23	2025-03-17	2020-03-17	12.44	12.28	20190318-20200316,票面利率:0.50%	110.0	AA+	AA+	中诚信证评数据科技有限公司
110055.SH	新疆伊力特实业股份有限公司可转换公司债券	伊力转债	190055	600197.SH	伊力特	6.0	100.0	100.0	876000000.0	0.0	2019-03-15	2025-03-15		2.0	8.0	1	2019-04-04	2025-03-17	上交所	2019-09-23	2025-03-14	2025-03-17	17.6	15.2	20190315-20200314,票面利率:0.50%;20200315-20210314,票面利率:0.70%;20210315-20220314,票面利率:1.00%;20220315-20230314,票面利率:1.50%;20230315-20240314,票面利率:1.80%;20240315-20250314,票面利率:2.00%	110.0	AA	AA	东方金诚国际信用评估有限公司
110056.SH	江苏亨通光电股份有限公司公开发行可转换公司债券	亨通转债	190056	600487.SH	亨通光电	6.0	100.0	100.0	1733000000.0	0.0	2019-03-19	2025-03-19		1.5	8.0	1	2019-04-16	2022-12-06	上交所	2019-09-26	2025-03-18	2022-12-06	21.79	14.88	20190319-20200318,票面利率:0.30%;20200319-20210318,票面利率:0.50%;20210319-20220318,票面利率:1.00%;20220319-20221205,票面利率:1.50%	110.0	AA+	AA+	中诚信国际信用评级有限责任公司
110057.SH	上海现代制药股份有限公司公开发行可转换公司债券	现代转债	190057	600420.SH	国药现代	6.0	100.0	100.0	1615940000.0	0.0	2019-04-01	2025-04-01		1.8	4.0	1	2019-04-30	2023-06-16	上交所	2019-10-08	2025-03-31	2023-06-16	10.09	9.51	20190401-20200331,票面利率:0.20%;20200401-20210331,票面利率:0.50%;20210401-20220331,票面利率:1.00%;20220401-20230331,票面利率:1.50%;20230401-20230615,票面利率:1.80%	106.0	AAA	AAA	联合资信评估股份有限公司
110058.SH	江苏永鼎股份有限公司公开发行可转换公司债券	永鼎转债	190058	600105.SH	永鼎股份	6.0	100.0	100.0	980000000.0	0.0	2019-04-16	2025-04-16		2.0	8.0	1	2019-05-08	2024-12-20	上交所	2019-10-22	2025-04-15	2024-12-20	6.5	3.74	20190416-20200415,票面利率:0.40%;20200416-20210415,票面利率:0.60%;20210416-20220415,票面利率:1.00%;20220416-20230415,票面利率:1.50%;20230416-20240415,票面利率:1.80%;20240416-20241219,票面利率:2.00%	110.0	AA	AA-	中诚信国际信用评级有限责任公司
110059.SH	上海浦东发展银行股份有限公司公开发行可转换公司债券	浦发转债	190059	600000.SH	浦发银行	6.0	100.0	100.0	50000000000.0	0.0	2019-10-28	2025-10-28		4.0	6.0	1	2019-11-15	2025-10-28	上交所	2020-05-06	2025-10-27	2025-10-28	15.05	12.51	20191028-20201027,票面利率:0.20%;20201028-20211027,票面利率:0.80%;20211028-20221027,票面利率:1.50%;20221028-20231027,票面利率:2.10%;20231028-20241027,票面利率:3.20%;20241028-20251027,票面利率:4.00%	110.0	AAA	AAA	上海新世纪资信评估投资服务有限公司
110060.SH	西藏天路股份有限公司可转换公司债券	天路转债	190060	600326.SH	西藏天路	6.0	100.0	100.0	1086988000.0	0.0	2019-10-28	2025-10-28		2.0	8.0	1	2019-11-28	2025-10-28	上交所	2020-05-06	2025-10-27	2025-10-28	7.24	4.17	20191028-20201027,票面利率:0.40%;20201028-20211027,票面利率:0.60%;20211028-20221027,票面利率:1.00%;20221028-20231027,票面利率:1.50%;20231028-20241027,票面利率:1.80%;20241028-20251027,票面利率:2.00%	110.0	AA	AA	上海新世纪资信评估投资服务有限公司
110061.SH	四川川投能源股份有限公司公开发行可转换公司债券	川投转债	190061	600674.SH	川投能源	6.0	100.0	100.0	4000000000.0	0.0	2019-11-11	2025-11-11		1.8	4.0	1	2019-12-02	2024-02-01	上交所	2020-05-15	2025-11-10	2024-02-01	9.92	8.4	20191111-20201110,票面利率:0.20%;20201111-20211110,票面利率:0.50%;20211111-20221110,票面利率:1.00%;20221111-20231110,票面利率:1.50%;20231111-20240131,票面利率:1.80%	106.0	AAA	AAA	联合资信评估股份有限公司
110062.SH	烽火通信科技股份有限公司公开发行可转换公司债券	烽火转债	190062	600498.SH	烽火通信	6.0	100.0	100.0	3088350000.0	0.0	2019-12-02	2025-12-02		2.0	4.0	1	2019-12-25	2025-12-02	上交所	2020-06-08	2025-12-01	2025-12-02	25.99	21.71	20191202-20201201,票面利率:0.20%;20201202-20211201,票面利率:0.50%;20211202-20221201,票面利率:1.00%;20221202-20231201,票面利率:1.50%;20231202-20241201,票面利率:1.80%;20241202-20251201,票面利率:2.00%	106.0	AAA	AAA	上海新世纪资信评估投资服务有限公司
110063.SH	山鹰国际控股股份公司2019年公开发行可转换公司债券	鹰19转债	190063	600567.SH	山鹰国际	6.0	100.0	100.0	1860000000.0	0.0	2019-12-13	2025-12-13		2.5	8.5	1	2020-01-03	2025-12-15	上交所	2020-06-19	2025-12-12	2025-12-15	3.3	1.76	20191213-20201212,票面利率:0.30%;20201213-20211212,票面利率:0.50%;20211213-20221212,票面利率:0.90%;20221213-20231212,票面利率:1.50%;20231213-20241212,票面利率:2.00%;20241213-20251212,票面利率:2.50%	111.0	AA+	AA	联合资信评估股份有限公司
110064.SH	重庆建工集团股份有限公司可转换公司债券	建工转债	190064	600939.SH	重庆建工	6.0	100.0	100.0	1660000000.0	0.0	2019-12-20	2025-12-20		3.6	9.4	1	2020-01-16	2025-12-22	上交所	2020-06-29	2025-12-19	2025-12-22	4.65	4.07	20191220-20201219,票面利率:0.40%;20201220-20211219,票面利率:0.60%;20211220-20221219,票面利率:1.00%;20221220-20231219,票面利率:2.00%;20231220-20241219,票面利率:3.20%;20241220-20251219,票面利率:3.60%	113.0	AA+	AA+	联合资信评估股份有限公司
110065.SH	淮北矿业控股股份有限公司公开发行可转换公司债券	淮矿转债	190065	600985.SH	淮北矿业	6.0	100.0	100.0	2757400000.0	0.0	2019-12-23	2025-12-23		0.5	4.0	1	2020-01-13	2021-07-02	上交所	2020-06-29	2025-12-22	2021-07-02	9.93	8.68	20191223-20201222,票面利率:0.20%;20201223-20210701,票面利率:0.50%	106.0	AAA	AAA	中诚信国际信用评级有限责任公司
110066.SH	盛屯矿业集团股份有限公司公开发行可转换公司债券	盛屯转债	190066	600711.SH	盛屯矿业	6.0	100.0	100.0	2386456000.0	0.0	2020-03-02	2026-03-02		1.0	8.0	1	2020-03-31	2022-03-18	上交所	2020-09-07	2026-03-01	2022-03-18	4.92	4.87	20200302-20210301,票面利率:0.40%;20210302-20220301,票面利率:0.60%;20220302-20220317,票面利率:1.00%	110.0	AA	AA	联合资信评估股份有限公司
110067.SH	华安证券股份有限公司公开发行可转换公司债券	华安转债	190067	600909.SH	华安证券	6.0	100.0	100.0	2800000000.0	0.0	2020-03-12	2026-03-12		2.0	5.0	1	2020-04-09	2026-03-12	上交所	2020-09-18	2026-03-11	2026-03-12	8.77	5.78	20200312-20210311,票面利率:0.20%;20210312-20220311,票面利率:0.40%;20220312-20230311,票面利率:0.60%;20230312-20240311,票面利率:0.80%;20240312-20250311,票面利率:1.50%;20250312-20260311,票面利率:2.00%	107.0	AA+	AAA	上海新世纪资信评估投资服务有限公司
110068.SH	福建龙净环保股份有限公司可转换公司债券	龙净转债	190068	600388.SH	龙净环保	6.0	100.0	100.0	2000000000.0	0.0	2020-03-24	2026-03-24		1.8	8.0	1	2020-04-15	2024-12-18	上交所	2020-09-30	2026-03-23	2024-12-18	10.93	9.92	20200324-20210323,票面利率:0.20%;20210324-20220323,票面利率:0.50%;20220324-20230323,票面利率:1.00%;20230324-20240323,票面利率:1.50%;20240324-20241217,票面利率:1.80%	110.0	AA+	AA+	上海新世纪资信评估投资服务有限公司
110069.SH	瀚蓝环境股份有限公司公开发行可转换公司债券	瀚蓝转债	190069	600323.SH	瀚蓝环境	6.0	100.0	100.0	992320000.0	0.0	2020-04-07	2026-04-07		0.4	8.0	1	2020-05-07	2021-04-28	上交所	2020-10-13	2026-04-06	2021-04-28	20.42	20.2	20200407-20210406,票面利率:0.20%;20210407-20210427,票面利率:0.40%	110.0	AA+	AA+	中诚信国际信用评级有限责任公司
110070.SH	凌源钢铁股份有限公司公开发行可转换公司债券	凌钢转债	190070	600231.SH	凌钢股份	6.0	100.0	100.0	440000000.0	0.0	2020-04-13	2026-04-13		2.2	9.8	1	2020-05-13	2026-04-13	上交所	2020-10-19	2026-04-12	2026-04-13	2.8	1.97	20200413-20210412,票面利率:0.40%;20210413-20220412,票面利率:0.70%;20220413-20230412,票面利率:1.10%;20230413-20240412,票面利率:1.60%;20240413-20250412,票面利率:2.00%;20250413-20260412,票面利率:2.20%	112.0	AA	AA	中诚信国际信用评级有限责任公司
110071.SH	湖南盐业股份有限公司公开发行可转换公司债券	湖盐转债	190071	600929.SH	雪天盐业	6.0	100.0	100.0	720000000.0	0.0	2020-07-10	2026-07-10		0.6	8.0	1	2020-07-31	2022-07-07	上交所	2021-01-18	2026-07-09	2022-07-07	6.6	5.69	20200710-20210709,票面利率:0.30%;20210710-20220706,票面利率:0.60%	110.0	AA	AA	联合资信评估股份有限公司
110072.SH	广汇汽车服务集团股份公司公开发行可转换公司债券	广汇转债	190072	600297.SH	广汇汽车	6.0	100.0	100.0	3370000000.0	2881556000.0	2020-08-18	2026-08-18		2.0	8.0	1	2020-09-15	2024-08-28	上交所	2021-02-24	2026-08-17	1970-01-01	4.03	1.5	20200818-20210817,票面利率:0.20%;20210818-20220817,票面利率:0.40%;20220818-20230817,票面利率:0.60%;20230818-20240817,票面利率:1.50%;20240818-20250817,票面利率:1.80%;20250818-20260817,票面利率:2.00%	110.0	AA+	AA-	联合资信评估股份有限公司
110073.SH	国投资本股份有限公司公开发行可转换公司债券	国投转债	190073	600061.SH	国投资本	6.0	100.0	100.0	8000000000.0	7999003177.26	2020-07-24	2026-07-24		2.0	5.0	1	2020-08-20	2026-07-24	上交所	2021-02-01	2026-07-23	2026-07-24	15.25	9.27	20200724-20210723,票面利率:0.20%;20210724-20220723,票面利率:0.40%;20220724-20230723,票面利率:0.60%;20230724-20240723,票面利率:0.80%;20240724-20250723,票面利率:1.50%;20250724-20260723,票面利率:2.00%	107.0	AAA	AAA	联合资信评估股份有限公司
110074.SH	铜陵精达特种电磁线股份有限公司公开发行可转换公司债券	精达转债	190074	600577.SH	精达股份	6.0	100.0	100.0	787000000.0	228622061.26	2020-08-19	2026-08-19		2.0	10.0	1	2020-09-21	1970-01-01	上交所	2021-02-25	2026-08-18	1970-01-01	3.8	3.26	20200819-20210818,票面利率:0.40%;20210819-20220818,票面利率:0.60%;20220819-20230818,票面利率:1.00%;20230819-20240818,票面利率:1.50%;20240819-20250818,票面利率:1.80%;20250819-20260818,票面利率:2.00%	112.0	AA	AA	联合资信评估股份有限公司
110075.SH	中国南方航空股份有限公司A股可转换公司债券	南航转债	190075	600029.SH	南方航空	6.0	100.0	100.0	16000000000.0	5895927009.66	2020-10-15	2026-10-15		2.0	4.5	1	2020-11-03	1970-01-01	上交所	2021-04-21	2026-10-14	1970-01-01	6.24	6.17	20201015-20211014,票面利率:0.20%;20211015-20221014,票面利率:0.40%;20221015-20231014,票面利率:0.60%;20231015-20241014,票面利率:0.80%;20241015-20251014,票面利率:1.50%;20251015-20261014,票面利率:2.00%	106.5	AAA	AAA	联合资信评估股份有限公司
110076.SH	浙江华海药业股份有限公司公开发行可转换公司债券	华海转债	190076	600521.SH	华海药业	6.0	100.0	100.0	1842600000.0	1842381000.0	2020-11-02	2026-11-02		2.0	8.0	1	2020-11-25	1970-01-01	上交所	2021-05-06	2026-11-01	1970-01-01	34.66	16.5	20201102-20211101,票面利率:0.30%;20211102-20221101,票面利率:0.50%;20221102-20231101,票面利率:1.00%;20231102-20241101,票面利率:1.50%;20241102-20251101,票面利率:1.80%;20251102-20261101,票面利率:2.00%	110.0	AA	AA	上海新世纪资信评估投资服务有限公司
110077.SH	江西洪城水业股份有限公司公开发行可转换公司债券	洪城转债		600461.SH	洪城环境	6.0	100.0	100.0	1800000000.0	668463017.12	2020-11-20	2026-11-20		2.0	8.0	1	2020-12-17	1970-01-01	上交所	2021-05-26	2026-11-19	1970-01-01	7.13	4.88	20201120-20211119,票面利率:0.20%;20211120-20221119,票面利率:0.40%;20221120-20231119,票面利率:0.60%;20231120-20241119,票面利率:0.80%;20241120-20251119,票面利率:1.50%;20251120-20261119,票面利率:2.00%	110.0	AA+	AA+	东方金诚国际信用评估有限公司
110078.SH	江苏澄星磷化工股份有限公司可转换公司债券	澄星转债	190078	600078.SH	澄星股份	5.0	100.0	100.0	440000000.0	0.0	2007-05-10	2012-05-10		2.7	5.0	1	2007-05-25	2012-05-17	上交所	2007-11-10	2012-05-09	2012-05-10	10.58	10.53	20070510-20080509,票面利率:1.40%;20080510-20090509,票面利率:1.70%;20090510-20100509,票面利率:2.00%;20100510-20110509,票面利率:2.30%;20110510-20120509,票面利率:2.70%	107.7	AAA	AAA	中诚信国际信用评级有限责任公司
110079.SH	杭州银行股份有限公司公开发行A股可转换公司债券	杭银转债		600926.SH	杭州银行	6.0	100.0	100.0	15000000000.0	0.0	2021-03-29	2027-03-29		1.8	6.0	1	2021-04-23	2025-07-07	上交所	2021-10-08	2027-03-28	2025-07-07	17.06	11.35	20210329-20220328,票面利率:0.20%;20220329-20230328,票面利率:0.40%;20230329-20240328,票面利率:0.80%;20240329-20250328,票面利率:1.20%;20250329-20250706,票面利率:1.80%	108.0	AAA	AAA	中诚信国际信用评级有限责任公司
110080.SH	武汉东湖高新集团股份有限公司公开发行可转换公司债券	东湖转债		600133.SH	东湖高新	6.0	100.0	100.0	1550000000.0	0.0	2021-04-12	2027-04-12		1.0	8.0	1	2021-05-12	2023-12-06	上交所	2021-10-18	2027-04-11	2023-12-06	6.16	5.71	20210412-20220411,票面利率:0.30%;20220412-20230411,票面利率:0.50%;20230412-20231205,票面利率:1.00%	110.0	AA	AA	中诚信国际信用评级有限责任公司
110081.SH	闻泰科技股份有限公司公开发行可转换公司债券	闻泰转债		600745.SH	*ST闻泰	6.0	100.0	100.0	8600000000.0	8058929207.08	2021-07-28	2027-07-28		1.8	6.0	1	2021-08-20	1970-01-01	上交所	2022-02-07	2027-07-27	1970-01-01	96.67	18.36	20210728-20220727,票面利率:0.10%;20220728-20230727,票面利率:0.20%;20230728-20240727,票面利率:0.30%;20240728-20250727,票面利率:1.50%;20250728-20260727,票面利率:1.80%;20260728-20270727,票面利率:2.00%	108.0	AA+	BBB+	中诚信国际信用评级有限责任公司
110082.SH	宏发科技股份有限公司公开发行可转换公司债券	宏发转债		600885.SH	宏发股份	6.0	100.0	100.0	2000000000.0	0.0	2021-10-28	2027-10-28		1.8	10.0	1	2021-11-23	2025-12-12	上交所	2022-05-05	2027-10-27	2025-12-12	72.28	22.72	20211028-20221027,票面利率:0.30%;20221028-20231027,票面利率:0.50%;20231028-20241027,票面利率:1.00%;20241028-20251027,票面利率:1.50%;20251028-20251211,票面利率:1.80%	112.0	AA	AA	上海新世纪资信评估投资服务有限公司
110083.SH	江苏金融租赁股份有限公司公开发行A股可转换公司债券	苏租转债		600901.SH	江苏金租	6.0	100.0	100.0	5000000000.0	0.0	2021-11-11	2027-11-11		0.6	5.0	1	2021-12-10	2024-10-18	上交所	2022-05-17	2027-11-10	2024-10-18	5.42	3.05	20211111-20221110,票面利率:0.20%;20221111-20231110,票面利率:0.40%;20231111-20241017,票面利率:0.60%	107.0	AAA	AAA	中诚信国际信用评级有限责任公司
110084.SH	贵州燃气集团股份有限公司公开发行可转换公司债券	贵燃转债		600903.SH	贵州燃气	6.0	100.0	100.0	1000000000.0	815729000.0	2021-12-27	2027-12-27		1.8	8.0	1	2022-01-18	1970-01-01	上交所	2022-07-01	2027-12-26	1970-01-01	10.17	7.1	20211227-20221226,票面利率:0.30%;20221227-20231226,票面利率:0.50%;20231227-20241226,票面利率:1.00%;20241227-20251226,票面利率:1.50%;20251227-20261226,票面利率:1.80%;20261227-20271226,票面利率:2.00%	110.0	AA	AA	中诚信国际信用评级有限责任公司
110085.SH	通威股份有限公司公开发行A股可转换公司债券	通22转债		600438.SH	通威股份	6.0	100.0	100.0	12000000000.0	11983083489.0	2022-02-24	2028-02-24		1.8	7.0	1	2022-03-18	1970-01-01	上交所	2022-09-02	2028-02-23	1970-01-01	39.27	34.6	20220224-20230223,票面利率:0.20%;20230224-20240223,票面利率:0.40%;20240224-20250223,票面利率:0.60%;20250224-20260223,票面利率:1.50%;20260224-20270223,票面利率:1.80%;20270224-20280223,票面利率:2.00%	109.0	AA+	AAA	联合资信评估股份有限公司
110086.SH	长江精工钢结构(集团)股份有限公司公开发行可转换公司债券	精工转债		600496.SH	精工钢构	6.0	100.0	100.0	2000000000.0	1999915000.0	2022-04-22	2028-04-22		1.8	10.0	1	2022-05-23	1970-01-01	上交所	2022-10-28	2028-04-21	1970-01-01	5.0	4.57	20220422-20230421,票面利率:0.30%;20230422-20240421,票面利率:0.50%;20240422-20250421,票面利率:1.00%;20250422-20260421,票面利率:1.50%;20260422-20270421,票面利率:1.80%;20270422-20280421,票面利率:2.00%	112.0	AA	AA	大公国际资信评估有限公司
110087.SH	新疆天业股份有限公司公开发行可转换公司债券	天业转债		600075.SH	新疆天业	6.0	100.0	100.0	3000000000.0	2997507000.0	2022-06-23	2028-06-23		1.8	6.0	1	2022-07-19	1970-01-01	上交所	2022-12-29	2028-06-22	1970-01-01	6.9	5.6	20220623-20230622,票面利率:0.20%;20230623-20240622,票面利率:0.40%;20240623-20250622,票面利率:0.60%;20250623-20260622,票面利率:1.50%;20260623-20270622,票面利率:1.80%;20270623-20280622,票面利率:2.00%	108.0	AA+	AA+	中诚信国际信用评级有限责任公司
110088.SH	淮北矿业控股股份有限公司公开发行可转换公司债券	淮22转债		600985.SH	淮北矿业	6.0	100.0	100.0	3000000000.0	0.0	2022-09-14	2028-09-14		0.5	4.0	1	2022-10-20	2024-04-03	上交所	2023-03-20	2028-09-13	2024-04-03	15.17	14.12	20220914-20230913,票面利率:0.20%;20230914-20240402,票面利率:0.50%	106.0	AAA	AAA	中诚信国际信用评级有限责任公司
110089.SH	湖北兴发化工集团股份有限公司公开发行可转换公司债券	兴发转债		600141.SH	兴发集团	6.0	100.0	100.0	2800000000.0	0.0	2022-09-22	2028-09-22		1.5	8.0	1	2022-10-31	2026-03-04	上交所	2023-03-28	2028-09-21	2026-03-04	39.54	28.4	20220922-20230921,票面利率:0.20%;20230922-20240921,票面利率:0.50%;20240922-20250921,票面利率:1.00%;20250922-20260303,票面利率:1.50%	110.0	AA+	AA+	中证鹏元资信评估股份有限公司
110090.SH	爱柯迪股份有限公司公开发行可转换公司债券	爱迪转债		600933.SH	爱柯迪	6.0	100.0	100.0	1570000000.0	1569605000.0	2022-09-23	2028-09-23		1.3	8.2	1	2022-10-28	1970-01-01	上交所	2023-03-29	2028-09-22	1970-01-01	18.93	17.15	20220923-20230922,票面利率:0.30%;20230923-20240922,票面利率:0.50%;20240923-20250922,票面利率:1.00%;20250923-20260922,票面利率:1.30%;20260923-20270922,票面利率:1.50%;20270923-20280922,票面利率:1.80%	110.0	AA	AA	中证鹏元资信评估股份有限公司
110091.SH	安徽合力股份有限公司公开发行可转换公司债券	合力转债		600761.SH	安徽合力	6.0	100.0	100.0	2047505000.0	0.0	2022-12-13	2028-12-13		0.4	6.0	1	2023-01-06	2024-07-04	上交所	2023-06-19	2028-12-12	2024-07-04	14.4	13.4	20221213-20231212,票面利率:0.20%;20231213-20240703,票面利率:0.40%	108.0	AA+	AA+	东方金诚国际信用评估有限公司
110092.SH	江苏三房巷聚材股份有限公司公开发行可转换公司债券	三房转债		600370.SH	*ST三房	6.0	100.0	100.0	2500000000.0	2118546000.0	2023-01-06	2029-01-06		1.5	8.0	1	2023-02-07	1970-01-01	上交所	2023-07-12	2029-01-05	1970-01-01	3.17	3.02	20230106-20240105,票面利率:0.30%;20240106-20250105,票面利率:0.50%;20250106-20260105,票面利率:1.00%;20260106-20270105,票面利率:1.50%;20270106-20280105,票面利率:1.80%;20280106-20290105,票面利率:2.00%	110.0	AA	A-	联合资信评估股份有限公司
110093.SH	神马实业股份有限公司向不特定对象发行可转换公司债券	神马转债		600810.SH	神马股份	6.0	100.0	100.0	3000000000.0	2219845000.0	2023-03-16	2029-03-16		1.2	5.0	1	2023-04-20	1970-01-01	上交所	2023-09-22	2029-03-15	1970-01-01	8.38	8.08	20230316-20240315,票面利率:0.20%;20240316-20250315,票面利率:0.40%;20250316-20260315,票面利率:0.80%;20260316-20270315,票面利率:1.20%;20270316-20280315,票面利率:1.80%;20280316-20290315,票面利率:2.00%	107.0	AAA	AAA	远东资信评估有限公司
110094.SH	新疆众和股份有限公司向不特定对象发行可转换公司债券	众和转债		600888.SH	新疆众和	6.0	100.0	100.0	1375000000.0	0.0	2023-07-18	2029-07-18		0.8	8.0	1	2023-08-14	2026-03-12	上交所	2024-01-24	2029-07-17	2026-03-12	8.2	6.65	20230718-20240717,票面利率:0.20%;20240718-20250717,票面利率:0.40%;20250718-20260311,票面利率:0.80%	110.0	AA	AA	联合资信评估股份有限公司
110095.SH	双良节能系统股份有限公司向不特定对象发行可转换公司债券	双良转债		600481.SH	双良节能	6.0	100.0	100.0	2600000000.0	1400632000.0	2023-08-08	2029-08-08		1.0	8.0	1	2023-09-08	1970-01-01	上交所	2024-02-19	2029-08-07	1970-01-01	12.13	6.18	20230808-20240807,票面利率:0.20%;20240808-20250807,票面利率:0.50%;20250808-20260807,票面利率:1.00%;20260808-20270807,票面利率:1.50%;20270808-20280807,票面利率:1.80%;20280808-20290807,票面利率:2.00%	110.0	AA	AA-	联合资信评估股份有限公司
110096.SH	河南豫光金铅股份有限公司向不特定对象发行可转换公司债券	豫光转债		600531.SH	豫光金铅	6.0	100.0	100.0	710000000.0	0.0	2024-08-12	2030-08-12		0.3	10.0	1	2024-09-03	2025-12-19	上交所	2025-02-16	2030-08-11	2025-12-19	6.17	5.95	20240812-20250811,票面利率:0.10%;20250812-20251218,票面利率:0.30%	112.0	AA	AA	联合资信评估股份有限公司
110097.SH	新疆天润乳业股份有限公司向不特定对象发行可转换公司债券	天润转债		600419.SH	天润乳业	6.0	100.0	100.0	990000000.0	988969000.0	2024-10-24	2030-10-24		0.5	8.0	1	2024-11-15	1970-01-01	上交所	2025-04-30	2030-10-23	1970-01-01	8.3	8.19	20241024-20251023,票面利率:0.30%;20251024-20261023,票面利率:0.50%;20261024-20271023,票面利率:1.00%;20271024-20281023,票面利率:1.50%;20281024-20291023,票面利率:1.80%;20291024-20301023,票面利率:2.00%	110.0	AA	AA	中诚信国际信用评级有限责任公司
110098.SH	南京医药股份有限公司向不特定对象发行可转换公司债券	南药转债		600713.SH	南京医药	6.0	100.0	100.0	1081491000.0	1081352000.0	2024-12-25	2030-12-25		0.4	6.0	1	2025-01-20	1970-01-01	上交所	2025-07-01	2030-12-24	1970-01-01	5.29	4.95	20241225-20251224,票面利率:0.20%;20251225-20261224,票面利率:0.40%;20261225-20271224,票面利率:0.60%;20271225-20281224,票面利率:1.50%;20281225-20291224,票面利率:1.80%;20291225-20301224,票面利率:2.00%	108.0	AA+	AA+	中诚信国际信用评级有限责任公司
110099.SH	福建福能股份有限公司向不特定对象发行可转换公司债券	福能转债		600483.SH	福能股份	6.0	100.0	100.0	3802000000.0	3801913000.0	2025-10-13	2031-10-13		0.2	4.0	1	2025-10-30	1970-01-01	上交所	2026-04-17	2031-10-12	1970-01-01	9.84	9.84	20251013-20261012,票面利率:0.20%;20261013-20271012,票面利率:0.40%;20271013-20281012,票面利率:0.60%;20281013-20291012,票面利率:1.50%;20291013-20301012,票面利率:1.70%;20301013-20311012,票面利率:2.00%	106.0	AA+	AA+	中证鹏元资信评估股份有限公司
110100.SH	龙建路桥股份有限公司向不特定对象发行可转换公司债券	龙建转债		600853.SH	龙建股份	6.0	100.0	100.0	1000000000.0	1000000000.0	2026-01-22	2032-01-22		0.1	8.0	1	2026-02-12	1970-01-01	上交所	2026-07-28	2032-01-21	1970-01-01	4.63	4.63	20260122-20270121,票面利率:0.10%;20270122-20280121,票面利率:0.30%;20280122-20290121,票面利率:0.60%;20290122-20300121,票面利率:1.00%;20300122-20310121,票面利率:1.50%;20310122-20320121,票面利率:2.00%	110.0	AA	AA	安融信用评级有限公司
110101.SH	宝鸡钛业股份有限公司公开发行可转换公司债券	宝钛转债		600456.SH	宝钛股份	6.0	100.0	100.0	3500000000.0	3500000000.0	2026-06-24	2032-06-24		0.1	4.0	1	1970-01-01	1970-01-01	上交所	2026-12-30	2032-06-23	1970-01-01	30.98	30.98	20260624-20270623,票面利率:0.10%;20270624-20280623,票面利率:0.30%;20280624-20290623,票面利率:0.60%;20290624-20300623,票面利率:1.00%;20300624-20310623,票面利率:1.50%;20310624-20320623,票面利率:2.00%	106.0	AAA	AAA	东方金诚国际信用评估有限公司
110219.SH	山东南山实业股份有限公司可转换公司债券	南山转债	190219	600219.SH	南山铝业	5.0	100.0	100.0	883000000.0	0.0	2004-10-19	2009-10-19		1.8	3.0	1	2004-11-03	2006-08-24	上交所	2005-04-19	2009-10-18	2006-08-11	7.37	4.12	20041019-20051018,票面利率:1.50%;20051019-20060810,票面利率:1.80%	0	AA+	AA+	大公国际资信评估有限公司
110227.SH	贵州赤天化股份有限公司可转换公司债券	赤化转债	190227	600227.SH	赤天化	5.0	100.0	100.0	450000000.0	0.0	2007-10-10	2012-10-10		1.8	5.0	1	2007-10-23	2009-06-02	上交所	2008-04-10	2012-10-09	2009-05-25	24.93	6.84	20071010-20081009,票面利率:1.50%;20081010-20090524,票面利率:1.80%	107.7	AAA	AAA	中诚信国际信用评级有限责任公司
110232.SH	浙江金鹰股份有限公司可转换公司债券	金鹰转债	190232	600232.SH	金鹰股份	4.0	100.0	100.0	320000000.0	0.0	2006-11-20	2010-11-20		3.26	0.0	1	2006-12-06	2009-05-19	上交所	2007-05-20	2010-11-19	2009-05-12	6.28	3.57	20061120-20070317,票面利率:1.20%;20070318-20070518,票面利率:1.33%;20070519-20070720,票面利率:1.46%;20070721-20070821,票面利率:1.59%;20070822-20070914,票面利率:1.72%;20070915-20071119,票面利率:1.85%;20071120-20071220,票面利率:2.45%;20071221-20081119,票面利率:2.62%;20081120-20090511,票面利率:3.26%	0	AAA	AAA	中诚信国际信用评级有限责任公司
110317.SH	营口港务股份有限公司可转换公司债券	营港转债	190317	600317.SH	营口港	5.0	100.0	100.0	700000000.0	0.0	2004-05-20	2009-05-20		2.4	3.9	1	2004-06-03	2007-04-06	上交所	2004-11-20	2009-05-19	2007-03-26	10.35	6.99	20040520-20050519,票面利率:1.80%;20050520-20060519,票面利率:2.10%;20060520-20070325,票面利率:2.40%	0	AAA	AAA	大公国际资信评估有限公司
110325.SH	珠海华发实业股份有限公司可转换公司债券	华发转债	190325	600325.SH	华发股份	5.0	100.0	100.0	430000000.0	0.0	2006-07-27	2011-07-27		1.3	0	1	2006-08-11	2007-04-13	上交所	2007-01-29	2011-07-26	2007-04-03	7.68	7.68	20060727-20070402,票面利率:1.30%	0	AAA	AAA	中诚信国际信用评级有限责任公司
110368.SH	广西五洲交通股份有限公司可转换公司债券	五洲转债	190368	600368.SH	五洲交通	5.0	100.0	100.0	540000000.0	0.0	2008-02-29	2013-02-28		1.5	2.9	1	2008-03-14	2009-07-08	上交所	2008-09-01	2013-02-27	2009-07-02	10.14	4.73	20080229-20090227,票面利率:1.30%;20090228-20090701,票面利率:1.50%	105.0	AAA	AAA	大公国际资信评估有限公司
110398.SH	凯诺科技股份有限公司可转换公司债券	凯诺转债	190398	600398.SH	海澜之家	5.0	100.0	100.0	430000000.0	0.0	2006-08-15	2011-08-15		1.7	3.4	1	2006-08-30	2007-10-26	上交所	2007-02-15	2011-08-14	2007-10-16	4.96	4.96	20060815-20070814,票面利率:1.40%;20070815-20071015,票面利率:1.70%	0	AA+	AA	联合资信评估股份有限公司
110418.SH	安徽江淮汽车股份有限公司可转换公司债券	江淮转债	190418	600418.SH	江淮汽车	5.0	100.0	100.0	880000000.0	0.0	2004-04-15	2009-04-15		1.8	0	1	2004-04-29	2006-07-18	上交所	2004-10-15	2009-04-14	2006-07-10	17.13	3.32	20040415-20050414,票面利率:1.20%;20050415-20060414,票面利率:1.50%;20060415-20060709,票面利率:1.80%	0	AAA	AAA	联合资信评估股份有限公司
110423.SH	柳州化工股份有限公司可转换公司债券	柳化转债	190423	600423.SH	*ST柳化	5.0	100.0	100.0	307000000.0	0.0	2006-07-28	2011-07-28		1.5	5.0	1	2006-08-10	2007-04-13	上交所	2007-01-29	2011-07-27	2007-04-03	9.86	9.86	20060728-20070402,票面利率:1.50%	107.7	AAA	AAA	中诚信国际信用评级有限责任公司
110488.SH	天津天药药业股份有限公司可转换公司债券	天药转债	190488	600488.SH	津药药业	6.0	100.0	100.0	390000000.0	0.0	2006-10-25	2012-10-25		1.52	0	1	2006-11-10	2007-07-04	上交所	2007-04-25	2012-10-24	2007-06-22	4.35	4.33	20061025-20070621,票面利率:1.52%	0	AA	AA	联合资信评估股份有限公司
110567.SH	安徽山鹰纸业股份有限公司可转换公司债券	山鹰转债	190567	600567.SH	山鹰国际	5.0	100.0	100.0	470000000.0	0.0	2007-09-05	2012-09-05		2.0	4.0	1	2007-09-17	2010-02-05	上交所	2008-03-05	2012-09-04	2010-02-01	7.31	4.24	20070905-20080904,票面利率:1.40%;20080905-20090904,票面利率:1.70%;20090905-20100131,票面利率:2.00%	0	AA-	AA	联合资信评估股份有限公司
110598.SH	黑龙江北大荒农业股份有限公司可转换公司债券	大荒转债	190598	600598.SH	北大荒	5.0	100.0	100.0	1500000000.0	0.0	2007-12-19	2012-12-19		2.1	2.3	1	2007-12-28	2010-03-12	上交所	2008-06-19	2012-12-18	2010-03-08	14.32	9.81	20071219-20081218,票面利率:1.50%;20081219-20091218,票面利率:1.80%;20091219-20100307,票面利率:2.10%	105.0	AA	AA	联合资信评估股份有限公司
110800.SH	苏州赛腾精密电子股份有限公司定向可转换公司债券	赛腾定转	190800	603283.SH	赛腾股份	3.0	100.0	100.0	126000000.0	0.0	2019-12-24	2022-12-24		0.01	0	0	2020-12-24	2021-05-31	上交所	2020-12-24	2022-12-23	2021-05-25	18.99	18.25	20191224-20210524,票面利率:0.01%	0			
110801.SH	宁波继峰汽车零部件股份有限公司第一期定向可转换公司债券	继峰定01	190801	603997.SH	继峰股份	6.0	100.0	100.0	400000000.0	0.0	2019-11-18	2025-11-18		3.0	15.0	1	2022-12-26	2025-11-18	上交所	2021-02-05	2025-11-17	1970-01-01	7.59	7.21	20191118-20201117,票面利率:3.00%;20201118-20211117,票面利率:3.00%;20211118-20221117,票面利率:3.00%;20221118-20231117,票面利率:3.00%;20231118-20241117,票面利率:3.00%;20241118-20251103,票面利率:3.00%	118.0			
110802.SH	宁波继峰汽车零部件股份有限公司第二期定向可转换公司债券	继峰定02	190802	603997.SH	继峰股份	6.0	100.0	100.0	718200000.0	0.0	2019-11-18	2025-11-18		3.0	15.0	1	2020-12-24	2022-01-21	上交所	2020-12-24	2025-11-17	1970-01-01	7.41	7.03	20191118-20201117,票面利率:3.00%;20201118-20211117,票面利率:3.00%;20211118-20220111,票面利率:3.00%	118.0			
110803.SH	江西国泰集团股份有限公司第一期定向可转换公司债券	国泰定01	190803	603977.SH	国泰集团	4.0	100.0	100.0	256429000.0	0.0	2020-02-28	2024-02-28		3.0	0	1	2022-06-10	2022-09-29	上交所	2022-06-10	2024-02-27	1970-01-01	10.35	7.08	20200228-20210227,票面利率:3.00%;20210228-20220227,票面利率:3.00%;20220228-20220919,票面利率:3.00%	0			
110804.SH	江西国泰集团股份有限公司2020年第二期定向可转换公司债券	国泰定02	190804	603977.SH	国泰集团	4.0	100.0	100.0	284921600.0	0.0	2020-08-31	2024-08-31		1.0	0	1	2021-03-01	2022-03-09	上交所	2021-03-01	2024-08-30	1970-01-01	8.62	8.52	20200831-20210830,票面利率:1.00%;20210831-20220227,票面利率:1.00%	0	AA	AA	中诚信国际信用评级有限责任公司
110805.SH	中闽能源股份有限公司定向可转换公司债券	中闽定01	190805	600163.SH	中闽能源	4.0	100.0	100.0	200000000.0	0.0	2020-03-31	2024-03-31		0.5	5.0	1	1970-01-01	1970-01-01	上交所	2021-03-31	2024-03-30	1970-01-01	3.39	3.39	20200331-20210330,票面利率:0.20%;20210331-20210926,票面利率:0.50%	106.5			
110806.SH	中闽能源股份有限公司第二期定向可转换公司债券	中闽定02		600163.SH	中闽能源	3.0	100.0	100.0	560000000.0	0.0	2020-07-22	2023-07-22		1.0	6.0	1	2021-01-22	2021-09-30	上交所	2021-07-22	2023-07-21	1970-01-01	3.62	3.62	20200722-20210721,票面利率:1.00%;20210722-20210921,票面利率:1.00%	107.0			
110807.SH	中国船舶重工集团动力股份有限公司2020年第一期定向可转换公司债券	动力定01	190807	600482.SH	中国动力	5.0	100.0	100.0	642500000.0	0.0	2020-05-13	2025-05-13		2.5	3.0	1	2021-05-13	2024-12-05	上交所	2021-05-13	2025-05-12	1970-01-01	20.23	19.88	20200513-20210512,票面利率:0.50%;20210513-20220512,票面利率:1.00%;20220513-20230512,票面利率:1.50%;20230513-20240512,票面利率:2.00%;20240513-20241127,票面利率:2.50%	105.0	AAA	AAA	联合信用评级有限公司
110808.SH	中国船舶重工集团动力股份有限公司2020年第二期定向可转换公司债券	动力定02	190808	600482.SH	中国动力	6.0	100.0	100.0	1500000000.0	0.0	2020-09-09	2026-09-09		2.0	4.0	1	2021-03-09	2026-03-23	上交所	2021-03-09	2026-09-08	1970-01-01	20.23	19.61	20200909-20210908,票面利率:0.20%;20210909-20220908,票面利率:0.40%;20220909-20230908,票面利率:1.00%;20230909-20240908,票面利率:1.50%;20240909-20250908,票面利率:1.80%;20250909-20260309,票面利率:2.00%	106.0	AAA	AAA	联合信用评级有限公司
110809.SH	新疆天业股份有限公司定向可转换公司债券	天业定01	190809	600075.SH	新疆天业	6.0	100.0	100.0	300000000.0	0.0	2020-05-12	2026-05-12		0.5	0	1	1970-01-01	1970-01-01	上交所	2021-05-18	2026-05-11	2021-08-27	5.94	5.84	20200512-20210511,票面利率:0.30%;20210512-20210819,票面利率:0.50%	0			
110810.SH	新疆天业股份有限公司2020年度第二期定向可转换公司债券	天业定02		600075.SH	新疆天业	6.0	100.0	100.0	1216722000.0	0.0	2020-12-29	2026-12-29		2.3	4.5	1	2021-06-29	2022-01-14	上交所	2021-06-29	2026-12-28	1970-01-01	5.25	5.15	20201229-20211228,票面利率:2.00%;20211229-20220104,票面利率:2.30%	107.5			
110811.SH	神马实业股份有限公司定向可转换公司债券	神马定01		600810.SH	神马股份	6.0	100.0	100.0	417234700.0	0.0	2020-09-22	2026-09-22		1.0	9.0	1	1970-01-01	1970-01-01	上交所	2021-09-22	2026-09-21	2022-06-30	6.36	5.13	20200922-20210921,票面利率:1.00%;20210922-20220623,票面利率:1.00%	110.0			
110812.SH	神马实业股份有限公司定向可转换公司债券	神马定02		600810.SH	神马股份	6.0	100.0	100.0	400000000.0	0.0	2021-03-24	2027-03-24		1.0	9.0	1	2021-09-28	2022-01-21	上交所	2021-09-24	2027-03-23	1970-01-01	7.31	6.68	20210324-20211223,票面利率:1.00%	110.0			
110813.SH	浙江海正药业股份有限公司2021年定向可转换公司债券	海正定转		600267.SH	海正药业	6.0	100.0	100.0	1815241500.0	0.0	2021-03-18	2027-03-18		0.01	0	1	2022-06-30	2024-05-29	上交所	2021-09-22	2027-03-17	1970-01-01	13.15	12.7	20210318-20220317,票面利率:0.01%;20220318-20230317,票面利率:0.01%;20230318-20240317,票面利率:0.01%;20240318-20240521,票面利率:0.01%	0			
110814.SH	华电国际电力股份有限公司定向可转换公司债券	华电定转		600027.SH	华电国际	3.0	100.0	100.0	1470159000.0	0.0	2021-09-28	2024-09-28		3.0	4.0	1	2022-10-26	2023-06-08	上交所	2022-09-28	2024-09-27	1970-01-01	4.36	4.11	20210928-20220927,票面利率:2.00%;20220928-20230516,票面利率:3.00%	107.0			
110815.SH	江西九丰能源股份有限公司非公开发行定向可转换公司债券	九丰定01		605090.SH	九丰能源	6.0	100.0	100.0	1079997300.0	235478700.0	2022-12-29	2028-12-29		0.01	0	0	2023-12-29	1970-01-01	上交所	2023-06-29	2028-12-28	1970-01-01	22.83	19.88	20221229-20281228,票面利率:0.01%	0			
110816.SH	江西九丰能源股份有限公司非公开发行定向可转换公司债券(品种二)	九丰定02		605090.SH	九丰能源	6.0	100.0	100.0	1200000000.0	0.0	2023-03-10	2029-03-10		2.5	12.5	1	2023-09-11	2026-05-18	上交所	2024-10-17	2029-03-09	1970-01-01	25.26	22.58	20230310-20240309,票面利率:2.50%;20240310-20250309,票面利率:2.50%;20250310-20260309,票面利率:2.50%;20260310-20260505,票面利率:2.50%	115.0			
110817.SH	保利发展控股集团股份有限公司向特定对象发行可转换公司债券	保利定转		600048.SH	保利发展	6.0	100.0	100.0	8500000000.0	8500000000.0	2025-05-15	2031-05-15		2.25	0.25	1	2025-06-19	1970-01-01	上交所	2025-11-21	2031-05-15	1970-01-01	16.09	15.89	20250515-20260514,票面利率:2.20%;20260515-20270514,票面利率:2.25%;20270515-20280514,票面利率:2.30%;20280515-20290514,票面利率:2.35%;20290515-20300514,票面利率:2.40%;20300515-20310514,票面利率:2.45%	102.45	AAA	AAA	中诚信国际信用评级有限责任公司
110818.SH	珠海华发实业股份有限公司向特定对象发行可转换公司债券	华发定转		600325.SH	华发股份	6.0	100.0	100.0	4800000000.0	4800000000.0	2025-09-22	2031-09-22		2.7	0.0	1	2025-11-04	1970-01-01	上交所	2026-03-26	2031-09-21	1970-01-01	7.06	7.06	20250922-20260921,票面利率:2.70%;20260922-20270921,票面利率:2.75%;20270922-20280921,票面利率:2.80%;20280922-20290921,票面利率:2.85%;20290922-20300921,票面利率:2.90%;20300922-20310921,票面利率:2.95%	102.95	AAA	AAA	联合资信评估股份有限公司
110874.SH	天津创业环保股份有限公司可转换公司债券	创业转债	190874	600874.SH	创业环保	5.0	100.0	100.0	1200000000.0	0.0	2004-07-01	2009-07-01		4.94	7.96	1	2004-07-19	2007-09-07	上交所	2005-07-01	2009-06-30	2007-08-28	7.7	3.82	20040701-20050630,票面利率:2.34%;20050701-20060630,票面利率:2.52%;20060701-20070630,票面利率:3.76%;20070701-20070827,票面利率:4.94%	0	AAA	AAA	联合资信评估股份有限公司
110971.SH	安徽恒源煤电股份有限公司可转换公司债券	恒源转债	190971	600971.SH	恒源煤电	5.0	100.0	100.0	400000000.0	0.0	2007-09-24	2012-09-24		2.1	7.3	1	2007-10-12	2009-12-25	上交所	2008-03-24	2012-09-23	2009-12-21	50.88	12.88	20070924-20080923,票面利率:1.50%;20080924-20090923,票面利率:1.80%;20090924-20091220,票面利率:2.10%	0	AAA	AAA	中诚信国际信用评级有限责任公司
111000.SH	上海起帆电缆股份有限公司公开发行可转换公司债券	起帆转债		605222.SH	起帆电缆	6.0	100.0	100.0	1000000000.0	999126000.0	2021-05-24	2027-05-24		3.0	12.0	1	2021-06-17	1970-01-01	上交所	2021-11-29	2027-05-23	1970-01-01	20.53	17.29	20210524-20220523,票面利率:0.40%;20220524-20230523,票面利率:0.60%;20230524-20240523,票面利率:1.00%;20240524-20250523,票面利率:1.50%;20250524-20260523,票面利率:2.00%;20260524-20270523,票面利率:3.00%	115.0	AA-	AA-	中诚信国际信用评级有限责任公司
111001.SH	山东玻纤集团股份有限公司公开发行可转换公司债券	山玻转债		605006.SH	山东玻纤	6.0	100.0	100.0	600000000.0	7875491.18	2021-11-08	2027-11-08		1.8	12.7	1	2021-12-06	2026-07-07	上交所	2022-05-12	2027-11-07	2026-07-07	13.91	11.18	20211108-20221107,票面利率:0.30%;20221108-20231107,票面利率:0.50%;20231108-20241107,票面利率:1.00%;20241108-20251107,票面利率:1.50%;20251108-20260706,票面利率:1.80%	115.0	AA-	AA-	联合资信评估股份有限公司
111002.SH	衢州五洲特种纸业股份有限公司公开发行可转换公司债券	特纸转债		605007.SH	五洲特纸	6.0	100.0	100.0	670000000.0	661882000.0	2021-12-08	2027-12-08		1.8	10.0	1	2021-12-30	1970-01-01	上交所	2022-06-14	2027-12-07	1970-01-01	18.5	13.49	20211208-20221207,票面利率:0.30%;20221208-20231207,票面利率:0.50%;20231208-20241207,票面利率:1.00%;20241208-20251207,票面利率:1.50%;20251208-20261207,票面利率:1.80%;20261208-20271207,票面利率:2.00%	112.0	AA	AA	中证鹏元资信评估股份有限公司
111003.SH	杭州聚合顺新材料股份有限公司公开发行可转换公司债券	聚合转债		605166.SH	聚合顺	6.0	100.0	100.0	204000000.0	203519000.0	2022-03-07	2028-03-07		2.5	12.0	1	2022-04-19	1970-01-01	上交所	2022-09-13	2028-03-06	1970-01-01	14.63	11.31	20220307-20230306,票面利率:0.40%;20230307-20240306,票面利率:0.60%;20240307-20250306,票面利率:1.00%;20250307-20260306,票面利率:1.50%;20260307-20270306,票面利率:2.50%;20270307-20280306,票面利率:3.00%	115.0	AA-	AA-	中证鹏元资信评估股份有限公司
111004.SH	明新旭腾新材料股份有限公司公开发行可转换公司债券	明新转债		605068.SH	明新旭腾	6.0	100.0	100.0	673000000.0	671505000.0	2022-03-30	2028-03-30		2.5	12.0	1	2022-04-25	1970-01-01	上交所	2022-10-10	2028-03-29	1970-01-01	24.81	24.41	20220330-20230329,票面利率:0.40%;20230330-20240329,票面利率:0.60%;20240330-20250329,票面利率:1.00%;20250330-20260329,票面利率:1.50%;20260330-20270329,票面利率:2.50%;20270330-20280329,票面利率:3.00%	115.0	AA-	AA-	中证鹏元资信评估股份有限公司
111005.SH	芜湖富春染织股份有限公司公开发行可转换公司债券	富春转债		605189.SH	富春染织	6.0	100.0	100.0	570000000.0	0.0	2022-06-23	2028-06-23		1.5	5.8	1	2022-07-25	2026-05-29	上交所	2022-12-29	2028-06-22	2026-05-29	23.19	11.98	20220623-20230622,票面利率:0.30%;20230623-20240622,票面利率:0.50%;20240623-20250622,票面利率:1.00%;20250623-20260528,票面利率:1.50%	108.3	AA-	AA-	中证鹏元资信评估股份有限公司
111006.SH	江苏嵘泰工业股份有限公司公开发行可转换公司债券	嵘泰转债		605133.SH	嵘泰股份	6.0	100.0	100.0	650670000.0	0.0	2022-08-11	2028-08-11		0.3	12.0	1	2022-09-21	2023-05-10	上交所	2023-02-17	2028-08-10	2023-05-10	31.18	27.34	20220811-20230509,票面利率:0.30%	115.0	AA-	AA-	上海资信有限公司
111007.SH	浙江永和制冷股份有限公司公开发行可转换公司债券	永和转债		605020.SH	永和股份	6.0	100.0	100.0	800000000.0	0.0	2022-10-11	2028-10-11		1.0	12.0	1	2022-11-01	2025-10-10	上交所	2023-04-17	2028-10-10	2025-10-10	33.64	19.68	20221011-20231010,票面利率:0.30%;20231011-20241010,票面利率:0.50%;20241011-20251009,票面利率:1.00%	115.0	AA-	AA-	中证鹏元资信评估股份有限公司
111008.SH	上海沿浦金属制品股份有限公司公开发行可转换公司债券	沿浦转债		605128.SH	上海沿浦	6.0	100.0	100.0	384000000.0	0.0	2022-11-02	2028-11-02		1.2	10.2	1	2022-11-28	2025-04-03	上交所	2023-05-08	2028-11-01	2025-04-03	47.11	31.62	20221102-20231101,票面利率:0.40%;20231102-20241101,票面利率:0.60%;20241102-20250402,票面利率:1.20%	113.0	A+	A+	中诚信国际信用评级有限责任公司
111009.SH	浙江盛泰服装集团股份有限公司公开发行A股可转换公司债券	盛泰转债		605138.SH	盛泰集团	6.0	100.0	100.0	701180000.0	701045000.0	2022-11-07	2028-11-07		1.5	8.0	1	2022-12-01	1970-01-01	上交所	2023-05-11	2028-11-06	1970-01-01	10.9	10.51	20221107-20231106,票面利率:0.30%;20231107-20241106,票面利率:0.50%;20241107-20251106,票面利率:1.00%;20251107-20261106,票面利率:1.50%;20261107-20271106,票面利率:1.80%;20271107-20281106,票面利率:2.00%	110.0	AA	AA	联合资信评估股份有限公司
111010.SH	杭州立昂微电子股份有限公司公开发行可转换公司债券	立昂转债		605358.SH	立昂微	6.0	100.0	100.0	3390000000.0	0.0	2022-11-14	2028-11-14		1.5	10.0	1	2022-12-07	2026-06-18	上交所	2023-05-18	2028-11-13	2026-06-18	45.38	33.59	20221114-20231113,票面利率:0.30%;20231114-20241113,票面利率:0.50%;20241114-20251113,票面利率:1.00%;20251114-20260617,票面利率:1.50%	112.0	AA	AAsti	中诚信国际信用评级有限责任公司
111011.SH	温州市冠盛汽车零部件集团股份有限公司公开发行可转换公司债券	冠盛转债		605088.SH	冠盛股份	6.0	100.0	100.0	601650000.0	0.0	2023-01-03	2029-01-03		0.8	12.0	1	2023-02-06	2025-07-29	上交所	2023-07-10	2029-01-02	2025-07-29	18.11	16.41	20230103-20240102,票面利率:0.30%;20240103-20250102,票面利率:0.40%;20250103-20250728,票面利率:0.80%	115.0	AA-	AA-	中证鹏元资信评估股份有限公司
111012.SH	浙江福莱新材料股份有限公司公开发行可转换公司债券	福新转债		605488.SH	福莱新材	6.0	100.0	100.0	429018000.0	101691038.78	2023-01-04	2029-01-04		1.8	12.0	1	2023-02-07	1970-01-01	上交所	2023-07-10	2029-01-03	1970-01-01	14.02	11.07	20230104-20240103,票面利率:0.40%;20240104-20250103,票面利率:0.60%;20250104-20260103,票面利率:1.20%;20260104-20270103,票面利率:1.80%;20270104-20280103,票面利率:2.50%;20280104-20290103,票面利率:3.00%	115.0	A+	A+	中证鹏元资信评估股份有限公司
111013.SH	浙江新中港热电股份有限公司公开发行可转换公司债券	新港转债		605162.SH	新中港	6.0	100.0	100.0	369135000.0	0.0	2023-03-08	2029-03-08		1.5	12.0	1	2023-05-05	2026-06-02	上交所	2023-09-14	2029-03-07	2026-06-02	9.18	8.67	20230308-20240307,票面利率:0.30%;20240308-20250307,票面利率:0.50%;20250308-20260307,票面利率:1.00%;20260308-20260601,票面利率:1.50%	115.0	AA-	AA-	中证鹏元资信评估股份有限公司
111014.SH	浙江李子园食品股份有限公司向不特定对象发行可转换公司债券	李子转债		605337.SH	李子园	6.0	100.0	100.0	600000000.0	599923000.0	2023-06-20	2029-06-20		1.5	10.0	1	2023-07-13	1970-01-01	上交所	2023-12-28	2029-06-19	1970-01-01	19.47	18.14	20230620-20240619,票面利率:0.30%;20240620-20250619,票面利率:0.50%;20250620-20260619,票面利率:1.00%;20260620-20270619,票面利率:1.50%;20270620-20280619,票面利率:1.80%;20280620-20290619,票面利率:2.00%	112.0	AA	AA	东方金诚国际信用评估有限公司
111015.SH	浙江东亚药业股份有限公司可转换公司债券	东亚转债		605177.SH	东亚药业	6.0	100.0	100.0	690000000.0	666214000.0	2023-07-06	2029-07-06		0.8	12.5	1	2023-08-02	1970-01-01	上交所	2024-01-12	2029-07-05	1970-01-01	24.95	20.28	20230706-20240705,票面利率:0.20%;20240706-20250705,票面利率:0.40%;20250706-20260705,票面利率:0.80%;20260706-20270705,票面利率:1.50%;20270706-20280705,票面利率:2.00%;20280706-20290705,票面利率:2.50%	115.0	AA-	A+	东方金诚国际信用评估有限公司
111016.SH	神通科技集团股份有限公司向不特定对象发行可转换公司债券	神通转债		605228.SH	神通科技	6.0	100.0	100.0	577000000.0	0.0	2023-07-25	2029-07-25		0.8	12.0	1	2023-08-15	2026-02-13	上交所	2024-01-31	2029-07-24	2026-02-13	11.6	11.48	20230725-20240724,票面利率:0.20%;20240725-20250724,票面利率:0.40%;20250725-20260212,票面利率:0.80%	115.0	AA-	AA-	中诚信国际信用评级有限责任公司
111017.SH	河南蓝天燃气股份有限公司向不特定对象发行可转换公司债券	蓝天转债		605368.SH	蓝天燃气	6.0	100.0	100.0	870000000.0	671534000.0	2023-08-15	2029-08-15		1.0	8.0	1	2023-09-08	1970-01-01	上交所	2024-02-21	2029-08-14	1970-01-01	10.13	7.98	20230815-20240814,票面利率:0.30%;20240815-20250814,票面利率:0.50%;20250815-20260814,票面利率:1.00%;20260815-20270814,票面利率:1.50%;20270815-20280814,票面利率:1.80%;20280815-20290814,票面利率:2.00%	110.0	AA	AA	中证鹏元资信评估股份有限公司
111018.SH	浙江华康药业股份有限公司向不特定对象发行可转换公司债券	华康转债		605077.SH	华康股份	6.0	100.0	100.0	1303023000.0	1302214000.0	2023-12-25	2029-12-25		0.8	12.5	1	2024-01-15	1970-01-01	上交所	2024-07-01	2029-12-24	1970-01-01	22.66	15.96	20231225-20241224,票面利率:0.20%;20241225-20251224,票面利率:0.40%;20251225-20261224,票面利率:0.80%;20261225-20271224,票面利率:1.50%;20271225-20281224,票面利率:2.00%;20281225-20291224,票面利率:2.50%	115.0	AA-	AA-	中证鹏元资信评估股份有限公司
111019.SH	江西宏柏新材料股份有限公司向不特定对象发行可转换公司债券	宏柏转债		605366.SH	宏柏新材	6.0	100.0	100.0	960000000.0	0.0	2024-04-17	2030-04-17		0.4	12.5	1	2024-05-14	2026-03-23	上交所	2024-10-23	2030-04-16	2026-03-23	7.51	5.46	20240417-20250416,票面利率:0.20%;20250417-20260322,票面利率:0.40%	115.0	AA-	AA-	中证鹏元资信评估股份有限公司
111020.SH	杭州聚合顺新材料股份有限公司向不特定对象发行可转换公司债券	合顺转债		605166.SH	聚合顺	6.0	100.0	100.0	338000000.0	337980000.0	2024-07-22	2030-07-22		0.4	12.5	1	2024-08-15	1970-01-01	上交所	2025-01-27	2030-07-21	1970-01-01	10.73	10.53	20240722-20250721,票面利率:0.20%;20250722-20260721,票面利率:0.40%;20260722-20270721,票面利率:0.80%;20270722-20280721,票面利率:1.50%;20280722-20290721,票面利率:2.00%;20290722-20300721,票面利率:2.50%	115.0	AA-	AA-	中证鹏元资信评估股份有限公司
111021.SH	奥锐特药业股份有限公司向不特定对象发行可转换公司债券	奥锐转债		605116.SH	奥锐特	6.0	100.0	100.0	812120000.0	812086000.0	2024-07-26	2030-07-26		0.4	12.5	1	2024-08-15	1970-01-01	上交所	2025-02-05	2030-07-25	1970-01-01	25.23	24.6	20240726-20250725,票面利率:0.30%;20250726-20260725,票面利率:0.40%;20260726-20270725,票面利率:0.80%;20270726-20280725,票面利率:1.50%;20280726-20290725,票面利率:2.00%;20290726-20300725,票面利率:2.50%	115.0	AA-	AA-	中证鹏元资信评估股份有限公司
111022.SH	无锡市振华汽车部件股份有限公司向不特定对象发行可转换公司债券	锡振转债		605319.SH	无锡振华	6.0	100.0	100.0	520000000.0	519740000.0	2025-06-18	2031-06-18		0.4	10.7	1	2025-07-14	1970-01-01	上交所	2025-12-24	2031-06-17	1970-01-01	31.98	22.39	20250618-20260617,票面利率:0.20%;20260618-20270617,票面利率:0.40%;20270618-20280617,票面利率:0.80%;20280618-20290617,票面利率:1.50%;20290618-20300617,票面利率:1.90%;20300618-20310617,票面利率:2.30%	113.0	AA-	AA-	中证鹏元资信评估股份有限公司
111023.SH	江苏利柏特股份有限公司向不特定对象发行可转换公司债券	利柏转债		605167.SH	利柏特	6.0	100.0	100.0	750000000.0	0.0	2025-07-03	2031-07-03		0.1	8.0	1	2025-07-22	2026-06-24	上交所	2026-01-09	2031-07-02	2026-06-24	12.14	12.09	20250703-20260623,票面利率:0.10%	110.0	AA	AA	中证鹏元资信评估股份有限公司
111024.SH	常州澳弘电子股份有限公司向不特定对象发行可转换公司债券	澳弘转债		605058.SH	澳弘电子	6.0	100.0	100.0	580000000.0	579959027.34	2025-12-11	2031-12-11		0.2	10.0	1	2026-01-16	1970-01-01	上交所	2026-06-17	2031-12-10	1970-01-01	34.04	33.54	20251211-20261210,票面利率:0.20%;20261211-20271210,票面利率:0.40%;20271211-20281210,票面利率:0.60%;20281211-20291210,票面利率:1.00%;20291211-20301210,票面利率:1.50%;20301211-20311210,票面利率:2.00%	112.0	AA-	AA-	中证鹏元资信评估股份有限公司
111025.SH	济南圣泉集团股份有限公司向不特定对象发行可转换公司债券	圣泉转债		605589.SH	圣泉集团	6.0	100.0	100.0	2500000000.0	2500000000.0	2026-06-25	2032-06-25		0.1	6.0	1	1970-01-01	1970-01-01	上交所	2027-01-01	2032-06-24	1970-01-01	70.8	70.8	20260625-20270624,票面利率:0.10%;20270625-20280624,票面利率:0.30%;20280625-20290624,票面利率:0.60%;20290625-20300624,票面利率:1.00%;20300625-20310624,票面利率:1.50%;20310625-20320624,票面利率:2.00%	108.0	AA+sti	AA+sti	中诚信国际信用评级有限责任公司
113001.SH	中国银行股份有限公司可转换公司债券	中行转债	191001	601988.SH	中国银行	6.0	100.0	100.0	40000000000.0	0.0	2010-06-02	2016-06-02		1.7	4.0	1	2010-06-18	2015-03-13	上交所	2010-12-02	2016-06-01	2015-03-09	4.02	2.62	20100602-20110601,票面利率:0.50%;20110602-20120601,票面利率:0.80%;20120602-20130601,票面利率:1.10%;20130602-20140601,票面利率:1.40%;20140602-20150308,票面利率:1.70%	106.0	AAA	AAA	大公国际资信评估有限公司
113002.SH	中国工商银行股份有限公司可转换公司债券	工行转债	191002	601398.SH	工商银行	6.0	100.0	100.0	25000000000.0	0.0	2010-08-31	2016-08-31		1.4	3.2	1	2010-09-10	2015-02-26	上交所	2011-03-01	2016-08-30	2015-02-13	4.2	3.27	20100831-20110830,票面利率:0.50%;20110831-20120830,票面利率:0.70%;20120831-20130830,票面利率:0.90%;20130831-20140830,票面利率:1.10%;20140831-20150212,票面利率:1.40%	105.0	AAA	AAA	中诚信证评数据科技有限公司
113003.SH	中国船舶重工股份有限公司可转换公司债券	重工转债	191003	601989.SH	中国重工	6.0	100.0	100.0	8050150000.0	0.0	2012-06-04	2018-06-04		1.0	4.0	1	2012-06-18	2014-12-04	上交所	2012-12-05	2018-06-03	2014-12-01	6.05	4.74	20120604-20130603,票面利率:0.50%;20130604-20140603,票面利率:0.50%;20140604-20141130,票面利率:1.00%	106.0	AAA	AAA	大公国际资信评估有限公司
113005.SH	中国平安保险(集团)股份有限公司可转换公司债券	平安转债	191005	601318.SH	中国平安	6.0	100.0	100.0	26000000000.0	0.0	2013-11-22	2019-11-22		1.0	5.4	1	2013-12-09	2015-01-15	上交所	2014-05-23	2019-11-21	2015-01-12	41.33	41.22	20131122-20141121,票面利率:0.80%;20141122-20150111,票面利率:1.00%	108.0	AAA	AAA	大公国际资信评估有限公司
113006.SH	深圳市燃气集团股份有限公司可转换公司债券	深燃转债	191006	601139.SH	深圳燃气	6.0	100.0	100.0	1600000000.0	0.0	2013-12-13	2019-12-13		0.9	3.0	1	2013-12-27	2015-05-08	上交所	2014-06-16	2019-12-12	2015-05-04	8.46	8.32	20131213-20141212,票面利率:0.60%;20141213-20150503,票面利率:0.90%	105.0	AA+	AA+	中诚信证评数据科技有限公司
113007.SH	吉视传媒股份有限公司可转换公司债券	吉视转债	191007	601929.SH	吉视传媒	6.0	100.0	100.0	1700000000.0	0.0	2014-09-05	2020-09-05		0.5	3.0	1	2014-09-25	2015-07-15	上交所	2015-03-06	2020-09-04	2015-07-08	12.08	12.03	20140905-20150707,票面利率:0.50%	105.0	AA+	AA+	中诚信证评数据科技有限公司
113008.SH	上海电气集团股份有限公司可转换公司债券	电气转债	191008	601727.SH	上海电气	6.0	100.0	100.0	6000000000.0	0.0	2015-02-02	2021-02-02		1.6	5.0	1	2015-02-16	2021-02-02	上交所	2015-08-03	2021-02-01	1970-01-01	10.72	5.13	20150202-20160201,票面利率:0.20%;20160202-20170201,票面利率:0.50%;20170202-20180201,票面利率:1.00%;20180202-20190201,票面利率:1.50%;20190202-20200201,票面利率:1.50%;20200202-20210201,票面利率:1.60%	106.6	AAA	AAA	上海新世纪资信评估投资服务有限公司
113009.SH	广州汽车集团股份有限公司可转换公司债券	广汽转债	191009	601238.SH	广汽集团	6.0	100.0	100.0	4105580000.0	0.0	2016-01-22	2022-01-22		1.6	4.4	1	2016-02-04	2022-01-24	上交所	2016-07-22	2022-01-21	2022-01-24	21.99	13.92	20160122-20170121,票面利率:0.20%;20170122-20180121,票面利率:0.50%;20180122-20190121,票面利率:1.00%;20190122-20200121,票面利率:1.50%;20200122-20210121,票面利率:1.50%;20210122-20220121,票面利率:1.60%	106.0	AAA	AAA	联合资信评估股份有限公司
113010.SH	江苏江南水务股份有限公司可转换公司债券	江南转债	191010	601199.SH	江南水务	6.0	100.0	100.0	760000000.0	0.0	2016-03-18	2022-03-18		1.0	6.0	1	2016-04-05	2019-02-20	上交所	2016-09-26	2022-03-17	2019-02-14	19.0	6.02	20160318-20170317,票面利率:0.30%;20170318-20180317,票面利率:0.50%;20180318-20190213,票面利率:1.00%	108.0	AA	AA	联合信用评级有限公司
113011.SH	中国光大银行股份有限公司公开发行可转换公司债券	光大转债	191011	601818.SH	光大银行	6.0	100.0	100.0	30000000000.0	0.0	2017-03-17	2023-03-17		2.0	3.0	1	2017-04-05	2023-03-17	上交所	2017-09-18	2023-03-16	2023-03-17	4.36	3.35	20170317-20180316,票面利率:0.20%;20180317-20190316,票面利率:0.50%;20190317-20200316,票面利率:1.00%;20200317-20210316,票面利率:1.50%;20210317-20220316,票面利率:1.80%;20220317-20230316,票面利率:2.00%	105.0	AAA	AAA	中诚信国际信用评级有限责任公司
113012.SH	骆驼集团股份有限公司可转换公司债券	骆驼转债	191012	601311.SH	骆驼股份	6.0	100.0	100.0	717000000.0	0.0	2017-03-24	2023-03-24		1.5	3.2	1	2017-04-13	2021-09-03	上交所	2017-10-09	2023-03-23	2021-09-03	16.78	9.86	20170324-20180323,票面利率:0.30%;20180324-20190323,票面利率:0.50%;20190324-20200323,票面利率:1.00%;20200324-20210323,票面利率:1.30%;20210324-20210902,票面利率:1.50%	105.0	AA	AA	中证鹏元资信评估股份有限公司
113013.SH	国泰君安证券股份有限公司公开发行A股可转换公司债券	国君转债	191013	601211.SH	国泰海通	6.0	100.0	100.0	7000000000.0	0.0	2017-07-07	2023-07-07		2.0	3.0	1	2017-07-24	2023-07-07	上交所	2018-01-08	2023-07-06	2023-07-07	20.2	17.24	20170707-20180706,票面利率:0.20%;20180707-20190706,票面利率:0.50%;20190707-20200706,票面利率:1.00%;20200707-20210706,票面利率:1.50%;20210707-20220706,票面利率:1.80%;20220707-20230706,票面利率:2.00%	105.0	AAA	AAA	上海新世纪资信评估投资服务有限公司
113014.SH	江苏林洋能源股份有限公司可转换公司债券	林洋转债	191014	601222.SH	林洋能源	6.0	100.0	100.0	3000000000.0	0.0	2017-10-27	2023-10-27		1.5	4.0	1	2017-11-13	2021-09-29	上交所	2018-05-03	2023-10-26	2021-09-29	8.8	8.44	20171027-20181026,票面利率:0.30%;20181027-20191026,票面利率:0.50%;20191027-20201026,票面利率:1.00%;20201027-20210928,票面利率:1.50%	106.0	AA	AA	上海新世纪资信评估投资服务有限公司
113015.SH	隆基绿能科技股份有限公司公开发行可转换公司债券	隆基转债	191015	601012.SH	隆基绿能	6.0	100.0	100.0	2800000000.0	0.0	2017-11-02	2023-11-02		0.5	4.2	1	2017-11-20	2019-09-04	上交所	2018-05-08	2023-11-01	2019-09-04	32.35	18.66	20171102-20181101,票面利率:0.30%;20181102-20190903,票面利率:0.50%	106.0	AA+	AA+	联合信用评级有限公司
113016.SH	重庆小康工业集团股份有限公司可转换公司债券	小康转债	191016	601127.SH	赛力斯	6.0	100.0	100.0	1500000000.0	0.0	2017-11-06	2023-11-06		2.0	4.0	1	2017-11-21	2023-06-26	上交所	2018-05-11	2023-11-05	2023-06-26	23.0	20.17	20171106-20181105,票面利率:0.30%;20181106-20191105,票面利率:0.50%;20191106-20201105,票面利率:1.00%;20201106-20211105,票面利率:1.50%;20211106-20221105,票面利率:1.80%;20221106-20230625,票面利率:2.00%	106.0	AA	AA-	中诚信国际信用评级有限责任公司
113017.SH	吉视传媒股份有限公司可转换公司债券	吉视转债	191017	601929.SH	吉视传媒	6.0	100.0	100.0	1560000000.0	0.0	2017-12-27	2023-12-27		1.8	4.2	1	2018-01-15	2023-12-27	上交所	2018-07-02	2023-12-26	2023-12-27	2.98	2.11	20171227-20181226,票面利率:0.30%;20181227-20191226,票面利率:0.50%;20191227-20201226,票面利率:1.00%;20201227-20211226,票面利率:1.30%;20211227-20221226,票面利率:1.50%;20221227-20231226,票面利率:1.80%	106.0	AA+	AA+	中诚信国际信用评级有限责任公司
113018.SH	江苏常熟农村商业银行股份有限公司公开发行可转换公司债券	常熟转债	191018	601128.SH	常熟银行	6.0	100.0	100.0	3000000000.0	0.0	2018-01-19	2024-01-19		0.5	4.2	1	2018-02-06	2019-05-23	上交所	2018-07-26	2024-01-18	2019-05-17	7.61	5.76	20180119-20190118,票面利率:0.30%;20190119-20190516,票面利率:0.50%	106.0	AA+	AA+	中诚信证评数据科技有限公司
113019.SH	山东玲珑轮胎股份有限公司公开发行可转换公司债券	玲珑转债	191019	601966.SH	玲珑轮胎	5.0	100.0	100.0	2000000000.0	0.0	2018-03-01	2023-03-01		1.0	8.0	1	2018-03-22	2020-09-04	上交所	2018-09-07	2023-02-28	2020-09-04	19.1	18.12	20180301-20190228,票面利率:0.30%;20190301-20200229,票面利率:0.50%;20200301-20200903,票面利率:1.00%	110.0	AA+	AA+	中诚信国际信用评级有限责任公司
113020.SH	桐昆集团股份有限公司公开发行可转换公司债券	桐昆转债	191020	601233.SH	桐昆股份	6.0	100.0	100.0	3800000000.0	0.0	2018-11-19	2024-11-19		1.0	6.0	1	2018-12-12	2020-11-27	上交所	2019-05-23	2024-11-18	2020-11-27	12.63	12.28	20181119-20191118,票面利率:0.30%;20191119-20201118,票面利率:0.50%;20201119-20201126,票面利率:1.00%	108.0	AA+	AA+	联合信用评级有限公司
113021.SH	中信银行股份有限公司公开发行A股可转换公司债券	中信转债	191021	601998.SH	中信银行	6.0	100.0	100.0	40000000000.0	0.0	2019-03-04	2025-03-04		4.0	7.0	1	2019-03-19	2025-03-04	上交所	2019-09-11	2025-03-03	2025-03-04	7.45	5.59	20190304-20200303,票面利率:0.30%;20200304-20210303,票面利率:0.80%;20210304-20220303,票面利率:1.50%;20220304-20230303,票面利率:2.30%;20230304-20240303,票面利率:3.20%;20240304-20250303,票面利率:4.00%	111.0	AAA	AAA	大公国际资信评估有限公司
113022.SH	浙商证券股份有限公司公开发行可转换公司债券	浙商转债	191022	601878.SH	浙商证券	6.0	100.0	100.0	3500000000.0	0.0	2019-03-12	2025-03-12		0.5	3.0	1	2019-03-28	2020-08-26	上交所	2019-09-19	2025-03-11	2020-08-26	12.53	12.37	20190312-20200311,票面利率:0.20%;20200312-20200825,票面利率:0.50%	105.0	AAA	AAA	中诚信国际信用评级有限责任公司
113024.SH	中国核工业建设股份有限公司公开发行可转换公司债券	核建转债	191024	601611.SH	中国核建	6.0	100.0	100.0	2996250000.0	0.0	2019-04-08	2025-04-08		2.0	3.0	1	2019-04-26	2025-04-08	上交所	2019-10-14	2025-04-07	2025-04-08	9.93	9.12	20190408-20200407,票面利率:0.20%;20200408-20210407,票面利率:0.40%;20210408-20220407,票面利率:1.00%;20220408-20230407,票面利率:1.50%;20230408-20240407,票面利率:1.80%;20240408-20250407,票面利率:2.00%	105.0	AAA	AAA	联合资信评估股份有限公司
113025.SH	河南明泰铝业股份有限公司公开发行可转换公司债券	明泰转债	191025	601677.SH	明泰铝业	6.0	100.0	100.0	1839110000.0	0.0	2019-04-10	2025-04-10		2.0	7.5	1	2019-05-07	2023-10-24	上交所	2019-10-16	2025-04-09	2023-10-24	11.49	7.99	20190410-20200409,票面利率:0.40%;20200410-20210409,票面利率:0.60%;20210410-20220409,票面利率:1.00%;20220410-20230409,票面利率:1.50%;20230410-20231023,票面利率:2.00%	110.0	AA	AA	联合资信评估股份有限公司
113026.SH	中国核能电力股份有限公司公开发行可转换公司债券	核能转债	191026	601985.SH	中国核电	6.0	100.0	100.0	7800000000.0	0.0	2019-04-15	2025-04-15		1.0	3.0	1	2019-05-08	2022-03-09	上交所	2019-10-21	2025-04-14	2022-03-09	6.32	5.73	20190415-20200414,票面利率:0.20%;20200415-20210414,票面利率:0.50%;20210415-20220308,票面利率:1.00%	105.0	AAA	AAA	联合资信评估股份有限公司
113027.SH	西藏华钰矿业股份有限公司公开发行可转换公司债券	华钰转债	191027	601020.SH	华钰矿业	6.0	100.0	100.0	640000000.0	0.0	2019-06-14	2025-06-14		1.8	8.0	1	2019-07-10	2024-06-13	上交所	2019-12-20	2025-06-13	2024-06-13	10.17	7.26	20190614-20200613,票面利率:0.30%;20200614-20210613,票面利率:0.60%;20210614-20220613,票面利率:1.00%;20220614-20230613,票面利率:1.50%;20230614-20240612,票面利率:1.80%	110.0	AA	A	中证鹏元资信评估股份有限公司
113028.SH	上海环境集团股份有限公司公开发行可转换公司债券	环境转债	191028	601200.SH	上海环境	6.0	100.0	100.0	2170000000.0	0.0	2019-06-18	2025-06-18		0.5	4.0	1	2019-07-08	2020-09-18	上交所	2019-12-24	2025-06-17	2020-09-18	10.44	10.36	20190618-20200617,票面利率:0.20%;20200618-20200917,票面利率:0.50%	106.0	AAA	AAA	上海新世纪资信评估投资服务有限公司
113029.SH	明阳智慧能源集团股份公司公开发行可转换公司债券	明阳转债	191029	601615.SH	明阳智能	6.0	100.0	100.0	1700000000.0	0.0	2019-12-16	2025-12-16		0.6	6.0	1	2020-01-07	2021-03-19	上交所	2020-06-22	2025-12-15	2021-03-19	12.66	12.8	20191216-20201215,票面利率:0.40%;20201216-20210318,票面利率:0.60%	108.0	AA	AA	联合信用评级有限公司
113030.SH	汕头东风印刷股份有限公司可转换公司债券	东风转债	191030	601515.SH	衢州东峰	6.0	100.0	100.0	295328000.0	0.0	2019-12-24	2025-12-24		2.0	10.0	1	2020-01-20	2025-12-24	上交所	2020-06-30	2025-12-23	2025-12-24	6.9	3.1	20191224-20201223,票面利率:0.40%;20201224-20211223,票面利率:0.60%;20211224-20221223,票面利率:1.00%;20221224-20231223,票面利率:1.50%;20231224-20241223,票面利率:1.80%;20241224-20251223,票面利率:2.00%	112.0	AA	AA	中诚信国际信用评级有限责任公司
113031.SH	宁波博威合金材料股份有限公司公开发行可转换公司债券	博威转债	191031	601137.SH	博威合金	5.0	100.0	100.0	1200000000.0	0.0	2020-01-10	2025-01-10		0.3	6.2	1	2020-02-17	2020-08-31	上交所	2020-07-16	2025-01-09	2020-08-31	11.49	11.29	20200110-20200828,票面利率:0.30%	108.0	AA	AA	联合信用评级有限公司
113032.SH	桐昆集团股份有限公司2020年公开发行可转换公司债券	桐20转债	191032	601233.SH	桐昆股份	6.0	100.0	100.0	2300000000.0	0.0	2020-03-02	2026-03-02		0.3	6.0	1	2020-03-20	2021-01-14	上交所	2020-09-07	2026-03-01	2021-01-14	14.58	14.35	20200302-20210113,票面利率:0.30%	108.0	AA+	AA+	联合信用评级有限公司
113033.SH	利群商业集团股份有限公司公开发行可转换公司债券	利群转债	191033	601366.SH	利群股份	6.0	100.0	100.0	1800000000.0	0.0	2020-04-01	2026-04-01		2.0	8.0	1	2020-04-21	2026-04-01	上交所	2020-10-09	2026-03-31	2026-04-01	7.16	4.84	20200401-20210331,票面利率:0.40%;20210401-20220331,票面利率:0.60%;20220401-20230331,票面利率:1.00%;20230401-20240331,票面利率:1.50%;20240401-20250331,票面利率:1.80%;20250401-20260331,票面利率:2.00%	110.0	AA	AA	上海新世纪资信评估投资服务有限公司
113034.SH	滨化集团股份有限公司公开发行可转换公司债券	滨化转债	191034	601678.SH	滨化股份	6.0	100.0	100.0	2400000000.0	0.0	2020-04-10	2026-04-10		0.5	8.0	1	2020-04-30	2022-01-11	上交所	2020-10-16	2026-04-09	2022-01-11	4.78	4.58	20200410-20210409,票面利率:0.30%;20210410-20220110,票面利率:0.50%	110.0	AA	AA	上海新世纪资信评估投资服务有限公司
113035.SH	福莱特玻璃集团股份有限公司公开发行可转换公司债券	福莱转债	191035	601865.SH	福莱特	6.0	100.0	100.0	1450000000.0	0.0	2020-05-27	2026-05-27		0.4	13.0	1	2020-06-17	2021-02-01	上交所	2020-12-03	2026-05-26	2021-02-01	13.56	14.15	20200527-20210131,票面利率:0.40%	115.0	AA	AA	中证鹏元资信评估股份有限公司
113036.SH	宁波建工股份有限公司公开发行可转换公司债券	宁建转债	191036	601789.SH	宁波建工	6.0	100.0	100.0	540000000.0	0.0	2020-07-06	2026-07-06		0.6	10.0	1	2020-08-06	2022-04-12	上交所	2021-01-11	2026-07-05	2022-04-12	4.86	4.76	20200706-20210705,票面利率:0.40%;20210706-20220411,票面利率:0.60%	112.0	AA	AA	东方金诚国际信用评估有限公司
113037.SH	江苏紫金农村商业银行股份有限公司可转换公司债券	紫银转债	191037	601860.SH	紫金银行	6.0	100.0	100.0	4500000000.0	4499440000.0	2020-07-23	2026-07-23		2.5	7.5	1	2020-08-17	1970-01-01	上交所	2021-01-29	2026-07-22	1970-01-01	4.75	3.55	20200723-20210722,票面利率:0.20%;20210723-20220722,票面利率:0.60%;20220723-20230722,票面利率:1.20%;20230723-20240722,票面利率:1.80%;20240723-20250722,票面利率:2.00%;20250723-20260722,票面利率:2.50%	110.0	AA+	AA+	联合资信评估股份有限公司
113038.SH	隆基绿能科技股份有限公司公开发行可转换公司债券	隆20转债	191038	601012.SH	隆基绿能	6.0	100.0	100.0	5000000000.0	0.0	2020-07-31	2026-07-31		0.3	5.0	1	2020-09-08	2021-03-31	上交所	2021-02-08	2026-07-30	2021-03-31	52.77	52.59	20200731-20210330,票面利率:0.30%	107.0	AAA	AAA	联合信用评级有限公司
113039.SH	宁夏嘉泽新能源股份有限公司公开发行A股可转换公司债券	嘉泽转债	191039	601619.SH	嘉泽新能	6.0	100.0	100.0	1300000000.0	286491000.0	2020-08-24	2026-08-24		2.0	6.0	1	2020-09-17	1970-01-01	上交所	2021-03-01	2026-08-23	1970-01-01	3.57	2.89	20200824-20210823,票面利率:0.30%;20210824-20220823,票面利率:0.50%;20220824-20230823,票面利率:1.00%;20230824-20240823,票面利率:1.50%;20240824-20250823,票面利率:1.80%;20250824-20260823,票面利率:2.00%	108.0	AA	AA	联合资信评估股份有限公司
113040.SH	常州星宇车灯股份有限公司公开发行A股可转换公司债券	星宇转债	191040	601799.SH	星宇股份	6.0	100.0	100.0	1500000000.0	0.0	2020-10-22	2026-10-22		0.2	6.0	1	2020-11-16	2021-08-03	上交所	2021-04-28	2026-10-21	2021-08-03	158.0	156.7	20201022-20210802,票面利率:0.20%	108.0	AA+	AA+	中证鹏元资信评估股份有限公司
113041.SH	紫金矿业集团股份有限公司公开发行A股可转换公司债券	紫金转债	191041	601899.SH	紫金矿业	5.0	100.0	100.0	6000000000.0	0.0	2020-11-03	2025-11-03		0.2	4.5	1	2020-11-27	2021-06-28	上交所	2021-05-10	2025-11-02	2021-06-28	7.01	7.0	20201103-20210625,票面利率:0.20%	106.0	AAA	AAA	中诚信国际信用评级有限责任公司
113042.SH	上海银行股份有限公司公开发行A股可转换公司债券	上银转债		601229.SH	上海银行	6.0	100.0	100.0	20000000000.0	19977489735.03	2021-01-25	2027-01-25		4.0	8.0	1	2021-02-10	1970-01-01	上交所	2021-07-29	2027-01-24	1970-01-01	11.03	8.35	20210125-20220124,票面利率:0.30%;20220125-20230124,票面利率:0.80%;20230125-20240124,票面利率:1.50%;20240125-20250124,票面利率:2.80%;20250125-20260124,票面利率:3.50%;20260125-20270124,票面利率:4.00%	112.0	AAA	AAA	上海新世纪资信评估投资服务有限公司
113043.SH	财通证券股份有限公司公开发行A股可转换公司债券	财通转债		601108.SH	财通证券	6.0	100.0	100.0	3800000000.0	3799365000.0	2020-12-10	2026-12-10		2.5	3.5	1	2020-12-28	1970-01-01	上交所	2021-06-16	2026-12-09	1970-01-01	13.33	8.03	20201210-20211209,票面利率:0.20%;20211210-20221209,票面利率:0.40%;20221210-20231209,票面利率:0.60%;20231210-20241209,票面利率:1.00%;20241210-20251209,票面利率:2.00%;20251210-20261209,票面利率:2.50%	106.0	AAA	AAA	中诚信国际信用评级有限责任公司
113044.SH	大秦铁路股份有限公司公开发行可转换公司债券	大秦转债		601006.SH	大秦铁路	6.0	100.0	100.0	32000000000.0	0.0	2020-12-14	2026-12-14		2.6	5.0	1	2021-01-15	2025-02-11	上交所	2021-06-18	2026-12-13	2025-02-11	7.66	5.71	20201214-20211213,票面利率:0.20%;20211214-20221213,票面利率:0.50%;20221214-20231213,票面利率:1.00%;20231214-20241213,票面利率:1.80%;20241214-20250210,票面利率:2.60%	108.0	AAA	AAA	联合资信评估股份有限公司
113045.SH	环旭电子股份有限公司可转换公司债券	环旭转债		601231.SH	环旭电子	6.0	100.0	100.0	3450000000.0	0.0	2021-03-04	2027-03-04		1.8	6.0	1	2021-04-02	2026-01-29	上交所	2021-12-10	2027-03-03	2026-01-29	20.25	18.58	20210304-20220303,票面利率:0.10%;20220304-20230303,票面利率:0.20%;20230304-20240303,票面利率:0.60%;20240304-20250303,票面利率:1.30%;20250304-20260128,票面利率:1.80%	108.0	AA+	AA+	中诚信国际信用评级有限责任公司
113046.SH	宁波金田铜业(集团)股份有限公司可转换公司债券	金田转债		601609.SH	金田股份	6.0	100.0	100.0	1500000000.0	1499196000.0	2021-03-22	2027-03-22		2.0	8.0	1	2021-04-12	1970-01-01	上交所	2021-09-27	2027-03-21	1970-01-01	10.95	10.18	20210322-20220321,票面利率:0.30%;20220322-20230321,票面利率:0.50%;20230322-20240321,票面利率:0.80%;20240322-20250321,票面利率:1.50%;20250322-20260321,票面利率:1.80%;20260322-20270321,票面利率:2.00%	110.0	AA+	AA+	上海新世纪资信评估投资服务有限公司
113047.SH	株洲旗滨集团股份有限公司公开发行可转换公司债券	旗滨转债		601636.SH	旗滨集团	6.0	100.0	100.0	1500000000.0	0.0	2021-04-09	2027-04-09		1.8	8.0	1	2021-05-07	2025-12-03	上交所	2021-10-15	2027-04-08	2025-12-03	13.15	5.43	20210409-20220408,票面利率:0.20%;20220409-20230408,票面利率:0.40%;20230409-20240408,票面利率:0.60%;20240409-20250408,票面利率:1.00%;20250409-20251202,票面利率:1.80%	110.0	AA+	AA+	上海新世纪资信评估投资服务有限公司
113048.SH	晶科电力科技股份有限公司可转换公司债券	晶科转债		601778.SH	晶科科技	6.0	100.0	100.0	3000000000.0	1545309003.19	2021-04-23	2027-04-23		2.0	10.0	1	2021-05-31	1970-01-01	上交所	2021-10-29	2027-04-22	1970-01-01	6.75	4.47	20210423-20220422,票面利率:0.30%;20220423-20230422,票面利率:0.50%;20230423-20240422,票面利率:1.00%;20240423-20250422,票面利率:1.50%;20250423-20260422,票面利率:1.80%;20260423-20270422,票面利率:2.00%	112.0	AA	AA	联合资信评估股份有限公司
113049.SH	长城汽车股份有限公司公开发行A股可转换公司债券	长汽转债		601633.SH	长城汽车	6.0	100.0	100.0	3500000000.0	3495039000.0	2021-06-10	2027-06-10		2.0	5.0	1	2021-07-08	1970-01-01	上交所	2021-12-17	2027-06-09	1970-01-01	38.39	39.18	20210610-20220609,票面利率:0.20%;20220610-20230609,票面利率:0.40%;20230610-20240609,票面利率:0.60%;20240610-20250609,票面利率:0.80%;20250610-20260609,票面利率:1.50%;20260610-20270609,票面利率:2.00%	107.0	AAA	AAA	中诚信国际信用评级有限责任公司
113050.SH	南京银行股份有限公司公开发行A股可转换公司债券	南银转债		601009.SH	南京银行	6.0	100.0	100.0	20000000000.0	0.0	2021-06-15	2027-06-15		1.7	5.0	1	2021-07-01	2025-07-18	上交所	2021-12-21	2027-06-14	2025-07-18	10.1	8.02	20210615-20220614,票面利率:0.20%;20220615-20230614,票面利率:0.40%;20230615-20240614,票面利率:0.70%;20240615-20250614,票面利率:1.20%;20250615-20250717,票面利率:1.70%	107.0	AAA	AAA	中诚信国际信用评级有限责任公司
113051.SH	中节能风力发电股份有限公司公开发行可转换公司债券	节能转债		601016.SH	节能风电	6.0	100.0	100.0	3000000000.0	2651947000.0	2021-06-21	2027-06-21		2.0	8.0	1	2021-07-22	1970-01-01	上交所	2021-12-27	2027-06-20	1970-01-01	4.05	3.33	20210621-20220620,票面利率:0.20%;20220621-20230620,票面利率:0.40%;20230621-20240620,票面利率:0.60%;20240621-20250620,票面利率:1.50%;20250621-20260620,票面利率:1.80%;20260621-20270620,票面利率:2.00%	110.0	AA+	AAA	大公国际资信评估有限公司
113052.SH	兴业银行股份有限公司公开发行A股可转换公司债券	兴业转债		601166.SH	兴业银行	6.0	100.0	100.0	50000000000.0	41351911000.0	2021-12-27	2027-12-27		2.3	6.0	1	2022-01-14	1970-01-01	上交所	2022-06-30	2027-12-26	1970-01-01	25.51	20.13	20211227-20221226,票面利率:0.20%;20221227-20231226,票面利率:0.40%;20231227-20241226,票面利率:1.00%;20241227-20251226,票面利率:1.50%;20251227-20261226,票面利率:2.30%;20261227-20271226,票面利率:3.00%	109.0	AAA	AAA	上海新世纪资信评估投资服务有限公司
113053.SH	隆基绿能科技股份有限公司公开发行可转换公司债券	隆22转债		601012.SH	隆基绿能	6.0	100.0	100.0	7000000000.0	6994610000.0	2022-01-05	2028-01-05		1.6	5.0	1	2022-02-17	1970-01-01	上交所	2022-07-11	2028-01-04	1970-01-01	82.65	17.5	20220105-20230104,票面利率:0.20%;20230105-20240104,票面利率:0.40%;20240105-20250104,票面利率:0.80%;20250105-20260104,票面利率:1.20%;20260105-20270104,票面利率:1.60%;20270105-20280104,票面利率:2.00%	107.0	AAA	AAA	联合资信评估股份有限公司
113054.SH	绿色动力环保集团股份有限公司公开发行可转换公司债券	绿动转债		601330.SH	绿色动力	6.0	100.0	100.0	2360000000.0	2359857000.0	2022-02-25	2028-02-25		1.8	7.0	1	2022-03-23	1970-01-01	上交所	2022-09-05	2028-02-24	1970-01-01	9.82	8.89	20220225-20230224,票面利率:0.20%;20230225-20240224,票面利率:0.40%;20240225-20250224,票面利率:0.60%;20250225-20260224,票面利率:1.50%;20260225-20270224,票面利率:1.80%;20270225-20280224,票面利率:2.00%	109.0	AA+	AA+	中诚信国际信用评级有限责任公司
113055.SH	成都银行股份有限公司公开发行A股可转换公司债券	成银转债		601838.SH	成都银行	6.0	100.0	100.0	8000000000.0	0.0	2022-03-03	2028-03-03		0.7	5.0	1	2022-04-06	2025-02-06	上交所	2022-09-09	2028-03-02	2025-02-06	14.53	12.23	20220303-20230302,票面利率:0.20%;20230303-20240302,票面利率:0.40%;20240303-20250205,票面利率:0.70%	107.0	AAA	AAA	联合资信评估股份有限公司
113056.SH	重庆银行股份有限公司公开发行A股可转换公司债券	重银转债		601963.SH	重庆银行	6.0	100.0	100.0	13000000000.0	11562829051.0	2022-03-23	2028-03-23		2.5	6.5	1	2022-04-14	1970-01-01	上交所	2022-09-30	2028-03-22	1970-01-01	11.28	9.5	20220323-20230322,票面利率:0.20%;20230323-20240322,票面利率:0.40%;20240323-20250322,票面利率:1.00%;20250323-20260322,票面利率:1.70%;20260323-20270322,票面利率:2.50%;20270323-20280322,票面利率:3.50%	110.0	AAA	AAA	联合资信评估股份有限公司
113057.SH	中国银河证券股份有限公司公开发行A股可转换公司债券	中银转债		601881.SH	中国银河	6.0	100.0	100.0	7800000000.0	0.0	2022-03-24	2028-03-24		0.4	4.0	1	2022-05-10	2023-12-19	上交所	2022-09-30	2028-03-23	2023-12-19	10.24	9.7	20220324-20230323,票面利率:0.20%;20230324-20231218,票面利率:0.40%	106.0	AAA	AAA	联合资信评估股份有限公司
113058.SH	天津友发钢管集团股份有限公司可转换公司债券	友发转债		601686.SH	友发集团	6.0	100.0	100.0	2000000000.0	1863837000.0	2022-03-30	2028-03-30		1.8	10.0	1	2022-04-26	1970-01-01	上交所	2022-10-10	2028-03-29	1970-01-01	9.39	4.48	20220330-20230329,票面利率:0.30%;20230330-20240329,票面利率:0.50%;20240330-20250329,票面利率:1.00%;20250330-20260329,票面利率:1.50%;20260330-20270329,票面利率:1.80%;20270330-20280329,票面利率:2.00%	112.0	AA	AA	联合资信评估股份有限公司
113059.SH	福莱特玻璃集团股份有限公司公开发行A股可转换公司债券	福莱转债		601865.SH	福莱特	6.0	100.0	100.0	4000000000.0	3999872000.0	2022-05-20	2028-05-20		1.8	10.0	1	2022-06-13	1970-01-01	上交所	2022-11-28	2028-05-19	1970-01-01	43.94	41.56	20220520-20230519,票面利率:0.30%;20230520-20240519,票面利率:0.50%;20240520-20250519,票面利率:1.00%;20250520-20260519,票面利率:1.50%;20260520-20270519,票面利率:1.80%;20270520-20280519,票面利率:2.00%	112.0	AA	AA	中诚信国际信用评级有限责任公司
113060.SH	浙商证券股份有限公司公开发行可转换公司债券	浙22转债		601878.SH	浙商证券	6.0	100.0	100.0	7000000000.0	0.0	2022-06-14	2028-06-14		0.6	4.0	1	2022-07-08	2024-11-28	上交所	2022-12-20	2028-06-13	2024-11-28	10.49	10.05	20220614-20230613,票面利率:0.20%;20230614-20240613,票面利率:0.40%;20240614-20241127,票面利率:0.60%	106.0	AAA	AAA	联合资信评估股份有限公司
113061.SH	宁波拓普集团股份有限公司公开发行可转换公司债券	拓普转债		601689.SH	拓普集团	6.0	100.0	100.0	2500000000.0	0.0	2022-07-14	2028-07-14		0.6	8.0	1	2022-08-12	2025-03-14	上交所	2023-01-20	2028-07-13	2025-03-14	71.38	48.06	20220714-20230713,票面利率:0.20%;20230714-20240713,票面利率:0.40%;20240714-20250313,票面利率:0.60%	110.0	AA+	AA+	上海新世纪资信评估投资服务有限公司
113062.SH	江苏常熟农村商业银行股份有限公司公开发行A股可转换公司债券	常银转债		601128.SH	常熟银行	6.0	100.0	100.0	6000000000.0	5999426000.0	2022-09-15	2028-09-15		1.0	5.2	1	2022-10-17	1970-01-01	上交所	2023-03-21	2028-09-14	1970-01-01	8.08	5.25	20220915-20230914,票面利率:0.20%;20230915-20240914,票面利率:0.40%;20240915-20250914,票面利率:0.70%;20250915-20260914,票面利率:1.00%;20260915-20270914,票面利率:1.30%;20270915-20280914,票面利率:1.80%	107.0	AA+	AAA	中诚信国际信用评级有限责任公司
113063.SH	赛轮集团股份有限公司公开发行可转换公司债券	赛轮转债		601058.SH	赛轮轮胎	6.0	100.0	100.0	2008985000.0	0.0	2022-11-02	2028-11-02		0.5	8.0	1	2022-11-24	2024-02-23	上交所	2023-05-08	2028-11-01	2024-02-23	9.04	8.89	20221102-20231101,票面利率:0.30%;20231102-20240222,票面利率:0.50%	110.0	AA	AA	联合资信评估股份有限公司
113064.SH	四川东材科技集团股份有限公司公开发行可转换公司债券	东材转债		601208.SH	东材科技	6.0	100.0	100.0	1400000000.0	0.0	2022-11-16	2028-11-16		1.0	10.0	1	2022-12-12	2025-09-08	上交所	2023-05-22	2028-11-15	2025-09-08	11.75	11.53	20221116-20231115,票面利率:0.30%;20231116-20241115,票面利率:0.50%;20241116-20250907,票面利率:1.00%	112.0	AA	AA	联合资信评估股份有限公司
113065.SH	齐鲁银行股份有限公司公开发行A股可转换公司债券	齐鲁转债		601665.SH	齐鲁银行	6.0	100.0	100.0	8000000000.0	0.0	2022-11-29	2028-11-29		1.0	6.0	1	2022-12-19	2025-08-14	上交所	2023-06-05	2028-11-28	2025-08-14	5.87	5.0	20221129-20231128,票面利率:0.20%;20231129-20241128,票面利率:0.40%;20241129-20250813,票面利率:1.00%	109.0	AAA	AAA	上海新世纪资信评估投资服务有限公司
113066.SH	平顶山天安煤业股份有限公司公开发行可转换公司债券	平煤转债		601666.SH	平煤股份	6.0	100.0	100.0	2900000000.0	1427512000.0	2023-03-16	2029-03-16		1.2	5.0	1	2023-04-10	1970-01-01	上交所	2023-09-22	2029-03-15	1970-01-01	11.79	7.46	20230316-20240315,票面利率:0.20%;20240316-20250315,票面利率:0.40%;20250316-20260315,票面利率:0.80%;20260316-20270315,票面利率:1.20%;20270316-20280315,票面利率:1.60%;20280316-20290315,票面利率:2.00%	107.0	AAA	AAA	中诚信国际信用评级有限责任公司
113067.SH	深圳市燃气集团股份有限公司向不特定对象发行可转换公司债券	燃23转债		601139.SH	深圳燃气	6.0	100.0	100.0	3000000000.0	2999894000.0	2023-07-27	2029-07-27		0.8	5.0	1	2023-08-18	1970-01-01	上交所	2024-02-02	2029-07-26	1970-01-01	7.72	7.24	20230727-20240726,票面利率:0.20%;20240727-20250726,票面利率:0.40%;20250727-20260726,票面利率:0.80%;20260727-20270726,票面利率:1.20%;20270727-20280726,票面利率:1.80%;20280727-20290726,票面利率:2.00%	107.0	AAA	AAA	中诚信国际信用评级有限责任公司
113068.SH	宁波金田铜业(集团)股份有限公司向不特定对象发行可转换公司债券	金铜转债		601609.SH	金田股份	6.0	100.0	100.0	1450000000.0	0.0	2023-07-28	2029-07-28		0.6	6.0	1	2023-08-28	2025-08-26	上交所	2024-02-05	2029-07-27	2025-08-26	6.75	5.79	20230728-20240727,票面利率:0.20%;20240728-20250727,票面利率:0.40%;20250728-20250825,票面利率:0.60%	108.0	AA+	AA+	上海新世纪资信评估投资服务有限公司
113069.SH	宁波博威合金材料股份有限公司向不特定对象发行可转换公司债券	博23转债		601137.SH	博威合金	5.0	100.0	100.0	1700000000.0	0.0	2023-12-22	2028-12-22		0.8	7.2	1	2024-01-18	2026-01-22	上交所	2024-06-28	2028-12-21	2026-01-22	15.63	14.68	20231222-20241221,票面利率:0.30%;20241222-20251221,票面利率:0.50%;20251222-20260121,票面利率:0.80%	109.0	AA	AA	联合资信评估股份有限公司
113070.SH	重庆水务集团股份有限公司向不特定对象发行可转换公司债券	渝水转债		601158.SH	重庆水务	6.0	100.0	100.0	1900000000.0	1899854000.0	2025-01-09	2031-01-09		0.4	6.0	1	2025-02-13	1970-01-01	上交所	2025-07-15	2031-01-08	1970-01-01	4.98	4.72	20250109-20260108,票面利率:0.20%;20260109-20270108,票面利率:0.40%;20270109-20280108,票面利率:0.60%;20280109-20290108,票面利率:0.80%;20290109-20300108,票面利率:1.50%;20300109-20310108,票面利率:2.00%	108.0	AAA	AAA	中诚信国际信用评级有限责任公司
113501.SH	洛阳栾川钼业集团股份有限公司可转换公司债券	洛钼转债	191501	603993.SH	洛阳钼业	6.0	100.0	100.0	4900000000.0	0.0	2014-12-02	2020-12-02		0.5	5.6	1	2014-12-16	2015-07-16	上交所	2015-06-02	2020-12-01	2015-07-10	8.78	8.78	20141202-20150709,票面利率:0.50%	108.0	AA+	AA+	中诚信证评数据科技有限公司
113502.SH	浙江嘉澳环保科技股份有限公司可转换公司债券	嘉澳转债	191502	603822.SH	ST嘉澳	6.0	100.0	100.0	185000000.0	0.0	2017-11-10	2023-11-10		1.8	6.0	1	2017-11-27	2022-09-23	上交所	2018-05-17	2023-11-09	2022-09-23	45.48	44.36	20171110-20181109,票面利率:0.40%;20181110-20191109,票面利率:0.60%;20191110-20201109,票面利率:1.00%;20201110-20211109,票面利率:1.50%;20211110-20220922,票面利率:1.80%	108.0	AA-	AA-	联合资信评估股份有限公司
113503.SH	湖北泰晶电子科技股份有限公司公开发行可转换公司债券	泰晶转债	191503	603738.SH	泰晶科技	6.0	100.0	100.0	215000000.0	0.0	2017-12-15	2023-12-15		1.0	6.0	1	2018-01-02	2020-05-27	上交所	2018-06-21	2023-12-14	2020-05-27	25.41	17.9	20171215-20181214,票面利率:0.40%;20181215-20191214,票面利率:0.60%;20191215-20200526,票面利率:1.00%	108.0	AA	AA	中证鹏元资信评估股份有限公司
113504.SH	湖南艾华集团股份有限公司可转换公司债券	艾华转债	191504	603989.SH	艾华集团	6.0	100.0	100.0	691000000.0	0.0	2018-03-02	2024-03-02		2.0	4.0	1	2018-03-23	2024-03-04	上交所	2018-09-10	2024-03-01	2024-03-04	36.59	20.21	20180302-20190301,票面利率:0.30%;20190302-20200301,票面利率:0.50%;20200302-20210301,票面利率:1.00%;20210302-20220301,票面利率:1.50%;20220302-20230301,票面利率:1.80%;20230302-20240301,票面利率:2.00%	106.0	AA	AA	中诚信国际信用评级有限责任公司
113505.SH	杭州电缆股份有限公司公开发行可转换公司债券	杭电转债	191505	603618.SH	杭电股份	6.0	100.0	100.0	780000000.0	0.0	2018-03-06	2024-03-06		2.0	6.0	1	2018-03-27	2024-03-06	上交所	2018-09-12	2024-03-05	2024-03-06	7.29	5.93	20180306-20190305,票面利率:0.30%;20190306-20200305,票面利率:0.50%;20200306-20210305,票面利率:1.00%;20210306-20220305,票面利率:1.50%;20220306-20230305,票面利率:1.80%;20230306-20240305,票面利率:2.00%	108.0	AA	AA	上海新世纪资信评估投资服务有限公司
113506.SH	青岛鼎信通讯股份有限公司公开发行可转换公司债券	鼎信转债	191506	603421.SH	鼎信通讯	6.0	100.0	100.0	600000000.0	0.0	2018-04-16	2024-04-16		0.5	4.0	1	2018-05-14	2019-05-08	上交所	2018-10-22	2024-04-15	2019-04-29	21.86	21.65	20180416-20190415,票面利率:0.30%;20190416-20190428,票面利率:0.50%	106.0	AA	AA	中诚信证评数据科技有限公司
113507.SH	福建天马科技集团股份有限公司公开发行可转换公司债券	天马转债	191507	603668.SH	天马科技	6.0	100.0	100.0	305000000.0	0.0	2018-04-17	2024-04-17		0.6	6.0	1	2018-05-07	2019-11-19	上交所	2018-10-23	2024-04-16	2019-11-19	11.04	7.32	20180417-20190416,票面利率:0.40%;20190417-20191118,票面利率:0.60%	108.0	AA-	AA-	中证鹏元资信评估股份有限公司
113508.SH	新凤鸣集团股份有限公司公开发行可转换公司债券	新凤转债	191508	603225.SH	新凤鸣	6.0	100.0	100.0	2153000000.0	0.0	2018-04-26	2024-04-26		1.5	6.0	1	2018-05-16	2021-09-01	上交所	2018-11-05	2024-04-25	2021-09-01	23.74	15.65	20180426-20190425,票面利率:0.30%;20190426-20200425,票面利率:0.50%;20200426-20210425,票面利率:1.00%;20210426-20210831,票面利率:1.50%	108.0	AA	AA	上海新世纪资信评估投资服务有限公司
113509.SH	江苏新泉汽车饰件股份有限公司公开发行可转换公司债券	新泉转债	191509	603179.SH	新泉股份	6.0	100.0	100.0	450000000.0	0.0	2018-06-04	2024-06-04		1.5	4.0	1	2018-06-22	2021-08-18	上交所	2018-12-10	2024-06-03	2021-08-18	25.34	15.25	20180604-20190603,票面利率:0.30%;20190604-20200603,票面利率:0.50%;20200604-20210603,票面利率:1.00%;20210604-20210817,票面利率:1.50%	106.0	AA	AA	联合资信评估股份有限公司
113510.SH	重庆再升科技股份有限公司公开发行可转换公司债券	再升转债	191510	603601.SH	再升科技	6.0	100.0	100.0	114000000.0	0.0	2018-06-19	2024-06-19		0.6	6.0	1	2018-07-13	2020-03-25	上交所	2018-12-25	2024-06-18	2020-03-25	11.32	8.59	20180619-20190618,票面利率:0.40%;20190619-20200324,票面利率:0.60%	108.0	AA-	AA-	联合信用评级有限公司
113511.SH	千禾味业食品股份有限公司公开发行可转换公司债券	千禾转债	191511	603027.SH	千禾味业	6.0	100.0	100.0	356000000.0	0.0	2018-06-20	2024-06-20		0.5	6.0	1	2018-07-10	2020-05-29	上交所	2018-12-26	2024-06-19	2020-05-29	25.86	18.31	20180620-20190619,票面利率:0.30%;20190620-20200528,票面利率:0.50%	108.0	AA-	AA-	中证鹏元资信评估股份有限公司
113512.SH	深圳市景旺电子股份有限公司公开发行可转换公司债券	景旺转债	191512	603228.SH	景旺电子	6.0	100.0	100.0	978000000.0	0.0	2018-07-06	2024-07-06		0.4	6.0	1	2018-07-24	2019-04-30	上交所	2019-01-14	2024-07-05	2019-04-24	50.01	49.85	20180706-20190423,票面利率:0.40%	108.0	AA	AA	中证鹏元资信评估股份有限公司
113513.SH	福建安井食品股份有限公司公开发行可转换公司债券	安井转债	191513	603345.SH	安井食品	6.0	100.0	100.0	500000000.0	0.0	2018-07-12	2024-07-12		0.3	6.0	1	2018-07-31	2019-07-05	上交所	2019-01-18	2024-07-11	2019-07-05	35.46	35.08	20180712-20190704,票面利率:0.30%	108.0	AA-	AA	中证鹏元资信评估股份有限公司
113514.SH	哈尔滨威帝电子股份有限公司公开发行可转换公司债券	威帝转债	191514	603023.SH	威帝股份	5.0	100.0	100.0	200000000.0	0.0	2018-07-20	2023-07-20		1.0	6.0	1	2018-08-13	2020-08-31	上交所	2019-01-28	2023-07-19	2020-08-31	5.92	3.99	20180720-20190719,票面利率:0.40%;20190720-20200719,票面利率:0.60%;20200720-20200830,票面利率:1.00%	108.0	A+	A+	大公国际资信评估有限公司
113515.SH	北京高能时代环境技术股份有限公司公开发行可转换公司债券	高能转债	191515	603588.SH	高能环境	6.0	100.0	100.0	840000000.0	0.0	2018-07-26	2024-07-26		0.6	6.0	1	2018-08-27	2020-06-18	上交所	2019-02-01	2024-07-25	2020-06-18	9.38	9.33	20180726-20190725,票面利率:0.40%;20190726-20200617,票面利率:0.60%	108.0	AA	AA	上海新世纪资信评估投资服务有限公司
113516.SH	江苏吴江农村商业银行股份有限公司可转换公司债券	苏农转债	191516	603323.SH	苏农银行	6.0	100.0	100.0	2500000000.0	0.0	2018-08-02	2024-08-02		2.0	8.0	1	2018-08-20	2024-08-02	上交所	2019-02-11	2024-08-01	2024-08-02	6.34	4.86	20180802-20190801,票面利率:0.50%;20190802-20200801,票面利率:0.80%;20200802-20210801,票面利率:1.00%;20210802-20220801,票面利率:1.50%;20220802-20230801,票面利率:1.80%;20230802-20240801,票面利率:2.00%	110.0	AA+	AA+	中诚信国际信用评级有限责任公司
113517.SH	曙光信息产业股份有限公司公开发行可转换公司债券	曙光转债	191517	603019.SH	中科曙光	6.0	100.0	100.0	1120000000.0	0.0	2018-08-06	2024-08-06		0.6	6.0	1	2018-08-23	2020-03-31	上交所	2019-02-11	2024-08-05	2020-03-31	51.28	36.53	20180806-20190805,票面利率:0.40%;20190806-20200330,票面利率:0.60%	108.0	AA	AA	中诚信证评数据科技有限公司
113518.SH	顾家家居股份有限公司公开发行可转换公司债券	顾家转债	191518	603816.SH	顾家家居	6.0	100.0	100.0	1097310000.0	0.0	2018-09-12	2024-09-12		0.6	8.0	1	2018-10-09	2020-08-28	上交所	2019-03-18	2024-09-11	2020-08-28	52.38	35.42	20180912-20190911,票面利率:0.40%;20190912-20200827,票面利率:0.60%	110.0	AA	AA	大公国际资信评估有限公司
113519.SH	北京长久物流股份有限公司可转换公司债券	长久转债	191519	603569.SH	长久物流	6.0	100.0	100.0	700000000.0	0.0	2018-11-07	2024-11-07		2.0	13.0	1	2018-11-30	2024-11-07	上交所	2019-05-13	2024-11-06	2024-11-07	11.99	10.97	20181107-20191106,票面利率:0.50%;20191107-20201106,票面利率:0.80%;20201107-20211106,票面利率:1.00%;20211107-20221106,票面利率:1.50%;20221107-20231106,票面利率:1.80%;20231107-20241106,票面利率:2.00%	115.0	AA	AA	联合资信评估股份有限公司
113520.SH	梦百合家居科技股份有限公司公开发行可转换公司债券	百合转债	191520	603313.SH	梦百合	6.0	100.0	100.0	510000000.0	0.0	2018-11-08	2024-11-08		1.0	7.0	1	2018-11-26	2021-01-07	上交所	2019-05-14	2024-11-07	2021-01-07	19.03	15.16	20181108-20191107,票面利率:0.50%;20191108-20201107,票面利率:0.70%;20201108-20210106,票面利率:1.00%	110.0	AA-	AA-	联合信用评级有限公司
113521.SH	昆山科森科技股份有限公司公开发行可转换公司债券	科森转债	191521	603626.SH	科森科技	6.0	100.0	100.0	610000000.0	0.0	2018-11-16	2024-11-16		1.0	7.0	1	2018-12-07	2020-11-27	上交所	2019-05-22	2024-11-15	2020-11-27	8.95	8.7	20181116-20191115,票面利率:0.50%;20191116-20201115,票面利率:0.70%;20201116-20201126,票面利率:1.00%	110.0	AA	AA	联合信用评级有限公司
113522.SH	宁波旭升汽车技术股份有限公司公开发行可转换公司债券	旭升转债	191522	603305.SH	旭升集团	6.0	100.0	100.0	420000000.0	0.0	2018-11-22	2024-11-22		0.6	13.0	1	2018-12-11	2020-02-28	上交所	2019-05-28	2024-11-21	2020-02-28	29.86	29.6	20181122-20191121,票面利率:0.40%;20191122-20200227,票面利率:0.60%	115.0	AA	AA	大公国际资信评估有限公司
113523.SH	浙江伟明环保股份有限公司公开发行可转换公司债券	伟明转债	191523	603568.SH	伟明环保	6.0	100.0	100.0	670000000.0	0.0	2018-12-10	2024-12-10		0.6	8.0	1	2018-12-26	2020-02-06	上交所	2019-06-14	2024-12-09	2020-02-06	23.92	17.47	20181210-20191209,票面利率:0.40%;20191210-20200205,票面利率:0.60%	110.0	AA	AA	中诚信证评数据科技有限公司
113524.SH	奇精机械股份有限公司公开发行可转换公司债券	奇精转债	191524	603677.SH	奇精机械	6.0	100.0	100.0	330000000.0	0.0	2018-12-14	2024-12-14		2.0	11.0	1	2019-01-07	2024-12-16	上交所	2019-06-21	2024-12-13	2024-12-16	14.76	13.33	20181214-20191213,票面利率:0.40%;20191214-20201213,票面利率:0.60%;20201214-20211213,票面利率:1.00%;20211214-20221213,票面利率:1.50%;20221214-20231213,票面利率:1.80%;20231214-20241213,票面利率:2.00%	113.0	AA	AA-	中证鹏元资信评估股份有限公司
113525.SH	浙江台华新材料股份有限公司公开发行可转换公司债券	台华转债	191525	603055.SH	台华新材	6.0	100.0	100.0	533000000.0	0.0	2018-12-17	2024-12-17		1.8	7.0	1	2019-01-11	2023-01-06	上交所	2019-06-21	2024-12-16	2023-01-06	11.56	7.61	20181217-20191216,票面利率:0.40%;20191217-20201216,票面利率:0.60%;20201217-20211216,票面利率:1.00%;20211217-20221216,票面利率:1.50%;20221217-20230105,票面利率:1.80%	110.0	AA	AA	联合资信评估股份有限公司
113526.SH	广东联泰环保股份有限公司可转换公司债券	联泰转债	191526	603797.SH	联泰环保	6.0	100.0	100.0	390000000.0	0.0	2019-01-23	2025-01-23		2.0	4.0	1	2019-02-18	2025-01-23	上交所	2019-07-29	2025-01-22	2025-01-23	12.31	5.72	20190123-20200122,票面利率:0.30%;20200123-20210122,票面利率:0.50%;20210123-20220122,票面利率:1.00%;20220123-20230122,票面利率:1.50%;20230123-20240122,票面利率:1.80%;20240123-20250122,票面利率:2.00%	106.0	AA	AA+	中证鹏元资信评估股份有限公司
113527.SH	维格娜丝时装股份有限公司可转换公司债券	维格转债	191527	603518.SH	锦泓集团	6.0	100.0	100.0	746000000.0	0.0	2019-01-24	2025-01-24		2.5	12.5	1	2019-02-19	2025-01-24	上交所	2019-07-30	2025-01-23	2025-01-24	14.96	9.39	20190124-20200123,票面利率:0.50%;20200124-20210123,票面利率:0.70%;20210124-20220123,票面利率:1.00%;20220124-20230123,票面利率:1.50%;20230124-20240123,票面利率:2.00%;20240124-20250123,票面利率:2.50%	115.0	AA	AA	东方金诚国际信用评估有限公司
113528.SH	浙江长城电工科技股份有限公司公开发行可转换公司债券	长城转债	191528	603897.SH	长城科技	6.0	100.0	100.0	634000000.0	0.0	2019-03-01	2025-03-01		1.2	9.0	1	2019-03-20	2021-12-24	上交所	2019-09-09	2025-02-28	2021-12-24	24.18	22.35	20190301-20200229,票面利率:0.50%;20200301-20210228,票面利率:0.80%;20210301-20211223,票面利率:1.20%	112.0	AA-	AA-	联合资信评估股份有限公司
113529.SH	绝味食品股份有限公司公开发行可转换公司债券	绝味转债	191529	603517.SH	ST绝味	6.0	100.0	100.0	1000000000.0	0.0	2019-03-11	2025-03-11		0.4	11.0	1	2019-04-02	2019-11-22	上交所	2019-09-16	2025-03-10	2019-11-22	40.52	28.51	20190311-20191121,票面利率:0.40%	113.0	AA	AA	中诚信证评数据科技有限公司
113530.SH	浙江大丰实业股份有限公司公开发行可转换公司债券	大丰转债	191530	603081.SH	大丰实业	6.0	100.0	100.0	630000000.0	0.0	2019-03-27	2025-03-27		3.0	13.0	1	2019-04-18	2025-03-27	上交所	2019-10-08	2025-03-26	2025-03-27	16.88	12.95	20190327-20200326,票面利率:0.40%;20200327-20210326,票面利率:0.60%;20210327-20220326,票面利率:1.00%;20220327-20230326,票面利率:1.50%;20230327-20240326,票面利率:2.50%;20240327-20250326,票面利率:3.00%	116.0	AA	AA-	中诚信国际信用评级有限责任公司
113531.SH	老百姓大药房连锁股份有限公司公开发行可转换公司债券	百姓转债	191531	603883.SH	老百姓	5.0	100.0	100.0	327000000.0	0.0	2019-03-29	2024-03-29		0.4	8.6	1	2019-04-22	2020-05-21	上交所	2019-10-08	2024-03-28	2020-05-21	60.59	60.09	20190329-20200328,票面利率:0.20%;20200329-20200520,票面利率:0.40%	110.0	AA	AA	上海新世纪资信评估投资服务有限公司
113532.SH	福建海峡环保集团股份有限公司可转换公司债券	海环转债	191532	603817.SH	海峡环保	6.0	100.0	100.0	460000000.0	0.0	2019-04-02	2025-04-02		2.0	6.0	1	2019-04-24	2025-04-02	上交所	2019-10-09	2025-04-01	2025-04-02	7.8	5.3	20190402-20200401,票面利率:0.40%;20200402-20210401,票面利率:0.60%;20210402-20220401,票面利率:1.00%;20220402-20230401,票面利率:1.50%;20230402-20240401,票面利率:1.80%;20240402-20250401,票面利率:2.00%	108.0	AA	AA+u	中诚信国际信用评级有限责任公司
113533.SH	大参林医药集团股份有限公司公开发行可转换公司债券	参林转债	191533	603233.SH	大参林	6.0	100.0	100.0	1000000000.0	0.0	2019-04-03	2025-04-03		0.3	6.0	1	2019-04-24	2020-01-17	上交所	2019-10-10	2025-04-02	2020-01-17	48.05	36.5	20190403-20200116,票面利率:0.30%	108.0	AA	AA	中证鹏元资信评估股份有限公司
113534.SH	江苏鼎胜新能源材料股份有限公司公开发行可转换公司债券	鼎胜转债	191534	603876.SH	鼎胜新材	6.0	100.0	100.0	1254000000.0	0.0	2019-04-09	2025-04-09		2.0	8.0	1	2019-04-30	2025-04-09	上交所	2019-10-16	2025-04-08	2025-04-09	20.8	7.61	20190409-20200408,票面利率:0.40%;20200409-20210408,票面利率:0.60%;20210409-20220408,票面利率:1.00%;20220409-20230408,票面利率:1.50%;20230409-20240408,票面利率:1.80%;20240409-20250408,票面利率:2.00%	110.0	AA	AA-	联合资信评估股份有限公司
113535.SH	山东大业股份有限公司公开发行可转换公司债券	大业转债	191535	603278.SH	大业股份	5.0	100.0	100.0	500000000.0	0.0	2019-05-09	2024-05-09		2.0	8.0	1	2019-06-03	2024-01-16	上交所	2019-11-15	2024-05-08	2024-01-16	12.56	9.59	20190509-20200508,票面利率:0.40%;20200509-20210508,票面利率:0.60%;20210509-20220508,票面利率:1.00%;20220509-20230508,票面利率:1.50%;20230509-20240115,票面利率:2.00%	110.0	AA	AA-	东方金诚国际信用评估有限公司
113536.SH	浙江三星新材股份有限公司公开发行可转换公司债券	三星转债	191536	603578.SH	三星新材	6.0	100.0	100.0	191565000.0	0.0	2019-05-31	2025-05-31		1.0	8.0	1	2019-06-24	2021-12-31	上交所	2019-12-06	2025-05-30	2021-12-31	19.75	13.76	20190531-20200530,票面利率:0.40%;20200531-20210530,票面利率:0.50%;20210531-20211230,票面利率:1.00%	110.0	AA	AA	中证鹏元资信评估股份有限公司
113537.SH	广东文灿压铸股份有限公司公开发行可转换公司债券	文灿转债	191537	603348.SH	文灿股份	6.0	100.0	100.0	800000000.0	0.0	2019-06-10	2025-06-10		3.5	11.5	1	2019-07-05	2024-12-18	上交所	2019-12-16	2025-06-09	2024-12-18	19.93	19.5	20190610-20200609,票面利率:0.50%;20200610-20210609,票面利率:0.80%;20210610-20220609,票面利率:1.20%;20220610-20230609,票面利率:2.00%;20230610-20240609,票面利率:2.50%;20240610-20241217,票面利率:3.50%	115.0	AA-	AA-	中证鹏元资信评估股份有限公司
113538.SH	郑州安图生物工程股份有限公司公开发行可转换公司债券	安图转债	191538	603658.SH	安图生物	6.0	100.0	100.0	682979000.0	0.0	2019-06-28	2025-06-28		0.3	8.0	1	2019-07-22	2020-02-19	上交所	2020-01-06	2025-06-27	2020-02-19	64.11	64.11	20190628-20200218,票面利率:0.30%	110.0	AA	AA	联合信用评级有限公司
113539.SH	浙江圣达生物药业股份有限公司公开发行可转换公司债券	圣达转债	191539	603079.SH	圣达生物	6.0	100.0	100.0	299136000.0	0.0	2019-07-03	2025-07-03		0.6	12.5	1	2019-07-26	2020-03-11	上交所	2020-01-09	2025-07-02	2020-03-11	28.78	28.78	20190703-20200310,票面利率:0.60%	115.0	A+	A+	中诚信证评数据科技有限公司
113540.SH	南威软件股份有限公司公开发行可转换公司债券	南威转债	191540	603636.SH	南威软件	6.0	100.0	100.0	660000000.0	0.0	2019-07-15	2025-07-15		0.5	9.0	1	2019-08-05	2020-03-25	上交所	2020-01-20	2025-07-14	2020-03-25	10.13	10.13	20190715-20200324,票面利率:0.50%	112.0	AA-	AA-	中诚信证评数据科技有限公司
113541.SH	浙江荣晟环保纸业股份有限公司公开发行可转换公司债券	荣晟转债	191541	603165.SH	荣晟环保	6.0	100.0	100.0	330000000.0	0.0	2019-07-23	2025-07-23		1.0	8.0	1	2019-08-13	2022-06-28	上交所	2020-02-03	2025-07-22	2022-06-28	18.72	10.49	20190723-20200722,票面利率:0.50%;20200723-20210722,票面利率:0.70%;20210723-20220627,票面利率:1.00%	110.0	AA-	AA-	东方金诚国际信用评估有限公司
113542.SH	广州好莱客创意家居股份有限公司公开发行可转换公司债券	好客转债	191542	603898.SH	好莱客	6.0	100.0	100.0	630000000.0	0.0	2019-08-01	2025-08-01		2.0	8.0	1	2019-08-23	2025-08-01	上交所	2020-02-12	2025-07-31	2025-08-01	16.62	10.92	20190801-20200731,票面利率:0.40%;20200801-20210731,票面利率:0.60%;20210801-20220731,票面利率:1.00%;20220801-20230731,票面利率:1.50%;20230801-20240731,票面利率:1.80%;20240801-20250731,票面利率:2.00%	110.0	AA	AA	中证鹏元资信评估股份有限公司
113543.SH	欧派家居集团股份有限公司可转换公司债券	欧派转债	191543	603833.SH	欧派家居	6.0	100.0	100.0	1495000000.0	0.0	2019-08-16	2025-08-16		0.6	8.0	1	2019-09-04	2021-07-12	上交所	2020-02-24	2025-08-15	2021-07-12	101.46	70.49	20190816-20200815,票面利率:0.40%;20200816-20210711,票面利率:0.60%	110.0	AA	AA	联合资信评估股份有限公司
113544.SH	桃李面包股份有限公司公开发行可转换公司债券	桃李转债	191544	603866.SH	桃李面包	6.0	100.0	100.0	1000000000.0	0.0	2019-09-20	2025-09-20		0.4	8.0	1	2019-10-15	2020-09-18	上交所	2020-03-26	2025-09-19	2020-09-18	47.54	46.54	20190920-20200917,票面利率:0.40%	110.0	AA	AA	中诚信国际信用评级有限责任公司
113545.SH	金能科技股份有限公司公开发行A股可转换公司债券	金能转债	191545	603113.SH	金能科技	6.0	100.0	100.0	1500000000.0	0.0	2019-10-14	2025-10-14		2.0	8.0	1	2019-11-07	2025-10-14	上交所	2020-04-20	2025-10-13	2025-10-14	11.55	7.39	20191014-20201013,票面利率:0.40%;20201014-20211013,票面利率:0.60%;20211014-20221013,票面利率:1.00%;20221014-20231013,票面利率:1.50%;20231014-20241013,票面利率:1.80%;20241014-20251013,票面利率:2.00%	110.0	AA	AA-	联合资信评估股份有限公司
113546.SH	浙江迪贝电气股份有限公司可转换公司债券	迪贝转债	191546	603320.SH	迪贝电气	6.0	100.0	100.0	229930000.0	0.0	2019-10-23	2025-10-23		3.0	12.0	1	2019-11-21	2025-02-19	上交所	2020-04-29	2025-10-22	2025-02-19	18.45	11.93	20191023-20201022,票面利率:0.50%;20201023-20211022,票面利率:0.80%;20211023-20221022,票面利率:1.20%;20221023-20231022,票面利率:1.60%;20231023-20241022,票面利率:2.00%;20241023-20250218,票面利率:3.00%	115.0	A+	A+	中诚信国际信用评级有限责任公司
113547.SH	索通发展股份有限公司公开发行可转换公司债券	索发转债	191547	603612.SH	索通发展	6.0	100.0	100.0	945000000.0	0.0	2019-10-24	2025-10-24		0.5	10.5	1	2019-11-22	2020-09-16	上交所	2020-04-30	2025-10-23	2020-09-16	10.67	10.52	20191024-20200915,票面利率:0.50%	113.0	AA	AA	中诚信国际信用评级有限责任公司
113548.SH	江苏太平洋石英股份有限公司可转换公司债券	石英转债	191548	603688.SH	石英股份	6.0	100.0	100.0	360000000.0	0.0	2019-10-28	2025-10-28		1.2	14.5	1	2019-11-22	2022-08-15	上交所	2020-05-06	2025-10-27	2022-08-15	15.25	14.69	20191028-20201027,票面利率:0.40%;20201028-20211027,票面利率:0.70%;20211028-20220814,票面利率:1.20%	118.0	AA-	AA-	中诚信国际信用评级有限责任公司
113549.SH	广州白云电器设备股份有限公司公开发行可转换公司债券	白电转债	191549	603861.SH	白云电器	6.0	100.0	100.0	880000000.0	0.0	2019-11-15	2025-11-15		2.0	8.0	1	2019-12-11	2025-08-29	上交所	2020-05-21	2025-11-14	2025-08-29	8.99	7.63	20191115-20201114,票面利率:0.30%;20201115-20211114,票面利率:0.50%;20211115-20221114,票面利率:1.00%;20221115-20231114,票面利率:1.50%;20231115-20241114,票面利率:1.80%;20241115-20250828,票面利率:2.00%	110.0	AA	AA	中证鹏元资信评估股份有限公司
113550.SH	常熟市汽车饰件股份有限公司可转换公司债券	常汽转债	191550	603035.SH	常熟汽饰	6.0	100.0	100.0	992424000.0	0.0	2019-11-18	2025-11-18		1.2	12.0	1	2019-12-12	2022-04-19	上交所	2020-05-22	2025-11-17	2022-04-19	9.93	9.33	20191118-20201117,票面利率:0.50%;20201118-20211117,票面利率:0.80%;20211118-20220418,票面利率:1.20%	115.0	AA-	AA-	上海新世纪资信评估投资服务有限公司
113551.SH	杭州福斯特应用材料股份有限公司公开发行可转换公司债券	福特转债	191551	603806.SH	福斯特	6.0	100.0	100.0	1100000000.0	0.0	2019-11-18	2025-11-18		0.4	8.0	1	2019-12-11	2020-07-16	上交所	2020-05-22	2025-11-17	2020-07-16	41.04	28.92	20191118-20200715,票面利率:0.40%	110.0	AA	AA	联合信用评级有限公司
113552.SH	上海克来机电自动化工程股份有限公司公开发行可转换公司债券	克来转债	191552	603960.SH	克来机电	6.0	100.0	100.0	180000000.0	0.0	2019-12-02	2025-12-02		0.5	9.5	1	2019-12-19	2020-08-07	上交所	2020-06-08	2025-12-01	2020-08-07	27.86	19.78	20191202-20200806,票面利率:0.50%	112.0	A+	A+	上海新世纪资信评估投资服务有限公司
113553.SH	厦门金牌厨柜股份有限公司公开发行可转换公司债券	金牌转债	191553	603180.SH	金牌家居	6.0	100.0	100.0	392000000.0	0.0	2019-12-13	2025-12-13		0.4	14.5	1	2020-01-07	2020-12-04	上交所	2020-06-19	2025-12-12	2020-12-04	62.69	44.14	20191213-20201203,票面利率:0.40%	118.0	AA-	AA-	中证鹏元资信评估股份有限公司
113554.SH	仙鹤股份有限公司公开发行可转换公司债券	仙鹤转债	191554	603733.SH	仙鹤股份	6.0	100.0	100.0	1250000000.0	0.0	2019-12-16	2025-12-16		0.3	10.5	1	2020-01-10	2020-09-11	上交所	2020-06-22	2025-12-15	2020-09-11	13.67	13.27	20191216-20200910,票面利率:0.30%	113.0	AA	AA	中诚信国际信用评级有限责任公司
113555.SH	振德医疗用品股份有限公司公开发行可转换公司债券	振德转债	191555	603301.SH	振德医疗	6.0	100.0	100.0	440000000.0	0.0	2019-12-19	2025-12-19		0.5	15.0	1	2020-01-14	2020-12-04	上交所	2020-06-29	2025-12-18	2020-12-04	20.04	14.01	20191219-20201203,票面利率:0.50%	118.0	AA-	AA-	中证鹏元资信评估股份有限公司
113556.SH	上海至纯洁净系统科技股份有限公司公开发行可转换公司债券	至纯转债	191556	603690.SH	至纯科技	6.0	100.0	100.0	356000000.0	0.0	2019-12-20	2025-12-20		0.6	17.0	1	2020-01-09	2021-01-26	上交所	2020-06-29	2025-12-19	2021-01-26	29.47	29.28	20191220-20201219,票面利率:0.40%;20201220-20210125,票面利率:0.60%	120.0	A+	A+	中证鹏元资信评估股份有限公司
113557.SH	森特士兴集团股份有限公司公开发行可转换公司债券	森特转债	191557	603098.SH	森特股份	6.0	100.0	100.0	600000000.0	0.0	2019-12-19	2025-12-19		0.8	12.0	1	2020-01-10	2021-04-30	上交所	2020-06-29	2025-12-18	2021-04-30	10.26	10.11	20191219-20201218,票面利率:0.40%;20201219-20210429,票面利率:0.80%	115.0	AA-	AA-	中证鹏元资信评估股份有限公司
113558.SH	日月重工股份有限公司公开发行可转换公司债券	日月转债	191558	603218.SH	日月股份	6.0	100.0	100.0	1200000000.0	0.0	2019-12-23	2025-12-23		0.4	8.0	1	2020-01-14	2020-08-19	上交所	2020-06-29	2025-12-22	2020-08-19	19.68	13.84	20191223-20200818,票面利率:0.40%	110.0	AA	AA	联合信用评级有限公司
113559.SH	杭州永创智能设备股份有限公司2019年可转换公司债券	永创转债	191559	603901.SH	永创智能	6.0	100.0	100.0	512170000.0	0.0	2019-12-23	2025-12-23		0.8	9.0	1	2020-01-10	2021-06-28	上交所	2020-06-29	2025-12-22	2021-06-28	10.39	10.32	20191223-20201222,票面利率:0.60%;20201223-20210625,票面利率:0.80%	112.0	AA-	AA-	中证鹏元资信评估股份有限公司
113561.SH	浙江正裕工业股份有限公司可转换公司债券	正裕转债	191561	603089.SH	正裕工业	6.0	100.0	100.0	290000000.0	0.0	2019-12-31	2025-12-31		2.5	9.5	1	2020-02-10	2025-06-19	上交所	2020-07-07	2025-12-30	2025-06-19	14.21	8.4	20191231-20201230,票面利率:0.50%;20201231-20211230,票面利率:0.80%;20211231-20221230,票面利率:1.20%;20221231-20231230,票面利率:1.80%;20231231-20241230,票面利率:2.20%;20241231-20250618,票面利率:2.50%	112.0	A+	A+	中证鹏元资信评估股份有限公司
113562.SH	上海璞泰来新能源科技股份有限公司公开发行可转换公司债券	璞泰转债	191562	603659.SH	璞泰来	5.0	100.0	100.0	870000000.0	0.0	2020-01-02	2025-01-02		0.3	8.0	1	2020-02-04	2020-12-21	上交所	2020-07-08	2024-12-31	2020-12-21	83.18	83.54	20200102-20201218,票面利率:0.30%	110.0	AA	AA	中证鹏元资信评估股份有限公司
113563.SH	广西柳州医药股份有限公司公开发行可转换公司债券	柳药转债	191563	603368.SH	柳药集团	6.0	100.0	100.0	802200000.0	0.0	2020-01-16	2026-01-16		2.0	6.0	1	2020-02-24	2026-01-16	上交所	2020-07-22	2026-01-15	2026-01-16	34.94	21.18	20200116-20210115,票面利率:0.30%;20210116-20220115,票面利率:0.60%;20220116-20230115,票面利率:1.00%;20230116-20240115,票面利率:1.50%;20240116-20250115,票面利率:1.80%;20250116-20260115,票面利率:2.00%	108.0	AA	AA	上海新世纪资信评估投资服务有限公司
113564.SH	江苏天目湖旅游股份有限公司可转换公司债券	天目转债	191564	603136.SH	天目湖	6.0	100.0	100.0	300000000.0	0.0	2020-02-28	2026-02-28		0.7	17.0	1	2020-03-16	2021-05-19	上交所	2020-09-07	2026-02-27	2021-05-19	23.8	23.1	20200228-20210227,票面利率:0.50%;20210228-20210518,票面利率:0.70%	120.0	AA-	AA-	中证鹏元资信评估股份有限公司
113565.SH	宏辉果蔬股份有限公司公开发行可转换公司债券	宏辉转债	191565	603336.SH	宏辉果蔬	6.0	100.0	100.0	332000000.0	0.0	2020-02-26	2026-02-26		3.0	9.0	1	2020-03-16	2025-09-19	上交所	2020-09-03	2026-02-25	2025-09-19	14.61	5.85	20200226-20210225,票面利率:0.40%;20210226-20220225,票面利率:0.80%;20220226-20230225,票面利率:1.00%;20230226-20240225,票面利率:1.50%;20240226-20250225,票面利率:2.50%;20250226-20250918,票面利率:3.00%	112.0	AA-	A+	中证鹏元资信评估股份有限公司
113566.SH	上海翔港包装科技股份有限公司公开发行可转换公司债券	翔港转债	191566	603499.SH	翔港科技	6.0	100.0	100.0	200000000.0	0.0	2020-02-28	2026-02-28		2.2	15.2	1	2020-03-31	2024-04-15	上交所	2020-09-07	2026-02-27	2024-04-15	15.16	10.74	20200228-20210227,票面利率:0.50%;20210228-20220227,票面利率:0.80%;20220228-20230227,票面利率:1.20%;20230228-20240227,票面利率:1.80%;20240228-20240414,票面利率:2.20%	118.0	A+	A+	联合资信评估股份有限公司
113567.SH	君禾泵业股份有限公司公开发行可转换公司债券	君禾转债	191567	603617.SH	君禾股份	6.0	100.0	100.0	210000000.0	0.0	2020-03-04	2026-03-04		1.6	10.2	1	2020-04-03	2023-03-15	上交所	2020-09-10	2026-03-03	2023-03-15	16.2	7.45	20200304-20210303,票面利率:0.50%;20210304-20220303,票面利率:0.80%;20220304-20230303,票面利率:1.20%;20230304-20230314,票面利率:1.60%	113.0	A+	A+	联合资信评估股份有限公司
113568.SH	浙江五洲新春集团股份有限公司公开发行可转换公司债券	新春转债	191568	603667.SH	五洲新春	6.0	100.0	100.0	330000000.0	0.0	2020-03-06	2026-03-06		1.2	15.0	1	2020-04-02	2022-06-13	上交所	2020-09-14	2026-03-05	2022-06-13	9.08	8.75	20200306-20210305,票面利率:0.50%;20210306-20220305,票面利率:0.80%;20220306-20220612,票面利率:1.20%	118.0	AA-	AA-	中证鹏元资信评估股份有限公司
113569.SH	苏州科达科技股份有限公司公开发行可转换公司债券	科达转债	191569	603660.SH	苏州科达	6.0	100.0	100.0	516000000.0	0.0	2020-03-09	2026-03-09		3.0	12.0	1	2020-04-08	2025-10-21	上交所	2020-09-14	2026-03-08	2025-10-21	14.88	6.38	20200309-20210308,票面利率:0.40%;20210309-20220308,票面利率:0.80%;20220309-20230308,票面利率:1.00%;20230309-20240308,票面利率:1.50%;20240309-20250308,票面利率:2.00%;20250309-20251020,票面利率:3.00%	115.0	AA-	A-	中证鹏元资信评估股份有限公司
113570.SH	浙江百达精工股份有限公司公开发行可转换公司债券	百达转债	191570	603331.SH	百达精工	6.0	100.0	100.0	280000000.0	0.0	2020-03-11	2026-03-11		1.5	8.0	1	2020-04-08	2023-03-24	上交所	2020-09-17	2026-03-10	2023-03-24	16.39	11.09	20200311-20210310,票面利率:0.40%;20210311-20220310,票面利率:0.60%;20220311-20230310,票面利率:1.00%;20230311-20230323,票面利率:1.50%	110.0	A+	A+	远东资信评估有限公司
113571.SH	江苏苏博特新材料股份有限公司公开发行可转换公司债券	博特转债	191571	603916.SH	苏博特	6.0	100.0	100.0	696800000.0	0.0	2020-03-12	2026-03-12		0.5	12.0	1	2020-04-01	2020-11-18	上交所	2020-09-18	2026-03-11	2020-11-18	19.18	18.88	20200312-20201117,票面利率:0.50%	115.0	AA-	AA-	中诚信国际信用评级有限责任公司
113572.SH	三祥新材股份有限公司公开发行可转换公司债券	三祥转债	191572	603663.SH	三祥新材	6.0	100.0	100.0	205000000.0	0.0	2020-03-12	2026-03-12		0.5	6.0	1	2020-04-09	2021-09-24	上交所	2020-09-18	2026-03-11	2021-09-24	14.29	14.09	20200312-20210311,票面利率:0.40%;20210312-20210923,票面利率:0.50%	108.0	A+	A+	远东资信评估有限公司
113573.SH	杭州纵横通信股份有限公司可转换公司债券	纵横转债	191573	603602.SH	纵横通信	6.0	100.0	100.0	270000000.0	0.0	2020-04-17	2026-04-17		2.5	15.2	1	2020-05-22	2024-12-05	上交所	2020-10-23	2026-04-16	2024-12-05	24.49	12.45	20200417-20210416,票面利率:0.50%;20210417-20220416,票面利率:0.70%;20220417-20230416,票面利率:1.20%;20230417-20240416,票面利率:1.80%;20240417-20241204,票面利率:2.50%	118.0	A+	A+	联合资信评估股份有限公司
113574.SH	四川华体照明科技股份有限公司公开发行可转换公司债券	华体转债	191574	603679.SH	华体科技	6.0	100.0	100.0	208800000.0	0.0	2020-03-31	2026-03-31		2.7	7.3	1	2020-04-27	2026-03-31	上交所	2020-10-09	2026-03-30	2026-03-31	47.72	13.49	20200331-20210330,票面利率:0.50%;20210331-20220330,票面利率:0.70%;20220331-20230330,票面利率:1.20%;20230331-20240330,票面利率:1.80%;20240331-20250330,票面利率:2.20%;20250331-20260330,票面利率:2.70%	110.0	A+	A	联合资信评估股份有限公司
113575.SH	东方时尚驾驶学校股份有限公司公开发行可转换公司债券	东时转债	191575	603377.SH	ST东时	6.0	100.0	100.0	428000000.0	62400000.0	2020-04-09	2026-04-09		2.3	5.7	1	2020-04-30	1970-01-01	上交所	2020-10-15	2026-04-08	2026-04-09	14.76	4.42	20200409-20210408,票面利率:0.40%;20210409-20220408,票面利率:0.60%;20220409-20230408,票面利率:1.00%;20230409-20240408,票面利率:1.50%;20240409-20250408,票面利率:2.00%;20250409-20260408,票面利率:2.30%	108.0	AA	C	联合资信评估股份有限公司
113576.SH	起步股份有限公司可转换公司债券	起步转债	191576	603557.SH	*ST起步	6.0	100.0	100.0	520000000.0	0.0	2020-04-10	2026-04-10		2.5	12.0	1	2020-05-07	2025-01-17	上交所	2020-10-16	2026-04-09	2025-01-17	10.95	1.75	20200410-20210409,票面利率:0.50%;20210410-20220409,票面利率:0.80%;20220410-20230409,票面利率:1.20%;20230410-20240409,票面利率:1.80%;20240410-20250116,票面利率:2.50%	115.0	AA-	B-	中证鹏元资信评估股份有限公司
113577.SH	苏州春秋电子科技股份有限公司可转换公司债券	春秋转债	191577	603890.SH	春秋电子	6.0	100.0	100.0	240000000.0	0.0	2020-04-14	2026-04-14		3.0	9.0	1	2020-05-13	2025-11-07	上交所	2020-10-20	2026-04-13	2025-11-07	15.69	10.5	20200414-20210413,票面利率:0.50%;20210414-20220413,票面利率:0.70%;20220414-20230413,票面利率:1.00%;20230414-20240413,票面利率:1.50%;20240414-20250413,票面利率:2.50%;20250414-20251106,票面利率:3.00%	112.0	AA-	AA-	中证鹏元资信评估股份有限公司
113578.SH	上海全筑建筑装饰集团股份有限公司可转换公司债券	全筑转债	191578	603030.SH	全筑股份	6.0	100.0	100.0	384000000.0	0.0	2020-04-20	2026-04-20		1.5	11.0	1	2020-05-19	2024-01-30	上交所	2020-10-26	2026-04-19	2023-12-14	5.47	3.2	20200420-20210419,票面利率:0.40%;20210420-20220419,票面利率:0.60%;20220420-20230419,票面利率:1.00%;20230420-20231112,票面利率:1.50%	113.0	AA	B-	东方金诚国际信用评估有限公司
113579.SH	南京健友生化制药股份有限公司公开发行可转换公司债券	健友转债	191579	603707.SH	健友股份	6.0	100.0	100.0	503190000.0	0.0	2020-04-23	2026-04-23		2.0	7.0	1	2020-05-22	2026-04-23	上交所	2020-10-29	2026-04-22	2026-04-23	54.97	24.34	20200423-20210422,票面利率:0.30%;20210423-20220422,票面利率:0.60%;20220423-20230422,票面利率:1.00%;20230423-20240422,票面利率:1.50%;20240423-20250422,票面利率:1.80%;20250423-20260422,票面利率:2.00%	109.0	AA	AA	联合资信评估股份有限公司
113580.SH	浙江康隆达特种防护科技股份有限公司公开发行A股可转换公司债券	康隆转债	191580	603665.SH	康隆达	6.0	100.0	100.0	200000000.0	0.0	2020-04-23	2026-04-23		0.8	12.0	1	2020-05-20	2021-11-19	上交所	2020-10-29	2026-04-22	2021-11-19	24.45	15.51	20200423-20210422,票面利率:0.40%;20210423-20211118,票面利率:0.80%	115.0	AA-	AA-	中诚信国际信用评级有限责任公司
113581.SH	江苏龙蟠科技股份有限公司公开发行可转换公司债券	龙蟠转债	191581	603906.SH	龙蟠科技	6.0	100.0	100.0	400000000.0	0.0	2020-04-23	2026-04-23		0.5	16.0	1	2020-05-19	2020-12-11	上交所	2020-10-29	2026-04-22	2020-12-11	9.61	9.48	20200423-20201210,票面利率:0.50%	120.0	A+	A+	中诚信国际信用评级有限责任公司
113582.SH	福建火炬电子科技股份有限公司公开发行可转换公司债券	火炬转债	191582	603678.SH	火炬电子	6.0	100.0	100.0	600000000.0	0.0	2020-05-27	2026-05-27		1.8	8.0	1	2020-06-23	2025-04-23	上交所	2020-12-02	2026-05-26	2025-04-23	25.33	23.89	20200527-20210526,票面利率:0.40%;20210527-20220526,票面利率:0.60%;20220527-20230526,票面利率:1.00%;20230527-20240526,票面利率:1.50%;20240527-20250422,票面利率:1.80%	110.0	AA	AA	联合资信评估股份有限公司
113583.SH	益丰大药房连锁股份有限公司公开发行可转换公司债券	益丰转债	191583	603939.SH	益丰药房	6.0	100.0	100.0	1581009000.0	0.0	2020-06-01	2026-06-01		0.4	8.0	1	2020-06-22	2021-03-05	上交所	2020-12-07	2026-05-31	2021-03-05	71.82	71.82	20200601-20210304,票面利率:0.40%	110.0	AA	AA	联合信用评级有限公司
113584.SH	家家悦集团股份有限公司公开发行可转换公司债券	家悦转债	191584	603708.SH	家家悦	6.0	100.0	100.0	645000000.0	0.0	2020-06-05	2026-06-05		2.0	8.0	1	2020-06-24	2026-06-05	上交所	2020-12-14	2026-06-04	2026-06-05	37.97	12.45	20200605-20210604,票面利率:0.40%;20210605-20220604,票面利率:0.60%;20220605-20230604,票面利率:1.00%;20230605-20240604,票面利率:1.50%;20240605-20250604,票面利率:1.80%;20250605-20260604,票面利率:2.00%	110.0	AA	AA	联合资信评估股份有限公司
113585.SH	浙江寿仙谷医药股份有限公司公开发行可转换公司债券	寿仙转债	191585	603896.SH	寿仙谷	6.0	100.0	100.0	360000000.0	0.0	2020-06-09	2026-06-09		1.0	9.5	1	2020-07-07	2023-06-06	上交所	2020-12-15	2026-06-08	2023-06-06	28.68	21.64	20200609-20210608,票面利率:0.50%;20210609-20220608,票面利率:0.80%;20220609-20230605,票面利率:1.00%	112.0	AA-	AA-	中证鹏元资信评估股份有限公司
113586.SH	无锡上机数控股份有限公司公开发行可转换公司债券	上机转债	191586	603185.SH	弘元绿能	6.0	100.0	100.0	665000000.0	0.0	2020-06-09	2026-06-09		0.5	12.0	1	2020-07-07	2021-01-20	上交所	2020-12-15	2026-06-08	2021-01-20	33.31	33.3	20200609-20210119,票面利率:0.50%	115.0	AA-	AA-	中证鹏元资信评估股份有限公司
113587.SH	上海泛微网络科技股份有限公司可转换公司债券	泛微转债	191587	603039.SH	泛微网络	6.0	100.0	100.0	316000000.0	0.0	2020-06-15	2026-06-15		0.5	15.0	1	2020-07-14	2021-02-23	上交所	2020-12-21	2026-06-14	2021-02-23	64.33	64.33	20200615-20210222,票面利率:0.50%	118.0	AA-	AA-	中证鹏元资信评估股份有限公司
113588.SH	上海润达医疗科技股份有限公司公开发行可转换公司债券	润达转债	191588	603108.SH	润达医疗	6.0	100.0	100.0	550000000.0	0.0	2020-06-17	2026-06-17		2.0	7.0	1	2020-07-13	2026-06-17	上交所	2020-12-23	2026-06-16	2026-06-17	13.36	12.97	20200617-20210616,票面利率:0.30%;20210617-20220616,票面利率:0.60%;20220617-20230616,票面利率:1.00%;20230617-20240616,票面利率:1.50%;20240617-20250616,票面利率:1.80%;20250617-20260616,票面利率:2.00%	109.0	AA	AA	上海新世纪资信评估投资服务有限公司
113589.SH	天创时尚股份有限公司公开发行可转换公司债券	天创转债	191589	603608.SH	天创时尚	6.0	100.0	100.0	600000000.0	0.0	2020-06-24	2026-06-24		2.0	8.0	1	2020-07-16	2026-06-24	上交所	2021-01-04	2026-06-23	2026-06-24	12.64	12.29	20200624-20210623,票面利率:0.40%;20210624-20220623,票面利率:0.60%;20220624-20230623,票面利率:1.00%;20230624-20240623,票面利率:1.50%;20240624-20250623,票面利率:1.80%;20250624-20260623,票面利率:2.00%	110.0	AA	A-	中证鹏元资信评估股份有限公司
113590.SH	青岛海容商用冷链股份有限公司公开发行可转换公司债券	海容转债	191590	603187.SH	海容冷链	6.0	100.0	100.0	500127000.0	0.0	2020-06-29	2026-06-29		0.4	7.5	1	2020-07-27	2021-03-08	上交所	2021-01-04	2026-06-28	2021-03-08	36.39	36.39	20200629-20210307,票面利率:0.40%	110.0	AA-	AA-	大公国际资信评估有限公司
113591.SH	浙江大胜达包装股份有限公司公开发行可转换公司债券	胜达转债	191591	603687.SH	大胜达	6.0	100.0	100.0	550000000.0	0.0	2020-07-01	2026-07-01		1.5	13.0	1	2020-07-23	2023-12-27	上交所	2021-01-08	2026-06-30	2023-12-27	14.73	8.68	20200701-20210630,票面利率:0.50%;20210701-20220630,票面利率:0.70%;20220701-20230630,票面利率:1.00%;20230701-20231226,票面利率:1.50%	116.0	AA-	AA-	联合资信评估股份有限公司
113592.SH	福建安井食品股份有限公司2020年公开发行可转换公司债券	安20转债	191592	603345.SH	安井食品	6.0	100.0	100.0	900000000.0	0.0	2020-07-08	2026-07-08		0.3	6.0	1	2020-07-31	2021-03-08	上交所	2021-01-14	2026-07-07	2021-03-08	115.9	115.9	20200708-20210307,票面利率:0.30%	108.0	AA	AA	中证鹏元资信评估股份有限公司
113593.SH	上海沪工焊接集团股份有限公司可转换公司债券	沪工转债	191593	603131.SH	上海沪工	6.0	100.0	100.0	400000000.0	0.0	2020-07-20	2026-07-20		2.8	12.2	1	2020-08-10	2026-01-22	上交所	2021-01-25	2026-07-19	2026-01-22	21.32	21.09	20200720-20210719,票面利率:0.40%;20210720-20220719,票面利率:0.60%;20220720-20230719,票面利率:1.20%;20230720-20240719,票面利率:2.00%;20240720-20250719,票面利率:2.40%;20250720-20260121,票面利率:2.80%	115.0	A+	A	联合资信评估股份有限公司
113594.SH	北京淳中科技股份有限公司公开发行可转换公司债券	淳中转债	191594	603516.SH	淳中科技	6.0	100.0	100.0	300000000.0	0.0	2020-07-21	2026-07-21		1.8	12.2	1	2020-08-28	2024-04-12	上交所	2021-01-27	2026-07-20	2024-04-12	39.37	17.93	20200721-20210720,票面利率:0.50%;20210721-20220720,票面利率:0.70%;20220721-20230720,票面利率:1.20%;20230721-20240411,票面利率:1.80%	115.0	A+	A+	中证鹏元资信评估股份有限公司
113595.SH	花王生态工程股份有限公司公开发行可转换公司债券	花王转债	191595	603007.SH	顺景科技	6.0	100.0	100.0	330000000.0	0.0	2020-07-21	2026-07-21		1.5	16.0	1	2020-08-18	2024-02-27	上交所	2021-01-27	2026-07-20	2024-02-27	6.94	4.48	20200721-20210720,票面利率:0.50%;20210721-20220720,票面利率:0.80%;20220721-20230720,票面利率:1.00%;20230721-20240226,票面利率:1.50%	119.0	AA-	B-	远东资信评估有限公司
113596.SH	上海城地香江数据科技股份有限公司公开发行可转换公司债券	城地转债	191596	603887.SH	城地香江	6.0	100.0	100.0	1200000000.0	0.0	2020-07-28	2026-07-28		2.0	5.0	1	2020-08-20	2024-12-18	上交所	2021-02-04	2026-07-27	2024-12-18	29.21	8.28	20200728-20210727,票面利率:0.40%;20210728-20220727,票面利率:0.60%;20220728-20230727,票面利率:1.00%;20230728-20240727,票面利率:1.50%;20240728-20241217,票面利率:2.00%	108.0	AA-	BBB	上海新世纪资信评估投资服务有限公司
113597.SH	南京佳力图机房环境技术股份有限公司可转换公司债券	佳力转债	191597	603912.SH	佳力图	6.0	100.0	100.0	300000000.0	296758004.6	2020-07-30	2026-07-30		3.0	15.0	1	2020-08-21	2026-07-30	上交所	2021-02-05	2026-07-29	2026-07-30	23.4	8.68	20200730-20210729,票面利率:0.50%;20210730-20220729,票面利率:0.70%;20220730-20230729,票面利率:1.00%;20230730-20240729,票面利率:1.80%;20240730-20250729,票面利率:2.50%;20250730-20260729,票面利率:3.00%	118.0	AA-	AA-	中证鹏元资信评估股份有限公司
113598.SH	法兰泰克重工股份有限公司公开发行A股可转换公司债券	法兰转债	191598	603966.SH	法兰泰克	6.0	100.0	100.0	330000000.0	0.0	2020-07-31	2026-07-31		2.5	12.0	1	2020-08-25	2025-06-20	上交所	2021-02-08	2026-07-30	2025-06-20	13.88	7.45	20200731-20210730,票面利率:0.40%;20210731-20220730,票面利率:0.80%;20220731-20230730,票面利率:1.00%;20230731-20240730,票面利率:1.50%;20240731-20250619,票面利率:2.50%	115.0	AA-	AA-	中证鹏元资信评估股份有限公司
113599.SH	嘉友国际物流股份有限公司可转换公司债券	嘉友转债	191599	603871.SH	嘉友国际	6.0	100.0	100.0	720000000.0	0.0	2020-08-05	2026-08-05		0.6	17.0	1	2020-09-07	2022-07-26	上交所	2021-02-18	2026-08-04	2022-07-26	24.82	12.73	20200805-20210804,票面利率:0.40%;20210805-20220725,票面利率:0.60%	120.0	AA-	AA-	中证鹏元资信评估股份有限公司
113600.SH	深圳市新星轻合金材料股份有限公司公开发行可转换公司债券	新星转债	191600	603978.SH	深圳新星	6.0	100.0	100.0	595000000.0	0.0	2020-08-13	2026-08-13		2.5	17.0	1	2020-09-11	2024-11-21	上交所	2021-02-19	2026-08-12	2024-11-21	23.85	10.0	20200813-20210812,票面利率:0.40%;20210813-20220812,票面利率:0.60%;20220813-20230812,票面利率:1.00%;20230813-20240812,票面利率:1.50%;20240813-20241120,票面利率:2.50%	120.0	AA-	A-	中证鹏元资信评估股份有限公司
113601.SH	塞力斯医疗科技股份有限公司公开发行可转换公司债券	塞力转债	191601	603716.SH	塞力医疗	6.0	100.0	100.0	543310000.0	0.0	2020-08-21	2026-08-21		3.0	12.0	1	2020-09-15	2026-04-10	上交所	2021-03-01	2026-08-20	2026-04-10	16.98	12.0	20200821-20210820,票面利率:0.50%;20210821-20220820,票面利率:0.80%;20220821-20230820,票面利率:1.00%;20230821-20240820,票面利率:1.50%;20240821-20250820,票面利率:2.50%;20250821-20260409,票面利率:3.00%	115.0	AA-	BB+	中证鹏元资信评估股份有限公司
113602.SH	深圳市景旺电子股份有限公司公开发行可转换公司债券	景20转债	191602	603228.SH	景旺电子	6.0	100.0	100.0	1780000000.0	0.0	2020-08-24	2026-08-24		1.5	6.0	1	2020-09-22	2024-08-13	上交所	2021-03-01	2026-08-23	2024-08-13	35.28	22.58	20200824-20210823,票面利率:0.40%;20210824-20220823,票面利率:0.60%;20220824-20230823,票面利率:1.00%;20230824-20240812,票面利率:1.50%	108.0	AA	AA	中证鹏元资信评估股份有限公司
113603.SH	宁波东方电缆股份有限公司公开发行可转换公司债券	东缆转债	191603	603606.SH	东方电缆	6.0	100.0	100.0	800000000.0	0.0	2020-09-24	2026-09-24		0.5	8.0	1	2020-10-29	2021-11-30	上交所	2021-03-30	2026-09-23	2021-11-30	23.88	23.65	20200924-20210923,票面利率:0.30%;20210924-20211129,票面利率:0.50%	110.0	AA	AA	中证鹏元资信评估股份有限公司
113604.SH	多伦科技股份有限公司公开发行可转换公司债券	多伦转债	191604	603528.SH	多伦科技	6.0	100.0	100.0	640000000.0	0.0	2020-10-13	2026-10-13		1.5	10.0	1	2020-11-17	2023-12-26	上交所	2021-04-19	2026-10-12	2023-12-26	10.44	7.8	20201013-20211012,票面利率:0.40%;20211013-20221012,票面利率:0.60%;20221013-20231012,票面利率:1.00%;20231013-20231225,票面利率:1.50%	112.0	AA-	AA-	联合资信评估股份有限公司
113605.SH	大参林医药集团股份有限公司可转换公司债券	大参转债	191605	603233.SH	大参林	6.0	100.0	100.0	1405000000.0	1404523000.0	2020-10-22	2026-10-22		2.0	8.0	1	2020-11-13	1970-01-01	上交所	2021-04-28	2026-10-21	1970-01-01	83.85	16.86	20201022-20211021,票面利率:0.30%;20211022-20221021,票面利率:0.60%;20221022-20231021,票面利率:1.00%;20231022-20241021,票面利率:1.50%;20241022-20251021,票面利率:1.80%;20251022-20261021,票面利率:2.00%	110.0	AA	AA	中证鹏元资信评估股份有限公司
113606.SH	上海荣泰健康科技股份有限公司公开发行可转换公司债券	荣泰转债	191606	603579.SH	荣泰健康	6.0	100.0	100.0	600000000.0	0.0	2020-10-30	2026-10-30		2.5	12.0	1	2020-11-20	2025-09-12	上交所	2021-05-06	2026-10-29	2025-09-12	33.32	23.07	20201030-20211029,票面利率:0.50%;20211030-20221029,票面利率:0.70%;20221030-20231029,票面利率:1.00%;20231030-20241029,票面利率:1.50%;20241030-20250911,票面利率:2.50%	115.0	AA-	AA-	上海新世纪资信评估投资服务有限公司
113607.SH	浙江伟明环保股份有限公司可转换公司债券	伟20转债	191607	603568.SH	伟明环保	6.0	100.0	100.0	1200000000.0	0.0	2020-11-02	2026-11-02		0.5	8.0	1	2020-11-27	2021-12-29	上交所	2021-05-06	2026-11-01	2021-12-29	22.01	21.71	20201102-20211101,票面利率:0.30%;20211102-20211228,票面利率:0.50%	110.0	AA	AA	中诚信国际信用评级有限责任公司
113608.SH	上海威派格智慧水务股份有限公司可转换公司债券	威派转债	191608	603956.SH	威派格	6.0	100.0	100.0	420000000.0	0.0	2020-11-09	2026-11-09		2.4	12.2	1	2020-11-27	2025-03-31	上交所	2021-05-13	2026-11-08	2025-03-31	19.24	6.06	20201109-20211108,票面利率:0.50%;20211109-20221108,票面利率:0.70%;20221109-20231108,票面利率:1.20%;20231109-20241108,票面利率:1.80%;20241109-20250330,票面利率:2.40%	115.0	A+	A+	中证鹏元资信评估股份有限公司
113609.SH	永安行科技股份有限公司公开发行可转换公司债券	永安转债		603776.SH	永安行	6.0	100.0	100.0	886480000.0	0.0	2020-11-24	2026-11-24		2.0	12.0	1	2020-12-23	2025-08-12	上交所	2021-05-31	2026-11-23	2025-08-12	20.34	14.22	20201124-20211123,票面利率:0.40%;20211124-20221123,票面利率:0.60%;20221124-20231123,票面利率:1.00%;20231124-20241123,票面利率:1.50%;20241124-20250811,票面利率:2.00%	115.0	AA-	AA-	上海新世纪资信评估投资服务有限公司
113610.SH	灵康药业集团股份有限公司公开发行可转换公司债券	灵康转债		603669.SH	灵康药业	6.0	100.0	100.0	525000000.0	252962007.0	2020-12-01	2026-12-01		3.0	12.0	1	2020-12-22	1970-01-01	上交所	2021-06-07	2026-11-30	1970-01-01	8.81	6.5	20201201-20211130,票面利率:0.40%;20211201-20221130,票面利率:0.70%;20221201-20231130,票面利率:1.00%;20231201-20241130,票面利率:1.50%;20241201-20251130,票面利率:2.50%;20251201-20261130,票面利率:3.00%	115.0	AA-	A-	东方金诚国际信用评估有限公司
113611.SH	杭州福斯特应用材料股份有限公司可转换公司债券	福20转债		603806.SH	福斯特	6.0	100.0	100.0	1700000000.0	0.0	2020-12-01	2026-12-01		0.25	6.25	1	2020-12-22	2021-07-29	上交所	2021-06-07	2026-11-30	2021-07-29	73.69	61.03	20201201-20210728,票面利率:0.25%	108.0	AA	AA	联合资信评估股份有限公司
113612.SH	上海永冠众诚新材料科技(集团)股份有限公司公开发行可转换公司债券	永冠转债		603681.SH	永冠新材	6.0	100.0	100.0	520000000.0	0.0	2020-12-08	2026-12-08		0.5	12.0	1	2021-01-07	2021-09-10	上交所	2021-06-15	2026-12-07	2021-09-10	20.79	20.59	20201208-20210909,票面利率:0.50%	115.0	AA-	AA-	中证鹏元资信评估股份有限公司
113614.SH	南京健友生化制药股份有限公司公开发行可转换公司债券	健20转债		603707.SH	健友股份	6.0	100.0	100.0	780000000.0	0.0	2020-12-17	2026-12-17		0.3	7.0	1	2021-01-18	2021-12-15	上交所	2021-06-23	2026-12-16	2021-12-15	38.04	29.12	20201217-20211214,票面利率:0.30%	109.0	AA	AA	联合资信评估股份有限公司
113615.SH	金诚信矿业管理股份有限公司公开发行可转换公司债券	金诚转债		603979.SH	金诚信	6.0	100.0	100.0	1000000000.0	495824000.0	2020-12-23	2026-12-23		2.0	10.0	1	2021-01-14	1970-01-01	上交所	2021-06-29	2026-12-22	1970-01-01	12.73	11.78	20201223-20211222,票面利率:0.40%;20211223-20221222,票面利率:0.60%;20221223-20231222,票面利率:1.00%;20231223-20241222,票面利率:1.50%;20241223-20251222,票面利率:1.80%;20251223-20261222,票面利率:2.00%	112.0	AA	AA	联合资信评估股份有限公司
113616.SH	上海韦尔半导体股份有限公司公开发行可转换公司债券	韦尔转债		603501.SH	豪威集团	6.0	100.0	100.0	2440000000.0	2432336000.0	2020-12-28	2026-12-28		2.0	8.0	1	2021-01-22	1970-01-01	上交所	2021-07-05	2026-12-27	1970-01-01	222.83	159.02	20201228-20211227,票面利率:0.20%;20211228-20221227,票面利率:0.40%;20221228-20231227,票面利率:0.60%;20231228-20241227,票面利率:1.50%;20241228-20251227,票面利率:1.80%;20251228-20261227,票面利率:2.00%	110.0	AA+	AA+	上海新世纪资信评估投资服务有限公司
113618.SH	宁波美诺华药业股份有限公司公开发行可转换公司债券	美诺转债		603538.SH	美诺华	6.0	100.0	100.0	520000000.0	0.0	2021-01-14	2027-01-14		2.0	8.0	1	2021-02-04	2026-05-08	上交所	2021-07-20	2027-01-13	2026-05-08	37.47	21.28	20210114-20220113,票面利率:0.40%;20220114-20230113,票面利率:0.60%;20230114-20240113,票面利率:1.00%;20240114-20250113,票面利率:1.50%;20250114-20260113,票面利率:1.80%;20260114-20260507,票面利率:2.00%	110.0	AA-	AA-	中证鹏元资信评估股份有限公司
113619.SH	广东世运电路科技股份有限公司公开发行A股可转换公司债券	世运转债		603920.SH	世运电路	6.0	100.0	100.0	1000000000.0	0.0	2021-01-20	2027-01-20		1.5	8.0	1	2021-02-19	2024-12-03	上交所	2021-07-26	2027-01-19	2024-12-03	26.5	17.59	20210120-20220119,票面利率:0.30%;20220120-20230119,票面利率:0.60%;20230120-20240119,票面利率:1.00%;20240120-20241201,票面利率:1.50%	110.0	AA	AA	中证鹏元资信评估股份有限公司
113620.SH	福建傲农生物科技集团股份有限公司公开发行A股可转换公司债券	傲农转债		603363.SH	傲农生物	6.0	100.0	100.0	1000000000.0	0.0	2021-03-10	2027-03-10		0.5	14.0	1	2021-04-02	2022-09-01	上交所	2021-09-16	2027-03-09	2022-09-01	14.8	14.11	20210310-20220309,票面利率:0.30%;20220310-20220831,票面利率:0.50%	116.0	AA	AA	中证鹏元资信评估股份有限公司
113621.SH	彤程新材料集团股份有限公司公开发行可转换公司债券	彤程转债		603650.SH	彤程新材	6.0	100.0	100.0	800180000.0	0.0	2021-01-26	2027-01-26		1.8	8.0	1	2021-02-22	2025-11-14	上交所	2021-08-02	2027-01-25	2025-11-14	32.96	31.11	20210126-20220125,票面利率:0.30%;20220126-20230125,票面利率:0.50%;20230126-20240125,票面利率:1.00%;20240126-20250125,票面利率:1.50%;20250126-20251113,票面利率:1.80%	110.0	AA	AA	联合资信评估股份有限公司
113622.SH	杭叉集团股份有限公司公开发行可转换公司债券	杭叉转债		603298.SH	杭叉集团	6.0	100.0	100.0	1150000000.0	0.0	2021-03-25	2027-03-25		0.4	6.0	1	2021-04-14	2023-03-24	上交所	2021-10-08	2027-03-24	2023-03-24	23.48	15.45	20210325-20220324,票面利率:0.20%;20220325-20230323,票面利率:0.40%	108.0	AA+	AA+	中证鹏元资信评估股份有限公司
113623.SH	新凤鸣集团股份有限公司公开发行可转换公司债券	凤21转债		603225.SH	新凤鸣	6.0	100.0	100.0	2500000000.0	0.0	2021-04-08	2027-04-08		1.8	10.0	1	2021-05-07	2026-03-11	上交所	2021-10-14	2027-04-07	2026-03-11	16.6	15.78	20210408-20220407,票面利率:0.30%;20220408-20230407,票面利率:0.50%;20230408-20240407,票面利率:1.00%;20240408-20250407,票面利率:1.50%;20250408-20260310,票面利率:1.80%	112.0	AA	AA	联合资信评估股份有限公司
113624.SH	重庆正川医药包装材料股份有限公司公开发行可转换公司债券	正川转债		603976.SH	正川股份	6.0	100.0	100.0	405000000.0	380506108.46	2021-04-28	2027-04-28		3.0	12.0	1	2021-06-01	1970-01-01	上交所	2021-11-08	2027-04-27	1970-01-01	46.69	19.78	20210428-20220427,票面利率:0.50%;20220428-20230427,票面利率:0.70%;20230428-20240427,票面利率:1.20%;20240428-20250427,票面利率:1.80%;20250428-20260427,票面利率:2.40%;20260428-20270427,票面利率:3.00%	115.0	A+	A+	联合资信评估股份有限公司
113625.SH	江山欧派门业股份有限公司公开发行A股可转换公司债券	江山转债		603208.SH	江山欧派	6.0	100.0	100.0	583000000.0	582531000.0	2021-06-11	2027-06-11		3.0	15.0	1	2021-07-01	1970-01-01	上交所	2021-12-20	2027-06-10	1970-01-01	97.55	19.84	20210611-20220610,票面利率:0.40%;20220611-20230610,票面利率:0.60%;20230611-20240610,票面利率:1.00%;20240611-20250610,票面利率:1.50%;20250611-20260610,票面利率:2.50%;20260611-20270610,票面利率:3.00%	118.0	AA-	A	中证鹏元资信评估股份有限公司
113626.SH	芜湖伯特利汽车安全系统股份有限公司公开发行A股可转换公司债券	伯特转债		603596.SH	伯特利	6.0	100.0	100.0	902000000.0	0.0	2021-06-29	2027-06-29		1.0	14.0	1	2021-07-21	2023-10-31	上交所	2022-01-05	2027-06-28	2023-10-31	36.0	35.54	20210629-20220628,票面利率:0.30%;20220629-20230628,票面利率:0.50%;20230629-20231030,票面利率:1.00%	116.0	AA	AA	中证鹏元资信评估股份有限公司
113627.SH	宁波太平鸟时尚服饰股份有限公司公开发行可转换公司债券	太平转债		603877.SH	太平鸟	6.0	100.0	100.0	800000000.0	799745000.0	2021-07-15	2027-07-15		1.8	8.0	1	2021-08-06	1970-01-01	上交所	2022-01-21	2027-07-14	1970-01-01	50.32	20.58	20210715-20220714,票面利率:0.30%;20220715-20230714,票面利率:0.50%;20230715-20240714,票面利率:1.00%;20240715-20250714,票面利率:1.50%;20250715-20260714,票面利率:1.80%;20260715-20270714,票面利率:2.00%	110.0	AA	AA	联合资信评估股份有限公司
113628.SH	浙江晨丰科技股份有限公司公开发行可转换公司债券	晨丰转债		603685.SH	晨丰科技	6.0	100.0	100.0	415000000.0	0.0	2021-08-23	2027-08-23		2.5	12.0	1	2021-09-17	2025-11-21	上交所	2022-02-28	2027-08-22	2025-11-21	13.06	12.77	20210823-20220822,票面利率:0.50%;20220823-20230822,票面利率:0.70%;20230823-20240822,票面利率:1.00%;20240823-20250822,票面利率:2.00%;20250823-20251120,票面利率:2.50%	115.0	A	A	联合资信评估股份有限公司
113629.SH	南京泉峰汽车精密技术股份有限公司公开发行可转换公司债券	泉峰转债		603982.SH	泉峰汽车	6.0	100.0	100.0	620000000.0	0.0	2021-09-14	2027-09-14		1.5	12.0	1	2021-10-21	2025-07-30	上交所	2022-03-22	2027-09-13	2025-07-30	23.03	7.89	20210914-20220913,票面利率:0.40%;20220914-20230913,票面利率:0.60%;20230914-20240913,票面利率:1.00%;20240914-20250729,票面利率:1.50%	115.0	AA-	A+	中诚信国际信用评级有限责任公司
113630.SH	苏州赛伍应用技术股份有限公司公开发行可转换公司债券	赛伍转债		603212.SH	赛伍技术	6.0	100.0	100.0	700000000.0	0.0	2021-10-27	2027-10-27		0.4	12.5	1	2021-11-23	2022-08-01	上交所	2022-05-05	2027-10-26	2022-08-01	32.9	19.08	20211027-20220731,票面利率:0.40%	115.0	AA-	AA-	上海新世纪资信评估投资服务有限公司
113631.SH	安徽省天然气开发股份有限公司公开发行可转换公司债券	皖天转债		603689.SH	皖天然气	6.0	100.0	100.0	930000000.0	595766000.0	2021-11-08	2027-11-08		1.8	8.0	1	2021-12-10	1970-01-01	上交所	2022-05-12	2027-11-07	1970-01-01	11.12	6.51	20211108-20221107,票面利率:0.20%;20221108-20231107,票面利率:0.40%;20231108-20241107,票面利率:0.60%;20241108-20251107,票面利率:1.50%;20251108-20261107,票面利率:1.80%;20261108-20271107,票面利率:2.00%	110.0	AA+	AA+	上海新世纪资信评估投资服务有限公司
113632.SH	仙鹤股份有限公司公开发行可转换公司债券	鹤21转债		603733.SH	仙鹤股份	6.0	100.0	100.0	2050000000.0	1698437000.0	2021-11-17	2027-11-17		1.8	10.0	1	2021-12-09	1970-01-01	上交所	2022-05-23	2027-11-16	1970-01-01	39.09	18.29	20211117-20221116,票面利率:0.30%;20221117-20231116,票面利率:0.50%;20231117-20241116,票面利率:1.00%;20241117-20251116,票面利率:1.50%;20251117-20261116,票面利率:1.80%;20261117-20271116,票面利率:2.00%	112.0	AA	AA	中诚信国际信用评级有限责任公司
113633.SH	科沃斯机器人股份有限公司公开发行可转换公司债券	科沃转债		603486.SH	科沃斯	6.0	100.0	100.0	1040000000.0	1039547000.0	2021-11-30	2027-11-30		1.8	8.0	1	2021-12-29	1970-01-01	上交所	2022-06-06	2027-11-29	1970-01-01	178.44	173.89	20211130-20221129,票面利率:0.30%;20221130-20231129,票面利率:0.50%;20231130-20241129,票面利率:1.00%;20241130-20251129,票面利率:1.50%;20251130-20261129,票面利率:1.80%;20261130-20271129,票面利率:2.00%	110.0	AA	AA	中诚信国际信用评级有限责任公司
113634.SH	珀莱雅化妆品股份有限公司公开发行A股可转换公司债券	珀莱转债		603605.SH	珀莱雅	6.0	100.0	100.0	751713000.0	750727000.0	2021-12-08	2027-12-08		1.8	13.0	1	2022-01-04	1970-01-01	上交所	2022-06-14	2027-12-07	1970-01-01	195.98	95.46	20211208-20221207,票面利率:0.30%;20221208-20231207,票面利率:0.50%;20231208-20241207,票面利率:1.00%;20241208-20251207,票面利率:1.50%;20251208-20261207,票面利率:1.80%;20261208-20271207,票面利率:2.00%	115.0	AA	AA	联合资信评估股份有限公司
113635.SH	宁波旭升汽车技术股份有限公司可转换公司债券	升21转债		603305.SH	旭升集团	6.0	100.0	100.0	1350000000.0	0.0	2021-12-10	2027-12-10		0.3	13.2	1	2021-12-30	2022-09-29	上交所	2022-06-16	2027-12-09	2022-09-29	46.37	33.04	20211210-20220928,票面利率:0.30%	115.0	AA-	AA-	中证鹏元资信评估股份有限公司
113636.SH	浙江甬金金属科技股份有限公司公开发行可转换公司债券	甬金转债		603995.SH	甬金股份	6.0	100.0	100.0	1000000000.0	999498044.98	2021-12-13	2027-12-13		2.5	12.0	1	2021-12-31	1970-01-01	上交所	2022-06-17	2027-12-12	1970-01-01	53.07	26.24	20211213-20221212,票面利率:0.30%;20221213-20231212,票面利率:0.50%;20231213-20241212,票面利率:0.80%;20241213-20251212,票面利率:1.50%;20251213-20261212,票面利率:2.50%;20261213-20271212,票面利率:3.00%	115.0	AA-	AA-	上海新世纪资信评估投资服务有限公司
113637.SH	山西华翔集团股份有限公司公开发行可转换公司债券	华翔转债		603112.SH	华翔股份	6.0	100.0	100.0	800000000.0	0.0	2021-12-22	2027-12-22		1.5	12.0	1	2022-01-20	2025-06-12	上交所	2022-06-28	2027-12-21	2025-06-12	12.99	11.65	20211222-20221221,票面利率:0.40%;20221222-20231221,票面利率:0.60%;20231222-20241221,票面利率:1.00%;20241222-20250611,票面利率:1.50%	115.0	AA-	AA-	中证鹏元资信评估股份有限公司
113638.SH	浙江台华新材料股份有限公司公开发行可转换公司债券	台21转债		603055.SH	台华新材	6.0	100.0	100.0	600000000.0	599728000.0	2021-12-29	2027-12-29		1.8	10.0	1	2022-01-21	1970-01-01	上交所	2022-07-05	2027-12-28	1970-01-01	16.87	16.01	20211229-20221228,票面利率:0.30%;20221229-20231228,票面利率:0.50%;20231229-20241228,票面利率:1.00%;20241229-20251228,票面利率:1.50%;20251229-20261228,票面利率:1.80%;20261229-20271228,票面利率:2.00%	112.0	AA	AA	联合资信评估股份有限公司
113639.SH	浙江华正新材料股份有限公司公开发行可转换公司债券	华正转债		603186.SH	华正新材	6.0	100.0	100.0	570000000.0	0.0	2022-01-24	2028-01-24		1.8	6.0	1	2022-02-22	2026-02-24	上交所	2022-07-28	2028-01-23	2026-02-24	39.09	38.51	20220124-20230123,票面利率:0.20%;20230124-20240123,票面利率:0.40%;20240124-20250123,票面利率:0.60%;20250124-20260123,票面利率:1.50%;20260124-20260223,票面利率:1.80%	108.0	AA+	AA+	上海新世纪资信评估投资服务有限公司
113640.SH	江苏苏利精细化工股份有限公司公开发行可转换公司债券	苏利转债		603585.SH	苏利股份	6.0	100.0	100.0	957211000.0	738953000.0	2022-02-16	2028-02-16		2.0	12.0	1	2022-03-10	1970-01-01	上交所	2022-08-22	2028-02-15	1970-01-01	20.11	17.21	20220216-20230215,票面利率:0.40%;20230216-20240215,票面利率:0.60%;20240216-20250215,票面利率:1.00%;20250216-20260215,票面利率:1.50%;20260216-20270215,票面利率:2.00%;20270216-20280215,票面利率:3.00%	115.0	AA-	AA-	上海新世纪资信评估投资服务有限公司
113641.SH	浙江华友钴业股份有限公司公开发行可转换公司债券	华友转债		603799.SH	华友钴业	6.0	100.0	100.0	7600000000.0	0.0	2022-02-24	2028-02-24		1.5	6.0	1	2022-03-23	2025-09-29	上交所	2022-09-02	2028-02-23	2025-09-29	110.26	34.43	20220224-20230223,票面利率:0.20%;20230224-20240223,票面利率:0.40%;20240224-20250223,票面利率:0.60%;20250224-20250928,票面利率:1.50%	108.0	AA+	AA+	联合资信评估股份有限公司
113642.SH	无锡上机数控股份有限公司公开发行可转换公司债券	上22转债		603185.SH	弘元绿能	6.0	100.0	100.0	2470000000.0	0.0	2022-03-01	2028-03-01		0.3	10.0	1	2022-04-06	2022-11-16	上交所	2022-09-07	2028-02-29	2022-11-16	145.66	102.4	20220301-20221115,票面利率:0.30%	112.0	AA-	AA-	中证鹏元资信评估股份有限公司
113643.SH	上海风语筑文化科技股份有限公司公开发行A股可转换公司债券	风语转债		603466.SH	风语筑	6.0	100.0	100.0	500000000.0	499275000.0	2022-03-25	2028-03-25		2.0	12.5	1	2022-04-22	1970-01-01	上交所	2022-10-10	2028-03-24	1970-01-01	22.15	11.8	20220325-20230324,票面利率:0.30%;20230325-20240324,票面利率:0.50%;20240325-20250324,票面利率:1.00%;20250325-20260324,票面利率:1.50%;20260325-20270324,票面利率:2.00%;20270325-20280324,票面利率:2.50%	115.0	AA-	AA-	联合资信评估股份有限公司
113644.SH	烟台艾迪精密机械股份有限公司公开发行可转换公司债券	艾迪转债		603638.SH	艾迪精密	6.0	100.0	100.0	1000000000.0	135886382.2	2022-04-15	2028-04-15		2.0	12.0	1	2022-05-12	2026-07-09	上交所	2022-11-18	2028-04-14	2026-07-09	23.96	18.55	20220415-20230414,票面利率:0.30%;20230415-20240414,票面利率:0.50%;20240415-20250414,票面利率:1.00%;20250415-20260414,票面利率:1.50%;20260415-20260708,票面利率:2.00%	115.0	AA-	AA-	中证鹏元资信评估股份有限公司
113646.SH	贵州永吉印务股份有限公司公开发行可转换公司债券	永吉转债		603058.SH	永吉股份	6.0	100.0	100.0	145868000.0	137167000.0	2022-04-14	2028-04-14		1.8	5.8	1	2022-05-17	1970-01-01	上交所	2022-10-20	2028-04-13	1970-01-01	8.76	8.05	20220414-20230413,票面利率:0.30%;20230414-20240413,票面利率:0.50%;20240414-20250413,票面利率:1.00%;20250414-20260413,票面利率:1.50%;20260414-20270413,票面利率:1.80%;20270414-20280413,票面利率:2.50%	108.3	AA-	AA-	远东资信评估有限公司
113647.SH	禾丰食品股份有限公司公开发行可转换公司债券	禾丰转债		603609.SH	禾丰股份	6.0	100.0	100.0	1500000000.0	1466861000.0	2022-04-22	2028-04-22		1.8	10.0	1	2022-05-18	1970-01-01	上交所	2022-10-28	2028-04-21	1970-01-01	10.22	10.09	20220422-20230421,票面利率:0.30%;20230422-20240421,票面利率:0.50%;20240422-20250421,票面利率:1.00%;20250422-20260421,票面利率:1.50%;20260422-20270421,票面利率:1.80%;20270422-20280421,票面利率:2.00%	112.0	AA	AA	联合资信评估股份有限公司
113648.SH	乐山巨星农牧股份有限公司公开发行可转换公司债券	巨星转债		603477.SH	巨星农牧	6.0	100.0	100.0	1000000000.0	899736000.0	2022-04-25	2028-04-25		2.25	7.0	1	2022-05-17	1970-01-01	上交所	2022-10-31	2028-04-24	1970-01-01	25.24	24.84	20220425-20230424,票面利率:0.40%;20230425-20240424,票面利率:0.60%;20240425-20250424,票面利率:1.00%;20250425-20260424,票面利率:1.50%;20260425-20270424,票面利率:2.25%;20270425-20280424,票面利率:3.00%	110.0	AA-	AA-	中证鹏元资信评估股份有限公司
113649.SH	江苏丰山集团股份有限公司公开发行A股可转换公司债券	丰山转债		603810.SH	丰山集团	6.0	100.0	100.0	500000000.0	457734000.0	2022-06-27	2028-06-27		2.0	12.0	1	2022-07-21	1970-01-01	上交所	2023-01-03	2028-06-26	1970-01-01	13.8	13.61	20220627-20230626,票面利率:0.30%;20230627-20240626,票面利率:0.60%;20240627-20250626,票面利率:1.00%;20250627-20260626,票面利率:1.50%;20260627-20270626,票面利率:2.00%;20270627-20280626,票面利率:3.00%	115.0	AA-	AA-	中证鹏元资信评估股份有限公司
113650.SH	江苏苏博特新材料股份有限公司公开发行可转换公司债券	博22转债		603916.SH	苏博特	6.0	100.0	100.0	800000000.0	799558000.0	2022-07-01	2028-07-01		2.0	12.0	1	2022-07-28	1970-01-01	上交所	2023-01-09	2028-06-30	1970-01-01	23.95	23.03	20220701-20230630,票面利率:0.30%;20230701-20240630,票面利率:0.50%;20240701-20250630,票面利率:1.00%;20250701-20260630,票面利率:1.50%;20260701-20270630,票面利率:2.00%;20270701-20280630,票面利率:3.00%	115.0	AA-	AA-	中诚信国际信用评级有限责任公司
113651.SH	厦门松霖科技股份有限公司公开发行可转换公司债券	松霖转债		603992.SH	松霖科技	6.0	100.0	100.0	610000000.0	0.0	2022-07-20	2028-07-20		1.5	10.0	1	2022-08-17	2026-03-23	上交所	2023-01-30	2028-07-19	2026-03-23	16.58	15.3	20220720-20230719,票面利率:0.30%;20230720-20240719,票面利率:0.50%;20240720-20250719,票面利率:1.00%;20250720-20260322,票面利率:1.50%	112.0	AA	AA	中证鹏元资信评估股份有限公司
113652.SH	浙江伟明环保股份有限公司可转换公司债券	伟22转债		603568.SH	伟明环保	6.0	100.0	100.0	1477000000.0	1476620000.0	2022-07-22	2028-07-22		1.5	8.0	1	2022-08-12	1970-01-01	上交所	2023-01-30	2028-07-21	1970-01-01	32.85	19.0	20220722-20230721,票面利率:0.20%;20230722-20240721,票面利率:0.40%;20240722-20250721,票面利率:0.80%;20250722-20260721,票面利率:1.50%;20260722-20270721,票面利率:1.80%;20270722-20280721,票面利率:2.00%	110.0	AA	AA	中诚信国际信用评级有限责任公司
113653.SH	上海永冠众诚新材料科技(集团)股份有限公司公开发行可转换公司债券	永22转债		603681.SH	永冠新材	6.0	100.0	100.0	770000000.0	0.0	2022-07-28	2028-07-28		1.5	12.0	1	2022-08-26	2026-04-22	上交所	2023-02-03	2028-07-27	2026-04-22	26.81	16.5	20220728-20230727,票面利率:0.40%;20230728-20240727,票面利率:0.60%;20240728-20250727,票面利率:1.00%;20250728-20260421,票面利率:1.50%	115.0	AA-	AA-	中证鹏元资信评估股份有限公司
113654.SH	杭州永创智能设备股份有限公司公开发行可转换公司债券	永02转债		603901.SH	永创智能	6.0	100.0	100.0	610547000.0	0.0	2022-08-04	2028-08-04		1.5	10.5	1	2022-09-01	2026-05-13	上交所	2023-02-10	2028-08-03	2026-05-13	14.07	9.77	20220804-20230803,票面利率:0.30%;20230804-20240803,票面利率:0.40%;20240804-20250803,票面利率:1.00%;20250804-20260512,票面利率:1.50%	113.0	AA-	AA-	中证鹏元资信评估股份有限公司
113655.SH	欧派家居集团股份有限公司公开发行可转换公司债券	欧22转债		603833.SH	欧派家居	6.0	100.0	100.0	2000000000.0	1999906000.0	2022-08-05	2028-08-05		1.5	10.0	1	2022-09-01	1970-01-01	上交所	2023-02-13	2028-08-04	1970-01-01	125.46	51.54	20220805-20230804,票面利率:0.30%;20230805-20240804,票面利率:0.50%;20240805-20250804,票面利率:1.00%;20250805-20260804,票面利率:1.50%;20260805-20270804,票面利率:1.80%;20270805-20280804,票面利率:2.00%	112.0	AA	AA	中证鹏元资信评估股份有限公司
113656.SH	广州市嘉诚国际物流股份有限公司公开发行可转换公司债券	嘉诚转债		603535.SH	嘉诚国际	6.0	100.0	100.0	800000000.0	799872219.45	2022-09-01	2028-09-01		1.5	12.0	1	2022-10-12	1970-01-01	上交所	2023-03-07	2028-08-31	1970-01-01	22.98	10.35	20220901-20230831,票面利率:0.30%;20230901-20240831,票面利率:0.40%;20240901-20250831,票面利率:0.80%;20250901-20260831,票面利率:1.50%;20260901-20270831,票面利率:2.00%;20270901-20280831,票面利率:3.00%	115.0	AA-	A+	中证鹏元资信评估股份有限公司
113657.SH	重庆再升科技股份有限公司公开发行可转换公司债券	再22转债		603601.SH	再升科技	6.0	100.0	100.0	510000000.0	0.0	2022-09-29	2028-09-29		1.5	8.0	1	2022-10-27	2026-01-21	上交所	2023-04-12	2028-09-28	2026-01-21	6.04	4.22	20220929-20230928,票面利率:0.30%;20230929-20240928,票面利率:0.50%;20240929-20250928,票面利率:1.00%;20250929-20260120,票面利率:1.50%	110.0	AA-	AA-	联合资信评估股份有限公司
113658.SH	密尔克卫化工供应链服务股份有限公司公开发行可转换公司债券	密卫转债		603713.SH	密尔克卫	5.0	100.0	100.0	872388000.0	871843000.0	2022-09-16	2027-09-16		1.5	10.0	1	2022-10-25	1970-01-01	上交所	2023-03-22	2027-09-15	1970-01-01	134.55	54.72	20220916-20230915,票面利率:0.30%;20230916-20240915,票面利率:0.50%;20240916-20250915,票面利率:1.00%;20250916-20260915,票面利率:1.50%;20260916-20270915,票面利率:2.00%	112.0	AA-	AA-	联合资信评估股份有限公司
113659.SH	莱克电气股份有限公司公开发行可转换公司债券	莱克转债		603355.SH	莱克电气	6.0	100.0	100.0	1200000000.0	1199811000.0	2022-10-14	2028-10-14		1.5	8.0	1	2022-11-15	1970-01-01	上交所	2023-04-20	2028-10-13	1970-01-01	34.17	31.72	20221014-20231013,票面利率:0.30%;20231014-20241013,票面利率:0.50%;20241014-20251013,票面利率:1.00%;20251014-20261013,票面利率:1.50%;20261014-20271013,票面利率:1.80%;20271014-20281013,票面利率:2.00%	110.0	AA	AA	中证鹏元资信评估股份有限公司
113660.SH	浙江寿仙谷医药股份有限公司公开发行可转换公司债券	寿22转债		603896.SH	寿仙谷	6.0	100.0	100.0	398000000.0	397688000.0	2022-11-17	2028-11-17		1.5	9.5	1	2022-12-12	1970-01-01	上交所	2023-05-23	2028-11-16	1970-01-01	38.08	36.84	20221117-20231116,票面利率:0.50%;20231117-20241116,票面利率:0.80%;20241117-20251116,票面利率:1.00%;20251117-20261116,票面利率:1.50%;20261117-20271116,票面利率:2.00%;20271117-20281116,票面利率:2.50%	112.0	AA-	AA-	中证鹏元资信评估股份有限公司
113661.SH	杭州福斯特应用材料股份有限公司公开发行可转换公司债券	福22转债		603806.SH	福斯特	6.0	100.0	100.0	3030000000.0	3029742000.0	2022-11-22	2028-11-22		1.5	8.0	1	2022-12-22	1970-01-01	上交所	2023-05-29	2028-11-21	1970-01-01	65.07	14.59	20221122-20231121,票面利率:0.20%;20231122-20241121,票面利率:0.30%;20241122-20251121,票面利率:0.40%;20251122-20261121,票面利率:1.50%;20261122-20271121,票面利率:1.80%;20271122-20281121,票面利率:2.00%	110.0	AA	AA	联合资信评估股份有限公司
113662.SH	成都豪能科技股份有限公司公开发行可转换公司债券	豪能转债		603809.SH	豪能股份	6.0	100.0	100.0	500000000.0	0.0	2022-11-25	2028-11-25		0.8	10.5	1	2022-12-23	2024-12-12	上交所	2023-06-01	2028-11-24	2024-12-12	12.78	8.39	20221125-20231124,票面利率:0.30%;20231125-20241124,票面利率:0.40%;20241125-20241211,票面利率:0.80%	113.0	AA-	AA-	中证鹏元资信评估股份有限公司
113663.SH	浙江新化化工股份有限公司公开发行可转换公司债券	新化转债		603867.SH	新化股份	6.0	100.0	100.0	650000000.0	0.0	2022-11-28	2028-11-28		1.5	12.0	1	2022-12-16	2025-12-26	上交所	2023-06-02	2028-11-27	2025-12-26	32.41	19.81	20221128-20231127,票面利率:0.30%;20231128-20241127,票面利率:0.50%;20241128-20251127,票面利率:1.00%;20251128-20251225,票面利率:1.50%	115.0	AA-	AA-	中证鹏元资信评估股份有限公司
113664.SH	浙江大元泵业股份有限公司公开发行可转换公司债券	大元转债		603757.SH	大元泵业	6.0	100.0	100.0	450000000.0	0.0	2022-12-05	2028-12-05		1.0	12.0	1	2023-01-04	2025-09-17	上交所	2023-06-09	2028-12-04	2025-09-17	23.18	20.59	20221205-20231204,票面利率:0.40%;20231205-20241204,票面利率:0.60%;20241205-20250916,票面利率:1.00%	115.0	AA-	AA-	中证鹏元资信评估股份有限公司
113665.SH	汇通建设集团股份有限公司公开发行可转换公司债券	汇通转债		603176.SH	汇通集团	6.0	100.0	100.0	360000000.0	359627000.0	2022-12-15	2028-12-15		1.5	12.5	1	2023-01-11	1970-01-01	上交所	2023-06-21	2028-12-14	1970-01-01	8.23	6.28	20221215-20231214,票面利率:0.30%;20231215-20241214,票面利率:0.50%;20241215-20251214,票面利率:1.00%;20251215-20261214,票面利率:1.50%;20261215-20271214,票面利率:2.00%;20271215-20281214,票面利率:2.50%	115.0	AA-	A+	东方金诚国际信用评估有限公司
113666.SH	爱玛科技集团股份有限公司公开发行可转换公司债券	爱玛转债		603529.SH	爱玛科技	6.0	100.0	100.0	2000000000.0	1999497000.0	2023-02-23	2029-02-23		1.5	8.0	1	2023-03-20	1970-01-01	上交所	2023-09-01	2029-02-22	1970-01-01	61.29	36.95	20230223-20240222,票面利率:0.30%;20240223-20250222,票面利率:0.50%;20250223-20260222,票面利率:1.00%;20260223-20270222,票面利率:1.50%;20270223-20280222,票面利率:1.80%;20280223-20290222,票面利率:2.00%	110.0	AA	AA	中证鹏元资信评估股份有限公司
113667.SH	苏州春秋电子科技股份有限公司向不特定对象发行可转换公司债券	春23转债		603890.SH	春秋电子	6.0	100.0	100.0	570000000.0	569652000.0	2023-03-17	2029-03-17		1.5	12.5	1	2023-04-11	1970-01-01	上交所	2023-09-25	2029-03-16	1970-01-01	10.4	9.95	20230317-20240316,票面利率:0.30%;20240317-20250316,票面利率:0.50%;20250317-20260316,票面利率:1.00%;20260317-20270316,票面利率:1.50%;20270317-20280316,票面利率:2.00%;20280317-20290316,票面利率:2.50%	115.0	AA-	AA-	中证鹏元资信评估股份有限公司
113668.SH	广州鹿山新材料股份有限公司公开发行可转换公司债券	鹿山转债		603051.SH	鹿山新材	6.0	100.0	100.0	524000000.0	0.0	2023-03-27	2029-03-27		1.2	12.0	1	2023-04-27	2025-10-20	上交所	2023-10-09	2029-03-26	2025-10-20	59.08	16.05	20230327-20240326,票面利率:0.40%;20240327-20250326,票面利率:0.60%;20250327-20251019,票面利率:1.20%	115.0	A+	A+	中证鹏元资信评估股份有限公司
113669.SH	深圳市景旺电子股份有限公司公开发行可转换公司债券	景23转债		603228.SH	景旺电子	6.0	100.0	100.0	1154000000.0	0.0	2023-04-04	2029-04-04		1.0	6.0	1	2023-05-09	2025-10-09	上交所	2023-10-11	2029-04-03	2025-10-09	25.71	23.91	20230404-20240403,票面利率:0.30%;20240404-20250403,票面利率:0.50%;20250404-20251008,票面利率:1.00%	108.0	AA	AA	中证鹏元资信评估股份有限公司
113670.SH	金牌厨柜家居科技股份有限公司向不特定对象发行可转换公司债券	金23转债		603180.SH	金牌家居	6.0	100.0	100.0	770000000.0	769990000.0	2023-04-17	2029-04-17		1.5	13.0	1	2023-05-16	1970-01-01	上交所	2023-10-23	2029-04-16	1970-01-01	39.57	37.54	20230417-20240416,票面利率:0.30%;20240417-20250416,票面利率:0.50%;20250417-20260416,票面利率:1.00%;20260417-20270416,票面利率:1.50%;20270417-20280416,票面利率:1.80%;20280417-20290416,票面利率:2.00%	115.0	AA	AA	中证鹏元资信评估股份有限公司
113671.SH	江苏武进不锈股份有限公司向不特定对象发行可转换公司债券	武进转债		603878.SH	武进不锈	6.0	100.0	100.0	310000000.0	309302012.01	2023-07-10	2029-07-10		1.0	8.0	1	2023-08-03	1970-01-01	上交所	2024-01-15	2029-07-09	1970-01-01	8.55	7.88	20230710-20240709,票面利率:0.30%;20240710-20250709,票面利率:0.50%;20250710-20260709,票面利率:1.00%;20260710-20270709,票面利率:1.50%;20270710-20280709,票面利率:1.80%;20280710-20290709,票面利率:2.00%	110.0	AA	AA	中证鹏元资信评估股份有限公司
113672.SH	四川福蓉科技股份公司向不特定对象发行可转换公司债券	福蓉转债		603327.SH	福蓉科技	6.0	100.0	100.0	640000000.0	0.0	2023-07-18	2029-07-18		1.0	6.0	1	2023-08-10	2026-01-29	上交所	2024-01-24	2029-07-17	2026-01-29	12.25	8.17	20230718-20240717,票面利率:0.30%;20240718-20250717,票面利率:0.50%;20250718-20260128,票面利率:1.00%	108.0	AA	AA	中证鹏元资信评估股份有限公司
113673.SH	上海岱美汽车内饰件股份有限公司向不特定对象发行可转换公司债券	岱美转债		603730.SH	岱美股份	6.0	100.0	100.0	907939000.0	907839000.0	2023-07-18	2029-07-18		1.0	10.0	1	2023-08-10	1970-01-01	上交所	2024-01-24	2029-07-17	1970-01-01	15.72	7.12	20230718-20240717,票面利率:0.30%;20240718-20250717,票面利率:0.50%;20250718-20260717,票面利率:1.00%;20260718-20270717,票面利率:1.50%;20270718-20280717,票面利率:1.80%;20280718-20290717,票面利率:2.00%	112.0	AA	AA	中证鹏元资信评估股份有限公司
113674.SH	华设设计集团股份有限公司向不特定对象发行可转换公司债券	华设转债		603018.SH	华设集团	6.0	100.0	100.0	400000000.0	399863000.0	2023-07-21	2029-07-21		1.0	10.0	1	2023-08-15	1970-01-01	上交所	2024-01-29	2029-07-20	1970-01-01	8.86	6.95	20230721-20240720,票面利率:0.30%;20240721-20250720,票面利率:0.50%;20250721-20260720,票面利率:1.00%;20260721-20270720,票面利率:1.50%;20270721-20280720,票面利率:1.80%;20280721-20290720,票面利率:2.00%	112.0	AA	AA	中诚信国际信用评级有限责任公司
113675.SH	2023年江苏新泉汽车饰件股份有限公司向不特定对象发行可转换公司债券	新23转债		603179.SH	新泉股份	6.0	100.0	100.0	1160000000.0	0.0	2023-08-11	2029-08-11		1.0	12.0	1	2023-09-05	2025-10-30	上交所	2024-02-19	2029-08-10	2025-10-30	51.35	50.75	20230811-20240810,票面利率:0.30%;20240811-20250810,票面利率:0.50%;20250811-20251029,票面利率:1.00%	115.0	AA-	AA-	联合资信评估股份有限公司
113676.SH	浙江荣晟环保纸业股份有限公司向不特定对象发行可转换公司债券	荣23转债		603165.SH	荣晟环保	6.0	100.0	100.0	576000000.0	0.0	2023-08-18	2029-08-18		0.8	13.0	1	2023-09-13	2026-03-25	上交所	2024-02-26	2029-08-17	2026-03-25	15.74	10.14	20230818-20240817,票面利率:0.20%;20240818-20250817,票面利率:0.40%;20250818-20260324,票面利率:0.80%	115.0	AA-	AA-	东方金诚国际信用评估有限公司
113677.SH	华懋(厦门)新材料科技股份有限公司向不特定对象发行可转换公司债券	华懋转债		603306.SH	华懋科技	6.0	100.0	100.0	1050000000.0	1048976000.0	2023-09-14	2029-09-14		1.0	10.0	1	2023-10-12	1970-01-01	上交所	2024-03-20	2029-09-13	1970-01-01	34.18	33.66	20230914-20240913,票面利率:0.30%;20240914-20250913,票面利率:0.50%;20250914-20260913,票面利率:1.00%;20260914-20270913,票面利率:1.50%;20270914-20280913,票面利率:1.80%;20280914-20290913,票面利率:2.00%	112.0	AA-	AA-	东方金诚国际信用评估有限公司
113678.SH	中贝通信集团股份有限公司向不特定对象发行可转换公司债券	中贝转债		603220.SH	中贝通信	6.0	100.0	100.0	517000000.0	510642000.0	2023-10-19	2029-10-19		1.2	12.0	1	2023-11-21	1970-01-01	上交所	2024-04-25	2029-10-18	1970-01-01	32.8	20.54	20231019-20241018,票面利率:0.20%;20241019-20251018,票面利率:0.40%;20251019-20261018,票面利率:1.20%;20261019-20271018,票面利率:1.80%;20271019-20281018,票面利率:2.50%;20281019-20291018,票面利率:3.00%	115.0	A+	A+	中证鹏元资信评估股份有限公司
113679.SH	浙江芯能光伏科技股份有限公司向不特定对象发行可转换公司债券	芯能转债		603105.SH	芯能科技	6.0	100.0	100.0	880000000.0	879852000.0	2023-10-26	2029-10-26		1.0	12.5	1	2023-11-24	1970-01-01	上交所	2024-05-06	2029-10-25	1970-01-01	13.1	12.55	20231026-20241025,票面利率:0.30%;20241026-20251025,票面利率:0.50%;20251026-20261025,票面利率:1.00%;20261026-20271025,票面利率:1.50%;20271026-20281025,票面利率:2.00%;20281026-20291025,票面利率:2.50%	115.0	AA-	AA-	中证鹏元资信评估股份有限公司
113680.SH	江苏丽岛新材料股份有限公司向不特定对象发行可转换公司债券	丽岛转债		603937.SH	丽岛新材	6.0	100.0	100.0	300000000.0	299845000.0	2023-11-15	2029-11-15		1.0	12.0	1	2023-12-05	1970-01-01	上交所	2024-05-21	2029-11-14	1970-01-01	13.01	12.91	20231115-20241114,票面利率:0.20%;20241115-20251114,票面利率:0.40%;20251115-20261114,票面利率:1.00%;20261115-20271114,票面利率:1.80%;20271115-20281114,票面利率:2.50%;20281115-20291114,票面利率:3.00%	115.0	A+	A+	中证鹏元资信评估股份有限公司
113681.SH	浙江镇洋发展股份有限公司向不特定对象发行可转换公司债券	镇洋转债		603213.SH	镇洋发展	6.0	100.0	100.0	660000000.0	547679000.0	2023-12-29	2029-12-29		0.8	12.5	1	2024-01-17	1970-01-01	上交所	2024-07-05	2029-12-28	1970-01-01	11.74	10.95	20231229-20241228,票面利率:0.20%;20241229-20251228,票面利率:0.40%;20251229-20261228,票面利率:0.80%;20261229-20271228,票面利率:1.50%;20271229-20281228,票面利率:2.00%;20281229-20291228,票面利率:2.50%	115.0	AA-	AA-	中证鹏元资信评估股份有限公司
113682.SH	益丰大药房连锁股份有限公司向不特定对象发行可转换公司债券	益丰转债		603939.SH	益丰药房	6.0	100.0	100.0	1797432000.0	1797232064.8	2024-03-04	2030-03-04		1.0	8.0	1	2024-03-27	1970-01-01	上交所	2024-09-09	2030-03-03	1970-01-01	39.85	31.44	20240304-20250303,票面利率:0.30%;20250304-20260303,票面利率:0.50%;20260304-20270303,票面利率:1.00%;20270304-20280303,票面利率:1.50%;20280304-20290303,票面利率:1.80%;20290304-20300303,票面利率:2.00%	110.0	AA	AA	联合资信评估股份有限公司
113683.SH	浙江伟明环保股份有限公司向不特定对象发行可转换公司债券	伟24转债		603568.SH	伟明环保	6.0	100.0	100.0	285000000.0	0.0	2024-03-28	2030-03-28		0.4	8.0	1	2024-04-22	2025-12-18	上交所	2024-10-08	2030-03-27	2025-12-18	18.28	17.55	20240328-20250327,票面利率:0.20%;20250328-20251217,票面利率:0.40%	110.0	AA	AA	中诚信国际信用评级有限责任公司
113684.SH	湖南机油泵股份有限公司向不特定对象发行A股可转换公司债券	湘泵转债		603319.SH	美湖股份	6.0	100.0	100.0	577390000.0	0.0	2024-04-01	2030-04-01		0.4	10.5	1	2024-04-29	2025-04-09	上交所	2024-10-09	2030-03-31	2025-04-09	16.99	16.59	20240401-20250331,票面利率:0.20%;20250401-20250408,票面利率:0.40%	113.0	AA-	AA-	中证鹏元资信评估股份有限公司
113685.SH	宁波旭升集团股份有限公司向不特定对象发行可转换公司债券	升24转债		603305.SH	旭升集团	6.0	100.0	100.0	2800000000.0	0.0	2024-06-14	2030-06-14		0.4	10.0	1	2024-07-10	2025-11-14	上交所	2024-12-20	2030-06-13	2025-11-14	12.89	12.51	20240614-20250613,票面利率:0.20%;20250614-20251113,票面利率:0.40%	112.0	AA-	AA-	中证鹏元资信评估股份有限公司
113686.SH	泰瑞机器股份有限公司向不特定对象发行可转换公司债券	泰瑞转债		603289.SH	泰瑞机器	6.0	100.0	100.0	337800000.0	336338000.0	2024-07-02	2030-07-02		1.0	12.5	1	2024-07-24	1970-01-01	上交所	2025-01-08	2030-07-01	1970-01-01	8.29	8.0	20240702-20250701,票面利率:0.30%;20250702-20260701,票面利率:0.50%;20260702-20270701,票面利率:1.00%;20270702-20280701,票面利率:1.50%;20280702-20290701,票面利率:2.00%;20290702-20300701,票面利率:2.50%	115.0	AA-	AA-	上海新世纪资信评估投资服务有限公司
113687.SH	湖北振华化学股份有限公司向不特定对象发行可转换公司债券	振华转债		603067.SH	振华股份	6.0	100.0	100.0	406210000.0	0.0	2024-07-12	2030-07-12		0.4	8.0	1	2024-08-02	2026-04-24	上交所	2025-01-20	2030-07-11	2026-04-24	11.64	8.2	20240712-20250711,票面利率:0.20%;20250712-20260423,票面利率:0.40%	110.0	AA	AA	中证鹏元资信评估股份有限公司
113688.SH	中国国检测试控股集团股份有限公司向不特定对象发行可转换公司债券	国检转债		603060.SH	国检集团	6.0	100.0	100.0	800000000.0	799767000.0	2024-10-17	2030-10-17		0.4	10.0	1	2024-11-12	1970-01-01	上交所	2025-04-23	2030-10-16	1970-01-01	6.63	6.45	20241017-20251016,票面利率:0.20%;20251017-20261016,票面利率:0.40%;20261017-20271016,票面利率:0.60%;20271017-20281016,票面利率:1.50%;20281017-20291016,票面利率:1.80%;20291017-20301016,票面利率:2.00%	112.0	AA+	AA+	联合资信评估股份有限公司
113689.SH	江苏洛凯机电股份有限公司向不特定对象发行可转换公司债券	洛凯转债		603829.SH	洛凯股份	6.0	100.0	100.0	403431000.0	0.0	2024-10-17	2030-10-17		0.4	12.5	1	2024-11-11	2025-11-21	上交所	2025-04-23	2030-10-16	2025-11-21	15.45	15.33	20241017-20251016,票面利率:0.20%;20251017-20251120,票面利率:0.40%	115.0	AA-	AA-	东方金诚国际信用评估有限公司
113690.SH	成都豪能科技股份有限公司2023年向不特定对象发行可转换公司债券	豪24转债		603809.SH	豪能股份	6.0	100.0	100.0	550000000.0	0.0	2024-10-23	2030-10-23		0.2	10.9	1	2024-11-20	2025-10-13	上交所	2025-04-29	2030-10-22	2025-10-13	8.43	6.33	20241023-20251012,票面利率:0.20%	113.0	AA-	AA-	中证鹏元资信评估股份有限公司
113691.SH	四川和邦生物科技股份有限公司向不特定对象发行可转换公司债券	和邦转债		603077.SH	和邦生物	6.0	100.0	100.0	4600000000.0	4599095000.0	2024-10-28	2030-10-28		0.5	8.0	1	2024-11-19	1970-01-01	上交所	2025-05-06	2030-10-27	1970-01-01	2.0	2.0	20241028-20251027,票面利率:0.30%;20251028-20261027,票面利率:0.50%;20261028-20271027,票面利率:1.00%;20271028-20281027,票面利率:1.50%;20281028-20291027,票面利率:1.80%;20291028-20301027,票面利率:2.00%	110.0	AA	AA	中证鹏元资信评估股份有限公司
113692.SH	上海保隆汽车科技股份有限公司向不特定对象发行可转换公司债券	保隆转债		603197.SH	保隆科技	6.0	100.0	100.0	1390000000.0	1389697000.0	2024-10-31	2030-10-31		0.3	8.0	1	2024-11-27	1970-01-01	上交所	2025-05-06	2030-10-30	1970-01-01	40.11	39.16	20241031-20251030,票面利率:0.10%;20251031-20261030,票面利率:0.30%;20261031-20271030,票面利率:0.60%;20271031-20281030,票面利率:1.00%;20281031-20291030,票面利率:1.50%;20291031-20301030,票面利率:2.00%	110.0	AA	AA	联合资信评估股份有限公司
113693.SH	志邦家居股份有限公司向不特定对象发行可转换公司债券	志邦转债		603801.SH	志邦家居	6.0	100.0	100.0	670000000.0	669981000.0	2025-03-18	2031-03-18		0.5	8.0	1	2025-04-08	1970-01-01	上交所	2025-09-24	2031-03-17	1970-01-01	12.12	11.13	20250318-20260317,票面利率:0.30%;20260318-20270317,票面利率:0.50%;20270318-20280317,票面利率:0.80%;20280318-20290317,票面利率:1.20%;20290318-20300317,票面利率:1.80%;20300318-20310317,票面利率:2.00%	110.0	AA	AA	中诚信国际信用评级有限责任公司
113694.SH	清源科技股份有限公司向不特定对象发行可转换公司债券	清源转债		603628.SH	清源股份	6.0	100.0	100.0	500000000.0	499932000.0	2025-04-08	2031-04-08		0.4	11.5	1	2025-04-25	1970-01-01	上交所	2025-10-14	2031-04-07	1970-01-01	12.93	12.82	20250408-20260407,票面利率:0.20%;20260408-20270407,票面利率:0.40%;20270408-20280407,票面利率:0.80%;20280408-20290407,票面利率:1.50%;20290408-20300407,票面利率:2.00%;20300408-20310407,票面利率:2.50%	114.0	A+	A+	中证鹏元资信评估股份有限公司
113695.SH	江苏华辰变压器股份有限公司向不特定对象发行可转换公司债券	华辰转债		603097.SH	江苏华辰	6.0	100.0	100.0	460000000.0	459670000.0	2025-06-20	2031-06-20		0.4	11.5	1	2025-07-10	1970-01-01	上交所	2025-12-26	2031-06-19	1970-01-01	23.53	23.48	20250620-20260619,票面利率:0.20%;20260620-20270619,票面利率:0.40%;20270620-20280619,票面利率:0.80%;20280620-20290619,票面利率:1.50%;20290620-20300619,票面利率:2.00%;20300620-20310619,票面利率:2.50%	114.0	A+	A+	联合资信评估股份有限公司
113696.SH	芜湖伯特利汽车安全系统股份有限公司向不特定对象发行可转换公司债券	伯25转债		603596.SH	伯特利	6.0	100.0	100.0	2802000000.0	2801799267.6	2025-07-01	2031-07-01		0.3	8.0	1	2025-07-28	1970-01-01	上交所	2026-01-07	2031-06-30	1970-01-01	52.42	35.16	20250701-20260630,票面利率:0.10%;20260701-20270630,票面利率:0.30%;20270701-20280630,票面利率:0.60%;20280701-20290630,票面利率:1.00%;20290701-20300630,票面利率:1.50%;20300701-20310630,票面利率:2.00%	110.0	AA	AA	中证鹏元资信评估股份有限公司
113697.SH	安徽应流机电股份有限公司向不特定对象发行可转换公司债券	应流转债		603308.SH	应流股份	6.0	100.0	100.0	1500000000.0	1499572000.0	2025-09-19	2031-09-19		0.1	7.0	1	2025-10-22	1970-01-01	上交所	2026-03-25	2031-09-18	1970-01-01	30.47	30.47	20250919-20260918,票面利率:0.10%;20260919-20270918,票面利率:0.30%;20270919-20280918,票面利率:0.60%;20280919-20290918,票面利率:1.00%;20290919-20300918,票面利率:1.50%;20300919-20310918,票面利率:2.00%	109.0	AA+	AA+	上海新世纪资信评估投资服务有限公司
113698.SH	上海凯众材料科技股份有限公司向不特定对象发行可转换公司债券	凯众转债		603037.SH	凯众股份	6.0	100.0	100.0	308447000.0	308346000.0	2025-08-15	2031-08-15		0.2	8.2	1	2025-09-10	1970-01-01	上交所	2026-02-21	2031-08-14	1970-01-01	12.7	12.55	20250815-20260814,票面利率:0.20%;20260815-20270814,票面利率:0.40%;20270815-20280814,票面利率:0.60%;20280815-20290814,票面利率:1.00%;20290815-20300814,票面利率:1.50%;20300815-20310814,票面利率:1.80%	110.0	AA-	AA-	上海新世纪资信评估投资服务有限公司
113699.SH	金诚信矿业管理股份有限公司向不特定对象发行可转换公司债券	金25转债		603979.SH	金诚信	6.0	100.0	100.0	2000000000.0	1999780000.0	2025-09-26	2031-09-26		0.1	10.0	1	2025-10-27	1970-01-01	上交所	2026-04-10	2031-09-25	1970-01-01	63.46	63.46	20250926-20260925,票面利率:0.10%;20260926-20270925,票面利率:0.30%;20270926-20280925,票面利率:0.60%;20280926-20290925,票面利率:1.00%;20290926-20300925,票面利率:1.50%;20300926-20310925,票面利率:2.00%	112.0	AA	AA	联合资信评估股份有限公司
113700.SH	海天水务集团股份公司向不特定对象发行可转换公司债券	海天转债		603759.SH	海天股份	6.0	100.0	100.0	801000000.0	801000000.0	2026-02-05	2032-02-05		0.1	8.0	1	2026-03-12	1970-01-01	上交所	2026-08-11	2032-02-04	1970-01-01	12.52	12.41	20260205-20270204,票面利率:0.10%;20270205-20280204,票面利率:0.30%;20280205-20290204,票面利率:0.60%;20290205-20300204,票面利率:1.00%;20300205-20310204,票面利率:1.50%;20310205-20320204,票面利率:2.00%	110.0	AA	AA	中诚信国际信用评级有限责任公司
113701.SH	浙江天台祥和实业股份有限公司向不特定对象发行可转换公司债券	祥和转债		603500.SH	祥和实业	6.0	100.0	100.0	400000000.0	400000000.0	2026-03-03	2032-03-03		0.2	11.5	1	2026-03-26	1970-01-01	上交所	2026-09-09	2032-03-02	1970-01-01	13.59	13.37	20260303-20270302,票面利率:0.20%;20270303-20280302,票面利率:0.40%;20280303-20290302,票面利率:0.80%;20290303-20300302,票面利率:1.50%;20300303-20310302,票面利率:2.00%;20310303-20320302,票面利率:2.50%	114.0	A+	A+	中证鹏元资信评估股份有限公司
113702.SH	斯达半导体股份有限公司向不特定对象发行可转换公司债券	斯达转债		603290.SH	斯达半导	6.0	100.0	100.0	1500000000.0	1500000000.0	2026-04-16	2032-04-16		0.1	6.0	1	2026-05-11	1970-01-01	上交所	2026-10-22	2032-04-15	1970-01-01	105.3	104.79	20260416-20270415,票面利率:0.10%;20270416-20280415,票面利率:0.30%;20280416-20290415,票面利率:0.60%;20290416-20300415,票面利率:1.00%;20300416-20310415,票面利率:1.50%;20310416-20320415,票面利率:2.00%	108.0	AA+sti	AA+sti	大公国际资信评估有限公司
113703.SH	山西华翔集团股份有限公司向不特定对象发行可转换公司债券	翔26转债		603112.SH	华翔股份	6.0	100.0	100.0	1301020000.0	1301020000.0	2026-06-08	2032-06-08		0.2	10.2	1	1970-01-01	1970-01-01	上交所	2026-12-12	2032-06-07	1970-01-01	21.94	21.94	20260608-20270607,票面利率:0.20%;20270608-20280607,票面利率:0.40%;20280608-20290607,票面利率:0.60%;20290608-20300607,票面利率:1.00%;20300608-20310607,票面利率:1.50%;20310608-20320607,票面利率:1.80%	112.0	AA-	AA-	中证鹏元资信评估股份有限公司
113704.SH	浙江春风动力股份有限公司向不特定对象发行可转换公司债券	春风转债		603129.SH	春风动力	6.0	100.0	100.0	2178763000.0	2178763000.0	2026-06-10	2032-06-10		0.1	6.0	1	1970-01-01	1970-01-01	上交所	2026-12-16	2032-06-09	1970-01-01	241.7	241.7	20260610-20270609,票面利率:0.10%;20270610-20280609,票面利率:0.30%;20280610-20290609,票面利率:0.60%;20290610-20300609,票面利率:1.50%;20300610-20310609,票面利率:1.80%;20310610-20320609,票面利率:2.00%	108.0	AA+	AA+	中证鹏元资信评估股份有限公司
113705.SH	成都豪能科技股份有限公司向不特定对象发行可转换公司债券	豪26转债		603809.SH	豪能股份	6.0	100.0	100.0	1800000000.0	1800000000.0	2026-06-15	2032-06-15		0.2	8.2	1	1970-01-01	1970-01-01	上交所	2026-12-22	2032-06-14	1970-01-01	10.74	10.74	20260615-20270614,票面利率:0.20%;20270615-20280614,票面利率:0.40%;20280615-20290614,票面利率:0.60%;20290615-20300614,票面利率:1.00%;20300615-20310614,票面利率:1.50%;20310615-20320614,票面利率:1.80%	110.0	AA-	AA-	中证鹏元资信评估股份有限公司
113706.SH	山东金帝精密机械科技股份有限公司向不特定对象发行可转换公司债券	金帝转债		603270.SH	金帝股份	6.0	100.0	100.0	970000000.0	970000000.0	2026-06-15	2032-06-15		0.2	13.0	1	1970-01-01	1970-01-01	上交所	2026-12-22	2032-06-14	1970-01-01	30.62	30.62	20260615-20270614,票面利率:0.20%;20270615-20280614,票面利率:0.40%;20280615-20290614,票面利率:0.60%;20290615-20300614,票面利率:1.00%;20300615-20310614,票面利率:1.50%;20310615-20320614,票面利率:2.00%	115.0	AA	AA	中诚信国际信用评级有限责任公司
113707.SH	科博达技术股份有限公司向不特定对象发行可转换公司债券	科博转债		603786.SH	科博达	6.0	100.0	100.0	1490740000.0	1490740000.0	2026-07-03	2032-07-03		0	0	1	1970-01-01	1970-01-01	上交所	2027-01-11	2032-07-02	1970-01-01	45.56	0	20260703-20270702,票面利率:0.10%;20270703-20280702,票面利率:0.30%;20280703-20290702,票面利率:0.50%;20290703-20300702,票面利率:1.00%;20300703-20310702,票面利率:1.50%;20310703-20320702,票面利率:2.00%	108.0	AA+	AA+	中诚信国际信用评级有限责任公司
117103.SZ	北京蓝天瑞德环保技术股份有限公司2017年非公开发行创新创业可转换公司债券(第一期)	蓝天转S1		430263.SZ	摘牌蓝保	3.0	100.0	100.0	20000000.0	0.0	2017-10-16	2020-10-16		2.0	0	1	2017-11-23	1970-01-01	深交所	2018-04-16	2020-10-15	1970-01-01	5.2	5.2	20171016-20180412,票面利率:2.00%	0			
118000.SH	广东嘉元科技股份有限公司向不特定对象发行可转换公司债券	嘉元转债		688388.SH	嘉元科技	6.0	100.0	100.0	1240000000.0	0.0	2021-02-23	2027-02-23		3.0	12.0	1	2021-03-15	2026-04-02	上交所	2021-09-01	2027-02-22	2026-04-02	78.99	33.18	20210223-20220222,票面利率:0.40%;20220223-20230222,票面利率:0.60%;20230223-20240222,票面利率:1.00%;20240223-20250222,票面利率:1.50%;20250223-20260222,票面利率:2.50%;20260223-20260401,票面利率:3.00%	115.0	A+	A+	广州普策信用评价有限公司
118001.SH	湖南金博碳素股份有限公司向不特定对象发行可转换公司债券	金博转债		688598.SH	金博股份	6.0	100.0	100.0	599901000.0	0.0	2021-07-23	2027-07-23		0.7	12.2	1	2021-08-18	2022-09-26	上交所	2022-02-07	2027-07-22	2022-09-26	271.62	268.83	20210723-20220722,票面利率:0.50%;20220723-20220925,票面利率:0.70%	115.0	A+	A+	中证鹏元资信评估股份有限公司
118002.SH	天合光能股份有限公司向不特定对象发行可转换公司债券	天合转债		688599.SH	天合光能	6.0	100.0	100.0	5252000000.0	0.0	2021-08-13	2027-08-13		0.3	13.0	1	2021-09-01	2022-04-13	上交所	2022-02-21	2027-08-12	2022-04-13	50.51	50.4	20210813-20220412,票面利率:0.30%	115.0	AA	AA	联合资信评估股份有限公司
118003.SH	苏州华兴源创科技股份有限公司向不特定对象发行可转换公司债券	华兴转债		688001.SH	华兴源创	6.0	100.0	100.0	800000000.0	0.0	2021-11-29	2027-11-29		1.8	8.0	1	2021-12-20	2026-05-19	上交所	2022-06-06	2027-11-28	2026-05-19	39.33	26.22	20211129-20221128,票面利率:0.30%;20221129-20231128,票面利率:0.50%;20231129-20241128,票面利率:1.00%;20241129-20251128,票面利率:1.50%;20251129-20260518,票面利率:1.80%	110.0	AA	AA	东方金诚国际信用评估有限公司
118004.SH	博瑞生物医药(苏州)股份有限公司向不特定对象发行可转换公司债券	博瑞转债		688166.SH	博瑞医药	6.0	100.0	100.0	465000000.0	0.0	2022-01-04	2028-01-04		2.5	12.0	1	2022-01-27	2026-05-22	上交所	2022-07-11	2028-01-03	2026-05-22	35.68	34.74	20220104-20230103,票面利率:0.40%;20230104-20240103,票面利率:0.60%;20240104-20250103,票面利率:1.00%;20250104-20260103,票面利率:1.50%;20260104-20260521,票面利率:2.50%	115.0	AA-	AA-	东方金诚国际信用评估有限公司
118005.SH	江苏天奈科技股份有限公司向不特定对象发行可转换公司债券	天奈转债		688116.SH	天奈科技	6.0	100.0	100.0	830000000.0	829932000.0	2022-01-27	2028-01-27		1.8	8.0	1	2022-03-01	1970-01-01	上交所	2022-08-09	2028-01-26	1970-01-01	153.67	99.01	20220127-20230126,票面利率:0.30%;20230127-20240126,票面利率:0.50%;20240127-20250126,票面利率:1.00%;20250127-20260126,票面利率:1.50%;20260127-20270126,票面利率:1.80%;20270127-20280126,票面利率:2.00%	110.0	AA-	AA-	中证鹏元资信评估股份有限公司
118006.SH	上海阿拉丁生化科技股份有限公司向不特定对象发行可转换公司债券	阿拉转债		688179.SH	阿拉丁	6.0	100.0	100.0	387400000.0	0.0	2022-03-15	2028-03-15		2.5	12.0	1	2022-04-12	2026-05-06	上交所	2022-09-21	2028-03-14	2026-05-06	63.72	13.32	20220315-20230314,票面利率:0.40%;20230315-20240314,票面利率:0.70%;20240315-20250314,票面利率:1.20%;20250315-20260314,票面利率:1.80%;20260315-20260505,票面利率:2.50%	115.0	A+	A+	中证鹏元资信评估股份有限公司
118007.SH	山石网科通信技术股份有限公司向不特定对象发行可转换公司债券	山石转债		688030.SH	山石网科	6.0	100.0	100.0	267430000.0	267151000.0	2022-03-22	2028-03-22		2.5	11.2	1	2022-04-21	1970-01-01	上交所	2022-09-28	2028-03-21	1970-01-01	24.65	16.5	20220322-20230321,票面利率:0.40%;20230322-20240321,票面利率:0.70%;20240322-20250321,票面利率:1.20%;20250322-20260321,票面利率:1.80%;20260322-20270321,票面利率:2.50%;20270322-20280321,票面利率:2.80%	114.0	A+	A-	联合资信评估股份有限公司
118008.SH	上海海优威新材料股份有限公司向不特定对象发行可转换公司债券	海优转债		688680.SH	海优新材	6.0	100.0	100.0	694000000.0	0.0	2022-06-23	2028-06-23		1.6	12.3	1	2022-07-21	2026-04-07	上交所	2022-12-29	2028-06-22	2026-04-07	217.42	46.8	20220623-20230622,票面利率:0.30%;20230623-20240622,票面利率:0.40%;20240623-20250622,票面利率:0.80%;20250623-20260406,票面利率:1.60%	115.0	AA-	A	中证鹏元资信评估股份有限公司
118009.SH	株洲华锐精密工具股份有限公司向不特定对象发行可转换公司债券	华锐转债		688059.SH	华锐精密	6.0	100.0	100.0	400000000.0	0.0	2022-06-24	2028-06-24		1.8	10.0	1	2022-07-21	2026-02-03	上交所	2022-12-30	2028-06-23	2026-02-03	130.91	61.89	20220624-20230623,票面利率:0.30%;20230624-20240623,票面利率:0.50%;20240624-20250623,票面利率:1.00%;20250624-20260202,票面利率:1.80%	113.0	A+	A+	中证鹏元资信评估股份有限公司
118010.SH	广州洁特生物过滤股份有限公司向不特定对象发行可转换公司债券	洁特转债		688026.SH	洁特生物	6.0	100.0	100.0	440000000.0	439939000.0	2022-06-28	2028-06-28		1.8	8.0	1	2022-08-02	1970-01-01	上交所	2023-01-04	2028-06-27	1970-01-01	48.23	47.95	20220628-20230627,票面利率:0.30%;20230628-20240627,票面利率:0.50%;20240628-20250627,票面利率:1.00%;20250628-20260627,票面利率:1.50%;20260628-20270627,票面利率:1.80%;20270628-20280627,票面利率:2.00%	110.0	A+	A+	中证鹏元资信评估股份有限公司
118011.SH	常州银河世纪微电子股份有限公司向不特定对象发行可转换公司债券	银微转债		688689.SH	银河微电	6.0	100.0	100.0	500000000.0	369574765.75	2022-07-04	2028-07-04		1.8	12.0	1	2022-08-02	1970-01-01	上交所	2023-01-09	2028-07-03	1970-01-01	31.95	31.05	20220704-20230703,票面利率:0.40%;20230704-20240703,票面利率:0.60%;20240704-20250703,票面利率:1.20%;20250704-20260703,票面利率:1.80%;20260704-20270703,票面利率:2.40%;20270704-20280703,票面利率:3.00%	115.0	A+	A+sti	东方金诚国际信用评估有限公司
118012.SH	深圳微芯生物科技股份有限公司向不特定对象发行可转换公司债券	微芯转债		688321.SH	微芯生物	6.0	100.0	100.0	500000000.0	499581000.0	2022-07-05	2028-07-05		1.8	12.0	1	2022-07-28	1970-01-01	上交所	2023-01-11	2028-07-04	1970-01-01	25.36	25.34	20220705-20230704,票面利率:0.40%;20230705-20240704,票面利率:0.60%;20240705-20250704,票面利率:1.20%;20250705-20260704,票面利率:1.80%;20260705-20270704,票面利率:2.50%;20270705-20280704,票面利率:3.00%	115.0	A+	A+	中证鹏元资信评估股份有限公司
118013.SH	深圳市道通科技股份有限公司向不特定对象发行可转换公司债券	道通转债		688208.SH	道通科技	6.0	100.0	100.0	1280000000.0	1279674000.0	2022-07-08	2028-07-08		1.5	13.0	1	2022-07-28	1970-01-01	上交所	2023-01-16	2028-07-07	1970-01-01	34.73	21.48	20220708-20230707,票面利率:0.30%;20230708-20240707,票面利率:0.50%;20240708-20250707,票面利率:1.00%;20250708-20260707,票面利率:1.50%;20260708-20270707,票面利率:1.80%;20270708-20280707,票面利率:2.00%	115.0	AA	AA	中证鹏元资信评估股份有限公司
118014.SH	青岛高测科技股份有限公司向不特定对象发行可转换公司债券	高测转债		688556.SH	高测股份	6.0	100.0	100.0	483300000.0	0.0	2022-07-18	2028-07-18		1.2	8.0	1	2022-08-12	2025-09-09	上交所	2023-01-30	2028-07-17	2025-09-09	84.81	7.37	20220718-20230717,票面利率:0.20%;20230718-20240717,票面利率:0.40%;20240718-20250717,票面利率:0.80%;20250718-20250908,票面利率:1.20%	110.0	A+	A+	中诚信国际信用评级有限责任公司
118015.SH	芯海科技(深圳)股份有限公司向不特定对象发行可转换公司债券	芯海转债		688595.SH	芯海科技	6.0	100.0	100.0	410000000.0	409951000.0	2022-07-21	2028-07-21		1.8	12.0	1	2022-08-18	1970-01-01	上交所	2023-01-30	2028-07-20	1970-01-01	56.0	55.22	20220721-20230720,票面利率:0.40%;20230721-20240720,票面利率:0.70%;20240721-20250720,票面利率:1.20%;20250721-20260720,票面利率:1.80%;20260721-20270720,票面利率:2.40%;20270721-20280720,票面利率:3.00%	115.0	A+	A+sti	东方金诚国际信用评估有限公司
118016.SH	江苏京源环保股份有限公司向不特定对象发行可转换公司债券	京源转债		688096.SH	京源环保	6.0	100.0	100.0	332500000.0	167500000.0	2022-08-05	2028-08-05		2.0	12.0	1	2022-08-25	1970-01-01	上交所	2023-02-13	2028-08-04	1970-01-01	13.93	6.91	20220805-20230804,票面利率:0.50%;20230805-20240804,票面利率:0.70%;20240805-20250804,票面利率:1.00%;20250805-20260804,票面利率:2.00%;20260805-20270804,票面利率:2.50%;20270805-20280804,票面利率:3.00%	115.0	A	A	中证鹏元资信评估股份有限公司
118017.SH	深圳市深科达智能装备股份有限公司向不特定对象发行可转换公司债券	深科转债		688328.SH	深科达	6.0	100.0	100.0	360000000.0	0.0	2022-08-08	2028-08-08		0.5	12.0	1	2022-08-29	2024-01-10	上交所	2023-02-13	2028-08-07	2024-01-10	26.68	26.68	20220808-20230807,票面利率:0.30%;20230808-20240109,票面利率:0.50%	115.0	A+	A+	中证鹏元资信评估股份有限公司
118018.SH	深圳瑞华泰薄膜科技股份有限公司2022年度向不特定对象发行可转换公司债券	瑞科转债		688323.SH	瑞华泰	6.0	100.0	100.0	430000000.0	2124615.0	2022-08-18	2028-08-18		1.5	8.0	1	2022-09-14	2026-07-06	上交所	2023-02-24	2028-08-17	2026-07-06	30.98	21.0	20220818-20230817,票面利率:0.20%;20230818-20240817,票面利率:0.40%;20240818-20250817,票面利率:0.60%;20250818-20260705,票面利率:1.50%	110.0	A+	A	中证鹏元资信评估股份有限公司
118019.SH	海南金盘智能科技股份有限公司向不特定对象发行可转换公司债券	金盘转债		688676.SH	金盘科技	6.0	100.0	100.0	976702000.0	0.0	2022-09-16	2028-09-16		0.5	8.0	1	2022-10-13	2024-05-28	上交所	2023-03-22	2028-09-15	2024-05-28	34.76	34.37	20220916-20230915,票面利率:0.30%;20230916-20240527,票面利率:0.50%	110.0	AA	AA	东方金诚国际信用评估有限公司
118020.SH	广东芳源新材料集团股份有限公司向不特定对象发行可转换公司债券	芳源转债		688148.SH	芳源股份	6.0	100.0	100.0	642000000.0	641673000.0	2022-09-23	2028-09-23		2.6	16.5	1	2022-11-07	1970-01-01	上交所	2023-03-29	2028-09-22	1970-01-01	18.62	14.0	20220923-20230922,票面利率:0.50%;20230923-20240922,票面利率:0.60%;20240923-20250922,票面利率:1.20%;20250923-20260922,票面利率:2.60%;20260923-20270922,票面利率:3.40%;20270923-20280922,票面利率:3.50%	120.0	A+	BBB	中证鹏元资信评估股份有限公司
118021.SH	上海新致软件股份有限公司向不特定对象发行可转换公司债券	新致转债		688590.SH	新致软件	6.0	100.0	100.0	484810000.0	0.0	2022-09-27	2028-09-27		1.8	9.0	1	2022-11-02	2026-03-25	上交所	2023-04-10	2028-09-26	2026-03-25	10.7	10.53	20220927-20230926,票面利率:0.50%;20230927-20240926,票面利率:0.70%;20240927-20250926,票面利率:1.00%;20250927-20260324,票面利率:1.80%	112.0	A	A	联合资信评估股份有限公司
118022.SH	湖南长远锂科股份有限公司向不特定对象发行可转换公司债券	锂科转债		688779.SH	五矿新能	6.0	100.0	100.0	3250000000.0	3249784000.0	2022-10-11	2028-10-11		1.5	8.0	1	2022-11-07	1970-01-01	上交所	2023-04-17	2028-10-10	1970-01-01	15.76	15.49	20221011-20231010,票面利率:0.30%;20231011-20241010,票面利率:0.50%;20241011-20251010,票面利率:1.00%;20251011-20261010,票面利率:1.50%;20261011-20271010,票面利率:1.80%;20271011-20281010,票面利率:2.00%	110.0	AA	AA	中诚信国际信用评级有限责任公司
118023.SH	张家港广大特材股份有限公司向不特定对象发行可转换公司债券	广大转债		688186.SH	广大特材	6.0	100.0	100.0	1550000000.0	0.0	2022-10-13	2028-10-13		1.0	13.0	1	2022-11-09	2025-08-25	上交所	2023-04-19	2028-10-12	2025-08-25	33.12	20.8	20221013-20231012,票面利率:0.30%;20231013-20241012,票面利率:0.50%;20241013-20250824,票面利率:1.00%	115.0	AA-	AA-	中证鹏元资信评估股份有限公司
118024.SH	珠海冠宇电池股份有限公司向不特定对象发行可转换公司债券	冠宇转债		688772.SH	珠海冠宇	6.0	100.0	100.0	3089043000.0	3088929000.0	2022-10-24	2028-10-24		1.5	10.0	1	2022-11-17	1970-01-01	上交所	2023-04-28	2028-10-23	1970-01-01	23.68	22.51	20221024-20231023,票面利率:0.30%;20231024-20241023,票面利率:0.50%;20241024-20251023,票面利率:1.00%;20251024-20261023,票面利率:1.50%;20261024-20271023,票面利率:1.80%;20271024-20281023,票面利率:2.00%	112.0	AA	AA	中证鹏元资信评估股份有限公司
118025.SH	上海奕瑞光电子科技股份有限公司向不特定对象发行可转换公司债券	奕瑞转债		688301.SH	奕瑞科技	6.0	100.0	100.0	1435010000.0	46155356.82	2022-10-24	2028-10-24		1.5	8.0	1	2022-11-18	2026-07-06	上交所	2023-04-28	2028-10-23	2026-07-06	499.89	81.43	20221024-20231023,票面利率:0.20%;20231024-20241023,票面利率:0.40%;20241024-20251023,票面利率:0.80%;20251024-20260705,票面利率:1.50%	110.0	AA	AA	东方金诚国际信用评估有限公司
118026.SH	广东利元亨智能装备股份有限公司向不特定对象发行可转换公司债券	利元转债		688499.SH	利元亨	6.0	100.0	100.0	950000000.0	0.0	2022-10-24	2028-10-24		0.6	7.5	1	2022-11-18	2024-12-31	上交所	2023-04-28	2028-10-23	2024-12-31	218.94	21.0	20221024-20231023,票面利率:0.20%;20231024-20241023,票面利率:0.40%;20241024-20241230,票面利率:0.60%	110.0	A+	A+	中证鹏元资信评估股份有限公司
118027.SH	航天宏图信息技术股份有限公司向不特定对象发行可转换公司债券	宏图转债		688066.SH	*ST航图	6.0	100.0	100.0	1008800000.0	958488788.16	2022-11-28	2028-11-28		1.5	12.0	1	2022-12-22	1970-01-01	上交所	2023-06-02	2028-11-27	1970-01-01	88.91	13.12	20221128-20231127,票面利率:0.40%;20231128-20241127,票面利率:0.60%;20241128-20251127,票面利率:1.10%;20251128-20261127,票面利率:1.50%;20261128-20271127,票面利率:2.50%;20271128-20281127,票面利率:3.00%	115.0	A	B-	中诚信国际信用评级有限责任公司
118028.SH	会通新材料股份有限公司向不特定对象发行可转换公司债券	会通转债		688219.SH	会通股份	6.0	100.0	100.0	830000000.0	0.0	2022-12-06	2028-12-06		1.0	12.0	1	2023-01-04	2025-07-25	上交所	2023-06-12	2028-12-05	2025-07-25	9.33	9.06	20221206-20231205,票面利率:0.30%;20231206-20241205,票面利率:0.50%;20241206-20250724,票面利率:1.00%	115.0	AA-	AA-	中证鹏元资信评估股份有限公司
118029.SH	江苏富淼科技股份有限公司向不特定对象发行可转换公司债券	富淼转债		688350.SH	富淼科技	6.0	100.0	100.0	450000000.0	0.0	2022-12-15	2028-12-15		1.5	8.0	1	2023-01-09	2026-02-06	上交所	2023-06-21	2028-12-14	2026-02-06	20.26	18.6	20221215-20231214,票面利率:0.20%;20231215-20241214,票面利率:0.40%;20241215-20251214,票面利率:0.60%;20251215-20260205,票面利率:1.50%	110.0	A+	A	大公国际资信评估有限公司
118030.SH	烟台睿创微纳技术股份有限公司向不特定对象发行可转换公司债券	睿创转债		688002.SH	睿创微纳	6.0	100.0	100.0	1564690000.0	1262254000.0	2022-12-30	2028-12-30		1.5	8.0	1	2023-02-10	1970-01-01	上交所	2023-07-06	2028-12-29	1970-01-01	40.09	38.94	20221230-20231229,票面利率:0.30%;20231230-20241229,票面利率:0.50%;20241230-20251229,票面利率:1.00%;20251230-20261229,票面利率:1.50%;20261230-20271229,票面利率:1.80%;20271230-20281229,票面利率:2.00%	110.0	AA	AA	上海新世纪资信评估投资服务有限公司
118031.SH	天合光能股份有限公司向不特定对象发行可转换公司债券	天23转债		688599.SH	天合光能	6.0	100.0	100.0	8864751000.0	5851157000.0	2023-02-13	2029-02-13		1.5	13.0	1	2023-03-15	1970-01-01	上交所	2023-08-17	2029-02-12	1970-01-01	69.69	16.0	20230213-20240212,票面利率:0.30%;20240213-20250212,票面利率:0.50%;20250213-20260212,票面利率:1.00%;20260213-20270212,票面利率:1.50%;20270213-20280212,票面利率:1.80%;20280213-20290212,票面利率:2.00%	115.0	AA	AA	联合资信评估股份有限公司
118032.SH	洛阳建龙微纳新材料股份有限公司向不特定对象发行可转换公司债券	建龙转债		688357.SH	建龙微纳	6.0	100.0	100.0	700000000.0	699888000.0	2023-03-08	2029-03-08		1.5	12.0	1	2023-04-07	1970-01-01	上交所	2023-09-14	2029-03-07	1970-01-01	123.0	71.41	20230308-20240307,票面利率:0.30%;20240308-20250307,票面利率:0.50%;20250308-20260307,票面利率:1.00%;20260308-20270307,票面利率:1.50%;20270308-20280307,票面利率:2.00%;20280308-20290307,票面利率:3.00%	115.0	AA-	AA-	中证鹏元资信评估股份有限公司
118033.SH	广东华特气体股份有限公司向不特定对象发行可转换公司债券	华特转债		688268.SH	华特气体	6.0	100.0	100.0	646000000.0	0.0	2023-03-21	2029-03-21		1.5	12.0	1	2023-04-14	2026-06-10	上交所	2023-09-27	2029-03-20	2026-06-10	84.22	82.75	20230321-20240320,票面利率:0.30%;20240321-20250320,票面利率:0.50%;20250321-20260320,票面利率:1.00%;20260321-20260609,票面利率:1.50%	115.0	AA-	AA-	中证鹏元资信评估股份有限公司
118034.SH	晶科能源股份有限公司向不特定对象发行可转换公司债券	晶能转债		688223.SH	晶科能源	6.0	100.0	100.0	10000000000.0	8322148000.0	2023-04-20	2029-04-20		1.5	6.0	1	2023-05-19	1970-01-01	上交所	2023-10-26	2029-04-19	1970-01-01	13.79	6.35	20230420-20240419,票面利率:0.20%;20240420-20250419,票面利率:0.40%;20250420-20260419,票面利率:0.60%;20260420-20270419,票面利率:1.50%;20270420-20280419,票面利率:1.80%;20280420-20290419,票面利率:2.00%	108.0	AA+	AA+sti	东方金诚国际信用评估有限公司
118035.SH	昆山国力电子科技股份有限公司向不特定对象发行可转换公司债券	国力转债		688103.SH	国力电子	6.0	100.0	100.0	480000000.0	479980000.0	2023-06-12	2029-06-12		1.5	13.0	1	2023-07-06	1970-01-01	上交所	2023-12-18	2029-06-11	1970-01-01	63.0	62.54	20230612-20240611,票面利率:0.30%;20240612-20250611,票面利率:0.50%;20250612-20260611,票面利率:1.00%;20260612-20270611,票面利率:1.50%;20270612-20280611,票面利率:1.80%;20280612-20290611,票面利率:2.00%	115.0	A+	A+	中证鹏元资信评估股份有限公司
118036.SH	深圳市力合微电子股份有限公司向不特定对象发行可转换公司债券	力合转债		688589.SH	力合微	6.0	100.0	100.0	380000000.0	379962000.0	2023-06-28	2029-06-28		1.5	12.5	1	2023-07-20	1970-01-01	上交所	2024-01-04	2029-06-27	1970-01-01	43.78	23.83	20230628-20240627,票面利率:0.30%;20240628-20250627,票面利率:0.50%;20250628-20260627,票面利率:0.80%;20260628-20270627,票面利率:1.50%;20270628-20280627,票面利率:2.00%;20280628-20290627,票面利率:2.50%	115.0	AA-	AA-sti	东方金诚国际信用评估有限公司
118037.SH	苏州上声电子股份有限公司向不特定对象发行可转换公司债券	上声转债		688533.SH	上声电子	6.0	100.0	100.0	520000000.0	467950000.0	2023-07-06	2029-07-06		1.0	8.2	1	2023-08-01	1970-01-01	上交所	2024-01-12	2029-07-05	1970-01-01	47.85	28.64	20230706-20240705,票面利率:0.30%;20240706-20250705,票面利率:0.50%;20250706-20260705,票面利率:1.00%;20260706-20270705,票面利率:1.60%;20270706-20280705,票面利率:2.00%;20280706-20290705,票面利率:2.80%	111.0	A+	A+	中证鹏元资信评估股份有限公司
118038.SH	金宏气体股份有限公司向不特定对象发行可转换公司债券	金宏转债		688106.SH	金宏气体	6.0	100.0	100.0	1016000000.0	0.0	2023-07-17	2029-07-17		1.0	13.0	1	2023-08-10	2026-04-29	上交所	2024-01-22	2029-07-16	2026-04-29	27.48	18.97	20230717-20240716,票面利率:0.30%;20240717-20250716,票面利率:0.50%;20250717-20260428,票面利率:1.00%	115.0	AA-	AA-	中诚信国际信用评级有限责任公司
118039.SH	北京煜邦电力技术股份有限公司向不特定对象发行可转换公司债券	煜邦转债		688597.SH	煜邦电力	6.0	100.0	100.0	410806000.0	410405000.0	2023-07-20	2029-07-20		1.0	10.0	1	2023-08-15	1970-01-01	上交所	2024-01-26	2029-07-19	1970-01-01	10.12	7.3	20230720-20240719,票面利率:0.50%;20240720-20250719,票面利率:0.70%;20250720-20260719,票面利率:1.00%;20260720-20270719,票面利率:1.60%;20270720-20280719,票面利率:2.20%;20280720-20290719,票面利率:3.00%	113.0	A	A	中证鹏元资信评估股份有限公司
118040.SH	江苏宏微科技股份有限公司向不特定对象发行可转换公司债券	宏微转债		688711.SH	宏微科技	6.0	100.0	100.0	430000000.0	428742006.45	2023-07-25	2029-07-25		1.0	12.0	1	2023-08-14	1970-01-01	上交所	2024-01-31	2029-07-24	1970-01-01	62.45	28.51	20230725-20240724,票面利率:0.50%;20240725-20250724,票面利率:0.70%;20250725-20260724,票面利率:1.00%;20260725-20270724,票面利率:1.80%;20270725-20280724,票面利率:2.50%;20280725-20290724,票面利率:3.00%	115.0	A	A	中证鹏元资信评估股份有限公司
118041.SH	南通星球石墨股份有限公司向不特定对象发行可转换公司债券	星球转债		688633.SH	星球石墨	6.0	100.0	100.0	620000000.0	0.0	2023-07-31	2029-07-31		1.0	11.0	1	2023-08-22	2026-06-10	上交所	2024-02-05	2029-07-30	2026-06-10	33.12	23.14	20230731-20240730,票面利率:0.20%;20240731-20250730,票面利率:0.40%;20250731-20260609,票面利率:1.00%	114.0	A+	A+	联合资信评估股份有限公司
118042.SH	无锡奥特维科技股份有限公司向不特定对象发行可转换公司债券	奥维转债		688516.SH	奥特维	6.0	100.0	100.0	1140000000.0	1139918000.0	2023-08-10	2029-08-10		0.8	12.5	1	2023-09-01	1970-01-01	上交所	2024-02-19	2029-08-09	1970-01-01	180.9	83.69	20230810-20240809,票面利率:0.20%;20240810-20250809,票面利率:0.40%;20250810-20260809,票面利率:0.80%;20260810-20270809,票面利率:1.50%;20270810-20280809,票面利率:2.00%;20280810-20290809,票面利率:2.50%	115.0	AA-	AA-	中证鹏元资信评估股份有限公司
118043.SH	福立旺精密机电(中国)股份有限公司向不特定对象发行可转换公司债券	福立转债		688678.SH	福立旺	6.0	100.0	100.0	700000000.0	0.0	2023-08-14	2029-08-14		0.8	12.0	1	2023-09-12	2026-02-11	上交所	2024-02-19	2029-08-13	2026-02-11	21.28	14.9	20230814-20240813,票面利率:0.30%;20240814-20250813,票面利率:0.50%;20250814-20260210,票面利率:0.80%	115.0	AA-	AA-	东方金诚国际信用评估有限公司
118044.SH	福建赛特新材股份有限公司向不特定对象发行可转换公司债券	赛特转债		688398.SH	赛特新材	6.0	100.0	100.0	442000000.0	441973000.0	2023-09-11	2029-09-11		0.8	10.5	1	2023-10-12	1970-01-01	上交所	2024-03-15	2029-09-10	1970-01-01	35.41	18.85	20230911-20240910,票面利率:0.20%;20240911-20250910,票面利率:0.40%;20250911-20260910,票面利率:0.80%;20260911-20270910,票面利率:1.50%;20270911-20280910,票面利率:2.00%;20280911-20290910,票面利率:2.50%	113.0	A+	A+	中证鹏元资信评估股份有限公司
118045.SH	成都盟升电子技术股份有限公司向不特定对象发行可转换公司债券	盟升转债		688311.SH	盟升电子	6.0	100.0	100.0	300000000.0	0.0	2023-09-12	2029-09-12		0.6	9.5	1	2023-10-17	2026-03-24	上交所	2024-03-18	2029-09-11	2026-03-24	42.72	20.94	20230912-20240911,票面利率:0.20%;20240912-20250911,票面利率:0.40%;20250912-20260323,票面利率:0.60%	112.0	AA-	A	东方金诚国际信用评估有限公司
118046.SH	江苏诺泰澳赛诺生物制药股份有限公司向不特定对象发行可转换公司债券	诺泰转债		688076.SH	ST诺泰	6.0	100.0	100.0	434000000.0	0.0	2023-12-15	2029-12-15		0.4	12.5	1	2024-01-18	2025-04-25	上交所	2024-06-21	2029-12-14	2025-04-25	42.73	42.23	20231215-20241214,票面利率:0.20%;20241215-20250424,票面利率:0.40%	115.0	A+	A+k	中诚信国际信用评级有限责任公司
118048.SH	广东利扬芯片测试股份有限公司向不特定对象发行可转换公司债券	利扬转债		688135.SH	利扬芯片	6.0	100.0	100.0	520000000.0	0.0	2024-07-02	2030-07-02		0.4	12.5	1	2024-07-19	2026-03-31	上交所	2025-01-08	2030-07-01	2026-03-31	16.13	16.12	20240702-20250701,票面利率:0.20%;20250702-20260330,票面利率:0.40%	115.0	A+	A+	中证鹏元资信评估股份有限公司
118049.SH	合肥新汇成微电子股份有限公司向不特定对象发行可转换公司债券	汇成转债		688403.SH	汇成股份	6.0	100.0	100.0	1148700000.0	0.0	2024-08-07	2030-08-07		0.4	10.0	1	2024-09-02	2026-04-28	上交所	2025-02-13	2030-08-06	2026-04-28	7.7	7.61	20240807-20250806,票面利率:0.20%;20250807-20260427,票面利率:0.40%	112.0	AA-	AA-	中证鹏元资信评估股份有限公司
118050.SH	贵州航宇科技发展股份有限公司向不特定对象发行可转换公司债券	航宇转债		688239.SH	航宇科技	6.0	100.0	100.0	667000000.0	659692000.0	2024-08-21	2030-08-21		0.4	12.5	1	2024-09-10	1970-01-01	上交所	2025-02-27	2030-08-20	1970-01-01	32.64	24.81	20240821-20250820,票面利率:0.20%;20250821-20260820,票面利率:0.40%;20260821-20270820,票面利率:0.80%;20270821-20280820,票面利率:1.50%;20280821-20290820,票面利率:2.00%;20290821-20300820,票面利率:2.50%	115.0	AA-	AA-	中证鹏元资信评估股份有限公司
118051.SH	上海皓元医药股份有限公司向不特定对象发行可转换公司债券	皓元转债		688131.SH	皓元医药	6.0	100.0	100.0	822350000.0	821837000.0	2024-11-28	2030-11-28		0.4	11.0	1	2024-12-19	1970-01-01	上交所	2025-06-04	2030-11-27	1970-01-01	40.73	40.37	20241128-20251127,票面利率:0.20%;20251128-20261127,票面利率:0.40%;20261128-20271127,票面利率:0.80%;20271128-20281127,票面利率:1.20%;20281128-20291127,票面利率:1.60%;20291128-20301127,票面利率:2.00%	113.0	AA-	AA-	联合资信评估股份有限公司
118052.SH	北京浩瀚深度信息技术股份有限公司向不特定对象发行可转换公司债券	浩瀚转债		688292.SH	浩瀚深度	6.0	100.0	100.0	354290000.0	354186000.0	2025-03-13	2031-03-13		0.4	12.5	1	2025-04-07	1970-01-01	上交所	2025-09-19	2031-03-12	1970-01-01	24.38	24.2	20250313-20260312,票面利率:0.20%;20260313-20270312,票面利率:0.40%;20270313-20280312,票面利率:0.80%;20280313-20290312,票面利率:1.50%;20290313-20300312,票面利率:2.00%;20300313-20310312,票面利率:2.50%	115.0	A+	A+	联合资信评估股份有限公司
118053.SH	上海正帆科技股份有限公司向不特定对象发行可转换公司债券	正帆转债		688596.SH	正帆科技	6.0	100.0	100.0	1041095000.0	1041037002.9	2025-03-18	2031-03-18		0.4	10.0	1	2025-04-03	1970-01-01	上交所	2025-09-24	2031-03-17	1970-01-01	38.85	38.35	20250318-20260317,票面利率:0.20%;20260318-20270317,票面利率:0.40%;20270318-20280317,票面利率:0.60%;20280318-20290317,票面利率:1.20%;20290318-20300317,票面利率:1.60%;20300318-20310317,票面利率:2.00%	112.0	AA	AA	中证鹏元资信评估股份有限公司
118054.SH	安集微电子科技(上海)股份有限公司向不特定对象发行可转换公司债券	安集转债		688019.SH	安集科技	6.0	100.0	100.0	830500000.0	0.0	2025-04-07	2031-04-07		0.3	12.5	1	2025-04-25	2026-03-27	上交所	2025-10-11	2031-04-06	2026-03-27	168.11	128.7	20250407-20260326,票面利率:0.30%	115.0	AA-	AA-	联合资信评估股份有限公司
118055.SH	上海伟测半导体科技股份有限公司向不特定对象发行可转换公司债券	伟测转债		688372.SH	伟测科技	6.0	100.0	100.0	1175000000.0	0.0	2025-04-09	2031-04-09		0.1	8.0	1	2025-04-30	2026-04-03	上交所	2025-10-15	2031-04-08	2026-04-03	82.15	62.65	20250409-20260402,票面利率:0.10%	110.0	AA	AA	中证鹏元资信评估股份有限公司
118056.SH	深圳市路维光电股份有限公司向不特定对象发行可转换公司债券	路维转债		688401.SH	路维光电	6.0	100.0	100.0	615000000.0	614483000.0	2025-06-11	2031-06-11		0.4	10.0	1	2025-07-10	1970-01-01	上交所	2025-12-17	2031-06-10	1970-01-01	32.7	32.3	20250611-20260610,票面利率:0.20%;20260611-20270610,票面利率:0.40%;20270611-20280610,票面利率:0.80%;20280611-20290610,票面利率:1.00%;20290611-20300610,票面利率:1.60%;20300611-20310610,票面利率:2.00%	112.0	AA-	AA-	中证鹏元资信评估股份有限公司
118057.SH	甬矽电子(宁波)股份有限公司向不特定对象发行可转换公司债券	甬矽转债		688362.SH	甬矽电子	6.0	100.0	100.0	1165000000.0	0.0	2025-06-26	2031-06-26		0.2	10.5	1	2025-07-16	2026-06-16	上交所	2026-01-02	2031-06-25	2026-06-16	28.39	28.36	20250626-20260615,票面利率:0.20%	113.0	A+	A+	中诚信国际信用评级有限责任公司
118058.SH	江苏微导纳米科技股份有限公司向不特定对象发行可转换公司债券	微导转债		688147.SH	微导纳米	6.0	100.0	100.0	1170000000.0	1169948992.9	2025-08-06	2031-08-06		0.2	8.0	1	2025-08-27	1970-01-01	上交所	2026-02-12	2031-08-05	1970-01-01	33.57	33.29	20250806-20260805,票面利率:0.20%;20260806-20270805,票面利率:0.40%;20270806-20280805,票面利率:0.80%;20280806-20290805,票面利率:1.20%;20290806-20300805,票面利率:1.50%;20300806-20310805,票面利率:2.00%	110.0	AA	AA	上海新世纪资信评估投资服务有限公司
118059.SH	合肥颀中科技股份有限公司向不特定对象发行可转换公司债券	颀中转债		688352.SH	颀中科技	6.0	100.0	100.0	850000000.0	849874000.0	2025-11-03	2031-11-03		0.2	6.0	1	2025-11-21	1970-01-01	上交所	2026-05-07	2031-11-02	1970-01-01	13.75	13.7	20251103-20261102,票面利率:0.20%;20261103-20271102,票面利率:0.40%;20271103-20281102,票面利率:0.60%;20281103-20291102,票面利率:1.50%;20291103-20301102,票面利率:1.80%;20301103-20311102,票面利率:2.00%	108.0	AA+	AA+sti	东方金诚国际信用评估有限公司
118060.SH	苏州瑞可达连接系统股份有限公司向不特定对象发行可转换公司债券	瑞可转债		688800.SH	瑞可达	6.0	100.0	100.0	1000000000.0	999890000.0	2025-11-14	2031-11-14		0.2	10.0	1	2025-12-12	1970-01-01	上交所	2026-05-20	2031-11-13	1970-01-01	73.85	52.6	20251114-20261113,票面利率:0.20%;20261114-20271113,票面利率:0.40%;20271114-20281113,票面利率:0.60%;20281114-20291113,票面利率:1.00%;20291114-20301113,票面利率:1.50%;20301114-20311113,票面利率:2.00%	112.0	AA-	AA-	中证鹏元资信评估股份有限公司
118061.SH	南京茂莱光学科技股份有限公司向不特定对象发行可转换公司债券	茂莱转债		688502.SH	茂莱光学	6.0	100.0	100.0	562500000.0	562222543.4	2025-11-21	2031-11-21		0.2	10.5	1	2025-12-10	1970-01-01	上交所	2026-05-27	2031-11-20	1970-01-01	364.43	364.15	20251121-20261120,票面利率:0.20%;20261121-20271120,票面利率:0.40%;20271121-20281120,票面利率:0.80%;20281121-20291120,票面利率:1.50%;20291121-20301120,票面利率:2.00%;20301121-20311120,票面利率:2.50%	113.0	A+	A+	中证鹏元资信评估股份有限公司
118062.SH	苏州天准科技股份有限公司向不特定对象发行可转换公司债券	天准转债		688003.SH	天准科技	6.0	100.0	100.0	872000000.0	871932000.0	2025-12-12	2031-12-12		0.2	10.0	1	2025-12-31	1970-01-01	上交所	2026-06-18	2031-12-11	1970-01-01	55.73	55.13	20251212-20261211,票面利率:0.20%;20261212-20271211,票面利率:0.40%;20271212-20281211,票面利率:0.60%;20281212-20291211,票面利率:1.00%;20291212-20301211,票面利率:1.50%;20301212-20311211,票面利率:2.00%	112.0	AA-	AA-	中证鹏元资信评估股份有限公司
118063.SH	海南金盘智能科技股份有限公司向不特定对象发行可转换公司债券	金05转债		688676.SH	金盘科技	6.0	100.0	100.0	1671500000.0	1671419285.4	2025-12-25	2031-12-25		0.1	6.0	1	2026-01-14	1970-01-01	上交所	2026-07-01	2031-12-24	1970-01-01	89.28	88.6	20251225-20261224,票面利率:0.10%;20261225-20271224,票面利率:0.30%;20271225-20281224,票面利率:0.60%;20281225-20291224,票面利率:1.00%;20291225-20301224,票面利率:1.50%;20301225-20311224,票面利率:2.00%	108.0	AA+sti	AA+sti	中诚信国际信用评级有限责任公司
118064.SH	江苏联瑞新材料股份有限公司向不特定对象发行可转换公司债券	联瑞转债		688300.SH	联瑞新材	6.0	100.0	100.0	695000000.0	695000000.0	2026-01-08	2032-01-08		0.1	8.0	1	2026-01-28	1970-01-01	上交所	2026-07-14	2032-01-07	1970-01-01	63.55	63.05	20260108-20270107,票面利率:0.10%;20270108-20280107,票面利率:0.30%;20280108-20290107,票面利率:0.60%;20290108-20300107,票面利率:1.00%;20300108-20310107,票面利率:1.50%;20310108-20320107,票面利率:2.00%	110.0	AAsti	AAsti	大公国际资信评估有限公司
118065.SH	上海艾为电子技术股份有限公司向不特定对象发行可转换公司债券	艾为转债		688798.SH	艾为电子	6.0	100.0	100.0	1901320000.0	1901320000.0	2026-01-22	2032-01-22		0.2	6.0	1	2026-02-26	1970-01-01	上交所	2026-07-28	2032-01-21	1970-01-01	79.83	79.4	20260122-20270121,票面利率:0.20%;20270122-20280121,票面利率:0.40%;20280122-20290121,票面利率:0.60%;20290122-20300121,票面利率:1.50%;20300122-20310121,票面利率:1.80%;20310122-20320121,票面利率:2.00%	108.0	AA+sti	AA+sti	联合资信评估股份有限公司
118066.SH	深圳市泛海统联精密制造股份有限公司向不特定对象发行可转换公司债券	统联转债		688210.SH	统联精密	6.0	100.0	100.0	576000000.0	576000000.0	2026-03-02	2032-03-02		0.2	8.0	1	2026-03-20	1970-01-01	上交所	2026-09-06	2032-03-01	1970-01-01	56.2	56.2	20260302-20270301,票面利率:0.20%;20270302-20280301,票面利率:0.40%;20280302-20290301,票面利率:0.60%;20290302-20300301,票面利率:1.00%;20300302-20310301,票面利率:1.50%;20310302-20320301,票面利率:2.00%	110.0	AA-	AA-	联合资信评估股份有限公司
118067.SH	苏州上声电子股份有限公司向不特定对象发行可转换公司债券	上26转债		688533.SH	上声电子	6.0	100.0	100.0	324850000.0	324850000.0	2026-03-18	2032-03-18		0.2	10.5	1	2026-04-14	1970-01-01	上交所	2026-09-24	2032-03-17	1970-01-01	32.6	32.25	20260318-20270317,票面利率:0.20%;20270318-20280317,票面利率:0.40%;20280318-20290317,票面利率:0.80%;20290318-20300317,票面利率:1.50%;20300318-20310317,票面利率:2.00%;20310318-20320317,票面利率:2.50%	113.0	A+	A+	中证鹏元资信评估股份有限公司
118068.SH	南京迪威尔高端制造股份有限公司向不特定对象发行可转换公司债券	迪威转债		688377.SH	迪威尔	6.0	100.0	100.0	907705000.0	907705000.0	2026-06-04	2032-06-04		0.2	8.0	1	2026-06-30	1970-01-01	上交所	2026-12-10	2032-06-03	1970-01-01	32.49	32.49	20260604-20270603,票面利率:0.20%;20270604-20280603,票面利率:0.40%;20280604-20290603,票面利率:0.60%;20290604-20300603,票面利率:1.00%;20300604-20310603,票面利率:1.50%;20310604-20320603,票面利率:2.00%	110.0	AA-	AA-	中诚信国际信用评级有限责任公司
118069.SH	杭州爱科科技股份有限公司向不特定对象发行可转换公司债券	爱科转债		688092.SH	爱科科技	6.0	100.0	100.0	266954000.0	266954000.0	2026-06-11	2032-06-11		0.2	10.5	1	1970-01-01	1970-01-01	上交所	2026-12-17	2032-06-10	1970-01-01	28.53	28.53	20260611-20270610,票面利率:0.20%;20270611-20280610,票面利率:0.40%;20280611-20290610,票面利率:0.60%;20290611-20300610,票面利率:1.50%;20300611-20310610,票面利率:1.80%;20310611-20320610,票面利率:2.50%	113.0	AA-sti	AA-sti	中诚信国际信用评级有限责任公司
118070.SH	上海南芯半导体科技股份有限公司向不特定对象发行可转换公司债券	南芯转债		688484.SH	南芯科技	6.0	100.0	100.0	1586881000.0	1586881000.0	2026-06-18	2032-06-18		0.2	6.0	1	1970-01-01	1970-01-01	上交所	2026-12-25	2032-06-17	1970-01-01	43.84	43.84	20260618-20270617,票面利率:0.20%;20270618-20280617,票面利率:0.40%;20280618-20290617,票面利率:0.60%;20290618-20300617,票面利率:1.50%;20300618-20310617,票面利率:1.80%;20310618-20320617,票面利率:2.00%	108.0	AA+sti	AA+sti	中证鹏元资信评估股份有限公司
118071.SH	北京华峰测控技术股份有限公司向不特定对象发行可转换公司债券	华峰转债		688200.SH	华峰测控	6.0	100.0	100.0	749475000.0	749475000.0	2026-06-23	2032-06-23		0.1	8.0	1	1970-01-01	1970-01-01	上交所	2026-12-29	2032-06-22	1970-01-01	336.12	336.12	20260623-20270622,票面利率:0.10%;20270623-20280622,票面利率:0.30%;20280623-20290622,票面利率:0.60%;20290623-20300622,票面利率:1.00%;20300623-20310622,票面利率:1.50%;20310623-20320622,票面利率:2.00%	110.0	AAsti	AAsti	中诚信国际信用评级有限责任公司
118072.SH	东莞市鼎通精密科技股份有限公司向不特定对象发行可转换公司债券	鼎通转债		688668.SH	鼎通科技	6.0	100.0	100.0	930000000.0	930000000.0	2026-06-24	2032-06-24		0.2	10.5	1	1970-01-01	1970-01-01	上交所	2026-12-30	2032-06-23	1970-01-01	423.54	423.54	20260624-20270623,票面利率:0.20%;20270624-20280623,票面利率:0.40%;20280624-20290623,票面利率:0.80%;20290624-20300623,票面利率:1.50%;20300624-20310623,票面利率:2.00%;20310624-20320623,票面利率:2.50%	113.0	A+	A+	中证鹏元资信评估股份有限公司
118500.SH	思瑞浦微电子科技(苏州)股份有限公司定向可转换公司债券	思瑞定转		688536.SH	思瑞浦	4.0	100.0	100.0	383389300.0	100.0	2024-10-25	2028-10-25		0.01	0	1	1970-01-01	1970-01-01	上交所	2025-04-25	2028-10-24	1970-01-01	158.0	157.85	20241025-20251024,票面利率:0.01%;20251025-20261024,票面利率:0.01%;20261025-20271024,票面利率:0.01%;20271025-20281024,票面利率:0.01%	0			
118501.SH	江苏华海诚科新材料股份有限公司定向可转换公司债券	华海定转		688535.SH	华海诚科	4.0	100.0	100.0	480000000.0	430499700.0	2025-10-29	2029-10-29		0.01	0	1	1970-01-01	1970-01-01	上交所	2026-06-22	2029-10-28	1970-01-01	56.15	37.91	20251029-20261028,票面利率:0.01%;20261029-20271028,票面利率:0.01%;20271029-20281028,票面利率:0.01%;20281029-20291028,票面利率:0.01%	0			
120001.SZ	河北以岭医药集团有限公司2016年面向合格投资者公开发行可交换公司债券	16以岭EB		002603.SZ	以岭药业	5.0	100.0	100.0	800000000.0	0.0	2016-04-18	2021-04-18		1.0	7.0	1	2016-06-16	2019-06-28	深交所	2017-04-20	2021-04-16	2019-06-28	18.0	17.7	20160418-20170417,票面利率:1.00%;20170418-20180417,票面利率:1.00%;20180418-20190417,票面利率:1.00%;20190418-20190627,票面利率:1.00%	108.0	AA	AA	上海新世纪资信评估投资服务有限公司
120002.SZ	中原出版传媒投资控股集团有限公司2018年面向合格投资者公开发行可交换公司债券(第一期)	18中原EB		000719.SZ	中原传媒	5.0	100.0	100.0	620000000.0	0.0	2018-12-24	2023-12-24		1.8	0	1	2019-01-11	2023-05-11	深交所	2019-12-26	2023-12-22	2023-05-11	10.05	8.49	20181224-20191223,票面利率:1.80%;20191224-20201223,票面利率:1.80%;20201224-20211223,票面利率:1.80%;20211224-20221223,票面利率:1.80%;20221224-20230510,票面利率:1.80%	0	AA+	AA+	上海新世纪资信评估投资服务有限公司
120003.SZ	湖南华菱钢铁集团有限责任公司2019年面向合格投资者公开发行可交换公司债券	19华菱EB		000932.SZ	华菱钢铁	5.0	100.0	100.0	2000000000.0	0.0	2019-11-25	2024-11-25		1.0	10.0	1	2019-12-02	2021-10-22	深交所	2021-08-26	2024-11-22	1970-01-01	4.93	4.47	20191125-20201124,票面利率:1.00%;20201125-20211021,票面利率:1.00%	111.0	AAA	AAA	联合资信评估股份有限公司
120004.SZ	湖南华菱钢铁集团有限责任公司2020年面向合格投资者公开发行可交换公司债券	20华菱EB		000932.SZ	华菱钢铁	5.0	100.0	100.0	1500000000.0	0.0	2020-01-09	2025-01-09		1.0	10.0	1	2020-01-17	2021-10-22	深交所	2021-08-26	2025-01-08	1970-01-01	5.38	4.92	20200109-20210108,票面利率:1.00%;20210109-20211021,票面利率:1.00%	111.0	AAA	AAA	联合资信评估股份有限公司
121001.SZ	深圳价值在线信息科技股份有限公司2017年非公开发行创新创业可转换公司债券	价值转S				1.0	100.0	100.0	20000000.0	0.0	2017-12-12	2018-12-12		2.8	0	0	2017-12-29	2018-08-16	深交所	2018-06-13	2018-12-11	1970-01-01	6.0	6.0	20171212-20180814,票面利率:2.80%	0			
121002.SZ	河北合佳医药科技集团股份有限公司2018年非公开发行创新创业可转换公司债券(第一期)	合佳转S1		838641.SZ	合佳医药	3.0	100.0	100.0	25000000.0	0.0	2018-04-27	2021-04-27		6.0	0	1	2018-06-11	2019-04-22	深交所	2018-10-29	2021-04-26	2019-02-15	6.0	6.04	20180427-20190214,票面利率:6.00%	0			
121003.SZ	广州紫科环保科技股份有限公司2018年非公开发行创新创业可转换公司债券(第一期)	紫科转S1		837770.SZ	紫科环保	1.99	100.0	100.0	45000000.0	0.0	2018-06-05	2020-06-04		2.5	0	1	2018-06-28	2019-04-19	深交所	2018-12-04	2020-06-03	2019-03-18	7.5	6.5	20180605-20190317,票面利率:2.50%	0			
123001.SZ	北京蓝色光标品牌管理顾问股份有限公司可转换公司债券	蓝标转债		300058.SZ	蓝色光标	6.0	100.0	100.0	1400000000.0	0.0	2015-12-18	2021-12-18		1.5	6.0	1	2016-01-08	2019-10-24	深交所	2016-06-27	2021-12-17	2019-10-16	15.3	4.28	20151218-20161217,票面利率:0.50%;20161218-20171217,票面利率:0.70%;20171218-20181217,票面利率:1.00%;20181218-20191015,票面利率:1.50%	108.0	AA	AA	中诚信证评数据科技有限公司
123002.SZ	安徽国祯环保节能科技股份有限公司公开发行可转换公司债券	国祯转债		300388.SZ	节能国祯	6.0	100.0	100.0	597000000.0	0.0	2017-11-24	2023-11-24		1.8	4.2	1	2017-12-25	2023-11-27	深交所	2018-05-30	2023-11-24	2023-11-27	21.04	8.06	20171124-20181123,票面利率:0.30%;20181124-20191123,票面利率:0.50%;20191124-20201123,票面利率:1.00%;20201124-20211123,票面利率:1.30%;20211124-20221123,票面利率:1.50%;20221124-20231123,票面利率:1.80%	106.0	AA	AA	上海新世纪资信评估投资服务有限公司
123003.SZ	蓝思科技股份有限公司公开发行可转换公司债券	蓝思转债		300433.SZ	蓝思科技	6.0	100.0	100.0	4800000000.0	0.0	2017-12-08	2023-12-08		1.0	4.2	1	2018-01-17	2020-02-19	深交所	2018-06-14	2023-12-07	2020-02-10	36.59	10.44	20171208-20181207,票面利率:0.30%;20181208-20191207,票面利率:0.50%;20191208-20200209,票面利率:1.00%	106.0	AA+	AA+	联合信用评级有限公司
123004.SZ	深圳市铁汉生态环境股份有限公司创业板公开发行可转换公司债券	铁汉转债		300197.SZ	节能铁汉	6.0	100.0	100.0	1100000000.0	0.0	2017-12-18	2023-12-18		1.8	4.2	1	2018-01-26	2023-12-19	深交所	2018-06-22	2023-12-18	2023-12-19	12.39	2.44	20171218-20181217,票面利率:0.30%;20181218-20191217,票面利率:0.50%;20191218-20201217,票面利率:1.00%;20201218-20211217,票面利率:1.30%;20211218-20221217,票面利率:1.50%;20221218-20231217,票面利率:1.80%	106.0	AA	AA	上海新世纪资信评估投资服务有限公司
123005.SZ	万达信息股份有限公司公开发行可转换公司债券	万信转债		300168.SZ	万达信息	6.0	100.0	100.0	900000000.0	0.0	2017-12-19	2023-12-19		0.3	5.2	1	2018-01-30	2018-08-29	深交所	2018-06-25	2023-12-18	2018-08-21	13.11	13.07	20171219-20180820,票面利率:0.30%	107.0	AA	AA	中诚信证评数据科技有限公司
123006.SZ	东方财富信息股份有限公司公开发行可转换公司债券	东财转债		300059.SZ	东方财富	6.0	100.0	100.0	4650000000.0	0.0	2017-12-20	2023-12-20		0.4	5.0	1	2018-01-29	2019-05-21	深交所	2018-06-26	2023-12-19	2019-05-13	13.69	11.36	20171220-20181219,票面利率:0.20%;20181220-20190512,票面利率:0.40%	107.0	AA	AA+	大公国际资信评估有限公司
123007.SZ	广东道氏技术股份有限公司可转换公司债券	道氏转债		300409.SZ	道氏技术	6.0	100.0	100.0	480000000.0	0.0	2017-12-28	2023-12-28		1.5	5.0	1	2018-01-26	2021-08-23	深交所	2018-07-04	2023-12-27	2021-08-13	45.21	14.5	20171228-20181227,票面利率:0.50%;20181228-20191227,票面利率:0.70%;20191228-20201227,票面利率:1.00%;20201228-20210812,票面利率:1.50%	107.0	AA-	AA-	联合资信评估股份有限公司
123008.SZ	深圳康泰生物制品股份有限公司公开发行可转换公司债券	康泰转债		300601.SZ	康泰生物	6.0	100.0	100.0	356000000.0	0.0	2018-02-01	2024-02-01		0.5	4.0	1	2018-03-19	2019-05-15	深交所	2018-08-07	2024-01-31	2019-05-07	47.01	31.23	20180201-20190131,票面利率:0.30%;20190201-20190506,票面利率:0.50%	106.0	AA-	AA-	中证鹏元资信评估股份有限公司
123009.SZ	深圳市星源材质科技股份有限公司创业板公开发行可转换公司债券	星源转债		300568.SZ	星源材质	6.0	100.0	100.0	480000000.0	0.0	2018-03-07	2024-03-07		1.0	4.2	1	2018-04-10	2020-03-30	深交所	2018-09-13	2024-03-06	2020-03-20	27.99	26.64	20180307-20190306,票面利率:0.30%;20190307-20200306,票面利率:0.50%;20200307-20200319,票面利率:1.00%	106.0	AA	AA	联合信用评级有限公司
123010.SZ	广西博世科环保科技股份有限公司可转换公司债券	博世转债		300422.SZ	博世科	6.0	100.0	100.0	430000000.0	0.0	2018-07-05	2024-07-05		2.0	6.0	1	2018-08-14	2024-07-08	深交所	2019-01-11	2024-07-05	2024-07-08	14.3	4.67	20180705-20190704,票面利率:0.40%;20190705-20200704,票面利率:0.60%;20200705-20210704,票面利率:1.00%;20210705-20220704,票面利率:1.50%;20220705-20230704,票面利率:1.80%;20230705-20240704,票面利率:2.00%	108.0	AA-	A	联合资信评估股份有限公司
123011.SZ	阜新德尔汽车部件股份有限公司可转换公司债券	德尔转债		300473.SZ	德尔股份	6.0	100.0	100.0	564706600.0	0.0	2018-07-18	2024-07-18		2.0	10.0	1	2018-08-14	2024-07-19	深交所	2019-01-24	2024-07-18	2024-07-19	35.26	15.88	20180718-20190717,票面利率:0.50%;20190718-20200717,票面利率:0.80%;20200718-20210717,票面利率:1.00%;20210718-20220717,票面利率:1.50%;20220718-20230717,票面利率:1.80%;20230718-20240717,票面利率:2.00%	112.0	AA-	AA-	联合资信评估股份有限公司
123012.SZ	汕头万顺包装材料股份有限公司创业板公开发行可转换公司债券	万顺转债		300057.SZ	万顺新材	6.0	100.0	100.0	950000000.0	0.0	2018-07-20	2024-07-20		2.0	4.0	1	2018-08-29	2024-07-22	深交所	2019-01-28	2024-07-19	2024-07-22	6.47	5.92	20180720-20190719,票面利率:0.40%;20190720-20200719,票面利率:0.60%;20200720-20210719,票面利率:1.00%;20210720-20220719,票面利率:1.50%;20220720-20230719,票面利率:1.80%;20230720-20240719,票面利率:2.00%	106.0	AA-	AA-	上海新世纪资信评估投资服务有限公司
123013.SZ	宁波横河模具股份有限公司公开发行可转换公司债券	横河转债		300539.SZ	横河精密	6.0	100.0	100.0	140000000.0	0.0	2018-07-26	2024-07-26		2.5	7.5	1	2018-08-20	2024-07-29	深交所	2019-02-01	2024-07-26	2024-07-29	9.26	8.8	20180726-20190725,票面利率:0.50%;20190726-20200725,票面利率:0.80%;20200726-20210725,票面利率:1.20%;20210726-20220725,票面利率:1.80%;20220726-20230725,票面利率:2.20%;20230726-20240725,票面利率:2.50%	110.0	A+	A+	上海新世纪资信评估投资服务有限公司
123014.SZ	天津凯发电气股份有限公司公开发行可转换公司债券	凯发转债		300407.SZ	凯发电气	5.0	100.0	100.0	349894800.0	0.0	2018-07-27	2023-07-27		2.0	4.0	1	2018-08-21	2023-07-28	深交所	2019-02-11	2023-07-27	2023-07-28	8.15	7.98	20180727-20190726,票面利率:0.40%;20190727-20200726,票面利率:0.60%;20200727-20210726,票面利率:1.00%;20210727-20220726,票面利率:1.50%;20220727-20230726,票面利率:2.00%	106.0	A+	A+	联合资信评估股份有限公司
123015.SZ	蓝盾信息安全技术股份有限公司公开发行可转换公司债券	蓝盾转退		300297.SZ	蓝盾退	6.0	100.0	100.0	538000000.0	99994800.0	2018-08-13	2024-08-13		1.8	6.0	1	2018-09-13	2023-07-31	深交所	2019-02-18	2024-08-12	2023-07-31	7.89	0.84	20180813-20190812,票面利率:0.40%;20190813-20200812,票面利率:0.60%;20200813-20210812,票面利率:1.00%;20210813-20220812,票面利率:1.50%;20220813-20230730,票面利率:1.80%	108.0	AA	CC	联合资信评估股份有限公司
123016.SZ	深圳市洲明科技股份有限公司公开发行可转换公司债券	洲明转债		300232.SZ	洲明科技	6.0	100.0	100.0	548034600.0	0.0	2018-11-07	2024-11-07		0.8	8.0	1	2018-12-03	2020-03-20	深交所	2019-05-13	2024-11-06	2020-03-12	9.45	7.82	20181107-20191106,票面利率:0.50%;20191107-20200311,票面利率:0.80%	110.0	AA-	AA-	中诚信证评数据科技有限公司
123017.SZ	南京寒锐钴业股份有限公司创业板公开发行可转换公司债券	寒锐转债		300618.SZ	寒锐钴业	6.0	100.0	100.0	440000000.0	0.0	2018-11-20	2024-11-20		1.0	4.0	1	2018-12-24	2021-03-04	深交所	2019-05-27	2024-11-19	2021-02-24	81.49	57.4	20181120-20191119,票面利率:0.30%;20191120-20201119,票面利率:0.50%;20201120-20210223,票面利率:1.00%	106.0	AA-	AA-	联合信用评级有限公司
123018.SZ	广东溢多利生物科技股份有限公司公开发行可转换公司债券	溢利转债		300381.SZ	溢多利	6.0	100.0	100.0	664967700.0	0.0	2018-12-20	2024-12-20		2.0	8.0	1	2019-01-23	2024-12-23	深交所	2019-06-26	2024-12-20	2024-12-23	8.41	7.99	20181220-20191219,票面利率:0.40%;20191220-20201219,票面利率:0.60%;20201220-20211219,票面利率:1.00%;20211220-20221219,票面利率:1.50%;20221220-20231219,票面利率:1.80%;20231220-20241219,票面利率:2.00%	110.0	AA-	AA-	上海新世纪资信评估投资服务有限公司
123019.SZ	苏州中来光伏新材股份有限公司创业板公开发行可转换公司债券	中来转债		300393.SZ	中来股份	6.0	100.0	100.0	1000000000.0	0.0	2019-02-25	2025-02-25		0.7	14.5	1	2019-03-22	2020-04-03	深交所	2019-09-02	2025-02-24	2020-03-26	20.41	13.29	20190225-20200224,票面利率:0.50%;20200225-20200325,票面利率:0.70%	118.0	AA-	AA-	中诚信证评数据科技有限公司
123020.SZ	江西富祥药业股份有限公司公开发行可转换公司债券	富祥转债		300497.SZ	富祥股份	6.0	100.0	100.0	420000000.0	0.0	2019-03-01	2025-03-01		0.8	12.0	1	2019-03-29	2020-09-14	深交所	2019-09-09	2025-02-28	2020-09-04	18.05	9.28	20190301-20200229,票面利率:0.60%;20200301-20200903,票面利率:0.80%	115.0	AA-	AA-	中诚信国际信用评级有限责任公司
123021.SZ	万达信息股份有限公司创业板公开发行可转换公司债券	万信转2		300168.SZ	万达信息	6.0	100.0	100.0	1200000000.0	0.0	2019-03-04	2025-03-04		0.6	11.0	1	2019-03-25	2020-04-22	深交所	2019-09-09	2025-03-03	2020-04-14	13.62	13.6	20190304-20200303,票面利率:0.40%;20200304-20200413,票面利率:0.60%	113.0	AA	AA	中诚信证评数据科技有限公司
123022.SZ	芜湖长信科技股份有限公司创业板公开发行可转换公司债券	长信转债		300088.SZ	长信科技	6.0	100.0	100.0	1230000000.0	0.0	2019-03-18	2025-03-18		2.0	8.0	1	2019-04-10	2025-03-19	深交所	2019-09-23	2025-03-18	2025-03-19	6.38	5.83	20190318-20200317,票面利率:0.40%;20200318-20210317,票面利率:0.60%;20210318-20220317,票面利率:1.00%;20220318-20230317,票面利率:1.50%;20230318-20240317,票面利率:1.80%;20240318-20250317,票面利率:2.00%	110.0	AA	AA	大公国际资信评估有限公司
123023.SZ	广州迪森热能技术股份有限公司可转换公司债券	迪森转债		300335.SZ	迪森股份	6.0	100.0	100.0	600000000.0	0.0	2019-03-20	2025-03-20		1.5	8.0	1	2019-04-16	2022-10-10	深交所	2019-09-27	2025-03-19	2022-09-23	7.39	4.58	20190320-20200319,票面利率:0.40%;20200320-20210319,票面利率:0.60%;20210320-20220319,票面利率:1.00%;20220320-20220922,票面利率:1.50%	110.0	AA	AA-	上海新世纪资信评估投资服务有限公司
123024.SZ	长沙岱勒新材料科技股份有限公司创业板公开发行可转换公司债券	岱勒转债		300700.SZ	岱勒新材	5.0	100.0	100.0	210000000.0	0.0	2019-03-21	2024-03-21		1.5	8.2	1	2019-04-17	2022-03-30	深交所	2019-09-27	2024-03-20	2022-03-22	24.9	14.1	20190321-20200320,票面利率:0.40%;20200321-20210320,票面利率:0.50%;20210321-20220320,票面利率:1.00%;20220321-20220321,票面利率:1.50%	110.0	A+	A+	中证鹏元资信评估股份有限公司
123025.SZ	武汉精测电子集团股份有限公司公开发行可转换公司债券	精测转债		300567.SZ	精测电子	6.0	100.0	100.0	375000000.0	0.0	2019-03-29	2025-03-29		2.5	9.5	1	2019-04-19	2025-03-31	深交所	2019-10-08	2025-03-29	2025-03-31	75.88	48.68	20190329-20200328,票面利率:0.50%;20200329-20210328,票面利率:0.80%;20210329-20220328,票面利率:1.00%;20220329-20230328,票面利率:1.50%;20230329-20240328,票面利率:2.00%;20240329-20250328,票面利率:2.50%	112.0	AA-	AA-k	中诚信国际信用评级有限责任公司
123026.SZ	安徽中环环保科技股份有限公司公开发行可转换公司债券	中环转债		300692.SZ	中赋科技	5.0	100.0	100.0	290000000.0	0.0	2019-06-10	2024-06-10		0.8	3.0	1	2019-07-01	2020-12-23	深交所	2019-12-16	2024-06-09	2020-12-15	12.31	12.51	20190610-20200609,票面利率:0.50%;20200610-20201214,票面利率:0.80%	106.0	AA-	AA-	中证鹏元资信评估股份有限公司
123027.SZ	西安蓝晓科技新材料股份有限公司创业板公开发行可转换公司债券	蓝晓转债		300487.SZ	蓝晓科技	6.0	100.0	100.0	340000000.0	0.0	2019-06-11	2025-06-11		2.0	10.0	1	2019-07-04	2022-11-01	深交所	2019-12-17	2025-06-10	2022-10-24	29.59	19.07	20190611-20200610,票面利率:0.50%;20200611-20210610,票面利率:0.70%;20210611-20220610,票面利率:1.30%;20220611-20221023,票面利率:2.00%	113.0	A+	A+	上海新世纪资信评估投资服务有限公司
123028.SZ	河南清水源科技股份有限公司创业板公开发行可转换公司债券	清水转债		300437.SZ	清水源	6.0	100.0	100.0	490000000.0	0.0	2019-06-19	2025-06-19		1.5	12.0	1	2019-07-15	2021-12-08	深交所	2019-12-25	2025-06-18	2021-11-30	11.95	11.84	20190619-20200618,票面利率:0.60%;20200619-20210618,票面利率:0.80%;20210619-20211129,票面利率:1.50%	115.0	AA-	A+	东方金诚国际信用评估有限公司
123029.SZ	山东英科医疗用品股份有限公司创业板公开发行可转换公司债券	英科转债		300677.SZ	英科医疗	6.0	100.0	100.0	470000000.0	0.0	2019-08-16	2025-08-16		4.0	24.0	1	2019-09-10	2025-08-18	深交所	2020-02-24	2025-08-15	2025-08-18	16.25	3.42	20190816-20200815,票面利率:0.50%;20200816-20210815,票面利率:0.80%;20210816-20220815,票面利率:2.60%;20220816-20230815,票面利率:3.30%;20230816-20240815,票面利率:3.50%;20240816-20250815,票面利率:4.00%	128.0	AA-	AA	上海新世纪资信评估投资服务有限公司
123030.SZ	哈尔滨九洲电气股份有限公司创业板公开发行可转换公司债券	九洲转债		300040.SZ	九洲集团	6.0	100.0	100.0	308000000.0	0.0	2019-08-20	2025-08-20		1.0	12.0	1	2019-09-12	2021-09-27	深交所	2020-02-27	2025-08-19	2021-09-15	5.7	4.0	20190820-20200819,票面利率:0.50%;20200820-20210819,票面利率:0.70%;20210820-20210914,票面利率:1.00%	115.0	AA-	AA-	联合资信评估股份有限公司
123031.SZ	苏州晶瑞化学股份有限公司可转换公司债券	晶瑞转债		300655.SZ	晶瑞电材	6.0	100.0	100.0	185000000.0	0.0	2019-08-29	2025-08-29		2.0	9.0	1	2019-09-26	2025-08-29	深交所	2020-03-05	2025-08-28	2025-08-29	18.38	3.79	20190829-20200828,票面利率:0.40%;20200829-20210828,票面利率:0.50%;20210829-20220828,票面利率:1.00%;20220829-20230828,票面利率:1.50%;20230829-20240828,票面利率:1.80%;20240829-20250828,票面利率:2.00%	111.0	A+	A+	中诚信国际信用评级有限责任公司
123032.SZ	广东万里马实业股份有限公司公开发行可转换公司债券	万里转债		300591.SZ	万里马	6.0	100.0	100.0	180290000.0	0.0	2019-10-11	2025-10-11		1.5	18.0	1	2019-10-31	2020-12-09	深交所	2020-04-17	2025-10-10	2020-12-01	6.92	6.89	20191011-20201010,票面利率:0.80%;20201011-20201130,票面利率:1.50%	122.0	A+	A+	中证鹏元资信评估股份有限公司
123033.SZ	江西金力永磁科技股份有限公司公开发行可转换公司债券	金力转债		300748.SZ	金力永磁	6.0	100.0	100.0	435000000.0	0.0	2019-11-01	2025-11-01		1.0	10.0	1	2019-11-25	2021-09-08	深交所	2020-05-07	2025-10-31	2021-08-31	41.2	25.3	20191101-20201031,票面利率:0.40%;20201101-20210830,票面利率:1.00%	114.0	AA-	AA-	中证鹏元资信评估股份有限公司
123034.SZ	江苏通光电子线缆股份有限公司可转换公司债券	通光转债		300265.SZ	通光线缆	6.0	100.0	100.0	297000000.0	0.0	2019-11-04	2025-11-04		2.5	10.5	1	2019-11-28	2025-11-04	深交所	2020-05-08	2025-11-03	2025-11-04	7.98	7.88	20191104-20201103,票面利率:0.50%;20201104-20211103,票面利率:0.70%;20211104-20221103,票面利率:1.00%;20221104-20231103,票面利率:1.50%;20231104-20241103,票面利率:1.80%;20241104-20251103,票面利率:2.50%	113.0	A+	A+	联合资信评估股份有限公司
123035.SZ	利亚德光电股份有限公司创业板公开发行可转换公司债券	利德转债		300296.SZ	利亚德	6.0	100.0	100.0	800000000.0	0.0	2019-11-14	2025-11-14		2.0	8.0	1	2019-12-09	2025-01-20	深交所	2020-05-20	2025-11-13	2025-01-10	7.04	4.27	20191114-20201113,票面利率:0.50%;20201114-20211113,票面利率:0.80%;20211114-20221113,票面利率:1.00%;20221114-20231113,票面利率:1.50%;20231114-20241113,票面利率:1.80%;20241114-20250109,票面利率:2.00%	110.0	AA+	AA+	联合资信评估股份有限公司
123036.SZ	无锡先导智能装备股份有限公司公开发行可转换公司债券	先导转债		300450.SZ	先导智能	6.0	100.0	100.0	1000000000.0	0.0	2019-12-11	2025-12-11		0.3	8.0	1	2020-01-10	2020-12-18	深交所	2020-06-17	2025-12-10	2020-12-10	39.15	38.97	20191211-20201209,票面利率:0.30%	110.0	AA	AA	上海新世纪资信评估投资服务有限公司
123037.SZ	昆山新莱洁净应用材料股份有限公司创业板公开发行可转换公司债券	新莱转债		300260.SZ	新莱应材	6.0	100.0	100.0	280000000.0	0.0	2019-12-19	2025-12-19		0.5	9.4	1	2020-01-22	2020-09-21	深交所	2020-06-29	2025-12-18	2020-09-11	11.18	11.08	20191219-20200910,票面利率:0.50%	112.0	A+	A+	联合信用评级有限公司
123038.SZ	深圳市联得自动化装备股份有限公司公开发行可转换公司债券	联得转债		300545.SZ	联得装备	6.0	100.0	100.0	200000000.0	0.0	2019-12-25	2025-12-25		2.7	10.3	1	2020-01-22	2025-08-20	深交所	2020-07-01	2025-12-24	2025-08-12	25.39	23.55	20191225-20201224,票面利率:0.50%;20201225-20211224,票面利率:0.70%;20211225-20221224,票面利率:1.10%;20221225-20231224,票面利率:1.70%;20231225-20241224,票面利率:2.10%;20241225-20250811,票面利率:2.70%	113.0	A+	A+	联合资信评估股份有限公司
123039.SZ	安徽开润股份有限公司创业板公开发行可转换公司债券	开润转债		300577.SZ	开润股份	6.0	100.0	100.0	223000000.0	0.0	2019-12-26	2025-12-26		2.8	12.2	1	2020-01-23	2025-12-26	深交所	2020-07-02	2025-12-25	2025-12-26	33.34	29.15	20191226-20201225,票面利率:0.50%;20201226-20211225,票面利率:0.70%;20211226-20221225,票面利率:1.20%;20221226-20231225,票面利率:1.80%;20231226-20241225,票面利率:2.30%;20241226-20251225,票面利率:2.80%	115.0	A+	A+	中诚信国际信用评级有限责任公司
123040.SZ	乐普(北京)医疗器械股份有限公司公开发行可转换公司债券	乐普转债		300003.SZ	乐普医疗	5.0	100.0	100.0	750000000.0	0.0	2020-01-03	2025-01-03		0.3	6.0	1	2020-01-23	2020-08-31	深交所	2020-07-09	2025-01-02	2020-08-20	32.39	32.19	20200103-20200819,票面利率:0.30%	107.8	AA+	AA+	中诚信国际信用评级有限责任公司
123041.SZ	东方财富信息股份有限公司创业板公开发行可转换公司债券	东财转2		300059.SZ	东方财富	6.0	100.0	100.0	7300000000.0	0.0	2020-01-13	2026-01-13		0.2	5.0	1	2020-02-14	2020-09-07	深交所	2020-07-17	2026-01-12	2020-08-28	15.78	13.13	20200113-20200827,票面利率:0.20%	107.0	AA+	AA+	中诚信国际信用评级有限责任公司
123042.SZ	佛山市金银河智能装备股份有限公司可转换公司债券	银河转债		300619.SZ	金银河	6.0	100.0	100.0	166660000.0	0.0	2020-01-14	2026-01-14		1.1	7.5	1	2020-02-14	2022-03-07	深交所	2020-07-20	2026-01-13	2022-02-25	24.46	23.59	20200114-20210113,票面利率:0.50%;20210114-20220113,票面利率:0.80%;20220114-20220224,票面利率:1.10%	110.0	A+	A+	中证鹏元资信评估股份有限公司
123043.SZ	浙江正元智慧科技股份有限公司创业板公开发行可转换公司债券	正元转债		300645.SZ	正元智慧	6.0	100.0	100.0	175000000.0	0.0	2020-03-05	2026-03-05		0.7	12.5	1	2020-03-31	2022-02-28	深交所	2020-09-11	2026-03-04	2022-02-18	15.47	15.38	20200305-20210304,票面利率:0.50%;20210305-20220217,票面利率:0.70%	115.0	A+	A+	东方金诚国际信用评估有限公司
123044.SZ	红相股份有限公司创业板公开发行可转换公司债券	红相转债		300427.SZ	红相股份	6.0	100.0	100.0	585000000.0	0.0	2020-03-12	2026-03-12		3.0	14.5	1	2020-04-13	2024-12-11	深交所	2020-09-18	2026-03-11	2024-12-03	18.93	3.7	20200312-20210311,票面利率:0.50%;20210312-20220311,票面利率:0.80%;20220312-20230311,票面利率:1.40%;20230312-20240311,票面利率:1.80%;20240312-20241202,票面利率:3.00%	118.0	AA-	A-	联合资信评估股份有限公司
123045.SZ	杭州雷迪克节能科技股份有限公司创业板公开发行可转换公司债券	雷迪转债		300652.SZ	雷迪克	6.0	100.0	100.0	288500000.0	0.0	2020-03-12	2026-03-12		1.2	10.5	1	2020-04-13	2022-09-09	深交所	2020-09-18	2026-03-11	2022-09-01	20.38	19.33	20200312-20210311,票面利率:0.50%;20210312-20220311,票面利率:0.70%;20220312-20220831,票面利率:1.20%	113.0	A+	A+	中诚信国际信用评级有限责任公司
123046.SZ	浙江天铁实业股份有限公司可转换公司债券	天铁转债		300587.SZ	天铁科技	6.0	100.0	100.0	399000000.0	0.0	2020-03-19	2026-03-19		1.5	9.0	1	2020-04-17	2023-10-17	深交所	2020-09-25	2026-03-18	2023-10-09	17.35	3.91	20200319-20210318,票面利率:0.50%;20210319-20220318,票面利率:0.70%;20220319-20230318,票面利率:1.00%;20230319-20231008,票面利率:1.50%	112.0	AA-	AA-	上海新世纪资信评估投资服务有限公司
123047.SZ	江苏久吾高科技股份有限公司创业板公开发行可转换公司债券	久吾转债		300631.SZ	久吾高科	6.0	100.0	100.0	254000000.0	0.0	2020-03-20	2026-03-20		0.8	17.0	1	2020-04-17	2021-10-29	深交所	2020-09-28	2026-03-19	2021-10-21	17.76	17.43	20200320-20210319,票面利率:0.50%;20210320-20211020,票面利率:0.80%	121.0	A+	A+	上海新世纪资信评估投资服务有限公司
123048.SZ	中国船舶重工集团应急预警与救援装备股份有限公司创业板公开发行可转换公司债券	应急转债		300527.SZ	ST应急	6.0	100.0	100.0	818931200.0	0.0	2020-04-10	2026-04-10		2.0	6.0	1	2020-05-11	2025-09-05	深交所	2020-10-16	2026-04-09	2025-08-28	8.9	7.06	20200410-20210409,票面利率:0.30%;20210410-20220409,票面利率:0.50%;20220410-20230409,票面利率:1.00%;20230410-20240409,票面利率:1.50%;20240410-20250409,票面利率:1.80%;20250410-20250827,票面利率:2.00%	108.0	AA+	AA+	东方金诚国际信用评估有限公司
123049.SZ	维尔利环保科技集团股份有限公司公开发行可转换公司债券	维尔转债		300190.SZ	维尔利	6.0	100.0	100.0	917238700.0	0.0	2020-04-13	2026-04-13		3.0	15.0	1	2020-05-12	2026-04-13	深交所	2020-10-19	2026-04-12	2026-04-13	7.58	3.55	20200413-20210412,票面利率:0.50%;20210413-20220412,票面利率:0.80%;20220413-20230412,票面利率:1.20%;20230413-20240412,票面利率:1.80%;20240413-20250412,票面利率:2.50%;20250413-20260412,票面利率:3.00%	118.0	A-	A-	广州普策信用评价有限公司
123050.SZ	深圳市聚飞光电股份有限公司创业板公开发行可转换公司债券	聚飞转债		300303.SZ	聚飞光电	6.0	100.0	100.0	704688100.0	0.0	2020-04-14	2026-04-14		2.5	14.5	1	2020-05-15	2024-12-09	深交所	2020-10-20	2026-04-13	2024-11-29	5.28	4.77	20200414-20210413,票面利率:0.40%;20210414-20220413,票面利率:0.80%;20220414-20230413,票面利率:1.00%;20230414-20240413,票面利率:1.50%;20240414-20241128,票面利率:2.50%	118.0	AA-	AA-	中证鹏元资信评估股份有限公司
123051.SZ	深圳市今天国际物流技术股份有限公司创业板公开发行可转换公司债券	今天转债		300532.SZ	今天国际	6.0	100.0	100.0	280000000.0	0.0	2020-06-04	2026-06-04		0.8	13.0	1	2020-06-30	2021-10-25	深交所	2020-12-10	2026-06-03	2021-10-15	8.8	8.7	20200604-20210603,票面利率:0.50%;20210604-20211014,票面利率:0.80%	116.0	A+	A+	联合资信评估股份有限公司
123052.SZ	株洲飞鹿高新材料技术股份有限公司创业板公开发行可转换公司债券	飞鹿转债		300665.SZ	飞鹿股份	6.0	100.0	100.0	177000000.0	0.0	2020-06-05	2026-06-05		3.0	17.0	1	2020-07-03	2025-08-19	深交所	2020-12-11	2026-06-04	2025-08-11	9.9	6.08	20200605-20210604,票面利率:0.50%;20210605-20220604,票面利率:0.80%;20220605-20230604,票面利率:1.50%;20230605-20240604,票面利率:2.00%;20240605-20250604,票面利率:2.50%;20250605-20250810,票面利率:3.00%	120.0	A+	A	联合资信评估股份有限公司
123053.SZ	无锡宝通科技股份有限公司公开发行可转换公司债券	宝通转债		300031.SZ	宝通科技	6.0	100.0	100.0	500000000.0	0.0	2020-06-05	2026-06-05		0.8	11.5	1	2020-07-01	2022-01-11	深交所	2020-12-11	2026-06-04	2021-12-31	20.8	20.73	20200605-20210604,票面利率:0.50%;20210605-20211230,票面利率:0.80%	115.0	AA-	AA-	联合资信评估股份有限公司
123054.SZ	北京思特奇信息技术股份有限公司创业板公开发行可转换公司债券	思特转债		300608.SZ	思特奇	6.0	100.0	100.0	271000000.0	0.0	2020-06-10	2026-06-10		3.0	12.0	1	2020-07-06	2026-06-09	深交所	2020-12-16	2026-06-09	2026-05-29	16.49	9.88	20200610-20210609,票面利率:0.50%;20210610-20220609,票面利率:0.70%;20220610-20230609,票面利率:1.20%;20230610-20240609,票面利率:1.80%;20240610-20250609,票面利率:2.50%;20250610-20260528,票面利率:3.00%	115.0	AA-	AA-	上海新世纪资信评估投资服务有限公司
123055.SZ	晨光生物科技集团股份有限公司创业板公开发行可转换公司债券	晨光转债		300138.SZ	晨光生物	6.0	100.0	100.0	630000000.0	0.0	2020-06-17	2026-06-17		0.5	15.0	1	2020-07-13	2021-03-05	深交所	2020-12-23	2026-06-16	2021-02-25	12.25	12.25	20200617-20210224,票面利率:0.50%	118.0	AA-	AA-	中证鹏元资信评估股份有限公司
123056.SZ	上海雪榕生物科技股份有限公司创业板公开发行可转换公司债券	雪榕转债		300511.SZ	雪榕生物	6.0	100.0	100.0	585000000.0	0.0	2020-06-24	2026-06-24		3.0	12.0	1	2020-07-24	2025-10-23	深交所	2021-01-04	2026-06-23	2025-10-15	11.89	4.1	20200624-20210623,票面利率:0.40%;20210624-20220623,票面利率:0.70%;20220624-20230623,票面利率:1.00%;20230624-20240623,票面利率:1.50%;20240624-20250623,票面利率:2.50%;20250624-20251014,票面利率:3.00%	115.0	AA-	A	中诚信国际信用评级有限责任公司
123057.SZ	广东美联新材料股份有限公司公开发行可转换公司债券	美联转债		300586.SZ	美联新材	6.0	100.0	100.0	206740000.0	0.0	2020-07-01	2026-07-01		1.0	9.0	1	2020-07-27	2023-04-21	深交所	2021-01-07	2026-06-30	2023-04-13	9.91	9.5	20200701-20210630,票面利率:0.40%;20210701-20220630,票面利率:0.80%;20220701-20230412,票面利率:1.00%	112.0	AA-	AA-	中证鹏元资信评估股份有限公司
123058.SZ	欣旺达电子股份有限公司创业板公开发行可转换公司债券	欣旺转债		300207.SZ	欣旺达	6.0	100.0	100.0	1120000000.0	0.0	2020-07-14	2026-07-14		0.4	9.0	1	2020-08-07	2021-07-14	深交所	2021-01-20	2026-07-13	2021-07-06	21.28	21.17	20200714-20210705,票面利率:0.40%	111.0	AA	AA	中诚信国际信用评级有限责任公司
123059.SZ	北京银信长远科技股份有限公司创业板公开发行可转换公司债券	银信转债		300231.SZ	银信科技	6.0	100.0	100.0	391400000.0	156666800.0	2020-07-15	2026-07-15		3.5	14.5	1	2020-08-12	1970-01-01	深交所	2021-01-21	2026-07-14	2026-07-15	9.91	9.0	20200715-20210714,票面利率:0.40%;20210715-20220714,票面利率:0.70%;20220715-20230714,票面利率:1.00%;20230715-20240714,票面利率:1.50%;20240715-20250714,票面利率:2.50%;20250715-20260714,票面利率:3.50%	118.0	AA-	AA-	联合资信评估股份有限公司
123060.SZ	苏州苏试试验集团股份有限公司创业板公开发行可转换公司债券	苏试转债		300416.SZ	苏试试验	6.0	100.0	100.0	310000000.0	0.0	2020-07-21	2026-07-21		1.0	9.5	1	2020-08-17	2023-01-30	深交所	2021-01-27	2026-07-20	2023-01-13	23.86	14.54	20200721-20210720,票面利率:0.40%;20210721-20220720,票面利率:0.70%;20220721-20230112,票面利率:1.00%	112.0	AA-	AA-	中证鹏元资信评估股份有限公司
123061.SZ	广州航新航空科技股份有限公司创业板公开发行可转换公司债券	航新转债		300424.SZ	航新科技	6.0	100.0	100.0	250000000.0	95147700.0	2020-07-22	2026-07-22		3.0	15.0	1	2020-08-18	1970-01-01	深交所	2021-01-28	2026-07-21	2026-07-08	14.86	14.82	20200722-20210721,票面利率:0.50%;20210722-20220721,票面利率:0.80%;20220722-20230721,票面利率:1.20%;20230722-20240721,票面利率:1.80%;20240722-20250721,票面利率:2.50%;20250722-20260707,票面利率:3.00%	118.0	AA-	BBB	上海新世纪资信评估投资服务有限公司
123062.SZ	南京三超新材料股份有限公司创业板公开发行可转换公司债券	三超转债		300554.SZ	三超新材	6.0	100.0	100.0	195000000.0	0.0	2020-07-27	2026-07-27		1.0	10.0	1	2020-08-17	2022-09-23	深交所	2021-02-01	2026-07-26	2022-09-15	17.17	17.13	20200727-20210726,票面利率:0.50%;20210727-20220726,票面利率:0.70%;20220727-20220914,票面利率:1.00%	113.0	A	A	东方金诚国际信用评估有限公司
123063.SZ	大禹节水集团股份有限公司创业板公开发行可转换公司债券	大禹转债		300021.SZ	大禹节水	6.0	100.0	100.0	638000000.0	0.0	2020-07-28	2026-07-28		3.0	17.0	1	2020-08-20	2025-08-29	深交所	2021-02-03	2026-07-27	2025-08-21	4.94	3.66	20200728-20210727,票面利率:0.40%;20210728-20220727,票面利率:0.60%;20220728-20230727,票面利率:1.20%;20230728-20240727,票面利率:1.80%;20240728-20250727,票面利率:2.50%;20250728-20250820,票面利率:3.00%	120.0	AA-	AA-	中证鹏元资信评估股份有限公司
123064.SZ	广州万孚生物技术股份有限公司向不特定对象发行可转换公司债券	万孚转债		300482.SZ	万孚生物	6.0	100.0	100.0	600000000.0	597602000.0	2020-09-01	2026-09-01		2.0	8.0	1	2020-09-23	1970-01-01	深交所	2021-03-08	2026-08-31	1970-01-01	93.55	20.88	20200901-20210831,票面利率:0.30%;20210901-20220831,票面利率:0.50%;20220901-20230831,票面利率:1.00%;20230901-20240831,票面利率:1.50%;20240901-20250831,票面利率:1.80%;20250901-20260831,票面利率:2.00%	110.0	AA	AA	中证鹏元资信评估股份有限公司
123065.SZ	广东宝莱特医用科技股份有限公司创业板向不特定对象发行可转换公司债券	宝莱转债		300246.SZ	宝莱特	6.0	100.0	100.0	219000000.0	218031200.0	2020-09-04	2026-09-04		3.5	11.5	1	2020-09-24	1970-01-01	深交所	2021-03-11	2026-09-03	1970-01-01	40.54	18.3	20200904-20210903,票面利率:0.40%;20210904-20220903,票面利率:0.70%;20220904-20230903,票面利率:1.00%;20230904-20240903,票面利率:1.80%;20240904-20250903,票面利率:2.50%;20250904-20260903,票面利率:3.50%	115.0	AA-	AA-	中证鹏元资信评估股份有限公司
123066.SZ	广州赛意信息科技股份有限公司创业板向不特定对象发行可转换公司债券	赛意转债		300687.SZ	赛意信息	6.0	100.0	100.0	320000000.0	0.0	2020-09-16	2026-09-16		0.4	11.5	1	2020-10-15	2021-08-24	深交所	2021-03-22	2026-09-15	2021-08-16	22.58	14.01	20200916-20210815,票面利率:0.40%	115.0	A+	A+	中证鹏元资信评估股份有限公司
123067.SZ	苏州斯莱克精密设备股份有限公司创业板向不特定对象发行可转换公司债券	斯莱转债		300382.SZ	斯莱克	6.0	100.0	100.0	388000000.0	0.0	2020-09-17	2026-09-17		2.5	12.0	1	2020-10-15	2025-03-31	深交所	2021-03-23	2026-09-16	2025-03-21	9.38	9.51	20200917-20210916,票面利率:0.40%;20210917-20220916,票面利率:0.80%;20220917-20230916,票面利率:1.00%;20230917-20240916,票面利率:1.50%;20240917-20250320,票面利率:2.50%	115.0	AA-	AA-	中证鹏元资信评估股份有限公司
123068.SZ	厦门弘信电子科技集团股份有限公司创业板向不特定对象发行可转换公司债券	弘信转债		300657.SZ	弘信电子	6.0	100.0	100.0	570000000.0	0.0	2020-10-15	2026-10-15		0.4	12.0	1	2020-11-04	2021-10-20	深交所	2021-04-21	2026-10-14	2021-10-12	18.45	15.34	20201015-20211011,票面利率:0.40%	115.0	AA-	AA-	中证鹏元资信评估股份有限公司
123069.SZ	昆明川金诺化工股份有限公司向不特定对象发行可转换公司债券	金诺转债		300505.SZ	川金诺	6.0	100.0	100.0	368000000.0	0.0	2020-10-16	2026-10-16		0.6	17.0	1	2020-11-05	2021-11-16	深交所	2021-04-22	2026-10-15	2021-11-08	19.15	19.09	20201016-20211015,票面利率:0.40%;20211016-20211107,票面利率:0.60%	120.0	AA-	AA-	中证鹏元资信评估股份有限公司
123070.SZ	广州鹏辉能源科技股份有限公司向不特定对象发行可转换公司债券	鹏辉转债		300438.SZ	鹏辉能源	6.0	100.0	100.0	890000000.0	0.0	2020-10-20	2026-10-20		0.5	8.0	1	2020-11-06	2022-08-08	深交所	2021-04-26	2026-10-19	2022-07-29	20.16	20.03	20201020-20211019,票面利率:0.30%;20211020-20220728,票面利率:0.50%	110.0	AA	AA	中证鹏元资信评估股份有限公司
123071.SZ	青岛天能重工股份有限公司创业板向不特定对象发行可转换公司债券	天能转债		300569.SZ	天能重工	6.0	100.0	100.0	700000000.0	693664400.0	2020-10-21	2026-10-21		3.0	12.0	1	2020-11-25	1970-01-01	深交所	2021-04-27	2026-10-20	1970-01-01	20.05	6.68	20201021-20211020,票面利率:0.40%;20211021-20221020,票面利率:0.60%;20221021-20231020,票面利率:1.00%;20231021-20241020,票面利率:1.60%;20241021-20251020,票面利率:2.50%;20251021-20261020,票面利率:3.00%	115.0	AA-	AA-	联合资信评估股份有限公司
123072.SZ	乐歌人体工学科技股份有限公司向不特定对象发行可转换公司债券	乐歌转债		300729.SZ	乐歌股份	6.0	100.0	100.0	142000000.0	141782800.0	2020-10-21	2026-10-21		4.0	16.0	1	2020-11-10	1970-01-01	深交所	2021-04-27	2026-10-20	1970-01-01	73.13	32.61	20201021-20211020,票面利率:0.50%;20211021-20221020,票面利率:0.80%;20221021-20231020,票面利率:1.80%;20231021-20241020,票面利率:3.00%;20241021-20251020,票面利率:3.50%;20251021-20261020,票面利率:4.00%	120.0	A+	A+	联合资信评估股份有限公司
123073.SZ	江西同和药业股份有限公司向不特定对象发行A股可转换公司债券	同和转债		300636.SZ	同和药业	6.0	100.0	100.0	360000000.0	0.0	2020-10-26	2026-10-26		0.7	13.2	1	2020-11-16	2022-08-24	深交所	2021-05-03	2026-10-25	2022-08-16	36.34	9.81	20201026-20211025,票面利率:0.50%;20211026-20220815,票面利率:0.70%	116.0	A+	A+	中证鹏元资信评估股份有限公司
123074.SZ	深圳市隆利科技股份有限公司创业板向不特定对象发行可转换公司债券	隆利转债		300752.SZ	隆利科技	6.0	100.0	100.0	324500000.0	0.0	2020-10-29	2026-10-29		0.6	15.0	1	2020-11-16	2021-12-24	深交所	2021-05-06	2026-10-28	2021-12-16	29.53	18.34	20201029-20211028,票面利率:0.40%;20211029-20211215,票面利率:0.60%	118.0	AA-	AA-	中证鹏元资信评估股份有限公司
123075.SZ	无锡贝斯特精机股份有限公司创业板向不特定对象发行可转换公司债券	贝斯转债		300580.SZ	贝斯特	6.0	100.0	100.0	600000000.0	0.0	2020-11-02	2026-11-02		1.0	7.5	1	2020-11-23	2023-08-07	深交所	2021-05-06	2026-11-01	2023-07-28	23.99	15.44	20201102-20211101,票面利率:0.40%;20211102-20221101,票面利率:0.60%;20221102-20230727,票面利率:1.00%	110.0	AA-	AA-	上海新世纪资信评估投资服务有限公司
123076.SZ	常州强力电子新材料股份有限公司创业板向不特定对象发行可转换公司债券	强力转债		300429.SZ	强力新材	6.0	100.0	100.0	850000000.0	351522200.0	2020-11-19	2026-11-19		2.0	11.0	1	2020-12-04	1970-01-01	深交所	2021-05-25	2026-11-18	1970-01-01	18.98	12.7	20201119-20211118,票面利率:0.40%;20211119-20221118,票面利率:0.60%;20221119-20231118,票面利率:1.00%;20231119-20241118,票面利率:1.50%;20241119-20251118,票面利率:2.00%;20251119-20261118,票面利率:2.00%	113.0	AA-	AA-	中证鹏元资信评估股份有限公司
123077.SZ	上海汉得信息技术股份有限公司向不特定对象发行可转换公司债券	汉得转债		300170.SZ	汉得信息	6.0	100.0	100.0	937150000.0	0.0	2020-11-23	2026-11-23		1.0	17.5	1	2020-12-15	2023-05-11	深交所	2021-05-27	2026-11-22	2023-04-28	9.72	9.82	20201123-20211122,票面利率:0.40%;20211123-20221122,票面利率:0.60%;20221123-20230427,票面利率:1.00%	120.0	AA	AA	上海新世纪资信评估投资服务有限公司
123078.SZ	上海飞凯光电材料股份有限公司创业板向不特定对象发行可转换公司债券	飞凯转债		300398.SZ	飞凯材料	6.0	100.0	100.0	825000000.0	0.0	2020-11-27	2026-11-27		1.8	8.0	1	2020-12-16	2025-05-30	深交所	2021-06-03	2026-11-26	2025-05-22	19.34	15.3	20201127-20211126,票面利率:0.30%;20211127-20221126,票面利率:0.60%;20221127-20231126,票面利率:1.00%;20231127-20241126,票面利率:1.50%;20241127-20250521,票面利率:1.80%	110.0	AA	AA-	上海新世纪资信评估投资服务有限公司
123079.SZ	浙江运达风电股份有限公司向不特定对象发行可转换公司债券	运达转债		300772.SZ	运达股份	6.0	100.0	100.0	577000000.0	0.0	2020-12-01	2026-12-01		0.3	8.0	1	2020-12-25	2021-09-17	深交所	2021-06-07	2026-11-30	2021-09-09	15.31	15.12	20201201-20210908,票面利率:0.30%	110.0	AA	AA	中诚信国际信用评级有限责任公司
123080.SZ	海波重型工程科技股份有限公司向不特定对象发行可转换公司债券	海波转债		300517.SZ	海波重科	6.0	100.0	100.0	245000000.0	148547100.0	2020-12-02	2026-12-02		2.8	17.2	1	2020-12-22	1970-01-01	深交所	2021-06-08	2026-12-01	1970-01-01	20.91	11.28	20201202-20211201,票面利率:0.50%;20211202-20221201,票面利率:0.80%;20221202-20231201,票面利率:1.20%;20231202-20241201,票面利率:1.80%;20241202-20251201,票面利率:2.20%;20251202-20261201,票面利率:2.80%	120.0	A+	A+	中证鹏元资信评估股份有限公司
123081.SZ	江苏精研科技股份有限公司向不特定对象发行可转换公司债券	精研转债		300709.SZ	精研科技	6.0	100.0	100.0	570000000.0	0.0	2020-12-03	2026-12-03		0.6	12.0	1	2020-12-22	2021-12-28	深交所	2021-06-09	2026-12-02	2021-12-20	64.28	34.15	20201203-20211202,票面利率:0.40%;20211203-20211219,票面利率:0.60%	115.0	AA-	AA-	中证鹏元资信评估股份有限公司
123082.SZ	北京北陆药业股份有限公司创业板向不特定对象发行可转换公司债券	北陆转债		300016.SZ	北陆药业	6.0	100.0	100.0	500000000.0	0.0	2020-12-07	2026-12-07		2.5	12.0	1	2020-12-28	2025-08-13	深交所	2021-06-11	2026-12-06	2025-08-05	11.41	7.02	20201207-20211206,票面利率:0.50%;20211207-20221206,票面利率:0.70%;20221207-20231206,票面利率:1.20%;20231207-20241206,票面利率:1.80%;20241207-20250804,票面利率:2.50%	115.0	A+	A	东方金诚国际信用评估有限公司
123083.SZ	朗新科技集团股份有限公司创业板公开发行可转换公司债券	朗新转债		300682.SZ	朗新科技	6.0	100.0	100.0	800000000.0	0.0	2020-12-09	2026-12-09		1.0	8.0	1	2021-01-06	2023-05-04	深交所	2021-06-15	2026-12-08	2023-04-21	15.57	15.2	20201209-20211208,票面利率:0.30%;20211209-20221208,票面利率:0.50%;20221209-20230420,票面利率:1.00%	110.0	AA	AA	大公国际资信评估有限公司
123084.SZ	广州高澜节能技术股份有限公司向不特定对象发行可转换公司债券	高澜转债		300499.SZ	高澜股份	6.0	100.0	100.0	280000000.0	0.0	2020-12-10	2026-12-10		0.7	11.0	1	2021-01-08	2022-08-30	深交所	2021-06-16	2026-12-09	2022-08-22	11.36	9.01	20201210-20211209,票面利率:0.50%;20211210-20220821,票面利率:0.70%	115.0	A+	A+	中证鹏元资信评估股份有限公司
123085.SZ	汕头万顺新材集团股份有限公司向不特定对象发行可转换公司债券	万顺转2		300057.SZ	万顺新材	6.0	100.0	100.0	900000000.0	0.0	2020-12-11	2026-12-11		2.0	6.0	1	2020-12-28	2026-05-26	深交所	2021-06-17	2026-12-10	2026-05-18	6.24	4.99	20201211-20211210,票面利率:0.40%;20211211-20221210,票面利率:0.60%;20221211-20231210,票面利率:1.00%;20231211-20241210,票面利率:1.50%;20241211-20251210,票面利率:1.80%;20251211-20260517,票面利率:2.00%	108.0	AA-	AA-	上海新世纪资信评估投资服务有限公司
123086.SZ	北京海兰信数据科技股份有限公司创业板向不特定对象发行可转换公司债券	海兰转债		300065.SZ	海兰信	6.0	100.0	100.0	730000000.0	0.0	2020-12-11	2026-12-11		0.6	15.0	1	2021-02-08	2022-09-01	深交所	2021-06-17	2026-12-10	2022-08-24	15.16	7.27	20201211-20211210,票面利率:0.40%;20211211-20220823,票面利率:0.60%	118.0	AA-	AA-	联合资信评估股份有限公司
123087.SZ	深圳明阳电路科技股份有限公司向不特定对象发行可转换公司债券	明电转债		300739.SZ	明阳电路	6.0	100.0	100.0	673000000.0	0.0	2020-12-15	2026-12-15		2.5	12.0	1	2021-01-05	2025-09-17	深交所	2021-06-21	2026-12-14	2025-09-08	24.23	11.78	20201215-20211214,票面利率:0.40%;20211215-20221214,票面利率:0.80%;20221215-20231214,票面利率:1.00%;20231215-20241214,票面利率:1.50%;20241215-20250907,票面利率:2.50%	115.0	AA-	AA-	中证鹏元资信评估股份有限公司
123088.SZ	无锡威唐工业技术股份有限公司向不特定对象发行可转换公司债券	威唐转债		300707.SZ	威唐工业	6.0	100.0	100.0	301380000.0	300427500.0	2020-12-15	2026-12-15		2.8	12.2	1	2021-01-06	1970-01-01	深交所	2021-06-21	2026-12-14	1970-01-01	20.75	14.9	20201215-20211214,票面利率:0.50%;20211215-20221214,票面利率:0.70%;20221215-20231214,票面利率:1.20%;20231215-20241214,票面利率:1.80%;20241215-20251214,票面利率:2.40%;20251215-20261214,票面利率:2.80%	115.0	A+	A+	中证鹏元资信评估股份有限公司
123089.SZ	哈尔滨九洲集团股份有限公司向不特定对象发行可转换公司债券	九洲转2		300040.SZ	九洲集团	6.0	100.0	100.0	500000000.0	0.0	2020-12-21	2026-12-21		2.5	12.0	1	2021-01-08	2025-10-23	深交所	2021-06-25	2026-12-20	2025-10-15	8.0	5.44	20201221-20211220,票面利率:0.40%;20211221-20221220,票面利率:0.60%;20221221-20231220,票面利率:1.00%;20231221-20241220,票面利率:1.50%;20241221-20251014,票面利率:2.50%	115.0	AA-	AA-	联合资信评估股份有限公司
123090.SZ	三诺生物传感股份有限公司创业板向不特定对象发行可转换公司债券	三诺转债		300298.SZ	三诺生物	6.0	100.0	100.0	500000000.0	498377400.0	2020-12-21	2026-12-21		2.0	10.0	1	2021-01-12	1970-01-01	深交所	2021-06-25	2026-12-20	1970-01-01	35.35	34.52	20201221-20211220,票面利率:0.30%;20211221-20221220,票面利率:0.50%;20221221-20231220,票面利率:1.00%;20231221-20241220,票面利率:1.50%;20241221-20251220,票面利率:1.80%;20251221-20261220,票面利率:2.00%	112.0	AA	AA	中证鹏元资信评估股份有限公司
123091.SZ	江苏长海复合材料股份有限公司创业板向不特定对象发行可转换公司债券	长海转债		300196.SZ	长海股份	6.0	100.0	100.0	550000000.0	548155400.0	2020-12-23	2026-12-23		2.0	9.0	1	2021-01-15	1970-01-01	深交所	2021-06-29	2026-12-22	1970-01-01	16.24	14.99	20201223-20211222,票面利率:0.30%;20211223-20221222,票面利率:0.60%;20221223-20231222,票面利率:1.00%;20231223-20241222,票面利率:1.50%;20241223-20251222,票面利率:1.80%;20251223-20261222,票面利率:2.00%	111.0	AA	AA	中证鹏元资信评估股份有限公司
123092.SZ	天壕环境股份有限公司创业板向不特定对象发行可转换公司债券	天壕转债		300332.SZ	天壕能源	6.0	100.0	100.0	423000000.0	341672700.0	2020-12-24	2026-12-24		2.8	12.2	1	2021-01-15	1970-01-01	深交所	2021-06-30	2026-12-23	1970-01-01	5.2	4.97	20201224-20211223,票面利率:0.50%;20211224-20221223,票面利率:0.70%;20221224-20231223,票面利率:1.20%;20231224-20241223,票面利率:1.80%;20241224-20251223,票面利率:2.40%;20251224-20261223,票面利率:2.80%	115.0	A+	A+	中证鹏元资信评估股份有限公司
123093.SZ	江苏金陵体育器材股份有限公司向不特定对象发行可转换公司债券	金陵转债		300651.SZ	金陵体育	6.0	100.0	100.0	250000000.0	0.0	2021-01-19	2027-01-19		3.5	16.0	1	2021-02-18	2025-07-28	深交所	2021-07-26	2027-01-18	2025-07-18	49.29	19.85	20210119-20220118,票面利率:0.50%;20220119-20230118,票面利率:0.80%;20230119-20240118,票面利率:1.50%;20240119-20250118,票面利率:3.00%;20250119-20250717,票面利率:3.50%	120.0	A+	A+	联合资信评估股份有限公司
123094.SZ	深圳市星源材质科技股份有限公司创业板向不特定对象发行可转换公司债券	星源转2		300568.SZ	星源材质	6.0	100.0	100.0	1000000000.0	0.0	2021-01-20	2027-01-20		0.4	10.0	1	2021-03-31	2021-09-15	深交所	2021-07-26	2027-01-19	2021-09-07	31.54	19.64	20210120-20210906,票面利率:0.40%	112.0	AA	AA	联合资信评估股份有限公司
123095.SZ	东方日升新能源股份有限公司创业板向不特定对象发行可转换公司债券(终止发行)	日升转债		300118.SZ	东方日升	6.0	100.0	100.0	0.0	0	1970-01-01	1970-01-01		0	18.0	1	1970-01-01	1970-01-01	深交所	2021-07-28	2027-01-21	1970-01-01	28.01	28.01		120.0	AA		
123096.SZ	思创医惠科技股份有限公司创业板向不特定对象发行可转换公司债券	思创转债		300078.SZ	思创智联	6.0	100.0	100.0	817000000.0	0.0	2021-01-26	2027-01-26		1.5	15.0	1	2021-03-01	2024-12-02	深交所	2021-08-02	2027-01-25	2024-11-22	8.27	2.38	20210126-20220125,票面利率:0.40%;20220126-20230125,票面利率:0.60%;20230126-20240125,票面利率:1.00%;20240126-20241121,票面利率:1.50%	118.0	AA-	BB	中证鹏元资信评估股份有限公司
123097.SZ	浙江美力科技股份有限公司向不特定对象发行可转换公司债券	美力转债		300611.SZ	美力科技	6.0	100.0	100.0	300000000.0	0.0	2021-01-27	2027-01-27		0.7	12.1	1	2021-02-24	2022-09-19	深交所	2021-08-02	2027-01-26	2022-09-08	9.34	9.23	20210127-20220126,票面利率:0.50%;20220127-20220907,票面利率:0.70%	115.0	A+	A+	上海新世纪资信评估投资服务有限公司
123098.SZ	一品红药业股份有限公司可转换公司债券	一品转债		300723.SZ	一品红	6.0	100.0	100.0	480000000.0	0.0	2021-01-28	2027-01-28		1.0	15.0	1	2021-02-23	2023-08-02	深交所	2021-08-03	2027-01-27	2023-07-25	45.78	16.84	20210128-20220127,票面利率:0.40%;20220128-20230127,票面利率:0.60%;20230128-20230724,票面利率:1.00%	118.0	AA-	AA-	中证鹏元资信评估股份有限公司
123099.SZ	海南普利制药股份有限公司向不特定对象发行可转换公司债券	普利转退		300630.SZ	普利退	6.0	100.0	100.0	850000000.0	202250600.0	2021-02-09	2027-02-09		2.0	15.5	1	2021-03-08	2025-05-22	深交所	2021-08-23	2027-02-08	2025-05-22	46.22	3.0	20210209-20220208,票面利率:0.40%;20220209-20230208,票面利率:0.60%;20230209-20240208,票面利率:1.00%;20240209-20250208,票面利率:1.50%;20250209-20250521,票面利率:2.00%	118.0	AA-	B+	中证鹏元资信评估股份有限公司
123100.SZ	深圳市朗科智能电气股份有限公司创业板向不特定对象发行可转换公司债券	朗科转债		300543.SZ	朗科智能	6.0	100.0	100.0	380000000.0	0.0	2021-02-09	2027-02-09		2.0	9.0	1	2021-03-16	2025-04-16	深交所	2021-08-23	2027-02-08	2025-04-09	15.34	9.88	20210209-20220208,票面利率:0.40%;20220209-20230208,票面利率:0.60%;20230209-20240208,票面利率:1.00%;20240209-20250208,票面利率:1.50%;20250209-20250408,票面利率:2.00%	112.0	AA-	AA-	中证鹏元资信评估股份有限公司
123101.SZ	广东拓斯达科技股份有限公司向不特定对象发行可转换公司债券	拓斯转债		300607.SZ	拓斯达	6.0	100.0	100.0	670000000.0	0.0	2021-03-10	2027-03-10		1.5	8.0	1	2021-03-29	2024-12-25	深交所	2021-09-16	2027-03-09	2024-12-17	42.25	12.8	20210310-20220309,票面利率:0.30%;20220310-20230309,票面利率:0.50%;20230310-20240309,票面利率:1.00%;20240310-20241216,票面利率:1.50%	110.0	AA	AA	中证鹏元资信评估股份有限公司
123102.SZ	华自科技股份有限公司创业板向不特定对象发行可转换公司债券	华自转债		300490.SZ	华自科技	6.0	100.0	100.0	670000000.0	0.0	2021-03-12	2027-03-12		0.4	15.0	1	2021-04-01	2021-11-26	深交所	2021-09-22	2027-03-11	2021-11-19	9.28	9.25	20210312-20211118,票面利率:0.40%	119.0	AA-	AA-	中证鹏元资信评估股份有限公司
123103.SZ	震安科技股份有限公司向不特定对象发行可转换公司债券	震安转债		300767.SZ	震安科技	6.0	100.0	100.0	285000000.0	0.0	2021-03-12	2027-03-12		1.8	12.2	1	2021-03-31	2025-01-06	深交所	2021-09-22	2027-03-11	2024-12-26	79.87	8.52	20210312-20220311,票面利率:0.50%;20220312-20230311,票面利率:0.70%;20230312-20240311,票面利率:1.20%;20240312-20241225,票面利率:1.80%	115.0	A+	A+	中证鹏元资信评估股份有限公司
123104.SZ	卫宁健康科技集团股份有限公司创业板向不特定对象发行可转换公司债券	卫宁转债		300253.SZ	卫宁健康	6.0	100.0	100.0	970265000.0	969874200.0	2021-03-16	2027-03-16		2.0	18.0	1	2021-03-31	1970-01-01	深交所	2021-09-22	2027-03-15	1970-01-01	17.76	9.44	20210316-20220315,票面利率:0.30%;20220316-20230315,票面利率:0.50%;20230316-20240315,票面利率:1.00%;20240316-20250315,票面利率:1.50%;20250316-20260315,票面利率:1.80%;20260316-20270315,票面利率:2.00%	120.0	AA	AA	中证鹏元资信评估股份有限公司
123105.SZ	拓尔思信息技术股份有限公司创业板向不特定对象发行可转换公司债券	拓尔转债		300229.SZ	拓尔思	6.0	100.0	100.0	800000000.0	0.0	2021-03-19	2027-03-19		0.6	12.0	1	2021-04-27	2023-03-16	深交所	2021-09-27	2027-03-18	2023-03-08	9.98	9.91	20210319-20220318,票面利率:0.40%;20220319-20230307,票面利率:0.60%	115.0	AA-	AA-	上海新世纪资信评估投资服务有限公司
123106.SZ	江苏正丹化学工业股份有限公司创业板向不特定对象发行可转换公司债券	正丹转债		300641.SZ	正丹股份	6.0	100.0	100.0	320000000.0	0.0	2021-03-24	2027-03-24		1.5	17.5	1	2021-04-20	2024-06-18	深交所	2021-09-30	2027-03-23	2024-06-07	7.52	7.4	20210324-20220323,票面利率:0.40%;20220324-20230323,票面利率:0.60%;20230324-20240323,票面利率:1.00%;20240324-20240606,票面利率:1.50%	120.0	AA-	AA-	联合资信评估股份有限公司
123107.SZ	温氏食品集团股份有限公司创业板向不特定对象发行可转换公司债券	温氏转债		300498.SZ	温氏股份	6.0	100.0	100.0	9297000000.0	7706345000.0	2021-03-29	2027-03-29		2.0	6.0	1	2021-04-21	1970-01-01	深交所	2021-10-08	2027-03-28	1970-01-01	17.82	16.09	20210329-20220328,票面利率:0.20%;20220329-20230328,票面利率:0.50%;20230329-20240328,票面利率:1.00%;20240329-20250328,票面利率:1.50%;20250329-20260328,票面利率:1.80%;20260329-20270328,票面利率:2.00%	108.0	AAA	AAA	联合资信评估股份有限公司
123108.SZ	乐普(北京)医疗器械股份有限公司向不特定对象发行可转换公司债券	乐普转2		300003.SZ	乐普医疗	5.0	100.0	100.0	1638000000.0	0.0	2021-03-30	2026-03-30		1.8	6.0	1	2021-04-19	2026-03-30	深交所	2021-10-08	2026-03-29	2026-03-30	29.73	27.86	20210330-20220329,票面利率:0.30%;20220330-20230329,票面利率:0.50%;20230330-20240329,票面利率:1.00%;20240330-20250329,票面利率:1.50%;20250330-20260329,票面利率:1.80%	107.8	AA+	AA+	中诚信国际信用评级有限责任公司
123109.SZ	深圳市昌红科技股份有限公司向不特定对象发行可转换公司债券	昌红转债		300151.SZ	昌红科技	6.0	100.0	100.0	460000000.0	459503400.0	2021-04-01	2027-04-01		3.0	12.0	1	2021-04-19	1970-01-01	深交所	2021-10-08	2027-03-31	1970-01-01	28.26	26.64	20210401-20220331,票面利率:0.40%;20220401-20230331,票面利率:0.60%;20230401-20240331,票面利率:1.00%;20240401-20250331,票面利率:1.50%;20250401-20260331,票面利率:2.50%;20260401-20270331,票面利率:3.00%	115.0	AA-	AA-	中证鹏元资信评估股份有限公司
123110.SZ	湖南九典制药股份有限公司创业板向不特定对象发行可转换公司债券	九典转债		300705.SZ	九典制药	6.0	100.0	100.0	270000000.0	0.0	2021-04-01	2027-04-01		0.6	12.0	1	2021-04-23	2022-12-06	深交所	2021-10-08	2027-03-31	2022-11-28	26.48	18.7	20210401-20220331,票面利率:0.40%;20220401-20221127,票面利率:0.60%	115.0	A+	A+	上海新世纪资信评估投资服务有限公司
123111.SZ	东方财富信息股份有限公司创业板向不特定对象发行可转换公司债券	东财转3		300059.SZ	东方财富	6.0	100.0	100.0	15800000000.0	0.0	2021-04-07	2027-04-07		0.2	5.0	1	2021-04-23	2022-03-09	深交所	2021-10-13	2027-04-06	2022-03-01	28.08	23.35	20210407-20220228,票面利率:0.20%	107.0	AA+	AA+	大公国际资信评估有限公司
123112.SZ	深圳万讯自控股份有限公司向不特定对象发行A股可转换公司债券	万讯转债		300112.SZ	万讯自控	6.0	100.0	100.0	245721200.0	226456900.0	2021-04-08	2027-04-08		3.0	15.0	1	2021-04-23	1970-01-01	深交所	2021-10-14	2027-04-07	1970-01-01	9.13	8.32	20210408-20220407,票面利率:0.40%;20220408-20230407,票面利率:0.70%;20230408-20240407,票面利率:1.00%;20240408-20250407,票面利率:1.80%;20250408-20260407,票面利率:2.50%;20260408-20270407,票面利率:3.00%	118.0	AA-	AA-	中证鹏元资信评估股份有限公司
123113.SZ	仙乐健康科技股份有限公司向不特定对象发行可转换公司债券	仙乐转债		300791.SZ	仙乐健康	6.0	100.0	100.0	1024892900.0	1024819300.0	2021-04-19	2027-04-19		3.0	10.0	1	2021-05-14	1970-01-01	深交所	2021-10-25	2027-04-18	1970-01-01	85.98	31.66	20210419-20220418,票面利率:0.40%;20220419-20230418,票面利率:0.60%;20230419-20240418,票面利率:1.00%;20240419-20250418,票面利率:1.50%;20250419-20260418,票面利率:2.00%;20260419-20270418,票面利率:3.00%	113.0	AA-	AA-	中证鹏元资信评估股份有限公司
123114.SZ	西安三角防务股份有限公司创业板向不特定对象发行可转换公司债券	三角转债		300775.SZ	三角防务	6.0	100.0	100.0	904372700.0	899932800.0	2021-05-25	2027-05-25		3.0	12.0	1	2021-06-11	1970-01-01	深交所	2021-11-30	2027-05-24	1970-01-01	31.82	22.69	20210525-20220524,票面利率:0.40%;20220525-20230524,票面利率:0.60%;20230525-20240524,票面利率:1.00%;20240525-20250524,票面利率:1.50%;20250525-20260524,票面利率:2.50%;20260525-20270524,票面利率:3.00%	115.0	AA-	AA-	东方金诚国际信用评估有限公司
123115.SZ	江苏捷捷微电子股份有限公司创业板向不特定对象发行可转换公司债券	捷捷转债		300623.SZ	捷捷微电	6.0	100.0	100.0	1195000000.0	0.0	2021-06-08	2027-06-08		1.5	10.0	1	2021-06-29	2024-12-09	深交所	2021-12-15	2027-06-07	2024-11-28	29.0	28.07	20210608-20220607,票面利率:0.40%;20220608-20230607,票面利率:0.60%;20230608-20240607,票面利率:1.00%;20240608-20241127,票面利率:1.50%	113.0	AA-	AA-	中证鹏元资信评估股份有限公司
123116.SZ	万兴科技集团股份有限公司向不特定对象发行可转换公司债券	万兴转债		300624.SZ	万兴科技	6.0	100.0	100.0	378750000.0	0.0	2021-06-09	2027-06-09		0.7	11.5	1	2021-07-01	2023-05-26	深交所	2021-12-16	2027-06-08	2023-05-18	49.78	49.79	20210609-20220608,票面利率:0.40%;20220609-20230517,票面利率:0.70%	115.0	A+	A+	中证鹏元资信评估股份有限公司
123117.SZ	健帆生物科技集团股份有限公司创业板向不特定对象发行可转换公司债券	健帆转债		300529.SZ	健帆生物	6.0	100.0	100.0	1000000000.0	999830200.0	2021-06-23	2027-06-23		2.0	8.0	1	2021-07-12	1970-01-01	深交所	2021-12-29	2027-06-22	1970-01-01	90.6	38.15	20210623-20220622,票面利率:0.30%;20220623-20230622,票面利率:0.50%;20230623-20240622,票面利率:1.00%;20240623-20250622,票面利率:1.50%;20250623-20260622,票面利率:1.80%;20260623-20270622,票面利率:2.00%	110.0	AA	AA	中证鹏元资信评估股份有限公司
123118.SZ	青岛惠城环保科技股份有限公司向不特定对象发行可转换公司债券	惠城转债		300779.SZ	惠城环保	6.0	100.0	100.0	320000000.0	65409400.0	2021-07-07	2027-07-07		2.5	12.0	1	2021-07-26	1970-01-01	深交所	2022-01-13	2027-07-06	1970-01-01	17.11	10.33	20210707-20220706,票面利率:0.50%;20220707-20230706,票面利率:0.70%;20230707-20240706,票面利率:1.20%;20240707-20250706,票面利率:1.80%;20250707-20260706,票面利率:2.50%;20260707-20270706,票面利率:3.00%	115.0	A+	A+	联合资信评估股份有限公司
123119.SZ	深圳康泰生物制品股份有限公司创业板向不特定对象发行可转换公司债券	康泰转2		300601.SZ	康泰生物	6.0	100.0	100.0	2000000000.0	1998976900.0	2021-07-15	2027-07-15		1.8	10.0	1	2021-08-05	1970-01-01	深交所	2022-01-21	2027-07-14	1970-01-01	145.63	15.69	20210715-20220714,票面利率:0.30%;20220715-20230714,票面利率:0.50%;20230715-20240714,票面利率:1.00%;20240715-20250714,票面利率:1.50%;20250715-20260714,票面利率:1.80%;20260715-20270714,票面利率:2.00%	112.0	AA	AA	中证鹏元资信评估股份有限公司
123120.SZ	隆华科技集团(洛阳)股份有限公司创业板向不特定对象发行可转换公司债券	隆华转债		300263.SZ	隆华科技	6.0	100.0	100.0	798928300.0	0.0	2021-07-30	2027-07-30		2.4	12.0	1	2021-08-23	2025-09-09	深交所	2022-02-07	2027-07-29	2025-09-01	7.76	6.1	20210730-20220729,票面利率:0.40%;20220730-20230729,票面利率:0.70%;20230730-20240729,票面利率:1.00%;20240730-20250729,票面利率:1.60%;20250730-20250831,票面利率:2.40%	115.0	AA-	AA-	东方金诚国际信用评估有限公司
123121.SZ	武汉帝尔激光科技股份有限公司创业板向不特定对象发行可转换公司债券	帝尔转债		300776.SZ	帝尔激光	6.0	100.0	100.0	840000000.0	0.0	2021-08-05	2027-08-05		2.5	12.0	1	2021-08-27	2026-06-11	深交所	2022-02-11	2027-08-04	2026-06-03	192.7	73.56	20210805-20220804,票面利率:0.40%;20220805-20230804,票面利率:0.60%;20230805-20240804,票面利率:1.00%;20240805-20250804,票面利率:1.50%;20250805-20260602,票面利率:2.50%	115.0	AA-	AA-	中证鹏元资信评估股份有限公司
123122.SZ	上海富瀚微电子股份有限公司创业板向不特定对象发行可转换公司债券	富瀚转债		300613.SZ	富瀚微	6.0	100.0	100.0	581190000.0	580082300.0	2021-08-06	2027-08-06		2.0	12.5	1	2021-08-24	1970-01-01	深交所	2022-02-14	2027-08-05	1970-01-01	177.04	91.5	20210806-20220805,票面利率:0.30%;20220806-20230805,票面利率:0.50%;20230806-20240805,票面利率:1.00%;20240806-20250805,票面利率:1.50%;20250806-20260805,票面利率:2.00%;20260806-20270805,票面利率:2.50%	115.0	A+	A+	上海新世纪资信评估投资服务有限公司
123123.SZ	宁波江丰电子材料股份有限公司创业板向不特定对象发行可转换公司债券	江丰转债		300666.SZ	江丰电子	6.0	100.0	100.0	516500000.0	0.0	2021-08-12	2027-08-12		0.6	12.0	1	2021-09-01	2022-12-30	深交所	2022-02-18	2027-08-11	2022-12-22	51.93	53.59	20210812-20220811,票面利率:0.40%;20220812-20221221,票面利率:0.60%	115.0	A+	A+	联合资信评估股份有限公司
123124.SZ	晶瑞电子材料股份有限公司创业板向不特定对象发行可转换公司债券	晶瑞转2		300655.SZ	晶瑞电材	6.0	100.0	100.0	523000000.0	522433400.0	2021-08-16	2027-08-16		1.8	5.0	1	2021-09-07	1970-01-01	深交所	2022-02-21	2027-08-15	1970-01-01	50.31	15.88	20210816-20220815,票面利率:0.20%;20220816-20230815,票面利率:0.30%;20230816-20240815,票面利率:0.40%;20240816-20250815,票面利率:1.50%;20250816-20260815,票面利率:1.80%;20260816-20270815,票面利率:2.00%	107.0	A+	A+sti	中诚信国际信用评级有限责任公司
123125.SZ	福建元力活性炭股份有限公司创业板向不特定对象发行可转换公司债券	元力转债		300174.SZ	元力股份	6.0	100.0	100.0	900000000.0	0.0	2021-09-06	2027-09-06		0.3	2.7	1	2021-09-30	2023-01-17	深交所	2022-03-10	2027-09-05	2023-01-09	17.61	17.51	20210906-20220905,票面利率:0.10%;20220906-20230108,票面利率:0.30%	105.0	AA-	AA-	中证鹏元资信评估股份有限公司
123126.SZ	山东瑞丰高分子材料股份有限公司创业板向不特定对象发行可转换公司债券	瑞丰转债		300243.SZ	瑞丰高材	6.0	100.0	100.0	340000000.0	0.0	2021-09-10	2027-09-10		3.5	16.0	1	2021-10-18	2026-06-09	深交所	2022-03-16	2027-09-09	2026-06-01	17.8	11.64	20210910-20220909,票面利率:0.50%;20220910-20230909,票面利率:0.80%;20230910-20240909,票面利率:1.80%;20240910-20250909,票面利率:3.00%;20250910-20260531,票面利率:3.50%	120.0	A+	A	东方金诚国际信用评估有限公司
123127.SZ	江西耐普矿机股份有限公司向不特定对象发行可转换公司债券	耐普转债		300818.SZ	耐普矿机	6.0	100.0	100.0	400000000.0	0.0	2021-10-29	2027-10-29		1.8	7.2	1	2021-11-19	2025-03-12	深交所	2022-05-05	2027-10-28	2025-03-04	37.0	17.24	20211029-20221028,票面利率:0.40%;20221029-20231028,票面利率:0.60%;20231029-20241028,票面利率:1.10%;20241029-20250303,票面利率:1.80%	110.0	A+	A+	中证鹏元资信评估股份有限公司
123128.SZ	首华燃气科技(上海)股份有限公司创业板向不特定对象发行可转换公司债券	首华转债		300483.SZ	首华燃气	6.0	100.0	100.0	1379497100.0	0.0	2021-11-01	2027-11-01		1.8	8.0	1	2021-11-18	2026-03-16	深交所	2022-05-05	2027-10-31	2026-03-06	25.02	12.15	20211101-20221031,票面利率:0.30%;20221101-20231031,票面利率:0.50%;20231101-20241031,票面利率:1.00%;20241101-20251031,票面利率:1.50%;20251101-20260305,票面利率:1.80%	110.0	AA	AA-	中证鹏元资信评估股份有限公司
123129.SZ	江苏锦鸡实业股份有限公司创业板向不特定对象发行可转换公司债券	锦鸡转债		300798.SZ	锦鸡股份	6.0	100.0	100.0	600000000.0	0.0	2021-11-04	2027-11-04		2.3	9.3	1	2021-11-24	2026-05-19	深交所	2022-05-10	2027-11-03	2026-05-11	9.53	7.92	20211104-20221103,票面利率:0.40%;20221104-20231103,票面利率:0.60%;20231104-20241103,票面利率:1.00%;20241104-20251103,票面利率:1.50%;20251104-20260510,票面利率:2.30%	112.0	AA-	A+	中证鹏元资信评估股份有限公司
123130.SZ	河南省交通规划设计研究院股份有限公司创业板向不特定对象发行可转换公司债券	设研转债		300732.SZ	设研院	6.0	100.0	100.0	376000000.0	0.0	2021-11-11	2027-11-11		1.5	10.0	1	2021-12-02	2025-09-22	深交所	2022-05-17	2027-11-10	2025-09-12	11.24	8.05	20211111-20221110,票面利率:0.30%;20221111-20231110,票面利率:0.50%;20231111-20241110,票面利率:1.00%;20241111-20250911,票面利率:1.50%	112.0	AA	AA	联合资信评估股份有限公司
123131.SZ	广东奥飞数据科技股份有限公司创业板向不特定对象发行可转换公司债券	奥飞转债		300738.SZ	奥飞数据	6.0	100.0	100.0	635000000.0	315926400.0	2021-12-03	2027-12-03		2.5	12.2	1	2021-12-22	1970-01-01	深交所	2022-06-09	2027-12-02	1970-01-01	22.02	10.05	20211203-20221202,票面利率:0.50%;20221203-20231202,票面利率:0.70%;20231203-20241202,票面利率:1.20%;20241203-20251202,票面利率:1.80%;20251203-20261202,票面利率:2.50%;20261203-20271202,票面利率:2.80%	115.0	A+	A+	中证鹏元资信评估股份有限公司
123132.SZ	武汉回盛生物科技股份有限公司创业板向不特定对象发行可转换公司债券	回盛转债		300871.SZ	回盛生物	6.0	100.0	100.0	700000000.0	0.0	2021-12-17	2027-12-17		1.5	12.0	1	2022-01-07	2025-05-29	深交所	2022-06-23	2027-12-16	2025-05-21	28.32	15.0	20211217-20221216,票面利率:0.40%;20221217-20231216,票面利率:0.60%;20231217-20241216,票面利率:1.00%;20241217-20250520,票面利率:1.50%	115.0	AA-	AA-	中证鹏元资信评估股份有限公司
123133.SZ	佩蒂动物营养科技股份有限公司创业板向不特定对象发行可转换公司债券	佩蒂转债		300673.SZ	佩蒂股份	6.0	100.0	100.0	720000000.0	719765600.0	2021-12-22	2027-12-22		2.0	12.5	1	2022-01-21	1970-01-01	深交所	2022-06-28	2027-12-21	1970-01-01	19.92	17.33	20211222-20221221,票面利率:0.40%;20221222-20231221,票面利率:0.60%;20231222-20241221,票面利率:1.00%;20241222-20251221,票面利率:1.50%;20251222-20261221,票面利率:2.00%;20261222-20271221,票面利率:2.50%	115.0	AA-	AA-	中证鹏元资信评估股份有限公司
123134.SZ	宁波卡倍亿电气技术股份有限公司向不特定对象发行可转换公司债券	卡倍转债		300863.SZ	卡倍亿	6.0	100.0	100.0	279000000.0	0.0	2021-12-27	2027-12-27		0.6	12.0	1	2022-01-18	2023-03-23	深交所	2022-07-01	2027-12-26	2023-03-15	92.5	75.53	20211227-20221226,票面利率:0.40%;20221227-20230314,票面利率:0.60%	115.0	A+	A+	中证鹏元资信评估股份有限公司
123135.SZ	浙江泰林生物技术股份有限公司创业板向不特定对象发行可转换公司债券	泰林转债		300813.SZ	泰林生物	6.0	100.0	100.0	210000000.0	0.0	2021-12-28	2027-12-28		1.2	12.2	1	2022-01-19	2024-12-23	深交所	2022-07-04	2027-12-27	2024-12-13	87.38	16.4	20211228-20221227,票面利率:0.50%;20221228-20231227,票面利率:0.80%;20231228-20241212,票面利率:1.20%	115.0	A+	A+	中证鹏元资信评估股份有限公司
123136.SZ	深圳市新城市规划建筑设计股份有限公司创业板向不特定对象发行可转换公司债券	城市转债		300778.SZ	新城市	6.0	100.0	100.0	460000000.0	0.0	2022-01-21	2028-01-21		0.5	12.0	1	2022-02-15	2023-07-13	深交所	2022-07-27	2028-01-20	2023-07-05	21.18	17.44	20220121-20230120,票面利率:0.30%;20230121-20230704,票面利率:0.50%	115.0	AA-	AA-	中证鹏元资信评估股份有限公司
123137.SZ	锦浪科技股份有限公司创业板向不特定对象发行可转换公司债券	锦浪转债		300763.SZ	锦浪科技	6.0	100.0	100.0	897000000.0	0.0	2022-02-10	2028-02-10		0.3	10.5	1	2022-03-02	2022-10-12	深交所	2022-08-16	2028-02-09	2022-09-27	227.02	151.36	20220210-20220926,票面利率:0.30%	113.0	AA-	AA-	中证鹏元资信评估股份有限公司
123138.SZ	丝路视觉科技股份有限公司向不特定对象发行可转换公司债券	丝路转债		300556.SZ	丝路视觉	6.0	100.0	100.0	240000000.0	239337200.0	2022-03-02	2028-03-02		2.5	12.0	1	2022-03-22	1970-01-01	深交所	2022-09-08	2028-03-01	1970-01-01	26.69	26.53	20220302-20230301,票面利率:0.50%;20230302-20240301,票面利率:0.70%;20240302-20250301,票面利率:1.20%;20250302-20260301,票面利率:1.80%;20260302-20270301,票面利率:2.50%;20270302-20280301,票面利率:3.00%	115.0	A+	A-	联合资信评估股份有限公司
123139.SZ	深圳市铂科新材料股份有限公司向不特定对象发行可转换公司债券	铂科转债		300811.SZ	铂科新材	6.0	100.0	100.0	430000000.0	0.0	2022-03-11	2028-03-11		0.4	12.0	1	2022-03-31	2022-12-09	深交所	2022-09-19	2028-03-10	2022-12-01	76.5	76.0	20220311-20221130,票面利率:0.40%	115.0	A+	A+	中证鹏元资信评估股份有限公司
123140.SZ	杭州天地数码科技股份有限公司向不特定对象发行可转换公司债券	天地转债		300743.SZ	天地数码	6.0	100.0	100.0	172000000.0	0.0	2022-03-14	2028-03-14		0.7	9.5	1	2022-03-30	2023-11-15	深交所	2022-09-19	2028-03-13	2023-11-06	12.47	12.04	20220314-20230313,票面利率:0.50%;20230314-20231105,票面利率:0.70%	112.0	A	A	中证鹏元资信评估股份有限公司
123141.SZ	温州宏丰电工合金股份有限公司向不特定对象发行可转换公司债券	宏丰转债		300283.SZ	温州宏丰	6.0	100.0	100.0	321260000.0	0.0	2022-03-15	2028-03-15		2.0	12.0	1	2022-04-08	2025-09-08	深交所	2022-09-21	2028-03-14	2025-08-29	6.92	5.35	20220315-20230314,票面利率:0.50%;20230315-20240314,票面利率:0.70%;20240315-20250314,票面利率:1.00%;20250315-20250828,票面利率:2.00%	115.0	A	BBB+	中证鹏元资信评估股份有限公司
123142.SZ	杭州申昊科技股份有限公司创业板向不特定对象发行可转换公司债券	申昊转债		300853.SZ	申昊科技	6.0	100.0	100.0	550000000.0	549364600.0	2022-03-18	2028-03-18		2.4	7.0	1	2022-04-11	1970-01-01	深交所	2022-09-26	2028-03-17	1970-01-01	34.41	33.71	20220318-20230317,票面利率:0.30%;20230318-20240317,票面利率:0.50%;20240318-20250317,票面利率:1.00%;20250318-20260317,票面利率:1.80%;20260318-20270317,票面利率:2.40%;20270318-20280317,票面利率:3.00%	110.0	A+	BBB+	东方金诚国际信用评估有限公司
123143.SZ	胜蓝科技股份有限公司创业板向不特定对象发行可转换公司债券	胜蓝转债		300843.SZ	胜蓝股份	6.0	100.0	100.0	330000000.0	0.0	2022-03-31	2028-03-31		1.0	9.5	1	2022-04-22	2024-12-13	深交所	2022-10-10	2028-03-30	2024-12-04	23.45	23.17	20220331-20230330,票面利率:0.40%;20230331-20240330,票面利率:0.60%;20240331-20241203,票面利率:1.00%	112.0	AA-	AA-	中证鹏元资信评估股份有限公司
123144.SZ	江苏裕兴薄膜科技股份有限公司创业板向不特定对象发行可转换公司债券	裕兴转债		300305.SZ	裕兴股份	6.0	100.0	100.0	600000000.0	599732600.0	2022-04-11	2028-04-11		2.0	12.0	1	2022-04-27	1970-01-01	深交所	2022-10-17	2028-04-10	1970-01-01	14.24	8.5	20220411-20230410,票面利率:0.30%;20230411-20240410,票面利率:0.50%;20240411-20250410,票面利率:1.00%;20250411-20260410,票面利率:1.50%;20260411-20270410,票面利率:2.00%;20270411-20280410,票面利率:3.00%	115.0	AA-	A	中诚信国际信用评级有限责任公司
123145.SZ	南京药石科技股份有限公司创业板向不特定对象发行可转换公司债券	药石转债		300725.SZ	药石科技	6.0	100.0	100.0	1150000000.0	0.0	2022-04-20	2028-04-20		1.5	8.0	1	2022-05-18	2025-09-26	深交所	2022-10-26	2028-04-19	2025-09-18	92.98	33.61	20220420-20230419,票面利率:0.30%;20230420-20240419,票面利率:0.50%;20240420-20250419,票面利率:1.00%;20250420-20250917,票面利率:1.50%	110.0	AA	AA	中证鹏元资信评估股份有限公司
123146.SZ	安徽中环环保科技股份有限公司创业板向不特定对象发行可转换公司债券	中环转2		300692.SZ	中赋科技	6.0	100.0	100.0	864000000.0	0.0	2022-05-06	2028-05-06		1.6	12.0	1	2022-05-26	2026-04-20	深交所	2022-11-14	2028-05-05	2026-04-10	7.47	6.23	20220506-20230505,票面利率:0.30%;20230506-20240505,票面利率:0.60%;20240506-20250505,票面利率:1.00%;20250506-20260409,票面利率:1.60%	115.0	AA-	AA-	中证鹏元资信评估股份有限公司
123147.SZ	中辰电缆股份有限公司创业板向不特定对象发行可转换公司债券	中辰转债		300933.SZ	中辰股份	6.0	100.0	100.0	570537000.0	0.0	2022-05-31	2028-05-31		1.5	12.5	1	2022-06-21	2025-10-28	深交所	2022-12-07	2028-05-30	2025-10-20	7.78	6.43	20220531-20230530,票面利率:0.30%;20230531-20240530,票面利率:0.50%;20240531-20250530,票面利率:0.80%;20250531-20251019,票面利率:1.50%	115.0	AA-	AA-	中证鹏元资信评估股份有限公司
123148.SZ	上能电气股份有限公司向不特定对象发行可转换公司债券	上能转债		300827.SZ	上能电气	6.0	100.0	100.0	420000000.0	0.0	2022-06-14	2028-06-14		0.3	9.2	1	2022-07-01	2023-06-08	深交所	2022-12-20	2028-06-13	2023-05-30	36.31	36.31	20220614-20230529,票面利率:0.30%	112.0	A+	A+	东方金诚国际信用评估有限公司
123149.SZ	通裕重工股份有限公司创业板向不特定对象发行可转换公司债券	通裕转债		300185.SZ	通裕重工	6.0	100.0	100.0	1484720000.0	1106888100.0	2022-06-20	2028-06-20		1.8	10.0	1	2022-07-15	1970-01-01	深交所	2022-12-26	2028-06-19	1970-01-01	2.77	2.71	20220620-20230619,票面利率:0.30%;20230620-20240619,票面利率:0.50%;20240620-20250619,票面利率:1.00%;20250620-20260619,票面利率:1.50%;20260620-20270619,票面利率:1.80%;20270620-20280619,票面利率:2.00%	112.0	AA	AA	上海新世纪资信评估投资服务有限公司
123150.SZ	北京九强生物技术股份有限公司创业板向不特定对象发行可转换公司债券	九强转债		300406.SZ	九强生物	6.0	100.0	100.0	1139000000.0	1121022100.0	2022-06-30	2028-06-30		2.3	7.0	1	2022-07-20	1970-01-01	深交所	2023-01-06	2028-06-29	1970-01-01	17.63	11.6	20220630-20230629,票面利率:0.30%;20230630-20240629,票面利率:0.50%;20240630-20250629,票面利率:1.00%;20250630-20260629,票面利率:1.50%;20260630-20270629,票面利率:2.30%;20270630-20280629,票面利率:3.00%	110.0	AA-	AA-	中证鹏元资信评估股份有限公司
123151.SZ	康泰医学系统(秦皇岛)股份有限公司创业板向不特定对象发行可转换公司债券	康医转债		300869.SZ	康泰医学	6.0	100.0	100.0	700000000.0	699794700.0	2022-07-01	2028-07-01		2.5	12.0	1	2022-07-20	1970-01-01	深交所	2023-01-09	2028-06-30	1970-01-01	28.22	27.55	20220701-20230630,票面利率:0.40%;20230701-20240630,票面利率:0.70%;20240701-20250630,票面利率:1.20%;20250701-20260630,票面利率:1.80%;20260701-20270630,票面利率:2.50%;20270701-20280630,票面利率:3.00%	115.0	A+	A+	联合资信评估股份有限公司
123152.SZ	宁波润禾高新材料科技股份有限公司向不特定对象发行可转换公司债券	润禾转债		300727.SZ	润禾材料	6.0	100.0	100.0	292350000.0	0.0	2022-07-21	2028-07-21		1.2	15.0	1	2022-08-11	2025-04-22	深交所	2023-01-30	2028-07-20	2025-04-14	29.27	28.81	20220721-20230720,票面利率:0.40%;20230721-20240720,票面利率:0.60%;20240721-20250413,票面利率:1.20%	118.0	A+	A+	联合资信评估股份有限公司
123153.SZ	安徽英力电子科技股份有限公司向不特定对象发行可转换公司债券	英力转债		300956.SZ	英力股份	6.0	100.0	100.0	340000000.0	0.0	2022-07-21	2028-07-21		0.6	12.0	1	2022-08-11	2024-07-29	深交所	2023-01-30	2028-07-20	2024-07-19	19.24	15.99	20220721-20230720,票面利率:0.40%;20230721-20240718,票面利率:0.60%	115.0	A+	A+	中证鹏元资信评估股份有限公司
123154.SZ	火星人厨具股份有限公司创业板向不特定对象发行可转换公司债券	火星转债		300894.SZ	火星人	6.0	100.0	100.0	528999000.0	528859000.0	2022-08-05	2028-08-05		1.5	12.0	1	2022-08-23	1970-01-01	深交所	2023-02-13	2028-08-04	1970-01-01	34.59	33.03	20220805-20230804,票面利率:0.30%;20230805-20240804,票面利率:0.50%;20240805-20250804,票面利率:1.00%;20250805-20260804,票面利率:1.50%;20260805-20270804,票面利率:2.00%;20270805-20280804,票面利率:3.00%	115.0	AA-	A+	中证鹏元资信评估股份有限公司
123155.SZ	张家港中环海陆高端装备股份有限公司向不特定对象发行可转换公司债券	中陆转债		301040.SZ	中环海陆	6.0	100.0	100.0	360000000.0	359964700.0	2022-08-12	2028-08-12		1.8	12.0	1	2022-08-31	1970-01-01	深交所	2023-02-20	2028-08-11	1970-01-01	31.8	31.76	20220812-20230811,票面利率:0.40%;20230812-20240811,票面利率:0.60%;20240812-20250811,票面利率:1.20%;20250812-20260811,票面利率:1.80%;20260812-20270811,票面利率:2.50%;20270812-20280811,票面利率:3.00%	115.0	A+	A+	中证鹏元资信评估股份有限公司
123156.SZ	宁波博汇化工科技股份有限公司创业板向不特定对象发行可转换公司债券	博汇转债		300839.SZ	博汇股份	6.0	100.0	100.0	397000000.0	0.0	2022-08-16	2028-08-16		1.8	12.0	1	2022-09-02	2025-08-28	深交所	2023-02-22	2028-08-15	2025-08-20	15.05	8.0	20220816-20230815,票面利率:0.40%;20230816-20240815,票面利率:0.60%;20240816-20250815,票面利率:1.10%;20250816-20250819,票面利率:1.80%	115.0	A+	A	中证鹏元资信评估股份有限公司
123157.SZ	北京科蓝软件系统股份有限公司创业板向不特定对象发行可转换公司债券	科蓝转债		300663.SZ	科蓝软件	6.0	100.0	100.0	494600000.0	234034400.0	2022-08-30	2028-08-30		1.5	12.0	1	2022-09-20	1970-01-01	深交所	2023-03-06	2028-08-29	1970-01-01	16.02	8.8	20220830-20230829,票面利率:0.30%;20230830-20240829,票面利率:0.40%;20240830-20250829,票面利率:0.80%;20250830-20260829,票面利率:1.50%;20260830-20270829,票面利率:2.30%;20270830-20280829,票面利率:3.00%	115.0	AA-	A-sti	东方金诚国际信用评估有限公司
123158.SZ	深圳新宙邦科技股份有限公司向不特定对象发行可转换公司债券	宙邦转债		300037.SZ	新宙邦	6.0	100.0	100.0	1970000000.0	1804598900.0	2022-09-26	2028-09-26		1.5	8.0	1	2022-10-21	1970-01-01	深交所	2023-03-30	2028-09-25	1970-01-01	42.77	40.49	20220926-20230925,票面利率:0.30%;20230926-20240925,票面利率:0.50%;20240926-20250925,票面利率:1.00%;20250926-20260925,票面利率:1.50%;20260926-20270925,票面利率:1.80%;20270926-20280925,票面利率:2.00%	110.0	AA	AA	中证鹏元资信评估股份有限公司
123159.SZ	深圳市崧盛电子股份有限公司向不特定对象发行可转换公司债券	崧盛转债		301002.SZ	崧盛股份	6.0	100.0	100.0	294350000.0	0.0	2022-09-27	2028-09-27		1.5	11.0	1	2022-10-24	2026-02-25	深交所	2023-04-10	2028-09-26	2026-02-06	24.95	24.35	20220927-20230926,票面利率:0.30%;20230927-20240926,票面利率:0.50%;20240927-20250926,票面利率:1.00%;20250927-20260205,票面利率:1.50%	114.0	AA-	AA-	东方金诚国际信用评估有限公司
123160.SZ	浙江泰福泵业股份有限公司向不特定对象发行可转换公司债券	泰福转债		300992.SZ	泰福泵业	6.0	100.0	100.0	334890000.0	231453400.0	2022-09-28	2028-09-28		1.8	12.0	1	2022-10-25	1970-01-01	深交所	2023-04-11	2028-09-27	1970-01-01	23.4	19.77	20220928-20230927,票面利率:0.50%;20230928-20240927,票面利率:0.70%;20240928-20250927,票面利率:1.00%;20250928-20260927,票面利率:1.80%;20260928-20270927,票面利率:2.50%;20270928-20280927,票面利率:3.00%	115.0	A	A	中证鹏元资信评估股份有限公司
123161.SZ	洛阳新强联回转支承股份有限公司向不特定对象发行可转换公司债券	强联转债		300850.SZ	新强联	6.0	100.0	100.0	1210000000.0	0.0	2022-10-11	2028-10-11		1.0	10.0	1	2022-10-27	2025-10-17	深交所	2023-04-17	2028-10-10	2025-10-09	86.69	21.8	20221011-20231010,票面利率:0.30%;20231011-20241010,票面利率:0.50%;20241011-20251008,票面利率:1.00%	112.0	AA	AA	中证鹏元资信评估股份有限公司
123162.SZ	东杰智能科技集团股份有限公司创业板向不特定对象发行可转换公司债券	东杰转债		300486.SZ	东杰智能	6.0	100.0	100.0	570000000.0	0.0	2022-10-14	2028-10-14		1.0	12.0	1	2022-11-04	2025-10-14	深交所	2023-04-20	2028-10-13	2025-09-26	8.06	8.05	20221014-20231013,票面利率:0.50%;20231014-20241013,票面利率:0.70%;20241014-20250925,票面利率:1.00%	115.0	BBB+	BBB+	广州普策信用评价有限公司
123163.SZ	浙江金沃精工股份有限公司创业板向不特定对象发行可转换公司债券	金沃转债		300984.SZ	金沃股份	6.0	100.0	100.0	310000000.0	0.0	2022-10-14	2028-10-14		1.0	12.0	1	2022-11-07	2025-01-24	深交所	2023-04-20	2028-10-13	2025-01-16	27.28	26.93	20221014-20231013,票面利率:0.50%;20231014-20241013,票面利率:0.70%;20241014-20250115,票面利率:1.00%	115.0	A	A	中证鹏元资信评估股份有限公司
123164.SZ	深圳市法本信息技术股份有限公司向不特定对象发行可转换公司债券	法本转债		300925.SZ	法本信息	6.0	100.0	100.0	600661600.0	0.0	2022-10-21	2028-10-21		0.6	12.0	1	2022-11-14	2024-01-15	深交所	2023-04-27	2028-10-20	2024-01-05	11.12	11.09	20221021-20231020,票面利率:0.40%;20231021-20240104,票面利率:0.60%	115.0	A+	A+	中证鹏元资信评估股份有限公司
123165.SZ	湖北回天新材料股份有限公司向不特定对象发行可转换公司债券	回天转债		300041.SZ	回天新材	6.0	100.0	100.0	850000000.0	849728800.0	2022-10-27	2028-10-27		1.5	12.0	1	2022-11-15	1970-01-01	深交所	2023-05-04	2028-10-26	1970-01-01	20.21	15.05	20221027-20231026,票面利率:0.30%;20231027-20241026,票面利率:0.50%;20241027-20251026,票面利率:1.00%;20251027-20261026,票面利率:1.50%;20261027-20271026,票面利率:2.00%;20271027-20281026,票面利率:3.00%	115.0	AA-	AA-	中证鹏元资信评估股份有限公司
123166.SZ	广东蒙泰高新纤维股份有限公司创业板向不特定对象发行可转换公司债券	蒙泰转债		300876.SZ	蒙泰高新	6.0	100.0	100.0	300000000.0	0.0	2022-11-02	2028-11-02		1.2	12.0	1	2022-11-25	2025-11-07	深交所	2023-05-08	2028-11-01	2025-10-30	26.15	23.47	20221102-20231101,票面利率:0.40%;20231102-20241101,票面利率:0.60%;20241102-20251029,票面利率:1.20%	115.0	A+	A	中证鹏元资信评估股份有限公司
123167.SZ	南京商络电子股份有限公司创业板向不特定对象发行可转换公司债券	商络转债		300975.SZ	商络电子	6.0	100.0	100.0	396500000.0	0.0	2022-11-17	2028-11-17		0.6	12.0	1	2022-12-09	2024-05-08	深交所	2023-05-23	2028-11-16	2024-04-25	6.93	6.91	20221117-20231116,票面利率:0.40%;20231117-20240424,票面利率:0.60%	115.0	A+	A+	中证鹏元资信评估股份有限公司
123168.SZ	广东惠云钛业股份有限公司创业板向不特定对象发行可转换公司债券	惠云转债		300891.SZ	惠云钛业	6.0	100.0	100.0	490000000.0	489909900.0	2022-11-23	2028-11-23		1.5	12.0	1	2022-12-14	1970-01-01	深交所	2023-05-29	2028-11-22	1970-01-01	10.8	10.74	20221123-20231122,票面利率:0.40%;20231123-20241122,票面利率:0.60%;20241123-20251122,票面利率:1.00%;20251123-20261122,票面利率:1.50%;20261123-20271122,票面利率:2.20%;20271123-20281122,票面利率:3.00%	115.0	AA-	AA-	广州普策信用评价有限公司
123169.SZ	烟台正海磁性材料股份有限公司向不特定对象发行可转换公司债券	正海转债		300224.SZ	正海磁材	6.0	100.0	100.0	1400000000.0	0.0	2022-11-23	2028-11-23		0.6	10.0	1	2022-12-12	2025-09-30	深交所	2023-05-29	2028-11-22	2025-09-22	13.23	12.63	20221123-20231122,票面利率:0.20%;20231123-20241122,票面利率:0.40%;20241123-20250921,票面利率:0.60%	112.0	AA-	AA-	中证鹏元资信评估股份有限公司
123170.SZ	江苏南大光电材料股份有限公司创业板向不特定对象发行可转换公司债券	南电转债		300346.SZ	南大光电	6.0	100.0	100.0	900000000.0	0.0	2022-11-24	2028-11-24		0.4	15.0	1	2022-12-15	2024-11-26	深交所	2023-05-30	2028-11-23	2024-11-18	34.0	27.04	20221124-20231123,票面利率:0.30%;20231124-20241117,票面利率:0.40%	118.0	AA-	AA-	中证鹏元资信评估股份有限公司
123171.SZ	湖北共同药业股份有限公司创业板向不特定对象发行可转换公司债券	共同转债		300966.SZ	共同药业	6.0	100.0	100.0	380000000.0	379887800.0	2022-11-28	2028-11-28		1.8	12.0	1	2022-12-16	1970-01-01	深交所	2023-06-02	2028-11-27	1970-01-01	27.14	27.12	20221128-20231127,票面利率:0.40%;20231128-20241127,票面利率:0.60%;20241128-20251127,票面利率:1.10%;20251128-20261127,票面利率:1.80%;20261128-20271127,票面利率:2.50%;20271128-20281127,票面利率:3.00%	115.0	A+	A-	东方金诚国际信用评估有限公司
123172.SZ	漱玉平民大药房连锁股份有限公司向不特定对象发行可转换公司债券	漱玉转债		301017.SZ	漱玉平民	6.0	100.0	100.0	800000000.0	796004100.0	2022-12-15	2028-12-15		1.5	10.5	1	2023-01-06	1970-01-01	深交所	2023-06-21	2028-12-14	1970-01-01	21.27	14.91	20221215-20231214,票面利率:0.30%;20231215-20241214,票面利率:0.50%;20241215-20251214,票面利率:1.00%;20251215-20261214,票面利率:1.50%;20261215-20271214,票面利率:2.00%;20271215-20281214,票面利率:2.50%	113.0	AA-	AA-	中证鹏元资信评估股份有限公司
123173.SZ	恒锋信息科技股份有限公司向不特定对象发行可转换公司债券	恒锋转债		300605.SZ	恒锋信息	6.0	100.0	100.0	242435700.0	233054500.0	2022-12-30	2028-12-30		1.8	12.0	1	2023-02-08	1970-01-01	深交所	2023-07-06	2028-12-29	1970-01-01	13.85	13.77	20221230-20231229,票面利率:0.50%;20231230-20241229,票面利率:0.70%;20241230-20251229,票面利率:1.00%;20251230-20261229,票面利率:1.80%;20261230-20271229,票面利率:2.50%;20271230-20281229,票面利率:3.00%	115.0	A	BBB+sti	东方金诚国际信用评估有限公司
123174.SZ	江苏太平洋精锻科技股份有限公司创业板向不特定对象发行可转换公司债券	精锻转债		300258.SZ	精锻科技	6.0	100.0	100.0	980000000.0	0.0	2023-02-15	2029-02-15		1.0	12.5	1	2023-03-07	2025-08-08	深交所	2023-08-21	2029-02-14	2025-07-31	13.09	9.46	20230215-20240214,票面利率:0.30%;20240215-20250214,票面利率:0.50%;20250215-20250730,票面利率:1.00%	115.0	AA-	AA-	联合资信评估股份有限公司
123175.SZ	河南百川畅银环保能源股份有限公司向不特定对象发行可转换公司债券	百畅转债		300614.SZ	百川畅银	6.0	100.0	100.0	420000000.0	419870300.0	2023-02-22	2029-02-22		1.8	9.2	1	2023-03-17	1970-01-01	深交所	2023-08-28	2029-02-21	1970-01-01	28.32	20.4	20230222-20240221,票面利率:0.30%;20240222-20250221,票面利率:0.50%;20250222-20260221,票面利率:1.00%;20260222-20270221,票面利率:1.80%;20270222-20280221,票面利率:2.50%;20280222-20290221,票面利率:2.80%	112.0	A+	BBB+	中证鹏元资信评估股份有限公司
123176.SZ	武汉精测电子集团股份有限公司向不特定对象发行可转换公司债券	精测转2		300567.SZ	精测电子	6.0	100.0	100.0	1276000000.0	1275291300.0	2023-03-02	2029-03-02		1.5	10.0	1	2023-03-22	1970-01-01	深交所	2023-09-08	2029-03-01	1970-01-01	64.83	64.51	20230302-20240301,票面利率:0.20%;20240302-20250301,票面利率:0.40%;20250302-20260301,票面利率:0.60%;20260302-20270301,票面利率:1.50%;20270302-20280301,票面利率:1.80%;20280302-20290301,票面利率:2.00%	112.0	AA-	AA-sti	中诚信国际信用评级有限责任公司
123177.SZ	南京市测绘勘察研究院股份有限公司向不特定对象发行可转换公司债券	测绘转债		300826.SZ	测绘股份	6.0	100.0	100.0	406682100.0	0.0	2023-03-02	2029-03-02		1.0	12.5	1	2023-03-24	2025-12-23	深交所	2023-09-08	2029-03-01	2025-12-15	13.48	13.15	20230302-20240301,票面利率:0.20%;20240302-20250301,票面利率:0.40%;20250302-20251214,票面利率:1.00%	115.0	A+	A+	中诚信国际信用评级有限责任公司
123178.SZ	浙江花园生物高科股份有限公司向不特定对象发行可转换公司债券	花园转债		300401.SZ	花园生物	6.0	100.0	100.0	1200000000.0	1158000000.0	2023-03-06	2029-03-06		1.5	12.5	1	2023-03-23	1970-01-01	深交所	2023-09-11	2029-03-05	1970-01-01	15.19	13.34	20230306-20240305,票面利率:0.30%;20240306-20250305,票面利率:0.50%;20250306-20260305,票面利率:1.00%;20260306-20270305,票面利率:1.50%;20270306-20280305,票面利率:2.00%;20280306-20290305,票面利率:2.50%	115.0	AA-	AA-	联合资信评估股份有限公司
123179.SZ	立高食品股份有限公司向不特定对象发行可转换公司债券	立高转债		300973.SZ	立高食品	6.0	100.0	100.0	950000000.0	949937100.0	2023-03-07	2029-03-07		1.5	12.0	1	2023-03-27	1970-01-01	深交所	2023-09-13	2029-03-06	1970-01-01	97.02	94.64	20230307-20240306,票面利率:0.30%;20240307-20250306,票面利率:0.40%;20250307-20260306,票面利率:0.80%;20260307-20270306,票面利率:1.50%;20270307-20280306,票面利率:2.30%;20280307-20290306,票面利率:3.00%	115.0	AA-	AA-	中证鹏元资信评估股份有限公司
123180.SZ	浙矿重工股份有限公司创业板向不特定对象发行可转换公司债券	浙矿转债		300837.SZ	浙矿股份	6.0	100.0	100.0	320000000.0	319674300.0	2023-03-09	2029-03-09		1.5	12.0	1	2023-03-28	1970-01-01	深交所	2023-09-15	2029-03-08	1970-01-01	48.79	47.59	20230309-20240308,票面利率:0.20%;20240309-20250308,票面利率:0.60%;20250309-20260308,票面利率:0.80%;20260309-20270308,票面利率:1.50%;20270309-20280308,票面利率:2.00%;20280309-20290308,票面利率:3.00%	115.0	AA-	AA-	中证鹏元资信评估股份有限公司
123181.SZ	北京亚康万玮信息技术股份有限公司创业板向不特定对象发行可转换公司债券	亚康转债		301085.SZ	亚康股份	6.0	100.0	100.0	261000000.0	0.0	2023-03-21	2029-03-21		0.4	12.0	1	2023-04-11	2023-11-30	深交所	2023-09-27	2029-03-20	2023-11-22	38.25	38.13	20230321-20231121,票面利率:0.40%	115.0	A+	A+	中证鹏元资信评估股份有限公司
123182.SZ	广联航空工业股份有限公司创业板向不特定对象发行可转换公司债券	广联转债		300900.SZ	广联航空	6.0	100.0	100.0	700000000.0	0.0	2023-03-22	2029-03-22		1.0	12.0	1	2023-04-17	2026-03-17	深交所	2023-09-28	2029-03-21	2026-03-09	32.32	22.84	20230322-20240321,票面利率:0.30%;20240322-20250321,票面利率:0.50%;20250322-20260308,票面利率:1.00%	115.0	A+	A+	中证鹏元资信评估股份有限公司
123183.SZ	上海海顺新型药用包装材料股份有限公司创业板向不特定对象发行可转换公司债券	海顺转债		300501.SZ	海顺新材	6.0	100.0	100.0	633000000.0	632878200.0	2023-03-23	2029-03-23		1.5	12.0	1	2023-04-20	1970-01-01	深交所	2023-10-09	2029-03-22	1970-01-01	18.2	11.63	20230323-20240322,票面利率:0.30%;20240323-20250322,票面利率:0.50%;20250323-20260322,票面利率:1.00%;20260323-20270322,票面利率:1.50%;20270323-20280322,票面利率:2.00%;20280323-20290322,票面利率:3.00%	115.0	AA-	AA-	中证鹏元资信评估股份有限公司
123184.SZ	天阳宏业科技股份有限公司向不特定对象发行可转换公司债券	天阳转债		300872.SZ	天阳科技	6.0	100.0	100.0	975000000.0	0.0	2023-03-23	2029-03-23		0.8	12.0	1	2023-04-18	2025-07-21	深交所	2023-10-09	2029-03-22	2025-07-11	14.92	11.71	20230323-20240322,票面利率:0.30%;20240323-20250322,票面利率:0.40%;20250323-20250710,票面利率:0.80%	115.0	AA-	AA-	中证鹏元资信评估股份有限公司
123185.SZ	上海能辉科技股份有限公司创业板向不特定对象发行可转换公司债券	能辉转债		301046.SZ	能辉科技	6.0	100.0	100.0	347907000.0	0.0	2023-03-31	2029-03-31		1.0	6.4	1	2023-04-20	2026-01-05	深交所	2023-10-09	2029-03-30	2025-12-24	37.71	22.15	20230331-20240330,票面利率:0.20%;20240331-20250330,票面利率:0.40%;20250331-20251223,票面利率:1.00%	110.0	A+	A+	东方金诚国际信用评估有限公司
123186.SZ	江西志特新材料股份有限公司创业板向不特定对象发行可转换公司债券	志特转债		300986.SZ	志特新材	6.0	100.0	100.0	614033000.0	0.0	2023-03-31	2029-03-31		1.0	12.2	1	2023-04-21	2025-08-18	深交所	2023-10-09	2029-03-30	2025-08-08	41.08	8.86	20230331-20240330,票面利率:0.30%;20240331-20250330,票面利率:0.50%;20250331-20250807,票面利率:1.00%	115.0	A+	A+	中证鹏元资信评估股份有限公司
123187.SZ	南通超达装备股份有限公司向不特定对象发行可转换公司债券	超达转债		301186.SZ	超达装备	6.0	100.0	100.0	469000000.0	224184000.0	2023-04-04	2029-04-04		1.5	12.0	1	2023-04-25	1970-01-01	深交所	2023-10-11	2029-04-03	1970-01-01	33.0	21.77	20230404-20240403,票面利率:0.40%;20240404-20250403,票面利率:0.60%;20250404-20260403,票面利率:1.10%;20260404-20270403,票面利率:1.50%;20270404-20280403,票面利率:2.50%;20280404-20290403,票面利率:3.00%	115.0	A	A	联合资信评估股份有限公司
123188.SZ	水羊集团股份有限公司向不特定对象发行可转换公司债券	水羊转债		300740.SZ	水羊股份	6.0	100.0	100.0	694987000.0	638853400.0	2023-04-04	2029-04-04		1.8	12.0	1	2023-04-25	1970-01-01	深交所	2023-10-11	2029-04-03	1970-01-01	13.71	13.54	20230404-20240403,票面利率:0.40%;20240404-20250403,票面利率:0.60%;20250404-20260403,票面利率:1.20%;20260404-20270403,票面利率:1.80%;20270404-20280403,票面利率:2.50%;20280404-20290403,票面利率:3.00%	115.0	A+	A+	中诚信国际信用评级有限责任公司
123189.SZ	宁夏晓鸣农牧股份有限公司向不特定对象发行可转换公司债券	晓鸣转债		300967.SZ	晓鸣股份	6.0	100.0	100.0	329000000.0	328627100.0	2023-04-06	2029-04-06		1.8	10.0	1	2023-04-25	1970-01-01	深交所	2023-10-12	2029-04-05	1970-01-01	19.43	19.09	20230406-20240405,票面利率:0.30%;20240406-20250405,票面利率:0.50%;20250406-20260405,票面利率:1.10%;20260406-20270405,票面利率:1.80%;20270406-20280405,票面利率:2.50%;20280406-20290405,票面利率:3.00%	113.0	A+	A	联合资信评估股份有限公司
123190.SZ	广东道氏技术股份有限公司向不特定对象发行可转换公司债券	道氏转02		300409.SZ	道氏技术	6.0	100.0	100.0	2600000000.0	0.0	2023-04-07	2029-04-07		1.0	12.5	1	2023-04-25	2025-04-24	深交所	2023-10-13	2029-04-06	2025-04-15	15.46	12.93	20230407-20240406,票面利率:0.30%;20240407-20250406,票面利率:0.50%;20250407-20250414,票面利率:1.00%	115.0	AA-	AA-	联合资信评估股份有限公司
123191.SZ	山东南山智尚科技股份有限公司向不特定对象发行可转换公司债券	智尚转债		300918.SZ	南山智尚	6.0	100.0	100.0	699580000.0	0.0	2023-04-10	2029-04-10		0.4	9.5	1	2023-04-28	2025-04-07	深交所	2023-10-16	2029-04-09	2025-03-26	12.33	9.35	20230410-20240409,票面利率:0.20%;20240410-20250325,票面利率:0.40%	112.0	AA-	AA-	中证鹏元资信评估股份有限公司
123192.SZ	南京科思化学股份有限公司创业板向不特定对象发行可转换公司债券	科思转债		300856.SZ	科思股份	6.0	100.0	100.0	724917800.0	718675500.0	2023-04-13	2029-04-13		1.5	12.0	1	2023-05-11	1970-01-01	深交所	2023-10-19	2029-04-12	1970-01-01	53.03	17.32	20230413-20240412,票面利率:0.30%;20240413-20250412,票面利率:0.50%;20250413-20260412,票面利率:1.00%;20260413-20270412,票面利率:1.50%;20270413-20280412,票面利率:2.00%;20280413-20290412,票面利率:3.00%	115.0	AA-	AA-	上海新世纪资信评估投资服务有限公司
123193.SZ	安福县海能实业股份有限公司创业板向不特定对象发行可转换公司债券	海能转债		300787.SZ	海能实业	6.0	100.0	100.0	600000000.0	599743400.0	2023-04-13	2029-04-13		1.5	12.0	1	2023-05-09	1970-01-01	深交所	2023-10-19	2029-04-12	1970-01-01	33.47	14.5	20230413-20240412,票面利率:0.30%;20240413-20250412,票面利率:0.50%;20250413-20260412,票面利率:1.00%;20260413-20270412,票面利率:1.50%;20270413-20280412,票面利率:2.00%;20280413-20290412,票面利率:3.00%	115.0	AA-	AA-	中证鹏元资信评估股份有限公司
123194.SZ	青岛百洋医药股份有限公司向不特定对象发行可转换公司债券	百洋转债		301015.SZ	百洋医药	6.0	100.0	100.0	860000000.0	845923100.0	2023-04-14	2029-04-14		1.5	10.5	1	2023-05-05	1970-01-01	深交所	2023-10-20	2029-04-13	1970-01-01	27.64	24.79	20230414-20240413,票面利率:0.30%;20240414-20250413,票面利率:0.50%;20250414-20260413,票面利率:1.00%;20260414-20270413,票面利率:1.50%;20270414-20280413,票面利率:2.00%;20280414-20290413,票面利率:2.50%	113.0	AA-	AA-	中证鹏元资信评估股份有限公司
123195.SZ	西安蓝晓科技新材料股份有限公司创业板向不特定对象发行可转换公司债券	蓝晓转02		300487.SZ	蓝晓科技	6.0	100.0	100.0	546064500.0	545830700.0	2023-04-17	2029-04-17		1.8	12.0	1	2023-05-08	1970-01-01	深交所	2023-10-23	2029-04-16	1970-01-01	92.73	59.38	20230417-20240416,票面利率:0.40%;20240417-20250416,票面利率:0.60%;20250417-20260416,票面利率:1.10%;20260417-20270416,票面利率:1.80%;20270417-20280416,票面利率:2.50%;20280417-20290416,票面利率:3.00%	115.0	A+	A+	上海新世纪资信评估投资服务有限公司
123196.SZ	浙江正元智慧科技股份有限公司向不特定对象发行可转换公司债券	正元转02		300645.SZ	正元智慧	6.0	100.0	100.0	350730000.0	350149000.0	2023-04-18	2029-04-18		1.5	13.0	1	2023-05-19	1970-01-01	深交所	2023-10-24	2029-04-17	1970-01-01	32.85	21.91	20230418-20240417,票面利率:0.20%;20240418-20250417,票面利率:0.40%;20250418-20260417,票面利率:0.60%;20260418-20270417,票面利率:1.50%;20270418-20280417,票面利率:1.80%;20280418-20290417,票面利率:2.00%	115.0	A+	A+	中证鹏元资信评估股份有限公司
123197.SZ	光力科技股份有限公司向不特定对象发行可转换公司债券	光力转债		300480.SZ	光力科技	6.0	100.0	100.0	400000000.0	0.0	2023-05-08	2029-05-08		1.2	12.0	1	2023-05-29	2026-04-16	深交所	2023-11-13	2029-05-07	2026-04-08	21.46	21.15	20230508-20240507,票面利率:0.40%;20240508-20250507,票面利率:0.60%;20250508-20260407,票面利率:1.20%	115.0	A+	A+	中证鹏元资信评估股份有限公司
123198.SZ	金埔园林股份有限公司向不特定对象发行可转换公司债券	金埔转债		301098.SZ	金埔园林	6.0	100.0	100.0	520000000.0	0.0	2023-06-08	2029-06-08		1.5	12.0	1	2023-07-07	2026-07-01	深交所	2023-12-14	2029-06-07	2026-06-23	12.21	7.55	20230608-20240607,票面利率:0.30%;20240608-20250607,票面利率:0.60%;20250608-20260607,票面利率:1.20%;20260608-20260622,票面利率:1.50%	115.0	A+	A	东方金诚国际信用评估有限公司
123199.SZ	安徽山河药用辅料股份有限公司向不特定对象发行可转换公司债券	山河转债		300452.SZ	山河药辅	6.0	100.0	100.0	320000000.0	319724800.0	2023-06-12	2029-06-12		1.5	5.0	1	2023-07-07	1970-01-01	深交所	2023-12-18	2029-06-11	1970-01-01	18.25	13.0	20230612-20240611,票面利率:0.20%;20240612-20250611,票面利率:0.50%;20250612-20260611,票面利率:1.00%;20260612-20270611,票面利率:1.50%;20270612-20280611,票面利率:2.00%;20280612-20290611,票面利率:3.00%	108.0	A+	A+	中诚信国际信用评级有限责任公司
123200.SZ	青岛海泰科模塑科技股份有限公司向不特定对象发行可转换公司债券	海泰转债		301022.SZ	海泰科	6.0	100.0	100.0	396571600.0	0.0	2023-06-27	2029-06-27		1.0	15.0	1	2023-07-17	2025-10-16	深交所	2024-01-03	2029-06-26	2025-09-30	26.69	26.0	20230627-20240626,票面利率:0.50%;20240627-20250626,票面利率:0.70%;20250627-20250929,票面利率:1.00%	118.0	A	A	联合资信评估股份有限公司
123201.SZ	江苏纽泰格科技集团股份有限公司创业板向不特定对象发行可转换公司债券	纽泰转债		301229.SZ	纽泰格	6.0	100.0	100.0	350000000.0	0.0	2023-06-27	2029-06-27		1.0	12.0	1	2023-07-18	2025-11-14	深交所	2024-01-03	2029-06-26	2025-11-05	29.88	15.04	20230627-20240626,票面利率:0.50%;20240627-20250626,票面利率:0.70%;20250627-20251104,票面利率:1.00%	115.0	A	A	中诚信国际信用评级有限责任公司
123202.SZ	湖北祥源新材科技股份有限公司向不特定对象发行可转换公司债券	祥源转债		300980.SZ	祥源新材	6.0	100.0	100.0	460000000.0	0.0	2023-07-03	2029-07-03		0.4	12.5	1	2023-07-26	2025-01-06	深交所	2024-01-08	2029-07-02	2024-12-26	19.64	15.18	20230703-20240702,票面利率:0.20%;20240703-20241225,票面利率:0.40%	115.0	A+	A+	联合资信评估股份有限公司
123203.SZ	深圳明阳电路科技股份有限公司向不特定对象发行可转换公司债券	明电转02		300739.SZ	明阳电路	6.0	100.0	100.0	448500000.0	0.0	2023-07-03	2029-07-03		1.0	15.0	1	2023-07-19	2025-12-22	深交所	2024-01-08	2029-07-02	2025-12-12	14.75	11.76	20230703-20240702,票面利率:0.30%;20240703-20250702,票面利率:0.50%;20250703-20251211,票面利率:1.00%	118.0	AA-	AA-	中证鹏元资信评估股份有限公司
123204.SZ	河南金丹乳酸科技股份有限公司向不特定对象发行可转换公司债券	金丹转债		300829.SZ	金丹科技	6.0	100.0	100.0	700000000.0	0.0	2023-07-13	2029-07-13		0.4	12.0	1	2023-08-02	2025-07-22	深交所	2024-01-19	2029-07-12	2025-07-11	20.94	14.93	20230713-20240712,票面利率:0.20%;20240713-20250710,票面利率:0.40%	115.0	AA-	AA-	中诚信国际信用评级有限责任公司
123205.SZ	宁波大叶园林设备股份有限公司创业板向不特定对象发行可转换公司债券	大叶转债		300879.SZ	大叶股份	6.0	100.0	100.0	476031200.0	0.0	2023-07-17	2029-07-17		0.4	9.5	1	2023-08-08	2024-12-10	深交所	2024-01-22	2029-07-16	2024-12-02	20.01	11.19	20230717-20240716,票面利率:0.20%;20240717-20241201,票面利率:0.40%	113.0	A+	A+	东方金诚国际信用评估有限公司
123206.SZ	开能健康科技集团股份有限公司向不特定对象发行可转换公司债券	开能转债		300272.SZ	开能健康	6.0	100.0	100.0	250000000.0	0.0	2023-07-20	2029-07-20		1.0	12.0	1	2023-08-08	2025-09-10	深交所	2024-01-26	2029-07-19	2025-09-02	5.67	5.36	20230720-20240719,票面利率:0.30%;20240720-20250719,票面利率:0.50%;20250720-20250901,票面利率:1.00%	115.0	A+	A+	中诚信国际信用评级有限责任公司
123207.SZ	青岛冠中生态股份有限公司向不特定对象发行可转换公司债券	冠中转债		300948.SZ	冠中生态	6.0	100.0	100.0	400000000.0	145732400.0	2023-07-21	2029-07-21		1.1	12.0	1	2023-08-09	1970-01-01	深交所	2024-01-29	2029-07-20	1970-01-01	16.56	10.44	20230721-20240720,票面利率:0.40%;20240721-20250720,票面利率:0.60%;20250721-20260720,票面利率:1.10%;20260721-20270720,票面利率:1.50%;20270721-20280720,票面利率:2.50%;20280721-20290720,票面利率:3.00%	115.0	A	A-	中诚信国际信用评级有限责任公司
123208.SZ	孩子王儿童用品股份有限公司向不特定对象发行可转换公司债券	孩王转债		301078.SZ	孩子王	6.0	100.0	100.0	1039000000.0	0.0	2023-07-24	2029-07-24		0.5	8.0	1	2023-08-10	2024-11-26	深交所	2024-01-29	2029-07-23	2024-11-18	11.63	7.1	20230724-20240723,票面利率:0.30%;20240724-20241117,票面利率:0.50%	110.0	AA	AA	上海新世纪资信评估投资服务有限公司
123209.SZ	南京聚隆科技股份有限公司向不特定对象发行可转换公司债券	聚隆转债		300644.SZ	南京聚隆	6.0	100.0	100.0	218500000.0	167169900.0	2023-07-26	2029-07-26		1.0	10.0	1	2023-08-17	1970-01-01	深交所	2024-02-01	2029-07-25	1970-01-01	18.27	17.77	20230726-20240725,票面利率:0.30%;20240726-20250725,票面利率:0.50%;20250726-20260725,票面利率:1.00%;20260726-20270725,票面利率:1.50%;20270726-20280725,票面利率:2.50%;20280726-20290725,票面利率:3.00%	113.0	A+	A+	中证鹏元资信评估股份有限公司
123210.SZ	深信服科技股份有限公司向不特定对象发行可转换公司债券	信服转债		300454.SZ	深信服	6.0	100.0	100.0	1214756000.0	0.0	2023-07-27	2029-07-27		0.8	6.0	1	2023-08-18	2026-03-25	深交所	2024-02-02	2029-07-26	2026-03-17	111.74	110.93	20230727-20240726,票面利率:0.30%;20240727-20250726,票面利率:0.40%;20250727-20260316,票面利率:0.80%	108.0	AA	AA	中证鹏元资信评估股份有限公司
123211.SZ	山东阳谷华泰化工股份有限公司向不特定对象发行可转换公司债券	阳谷转债		300121.SZ	阳谷华泰	6.0	100.0	100.0	650000000.0	306983300.0	2023-07-27	2029-07-27		1.0	12.5	1	2023-08-14	1970-01-01	深交所	2024-02-02	2029-07-26	1970-01-01	9.91	9.2	20230727-20240726,票面利率:0.30%;20240727-20250726,票面利率:0.50%;20250727-20260726,票面利率:1.00%;20260727-20270726,票面利率:1.50%;20270727-20280726,票面利率:2.00%;20280727-20290726,票面利率:2.50%	115.0	AA-	AA-	东方金诚国际信用评估有限公司
123212.SZ	立中四通轻合金集团股份有限公司向不特定对象发行可转换公司债券	立中转债		300428.SZ	立中集团	6.0	100.0	100.0	899800000.0	0.0	2023-07-27	2029-07-27		1.0	10.5	1	2023-08-16	2025-12-25	深交所	2024-02-02	2029-07-26	2025-12-17	23.57	18.65	20230727-20240726,票面利率:0.30%;20240727-20250726,票面利率:0.50%;20250727-20251216,票面利率:1.00%	113.0	AA-	AA-	中证鹏元资信评估股份有限公司
123213.SZ	武汉天源环保股份有限公司创业板向不特定对象发行可转换公司债券	天源转债		301127.SZ	武汉天源	6.0	100.0	100.0	1000000000.0	325984100.0	2023-07-28	2029-07-28		1.0	9.5	1	2023-08-16	1970-01-01	深交所	2024-02-05	2029-07-27	1970-01-01	10.3	7.14	20230728-20240727,票面利率:0.30%;20240728-20250727,票面利率:0.50%;20250728-20260727,票面利率:1.00%;20260728-20270727,票面利率:1.50%;20270728-20280727,票面利率:2.00%;20280728-20290727,票面利率:2.50%	112.0	AA-	AA-	联合资信评估股份有限公司
123214.SZ	包头东宝生物技术股份有限公司向不特定对象发行可转换公司债券	东宝转债		300239.SZ	东宝生物	6.0	100.0	100.0	455000000.0	454866000.0	2023-07-31	2029-07-31		1.0	10.5	1	2023-08-18	1970-01-01	深交所	2024-02-05	2029-07-30	1970-01-01	6.67	6.62	20230731-20240730,票面利率:0.30%;20240731-20250730,票面利率:0.50%;20250731-20260730,票面利率:1.00%;20260731-20270730,票面利率:1.50%;20270731-20280730,票面利率:2.00%;20280731-20290730,票面利率:2.50%	113.0	A+	A+	中证鹏元资信评估股份有限公司
123215.SZ	深圳市铭利达精密技术股份有限公司向不特定对象发行可转换公司债券	铭利转债		301268.SZ	铭利达	6.0	100.0	100.0	1000000000.0	855543700.0	2023-08-03	2029-08-03		1.0	15.0	1	2023-08-23	1970-01-01	深交所	2024-02-19	2029-08-02	1970-01-01	37.82	19.2	20230803-20240802,票面利率:0.30%;20240803-20250802,票面利率:0.50%;20250803-20260802,票面利率:1.00%;20260803-20270802,票面利率:1.50%;20270803-20280802,票面利率:2.00%;20280803-20290802,票面利率:3.00%	118.0	AA-	A+	中证鹏元资信评估股份有限公司
123216.SZ	科顺防水科技股份有限公司向不特定对象发行可转换公司债券	科顺转债		300737.SZ	科顺股份	6.0	100.0	100.0	2198000000.0	2195938100.0	2023-08-04	2029-08-04		1.0	13.0	1	2023-08-23	1970-01-01	深交所	2024-02-19	2029-08-03	1970-01-01	10.26	6.61	20230804-20240803,票面利率:0.30%;20240804-20250803,票面利率:0.50%;20250804-20260803,票面利率:1.00%;20260804-20270803,票面利率:1.50%;20270804-20280803,票面利率:1.80%;20280804-20290803,票面利率:2.00%	115.0	AA	AA-	联合资信评估股份有限公司
123217.SZ	四会富仕电子科技股份有限公司向不特定对象发行可转换公司债券	富仕转债		300852.SZ	四会富仕	6.0	100.0	100.0	570000000.0	0.0	2023-08-08	2029-08-08		0.8	8.0	1	2023-08-24	2025-11-12	深交所	2024-02-19	2029-08-07	2025-11-04	41.77	29.57	20230808-20240807,票面利率:0.30%;20240808-20250807,票面利率:0.40%;20250808-20251103,票面利率:0.80%	110.0	AA-	AA-	中证鹏元资信评估股份有限公司
123218.SZ	浙江宏昌电器科技股份有限公司向不特定对象发行可转换公司债券	宏昌转债		301008.SZ	宏昌科技	6.0	100.0	100.0	380000000.0	0.0	2023-08-10	2029-08-10		0.5	12.0	1	2023-08-30	2025-06-25	深交所	2024-02-19	2029-08-09	2025-06-17	29.62	19.54	20230810-20240809,票面利率:0.30%;20240810-20250616,票面利率:0.50%	115.0	A+	A+	中证鹏元资信评估股份有限公司
123219.SZ	东莞市宇瞳光学科技股份有限公司向不特定对象发行可转换公司债券	宇瞳转债		300790.SZ	宇瞳光学	6.0	100.0	100.0	600000000.0	0.0	2023-08-11	2029-08-11		0.5	10.0	1	2023-08-29	2024-12-27	深交所	2024-02-19	2029-08-10	2024-12-19	15.29	12.45	20230811-20240810,票面利率:0.30%;20240811-20241218,票面利率:0.50%	113.0	A+	A+	中证鹏元资信评估股份有限公司
123220.SZ	深圳市易瑞生物技术股份有限公司向不特定对象发行可转换公司债券	易瑞转债		300942.SZ	易瑞生物	6.0	100.0	100.0	328196700.0	290746800.0	2023-08-18	2029-08-18		0.6	13.0	1	2023-09-06	1970-01-01	深交所	2024-02-26	2029-08-17	1970-01-01	12.87	8.85	20230818-20240817,票面利率:0.20%;20240818-20250817,票面利率:0.40%;20250818-20260817,票面利率:0.60%;20260818-20270817,票面利率:1.50%;20270818-20280817,票面利率:1.80%;20280818-20290817,票面利率:2.00%	115.0	A+	A+	中证鹏元资信评估股份有限公司
123221.SZ	山东力诺特种玻璃股份有限公司向不特定对象发行可转换公司债券	力诺转债		301188.SZ	力诺药包	6.0	100.0	100.0	500000000.0	0.0	2023-08-23	2029-08-23		1.0	5.5	1	2023-09-14	2026-03-23	深交所	2024-02-29	2029-08-22	2026-03-13	14.4	14.2	20230823-20240822,票面利率:0.30%;20240823-20250822,票面利率:0.50%;20250823-20260312,票面利率:1.00%	108.0	A+	A+	联合资信评估股份有限公司
123222.SZ	江苏博俊工业科技股份有限公司向不特定对象发行可转换公司债券	博俊转债		300926.SZ	博俊科技	6.0	100.0	100.0	500000000.0	243822300.0	2023-09-08	2029-09-08		1.0	12.5	1	2023-09-28	1970-01-01	深交所	2024-03-14	2029-09-07	1970-01-01	24.37	16.46	20230908-20240907,票面利率:0.20%;20240908-20250907,票面利率:0.40%;20250908-20260907,票面利率:1.00%;20260908-20270907,票面利率:1.50%;20270908-20280907,票面利率:1.80%;20280908-20290907,票面利率:2.50%	115.0	A+	A+	东方金诚国际信用评估有限公司
123223.SZ	湖南九典制药股份有限公司创业板向不特定对象发行可转换公司债券	九典转02		300705.SZ	九典制药	6.0	100.0	100.0	360000000.0	205275200.0	2023-09-15	2029-09-15		1.0	10.0	1	2023-10-13	1970-01-01	深交所	2024-03-21	2029-09-14	1970-01-01	21.85	14.55	20230915-20240914,票面利率:0.30%;20240915-20250914,票面利率:0.50%;20250915-20260914,票面利率:1.00%;20260915-20270914,票面利率:1.50%;20270915-20280914,票面利率:2.50%;20280915-20290914,票面利率:3.00%	113.0	A+	A+	上海新世纪资信评估投资服务有限公司
123224.SZ	苏州宇邦新型材料股份有限公司向不特定对象发行可转换公司债券	宇邦转债		301266.SZ	宇邦新材	6.0	100.0	100.0	500000000.0	284796900.0	2023-09-19	2029-09-19		0.6	12.0	1	2023-10-18	1970-01-01	深交所	2024-03-25	2029-09-18	1970-01-01	52.9	28.17	20230919-20240918,票面利率:0.20%;20240919-20250918,票面利率:0.40%;20250919-20260918,票面利率:0.60%;20260919-20270918,票面利率:1.70%;20270919-20280918,票面利率:2.40%;20280919-20290918,票面利率:3.00%	115.0	A+	A+	中诚信国际信用评级有限责任公司
123225.SZ	深圳市翔丰华科技股份有限公司向不特定对象发行可转换公司债券	翔丰转债		300890.SZ	翔丰华	6.0	100.0	100.0	800000000.0	558454100.0	2023-10-10	2029-10-10		1.0	15.0	1	2023-10-26	1970-01-01	深交所	2024-04-16	2029-10-09	1970-01-01	33.63	27.34	20231010-20241009,票面利率:0.30%;20241010-20251009,票面利率:0.50%;20251010-20261009,票面利率:1.00%;20261010-20271009,票面利率:1.50%;20271010-20281009,票面利率:2.00%;20281010-20291009,票面利率:3.00%	118.0	AA-	AA-	中证鹏元资信评估股份有限公司
123226.SZ	深圳中富电路股份有限公司向不特定对象发行可转换公司债券	中富转债		300814.SZ	中富电路	6.0	100.0	100.0	520000000.0	0.0	2023-10-16	2029-10-16		0.4	12.5	1	2023-11-03	2025-04-22	深交所	2024-04-20	2029-10-15	2025-04-11	36.44	27.82	20231016-20241015,票面利率:0.20%;20241016-20250410,票面利率:0.40%	115.0	AA-	AA-	东方金诚国际信用评估有限公司
123227.SZ	上海雅创电子集团股份有限公司向不特定对象发行可转换公司债券	雅创转债		301099.SZ	雅创电子	6.0	100.0	100.0	363000000.0	0.0	2023-10-20	2029-10-20		0.5	12.0	1	2023-11-10	2025-04-10	深交所	2024-04-26	2029-10-19	2025-04-01	53.34	34.81	20231020-20241019,票面利率:0.30%;20241020-20250331,票面利率:0.50%	115.0	A+	A+	联合资信评估股份有限公司
123228.SZ	宁波震裕科技股份有限公司创业板向不特定对象发行可转换公司债券	震裕转债		300953.SZ	震裕科技	6.0	100.0	100.0	1195000000.0	0.0	2023-10-20	2029-10-20		0.4	12.5	1	2023-11-09	2025-05-07	深交所	2024-04-26	2029-10-19	2025-04-23	61.57	54.54	20231020-20241019,票面利率:0.20%;20241020-20250422,票面利率:0.40%	115.0	AA-	AA-	上海新世纪资信评估投资服务有限公司
123229.SZ	上海艾录包装股份有限公司向不特定对象发行可转换公司债券	艾录转债		301062.SZ	上海艾录	6.0	100.0	100.0	500000000.0	177946800.0	2023-10-23	2029-10-23		1.0	12.0	1	2023-11-20	1970-01-01	深交所	2024-04-29	2029-10-22	1970-01-01	10.15	9.95	20231023-20241022,票面利率:0.30%;20241023-20251022,票面利率:0.50%;20251023-20261022,票面利率:1.00%;20261023-20271022,票面利率:1.80%;20271023-20281022,票面利率:2.50%;20281023-20291022,票面利率:3.00%	115.0	A+	A	联合资信评估股份有限公司
123230.SZ	广州市金钟汽车零件股份有限公司向不特定对象发行可转换公司债券	金钟转债		301133.SZ	金钟股份	6.0	100.0	100.0	350000000.0	0.0	2023-11-09	2029-11-09		1.0	12.0	1	2023-12-01	2026-01-28	深交所	2024-05-15	2029-11-08	2026-01-20	29.1	24.31	20231109-20241108,票面利率:0.40%;20241109-20251108,票面利率:0.60%;20251109-20260119,票面利率:1.00%	115.0	A	A	中证鹏元资信评估股份有限公司
123231.SZ	深圳信测标准技术服务股份有限公司创业板向不特定对象发行可转换公司债券	信测转债		300938.SZ	信测标准	6.0	100.0	100.0	545000000.0	0.0	2023-11-09	2029-11-09		0.5	12.5	1	2023-11-29	2025-09-16	深交所	2024-05-15	2029-11-08	2025-09-08	36.89	18.22	20231109-20241108,票面利率:0.20%;20241109-20250907,票面利率:0.50%	115.0	AA-	AA-	中证鹏元资信评估股份有限公司
123232.SZ	金现代信息产业股份有限公司向不特定对象发行可转换公司债券	金现转债		300830.SZ	金现代	6.0	100.0	100.0	202512500.0	0.0	2023-11-27	2029-11-27		0.5	12.0	1	2023-12-19	2025-10-13	深交所	2024-06-03	2029-11-26	2025-09-24	9.39	9.35	20231127-20241126,票面利率:0.30%;20241127-20250923,票面利率:0.50%	115.0	A+	A+	中证鹏元资信评估股份有限公司
123233.SZ	山东凯盛新材料股份有限公司向不特定对象发行可转换公司债券	凯盛转债		301069.SZ	凯盛新材	6.0	100.0	100.0	650000000.0	0.0	2023-11-29	2029-11-29		0.8	12.5	1	2023-12-15	2026-01-26	深交所	2024-06-05	2029-11-28	2026-01-15	20.26	19.96	20231129-20241128,票面利率:0.20%;20241129-20251128,票面利率:0.40%;20251129-20260114,票面利率:0.80%	115.0	AA-	AA-	中证鹏元资信评估股份有限公司
123234.SZ	中能电气股份有限公司创业板向不特定对象发行可转换公司债券	中能转债		300062.SZ	中能电气	6.0	100.0	100.0	400000000.0	0.0	2023-12-11	2029-12-11		0.8	12.5	1	2023-12-29	2025-12-24	深交所	2024-06-17	2029-12-10	2025-12-16	6.42	5.5	20231211-20241210,票面利率:0.20%;20241211-20251210,票面利率:0.40%;20251211-20251215,票面利率:0.80%	115.0	A+	A+	中证鹏元资信评估股份有限公司
123235.SZ	浙江亿田智能厨电股份有限公司向不特定对象发行可转换公司债券	亿田转债		300911.SZ	亿田智能	6.0	100.0	100.0	520210000.0	435276300.0	2023-12-21	2029-12-21		1.0	12.5	1	2024-01-12	1970-01-01	深交所	2024-06-27	2029-12-20	1970-01-01	38.08	21.31	20231221-20241220,票面利率:0.30%;20241221-20251220,票面利率:0.50%;20251221-20261220,票面利率:1.00%;20261221-20271220,票面利率:1.50%;20271221-20281220,票面利率:2.00%;20281221-20291220,票面利率:2.50%	115.0	AA-	A+	中证鹏元资信评估股份有限公司
123236.SZ	宁波家联科技股份有限公司向不特定对象发行可转换公司债券	家联转债		301193.SZ	家联科技	6.0	100.0	100.0	750000000.0	0.0	2023-12-22	2029-12-22		0.8	13.0	1	2024-01-18	2026-06-05	深交所	2024-06-28	2029-12-21	2026-05-28	18.69	15.33	20231222-20241221,票面利率:0.20%;20241222-20251221,票面利率:0.50%;20251222-20260527,票面利率:0.80%	115.0	AA-	AA-	中证鹏元资信评估股份有限公司
123237.SZ	佳禾智能科技股份有限公司向不特定对象发行可转换公司债券	佳禾转债		300793.SZ	佳禾智能	6.0	100.0	100.0	1004000000.0	431447700.0	2024-01-04	2030-01-04		0.8	10.5	1	2024-01-24	1970-01-01	深交所	2024-07-10	2030-01-03	1970-01-01	21.75	13.46	20240104-20250103,票面利率:0.20%;20250104-20260103,票面利率:0.40%;20260104-20270103,票面利率:0.80%;20270104-20280103,票面利率:1.50%;20280104-20290103,票面利率:2.00%;20290104-20300103,票面利率:2.50%	113.0	A+	A+	中证鹏元资信评估股份有限公司
123238.SZ	宁波卡倍亿电气技术股份有限公司向不特定对象发行可转换公司债券	卡倍转02		300863.SZ	卡倍亿	6.0	100.0	100.0	529000000.0	0.0	2024-01-11	2030-01-11		0.4	12.5	1	2024-02-01	2025-01-23	深交所	2024-07-17	2030-01-10	2025-01-15	49.01	29.25	20240111-20250110,票面利率:0.20%;20250111-20250114,票面利率:0.40%	115.0	A+	A+	中证鹏元资信评估股份有限公司
123239.SZ	恒锋工具股份有限公司创业板向不特定对象发行可转换公司债券	锋工转债		300488.SZ	恒锋工具	6.0	100.0	100.0	620000000.0	0.0	2024-01-19	2030-01-19		0.8	12.5	1	2024-02-22	2026-04-09	深交所	2024-07-25	2030-01-18	2026-03-31	24.95	24.19	20240119-20250118,票面利率:0.20%;20250119-20260118,票面利率:0.40%;20260119-20260330,票面利率:0.80%	115.0	A+	A+	中证鹏元资信评估股份有限公司
123240.SZ	楚天科技股份有限公司向不特定对象发行可转换公司债券	楚天转债		300358.SZ	楚天科技	6.0	100.0	100.0	1000000000.0	0.0	2024-01-31	2030-01-31		0.5	8.0	1	2024-02-29	2025-12-30	深交所	2024-08-06	2030-01-30	2025-12-22	10.0	8.0	20240131-20250130,票面利率:0.30%;20250131-20251221,票面利率:0.50%	110.0	AA	AA	联合资信评估股份有限公司
123241.SZ	深圳欧陆通电子股份有限公司向不特定对象发行可转换公司债券	欧通转债		300870.SZ	欧陆通	6.0	100.0	100.0	644526500.0	260476500.0	2024-07-05	2030-07-05		0.3	10.0	1	2024-07-26	1970-01-01	深交所	2025-01-13	2030-07-04	1970-01-01	44.86	30.8	20240705-20250704,票面利率:0.10%;20250705-20260704,票面利率:0.30%;20260705-20270704,票面利率:0.60%;20270705-20280704,票面利率:1.00%;20280705-20290704,票面利率:1.50%;20290705-20300704,票面利率:2.00%	112.0	AA-	AA-	中证鹏元资信评估股份有限公司
123242.SZ	广州市聚赛龙工程塑料股份有限公司向不特定对象发行可转换公司债券	赛龙转债		301131.SZ	聚赛龙	6.0	100.0	100.0	250000000.0	0.0	2024-07-08	2030-07-08		0.5	12.2	1	2024-07-29	2026-03-13	深交所	2025-01-13	2030-07-07	2026-03-05	36.81	36.2	20240708-20250707,票面利率:0.30%;20250708-20260304,票面利率:0.50%	115.0	A+	A+	中证鹏元资信评估股份有限公司
123243.SZ	浙江严牌过滤技术股份有限公司向不特定对象发行可转换公司债券	严牌转债		301081.SZ	严牌股份	6.0	100.0	100.0	467888900.0	260722300.0	2024-07-10	2030-07-10		0.4	11.5	1	2024-07-26	1970-01-01	深交所	2025-01-16	2030-07-09	1970-01-01	7.58	7.22	20240710-20250709,票面利率:0.20%;20250710-20260709,票面利率:0.40%;20260710-20270709,票面利率:0.80%;20270710-20280709,票面利率:1.50%;20280710-20290709,票面利率:2.00%;20290710-20300709,票面利率:2.50%	114.0	A+	A+	中诚信国际信用评级有限责任公司
123244.SZ	浙江松原汽车安全系统股份有限公司向不特定对象发行可转换公司债券	松原转债		300893.SZ	松原安全	6.0	100.0	100.0	410000000.0	0.0	2024-08-01	2030-08-01		0.4	12.5	1	2024-08-22	2025-10-17	深交所	2025-02-07	2030-07-31	2025-09-30	28.7	20.32	20240801-20250731,票面利率:0.20%;20250801-20250929,票面利率:0.40%	115.0	A+	A+	联合资信评估股份有限公司
123245.SZ	杭州集智机电股份有限公司向不特定对象发行可转换公司债券	集智转债		300553.SZ	集智股份	6.0	100.0	100.0	254600000.0	153742400.0	2024-08-14	2030-08-14		0.6	12.0	1	2024-08-28	1970-01-01	深交所	2025-02-20	2030-08-13	1970-01-01	23.54	18.06	20240814-20250813,票面利率:0.40%;20250814-20260813,票面利率:0.60%;20260814-20270813,票面利率:1.00%;20270814-20280813,票面利率:1.60%;20280814-20290813,票面利率:2.50%;20290814-20300813,票面利率:3.00%	115.0	A	A	中证鹏元资信评估股份有限公司
123246.SZ	远信工业股份有限公司向不特定对象发行可转换公司债券	远信转债		301053.SZ	远信工业	6.0	100.0	100.0	286467000.0	0.0	2024-08-16	2030-08-16		0.7	15.0	1	2024-09-03	2026-04-24	深交所	2025-02-24	2030-08-15	2026-04-16	23.25	22.95	20240816-20250815,票面利率:0.50%;20250816-20260415,票面利率:0.70%	118.0	A	A	中诚信国际信用评级有限责任公司
123247.SZ	万凯新材料股份有限公司向不特定对象发行可转换公司债券	万凯转债		301216.SZ	万凯新材	6.0	100.0	100.0	2700000000.0	1964258200.0	2024-08-16	2030-08-16		0.5	8.0	1	2024-09-05	1970-01-01	深交所	2025-02-24	2030-08-15	1970-01-01	11.45	11.3	20240816-20250815,票面利率:0.30%;20250816-20260815,票面利率:0.50%;20260816-20270815,票面利率:1.00%;20270816-20280815,票面利率:1.50%;20280816-20290815,票面利率:1.80%;20290816-20300815,票面利率:2.00%	110.0	AA	AA	中证鹏元资信评估股份有限公司
123248.SZ	江苏恒辉安防股份有限公司向不特定对象发行可转换公司债券	恒辉转债		300952.SZ	恒辉安防	6.0	100.0	100.0	500000000.0	0.0	2024-08-21	2030-08-21		0.2	10.0	1	2024-09-12	2025-08-11	深交所	2025-02-27	2030-08-20	2025-08-01	18.26	18.11	20240821-20250731,票面利率:0.20%	112.0	AA-	AA-	中诚信国际信用评级有限责任公司
123249.SZ	珠海英搏尔电气股份有限公司创业板向不特定对象发行可转换公司债券	英搏转债		300681.SZ	英搏尔	6.0	100.0	100.0	817159700.0	0.0	2024-10-24	2030-10-24		0.5	8.0	1	2024-11-11	2026-01-15	深交所	2025-04-30	2030-10-23	2026-01-07	17.57	17.34	20241024-20251023,票面利率:0.30%;20251024-20260106,票面利率:0.50%	110.0	AA	AA	东方金诚国际信用评估有限公司
123250.SZ	浙江嘉益保温科技股份有限公司向不特定对象发行可转换公司债券	嘉益转债		301004.SZ	嘉益股份	6.0	100.0	100.0	397938400.0	395514500.0	2024-11-07	2030-11-07		0.4	11.5	1	2024-11-26	1970-01-01	深交所	2025-05-13	2030-11-06	1970-01-01	116.05	79.66	20241107-20251106,票面利率:0.20%;20251107-20261106,票面利率:0.40%;20261107-20271106,票面利率:0.80%;20271107-20281106,票面利率:1.50%;20281107-20291106,票面利率:2.00%;20291107-20301106,票面利率:2.50%	114.0	A+	A+	中证鹏元资信评估股份有限公司
123251.SZ	武汉华康世纪医疗股份有限公司向不特定对象发行可转换公司债券	华医转债		301235.SZ	华康洁净	6.0	100.0	100.0	750000000.0	701134300.0	2024-12-23	2030-12-23		0.4	12.5	1	2025-01-09	1970-01-01	深交所	2025-06-27	2030-12-22	1970-01-01	22.48	22.24	20241223-20251222,票面利率:0.20%;20251223-20261222,票面利率:0.40%;20261223-20271222,票面利率:0.80%;20271223-20281222,票面利率:1.50%;20281223-20291222,票面利率:2.00%;20291223-20301222,票面利率:2.50%	115.0	A+	A+	中证鹏元资信评估股份有限公司
123252.SZ	银邦金属复合材料股份有限公司向不特定对象发行可转换公司债券	银邦转债		300337.SZ	银邦股份	6.0	100.0	100.0	785000000.0	784640500.0	2025-01-07	2031-01-07		0.4	10.7	1	2025-01-24	1970-01-01	深交所	2025-07-14	2031-01-06	1970-01-01	12.52	12.51	20250107-20260106,票面利率:0.20%;20260107-20270106,票面利率:0.40%;20270107-20280106,票面利率:0.80%;20280107-20290106,票面利率:1.50%;20290107-20300106,票面利率:1.90%;20300107-20310106,票面利率:2.30%	113.0	AA-	AA-	联合资信评估股份有限公司
123253.SZ	浙江永贵电器股份有限公司向不特定对象发行可转换公司债券	永贵转债		300351.SZ	永贵电器	6.0	100.0	100.0	980000000.0	979753400.0	2025-03-13	2031-03-13		0.4	10.7	1	2025-03-28	1970-01-01	深交所	2025-09-19	2031-03-12	1970-01-01	18.29	18.19	20250313-20260312,票面利率:0.20%;20260313-20270312,票面利率:0.40%;20270313-20280312,票面利率:0.80%;20280313-20290312,票面利率:1.50%;20290313-20300312,票面利率:1.90%;20300313-20310312,票面利率:2.30%	113.0	AA-	AA-	中证鹏元资信评估股份有限公司
123254.SZ	惠州亿纬锂能股份有限公司创业板向不特定对象发行可转换公司债券	亿纬转债		300014.SZ	亿纬锂能	6.0	100.0	100.0	5000000000.0	0.0	2025-03-24	2031-03-24		0.4	10.0	1	2025-04-11	2026-05-07	深交所	2025-09-29	2031-03-24	2026-04-24	51.39	50.28	20250324-20260323,票面利率:0.20%;20260324-20260423,票面利率:0.40%	112.0	AA+	AA+	联合资信评估股份有限公司
123255.SZ	湖北鼎龙控股股份有限公司向不特定对象发行可转换公司债券	鼎龙转债		300054.SZ	鼎龙股份	6.0	100.0	100.0	910000000.0	909562400.0	2025-04-02	2031-04-02		0.4	8.0	1	2025-04-23	1970-01-01	深交所	2025-10-09	2031-04-01	1970-01-01	28.68	28.38	20250402-20260401,票面利率:0.20%;20260402-20270401,票面利率:0.40%;20270402-20280401,票面利率:0.80%;20280402-20290401,票面利率:1.50%;20290402-20300401,票面利率:1.80%;20300402-20310401,票面利率:2.00%	110.0	AA	AA	中证鹏元资信评估股份有限公司
123256.SZ	宁波恒帅股份有限公司向不特定对象发行可转换公司债券	恒帅转债		300969.SZ	恒帅股份	6.0	100.0	100.0	327590000.0	0.0	2025-05-29	2031-05-29		0.2	11.5	1	2025-06-17	2026-05-21	深交所	2025-12-05	2031-05-28	2026-05-13	62.55	62.55	20250529-20260512,票面利率:0.20%	114.0	A+	A+	联合资信评估股份有限公司
123257.SZ	安克创新科技股份有限公司向不特定对象发行可转换公司债券	安克转债		300866.SZ	安克创新	6.0	100.0	100.0	1104820000.0	1104660800.0	2025-06-16	2031-06-16		0.4	6.0	1	2025-07-04	1970-01-01	深交所	2025-12-22	2031-06-15	1970-01-01	111.94	108.86	20250616-20260615,票面利率:0.20%;20260616-20270615,票面利率:0.40%;20270616-20280615,票面利率:0.60%;20280616-20290615,票面利率:1.50%;20290616-20300615,票面利率:1.80%;20300616-20310615,票面利率:2.00%	108.0	AA+	AA+	中证鹏元资信评估股份有限公司
123258.SZ	胜蓝科技股份有限公司向不特定对象发行可转换公司债券	胜蓝转02		300843.SZ	胜蓝股份	6.0	100.0	100.0	450000000.0	449843100.0	2025-08-28	2031-08-28		0.2	10.7	1	2025-09-10	1970-01-01	深交所	2026-03-03	2031-08-27	1970-01-01	54.56	54.36	20250828-20260827,票面利率:0.20%;20260828-20270827,票面利率:0.40%;20270828-20280827,票面利率:0.80%;20280828-20290827,票面利率:1.50%;20290828-20300827,票面利率:1.90%;20300828-20310827,票面利率:2.30%	113.0	AA-	AA-	中证鹏元资信评估股份有限公司
123259.SZ	锦浪科技股份有限公司2025年度向不特定对象发行可转换公司债券	锦浪转02		300763.SZ	锦浪科技	6.0	100.0	100.0	1676583800.0	1676338900.0	2025-10-17	2031-10-17		0.2	8.0	1	2025-11-06	1970-01-01	深交所	2026-04-23	2031-10-16	1970-01-01	89.82	72.35	20251017-20261016,票面利率:0.20%;20261017-20271016,票面利率:0.40%;20271017-20281016,票面利率:0.80%;20281017-20291016,票面利率:1.20%;20291017-20301016,票面利率:1.80%;20301017-20311016,票面利率:2.00%	110.0	AA	AA	中证鹏元资信评估股份有限公司
123260.SZ	宁波星源卓镁技术股份有限公司向不特定对象发行可转换公司债券	卓镁转债		301398.SZ	星源卓镁	6.0	100.0	100.0	450000000.0	449939600.0	2025-11-07	2031-11-07		0.2	11.5	1	2025-11-24	1970-01-01	深交所	2026-05-13	2031-11-06	1970-01-01	52.3	52.15	20251107-20261106,票面利率:0.20%;20261107-20271106,票面利率:0.40%;20271107-20281106,票面利率:0.80%;20281107-20291106,票面利率:1.50%;20291107-20301106,票面利率:2.00%;20301107-20311106,票面利率:2.50%	114.0	A+	A+	中证鹏元资信评估股份有限公司
123261.SZ	普联软件股份有限公司向不特定对象发行可转换公司债券	普联转债		300996.SZ	普联软件	6.0	100.0	100.0	242932600.0	242908400.0	2025-12-05	2031-12-05		0.2	11.5	1	2025-12-22	1970-01-01	深交所	2026-06-11	2031-12-04	1970-01-01	18.26	12.97	20251205-20261204,票面利率:0.20%;20261205-20271204,票面利率:0.40%;20271205-20281204,票面利率:0.80%;20281205-20291204,票面利率:1.50%;20291205-20301204,票面利率:2.00%;20301205-20311204,票面利率:2.50%	114.0	A+	A+	中证鹏元资信评估股份有限公司
123262.SZ	神宇通信科技股份公司向不特定对象发行可转换公司债券	神宇转债		300563.SZ	神宇股份	6.0	100.0	100.0	500000000.0	499938000.0	2025-12-11	2031-12-11		0.2	8.2	1	2025-12-30	1970-01-01	深交所	2026-06-17	2031-12-10	1970-01-01	39.31	38.62	20251211-20261210,票面利率:0.20%;20261211-20271210,票面利率:0.40%;20271211-20281210,票面利率:0.60%;20281211-20291210,票面利率:1.00%;20291211-20301210,票面利率:1.50%;20301211-20311210,票面利率:1.80%	110.0	AA-	AA-	中诚信国际信用评级有限责任公司
123263.SZ	鼎捷数智股份有限公司向不特定对象发行可转换公司债券	鼎捷转债		300378.SZ	鼎捷数智	6.0	100.0	100.0	827664200.0	827530600.0	2025-12-15	2031-12-15		0.1	8.0	1	2025-12-31	1970-01-01	深交所	2026-06-22	2031-12-15	1970-01-01	43.54	43.42	20251215-20261214,票面利率:0.10%;20261215-20271214,票面利率:0.30%;20271215-20281214,票面利率:0.60%;20281215-20291214,票面利率:1.00%;20291215-20301214,票面利率:1.50%;20301215-20311214,票面利率:2.00%	110.0	AA	AA	联合资信评估股份有限公司
123264.SZ	双乐颜料股份有限公司向不特定对象发行可转换公司债券	双乐转债		301036.SZ	双乐股份	6.0	100.0	100.0	800000000.0	800000000.0	2025-12-26	2031-12-26		0.2	8.2	1	2026-01-16	1970-01-01	深交所	2026-07-06	2031-12-25	1970-01-01	36.7	36.4	20251226-20261225,票面利率:0.20%;20261226-20271225,票面利率:0.40%;20271226-20281225,票面利率:0.60%;20281226-20291225,票面利率:1.00%;20291226-20301225,票面利率:1.50%;20301226-20311225,票面利率:1.80%	110.0	AA-	AA-	中证鹏元资信评估股份有限公司
123265.SZ	江西耐普矿机股份有限公司向不特定对象发行可转换公司债券	耐普转02		300818.SZ	耐普矿机	6.0	100.0	100.0	450000000.0	450000000.0	2026-01-16	2032-01-16		0.2	11.5	1	2026-01-30	1970-01-01	深交所	2026-07-22	2032-01-15	1970-01-01	38.44	29.5	20260116-20270115,票面利率:0.20%;20270116-20280115,票面利率:0.40%;20280116-20290115,票面利率:0.80%;20290116-20300115,票面利率:1.50%;20300116-20310115,票面利率:2.00%;20310116-20320115,票面利率:2.50%	114.0	A+	A+	中证鹏元资信评估股份有限公司
123266.SZ	博士眼镜连锁股份有限公司向不特定对象发行可转换公司债券	博士转债		300622.SZ	博士眼镜	6.0	100.0	100.0	375000000.0	375000000.0	2026-03-18	2032-03-18		0.1	10.0	1	2026-04-07	1970-01-01	深交所	2026-09-24	2032-03-17	1970-01-01	30.43	21.54	20260318-20270317,票面利率:0.10%;20270318-20280317,票面利率:0.30%;20280318-20290317,票面利率:0.60%;20290318-20300317,票面利率:1.00%;20300318-20310317,票面利率:1.50%;20310318-20320317,票面利率:2.00%	112.0	AA	AA	大公国际资信评估有限公司
123267.SZ	苏州珂玛材料科技股份有限公司向不特定对象发行可转换公司债券	珂玛转债		301611.SZ	珂玛科技	6.0	100.0	100.0	750000000.0	750000000.0	2026-04-16	2032-04-16		0.1	8.0	1	2026-05-13	1970-01-01	深交所	2026-10-22	2032-04-15	1970-01-01	97.57	97.47	20260416-20270415,票面利率:0.10%;20270416-20280415,票面利率:0.30%;20280416-20290415,票面利率:0.60%;20290416-20300415,票面利率:1.00%;20300416-20310415,票面利率:1.50%;20310416-20320415,票面利率:2.00%	110.0	AA	AA	中诚信国际信用评级有限责任公司
123268.SZ	江苏本川智能电路科技股份有限公司向不特定对象发行可转换公司债券	本川转债		300964.SZ	本川智能	6.0	100.0	100.0	469000000.0	469000000.0	2026-04-17	2032-04-17		0.2	13.0	1	2026-05-07	1970-01-01	深交所	2026-10-23	2032-04-16	1970-01-01	75.88	54.13	20260417-20270416,票面利率:0.20%;20270417-20280416,票面利率:0.40%;20280417-20290416,票面利率:0.60%;20290417-20300416,票面利率:1.00%;20300417-20310416,票面利率:1.50%;20310417-20320416,票面利率:2.00%	115.0	AA-	AA-sti	东方金诚国际信用评估有限公司
123269.SZ	无锡金杨精密制造股份有限公司向不特定对象发行可转换公司债券	金杨转债		301210.SZ	金杨精密	6.0	100.0	100.0	980000000.0	980000000.0	2026-04-20	2032-04-20		0.2	8.2	1	2026-05-11	1970-01-01	深交所	2026-10-26	2032-04-19	1970-01-01	39.8	28.24	20260420-20270419,票面利率:0.20%;20270420-20280419,票面利率:0.40%;20280420-20290419,票面利率:0.60%;20290420-20300419,票面利率:1.00%;20300420-20310419,票面利率:1.50%;20310420-20320419,票面利率:1.80%	110.0	AA-	AA-	中诚信国际信用评级有限责任公司
123270.SZ	盛德鑫泰新材料股份有限公司向不特定对象发行可转换公司债券	盛德转债		300881.SZ	盛德鑫泰	6.0	100.0	100.0	405096800.0	405096800.0	2026-06-01	2032-06-01		0.2	10.5	1	2026-06-12	1970-01-01	深交所	2026-12-07	2032-05-31	1970-01-01	53.68	53.68	20260601-20270531,票面利率:0.20%;20270601-20280531,票面利率:0.40%;20280601-20290531,票面利率:0.80%;20290601-20300531,票面利率:1.50%;20300601-20310531,票面利率:2.00%;20310601-20320531,票面利率:2.50%	113.0	A+	A+	中证鹏元资信评估股份有限公司
123271.SZ	石家庄通合电子科技股份有限公司向不特定对象发行可转换公司债券	通合转债		300491.SZ	通合科技	6.0	100.0	100.0	521932700.0	521932700.0	2026-06-02	2032-06-02		0.2	13.0	1	2026-06-17	1970-01-01	深交所	2026-12-08	2032-06-01	1970-01-01	33.18	33.18	20260602-20270601,票面利率:0.20%;20270602-20280601,票面利率:0.40%;20280602-20290601,票面利率:0.60%;20290602-20300601,票面利率:1.00%;20300602-20310601,票面利率:1.50%;20310602-20320601,票面利率:2.00%	115.0	AA	AA	东方金诚国际信用评估有限公司
123272.SZ	中汽研汽车试验场股份有限公司向不特定对象发行可转换公司债券	中汽转债		301215.SZ	中汽股份	6.0	100.0	100.0	1039040000.0	1039040000.0	2026-06-11	2032-06-11		0.2	6.0	1	2026-06-30	1970-01-01	深交所	2026-12-17	2032-06-10	1970-01-01	5.99	5.99	20260611-20270610,票面利率:0.20%;20270611-20280610,票面利率:0.40%;20280611-20290610,票面利率:0.60%;20290611-20300610,票面利率:1.50%;20300611-20310610,票面利率:1.80%;20310611-20320610,票面利率:2.00%	108.0	AA+	AA+	联合资信评估股份有限公司
123273.SZ	金三江(肇庆)硅材料股份有限公司向不特定对象发行可转换公司债券	三江转债		301059.SZ	金三江	6.0	100.0	100.0	290000000.0	290000000.0	2026-06-17	2032-06-17		0.2	11.5	1	2026-07-03	1970-01-01	深交所	2026-12-24	2032-06-16	1970-01-01	14.43	14.43	20260617-20270616,票面利率:0.20%;20270617-20280616,票面利率:0.40%;20280617-20290616,票面利率:0.80%;20290617-20300616,票面利率:1.50%;20300617-20310616,票面利率:2.00%;20310617-20320616,票面利率:2.50%	114.0	A+	A+	联合资信评估股份有限公司
123274.SZ	上海维科精密模塑股份有限公司向不特定对象发行可转换公司债券	维科转债		301499.SZ	维科精密	6.0	100.0	100.0	630000000.0	630000000.0	2026-06-26	2032-06-26		0.2	10.5	1	1970-01-01	1970-01-01	深交所	2027-01-04	2032-06-25	1970-01-01	35.62	35.62	20260626-20270625,票面利率:0.20%;20270626-20280625,票面利率:0.40%;20280626-20290625,票面利率:0.80%;20290626-20300625,票面利率:1.50%;20300626-20310625,票面利率:2.00%;20310626-20320625,票面利率:2.50%	113.0	A+	A+	中证鹏元资信评估股份有限公司
124001.SZ	广东新劲刚新材料科技股份有限公司定向可转换公司债券	劲刚定转		300629.SZ	新劲刚	6.0	100.0	100.0	65000000.0	0.0	2019-12-03	2025-12-03		1.0	0	1	1970-01-01	1970-01-01	深交所	2020-12-03	2025-12-02	1970-01-01	15.29	15.38	20191203-20201202,票面利率:0.30%;20201203-20211202,票面利率:0.50%;20211203-20220324,票面利率:1.00%	0			
124002.SZ	上海华铭智能终端设备股份有限公司定向可转换公司债券	华铭定转		300462.SZ	ST华铭	6.0	100.0	100.0	100000000.0	15851288.4	2019-12-24	2025-12-24		2.0	8.0	1	1970-01-01	1970-01-01	深交所	2020-12-24	2025-12-23	2025-12-24	13.86	14.03	20191224-20201223,票面利率:0.30%;20201224-20211223,票面利率:0.50%;20211224-20221223,票面利率:1.00%;20221224-20231223,票面利率:1.50%;20231224-20241223,票面利率:1.80%;20241224-20251223,票面利率:2.00%	110.0			
124003.SZ	北京必创科技股份有限公司定向可转换公司债券	必创定转		300667.SZ	必创科技	3.0	100.0	100.0	31000000.0	0.0	2020-01-08	2023-01-08		0.01	9.99	1	1970-01-01	1970-01-01	深交所	2021-01-08	2023-01-07	1970-01-01	22.89	15.09	20200108-20210107,票面利率:0.01%;20210108-20211110,票面利率:0.01%	110.0			
124004.SZ	惠州中京电子科技股份有限公司定向发行可转换公司债券	中京定转		002579.SZ	中京电子	6.0	100.0	100.0	27000000.0	0.0	2020-01-20	2026-01-20		0.01	0	1	2022-08-29	2022-09-21	深交所	2021-01-20	2026-01-19	1970-01-01	9.97	8.1	20200120-20210119,票面利率:0.01%;20210120-20220119,票面利率:0.01%;20220120-20220918,票面利率:0.01%	0			
124005.SZ	惠州中京电子科技股份有限公司第二期定向发行可转换公司债券	中京定02		002579.SZ	中京电子	6.0	100.0	100.0	240000000.0	0.0	2020-02-21	2026-02-21		1.0	9.0	1	2022-08-29	2022-09-21	深交所	2021-02-22	2026-02-20	1970-01-01	10.36	8.42	20200221-20210220,票面利率:0.60%;20210221-20220220,票面利率:0.80%;20220221-20220908,票面利率:1.00%	112.0			
124006.SZ	长春高新技术产业(集团)股份有限公司定向可转换公司债券	高新定转		000661.SZ	长春高新	6.0	100.0	100.0	450000000.0	0.0	2020-03-11	2026-03-11		0	0	0	2024-12-09	2024-12-25	深交所	2024-12-16	2026-03-10	1970-01-01	173.69	79.08		0			
124007.SZ	江苏雷科防务科技股份有限公司定向可转换公司债券	雷科定转		002413.SZ	雷科防务	6.0	100.0	100.0	283749900.0	0.0	2020-03-13	2026-03-13		0.5	8.0	1	1970-01-01	1970-01-01	深交所	2021-03-15	2026-03-12	2021-07-16	5.5	5.49	20200313-20210312,票面利率:0.30%;20210313-20210715,票面利率:0.50%	110.0			
124008.SZ	安徽辉隆农资集团股份有限公司定向可转换公司债券	辉隆定转		002556.SZ	辉隆股份	5.0	100.0	100.0	40000000.0	0.0	2020-04-14	2025-04-14		0.2	0	1	1970-01-01	1970-01-01	深交所	2021-04-14	2025-04-13	1970-01-01	5.13	4.93	20200414-20210413,票面利率:0.10%;20210414-20211128,票面利率:0.20%	0			
124009.SZ	安徽辉隆农资集团股份有限公司第二期定向可转换公司债券	辉隆定02		002556.SZ	辉隆股份	5.0	100.0	100.0	514065200.0	0.0	2020-04-21	2025-04-21		0.1	0	1	1970-01-01	1970-01-01	深交所	2020-10-21	2025-04-20	2021-03-17	6.6	6.5	20200421-20210316,票面利率:0.10%	0			
124010.SZ	苏州科斯伍德油墨股份有限公司定向可转换公司债券	科斯定转		300192.SZ	科德教育	1.39	100.0	100.0	300000000.0	0.0	2020-04-27	2021-09-15		0.01	0	0	1970-01-01	1970-01-01	深交所	2021-08-23	2021-09-14	1970-01-01	9.0	9.34	20200427-20210902,票面利率:0.01%	0			
124011.SZ	北京必创科技股份有限公司第二期定向可转换公司债券	必创定02		300667.SZ	必创科技	3.0	100.0	100.0	125000000.0	0.0	2020-05-06	2023-05-06		1.0	5.5	1	1970-01-01	1970-01-01	深交所	2020-11-06	2023-05-05	2020-12-16	22.95	15.23	20200506-20201215,票面利率:1.00%	110.0			
124012.SZ	江苏雷科防务科技股份有限公司第二期定向可转换公司债券	雷科定02		002413.SZ	雷科防务	6.0	100.0	100.0	397000000.0	0.0	2020-05-26	2026-05-26		2.0	8.0	1	1970-01-01	1970-01-01	深交所	2020-11-26	2026-05-25	1970-01-01	6.43	6.38	20200526-20210525,票面利率:0.30%;20210526-20220525,票面利率:0.50%;20220526-20230525,票面利率:1.00%;20230526-20240525,票面利率:1.50%;20240526-20250525,票面利率:1.80%;20250526-20260121,票面利率:2.00%	110.0			
124013.SZ	广东新劲刚新材料科技股份有限公司第二期定向可转换公司债券	劲刚定02		300629.SZ	新劲刚	6.0	100.0	100.0	72900000.0	0.0	2020-05-07	2026-05-07		0.5	10.0	1	1970-01-01	1970-01-01	深交所	2021-05-07	2026-05-06	2021-07-20	17.74	17.64	20200507-20210506,票面利率:0.30%;20210507-20210719,票面利率:0.50%	112.0			
124014.SZ	上海华铭智能终端设备股份有限公司第二期定向可转换公司债券	华铭定02		300462.SZ	ST华铭	6.0	100.0	100.0	120000000.0	0.0	2020-07-17	2026-07-17		2.0	8.0	1	1970-01-01	1970-01-01	深交所	2021-01-18	2026-07-16	1970-01-01	26.03	26.82	20200717-20210716,票面利率:0.30%;20210717-20220716,票面利率:0.50%;20220717-20230716,票面利率:1.00%;20230717-20240716,票面利率:1.50%;20240717-20250716,票面利率:1.80%;20250717-20250908,票面利率:2.00%	110.0			
124015.SZ	2020年新疆北新路桥集团股份有限公司定向可转换公司债券	北新定转		002307.SZ	北新路桥	6.0	100.0	100.0	108000000.0	0.0	2020-08-03	2026-08-03		0.8	0.0	1	1970-01-01	1970-01-01	深交所	2021-08-03	2026-08-02	1970-01-01	5.38	5.19	20200803-20210802,票面利率:0.60%;20210803-20220623,票面利率:0.80%	102.5			
124016.SZ	TCL科技集团股份有限公司2020年定向可转换公司债券	TCL定转1		000100.SZ	TCL科技	2.0	100.0	100.0	600000000.0	0.0	2020-11-11	2022-11-11		1.5	0	1	1970-01-01	1970-01-01	深交所	2021-11-11	2022-11-10	1970-01-01	4.01	3.79	20201111-20211110,票面利率:2.00%;20211111-20211201,票面利率:1.50%	0			
124017.SZ	TCL科技集团股份有限公司2020年非公开发行可转换公司债券	TCL定转2		000100.SZ	TCL科技	2.0	100.0	100.0	2600000000.0	0.0	2020-11-30	2022-11-30		0.1	0	1	2022-08-25	2022-11-30	深交所	2021-05-31	2022-11-29	1970-01-01	8.0	4.1	20201130-20211129,票面利率:0.50%;20211130-20221129,票面利率:0.10%	0			
124018.SZ	2020年河南易成新能源股份有限公司定向可转换公司债券	易成定转		300080.SZ	易成新能	6.0	100.0	100.0	65496400.0	0.0	2020-12-16	2026-12-16		0.1	9.9	1	2022-12-15	2022-12-27	深交所	2021-06-16	2026-12-15	1970-01-01	4.59	4.59	20201216-20211215,票面利率:0.10%;20211216-20221215,票面利率:0.10%;20221216-20221225,票面利率:0.10%	110.0			
124019.SZ	2021年深圳市容大感光科技股份有限公司定向可转换公司债券	容大定转		300576.SZ	容大感光	5.0	100.0	100.0	124800000.0	0.0	2021-01-13	2026-01-13		0.5	0	1	1970-01-01	1970-01-01	深交所	2022-01-13	2026-01-12	1970-01-01	27.61	22.94	20210113-20220112,票面利率:0.30%;20220113-20220216,票面利率:0.50%	0			
124021.SZ	2021年新疆北新路桥集团股份有限公司定向可转换公司债券	北新定02		002307.SZ	北新路桥	6.0	100.0	100.0	150000000.0	0.0	2021-04-28	2027-04-28		0.8	0	1	1970-01-01	1970-01-01	深交所	2022-04-28	2027-04-27	1970-01-01	3.89	3.89	20210428-20220427,票面利率:0.60%;20220428-20220623,票面利率:0.80%	0			
124022.SZ	楚天科技股份有限公司定向可转换公司债券	楚天定转		300358.SZ	楚天科技	6.0	100.0	100.0	50000000.0	0.0	2021-06-09	2027-06-09		0.5	2.5	0	1970-01-01	1970-01-01	深交所	2021-12-09	2027-06-08	1970-01-01	5.67	5.67	20210609-20211223,票面利率:0.50%	103.0			
124023.SZ	铜陵有色金属集团股份有限公司定向可转换公司债券	铜陵定转		000630.SZ	铜陵有色	6.0	100.0	100.0	333662600.0	0.0	2023-08-05	2029-08-05		1.0	0	1	2024-03-06	2024-05-30	深交所	2024-02-05	2029-08-04	1970-01-01	2.65	2.65	20230805-20240522,票面利率:1.00%	0			
124024.SZ	铜陵有色金属集团股份有限公司向特定对象发行可转换公司债券	铜陵定02		000630.SZ	铜陵有色	6.0	100.0	100.0	2146000000.0	0.0	2023-09-21	2029-09-21		1.1	7.4	1	2024-03-06	2025-10-17	深交所	2024-03-27	2029-09-20	1970-01-01	3.38	3.2	20230921-20240920,票面利率:0.10%;20240921-20250920,票面利率:0.60%;20250921-20250929,票面利率:1.10%	110.0			
124025.SZ	安徽富乐德科技发展股份有限公司定向可转换公司债券	富乐定转		301297.SZ	富乐德	4.0	100.0	100.0	359900900.0	347846400.0	2025-07-08	2029-07-08		0.01	0	1	2026-03-09	1970-01-01	深交所	2026-01-14	2029-07-07	1970-01-01	16.3	16.14	20250708-20260707,票面利率:0.01%;20260708-20270707,票面利率:0.01%;20270708-20280707,票面利率:0.01%;20280708-20290707,票面利率:0.01%	0			
125002.SZ	万科企业股份有限公司可转换公司债券	万科转债		000002.SZ	万科A	5.0	100.0	100.0	1500000000.0	0.0	2002-06-13	2007-06-13		1.5	0.0	1	2002-06-28	2004-04-30	深交所	2002-12-13	2007-06-12	2004-04-23	12.1	5.85	20020613-20030612,票面利率:1.50%;20030613-20040422,票面利率:1.50%	101.5			
125009.SZ	中国宝安集团股份有限公司可转换公司债券	宝安转券		000009.SZ	中国宝安	3.0	1.0	1.0	500000000.0	0.0	1993-01-01	1996-01-01		3.0	0	1	1993-02-10	1996-01-01	深交所	1993-06-01	1995-12-31	1970-01-01	25.0	19.392	19930101-19931231,票面利率:3.00%;19940101-19941231,票面利率:3.00%;19950101-19951231,票面利率:3.00%	0			
125024.SZ	招商局地产控股股份有限公司可转换公司债券	招商转债		000024.SZ	招商地产	5.0	100.0	100.0	1510000000.0	0.0	2006-08-30	2011-08-30		1.0	4.4	1	2006-09-11	2007-05-31	深交所	2007-03-01	2011-08-29	2007-05-25	13.09	13.09	20060830-20070524,票面利率:1.00%	107.0	AAA	AAA	远东资信评估有限公司
125069.SZ	深圳华侨城控股股份有限公司可转换公司债券	侨城转债		000069.SZ	华侨城A	3.0	100.0	100.0	400000000.0	0.0	2003-12-31	2006-12-31		1.8	0	1	2004-01-16	2005-04-29	深交所	2004-07-01	2006-12-30	2005-04-22	6.15	6.15	20031231-20041230,票面利率:1.20%;20041231-20050421,票面利率:1.80%	0	AAA-	AAA-	中诚信国际信用评级有限责任公司
125089.SZ	深圳市机场股份有限公司可转换公司债券	深机转债		000089.SZ	深圳机场	6.0	100.0	100.0	2000000000.0	0.0	2011-07-15	2017-07-15		1.3	5.1	1	2011-08-10	2015-06-08	深交所	2012-01-16	2017-07-14	2015-05-29	5.66	5.54	20110715-20120714,票面利率:0.60%;20120715-20130714,票面利率:0.80%;20130715-20140714,票面利率:1.00%;20140715-20150528,票面利率:1.30%	107.0	AAA	AAA	联合信用评级有限公司
125301.SZ	吴江丝绸股份有限公司可转换公司债券	丝绸转债		000301.SZ	东方盛虹	5.0	100.0	100.0	200000000.0	0.0	1998-08-28	2003-08-28		1.8	0	1	1998-09-15	2003-08-28	深交所	2000-05-29	2003-08-27	2003-08-28	4.1	4.1	19980828-19990827,票面利率:1.00%;19990828-20000827,票面利率:1.20%;20000828-20010827,票面利率:1.40%;20010828-20020827,票面利率:1.60%;20020828-20030827,票面利率:1.80%	0			
125302.SZ	中国石化茂名炼油化工股份有限公司可转换公司债券	茂炼转债				5.0	100.0	100.0	1500000000.0	0.0	1999-07-28	2004-07-28		2.5	0	1	1999-08-17	2004-07-28	深交所	1970-01-01	1970-01-01	1970-01-01	0	0	19990728-20000727,票面利率:1.30%;20000728-20010727,票面利率:1.60%;20010728-20020727,票面利率:1.90%;20020728-20030727,票面利率:2.20%;20030728-20040727,票面利率:2.50%	0			
125488.SZ	山东晨鸣纸业集团股份有限公司可转换公司债券	晨鸣转债		000488.SZ	ST晨鸣	5.0	100.0	100.0	2000000000.0	0.0	2004-09-15	2009-09-15		2.97	0	1	2004-09-30	2007-05-21	深交所	2005-03-15	2009-09-14	2007-05-14	9.99	5.5	20040915-20041028,票面利率:1.50%;20041029-20050914,票面利率:1.70%;20050915-20060818,票面利率:2.05%;20060819-20060914,票面利率:2.30%;20060915-20070317,票面利率:2.68%;20070318-20070513,票面利率:2.97%	0	AAA	AAA	远东资信评估有限公司
125528.SZ	广西柳工机械股份有限公司可转换公司债券	柳工转债		000528.SZ	柳工	6.0	100.0	100.0	800000000.0	0.0	2008-04-18	2014-04-18		1.2	7.2	1	2008-05-06	2009-06-30	深交所	2008-10-18	2014-04-17	2009-06-22	26.87	9.57	20080418-20090417,票面利率:1.00%;20090418-20090621,票面利率:1.20%	110.0	AAA	AAA	中证鹏元资信评估股份有限公司
125572.SZ	海马投资集团股份有限公司可转换公司债券	海马转债		000572.SZ	海马汽车	5.0	100.0	100.0	820000000.0	0.0	2008-01-16	2013-01-16		1.8	3.3	1	2008-01-30	2009-06-09	深交所	2008-07-16	2013-01-15	2009-06-01	18.33	3.6	20080116-20090115,票面利率:1.50%;20090116-20090531,票面利率:1.80%	106.0	AAA	AAA	中诚信证评数据科技有限公司
125629.SZ	攀枝花新钢钒股份有限公司可转换公司债券	钢钒转债		000629.SZ	钒钛股份	5.0	100.0	100.0	1600000000.0	0.0	2003-01-22	2008-01-22		1.8	3.0	1	2003-02-17	2004-04-14	深交所	2003-07-22	2008-01-21	2004-04-06	5.8	5.64	20030122-20040121,票面利率:1.50%;20040122-20040405,票面利率:1.80%	0	AA	AAA	大公国际资信评估有限公司
125630.SZ	安徽铜都铜业股份有限公司可转换公司债券	铜都转债		000630.SZ	铜陵有色	5.0	100.0	100.0	760000000.0	0.0	2003-05-21	2008-05-21		1.2	7.9	1	2003-06-04	2006-07-11	深交所	2003-11-21	2008-05-15	2006-06-30	6.9	4.45	20030521-20040520,票面利率:1.20%;20040521-20050520,票面利率:1.20%;20050521-20060520,票面利率:1.20%;20060521-20060629,票面利率:1.20%	0	AA+	AA+	大公国际资信评估有限公司
125709.SZ	唐山钢铁股份有限公司可转换公司债券	唐钢转债		000709.SZ	河钢股份	5.0	100.0	100.0	3000000000.0	0.0	2007-12-14	2012-12-14		2.0	10.0	1	2007-12-28	2012-12-14	深交所	2008-06-14	2012-12-13	2012-12-14	20.8	7.57	20071214-20081213,票面利率:0.80%;20081214-20091213,票面利率:1.10%;20091214-20101213,票面利率:1.40%;20101214-20111213,票面利率:1.70%;20111214-20121213,票面利率:2.00%	112.0	AA+	AAA	联合资信评估股份有限公司
125717.SZ	广东韶钢松山股份有限公司可转换公司债券	韶钢转债		000717.SZ	中南股份	5.0	100.0	100.0	1538000000.0	0.0	2007-02-06	2012-02-06		2.9	0	1	2007-03-02	2007-10-16	深交所	2007-08-06	2012-02-05	2007-10-09	4.73	4.68	20070206-20070317,票面利率:1.90%;20070318-20070518,票面利率:2.10%;20070519-20070720,票面利率:2.30%;20070721-20070821,票面利率:2.50%;20070822-20070914,票面利率:2.70%;20070915-20071008,票面利率:2.90%	0	AAA	AAA	中诚信国际信用评级有限责任公司
125729.SZ	北京燕京啤酒股份有限公司可转换公司债券	燕京转债		000729.SZ	燕京啤酒	5.0	100.0	100.0	700000000.0	0.0	2002-10-16	2007-10-16		1.2	0	1	2002-10-31	2007-10-16	深交所	2003-10-16	2007-10-15	2007-10-16	10.59	7.06	20021016-20031015,票面利率:1.20%;20031016-20041015,票面利率:1.20%;20041016-20051015,票面利率:1.20%;20051016-20061015,票面利率:1.20%;20061016-20071015,票面利率:1.20%	0	AAA	AAA	大公国际资信评估有限公司
125731.SZ	四川美丰化工股份有限公司可转换公司债券	美丰转债		000731.SZ	四川美丰	5.0	100.0	100.0	650000000.0	0.0	2010-06-02	2015-06-02		1.2	3.2	1	2010-06-25	2013-04-24	深交所	2010-12-02	2015-06-01	2013-04-15	7.36	7.06	20100602-20110601,票面利率:0.80%;20110602-20120601,票面利率:1.00%;20120602-20130414,票面利率:1.20%	105.0	AA	AA	联合信用评级有限公司
125822.SZ	山东海化股份有限公司可转换公司债券	海化转债		000822.SZ	山东海化	5.0	100.0	100.0	1000000000.0	0.0	2004-09-07	2009-09-07		2.4	3.0	1	2004-09-23	2008-02-26	深交所	2005-03-07	2009-09-06	2008-02-18	7.15	4.5	20040907-20050906,票面利率:1.50%;20050907-20060906,票面利率:1.80%;20060907-20070906,票面利率:2.10%;20070907-20080217,票面利率:2.40%	0	AAA	AAA	远东资信评估有限公司
125887.SZ	安徽中鼎密封件股份有限公司可转换公司债券	中鼎转债		000887.SZ	中鼎股份	5.0	100.0	100.0	300000000.0	0.0	2011-02-11	2016-02-11		1.7	4.0	1	2011-03-01	2014-08-11	深交所	2011-08-11	2016-02-10	2014-08-01	25.31	6.9	20110211-20120210,票面利率:0.80%;20120211-20130210,票面利率:1.10%;20130211-20140210,票面利率:1.40%;20140211-20140731,票面利率:1.70%	106.0	AA	AA	中证鹏元资信评估股份有限公司
125898.SZ	鞍钢新轧钢股份有限公司可转换公司债券	鞍钢转债		000898.SZ	鞍钢股份	5.0	100.0	100.0	1500000000.0	0.0	2000-03-15	2005-03-15		1.2	0	1	2000-04-17	2005-03-14	深交所	2000-09-18	2005-03-14	2005-03-14	3.3	2.83	20000315-20010314,票面利率:1.20%;20010315-20020314,票面利率:1.20%;20020315-20030314,票面利率:1.20%;20030315-20040314,票面利率:1.20%;20040315-20050314,票面利率:1.20%	0			
125930.SZ	安徽丰原生物化学股份有限公司可转换公司债券	丰原转债		000930.SZ	中粮科技	5.0	100.0	100.0	500000000.0	0.0	2003-04-24	2008-04-24		2.2	0	1	2003-05-20	2006-03-24	深交所	2003-10-27	2008-04-22	2006-03-13	8.13	2.4	20030424-20040423,票面利率:1.80%;20040424-20050423,票面利率:2.00%;20050424-20060312,票面利率:2.20%	0	AAA-	AAA-	中诚信国际信用评级有限责任公司
125932.SZ	湖南华菱管线股份有限公司可转换公司债券	华菱转债		000932.SZ	华菱钢铁	5.0	100.0	100.0	2000000000.0	0.0	2004-07-16	2009-07-16		2.0	4.0	1	2004-08-03	2007-06-08	深交所	2005-01-16	2009-07-15	2007-05-31	5.01	4.3	20040716-20050715,票面利率:1.00%;20050716-20060715,票面利率:1.50%;20060716-20070530,票面利率:2.00%	0	AAA	AAA	远东资信评估有限公司
125936.SZ	江苏华西村股份有限公司可转换公司债券	华西转债		000936.SZ	华西股份	5.0	100.0	100.0	400000000.0	0.0	2003-09-01	2008-09-01		2.1	2.9	1	2003-09-16	2006-08-21	深交所	2004-03-01	2008-08-31	2006-08-14	11.86	2.7	20030901-20040831,票面利率:1.60%;20040901-20050831,票面利率:1.80%;20050901-20060813,票面利率:2.10%	0	AAA-	AAA-	中诚信国际信用评级有限责任公司
125937.SZ	河北金牛能源股份有限公司可转换公司债券	金牛转债		000937.SZ	冀中能源	5.0	100.0	100.0	700000000.0	0.0	2004-08-11	2009-08-11		2.2	0	1	2004-08-26	2008-03-18	深交所	2005-02-16	2009-08-10	2008-03-11	10.81	4.4	20040811-20050810,票面利率:1.60%;20050811-20060810,票面利率:1.80%;20060811-20070810,票面利率:2.00%;20070811-20080310,票面利率:2.20%	0	AAA	AAA	大公国际资信评估有限公司
125959.SZ	北京首钢股份有限公司可转换公司债券	首钢转债		000959.SZ	首钢股份	5.0	100.0	100.0	2000000000.0	0.0	2003-12-16	2008-12-16		1.5	0	1	2003-12-31	2007-04-13	深交所	2004-06-16	2008-12-15	2007-04-06	5.76	2.97	20031216-20041215,票面利率:1.50%;20041216-20051215,票面利率:1.50%;20051216-20061215,票面利率:1.50%;20061216-20070405,票面利率:1.50%	0	AAA	AAA	联合资信评估股份有限公司
125960.SZ	云南锡业股份有限公司可转换公司债券	锡业转债		000960.SZ	锡业股份	5.0	100.0	100.0	650000000.0	0.0	2007-05-14	2012-05-14		3.51	3.5	1	2007-05-29	2010-12-14	深交所	2007-11-14	2012-05-13	2010-12-03	29.3	21.35	20070514-20070518,票面利率:1.30%;20070519-20070720,票面利率:1.57%;20070721-20070821,票面利率:1.84%;20070822-20070914,票面利率:2.11%;20070915-20071220,票面利率:2.38%;20071221-20080513,票面利率:2.61%;20080514-20090513,票面利率:2.91%;20090514-20100513,票面利率:3.21%;20100514-20101202,票面利率:3.51%	106.0	AAA	AAA	中诚信国际信用评级有限责任公司
125969.SZ	安泰科技股份有限公司可转换公司债券	安泰转债		000969.SZ	安泰科技	6.0	100.0	100.0	750000000.0	0.0	2009-09-16	2015-09-16		1.0	4.0	1	2009-10-12	2010-06-23	深交所	2010-03-16	2015-09-15	2010-06-10	22.3	12.33	20090916-20100609,票面利率:1.00%	106.0	AA	AA	上海新世纪资信评估投资服务有限公司
126002.SZ	万科企业股份有限公司可转换公司债券	万科转2		000002.SZ	万科A	5.0	100.0	100.0	1990000000.0	0.0	2004-09-24	2009-09-24		1.375	4.5	1	2004-10-18	2006-04-14	深交所	2005-03-24	2009-09-23	2006-04-07	5.48	3.55	20040924-20050923,票面利率:1.00%;20050924-20060406,票面利率:1.38%	107.0			
126301.SZ	吴江丝绸股份有限公司可转换公司债券	丝绸转2		000301.SZ	东方盛虹	5.0	100.0	100.0	800000000.0	0.0	2002-09-09	2007-09-09		1.8	0	1	2002-09-24	2006-09-18	深交所	2003-03-10	2007-09-08	2006-09-11	8.78	3.0	20020909-20030908,票面利率:1.80%;20030909-20040908,票面利率:1.80%;20040909-20050908,票面利率:1.80%;20050909-20060908,票面利率:1.80%	0			
126630.SZ	铜陵有色金属集团股份有限公司可转换公司债券	铜陵转债		000630.SZ	铜陵有色	6.0	100.0	100.0	2000000000.0	0.0	2010-07-15	2016-07-15		0.6	2.9	1	2010-08-06	2011-04-01	深交所	2011-01-17	2016-07-14	2011-03-24	15.68	15.68	20100715-20110323,票面利率:0.60%	105.0	AA	AA	大公国际资信评估有限公司
126729.SZ	北京燕京啤酒股份有限公司可转换公司债券	燕京转债		000729.SZ	燕京啤酒	5.0	100.0	100.0	1130000000.0	0.0	2010-10-15	2015-10-15		1.4	0	1	2010-11-03	2015-06-15	深交所	2011-04-15	2015-10-14	2015-06-05	21.86	7.22	20101015-20111014,票面利率:0.50%;20111015-20121014,票面利率:0.70%;20121015-20131014,票面利率:0.90%;20131015-20141014,票面利率:1.10%;20141015-20150604,票面利率:1.40%	0	AA+	AA+	大公国际资信评估有限公司
127001.SZ	中信海洋直升机股份有限公司可转换公司债券	海直转债		000099.SZ	中信海直	6.0	100.0	100.0	650000000.0	0.0	2012-12-19	2018-12-19		1.0	4.0	1	2013-01-07	2014-10-08	深交所	2013-06-19	2018-12-18	2014-09-22	7.1	6.98	20121219-20131218,票面利率:0.50%;20131219-20140921,票面利率:1.00%	106.0	AA+	AA+	中证鹏元资信评估股份有限公司
127002.SZ	徐工集团工程机械股份有限公司可转换公司债券	徐工转债		000425.SZ	徐工机械	6.0	100.0	100.0	2500000000.0	0.0	2013-10-25	2019-10-25		1.3	5.5	1	2013-11-15	2015-02-16	深交所	2014-04-25	2019-10-24	2015-02-06	8.46	8.36	20131025-20141024,票面利率:0.80%;20141025-20150205,票面利率:1.30%	108.0	AAA	AAA	中诚信证评数据科技有限公司
127003.SZ	广东海印集团股份有限公司公开发行可转换公司债券	海印转债		000861.SZ	海印股份	6.0	100.0	100.0	1111000000.0	0.0	2016-06-08	2022-06-08		2.0	8.0	1	2016-07-01	2022-06-08	深交所	2016-12-16	2022-06-07	2022-06-08	5.26	2.99	20160608-20170607,票面利率:0.50%;20170608-20180607,票面利率:0.70%;20180608-20190607,票面利率:1.00%;20190608-20200607,票面利率:1.50%;20200608-20210607,票面利率:1.80%;20210608-20220607,票面利率:2.00%	110.0	AA-	AA-	东方金诚国际信用评估有限公司
127004.SZ	江南模塑科技股份有限公司公开发行可转换公司债券	模塑转债		000700.SZ	模塑科技	6.0	100.0	100.0	813660000.0	0.0	2017-06-02	2023-06-02		2.0	8.0	1	2017-06-26	2023-06-02	深交所	2017-12-08	2023-06-01	1970-01-01	8.0	7.24	20170602-20180601,票面利率:0.50%;20180602-20190601,票面利率:0.70%;20190602-20200601,票面利率:1.00%;20200602-20210601,票面利率:1.50%;20210602-20220601,票面利率:1.80%;20220602-20230601,票面利率:2.00%	110.0	AA	AA-	中诚信国际信用评级有限责任公司
127005.SZ	长江证券股份有限公司可转换公司债券	长证转债		000783.SZ	长江证券	6.0	100.0	100.0	5000000000.0	0.0	2018-03-12	2024-03-12		2.0	3.0	1	2018-04-11	2024-03-12	深交所	2018-09-17	2024-03-11	2024-03-12	7.6	6.71	20180312-20190311,票面利率:0.20%;20190312-20200311,票面利率:0.40%;20200312-20210311,票面利率:1.00%;20210312-20220311,票面利率:1.50%;20220312-20230311,票面利率:1.80%;20230312-20240311,票面利率:2.00%	105.0	AAA	AAA	联合资信评估股份有限公司
127006.SZ	吉林敖东药业集团股份有限公司可转换公司债券	敖东转债		000623.SZ	吉林敖东	6.0	100.0	100.0	2413000000.0	0.0	2018-03-13	2024-03-13		2.0	3.0	1	2018-05-11	2024-03-14	深交所	2018-09-19	2024-03-13	2024-03-14	21.12	14.21	20180313-20190312,票面利率:0.20%;20190313-20200312,票面利率:0.40%;20200313-20210312,票面利率:0.60%;20210313-20220312,票面利率:0.80%;20220313-20230312,票面利率:1.60%;20230313-20240312,票面利率:2.00%	105.0	AA+	AA+	中证鹏元资信评估股份有限公司
127007.SZ	湖北省广播电视信息网络股份有限公司可转换公司债券	湖广转债		000665.SZ	湖北广电	6.0	100.0	100.0	1733592000.0	0.0	2018-06-28	2024-06-28		2.0	6.0	1	2018-08-01	2024-07-01	深交所	2019-01-04	2024-06-28	2024-07-01	10.16	3.79	20180628-20190627,票面利率:0.50%;20190628-20200627,票面利率:0.80%;20200628-20210627,票面利率:1.00%;20210628-20220627,票面利率:1.50%;20220628-20230627,票面利率:1.80%;20230628-20240627,票面利率:2.00%	108.0	AA+	AA+	联合资信评估股份有限公司
127008.SZ	深圳市特发信息股份有限公司公开发行可转换公司债券	特发转债		000070.SZ	特发信息	5.0	100.0	100.0	419400000.0	0.0	2018-11-16	2023-11-16		1.0	6.0	1	2018-12-25	2021-03-15	深交所	2019-05-22	2023-11-15	2021-03-05	6.78	5.54	20181116-20191115,票面利率:0.40%;20191116-20201115,票面利率:0.60%;20201116-20210304,票面利率:1.00%	108.0	AA	AA	中证鹏元资信评估股份有限公司
127009.SZ	冰轮环境技术股份有限公司公开发行A股可转换公司债券	冰轮转债		000811.SZ	冰轮环境	6.0	100.0	100.0	509130000.0	0.0	2019-01-14	2025-01-14		0.4	7.0	1	2019-02-21	2019-10-23	深交所	2019-07-18	2025-01-13	2019-10-15	5.52	5.47	20190114-20191014,票面利率:0.40%	110.0	AA	AA	东方金诚国际信用评估有限公司
127010.SZ	平安银行股份有限公司公开发行可转换公司债券	平银转债		000001.SZ	平安银行	6.0	100.0	100.0	26000000000.0	0.0	2019-01-21	2025-01-21		0.2	6.0	1	2019-02-18	2019-09-27	深交所	2019-07-25	2025-01-20	2019-09-19	11.77	11.63	20190121-20190918,票面利率:0.20%	110.0	AAA	AAA	中诚信证评数据科技有限公司
127011.SZ	安徽中鼎密封件股份有限公司可转换公司债券	中鼎转2		000887.SZ	中鼎股份	6.0	100.0	100.0	1200000000.0	0.0	2019-03-08	2025-03-08		1.0	7.5	1	2019-04-04	2022-03-04	深交所	2019-09-16	2025-03-07	2022-02-24	11.99	11.39	20190308-20200307,票面利率:0.50%;20200308-20210307,票面利率:0.70%;20210308-20220223,票面利率:1.00%	110.0	AA+	AA+	东方金诚国际信用评估有限公司
127012.SZ	招商局公路网络科技控股股份有限公司公开发行A股可转换公司债券	招路转债		001965.SZ	招商公路	6.0	100.0	100.0	5000000000.0	0.0	2019-03-22	2025-03-22		2.0	3.0	1	2019-04-30	2024-04-03	深交所	2019-09-30	2025-03-21	2024-03-26	9.34	7.87	20190322-20200321,票面利率:0.10%;20200322-20210321,票面利率:0.30%;20210322-20220321,票面利率:0.60%;20220322-20230321,票面利率:0.80%;20230322-20240321,票面利率:1.50%;20240322-20240325,票面利率:2.00%	105.0	AAA	AAA	中诚信国际信用评级有限责任公司
127013.SZ	创维数字股份有限公司公开发行A股可转换公司债券	创维转债		000810.SZ	创维数字	6.0	100.0	100.0	1040000000.0	0.0	2019-04-15	2025-04-15		1.5	11.0	1	2019-05-16	2022-07-07	深交所	2019-10-21	2025-04-14	2022-06-29	11.56	11.19	20190415-20200414,票面利率:0.40%;20200415-20210414,票面利率:0.60%;20210415-20220414,票面利率:1.00%;20220415-20220628,票面利率:1.50%	113.0	AA	AA	中诚信国际信用评级有限责任公司
127014.SZ	北方国际合作股份有限公司公开发行可转换公司债券	北方转债		000065.SZ	北方国际	6.0	100.0	100.0	578210000.0	0.0	2019-10-24	2025-10-24		2.0	8.0	1	2019-11-21	2025-04-15	深交所	2020-04-30	2025-10-23	2025-04-07	8.84	7.65	20191024-20201023,票面利率:0.50%;20201024-20211023,票面利率:0.80%;20211024-20221023,票面利率:1.00%;20221024-20231023,票面利率:1.50%;20231024-20241023,票面利率:1.80%;20241024-20250406,票面利率:2.00%	110.0	AA+	AA+	联合资信评估股份有限公司
127015.SZ	新希望六和股份有限公司公开发行A股可转换公司债券	希望转债		000876.SZ	新希望	6.0	100.0	100.0	4000000000.0	0.0	2020-01-03	2026-01-03		2.0	4.0	1	2020-02-04	2026-01-05	深交所	2020-07-09	2026-01-02	2026-01-05	19.78	10.59	20200103-20210102,票面利率:0.20%;20210103-20220102,票面利率:0.40%;20220103-20230102,票面利率:0.80%;20230103-20240102,票面利率:1.20%;20240103-20250102,票面利率:1.60%;20250103-20260102,票面利率:2.00%	106.0	AAA	AAA	联合资信评估股份有限公司
127016.SZ	鲁泰纺织股份有限公司公开发行A股可转换公司债券	鲁泰转债		000726.SZ	鲁泰A	6.0	100.0	100.0	1400000000.0	0.0	2020-04-09	2026-04-09		2.0	9.0	1	2020-05-13	2026-04-09	深交所	2020-10-15	2026-04-08	2026-04-09	9.01	8.39	20200409-20210408,票面利率:0.30%;20210409-20220408,票面利率:0.60%;20220409-20230408,票面利率:1.00%;20230409-20240408,票面利率:1.50%;20240409-20250408,票面利率:1.80%;20250409-20260408,票面利率:2.00%	111.0	AA+	AA+	联合资信评估股份有限公司
127017.SZ	江西万年青水泥股份有限公司公开发行可转换公司债券	万青转债		000789.SZ	万年青	6.0	100.0	100.0	1000000000.0	0.0	2020-06-03	2026-06-03		2.3	10.7	1	2020-07-02	2026-06-03	深交所	2020-12-09	2026-06-02	2026-06-03	14.16	8.53	20200603-20210602,票面利率:0.40%;20210603-20220602,票面利率:0.60%;20220603-20230602,票面利率:0.90%;20230603-20240602,票面利率:1.50%;20240603-20250602,票面利率:2.00%;20250603-20260602,票面利率:2.30%	113.0	AA+	AA+	中证鹏元资信评估股份有限公司
127018.SZ	本钢板材股份有限公司可转换公司债券	本钢转债		000761.SZ	本钢板材	6.0	100.0	100.0	6800000000.0	0.0	2020-06-29	2026-06-29		5.0	14.0	1	2020-08-04	2026-06-29	深交所	2021-01-04	2026-06-28	2026-06-29	5.03	3.29	20200629-20210628,票面利率:0.60%;20210629-20220628,票面利率:0.80%;20220629-20230628,票面利率:1.50%;20230629-20240628,票面利率:2.90%;20240629-20250628,票面利率:3.80%;20250629-20260628,票面利率:5.00%	119.0	AAA	AAA	中诚信国际信用评级有限责任公司
127019.SZ	国城矿业股份有限公司公开发行可转换公司债券	国城转债		000688.SZ	国城矿业	6.0	100.0	100.0	850000000.0	0.0	2020-07-15	2026-07-15		2.0	8.0	1	2020-08-10	2025-12-22	深交所	2021-01-21	2026-07-14	2025-12-12	21.07	12.58	20200715-20210714,票面利率:0.30%;20210715-20220714,票面利率:0.50%;20220715-20230714,票面利率:1.00%;20230715-20240714,票面利率:1.50%;20240715-20250714,票面利率:1.80%;20250715-20251211,票面利率:2.00%	110.0	AA	A+	联合资信评估股份有限公司
127020.SZ	深圳市中金岭南有色金属股份有限公司公开发行可转换公司债券	中金转债		000060.SZ	中金岭南	6.0	100.0	100.0	3800000000.0	0.0	2020-07-20	2026-07-20		2.0	8.0	1	2020-08-14	2025-12-04	深交所	2021-01-25	2026-07-19	2025-11-26	4.71	4.29	20200720-20210719,票面利率:0.20%;20210720-20220719,票面利率:0.40%;20220720-20230719,票面利率:0.60%;20230720-20240719,票面利率:1.00%;20240720-20250719,票面利率:1.50%;20250720-20251125,票面利率:2.00%	110.0	AA+	AA+	中诚信国际信用评级有限责任公司
127021.SZ	深圳市特发信息股份有限公司可转换公司债券	特发转2		000070.SZ	特发信息	5.0	100.0	100.0	550000000.0	0.0	2020-08-07	2025-08-07		1.0	8.2	1	2020-09-04	2023-05-19	深交所	2021-02-18	2025-08-06	2023-05-11	12.33	7.33	20200807-20210806,票面利率:0.30%;20210807-20220806,票面利率:0.50%;20220807-20230510,票面利率:1.00%	110.0	AA	AA	中证鹏元资信评估股份有限公司
127022.SZ	恒逸石化股份有限公司公开发行可转换公司债券	恒逸转债		000703.SZ	恒逸石化	6.0	100.0	100.0	2000000000.0	0.0	2020-10-16	2026-10-16		2.0	3.0	1	2020-11-16	2026-04-02	深交所	2021-04-22	2026-10-15	2026-03-25	11.5	9.14	20201016-20211015,票面利率:0.20%;20211016-20221015,票面利率:0.40%;20221016-20231015,票面利率:0.60%;20231016-20241015,票面利率:1.20%;20241016-20251015,票面利率:1.50%;20251016-20260324,票面利率:2.00%	105.0	AA+	AA+	上海新世纪资信评估投资服务有限公司
127023.SZ	湖南华菱钢铁股份有限公司公开发行可转换公司债券	华菱转2		000932.SZ	华菱钢铁	6.0	100.0	100.0	4000000000.0	0.0	2020-10-23	2026-10-23		0.2	4.0	1	2020-11-19	2021-07-27	深交所	2021-04-29	2026-10-22	2021-07-16	5.18	4.97	20201023-20210715,票面利率:0.20%	106.0	AAA	AAA	联合资信评估股份有限公司
127024.SZ	盈峰环境科技集团股份有限公司公开发行可转换公司债券	盈峰转债		000967.SZ	盈峰环境	6.0	100.0	100.0	1476189600.0	0.0	2020-11-04	2026-11-04		2.0	8.0	1	2020-12-02	2026-06-09	深交所	2021-05-10	2026-11-03	2026-05-29	8.31	7.67	20201104-20211103,票面利率:0.20%;20211104-20221103,票面利率:0.50%;20221104-20231103,票面利率:0.80%;20231104-20241103,票面利率:1.50%;20241104-20251103,票面利率:1.80%;20251104-20260528,票面利率:2.00%	110.0	AA+	AA+	中诚信国际信用评级有限责任公司
127025.SZ	唐山冀东水泥股份有限公司公开发行可转换公司债券	冀东转债		000401.SZ	金隅冀东	6.0	100.0	100.0	2820000000.0	1776400800.0	2020-11-05	2026-11-05		2.0	4.0	1	2020-12-02	1970-01-01	深交所	2021-05-11	2026-11-04	1970-01-01	15.78	12.91	20201105-20211104,票面利率:0.20%;20211105-20221104,票面利率:0.40%;20221105-20231104,票面利率:0.80%;20231105-20241104,票面利率:1.20%;20241105-20251104,票面利率:1.50%;20251105-20261104,票面利率:2.00%	106.0	AAA	AAA	联合资信评估股份有限公司
127026.SZ	广东汕头超声电子股份有限公司公开发行可转换公司债券	超声转债		000823.SZ	超声电子	6.0	100.0	100.0	700000000.0	0.0	2020-12-08	2026-12-08		2.0	6.0	1	2021-01-14	2026-06-24	深交所	2021-06-15	2026-12-07	2026-06-15	12.85	12.02	20201208-20211207,票面利率:0.30%;20211208-20221207,票面利率:0.50%;20221208-20231207,票面利率:1.00%;20231208-20241207,票面利率:1.50%;20241208-20251207,票面利率:1.80%;20251208-20260614,票面利率:2.00%	108.0	AA	AA	中证鹏元资信评估股份有限公司
127027.SZ	甘肃靖远煤电股份有限公司公开发行可转换公司债券	能化转债		000552.SZ	甘肃能化	6.0	100.0	100.0	2800000000.0	1946350400.0	2020-12-10	2026-12-10		2.0	8.0	1	2021-01-22	1970-01-01	深交所	2021-06-16	2026-12-09	1970-01-01	3.33	2.93	20201210-20211209,票面利率:0.40%;20211210-20221209,票面利率:0.60%;20221210-20231209,票面利率:1.00%;20231210-20241209,票面利率:1.50%;20241210-20251209,票面利率:1.80%;20251210-20261209,票面利率:2.00%	110.0	AA+	AAA	中证鹏元资信评估股份有限公司
127028.SZ	浙江英特集团股份有限公司公开发行可转换公司债券	英特转债		000411.SZ	英特集团	6.0	100.0	100.0	600000000.0	0.0	2021-01-05	2027-01-05		2.0	6.0	1	2021-03-10	2026-02-02	深交所	2021-07-12	2027-01-04	2026-01-23	19.89	9.3	20210105-20220104,票面利率:0.30%;20220105-20230104,票面利率:0.50%;20230105-20240104,票面利率:1.00%;20240105-20250104,票面利率:1.50%;20250105-20260104,票面利率:1.80%;20260105-20260122,票面利率:2.00%	108.0	AA+	AA+	上海新世纪资信评估投资服务有限公司
127029.SZ	中钢国际工程技术股份有限公司公开发行可转换公司债券	中钢转债		000928.SZ	中钢国际	6.0	100.0	100.0	960000000.0	0.0	2021-03-19	2027-03-19		0.6	11.0	1	2021-04-23	2023-11-08	深交所	2021-09-27	2027-03-18	2023-10-31	6.03	5.29	20210319-20220318,票面利率:0.20%;20220319-20230318,票面利率:0.40%;20230319-20231030,票面利率:0.60%	113.0	AA+	AA+	东方金诚国际信用评估有限公司
127030.SZ	江苏东方盛虹股份有限公司公开发行可转换公司债券	盛虹转债		000301.SZ	东方盛虹	6.0	100.0	100.0	5000000000.0	4997430900.0	2021-03-22	2027-03-22		2.0	6.0	1	2021-04-21	1970-01-01	深交所	2021-09-27	2027-03-21	1970-01-01	14.2	13.21	20210322-20220321,票面利率:0.20%;20220322-20230321,票面利率:0.40%;20230322-20240321,票面利率:0.60%;20240322-20250321,票面利率:1.50%;20250322-20260321,票面利率:1.80%;20260322-20270321,票面利率:2.00%	108.0	AA+	AA+	联合资信评估股份有限公司
127031.SZ	新洋丰农业科技股份有限公司公开发行可转换公司债券	洋丰转债		000902.SZ	新洋丰	6.0	100.0	100.0	1000000000.0	999917200.0	2021-03-25	2027-03-25		2.0	10.0	1	2021-04-23	1970-01-01	深交所	2021-10-08	2027-03-24	1970-01-01	20.13	16.89	20210325-20220324,票面利率:0.30%;20220325-20230324,票面利率:0.50%;20230325-20240324,票面利率:1.00%;20240325-20250324,票面利率:1.50%;20250325-20260324,票面利率:1.80%;20260325-20270324,票面利率:2.00%	112.0	AA	AA	上海新世纪资信评估投资服务有限公司
127032.SZ	苏州银行股份有限公司公开发行A股可转换公司债券	苏行转债		002966.SZ	苏州银行	6.0	100.0	100.0	5000000000.0	0.0	2021-04-12	2027-04-12		1.5	7.5	1	2021-05-12	2025-03-17	深交所	2021-10-18	2027-04-11	2025-03-07	8.34	6.19	20210412-20220411,票面利率:0.20%;20220412-20230411,票面利率:0.40%;20230412-20240411,票面利率:1.00%;20240412-20250306,票面利率:1.50%	110.0	AAA	AAA	联合资信评估股份有限公司
127033.SZ	深圳市中装建设集团股份有限公司公开发行可转换公司债券	中装转2		002822.SZ	ST中装	6.0	100.0	100.0	1160000000.0	9180800.0	2021-04-16	2027-04-16		2.0	10.0	1	2021-05-24	1970-01-01	深交所	2021-10-22	2027-04-15	2025-09-19	6.33	3.79	20210416-20220415,票面利率:0.30%;20220416-20230415,票面利率:0.50%;20230416-20240415,票面利率:1.00%;20240416-20250415,票面利率:1.50%;20250416-20260415,票面利率:1.80%;20260416-20270415,票面利率:2.00%	112.0	AA	CC	中证鹏元资信评估股份有限公司
127034.SZ	天津绿茵景观生态建设股份有限公司公开发行可转换公司债券	绿茵转债		002887.SZ	绿茵生态	6.0	100.0	100.0	712000000.0	427889000.0	2021-04-30	2027-04-30		3.0	10.0	1	2021-05-28	1970-01-01	深交所	2021-11-11	2027-04-29	1970-01-01	12.38	11.21	20210430-20220429,票面利率:0.40%;20220430-20230429,票面利率:0.60%;20230430-20240429,票面利率:1.00%;20240430-20250429,票面利率:1.50%;20250430-20260429,票面利率:2.50%;20260430-20270429,票面利率:3.00%	113.0	AA-	AA-	中证鹏元资信评估股份有限公司
127035.SZ	濮阳濮耐高温材料(集团)股份有限公司公开发行可转换公司债券	濮耐转债		002225.SZ	濮耐股份	5.0	100.0	100.0	626390300.0	0.0	2021-05-26	2026-05-26		3.8	5.0	1	2021-06-18	2025-08-29	深交所	2021-12-01	2026-05-25	2025-08-21	4.43	4.2	20210526-20220525,票面利率:0.60%;20220526-20230525,票面利率:0.80%;20230526-20240525,票面利率:1.50%;20240526-20250525,票面利率:3.00%;20250526-20250820,票面利率:3.80%	108.8	AA	AA	中证鹏元资信评估股份有限公司
127036.SZ	浙江三花智能控制股份有限公司公开发行可转换公司债券	三花转债		002050.SZ	三花智控	6.0	100.0	100.0	3000000000.0	0.0	2021-06-01	2027-06-01		0.6	8.0	1	2021-06-30	2023-08-09	深交所	2021-12-07	2027-05-31	2023-08-01	21.55	21.1	20210601-20220531,票面利率:0.20%;20220601-20230531,票面利率:0.40%;20230601-20230731,票面利率:0.60%	110.0	AA+	AA+	中证鹏元资信评估股份有限公司
127037.SZ	浙江银轮机械股份有限公司公开发行可转换公司债券	银轮转债		002126.SZ	银轮股份	6.0	100.0	100.0	700000000.0	505524700.0	2021-06-07	2027-06-07		2.0	8.0	1	2021-07-09	1970-01-01	深交所	2021-12-13	2027-06-04	1970-01-01	10.77	10.27	20210607-20220606,票面利率:0.30%;20220607-20230606,票面利率:0.50%;20230607-20240606,票面利率:1.00%;20240607-20250606,票面利率:1.50%;20250607-20260606,票面利率:1.80%;20260607-20270606,票面利率:2.00%	110.0	AA	AA	中诚信国际信用评级有限责任公司
127038.SZ	紫光国芯微电子股份有限公司公开发行可转换公司债券	国微转债		002049.SZ	紫光国微	6.0	100.0	100.0	1500000000.0	1491507400.0	2021-06-10	2027-06-10		2.0	8.0	1	2021-07-14	1970-01-01	深交所	2021-12-17	2027-06-09	1970-01-01	137.78	96.99	20210610-20220609,票面利率:0.20%;20220610-20230609,票面利率:0.40%;20230610-20240609,票面利率:0.60%;20240610-20250609,票面利率:1.50%;20250610-20260609,票面利率:1.80%;20260610-20270609,票面利率:2.00%	110.0	AA+	AA+sti	中诚信国际信用评级有限责任公司
127039.SZ	北部湾港股份有限公司公开发行可转换公司债券	北港转债		000582.SZ	北部湾港	6.0	100.0	100.0	3000000000.0	0.0	2021-06-29	2027-06-29		1.8	6.0	1	2021-07-23	2026-03-03	深交所	2022-01-05	2027-06-28	2026-02-13	8.35	7.31	20210629-20220628,票面利率:0.20%;20220629-20230628,票面利率:0.50%;20230629-20240628,票面利率:1.00%;20240629-20250628,票面利率:1.50%;20250629-20260212,票面利率:1.80%	108.0	AAA	AAA	东方金诚国际信用评估有限公司
127040.SZ	江苏国泰国际集团股份有限公司公开发行可转换公司债券	国泰转债		002091.SZ	江苏国泰	6.0	100.0	100.0	4557418600.0	3986259900.0	2021-07-07	2027-07-07		1.8	6.0	1	2021-08-10	1970-01-01	深交所	2022-01-13	2027-07-06	1970-01-01	9.02	7.35	20210707-20220706,票面利率:0.20%;20220707-20230706,票面利率:0.40%;20230707-20240706,票面利率:0.60%;20240707-20250706,票面利率:1.50%;20250707-20260706,票面利率:1.80%;20260707-20270706,票面利率:2.00%	108.0	AA+	AA+	联合资信评估股份有限公司
127041.SZ	广州弘亚数控机械股份有限公司公开发行可转换公司债券	弘亚转债		002833.SZ	弘亚数控	5.0	100.0	100.0	600000000.0	525040700.0	2021-07-12	2026-07-12		2.5	12.5	1	2021-08-10	1970-01-01	深交所	2022-01-17	2026-07-11	2026-07-13	38.09	16.4	20210712-20220711,票面利率:0.50%;20220712-20230711,票面利率:0.75%;20230712-20240711,票面利率:1.00%;20240712-20250711,票面利率:1.50%;20250712-20260711,票面利率:2.50%	115.0	AA-	AA-	中证鹏元资信评估股份有限公司
127042.SZ	嘉美食品包装(滁州)股份有限公司可转换公司债券	嘉美转债		002969.SZ	嘉美包装	6.0	100.0	100.0	750000000.0	0.0	2021-08-09	2027-08-09		1.8	10.0	1	2021-09-08	2026-02-24	深交所	2022-02-14	2027-08-08	2026-02-06	4.87	4.55	20210809-20220808,票面利率:0.30%;20220809-20230808,票面利率:0.50%;20230809-20240808,票面利率:1.00%;20240809-20250808,票面利率:1.50%;20250809-20260205,票面利率:1.80%	112.0	AA	AA	中证鹏元资信评估股份有限公司
127043.SZ	贵州川恒化工股份有限公司公开发行可转换公司债券	川恒转债		002895.SZ	川恒股份	6.0	100.0	100.0	1160000000.0	0.0	2021-08-12	2027-08-12		1.5	12.0	1	2021-09-23	2025-07-28	深交所	2022-02-18	2027-08-11	2025-07-18	21.02	17.41	20210812-20220811,票面利率:0.40%;20220812-20230811,票面利率:0.60%;20230812-20240811,票面利率:1.00%;20240812-20250717,票面利率:1.50%	115.0	AA-	AA-	联合资信评估股份有限公司
127044.SZ	蒙娜丽莎集团股份有限公司公开发行可转换公司债券	蒙娜转债		002918.SZ	蒙娜丽莎	6.0	100.0	100.0	1168930000.0	336849700.0	2021-08-16	2027-08-16		1.8	10.0	1	2021-09-16	1970-01-01	深交所	2022-02-21	2027-08-15	1970-01-01	27.2	19.76	20210816-20220815,票面利率:0.30%;20220816-20230815,票面利率:0.50%;20230816-20240815,票面利率:1.00%;20240816-20250815,票面利率:1.50%;20250816-20260815,票面利率:1.80%;20260816-20270815,票面利率:2.00%	112.0	AA	AA-	中证鹏元资信评估股份有限公司
127045.SZ	牧原食品股份有限公司公开发行可转换公司债券	牧原转债		002714.SZ	牧原股份	6.0	100.0	100.0	9550000000.0	9542950400.0	2021-08-16	2027-08-16		1.5	5.0	1	2021-09-10	1970-01-01	深交所	2022-02-21	2027-08-15	1970-01-01	47.91	43.32	20210816-20220815,票面利率:0.20%;20220816-20230815,票面利率:0.40%;20230816-20240815,票面利率:0.80%;20240816-20250815,票面利率:1.20%;20250816-20260815,票面利率:1.50%;20260816-20270815,票面利率:2.00%	107.0	AA+	AAA	中诚信国际信用评级有限责任公司
127046.SZ	上海百润投资控股集团股份有限公司公开发行可转换公司债券	百润转债		002568.SZ	百润股份	6.0	100.0	100.0	1128000000.0	1127413400.0	2021-09-29	2027-09-29		1.8	8.0	1	2021-11-03	1970-01-01	深交所	2022-04-12	2027-09-28	1970-01-01	66.89	20.33	20210929-20220928,票面利率:0.30%;20220929-20230928,票面利率:0.50%;20230929-20240928,票面利率:1.00%;20240929-20250928,票面利率:1.50%;20250929-20260928,票面利率:1.80%;20260929-20270928,票面利率:2.00%	110.0	AA	AA	联合资信评估股份有限公司
127047.SZ	帝欧家居股份有限公司公开发行可转换公司债券	帝欧转债		002798.SZ	帝欧水华	6.0	100.0	100.0	1500000000.0	465435900.0	2021-10-25	2027-10-25		2.0	12.5	1	2021-11-26	1970-01-01	深交所	2022-04-29	2027-10-24	1970-01-01	13.53	5.1	20211025-20221024,票面利率:0.30%;20221025-20231024,票面利率:0.50%;20231025-20241024,票面利率:1.00%;20241025-20251024,票面利率:1.60%;20251025-20261024,票面利率:2.00%;20261025-20271024,票面利率:2.50%	115.0	AA-	BBB+	东方金诚国际信用评估有限公司
127048.SZ	宁波中大力德智能传动股份有限公司公开发行可转换公司债券	中大转债		002896.SZ	中大力德	6.0	100.0	100.0	270000000.0	0.0	2021-10-26	2027-10-26		0.4	12.0	1	2021-11-24	2022-09-13	深交所	2022-05-05	2027-10-25	2022-09-02	22.1	16.77	20211026-20220901,票面利率:0.40%	115.0	A+	A+	中证鹏元资信评估股份有限公司
127049.SZ	新希望六和股份有限公司公开发行可转换公司债券	希望转2		000876.SZ	新希望	6.0	100.0	100.0	8150000000.0	8143424000.0	2021-11-02	2027-11-02		1.6	5.0	1	2021-11-29	1970-01-01	深交所	2022-05-09	2027-11-01	1970-01-01	14.45	10.59	20211102-20221101,票面利率:0.20%;20221102-20231101,票面利率:0.40%;20231102-20241101,票面利率:0.80%;20241102-20251101,票面利率:1.20%;20251102-20261101,票面利率:1.60%;20261102-20271101,票面利率:2.00%	107.0	AAA	AAA	联合资信评估股份有限公司
127050.SZ	青岛森麒麟轮胎股份有限公司公开发行可转换公司债券	麒麟转债		002984.SZ	森麒麟	6.0	100.0	100.0	2198939100.0	2086029000.0	2021-11-11	2027-11-11		1.8	8.0	1	2021-12-06	1970-01-01	深交所	2022-05-17	2027-11-10	1970-01-01	34.85	15.12	20211111-20221110,票面利率:0.30%;20221111-20231110,票面利率:0.50%;20231111-20241110,票面利率:1.00%;20241111-20251110,票面利率:1.50%;20251111-20261110,票面利率:1.80%;20261111-20271110,票面利率:2.00%	110.0	AA	AA	中证鹏元资信评估股份有限公司
127051.SZ	珠海博杰电子股份有限公司公开发行可转换公司债券	博杰转债		002975.SZ	博杰股份	6.0	100.0	100.0	526000000.0	0.0	2021-11-17	2027-11-17		1.6	12.0	1	2021-12-17	2025-05-08	深交所	2022-05-23	2027-11-16	2025-04-25	62.17	26.82	20211117-20221116,票面利率:0.40%;20221117-20231116,票面利率:0.60%;20231117-20241116,票面利率:1.00%;20241117-20250424,票面利率:1.60%	115.0	AA-	AA-	中证鹏元资信评估股份有限公司
127052.SZ	杭州锅炉集团股份有限公司公开发行可转换公司债券	西子转债		002534.SZ	西子洁能	6.0	100.0	100.0	1110000000.0	0.0	2021-12-24	2027-12-24		1.5	8.0	1	2022-01-24	2025-09-30	深交所	2022-06-30	2027-12-23	2025-09-22	28.08	10.99	20211224-20221223,票面利率:0.30%;20221224-20231223,票面利率:0.50%;20231224-20241223,票面利率:1.00%;20241224-20250921,票面利率:1.50%	110.0	AA	AA	上海新世纪资信评估投资服务有限公司
127053.SZ	广东豪美新材股份有限公司公开发行可转换公司债券	豪美转债		002988.SZ	豪美新材	6.0	100.0	100.0	824000000.0	257498700.0	2022-01-24	2028-01-24		2.5	15.0	1	2022-03-04	1970-01-01	深交所	2022-07-28	2028-01-23	1970-01-01	21.51	17.23	20220124-20230123,票面利率:0.30%;20230124-20240123,票面利率:0.60%;20240124-20250123,票面利率:1.00%;20250124-20260123,票面利率:1.60%;20260124-20270123,票面利率:2.50%;20270124-20280123,票面利率:3.00%	118.0	AA-	AA-	中证鹏元资信评估股份有限公司
127054.SZ	浙江双箭橡胶股份有限公司公开发行可转换公司债券	双箭转债		002381.SZ	双箭股份	6.0	100.0	100.0	513640000.0	513597400.0	2022-02-11	2028-02-11		1.8	10.0	1	2022-03-15	1970-01-01	深交所	2022-08-17	2028-02-10	1970-01-01	7.91	6.96	20220211-20230210,票面利率:0.30%;20230211-20240210,票面利率:0.50%;20240211-20250210,票面利率:1.00%;20250211-20260210,票面利率:1.50%;20260211-20270210,票面利率:1.80%;20270211-20280210,票面利率:2.00%	112.0	AA	AA	中证鹏元资信评估股份有限公司
127055.SZ	深圳中天精装股份有限公司公开发行可转换公司债券	精装转债		002989.SZ	中天精装	6.0	100.0	100.0	577000000.0	208121800.0	2022-02-22	2028-02-22		2.0	12.0	1	2022-03-24	1970-01-01	深交所	2022-08-29	2028-02-21	1970-01-01	23.52	18.5	20220222-20230221,票面利率:0.30%;20230222-20240221,票面利率:0.50%;20240222-20250221,票面利率:1.00%;20250222-20260221,票面利率:1.50%;20260222-20270221,票面利率:2.00%;20270222-20280221,票面利率:3.00%	115.0	AA-	AA-	东方金诚国际信用评估有限公司
127056.SZ	中信泰富特钢集团股份有限公司公开发行可转换公司债券	中特转债		000708.SZ	中信特钢	6.0	100.0	100.0	5000000000.0	4999621200.0	2022-02-25	2028-02-25		1.6	4.0	1	2022-04-15	1970-01-01	深交所	2022-09-05	2028-02-24	1970-01-01	25.0	21.78	20220225-20230224,票面利率:0.20%;20230225-20240224,票面利率:0.40%;20240225-20250224,票面利率:0.90%;20250225-20260224,票面利率:1.30%;20260225-20270224,票面利率:1.60%;20270225-20280224,票面利率:2.00%	106.0	AAA	AAA	联合资信评估股份有限公司
127057.SZ	陕西盘龙药业集团股份有限公司可转换公司债券	盘龙转债		002864.SZ	盘龙药业	6.0	100.0	100.0	276000000.0	0.0	2022-03-03	2028-03-03		0.7	12.0	1	2022-04-08	2023-04-11	深交所	2022-09-09	2028-03-02	2023-03-30	26.59	26.41	20220303-20230302,票面利率:0.40%;20230303-20230329,票面利率:0.70%	115.0	A+	A+	中证鹏元资信评估股份有限公司
127058.SZ	四川科伦药业股份有限公司公开发行可转换公司债券	科伦转债		002422.SZ	科伦药业	6.0	100.0	100.0	3000000000.0	0.0	2022-03-18	2028-03-18		0.6	6.0	1	2022-04-20	2024-04-12	深交所	2022-09-26	2028-03-17	2024-04-01	17.11	16.04	20220318-20230317,票面利率:0.20%;20230318-20240317,票面利率:0.40%;20240318-20240331,票面利率:0.60%	108.0	AA+	AA+	中诚信国际信用评级有限责任公司
127059.SZ	山西永东化工股份有限公司公开发行可转换公司债券	永东转2		002753.SZ	永东股份	6.0	100.0	100.0	380000000.0	379044200.0	2022-04-08	2028-04-08		2.0	12.0	1	2022-05-16	1970-01-01	深交所	2022-10-14	2028-04-07	1970-01-01	8.86	8.11	20220408-20230407,票面利率:0.40%;20230408-20240407,票面利率:0.60%;20240408-20250407,票面利率:1.00%;20250408-20260407,票面利率:1.50%;20260408-20270407,票面利率:2.00%;20270408-20280407,票面利率:3.00%	115.0	AA-	AA-	联合资信评估股份有限公司
127060.SZ	湖南湘佳牧业股份有限公司公开发行可转换公司债券	湘佳转债		002982.SZ	湘佳股份	6.0	100.0	100.0	640000000.0	639889500.0	2022-04-19	2028-04-19		1.6	8.0	1	2022-06-10	1970-01-01	深交所	2022-10-25	2028-04-18	1970-01-01	42.56	21.03	20220419-20230418,票面利率:0.20%;20230419-20240418,票面利率:0.40%;20240419-20250418,票面利率:0.80%;20250419-20260418,票面利率:1.20%;20260419-20270418,票面利率:1.60%;20270419-20280418,票面利率:2.00%	110.0	A+	A+	联合资信评估股份有限公司
127061.SZ	山西美锦能源股份有限公司公开发行可转换公司债券	美锦转债		000723.SZ	美锦能源	6.0	100.0	100.0	3590000000.0	2788974600.0	2022-04-20	2028-04-20		2.5	15.0	1	2022-05-30	1970-01-01	深交所	2022-10-26	2028-04-19	1970-01-01	13.21	5.26	20220420-20230419,票面利率:0.30%;20230420-20240419,票面利率:0.40%;20240420-20250419,票面利率:0.80%;20250420-20260419,票面利率:1.60%;20260420-20270419,票面利率:2.50%;20270420-20280419,票面利率:3.00%	118.0	AA-	A	中证鹏元资信评估股份有限公司
127062.SZ	垒知控股集团股份有限公司公开发行可转换公司债券	垒知转债		002398.SZ	垒知集团	6.0	100.0	100.0	396300000.0	395744000.0	2022-04-21	2028-04-21		2.0	12.0	1	2022-05-20	1970-01-01	深交所	2022-10-27	2028-04-20	1970-01-01	7.82	7.51	20220421-20230420,票面利率:0.40%;20230421-20240420,票面利率:0.60%;20240421-20250420,票面利率:1.00%;20250421-20260420,票面利率:1.50%;20260421-20270420,票面利率:2.00%;20270421-20280420,票面利率:3.00%	115.0	AA-	AA-	联合资信评估股份有限公司
127063.SZ	贵州轮胎股份有限公司公开发行可转换公司债券	贵轮转债		000589.SZ	贵州轮胎	6.0	100.0	100.0	1800000000.0	0.0	2022-04-22	2028-04-22		1.0	8.0	1	2022-05-30	2024-05-08	深交所	2022-10-28	2028-04-21	2024-04-25	4.6	4.4	20220422-20230421,票面利率:0.30%;20230422-20240421,票面利率:0.50%;20240422-20240424,票面利率:1.00%	110.0	AA	AA	中诚信国际信用评级有限责任公司
127064.SZ	杭氧集团股份有限公司公开发行可转换公司债券	杭氧转债		002430.SZ	杭氧股份	6.0	100.0	100.0	1137000000.0	1136395300.0	2022-05-19	2028-05-19		1.8	6.0	1	2022-07-05	1970-01-01	深交所	2022-11-25	2028-05-18	1970-01-01	28.69	25.67	20220519-20230518,票面利率:0.20%;20230519-20240518,票面利率:0.40%;20240519-20250518,票面利率:0.60%;20250519-20260518,票面利率:1.50%;20260519-20270518,票面利率:1.80%;20270519-20280518,票面利率:2.00%	108.0	AA+	AA+	上海新世纪资信评估投资服务有限公司
127065.SZ	瑞鹄汽车模具股份有限公司公开发行可转换公司债券	瑞鹄转债		002997.SZ	瑞鹄模具	6.0	100.0	100.0	439800000.0	0.0	2022-06-22	2028-06-22		0.6	12.0	1	2022-07-27	2024-04-11	深交所	2022-12-28	2028-06-21	2024-04-01	17.36	17.06	20220622-20230621,票面利率:0.40%;20230622-20240331,票面利率:0.60%	115.0	A+	A+	中证鹏元资信评估股份有限公司
127066.SZ	深圳市科达利实业股份有限公司公开发行可转换公司债券	科利转债		002850.SZ	科达利	6.0	100.0	100.0	1534370500.0	0.0	2022-07-08	2028-07-08		1.5	8.0	1	2022-08-03	2026-06-24	深交所	2023-01-16	2028-07-07	2026-06-15	159.35	146.2	20220708-20230707,票面利率:0.30%;20230708-20240707,票面利率:0.50%;20240708-20250707,票面利率:1.00%;20250708-20260614,票面利率:1.50%	110.0	AA	AA	中证鹏元资信评估股份有限公司
127067.SZ	恒逸石化股份有限公司公开发行可转换公司债券	恒逸转2		000703.SZ	恒逸石化	6.0	100.0	100.0	3000000000.0	2994433800.0	2022-07-21	2028-07-21		1.5	7.0	1	2022-08-18	1970-01-01	深交所	2023-01-30	2028-07-20	1970-01-01	10.5	10.32	20220721-20230720,票面利率:0.20%;20230721-20240720,票面利率:0.30%;20240721-20250720,票面利率:0.40%;20250721-20260720,票面利率:1.50%;20260721-20270720,票面利率:1.80%;20270721-20280720,票面利率:2.00%	109.0	AA+	AA+	上海新世纪资信评估投资服务有限公司
127068.SZ	重庆顺博铝合金股份有限公司公开发行可转换公司债券	顺博转债		002996.SZ	顺博合金	6.0	100.0	100.0	830000000.0	829963400.0	2022-08-12	2028-08-12		1.6	5.5	1	2022-09-07	1970-01-01	深交所	2023-02-20	2028-08-11	1970-01-01	20.43	11.16	20220812-20230811,票面利率:0.30%;20230812-20240811,票面利率:0.60%;20240812-20250811,票面利率:1.00%;20250812-20260811,票面利率:1.60%;20260812-20270811,票面利率:2.00%;20270812-20280811,票面利率:2.50%	108.0	AA-	AA-	中证鹏元资信评估股份有限公司
127069.SZ	小熊电器股份有限公司向不特定对象发行可转换公司债券	小熊转债		002959.SZ	小熊电器	6.0	100.0	100.0	536000000.0	504067800.0	2022-08-12	2028-08-12		1.6	12.0	1	2022-09-07	1970-01-01	深交所	2023-02-20	2028-08-11	1970-01-01	55.23	43.71	20220812-20230811,票面利率:0.40%;20230812-20240811,票面利率:0.60%;20240812-20250811,票面利率:1.00%;20250812-20260811,票面利率:1.60%;20260812-20270811,票面利率:2.50%;20270812-20280811,票面利率:3.00%	115.0	AA-	AA-	中证鹏元资信评估股份有限公司
127070.SZ	内蒙古大中矿业股份有限公司公开发行可转换公司债券	大中转债		001203.SZ	大中矿业	6.0	100.0	100.0	1520000000.0	934228900.0	2022-08-17	2028-08-17		1.5	10.0	1	2022-10-11	1970-01-01	深交所	2023-02-23	2028-08-16	1970-01-01	11.36	10.56	20220817-20230816,票面利率:0.30%;20230817-20240816,票面利率:0.50%;20240817-20250816,票面利率:1.00%;20250817-20260816,票面利率:1.50%;20260817-20270816,票面利率:1.80%;20270817-20280816,票面利率:2.00%	112.0	AA	AA	中证鹏元资信评估股份有限公司
127071.SZ	陕西中天火箭技术股份有限公司公开发行可转换公司债券	天箭转债		003009.SZ	中天火箭	6.0	100.0	100.0	495000000.0	0.0	2022-08-22	2028-08-22		1.5	6.0	1	2022-09-19	2026-03-16	深交所	2023-02-27	2028-08-21	2026-03-06	53.11	52.88	20220822-20230821,票面利率:0.20%;20230822-20240821,票面利率:0.30%;20240822-20250821,票面利率:0.40%;20250822-20260305,票面利率:1.50%	108.0	AA+	AA+	东方金诚国际信用评估有限公司
127072.SZ	哈尔滨博实自动化股份有限公司公开发行可转换公司债券	博实转债		002698.SZ	博实股份	6.0	100.0	100.0	450000000.0	449819100.0	2022-09-22	2028-09-22		1.5	10.0	1	2022-11-03	1970-01-01	深交所	2023-03-28	2028-09-21	1970-01-01	15.81	15.06	20220922-20230921,票面利率:0.30%;20230922-20240921,票面利率:0.50%;20240922-20250921,票面利率:1.00%;20250922-20260921,票面利率:1.50%;20260922-20270921,票面利率:1.80%;20270922-20280921,票面利率:2.00%	112.0	AA	AA	联合资信评估股份有限公司
127073.SZ	广州天赐高新材料股份有限公司公开发行可转换公司债券	天赐转债		002709.SZ	天赐材料	5.0	100.0	100.0	3410500000.0	0.0	2022-09-23	2027-09-23		1.5	7.2	1	2022-10-27	2025-12-11	深交所	2023-03-29	2027-09-22	2025-12-03	48.82	28.5	20220923-20230922,票面利率:0.30%;20230923-20240922,票面利率:0.50%;20240923-20250922,票面利率:0.80%;20250923-20251202,票面利率:1.50%	109.0	AA	AA	中证鹏元资信评估股份有限公司
127074.SZ	深圳麦格米特电气股份有限公司公开发行可转换公司债券	麦米转2		002851.SZ	麦格米特	6.0	100.0	100.0	1220000000.0	0.0	2022-10-13	2028-10-13		1.0	12.5	1	2022-11-09	2024-12-16	深交所	2023-04-19	2028-10-12	2024-12-06	30.99	30.58	20221013-20231012,票面利率:0.30%;20231013-20241012,票面利率:0.50%;20241013-20241205,票面利率:1.00%	115.0	AA-	AA-	中证鹏元资信评估股份有限公司
127075.SZ	江苏百川高科新材料股份有限公司2022年度公开发行可转换公司债券	百川转2		002455.SZ	百川股份	6.0	100.0	100.0	978000000.0	0.0	2022-10-19	2028-10-19		1.8	12.0	1	2022-11-16	2026-04-10	深交所	2023-04-25	2028-10-18	2026-04-01	10.36	7.53	20221019-20231018,票面利率:0.30%;20231019-20241018,票面利率:0.50%;20241019-20251018,票面利率:1.00%;20251019-20260331,票面利率:1.80%	115.0	AA-	A+	上海新世纪资信评估投资服务有限公司
127076.SZ	烟台中宠食品股份有限公司公开发行可转换公司债券	中宠转2		002891.SZ	中宠股份	6.0	100.0	100.0	769045900.0	0.0	2022-10-25	2028-10-25		1.5	10.0	1	2022-11-21	2026-04-16	深交所	2023-05-04	2028-10-24	2026-04-08	28.35	27.46	20221025-20231024,票面利率:0.20%;20231025-20241024,票面利率:0.40%;20241025-20251024,票面利率:0.60%;20251025-20260407,票面利率:1.50%	112.0	AA-	AA-	中证鹏元资信评估股份有限公司
127077.SZ	江苏华宏科技股份有限公司公开发行可转换公司债券	华宏转债		002645.SZ	华宏科技	6.0	100.0	100.0	515000000.0	0.0	2022-12-02	2028-12-02		1.0	12.0	1	2023-01-10	2025-09-25	深交所	2023-06-08	2028-12-01	2025-09-17	15.65	11.14	20221202-20231201,票面利率:0.30%;20231202-20241201,票面利率:0.50%;20241202-20250916,票面利率:1.00%	115.0	AA-	A	大公国际资信评估有限公司
127078.SZ	优彩环保资源科技股份有限公司公开发行可转换公司债券	优彩转债		002998.SZ	优彩资源	6.0	100.0	100.0	600000000.0	415842600.0	2022-12-14	2028-12-14		1.8	12.0	1	2023-01-09	1970-01-01	深交所	2023-06-20	2028-12-13	1970-01-01	7.35	6.31	20221214-20231213,票面利率:0.40%;20231214-20241213,票面利率:0.60%;20241214-20251213,票面利率:1.20%;20251214-20261213,票面利率:1.80%;20261214-20271213,票面利率:2.50%;20271214-20281213,票面利率:3.00%	115.0	A+	A+	东方金诚国际信用评估有限公司
127079.SZ	苏州华亚智能科技股份有限公司公开发行可转换公司债券	华亚转债		003043.SZ	华亚智能	6.0	100.0	100.0	340000000.0	101527200.0	2022-12-16	2028-12-16		1.8	12.0	1	2023-01-16	1970-01-01	深交所	2023-06-26	2028-12-15	2026-07-09	69.39	30.48	20221216-20231215,票面利率:0.40%;20231216-20241215,票面利率:0.60%;20241216-20251215,票面利率:1.00%;20251216-20260708,票面利率:1.80%	115.0	A+	A+	中证鹏元资信评估股份有限公司
127080.SZ	北京声迅电子股份有限公司公开发行可转换公司债券	声迅转债		003004.SZ	声迅股份	6.0	100.0	100.0	280000000.0	279320500.0	2022-12-30	2028-12-30		1.5	12.0	1	2023-02-10	1970-01-01	深交所	2023-07-07	2028-12-29	1970-01-01	29.34	28.94	20221230-20231229,票面利率:0.30%;20231230-20241229,票面利率:0.60%;20241230-20251229,票面利率:1.20%;20251230-20261229,票面利率:1.50%;20261230-20271229,票面利率:2.40%;20271230-20281229,票面利率:3.00%	115.0	A+	A	中证鹏元资信评估股份有限公司
127081.SZ	广东中旗新材料股份有限公司公开发行可转换公司债券	中旗转债		001212.SZ	中旗新材	6.0	100.0	100.0	540000000.0	0.0	2023-03-03	2029-03-03		1.0	8.2	1	2023-04-25	2025-12-30	深交所	2023-09-11	2029-03-02	2025-12-22	30.27	14.76	20230303-20240302,票面利率:0.30%;20240303-20250302,票面利率:0.50%;20250303-20251221,票面利率:1.00%	111.0	A+	A+	中证鹏元资信评估股份有限公司
127082.SZ	江苏亚太轻合金科技股份有限公司向不特定对象发行可转换公司债券	亚科转债		002540.SZ	亚太科技	6.0	100.0	100.0	1159000000.0	1158538400.0	2023-03-09	2029-03-09		1.5	10.0	1	2023-04-27	1970-01-01	深交所	2023-09-15	2029-03-08	1970-01-01	6.46	5.29	20230309-20240308,票面利率:0.30%;20240309-20250308,票面利率:0.50%;20250309-20260308,票面利率:1.00%;20260309-20270308,票面利率:1.50%;20270309-20280308,票面利率:1.80%;20280309-20290308,票面利率:2.00%	112.0	AA	AA	联合资信评估股份有限公司
127083.SZ	山东高速路桥集团股份有限公司向不特定对象发行可转换公司债券	山路转债		000498.SZ	山东路桥	6.0	100.0	100.0	4836000000.0	4835889600.0	2023-03-24	2029-03-24		1.5	6.0	1	2023-04-26	1970-01-01	深交所	2023-10-09	2029-03-23	1970-01-01	8.17	7.61	20230324-20240323,票面利率:0.20%;20240324-20250323,票面利率:0.40%;20250324-20260323,票面利率:0.60%;20260324-20270323,票面利率:1.50%;20270324-20280323,票面利率:1.80%;20280324-20290323,票面利率:2.00%	108.0	AA+	AAA	联合资信评估股份有限公司
127084.SZ	广西柳工机械股份有限公司向不特定对象发行可转换公司债券	柳工转2		000528.SZ	柳工	6.0	100.0	100.0	3000000000.0	2480944100.0	2023-03-27	2029-03-27		1.5	9.0	1	2023-04-20	1970-01-01	深交所	2023-10-09	2029-03-26	1970-01-01	7.87	6.98	20230327-20240326,票面利率:0.20%;20240327-20250326,票面利率:0.40%;20250327-20260326,票面利率:1.00%;20260327-20270326,票面利率:1.50%;20270327-20280326,票面利率:2.30%;20280327-20290326,票面利率:3.00%	112.0	AAA	AAA	中诚信国际信用评级有限责任公司
127085.SZ	韵达控股股份有限公司向不特定对象发行可转换公司债券	韵达转债		002120.SZ	韵达股份	6.0	100.0	100.0	2450000000.0	2449880700.0	2023-04-11	2029-04-11		1.5	6.0	1	2023-05-23	1970-01-01	深交所	2023-10-17	2029-04-10	1970-01-01	12.15	11.53	20230411-20240410,票面利率:0.20%;20240411-20250410,票面利率:0.40%;20250411-20260410,票面利率:0.60%;20260411-20270410,票面利率:1.50%;20270411-20280410,票面利率:1.80%;20280411-20290410,票面利率:2.00%	108.0	AA+	AA+	上海新世纪资信评估投资服务有限公司
127086.SZ	山东恒邦冶炼股份有限公司向不特定对象发行可转换公司债券	恒邦转债		002237.SZ	恒邦股份	6.0	100.0	100.0	3160000000.0	0.0	2023-06-12	2029-06-12		0.6	6.0	1	2023-07-07	2025-12-08	深交所	2023-12-18	2029-06-11	2025-11-28	11.46	11.19	20230612-20240611,票面利率:0.20%;20240612-20250611,票面利率:0.40%;20250612-20251127,票面利率:0.60%	108.0	AA+	AA+	中诚信国际信用评级有限责任公司
127087.SZ	杭州星帅尔电器股份有限公司向不特定对象发行可转换公司债券	星帅转2		002860.SZ	星帅尔	6.0	100.0	100.0	462900000.0	0.0	2023-06-14	2029-06-14		0.5	12.0	1	2023-07-17	2025-04-18	深交所	2023-12-20	2029-06-13	2025-04-10	13.35	8.1	20230614-20240613,票面利率:0.30%;20240614-20250409,票面利率:0.50%	115.0	A+	A+	上海新世纪资信评估投资服务有限公司
127088.SZ	山东赫达集团股份有限公司向不特定对象发行可转换公司债券	赫达转债		002810.SZ	山东赫达	6.0	100.0	100.0	600000000.0	599606500.0	2023-07-03	2029-07-03		1.0	12.0	1	2023-07-19	1970-01-01	深交所	2024-01-08	2029-07-02	1970-01-01	17.4	16.76	20230703-20240702,票面利率:0.20%;20240703-20250702,票面利率:0.50%;20250703-20260702,票面利率:1.00%;20260703-20270702,票面利率:1.50%;20270703-20280702,票面利率:2.00%;20280703-20290702,票面利率:3.00%	115.0	AA-	AA-	联合资信评估股份有限公司
127089.SZ	晶澳太阳能科技股份有限公司向不特定对象发行可转换公司债券	晶澳转债		002459.SZ	晶澳科技	6.0	100.0	100.0	8960307700.0	8958798400.0	2023-07-18	2029-07-18		0.6	6.0	1	2023-08-04	1970-01-01	深交所	2024-01-24	2029-07-17	1970-01-01	38.78	8.9	20230718-20240717,票面利率:0.20%;20240718-20250717,票面利率:0.40%;20250718-20260717,票面利率:0.60%;20260718-20270717,票面利率:1.50%;20270718-20280717,票面利率:1.80%;20280718-20290717,票面利率:2.00%	108.0	AA+	AA+sti	东方金诚国际信用评估有限公司
127090.SZ	宁波兴瑞电子科技股份有限公司向不特定对象发行可转换公司债券	兴瑞转债		002937.SZ	兴瑞科技	6.0	100.0	100.0	462000000.0	0.0	2023-07-24	2029-07-24		0.8	11.5	1	2023-08-15	2026-06-25	深交所	2024-01-29	2029-07-23	2026-06-16	26.3	25.3	20230724-20240723,票面利率:0.20%;20240724-20250723,票面利率:0.40%;20250724-20260615,票面利率:0.80%	114.0	AA-	AA-	东方金诚国际信用评估有限公司
127091.SZ	科华数据股份有限公司向不特定对象发行可转换公司债券	科数转债		002335.SZ	科华数据	6.0	100.0	100.0	1492068000.0	0.0	2023-08-23	2029-08-23		0.5	9.0	1	2023-09-12	2025-04-24	深交所	2024-02-29	2029-08-22	2025-04-16	34.67	27.65	20230823-20240822,票面利率:0.30%;20240823-20250415,票面利率:0.50%	111.0	AA	AA	联合资信评估股份有限公司
127092.SZ	四川省自贡运输机械集团股份有限公司向不特定对象发行可转换公司债券	运机转债		001288.SZ	运机集团	6.0	100.0	100.0	730000000.0	524973500.0	2023-09-21	2029-09-21		1.0	12.8	1	2023-10-20	1970-01-01	深交所	2024-03-27	2029-09-20	1970-01-01	17.67	11.91	20230921-20240920,票面利率:0.20%;20240921-20250920,票面利率:0.40%;20250921-20260920,票面利率:1.00%;20260921-20270920,票面利率:1.50%;20270921-20280920,票面利率:2.00%;20280921-20290920,票面利率:3.20%	116.0	AA-	AA-	联合资信评估股份有限公司
127093.SZ	山东省章丘鼓风机股份有限公司向不特定对象发行可转换公司债券	章鼓转债		002598.SZ	ST章鼓	6.0	100.0	100.0	243000000.0	242458200.0	2023-10-17	2029-10-17		0.9	10.2	1	2023-11-03	1970-01-01	深交所	2024-04-23	2029-10-16	1970-01-01	10.35	8.4	20231017-20241016,票面利率:0.25%;20241017-20251016,票面利率:0.45%;20251017-20261016,票面利率:0.90%;20261017-20271016,票面利率:1.70%;20271017-20281016,票面利率:2.50%;20281017-20291016,票面利率:2.80%	113.0	A+	A	中诚信国际信用评级有限责任公司
127094.SZ	广东红墙新材料股份有限公司向不特定对象发行可转换公司债券	红墙转债		002809.SZ	红墙股份	6.0	100.0	100.0	316000000.0	0.0	2023-10-18	2029-10-18		1.0	12.0	1	2023-11-08	2026-04-23	深交所	2024-04-24	2029-10-17	2026-04-15	10.89	10.44	20231018-20241017,票面利率:0.30%;20241018-20251017,票面利率:0.50%;20251018-20260414,票面利率:1.00%	115.0	A+	A+	中证鹏元资信评估股份有限公司
127095.SZ	威海广泰空港设备股份有限公司向不特定对象发行可转换公司债券	广泰转债		002111.SZ	威海广泰	6.0	100.0	100.0	700000000.0	692738700.0	2023-10-18	2029-10-18		0.8	12.5	1	2023-11-10	1970-01-01	深交所	2024-04-24	2029-10-17	1970-01-01	9.38	9.07	20231018-20241017,票面利率:0.20%;20241018-20251017,票面利率:0.40%;20251018-20261017,票面利率:0.80%;20261018-20271017,票面利率:1.50%;20271018-20281017,票面利率:2.00%;20281018-20291017,票面利率:2.50%	115.0	AA-	AA-	东方金诚国际信用评估有限公司
127096.SZ	浙江泰坦股份有限公司向不特定对象发行可转换公司债券	泰坦转债		003036.SZ	泰坦股份	6.0	100.0	100.0	295500000.0	287467300.0	2023-10-25	2029-10-25		1.0	12.0	1	2023-11-15	1970-01-01	深交所	2024-05-06	2029-10-24	1970-01-01	13.81	13.2	20231025-20241024,票面利率:0.50%;20241025-20251024,票面利率:0.70%;20251025-20261024,票面利率:1.00%;20261025-20271024,票面利率:1.70%;20271025-20281024,票面利率:2.50%;20281025-20291024,票面利率:3.00%	115.0	A	A	中证鹏元资信评估股份有限公司
127097.SZ	三羊马(重庆)物流股份有限公司向不特定对象发行可转换公司债券	三羊转债		001317.SZ	三羊马	6.0	100.0	100.0	210000000.0	0.0	2023-10-26	2029-10-26		0.5	10.2	1	2023-11-17	2025-10-27	深交所	2024-05-06	2029-10-25	2025-10-17	37.65	37.43	20231026-20241025,票面利率:0.30%;20241026-20251016,票面利率:0.50%	113.0	A+	A+	东方金诚国际信用评估有限公司
127098.SZ	内蒙古欧晶科技股份有限公司向不特定对象发行可转换公司债券	欧晶转债		001269.SZ	欧晶科技	6.0	100.0	100.0	470000000.0	469262200.0	2023-11-24	2029-11-24		0.8	10.0	1	2023-12-15	1970-01-01	深交所	2024-05-30	2029-11-23	1970-01-01	45.91	42.0	20231124-20241123,票面利率:0.20%;20241124-20251123,票面利率:0.40%;20251124-20261123,票面利率:0.80%;20261124-20271123,票面利率:1.50%;20271124-20281123,票面利率:1.80%;20281124-20291123,票面利率:2.00%	112.0	AA-	A+	中证鹏元资信评估股份有限公司
127099.SZ	南京盛航海运股份有限公司向不特定对象发行可转换公司债券	盛航转债		001205.SZ	盛航股份	6.0	100.0	100.0	740000000.0	454067000.0	2023-12-06	2029-12-06		1.0	12.0	1	2023-12-28	1970-01-01	深交所	2024-06-12	2029-12-05	1970-01-01	19.15	15.33	20231206-20241205,票面利率:0.30%;20241206-20251205,票面利率:0.50%;20251206-20261205,票面利率:1.00%;20261206-20271205,票面利率:1.50%;20271206-20281205,票面利率:2.20%;20281206-20291205,票面利率:3.00%	115.0	AA-	AA-	东方金诚国际信用评估有限公司
127100.SZ	神州数码集团股份有限公司向不特定对象发行可转换公司债券	神码转债		000034.SZ	神州数码	6.0	100.0	100.0	1338999000.0	0.0	2023-12-21	2029-12-21		0.5	8.0	1	2024-01-19	2025-04-08	深交所	2024-06-27	2029-12-20	2025-03-28	32.51	32.07	20231221-20241220,票面利率:0.30%;20241221-20250327,票面利率:0.50%	110.0	AA	AA	东方金诚国际信用评估有限公司
127101.SZ	深圳市豪鹏科技股份有限公司向不特定对象发行可转换公司债券	豪鹏转债		001283.SZ	豪鹏科技	6.0	100.0	100.0	1100000000.0	0.0	2023-12-22	2029-12-22		0.5	9.9	1	2024-01-11	2025-09-08	深交所	2024-06-28	2029-12-21	2025-08-29	50.65	50.22	20231222-20241221,票面利率:0.30%;20241222-20250828,票面利率:0.50%	112.0	AA-	AA-	中诚信国际信用评级有限责任公司
127102.SZ	浙江省建设投资集团股份有限公司向不特定对象发行可转换公司债券	浙建转债		002761.SZ	浙江建投	6.0	100.0	100.0	1000000000.0	995079200.0	2023-12-25	2029-12-25		0.6	6.0	1	2024-01-16	1970-01-01	深交所	2024-07-01	2029-12-24	1970-01-01	11.01	10.22	20231225-20241224,票面利率:0.20%;20241225-20251224,票面利率:0.40%;20251225-20261224,票面利率:0.60%;20261225-20271224,票面利率:1.50%;20271225-20281224,票面利率:1.80%;20281225-20291224,票面利率:2.00%	108.0	AA+	AA+	中诚信国际信用评级有限责任公司
127103.SZ	浙江东南网架股份有限公司向不特定对象发行可转换公司债券	东南转债		002135.SZ	东南网架	6.0	100.0	100.0	2000000000.0	1999872000.0	2024-01-03	2030-01-03		1.0	6.0	1	2024-01-24	1970-01-01	深交所	2024-07-09	2030-01-02	1970-01-01	5.73	5.59	20240103-20250102,票面利率:0.30%;20250103-20260102,票面利率:0.50%;20260103-20270102,票面利率:1.00%;20270103-20280102,票面利率:1.50%;20280103-20290102,票面利率:1.80%;20290103-20300102,票面利率:2.00%	108.0	AA	AA	上海新世纪资信评估投资服务有限公司
127104.SZ	上海姚记科技股份有限公司向不特定对象发行可转换公司债券	姚记转债		002605.SZ	姚记科技	6.0	100.0	100.0	583127300.0	582253900.0	2024-01-25	2030-01-25		1.0	12.0	1	2024-02-26	1970-01-01	深交所	2024-07-31	2030-01-24	1970-01-01	21.53	19.58	20240125-20250124,票面利率:0.30%;20250125-20260124,票面利率:0.50%;20260125-20270124,票面利率:1.00%;20270125-20280124,票面利率:1.70%;20280125-20290124,票面利率:2.50%;20290125-20300124,票面利率:3.00%	115.0	A+	A+	联合资信评估股份有限公司
127105.SZ	龙星化工股份有限公司向不特定对象发行可转换公司债券	龙星转债		002442.SZ	龙星科技	6.0	100.0	100.0	754753900.0	754110200.0	2024-02-01	2030-02-01		0.8	12.5	1	2024-03-06	1970-01-01	深交所	2024-08-07	2030-01-31	1970-01-01	6.13	5.8	20240201-20250131,票面利率:0.20%;20250201-20260131,票面利率:0.40%;20260201-20270131,票面利率:0.80%;20270201-20280131,票面利率:1.50%;20280201-20290131,票面利率:2.00%;20290201-20300131,票面利率:2.50%	115.0	AA-	AA-	联合资信评估股份有限公司
127106.SZ	青岛伟隆阀门股份有限公司向不特定对象发行可转换公司债券	伟隆转债		002871.SZ	伟隆股份	6.0	100.0	100.0	269710000.0	0.0	2024-08-13	2030-08-13		0.5	12.0	1	2024-08-28	2025-08-11	深交所	2025-02-19	2030-08-12	2025-08-01	8.6	8.26	20240813-20250731,票面利率:0.50%	115.0	A	A	中证鹏元资信评估股份有限公司
127107.SZ	广东领益智造股份有限公司向不特定对象发行可转换公司债券	领益转债		002600.SZ	领益智造	6.0	100.0	100.0	2137418100.0	0.0	2024-11-18	2030-11-18		0.2	6.0	1	2024-12-06	2025-10-23	深交所	2025-05-22	2030-11-17	2025-10-15	9.15	9.13	20241118-20251014,票面利率:0.20%	108.0	AA+	AA+	联合资信评估股份有限公司
127108.SZ	中节能太阳能股份有限公司向不特定对象发行可转换公司债券	太能转债		000591.SZ	太阳能	6.0	100.0	100.0	2950000000.0	2949809900.0	2025-03-28	2031-03-28		0.4	9.0	1	2025-04-16	1970-01-01	深交所	2025-10-09	2031-03-27	1970-01-01	5.67	5.55	20250328-20260327,票面利率:0.20%;20260328-20270327,票面利率:0.40%;20270328-20280327,票面利率:1.00%;20280328-20290327,票面利率:1.50%;20290328-20300327,票面利率:2.00%;20300328-20310327,票面利率:3.00%	112.0	AA+	AA+	大公国际资信评估有限公司
127109.SZ	湘潭电化科技股份有限公司向不特定对象发行可转换公司债券	电化转债		002125.SZ	湘潭电化	6.0	100.0	100.0	487000000.0	486583500.0	2025-06-16	2031-06-16		0.4	8.0	1	2025-07-04	1970-01-01	深交所	2025-12-22	2031-06-15	1970-01-01	10.1	9.99	20250616-20260615,票面利率:0.20%;20260616-20270615,票面利率:0.40%;20270616-20280615,票面利率:0.80%;20280616-20290615,票面利率:1.50%;20290616-20300615,票面利率:1.80%;20300616-20310615,票面利率:2.00%	110.0	AA	AA	中诚信国际信用评级有限责任公司
127110.SZ	中国广核电力股份有限公司向不特定对象发行A股可转换公司债券	广核转债		003816.SZ	中国广核	6.0	100.0	100.0	4900000000.0	4899284900.0	2025-07-09	2031-07-09		0.2	4.0	1	2025-07-25	1970-01-01	深交所	2026-01-15	2031-07-08	1970-01-01	3.67	3.67	20250709-20260708,票面利率:0.20%;20260709-20270708,票面利率:0.40%;20270709-20280708,票面利率:0.80%;20280709-20290708,票面利率:1.20%;20290709-20300708,票面利率:1.60%;20300709-20310708,票面利率:2.00%	106.0	AAA	AAA	中诚信国际信用评级有限责任公司
127111.SZ	厦门金达威集团股份有限公司向不特定对象发行可转换公司债券	金威转债		002626.SZ	金达威	6.0	100.0	100.0	1292394800.0	1292357500.0	2025-08-20	2031-08-20		0.1	8.0	1	2025-09-08	1970-01-01	深交所	2026-02-26	2031-08-19	1970-01-01	19.59	19.19	20250820-20260819,票面利率:0.10%;20260820-20270819,票面利率:0.30%;20270820-20280819,票面利率:0.60%;20280820-20290819,票面利率:1.00%;20290820-20300819,票面利率:1.50%;20300820-20310819,票面利率:2.00%	110.0	AA	AA	东方金诚国际信用评估有限公司
127112.SZ	石家庄尚太科技股份有限公司向不特定对象发行可转换公司债券	尚太转债		001301.SZ	尚太科技	6.0	100.0	100.0	1734000000.0	1734000000.0	2026-01-16	2032-01-16		0.2	5.0	1	2026-02-05	1970-01-01	深交所	2026-07-22	2032-01-15	1970-01-01	84.71	84.72	20260116-20270115,票面利率:0.20%;20270116-20280115,票面利率:0.40%;20280116-20290115,票面利率:0.60%;20290116-20300115,票面利率:1.50%;20300116-20310115,票面利率:1.80%;20310116-20320115,票面利率:2.00%	107.0	AA+	AA+	中诚信国际信用评级有限责任公司
127113.SZ	长高电新科技股份公司向不特定对象发行可转换公司债券	长高转债		002452.SZ	长高电气	6.0	100.0	100.0	758600700.0	758600700.0	2026-03-09	2032-03-09		0.2	8.0	1	2026-03-30	1970-01-01	深交所	2026-09-13	2032-03-08	1970-01-01	11.01	10.92	20260309-20270308,票面利率:0.20%;20270309-20280308,票面利率:0.40%;20280309-20290308,票面利率:0.60%;20290309-20300308,票面利率:1.00%;20300309-20310308,票面利率:1.50%;20310309-20320308,票面利率:2.00%	110.0	AA-	AA-	中证鹏元资信评估股份有限公司
127114.SZ	湖北宜化化工股份有限公司向不特定对象发行可转换公司债券	宜化转债		000422.SZ	湖北宜化	6.0	100.0	100.0	3300000000.0	3300000000.0	2026-06-26	2032-06-26		0.2	8.0	1	1970-01-01	1970-01-01	深交所	2027-01-04	2032-06-25	1970-01-01	14.08	14.08	20260626-20270625,票面利率:0.20%;20270626-20280625,票面利率:0.40%;20280626-20290625,票面利率:0.60%;20290626-20300625,票面利率:1.00%;20300626-20310625,票面利率:1.50%;20310626-20320625,票面利率:2.00%	110.0	AA+	AA+	东方金诚国际信用评估有限公司
128001.SZ	安徽泰尔重工股份有限公司可转换公司债券	泰尔转债		002347.SZ	泰尔股份	5.0	100.0	100.0	320000000.0	0.0	2013-01-09	2018-01-09		0.9	0.0	1	2013-01-28	2014-11-21	深交所	2013-07-15	2018-01-08	2014-11-13	15.34	8.49	20130109-20140108,票面利率:0.60%;20140109-20141112,票面利率:0.90%	102.0	AA	AA	中证鹏元资信评估股份有限公司
128002.SZ	东华软件股份公司可转换公司债券	东华转债		002065.SZ	东华软件	6.0	100.0	100.0	1000000000.0	0.0	2013-07-26	2019-07-26		0.8	3.0	1	2013-08-19	2015-06-02	深交所	2014-02-03	2019-07-25	2015-05-25	23.7	11.78	20130726-20140725,票面利率:0.50%;20140726-20150524,票面利率:0.80%	105.0	AA	AA	上海新世纪资信评估投资服务有限公司
128003.SZ	天水华天科技股份有限公司可转换公司债券	华天转债		002185.SZ	华天科技	6.0	100.0	100.0	461000000.0	0.0	2013-08-12	2019-08-12		0.7	6.5	1	2013-08-28	2014-12-08	深交所	2014-02-17	2019-08-11	2014-11-28	9.79	9.74	20130812-20140811,票面利率:0.50%;20140812-20141127,票面利率:0.70%	108.0	AA	AA	中证鹏元资信评估股份有限公司
128004.SZ	浙江久立特材科技股份有限公司可转换公司债券	久立转债		002318.SZ	久立特材	6.0	100.0	100.0	487000000.0	0.0	2014-02-25	2020-02-25		0.5	5.9	1	2014-03-14	2015-01-05	深交所	2014-09-04	2020-02-24	2014-12-24	19.96	19.76	20140225-20141223,票面利率:0.50%	108.0	AA	AA	联合信用评级有限公司
128005.SZ	淄博齐翔腾达化工股份有限公司可转换公司债券	齐翔转债		002408.SZ	齐翔腾达	5.0	100.0	100.0	1240000000.0	0.0	2014-04-18	2019-04-18		1.3	10.5	1	2014-05-13	2015-06-15	深交所	2014-10-27	2019-04-17	2015-06-03	14.34	14.34	20140418-20150417,票面利率:0.80%;20150418-20150602,票面利率:1.30%	112.8	AA	AA	中证鹏元资信评估股份有限公司
128006.SZ	江苏长青农化股份有限公司可转换公司债券	长青转债		002391.SZ	长青股份	6.0	100.0	100.0	631760000.0	0.0	2014-06-20	2020-06-20		0.6	0.0	1	2014-07-09	2015-04-24	深交所	2014-12-29	2020-06-19	2015-04-16	13.48	13.48	20140620-20150415,票面利率:0.60%	102.5	AA	AA	联合信用评级有限公司
128007.SZ	江苏通鼎光电股份有限公司可转换公司债券	通鼎转债		002491.SZ	通鼎互联	6.0	100.0	100.0	600000000.0	0.0	2014-08-15	2020-08-15		0.8	7.5	1	2014-09-05	2015-07-20	深交所	2015-02-25	2020-08-14	2015-07-07	17.5	5.75	20140815-20150706,票面利率:0.80%	110.0	AA-	AA-	上海新世纪资信评估投资服务有限公司
128008.SZ	齐峰新材料股份有限公司可转换公司债券	齐峰转债		002521.SZ	齐峰新材	5.0	100.0	100.0	760000000.0	0.0	2014-09-15	2019-09-15		0.5	6.0	1	2014-10-10	2015-06-16	深交所	2015-03-20	2019-09-14	2015-06-08	10.2	10.2	20140915-20150607,票面利率:0.50%	108.0	AA	AA	中诚信证评数据科技有限公司
128009.SZ	歌尔声学股份有限公司可转换公司债券	歌尔转债		002241.SZ	歌尔股份	6.0	100.0	100.0	2500000000.0	0.0	2014-12-12	2020-12-12		1.0	6.4	1	2014-12-26	2017-07-10	深交所	2015-06-19	2020-12-11	2017-06-30	26.43	13.04	20141212-20151211,票面利率:0.50%;20151212-20161211,票面利率:0.70%;20161212-20170629,票面利率:1.00%	108.0	AA+	AA+	联合信用评级有限公司
128010.SZ	江苏澳洋顺昌股份有限公司可转换公司债券	蔚蓝转债		002245.SZ	蔚蓝锂芯	6.0	100.0	100.0	510000000.0	0.0	2016-01-22	2022-01-22		1.6	6.4	1	2016-02-23	2021-03-09	深交所	2016-07-29	2022-01-21	2021-03-01	9.44	9.25	20160122-20170121,票面利率:0.50%;20170122-20180121,票面利率:0.70%;20180122-20190121,票面利率:1.00%;20190122-20200121,票面利率:1.60%;20200122-20210121,票面利率:1.60%;20210122-20210228,票面利率:1.60%	108.0	AA	AA	中证鹏元资信评估股份有限公司
128011.SZ	天津汽车模具股份有限公司可转换公司债券	汽模转债		002510.SZ	天汽模	6.0	100.0	100.0	420000000.0	0.0	2016-03-02	2022-03-02		0.7	4.2	1	2016-03-24	2017-08-17	深交所	2016-09-09	2022-03-01	2017-08-09	11.63	5.73	20160302-20170301,票面利率:0.50%;20170302-20170808,票面利率:0.70%	106.0	AA	AA	联合信用评级有限公司
128012.SZ	江苏辉丰农化股份有限公司可转换公司债券	辉丰转债		002496.SZ	辉丰股份	6.0	100.0	100.0	845000000.0	0.0	2016-04-21	2022-04-21		1.3	0.0	1	2016-05-17	2021-04-28	深交所	2016-10-28	2022-04-20	2021-04-20	29.7	4.38	20160421-20170420,票面利率:0.50%;20170421-20180420,票面利率:0.70%;20180421-20190420,票面利率:1.00%;20190421-20200420,票面利率:1.30%;20200421-20210419,票面利率:1.30%	101.6	AA	A	中证鹏元资信评估股份有限公司
128013.SZ	深圳市洪涛装饰股份有限公司可转换公司债券	洪涛转债		002325.SZ	*ST洪涛	6.0	100.0	100.0	1200000000.0	0.0	2016-07-29	2022-07-29		2.0	6.0	1	2016-08-23	2022-07-29	深交所	2017-02-06	2022-07-28	2022-07-29	10.28	2.31	20160729-20170728,票面利率:0.40%;20170729-20180728,票面利率:0.60%;20180729-20190728,票面利率:1.00%;20190729-20200728,票面利率:1.50%;20200729-20210728,票面利率:1.80%;20210729-20220728,票面利率:2.00%	108.0	AA	CCC	上海新世纪资信评估投资服务有限公司
128014.SZ	山西永东化工股份有限公司公开发行可转换公司债券	永东转债		002753.SZ	永东股份	6.0	100.0	100.0	340000000.0	0.0	2017-04-17	2023-04-17		2.0	6.0	1	2017-05-12	2023-04-17	深交所	2017-10-23	2023-04-16	2023-04-17	30.77	9.28	20170417-20180416,票面利率:0.50%;20180417-20190416,票面利率:0.70%;20190417-20200416,票面利率:1.00%;20200417-20210416,票面利率:1.50%;20210417-20220416,票面利率:1.80%;20220417-20230416,票面利率:2.00%	108.0	AA-	AA-	联合资信评估股份有限公司
128015.SZ	北京久其软件股份有限公司公开发行可转换公司债券	久其转债		002279.SZ	久其软件	6.0	100.0	100.0	780000000.0	0.0	2017-06-08	2023-06-08		1.8	6.2	1	2017-06-27	2022-12-20	深交所	2017-12-15	2023-06-07	2022-12-12	12.97	5.0	20170608-20180607,票面利率:0.30%;20180608-20190607,票面利率:0.50%;20190608-20200607,票面利率:1.00%;20200608-20210607,票面利率:1.30%;20210608-20220607,票面利率:1.50%;20220608-20221211,票面利率:1.80%	108.0	AA	A	联合资信评估股份有限公司
128016.SZ	北京东方雨虹防水技术股份有限公司公开发行可转换公司债券	雨虹转债		002271.SZ	东方雨虹	6.0	100.0	100.0	1840000000.0	0.0	2017-09-25	2023-09-25		1.0	4.2	1	2017-10-20	2020-04-22	深交所	2018-03-29	2023-09-24	2020-04-14	38.48	22.4	20170925-20180924,票面利率:0.30%;20180925-20190924,票面利率:0.50%;20190925-20200413,票面利率:1.00%	106.0	AA	AA+	大公国际资信评估有限公司
128017.SZ	安徽金禾实业股份有限公司公开发行可转换公司债券	金禾转债		002597.SZ	金禾实业	6.0	100.0	100.0	600000000.0	0.0	2017-11-01	2023-11-01		1.8	4.2	1	2017-11-27	2023-11-02	深交所	2018-08-07	2023-11-01	2023-11-02	23.92	20.54	20171101-20181031,票面利率:0.30%;20181101-20191031,票面利率:0.50%;20191101-20201031,票面利率:1.00%;20201101-20211031,票面利率:1.30%;20211101-20221031,票面利率:1.50%;20221101-20231031,票面利率:1.80%	106.0	AA	AA	联合资信评估股份有限公司
128018.SZ	上海新时达电气股份有限公司公开发行可转换公司债券	时达转债		002527.SZ	新时达	6.0	100.0	100.0	882505700.0	0.0	2017-11-06	2023-11-06		1.5	4.0	1	2017-12-04	2021-11-05	深交所	2018-05-10	2023-11-05	2021-10-28	11.9	7.36	20171106-20181105,票面利率:0.30%;20181106-20191105,票面利率:0.50%;20191106-20201105,票面利率:1.00%;20201106-20211027,票面利率:1.50%	106.0	AA	AA	联合资信评估股份有限公司
128019.SZ	浙江久立特材科技股份有限公司公开发行可转换公司债券	久立转2		002318.SZ	久立特材	6.0	100.0	100.0	1040000000.0	0.0	2017-11-08	2023-11-08		1.3	4.2	1	2017-12-01	2021-01-15	深交所	2018-05-14	2023-11-07	2021-01-07	8.37	7.62	20171108-20181107,票面利率:0.30%;20181108-20191107,票面利率:0.50%;20191108-20201107,票面利率:1.00%;20201108-20210106,票面利率:1.30%	106.0	AA	AA	联合信用评级有限公司
128020.SZ	浙江水晶光电科技股份有限公司公开发行可转换公司债券	水晶转债		002273.SZ	水晶光电	6.0	100.0	100.0	1180000000.0	0.0	2017-11-17	2023-11-17		0.8	6.2	1	2017-12-12	2020-02-24	深交所	2018-05-23	2023-11-16	2020-02-14	29.9	12.23	20171117-20181116,票面利率:0.30%;20181117-20191116,票面利率:0.50%;20191117-20200213,票面利率:0.80%	108.0	AA	AA	联合信用评级有限公司
128021.SZ	兄弟科技股份有限公司公开发行可转换公司债券	兄弟转债		002562.SZ	兄弟科技	6.0	100.0	100.0	700000000.0	0.0	2017-11-28	2023-11-28		1.8	4.2	1	2017-12-27	2023-11-29	深交所	2018-06-04	2023-11-28	2023-11-29	18.17	4.25	20171128-20181127,票面利率:0.30%;20181128-20191127,票面利率:0.50%;20191128-20201127,票面利率:1.00%;20201128-20211127,票面利率:1.30%;20211128-20221127,票面利率:1.50%;20221128-20231127,票面利率:1.80%	106.0	AA	AA	联合资信评估股份有限公司
128022.SZ	众信旅游集团股份有限公司可转换公司债券	众信转债		002707.SZ	众信旅游	6.0	100.0	100.0	700000000.0	0.0	2017-12-01	2023-12-01		1.8	4.2	1	2017-12-28	2022-12-29	深交所	2018-06-07	2023-11-30	2022-12-21	11.12	5.95	20171201-20181130,票面利率:0.30%;20181201-20191130,票面利率:0.50%;20191201-20201130,票面利率:1.00%;20201201-20211130,票面利率:1.30%;20211201-20221130,票面利率:1.50%;20221201-20221220,票面利率:1.80%	106.0	AA	BBB	联合资信评估股份有限公司
128023.SZ	浙江亚太机电股份有限公司可转换公司债券	亚太转债		002284.SZ	亚太股份	6.0	100.0	100.0	1000000000.0	0.0	2017-12-04	2023-12-04		2.0	6.0	1	2017-12-26	2023-12-05	深交所	2018-06-08	2023-12-04	2023-12-05	10.44	10.24	20171204-20181203,票面利率:0.30%;20181204-20191203,票面利率:0.50%;20191204-20201203,票面利率:1.00%;20201204-20211203,票面利率:1.50%;20211204-20221203,票面利率:1.80%;20221204-20231203,票面利率:2.00%	108.0	AA	AA	上海新世纪资信评估投资服务有限公司
128024.SZ	宁波银行股份有限公司公开发行可转换公司债券	宁行转债		002142.SZ	宁波银行	6.0	100.0	100.0	10000000000.0	0.0	2017-12-05	2023-12-05		0.4	3.0	1	2018-01-12	2019-08-30	深交所	2018-06-11	2023-12-04	2019-08-22	18.45	17.7	20171205-20181204,票面利率:0.20%;20181205-20190821,票面利率:0.40%	105.0	AAA	AAA	中诚信证评数据科技有限公司
128025.SZ	特一药业集团股份有限公司可转换公司债券	特一转债		002728.SZ	特一药业	6.0	100.0	100.0	354000000.0	0.0	2017-12-06	2023-12-06		1.8	4.2	1	2017-12-28	2023-12-07	深交所	2018-06-12	2023-12-06	2023-12-07	20.2	9.21	20171206-20181205,票面利率:0.30%;20181206-20191205,票面利率:0.50%;20191206-20201205,票面利率:1.00%;20201206-20211205,票面利率:1.30%;20211206-20221205,票面利率:1.50%;20221206-20231205,票面利率:1.80%	106.0	AA-	AA-	中证鹏元资信评估股份有限公司
128026.SZ	天水众兴菌业科技股份有限公司可转换公司债券	众兴转债		002772.SZ	众兴菌业	6.0	100.0	100.0	920000000.0	0.0	2017-12-13	2023-12-13		2.0	4.0	1	2018-01-03	2023-12-14	深交所	2018-06-19	2023-12-13	2023-12-14	11.74	8.75	20171213-20181212,票面利率:0.40%;20181213-20191212,票面利率:0.60%;20191213-20201212,票面利率:1.00%;20201213-20211212,票面利率:1.50%;20211213-20221212,票面利率:1.80%;20221213-20231212,票面利率:2.00%	106.0	AA-	AA-	大公国际资信评估有限公司
128027.SZ	深圳市崇达电路技术股份有限公司公开发行可转换公司债券	崇达转债		002815.SZ	崇达技术	6.0	100.0	100.0	800000000.0	0.0	2017-12-15	2023-12-15		0.5	4.0	1	2018-01-22	2019-11-01	深交所	2018-06-21	2023-12-14	2019-10-24	30.93	14.76	20171215-20181214,票面利率:0.30%;20181215-20191023,票面利率:0.50%	106.0	AA	AA	中证鹏元资信评估股份有限公司
128028.SZ	江西赣锋锂业股份有限公司公开发行可转换公司债券	赣锋转债		002460.SZ	赣锋锂业	6.0	100.0	100.0	928000000.0	0.0	2017-12-21	2023-12-21		1.0	4.2	1	2018-01-19	2021-03-16	深交所	2018-06-27	2023-12-20	2021-03-08	71.89	41.68	20171221-20181220,票面利率:0.30%;20181221-20191220,票面利率:0.50%;20191221-20201220,票面利率:0.80%;20201221-20210307,票面利率:1.00%	106.0	AA	AA	联合信用评级有限公司
128029.SZ	山东太阳纸业股份有限公司可转换公司债券	太阳转债		002078.SZ	太阳纸业	5.0	100.0	100.0	1200000000.0	0.0	2017-12-22	2022-12-22		1.5	4.5	1	2018-01-16	2022-12-23	深交所	2018-06-28	2022-12-22	2022-12-23	8.85	8.25	20171222-20181221,票面利率:0.30%;20181222-20191221,票面利率:0.50%;20191222-20201221,票面利率:0.80%;20201222-20211221,票面利率:1.00%;20211222-20221221,票面利率:1.50%	106.0	AA+	AA+	上海新世纪资信评估投资服务有限公司
128030.SZ	天康生物股份有限公司公开发行可转换公司债券	天康转债		002100.SZ	天康生物	6.0	100.0	100.0	1000000000.0	0.0	2017-12-22	2023-12-22		2.0	6.0	1	2018-01-29	2023-12-25	深交所	2018-06-28	2023-12-22	2023-12-25	8.25	7.18	20171222-20181221,票面利率:0.30%;20181222-20191221,票面利率:0.50%;20191222-20201221,票面利率:1.00%;20201222-20211221,票面利率:1.50%;20211222-20221221,票面利率:1.80%;20221222-20231221,票面利率:2.00%	108.0	AA	AA	联合资信评估股份有限公司
128031.SZ	广东巨轮模具股份有限公司可转换公司债券	巨轮转债		002031.SZ	巨轮智能	5.0	100.0	100.0	200000000.0	0.0	2007-01-08	2012-01-08		1.9	6.5	1	2007-01-19	2009-09-07	深交所	2007-07-09	2012-01-07	2009-08-28	9.82	7.37	20070108-20080107,票面利率:1.30%;20080108-20090107,票面利率:1.60%;20090108-20090827,票面利率:1.90%	109.0	AA	AAA	联合资信评估股份有限公司
128032.SZ	浙江双环传动机械股份有限公司公开发行可转换公司债券	双环转债		002472.SZ	双环传动	6.0	100.0	100.0	1000000000.0	0.0	2017-12-25	2023-12-25		1.5	4.0	1	2018-01-25	2021-08-05	深交所	2018-06-29	2023-12-24	2021-07-28	10.07	9.87	20171225-20181224,票面利率:0.30%;20181225-20191224,票面利率:0.50%;20191225-20201224,票面利率:1.00%;20201225-20210727,票面利率:1.50%	106.0	AA	AA	联合资信评估股份有限公司
128033.SZ	北京雪迪龙科技股份有限公司可转换公司债券	迪龙转债		002658.SZ	雪迪龙	6.0	100.0	100.0	520000000.0	0.0	2017-12-27	2023-12-27		1.8	4.2	1	2018-01-29	2023-12-28	深交所	2018-07-03	2023-12-27	2023-12-28	13.35	7.87	20171227-20181226,票面利率:0.30%;20181227-20191226,票面利率:0.50%;20191227-20201226,票面利率:1.00%;20201227-20211226,票面利率:1.30%;20211227-20221226,票面利率:1.50%;20221227-20231226,票面利率:1.80%	106.0	AA	AA	中证鹏元资信评估股份有限公司
128034.SZ	江苏江阴农村商业银行股份有限公司公开发行A股可转换公司债券	江银转债		002807.SZ	江阴银行	6.0	100.0	100.0	2000000000.0	0.0	2018-01-26	2024-01-26		1.8	4.2	1	2018-02-14	2024-01-29	深交所	2018-08-01	2024-01-26	2024-01-29	9.16	3.96	20180126-20190125,票面利率:0.30%;20190126-20200125,票面利率:0.50%;20200126-20210125,票面利率:0.80%;20210126-20220125,票面利率:1.00%;20220126-20230125,票面利率:1.30%;20230126-20240125,票面利率:1.80%	106.0	AA+	AA+	中诚信国际信用评级有限责任公司
128035.SZ	大族激光科技产业集团股份有限公司可转换公司债券	大族转债		002008.SZ	大族激光	6.0	100.0	100.0	2300000000.0	0.0	2018-02-06	2024-02-06		2.0	3.0	1	2018-03-05	2024-02-07	深交所	2018-08-13	2024-02-06	2024-02-07	52.7	51.59	20180206-20190205,票面利率:0.20%;20190206-20200205,票面利率:0.40%;20200206-20210205,票面利率:0.60%;20210206-20220205,票面利率:0.80%;20220206-20230205,票面利率:1.60%;20230206-20240205,票面利率:2.00%	105.0	AA+	AA+	大公国际资信评估有限公司
128036.SZ	深圳市金新农科技股份有限公司公开发行可转换公司债券	金农转债		002548.SZ	金新农	6.0	100.0	100.0	650000000.0	0.0	2018-03-09	2024-03-09		2.0	4.0	1	2018-04-02	2024-03-11	深交所	2018-09-17	2024-03-08	2024-03-11	9.72	6.81	20180309-20190308,票面利率:0.40%;20190309-20200308,票面利率:0.60%;20200309-20210308,票面利率:1.00%;20210309-20220308,票面利率:1.50%;20220309-20230308,票面利率:1.80%;20230309-20240308,票面利率:2.00%	106.0	AA-	A-	大公国际资信评估有限公司
128037.SZ	中化岩土集团股份有限公司可转换公司债券	岩土转债		002542.SZ	*ST中岩	6.0	100.0	100.0	603660000.0	0.0	2018-03-15	2024-03-15		2.0	6.0	1	2018-04-25	2024-03-18	深交所	2018-09-21	2024-03-15	2024-03-18	8.05	2.29	20180315-20190314,票面利率:0.30%;20190315-20200314,票面利率:0.50%;20200315-20210314,票面利率:1.00%;20210315-20220314,票面利率:1.50%;20220315-20230314,票面利率:1.80%;20230315-20240314,票面利率:2.00%	108.0	AA	AA	联合资信评估股份有限公司
128038.SZ	利欧集团股份有限公司公开发行可转换公司债券	利欧转债		002131.SZ	利欧股份	6.0	100.0	100.0	2197547500.0	0.0	2018-03-22	2024-03-22		1.0	7.0	1	2018-04-19	2020-04-09	深交所	2018-09-28	2024-03-21	2020-03-31	2.76	1.72	20180322-20190321,票面利率:0.30%;20190322-20200321,票面利率:0.50%;20200322-20200330,票面利率:1.00%	109.0	AA	AA	联合信用评级有限公司
128039.SZ	三力士股份有限公司公开发行可转换公司债券	三力转债		002224.SZ	三力士	6.0	100.0	100.0	620000000.0	0.0	2018-06-08	2024-06-08		2.0	4.0	1	2018-06-29	2024-06-11	深交所	2018-12-14	2024-06-07	2024-06-11	7.38	5.43	20180608-20190607,票面利率:0.30%;20190608-20200607,票面利率:0.50%;20200608-20210607,票面利率:1.00%;20210608-20220607,票面利率:1.30%;20220608-20230607,票面利率:1.50%;20230608-20240607,票面利率:2.00%	106.0	AA-	A+	上海新世纪资信评估投资服务有限公司
128040.SZ	浙江华通医药股份有限公司公开发行可转换公司债券	华通转债		002758.SZ	浙农股份	6.0	100.0	100.0	224000000.0	0.0	2018-06-14	2024-06-14		1.8	6.0	1	2018-07-13	2023-03-09	深交所	2018-12-21	2024-06-13	2023-03-01	11.45	9.74	20180614-20190613,票面利率:0.40%;20190614-20200613,票面利率:0.60%;20200614-20210613,票面利率:1.00%;20210614-20220613,票面利率:1.50%;20220614-20230228,票面利率:1.80%	108.0	AA-	AA	联合资信评估股份有限公司
128041.SZ	广东盛路通信科技股份有限公司公开发行可转换公司债券	盛路转债		002446.SZ	盛路通信	6.0	100.0	100.0	1000000000.0	0.0	2018-07-17	2024-07-17		2.0	8.0	1	2018-08-14	2024-07-17	深交所	2019-01-23	2024-07-16	2024-07-17	6.88	6.75	20180717-20190716,票面利率:0.50%;20190717-20200716,票面利率:0.70%;20200717-20210716,票面利率:1.00%;20210717-20220716,票面利率:1.50%;20220717-20230716,票面利率:1.80%;20230717-20240716,票面利率:2.00%	110.0	AA	A+	联合资信评估股份有限公司
128042.SZ	深圳市凯中精密技术股份有限公司可转换公司债券	凯中转债		002823.SZ	凯中精密	6.0	100.0	100.0	416000000.0	0.0	2018-07-30	2024-07-30		2.0	10.0	1	2018-09-03	2024-07-31	深交所	2019-02-11	2024-07-30	2024-07-31	13.25	9.97	20180730-20190729,票面利率:0.40%;20190730-20200729,票面利率:0.60%;20200730-20210729,票面利率:1.00%;20210730-20220729,票面利率:1.50%;20220730-20230729,票面利率:1.80%;20230730-20240729,票面利率:2.00%	112.0	AA	AA-	中诚信国际信用评级有限责任公司
128043.SZ	浙江东音泵业股份有限公司公开发行可转换公司债券	东音转债		002793.SZ	罗欣药业	6.0	100.0	100.0	281320000.0	0.0	2018-08-02	2024-08-02		1.0	7.5	1	2018-08-27	2020-11-11	深交所	2019-02-11	2024-08-01	2020-11-03	13.47	6.22	20180802-20190801,票面利率:0.40%;20190802-20200801,票面利率:0.60%;20200802-20201102,票面利率:1.00%	110.0	AA-	AA	中诚信国际信用评级有限责任公司
128044.SZ	岭南生态文旅股份有限公司公开发行可转换公司债券	岭南转债		002717.SZ	*ST岭南	6.0	100.0	100.0	660000000.0	359091200.0	2018-08-14	2024-08-14		4.75	5.0	1	2018-09-04	1970-01-01	深交所	2019-02-20	2024-08-14	2024-08-15	10.7	1.4	20180814-20190813,票面利率:0.30%;20190814-20200813,票面利率:0.50%;20200814-20210813,票面利率:1.00%;20210814-20220813,票面利率:1.50%;20220814-20230813,票面利率:1.80%;20230814-20240813,票面利率:2.00%;20240814-20250126,票面利率:4.75%;20250127-20250730,票面利率:4.75%;20250731-20260209,票面利率:4.75%;20260210-20270213,票面利率:4.75%	107.0	AA	C	联合资信评估股份有限公司
128045.SZ	中航工业机电系统股份有限公司公开发行可转换公司债券	机电转债		002013.SZ	中航机电	6.0	100.0	100.0	2100000000.0	0.0	2018-08-27	2024-08-27		1.0	3.0	1	2018-09-14	2020-09-21	深交所	2019-02-28	2024-08-26	2020-09-11	7.66	7.57	20180827-20190826,票面利率:0.20%;20190827-20200826,票面利率:0.50%;20200827-20200910,票面利率:1.00%	105.0	AAA	AAA	中诚信国际信用评级有限责任公司
128046.SZ	利尔化学股份有限公司公开发行可转换公司债券	利尔转债		002258.SZ	利尔化学	6.0	100.0	100.0	852000000.0	0.0	2018-10-17	2024-10-17		1.8	6.0	1	2018-11-09	2022-11-14	深交所	2019-04-23	2024-10-16	2022-11-04	18.82	12.8	20181017-20191016,票面利率:0.40%;20191017-20201016,票面利率:0.60%;20201017-20211016,票面利率:1.00%;20211017-20221016,票面利率:1.50%;20221017-20221103,票面利率:1.80%	108.0	AA	AA	联合资信评估股份有限公司
128047.SZ	中航光电科技股份有限公司公开发行可转换公司债券	光电转债		002179.SZ	中航光电	6.0	100.0	100.0	1300000000.0	0.0	2018-11-05	2024-11-05		0.2	3.0	1	2018-12-07	2019-11-07	深交所	2019-05-09	2024-11-04	2019-10-30	40.26	30.87	20181105-20191029,票面利率:0.20%	105.0	AA+	AA+	联合信用评级有限公司
128048.SZ	江苏张家港农村商业银行股份有限公司公开发行A股可转换公司债券	张行转债		002839.SZ	张家港行	6.0	100.0	100.0	2500000000.0	0.0	2018-11-12	2024-11-12		2.0	7.0	1	2018-11-29	2024-11-13	深交所	2019-05-16	2024-11-12	2024-11-13	6.06	4.13	20181112-20191111,票面利率:0.40%;20191112-20201111,票面利率:0.60%;20201112-20211111,票面利率:1.00%;20211112-20221111,票面利率:1.50%;20221112-20231111,票面利率:1.80%;20231112-20241111,票面利率:2.00%	109.0	AA+	AA+	中诚信国际信用评级有限责任公司
128049.SZ	苏州华源控股股份有限公司公开发行可转换公司债券	华源转债		002787.SZ	华源控股	6.0	100.0	100.0	400000000.0	0.0	2018-11-27	2024-11-27		3.0	7.0	1	2018-12-20	2024-11-28	深交所	2019-06-03	2024-11-27	2024-11-28	7.58	7.37	20181127-20191126,票面利率:0.50%;20191127-20201126,票面利率:0.70%;20201127-20211126,票面利率:1.00%;20211127-20221126,票面利率:1.50%;20221127-20231126,票面利率:2.00%;20231127-20241126,票面利率:3.00%	110.0	AA-	AA-	东方金诚国际信用评估有限公司
128050.SZ	海南钧达汽车饰件股份有限公司公开发行可转换公司债券	钧达转债		002865.SZ	钧达股份	6.0	100.0	100.0	320000000.0	0.0	2018-12-10	2024-12-10		1.5	15.0	1	2018-12-27	2022-02-14	深交所	2019-06-14	2024-12-09	2022-01-28	21.74	14.81	20181210-20191209,票面利率:0.60%;20191210-20201209,票面利率:0.80%;20201210-20211209,票面利率:1.20%;20211210-20220127,票面利率:1.50%	118.0	AA-	AA-	中证鹏元资信评估股份有限公司
128051.SZ	广东光华科技股份有限公司公开发行可转换公司债券	光华转债		002741.SZ	光华科技	6.0	100.0	100.0	249300000.0	0.0	2018-12-14	2024-12-14		1.0	7.0	1	2019-01-09	2021-09-16	深交所	2019-06-21	2024-12-13	2021-09-08	17.03	12.72	20181214-20191213,票面利率:0.50%;20191214-20201213,票面利率:0.70%;20201214-20210907,票面利率:1.00%	110.0	AA-	AA-	上海新世纪资信评估投资服务有限公司
128052.SZ	湖北凯龙化工集团股份有限公司公开发行可转换公司债券	凯龙转债		002783.SZ	凯龙股份	6.0	100.0	100.0	328854800.0	0.0	2018-12-21	2024-12-21		1.0	8.0	1	2019-01-21	2021-04-01	深交所	2019-06-27	2024-12-20	2021-03-24	6.97	6.67	20181221-20191220,票面利率:0.50%;20191221-20201220,票面利率:0.70%;20201221-20210323,票面利率:1.00%	110.0	AA	AA	远东资信评估有限公司
128053.SZ	深圳市尚荣医疗股份有限公司公开发行可转换公司债券	尚荣转债		002551.SZ	尚荣医疗	6.0	100.0	100.0	750000000.0	0.0	2019-02-14	2025-02-14		2.0	8.0	1	2019-03-07	2025-02-17	深交所	2019-08-21	2025-02-14	2025-02-17	4.94	4.88	20190214-20200213,票面利率:0.40%;20200214-20210213,票面利率:0.60%;20210214-20220213,票面利率:1.00%;20220214-20230213,票面利率:1.50%;20230214-20240213,票面利率:1.80%;20240214-20250213,票面利率:2.00%	110.0	AA	AA	联合资信评估股份有限公司
128054.SZ	烟台中宠食品股份有限公司公开发行可转换公司债券	中宠转债		002891.SZ	中宠股份	6.0	100.0	100.0	194240000.0	0.0	2019-02-15	2025-02-15		0.6	7.5	1	2019-03-14	2020-07-23	深交所	2019-08-22	2025-02-14	2020-07-15	37.97	22.22	20190215-20200214,票面利率:0.40%;20200215-20200714,票面利率:0.60%	110.0	A+	A+	中诚信国际信用评级有限责任公司
128055.SZ	江苏长青农化股份有限公司公开发行可转换公司债券	长青转2		002391.SZ	长青股份	6.0	100.0	100.0	913800000.0	0.0	2019-02-27	2025-02-27		0.7	8.0	1	2019-04-03	2020-04-27	深交所	2019-09-05	2025-02-26	2020-04-17	11.41	7.41	20190227-20200226,票面利率:0.50%;20200227-20200416,票面利率:0.70%	110.0	AA	AA	联合信用评级有限公司
128056.SZ	浙江今飞凯达轮毂股份有限公司公开发行可转换公司债券	今飞转债		002863.SZ	今飞凯达	6.0	100.0	100.0	368000000.0	0.0	2019-02-28	2025-02-28		2.5	12.5	1	2019-03-22	2025-03-03	深交所	2019-09-06	2025-02-28	2025-03-03	6.8	4.64	20190228-20200227,票面利率:0.60%;20200228-20210227,票面利率:0.80%;20210228-20220227,票面利率:1.20%;20220228-20230227,票面利率:1.80%;20230228-20240227,票面利率:2.20%;20240228-20250227,票面利率:2.50%	115.0	A+	A+	中证鹏元资信评估股份有限公司
128057.SZ	博彦科技股份有限公司可转换公司债券	博彦转债		002649.SZ	博彦科技	6.0	100.0	100.0	575815200.0	0.0	2019-03-05	2025-03-05		1.0	10.0	1	2019-04-02	2021-12-08	深交所	2019-09-11	2025-03-04	2021-11-30	8.9	8.5	20190305-20200304,票面利率:0.50%;20200305-20210304,票面利率:0.80%;20210305-20211129,票面利率:1.00%	112.0	AA-	AA-	联合资信评估股份有限公司
128058.SZ	深圳拓邦股份有限公司公开发行可转换公司债券	拓邦转债		002139.SZ	拓邦股份	6.0	100.0	100.0	573000000.0	0.0	2019-03-07	2025-03-07		0.6	13.0	1	2019-04-08	2020-12-07	深交所	2019-09-16	2025-03-06	2020-11-26	5.64	5.47	20190307-20200306,票面利率:0.40%;20200307-20201125,票面利率:0.60%	116.0	AA	AA	中证鹏元资信评估股份有限公司
128059.SZ	广州视源电子科技股份有限公司公开发行可转换公司债券	视源转债		002841.SZ	视源股份	6.0	100.0	100.0	941830400.0	0.0	2019-03-11	2025-03-11		0.6	7.0	1	2019-04-02	2020-09-08	深交所	2019-09-16	2025-03-10	2020-08-31	76.25	74.97	20190311-20200310,票面利率:0.40%;20200311-20200830,票面利率:0.60%	109.0	AA	AA	联合信用评级有限公司
128060.SZ	深圳市中装建设集团股份有限公司公开发行可转换公司债券	中装转债		002822.SZ	ST中装	6.0	100.0	100.0	525000000.0	0.0	2019-03-26	2025-03-26		0.4	6.0	1	2019-04-15	2020-03-30	深交所	2019-10-08	2025-03-25	2020-03-20	6.24	6.19	20190326-20200319,票面利率:0.40%	108.0	AA	AA	中证鹏元资信评估股份有限公司
128061.SZ	启明星辰信息技术集团股份有限公司公开发行可转换公司债券	启明转债		002439.SZ	启明星辰	6.0	100.0	100.0	1045000000.0	0.0	2019-03-27	2025-03-27		0.4	11.0	1	2019-04-24	2020-03-26	深交所	2019-10-08	2025-03-26	2020-03-18	28.33	28.29	20190327-20200317,票面利率:0.40%	113.0	AA	AA	中证鹏元资信评估股份有限公司
128062.SZ	浙江亚太药业股份有限公司可转换公司债券	亚药转债		002370.SZ	亚太药业	6.0	100.0	100.0	965000000.0	0.0	2019-04-02	2025-04-02		2.0	13.0	1	2019-04-24	2025-04-03	深交所	2019-10-09	2025-04-02	2025-04-03	16.3	3.0	20190402-20200401,票面利率:0.30%;20200402-20210401,票面利率:0.50%;20210402-20220401,票面利率:1.00%;20220402-20230401,票面利率:1.50%;20230402-20240401,票面利率:1.80%;20240402-20250401,票面利率:2.00%	115.0	AA	CCC	安融信用评级有限公司
128063.SZ	德尔未来科技控股集团股份有限公司可转换公司债券	未来转债		002631.SZ	德尔未来	6.0	100.0	100.0	630000000.0	0.0	2019-04-03	2025-04-03		4.0	16.0	1	2019-04-24	2025-01-06	深交所	2019-10-11	2025-04-02	2024-12-26	8.74	3.57	20190403-20200402,票面利率:0.50%;20200403-20210402,票面利率:0.70%;20210403-20220402,票面利率:1.50%;20220403-20230402,票面利率:2.50%;20230403-20240402,票面利率:3.50%;20240403-20241225,票面利率:4.00%	120.0	AA-	AA-	联合资信评估股份有限公司
128064.SZ	安徽省司尔特肥业股份有限公司公开发行可转换公司债券	司尔转债		002538.SZ	ST司特	6.0	100.0	100.0	800000000.0	0.0	2019-04-08	2025-04-08		1.0	8.0	1	2019-05-07	2021-09-02	深交所	2019-10-14	2025-04-07	2021-08-25	6.25	5.82	20190408-20200407,票面利率:0.40%;20200408-20210407,票面利率:0.60%;20210408-20210824,票面利率:1.00%	110.0	AA	AA	中证鹏元资信评估股份有限公司
128065.SZ	四川雅化实业集团股份有限公司公开发行可转换公司债券	雅化转债		002497.SZ	雅化集团	6.0	100.0	100.0	800000000.0	0.0	2019-04-16	2025-04-16		0.6	4.0	1	2019-05-10	2021-03-11	深交所	2019-10-22	2025-04-15	2021-03-02	8.98	9.43	20190416-20200415,票面利率:0.40%;20200416-20210301,票面利率:0.60%	106.0	AA	AA	中诚信国际信用评级有限责任公司
128066.SZ	深圳市亚泰国际建设股份有限公司公开发行可转换公司债券	亚泰转债		002811.SZ	郑中设计	6.0	100.0	100.0	480000000.0	0.0	2019-04-17	2025-04-17		3.0	9.0	1	2019-05-14	2025-04-18	深交所	2019-10-23	2025-04-17	2025-04-18	17.49	8.39	20190417-20200416,票面利率:0.50%;20200417-20210416,票面利率:0.80%;20210417-20220416,票面利率:1.20%;20220417-20230416,票面利率:1.50%;20230417-20240416,票面利率:2.00%;20240417-20250416,票面利率:3.00%	112.0	AA-	AA-	中证鹏元资信评估股份有限公司
128067.SZ	云南鸿翔一心堂药业(集团)股份有限公司公开发行可转换公司债券	一心转债		002727.SZ	一心堂	6.0	100.0	100.0	602639200.0	0.0	2019-04-19	2025-04-19		0.6	6.0	1	2019-05-17	2020-11-11	深交所	2019-10-25	2025-04-18	2020-11-03	27.28	26.83	20190419-20200418,票面利率:0.30%;20200419-20201102,票面利率:0.60%	108.0	AA	AA	联合信用评级有限公司
128068.SZ	深圳和而泰智能控制股份有限公司公开发行可转换公司债券	和而转债		002402.SZ	和而泰	6.0	100.0	100.0	547000000.0	0.0	2019-06-04	2025-06-04		0.4	6.0	1	2019-07-01	2020-02-28	深交所	2019-12-11	2025-06-03	2020-02-20	9.09	9.1	20190604-20200219,票面利率:0.40%	108.0	AA-	AA-	中证鹏元资信评估股份有限公司
128069.SZ	重庆华森制药股份有限公司公开发行可转换公司债券	华森转债		002907.SZ	华森制药	6.0	100.0	100.0	300000000.0	0.0	2019-06-24	2025-06-24		1.5	12.0	1	2019-07-11	2022-12-26	深交所	2019-12-30	2025-06-23	2022-12-16	18.11	17.97	20190624-20200623,票面利率:0.50%;20200624-20210623,票面利率:0.70%;20210624-20220623,票面利率:1.00%;20220624-20221215,票面利率:1.50%	115.0	AA-	AA-	中诚信国际信用评级有限责任公司
128070.SZ	无锡智能自控工程股份有限公司公开发行A股可转换公司债券	智能转债		002877.SZ	智能自控	6.0	100.0	100.0	230000000.0	0.0	2019-07-02	2025-07-02		3.0	9.0	1	2019-07-23	2025-07-03	深交所	2020-01-08	2025-07-02	2025-07-03	9.55	8.26	20190702-20200701,票面利率:0.50%;20200702-20210701,票面利率:0.80%;20210702-20220701,票面利率:1.20%;20220702-20230701,票面利率:1.60%;20230702-20240701,票面利率:2.00%;20240702-20250701,票面利率:3.00%	112.0	A+	A+	上海新世纪资信评估投资服务有限公司
128071.SZ	厦门合兴包装印刷股份有限公司公开发行可转换公司债券	合兴转债		002228.SZ	合兴包装	6.0	100.0	100.0	595750000.0	0.0	2019-08-16	2025-08-16		2.0	8.0	1	2019-09-16	2025-08-18	深交所	2020-02-24	2025-08-15	2025-08-18	4.38	3.1	20190816-20200815,票面利率:0.30%;20200816-20210815,票面利率:0.50%;20210816-20220815,票面利率:1.00%;20220816-20230815,票面利率:1.50%;20230816-20240815,票面利率:1.80%;20240816-20250815,票面利率:2.00%	110.0	AA	AA	中诚信国际信用评级有限责任公司
128072.SZ	广东翔鹭钨业股份有限公司公开发行可转换公司债券	翔鹭转债		002842.SZ	翔鹭钨业	6.0	100.0	100.0	301922300.0	0.0	2019-08-20	2025-08-20		2.5	7.5	1	2019-09-16	2025-04-25	深交所	2020-02-26	2025-08-19	2025-04-17	15.36	5.73	20190820-20200819,票面利率:0.40%;20200820-20210819,票面利率:0.60%;20210820-20220819,票面利率:1.00%;20220820-20230819,票面利率:1.50%;20230820-20240819,票面利率:2.00%;20240820-20250416,票面利率:2.50%	110.0	AA-	A-	中证鹏元资信评估股份有限公司
128073.SZ	浙江哈尔斯真空器皿股份有限公司可转换公司债券	哈尔转债		002615.SZ	哈尔斯	5.0	100.0	100.0	300000000.0	0.0	2019-08-22	2024-08-22		1.5	9.5	1	2019-09-11	2022-11-10	深交所	2020-02-28	2024-08-21	2022-11-02	5.8	5.55	20190822-20200821,票面利率:0.40%;20200822-20210821,票面利率:0.80%;20210822-20220821,票面利率:1.00%;20220822-20221101,票面利率:1.50%	112.0	AA-	AA-	中证鹏元资信评估股份有限公司
128074.SZ	游族网络股份有限公司可转换公司债券	游族转债		002174.SZ	游族网络	6.0	100.0	100.0	1150000000.0	0.0	2019-09-23	2025-09-23		2.0	13.0	1	2019-10-21	2025-09-08	深交所	2020-03-27	2025-09-22	2025-08-28	17.06	10.1	20190923-20200922,票面利率:0.40%;20200923-20210922,票面利率:0.60%;20210923-20220922,票面利率:1.00%;20220923-20230922,票面利率:1.50%;20230923-20240922,票面利率:1.80%;20240923-20250827,票面利率:2.00%	115.0	AA	AA-	中诚信国际信用评级有限责任公司
128075.SZ	许昌远东传动轴股份有限公司公开发行可转换公司债券	远东转债		002406.SZ	远东传动	6.0	100.0	100.0	893700000.0	0.0	2019-09-23	2025-09-23		1.8	8.0	1	2019-10-31	2023-11-20	深交所	2020-03-27	2025-09-22	2023-11-10	5.79	5.11	20190923-20200922,票面利率:0.30%;20200923-20210922,票面利率:0.60%;20210923-20220922,票面利率:1.00%;20220923-20230922,票面利率:1.50%;20230923-20231109,票面利率:1.80%	110.0	AA	AA	中诚信国际信用评级有限责任公司
128076.SZ	金轮蓝海股份有限公司可转换公司债券	金轮转债		002722.SZ	物产金轮	6.0	100.0	100.0	214000000.0	0.0	2019-10-14	2025-10-14		2.0	8.0	1	2019-11-08	2025-10-15	深交所	2020-04-20	2025-10-14	2025-10-15	14.96	13.34	20191014-20201013,票面利率:0.40%;20201014-20211013,票面利率:0.60%;20211014-20221013,票面利率:1.00%;20221014-20231013,票面利率:1.50%;20231014-20241013,票面利率:1.80%;20241014-20251013,票面利率:2.00%	110.0	AA-	AA-	中证鹏元资信评估股份有限公司
128077.SZ	华夏航空股份有限公司公开发行可转换公司债券	华夏转债		002928.SZ	华夏航空	6.0	100.0	100.0	790000000.0	0.0	2019-10-16	2025-10-16		0.5	12.0	1	2019-11-07	2020-08-06	深交所	2020-04-22	2025-10-15	2020-07-29	10.52	6.96	20191016-20200728,票面利率:0.50%	115.0	AA-	AA-	东方金诚国际信用评估有限公司
128078.SZ	太极计算机股份有限公司公开发行可转换公司债券	太极转债		002368.SZ	太极股份	6.0	100.0	100.0	1000000000.0	0.0	2019-10-21	2025-10-21		1.5	10.0	1	2019-11-08	2023-05-04	深交所	2020-04-27	2025-10-20	2023-04-21	31.61	22.02	20191021-20201020,票面利率:0.40%;20201021-20211020,票面利率:0.60%;20211021-20221020,票面利率:1.00%;20221021-20230420,票面利率:1.50%	112.0	AA	AA	中诚信国际信用评级有限责任公司
128079.SZ	广东英联包装股份有限公司可转换公司债券	英联转债		002846.SZ	英联股份	6.0	100.0	100.0	214000000.0	0.0	2019-10-21	2025-10-21		1.7	9.3	1	2019-11-21	2023-08-18	深交所	2020-04-27	2025-10-20	2023-08-10	13.54	8.29	20191021-20201020,票面利率:0.40%;20201021-20211020,票面利率:0.60%;20211021-20221020,票面利率:1.00%;20221021-20230809,票面利率:1.70%	112.0	A+	A-	中证鹏元资信评估股份有限公司
128080.SZ	顺丰控股股份有限公司公开发行可转换公司债券	顺丰转债		002352.SZ	顺丰控股	6.0	100.0	100.0	5800000000.0	0.0	2019-11-18	2025-11-18		0.2	4.0	1	2019-12-09	2020-08-12	深交所	2020-05-22	2025-11-17	2020-08-04	40.41	40.15	20191118-20200803,票面利率:0.20%	106.0	AAA	AAA	中诚信国际信用评级有限责任公司
128081.SZ	浙江海亮股份有限公司公开发行可转换公司债券	海亮转债		002203.SZ	海亮股份	6.0	100.0	100.0	3150000000.0	0.0	2019-11-21	2025-11-21		2.0	8.0	1	2019-12-16	2025-10-15	深交所	2020-05-27	2025-11-20	2025-09-29	9.83	9.2	20191121-20201120,票面利率:0.30%;20201121-20211120,票面利率:0.60%;20211121-20221120,票面利率:1.00%;20221121-20231120,票面利率:1.50%;20231121-20241120,票面利率:1.80%;20241121-20250928,票面利率:2.00%	110.0	AA	AA	中诚信国际信用评级有限责任公司
128082.SZ	广东华锋新能源科技股份有限公司公开发行可转换公司债券	华锋转债		002806.SZ	华锋股份	6.0	100.0	100.0	352400000.0	0.0	2019-12-04	2025-12-04		2.8	12.2	1	2020-01-06	2025-07-30	深交所	2020-06-10	2025-12-03	2025-07-22	13.17	8.7	20191204-20201203,票面利率:0.60%;20201204-20211203,票面利率:0.80%;20211204-20221203,票面利率:1.40%;20221204-20231203,票面利率:1.90%;20231204-20241203,票面利率:2.30%;20241204-20250721,票面利率:2.80%	115.0	A+	A-	联合资信评估股份有限公司
128083.SZ	山东新北洋信息技术股份有限公司公开发行可转换公司债券	新北转债		002376.SZ	新北洋	6.0	100.0	100.0	877000000.0	0.0	2019-12-12	2025-12-12		2.0	8.0	1	2019-12-31	2025-01-07	深交所	2020-06-18	2025-12-11	2024-12-27	11.9	5.4	20191212-20201211,票面利率:0.30%;20201212-20211211,票面利率:0.60%;20211212-20221211,票面利率:1.00%;20221212-20231211,票面利率:1.50%;20231212-20241211,票面利率:1.80%;20241212-20241226,票面利率:2.00%	110.0	AA	AA	联合资信评估股份有限公司
128084.SZ	木林森股份有限公司公开发行可转换公司债券	木森转债		002745.SZ	木林森	6.0	100.0	100.0	2660017700.0	0.0	2019-12-16	2025-12-16		0.4	10.0	1	2020-01-10	2020-09-22	深交所	2020-06-22	2025-12-15	2020-09-11	12.95	12.8	20191216-20200910,票面利率:0.40%	112.0	AA	AA	中诚信国际信用评级有限责任公司
128085.SZ	鸿达兴业股份有限公司公开发行可转换公司债券	鸿达转债		002002.SZ	ST鸿达	6.0	100.0	100.0	2426780000.0	336867100.0	2019-12-16	2025-12-16		3.0	13.0	1	2020-01-08	2024-03-18	深交所	2020-06-22	2025-12-15	2024-03-18	3.98	3.91	20191216-20201215,票面利率:0.40%;20201216-20211215,票面利率:0.60%;20211216-20221215,票面利率:1.00%;20221216-20231215,票面利率:1.80%;20231216-20240317,票面利率:3.00%	118.0	AA	C	上海新世纪资信评估投资服务有限公司
128086.SZ	国轩高科股份有限公司公开发行可转换公司债券	国轩转债		002074.SZ	国轩高科	6.0	100.0	100.0	1850000000.0	0.0	2019-12-17	2025-12-17		0.4	8.0	1	2020-01-10	2020-09-07	深交所	2020-06-23	2025-12-16	2020-08-28	12.21	12.19	20191217-20200827,票面利率:0.40%	110.0	AA	AA	联合信用评级有限公司
128087.SZ	孚日集团股份有限公司公开发行可转换公司债券	孚日转债		002083.SZ	孚日股份	6.0	100.0	100.0	650000000.0	0.0	2019-12-17	2025-12-17		1.8	6.0	1	2020-01-16	2024-12-13	深交所	2020-06-23	2025-12-16	2024-12-05	6.39	3.88	20191217-20201216,票面利率:0.40%;20201217-20211216,票面利率:0.60%;20211217-20221216,票面利率:1.00%;20221217-20231216,票面利率:1.50%;20231217-20241204,票面利率:1.80%	108.0	AA	AA-	大公国际资信评估有限公司
128088.SZ	深南电路股份有限公司公开发行可转换公司债券	深南转债		002916.SZ	深南电路	6.0	100.0	100.0	1520000000.0	0.0	2019-12-24	2025-12-24		0.3	8.0	1	2020-01-16	2020-09-11	深交所	2020-06-30	2025-12-23	2020-09-03	149.25	105.79	20191224-20200902,票面利率:0.30%	110.0	AA	AA	中诚信国际信用评级有限责任公司
128089.SZ	深圳麦格米特电气股份有限公司公开发行可转换公司债券	麦米转债		002851.SZ	麦格米特	6.0	100.0	100.0	655000000.0	0.0	2019-12-26	2025-12-26		0.4	6.0	1	2020-01-21	2020-09-10	深交所	2020-07-02	2025-12-25	2020-09-02	20.31	20.15	20191226-20200901,票面利率:0.40%	108.0	AA-	AA-	中证鹏元资信评估股份有限公司
128090.SZ	天津汽车模具股份有限公司公开发行可转换公司债券	汽模转2		002510.SZ	天汽模	6.0	100.0	100.0	471000000.0	0.0	2019-12-27	2025-12-27		1.8	8.0	1	2020-01-23	2024-12-27	深交所	2020-07-03	2025-12-26	2024-12-19	4.19	4.2	20191227-20201226,票面利率:0.30%;20201227-20211226,票面利率:0.60%;20211227-20221226,票面利率:1.00%;20221227-20231226,票面利率:1.50%;20231227-20241218,票面利率:1.80%	110.0	AA	AA-	联合资信评估股份有限公司
128091.SZ	贵阳新天药业股份有限公司公开发行可转换公司债券	新天转债		002873.SZ	新天药业	6.0	100.0	100.0	177300000.0	0.0	2019-12-30	2025-12-30		2.3	10.2	1	2020-01-17	2024-12-16	深交所	2020-07-06	2025-12-29	2024-12-06	16.49	8.05	20191230-20201229,票面利率:0.60%;20201230-20211229,票面利率:0.80%;20211230-20221229,票面利率:1.40%;20221230-20231229,票面利率:1.90%;20231230-20241205,票面利率:2.30%	113.0	A+	A+	东方金诚国际信用评估有限公司
128092.SZ	唐人神集团股份有限公司公开发行可转换公司债券	唐人转债		002567.SZ	唐人神	6.0	100.0	100.0	1242800000.0	0.0	2019-12-30	2025-12-30		0.4	8.0	1	2020-01-22	2020-10-20	深交所	2020-07-06	2025-12-29	2020-10-12	8.86	8.63	20191230-20201011,票面利率:0.40%	110.0	AA	AA	联合信用评级有限公司
128093.SZ	江苏百川高科新材料股份有限公司公开发行可转换公司债券	百川转债		002455.SZ	百川股份	6.0	100.0	100.0	520000000.0	0.0	2020-01-03	2026-01-03		2.5	16.0	1	2020-01-21	2022-03-10	深交所	2020-07-09	2026-01-02	2022-03-02	6.0	5.77	20200103-20210102,票面利率:0.50%;20210103-20220102,票面利率:0.80%;20220103-20220301,票面利率:2.50%	120.0	AA-	AA-	上海新世纪资信评估投资服务有限公司
128094.SZ	杭州星帅尔电器股份有限公司可转换公司债券	星帅转债		002860.SZ	星帅尔	6.0	100.0	100.0	280000000.0	0.0	2020-01-16	2026-01-16		1.2	12.4	1	2020-02-19	2022-03-07	深交所	2020-07-22	2026-01-15	2022-02-25	23.92	13.8	20200116-20210115,票面利率:0.50%;20210116-20220115,票面利率:0.70%;20220116-20220224,票面利率:1.20%	115.0	A+	A+	上海新世纪资信评估投资服务有限公司
128095.SZ	云南恩捷新材料股份有限公司公开发行可转换公司债券	恩捷转债		002812.SZ	恩捷股份	6.0	100.0	100.0	1600000000.0	0.0	2020-02-11	2026-02-11		2.0	8.0	1	2020-02-28	2025-11-10	深交所	2020-08-17	2026-02-10	2025-10-31	64.61	32.01	20200211-20210210,票面利率:0.40%;20210211-20220210,票面利率:0.60%;20220211-20230210,票面利率:1.00%;20230211-20240210,票面利率:1.50%;20240211-20250210,票面利率:1.80%;20250211-20251030,票面利率:2.00%	110.0	AA	AA	上海新世纪资信评估投资服务有限公司
128096.SZ	奥瑞金科技股份有限公司公开发行可转换公司债券	奥瑞转债		002701.SZ	奥瑞金	6.0	100.0	100.0	1086800000.0	0.0	2020-02-11	2026-02-11		1.0	7.7	1	2020-03-16	2022-03-09	深交所	2020-08-17	2026-02-10	2022-03-01	4.7	4.5	20200211-20210210,票面利率:0.50%;20210211-20220210,票面利率:0.80%;20220211-20220228,票面利率:1.00%	110.0	AA+	AA+	上海新世纪资信评估投资服务有限公司
128097.SZ	奥佳华智能健康科技集团股份有限公司公开发行可转换公司债券	奥佳转债		002614.SZ	奥佳华	6.0	100.0	100.0	1200000000.0	0.0	2020-02-25	2026-02-25		2.0	8.0	1	2020-03-18	2026-02-26	深交所	2020-09-02	2026-02-25	2026-02-26	10.89	9.35	20200225-20210224,票面利率:0.40%;20210225-20220224,票面利率:0.60%;20220225-20230224,票面利率:1.00%;20230225-20240224,票面利率:1.50%;20240225-20250224,票面利率:1.80%;20250225-20260224,票面利率:2.00%	110.0	AA	A+	上海新世纪资信评估投资服务有限公司
128098.SZ	成都康弘药业集团股份有限公司公开发行可转换公司债券	康弘转债		002773.SZ	康弘药业	6.0	100.0	100.0	1630000000.0	0.0	2020-03-05	2026-03-05		0.4	9.0	1	2020-03-31	2020-12-01	深交所	2020-09-11	2026-03-04	2020-11-23	35.58	35.3	20200305-20201122,票面利率:0.40%	111.0	AA	AA	中诚信国际信用评级有限责任公司
128099.SZ	永高股份有限公司公开发行可转换公司债券	永高转债		002641.SZ	公元股份	6.0	100.0	100.0	700000000.0	0.0	2020-03-11	2026-03-11		0.3	6.0	1	2020-04-10	2020-11-27	深交所	2020-09-17	2026-03-10	2020-11-19	6.3	6.16	20200311-20201118,票面利率:0.30%	108.0	AA	AA	中证鹏元资信评估股份有限公司
128100.SZ	搜于特集团股份有限公司公开发行可转换公司债券	搜特转债		002503.SZ	*ST搜特	6.0	100.0	100.0	800000000.0	784038400.0	2020-03-12	2026-03-12		1.5	10.0	1	2020-04-09	2023-08-11	深交所	2020-09-18	2026-03-11	2023-08-11	5.36	1.6	20200312-20210311,票面利率:0.40%;20210312-20220311,票面利率:0.60%;20220312-20230311,票面利率:1.00%;20230312-20230810,票面利率:1.50%	112.0	AA	CC	联合资信评估股份有限公司
128101.SZ	联创电子科技股份有限公司公开发行可转换公司债券	联创转债		002036.SZ	联创电子	6.0	100.0	100.0	300000000.0	0.0	2020-03-16	2026-03-16		2.0	8.0	1	2020-04-13	2026-03-17	深交所	2020-09-21	2026-03-16	2026-03-17	18.82	11.18	20200316-20210315,票面利率:0.30%;20210316-20220315,票面利率:0.50%;20220316-20230315,票面利率:1.00%;20230316-20240315,票面利率:1.50%;20240316-20250315,票面利率:1.80%;20250316-20260315,票面利率:2.00%	110.0	AA	AA-	东方金诚国际信用评估有限公司
128102.SZ	广东海大集团股份有限公司公开发行可转换公司债券	海大转债		002311.SZ	海大集团	6.0	100.0	100.0	2830000000.0	0.0	2020-03-19	2026-03-19		0.2	8.0	1	2020-04-16	2020-12-31	深交所	2020-09-25	2026-03-18	2020-12-23	35.09	34.74	20200319-20201222,票面利率:0.20%	110.0	AA+	AA+	上海新世纪资信评估投资服务有限公司
128103.SZ	山西同德化工股份有限公司公开发行可转换公司债券	同德转债		002360.SZ	ST同德	6.0	100.0	100.0	144280000.0	0.0	2020-03-26	2026-03-26		0.6	12.0	1	2020-04-21	2022-03-10	深交所	2020-10-09	2026-03-25	2022-03-02	5.33	5.08	20200326-20210325,票面利率:0.50%;20210326-20220301,票面利率:0.60%	115.0	A+	A+	东方金诚国际信用评估有限公司
128104.SZ	深圳市裕同包装科技股份有限公司公开发行可转换公司债券	裕同转债		002831.SZ	裕同科技	6.0	100.0	100.0	1400000000.0	0.0	2020-04-07	2026-04-07		0.4	8.0	1	2020-04-28	2021-01-14	深交所	2020-10-13	2026-04-06	2021-01-05	23.52	23.24	20200407-20210104,票面利率:0.40%	110.0	AA+	AA+	中诚信国际信用评级有限责任公司
128105.SZ	广东长青(集团)股份有限公司公开发行A股可转换公司债券	长集转债		002616.SZ	长青集团	6.0	100.0	100.0	800000000.0	0.0	2020-04-09	2026-04-09		2.0	8.0	1	2020-05-13	2025-11-12	深交所	2020-10-15	2026-04-08	2025-11-04	8.31	5.15	20200409-20210408,票面利率:0.40%;20210409-20220408,票面利率:0.60%;20220409-20230408,票面利率:1.00%;20230409-20240408,票面利率:1.50%;20240409-20250408,票面利率:1.80%;20250409-20251103,票面利率:2.00%	110.0	AA	AA-	中诚信国际信用评级有限责任公司
128106.SZ	浙江华统肉制品股份有限公司可转换公司债券	华统转债		002840.SZ	华统股份	6.0	100.0	100.0	550000000.0	0.0	2020-04-10	2026-04-10		1.8	6.0	1	2020-05-08	2024-12-20	深交所	2020-10-16	2026-04-09	2024-12-11	15.12	8.82	20200410-20210409,票面利率:0.30%;20210410-20220409,票面利率:0.60%;20220410-20230409,票面利率:1.00%;20230410-20240409,票面利率:1.50%;20240410-20241210,票面利率:1.80%	108.0	AA	AA	中证鹏元资信评估股份有限公司
128107.SZ	浙江交通科技股份有限公司公开发行可转换公司债券	交科转债		002061.SZ	浙江交科	6.0	100.0	100.0	2500000000.0	0.0	2020-04-22	2026-04-22		1.0	8.0	1	2020-05-22	2022-07-18	深交所	2020-10-28	2026-04-21	2022-07-08	5.48	5.08	20200422-20210421,票面利率:0.40%;20210422-20220421,票面利率:0.60%;20220422-20220707,票面利率:1.00%	110.0	AA+	AA+	上海新世纪资信评估投资服务有限公司
128108.SZ	蓝帆医疗股份有限公司公开发行可转换公司债券	蓝帆转债		002382.SZ	蓝帆医疗	6.0	100.0	100.0	3144040000.0	0.0	2020-05-28	2026-05-28		2.0	6.0	1	2020-06-19	2026-05-28	深交所	2020-12-03	2026-05-27	2026-05-28	17.79	7.95	20200528-20210527,票面利率:0.40%;20210528-20220527,票面利率:0.60%;20220528-20230527,票面利率:1.00%;20230528-20240527,票面利率:1.50%;20240528-20250527,票面利率:1.80%;20250528-20260527,票面利率:2.00%	108.0	AA	AA-	联合资信评估股份有限公司
128109.SZ	安徽楚江科技新材料股份有限公司公开发行A股可转换公司债券	楚江转债		002171.SZ	楚江新材	6.0	100.0	100.0	1830000000.0	0.0	2020-06-04	2026-06-04		2.0	8.0	1	2020-06-23	2025-08-22	深交所	2020-12-10	2026-06-03	2025-08-14	8.73	6.1	20200604-20210603,票面利率:0.40%;20210604-20220603,票面利率:0.60%;20220604-20230603,票面利率:1.00%;20230604-20240603,票面利率:1.50%;20240604-20250603,票面利率:1.80%;20250604-20250813,票面利率:2.00%	110.0	AA	AA	中诚信国际信用评级有限责任公司
128110.SZ	永兴特种材料科技股份有限公司公开发行可转换公司债券	永兴转债		002756.SZ	永兴材料	6.0	100.0	100.0	700000000.0	0.0	2020-06-09	2026-06-09		0.3	6.0	1	2020-07-08	2021-03-03	深交所	2020-12-15	2026-06-08	2021-02-23	17.16	17.06	20200609-20210222,票面利率:0.30%	108.0	AA	AA	联合信用评级有限公司
128111.SZ	中矿资源集团股份有限公司公开发行可转换公司债券	中矿转债		002738.SZ	中矿资源	6.0	100.0	100.0	800000000.0	0.0	2020-06-11	2026-06-11		1.8	15.0	1	2020-07-07	2023-11-17	深交所	2020-12-17	2026-06-10	2023-11-09	15.53	10.63	20200611-20210610,票面利率:0.50%;20210611-20220610,票面利率:0.70%;20220611-20230610,票面利率:1.20%;20230611-20231108,票面利率:1.80%	118.0	AA-	AA-	联合资信评估股份有限公司
128112.SZ	歌尔股份有限公司公开发行可转换公司债券	歌尔转2		002241.SZ	歌尔股份	6.0	100.0	100.0	4000000000.0	0.0	2020-06-12	2026-06-12		0.2	8.0	1	2020-07-13	2021-03-11	深交所	2020-12-18	2026-06-11	2021-03-03	23.27	23.27	20200612-20210302,票面利率:0.20%	110.0	AA+	AA+	联合信用评级有限公司
128113.SZ	比音勒芬服饰股份有限公司公开发行可转换公司债券	比音转债		002832.SZ	比音勒芬	6.0	100.0	100.0	689000000.0	0.0	2020-06-15	2026-06-15		0.6	10.0	1	2020-07-15	2022-03-03	深交所	2020-12-21	2026-06-14	2022-02-23	14.9	14.6	20200615-20210614,票面利率:0.40%;20210615-20220222,票面利率:0.60%	112.0	AA	AA	中证鹏元资信评估股份有限公司
128114.SZ	江西正邦科技股份有限公司可转换公司债券	正邦转债		002157.SZ	正邦科技	6.0	100.0	100.0	1600000000.0	29159300.0	2020-06-17	2026-06-17		1.5	8.0	1	2020-07-15	2024-01-31	深交所	2020-12-23	2026-06-16	2023-08-21	16.09	3.06	20200617-20210616,票面利率:0.40%;20210617-20220616,票面利率:0.60%;20220617-20230616,票面利率:1.00%;20230617-20230720,票面利率:1.50%	110.0	AA	CC	东方金诚国际信用评估有限公司
128115.SZ	杭州巨星科技股份有限公司公开发行可转换公司债券	巨星转债		002444.SZ	巨星科技	6.0	100.0	100.0	972600000.0	0.0	2020-06-24	2026-06-24		0.4	8.0	1	2020-07-16	2021-03-05	深交所	2021-01-04	2026-06-23	2021-02-24	12.28	12.28	20200624-20210223,票面利率:0.40%	110.0	AA	AA	上海新世纪资信评估投资服务有限公司
128116.SZ	瑞达期货股份有限公司公开发行可转换公司债券	瑞达转债		002961.SZ	瑞达期货	6.0	100.0	100.0	650000000.0	0.0	2020-06-29	2026-06-29		2.0	8.0	1	2020-07-24	2026-01-27	深交所	2021-01-04	2026-06-28	2026-01-19	29.82	20.32	20200629-20210628,票面利率:0.40%;20210629-20220628,票面利率:0.50%;20220629-20230628,票面利率:1.00%;20230629-20240628,票面利率:1.50%;20240629-20250628,票面利率:1.90%;20250629-20260118,票面利率:2.00%	110.0	AA	AA	联合资信评估股份有限公司
128117.SZ	山东道恩高分子材料股份有限公司公开发行可转换公司债券	道恩转债		002838.SZ	道恩股份	6.0	100.0	100.0	360000000.0	0.0	2020-07-02	2026-07-02		2.0	15.0	1	2020-07-20	2025-05-21	深交所	2021-01-08	2026-07-01	2025-05-13	29.32	11.76	20200702-20210701,票面利率:0.40%;20210702-20220701,票面利率:0.60%;20220702-20230701,票面利率:1.00%;20230702-20240701,票面利率:1.50%;20240702-20250512,票面利率:2.00%	118.0	AA-	AA-	中证鹏元资信评估股份有限公司
128118.SZ	瀛通通讯股份有限公司公开发行可转换公司债券	瀛通转债		002861.SZ	瀛通通讯	6.0	100.0	100.0	300000000.0	0.0	2020-07-02	2026-07-02		3.0	11.5	1	2020-08-05	2024-12-27	深交所	2021-01-08	2026-07-01	2024-12-19	27.53	9.68	20200702-20210701,票面利率:0.40%;20210702-20220701,票面利率:0.70%;20220702-20230701,票面利率:1.20%;20230702-20240701,票面利率:1.80%;20240702-20241218,票面利率:3.00%	115.0	AA-	A+	中证鹏元资信评估股份有限公司
128119.SZ	山东龙大肉食品股份有限公司公开发行可转换公司债券	龙大转债		002726.SZ	ST龙大	6.0	100.0	100.0	950000000.0	768949200.0	2020-07-13	2026-07-13		2.0	13.0	1	2020-08-07	1970-01-01	深交所	2021-01-18	2026-07-12	2026-07-13	9.56	1.95	20200713-20210712,票面利率:0.30%;20210713-20220712,票面利率:0.60%;20220713-20230712,票面利率:1.00%;20230713-20240712,票面利率:1.50%;20240713-20250712,票面利率:1.80%;20250713-20260712,票面利率:2.00%	115.0	AA	CCC	联合资信评估股份有限公司
128120.SZ	山东联诚精密制造股份有限公司公开发行可转换公司债券	联诚转债		002921.SZ	联诚精密	6.0	100.0	100.0	260000000.0	0.0	2020-07-17	2026-07-17		2.5	9.5	1	2020-08-17	2025-08-26	深交所	2021-01-25	2026-07-16	2025-08-18	24.37	11.59	20200717-20210716,票面利率:0.50%;20210717-20220716,票面利率:0.70%;20220717-20230716,票面利率:1.20%;20230717-20240716,票面利率:1.80%;20240717-20250716,票面利率:2.20%;20250717-20250817,票面利率:2.50%	112.0	A	A	中证鹏元资信评估股份有限公司
128121.SZ	广东宏川智慧物流股份有限公司公开发行可转换公司债券	宏川转债		002930.SZ	宏川智慧	6.0	100.0	100.0	670000000.0	646460700.0	2020-07-17	2026-07-17		2.0	6.0	1	2020-08-07	1970-01-01	深交所	2021-01-25	2026-07-16	2026-07-17	20.25	12.65	20200717-20210716,票面利率:0.40%;20210717-20220716,票面利率:0.60%;20220717-20230716,票面利率:1.00%;20230717-20240716,票面利率:1.50%;20240717-20250716,票面利率:1.80%;20250717-20260716,票面利率:2.00%	108.0	AA-	AA-	中证鹏元资信评估股份有限公司
128122.SZ	深圳市兴森快捷电路科技股份有限公司公开发行可转换公司债券	兴森转债		002436.SZ	兴森科技	5.0	100.0	100.0	268900000.0	0.0	2020-07-23	2025-07-23		2.0	8.0	1	2020-08-17	2025-07-23	深交所	2021-01-29	2025-07-22	2025-07-23	14.18	13.35	20200723-20210722,票面利率:0.30%;20210723-20220722,票面利率:0.50%;20220723-20230722,票面利率:1.00%;20230723-20240722,票面利率:1.50%;20240723-20250722,票面利率:2.00%	110.0	AA	AA	中证鹏元资信评估股份有限公司
128123.SZ	四川国光农化股份有限公司公开发行可转换公司债券	国光转债		002749.SZ	国光股份	6.0	100.0	100.0	320000000.0	0.0	2020-07-27	2026-07-27		1.5	7.0	1	2020-08-19	2024-07-17	深交所	2021-02-01	2026-07-26	2024-07-08	13.7	12.31	20200727-20210726,票面利率:0.50%;20210727-20220726,票面利率:0.70%;20220727-20230726,票面利率:1.00%;20230727-20240707,票面利率:1.50%	110.0	AA-	AA-	中证鹏元资信评估股份有限公司
128124.SZ	上海科华生物工程股份有限公司公开发行可转换公司债券	科华转债		002022.SZ	科华生物	6.0	100.0	100.0	738000000.0	224371500.0	2020-07-28	2026-07-28		2.0	4.0	1	2020-08-20	1970-01-01	深交所	2021-02-03	2026-07-27	2026-07-28	21.5	20.64	20200728-20210727,票面利率:0.30%;20210728-20220727,票面利率:0.50%;20220728-20230727,票面利率:0.80%;20230728-20240727,票面利率:1.20%;20240728-20250727,票面利率:1.50%;20250728-20260727,票面利率:2.00%	106.0	AA	A	联合资信评估股份有限公司
128125.SZ	深圳市华阳国际工程设计股份有限公司公开发行可转换公司债券	华阳转债		002949.SZ	华阳国际	6.0	100.0	100.0	450000000.0	449590100.0	2020-07-30	2026-07-30		3.0	10.0	1	2020-08-21	1970-01-01	深交所	2021-02-05	2026-07-29	2026-07-30	25.79	14.19	20200730-20210729,票面利率:0.40%;20210730-20220729,票面利率:0.60%;20220730-20230729,票面利率:1.00%;20230730-20240729,票面利率:1.50%;20240730-20250729,票面利率:2.00%;20250730-20260729,票面利率:3.00%	113.0	AA-	AA-	中证鹏元资信评估股份有限公司
128126.SZ	江西赣锋锂业股份有限公司公开发行A股可转换公司债券	赣锋转2		002460.SZ	赣锋锂业	6.0	100.0	100.0	2108000000.0	0.0	2020-08-06	2026-08-06		0.3	5.2	1	2020-09-08	2021-05-19	深交所	2021-02-18	2026-08-05	2021-05-12	61.15	60.27	20200806-20210511,票面利率:0.30%	107.0	AA	AA	联合信用评级有限公司
128127.SZ	深圳文科园林股份有限公司公开发行可转换公司债券	文科转债		002775.SZ	文科股份	6.0	100.0	100.0	950000000.0	768139700.0	2020-08-20	2026-08-20		3.5	11.5	1	2020-09-11	1970-01-01	深交所	2021-03-01	2026-08-19	1970-01-01	5.76	3.92	20200820-20210819,票面利率:0.50%;20210820-20220819,票面利率:0.80%;20220820-20230819,票面利率:1.00%;20230820-20240819,票面利率:1.50%;20240820-20250819,票面利率:2.50%;20250820-20260819,票面利率:3.50%	115.0	AA-	BBB+	中证鹏元资信评估股份有限公司
128128.SZ	淄博齐翔腾达化工股份有限公司公开发行可转换公司债券	齐翔转2		002408.SZ	齐翔腾达	6.0	100.0	100.0	2990000000.0	679208900.0	2020-08-20	2026-08-20		2.0	8.0	1	2020-09-15	1970-01-01	深交所	2021-02-26	2026-08-19	1970-01-01	8.22	5.37	20200820-20210819,票面利率:0.30%;20210820-20220819,票面利率:0.60%;20220820-20230819,票面利率:1.00%;20230820-20240819,票面利率:1.50%;20240820-20250819,票面利率:1.90%;20250820-20260819,票面利率:2.00%	110.0	AA	AA	联合资信评估股份有限公司
128129.SZ	青岛农村商业银行股份有限公司公开发行可转换公司债券	青农转债		002958.SZ	青农商行	6.0	100.0	100.0	5000000000.0	4999656900.0	2020-08-25	2026-08-25		2.0	6.0	1	2020-09-18	1970-01-01	深交所	2021-03-01	2026-08-24	1970-01-01	5.74	4.0	20200825-20210824,票面利率:0.20%;20210825-20220824,票面利率:0.40%;20220825-20230824,票面利率:0.80%;20230825-20240824,票面利率:1.20%;20240825-20250824,票面利率:1.60%;20250825-20260824,票面利率:2.00%	108.0	AAA	AAA	联合资信评估股份有限公司
128130.SZ	浙江景兴纸业股份有限公司公开发行可转换公司债券	景兴转债		002067.SZ	景兴纸业	6.0	100.0	100.0	1280000000.0	0.0	2020-08-31	2026-08-31		2.0	8.0	1	2020-09-18	2025-10-31	深交所	2021-03-04	2026-08-30	2025-10-23	3.4	3.39	20200831-20210830,票面利率:0.30%;20210831-20220830,票面利率:0.50%;20220831-20230830,票面利率:1.00%;20230831-20240830,票面利率:1.50%;20240831-20250830,票面利率:1.80%;20250831-20251022,票面利率:2.00%	110.0	AA	AA	上海新世纪资信评估投资服务有限公司
128131.SZ	崇达技术股份有限公司公开发行可转换公司债券	崇达转2		002815.SZ	崇达技术	6.0	100.0	100.0	1400000000.0	0.0	2020-09-07	2026-09-07		2.0	8.0	1	2020-09-28	2025-09-26	深交所	2021-03-11	2026-09-04	2025-09-17	19.54	10.25	20200907-20210906,票面利率:0.30%;20210907-20220906,票面利率:0.60%;20220907-20230906,票面利率:1.00%;20230907-20240906,票面利率:1.50%;20240907-20250906,票面利率:1.80%;20250907-20250916,票面利率:2.00%	110.0	AA	AA	中证鹏元资信评估股份有限公司
128132.SZ	新疆交通建设集团股份有限公司公开发行可转换公司债券	交建转债		002941.SZ	新疆交建	6.0	100.0	100.0	850000000.0	0.0	2020-09-15	2026-09-15		2.0	10.0	1	2020-10-16	2025-10-10	深交所	2021-03-22	2026-09-14	2025-09-23	18.57	10.0	20200915-20210914,票面利率:0.40%;20210915-20220914,票面利率:0.60%;20220915-20230914,票面利率:1.00%;20230915-20240914,票面利率:1.50%;20240915-20250914,票面利率:1.80%;20250915-20250922,票面利率:2.00%	112.0	AA	AA	上海新世纪资信评估投资服务有限公司
128133.SZ	西藏奇正藏药股份有限公司公开发行可转换公司债券	奇正转债		002287.SZ	奇正藏药	6.0	100.0	100.0	800000000.0	0.0	2020-09-22	2026-09-22		1.8	9.5	1	2020-10-27	2025-09-11	深交所	2021-03-29	2026-09-21	2025-09-03	30.12	19.01	20200922-20210921,票面利率:0.40%;20210922-20220921,票面利率:0.60%;20220922-20230921,票面利率:1.00%;20230922-20240921,票面利率:1.50%;20240922-20250902,票面利率:1.80%	112.0	AA	AA	联合资信评估股份有限公司
128134.SZ	安徽鸿路钢结构(集团)股份有限公司公开发行可转换公司债券	鸿路转债		002541.SZ	鸿路钢构	6.0	100.0	100.0	1880000000.0	1572553800.0	2020-10-09	2026-10-09		2.0	8.0	1	2020-11-02	1970-01-01	深交所	2021-04-15	2026-10-08	1970-01-01	43.74	17.77	20201009-20211008,票面利率:0.30%;20211009-20221008,票面利率:0.50%;20221009-20231008,票面利率:1.00%;20231009-20241008,票面利率:1.50%;20241009-20251008,票面利率:1.80%;20251009-20261008,票面利率:2.00%	110.0	AA	AA	联合资信评估股份有限公司
128135.SZ	洽洽食品股份有限公司公开发行可转换公司债券	洽洽转债		002557.SZ	洽洽食品	6.0	100.0	100.0	1340000000.0	1339834100.0	2020-10-20	2026-10-20		2.0	13.0	1	2020-11-18	1970-01-01	深交所	2021-04-26	2026-10-19	1970-01-01	60.83	54.95	20201020-20211019,票面利率:0.30%;20211020-20221019,票面利率:0.60%;20221020-20231019,票面利率:1.00%;20231020-20241019,票面利率:1.50%;20241020-20251019,票面利率:1.80%;20251020-20261019,票面利率:2.00%	115.0	AA	AA	联合资信评估股份有限公司
128136.SZ	立讯精密工业股份有限公司公开发行可转换公司债券	立讯转债		002475.SZ	立讯精密	6.0	100.0	100.0	3000000000.0	2984845000.0	2020-11-03	2026-11-03		2.0	6.0	1	2020-12-02	1970-01-01	深交所	2021-05-10	2026-11-02	1970-01-01	58.62	55.86	20201103-20211102,票面利率:0.10%;20211103-20221102,票面利率:0.20%;20221103-20231102,票面利率:0.30%;20231103-20241102,票面利率:1.50%;20241103-20251102,票面利率:1.80%;20251103-20261102,票面利率:2.00%	108.0	AA+	AA+	联合资信评估股份有限公司
128137.SZ	浙江洁美电子科技股份有限公司公开发行可转换公司债券	洁美转债		002859.SZ	洁美科技	6.0	100.0	100.0	600000000.0	0.0	2020-11-04	2026-11-04		2.0	10.0	1	2020-12-01	2026-07-01	深交所	2021-05-10	2026-11-03	2026-06-23	27.77	26.34	20201104-20211103,票面利率:0.40%;20211104-20221103,票面利率:0.60%;20221104-20231103,票面利率:1.00%;20231104-20241103,票面利率:1.50%;20241104-20251103,票面利率:1.80%;20251104-20260622,票面利率:2.00%	112.0	AA-	AA-	联合资信评估股份有限公司
128138.SZ	侨银环保科技股份有限公司公开发行可转换公司债券	侨银转债		002973.SZ	侨银股份	6.0	100.0	100.0	420000000.0	419860600.0	2020-11-17	2026-11-17		3.0	27.0	1	2020-12-24	1970-01-01	深交所	2021-05-24	2026-11-16	1970-01-01	25.43	14.64	20201117-20211116,票面利率:0.40%;20211117-20221116,票面利率:0.60%;20221117-20231116,票面利率:1.00%;20231117-20241116,票面利率:2.00%;20241117-20251116,票面利率:2.50%;20251117-20261116,票面利率:3.00%	130.0	AA-	A+	中证鹏元资信评估股份有限公司
128139.SZ	祥鑫科技股份有限公司公开发行可转换公司债券	祥鑫转债		002965.SZ	祥鑫科技	6.0	100.0	100.0	647005400.0	0.0	2020-12-01	2026-12-01		0.6	12.0	1	2020-12-24	2022-08-29	深交所	2021-06-07	2026-11-30	2022-08-19	37.28	26.25	20201201-20211130,票面利率:0.40%;20211201-20220818,票面利率:0.60%	115.0	AA-	AA-	中证鹏元资信评估股份有限公司
128140.SZ	润建股份有限公司公开发行可转换公司债券	润建转债		002929.SZ	润建股份	6.0	100.0	100.0	1090000000.0	0.0	2020-12-07	2026-12-07		1.0	8.0	1	2020-12-29	2023-08-30	深交所	2021-06-15	2026-12-04	2023-08-22	26.55	25.95	20201207-20211206,票面利率:0.30%;20211207-20221206,票面利率:0.60%;20221207-20230821,票面利率:1.00%	110.0	AA	AA	中证鹏元资信评估股份有限公司
128141.SZ	旺能环境股份有限公司公开发行可转换公司债券	旺能转债		002034.SZ	旺能环境	6.0	100.0	100.0	1400000000.0	0.0	2020-12-17	2026-12-17		2.0	8.0	1	2021-01-18	2026-05-28	深交所	2021-06-23	2026-12-16	2026-05-20	16.47	13.98	20201217-20211216,票面利率:0.30%;20211217-20221216,票面利率:0.50%;20221217-20231216,票面利率:1.00%;20231217-20241216,票面利率:1.50%;20241217-20251216,票面利率:1.80%;20251217-20260519,票面利率:2.00%	110.0	AA	AA	中诚信国际信用评级有限责任公司
128142.SZ	新希望乳业股份有限公司公开发行可转换公司债券	新乳转债		002946.SZ	新乳业	6.0	100.0	100.0	718000000.0	717779000.0	2020-12-18	2026-12-18		2.0	8.0	1	2021-01-19	1970-01-01	深交所	2021-06-24	2026-12-17	1970-01-01	18.69	17.5	20201218-20211217,票面利率:0.30%;20211218-20221217,票面利率:0.50%;20221218-20231217,票面利率:1.00%;20231218-20241217,票面利率:1.50%;20241218-20251217,票面利率:1.80%;20251218-20261217,票面利率:2.00%	110.0	AA	AA	中诚信国际信用评级有限责任公司
128143.SZ	浙江锋龙电气股份有限公司公开发行可转换公司债券	锋龙转债		002931.SZ	锋龙股份	6.0	100.0	100.0	245000000.0	0.0	2021-01-08	2027-01-08		2.5	12.0	1	2021-01-29	2025-03-13	深交所	2021-07-14	2027-01-07	2025-03-05	17.97	12.53	20210108-20220107,票面利率:0.50%;20220108-20230107,票面利率:0.70%;20230108-20240107,票面利率:1.20%;20240108-20250107,票面利率:1.80%;20250108-20250304,票面利率:2.50%	115.0	A+	A+	中证鹏元资信评估股份有限公司
128144.SZ	利民控股集团股份有限公司公开发行可转换公司债券	利民转债		002734.SZ	利民股份	6.0	100.0	100.0	980000000.0	0.0	2021-03-01	2027-03-01		1.5	8.0	1	2021-03-24	2026-01-07	深交所	2021-09-06	2027-02-28	2025-12-26	14.23	8.1	20210301-20220228,票面利率:0.30%;20220301-20230228,票面利率:0.50%;20230301-20240229,票面利率:0.80%;20240301-20250228,票面利率:1.00%;20250301-20251225,票面利率:1.50%	110.0	AA	AA	中诚信国际信用评级有限责任公司
128145.SZ	广东日丰电缆股份有限公司公开发行可转换公司债券	日丰转债		002953.SZ	日丰股份	6.0	100.0	100.0	380000000.0	0.0	2021-03-22	2027-03-22		0.6	7.5	1	2021-04-16	2023-03-10	深交所	2021-09-27	2027-03-21	2023-03-02	19.24	10.43	20210322-20220321,票面利率:0.30%;20220322-20230301,票面利率:0.60%	110.0	AA-	AA-	中证鹏元资信评估股份有限公司
128233.SZ	广东塔牌集团股份有限公司可转换公司债券	塔牌转债		002233.SZ	塔牌集团	5.0	100.0	100.0	630000000.0	0.0	2010-08-26	2015-08-26		0.8	8.0	1	2010-09-16	2011-06-09	深交所	2011-03-01	2015-08-24	2011-05-31	13.31	6.62	20100826-20110530,票面利率:0.80%	110.0	AA-	AA-	联合信用评级有限公司
129031.SZ	广东巨轮模具股份有限公司可转换公司债券	巨轮转2		002031.SZ	巨轮智能	5.0	100.0	100.0	350000000.0	0.0	2011-07-19	2016-07-19		1.0	3.0	1	2011-08-04	2013-06-20	深交所	2012-01-30	2016-07-18	2013-06-06	8.09	5.47	20110719-20120718,票面利率:0.80%;20120719-20130605,票面利率:1.00%	105.0	AA-	AA-	联合信用评级有限公司
132001.SH	宝钢集团有限公司2014年可交换公司债券	14宝钢EB	192001	601336.SH	新华保险	3.0	100.0	100.0	4000000000.0	0.0	2014-12-10	2017-12-10		1.5	1.5	1	2014-12-24	2017-12-15	上交所	2015-12-12	2017-12-09	1970-01-01	43.28	42.31	20141210-20151209,票面利率:1.50%;20151210-20161209,票面利率:1.50%;20161210-20171209,票面利率:1.50%	103.0	AAA	AAA	中诚信证评数据科技有限公司
132002.SH	天士力控股集团有限公司2015年可交换公司债券	15天集EB	192002	600535.SH	天士力	5.0	100.0	100.0	1200000000.0	0.0	2015-06-08	2020-06-08		1.0	0	1	2015-07-02	2018-10-30	上交所	2016-06-08	2020-06-07	2018-10-24	57.0	39.73	20150608-20160607,票面利率:1.00%;20160608-20170607,票面利率:1.00%;20170608-20180607,票面利率:1.00%;20180608-20181023,票面利率:1.00%	0	AA+	AA+	联合信用评级有限公司
132003.SH	清华控股有限公司2015年可交换公司债券	15清控EB	192003	600109.SH	国金证券	3.0	100.0	100.0	1000000000.0	0.0	2015-10-26	2018-10-26		1.0	0.0	1	2015-11-20	2018-11-01	上交所	2016-10-26	2018-10-25	2018-10-26	16.88	16.7	20151026-20161025,票面利率:1.00%;20161026-20171025,票面利率:1.00%;20171026-20181025,票面利率:1.00%	101.0	AAA	AAA	中诚信证评数据科技有限公司
132004.SH	上海国盛(集团)有限公司2015年可交换公司债券	15国盛EB	192004	600170.SH	上海建工	6.0	100.0	100.0	5000000000.0	0.0	2015-11-05	2021-11-05		1.0	3.0	1	2015-11-25	2021-11-05	上交所	2016-11-07	2021-11-04	2021-11-05	10.52	5.02	20151105-20161104,票面利率:1.00%;20161105-20171104,票面利率:1.00%;20171105-20181104,票面利率:1.00%;20181105-20191104,票面利率:1.00%;20191105-20201104,票面利率:1.00%;20201105-20211104,票面利率:1.00%	104.0	AAA	AAA	上海新世纪资信评估投资服务有限公司
132005.SH	上海国有资产经营有限公司2015年可交换公司债券	15国资EB	192005	601601.SH	中国太保	5.0	100.0	100.0	2000000000.0	0.0	2015-12-08	2020-12-08		1.7	7.5	1	2015-12-23	2020-12-08	上交所	2016-12-08	2020-12-07	1970-01-01	39.88	33.9	20151208-20161207,票面利率:1.70%;20161208-20171207,票面利率:1.70%;20171208-20181207,票面利率:1.70%;20181208-20191207,票面利率:1.70%;20191208-20201207,票面利率:1.70%	109.2	AAA	AAA	上海新世纪资信评估投资服务有限公司
132006.SH	安徽新华发行(集团)控股有限公司2016年可交换公司债券	16皖新EB	192006	601801.SH	皖新传媒	5.0	100.0	100.0	2500000000.0	0.0	2016-06-23	2021-06-23		1.0	11.0	1	2016-07-29	2021-06-23	上交所	2017-06-23	2021-06-22	2021-06-23	16.5	14.46	20160623-20170622,票面利率:1.00%;20170623-20180622,票面利率:1.00%;20180623-20190622,票面利率:1.00%;20190623-20200622,票面利率:1.00%;20200623-20210622,票面利率:1.00%	112.0	AA+	AA+	中诚信国际信用评级有限责任公司
132007.SH	江苏凤凰出版传媒集团有限公司公开发行2016年可交换公司债券	16凤凰EB	192007	601928.SH	凤凰传媒	5.0	100.0	100.0	5000000000.0	0.0	2016-10-31	2021-10-31		1.0	5.0	1	2016-11-30	2021-11-01	上交所	2017-10-31	2021-10-30	2021-11-01	16.0	13.4	20161031-20171030,票面利率:1.00%;20171031-20181030,票面利率:1.00%;20181031-20191030,票面利率:1.00%;20191031-20201030,票面利率:1.00%;20201031-20211030,票面利率:1.00%	106.0	AAA	AAA	上海新世纪资信评估投资服务有限公司
132008.SH	山东高速集团有限公司2017年可交换公司债券	17山高EB	192008	600350.SH	山东高速	5.0	100.0	100.0	2500000000.0	0.0	2017-04-24	2022-04-24		1.7	6.0	1	2017-05-11	2022-04-25	上交所	2018-04-26	2022-04-23	2022-04-25	10.0	8.64	20170424-20180423,票面利率:1.70%;20180424-20190423,票面利率:1.70%;20190424-20200423,票面利率:1.70%;20200424-20210423,票面利率:1.70%;20210424-20220423,票面利率:1.70%	107.7	AAA	AAA	中证鹏元资信评估股份有限公司
132009.SH	中国石油天然气集团公司2017年可交换公司债券	17中油EB	192009	601857.SH	中国石油	5.0	100.0	100.0	10000000000.0	0.0	2017-07-13	2022-07-13		1.0	5.0	1	2017-07-25	2022-07-13	上交所	2018-07-18	2022-07-12	2022-07-13	9.0	7.79	20170713-20180712,票面利率:1.00%;20180713-20190712,票面利率:1.00%;20190713-20200712,票面利率:1.00%;20200713-20210712,票面利率:1.00%;20210713-20220712,票面利率:1.00%	106.0	AAA	AAA	中诚信国际信用评级有限责任公司
132010.SH	浙江桐昆控股集团有限公司公开发行2017年可交换公司债券(面向合格投资者)	17桐昆EB	192010	601233.SH	桐昆股份	3.0	100.0	100.0	1000000000.0	0.0	2017-08-03	2020-08-03		1.0	2.0	1	2017-08-23	2019-06-11	上交所	2018-08-03	2020-08-02	2019-06-11	17.12	12.07	20170803-20180802,票面利率:1.00%;20180803-20190610,票面利率:1.00%	103.0	AA+	AA+	中诚信证评数据科技有限公司
132011.SH	浙报传媒控股集团有限公司公开发行2017年可交换公司债券(第一期)	17浙报EB	192011	600633.SH	浙数文化	5.0	100.0	100.0	2400000000.0	0.0	2017-08-17	2022-08-17		1.0	3.0	1	2017-09-05	2022-08-17	上交所	2018-08-17	2022-08-16	2022-08-17	25.0	23.45	20170817-20180816,票面利率:1.00%;20180817-20190816,票面利率:1.00%;20190817-20200816,票面利率:1.00%;20200817-20210816,票面利率:1.00%;20210817-20220816,票面利率:1.00%	104.0	AAA	AAA	联合资信评估股份有限公司
132012.SH	巨化集团有限公司2017年公开发行可交换公司债券(第一期)	17巨化EB	192012	600160.SH	巨化股份	3.0	100.0	100.0	2000000000.0	0.0	2017-09-04	2020-09-04		1.0	2.0	1	2017-09-22	2020-09-04	上交所	2018-09-04	2020-09-03	2020-09-04	13.6	9.89	20170904-20180903,票面利率:1.00%;20180904-20190903,票面利率:1.00%;20190904-20200903,票面利率:1.00%	103.0	AA+	AA+	中诚信国际信用评级有限责任公司
132013.SH	中国宝武钢铁集团有限公司公开发行2017年可交换公司债券(第一期)	17宝武EB	192013	600019.SH	宝钢股份	3.0	100.0	100.0	15000000000.0	0.0	2017-11-24	2020-11-24		1.0	3.0	1	2017-12-28	2020-11-24	上交所	2018-11-29	2020-11-23	1970-01-01	10.0	8.77	20171124-20181123,票面利率:1.00%;20181124-20191123,票面利率:1.00%;20191124-20201123,票面利率:1.00%	104.0	AAA	AAA	中诚信国际信用评级有限责任公司
132014.SH	中国化学工程集团有限公司公开发行2018年可交换公司债券(第一期)	18中化EB	192014	601117.SH	中国化学	5.0	100.0	100.0	3500000000.0	0.0	2018-04-24	2023-04-24		0.9	6.0	1	2018-05-09	2023-04-24	上交所	2019-04-25	2023-04-23	2023-04-24	7.75	7.24	20180424-20190423,票面利率:0.90%;20190424-20200423,票面利率:0.90%;20200424-20210423,票面利率:0.90%;20210424-20220423,票面利率:0.90%;20220424-20230423,票面利率:0.90%	106.9	AAA	AAA	中诚信国际信用评级有限责任公司
132015.SH	中国石油天然气集团有限公司2018年公开发行可交换公司债券	18中油EB	192015	601857.SH	中国石油	5.0	100.0	100.0	20000000000.0	0.0	2018-02-01	2023-02-01		1.4	5.0	1	2018-02-28	2023-02-01	上交所	2019-02-11	2023-01-31	2023-02-01	9.38	7.87	20180201-20190131,票面利率:1.40%;20190201-20200131,票面利率:1.40%;20200201-20210131,票面利率:1.40%;20210201-20220131,票面利率:1.40%;20220201-20230131,票面利率:1.40%	106.4	AAA	AAA	中诚信国际信用评级有限责任公司
132016.SH	东方国际创业股份有限公司2019年公开发行可交换公司债券	19东创EB	192016	600909.SH	华安证券	3.0	100.0	100.0	150000000.0	0.0	2019-03-26	2022-03-26		1.5	0	1	2019-04-08	2022-03-28	上交所	2020-03-27	2022-03-25	1970-01-01	8.63	7.28	20190326-20200325,票面利率:1.50%;20200326-20210325,票面利率:1.50%;20210326-20220325,票面利率:1.50%	0	AA	AA	联合资信评估股份有限公司
132017.SH	新余钢铁集团有限公司公开发行2019年可交换公司债券(面向合格投资者)	19新钢EB	192017	600782.SH	新钢股份	3.0	100.0	100.0	2000000000.0	0.0	2019-04-18	2022-04-18		0.5	7.5	1	2019-05-14	2022-04-18	上交所	2020-04-22	2022-04-17	2022-04-18	6.55	5.69	20190418-20200417,票面利率:0.50%;20200418-20210417,票面利率:0.50%;20210418-20220417,票面利率:0.50%	108.0	AA+	AA+	东方金诚国际信用评估有限公司
132018.SH	中国长江三峡集团有限公司公开发行2019年绿色可交换公司债券(第一期)	G三峡EB1	192018	600900.SH	长江电力	5.0	100.0	100.0	20000000000.0	0.0	2019-04-09	2024-04-09		0.5	8.0	1	2019-04-25	2024-04-09	上交所	2020-04-13	2024-04-08	2024-04-09	18.8	15.1	20190409-20200408,票面利率:0.50%;20200409-20210408,票面利率:0.50%;20210409-20220408,票面利率:0.50%;20220409-20230408,票面利率:0.50%;20230409-20240408,票面利率:0.50%	108.5	AAA	AAA	中诚信国际信用评级有限责任公司
132020.SH	中国蓝星(集团)股份有限公司2019年公开发行可交换公司债券(面向合格投资者)(第一期)	19蓝星EB	192020	600299.SH	安迪苏	5.0	100.0	100.0	4500000000.0	0.0	2019-10-18	2024-10-18		1.0	10.0	1	2019-11-04	2024-10-18	上交所	2020-10-21	2024-10-17	2024-10-18	11.56	10.73	20191018-20201017,票面利率:1.00%;20201018-20211017,票面利率:1.00%;20211018-20221017,票面利率:1.00%;20221018-20231017,票面利率:1.00%;20231018-20241017,票面利率:1.00%	111.0	AAA	AAA	中诚信国际信用评级有限责任公司
132021.SH	中国电子信息产业集团有限公司公开发行2019年可交换公司债券(第一期)	19中电EB	192021	600536.SH	中国软件	3.0	100.0	100.0	2100000000.0	0.0	2019-11-27	2022-11-27		0.5	6.0	1	2019-12-06	2022-11-28	上交所	2020-11-27	2022-11-26	2022-11-28	74.25	57.02	20191127-20201126,票面利率:0.50%;20201127-20211126,票面利率:0.50%;20211127-20221126,票面利率:0.50%	106.5	AAA	AAA	中诚信国际信用评级有限责任公司
132022.SH	广东省出版集团有限公司公开发行2020年可交换公司债券(第一期)(疫情防控债)	20广版EB	192022	601900.SH	南方传媒	3.0	100.0	100.0	800000000.0	0.0	2020-04-30	2023-04-30		0.1	6.0	1	2020-05-12	2023-05-04	上交所	2021-05-06	2023-04-29	2023-05-04	11.51	10.62	20200430-20210429,票面利率:0.10%;20210430-20220429,票面利率:0.10%;20220430-20230429,票面利率:0.10%	106.1	AAA	AAA	东方金诚国际信用评估有限公司
132024.SH	江西铜业集团有限公司2026年面向专业投资者公开发行可交换公司债券	26江铜EB		600362.SH	江西铜业	5.0	100.0	100.0	5000000000.0	5000000000.0	2026-04-09	2031-04-09		0.01	5.0	1	2026-04-20	1970-01-01	上交所	2027-04-12	2031-04-09	1970-01-01	53.0	53.0	20260409-20270408,票面利率:0.01%;20270409-20280408,票面利率:0.01%;20280409-20290408,票面利率:0.01%;20290409-20300408,票面利率:0.01%;20300409-20310408,票面利率:0.01%	105.01			
132026.SH	中国长江三峡集团有限公司2022年面向专业投资者公开发行绿色科技创新可交换公司债券(第一期)	G三峡EB2		600900.SH	长江电力	5.0	100.0	100.0	10000000000.0	9565905170.0	2022-06-01	2027-06-01		0.1	8.0	1	2022-06-08	1970-01-01	上交所	2023-06-02	2027-06-01	1970-01-01	25.6	21.99	20220601-20230531,票面利率:0.10%;20230601-20240531,票面利率:0.10%;20240601-20250531,票面利率:0.10%;20250601-20260531,票面利率:0.10%;20260601-20270531,票面利率:0.10%	108.1	AAA	AAAsti	中诚信国际信用评级有限责任公司
145900.SH	苏州旭杰建筑科技股份有限公司2017年非公开发行创新创业可转换公司债券	17旭杰转	193000	836149.SH	旭杰科技	6.0	100.0	100.0	10600000.0	0.0	2017-10-16	2023-10-16		6.5	1.3	1	2017-10-24	2020-05-22	上交所	2018-04-17	2023-10-15	2020-05-08	5.3	5.3	20171016-20181015,票面利率:6.50%;20181016-20191015,票面利率:6.50%;20191016-20200507,票面利率:6.50%	0			
145901.SH	苏州市伏泰信息科技股份有限公司2017年非公开发行创新创业可转换公司债券	17伏泰转	193001	832633.SH	伏泰科技	1.0	100.0	100.0	40000000.0	0.0	2017-10-16	2018-10-16		4.0	4.0	2	2017-10-26	2018-10-16	上交所	2018-04-17	2018-10-15	2018-05-23	30.6	30.6	20171016-20180415,票面利率:4.00%;20180416-20180522,票面利率:4.00%	0			
145904.SH	西安钢研功能材料股份有限公司2025年面向专业投资者非公开发行科技创新可转换公司债券(第一期)	25钢研K1		836660.SH	钢研功能	6.0	100.0	100.0	80000000.0	80000000.0	2025-12-29	2031-12-29		2.2	0.0	1	2026-01-05	1970-01-01	上交所	2026-06-30	2031-12-29	1970-01-01	11.7	11.7	20251229-20261228,票面利率:2.20%;20261229-20271228,票面利率:2.20%;20271229-20281228,票面利率:2.20%;20281229-20291228,票面利率:2.20%;20291229-20301228,票面利率:2.20%;20301229-20311228,票面利率:2.20%	102.2			
145905.SH	深圳市智胜新电子科技股份有限公司2025年面向专业投资者非公开发行科技创新可转换公司债券(第一期)	智转债K1				3.0	100.0	100.0	30000000.0	30000000.0	2025-12-10	2028-12-10		0.2	8.4	1	2025-12-16	1970-01-01	上交所	2026-06-10	2028-12-09	1970-01-01	9.51	9.51	20251210-20261209,票面利率:0.20%;20261210-20271209,票面利率:0.20%;20271210-20281209,票面利率:0.20%	108.6			
145951.SH	上海君实生物医药科技股份有限公司2018年非公开发行创新创业可转换公司债券(第一期)	18君实转	193051	833330.SH	君实生物	6.0	100.0	100.0	200000000.0	0.0	2018-02-23	2024-02-23		10.35	0	1	2018-03-05	2019-07-08	上交所	2018-08-23	2024-02-22	2019-07-08	25.0	23.0	20180223-20190705,票面利率:10.35%	0			
