edge_id,from_node_id,to_node_id,dep_type,architecture_direction,coupling_strength,used_symbol,invocation_method,api_contract_refs,event_ref,ddd_integration_pattern,failure_mode,fallback,activation_condition,data_transfer_description,resource_impact,relationship_type,cross_domain,verified,dep_maturity,valid_since,is_legal_cycle
355905,308469,308461,import_depends,downstream,required,"",import,[],"",shared_kernel,timeout,graceful_degradation,"","","",one_to_many,0,0,active,,0
357388,310058,306999,test_depends,downstream,optional,"",import,[],"","",cascade_failure,skip_test,"","","",one_to_many,1,0,active,,0
355983,308560,308559,import_depends,downstream,required,"",import,[],"",shared_kernel,timeout,graceful_degradation,"","","",one_to_many,0,0,active,,0
355984,308560,308561,import_depends,downstream,required,"",import,[],"",shared_kernel,timeout,graceful_degradation,"","","",one_to_many,0,0,active,,0
356006,308570,308584,import_depends,downstream,required,"",import,[],"","",timeout,graceful_degradation,"","","",one_to_many,0,0,active,,0
356007,308570,308590,import_depends,downstream,required,"",import,[],"","",timeout,graceful_degradation,"","","",one_to_many,0,0,active,,0
356008,308570,308588,import_depends,downstream,required,"",import,[],"","",timeout,graceful_degradation,"","","",one_to_many,0,0,active,,0
356046,308618,308568,import_depends,downstream,required,"",import,[],"","",timeout,graceful_degradation,"","","",one_to_many,0,0,active,,0
356068,308647,308668,import_depends,downstream,required,"",import,[],"",shared_kernel,timeout,graceful_degradation,"","","",one_to_many,0,0,active,,0
356122,308683,308052,import_depends,downstream,critical,"",import,[],"","",service_down,circuit_break,"","","",one_to_many,1,0,active,,0
356123,308683,308204,import_depends,downstream,critical,"",import,[],"","",service_down,circuit_break,"","","",one_to_many,1,0,active,,0
356124,308683,308065,import_depends,downstream,critical,"",import,[],"","",service_down,circuit_break,"","","",one_to_many,1,0,active,,0
356125,308684,308059,import_depends,downstream,critical,"",import,[],"","",service_down,circuit_break,"","","",one_to_many,1,0,active,,0
356158,308733,307336,import_depends,downstream,critical,"",import,[],"","",service_down,circuit_break,"","","",one_to_many,1,0,active,,0
356160,308733,307504,import_depends,downstream,critical,"",import,[],"","",service_down,circuit_break,"","","",one_to_many,1,0,active,,0
356182,308743,307484,import_depends,downstream,critical,"",import,[],"",anti_corruption_layer,service_down,circuit_break,"","","",one_to_many,1,0,active,,0
356183,308743,306958,import_depends,downstream,required,"",import,[],"","",timeout,graceful_degradation,"","","",one_to_many,0,0,active,,0
356184,308743,306953,import_depends,downstream,required,"",import,[],"","",timeout,graceful_degradation,"","","",one_to_many,0,0,active,,0
356203,308824,307181,import_depends,downstream,critical,"",import,[],"","",service_down,circuit_break,"","","",one_to_many,1,0,active,,0
356206,308847,306837,import_depends,downstream,critical,"",import,[],"","",service_down,circuit_break,"","","",one_to_many,1,0,active,,0
238060,58,45,runtime,upstream,hard,,,"",,,,,,回滚后跑 G0 门禁验证——Gate Engine 提供门禁执行能力。,,,,,design,2026-05-05,0
238061,58,90,contract,upstream,hard,,,MOD-INF-021 §9 CT-RBK-GATE-001,,,,,,CT-RBK-GATE-001 集成契约——48 exit code 映射到 Gate/Pipeline/Orchestrator。,,,,,design,2026-05-05,0
356205,308846,308062,import_depends,downstream,critical,"",import,[],"","",service_down,circuit_break,"","","",one_to_many,1,0,active,,0
356287,309254,307219,test_depends,downstream,optional,"",import,[],"","",cascade_failure,skip_test,"","","",one_to_many,1,0,active,,0
356319,309293,307772,test_depends,downstream,optional,"",import,[],"","",cascade_failure,skip_test,"","","",one_to_many,1,0,active,,0
238063,69,58,runtime,downstream,hard,,,MOD-GOVERNANCE G-CT-005,,,,,,漂移检测触发回滚——DriftEvent → RollbackExecutor 消费，G-CT-005 契约锚定。,,,,,design,2026-05-05,0
356320,309293,307740,test_depends,downstream,optional,"",import,[],"",conformist,cascade_failure,skip_test,"","","",one_to_many,1,0,active,,0
356328,309296,307724,test_depends,downstream,optional,"",import,[],"",conformist,cascade_failure,skip_test,"","","",one_to_many,1,0,active,,0
356329,309297,307713,test_depends,downstream,optional,"",import,[],"","",cascade_failure,skip_test,"","","",one_to_many,1,0,active,,0
356351,309304,307751,test_depends,downstream,optional,"",import,[],"",conformist,cascade_failure,skip_test,"","","",one_to_many,1,0,active,,0
238067,69,45,runtime,downstream,hard,,,"",,,,,,门禁持久化——gate_persistence 漂移预算门禁。,,,,,design,2026-05-15,0
238068,69,55,runtime,upstream,hard,,,"",,,,,,AiAuditLogger + AbstractLock 共享基础设施。,,,,,design,2026-05-15,0
238069,69,42,runtime,upstream,hard,,,"",,,,,,基线+漂移结果持久化——drift_events DB + baseline JSON。,,,,,design,2026-05-15,0
356363,309311,307781,test_depends,downstream,optional,"",import,[],"","",cascade_failure,skip_test,"","","",one_to_many,1,0,active,,0
356364,309311,307768,test_depends,downstream,optional,"",import,[],"","",cascade_failure,skip_test,"","","",one_to_many,1,0,active,,0
356404,309325,307713,test_depends,downstream,optional,"",import,[],"",conformist,cascade_failure,skip_test,"","","",one_to_many,1,0,active,,0
356405,309325,307716,test_depends,downstream,optional,"",import,[],"",conformist,cascade_failure,skip_test,"","","",one_to_many,1,0,active,,0
356406,309325,307717,test_depends,downstream,optional,"",import,[],"",conformist,cascade_failure,skip_test,"","","",one_to_many,1,0,active,,0
356407,309325,307726,test_depends,downstream,optional,"",import,[],"",conformist,cascade_failure,skip_test,"","","",one_to_many,1,0,active,,0
353812,306569,306829,import_depends,downstream,required,"",import,[],"","",timeout,graceful_degradation,"","","",one_to_many,0,0,active,,0
356408,309325,307765,test_depends,downstream,optional,"",import,[],"","",cascade_failure,skip_test,"","","",one_to_many,1,0,active,,0
356411,309325,307732,test_depends,downstream,optional,"",import,[],"",conformist,cascade_failure,skip_test,"","","",one_to_many,1,0,active,,0
356430,309326,307784,test_depends,downstream,optional,"",import,[],"","",cascade_failure,skip_test,"","","",one_to_many,1,0,active,,0
356437,309331,307769,test_depends,downstream,optional,"",import,[],"","",cascade_failure,skip_test,"","","",one_to_many,1,0,active,,0
359312,306345,311196,import_depends,downstream,required,MatchingEngine,direct,,,,runtime_error,no_fallback,always,,low,,0,0,design,,0
356438,309331,307777,test_depends,downstream,optional,"",import,[],"","",cascade_failure,skip_test,"","","",one_to_many,1,0,active,,0
356439,309331,307787,test_depends,downstream,optional,"",import,[],"","",cascade_failure,skip_test,"","","",one_to_many,1,0,active,,0
238078,70,71,contract,upstream,hard,,,"",,,,,,退出码约定 0/1/2/3/4 + Finding Schema + manifest 注册契约——dedup gate 消费 script-system 定义。,,,,,design,2026-05-05,0
238079,70,45,runtime,upstream,hard,,,"",,,,,,GATE-DEDUP pre-commit 门禁判定逻辑——Wave 1 即落地 gate-engine 框架。,,,,,design,2026-05-05,0
238080,70,40,contract,upstream,hard,,,"",,,,,,生成时注入共享API影子清单——防重第一道防线 + 消费验证回环。,,,,,design,2026-05-05,0
238081,70,43,runtime,upstream,hard,,,"",,,,,,重复模式→FLE→evolve()→EvolutionProposal 进化闭环——微观克隆检测结果驱动 FLE 自我演化。,,,,,design,2026-05-05,0
238082,70,55,contract,upstream,hard,,,"",,,,,,SSoT Guard + shared 目录结构——去重后的组件提取目标目录。,,,,,design,2026-05-05,0
238083,70,42,data,upstream,hard,,,"",,,,,,发现的重复模式/健忘热点→KB 持久化→未来 AI session 主动查阅——KB 索引双分配存储。,,,,,design,2026-05-05,0
238084,52,45,runtime,upstream,hard,,,"",,,,,,蓝方防御判定依赖 Gate Engine 执行门禁检查——红方注入后验证 Gate 是否拦截。,,,,,design,2026-05-08,0
356431,309327,306973,test_depends,downstream,optional,"",import,[],"","",cascade_failure,skip_test,"","","",one_to_many,1,0,active,,0
238086,52,54,runtime,upstream,hard,,,"",,,,,,规则漂移攻击场景的检测器——RB-003/RB-020 依赖语义审计能力。,,,,,design,2026-05-08,0
238087,52,70,runtime,upstream,hard,,,"",,,,,,重复注入场景的检测器——RB-004 依赖去重引擎能力。,,,,,design,2026-05-08,0
356432,309327,307756,test_depends,downstream,optional,"",import,[],"","",cascade_failure,skip_test,"","","",one_to_many,1,0,active,,0
238089,52,69,runtime,upstream,medium,,,MOD-INF-030 §0 G-CT-023,,,,,,攻击场景基线快照与漂移对比——G-CT-023 契约锚点。,,,,,design,2026-05-08,0
356433,309328,307779,test_depends,downstream,optional,"",import,[],"","",cascade_failure,skip_test,"","","",one_to_many,1,0,active,,0
238091,36,52,runtime,downstream,hard,,,"",,,,,,AuditOrchestrator Phase 5 红白对抗阶段委托 RedBlueValidator 执行。,,,,,design,2026-05-08,0
238092,52,50,runtime,upstream,medium,,,"",,,,,,红方可能利用孤儿判定边界制造绕过——RB-002 场景依赖孤儿判定能力。,,,,,design,2026-05-08,0
356441,309333,308541,test_depends,downstream,optional,"",import,[],"","",cascade_failure,skip_test,"","","",one_to_many,1,0,active,,0
238093,52,38,runtime,upstream,medium,,,"",,,,,,绕过发现后的修复执行——自愈反馈闭环依赖 AutoFix Engine。,,,,,design,2026-05-08,0
353817,306575,306472,import_depends,downstream,required,"",import,[],"","",timeout,graceful_degradation,"","","",one_to_many,0,0,active,,0
356473,309368,307807,test_depends,downstream,optional,"",import,[],"","",cascade_failure,skip_test,"","","",one_to_many,1,0,active,,0
356467,309367,308059,test_depends,downstream,optional,"",import,[],"","",cascade_failure,skip_test,"","","",one_to_many,1,0,active,,0
238096,52,59,data,upstream,medium,,,MOD-INF-030 §0 G-CT-024,,,,,,绕过模式知识条目存储与检索——G-CT-024 契约锚点。,,,,,design,2026-05-08,0
238097,53,55,runtime,upstream,hard,,,MOD-RESOURCE_OPTIMIZATION_ENGINE §5,,,,,,资源优化引擎依赖 shared-core 的 DaemonRegistry/EventBus/ContractBus/API_INDEX 基础设施。,,,,,design,2026-05-08,0
356546,309438,306636,test_depends,downstream,optional,"",import,[],"","",cascade_failure,skip_test,"","","",one_to_many,1,0,active,,0
356558,309445,307303,test_depends,downstream,optional,"",import,[],"","",cascade_failure,skip_test,"","","",one_to_many,1,0,active,,0
356588,309458,307843,test_depends,downstream,optional,"",import,[],"","",cascade_failure,skip_test,"","","",one_to_many,1,0,active,,0
356587,309457,306213,test_depends,downstream,optional,"",import,[],"","",cascade_failure,skip_test,"","","",one_to_many,1,0,active,,0
356589,309459,306236,test_depends,downstream,optional,"",import,[],"","",cascade_failure,skip_test,"","","",one_to_many,1,0,active,,0
238099,53,51,runtime,upstream,hard,,,"",,,,,,资源优化引擎依赖 pipeline 的 pipeline_lock 和 orchestration 协调。,,,,,design,2026-05-08,0
238100,53,43,runtime,upstream,hard,,,MOD-RESOURCE_OPTIMIZATION_ENGINE §7.1,,,,,,资源优化引擎将 FLE-Scheduler 注册为守护线程，接收资源异常检测器。,,,,,design,2026-05-08,0
238101,53,45,contract,upstream,soft,,,MOD-RESOURCE_OPTIMIZATION_ENGINE §15.4,,,,,,资源优化引擎注册 G-RES 资源检查门禁规则，资源不足时门禁阻断。,,,,,design,2026-05-08,0
356596,309465,308468,test_depends,downstream,optional,"",import,[],"","",cascade_failure,skip_test,"","","",one_to_many,1,0,active,,0
356595,309464,308605,test_depends,downstream,optional,"",import,[],"","",cascade_failure,skip_test,"","","",one_to_many,1,0,active,,0
356688,309549,307086,test_depends,downstream,optional,"",import,[],"","",cascade_failure,skip_test,"","","",one_to_many,1,0,active,,0
356689,309549,306790,test_depends,downstream,optional,"",import,[],"","",cascade_failure,skip_test,"","","",one_to_many,1,0,active,,0
356690,309549,306919,test_depends,downstream,optional,"",import,[],"","",cascade_failure,skip_test,"","","",one_to_many,1,0,active,,0
356729,309586,308600,test_depends,downstream,optional,"",import,[],"","",cascade_failure,skip_test,"","","",one_to_many,1,0,active,,0
356769,309624,306730,test_depends,downstream,optional,"",import,[],"","",cascade_failure,skip_test,"","","",one_to_many,1,0,active,,0
356787,309639,307018,test_depends,downstream,optional,"",import,[],"","",cascade_failure,skip_test,"","","",one_to_many,1,0,active,,0
356788,309639,307004,test_depends,downstream,optional,"",import,[],"","",cascade_failure,skip_test,"","","",one_to_many,1,0,active,,0
359313,306345,311195,import_depends,downstream,required,Portfolio,direct,,,,runtime_error,no_fallback,always,,low,,0,0,design,,0
356789,309639,307540,test_depends,downstream,optional,"",import,[],"","",cascade_failure,skip_test,"","","",one_to_many,1,0,active,,0
356802,309644,307018,test_depends,downstream,optional,"",import,[],"","",cascade_failure,skip_test,"","","",one_to_many,1,0,active,,0
238103,53,69,runtime,upstream,soft,,,MOD-RESOURCE_OPTIMIZATION_ENGINE §15.2 CT-ROE-006,,,,,,资源配置漂移检测——阈值被篡改时触发漂移告警。,,,,,design,2026-05-08,0
238104,53,59,runtime,peer,soft,,,MOD-RESOURCE_OPTIMIZATION_ENGINE §15.2 CT-ROE-003,,,,,,资源成本预算联动——资源超支时触发预算降级。,,,,,design,2026-05-08,0
356799,309643,307018,test_depends,downstream,optional,"",import,[],"","",cascade_failure,skip_test,"","","",one_to_many,1,0,active,,0
356827,309652,307004,test_depends,downstream,optional,"",import,[],"","",cascade_failure,skip_test,"","","",one_to_many,1,0,active,,0
356828,309652,307540,test_depends,downstream,optional,"",import,[],"","",cascade_failure,skip_test,"","","",one_to_many,1,0,active,,0
356832,309654,307018,test_depends,downstream,optional,"",import,[],"","",cascade_failure,skip_test,"","","",one_to_many,1,0,active,,0
356833,309654,307004,test_depends,downstream,optional,"",import,[],"","",cascade_failure,skip_test,"","","",one_to_many,1,0,active,,0
356834,309654,307540,test_depends,downstream,optional,"",import,[],"","",cascade_failure,skip_test,"","","",one_to_many,1,0,active,,0
356950,309731,306821,test_depends,downstream,optional,"",import,[],"","",cascade_failure,skip_test,"","","",one_to_many,1,0,active,,0
356953,309734,306964,test_depends,downstream,optional,"",import,[],"","",cascade_failure,skip_test,"","","",one_to_many,1,0,active,,0
356944,309725,306768,test_depends,downstream,optional,"",import,[],"","",cascade_failure,skip_test,"","","",one_to_many,1,0,active,,0
357002,309781,306818,test_depends,downstream,optional,"",import,[],"","",cascade_failure,skip_test,"","","",one_to_many,1,0,active,,0
357040,309809,308228,test_depends,downstream,optional,"",import,[],"","",cascade_failure,skip_test,"","","",one_to_many,1,0,active,,0
357041,309809,308235,test_depends,downstream,optional,"",import,[],"","",cascade_failure,skip_test,"","","",one_to_many,1,0,active,,0
238110,59,55,data,upstream,hard,,,"",,,,,,全局成本汇聚 + 语义缓存重导出,,,,,design,2026-05-15,0
238111,59,42,data,upstream,soft,,,"",,,,,,SQLite 存储层(传递依赖 via MOD-INF-016),,,,,design,2026-05-15,0
357016,309793,307160,test_depends,downstream,optional,"",import,[],"","",cascade_failure,skip_test,"","","",one_to_many,1,0,active,,0
238113,59,69,contract,upstream,soft,,,"",,,,,,漂移预算信号,,,,,design,2026-05-15,0
238114,59,40,runtime,upstream,soft,,,"",,,,,,上下文压缩联动,,,,,design,2026-05-15,0
357063,309830,308234,test_depends,downstream,optional,"",import,[],"","",cascade_failure,skip_test,"","","",one_to_many,1,0,active,,0
357061,309828,308486,test_depends,downstream,optional,"",import,[],"","",cascade_failure,skip_test,"","","",one_to_many,1,0,active,,0
357062,309829,308235,test_depends,downstream,optional,"",import,[],"","",cascade_failure,skip_test,"","","",one_to_many,1,0,active,,0
357142,309883,308356,test_depends,downstream,optional,"",import,[],"","",cascade_failure,skip_test,"","","",one_to_many,1,0,active,,0
357143,309884,308453,test_depends,downstream,optional,"",import,[],"","",cascade_failure,skip_test,"","","",one_to_many,1,0,active,,0
357179,309900,308356,test_depends,downstream,optional,"",import,[],"","",cascade_failure,skip_test,"","","",one_to_many,1,0,active,,0
357153,309893,308356,test_depends,downstream,optional,"",import,[],"","",cascade_failure,skip_test,"","","",one_to_many,1,0,active,,0
357174,309895,308430,test_depends,downstream,optional,"",import,[],"","",cascade_failure,skip_test,"","","",one_to_many,1,0,active,,0
357186,309906,308520,test_depends,downstream,optional,"",import,[],"","",cascade_failure,skip_test,"","","",one_to_many,1,0,active,,0
357178,309899,308356,test_depends,downstream,optional,"",import,[],"","",cascade_failure,skip_test,"","","",one_to_many,1,0,active,,0
357189,309909,308290,test_depends,downstream,optional,"",import,[],"","",cascade_failure,skip_test,"","","",one_to_many,1,0,active,,0
357187,309907,308290,test_depends,downstream,optional,"",import,[],"","",cascade_failure,skip_test,"","","",one_to_many,1,0,active,,0
357183,309903,308356,test_depends,downstream,optional,"",import,[],"","",cascade_failure,skip_test,"","","",one_to_many,1,0,active,,0
357207,309922,306572,test_depends,downstream,optional,"",import,[],"","",cascade_failure,skip_test,"","","",one_to_many,1,0,active,,0
357200,309916,308550,test_depends,downstream,optional,"",import,[],"","",cascade_failure,skip_test,"","","",one_to_many,1,0,active,,0
357210,309925,306571,test_depends,downstream,optional,"",import,[],"","",cascade_failure,skip_test,"","","",one_to_many,1,0,active,,0
357209,309924,308290,test_depends,downstream,optional,"",import,[],"","",cascade_failure,skip_test,"","","",one_to_many,1,0,active,,0
357211,309926,308290,test_depends,downstream,optional,"",import,[],"","",cascade_failure,skip_test,"","","",one_to_many,1,0,active,,0
357205,309920,308356,test_depends,downstream,optional,"",import,[],"","",cascade_failure,skip_test,"","","",one_to_many,1,0,active,,0
357215,309930,308437,test_depends,downstream,optional,"",import,[],"","",cascade_failure,skip_test,"","","",one_to_many,1,0,active,,0
357213,309928,308257,test_depends,downstream,optional,"",import,[],"","",cascade_failure,skip_test,"","","",one_to_many,1,0,active,,0
357212,309927,308356,test_depends,downstream,optional,"",import,[],"","",cascade_failure,skip_test,"","","",one_to_many,1,0,active,,0
357216,309931,308290,test_depends,downstream,optional,"",import,[],"","",cascade_failure,skip_test,"","","",one_to_many,1,0,active,,0
357220,309935,308277,test_depends,downstream,optional,"",import,[],"","",cascade_failure,skip_test,"","","",one_to_many,1,0,active,,0
357218,309933,308458,test_depends,downstream,optional,"",import,[],"","",cascade_failure,skip_test,"","","",one_to_many,1,0,active,,0
359314,306345,311193,import_depends,downstream,required,DataHandler,direct,,,,runtime_error,no_fallback,always,,low,,0,0,design,,0
357219,309934,308356,test_depends,downstream,optional,"",import,[],"","",cascade_failure,skip_test,"","","",one_to_many,1,0,active,,0
357223,309938,308290,test_depends,downstream,optional,"",import,[],"","",cascade_failure,skip_test,"","","",one_to_many,1,0,active,,0
357261,309972,308251,test_depends,downstream,optional,"",import,[],"","",cascade_failure,skip_test,"","","",one_to_many,1,0,active,,0
357256,309967,308244,test_depends,downstream,optional,"",import,[],"","",cascade_failure,skip_test,"","","",one_to_many,1,0,active,,0
357249,309964,308290,test_depends,downstream,optional,"",import,[],"","",cascade_failure,skip_test,"","","",one_to_many,1,0,active,,0
238140,59,49,data,upstream,soft,,,"",,,,,,model_router.py 懒导入 load_benchmark_history（基准性能数据加载）。,,,,,design,2026-05-18,0
238141,81,37,runtime,upstream,hard,,,"",,,,,,VMS消费嵌入服务——BGE-M3嵌入路由已迁至MOD-INF-039，VMS通过local-model获取嵌入向量。,,,,,design,2026-05-18,0
353889,306632,306760,import_depends,downstream,required,"",import,[],"","",timeout,graceful_degradation,"","","",one_to_many,0,0,active,,0
238143,51,37,runtime,upstream,hard,,,"",,,,,,Pipeline嵌入+rerank——管线阶段调度依赖local-model的嵌入与重排序能力。,,,,,design,2026-05-18,0
357317,310021,308059,test_depends,downstream,optional,"",import,[],"","",cascade_failure,skip_test,"","","",one_to_many,1,0,active,,0
353587,306209,307450,import_depends,downstream,critical,"",import,[],"","",service_down,circuit_break,"","","",one_to_many,1,0,active,,0
357449,310117,306473,test_depends,downstream,optional,"",import,[],"","",cascade_failure,skip_test,"","","",one_to_many,1,0,active,,0
357516,310167,306978,test_depends,downstream,optional,"",import,[],"","",cascade_failure,skip_test,"","","",one_to_many,1,0,active,,0
357643,310283,307001,test_depends,downstream,optional,"",import,[],"","",cascade_failure,skip_test,"","","",one_to_many,1,0,active,,0
357644,310284,307000,test_depends,downstream,optional,"",import,[],"","",cascade_failure,skip_test,"","","",one_to_many,1,0,active,,0
354007,306802,306768,import_depends,downstream,required,"",import,[],"","",timeout,graceful_degradation,"","","",one_to_many,0,0,active,,0
353599,306224,306613,import_depends,downstream,critical,"",import,[],"","",service_down,circuit_break,"","","",one_to_many,1,0,active,,0
357828,310434,307358,test_depends,downstream,optional,"",import,[],"","",cascade_failure,skip_test,"","","",one_to_many,1,0,active,,0
357829,310434,307083,test_depends,downstream,optional,"",import,[],"","",cascade_failure,skip_test,"","","",one_to_many,1,0,active,,0
357830,310434,307184,test_depends,downstream,optional,"",import,[],"","",cascade_failure,skip_test,"","","",one_to_many,1,0,active,,0
357831,310434,307201,test_depends,downstream,optional,"",import,[],"","",cascade_failure,skip_test,"","","",one_to_many,1,0,active,,0
357824,310433,307849,test_depends,downstream,optional,"",import,[],"",conformist,cascade_failure,skip_test,"","","",one_to_many,1,0,active,,0
357835,310437,307004,test_depends,downstream,optional,"",import,[],"","",cascade_failure,skip_test,"","","",one_to_many,1,0,active,,0
357836,310437,307534,test_depends,downstream,optional,"",import,[],"","",cascade_failure,skip_test,"","","",one_to_many,1,0,active,,0
357837,310437,307538,test_depends,downstream,optional,"",import,[],"","",cascade_failure,skip_test,"","","",one_to_many,1,0,active,,0
357838,310437,307540,test_depends,downstream,optional,"",import,[],"","",cascade_failure,skip_test,"","","",one_to_many,1,0,active,,0
357839,310437,307847,test_depends,downstream,optional,"",import,[],"","",cascade_failure,skip_test,"","","",one_to_many,1,0,active,,0
357834,310436,308529,test_depends,downstream,optional,"",import,[],"","",cascade_failure,skip_test,"","","",one_to_many,1,0,active,,0
357840,310438,307320,test_depends,downstream,optional,"",import,[],"","",cascade_failure,skip_test,"","","",one_to_many,1,0,active,,0
357857,310447,307864,test_depends,downstream,optional,"",import,[],"",conformist,cascade_failure,skip_test,"","","",one_to_many,1,0,active,,0
357883,310458,307314,test_depends,downstream,optional,"",import,[],"","",cascade_failure,skip_test,"","","",one_to_many,1,0,active,,0
357885,310460,308356,test_depends,downstream,optional,"",import,[],"","",cascade_failure,skip_test,"","","",one_to_many,1,0,active,,0
357887,310462,308528,test_depends,downstream,optional,"",import,[],"","",cascade_failure,skip_test,"","","",one_to_many,1,0,active,,0
357892,310468,307854,test_depends,downstream,optional,"",import,[],"",conformist,cascade_failure,skip_test,"","","",one_to_many,1,0,active,,0
357920,310481,307314,test_depends,downstream,optional,"",import,[],"","",cascade_failure,skip_test,"","","",one_to_many,1,0,active,,0
357921,310481,307321,test_depends,downstream,optional,"",import,[],"","",cascade_failure,skip_test,"","","",one_to_many,1,0,active,,0
353994,306800,306747,import_depends,downstream,required,"",import,[],"","",timeout,graceful_degradation,"","","",one_to_many,0,0,active,,0
353734,306477,307783,import_depends,downstream,critical,"",import,[],"","",service_down,circuit_break,"","","",one_to_many,1,0,active,,0
358261,310772,308192,test_depends,downstream,optional,"",import,[],"","",cascade_failure,skip_test,"","","",one_to_many,1,0,active,,0
358251,310770,307355,test_depends,downstream,optional,"",import,[],"","",cascade_failure,skip_test,"","","",one_to_many,1,0,active,,0
358254,310770,307359,test_depends,downstream,optional,"",import,[],"","",cascade_failure,skip_test,"","","",one_to_many,1,0,active,,0
358303,310791,308210,test_depends,downstream,optional,"",import,[],"","",cascade_failure,skip_test,"","","",one_to_many,1,0,active,,0
358304,310791,308221,test_depends,downstream,optional,"",import,[],"","",cascade_failure,skip_test,"","","",one_to_many,1,0,active,,0
358380,310829,307047,test_depends,downstream,optional,"",import,[],"","",cascade_failure,skip_test,"","","",one_to_many,1,0,active,,0
358381,310829,307004,test_depends,downstream,optional,"",import,[],"","",cascade_failure,skip_test,"","","",one_to_many,1,0,active,,0
359315,306345,311194,import_depends,downstream,required,Metrics,direct,,,,runtime_error,no_fallback,always,,low,,0,0,design,,0
358441,310849,307004,test_depends,downstream,optional,"",import,[],"","",cascade_failure,skip_test,"","","",one_to_many,1,0,active,,0
358433,310847,308059,test_depends,downstream,optional,"",import,[],"","",cascade_failure,skip_test,"","","",one_to_many,1,0,active,,0
358434,310847,307047,test_depends,downstream,optional,"",import,[],"","",cascade_failure,skip_test,"","","",one_to_many,1,0,active,,0
358474,310861,308036,test_depends,downstream,optional,"",import,[],"","",cascade_failure,skip_test,"","","",one_to_many,1,0,active,,0
358475,310862,308040,test_depends,downstream,optional,"",import,[],"","",cascade_failure,skip_test,"","","",one_to_many,1,0,active,,0
358616,307923,307917,config_depends,downstream,degradable,"",config,[],"","",timeout,circuit_break,"","","",one_to_many,0,0,active,,0
358592,307701,307695,config_depends,downstream,degradable,"",config,[],"",shared_kernel,timeout,circuit_break,"","","",one_to_many,0,0,active,,0
358630,307986,307988,config_depends,downstream,degradable,"",config,[],"",shared_kernel,timeout,circuit_break,"","","",one_to_many,0,0,active,,0
358673,308313,308317,config_depends,downstream,degradable,"",config,[],"","",timeout,circuit_break,"","","",one_to_many,0,0,active,,0
358676,308316,308317,config_depends,downstream,degradable,"",config,[],"","",timeout,circuit_break,"","","",one_to_many,0,0,active,,0
353621,306248,306253,import_depends,downstream,required,"",import,[],"","",timeout,graceful_degradation,"","","",one_to_many,0,0,active,,0
353622,306248,307337,import_depends,downstream,critical,"",import,[],"","",service_down,circuit_break,"","","",one_to_many,1,0,active,,0
353623,306248,307545,import_depends,downstream,critical,"",import,[],"","",service_down,circuit_break,"","","",one_to_many,1,0,active,,0
358672,308312,308317,config_depends,downstream,degradable,"",config,[],"","",timeout,circuit_break,"","","",one_to_many,0,0,active,,0
358668,308308,308317,config_depends,downstream,degradable,"",config,[],"","",timeout,circuit_break,"","","",one_to_many,0,0,active,,0
358671,308311,308317,config_depends,downstream,degradable,"",config,[],"","",timeout,circuit_break,"","","",one_to_many,0,0,active,,0
358675,308315,308322,config_depends,downstream,degradable,"",config,[],"","",timeout,circuit_break,"","","",one_to_many,0,0,active,,0
358680,308321,308322,config_depends,downstream,degradable,"",config,[],"","",timeout,circuit_break,"","","",one_to_many,0,0,active,,0
358682,308324,308322,config_depends,downstream,degradable,"",config,[],"","",timeout,circuit_break,"","","",one_to_many,0,0,active,,0
358681,308323,308322,config_depends,downstream,degradable,"",config,[],"","",timeout,circuit_break,"","","",one_to_many,0,0,active,,0
358678,308319,308322,config_depends,downstream,degradable,"",config,[],"","",timeout,circuit_break,"","","",one_to_many,0,0,active,,0
358684,308326,308322,config_depends,downstream,degradable,"",config,[],"","",timeout,circuit_break,"","","",one_to_many,0,0,active,,0
358683,308325,308340,config_depends,downstream,degradable,"",config,[],"","",timeout,circuit_break,"","","",one_to_many,0,0,active,,0
358685,308327,308340,config_depends,downstream,degradable,"",config,[],"","",timeout,circuit_break,"","","",one_to_many,0,0,active,,0
358686,308328,308340,config_depends,downstream,degradable,"",config,[],"","",timeout,circuit_break,"","","",one_to_many,0,0,active,,0
355064,307524,308059,import_depends,downstream,critical,"",import,[],"","",service_down,circuit_break,"","","",one_to_many,1,0,active,,0
358679,308320,308322,config_depends,downstream,degradable,"",config,[],"","",timeout,circuit_break,"","","",one_to_many,0,0,active,,0
358690,308332,308340,config_depends,downstream,degradable,"",config,[],"","",timeout,circuit_break,"","","",one_to_many,0,0,active,,0
358687,308329,308340,config_depends,downstream,degradable,"",config,[],"","",timeout,circuit_break,"","","",one_to_many,0,0,active,,0
354038,306815,306745,import_depends,downstream,required,"",import,[],"","",timeout,graceful_degradation,"","","",one_to_many,0,0,active,,0
358689,308331,308340,config_depends,downstream,degradable,"",config,[],"","",timeout,circuit_break,"","","",one_to_many,0,0,active,,0
358688,308330,308340,config_depends,downstream,degradable,"",config,[],"","",timeout,circuit_break,"","","",one_to_many,0,0,active,,0
358700,308343,308352,config_depends,downstream,degradable,"",config,[],"","",timeout,circuit_break,"","","",one_to_many,0,0,active,,0
358703,308346,308352,config_depends,downstream,degradable,"",config,[],"","",timeout,circuit_break,"","","",one_to_many,0,0,active,,0
358701,308344,308352,config_depends,downstream,degradable,"",config,[],"","",timeout,circuit_break,"","","",one_to_many,0,0,active,,0
358699,308342,308352,config_depends,downstream,degradable,"",config,[],"","",timeout,circuit_break,"","","",one_to_many,0,0,active,,0
358706,308349,308352,config_depends,downstream,degradable,"",config,[],"","",timeout,circuit_break,"","","",one_to_many,0,0,active,,0
358708,308351,308352,config_depends,downstream,degradable,"",config,[],"","",timeout,circuit_break,"","","",one_to_many,0,0,active,,0
358710,308354,308361,config_depends,downstream,degradable,"",config,[],"","",timeout,circuit_break,"","","",one_to_many,0,0,active,,0
358709,308353,308361,config_depends,downstream,degradable,"",config,[],"","",timeout,circuit_break,"","","",one_to_many,0,0,active,,0
358741,308388,308392,config_depends,downstream,degradable,"",config,[],"","",timeout,circuit_break,"","","",one_to_many,0,0,active,,0
358744,308391,308392,config_depends,downstream,degradable,"",config,[],"","",timeout,circuit_break,"","","",one_to_many,0,0,active,,0
358747,308395,308427,config_depends,downstream,degradable,"",config,[],"","",timeout,circuit_break,"","","",one_to_many,0,0,active,,0
358746,308394,308427,config_depends,downstream,degradable,"",config,[],"","",timeout,circuit_break,"","","",one_to_many,0,0,active,,0
358742,308389,308392,config_depends,downstream,degradable,"",config,[],"","",timeout,circuit_break,"","","",one_to_many,0,0,active,,0
358749,308397,308427,config_depends,downstream,degradable,"",config,[],"","",timeout,circuit_break,"","","",one_to_many,0,0,active,,0
359316,311196,311195,import_depends,downstream,required,Portfolio,direct,,,,runtime_error,no_fallback,always,,low,,0,0,design,,0
358745,308393,308427,config_depends,downstream,degradable,"",config,[],"","",timeout,circuit_break,"","","",one_to_many,0,0,active,,0
358748,308396,308427,config_depends,downstream,degradable,"",config,[],"","",timeout,circuit_break,"","","",one_to_many,0,0,active,,0
358753,308401,308427,config_depends,downstream,degradable,"",config,[],"","",timeout,circuit_break,"","","",one_to_many,0,0,active,,0
358750,308398,308427,config_depends,downstream,degradable,"",config,[],"","",timeout,circuit_break,"","","",one_to_many,0,0,active,,0
358758,308406,308427,config_depends,downstream,degradable,"",config,[],"","",timeout,circuit_break,"","","",one_to_many,0,0,active,,0
358764,308412,308427,config_depends,downstream,degradable,"",config,[],"","",timeout,circuit_break,"","","",one_to_many,0,0,active,,0
358772,308420,308427,config_depends,downstream,degradable,"",config,[],"","",timeout,circuit_break,"","","",one_to_many,0,0,active,,0
358768,308416,308427,config_depends,downstream,degradable,"",config,[],"","",timeout,circuit_break,"","","",one_to_many,0,0,active,,0
358804,308707,308724,config_depends,downstream,degradable,"",config,[],"",shared_kernel,timeout,circuit_break,"","","",one_to_many,0,0,active,,0
358854,308793,308807,config_depends,downstream,degradable,"",config,[],"",shared_kernel,timeout,circuit_break,"","","",one_to_many,0,0,active,,0
358857,308796,308807,config_depends,downstream,degradable,"",config,[],"","",timeout,circuit_break,"","","",one_to_many,0,0,active,,0
358923,308895,308898,config_depends,downstream,degradable,"",config,[],"",shared_kernel,timeout,circuit_break,"","","",one_to_many,0,0,active,,0
358959,308942,308945,config_depends,downstream,degradable,"",config,[],"","",timeout,circuit_break,"","","",one_to_many,0,0,active,,0
358974,308958,308960,config_depends,downstream,degradable,"",config,[],"",shared_kernel,timeout,circuit_break,"","","",one_to_many,0,0,active,,0
358971,308955,308960,config_depends,downstream,degradable,"",config,[],"",shared_kernel,timeout,circuit_break,"","","",one_to_many,0,0,active,,0
358979,308964,308989,config_depends,downstream,degradable,"",config,[],"",shared_kernel,timeout,circuit_break,"","","",one_to_many,0,0,active,,0
358973,308957,308960,config_depends,downstream,degradable,"",config,[],"",shared_kernel,timeout,circuit_break,"","","",one_to_many,0,0,active,,0
358978,308963,308989,config_depends,downstream,degradable,"",config,[],"",shared_kernel,timeout,circuit_break,"","","",one_to_many,0,0,active,,0
358988,308973,308989,config_depends,downstream,degradable,"",config,[],"","",timeout,circuit_break,"","","",one_to_many,0,0,active,,0
358982,308967,308989,config_depends,downstream,degradable,"",config,[],"","",timeout,circuit_break,"","","",one_to_many,0,0,active,,0
358977,308962,308989,config_depends,downstream,degradable,"",config,[],"",shared_kernel,timeout,circuit_break,"","","",one_to_many,0,0,active,,0
358989,308974,308989,config_depends,downstream,degradable,"",config,[],"","",timeout,circuit_break,"","","",one_to_many,0,0,active,,0
358983,308968,308989,config_depends,downstream,degradable,"",config,[],"","",timeout,circuit_break,"","","",one_to_many,0,0,active,,0
359023,309012,309017,config_depends,downstream,degradable,"",config,[],"",shared_kernel,timeout,circuit_break,"","","",one_to_many,0,0,active,,0
358968,308952,308960,config_depends,downstream,degradable,"",config,[],"",shared_kernel,timeout,circuit_break,"","","",one_to_many,0,0,active,,0
353627,306277,306305,import_depends,downstream,required,"",import,[],"","",timeout,graceful_degradation,"","","",one_to_many,0,0,active,,0
353664,306338,307827,import_depends,downstream,critical,"",import,[],"",anti_corruption_layer,service_down,circuit_break,"","","",one_to_many,1,0,active,,0
353907,306632,306781,import_depends,downstream,required,"",import,[],"","",timeout,graceful_degradation,"","","",one_to_many,0,0,active,,0
353632,306285,306286,import_depends,downstream,required,"",import,[],"","",timeout,graceful_degradation,"","","",one_to_many,0,0,active,,0
353677,306354,307083,import_depends,downstream,critical,"",import,[],"","",service_down,circuit_break,"","","",one_to_many,1,0,active,,0
353706,306427,308648,import_depends,downstream,critical,"",import,[],"",anti_corruption_layer,service_down,circuit_break,"","","",one_to_many,1,0,active,,0
353707,306427,308652,import_depends,downstream,critical,"",import,[],"",anti_corruption_layer,service_down,circuit_break,"","","",one_to_many,1,0,active,,0
353912,306632,306789,import_depends,downstream,required,"",import,[],"","",timeout,graceful_degradation,"","","",one_to_many,0,0,active,,0
359266,310974,307011,config_depends,downstream,degradable,"",config,[],"","",timeout,circuit_break,"","","",one_to_many,0,0,active,,0
359274,310982,307068,config_depends,downstream,degradable,"",config,[],"","",timeout,circuit_break,"","","",one_to_many,0,0,active,,0
359278,310986,307068,config_depends,downstream,degradable,"",config,[],"","",timeout,circuit_break,"","","",one_to_many,0,0,active,,0
353712,306455,306958,import_depends,downstream,critical,"",import,[],"","",service_down,circuit_break,"","","",one_to_many,1,0,active,,0
353713,306455,306953,import_depends,downstream,critical,"",import,[],"","",service_down,circuit_break,"","","",one_to_many,1,0,active,,0
353662,306338,307819,import_depends,downstream,critical,"",import,[],"",anti_corruption_layer,service_down,circuit_break,"","","",one_to_many,1,0,active,,0
353660,306335,307829,import_depends,downstream,critical,"",import,[],"",anti_corruption_layer,service_down,circuit_break,"","","",one_to_many,1,0,active,,0
353735,306478,307119,import_depends,downstream,required,"",import,[],"","",timeout,graceful_degradation,"","","",one_to_many,0,0,active,,0
354053,306834,306956,import_depends,downstream,required,"",import,[],"","",timeout,graceful_degradation,"","","",one_to_many,0,0,active,,0
354065,306838,307047,import_depends,downstream,critical,"",import,[],"","",service_down,circuit_break,"","","",one_to_many,1,0,active,,0
359317,311195,311193,import_depends,downstream,required,DataHandler,direct,,,,runtime_error,no_fallback,always,,low,,0,0,design,,0
354066,306838,306999,import_depends,downstream,critical,"",import,[],"","",service_down,circuit_break,"","","",one_to_many,1,0,active,,0
354067,306838,308062,import_depends,downstream,critical,"",import,[],"","",service_down,circuit_break,"","","",one_to_many,1,0,active,,0
353978,306766,306769,import_depends,downstream,required,"",import,[],"",shared_kernel,timeout,graceful_degradation,"","","",one_to_many,0,0,active,,0
354238,306994,307545,import_depends,downstream,critical,"",import,[],"",anti_corruption_layer,service_down,circuit_break,"","","",one_to_many,1,0,active,,0
354301,307027,307018,import_depends,downstream,required,"",import,[],"",shared_kernel,timeout,graceful_degradation,"","","",one_to_many,0,0,active,,0
355780,308238,306958,import_depends,downstream,critical,"",import,[],"","",service_down,circuit_break,"","","",one_to_many,1,0,active,,0
355870,308290,308317,import_depends,downstream,required,"",import,[],"","",timeout,graceful_degradation,"","","",one_to_many,0,0,active,,0
355871,308290,308322,import_depends,downstream,required,"",import,[],"","",timeout,graceful_degradation,"","","",one_to_many,0,0,active,,0
356619,309485,308059,test_depends,downstream,optional,"",import,[],"","",cascade_failure,skip_test,"","","",one_to_many,1,0,active,,0
358129,310654,306793,test_depends,downstream,optional,"",import,[],"","",cascade_failure,skip_test,"","","",one_to_many,1,0,active,,0
358159,310685,306267,test_depends,downstream,optional,"",import,[],"","",cascade_failure,skip_test,"","","",one_to_many,1,0,active,,0
356671,309537,306599,test_depends,downstream,optional,"",import,[],"","",cascade_failure,skip_test,"","","",one_to_many,1,0,active,,0
354061,306837,306940,import_depends,downstream,required,"",import,[],"","",timeout,graceful_degradation,"","","",one_to_many,0,0,active,,0
358430,310846,308059,test_depends,downstream,optional,"",import,[],"","",cascade_failure,skip_test,"","","",one_to_many,1,0,active,,0
357386,310056,308488,test_depends,downstream,optional,"",import,[],"","",cascade_failure,skip_test,"","","",one_to_many,1,0,active,,0
358763,308411,308427,config_depends,downstream,degradable,"",config,[],"","",timeout,circuit_break,"","","",one_to_many,0,0,active,,0
358867,308808,308807,config_depends,downstream,degradable,"",config,[],"",shared_kernel,timeout,circuit_break,"","","",one_to_many,0,0,active,,0
358962,308946,308960,config_depends,downstream,degradable,"",config,[],"",shared_kernel,timeout,circuit_break,"","","",one_to_many,0,0,active,,0
354105,306883,307545,import_depends,downstream,critical,"",import,[],"","",service_down,circuit_break,"","","",one_to_many,1,0,active,,0
354106,306883,308132,import_depends,downstream,critical,"",import,[],"","",service_down,circuit_break,"","","",one_to_many,1,0,active,,0
358492,306326,306265,config_depends,downstream,degradable,"",config,[],"","",timeout,circuit_break,"","","",one_to_many,0,0,active,,0
359089,309113,309115,config_depends,downstream,degradable,"",config,[],"","",timeout,circuit_break,"","","",one_to_many,0,0,active,,0
359305,311013,309136,config_depends,downstream,degradable,"",config,[],"","",timeout,circuit_break,"","","",one_to_many,0,0,active,,0
359306,311014,309064,config_depends,downstream,degradable,"",config,[],"","",timeout,circuit_break,"","","",one_to_many,0,0,active,,0
359304,311012,309136,config_depends,downstream,degradable,"",config,[],"","",timeout,circuit_break,"","","",one_to_many,0,0,active,,0
359307,311018,309136,config_depends,downstream,degradable,"",config,[],"","",timeout,circuit_break,"","","",one_to_many,0,0,active,,0
357650,310288,307058,test_depends,downstream,optional,"",import,[],"","",cascade_failure,skip_test,"","","",one_to_many,1,0,active,,0
354153,306925,306919,import_depends,downstream,required,"",import,[],"","",timeout,graceful_degradation,"","","",one_to_many,0,0,active,,0
354151,306924,306919,import_depends,downstream,required,"",import,[],"","",timeout,graceful_degradation,"","","",one_to_many,0,0,active,,0
354152,306924,307371,import_depends,downstream,critical,"",import,[],"","",service_down,circuit_break,"","","",one_to_many,1,0,active,,0
354165,306948,306914,import_depends,downstream,required,"",import,[],"","",timeout,graceful_degradation,"","","",one_to_many,0,0,active,,0
354159,306945,308059,import_depends,downstream,critical,"",import,[],"","",service_down,circuit_break,"","","",one_to_many,1,0,active,,0
354166,306949,306944,import_depends,downstream,required,"",import,[],"","",timeout,graceful_degradation,"","","",one_to_many,0,0,active,,0
354167,306949,307545,import_depends,downstream,critical,"",import,[],"","",service_down,circuit_break,"","","",one_to_many,1,0,active,,0
354160,306946,306471,import_depends,downstream,required,"",import,[],"","",timeout,graceful_degradation,"","","",one_to_many,0,0,active,,0
359065,309067,309059,config_depends,downstream,degradable,"",config,[],"","",timeout,circuit_break,"","","",one_to_many,0,0,active,,0
359050,309046,309060,config_depends,downstream,degradable,"",config,[],"",shared_kernel,timeout,circuit_break,"","","",one_to_many,0,0,active,,0
357591,310238,306933,test_depends,downstream,optional,"",import,[],"","",cascade_failure,skip_test,"","","",one_to_many,1,0,active,,0
358805,308708,308702,config_depends,downstream,degradable,"",config,[],"",shared_kernel,timeout,circuit_break,"","","",one_to_many,0,0,active,,0
357588,310235,306671,test_depends,downstream,optional,"",import,[],"","",cascade_failure,skip_test,"","","",one_to_many,1,0,active,,0
357589,310236,306922,test_depends,downstream,optional,"",import,[],"","",cascade_failure,skip_test,"","","",one_to_many,1,0,active,,0
359318,311196,306343,import_depends,downstream,medium,BacktestResult,direct,,,,runtime_error,no_fallback,always,,low,,0,0,design,,0
357595,310242,306651,test_depends,downstream,optional,"",import,[],"","",cascade_failure,skip_test,"","","",one_to_many,1,0,active,,0
357596,310243,306656,test_depends,downstream,optional,"",import,[],"","",cascade_failure,skip_test,"","","",one_to_many,1,0,active,,0
357593,310240,307381,test_depends,downstream,optional,"",import,[],"","",cascade_failure,skip_test,"","","",one_to_many,1,0,active,,0
357606,310252,306962,test_depends,downstream,optional,"",import,[],"","",cascade_failure,skip_test,"","","",one_to_many,1,0,active,,0
357599,310247,306680,test_depends,downstream,optional,"",import,[],"","",cascade_failure,skip_test,"","","",one_to_many,1,0,active,,0
358835,308767,308775,config_depends,downstream,degradable,"",config,[],"",shared_kernel,timeout,circuit_break,"","","",one_to_many,0,0,active,,0
358833,308765,308775,config_depends,downstream,degradable,"",config,[],"","",timeout,circuit_break,"","","",one_to_many,0,0,active,,0
354157,306944,307545,import_depends,downstream,critical,"",import,[],"","",service_down,circuit_break,"","","",one_to_many,1,0,active,,0
354170,306953,306911,import_depends,downstream,required,"",import,[],"","",timeout,graceful_degradation,"","","",one_to_many,0,0,active,,0
357655,310294,307062,test_depends,downstream,optional,"",import,[],"","",cascade_failure,skip_test,"","","",one_to_many,1,0,active,,0
357656,310296,307710,test_depends,downstream,optional,"",import,[],"","",cascade_failure,skip_test,"","","",one_to_many,1,0,active,,0
358645,308117,308116,config_depends,downstream,degradable,"",config,[],"","",timeout,circuit_break,"","","",one_to_many,0,0,active,,0
354183,306961,306964,import_depends,downstream,required,"",import,[],"","",timeout,graceful_degradation,"","","",one_to_many,0,0,active,,0
354184,306963,307261,import_depends,downstream,critical,"",import,[],"","",service_down,circuit_break,"","","",one_to_many,1,0,active,,0
354185,306963,307116,import_depends,downstream,required,"",import,[],"","",timeout,graceful_degradation,"","","",one_to_many,0,0,active,,0
354186,306963,306825,import_depends,downstream,required,"",import,[],"","",timeout,graceful_degradation,"","","",one_to_many,0,0,active,,0
354222,306975,308059,import_depends,downstream,critical,"",import,[],"","",service_down,circuit_break,"","","",one_to_many,1,0,active,,0
354230,306983,306613,import_depends,downstream,critical,"",import,[],"",anti_corruption_layer,service_down,circuit_break,"","","",one_to_many,1,0,active,,0
354231,306986,306558,import_depends,downstream,critical,"",import,[],"",anti_corruption_layer,service_down,circuit_break,"","","",one_to_many,1,0,active,,0
354232,306986,306990,import_depends,downstream,required,"",import,[],"",shared_kernel,timeout,graceful_degradation,"","","",one_to_many,0,0,active,,0
354260,307009,307055,import_depends,downstream,required,"",import,[],"","",timeout,graceful_degradation,"","","",one_to_many,0,0,active,,0
354267,307013,306982,import_depends,downstream,required,"",import,[],"",shared_kernel,timeout,graceful_degradation,"","","",one_to_many,0,0,active,,0
354268,307013,307056,import_depends,downstream,required,"",import,[],"","",timeout,graceful_degradation,"","","",one_to_many,0,0,active,,0
354269,307013,307018,import_depends,downstream,required,"",import,[],"",shared_kernel,timeout,graceful_degradation,"","","",one_to_many,0,0,active,,0
354270,307013,307004,import_depends,downstream,required,"",import,[],"",shared_kernel,timeout,graceful_degradation,"","","",one_to_many,0,0,active,,0
354290,307022,307004,import_depends,downstream,required,"",import,[],"",shared_kernel,timeout,graceful_degradation,"","","",one_to_many,0,0,active,,0
354302,307027,307004,import_depends,downstream,required,"",import,[],"",shared_kernel,timeout,graceful_degradation,"","","",one_to_many,0,0,active,,0
354303,307027,306771,import_depends,downstream,critical,"",import,[],"","",service_down,circuit_break,"","","",one_to_many,1,0,active,,0
354299,307026,307018,import_depends,downstream,required,"",import,[],"",shared_kernel,timeout,graceful_degradation,"","","",one_to_many,0,0,active,,0
354300,307026,307004,import_depends,downstream,required,"",import,[],"",shared_kernel,timeout,graceful_degradation,"","","",one_to_many,0,0,active,,0
354294,307024,307018,import_depends,downstream,required,"",import,[],"",shared_kernel,timeout,graceful_degradation,"","","",one_to_many,0,0,active,,0
354295,307024,307004,import_depends,downstream,required,"",import,[],"",shared_kernel,timeout,graceful_degradation,"","","",one_to_many,0,0,active,,0
354319,307035,307018,import_depends,downstream,required,"",import,[],"",shared_kernel,timeout,graceful_degradation,"","","",one_to_many,0,0,active,,0
354320,307035,307004,import_depends,downstream,required,"",import,[],"",shared_kernel,timeout,graceful_degradation,"","","",one_to_many,0,0,active,,0
354402,307059,308059,import_depends,downstream,critical,"",import,[],"","",service_down,circuit_break,"","","",one_to_many,1,0,active,,0
354397,307055,307051,import_depends,downstream,required,"",import,[],"","",timeout,graceful_degradation,"","","",one_to_many,0,0,active,,0
354404,307062,308059,import_depends,downstream,critical,"",import,[],"","",service_down,circuit_break,"","","",one_to_many,1,0,active,,0
354407,307067,308059,import_depends,downstream,critical,"",import,[],"","",service_down,circuit_break,"","","",one_to_many,1,0,active,,0
354406,307065,308059,import_depends,downstream,critical,"",import,[],"","",service_down,circuit_break,"","","",one_to_many,1,0,active,,0
354403,307061,307065,import_depends,downstream,required,"",import,[],"","",timeout,graceful_degradation,"","","",one_to_many,0,0,active,,0
359088,309110,309103,config_depends,downstream,degradable,"",config,[],"","",timeout,circuit_break,"","","",one_to_many,0,0,active,,0
359319,311195,306343,import_depends,downstream,medium,BacktestResult,direct,,,,runtime_error,no_fallback,always,,low,,0,0,design,,0
359320,311193,306343,import_depends,downstream,medium,BacktestConfig,direct,,,,runtime_error,no_fallback,always,,low,,0,0,design,,0
354505,307144,307149,import_depends,downstream,required,"",import,[],"",shared_kernel,timeout,graceful_degradation,"","","",one_to_many,0,0,active,,0
354702,307295,307314,import_depends,downstream,required,"",import,[],"","",timeout,graceful_degradation,"","","",one_to_many,0,0,active,,0
354715,307302,307314,import_depends,downstream,required,"",import,[],"","",timeout,graceful_degradation,"","","",one_to_many,0,0,active,,0
354713,307301,307314,import_depends,downstream,required,"",import,[],"","",timeout,graceful_degradation,"","","",one_to_many,0,0,active,,0
354714,307301,307116,import_depends,downstream,critical,"",import,[],"","",service_down,circuit_break,"","","",one_to_many,1,0,active,,0
354759,307320,307304,import_depends,downstream,required,"",import,[],"",shared_kernel,timeout,graceful_degradation,"","","",one_to_many,0,0,active,,0
354760,307320,307305,import_depends,downstream,required,"",import,[],"",shared_kernel,timeout,graceful_degradation,"","","",one_to_many,0,0,active,,0
354761,307320,307301,import_depends,downstream,required,"",import,[],"","",timeout,graceful_degradation,"","","",one_to_many,0,0,active,,0
354796,307361,307359,import_depends,downstream,required,"",import,[],"","",timeout,graceful_degradation,"","","",one_to_many,0,0,active,,0
354799,307366,307353,import_depends,downstream,required,"",import,[],"","",timeout,graceful_degradation,"","","",one_to_many,0,0,active,,0
354800,307366,307359,import_depends,downstream,required,"",import,[],"","",timeout,graceful_degradation,"","","",one_to_many,0,0,active,,0
358004,310554,307363,test_depends,downstream,optional,"",import,[],"","",cascade_failure,skip_test,"","","",one_to_many,1,0,active,,0
354797,307364,307359,import_depends,downstream,required,"",import,[],"","",timeout,graceful_degradation,"","","",one_to_many,0,0,active,,0
354798,307364,306953,import_depends,downstream,critical,"",import,[],"","",service_down,circuit_break,"","","",one_to_many,1,0,active,,0
355089,307531,307530,import_depends,downstream,required,"",import,[],"",shared_kernel,timeout,graceful_degradation,"","","",one_to_many,0,0,active,,0
355093,307536,307529,import_depends,downstream,required,"",import,[],"",shared_kernel,timeout,graceful_degradation,"","","",one_to_many,0,0,active,,0
355085,307529,308051,import_depends,downstream,critical,"",import,[],"","",service_down,circuit_break,"","","",one_to_many,1,0,active,,0
355543,308048,308065,import_depends,downstream,critical,"",import,[],"",anti_corruption_layer,service_down,circuit_break,"","","",one_to_many,1,0,active,,0
356563,309446,307319,test_depends,downstream,optional,"",import,[],"","",cascade_failure,skip_test,"","","",one_to_many,1,0,active,,0
356598,309467,308470,test_depends,downstream,optional,"",import,[],"","",cascade_failure,skip_test,"","","",one_to_many,1,0,active,,0
356593,309463,306236,test_depends,downstream,optional,"",import,[],"","",cascade_failure,skip_test,"","","",one_to_many,1,0,active,,0
356594,309463,306248,test_depends,downstream,optional,"",import,[],"","",cascade_failure,skip_test,"","","",one_to_many,1,0,active,,0
356599,309468,306748,test_depends,downstream,optional,"",import,[],"","",cascade_failure,skip_test,"","","",one_to_many,1,0,active,,0
356603,309472,306233,test_depends,downstream,optional,"",import,[],"","",cascade_failure,skip_test,"","","",one_to_many,1,0,active,,0
356602,309471,306238,test_depends,downstream,optional,"",import,[],"","",cascade_failure,skip_test,"","","",one_to_many,1,0,active,,0
356607,309476,306248,test_depends,downstream,optional,"",import,[],"","",cascade_failure,skip_test,"","","",one_to_many,1,0,active,,0
356608,309476,307323,test_depends,downstream,optional,"",import,[],"","",cascade_failure,skip_test,"","","",one_to_many,1,0,active,,0
356630,309495,306944,test_depends,downstream,optional,"",import,[],"","",cascade_failure,skip_test,"","","",one_to_many,1,0,active,,0
356631,309495,306949,test_depends,downstream,optional,"",import,[],"","",cascade_failure,skip_test,"","","",one_to_many,1,0,active,,0
359321,311194,306343,import_depends,downstream,medium,BacktestResult,direct,,,,runtime_error,no_fallback,always,,low,,0,0,design,,0
353826,306592,306579,import_depends,downstream,required,"",import,[],"","",timeout,graceful_degradation,"","","",one_to_many,0,0,active,,0
356633,309497,307851,test_depends,downstream,optional,"",import,[],"","",cascade_failure,skip_test,"","","",one_to_many,1,0,active,,0
356632,309496,306944,test_depends,downstream,optional,"",import,[],"","",cascade_failure,skip_test,"","","",one_to_many,1,0,active,,0
356636,309500,306883,test_depends,downstream,optional,"",import,[],"","",cascade_failure,skip_test,"","","",one_to_many,1,0,active,,0
356637,309501,306258,test_depends,downstream,optional,"",import,[],"","",cascade_failure,skip_test,"","","",one_to_many,1,0,active,,0
356644,309508,308050,test_depends,downstream,optional,"",import,[],"","",cascade_failure,skip_test,"","","",one_to_many,1,0,active,,0
356638,309502,306874,test_depends,downstream,optional,"",import,[],"","",cascade_failure,skip_test,"","","",one_to_many,1,0,active,,0
356643,309507,307859,test_depends,downstream,optional,"",import,[],"","",cascade_failure,skip_test,"","","",one_to_many,1,0,active,,0
356651,309515,306756,test_depends,downstream,optional,"",import,[],"","",cascade_failure,skip_test,"","","",one_to_many,1,0,active,,0
356660,309526,306779,test_depends,downstream,optional,"",import,[],"","",cascade_failure,skip_test,"","","",one_to_many,1,0,active,,0
356659,309525,307001,test_depends,downstream,optional,"",import,[],"","",cascade_failure,skip_test,"","","",one_to_many,1,0,active,,0
356735,309590,307746,test_depends,downstream,optional,"",import,[],"","",cascade_failure,skip_test,"","","",one_to_many,1,0,active,,0
356803,309644,307004,test_depends,downstream,optional,"",import,[],"","",cascade_failure,skip_test,"","","",one_to_many,1,0,active,,0
356804,309644,307540,test_depends,downstream,optional,"",import,[],"","",cascade_failure,skip_test,"","","",one_to_many,1,0,active,,0
356840,309656,307540,test_depends,downstream,optional,"",import,[],"","",cascade_failure,skip_test,"","","",one_to_many,1,0,active,,0
356924,309707,306648,test_depends,downstream,optional,"",import,[],"","",cascade_failure,skip_test,"","","",one_to_many,1,0,active,,0
356921,309705,308233,test_depends,downstream,optional,"",import,[],"","",cascade_failure,skip_test,"","","",one_to_many,1,0,active,,0
357144,309885,308290,test_depends,downstream,optional,"",import,[],"","",cascade_failure,skip_test,"","","",one_to_many,1,0,active,,0
357147,309887,308454,test_depends,downstream,optional,"",import,[],"","",cascade_failure,skip_test,"","","",one_to_many,1,0,active,,0
357176,309897,308545,test_depends,downstream,optional,"",import,[],"","",cascade_failure,skip_test,"","","",one_to_many,1,0,active,,0
357177,309898,308290,test_depends,downstream,optional,"",import,[],"","",cascade_failure,skip_test,"","","",one_to_many,1,0,active,,0
357180,309901,308432,test_depends,downstream,optional,"",import,[],"","",cascade_failure,skip_test,"","","",one_to_many,1,0,active,,0
357181,309901,308435,test_depends,downstream,optional,"",import,[],"","",cascade_failure,skip_test,"","","",one_to_many,1,0,active,,0
357214,309929,308554,test_depends,downstream,optional,"",import,[],"","",cascade_failure,skip_test,"","","",one_to_many,1,0,active,,0
357244,309959,308237,test_depends,downstream,optional,"",import,[],"","",cascade_failure,skip_test,"","","",one_to_many,1,0,active,,0
357545,310193,306471,test_depends,downstream,optional,"",import,[],"","",cascade_failure,skip_test,"","","",one_to_many,1,0,active,,0
357543,310192,306471,test_depends,downstream,optional,"",import,[],"","",cascade_failure,skip_test,"","","",one_to_many,1,0,active,,0
357576,310223,306753,test_depends,downstream,optional,"",import,[],"","",cascade_failure,skip_test,"","","",one_to_many,1,0,active,,0
357575,310222,307375,test_depends,downstream,optional,"",import,[],"","",cascade_failure,skip_test,"","","",one_to_many,1,0,active,,0
357822,310430,308459,test_depends,downstream,optional,"",import,[],"","",cascade_failure,skip_test,"","","",one_to_many,1,0,active,,0
357849,310442,307845,test_depends,downstream,optional,"",import,[],"",conformist,cascade_failure,skip_test,"","","",one_to_many,1,0,active,,0
357949,310496,306422,test_depends,downstream,optional,"",import,[],"","",cascade_failure,skip_test,"","","",one_to_many,1,0,active,,0
357963,310511,307609,test_depends,downstream,optional,"",import,[],"","",cascade_failure,skip_test,"","","",one_to_many,1,0,active,,0
353601,306236,307545,import_depends,downstream,critical,"",import,[],"","",service_down,circuit_break,"","","",one_to_many,1,0,active,,0
353890,306632,306763,import_depends,downstream,required,"",import,[],"","",timeout,graceful_degradation,"","","",one_to_many,0,0,active,,0
358016,310563,306266,test_depends,downstream,optional,"",import,[],"","",cascade_failure,skip_test,"","","",one_to_many,1,0,active,,0
358009,310557,307359,test_depends,downstream,optional,"",import,[],"","",cascade_failure,skip_test,"","","",one_to_many,1,0,active,,0
358000,310550,308148,test_depends,downstream,optional,"",import,[],"","",cascade_failure,skip_test,"","","",one_to_many,1,0,active,,0
358014,310561,307365,test_depends,downstream,optional,"",import,[],"","",cascade_failure,skip_test,"","","",one_to_many,1,0,active,,0
358013,310560,308440,test_depends,downstream,optional,"",import,[],"","",cascade_failure,skip_test,"","","",one_to_many,1,0,active,,0
358005,310555,307359,test_depends,downstream,optional,"",import,[],"","",cascade_failure,skip_test,"","","",one_to_many,1,0,active,,0
358006,310555,307361,test_depends,downstream,optional,"",import,[],"","",cascade_failure,skip_test,"","","",one_to_many,1,0,active,,0
358007,310555,308566,test_depends,downstream,optional,"",import,[],"","",cascade_failure,skip_test,"","","",one_to_many,1,0,active,,0
358015,310562,308356,test_depends,downstream,optional,"",import,[],"","",cascade_failure,skip_test,"","","",one_to_many,1,0,active,,0
358010,310558,307485,test_depends,downstream,optional,"",import,[],"","",cascade_failure,skip_test,"","","",one_to_many,1,0,active,,0
358022,310568,308444,test_depends,downstream,optional,"",import,[],"","",cascade_failure,skip_test,"","","",one_to_many,1,0,active,,0
358021,310567,306218,test_depends,downstream,optional,"",import,[],"","",cascade_failure,skip_test,"","","",one_to_many,1,0,active,,0
358018,310564,308356,test_depends,downstream,optional,"",import,[],"","",cascade_failure,skip_test,"","","",one_to_many,1,0,active,,0
358011,310559,307359,test_depends,downstream,optional,"",import,[],"","",cascade_failure,skip_test,"","","",one_to_many,1,0,active,,0
358012,310559,307485,test_depends,downstream,optional,"",import,[],"","",cascade_failure,skip_test,"","","",one_to_many,1,0,active,,0
358020,310566,308577,test_depends,downstream,optional,"",import,[],"","",cascade_failure,skip_test,"","","",one_to_many,1,0,active,,0
358032,310572,308290,test_depends,downstream,optional,"",import,[],"","",cascade_failure,skip_test,"","","",one_to_many,1,0,active,,0
358033,310573,308527,test_depends,downstream,optional,"",import,[],"","",cascade_failure,skip_test,"","","",one_to_many,1,0,active,,0
358034,310574,307695,test_depends,downstream,optional,"",import,[],"","",cascade_failure,skip_test,"","","",one_to_many,1,0,active,,0
358025,310570,306789,test_depends,downstream,optional,"",import,[],"","",cascade_failure,skip_test,"","","",one_to_many,1,0,active,,0
358023,310569,308074,test_depends,downstream,optional,"",import,[],"","",cascade_failure,skip_test,"","","",one_to_many,1,0,active,,0
358049,310589,307406,test_depends,downstream,optional,"",import,[],"","",cascade_failure,skip_test,"","","",one_to_many,1,0,active,,0
358638,308034,308040,config_depends,downstream,degradable,"",config,[],"","",timeout,circuit_break,"","","",one_to_many,0,0,active,,0
358053,310593,307410,test_depends,downstream,optional,"",import,[],"","",cascade_failure,skip_test,"","","",one_to_many,1,0,active,,0
358836,308768,308775,config_depends,downstream,degradable,"",config,[],"",shared_kernel,timeout,circuit_break,"","","",one_to_many,0,0,active,,0
358860,308799,308807,config_depends,downstream,degradable,"",config,[],"",shared_kernel,timeout,circuit_break,"","","",one_to_many,0,0,active,,0
358863,308803,308807,config_depends,downstream,degradable,"",config,[],"",shared_kernel,timeout,circuit_break,"","","",one_to_many,0,0,active,,0
358862,308801,308807,config_depends,downstream,degradable,"",config,[],"",shared_kernel,timeout,circuit_break,"","","",one_to_many,0,0,active,,0
358861,308800,308807,config_depends,downstream,degradable,"",config,[],"",shared_kernel,timeout,circuit_break,"","","",one_to_many,0,0,active,,0
358870,308811,308807,config_depends,downstream,degradable,"",config,[],"",shared_kernel,timeout,circuit_break,"","","",one_to_many,0,0,active,,0
358865,308805,308807,config_depends,downstream,degradable,"",config,[],"",shared_kernel,timeout,circuit_break,"","","",one_to_many,0,0,active,,0
358866,308806,308807,config_depends,downstream,degradable,"",config,[],"",shared_kernel,timeout,circuit_break,"","","",one_to_many,0,0,active,,0
358140,310665,308452,test_depends,downstream,optional,"",import,[],"","",cascade_failure,skip_test,"","","",one_to_many,1,0,active,,0
359151,309203,309191,config_depends,downstream,degradable,"",config,[],"","",timeout,circuit_break,"","","",one_to_many,0,0,active,,0
359150,309202,309191,config_depends,downstream,degradable,"",config,[],"","",timeout,circuit_break,"","","",one_to_many,0,0,active,,0
358147,310670,307108,test_depends,downstream,optional,"",import,[],"","",cascade_failure,skip_test,"","","",one_to_many,1,0,active,,0
359143,309195,309191,config_depends,downstream,degradable,"",config,[],"","",timeout,circuit_break,"","","",one_to_many,0,0,active,,0
359147,309199,309191,config_depends,downstream,degradable,"",config,[],"","",timeout,circuit_break,"","","",one_to_many,0,0,active,,0
359149,309201,309191,config_depends,downstream,degradable,"",config,[],"","",timeout,circuit_break,"","","",one_to_many,0,0,active,,0
359153,309205,309191,config_depends,downstream,degradable,"",config,[],"","",timeout,circuit_break,"","","",one_to_many,0,0,active,,0
358142,310667,306957,test_depends,downstream,optional,"",import,[],"","",cascade_failure,skip_test,"","","",one_to_many,1,0,active,,0
358175,310701,306289,test_depends,downstream,optional,"",import,[],"","",cascade_failure,skip_test,"","","",one_to_many,1,0,active,,0
358217,310741,307607,test_depends,downstream,optional,"",import,[],"","",cascade_failure,skip_test,"","","",one_to_many,1,0,active,,0
358338,310815,307047,test_depends,downstream,optional,"",import,[],"","",cascade_failure,skip_test,"","","",one_to_many,1,0,active,,0
358339,310815,307004,test_depends,downstream,optional,"",import,[],"","",cascade_failure,skip_test,"","","",one_to_many,1,0,active,,0
358350,310819,307047,test_depends,downstream,optional,"",import,[],"","",cascade_failure,skip_test,"","","",one_to_many,1,0,active,,0
358351,310819,307004,test_depends,downstream,optional,"",import,[],"","",cascade_failure,skip_test,"","","",one_to_many,1,0,active,,0
358399,310835,307004,test_depends,downstream,optional,"",import,[],"","",cascade_failure,skip_test,"","","",one_to_many,1,0,active,,0
359067,309072,309065,config_depends,downstream,degradable,"",config,[],"","",timeout,circuit_break,"","","",one_to_many,0,0,active,,0
358954,308934,308937,config_depends,downstream,degradable,"",config,[],"",shared_kernel,timeout,circuit_break,"","","",one_to_many,0,0,active,,0
358400,310836,308059,test_depends,downstream,optional,"",import,[],"","",cascade_failure,skip_test,"","","",one_to_many,1,0,active,,0
358401,310836,307047,test_depends,downstream,optional,"",import,[],"","",cascade_failure,skip_test,"","","",one_to_many,1,0,active,,0
358437,310848,307047,test_depends,downstream,optional,"",import,[],"","",cascade_failure,skip_test,"","","",one_to_many,1,0,active,,0
358438,310848,307004,test_depends,downstream,optional,"",import,[],"","",cascade_failure,skip_test,"","","",one_to_many,1,0,active,,0
358448,310852,308059,test_depends,downstream,optional,"",import,[],"","",cascade_failure,skip_test,"","","",one_to_many,1,0,active,,0
358450,310852,307004,test_depends,downstream,optional,"",import,[],"","",cascade_failure,skip_test,"","","",one_to_many,1,0,active,,0
358485,310870,307004,test_depends,downstream,optional,"",import,[],"","",cascade_failure,skip_test,"","","",one_to_many,1,0,active,,0
358486,310870,307545,test_depends,downstream,optional,"",import,[],"","",cascade_failure,skip_test,"","","",one_to_many,1,0,active,,0
358487,310870,307540,test_depends,downstream,optional,"",import,[],"","",cascade_failure,skip_test,"","","",one_to_many,1,0,active,,0
358588,307586,307577,config_depends,downstream,degradable,"",config,[],"","",timeout,circuit_break,"","","",one_to_many,0,0,active,,0
358897,308853,308855,config_depends,downstream,degradable,"",config,[],"","",timeout,circuit_break,"","","",one_to_many,0,0,active,,0
358875,308818,308840,config_depends,downstream,degradable,"",config,[],"","",timeout,circuit_break,"","","",one_to_many,0,0,active,,0
357600,310248,306676,test_depends,downstream,optional,"",import,[],"","",cascade_failure,skip_test,"","","",one_to_many,1,0,active,,0
357603,310251,306960,test_depends,downstream,optional,"",import,[],"","",cascade_failure,skip_test,"","","",one_to_many,1,0,active,,0
357604,310251,306851,test_depends,downstream,optional,"",import,[],"","",cascade_failure,skip_test,"","","",one_to_many,1,0,active,,0
357605,310251,306825,test_depends,downstream,optional,"",import,[],"","",cascade_failure,skip_test,"","","",one_to_many,1,0,active,,0
357615,310261,306841,test_depends,downstream,optional,"",import,[],"","",cascade_failure,skip_test,"","","",one_to_many,1,0,active,,0
358947,308926,308923,config_depends,downstream,degradable,"",config,[],"",shared_kernel,timeout,circuit_break,"","","",one_to_many,0,0,active,,0
353668,306339,306343,import_depends,downstream,required,"",import,[],"","",timeout,graceful_degradation,"","","",one_to_many,0,0,active,,0
358953,308933,308935,config_depends,downstream,degradable,"",config,[],"",shared_kernel,timeout,circuit_break,"","","",one_to_many,0,0,active,,0
358498,306497,306537,config_depends,downstream,degradable,"",config,[],"",shared_kernel,timeout,circuit_break,"","","",one_to_many,0,0,active,,0
358501,306501,306537,config_depends,downstream,degradable,"",config,[],"",shared_kernel,timeout,circuit_break,"","","",one_to_many,0,0,active,,0
358509,306512,306537,config_depends,downstream,degradable,"",config,[],"",shared_kernel,timeout,circuit_break,"","","",one_to_many,0,0,active,,0
358515,306519,306537,config_depends,downstream,degradable,"",config,[],"",shared_kernel,timeout,circuit_break,"","","",one_to_many,0,0,active,,0
358514,306518,306537,config_depends,downstream,degradable,"",config,[],"",shared_kernel,timeout,circuit_break,"","","",one_to_many,0,0,active,,0
358519,306523,306537,config_depends,downstream,degradable,"",config,[],"",shared_kernel,timeout,circuit_break,"","","",one_to_many,0,0,active,,0
358535,306735,306722,config_depends,downstream,degradable,"",config,[],"","",timeout,circuit_break,"","","",one_to_many,0,0,active,,0
358493,306358,306350,config_depends,downstream,degradable,"",config,[],"","",timeout,circuit_break,"","","",one_to_many,0,0,active,,0
358639,308038,308040,config_depends,downstream,degradable,"",config,[],"","",timeout,circuit_break,"","","",one_to_many,0,0,active,,0
358646,308133,308138,config_depends,downstream,degradable,"",config,[],"","",timeout,circuit_break,"","","",one_to_many,0,0,active,,0
358670,308310,308317,config_depends,downstream,degradable,"",config,[],"","",timeout,circuit_break,"","","",one_to_many,0,0,active,,0
358551,307113,307112,config_depends,downstream,degradable,"",config,[],"","",timeout,circuit_break,"","","",one_to_many,0,0,active,,0
358822,308734,308728,config_depends,downstream,degradable,"",config,[],"","",timeout,circuit_break,"","","",one_to_many,0,0,active,,0
358665,308305,308317,config_depends,downstream,degradable,"",config,[],"","",timeout,circuit_break,"","","",one_to_many,0,0,active,,0
358800,308701,308702,config_depends,downstream,degradable,"",config,[],"",shared_kernel,timeout,circuit_break,"","","",one_to_many,0,0,active,,0
358892,308841,308839,config_depends,downstream,degradable,"",config,[],"",shared_kernel,timeout,circuit_break,"","","",one_to_many,0,0,active,,0
358921,308890,308898,config_depends,downstream,degradable,"",config,[],"",shared_kernel,timeout,circuit_break,"","","",one_to_many,0,0,active,,0
358972,308956,308960,config_depends,downstream,degradable,"",config,[],"",shared_kernel,timeout,circuit_break,"","","",one_to_many,0,0,active,,0
359126,309176,309168,config_depends,downstream,degradable,"",config,[],"","",timeout,circuit_break,"","","",one_to_many,0,0,active,,0
359123,309173,309168,config_depends,downstream,degradable,"",config,[],"","",timeout,circuit_break,"","","",one_to_many,0,0,active,,0
359130,309180,309168,config_depends,downstream,degradable,"",config,[],"","",timeout,circuit_break,"","","",one_to_many,0,0,active,,0
353904,306632,306775,import_depends,downstream,required,"",import,[],"","",timeout,graceful_degradation,"","","",one_to_many,0,0,active,,0
358641,308075,308064,config_depends,downstream,degradable,"",config,[],"","",timeout,circuit_break,"","","",one_to_many,0,0,active,,0
353905,306632,306779,import_depends,downstream,required,"",import,[],"","",timeout,graceful_degradation,"","","",one_to_many,0,0,active,,0
353906,306632,306777,import_depends,downstream,required,"",import,[],"","",timeout,graceful_degradation,"","","",one_to_many,0,0,active,,0
356903,309691,306812,test_depends,downstream,optional,"",import,[],"","",cascade_failure,skip_test,"","","",one_to_many,1,0,active,,0
359124,309174,309168,config_depends,downstream,degradable,"",config,[],"","",timeout,circuit_break,"","","",one_to_many,0,0,active,,0
359129,309179,309168,config_depends,downstream,degradable,"",config,[],"","",timeout,circuit_break,"","","",one_to_many,0,0,active,,0
359136,309186,309168,config_depends,downstream,degradable,"",config,[],"","",timeout,circuit_break,"","","",one_to_many,0,0,active,,0
359137,309187,309168,config_depends,downstream,degradable,"",config,[],"","",timeout,circuit_break,"","","",one_to_many,0,0,active,,0
359140,309190,309168,config_depends,downstream,degradable,"",config,[],"","",timeout,circuit_break,"","","",one_to_many,0,0,active,,0
353626,306273,306305,import_depends,downstream,required,"",import,[],"","",timeout,graceful_degradation,"","","",one_to_many,0,0,active,,0
359139,309189,309168,config_depends,downstream,degradable,"",config,[],"","",timeout,circuit_break,"","","",one_to_many,0,0,active,,0
359226,310934,307009,config_depends,downstream,degradable,"",config,[],"","",timeout,circuit_break,"","","",one_to_many,0,0,active,,0
353663,306338,307818,import_depends,downstream,critical,"",import,[],"",anti_corruption_layer,service_down,circuit_break,"","","",one_to_many,1,0,active,,0
353667,306338,307832,import_depends,downstream,critical,"",import,[],"",anti_corruption_layer,service_down,circuit_break,"","","",one_to_many,1,0,active,,0
353670,306342,306343,import_depends,downstream,required,"",import,[],"","",timeout,graceful_degradation,"","","",one_to_many,0,0,active,,0
353673,306347,306345,import_depends,downstream,required,"",import,[],"","",timeout,graceful_degradation,"","","",one_to_many,0,0,active,,0
353669,306339,306345,import_depends,downstream,required,"",import,[],"","",timeout,graceful_degradation,"","","",one_to_many,0,0,active,,0
353672,306345,306343,import_depends,downstream,required,"",import,[],"","",timeout,graceful_degradation,"","","",one_to_many,0,0,active,,0
353674,306350,306850,import_depends,downstream,critical,"",import,[],"","",service_down,circuit_break,"","","",one_to_many,1,0,active,,0
353680,306359,306744,import_depends,downstream,critical,"",import,[],"","",service_down,circuit_break,"","","",one_to_many,1,0,active,,0
353909,306632,306786,import_depends,downstream,required,"",import,[],"","",timeout,graceful_degradation,"","","",one_to_many,0,0,active,,0
353681,306361,306469,import_depends,downstream,critical,"",import,[],"",anti_corruption_layer,service_down,circuit_break,"","","",one_to_many,1,0,active,,0
353679,306357,306473,import_depends,downstream,critical,"",import,[],"",anti_corruption_layer,service_down,circuit_break,"","","",one_to_many,1,0,active,,0
353682,306362,306609,import_depends,downstream,critical,"",import,[],"","",service_down,circuit_break,"","","",one_to_many,1,0,active,,0
353683,306362,306614,import_depends,downstream,critical,"",import,[],"","",service_down,circuit_break,"","","",one_to_many,1,0,active,,0
353684,306362,306611,import_depends,downstream,critical,"",import,[],"","",service_down,circuit_break,"","","",one_to_many,1,0,active,,0
353685,306362,306622,import_depends,downstream,critical,"",import,[],"","",service_down,circuit_break,"","","",one_to_many,1,0,active,,0
358783,308614,308603,config_depends,downstream,degradable,"",config,[],"","",timeout,circuit_break,"","","",one_to_many,0,0,active,,0
359216,310924,307009,config_depends,downstream,degradable,"",config,[],"","",timeout,circuit_break,"","","",one_to_many,0,0,active,,0
359217,310925,307009,config_depends,downstream,degradable,"",config,[],"","",timeout,circuit_break,"","","",one_to_many,0,0,active,,0
359218,310926,307009,config_depends,downstream,degradable,"",config,[],"","",timeout,circuit_break,"","","",one_to_many,0,0,active,,0
359219,310927,307009,config_depends,downstream,degradable,"",config,[],"","",timeout,circuit_break,"","","",one_to_many,0,0,active,,0
356967,309749,306818,test_depends,downstream,optional,"",import,[],"","",cascade_failure,skip_test,"","","",one_to_many,1,0,active,,0
358952,308932,308937,config_depends,downstream,degradable,"",config,[],"","",timeout,circuit_break,"","","",one_to_many,0,0,active,,0
353881,306632,306754,import_depends,downstream,required,"",import,[],"","",timeout,graceful_degradation,"","","",one_to_many,0,0,active,,0
353882,306632,306751,import_depends,downstream,required,"",import,[],"","",timeout,graceful_degradation,"","","",one_to_many,0,0,active,,0
359273,310981,307320,config_depends,downstream,degradable,"",config,[],"","",timeout,circuit_break,"","","",one_to_many,0,0,active,,0
359275,310983,307842,config_depends,downstream,degradable,"",config,[],"","",timeout,circuit_break,"","","",one_to_many,0,0,active,,0
359112,309155,309148,config_depends,downstream,degradable,"",config,[],"","",timeout,circuit_break,"","","",one_to_many,0,0,active,,0
357617,310263,306966,test_depends,downstream,optional,"",import,[],"","",cascade_failure,skip_test,"","","",one_to_many,1,0,active,,0
357621,310267,306790,test_depends,downstream,optional,"",import,[],"","",cascade_failure,skip_test,"","","",one_to_many,1,0,active,,0
357618,310264,306797,test_depends,downstream,optional,"",import,[],"","",cascade_failure,skip_test,"","","",one_to_many,1,0,active,,0
357622,310268,306672,test_depends,downstream,optional,"",import,[],"","",cascade_failure,skip_test,"","","",one_to_many,1,0,active,,0
358965,308949,308945,config_depends,downstream,degradable,"",config,[],"","",timeout,circuit_break,"","","",one_to_many,0,0,active,,0
359220,310928,307009,config_depends,downstream,degradable,"",config,[],"","",timeout,circuit_break,"","","",one_to_many,0,0,active,,0
359211,310919,307009,config_depends,downstream,degradable,"",config,[],"","",timeout,circuit_break,"","","",one_to_many,0,0,active,,0
359222,310930,307009,config_depends,downstream,degradable,"",config,[],"","",timeout,circuit_break,"","","",one_to_many,0,0,active,,0
359229,310937,307009,config_depends,downstream,degradable,"",config,[],"","",timeout,circuit_break,"","","",one_to_many,0,0,active,,0
359224,310932,307009,config_depends,downstream,degradable,"",config,[],"","",timeout,circuit_break,"","","",one_to_many,0,0,active,,0
359234,310942,307009,config_depends,downstream,degradable,"",config,[],"","",timeout,circuit_break,"","","",one_to_many,0,0,active,,0
359230,310938,307009,config_depends,downstream,degradable,"",config,[],"","",timeout,circuit_break,"","","",one_to_many,0,0,active,,0
359249,310957,307009,config_depends,downstream,degradable,"",config,[],"","",timeout,circuit_break,"","","",one_to_many,0,0,active,,0
359246,310954,307009,config_depends,downstream,degradable,"",config,[],"","",timeout,circuit_break,"","","",one_to_many,0,0,active,,0
359254,310962,307009,config_depends,downstream,degradable,"",config,[],"","",timeout,circuit_break,"","","",one_to_many,0,0,active,,0
359247,310955,307009,config_depends,downstream,degradable,"",config,[],"","",timeout,circuit_break,"","","",one_to_many,0,0,active,,0
359245,310953,307009,config_depends,downstream,degradable,"",config,[],"","",timeout,circuit_break,"","","",one_to_many,0,0,active,,0
353635,306287,306305,import_depends,downstream,required,"",import,[],"","",timeout,graceful_degradation,"","","",one_to_many,0,0,active,,0
354581,307185,307148,import_depends,downstream,required,"",import,[],"","",timeout,graceful_degradation,"","","",one_to_many,0,0,active,,0
354128,306903,308111,import_depends,downstream,critical,"",import,[],"",anti_corruption_layer,service_down,circuit_break,"","","",one_to_many,1,0,active,,0
354129,306903,306891,import_depends,downstream,required,"",import,[],"","",timeout,graceful_degradation,"","","",one_to_many,0,0,active,,0
354130,306907,306947,import_depends,downstream,required,"",import,[],"","",timeout,graceful_degradation,"","","",one_to_many,0,0,active,,0
354138,306911,308059,import_depends,downstream,critical,"",import,[],"","",service_down,circuit_break,"","","",one_to_many,1,0,active,,0
354752,307319,308059,import_depends,downstream,critical,"",import,[],"","",service_down,circuit_break,"","","",one_to_many,1,0,active,,0
354158,306945,306471,import_depends,downstream,required,"",import,[],"","",timeout,graceful_degradation,"","","",one_to_many,0,0,active,,0
354161,306947,308132,import_depends,downstream,critical,"",import,[],"","",service_down,circuit_break,"","","",one_to_many,1,0,active,,0
358956,308938,308939,config_depends,downstream,degradable,"",config,[],"","",timeout,circuit_break,"","","",one_to_many,0,0,active,,0
355051,307518,308062,import_depends,downstream,critical,"",import,[],"","",service_down,circuit_break,"","","",one_to_many,1,0,active,,0
354817,307379,306773,import_depends,downstream,critical,"",import,[],"","",service_down,circuit_break,"","","",one_to_many,1,0,active,,0
354221,306975,307756,import_depends,downstream,critical,"",import,[],"","",service_down,circuit_break,"","","",one_to_many,1,0,active,,0
354197,306973,306700,import_depends,downstream,required,"",import,[],"","",timeout,graceful_degradation,"","","",one_to_many,0,0,active,,0
354236,306992,307003,import_depends,downstream,required,"",import,[],"","",timeout,graceful_degradation,"","","",one_to_many,0,0,active,,0
355274,307790,306958,import_depends,downstream,critical,"",import,[],"","",service_down,circuit_break,"","","",one_to_many,1,0,active,,0
354352,307047,308056,import_depends,downstream,critical,"",import,[],"","",service_down,circuit_break,"","","",one_to_many,1,0,active,,0
354353,307047,306987,import_depends,downstream,required,"",import,[],"","",timeout,graceful_degradation,"","","",one_to_many,0,0,active,,0
354464,307126,308656,import_depends,downstream,critical,"",import,[],"",anti_corruption_layer,service_down,circuit_break,"","","",one_to_many,1,0,active,,0
355407,307862,308021,import_depends,downstream,critical,"",import,[],"","",service_down,circuit_break,"","","",one_to_many,1,0,active,,0
354451,307123,308652,import_depends,downstream,critical,"",import,[],"","",service_down,circuit_break,"","","",one_to_many,1,0,active,,0
354479,307131,308655,import_depends,downstream,critical,"",import,[],"","",service_down,circuit_break,"","","",one_to_many,1,0,active,,0
354492,307138,308661,import_depends,downstream,critical,"",import,[],"","",service_down,circuit_break,"","","",one_to_many,1,0,active,,0
354730,307305,307314,import_depends,downstream,required,"",import,[],"","",timeout,graceful_degradation,"","","",one_to_many,0,0,active,,0
354719,307303,307299,import_depends,downstream,required,"",import,[],"","",timeout,graceful_degradation,"","","",one_to_many,0,0,active,,0
355713,308203,308198,import_depends,downstream,required,"",import,[],"","",timeout,graceful_degradation,"","","",one_to_many,0,0,active,,0
355397,307854,308059,import_depends,downstream,critical,"",import,[],"","",service_down,circuit_break,"","","",one_to_many,1,0,active,,0
354783,307350,307969,import_depends,downstream,critical,"",import,[],"",anti_corruption_layer,service_down,circuit_break,"","","",one_to_many,1,0,active,,0
354789,307355,307350,import_depends,downstream,required,"",import,[],"","",timeout,graceful_degradation,"","","",one_to_many,0,0,active,,0
354787,307353,308102,import_depends,downstream,critical,"",import,[],"",anti_corruption_layer,service_down,circuit_break,"","","",one_to_many,1,0,active,,0
354788,307354,307359,import_depends,downstream,required,"",import,[],"","",timeout,graceful_degradation,"","","",one_to_many,0,0,active,,0
354814,307367,307366,import_depends,downstream,required,"",import,[],"","",timeout,graceful_degradation,"","","",one_to_many,0,0,active,,0
354815,307367,307358,import_depends,downstream,required,"",import,[],"",shared_kernel,timeout,graceful_degradation,"","","",one_to_many,0,0,active,,0
355673,308190,308197,import_depends,downstream,required,"",import,[],"","",timeout,graceful_degradation,"","","",one_to_many,0,0,active,,0
354857,307438,307368,import_depends,downstream,required,"",import,[],"",shared_kernel,timeout,graceful_degradation,"","","",one_to_many,0,0,active,,0
354858,307438,307369,import_depends,downstream,required,"",import,[],"",shared_kernel,timeout,graceful_degradation,"","","",one_to_many,0,0,active,,0
354986,307485,307361,import_depends,downstream,critical,"",import,[],"","",service_down,circuit_break,"","","",one_to_many,1,0,active,,0
354987,307485,306291,import_depends,downstream,critical,"",import,[],"","",service_down,circuit_break,"","","",one_to_many,1,0,active,,0
354956,307484,307481,import_depends,downstream,required,"",import,[],"","",timeout,graceful_degradation,"","","",one_to_many,0,0,active,,0
355718,308206,308059,import_depends,downstream,critical,"",import,[],"","",service_down,circuit_break,"","","",one_to_many,1,0,active,,0
355852,308285,308275,import_depends,downstream,required,"",import,[],"",shared_kernel,timeout,graceful_degradation,"","","",one_to_many,0,0,active,,0
355000,307505,307503,import_depends,downstream,required,"",import,[],"",shared_kernel,timeout,graceful_degradation,"","","",one_to_many,0,0,active,,0
355001,307505,307501,import_depends,downstream,required,"",import,[],"",shared_kernel,timeout,graceful_degradation,"","","",one_to_many,0,0,active,,0
355002,307505,307504,import_depends,downstream,required,"",import,[],"",shared_kernel,timeout,graceful_degradation,"","","",one_to_many,0,0,active,,0
355005,307505,307499,import_depends,downstream,required,"",import,[],"","",timeout,graceful_degradation,"","","",one_to_many,0,0,active,,0
355003,307505,307506,import_depends,downstream,required,"",import,[],"",shared_kernel,timeout,graceful_degradation,"","","",one_to_many,0,0,active,,0
355004,307505,307502,import_depends,downstream,required,"",import,[],"",shared_kernel,timeout,graceful_degradation,"","","",one_to_many,0,0,active,,0
355016,307510,307845,import_depends,downstream,critical,"",import,[],"",anti_corruption_layer,service_down,circuit_break,"","","",one_to_many,1,0,active,,0
355912,308469,308463,import_depends,downstream,required,"",import,[],"",shared_kernel,timeout,graceful_degradation,"","","",one_to_many,0,0,active,,0
358960,308943,308960,config_depends,downstream,degradable,"",config,[],"",shared_kernel,timeout,circuit_break,"","","",one_to_many,0,0,active,,0
358967,308951,308960,config_depends,downstream,degradable,"",config,[],"",shared_kernel,timeout,circuit_break,"","","",one_to_many,0,0,active,,0
355914,308469,308475,import_depends,downstream,required,"",import,[],"",shared_kernel,timeout,graceful_degradation,"","","",one_to_many,0,0,active,,0
355040,307512,306613,import_depends,downstream,critical,"",import,[],"",anti_corruption_layer,service_down,circuit_break,"","","",one_to_many,1,0,active,,0
355041,307512,307410,import_depends,downstream,critical,"",import,[],"","",service_down,circuit_break,"","","",one_to_many,1,0,active,,0
358966,308950,308960,config_depends,downstream,degradable,"",config,[],"",shared_kernel,timeout,circuit_break,"","","",one_to_many,0,0,active,,0
357507,310161,306703,test_depends,downstream,optional,"",import,[],"","",cascade_failure,skip_test,"","","",one_to_many,1,0,active,,0
359080,309101,309082,config_depends,downstream,degradable,"",config,[],"","",timeout,circuit_break,"","","",one_to_many,0,0,active,,0
357510,310163,306716,test_depends,downstream,optional,"",import,[],"","",cascade_failure,skip_test,"","","",one_to_many,1,0,active,,0
357518,310168,306717,test_depends,downstream,optional,"",import,[],"","",cascade_failure,skip_test,"","","",one_to_many,1,0,active,,0
357519,310168,306978,test_depends,downstream,optional,"",import,[],"","",cascade_failure,skip_test,"","","",one_to_many,1,0,active,,0
355494,307976,307969,import_depends,downstream,required,"",import,[],"","",timeout,graceful_degradation,"","","",one_to_many,0,0,active,,0
355521,308023,308026,import_depends,downstream,required,"",import,[],"",shared_kernel,timeout,graceful_degradation,"","","",one_to_many,0,0,active,,0
355524,308026,308051,import_depends,downstream,required,"",import,[],"",shared_kernel,timeout,graceful_degradation,"","","",one_to_many,0,0,active,,0
355522,308024,308051,import_depends,downstream,required,"",import,[],"",shared_kernel,timeout,graceful_degradation,"","","",one_to_many,0,0,active,,0
356680,309545,306918,test_depends,downstream,optional,"",import,[],"","",cascade_failure,skip_test,"","","",one_to_many,1,0,active,,0
356085,308653,308663,import_depends,downstream,required,"",import,[],"",shared_kernel,timeout,graceful_degradation,"","","",one_to_many,0,0,active,,0
356086,308653,308669,import_depends,downstream,required,"",import,[],"",shared_kernel,timeout,graceful_degradation,"","","",one_to_many,0,0,active,,0
356087,308653,308667,import_depends,downstream,required,"",import,[],"",shared_kernel,timeout,graceful_degradation,"","","",one_to_many,0,0,active,,0
356088,308653,308668,import_depends,downstream,required,"",import,[],"",shared_kernel,timeout,graceful_degradation,"","","",one_to_many,0,0,active,,0
356089,308653,308674,import_depends,downstream,required,"",import,[],"",shared_kernel,timeout,graceful_degradation,"","","",one_to_many,0,0,active,,0
356090,308657,308651,import_depends,downstream,required,"",import,[],"",shared_kernel,timeout,graceful_degradation,"","","",one_to_many,0,0,active,,0
358583,307490,307491,config_depends,downstream,degradable,"",config,[],"","",timeout,circuit_break,"","","",one_to_many,0,0,active,,0
357954,310502,307601,test_depends,downstream,optional,"",import,[],"","",cascade_failure,skip_test,"","","",one_to_many,1,0,active,,0
359203,310911,307009,config_depends,downstream,degradable,"",config,[],"","",timeout,circuit_break,"","","",one_to_many,0,0,active,,0
353763,306534,307337,import_depends,downstream,critical,"",import,[],"","",service_down,circuit_break,"","","",one_to_many,1,0,active,,0
353764,306534,308102,import_depends,downstream,critical,"",import,[],"",anti_corruption_layer,service_down,circuit_break,"","","",one_to_many,1,0,active,,0
353787,306548,308120,import_depends,downstream,critical,"",import,[],"",anti_corruption_layer,service_down,circuit_break,"","","",one_to_many,1,0,active,,0
353779,306545,306534,import_depends,downstream,required,"",import,[],"",shared_kernel,timeout,graceful_degradation,"","","",one_to_many,0,0,active,,0
358785,308635,308626,config_depends,downstream,degradable,"",config,[],"","",timeout,circuit_break,"","","",one_to_many,0,0,active,,0
353780,306545,308102,import_depends,downstream,critical,"",import,[],"",anti_corruption_layer,service_down,circuit_break,"","","",one_to_many,1,0,active,,0
353781,306545,308132,import_depends,downstream,critical,"",import,[],"",anti_corruption_layer,service_down,circuit_break,"","","",one_to_many,1,0,active,,0
359197,310905,307009,config_depends,downstream,degradable,"",config,[],"","",timeout,circuit_break,"","","",one_to_many,0,0,active,,0
359198,310906,307009,config_depends,downstream,degradable,"",config,[],"","",timeout,circuit_break,"","","",one_to_many,0,0,active,,0
359199,310907,307009,config_depends,downstream,degradable,"",config,[],"","",timeout,circuit_break,"","","",one_to_many,0,0,active,,0
359208,310916,307009,config_depends,downstream,degradable,"",config,[],"","",timeout,circuit_break,"","","",one_to_many,0,0,active,,0
359201,310909,307009,config_depends,downstream,degradable,"",config,[],"","",timeout,circuit_break,"","","",one_to_many,0,0,active,,0
357642,310282,307008,test_depends,downstream,optional,"",import,[],"","",cascade_failure,skip_test,"","","",one_to_many,1,0,active,,0
357648,310286,307059,test_depends,downstream,optional,"",import,[],"","",cascade_failure,skip_test,"","","",one_to_many,1,0,active,,0
357651,310289,307057,test_depends,downstream,optional,"",import,[],"","",cascade_failure,skip_test,"","","",one_to_many,1,0,active,,0
357663,310303,307725,test_depends,downstream,optional,"",import,[],"","",cascade_failure,skip_test,"","","",one_to_many,1,0,active,,0
357664,310303,306221,test_depends,downstream,optional,"",import,[],"","",cascade_failure,skip_test,"","","",one_to_many,1,0,active,,0
357665,310304,307082,test_depends,downstream,optional,"",import,[],"","",cascade_failure,skip_test,"","","",one_to_many,1,0,active,,0
357668,310307,306694,test_depends,downstream,optional,"",import,[],"","",cascade_failure,skip_test,"","","",one_to_many,1,0,active,,0
353846,306613,306591,import_depends,downstream,required,"",import,[],"",shared_kernel,timeout,graceful_degradation,"","","",one_to_many,0,0,active,,0
359291,310999,309060,config_depends,downstream,degradable,"",config,[],"","",timeout,circuit_break,"","","",one_to_many,0,0,active,,0
359298,311006,309060,config_depends,downstream,degradable,"",config,[],"","",timeout,circuit_break,"","","",one_to_many,0,0,active,,0
359295,311003,309060,config_depends,downstream,degradable,"",config,[],"","",timeout,circuit_break,"","","",one_to_many,0,0,active,,0
359293,311001,309060,config_depends,downstream,degradable,"",config,[],"","",timeout,circuit_break,"","","",one_to_many,0,0,active,,0
357240,309955,308356,test_depends,downstream,optional,"",import,[],"","",cascade_failure,skip_test,"","","",one_to_many,1,0,active,,0
356200,308802,306987,import_depends,downstream,critical,"",import,[],"",anti_corruption_layer,service_down,circuit_break,"","","",one_to_many,1,0,active,,0
356201,308821,308059,import_depends,downstream,critical,"",import,[],"","",service_down,circuit_break,"","","",one_to_many,1,0,active,,0
356236,309024,307443,import_depends,downstream,critical,"",import,[],"","",service_down,circuit_break,"","","",one_to_many,1,0,active,,0
356235,309020,307047,import_depends,downstream,critical,"",import,[],"","",service_down,circuit_break,"","","",one_to_many,1,0,active,,0
356419,309325,307760,test_depends,downstream,optional,"",import,[],"","",cascade_failure,skip_test,"","","",one_to_many,1,0,active,,0
356420,309325,307745,test_depends,downstream,optional,"",import,[],"",conformist,cascade_failure,skip_test,"","","",one_to_many,1,0,active,,0
356421,309325,307780,test_depends,downstream,optional,"",import,[],"","",cascade_failure,skip_test,"","","",one_to_many,1,0,active,,0
356461,309357,306561,test_depends,downstream,optional,"",import,[],"","",cascade_failure,skip_test,"","","",one_to_many,1,0,active,,0
356453,309348,306983,test_depends,downstream,optional,"",import,[],"","",cascade_failure,skip_test,"","","",one_to_many,1,0,active,,0
356454,309348,307051,test_depends,downstream,optional,"",import,[],"","",cascade_failure,skip_test,"","","",one_to_many,1,0,active,,0
357499,310154,306639,test_depends,downstream,optional,"",import,[],"","",cascade_failure,skip_test,"","","",one_to_many,1,0,active,,0
357550,310198,306839,test_depends,downstream,optional,"",import,[],"","",cascade_failure,skip_test,"","","",one_to_many,1,0,active,,0
356460,309356,306581,test_depends,downstream,optional,"",import,[],"","",cascade_failure,skip_test,"","","",one_to_many,1,0,active,,0
357811,310418,306886,test_depends,downstream,optional,"",import,[],"","",cascade_failure,skip_test,"","","",one_to_many,1,0,active,,0
353854,306616,306593,import_depends,downstream,required,"",import,[],"","",timeout,graceful_degradation,"","","",one_to_many,0,0,active,,0
353855,306616,306594,import_depends,downstream,required,"",import,[],"","",timeout,graceful_degradation,"","","",one_to_many,0,0,active,,0
353856,306616,306613,import_depends,downstream,required,"",import,[],"","",timeout,graceful_degradation,"","","",one_to_many,0,0,active,,0
356831,309653,307540,test_depends,downstream,optional,"",import,[],"","",cascade_failure,skip_test,"","","",one_to_many,1,0,active,,0
356906,309694,308356,test_depends,downstream,optional,"",import,[],"","",cascade_failure,skip_test,"","","",one_to_many,1,0,active,,0
356909,309698,306471,test_depends,downstream,optional,"",import,[],"","",cascade_failure,skip_test,"","","",one_to_many,1,0,active,,0
356910,309698,308059,test_depends,downstream,optional,"",import,[],"","",cascade_failure,skip_test,"","","",one_to_many,1,0,active,,0
356915,309701,308480,test_depends,downstream,optional,"",import,[],"","",cascade_failure,skip_test,"","","",one_to_many,1,0,active,,0
356907,309697,306910,test_depends,downstream,optional,"",import,[],"","",cascade_failure,skip_test,"","","",one_to_many,1,0,active,,0
356908,309697,306953,test_depends,downstream,optional,"",import,[],"","",cascade_failure,skip_test,"","","",one_to_many,1,0,active,,0
356914,309700,308232,test_depends,downstream,optional,"",import,[],"","",cascade_failure,skip_test,"","","",one_to_many,1,0,active,,0
356911,309699,306471,test_depends,downstream,optional,"",import,[],"","",cascade_failure,skip_test,"","","",one_to_many,1,0,active,,0
356912,309699,308059,test_depends,downstream,optional,"",import,[],"","",cascade_failure,skip_test,"","","",one_to_many,1,0,active,,0
356913,309699,306945,test_depends,downstream,optional,"",import,[],"","",cascade_failure,skip_test,"","","",one_to_many,1,0,active,,0
356916,309702,306953,test_depends,downstream,optional,"",import,[],"","",cascade_failure,skip_test,"","","",one_to_many,1,0,active,,0
358398,310835,307047,test_depends,downstream,optional,"",import,[],"","",cascade_failure,skip_test,"","","",one_to_many,1,0,active,,0
358070,310609,307060,test_depends,downstream,optional,"",import,[],"","",cascade_failure,skip_test,"","","",one_to_many,1,0,active,,0
356969,309750,306824,test_depends,downstream,optional,"",import,[],"","",cascade_failure,skip_test,"","","",one_to_many,1,0,active,,0
356977,309757,306477,test_depends,downstream,optional,"",import,[],"","",cascade_failure,skip_test,"","","",one_to_many,1,0,active,,0
356975,309755,306930,test_depends,downstream,optional,"",import,[],"","",cascade_failure,skip_test,"","","",one_to_many,1,0,active,,0
356973,309753,307669,test_depends,downstream,optional,"",import,[],"","",cascade_failure,skip_test,"","","",one_to_many,1,0,active,,0
356978,309758,306950,test_depends,downstream,optional,"",import,[],"","",cascade_failure,skip_test,"","","",one_to_many,1,0,active,,0
358542,306902,306897,config_depends,downstream,degradable,"",config,[],"","",timeout,circuit_break,"","","",one_to_many,0,0,active,,0
358536,306742,306737,config_depends,downstream,degradable,"",config,[],"","",timeout,circuit_break,"","","",one_to_many,0,0,active,,0
356970,309751,306917,test_depends,downstream,optional,"",import,[],"","",cascade_failure,skip_test,"","","",one_to_many,1,0,active,,0
358447,310851,307004,test_depends,downstream,optional,"",import,[],"","",cascade_failure,skip_test,"","","",one_to_many,1,0,active,,0
357013,309790,308263,test_depends,downstream,optional,"",import,[],"","",cascade_failure,skip_test,"","","",one_to_many,1,0,active,,0
357014,309791,307159,test_depends,downstream,optional,"",import,[],"","",cascade_failure,skip_test,"","","",one_to_many,1,0,active,,0
357328,310026,308068,test_depends,downstream,optional,"",import,[],"","",cascade_failure,skip_test,"","","",one_to_many,1,0,active,,0
357329,310026,308066,test_depends,downstream,optional,"",import,[],"","",cascade_failure,skip_test,"","","",one_to_many,1,0,active,,0
357330,310026,308077,test_depends,downstream,optional,"",import,[],"","",cascade_failure,skip_test,"","","",one_to_many,1,0,active,,0
357331,310026,308064,test_depends,downstream,optional,"",import,[],"","",cascade_failure,skip_test,"","","",one_to_many,1,0,active,,0
357332,310026,308193,test_depends,downstream,optional,"",import,[],"","",cascade_failure,skip_test,"","","",one_to_many,1,0,active,,0
358503,306505,306537,config_depends,downstream,degradable,"",config,[],"",shared_kernel,timeout,circuit_break,"","","",one_to_many,0,0,active,,0
358507,306510,306537,config_depends,downstream,degradable,"",config,[],"",shared_kernel,timeout,circuit_break,"","","",one_to_many,0,0,active,,0
358510,306514,306537,config_depends,downstream,degradable,"",config,[],"",shared_kernel,timeout,circuit_break,"","","",one_to_many,0,0,active,,0
358728,308374,308379,config_depends,downstream,degradable,"",config,[],"","",timeout,circuit_break,"","","",one_to_many,0,0,active,,0
357341,310030,306825,test_depends,downstream,optional,"",import,[],"","",cascade_failure,skip_test,"","","",one_to_many,1,0,active,,0
357342,310031,306967,test_depends,downstream,optional,"",import,[],"","",cascade_failure,skip_test,"","","",one_to_many,1,0,active,,0
358526,306531,306537,config_depends,downstream,degradable,"",config,[],"",shared_kernel,timeout,circuit_break,"","","",one_to_many,0,0,active,,0
358527,306532,306537,config_depends,downstream,degradable,"",config,[],"",shared_kernel,timeout,circuit_break,"","","",one_to_many,0,0,active,,0
358524,306528,306537,config_depends,downstream,degradable,"",config,[],"",shared_kernel,timeout,circuit_break,"","","",one_to_many,0,0,active,,0
358530,306538,306537,config_depends,downstream,degradable,"",config,[],"",shared_kernel,timeout,circuit_break,"","","",one_to_many,0,0,active,,0
358525,306530,306537,config_depends,downstream,degradable,"",config,[],"",shared_kernel,timeout,circuit_break,"","","",one_to_many,0,0,active,,0
358529,306535,306537,config_depends,downstream,degradable,"",config,[],"",shared_kernel,timeout,circuit_break,"","","",one_to_many,0,0,active,,0
357592,310239,306926,test_depends,downstream,optional,"",import,[],"","",cascade_failure,skip_test,"","","",one_to_many,1,0,active,,0
357343,310031,306963,test_depends,downstream,optional,"",import,[],"","",cascade_failure,skip_test,"","","",one_to_many,1,0,active,,0
357389,310058,307545,test_depends,downstream,optional,"",import,[],"","",cascade_failure,skip_test,"","","",one_to_many,1,0,active,,0
357379,310052,307051,test_depends,downstream,optional,"",import,[],"","",cascade_failure,skip_test,"","","",one_to_many,1,0,active,,0
357455,310120,306606,test_depends,downstream,optional,"",import,[],"","",cascade_failure,skip_test,"","","",one_to_many,1,0,active,,0
357457,310121,308237,test_depends,downstream,optional,"",import,[],"","",cascade_failure,skip_test,"","","",one_to_many,1,0,active,,0
357461,310125,306603,test_depends,downstream,optional,"",import,[],"","",cascade_failure,skip_test,"","","",one_to_many,1,0,active,,0
357463,310127,306619,test_depends,downstream,optional,"",import,[],"","",cascade_failure,skip_test,"","","",one_to_many,1,0,active,,0
357459,310123,306618,test_depends,downstream,optional,"",import,[],"","",cascade_failure,skip_test,"","","",one_to_many,1,0,active,,0
357460,310124,306608,test_depends,downstream,optional,"",import,[],"","",cascade_failure,skip_test,"","","",one_to_many,1,0,active,,0
357471,310130,306610,test_depends,downstream,optional,"",import,[],"","",cascade_failure,skip_test,"","","",one_to_many,1,0,active,,0
357464,310128,308221,test_depends,downstream,optional,"",import,[],"","",cascade_failure,skip_test,"","","",one_to_many,1,0,active,,0
357477,310135,306923,test_depends,downstream,optional,"",import,[],"","",cascade_failure,skip_test,"","","",one_to_many,1,0,active,,0
357485,310140,306649,test_depends,downstream,optional,"",import,[],"","",cascade_failure,skip_test,"","","",one_to_many,1,0,active,,0
357481,310138,306918,test_depends,downstream,optional,"",import,[],"","",cascade_failure,skip_test,"","","",one_to_many,1,0,active,,0
357482,310138,306919,test_depends,downstream,optional,"",import,[],"","",cascade_failure,skip_test,"","","",one_to_many,1,0,active,,0
357483,310138,306996,test_depends,downstream,optional,"",import,[],"","",cascade_failure,skip_test,"","","",one_to_many,1,0,active,,0
357487,310142,306919,test_depends,downstream,optional,"",import,[],"","",cascade_failure,skip_test,"","","",one_to_many,1,0,active,,0
358692,308334,308340,config_depends,downstream,degradable,"",config,[],"","",timeout,circuit_break,"","","",one_to_many,0,0,active,,0
358695,308337,308352,config_depends,downstream,degradable,"",config,[],"","",timeout,circuit_break,"","","",one_to_many,0,0,active,,0
358694,308336,308352,config_depends,downstream,degradable,"",config,[],"","",timeout,circuit_break,"","","",one_to_many,0,0,active,,0
358697,308339,308352,config_depends,downstream,degradable,"",config,[],"","",timeout,circuit_break,"","","",one_to_many,0,0,active,,0
358798,308699,308702,config_depends,downstream,degradable,"",config,[],"",shared_kernel,timeout,circuit_break,"","","",one_to_many,0,0,active,,0
358807,308710,308724,config_depends,downstream,degradable,"",config,[],"",shared_kernel,timeout,circuit_break,"","","",one_to_many,0,0,active,,0
357480,310137,306927,test_depends,downstream,optional,"",import,[],"","",cascade_failure,skip_test,"","","",one_to_many,1,0,active,,0
357490,310144,306938,test_depends,downstream,optional,"",import,[],"","",cascade_failure,skip_test,"","","",one_to_many,1,0,active,,0
357489,310143,306936,test_depends,downstream,optional,"",import,[],"","",cascade_failure,skip_test,"","","",one_to_many,1,0,active,,0
357491,310145,306924,test_depends,downstream,optional,"",import,[],"","",cascade_failure,skip_test,"","","",one_to_many,1,0,active,,0
357493,310147,306666,test_depends,downstream,optional,"",import,[],"","",cascade_failure,skip_test,"","","",one_to_many,1,0,active,,0
357486,310141,306630,test_depends,downstream,optional,"",import,[],"","",cascade_failure,skip_test,"","","",one_to_many,1,0,active,,0
357492,310146,306678,test_depends,downstream,optional,"",import,[],"","",cascade_failure,skip_test,"","","",one_to_many,1,0,active,,0
357505,310160,306978,test_depends,downstream,optional,"",import,[],"","",cascade_failure,skip_test,"","","",one_to_many,1,0,active,,0
357506,310160,306698,test_depends,downstream,optional,"",import,[],"","",cascade_failure,skip_test,"","","",one_to_many,1,0,active,,0
357509,310162,306701,test_depends,downstream,optional,"",import,[],"","",cascade_failure,skip_test,"","","",one_to_many,1,0,active,,0
358818,308721,308724,config_depends,downstream,degradable,"",config,[],"",shared_kernel,timeout,circuit_break,"","","",one_to_many,0,0,active,,0
358849,308786,308807,config_depends,downstream,degradable,"",config,[],"",shared_kernel,timeout,circuit_break,"","","",one_to_many,0,0,active,,0
357577,310224,306921,test_depends,downstream,optional,"",import,[],"","",cascade_failure,skip_test,"","","",one_to_many,1,0,active,,0
357583,310230,306941,test_depends,downstream,optional,"",import,[],"","",cascade_failure,skip_test,"","","",one_to_many,1,0,active,,0
357584,310231,307437,test_depends,downstream,optional,"",import,[],"","",cascade_failure,skip_test,"","","",one_to_many,1,0,active,,0
357587,310234,306733,test_depends,downstream,optional,"",import,[],"","",cascade_failure,skip_test,"","","",one_to_many,1,0,active,,0
357578,310225,306932,test_depends,downstream,optional,"",import,[],"","",cascade_failure,skip_test,"","","",one_to_many,1,0,active,,0
357590,310237,306854,test_depends,downstream,optional,"",import,[],"","",cascade_failure,skip_test,"","","",one_to_many,1,0,active,,0
357597,310245,306688,test_depends,downstream,optional,"",import,[],"","",cascade_failure,skip_test,"","","",one_to_many,1,0,active,,0
357598,310246,306856,test_depends,downstream,optional,"",import,[],"","",cascade_failure,skip_test,"","","",one_to_many,1,0,active,,0
357601,310249,306912,test_depends,downstream,optional,"",import,[],"","",cascade_failure,skip_test,"","","",one_to_many,1,0,active,,0
358840,308772,308775,config_depends,downstream,degradable,"",config,[],"",shared_kernel,timeout,circuit_break,"","","",one_to_many,0,0,active,,0
359115,309161,309162,config_depends,downstream,degradable,"",config,[],"","",timeout,circuit_break,"","","",one_to_many,0,0,active,,0
358882,308829,308840,config_depends,downstream,degradable,"",config,[],"",shared_kernel,timeout,circuit_break,"","","",one_to_many,0,0,active,,0
358878,308825,308840,config_depends,downstream,degradable,"",config,[],"","",timeout,circuit_break,"","","",one_to_many,0,0,active,,0
358876,308820,308840,config_depends,downstream,degradable,"",config,[],"","",timeout,circuit_break,"","","",one_to_many,0,0,active,,0
358879,308826,308840,config_depends,downstream,degradable,"",config,[],"","",timeout,circuit_break,"","","",one_to_many,0,0,active,,0
358881,308828,308840,config_depends,downstream,degradable,"",config,[],"",shared_kernel,timeout,circuit_break,"","","",one_to_many,0,0,active,,0
358886,308833,308840,config_depends,downstream,degradable,"",config,[],"",shared_kernel,timeout,circuit_break,"","","",one_to_many,0,0,active,,0
358883,308830,308840,config_depends,downstream,degradable,"",config,[],"",shared_kernel,timeout,circuit_break,"","","",one_to_many,0,0,active,,0
358880,308827,308840,config_depends,downstream,degradable,"",config,[],"","",timeout,circuit_break,"","","",one_to_many,0,0,active,,0
357607,310253,306734,test_depends,downstream,optional,"",import,[],"","",cascade_failure,skip_test,"","","",one_to_many,1,0,active,,0
357602,310250,307004,test_depends,downstream,optional,"",import,[],"","",cascade_failure,skip_test,"","","",one_to_many,1,0,active,,0
357609,310255,306650,test_depends,downstream,optional,"",import,[],"","",cascade_failure,skip_test,"","","",one_to_many,1,0,active,,0
357611,310257,306968,test_depends,downstream,optional,"",import,[],"","",cascade_failure,skip_test,"","","",one_to_many,1,0,active,,0
357608,310254,306930,test_depends,downstream,optional,"",import,[],"","",cascade_failure,skip_test,"","","",one_to_many,1,0,active,,0
358885,308832,308840,config_depends,downstream,degradable,"",config,[],"","",timeout,circuit_break,"","","",one_to_many,0,0,active,,0
358884,308831,308840,config_depends,downstream,degradable,"",config,[],"",shared_kernel,timeout,circuit_break,"","","",one_to_many,0,0,active,,0
357610,310256,307400,test_depends,downstream,optional,"",import,[],"","",cascade_failure,skip_test,"","","",one_to_many,1,0,active,,0
357616,310262,306969,test_depends,downstream,optional,"",import,[],"","",cascade_failure,skip_test,"","","",one_to_many,1,0,active,,0
357620,310266,306970,test_depends,downstream,optional,"",import,[],"","",cascade_failure,skip_test,"","","",one_to_many,1,0,active,,0
358908,308866,308879,config_depends,downstream,degradable,"",config,[],"",shared_kernel,timeout,circuit_break,"","","",one_to_many,0,0,active,,0
358912,308870,308879,config_depends,downstream,degradable,"",config,[],"","",timeout,circuit_break,"","","",one_to_many,0,0,active,,0
358931,308906,308923,config_depends,downstream,degradable,"",config,[],"",shared_kernel,timeout,circuit_break,"","","",one_to_many,0,0,active,,0
358935,308910,308923,config_depends,downstream,degradable,"",config,[],"",shared_kernel,timeout,circuit_break,"","","",one_to_many,0,0,active,,0
358940,308915,308923,config_depends,downstream,degradable,"",config,[],"",shared_kernel,timeout,circuit_break,"","","",one_to_many,0,0,active,,0
358938,308913,308923,config_depends,downstream,degradable,"",config,[],"",shared_kernel,timeout,circuit_break,"","","",one_to_many,0,0,active,,0
358943,308918,308923,config_depends,downstream,degradable,"",config,[],"",shared_kernel,timeout,circuit_break,"","","",one_to_many,0,0,active,,0
358941,308916,308923,config_depends,downstream,degradable,"",config,[],"",shared_kernel,timeout,circuit_break,"","","",one_to_many,0,0,active,,0
358955,308936,308935,config_depends,downstream,degradable,"",config,[],"",shared_kernel,timeout,circuit_break,"","","",one_to_many,0,0,active,,0
358946,308925,308923,config_depends,downstream,degradable,"",config,[],"",shared_kernel,timeout,circuit_break,"","","",one_to_many,0,0,active,,0
358949,308928,308923,config_depends,downstream,degradable,"",config,[],"",shared_kernel,timeout,circuit_break,"","","",one_to_many,0,0,active,,0
358942,308917,308923,config_depends,downstream,degradable,"",config,[],"",shared_kernel,timeout,circuit_break,"","","",one_to_many,0,0,active,,0
358950,308929,308935,config_depends,downstream,degradable,"",config,[],"",shared_kernel,timeout,circuit_break,"","","",one_to_many,0,0,active,,0
358951,308930,308935,config_depends,downstream,degradable,"",config,[],"",shared_kernel,timeout,circuit_break,"","","",one_to_many,0,0,active,,0
358948,308927,308935,config_depends,downstream,degradable,"",config,[],"",shared_kernel,timeout,circuit_break,"","","",one_to_many,0,0,active,,0
359073,309092,309082,config_depends,downstream,degradable,"",config,[],"","",timeout,circuit_break,"","","",one_to_many,0,0,active,,0
359075,309096,309082,config_depends,downstream,degradable,"",config,[],"","",timeout,circuit_break,"","","",one_to_many,0,0,active,,0
359074,309095,309082,config_depends,downstream,degradable,"",config,[],"","",timeout,circuit_break,"","","",one_to_many,0,0,active,,0
359077,309098,309082,config_depends,downstream,degradable,"",config,[],"","",timeout,circuit_break,"","","",one_to_many,0,0,active,,0
359076,309097,309082,config_depends,downstream,degradable,"",config,[],"","",timeout,circuit_break,"","","",one_to_many,0,0,active,,0
359079,309100,309082,config_depends,downstream,degradable,"",config,[],"","",timeout,circuit_break,"","","",one_to_many,0,0,active,,0
353883,306632,306758,import_depends,downstream,required,"",import,[],"","",timeout,graceful_degradation,"","","",one_to_many,0,0,active,,0
353884,306632,306756,import_depends,downstream,required,"",import,[],"","",timeout,graceful_degradation,"","","",one_to_many,0,0,active,,0
353886,306632,306755,import_depends,downstream,required,"",import,[],"","",timeout,graceful_degradation,"","","",one_to_many,0,0,active,,0
358957,308940,308945,config_depends,downstream,degradable,"",config,[],"",shared_kernel,timeout,circuit_break,"","","",one_to_many,0,0,active,,0
358958,308941,308938,config_depends,downstream,degradable,"",config,[],"",shared_kernel,timeout,circuit_break,"","","",one_to_many,0,0,active,,0
359121,309171,309168,config_depends,downstream,degradable,"",config,[],"","",timeout,circuit_break,"","","",one_to_many,0,0,active,,0
358964,308948,308960,config_depends,downstream,degradable,"",config,[],"",shared_kernel,timeout,circuit_break,"","","",one_to_many,0,0,active,,0
358969,308953,308960,config_depends,downstream,degradable,"",config,[],"",shared_kernel,timeout,circuit_break,"","","",one_to_many,0,0,active,,0
358963,308947,308960,config_depends,downstream,degradable,"",config,[],"",shared_kernel,timeout,circuit_break,"","","",one_to_many,0,0,active,,0
359119,309168,309169,config_depends,downstream,degradable,"",config,[],"","",timeout,circuit_break,"","","",one_to_many,0,0,active,,0
359676,306721,308820,runtime,downstream,medium,"",direct,"","","",runtime_error,no_fallback,always,"",low,"",0,0,active,,0
359677,306709,308860,runtime,downstream,medium,"",direct,"","","",runtime_error,no_fallback,always,"",low,"",0,0,active,,0
359678,306703,308794,runtime,downstream,medium,"",direct,"","","",runtime_error,no_fallback,always,"",low,"",0,0,active,,0
359679,306717,308816,runtime,downstream,medium,"",direct,"","","",runtime_error,no_fallback,always,"",low,"",0,0,active,,0
359680,306710,308870,runtime,downstream,medium,"",direct,"","","",runtime_error,no_fallback,always,"",low,"",0,0,active,,0
361331,311196,311216,import_depends,downstream,medium,"",direct,"","","",runtime_error,no_fallback,always,"",low,"",0,0,design,,0
361332,311217,311215,import_depends,downstream,medium,"",direct,"","","",runtime_error,no_fallback,always,"",low,"",0,0,design,,0
361333,311193,311215,import_depends,downstream,medium,"",direct,"","","",runtime_error,no_fallback,always,"",low,"",0,0,design,,0
361334,311218,311216,import_depends,downstream,medium,"",direct,"","","",runtime_error,no_fallback,always,"",low,"",0,0,design,,0
361335,311218,311215,import_depends,downstream,medium,"",direct,"","","",runtime_error,no_fallback,always,"",low,"",0,0,design,,0
361336,311219,306343,import_depends,downstream,medium,"",direct,"","","",runtime_error,no_fallback,always,"",low,"",0,0,design,,0
361337,311220,311217,import_depends,downstream,medium,"",direct,"","","",runtime_error,no_fallback,always,"",low,"",0,0,design,,0
361338,311220,311215,import_depends,downstream,medium,"",direct,"","","",runtime_error,no_fallback,always,"",low,"",0,0,design,,0
361339,311221,311215,import_depends,downstream,medium,"",direct,"","","",runtime_error,no_fallback,always,"",low,"",0,0,design,,0
361340,311222,311218,import_depends,downstream,medium,"",direct,"","","",runtime_error,no_fallback,always,"",low,"",0,0,design,,0
361341,311223,311218,import_depends,downstream,medium,"",direct,"","","",runtime_error,no_fallback,always,"",low,"",0,0,design,,0
358603,307764,307760,config_depends,downstream,degradable,"",config,[],"","",timeout,circuit_break,"","","",one_to_many,0,0,active,,0
359063,309065,309069,config_depends,downstream,degradable,"",config,[],"","",timeout,circuit_break,"","","",one_to_many,0,0,active,,0
358546,307053,307047,config_depends,downstream,degradable,"",config,[],"","",timeout,circuit_break,"","","",one_to_many,0,0,active,,0
359102,309138,309139,config_depends,downstream,degradable,"",config,[],"","",timeout,circuit_break,"","","",one_to_many,0,0,active,,0
354199,306973,306717,import_depends,downstream,required,"",import,[],"","",timeout,graceful_degradation,"","","",one_to_many,0,0,active,,0
354446,307119,308648,import_depends,downstream,critical,"",import,[],"","",service_down,circuit_break,"","","",one_to_many,1,0,active,,0
354447,307119,308652,import_depends,downstream,critical,"",import,[],"","",service_down,circuit_break,"","","",one_to_many,1,0,active,,0
354448,307119,308654,import_depends,downstream,critical,"",import,[],"","",service_down,circuit_break,"","","",one_to_many,1,0,active,,0
354449,307121,307115,import_depends,downstream,required,"",import,[],"","",timeout,graceful_degradation,"","","",one_to_many,0,0,active,,0
354454,307126,306997,import_depends,downstream,critical,"",import,[],"","",service_down,circuit_break,"","","",one_to_many,1,0,active,,0
354455,307126,308653,import_depends,downstream,critical,"",import,[],"",anti_corruption_layer,service_down,circuit_break,"","","",one_to_many,1,0,active,,0
354456,307126,308651,import_depends,downstream,critical,"",import,[],"",anti_corruption_layer,service_down,circuit_break,"","","",one_to_many,1,0,active,,0
354457,307126,308650,import_depends,downstream,critical,"",import,[],"",anti_corruption_layer,service_down,circuit_break,"","","",one_to_many,1,0,active,,0
354458,307126,308646,import_depends,downstream,critical,"",import,[],"",anti_corruption_layer,service_down,circuit_break,"","","",one_to_many,1,0,active,,0
354459,307126,308648,import_depends,downstream,critical,"",import,[],"",anti_corruption_layer,service_down,circuit_break,"","","",one_to_many,1,0,active,,0
353748,306494,308652,import_depends,downstream,critical,"",import,[],"","",service_down,circuit_break,"","","",one_to_many,1,0,active,,0
353755,306496,306492,import_depends,downstream,required,"",import,[],"","",timeout,graceful_degradation,"","","",one_to_many,0,0,active,,0
354473,307126,308668,import_depends,downstream,critical,"",import,[],"",anti_corruption_layer,service_down,circuit_break,"","","",one_to_many,1,0,active,,0
354474,307126,308674,import_depends,downstream,critical,"",import,[],"",anti_corruption_layer,service_down,circuit_break,"","","",one_to_many,1,0,active,,0
358590,307655,307654,config_depends,downstream,degradable,"",config,[],"","",timeout,circuit_break,"","","",one_to_many,0,0,active,,0
358613,307909,307908,config_depends,downstream,degradable,"",config,[],"","",timeout,circuit_break,"","","",one_to_many,0,0,active,,0
358537,306816,306807,config_depends,downstream,degradable,"",config,[],"","",timeout,circuit_break,"","","",one_to_many,0,0,active,,0
359141,309191,309192,config_depends,downstream,degradable,"",config,[],"","",timeout,circuit_break,"","","",one_to_many,0,0,active,,0
359187,310894,310872,config_depends,downstream,degradable,"",config,[],"","",timeout,circuit_break,"","","",one_to_many,0,0,active,,0
354080,306861,306631,import_depends,downstream,required,"",import,[],"","",timeout,graceful_degradation,"","","",one_to_many,0,0,active,,0
359107,309148,309150,config_depends,downstream,degradable,"",config,[],"","",timeout,circuit_break,"","","",one_to_many,0,0,active,,0
354452,307124,308648,import_depends,downstream,critical,"",import,[],"","",service_down,circuit_break,"","","",one_to_many,1,0,active,,0
354093,306872,306880,import_depends,downstream,required,"",import,[],"","",timeout,graceful_degradation,"","","",one_to_many,0,0,active,,0
354588,307201,307214,import_depends,downstream,required,"",import,[],"",shared_kernel,timeout,graceful_degradation,"","","",one_to_many,0,0,active,,0
354589,307201,307221,import_depends,downstream,required,"",import,[],"",shared_kernel,timeout,graceful_degradation,"","","",one_to_many,0,0,active,,0
354590,307201,307198,import_depends,downstream,required,"",import,[],"",shared_kernel,timeout,graceful_degradation,"","","",one_to_many,0,0,active,,0
354586,307198,308021,import_depends,downstream,critical,"",import,[],"","",service_down,circuit_break,"","","",one_to_many,1,0,active,,0
354591,307207,308093,import_depends,downstream,critical,"",import,[],"",anti_corruption_layer,service_down,circuit_break,"","","",one_to_many,1,0,active,,0
354600,307214,307218,import_depends,downstream,required,"",import,[],"",shared_kernel,timeout,graceful_degradation,"","","",one_to_many,0,0,active,,0
354594,307211,308086,import_depends,downstream,critical,"",import,[],"",anti_corruption_layer,service_down,circuit_break,"","","",one_to_many,1,0,active,,0
354782,307343,307342,import_depends,downstream,required,"",import,[],"","",timeout,graceful_degradation,"","","",one_to_many,0,0,active,,0
354592,307209,308090,import_depends,downstream,critical,"",import,[],"",anti_corruption_layer,service_down,circuit_break,"","","",one_to_many,1,0,active,,0
359182,310889,310872,config_depends,downstream,degradable,"",config,[],"","",timeout,circuit_break,"","","",one_to_many,0,0,active,,0
359183,310890,310872,config_depends,downstream,degradable,"",config,[],"","",timeout,circuit_break,"","","",one_to_many,0,0,active,,0
359184,310891,310872,config_depends,downstream,degradable,"",config,[],"","",timeout,circuit_break,"","","",one_to_many,0,0,active,,0
359185,310892,310872,config_depends,downstream,degradable,"",config,[],"","",timeout,circuit_break,"","","",one_to_many,0,0,active,,0
354596,307213,308090,import_depends,downstream,critical,"",import,[],"",anti_corruption_layer,service_down,circuit_break,"","","",one_to_many,1,0,active,,0
354604,307221,308090,import_depends,downstream,critical,"",import,[],"",anti_corruption_layer,service_down,circuit_break,"","","",one_to_many,1,0,active,,0
358823,308738,308728,config_depends,downstream,degradable,"",config,[],"","",timeout,circuit_break,"","","",one_to_many,0,0,active,,0
359169,310876,310872,config_depends,downstream,degradable,"",config,[],"","",timeout,circuit_break,"","","",one_to_many,0,0,active,,0
359172,310879,310872,config_depends,downstream,degradable,"",config,[],"","",timeout,circuit_break,"","","",one_to_many,0,0,active,,0
354605,307221,307219,import_depends,downstream,required,"",import,[],"",shared_kernel,timeout,graceful_degradation,"","","",one_to_many,0,0,active,,0
359173,310880,310872,config_depends,downstream,degradable,"",config,[],"","",timeout,circuit_break,"","","",one_to_many,0,0,active,,0
359177,310884,310872,config_depends,downstream,degradable,"",config,[],"","",timeout,circuit_break,"","","",one_to_many,0,0,active,,0
354606,307221,307209,import_depends,downstream,required,"",import,[],"",shared_kernel,timeout,graceful_degradation,"","","",one_to_many,0,0,active,,0
354607,307221,307215,import_depends,downstream,required,"",import,[],"",shared_kernel,timeout,graceful_degradation,"","","",one_to_many,0,0,active,,0
354608,307221,307213,import_depends,downstream,required,"",import,[],"",shared_kernel,timeout,graceful_degradation,"","","",one_to_many,0,0,active,,0
354241,306999,307545,import_depends,downstream,critical,"",import,[],"",anti_corruption_layer,service_down,circuit_break,"","","",one_to_many,1,0,active,,0
354609,307221,307222,import_depends,downstream,required,"",import,[],"",shared_kernel,timeout,graceful_degradation,"","","",one_to_many,0,0,active,,0
354198,306973,306703,import_depends,downstream,required,"",import,[],"","",timeout,graceful_degradation,"","","",one_to_many,0,0,active,,0
354610,307221,307236,import_depends,downstream,required,"",import,[],"",shared_kernel,timeout,graceful_degradation,"","","",one_to_many,0,0,active,,0
354611,307221,307216,import_depends,downstream,required,"",import,[],"",shared_kernel,timeout,graceful_degradation,"","","",one_to_many,0,0,active,,0
353751,306495,308132,import_depends,downstream,critical,"",import,[],"",anti_corruption_layer,service_down,circuit_break,"","","",one_to_many,1,0,active,,0
354612,307221,307212,import_depends,downstream,required,"",import,[],"",shared_kernel,timeout,graceful_degradation,"","","",one_to_many,0,0,active,,0
354595,307212,307219,import_depends,downstream,required,"",import,[],"",shared_kernel,timeout,graceful_degradation,"","","",one_to_many,0,0,active,,0
354618,307254,307209,import_depends,downstream,required,"",import,[],"","",timeout,graceful_degradation,"","","",one_to_many,0,0,active,,0
354619,307254,307230,import_depends,downstream,required,"",import,[],"","",timeout,graceful_degradation,"","","",one_to_many,0,0,active,,0
354620,307254,307255,import_depends,downstream,required,"",import,[],"","",timeout,graceful_degradation,"","","",one_to_many,0,0,active,,0
354621,307254,307272,import_depends,downstream,required,"",import,[],"","",timeout,graceful_degradation,"","","",one_to_many,0,0,active,,0
354622,307254,307264,import_depends,downstream,required,"",import,[],"","",timeout,graceful_degradation,"","","",one_to_many,0,0,active,,0
354625,307269,307234,import_depends,downstream,required,"",import,[],"",shared_kernel,timeout,graceful_degradation,"","","",one_to_many,0,0,active,,0
354626,307269,307242,import_depends,downstream,required,"",import,[],"",shared_kernel,timeout,graceful_degradation,"","","",one_to_many,0,0,active,,0
354627,307269,307243,import_depends,downstream,required,"",import,[],"",shared_kernel,timeout,graceful_degradation,"","","",one_to_many,0,0,active,,0
355366,307842,307823,import_depends,downstream,required,"",import,[],"",shared_kernel,timeout,graceful_degradation,"","","",one_to_many,0,0,active,,0
354628,307269,307239,import_depends,downstream,required,"",import,[],"",shared_kernel,timeout,graceful_degradation,"","","",one_to_many,0,0,active,,0
354629,307269,307251,import_depends,downstream,required,"",import,[],"",shared_kernel,timeout,graceful_degradation,"","","",one_to_many,0,0,active,,0
354630,307269,307259,import_depends,downstream,required,"",import,[],"",shared_kernel,timeout,graceful_degradation,"","","",one_to_many,0,0,active,,0
354631,307269,307268,import_depends,downstream,required,"",import,[],"",shared_kernel,timeout,graceful_degradation,"","","",one_to_many,0,0,active,,0
354637,307272,307209,import_depends,downstream,required,"",import,[],"",shared_kernel,timeout,graceful_degradation,"","","",one_to_many,0,0,active,,0
354658,307276,307274,import_depends,downstream,required,"",import,[],"","",timeout,graceful_degradation,"","","",one_to_many,0,0,active,,0
355444,307912,308036,import_depends,downstream,required,"",import,[],"",shared_kernel,timeout,graceful_degradation,"","","",one_to_many,0,0,active,,0
354659,307276,307273,import_depends,downstream,required,"",import,[],"","",timeout,graceful_degradation,"","","",one_to_many,0,0,active,,0
354632,307271,307241,import_depends,downstream,required,"",import,[],"",shared_kernel,timeout,graceful_degradation,"","","",one_to_many,0,0,active,,0
355208,307628,307633,import_depends,downstream,required,"",import,[],"","",timeout,graceful_degradation,"","","",one_to_many,0,0,active,,0
354633,307271,307250,import_depends,downstream,required,"",import,[],"",shared_kernel,timeout,graceful_degradation,"","","",one_to_many,0,0,active,,0
354261,307010,306767,import_depends,downstream,critical,"",import,[],"","",service_down,circuit_break,"","","",one_to_many,1,0,active,,0
354636,307271,307262,import_depends,downstream,required,"",import,[],"",shared_kernel,timeout,graceful_degradation,"","","",one_to_many,0,0,active,,0
354665,307279,307261,import_depends,downstream,required,"",import,[],"",shared_kernel,timeout,graceful_degradation,"","","",one_to_many,0,0,active,,0
354666,307279,307258,import_depends,downstream,required,"",import,[],"",shared_kernel,timeout,graceful_degradation,"","","",one_to_many,0,0,active,,0
354081,306861,306637,import_depends,downstream,required,"",import,[],"","",timeout,graceful_degradation,"","","",one_to_many,0,0,active,,0
354082,306861,306662,import_depends,downstream,required,"",import,[],"","",timeout,graceful_degradation,"","","",one_to_many,0,0,active,,0
355539,308045,308041,import_depends,downstream,required,"",import,[],"","",timeout,graceful_degradation,"","","",one_to_many,0,0,active,,0
354667,307279,307263,import_depends,downstream,required,"",import,[],"",shared_kernel,timeout,graceful_degradation,"","","",one_to_many,0,0,active,,0
354668,307279,307265,import_depends,downstream,required,"",import,[],"",shared_kernel,timeout,graceful_degradation,"","","",one_to_many,0,0,active,,0
355466,307963,308059,import_depends,downstream,required,"",import,[],"","",timeout,graceful_degradation,"","","",one_to_many,0,0,active,,0
354669,307279,307267,import_depends,downstream,required,"",import,[],"",shared_kernel,timeout,graceful_degradation,"","","",one_to_many,0,0,active,,0
354670,307279,307270,import_depends,downstream,required,"",import,[],"",shared_kernel,timeout,graceful_degradation,"","","",one_to_many,0,0,active,,0
354281,307018,307004,import_depends,downstream,required,"",import,[],"",shared_kernel,timeout,graceful_degradation,"","","",one_to_many,0,0,active,,0
354671,307279,307266,import_depends,downstream,required,"",import,[],"",shared_kernel,timeout,graceful_degradation,"","","",one_to_many,0,0,active,,0
354672,307279,307272,import_depends,downstream,required,"",import,[],"",shared_kernel,timeout,graceful_degradation,"","","",one_to_many,0,0,active,,0
354638,307273,307225,import_depends,downstream,required,"",import,[],"",shared_kernel,timeout,graceful_degradation,"","","",one_to_many,0,0,active,,0
356263,309130,308059,import_depends,downstream,critical,"",import,[],"","",service_down,circuit_break,"","","",one_to_many,1,0,active,,0
354639,307273,307230,import_depends,downstream,required,"",import,[],"",shared_kernel,timeout,graceful_degradation,"","","",one_to_many,0,0,active,,0
354640,307273,307237,import_depends,downstream,required,"",import,[],"",shared_kernel,timeout,graceful_degradation,"","","",one_to_many,0,0,active,,0
353927,306644,307288,import_depends,downstream,critical,"",import,[],"","",service_down,circuit_break,"","","",one_to_many,1,0,active,,0
354045,306829,308118,import_depends,downstream,critical,"",import,[],"","",service_down,circuit_break,"","","",one_to_many,1,0,active,,0
354641,307273,307235,import_depends,downstream,required,"",import,[],"",shared_kernel,timeout,graceful_degradation,"","","",one_to_many,0,0,active,,0
354642,307273,307245,import_depends,downstream,required,"",import,[],"",shared_kernel,timeout,graceful_degradation,"","","",one_to_many,0,0,active,,0
354643,307273,307246,import_depends,downstream,required,"",import,[],"",shared_kernel,timeout,graceful_degradation,"","","",one_to_many,0,0,active,,0
354644,307273,307254,import_depends,downstream,required,"",import,[],"",shared_kernel,timeout,graceful_degradation,"","","",one_to_many,0,0,active,,0
356502,309395,306773,test_depends,downstream,optional,"",import,[],"","",cascade_failure,skip_test,"","","",one_to_many,1,0,active,,0
354645,307273,307255,import_depends,downstream,required,"",import,[],"",shared_kernel,timeout,graceful_degradation,"","","",one_to_many,0,0,active,,0
356519,309411,306782,test_depends,downstream,optional,"",import,[],"","",cascade_failure,skip_test,"","","",one_to_many,1,0,active,,0
354648,307274,307220,import_depends,downstream,required,"",import,[],"",shared_kernel,timeout,graceful_degradation,"","","",one_to_many,0,0,active,,0
354649,307274,307228,import_depends,downstream,required,"",import,[],"",shared_kernel,timeout,graceful_degradation,"","","",one_to_many,0,0,active,,0
354650,307274,307232,import_depends,downstream,required,"",import,[],"",shared_kernel,timeout,graceful_degradation,"","","",one_to_many,0,0,active,,0
354651,307274,307227,import_depends,downstream,required,"",import,[],"",shared_kernel,timeout,graceful_degradation,"","","",one_to_many,0,0,active,,0
353966,306752,306793,import_depends,downstream,required,"",import,[],"",shared_kernel,timeout,graceful_degradation,"","","",one_to_many,0,0,active,,0
354652,307274,307231,import_depends,downstream,required,"",import,[],"",shared_kernel,timeout,graceful_degradation,"","","",one_to_many,0,0,active,,0
353828,306592,306600,import_depends,downstream,required,"",import,[],"","",timeout,graceful_degradation,"","","",one_to_many,0,0,active,,0
354653,307274,307247,import_depends,downstream,required,"",import,[],"",shared_kernel,timeout,graceful_degradation,"","","",one_to_many,0,0,active,,0
354674,307280,307284,import_depends,downstream,required,"",import,[],"","",timeout,graceful_degradation,"","","",one_to_many,0,0,active,,0
354083,306861,307288,import_depends,downstream,critical,"",import,[],"","",service_down,circuit_break,"","","",one_to_many,1,0,active,,0
354092,306871,307545,import_depends,downstream,critical,"",import,[],"",anti_corruption_layer,service_down,circuit_break,"","","",one_to_many,1,0,active,,0
354097,306875,308102,import_depends,downstream,critical,"",import,[],"",anti_corruption_layer,service_down,circuit_break,"","","",one_to_many,1,0,active,,0
356918,309704,306953,test_depends,downstream,optional,"",import,[],"","",cascade_failure,skip_test,"","","",one_to_many,1,0,active,,0
353754,306496,306471,import_depends,downstream,required,"",import,[],"","",timeout,graceful_degradation,"","","",one_to_many,0,0,active,,0
354098,306875,308059,import_depends,downstream,critical,"",import,[],"","",service_down,circuit_break,"","","",one_to_many,1,0,active,,0
356937,309720,306764,test_depends,downstream,optional,"",import,[],"","",cascade_failure,skip_test,"","","",one_to_many,1,0,active,,0
354675,307280,306613,import_depends,downstream,critical,"",import,[],"",anti_corruption_layer,service_down,circuit_break,"","","",one_to_many,1,0,active,,0
354662,307278,307284,import_depends,downstream,required,"",import,[],"","",timeout,graceful_degradation,"","","",one_to_many,0,0,active,,0
354663,307278,308059,import_depends,downstream,critical,"",import,[],"","",service_down,circuit_break,"","","",one_to_many,1,0,active,,0
357291,310003,307306,test_depends,downstream,optional,"",import,[],"","",cascade_failure,skip_test,"","","",one_to_many,1,0,active,,0
354664,307278,306471,import_depends,downstream,critical,"",import,[],"","",service_down,circuit_break,"","","",one_to_many,1,0,active,,0
354696,307293,308113,import_depends,downstream,critical,"",import,[],"","",service_down,circuit_break,always,"",low,one_to_many,1,0,active,,0
354697,307293,307449,import_depends,downstream,critical,"",import,[],"","",service_down,circuit_break,"","","",one_to_many,1,0,active,,0
354692,307290,308059,import_depends,downstream,critical,"",import,[],"","",service_down,circuit_break,"","","",one_to_many,1,0,active,,0
354693,307290,307284,import_depends,downstream,required,"",import,[],"","",timeout,graceful_degradation,"","","",one_to_many,0,0,active,,0
356893,309682,308173,test_depends,downstream,optional,"",import,[],"","",cascade_failure,skip_test,"","","",one_to_many,1,0,active,,0
354679,307285,307284,import_depends,downstream,required,"",import,[],"","",timeout,graceful_degradation,"","","",one_to_many,0,0,active,,0
354690,307288,307284,import_depends,downstream,required,"",import,[],"","",timeout,graceful_degradation,"","","",one_to_many,0,0,active,,0
354691,307288,308059,import_depends,downstream,critical,"",import,[],"","",service_down,circuit_break,"","","",one_to_many,1,0,active,,0
357551,310199,306681,test_depends,downstream,optional,"",import,[],"","",cascade_failure,skip_test,"","","",one_to_many,1,0,active,,0
354707,307298,307314,import_depends,downstream,required,"",import,[],"","",timeout,graceful_degradation,"","","",one_to_many,0,0,active,,0
354708,307298,308059,import_depends,downstream,critical,"",import,[],"","",service_down,circuit_break,"","","",one_to_many,1,0,active,,0
354698,307294,307314,import_depends,downstream,required,"",import,[],"","",timeout,graceful_degradation,"","","",one_to_many,0,0,active,,0
354699,307294,308059,import_depends,downstream,critical,"",import,[],"","",service_down,circuit_break,"","","",one_to_many,1,0,active,,0
354700,307295,307299,import_depends,downstream,required,"",import,[],"","",timeout,graceful_degradation,"","","",one_to_many,0,0,active,,0
354694,307291,307314,import_depends,downstream,required,"",import,[],"","",timeout,graceful_degradation,"","","",one_to_many,0,0,active,,0
354695,307291,308059,import_depends,downstream,critical,"",import,[],"","",service_down,circuit_break,"","","",one_to_many,1,0,active,,0
354680,307287,308059,import_depends,downstream,critical,"",import,[],"","",service_down,circuit_break,"","","",one_to_many,1,0,active,,0
357790,310399,306999,test_depends,downstream,optional,"",import,[],"","",cascade_failure,skip_test,"","","",one_to_many,1,0,active,,0
354681,307287,307277,import_depends,downstream,required,"",import,[],"","",timeout,graceful_degradation,"","","",one_to_many,0,0,active,,0
359148,309200,309191,config_depends,downstream,degradable,"",config,[],"","",timeout,circuit_break,"","","",one_to_many,0,0,active,,0
357923,310483,306261,test_depends,downstream,optional,"",import,[],"","",cascade_failure,skip_test,"","","",one_to_many,1,0,active,,0
359155,309207,309191,config_depends,downstream,degradable,"",config,[],"","",timeout,circuit_break,"","","",one_to_many,0,0,active,,0
359157,309209,309191,config_depends,downstream,degradable,"",config,[],"","",timeout,circuit_break,"","","",one_to_many,0,0,active,,0
359160,309212,309191,config_depends,downstream,degradable,"",config,[],"","",timeout,circuit_break,"","","",one_to_many,0,0,active,,0
354682,307287,307278,import_depends,downstream,required,"",import,[],"","",timeout,graceful_degradation,"","","",one_to_many,0,0,active,,0
354683,307287,307281,import_depends,downstream,required,"",import,[],"","",timeout,graceful_degradation,"","","",one_to_many,0,0,active,,0
354731,307305,308059,import_depends,downstream,critical,"",import,[],"","",service_down,circuit_break,"","","",one_to_many,1,0,active,,0
354728,307304,307314,import_depends,downstream,required,"",import,[],"","",timeout,graceful_degradation,"","","",one_to_many,0,0,active,,0
354729,307304,308059,import_depends,downstream,critical,"",import,[],"","",service_down,circuit_break,"","","",one_to_many,1,0,active,,0
354709,307299,307314,import_depends,downstream,required,"",import,[],"","",timeout,graceful_degradation,"","","",one_to_many,0,0,active,,0
354710,307299,308059,import_depends,downstream,critical,"",import,[],"","",service_down,circuit_break,"","","",one_to_many,1,0,active,,0
354711,307300,307314,import_depends,downstream,required,"",import,[],"","",timeout,graceful_degradation,"","","",one_to_many,0,0,active,,0
354712,307300,307303,import_depends,downstream,required,"",import,[],"","",timeout,graceful_degradation,"","","",one_to_many,0,0,active,,0
354716,307303,307295,import_depends,downstream,required,"",import,[],"","",timeout,graceful_degradation,"","","",one_to_many,0,0,active,,0
354717,307303,307298,import_depends,downstream,required,"",import,[],"","",timeout,graceful_degradation,"","","",one_to_many,0,0,active,,0
354718,307303,307301,import_depends,downstream,required,"",import,[],"","",timeout,graceful_degradation,"","","",one_to_many,0,0,active,,0
354720,307303,307308,import_depends,downstream,required,"",import,[],"","",timeout,graceful_degradation,"","","",one_to_many,0,0,active,,0
358332,310813,308219,test_depends,downstream,optional,"",import,[],"","",cascade_failure,skip_test,"","","",one_to_many,1,0,active,,0
354721,307303,307313,import_depends,downstream,required,"",import,[],"","",timeout,graceful_degradation,"","","",one_to_many,0,0,active,,0
354722,307303,307309,import_depends,downstream,required,"",import,[],"","",timeout,graceful_degradation,"","","",one_to_many,0,0,active,,0
354723,307303,307306,import_depends,downstream,required,"",import,[],"","",timeout,graceful_degradation,"","","",one_to_many,0,0,active,,0
354724,307303,307317,import_depends,downstream,required,"",import,[],"","",timeout,graceful_degradation,"","","",one_to_many,0,0,active,,0
354725,307303,307314,import_depends,downstream,required,"",import,[],"","",timeout,graceful_degradation,"","","",one_to_many,0,0,active,,0
354726,307303,307319,import_depends,downstream,required,"",import,[],"","",timeout,graceful_degradation,"","","",one_to_many,0,0,active,,0
354735,307308,307314,import_depends,downstream,required,"",import,[],"","",timeout,graceful_degradation,"","","",one_to_many,0,0,active,,0
354744,307313,307314,import_depends,downstream,required,"",import,[],"","",timeout,graceful_degradation,"","","",one_to_many,0,0,active,,0
354745,307313,308059,import_depends,downstream,critical,"",import,[],"","",service_down,circuit_break,"","","",one_to_many,1,0,active,,0
354733,307307,307314,import_depends,downstream,required,"",import,[],"","",timeout,graceful_degradation,"","","",one_to_many,0,0,active,,0
354734,307307,308059,import_depends,downstream,critical,"",import,[],"","",service_down,circuit_break,"","","",one_to_many,1,0,active,,0
354739,307310,307317,import_depends,downstream,required,"",import,[],"","",timeout,graceful_degradation,"","","",one_to_many,0,0,active,,0
354740,307310,307314,import_depends,downstream,required,"",import,[],"","",timeout,graceful_degradation,"","","",one_to_many,0,0,active,,0
354741,307310,307938,import_depends,downstream,critical,"",import,[],"",anti_corruption_layer,service_down,circuit_break,"","","",one_to_many,1,0,active,,0
354775,307321,307314,import_depends,downstream,required,"",import,[],"","",timeout,graceful_degradation,"","","",one_to_many,0,0,active,,0
354776,307321,308059,import_depends,downstream,critical,"",import,[],"","",service_down,circuit_break,"","","",one_to_many,1,0,active,,0
354749,307318,307314,import_depends,downstream,required,"",import,[],"","",timeout,graceful_degradation,"","","",one_to_many,0,0,active,,0
354750,307318,308059,import_depends,downstream,critical,"",import,[],"","",service_down,circuit_break,"","","",one_to_many,1,0,active,,0
354747,307317,307314,import_depends,downstream,required,"",import,[],"","",timeout,graceful_degradation,"","","",one_to_many,0,0,active,,0
354748,307317,308055,import_depends,downstream,critical,"",import,[],"","",service_down,circuit_break,"","","",one_to_many,1,0,active,,0
358792,308687,308697,config_depends,downstream,degradable,"",config,[],"","",timeout,circuit_break,"","","",one_to_many,0,0,active,,0
358847,308783,308782,config_depends,downstream,degradable,"",config,[],"",shared_kernel,timeout,circuit_break,"","","",one_to_many,0,0,active,,0
358831,308760,308775,config_depends,downstream,degradable,"",config,[],"","",timeout,circuit_break,"","","",one_to_many,0,0,active,,0
354753,307320,307291,import_depends,downstream,required,"",import,[],"",shared_kernel,timeout,graceful_degradation,"","","",one_to_many,0,0,active,,0
359043,309038,309060,config_depends,downstream,degradable,"",config,[],"","",timeout,circuit_break,"","","",one_to_many,0,0,active,,0
359159,309211,309191,config_depends,downstream,degradable,"",config,[],"","",timeout,circuit_break,"","","",one_to_many,0,0,active,,0
354754,307320,307296,import_depends,downstream,required,"",import,[],"",shared_kernel,timeout,graceful_degradation,"","","",one_to_many,0,0,active,,0
354443,307116,306829,import_depends,downstream,required,"",import,[],"","",timeout,graceful_degradation,"","","",one_to_many,0,0,active,,0
354755,307320,307295,import_depends,downstream,required,"",import,[],"","",timeout,graceful_degradation,"","","",one_to_many,0,0,active,,0
354756,307320,307298,import_depends,downstream,required,"",import,[],"","",timeout,graceful_degradation,"","","",one_to_many,0,0,active,,0
354757,307320,307294,import_depends,downstream,required,"",import,[],"",shared_kernel,timeout,graceful_degradation,"","","",one_to_many,0,0,active,,0
358643,308109,308102,config_depends,downstream,degradable,"",config,[],"","",timeout,circuit_break,"","","",one_to_many,0,0,active,,0
354758,307320,307297,import_depends,downstream,required,"",import,[],"",shared_kernel,timeout,graceful_degradation,"","","",one_to_many,0,0,active,,0
354780,307334,307333,import_depends,downstream,required,"",import,[],"","",timeout,graceful_degradation,"","","",one_to_many,0,0,active,,0
354784,307352,307362,import_depends,downstream,required,"",import,[],"","",timeout,graceful_degradation,"","","",one_to_many,0,0,active,,0
354785,307352,307359,import_depends,downstream,required,"",import,[],"","",timeout,graceful_degradation,"","","",one_to_many,0,0,active,,0
354786,307353,307359,import_depends,downstream,required,"",import,[],"","",timeout,graceful_degradation,"","","",one_to_many,0,0,active,,0
354791,307357,307359,import_depends,downstream,required,"",import,[],"","",timeout,graceful_degradation,"","","",one_to_many,0,0,active,,0
354792,307358,308118,import_depends,downstream,critical,"",import,[],"","",service_down,circuit_break,"","","",one_to_many,1,0,active,,0
358634,307994,307990,config_depends,downstream,degradable,"",config,[],"","",timeout,circuit_break,"","","",one_to_many,0,0,active,,0
354793,307358,308113,import_depends,downstream,critical,"",import,[],"","",service_down,circuit_break,always,"",low,one_to_many,1,0,active,,0
354794,307359,308102,import_depends,downstream,critical,"",import,[],"",anti_corruption_layer,service_down,circuit_break,"","","",one_to_many,1,0,active,,0
354801,307367,307355,import_depends,downstream,required,"",import,[],"","",timeout,graceful_degradation,"","","",one_to_many,0,0,active,,0
358782,308606,308596,config_depends,downstream,degradable,"",config,[],"","",timeout,circuit_break,"","","",one_to_many,0,0,active,,0
354802,307367,307354,import_depends,downstream,required,"",import,[],"","",timeout,graceful_degradation,"","","",one_to_many,0,0,active,,0
358784,308625,308616,config_depends,downstream,degradable,"",config,[],"","",timeout,circuit_break,"","","",one_to_many,0,0,active,,0
354803,307367,307352,import_depends,downstream,required,"",import,[],"","",timeout,graceful_degradation,"","","",one_to_many,0,0,active,,0
353937,306700,306978,import_depends,downstream,required,"",import,[],"","",timeout,graceful_degradation,"","","",one_to_many,0,0,active,,0
359096,309127,309113,config_depends,downstream,degradable,"",config,[],"","",timeout,circuit_break,"","","",one_to_many,0,0,active,,0
359098,309131,309113,config_depends,downstream,degradable,"",config,[],"","",timeout,circuit_break,"","","",one_to_many,0,0,active,,0
359094,309121,309113,config_depends,downstream,degradable,"",config,[],"","",timeout,circuit_break,"","","",one_to_many,0,0,active,,0
354808,307367,307362,import_depends,downstream,required,"",import,[],"","",timeout,graceful_degradation,"","","",one_to_many,0,0,active,,0
354809,307367,307359,import_depends,downstream,required,"",import,[],"","",timeout,graceful_degradation,"","","",one_to_many,0,0,active,,0
354095,306872,306999,import_depends,downstream,critical,"",import,[],"","",service_down,circuit_break,"","","",one_to_many,1,0,active,,0
354810,307367,307361,import_depends,downstream,required,"",import,[],"","",timeout,graceful_degradation,"","","",one_to_many,0,0,active,,0
354811,307367,307363,import_depends,downstream,required,"",import,[],"","",timeout,graceful_degradation,"","","",one_to_many,0,0,active,,0
354812,307367,307365,import_depends,downstream,required,"",import,[],"","",timeout,graceful_degradation,"","","",one_to_many,0,0,active,,0
354813,307367,307364,import_depends,downstream,required,"",import,[],"","",timeout,graceful_degradation,"","","",one_to_many,0,0,active,,0
354347,307047,308059,import_depends,downstream,critical,"",import,[],"","",service_down,circuit_break,"","","",one_to_many,1,0,active,,0
354818,307384,306549,import_depends,downstream,critical,"",import,[],"",anti_corruption_layer,service_down,circuit_break,"","","",one_to_many,1,0,active,,0
354819,307388,308055,import_depends,downstream,critical,"",import,[],"","",service_down,circuit_break,"","","",one_to_many,1,0,active,,0
359095,309123,309113,config_depends,downstream,degradable,"",config,[],"","",timeout,circuit_break,"","","",one_to_many,0,0,active,,0
359186,310893,310872,config_depends,downstream,degradable,"",config,[],"","",timeout,circuit_break,"","","",one_to_many,0,0,active,,0
353938,306700,306470,import_depends,downstream,required,"",import,[],"","",timeout,graceful_degradation,"","","",one_to_many,0,0,active,,0
354847,307410,307431,import_depends,downstream,required,"",import,[],"","",timeout,graceful_degradation,"","","",one_to_many,0,0,active,,0
354848,307410,308118,import_depends,downstream,critical,"",import,[],"","",service_down,circuit_break,"","","",one_to_many,1,0,active,,0
354849,307410,306613,import_depends,downstream,critical,"",import,[],"",anti_corruption_layer,service_down,circuit_break,"","","",one_to_many,1,0,active,,0
354850,307410,307377,import_depends,downstream,required,"",import,[],"","",timeout,graceful_degradation,"","","",one_to_many,0,0,active,,0
354837,307408,307377,import_depends,downstream,required,"",import,[],"","",timeout,graceful_degradation,"","","",one_to_many,0,0,active,,0
354838,307408,308113,import_depends,downstream,critical,"",import,[],"","",service_down,circuit_break,always,"",low,one_to_many,1,0,active,,0
354852,307421,307425,import_depends,downstream,required,"",import,[],"","",timeout,graceful_degradation,"","","",one_to_many,0,0,active,,0
354860,307438,307371,import_depends,downstream,required,"",import,[],"",shared_kernel,timeout,graceful_degradation,"","","",one_to_many,0,0,active,,0
355517,308017,308014,import_depends,downstream,required,"",import,[],"",shared_kernel,timeout,graceful_degradation,"","","",one_to_many,0,0,active,,0
354861,307438,307375,import_depends,downstream,required,"",import,[],"",shared_kernel,timeout,graceful_degradation,"","","",one_to_many,0,0,active,,0
358581,307446,307441,config_depends,downstream,degradable,"",config,[],"","",timeout,circuit_break,"","","",one_to_many,0,0,active,,0
359156,309208,309191,config_depends,downstream,degradable,"",config,[],"","",timeout,circuit_break,"","","",one_to_many,0,0,active,,0
354862,307438,307372,import_depends,downstream,required,"",import,[],"",shared_kernel,timeout,graceful_degradation,"","","",one_to_many,0,0,active,,0
358781,308597,308582,config_depends,downstream,degradable,"",config,[],"","",timeout,circuit_break,"","","",one_to_many,0,0,active,,0
358545,306979,306973,config_depends,downstream,degradable,"",config,[],"","",timeout,circuit_break,"","","",one_to_many,0,0,active,,0
354863,307438,307378,import_depends,downstream,required,"",import,[],"",shared_kernel,timeout,graceful_degradation,"","","",one_to_many,0,0,active,,0
357775,310389,308059,test_depends,downstream,optional,"",import,[],"","",cascade_failure,skip_test,"","","",one_to_many,1,0,active,,0
357783,310394,308059,test_depends,downstream,optional,"",import,[],"","",cascade_failure,skip_test,"","","",one_to_many,1,0,active,,0
354865,307438,307385,import_depends,downstream,required,"",import,[],"",shared_kernel,timeout,graceful_degradation,"","","",one_to_many,0,0,active,,0
354867,307438,307381,import_depends,downstream,required,"",import,[],"",shared_kernel,timeout,graceful_degradation,"","","",one_to_many,0,0,active,,0
354868,307438,307390,import_depends,downstream,required,"",import,[],"",shared_kernel,timeout,graceful_degradation,"","","",one_to_many,0,0,active,,0
354870,307438,307388,import_depends,downstream,required,"",import,[],"",shared_kernel,timeout,graceful_degradation,"","","",one_to_many,0,0,active,,0
354871,307438,307393,import_depends,downstream,required,"",import,[],"",shared_kernel,timeout,graceful_degradation,"","","",one_to_many,0,0,active,,0
354873,307438,307392,import_depends,downstream,required,"",import,[],"",shared_kernel,timeout,graceful_degradation,"","","",one_to_many,0,0,active,,0
354878,307438,307405,import_depends,downstream,required,"",import,[],"",shared_kernel,timeout,graceful_degradation,"","","",one_to_many,0,0,active,,0
358642,308082,308073,config_depends,downstream,degradable,"",config,[],"","",timeout,circuit_break,"","","",one_to_many,0,0,active,,0
354879,307438,307409,import_depends,downstream,required,"",import,[],"","",timeout,graceful_degradation,"","","",one_to_many,0,0,active,,0
354880,307438,307406,import_depends,downstream,required,"",import,[],"",shared_kernel,timeout,graceful_degradation,"","","",one_to_many,0,0,active,,0
354881,307438,307415,import_depends,downstream,required,"",import,[],"",shared_kernel,timeout,graceful_degradation,"","","",one_to_many,0,0,active,,0
354099,306875,308120,import_depends,downstream,critical,"",import,[],"",anti_corruption_layer,service_down,circuit_break,"","","",one_to_many,1,0,active,,0
354882,307438,307407,import_depends,downstream,required,"",import,[],"",shared_kernel,timeout,graceful_degradation,"","","",one_to_many,0,0,active,,0
354883,307438,307411,import_depends,downstream,required,"",import,[],"",shared_kernel,timeout,graceful_degradation,"","","",one_to_many,0,0,active,,0
354884,307438,307413,import_depends,downstream,required,"",import,[],"",shared_kernel,timeout,graceful_degradation,"","","",one_to_many,0,0,active,,0
354885,307438,307408,import_depends,downstream,required,"",import,[],"",shared_kernel,timeout,graceful_degradation,"","","",one_to_many,0,0,active,,0
354887,307438,307417,import_depends,downstream,required,"",import,[],"",shared_kernel,timeout,graceful_degradation,"","","",one_to_many,0,0,active,,0
354888,307438,307416,import_depends,downstream,required,"",import,[],"",shared_kernel,timeout,graceful_degradation,"","","",one_to_many,0,0,active,,0
354889,307438,307420,import_depends,downstream,required,"",import,[],"",shared_kernel,timeout,graceful_degradation,"","","",one_to_many,0,0,active,,0
354890,307438,307422,import_depends,downstream,required,"",import,[],"",shared_kernel,timeout,graceful_degradation,"","","",one_to_many,0,0,active,,0
354891,307438,307428,import_depends,downstream,required,"",import,[],"",shared_kernel,timeout,graceful_degradation,"","","",one_to_many,0,0,active,,0
354892,307438,307424,import_depends,downstream,required,"",import,[],"",shared_kernel,timeout,graceful_degradation,"","","",one_to_many,0,0,active,,0
354893,307438,307423,import_depends,downstream,required,"",import,[],"",shared_kernel,timeout,graceful_degradation,"","","",one_to_many,0,0,active,,0
354894,307438,307429,import_depends,downstream,required,"",import,[],"",shared_kernel,timeout,graceful_degradation,"","","",one_to_many,0,0,active,,0
354897,307438,307434,import_depends,downstream,required,"",import,[],"",shared_kernel,timeout,graceful_degradation,"","","",one_to_many,0,0,active,,0
354898,307438,307432,import_depends,downstream,required,"",import,[],"",shared_kernel,timeout,graceful_degradation,"","","",one_to_many,0,0,active,,0
354899,307438,307436,import_depends,downstream,required,"",import,[],"",shared_kernel,timeout,graceful_degradation,"","","",one_to_many,0,0,active,,0
354901,307438,307437,import_depends,downstream,required,"",import,[],"",shared_kernel,timeout,graceful_degradation,"","","",one_to_many,0,0,active,,0
354902,307438,307433,import_depends,downstream,required,"",import,[],"",shared_kernel,timeout,graceful_degradation,"","","",one_to_many,0,0,active,,0
354903,307438,307440,import_depends,downstream,required,"",import,[],"",shared_kernel,timeout,graceful_degradation,"","","",one_to_many,0,0,active,,0
354904,307438,307373,import_depends,downstream,required,"",import,[],"","",timeout,graceful_degradation,"","","",one_to_many,0,0,active,,0
354905,307438,307395,import_depends,downstream,required,"",import,[],"","",timeout,graceful_degradation,"","","",one_to_many,0,0,active,,0
354906,307438,307410,import_depends,downstream,required,"",import,[],"","",timeout,graceful_degradation,"","","",one_to_many,0,0,active,,0
354907,307438,307418,import_depends,downstream,required,"",import,[],"","",timeout,graceful_degradation,"","","",one_to_many,0,0,active,,0
354909,307443,307545,import_depends,downstream,critical,"",import,[],"",anti_corruption_layer,service_down,circuit_break,"","","",one_to_many,1,0,active,,0
354923,307450,307453,import_depends,downstream,required,"",import,[],"","",timeout,graceful_degradation,"","","",one_to_many,0,0,active,,0
354924,307450,307449,import_depends,downstream,required,"",import,[],"","",timeout,graceful_degradation,"","","",one_to_many,0,0,active,,0
354926,307450,307466,import_depends,downstream,required,"",import,[],"","",timeout,graceful_degradation,"","","",one_to_many,0,0,active,,0
353757,306508,306953,import_depends,downstream,required,"",import,[],"","",timeout,graceful_degradation,"","","",one_to_many,0,0,active,,0
354927,307450,307447,import_depends,downstream,required,"",import,[],"","",timeout,graceful_degradation,"","","",one_to_many,0,0,active,,0
354113,306891,307542,import_depends,downstream,critical,"",import,[],"","",service_down,circuit_break,"","","",one_to_many,1,0,active,,0
358539,306892,306867,config_depends,downstream,degradable,"",config,[],"","",timeout,circuit_break,"","","",one_to_many,0,0,active,,0
354911,307448,308059,import_depends,downstream,critical,"",import,[],"","",service_down,circuit_break,"","","",one_to_many,1,0,active,,0
354910,307447,306765,import_depends,downstream,critical,"",import,[],"","",service_down,circuit_break,"","","",one_to_many,1,0,active,,0
354912,307449,307459,import_depends,downstream,required,"",import,[],"","",timeout,graceful_degradation,"","","",one_to_many,0,0,active,,0
354913,307449,307463,import_depends,downstream,required,"",import,[],"","",timeout,graceful_degradation,"","","",one_to_many,0,0,active,,0
354919,307449,307470,import_depends,downstream,required,"",import,[],"","",timeout,graceful_degradation,"","","",one_to_many,0,0,active,,0
354920,307449,307458,import_depends,downstream,required,"",import,[],"","",timeout,graceful_degradation,"","","",one_to_many,0,0,active,,0
354921,307449,307461,import_depends,downstream,required,"",import,[],"","",timeout,graceful_degradation,"","","",one_to_many,0,0,active,,0
354922,307449,307462,import_depends,downstream,required,"",import,[],"","",timeout,graceful_degradation,"","","",one_to_many,0,0,active,,0
354942,307455,307448,import_depends,downstream,required,"",import,[],"","",timeout,graceful_degradation,"","","",one_to_many,0,0,active,,0
354943,307458,307464,import_depends,downstream,required,"",import,[],"","",timeout,graceful_degradation,"","","",one_to_many,0,0,active,,0
354945,307460,307458,import_depends,downstream,required,"",import,[],"","",timeout,graceful_degradation,"","","",one_to_many,0,0,active,,0
358534,306713,306693,config_depends,downstream,degradable,"",config,[],"","",timeout,circuit_break,"","","",one_to_many,0,0,active,,0
354944,307459,308059,import_depends,downstream,critical,"",import,[],"","",service_down,circuit_break,"","","",one_to_many,1,0,active,,0
354947,307462,307461,import_depends,downstream,required,"",import,[],"","",timeout,graceful_degradation,"","","",one_to_many,0,0,active,,0
354929,307454,307459,import_depends,downstream,required,"",import,[],"","",timeout,graceful_degradation,"","","",one_to_many,0,0,active,,0
354930,307454,307462,import_depends,downstream,required,"",import,[],"","",timeout,graceful_degradation,"","","",one_to_many,0,0,active,,0
354931,307454,307450,import_depends,downstream,required,"",import,[],"","",timeout,graceful_degradation,"","","",one_to_many,0,0,active,,0
354932,307454,307447,import_depends,downstream,required,"",import,[],"","",timeout,graceful_degradation,"","","",one_to_many,0,0,active,,0
354933,307454,307449,import_depends,downstream,required,"",import,[],"","",timeout,graceful_degradation,"","","",one_to_many,0,0,active,,0
354934,307454,307463,import_depends,downstream,required,"",import,[],"","",timeout,graceful_degradation,"","","",one_to_many,0,0,active,,0
353932,306695,306978,import_depends,downstream,required,"",import,[],"","",timeout,graceful_degradation,"","","",one_to_many,0,0,active,,0
354972,307485,306613,import_depends,downstream,critical,"",import,[],"",anti_corruption_layer,service_down,circuit_break,"","","",one_to_many,1,0,active,,0
354973,307485,306266,import_depends,downstream,critical,"",import,[],"","",service_down,circuit_break,"","","",one_to_many,1,0,active,,0
354974,307485,307956,import_depends,downstream,critical,"",import,[],"",anti_corruption_layer,service_down,circuit_break,"","","",one_to_many,1,0,active,,0
354975,307485,307610,import_depends,downstream,critical,"",import,[],"",anti_corruption_layer,service_down,circuit_break,"","","",one_to_many,1,0,active,,0
354976,307485,307938,import_depends,downstream,critical,"",import,[],"",anti_corruption_layer,service_down,circuit_break,"","","",one_to_many,1,0,active,,0
354977,307485,308051,import_depends,downstream,critical,"",import,[],"","",service_down,circuit_break,"","","",one_to_many,1,0,active,,0
354525,307160,308059,import_depends,downstream,critical,"",import,[],"","",service_down,circuit_break,"","","",one_to_many,1,0,active,,0
354979,307485,308020,import_depends,downstream,critical,"",import,[],"",anti_corruption_layer,service_down,circuit_break,"","","",one_to_many,1,0,active,,0
354980,307485,306918,import_depends,downstream,critical,"",import,[],"","",service_down,circuit_break,"","","",one_to_many,1,0,active,,0
354114,306891,307563,import_depends,downstream,critical,"",import,[],"","",service_down,circuit_break,"","","",one_to_many,1,0,active,,0
354981,307485,306919,import_depends,downstream,critical,"",import,[],"","",service_down,circuit_break,"","","",one_to_many,1,0,active,,0
354982,307485,308091,import_depends,downstream,critical,"",import,[],"",anti_corruption_layer,service_down,circuit_break,"","","",one_to_many,1,0,active,,0
354983,307485,307377,import_depends,downstream,critical,"",import,[],"","",service_down,circuit_break,"","","",one_to_many,1,0,active,,0
354984,307485,307501,import_depends,downstream,required,"",import,[],"",anti_corruption_layer,timeout,graceful_degradation,"","","",one_to_many,0,0,active,,0
354985,307485,307582,import_depends,downstream,critical,"",import,[],"",anti_corruption_layer,service_down,circuit_break,"","","",one_to_many,1,0,active,,0
354988,307493,307501,import_depends,downstream,required,"",import,[],"",anti_corruption_layer,timeout,graceful_degradation,"","","",one_to_many,0,0,active,,0
354989,307494,307502,import_depends,downstream,required,"",import,[],"",anti_corruption_layer,timeout,graceful_degradation,"","","",one_to_many,0,0,active,,0
353761,306529,308132,import_depends,downstream,critical,"",import,[],"",anti_corruption_layer,service_down,circuit_break,"","","",one_to_many,1,0,active,,0
354990,307495,308090,import_depends,downstream,critical,"",import,[],"",anti_corruption_layer,service_down,circuit_break,"","","",one_to_many,1,0,active,,0
354993,307499,308113,import_depends,downstream,critical,"",import,[],"","",service_down,circuit_break,always,"",low,one_to_many,1,0,active,,0
354994,307499,306918,import_depends,downstream,critical,"",import,[],"","",service_down,circuit_break,"","","",one_to_many,1,0,active,,0
354996,307501,307502,import_depends,downstream,required,"",import,[],"",shared_kernel,timeout,graceful_degradation,"","","",one_to_many,0,0,active,,0
354995,307500,308091,import_depends,downstream,critical,"",import,[],"",anti_corruption_layer,service_down,circuit_break,"","","",one_to_many,1,0,active,,0
355006,307506,306918,import_depends,downstream,critical,"",import,[],"","",service_down,circuit_break,"","","",one_to_many,1,0,active,,0
354997,307504,308069,import_depends,downstream,critical,"",import,[],"","",service_down,circuit_break,"","","",one_to_many,1,0,active,,0
354552,307167,306769,import_depends,downstream,critical,"",import,[],"","",service_down,circuit_break,"","","",one_to_many,1,0,active,,0
354998,307504,307501,import_depends,downstream,required,"",import,[],"",shared_kernel,timeout,graceful_degradation,"","","",one_to_many,0,0,active,,0
354999,307504,307506,import_depends,downstream,required,"",import,[],"",shared_kernel,timeout,graceful_degradation,"","","",one_to_many,0,0,active,,0
355007,307507,307525,import_depends,downstream,required,"",import,[],"",shared_kernel,timeout,graceful_degradation,"","","",one_to_many,0,0,active,,0
355008,307507,308059,import_depends,downstream,critical,"",import,[],"",anti_corruption_layer,service_down,circuit_break,"","","",one_to_many,1,0,active,,0
355009,307508,308059,import_depends,downstream,critical,"",import,[],"",anti_corruption_layer,service_down,circuit_break,"","","",one_to_many,1,0,active,,0
355010,307508,306613,import_depends,downstream,critical,"",import,[],"",anti_corruption_layer,service_down,circuit_break,"","","",one_to_many,1,0,active,,0
355030,307512,307525,import_depends,downstream,required,"",import,[],"",shared_kernel,timeout,graceful_degradation,"","","",one_to_many,0,0,active,,0
355032,307512,308118,import_depends,downstream,critical,"",import,[],"","",service_down,circuit_break,"","","",one_to_many,1,0,active,,0
355033,307512,306757,import_depends,downstream,critical,"",import,[],"","",service_down,circuit_break,"","","",one_to_many,1,0,active,,0
355034,307512,306766,import_depends,downstream,critical,"",import,[],"","",service_down,circuit_break,"","","",one_to_many,1,0,active,,0
355035,307512,306769,import_depends,downstream,critical,"",import,[],"","",service_down,circuit_break,"","","",one_to_many,1,0,active,,0
355036,307512,306771,import_depends,downstream,critical,"",import,[],"","",service_down,circuit_break,"","","",one_to_many,1,0,active,,0
355037,307512,307783,import_depends,downstream,critical,"",import,[],"","",service_down,circuit_break,"","","",one_to_many,1,0,active,,0
359085,309107,309103,config_depends,downstream,degradable,"",config,[],"","",timeout,circuit_break,"","","",one_to_many,0,0,active,,0
355038,307512,307995,import_depends,downstream,critical,"",import,[],"",anti_corruption_layer,service_down,circuit_break,"","","",one_to_many,1,0,active,,0
355039,307512,307950,import_depends,downstream,critical,"",import,[],"",anti_corruption_layer,service_down,circuit_break,"","","",one_to_many,1,0,active,,0
355043,307512,306825,import_depends,downstream,critical,"",import,[],"","",service_down,circuit_break,"","","",one_to_many,1,0,active,,0
355044,307512,306918,import_depends,downstream,critical,"",import,[],"","",service_down,circuit_break,"","","",one_to_many,1,0,active,,0
354110,306887,308059,import_depends,downstream,critical,"",import,[],"","",service_down,circuit_break,"","","",one_to_many,1,0,active,,0
355045,307512,306919,import_depends,downstream,critical,"",import,[],"","",service_down,circuit_break,"","","",one_to_many,1,0,active,,0
355011,307510,308118,import_depends,downstream,critical,"",import,[],"","",service_down,circuit_break,"","","",one_to_many,1,0,active,,0
355012,307510,307525,import_depends,downstream,required,"",import,[],"",shared_kernel,timeout,graceful_degradation,"","","",one_to_many,0,0,active,,0
355013,307510,307508,import_depends,downstream,required,"",import,[],"",shared_kernel,timeout,graceful_degradation,"","","",one_to_many,0,0,active,,0
355014,307510,307509,import_depends,downstream,required,"",import,[],"",shared_kernel,timeout,graceful_degradation,"","","",one_to_many,0,0,active,,0
355015,307510,307516,import_depends,downstream,required,"",import,[],"",shared_kernel,timeout,graceful_degradation,"","","",one_to_many,0,0,active,,0
355017,307510,307856,import_depends,downstream,critical,"",import,[],"",anti_corruption_layer,service_down,circuit_break,"","","",one_to_many,1,0,active,,0
355018,307510,307518,import_depends,downstream,required,"",import,[],"",shared_kernel,timeout,graceful_degradation,"","","",one_to_many,0,0,active,,0
355019,307510,307511,import_depends,downstream,required,"",import,[],"",shared_kernel,timeout,graceful_degradation,"","","",one_to_many,0,0,active,,0
355020,307510,307513,import_depends,downstream,required,"",import,[],"",shared_kernel,timeout,graceful_degradation,"","","",one_to_many,0,0,active,,0
355021,307510,307522,import_depends,downstream,required,"",import,[],"",shared_kernel,timeout,graceful_degradation,"","","",one_to_many,0,0,active,,0
355022,307510,307507,import_depends,downstream,required,"",import,[],"",shared_kernel,timeout,graceful_degradation,"","","",one_to_many,0,0,active,,0
355023,307510,307524,import_depends,downstream,required,"",import,[],"",shared_kernel,timeout,graceful_degradation,"","","",one_to_many,0,0,active,,0
355024,307510,307512,import_depends,downstream,required,"",import,[],"",shared_kernel,timeout,graceful_degradation,"","","",one_to_many,0,0,active,,0
355025,307510,307520,import_depends,downstream,required,"",import,[],"",shared_kernel,timeout,graceful_degradation,"","","",one_to_many,0,0,active,,0
355026,307510,307523,import_depends,downstream,required,"",import,[],"",shared_kernel,timeout,graceful_degradation,"","","",one_to_many,0,0,active,,0
355046,307513,307525,import_depends,downstream,required,"",import,[],"",shared_kernel,timeout,graceful_degradation,"","","",one_to_many,0,0,active,,0
355047,307513,308102,import_depends,downstream,critical,"",import,[],"",anti_corruption_layer,service_down,circuit_break,"","","",one_to_many,1,0,active,,0
355048,307513,308132,import_depends,downstream,critical,"",import,[],"",anti_corruption_layer,service_down,circuit_break,"","","",one_to_many,1,0,active,,0
355050,307518,307525,import_depends,downstream,required,"",import,[],"",shared_kernel,timeout,graceful_degradation,"","","",one_to_many,0,0,active,,0
355052,307518,306885,import_depends,downstream,critical,"",import,[],"","",service_down,circuit_break,"","","",one_to_many,1,0,active,,0
355053,307518,307563,import_depends,downstream,critical,"",import,[],"",shared_kernel,service_down,circuit_break,"","","",one_to_many,1,0,active,,0
355049,307515,308059,import_depends,downstream,critical,"",import,[],"",anti_corruption_layer,service_down,circuit_break,"","","",one_to_many,1,0,active,,0
355027,307511,307525,import_depends,downstream,required,"",import,[],"",shared_kernel,timeout,graceful_degradation,"","","",one_to_many,0,0,active,,0
355028,307511,308102,import_depends,downstream,critical,"",import,[],"",anti_corruption_layer,service_down,circuit_break,"","","",one_to_many,1,0,active,,0
355029,307511,308132,import_depends,downstream,critical,"",import,[],"",anti_corruption_layer,service_down,circuit_break,"","","",one_to_many,1,0,active,,0
355057,307522,307525,import_depends,downstream,required,"",import,[],"",shared_kernel,timeout,graceful_degradation,"","","",one_to_many,0,0,active,,0
355058,307522,306944,import_depends,downstream,critical,"",import,[],"","",service_down,circuit_break,"","","",one_to_many,1,0,active,,0
355065,307524,308102,import_depends,downstream,critical,"",import,[],"",anti_corruption_layer,service_down,circuit_break,"","","",one_to_many,1,0,active,,0
355066,307525,308118,import_depends,downstream,critical,"",import,[],"","",service_down,circuit_break,"","","",one_to_many,1,0,active,,0
355067,307525,307509,import_depends,downstream,required,"",import,[],"",shared_kernel,timeout,graceful_degradation,"","","",one_to_many,0,0,active,,0
353933,306695,308113,import_depends,downstream,critical,"",import,[],"","",service_down,circuit_break,"","","",one_to_many,1,0,active,,0
355068,307525,306477,import_depends,downstream,critical,"",import,[],"","",service_down,circuit_break,"","","",one_to_many,1,0,active,,0
355054,307519,307525,import_depends,downstream,required,"",import,[],"",shared_kernel,timeout,graceful_degradation,"","","",one_to_many,0,0,active,,0
355055,307520,308059,import_depends,downstream,critical,"",import,[],"","",service_down,circuit_break,"","","",one_to_many,1,0,active,,0
355056,307520,307449,import_depends,downstream,critical,"",import,[],"","",service_down,circuit_break,"","","",one_to_many,1,0,active,,0
355070,307527,307525,import_depends,downstream,required,"",import,[],"",shared_kernel,timeout,graceful_degradation,"","","",one_to_many,0,0,active,,0
355071,307527,307507,import_depends,downstream,required,"",import,[],"",shared_kernel,timeout,graceful_degradation,"","","",one_to_many,0,0,active,,0
355072,307527,307513,import_depends,downstream,required,"",import,[],"",shared_kernel,timeout,graceful_degradation,"","","",one_to_many,0,0,active,,0
355073,307527,307511,import_depends,downstream,required,"",import,[],"",shared_kernel,timeout,graceful_degradation,"","","",one_to_many,0,0,active,,0
355074,307527,307512,import_depends,downstream,required,"",import,[],"",shared_kernel,timeout,graceful_degradation,"","","",one_to_many,0,0,active,,0
355075,307527,307518,import_depends,downstream,required,"",import,[],"",shared_kernel,timeout,graceful_degradation,"","","",one_to_many,0,0,active,,0
355076,307527,307522,import_depends,downstream,required,"",import,[],"",shared_kernel,timeout,graceful_degradation,"","","",one_to_many,0,0,active,,0
355077,307527,307524,import_depends,downstream,required,"",import,[],"",shared_kernel,timeout,graceful_degradation,"","","",one_to_many,0,0,active,,0
355078,307527,307520,import_depends,downstream,required,"",import,[],"",shared_kernel,timeout,graceful_degradation,"","","",one_to_many,0,0,active,,0
355079,307527,307523,import_depends,downstream,required,"",import,[],"",shared_kernel,timeout,graceful_degradation,"","","",one_to_many,0,0,active,,0
355080,307527,307517,import_depends,downstream,required,"",import,[],"",shared_kernel,timeout,graceful_degradation,"","","",one_to_many,0,0,active,,0
355081,307527,307514,import_depends,downstream,required,"",import,[],"",shared_kernel,timeout,graceful_degradation,"","","",one_to_many,0,0,active,,0
355082,307527,307515,import_depends,downstream,required,"",import,[],"",shared_kernel,timeout,graceful_degradation,"","","",one_to_many,0,0,active,,0
355083,307527,307519,import_depends,downstream,required,"",import,[],"",shared_kernel,timeout,graceful_degradation,"","","",one_to_many,0,0,active,,0
355069,307526,307969,import_depends,downstream,critical,"",import,[],"","",service_down,circuit_break,"","","",one_to_many,1,0,active,,0
355059,307523,307525,import_depends,downstream,required,"",import,[],"",shared_kernel,timeout,graceful_degradation,"","","",one_to_many,0,0,active,,0
355060,307523,307548,import_depends,downstream,critical,"",import,[],"",shared_kernel,service_down,circuit_break,"","","",one_to_many,1,0,active,,0
355061,307523,307563,import_depends,downstream,critical,"",import,[],"",shared_kernel,service_down,circuit_break,"","","",one_to_many,1,0,active,,0
355084,307528,307969,import_depends,downstream,critical,"",import,[],"","",service_down,circuit_break,"","","",one_to_many,1,0,active,,0
355087,307531,307526,import_depends,downstream,required,"",import,[],"",shared_kernel,timeout,graceful_degradation,"","","",one_to_many,0,0,active,,0
355088,307531,307528,import_depends,downstream,required,"",import,[],"",shared_kernel,timeout,graceful_degradation,"","","",one_to_many,0,0,active,,0
355095,307537,307536,import_depends,downstream,required,"",import,[],"",shared_kernel,timeout,graceful_degradation,"","","",one_to_many,0,0,active,,0
355096,307537,307532,import_depends,downstream,required,"",import,[],"",shared_kernel,timeout,graceful_degradation,"","","",one_to_many,0,0,active,,0
355097,307537,307533,import_depends,downstream,required,"",import,[],"",shared_kernel,timeout,graceful_degradation,"","","",one_to_many,0,0,active,,0
355098,307537,307535,import_depends,downstream,required,"",import,[],"",shared_kernel,timeout,graceful_degradation,"","","",one_to_many,0,0,active,,0
355086,307530,307969,import_depends,downstream,critical,"",import,[],"","",service_down,circuit_break,"","","",one_to_many,1,0,active,,0
353936,306698,306978,import_depends,downstream,required,"",import,[],"","",timeout,graceful_degradation,"","","",one_to_many,0,0,active,,0
353947,306707,306978,import_depends,downstream,required,"",import,[],"","",timeout,graceful_degradation,"","","",one_to_many,0,0,active,,0
354743,307312,308059,import_depends,downstream,critical,"",import,[],"","",service_down,circuit_break,"","","",one_to_many,1,0,active,,0
355104,307545,307534,import_depends,downstream,required,"",import,[],"",shared_kernel,timeout,graceful_degradation,"","","",one_to_many,0,0,active,,0
355105,307545,307538,import_depends,downstream,required,"",import,[],"",shared_kernel,timeout,graceful_degradation,"","","",one_to_many,0,0,active,,0
355106,307545,307540,import_depends,downstream,required,"",import,[],"",shared_kernel,timeout,graceful_degradation,"","","",one_to_many,0,0,active,,0
355092,307535,308029,import_depends,downstream,critical,"",import,[],"","",service_down,circuit_break,"","","",one_to_many,1,0,active,,0
355090,307533,308051,import_depends,downstream,critical,"",import,[],"","",service_down,circuit_break,"","","",one_to_many,1,0,active,,0
355091,307533,307534,import_depends,downstream,required,"",import,[],"",shared_kernel,timeout,graceful_degradation,"","","",one_to_many,0,0,active,,0
355099,307540,308107,import_depends,downstream,critical,"",import,[],"","",service_down,circuit_break,"","","",one_to_many,1,0,active,,0
355108,307547,307893,import_depends,downstream,critical,"",import,[],"","",service_down,circuit_break,"","","",one_to_many,1,0,active,,0
355109,307547,308036,import_depends,downstream,critical,"",import,[],"","",service_down,circuit_break,"","","",one_to_many,1,0,active,,0
355101,307542,307548,import_depends,downstream,required,"",import,[],"",shared_kernel,timeout,graceful_degradation,"","","",one_to_many,0,0,active,,0
355112,307550,308102,import_depends,downstream,critical,"",import,[],"",anti_corruption_layer,service_down,circuit_break,"","","",one_to_many,1,0,active,,0
355107,307546,307556,import_depends,downstream,required,"",import,[],"","",timeout,graceful_degradation,"","","",one_to_many,0,0,active,,0
355111,307548,308102,import_depends,downstream,critical,"",import,[],"",anti_corruption_layer,service_down,circuit_break,"","","",one_to_many,1,0,active,,0
353772,306542,308059,import_depends,downstream,critical,"",import,[],"","",service_down,circuit_break,"","","",one_to_many,1,0,active,,0
355118,307553,307568,import_depends,downstream,required,"",import,[],"",shared_kernel,timeout,graceful_degradation,"","","",one_to_many,0,0,active,,0
355102,307544,308102,import_depends,downstream,critical,"",import,[],"",anti_corruption_layer,service_down,circuit_break,"","","",one_to_many,1,0,active,,0
355103,307544,308059,import_depends,downstream,critical,"",import,[],"","",service_down,circuit_break,"","","",one_to_many,1,0,active,,0
355114,307552,307501,import_depends,downstream,required,"",import,[],"",shared_kernel,timeout,graceful_degradation,"","","",one_to_many,0,0,active,,0
355121,307555,307557,import_depends,downstream,required,"",import,[],"",shared_kernel,timeout,graceful_degradation,"","","",one_to_many,0,0,active,,0
355113,307551,307548,import_depends,downstream,required,"",import,[],"",shared_kernel,timeout,graceful_degradation,"","","",one_to_many,0,0,active,,0
355122,307556,307548,import_depends,downstream,required,"",import,[],"",shared_kernel,timeout,graceful_degradation,"","","",one_to_many,0,0,active,,0
355127,307563,307501,import_depends,downstream,required,"",import,[],"",shared_kernel,timeout,graceful_degradation,"","","",one_to_many,0,0,active,,0
355128,307563,307548,import_depends,downstream,required,"",import,[],"",shared_kernel,timeout,graceful_degradation,"","","",one_to_many,0,0,active,,0
354558,307167,306829,import_depends,downstream,critical,"",import,[],"","",service_down,circuit_break,"","","",one_to_many,1,0,active,,0
355129,307563,307550,import_depends,downstream,required,"",import,[],"",shared_kernel,timeout,graceful_degradation,"","","",one_to_many,0,0,active,,0
355130,307563,307566,import_depends,downstream,required,"",import,[],"",shared_kernel,timeout,graceful_degradation,"","","",one_to_many,0,0,active,,0
355131,307563,307564,import_depends,downstream,required,"",import,[],"",shared_kernel,timeout,graceful_degradation,"","","",one_to_many,0,0,active,,0
355132,307563,307503,import_depends,downstream,required,"",import,[],"",shared_kernel,timeout,graceful_degradation,"","","",one_to_many,0,0,active,,0
355133,307563,307554,import_depends,downstream,required,"",import,[],"",shared_kernel,timeout,graceful_degradation,"","","",one_to_many,0,0,active,,0
355134,307563,307558,import_depends,downstream,required,"",import,[],"",shared_kernel,timeout,graceful_degradation,"","","",one_to_many,0,0,active,,0
355135,307563,307542,import_depends,downstream,required,"",import,[],"",shared_kernel,timeout,graceful_degradation,"","","",one_to_many,0,0,active,,0
355136,307563,307560,import_depends,downstream,required,"",import,[],"",shared_kernel,timeout,graceful_degradation,"","","",one_to_many,0,0,active,,0
354107,306884,308059,import_depends,downstream,critical,"",import,[],"","",service_down,circuit_break,"","","",one_to_many,1,0,active,,0
354109,306886,308059,import_depends,downstream,critical,"",import,[],"","",service_down,circuit_break,"","","",one_to_many,1,0,active,,0
354266,307010,306773,import_depends,downstream,critical,"",import,[],"","",service_down,circuit_break,"","","",one_to_many,1,0,active,,0
355137,307563,307561,import_depends,downstream,required,"",import,[],"",shared_kernel,timeout,graceful_degradation,"","","",one_to_many,0,0,active,,0
355139,307565,308059,import_depends,downstream,critical,"",import,[],"",anti_corruption_layer,service_down,circuit_break,"","","",one_to_many,1,0,active,,0
355140,307565,307551,import_depends,downstream,required,"",import,[],"",shared_kernel,timeout,graceful_degradation,"","","",one_to_many,0,0,active,,0
355141,307565,307562,import_depends,downstream,required,"",import,[],"",shared_kernel,timeout,graceful_degradation,"","","",one_to_many,0,0,active,,0
355142,307565,307548,import_depends,downstream,required,"",import,[],"",shared_kernel,timeout,graceful_degradation,"","","",one_to_many,0,0,active,,0
355119,307554,308102,import_depends,downstream,critical,"",import,[],"",anti_corruption_layer,service_down,circuit_break,"","","",one_to_many,1,0,active,,0
355138,307564,308102,import_depends,downstream,critical,"",import,[],"",anti_corruption_layer,service_down,circuit_break,"","","",one_to_many,1,0,active,,0
355125,307559,307502,import_depends,downstream,required,"",import,[],"",shared_kernel,timeout,graceful_degradation,"","","",one_to_many,0,0,active,,0
355126,307562,307548,import_depends,downstream,required,"",import,[],"",shared_kernel,timeout,graceful_degradation,"","","",one_to_many,0,0,active,,0
355143,307566,307568,import_depends,downstream,required,"",import,[],"",shared_kernel,timeout,graceful_degradation,"","","",one_to_many,0,0,active,,0
355144,307566,307548,import_depends,downstream,required,"",import,[],"",shared_kernel,timeout,graceful_degradation,"","","",one_to_many,0,0,active,,0
355124,307558,307548,import_depends,downstream,required,"",import,[],"",shared_kernel,timeout,graceful_degradation,"","","",one_to_many,0,0,active,,0
355148,307571,307555,import_depends,downstream,required,"",import,[],"",shared_kernel,timeout,graceful_degradation,"","","",one_to_many,0,0,active,,0
355149,307571,307563,import_depends,downstream,required,"",import,[],"",shared_kernel,timeout,graceful_degradation,"","","",one_to_many,0,0,active,,0
355150,307571,307557,import_depends,downstream,required,"",import,[],"",shared_kernel,timeout,graceful_degradation,"","","",one_to_many,0,0,active,,0
355151,307571,307559,import_depends,downstream,required,"",import,[],"",shared_kernel,timeout,graceful_degradation,"","","",one_to_many,0,0,active,,0
355152,307571,307560,import_depends,downstream,required,"",import,[],"",shared_kernel,timeout,graceful_degradation,"","","",one_to_many,0,0,active,,0
355145,307568,308102,import_depends,downstream,critical,"",import,[],"",anti_corruption_layer,service_down,circuit_break,"","","",one_to_many,1,0,active,,0
355159,307580,307638,import_depends,downstream,critical,"",import,[],"",anti_corruption_layer,service_down,circuit_break,"","","",one_to_many,1,0,active,,0
355160,307580,307636,import_depends,downstream,critical,"",import,[],"",anti_corruption_layer,service_down,circuit_break,"","","",one_to_many,1,0,active,,0
355153,307577,306880,import_depends,downstream,critical,"",import,[],"","",service_down,circuit_break,"","","",one_to_many,1,0,active,,0
355154,307577,307047,import_depends,downstream,critical,"",import,[],"","",service_down,circuit_break,"","","",one_to_many,1,0,active,,0
353759,306513,306504,import_depends,downstream,required,"",import,[],"",shared_kernel,timeout,graceful_degradation,"","","",one_to_many,0,0,active,,0
355155,307577,306999,import_depends,downstream,critical,"",import,[],"","",service_down,circuit_break,"","","",one_to_many,1,0,active,,0
355156,307579,306889,import_depends,downstream,critical,"",import,[],"","",service_down,circuit_break,"","","",one_to_many,1,0,active,,0
355157,307579,308111,import_depends,downstream,critical,"",import,[],"","",service_down,circuit_break,"","","",one_to_many,1,0,active,,0
355158,307579,306891,import_depends,downstream,critical,"",import,[],"","",service_down,circuit_break,"","","",one_to_many,1,0,active,,0
355170,307587,306345,import_depends,downstream,critical,"",import,[],"","",service_down,circuit_break,"","","",one_to_many,1,0,active,,0
354195,306973,306698,import_depends,downstream,required,"",import,[],"","",timeout,graceful_degradation,"","","",one_to_many,0,0,active,,0
355173,307590,306343,import_depends,downstream,critical,"",import,[],"","",service_down,circuit_break,"","","",one_to_many,1,0,active,,0
355161,307581,306268,import_depends,downstream,critical,"",import,[],"","",service_down,circuit_break,"","","",one_to_many,1,0,active,,0
355162,307581,306958,import_depends,downstream,critical,"",import,[],"","",service_down,circuit_break,"","","",one_to_many,1,0,active,,0
355163,307581,307556,import_depends,downstream,critical,"",import,[],"","",service_down,circuit_break,"","","",one_to_many,1,0,active,,0
355164,307583,307638,import_depends,downstream,critical,"",import,[],"",anti_corruption_layer,service_down,circuit_break,"","","",one_to_many,1,0,active,,0
355165,307583,307636,import_depends,downstream,critical,"",import,[],"",anti_corruption_layer,service_down,circuit_break,"","","",one_to_many,1,0,active,,0
355166,307583,307997,import_depends,downstream,critical,"",import,[],"",anti_corruption_layer,service_down,circuit_break,"","","",one_to_many,1,0,active,,0
355167,307583,308649,import_depends,downstream,critical,"",import,[],"",anti_corruption_layer,service_down,circuit_break,"","","",one_to_many,1,0,active,,0
355174,307592,308059,import_depends,downstream,critical,"",import,[],"","",service_down,circuit_break,"","","",one_to_many,1,0,active,,0
355168,307585,306345,import_depends,downstream,critical,"",import,[],"","",service_down,circuit_break,"","","",one_to_many,1,0,active,,0
355178,307597,307589,import_depends,downstream,required,"",import,[],"","",timeout,graceful_degradation,"","","",one_to_many,0,0,active,,0
355195,307604,307592,import_depends,downstream,required,"",import,[],"","",timeout,graceful_degradation,"","","",one_to_many,0,0,active,,0
354196,306973,306697,import_depends,downstream,required,"",import,[],"","",timeout,graceful_degradation,"","","",one_to_many,0,0,active,,0
355180,307598,307589,import_depends,downstream,required,"",import,[],"",shared_kernel,timeout,graceful_degradation,"","","",one_to_many,0,0,active,,0
355184,307598,307594,import_depends,downstream,required,"",import,[],"","",timeout,graceful_degradation,"","","",one_to_many,0,0,active,,0
355185,307598,307597,import_depends,downstream,required,"",import,[],"","",timeout,graceful_degradation,"","","",one_to_many,0,0,active,,0
355186,307598,307599,import_depends,downstream,required,"",import,[],"","",timeout,graceful_degradation,"","","",one_to_many,0,0,active,,0
355190,307602,307600,import_depends,downstream,required,"",import,[],"",shared_kernel,timeout,graceful_degradation,"","","",one_to_many,0,0,active,,0
355189,307601,307599,import_depends,downstream,required,"",import,[],"",shared_kernel,timeout,graceful_degradation,"","","",one_to_many,0,0,active,,0
355191,307603,307588,import_depends,downstream,required,"",import,[],"",shared_kernel,timeout,graceful_degradation,"","","",one_to_many,0,0,active,,0
355192,307603,307601,import_depends,downstream,required,"",import,[],"",shared_kernel,timeout,graceful_degradation,"","","",one_to_many,0,0,active,,0
355193,307603,307600,import_depends,downstream,required,"",import,[],"",shared_kernel,timeout,graceful_degradation,"","","",one_to_many,0,0,active,,0
355194,307603,307606,import_depends,downstream,required,"",import,[],"",shared_kernel,timeout,graceful_degradation,"","","",one_to_many,0,0,active,,0
355187,307600,307588,import_depends,downstream,required,"",import,[],"",shared_kernel,timeout,graceful_degradation,"","","",one_to_many,0,0,active,,0
355188,307600,307601,import_depends,downstream,required,"",import,[],"",shared_kernel,timeout,graceful_degradation,"","","",one_to_many,0,0,active,,0
355206,307611,307609,import_depends,downstream,required,"",import,[],"",shared_kernel,timeout,graceful_degradation,"","","",one_to_many,0,0,active,,0
355207,307611,307610,import_depends,downstream,required,"",import,[],"",shared_kernel,timeout,graceful_degradation,"","","",one_to_many,0,0,active,,0
355197,307608,307605,import_depends,downstream,required,"",import,[],"",shared_kernel,timeout,graceful_degradation,"","","",one_to_many,0,0,active,,0
355199,307608,307609,import_depends,downstream,required,"",import,[],"",shared_kernel,timeout,graceful_degradation,"","","",one_to_many,0,0,active,,0
355200,307608,307607,import_depends,downstream,required,"",import,[],"",shared_kernel,timeout,graceful_degradation,"","","",one_to_many,0,0,active,,0
355201,307608,307611,import_depends,downstream,required,"",import,[],"",shared_kernel,timeout,graceful_degradation,"","","",one_to_many,0,0,active,,0
355204,307610,307609,import_depends,downstream,required,"",import,[],"",shared_kernel,timeout,graceful_degradation,"","","",one_to_many,0,0,active,,0
355214,307638,307997,import_depends,downstream,critical,"",import,[],"",anti_corruption_layer,service_down,circuit_break,"","","",one_to_many,1,0,active,,0
355215,307638,308649,import_depends,downstream,critical,"",import,[],"",anti_corruption_layer,service_down,circuit_break,"","","",one_to_many,1,0,active,,0
355110,307548,308059,import_depends,downstream,critical,"",import,[],"","",service_down,circuit_break,"","","",one_to_many,1,0,active,,0
355216,307638,307636,import_depends,downstream,required,"",import,[],"",shared_kernel,timeout,graceful_degradation,"","","",one_to_many,0,0,active,,0
355217,307640,307637,import_depends,downstream,required,"",import,[],"",shared_kernel,timeout,graceful_degradation,"","","",one_to_many,0,0,active,,0
355210,307637,307638,import_depends,downstream,required,"",import,[],"",shared_kernel,timeout,graceful_degradation,"","","",one_to_many,0,0,active,,0
355211,307637,307636,import_depends,downstream,required,"",import,[],"",shared_kernel,timeout,graceful_degradation,"","","",one_to_many,0,0,active,,0
355212,307637,307997,import_depends,downstream,critical,"",import,[],"",anti_corruption_layer,service_down,circuit_break,"","","",one_to_many,1,0,active,,0
354727,307303,306579,import_depends,downstream,critical,"",import,[],"","",service_down,circuit_break,"","","",one_to_many,1,0,active,,0
355219,307656,307121,import_depends,downstream,critical,"",import,[],"","",service_down,circuit_break,"","","",one_to_many,1,0,active,,0
355218,307654,307140,import_depends,downstream,critical,"",import,[],"","",service_down,circuit_break,"","","",one_to_many,1,0,active,,0
355220,307657,307115,import_depends,downstream,critical,"",import,[],"","",service_down,circuit_break,"","","",one_to_many,1,0,active,,0
355221,307657,308652,import_depends,downstream,critical,"",import,[],"",anti_corruption_layer,service_down,circuit_break,"","","",one_to_many,1,0,active,,0
355224,307666,307117,import_depends,downstream,critical,"",import,[],"",anti_corruption_layer,service_down,circuit_break,"","","",one_to_many,1,0,active,,0
355225,307670,308646,import_depends,downstream,critical,"",import,[],"",anti_corruption_layer,service_down,circuit_break,"","","",one_to_many,1,0,active,,0
355226,307670,308648,import_depends,downstream,critical,"",import,[],"",anti_corruption_layer,service_down,circuit_break,"","","",one_to_many,1,0,active,,0
355227,307670,308652,import_depends,downstream,critical,"",import,[],"",anti_corruption_layer,service_down,circuit_break,"","","",one_to_many,1,0,active,,0
355229,307678,306908,import_depends,downstream,critical,"",import,[],"","",service_down,circuit_break,"","","",one_to_many,1,0,active,,0
355228,307676,306908,import_depends,downstream,critical,"",import,[],"","",service_down,circuit_break,"","","",one_to_many,1,0,active,,0
355230,307683,306908,import_depends,downstream,critical,"",import,[],"","",service_down,circuit_break,"","","",one_to_many,1,0,active,,0
355231,307683,308646,import_depends,downstream,critical,"",import,[],"",anti_corruption_layer,service_down,circuit_break,"","","",one_to_many,1,0,active,,0
355232,307683,308648,import_depends,downstream,critical,"",import,[],"",anti_corruption_layer,service_down,circuit_break,"","","",one_to_many,1,0,active,,0
355233,307683,308652,import_depends,downstream,critical,"",import,[],"",anti_corruption_layer,service_down,circuit_break,"","","",one_to_many,1,0,active,,0
355238,307688,308667,import_depends,downstream,critical,"",import,[],"",anti_corruption_layer,service_down,circuit_break,"","","",one_to_many,1,0,active,,0
355234,307687,308663,import_depends,downstream,critical,"",import,[],"",anti_corruption_layer,service_down,circuit_break,"","","",one_to_many,1,0,active,,0
355235,307687,308669,import_depends,downstream,critical,"",import,[],"",anti_corruption_layer,service_down,circuit_break,"","","",one_to_many,1,0,active,,0
355236,307687,308667,import_depends,downstream,critical,"",import,[],"",anti_corruption_layer,service_down,circuit_break,"","","",one_to_many,1,0,active,,0
355241,307696,308669,import_depends,downstream,critical,"",import,[],"",anti_corruption_layer,service_down,circuit_break,"","","",one_to_many,1,0,active,,0
355242,307696,308667,import_depends,downstream,critical,"",import,[],"",anti_corruption_layer,service_down,circuit_break,"","","",one_to_many,1,0,active,,0
355243,307696,308668,import_depends,downstream,critical,"",import,[],"",anti_corruption_layer,service_down,circuit_break,"","","",one_to_many,1,0,active,,0
355244,307697,307696,import_depends,downstream,required,"",import,[],"",shared_kernel,timeout,graceful_degradation,"","","",one_to_many,0,0,active,,0
355245,307697,307698,import_depends,downstream,required,"",import,[],"",shared_kernel,timeout,graceful_degradation,"","","",one_to_many,0,0,active,,0
355147,307571,306885,import_depends,downstream,critical,"",import,[],"","",service_down,circuit_break,"","","",one_to_many,1,0,active,,0
355239,307695,308138,import_depends,downstream,critical,"",import,[],"",anti_corruption_layer,service_down,circuit_break,"","","",one_to_many,1,0,active,,0
355250,307702,307700,import_depends,downstream,required,"",import,[],"",shared_kernel,timeout,graceful_degradation,"","","",one_to_many,0,0,active,,0
355251,307702,307699,import_depends,downstream,required,"",import,[],"",shared_kernel,timeout,graceful_degradation,"","","",one_to_many,0,0,active,,0
355252,307702,307705,import_depends,downstream,required,"",import,[],"",shared_kernel,timeout,graceful_degradation,"","","",one_to_many,0,0,active,,0
355253,307702,307703,import_depends,downstream,required,"",import,[],"",shared_kernel,timeout,graceful_degradation,"","","",one_to_many,0,0,active,,0
355258,307705,307691,import_depends,downstream,required,"",import,[],"",shared_kernel,timeout,graceful_degradation,"","","",one_to_many,0,0,active,,0
355246,307699,307687,import_depends,downstream,required,"",import,[],"",shared_kernel,timeout,graceful_degradation,"","","",one_to_many,0,0,active,,0
355247,307699,308667,import_depends,downstream,critical,"",import,[],"",anti_corruption_layer,service_down,circuit_break,"","","",one_to_many,1,0,active,,0
355256,307703,307692,import_depends,downstream,required,"",import,[],"",shared_kernel,timeout,graceful_degradation,"","","",one_to_many,0,0,active,,0
355259,307706,307759,import_depends,downstream,required,"",import,[],"",shared_kernel,timeout,graceful_degradation,"","","",one_to_many,0,0,active,,0
355260,307706,307842,import_depends,downstream,required,"",import,[],"",shared_kernel,timeout,graceful_degradation,"","","",one_to_many,0,0,active,,0
355261,307734,307715,import_depends,downstream,required,"",import,[],"","",timeout,graceful_degradation,"","","",one_to_many,0,0,active,,0
355262,307734,307726,import_depends,downstream,required,"",import,[],"","",timeout,graceful_degradation,"","","",one_to_many,0,0,active,,0
355263,307734,307746,import_depends,downstream,required,"",import,[],"","",timeout,graceful_degradation,"","","",one_to_many,0,0,active,,0
355264,307734,307747,import_depends,downstream,required,"",import,[],"","",timeout,graceful_degradation,"","","",one_to_many,0,0,active,,0
355265,307734,307732,import_depends,downstream,required,"",import,[],"","",timeout,graceful_degradation,"","","",one_to_many,0,0,active,,0
355266,307746,308059,import_depends,downstream,critical,"",import,[],"","",service_down,circuit_break,"","","",one_to_many,1,0,active,,0
355267,307772,307740,import_depends,downstream,required,"",import,[],"","",timeout,graceful_degradation,"","","",one_to_many,0,0,active,,0
355268,307776,307740,import_depends,downstream,required,"",import,[],"","",timeout,graceful_degradation,"","","",one_to_many,0,0,active,,0
355269,307783,307740,import_depends,downstream,required,"",import,[],"","",timeout,graceful_degradation,"","","",one_to_many,0,0,active,,0
355271,307783,307776,import_depends,downstream,required,"",import,[],"","",timeout,graceful_degradation,"","","",one_to_many,0,0,active,,0
353934,306697,306978,import_depends,downstream,required,"",import,[],"","",timeout,graceful_degradation,"","","",one_to_many,0,0,active,,0
355275,307790,307796,import_depends,downstream,required,"",import,[],"",shared_kernel,timeout,graceful_degradation,"","","",one_to_many,0,0,active,,0
355277,307794,306829,import_depends,downstream,critical,"",import,[],"","",service_down,circuit_break,"","","",one_to_many,1,0,active,,0
355273,307789,307796,import_depends,downstream,required,"",import,[],"",shared_kernel,timeout,graceful_degradation,"","","",one_to_many,0,0,active,,0
355272,307788,307010,import_depends,downstream,critical,"",import,[],"",anti_corruption_layer,service_down,circuit_break,"","","",one_to_many,1,0,active,,0
355279,307797,306579,import_depends,downstream,critical,"",import,[],"","",service_down,circuit_break,"","","",one_to_many,1,0,active,,0
355280,307797,307793,import_depends,downstream,required,"",import,[],"",shared_kernel,timeout,graceful_degradation,"","","",one_to_many,0,0,active,,0
355281,307797,306999,import_depends,downstream,critical,"",import,[],"",anti_corruption_layer,service_down,circuit_break,"","","",one_to_many,1,0,active,,0
355276,307792,308250,import_depends,downstream,critical,"",import,[],"","",service_down,circuit_break,"","","",one_to_many,1,0,active,,0
355285,307800,307795,import_depends,downstream,required,"",import,[],"",shared_kernel,timeout,graceful_degradation,"","","",one_to_many,0,0,active,,0
355286,307800,307807,import_depends,downstream,required,"",import,[],"",shared_kernel,timeout,graceful_degradation,"","","",one_to_many,0,0,active,,0
355287,307800,307791,import_depends,downstream,required,"",import,[],"",shared_kernel,timeout,graceful_degradation,"","","",one_to_many,0,0,active,,0
355291,307803,308198,import_depends,downstream,critical,"",import,[],"","",service_down,circuit_break,"","","",one_to_many,1,0,active,,0
355292,307803,308205,import_depends,downstream,critical,"",import,[],"","",service_down,circuit_break,"","","",one_to_many,1,0,active,,0
355282,307798,307797,import_depends,downstream,required,"",import,[],"",shared_kernel,timeout,graceful_degradation,"","","",one_to_many,0,0,active,,0
355278,307796,307797,import_depends,downstream,required,"",import,[],"",shared_kernel,timeout,graceful_degradation,"","","",one_to_many,0,0,active,,0
355283,307799,307783,import_depends,downstream,required,"",import,[],"","",timeout,graceful_degradation,"","","",one_to_many,0,0,active,,0
355294,307805,307790,import_depends,downstream,required,"",import,[],"",shared_kernel,timeout,graceful_degradation,"","","",one_to_many,0,0,active,,0
355295,307805,307796,import_depends,downstream,required,"",import,[],"",shared_kernel,timeout,graceful_degradation,"","","",one_to_many,0,0,active,,0
354200,306973,306701,import_depends,downstream,required,"",import,[],"","",timeout,graceful_degradation,"","","",one_to_many,0,0,active,,0
354201,306973,306693,import_depends,downstream,required,"",import,[],"","",timeout,graceful_degradation,"","","",one_to_many,0,0,active,,0
354202,306973,306712,import_depends,downstream,required,"",import,[],"","",timeout,graceful_degradation,"","","",one_to_many,0,0,active,,0
354203,306973,306718,import_depends,downstream,required,"",import,[],"","",timeout,graceful_degradation,"","","",one_to_many,0,0,active,,0
354204,306973,306721,import_depends,downstream,required,"",import,[],"","",timeout,graceful_degradation,"","","",one_to_many,0,0,active,,0
355293,307804,307797,import_depends,downstream,required,"",import,[],"",shared_kernel,timeout,graceful_degradation,"","","",one_to_many,0,0,active,,0
355298,307809,307815,import_depends,downstream,required,"",import,[],"",shared_kernel,timeout,graceful_degradation,"","","",one_to_many,0,0,active,,0
355299,307809,307786,import_depends,downstream,required,"",import,[],"",shared_kernel,timeout,graceful_degradation,"","","",one_to_many,0,0,active,,0
355300,307809,307789,import_depends,downstream,required,"",import,[],"",shared_kernel,timeout,graceful_degradation,"","","",one_to_many,0,0,active,,0
355301,307809,307790,import_depends,downstream,required,"",import,[],"",shared_kernel,timeout,graceful_degradation,"","","",one_to_many,0,0,active,,0
355302,307809,307795,import_depends,downstream,required,"",import,[],"",shared_kernel,timeout,graceful_degradation,"","","",one_to_many,0,0,active,,0
355303,307809,307791,import_depends,downstream,required,"",import,[],"",shared_kernel,timeout,graceful_degradation,"","","",one_to_many,0,0,active,,0
355304,307809,307793,import_depends,downstream,required,"",import,[],"",shared_kernel,timeout,graceful_degradation,"","","",one_to_many,0,0,active,,0
355305,307809,307796,import_depends,downstream,required,"",import,[],"",shared_kernel,timeout,graceful_degradation,"","","",one_to_many,0,0,active,,0
355306,307809,307800,import_depends,downstream,required,"",import,[],"",shared_kernel,timeout,graceful_degradation,"","","",one_to_many,0,0,active,,0
355307,307809,307803,import_depends,downstream,required,"",import,[],"",shared_kernel,timeout,graceful_degradation,"","","",one_to_many,0,0,active,,0
355308,307809,307798,import_depends,downstream,required,"",import,[],"",shared_kernel,timeout,graceful_degradation,"","","",one_to_many,0,0,active,,0
355309,307809,307804,import_depends,downstream,required,"",import,[],"",shared_kernel,timeout,graceful_degradation,"","","",one_to_many,0,0,active,,0
355310,307809,307805,import_depends,downstream,required,"",import,[],"",shared_kernel,timeout,graceful_degradation,"","","",one_to_many,0,0,active,,0
355311,307809,307807,import_depends,downstream,required,"",import,[],"",shared_kernel,timeout,graceful_degradation,"","","",one_to_many,0,0,active,,0
355312,307809,307812,import_depends,downstream,required,"",import,[],"",shared_kernel,timeout,graceful_degradation,"","","",one_to_many,0,0,active,,0
355313,307809,307808,import_depends,downstream,required,"",import,[],"",shared_kernel,timeout,graceful_degradation,"","","",one_to_many,0,0,active,,0
353768,306539,306542,import_depends,downstream,required,"",import,[],"",shared_kernel,timeout,graceful_degradation,"","","",one_to_many,0,0,active,,0
355314,307809,307806,import_depends,downstream,required,"",import,[],"",shared_kernel,timeout,graceful_degradation,"","","",one_to_many,0,0,active,,0
355315,307812,307797,import_depends,downstream,required,"",import,[],"",shared_kernel,timeout,graceful_degradation,"","","",one_to_many,0,0,active,,0
355297,307808,307796,import_depends,downstream,required,"",import,[],"",shared_kernel,timeout,graceful_degradation,"","","",one_to_many,0,0,active,,0
355296,307806,307797,import_depends,downstream,required,"",import,[],"",shared_kernel,timeout,graceful_degradation,"","","",one_to_many,0,0,active,,0
354205,306973,306709,import_depends,downstream,required,"",import,[],"","",timeout,graceful_degradation,"","","",one_to_many,0,0,active,,0
354206,306973,306710,import_depends,downstream,required,"",import,[],"","",timeout,graceful_degradation,"","","",one_to_many,0,0,active,,0
354207,306973,306706,import_depends,downstream,required,"",import,[],"","",timeout,graceful_degradation,"","","",one_to_many,0,0,active,,0
354208,306973,306716,import_depends,downstream,required,"",import,[],"","",timeout,graceful_degradation,"","","",one_to_many,0,0,active,,0
354209,306973,306715,import_depends,downstream,required,"",import,[],"","",timeout,graceful_degradation,"","","",one_to_many,0,0,active,,0
354210,306973,306702,import_depends,downstream,required,"",import,[],"","",timeout,graceful_degradation,"","","",one_to_many,0,0,active,,0
354211,306973,306711,import_depends,downstream,required,"",import,[],"","",timeout,graceful_degradation,"","","",one_to_many,0,0,active,,0
354212,306973,306707,import_depends,downstream,required,"",import,[],"","",timeout,graceful_degradation,"","","",one_to_many,0,0,active,,0
354213,306973,306704,import_depends,downstream,required,"",import,[],"","",timeout,graceful_degradation,"","","",one_to_many,0,0,active,,0
354214,306973,306695,import_depends,downstream,required,"",import,[],"","",timeout,graceful_degradation,"","","",one_to_many,0,0,active,,0
355316,307815,307797,import_depends,downstream,required,"",import,[],"",shared_kernel,timeout,graceful_degradation,"","","",one_to_many,0,0,active,,0
355317,307818,307846,import_depends,downstream,required,"",import,[],"",shared_kernel,timeout,graceful_degradation,"","","",one_to_many,0,0,active,,0
355318,307821,307818,import_depends,downstream,required,"",import,[],"",shared_kernel,timeout,graceful_degradation,"","","",one_to_many,0,0,active,,0
355319,307821,307822,import_depends,downstream,required,"",import,[],"",shared_kernel,timeout,graceful_degradation,"","","",one_to_many,0,0,active,,0
355320,307821,307823,import_depends,downstream,required,"",import,[],"",shared_kernel,timeout,graceful_degradation,"","","",one_to_many,0,0,active,,0
355321,307822,307846,import_depends,downstream,required,"",import,[],"",shared_kernel,timeout,graceful_degradation,"","","",one_to_many,0,0,active,,0
355324,307825,307832,import_depends,downstream,required,"",import,[],"",shared_kernel,timeout,graceful_degradation,"","","",one_to_many,0,0,active,,0
355325,307825,307846,import_depends,downstream,required,"",import,[],"",shared_kernel,timeout,graceful_degradation,"","","",one_to_many,0,0,active,,0
355326,307825,307835,import_depends,downstream,required,"",import,[],"",shared_kernel,timeout,graceful_degradation,"","","",one_to_many,0,0,active,,0
355327,307825,307837,import_depends,downstream,required,"",import,[],"",shared_kernel,timeout,graceful_degradation,"","","",one_to_many,0,0,active,,0
355322,307824,307846,import_depends,downstream,required,"",import,[],"",shared_kernel,timeout,graceful_degradation,"","","",one_to_many,0,0,active,,0
355341,307831,307846,import_depends,downstream,required,"",import,[],"",shared_kernel,timeout,graceful_degradation,"","","",one_to_many,0,0,active,,0
355334,307829,307846,import_depends,downstream,required,"",import,[],"",shared_kernel,timeout,graceful_degradation,"","","",one_to_many,0,0,active,,0
355331,307828,307846,import_depends,downstream,required,"",import,[],"","",timeout,graceful_degradation,"","","",one_to_many,0,0,active,,0
355332,307828,307822,import_depends,downstream,required,"",import,[],"","",timeout,graceful_degradation,"","","",one_to_many,0,0,active,,0
355333,307828,307837,import_depends,downstream,required,"",import,[],"","",timeout,graceful_degradation,"","","",one_to_many,0,0,active,,0
355328,307827,307846,import_depends,downstream,required,"",import,[],"",shared_kernel,timeout,graceful_degradation,"","","",one_to_many,0,0,active,,0
355329,307827,307047,import_depends,downstream,critical,"",import,[],"","",service_down,circuit_break,"","","",one_to_many,1,0,active,,0
355342,307832,307824,import_depends,downstream,required,"",import,[],"",shared_kernel,timeout,graceful_degradation,"","","",one_to_many,0,0,active,,0
354992,307499,308059,import_depends,downstream,critical,"",import,[],"","",service_down,circuit_break,"","","",one_to_many,1,0,active,,0
355344,307832,307837,import_depends,downstream,required,"",import,[],"",shared_kernel,timeout,graceful_degradation,"","","",one_to_many,0,0,active,,0
355351,307836,307832,import_depends,downstream,required,"",import,[],"",shared_kernel,timeout,graceful_degradation,"","","",one_to_many,0,0,active,,0
355345,307833,307829,import_depends,downstream,required,"",import,[],"",shared_kernel,timeout,graceful_degradation,"","","",one_to_many,0,0,active,,0
355346,307833,307846,import_depends,downstream,required,"",import,[],"",shared_kernel,timeout,graceful_degradation,"","","",one_to_many,0,0,active,,0
354866,307438,307379,import_depends,downstream,required,"",import,[],"","",timeout,graceful_degradation,"","","",one_to_many,0,0,active,,0
355347,307833,307835,import_depends,downstream,required,"",import,[],"",shared_kernel,timeout,graceful_degradation,"","","",one_to_many,0,0,active,,0
355348,307833,307837,import_depends,downstream,required,"",import,[],"",shared_kernel,timeout,graceful_degradation,"","","",one_to_many,0,0,active,,0
355335,307830,307846,import_depends,downstream,required,"",import,[],"",shared_kernel,timeout,graceful_degradation,"","","",one_to_many,0,0,active,,0
355336,307830,306579,import_depends,downstream,critical,"",import,[],"",anti_corruption_layer,service_down,circuit_break,"","","",one_to_many,1,0,active,,0
355337,307830,307047,import_depends,downstream,critical,"",import,[],"","",service_down,circuit_break,"","","",one_to_many,1,0,active,,0
355338,307830,307004,import_depends,downstream,critical,"",import,[],"",anti_corruption_layer,service_down,circuit_break,"","","",one_to_many,1,0,active,,0
355339,307830,307538,import_depends,downstream,critical,"",import,[],"",anti_corruption_layer,service_down,circuit_break,"","","",one_to_many,1,0,active,,0
355340,307830,307540,import_depends,downstream,critical,"",import,[],"",anti_corruption_layer,service_down,circuit_break,"","","",one_to_many,1,0,active,,0
355349,307834,307846,import_depends,downstream,required,"",import,[],"",shared_kernel,timeout,graceful_degradation,"","","",one_to_many,0,0,active,,0
355396,307850,307837,import_depends,downstream,required,"",import,[],"","",timeout,graceful_degradation,"","","",one_to_many,0,0,active,,0
355350,307835,307846,import_depends,downstream,required,"",import,[],"",shared_kernel,timeout,graceful_degradation,"","","",one_to_many,0,0,active,,0
355352,307837,307824,import_depends,downstream,required,"",import,[],"",shared_kernel,timeout,graceful_degradation,"","","",one_to_many,0,0,active,,0
355353,307837,307818,import_depends,downstream,required,"",import,[],"",shared_kernel,timeout,graceful_degradation,"","","",one_to_many,0,0,active,,0
359179,310886,310872,config_depends,downstream,degradable,"",config,[],"","",timeout,circuit_break,"","","",one_to_many,0,0,active,,0
359170,310877,310872,config_depends,downstream,degradable,"",config,[],"","",timeout,circuit_break,"","","",one_to_many,0,0,active,,0
359181,310888,310872,config_depends,downstream,degradable,"",config,[],"","",timeout,circuit_break,"","","",one_to_many,0,0,active,,0
359174,310881,310872,config_depends,downstream,degradable,"",config,[],"","",timeout,circuit_break,"","","",one_to_many,0,0,active,,0
355354,307837,307823,import_depends,downstream,required,"",import,[],"",shared_kernel,timeout,graceful_degradation,"","","",one_to_many,0,0,active,,0
355355,307837,307830,import_depends,downstream,required,"",import,[],"",shared_kernel,timeout,graceful_degradation,"","","",one_to_many,0,0,active,,0
355356,307837,307846,import_depends,downstream,required,"",import,[],"",shared_kernel,timeout,graceful_degradation,"","","",one_to_many,0,0,active,,0
355357,307837,307835,import_depends,downstream,required,"",import,[],"",shared_kernel,timeout,graceful_degradation,"","","",one_to_many,0,0,active,,0
355358,307837,307839,import_depends,downstream,required,"",import,[],"",shared_kernel,timeout,graceful_degradation,"","","",one_to_many,0,0,active,,0
355361,307842,307820,import_depends,downstream,required,"",import,[],"",shared_kernel,timeout,graceful_degradation,"","","",one_to_many,0,0,active,,0
355362,307842,307821,import_depends,downstream,required,"",import,[],"",shared_kernel,timeout,graceful_degradation,"","","",one_to_many,0,0,active,,0
355363,307842,307824,import_depends,downstream,required,"",import,[],"",shared_kernel,timeout,graceful_degradation,"","","",one_to_many,0,0,active,,0
355364,307842,307818,import_depends,downstream,required,"",import,[],"",shared_kernel,timeout,graceful_degradation,"","","",one_to_many,0,0,active,,0
355365,307842,307822,import_depends,downstream,required,"",import,[],"",shared_kernel,timeout,graceful_degradation,"","","",one_to_many,0,0,active,,0
355367,307842,307825,import_depends,downstream,required,"",import,[],"",shared_kernel,timeout,graceful_degradation,"","","",one_to_many,0,0,active,,0
355368,307842,307826,import_depends,downstream,required,"",import,[],"",shared_kernel,timeout,graceful_degradation,"","","",one_to_many,0,0,active,,0
355369,307842,307831,import_depends,downstream,required,"",import,[],"",shared_kernel,timeout,graceful_degradation,"","","",one_to_many,0,0,active,,0
355373,307842,307832,import_depends,downstream,required,"",import,[],"",shared_kernel,timeout,graceful_degradation,"","","",one_to_many,0,0,active,,0
355374,307842,307836,import_depends,downstream,required,"",import,[],"",shared_kernel,timeout,graceful_degradation,"","","",one_to_many,0,0,active,,0
355375,307842,307834,import_depends,downstream,required,"",import,[],"",shared_kernel,timeout,graceful_degradation,"","","",one_to_many,0,0,active,,0
355376,307842,307833,import_depends,downstream,required,"",import,[],"",shared_kernel,timeout,graceful_degradation,"","","",one_to_many,0,0,active,,0
353777,306544,308102,import_depends,downstream,critical,"",import,[],"",anti_corruption_layer,service_down,circuit_break,"","","",one_to_many,1,0,active,,0
355377,307842,307846,import_depends,downstream,required,"",import,[],"",shared_kernel,timeout,graceful_degradation,"","","",one_to_many,0,0,active,,0
355380,307842,307837,import_depends,downstream,required,"",import,[],"",shared_kernel,timeout,graceful_degradation,"","","",one_to_many,0,0,active,,0
355381,307842,307819,import_depends,downstream,required,"",import,[],"",shared_kernel,timeout,graceful_degradation,"","","",one_to_many,0,0,active,,0
355359,307839,307846,import_depends,downstream,required,"",import,[],"",shared_kernel,timeout,graceful_degradation,"","","",one_to_many,0,0,active,,0
355360,307840,307825,import_depends,downstream,required,"",import,[],"",shared_kernel,timeout,graceful_degradation,"","","",one_to_many,0,0,active,,0
354914,307449,307465,import_depends,downstream,required,"",import,[],"","",timeout,graceful_degradation,"","","",one_to_many,0,0,active,,0
359180,310887,310872,config_depends,downstream,degradable,"",config,[],"","",timeout,circuit_break,"","","",one_to_many,0,0,active,,0
359178,310885,310872,config_depends,downstream,degradable,"",config,[],"","",timeout,circuit_break,"","","",one_to_many,0,0,active,,0
359176,310883,310872,config_depends,downstream,degradable,"",config,[],"","",timeout,circuit_break,"","","",one_to_many,0,0,active,,0
359175,310882,310872,config_depends,downstream,degradable,"",config,[],"","",timeout,circuit_break,"","","",one_to_many,0,0,active,,0
359188,310895,310872,config_depends,downstream,degradable,"",config,[],"","",timeout,circuit_break,"","","",one_to_many,0,0,active,,0
355382,307845,307864,import_depends,downstream,required,"",import,[],"",shared_kernel,timeout,graceful_degradation,"","","",one_to_many,0,0,active,,0
355383,307845,307867,import_depends,downstream,required,"",import,[],"",shared_kernel,timeout,graceful_degradation,"","","",one_to_many,0,0,active,,0
355384,307845,307862,import_depends,downstream,required,"",import,[],"",shared_kernel,timeout,graceful_degradation,"","","",one_to_many,0,0,active,,0
355385,307845,307861,import_depends,downstream,required,"",import,[],"",shared_kernel,timeout,graceful_degradation,"","","",one_to_many,0,0,active,,0
355386,307845,307871,import_depends,downstream,required,"",import,[],"",shared_kernel,timeout,graceful_degradation,"","","",one_to_many,0,0,active,,0
355387,307845,307866,import_depends,downstream,required,"",import,[],"",shared_kernel,timeout,graceful_degradation,"","","",one_to_many,0,0,active,,0
355388,307845,307865,import_depends,downstream,required,"",import,[],"",shared_kernel,timeout,graceful_degradation,"","","",one_to_many,0,0,active,,0
355389,307845,307869,import_depends,downstream,required,"",import,[],"",shared_kernel,timeout,graceful_degradation,"","","",one_to_many,0,0,active,,0
355390,307845,307876,import_depends,downstream,required,"",import,[],"",shared_kernel,timeout,graceful_degradation,"","","",one_to_many,0,0,active,,0
355391,307845,307856,import_depends,downstream,required,"",import,[],"",shared_kernel,timeout,graceful_degradation,"","","",one_to_many,0,0,active,,0
355392,307845,307855,import_depends,downstream,required,"",import,[],"","",timeout,graceful_degradation,"","","",one_to_many,0,0,active,,0
355393,307845,307889,import_depends,downstream,required,"",import,[],"",shared_kernel,timeout,graceful_degradation,"","","",one_to_many,0,0,active,,0
355394,307849,308132,import_depends,downstream,critical,"",import,[],"",anti_corruption_layer,service_down,circuit_break,"","","",one_to_many,1,0,active,,0
355395,307849,306558,import_depends,downstream,critical,"",import,[],"",anti_corruption_layer,service_down,circuit_break,"","","",one_to_many,1,0,active,,0
355400,307858,307845,import_depends,downstream,required,"",import,[],"",shared_kernel,timeout,graceful_degradation,"","","",one_to_many,0,0,active,,0
355401,307858,307847,import_depends,downstream,required,"",import,[],"",shared_kernel,timeout,graceful_degradation,"","","",one_to_many,0,0,active,,0
355402,307858,307854,import_depends,downstream,required,"",import,[],"",shared_kernel,timeout,graceful_degradation,"","","",one_to_many,0,0,active,,0
354215,306973,308052,import_depends,downstream,critical,"",import,[],"","",service_down,circuit_break,"","","",one_to_many,1,0,active,,0
354216,306973,308059,import_depends,downstream,critical,"",import,[],"","",service_down,circuit_break,"","","",one_to_many,1,0,active,,0
354217,306973,307828,import_depends,downstream,critical,"",import,[],"","",service_down,circuit_break,"","","",one_to_many,1,0,active,,0
355403,307858,307856,import_depends,downstream,required,"",import,[],"",shared_kernel,timeout,graceful_degradation,"","","",one_to_many,0,0,active,,0
353762,306529,308059,import_depends,downstream,critical,"",import,[],"","",service_down,circuit_break,"","","",one_to_many,1,0,active,,0
355398,307856,308021,import_depends,downstream,critical,"",import,[],"",anti_corruption_layer,service_down,circuit_break,"","","",one_to_many,1,0,active,,0
355409,307863,307849,import_depends,downstream,required,"",import,[],"",shared_kernel,timeout,graceful_degradation,"","","",one_to_many,0,0,active,,0
355410,307863,307847,import_depends,downstream,required,"",import,[],"",shared_kernel,timeout,graceful_degradation,"","","",one_to_many,0,0,active,,0
355179,307597,308059,import_depends,downstream,critical,"",import,[],"","",service_down,circuit_break,"","","",one_to_many,1,0,active,,0
355411,307863,307872,import_depends,downstream,required,"",import,[],"",shared_kernel,timeout,graceful_degradation,"","","",one_to_many,0,0,active,,0
355412,307863,307879,import_depends,downstream,required,"",import,[],"",shared_kernel,timeout,graceful_degradation,"","","",one_to_many,0,0,active,,0
355413,307863,307874,import_depends,downstream,required,"",import,[],"",shared_kernel,timeout,graceful_degradation,"","","",one_to_many,0,0,active,,0
355414,307863,307856,import_depends,downstream,required,"",import,[],"",shared_kernel,timeout,graceful_degradation,"","","",one_to_many,0,0,active,,0
355415,307863,307883,import_depends,downstream,required,"",import,[],"",shared_kernel,timeout,graceful_degradation,"","","",one_to_many,0,0,active,,0
355416,307864,307856,import_depends,downstream,required,"",import,[],"","",timeout,graceful_degradation,"","","",one_to_many,0,0,active,,0
355417,307864,308021,import_depends,downstream,critical,"",import,[],"","",service_down,circuit_break,"","","",one_to_many,1,0,active,,0
355406,307862,307856,import_depends,downstream,required,"",import,[],"","",timeout,graceful_degradation,"","","",one_to_many,0,0,active,,0
355426,307871,307856,import_depends,downstream,required,"",import,[],"","",timeout,graceful_degradation,"","","",one_to_many,0,0,active,,0
355427,307871,308021,import_depends,downstream,critical,"",import,[],"","",service_down,circuit_break,"","","",one_to_many,1,0,active,,0
355404,307861,307856,import_depends,downstream,required,"",import,[],"","",timeout,graceful_degradation,"","","",one_to_many,0,0,active,,0
355405,307861,308021,import_depends,downstream,critical,"",import,[],"","",service_down,circuit_break,"","","",one_to_many,1,0,active,,0
355418,307865,307856,import_depends,downstream,required,"",import,[],"","",timeout,graceful_degradation,"","","",one_to_many,0,0,active,,0
355419,307865,308021,import_depends,downstream,critical,"",import,[],"","",service_down,circuit_break,"","","",one_to_many,1,0,active,,0
355420,307866,307856,import_depends,downstream,required,"",import,[],"","",timeout,graceful_degradation,"","","",one_to_many,0,0,active,,0
355421,307866,308021,import_depends,downstream,critical,"",import,[],"","",service_down,circuit_break,"","","",one_to_many,1,0,active,,0
355422,307867,307856,import_depends,downstream,required,"",import,[],"","",timeout,graceful_degradation,"","","",one_to_many,0,0,active,,0
355423,307867,308021,import_depends,downstream,critical,"",import,[],"","",service_down,circuit_break,"","","",one_to_many,1,0,active,,0
355424,307869,307856,import_depends,downstream,required,"",import,[],"","",timeout,graceful_degradation,"","","",one_to_many,0,0,active,,0
355425,307869,308021,import_depends,downstream,critical,"",import,[],"","",service_down,circuit_break,"","","",one_to_many,1,0,active,,0
355428,307875,308113,import_depends,downstream,critical,"",import,[],"",anti_corruption_layer,service_down,circuit_break,"","","",one_to_many,1,0,active,,0
355429,307876,307856,import_depends,downstream,required,"",import,[],"","",timeout,graceful_degradation,"","","",one_to_many,0,0,active,,0
354239,306996,306918,import_depends,downstream,critical,"",import,[],"","",service_down,circuit_break,"","","",one_to_many,1,0,active,,0
354240,306996,306919,import_depends,downstream,critical,"",import,[],"","",service_down,circuit_break,"","","",one_to_many,1,0,active,,0
354224,306977,306976,import_depends,downstream,required,"",import,[],"","",timeout,graceful_degradation,"","","",one_to_many,0,0,active,,0
354225,306977,307756,import_depends,downstream,critical,"",import,[],"","",service_down,circuit_break,"","","",one_to_many,1,0,active,,0
355430,307876,308021,import_depends,downstream,critical,"",import,[],"","",service_down,circuit_break,"","","",one_to_many,1,0,active,,0
355436,307882,307856,import_depends,downstream,required,"",import,[],"",shared_kernel,timeout,graceful_degradation,"","","",one_to_many,0,0,active,,0
355437,307882,308118,import_depends,downstream,critical,"",import,[],"","",service_down,circuit_break,"","","",one_to_many,1,0,active,,0
355431,307877,308118,import_depends,downstream,critical,"",import,[],"","",service_down,circuit_break,"","","",one_to_many,1,0,active,,0
355432,307877,307845,import_depends,downstream,required,"",import,[],"",shared_kernel,timeout,graceful_degradation,"","","",one_to_many,0,0,active,,0
355438,307889,307880,import_depends,downstream,required,"",import,[],"",shared_kernel,timeout,graceful_degradation,"","","",one_to_many,0,0,active,,0
355439,307889,307856,import_depends,downstream,required,"",import,[],"","",timeout,graceful_degradation,"","","",one_to_many,0,0,active,,0
353778,306544,308132,import_depends,downstream,critical,"",import,[],"",anti_corruption_layer,service_down,circuit_break,"","","",one_to_many,1,0,active,,0
353773,306542,306500,import_depends,downstream,required,"",import,[],"",shared_kernel,timeout,graceful_degradation,"","","",one_to_many,0,0,active,,0
355440,307889,308021,import_depends,downstream,critical,"",import,[],"","",service_down,circuit_break,"","","",one_to_many,1,0,active,,0
355433,307881,306558,import_depends,downstream,critical,"",import,[],"",anti_corruption_layer,service_down,circuit_break,"","","",one_to_many,1,0,active,,0
355445,307912,308061,import_depends,downstream,required,"",import,[],"",shared_kernel,timeout,graceful_degradation,"","","",one_to_many,0,0,active,,0
355447,307912,308100,import_depends,downstream,required,"",import,[],"",shared_kernel,timeout,graceful_degradation,"","","",one_to_many,0,0,active,,0
355442,307908,308102,import_depends,downstream,required,"",import,[],"",shared_kernel,timeout,graceful_degradation,"","","",one_to_many,0,0,active,,0
355450,307937,307969,import_depends,downstream,required,"",import,[],"","",timeout,graceful_degradation,"","","",one_to_many,0,0,active,,0
355448,307934,307969,import_depends,downstream,required,"",import,[],"","",timeout,graceful_degradation,"","","",one_to_many,0,0,active,,0
355449,307936,307969,import_depends,downstream,required,"",import,[],"","",timeout,graceful_degradation,"","","",one_to_many,0,0,active,,0
355452,307942,307969,import_depends,downstream,required,"",import,[],"","",timeout,graceful_degradation,"","","",one_to_many,0,0,active,,0
355451,307940,307969,import_depends,downstream,required,"",import,[],"","",timeout,graceful_degradation,"","","",one_to_many,0,0,active,,0
355458,307952,307969,import_depends,downstream,required,"",import,[],"","",timeout,graceful_degradation,"","","",one_to_many,0,0,active,,0
355456,307946,307969,import_depends,downstream,required,"",import,[],"","",timeout,graceful_degradation,"","","",one_to_many,0,0,active,,0
355455,307945,308059,import_depends,downstream,required,"",import,[],"","",timeout,graceful_degradation,"","","",one_to_many,0,0,active,,0
355457,307948,307969,import_depends,downstream,required,"",import,[],"","",timeout,graceful_degradation,"","","",one_to_many,0,0,active,,0
355468,307964,307969,import_depends,downstream,required,"",import,[],"",shared_kernel,timeout,graceful_degradation,"","","",one_to_many,0,0,active,,0
354226,306977,306975,import_depends,downstream,required,"",import,[],"","",timeout,graceful_degradation,"","","",one_to_many,0,0,active,,0
355469,307965,307970,import_depends,downstream,required,"",import,[],"",shared_kernel,timeout,graceful_degradation,"","","",one_to_many,0,0,active,,0
355470,307965,307972,import_depends,downstream,required,"",import,[],"",shared_kernel,timeout,graceful_degradation,"","","",one_to_many,0,0,active,,0
355471,307965,307963,import_depends,downstream,required,"",import,[],"",shared_kernel,timeout,graceful_degradation,"","","",one_to_many,0,0,active,,0
355472,307965,307966,import_depends,downstream,required,"",import,[],"",shared_kernel,timeout,graceful_degradation,"","","",one_to_many,0,0,active,,0
355473,307965,307980,import_depends,downstream,required,"",import,[],"",shared_kernel,timeout,graceful_degradation,"","","",one_to_many,0,0,active,,0
355475,307965,307975,import_depends,downstream,required,"",import,[],"",shared_kernel,timeout,graceful_degradation,"","","",one_to_many,0,0,active,,0
355476,307965,307969,import_depends,downstream,required,"",import,[],"",shared_kernel,timeout,graceful_degradation,"","","",one_to_many,0,0,active,,0
355477,307965,307987,import_depends,downstream,required,"",import,[],"",shared_kernel,timeout,graceful_degradation,"","","",one_to_many,0,0,active,,0
355478,307965,307984,import_depends,downstream,required,"",import,[],"",shared_kernel,timeout,graceful_degradation,"","","",one_to_many,0,0,active,,0
355479,307965,307990,import_depends,downstream,required,"",import,[],"",shared_kernel,timeout,graceful_degradation,"","","",one_to_many,0,0,active,,0
355480,307965,307997,import_depends,downstream,required,"",import,[],"",shared_kernel,timeout,graceful_degradation,"","","",one_to_many,0,0,active,,0
355481,307965,308001,import_depends,downstream,required,"",import,[],"",shared_kernel,timeout,graceful_degradation,"","","",one_to_many,0,0,active,,0
355482,307965,307938,import_depends,downstream,required,"",import,[],"",shared_kernel,timeout,graceful_degradation,"","","",one_to_many,0,0,active,,0
355483,307965,307943,import_depends,downstream,required,"",import,[],"",shared_kernel,timeout,graceful_degradation,"","","",one_to_many,0,0,active,,0
355408,307863,308059,import_depends,downstream,critical,"",import,[],"","",service_down,circuit_break,"","","",one_to_many,1,0,active,,0
355484,307965,308004,import_depends,downstream,required,"",import,[],"",shared_kernel,timeout,graceful_degradation,"","","",one_to_many,0,0,active,,0
355485,307965,308007,import_depends,downstream,required,"",import,[],"",shared_kernel,timeout,graceful_degradation,"","","",one_to_many,0,0,active,,0
355486,307965,308013,import_depends,downstream,required,"",import,[],"",shared_kernel,timeout,graceful_degradation,"","","",one_to_many,0,0,active,,0
355487,307965,307950,import_depends,downstream,required,"",import,[],"",shared_kernel,timeout,graceful_degradation,"","","",one_to_many,0,0,active,,0
355488,307965,307956,import_depends,downstream,required,"",import,[],"",shared_kernel,timeout,graceful_degradation,"","","",one_to_many,0,0,active,,0
355462,307959,307953,import_depends,downstream,required,"",import,[],"","",timeout,graceful_degradation,"","","",one_to_many,0,0,active,,0
355463,307959,307958,import_depends,downstream,required,"",import,[],"","",timeout,graceful_degradation,"","","",one_to_many,0,0,active,,0
355464,307959,307955,import_depends,downstream,required,"",import,[],"","",timeout,graceful_degradation,"","","",one_to_many,0,0,active,,0
355465,307963,308102,import_depends,downstream,required,"",import,[],"",anti_corruption_layer,timeout,graceful_degradation,"","","",one_to_many,0,0,active,,0
355467,307963,308051,import_depends,downstream,required,"",import,[],"",anti_corruption_layer,timeout,graceful_degradation,"","","",one_to_many,0,0,active,,0
355490,307968,307969,import_depends,downstream,required,"",import,[],"",shared_kernel,timeout,graceful_degradation,"","","",one_to_many,0,0,active,,0
355496,307978,307969,import_depends,downstream,required,"",import,[],"",shared_kernel,timeout,graceful_degradation,"","","",one_to_many,0,0,active,,0
355493,307974,307969,import_depends,downstream,required,"",import,[],"","",timeout,graceful_degradation,"","","",one_to_many,0,0,active,,0
355497,307979,307969,import_depends,downstream,required,"",import,[],"",shared_kernel,timeout,graceful_degradation,"","","",one_to_many,0,0,active,,0
355498,307984,307982,import_depends,downstream,required,"",import,[],"",shared_kernel,timeout,graceful_degradation,"","","",one_to_many,0,0,active,,0
355495,307977,307969,import_depends,downstream,required,"",import,[],"","",timeout,graceful_degradation,"","","",one_to_many,0,0,active,,0
355499,307987,307968,import_depends,downstream,required,"",import,[],"",shared_kernel,timeout,graceful_degradation,"","","",one_to_many,0,0,active,,0
355500,307987,307978,import_depends,downstream,required,"",import,[],"",shared_kernel,timeout,graceful_degradation,"","","",one_to_many,0,0,active,,0
354227,306977,308059,import_depends,downstream,critical,"",import,[],"","",service_down,circuit_break,"","","",one_to_many,1,0,active,,0
355501,307987,307976,import_depends,downstream,required,"",import,[],"","",timeout,graceful_degradation,"","","",one_to_many,0,0,active,,0
355502,307987,307979,import_depends,downstream,required,"",import,[],"",shared_kernel,timeout,graceful_degradation,"","","",one_to_many,0,0,active,,0
355504,307987,307977,import_depends,downstream,required,"",import,[],"","",timeout,graceful_degradation,"","","",one_to_many,0,0,active,,0
355505,307990,307969,import_depends,downstream,required,"",import,[],"",shared_kernel,timeout,graceful_degradation,"","","",one_to_many,0,0,active,,0
355506,308001,307995,import_depends,downstream,required,"",import,[],"",shared_kernel,timeout,graceful_degradation,"","","",one_to_many,0,0,active,,0
355507,308001,307999,import_depends,downstream,required,"",import,[],"",shared_kernel,timeout,graceful_degradation,"","","",one_to_many,0,0,active,,0
355508,308011,308000,import_depends,downstream,required,"",import,[],"",shared_kernel,timeout,graceful_degradation,"","","",one_to_many,0,0,active,,0
355509,308011,308008,import_depends,downstream,required,"",import,[],"",shared_kernel,timeout,graceful_degradation,"","","",one_to_many,0,0,active,,0
355510,308011,308005,import_depends,downstream,required,"",import,[],"",shared_kernel,timeout,graceful_degradation,"","","",one_to_many,0,0,active,,0
353771,306541,308051,import_depends,downstream,critical,"",import,[],"",anti_corruption_layer,service_down,circuit_break,"","","",one_to_many,1,0,active,,0
355511,308011,308002,import_depends,downstream,required,"",import,[],"",shared_kernel,timeout,graceful_degradation,"","","",one_to_many,0,0,active,,0
355512,308011,308006,import_depends,downstream,required,"",import,[],"",shared_kernel,timeout,graceful_degradation,"","","",one_to_many,0,0,active,,0
353942,306703,306978,import_depends,downstream,required,"",import,[],"","",timeout,graceful_degradation,"","","",one_to_many,0,0,active,,0
355513,308011,308003,import_depends,downstream,required,"",import,[],"",shared_kernel,timeout,graceful_degradation,"","","",one_to_many,0,0,active,,0
355518,308017,308019,import_depends,downstream,required,"",import,[],"",shared_kernel,timeout,graceful_degradation,"","","",one_to_many,0,0,active,,0
355519,308017,308016,import_depends,downstream,required,"",import,[],"",shared_kernel,timeout,graceful_degradation,"","","",one_to_many,0,0,active,,0
355525,308028,307966,import_depends,downstream,required,"",import,[],"",anti_corruption_layer,timeout,graceful_degradation,"","","",one_to_many,0,0,active,,0
355526,308028,308051,import_depends,downstream,required,"",import,[],"",shared_kernel,timeout,graceful_degradation,"","","",one_to_many,0,0,active,,0
355527,308028,308102,import_depends,downstream,required,"",import,[],"",shared_kernel,timeout,graceful_degradation,"","","",one_to_many,0,0,active,,0
355530,308031,308023,import_depends,downstream,required,"",import,[],"",shared_kernel,timeout,graceful_degradation,"","","",one_to_many,0,0,active,,0
355523,308024,308105,import_depends,downstream,required,"",import,[],"",shared_kernel,timeout,graceful_degradation,"","","",one_to_many,0,0,active,,0
355531,308032,308043,import_depends,downstream,required,"",import,[],"","",timeout,graceful_degradation,"","","",one_to_many,0,0,active,,0
355529,308030,308029,import_depends,downstream,required,"",import,[],"","",timeout,graceful_degradation,"","","",one_to_many,0,0,active,,0
355532,308035,308127,import_depends,downstream,required,"",import,[],"","",timeout,graceful_degradation,"","","",one_to_many,0,0,active,,0
355534,308039,308061,import_depends,downstream,required,"",import,[],"","",timeout,graceful_degradation,"","","",one_to_many,0,0,active,,0
355533,308037,308036,import_depends,downstream,required,"",import,[],"",shared_kernel,timeout,graceful_degradation,"","","",one_to_many,0,0,active,,0
355536,308042,308036,import_depends,downstream,required,"",import,[],"",shared_kernel,timeout,graceful_degradation,"","","",one_to_many,0,0,active,,0
355535,308041,308036,import_depends,downstream,required,"",import,[],"",shared_kernel,timeout,graceful_degradation,"","","",one_to_many,0,0,active,,0
355538,308044,308036,import_depends,downstream,required,"",import,[],"",shared_kernel,timeout,graceful_degradation,"","","",one_to_many,0,0,active,,0
355544,308049,308036,import_depends,downstream,required,"",import,[],"",shared_kernel,timeout,graceful_degradation,"","","",one_to_many,0,0,active,,0
355542,308048,308052,import_depends,downstream,required,"",import,[],"",shared_kernel,timeout,graceful_degradation,"","","",one_to_many,0,0,active,,0
355537,308043,308036,import_depends,downstream,required,"",import,[],"",shared_kernel,timeout,graceful_degradation,"","","",one_to_many,0,0,active,,0
355547,308052,308074,import_depends,downstream,critical,"",import,[],"",anti_corruption_layer,service_down,circuit_break,"","","",one_to_many,1,0,active,,0
355545,308050,308059,import_depends,downstream,required,"",import,[],"","",timeout,graceful_degradation,"","","",one_to_many,0,0,active,,0
353776,306543,307342,import_depends,downstream,critical,"",import,[],"","",service_down,circuit_break,"","","",one_to_many,1,0,active,,0
355551,308064,308070,import_depends,downstream,required,"",import,[],"","",timeout,graceful_degradation,"","","",one_to_many,0,0,active,,0
355552,308072,308036,import_depends,downstream,critical,"",import,[],"","",service_down,circuit_break,"","","",one_to_many,1,0,active,,0
355554,308083,308128,import_depends,downstream,critical,"",import,[],"","",service_down,circuit_break,"","","",one_to_many,1,0,active,,0
353941,306702,306978,import_depends,downstream,required,"",import,[],"","",timeout,graceful_degradation,"","","",one_to_many,0,0,active,,0
355553,308080,308111,import_depends,downstream,required,"",import,[],"","",timeout,graceful_degradation,"","","",one_to_many,0,0,active,,0
355560,308088,308087,import_depends,downstream,required,"",import,[],"",shared_kernel,timeout,graceful_degradation,"","","",one_to_many,0,0,active,,0
355561,308091,308089,import_depends,downstream,required,"",import,[],"",shared_kernel,timeout,graceful_degradation,"","","",one_to_many,0,0,active,,0
355562,308091,308085,import_depends,downstream,required,"",import,[],"",shared_kernel,timeout,graceful_degradation,"","","",one_to_many,0,0,active,,0
355555,308087,308089,import_depends,downstream,required,"",import,[],"",shared_kernel,timeout,graceful_degradation,"","","",one_to_many,0,0,active,,0
355556,308087,308085,import_depends,downstream,required,"",import,[],"",shared_kernel,timeout,graceful_degradation,"","","",one_to_many,0,0,active,,0
355557,308087,308093,import_depends,downstream,required,"",import,[],"",shared_kernel,timeout,graceful_degradation,"","","",one_to_many,0,0,active,,0
355558,308087,308086,import_depends,downstream,required,"",import,[],"",shared_kernel,timeout,graceful_degradation,"","","",one_to_many,0,0,active,,0
355559,308087,308090,import_depends,downstream,required,"",import,[],"",shared_kernel,timeout,graceful_degradation,"","","",one_to_many,0,0,active,,0
355563,308096,308036,import_depends,downstream,required,"",import,[],"",shared_kernel,timeout,graceful_degradation,"","","",one_to_many,0,0,active,,0
355564,308097,308036,import_depends,downstream,required,"",import,[],"",shared_kernel,timeout,graceful_degradation,"","","",one_to_many,0,0,active,,0
355567,308102,308105,import_depends,downstream,required,"",import,[],"",shared_kernel,timeout,graceful_degradation,"","","",one_to_many,0,0,active,,0
355568,308102,308107,import_depends,downstream,required,"",import,[],"",shared_kernel,timeout,graceful_degradation,"","","",one_to_many,0,0,active,,0
355566,308100,308036,import_depends,downstream,required,"",import,[],"",shared_kernel,timeout,graceful_degradation,"","","",one_to_many,0,0,active,,0
355569,308103,307893,import_depends,downstream,required,"",import,[],"",shared_kernel,timeout,graceful_degradation,"","","",one_to_many,0,0,active,,0
355570,308103,308036,import_depends,downstream,required,"",import,[],"",shared_kernel,timeout,graceful_degradation,"","","",one_to_many,0,0,active,,0
355571,308106,308042,import_depends,downstream,required,"",import,[],"","",timeout,graceful_degradation,"","","",one_to_many,0,0,active,,0
355574,308111,308059,import_depends,downstream,required,"",import,[],"",shared_kernel,timeout,graceful_degradation,"","","",one_to_many,0,0,active,,0
355572,308108,308044,import_depends,downstream,required,"",import,[],"","",timeout,graceful_degradation,"","","",one_to_many,0,0,active,,0
355575,308113,308036,import_depends,downstream,required,"",import,[],"",shared_kernel,timeout,graceful_degradation,"","","",one_to_many,0,0,active,,0
355573,308110,308036,import_depends,downstream,required,"",import,[],"",shared_kernel,timeout,graceful_degradation,"","","",one_to_many,0,0,active,,0
355577,308116,306613,import_depends,downstream,critical,"",import,[],"","",service_down,circuit_break,"","","",one_to_many,1,0,active,,0
355578,308122,308053,import_depends,downstream,required,"",import,[],"","",timeout,graceful_degradation,"","","",one_to_many,0,0,active,,0
355580,308124,308055,import_depends,downstream,required,"",import,[],"","",timeout,graceful_degradation,"","","",one_to_many,0,0,active,,0
355582,308129,308119,import_depends,downstream,required,"",import,[],"",shared_kernel,timeout,graceful_degradation,"","","",one_to_many,0,0,active,,0
355581,308125,308102,import_depends,downstream,required,"",import,[],"",shared_kernel,timeout,graceful_degradation,"","","",one_to_many,0,0,active,,0
353789,306550,306547,import_depends,downstream,required,"",import,[],"",shared_kernel,timeout,graceful_degradation,"","","",one_to_many,0,0,active,,0
355583,308131,308128,import_depends,downstream,required,"",import,[],"","",timeout,graceful_degradation,"","","",one_to_many,0,0,active,,0
355584,308138,307638,import_depends,downstream,critical,"",import,[],"",anti_corruption_layer,service_down,circuit_break,"","","",one_to_many,1,0,active,,0
355585,308138,307636,import_depends,downstream,critical,"",import,[],"",anti_corruption_layer,service_down,circuit_break,"","","",one_to_many,1,0,active,,0
355586,308138,308173,import_depends,downstream,critical,"",import,[],"","",service_down,circuit_break,"","","",one_to_many,1,0,active,,0
355592,308148,306439,import_depends,downstream,critical,"",import,[],"","",service_down,circuit_break,"","","",one_to_many,1,0,active,,0
355593,308148,308171,import_depends,downstream,required,"",import,[],"",anti_corruption_layer,timeout,graceful_degradation,"","","",one_to_many,0,0,active,,0
355594,308148,308656,import_depends,downstream,critical,"",import,[],"",anti_corruption_layer,service_down,circuit_break,"","","",one_to_many,1,0,active,,0
355595,308148,308659,import_depends,downstream,critical,"",import,[],"",anti_corruption_layer,service_down,circuit_break,"","","",one_to_many,1,0,active,,0
354623,307261,306825,import_depends,downstream,critical,"",import,[],"","",service_down,circuit_break,"","","",one_to_many,1,0,active,,0
355587,308143,308154,import_depends,downstream,required,"",import,[],"",shared_kernel,timeout,graceful_degradation,"","","",one_to_many,0,0,active,,0
355588,308143,308651,import_depends,downstream,critical,"",import,[],"",anti_corruption_layer,service_down,circuit_break,"","","",one_to_many,1,0,active,,0
355603,308151,308155,import_depends,downstream,required,"",import,[],"",shared_kernel,timeout,graceful_degradation,"","","",one_to_many,0,0,active,,0
355604,308151,308160,import_depends,downstream,required,"",import,[],"",shared_kernel,timeout,graceful_degradation,"","","",one_to_many,0,0,active,,0
355589,308147,308154,import_depends,downstream,required,"",import,[],"",shared_kernel,timeout,graceful_degradation,"","","",one_to_many,0,0,active,,0
355116,307553,307567,import_depends,downstream,required,"",import,[],"",shared_kernel,timeout,graceful_degradation,"","","",one_to_many,0,0,active,,0
355590,308147,308651,import_depends,downstream,critical,"",import,[],"",anti_corruption_layer,service_down,circuit_break,"","","",one_to_many,1,0,active,,0
355591,308147,308659,import_depends,downstream,critical,"",import,[],"",anti_corruption_layer,service_down,circuit_break,"","","",one_to_many,1,0,active,,0
355600,308150,308146,import_depends,downstream,required,"",import,[],"",shared_kernel,timeout,graceful_degradation,"","","",one_to_many,0,0,active,,0
355602,308150,308147,import_depends,downstream,required,"",import,[],"",shared_kernel,timeout,graceful_degradation,"","","",one_to_many,0,0,active,,0
355605,308154,308651,import_depends,downstream,critical,"",import,[],"",anti_corruption_layer,service_down,circuit_break,"","","",one_to_many,1,0,active,,0
355606,308154,308656,import_depends,downstream,critical,"",import,[],"",anti_corruption_layer,service_down,circuit_break,"","","",one_to_many,1,0,active,,0
355607,308154,308658,import_depends,downstream,critical,"",import,[],"",anti_corruption_layer,service_down,circuit_break,"","","",one_to_many,1,0,active,,0
355608,308154,308659,import_depends,downstream,critical,"",import,[],"",anti_corruption_layer,service_down,circuit_break,"","","",one_to_many,1,0,active,,0
355596,308149,308154,import_depends,downstream,required,"",import,[],"",shared_kernel,timeout,graceful_degradation,"","","",one_to_many,0,0,active,,0
355597,308149,308161,import_depends,downstream,required,"",import,[],"",shared_kernel,timeout,graceful_degradation,"","","",one_to_many,0,0,active,,0
355598,308149,308171,import_depends,downstream,required,"",import,[],"",shared_kernel,timeout,graceful_degradation,"","","",one_to_many,0,0,active,,0
355617,308161,308651,import_depends,downstream,critical,"",import,[],"",anti_corruption_layer,service_down,circuit_break,"","","",one_to_many,1,0,active,,0
355528,308029,308051,import_depends,downstream,required,"",import,[],"","",timeout,graceful_degradation,"","","",one_to_many,0,0,active,,0
355612,308157,308155,import_depends,downstream,required,"",import,[],"",shared_kernel,timeout,graceful_degradation,"","","",one_to_many,0,0,active,,0
355620,308167,308161,import_depends,downstream,required,"",import,[],"",shared_kernel,timeout,graceful_degradation,"","","",one_to_many,0,0,active,,0
355613,308160,308154,import_depends,downstream,required,"",import,[],"",shared_kernel,timeout,graceful_degradation,"","","",one_to_many,0,0,active,,0
355614,308160,308651,import_depends,downstream,critical,"",import,[],"",anti_corruption_layer,service_down,circuit_break,"","","",one_to_many,1,0,active,,0
355615,308160,308659,import_depends,downstream,critical,"",import,[],"",anti_corruption_layer,service_down,circuit_break,"","","",one_to_many,1,0,active,,0
355618,308162,308171,import_depends,downstream,required,"",import,[],"",shared_kernel,timeout,graceful_degradation,"","","",one_to_many,0,0,active,,0
355619,308164,308160,import_depends,downstream,required,"",import,[],"",shared_kernel,timeout,graceful_degradation,"","","",one_to_many,0,0,active,,0
355621,308171,308656,import_depends,downstream,critical,"",import,[],"",anti_corruption_layer,service_down,circuit_break,"","","",one_to_many,1,0,active,,0
355622,308171,308659,import_depends,downstream,critical,"",import,[],"",anti_corruption_layer,service_down,circuit_break,"","","",one_to_many,1,0,active,,0
355623,308173,307934,import_depends,downstream,critical,"",import,[],"","",service_down,circuit_break,"","","",one_to_many,1,0,active,,0
355624,308178,308173,import_depends,downstream,required,"",import,[],"","",timeout,graceful_degradation,"","","",one_to_many,0,0,active,,0
354228,306977,306973,import_depends,downstream,required,"",import,[],"","",timeout,graceful_degradation,"","","",one_to_many,0,0,active,,0
354242,307002,308059,import_depends,downstream,critical,"",import,[],"","",service_down,circuit_break,"","","",one_to_many,1,0,active,,0
355627,308188,308581,import_depends,downstream,required,"",import,[],"","",timeout,graceful_degradation,"","","",one_to_many,0,0,active,,0
355628,308188,308584,import_depends,downstream,required,"",import,[],"","",timeout,graceful_degradation,"","","",one_to_many,0,0,active,,0
355629,308188,306953,import_depends,downstream,critical,"",import,[],"","",service_down,circuit_break,"","","",one_to_many,1,0,active,,0
355630,308188,308590,import_depends,downstream,required,"",import,[],"","",timeout,graceful_degradation,"","","",one_to_many,0,0,active,,0
355625,308186,307545,import_depends,downstream,critical,"",import,[],"",anti_corruption_layer,service_down,circuit_break,"","","",one_to_many,1,0,active,,0
355676,308191,308059,import_depends,downstream,critical,"",import,[],"","",service_down,circuit_break,"","","",one_to_many,1,0,active,,0
355680,308194,308222,import_depends,downstream,required,"",import,[],"","",timeout,graceful_degradation,"","","",one_to_many,0,0,active,,0
355681,308194,306293,import_depends,downstream,critical,"",import,[],"","",service_down,circuit_break,"","","",one_to_many,1,0,active,,0
355682,308194,306300,import_depends,downstream,critical,"",import,[],"","",service_down,circuit_break,"","","",one_to_many,1,0,active,,0
355674,308190,308198,import_depends,downstream,required,"",import,[],"","",timeout,graceful_degradation,"","","",one_to_many,0,0,active,,0
355675,308190,308205,import_depends,downstream,required,"",import,[],"","",timeout,graceful_degradation,"","","",one_to_many,0,0,active,,0
355631,308189,308059,import_depends,downstream,critical,"",import,[],"","",service_down,circuit_break,"","","",one_to_many,1,0,active,,0
355632,308189,307980,import_depends,downstream,critical,"",import,[],"",anti_corruption_layer,service_down,circuit_break,"","","",one_to_many,1,0,active,,0
355635,308189,308198,import_depends,downstream,required,"",import,[],"","",timeout,graceful_degradation,"","","",one_to_many,0,0,active,,0
355639,308189,308202,import_depends,downstream,required,"",import,[],"","",timeout,graceful_degradation,"","","",one_to_many,0,0,active,,0
355640,308189,308201,import_depends,downstream,required,"",import,[],"","",timeout,graceful_degradation,"","","",one_to_many,0,0,active,,0
355641,308189,308206,import_depends,downstream,required,"",import,[],"","",timeout,graceful_degradation,"","","",one_to_many,0,0,active,,0
355642,308189,308205,import_depends,downstream,required,"",import,[],"","",timeout,graceful_degradation,"","","",one_to_many,0,0,active,,0
355643,308189,308208,import_depends,downstream,required,"",import,[],"","",timeout,graceful_degradation,"","","",one_to_many,0,0,active,,0
353799,306556,306613,import_depends,downstream,required,"",import,[],"","",timeout,graceful_degradation,"","","",one_to_many,0,0,active,,0
355565,308099,308049,import_depends,downstream,required,"",import,[],"","",timeout,graceful_degradation,"","","",one_to_many,0,0,active,,0
355644,308189,308203,import_depends,downstream,required,"",import,[],"","",timeout,graceful_degradation,"","","",one_to_many,0,0,active,,0
355645,308189,308212,import_depends,downstream,required,"",import,[],"","",timeout,graceful_degradation,"","","",one_to_many,0,0,active,,0
355646,308189,308209,import_depends,downstream,required,"",import,[],"","",timeout,graceful_degradation,"","","",one_to_many,0,0,active,,0
355647,308189,308214,import_depends,downstream,required,"",import,[],"","",timeout,graceful_degradation,"","","",one_to_many,0,0,active,,0
355648,308189,308219,import_depends,downstream,required,"",import,[],"","",timeout,graceful_degradation,"","","",one_to_many,0,0,active,,0
355649,308189,308222,import_depends,downstream,required,"",import,[],"","",timeout,graceful_degradation,"","","",one_to_many,0,0,active,,0
355650,308189,306864,import_depends,downstream,critical,"",import,[],"","",service_down,circuit_break,"","","",one_to_many,1,0,active,,0
355651,308189,307563,import_depends,downstream,critical,"",import,[],"","",service_down,circuit_break,"","","",one_to_many,1,0,active,,0
355653,308189,307501,import_depends,downstream,critical,"",import,[],"",anti_corruption_layer,service_down,circuit_break,"","","",one_to_many,1,0,active,,0
355654,308189,307504,import_depends,downstream,critical,"",import,[],"",anti_corruption_layer,service_down,circuit_break,"","","",one_to_many,1,0,active,,0
355655,308189,307606,import_depends,downstream,critical,"",import,[],"",anti_corruption_layer,service_down,circuit_break,"","","",one_to_many,1,0,active,,0
355656,308189,308251,import_depends,downstream,required,"",import,[],"","",timeout,graceful_degradation,"","","",one_to_many,0,0,active,,0
355657,308189,308086,import_depends,downstream,critical,"",import,[],"",anti_corruption_layer,service_down,circuit_break,"","","",one_to_many,1,0,active,,0
355658,308189,307251,import_depends,downstream,critical,"",import,[],"","",service_down,circuit_break,"","","",one_to_many,1,0,active,,0
355659,308189,308194,import_depends,downstream,required,"",import,[],"","",timeout,graceful_degradation,"","","",one_to_many,0,0,active,,0
355660,308189,308195,import_depends,downstream,required,"",import,[],"","",timeout,graceful_degradation,"","","",one_to_many,0,0,active,,0
355661,308189,308196,import_depends,downstream,required,"",import,[],"","",timeout,graceful_degradation,"","","",one_to_many,0,0,active,,0
355662,308189,307734,import_depends,downstream,critical,"",import,[],"","",service_down,circuit_break,"","","",one_to_many,1,0,active,,0
355663,308189,306921,import_depends,downstream,critical,"",import,[],"","",service_down,circuit_break,"","","",one_to_many,1,0,active,,0
355664,308189,307116,import_depends,downstream,critical,"",import,[],"","",service_down,circuit_break,"","","",one_to_many,1,0,active,,0
355665,308189,307008,import_depends,downstream,critical,"",import,[],"",anti_corruption_layer,service_down,circuit_break,"","","",one_to_many,1,0,active,,0
355666,308189,307499,import_depends,downstream,critical,"",import,[],"","",service_down,circuit_break,"","","",one_to_many,1,0,active,,0
355667,308189,307603,import_depends,downstream,critical,"",import,[],"",anti_corruption_layer,service_down,circuit_break,"","","",one_to_many,1,0,active,,0
355668,308189,307602,import_depends,downstream,critical,"",import,[],"",anti_corruption_layer,service_down,circuit_break,"","","",one_to_many,1,0,active,,0
355669,308189,308069,import_depends,downstream,critical,"",import,[],"","",service_down,circuit_break,"","","",one_to_many,1,0,active,,0
355670,308189,308211,import_depends,downstream,required,"",import,[],"","",timeout,graceful_degradation,"","","",one_to_many,0,0,active,,0
355686,308195,308077,import_depends,downstream,critical,"",import,[],"","",service_down,circuit_break,"","","",one_to_many,1,0,active,,0
353790,306554,306958,import_depends,downstream,required,"",import,[],"","",timeout,graceful_degradation,"","","",one_to_many,0,0,active,,0
353800,306558,306564,import_depends,downstream,required,"",import,[],"",shared_kernel,timeout,graceful_degradation,"","","",one_to_many,0,0,active,,0
353801,306558,306570,import_depends,downstream,required,"",import,[],"",shared_kernel,timeout,graceful_degradation,"","","",one_to_many,0,0,active,,0
355689,308195,306931,import_depends,downstream,critical,"",import,[],"",anti_corruption_layer,service_down,circuit_break,"","","",one_to_many,1,0,active,,0
355690,308195,308204,import_depends,downstream,required,"",import,[],"","",timeout,graceful_degradation,"","","",one_to_many,0,0,active,,0
355691,308195,307828,import_depends,downstream,critical,"",import,[],"","",service_down,circuit_break,"","","",one_to_many,1,0,active,,0
355692,308195,307734,import_depends,downstream,critical,"",import,[],"","",service_down,circuit_break,"","","",one_to_many,1,0,active,,0
355693,308195,307745,import_depends,downstream,critical,"",import,[],"","",service_down,circuit_break,"","","",one_to_many,1,0,active,,0
355694,308195,307747,import_depends,downstream,critical,"",import,[],"","",service_down,circuit_break,"","","",one_to_many,1,0,active,,0
355695,308195,306953,import_depends,downstream,critical,"",import,[],"","",service_down,circuit_break,"","","",one_to_many,1,0,active,,0
355696,308195,307008,import_depends,downstream,critical,"",import,[],"",anti_corruption_layer,service_down,circuit_break,"","","",one_to_many,1,0,active,,0
355697,308195,308588,import_depends,downstream,required,"",import,[],"","",timeout,graceful_degradation,"","","",one_to_many,0,0,active,,0
355698,308195,307581,import_depends,downstream,critical,"",import,[],"",anti_corruption_layer,service_down,circuit_break,"","","",one_to_many,1,0,active,,0
355700,308195,306918,import_depends,downstream,critical,"",import,[],"","",service_down,circuit_break,"","","",one_to_many,1,0,active,,0
355701,308196,308197,import_depends,downstream,required,"",import,[],"","",timeout,graceful_degradation,"","","",one_to_many,0,0,active,,0
355702,308196,308198,import_depends,downstream,required,"",import,[],"","",timeout,graceful_degradation,"","","",one_to_many,0,0,active,,0
355678,308193,308077,import_depends,downstream,critical,"",import,[],"","",service_down,circuit_break,"","","",one_to_many,1,0,active,,0
355679,308193,308064,import_depends,downstream,critical,"",import,[],"","",service_down,circuit_break,"","","",one_to_many,1,0,active,,0
355677,308192,307545,import_depends,downstream,critical,"",import,[],"",anti_corruption_layer,service_down,circuit_break,"","","",one_to_many,1,0,active,,0
355703,308197,307545,import_depends,downstream,critical,"",import,[],"",anti_corruption_layer,service_down,circuit_break,"","","",one_to_many,1,0,active,,0
355707,308202,308059,import_depends,downstream,critical,"",import,[],"","",service_down,circuit_break,"","","",one_to_many,1,0,active,,0
355708,308202,307545,import_depends,downstream,critical,"",import,[],"",anti_corruption_layer,service_down,circuit_break,"","","",one_to_many,1,0,active,,0
355709,308202,307971,import_depends,downstream,critical,"",import,[],"",anti_corruption_layer,service_down,circuit_break,"","","",one_to_many,1,0,active,,0
355715,308204,306953,import_depends,downstream,critical,"",import,[],"","",service_down,circuit_break,"","","",one_to_many,1,0,active,,0
355719,308206,308186,import_depends,downstream,required,"",import,[],"","",timeout,graceful_degradation,"","","",one_to_many,0,0,active,,0
354248,307008,308059,import_depends,downstream,critical,"",import,[],"","",service_down,circuit_break,"","","",one_to_many,1,0,active,,0
354249,307008,306471,import_depends,downstream,critical,"",import,[],"","",service_down,circuit_break,"","","",one_to_many,1,0,active,,0
353935,306697,306475,import_depends,downstream,required,"",import,[],"","",timeout,graceful_degradation,"","","",one_to_many,0,0,active,,0
355720,308206,308198,import_depends,downstream,required,"",import,[],"","",timeout,graceful_degradation,"","","",one_to_many,0,0,active,,0
355721,308206,308192,import_depends,downstream,required,"",import,[],"","",timeout,graceful_degradation,"","","",one_to_many,0,0,active,,0
355722,308206,308250,import_depends,downstream,required,"",import,[],"","",timeout,graceful_degradation,"","","",one_to_many,0,0,active,,0
355723,308206,308193,import_depends,downstream,required,"",import,[],"","",timeout,graceful_degradation,"","","",one_to_many,0,0,active,,0
355724,308206,308202,import_depends,downstream,required,"",import,[],"","",timeout,graceful_degradation,"","","",one_to_many,0,0,active,,0
355725,308206,308201,import_depends,downstream,required,"",import,[],"","",timeout,graceful_degradation,"","","",one_to_many,0,0,active,,0
355726,308206,308208,import_depends,downstream,required,"",import,[],"","",timeout,graceful_degradation,"","","",one_to_many,0,0,active,,0
355727,308206,308212,import_depends,downstream,required,"",import,[],"","",timeout,graceful_degradation,"","","",one_to_many,0,0,active,,0
355728,308206,308214,import_depends,downstream,required,"",import,[],"","",timeout,graceful_degradation,"","","",one_to_many,0,0,active,,0
355730,308206,306594,import_depends,downstream,critical,"",import,[],"",anti_corruption_layer,service_down,circuit_break,"","","",one_to_many,1,0,active,,0
355731,308208,307545,import_depends,downstream,critical,"",import,[],"",anti_corruption_layer,service_down,circuit_break,"","","",one_to_many,1,0,active,,0
355706,308201,307545,import_depends,downstream,critical,"",import,[],"",anti_corruption_layer,service_down,circuit_break,"","","",one_to_many,1,0,active,,0
355714,308203,308205,import_depends,downstream,required,"",import,[],"","",timeout,graceful_degradation,"","","",one_to_many,0,0,active,,0
355752,308212,307945,import_depends,downstream,critical,"",import,[],"","",service_down,circuit_break,"","","",one_to_many,1,0,active,,0
355753,308215,308059,import_depends,downstream,critical,"",import,[],"","",service_down,circuit_break,"","","",one_to_many,1,0,active,,0
355738,308211,308056,import_depends,downstream,critical,"",import,[],"","",service_down,circuit_break,"","","",one_to_many,1,0,active,,0
355739,308211,308065,import_depends,downstream,critical,"",import,[],"","",service_down,circuit_break,"","","",one_to_many,1,0,active,,0
355740,308211,308074,import_depends,downstream,critical,"",import,[],"","",service_down,circuit_break,"","","",one_to_many,1,0,active,,0
355741,308211,307917,import_depends,downstream,critical,"",import,[],"","",service_down,circuit_break,"","","",one_to_many,1,0,active,,0
355742,308211,307922,import_depends,downstream,critical,"",import,[],"","",service_down,circuit_break,"","","",one_to_many,1,0,active,,0
355743,308211,307926,import_depends,downstream,critical,"",import,[],"","",service_down,circuit_break,"","","",one_to_many,1,0,active,,0
355744,308211,307918,import_depends,downstream,critical,"",import,[],"","",service_down,circuit_break,"","","",one_to_many,1,0,active,,0
355745,308211,307924,import_depends,downstream,critical,"",import,[],"","",service_down,circuit_break,"","","",one_to_many,1,0,active,,0
355746,308211,308067,import_depends,downstream,critical,"",import,[],"",anti_corruption_layer,service_down,circuit_break,"","","",one_to_many,1,0,active,,0
355747,308211,307927,import_depends,downstream,critical,"",import,[],"","",service_down,circuit_break,"","","",one_to_many,1,0,active,,0
355748,308211,308052,import_depends,downstream,critical,"",import,[],"","",service_down,circuit_break,"","","",one_to_many,1,0,active,,0
355749,308211,308199,import_depends,downstream,required,"",import,[],"","",timeout,graceful_degradation,"","","",one_to_many,0,0,active,,0
355750,308211,308204,import_depends,downstream,required,"",import,[],"","",timeout,graceful_degradation,"","","",one_to_many,0,0,active,,0
355751,308211,306558,import_depends,downstream,critical,"",import,[],"",anti_corruption_layer,service_down,circuit_break,"","","",one_to_many,1,0,active,,0
355754,308216,307589,import_depends,downstream,critical,"",import,[],"",anti_corruption_layer,service_down,circuit_break,"","","",one_to_many,1,0,active,,0
355737,308210,308221,import_depends,downstream,required,"",import,[],"","",timeout,graceful_degradation,"","","",one_to_many,0,0,active,,0
355732,308209,308198,import_depends,downstream,required,"",import,[],"","",timeout,graceful_degradation,"","","",one_to_many,0,0,active,,0
353948,306708,306978,import_depends,downstream,required,"",import,[],"","",timeout,graceful_degradation,"","","",one_to_many,0,0,active,,0
353945,306705,308120,import_depends,downstream,critical,"",import,[],"","",service_down,circuit_break,"","","",one_to_many,1,0,active,,0
355733,308209,308202,import_depends,downstream,required,"",import,[],"","",timeout,graceful_degradation,"","","",one_to_many,0,0,active,,0
355734,308209,308208,import_depends,downstream,required,"",import,[],"","",timeout,graceful_degradation,"","","",one_to_many,0,0,active,,0
355735,308209,308203,import_depends,downstream,required,"",import,[],"","",timeout,graceful_degradation,"","","",one_to_many,0,0,active,,0
355736,308209,308222,import_depends,downstream,required,"",import,[],"","",timeout,graceful_degradation,"","","",one_to_many,0,0,active,,0
355755,308217,308220,import_depends,downstream,required,"",import,[],"","",timeout,graceful_degradation,"","","",one_to_many,0,0,active,,0
355756,308217,308189,import_depends,downstream,required,"",import,[],"","",timeout,graceful_degradation,"","","",one_to_many,0,0,active,,0
355757,308217,308212,import_depends,downstream,required,"",import,[],"","",timeout,graceful_degradation,"","","",one_to_many,0,0,active,,0
355762,308221,306591,import_depends,downstream,critical,"",import,[],"",anti_corruption_layer,service_down,circuit_break,"","","",one_to_many,1,0,active,,0
355759,308219,307545,import_depends,downstream,critical,"",import,[],"",anti_corruption_layer,service_down,circuit_break,"","","",one_to_many,1,0,active,,0
355763,308222,308198,import_depends,downstream,required,"",import,[],"","",timeout,graceful_degradation,"","","",one_to_many,0,0,active,,0
355764,308222,308219,import_depends,downstream,required,"",import,[],"","",timeout,graceful_degradation,"","","",one_to_many,0,0,active,,0
355758,308218,308059,import_depends,downstream,critical,"",import,[],"","",service_down,circuit_break,"","","",one_to_many,1,0,active,,0
355760,308220,308189,import_depends,downstream,required,"",import,[],"","",timeout,graceful_degradation,"","","",one_to_many,0,0,active,,0
355765,308227,308235,import_depends,downstream,required,"",import,[],"","",timeout,graceful_degradation,"","","",one_to_many,0,0,active,,0
355766,308227,308069,import_depends,downstream,critical,"",import,[],"","",service_down,circuit_break,"","","",one_to_many,1,0,active,,0
355767,308228,307355,import_depends,downstream,critical,"",import,[],"","",service_down,circuit_break,"","","",one_to_many,1,0,active,,0
355768,308228,308235,import_depends,downstream,required,"",import,[],"","",timeout,graceful_degradation,"","","",one_to_many,0,0,active,,0
355773,308230,308576,import_depends,downstream,required,"",import,[],"","",timeout,graceful_degradation,"","","",one_to_many,0,0,active,,0
355774,308231,307545,import_depends,downstream,critical,"",import,[],"","",service_down,circuit_break,"","","",one_to_many,1,0,active,,0
355775,308232,306958,import_depends,downstream,critical,"",import,[],"","",service_down,circuit_break,"","","",one_to_many,1,0,active,,0
355776,308233,308237,import_depends,downstream,required,"",import,[],"","",timeout,graceful_degradation,"","","",one_to_many,0,0,active,,0
355769,308229,306958,import_depends,downstream,critical,"",import,[],"","",service_down,circuit_break,"","","",one_to_many,1,0,active,,0
355770,308229,307452,import_depends,downstream,critical,"",import,[],"","",service_down,circuit_break,"","","",one_to_many,1,0,active,,0
355771,308229,308230,import_depends,downstream,required,"",import,[],"","",timeout,graceful_degradation,"","","",one_to_many,0,0,active,,0
355777,308235,308118,import_depends,downstream,critical,"",import,[],"","",service_down,circuit_break,"","","",one_to_many,1,0,active,,0
355778,308235,307845,import_depends,downstream,critical,"",import,[],"",anti_corruption_layer,service_down,circuit_break,"","","",one_to_many,1,0,active,,0
355801,308247,307545,import_depends,downstream,critical,"",import,[],"",anti_corruption_layer,service_down,circuit_break,"","","",one_to_many,1,0,active,,0
355781,308242,308259,import_depends,downstream,required,"",import,[],"","",timeout,graceful_degradation,"","","",one_to_many,0,0,active,,0
355782,308242,308290,import_depends,downstream,required,"",import,[],"","",timeout,graceful_degradation,"","","",one_to_many,0,0,active,,0
355783,308242,308356,import_depends,downstream,required,"",import,[],"","",timeout,graceful_degradation,"","","",one_to_many,0,0,active,,0
355784,308242,308443,import_depends,downstream,required,"",import,[],"","",timeout,graceful_degradation,"","","",one_to_many,0,0,active,,0
355785,308242,308524,import_depends,downstream,required,"",import,[],"","",timeout,graceful_degradation,"","","",one_to_many,0,0,active,,0
353949,306709,306978,import_depends,downstream,required,"",import,[],"","",timeout,graceful_degradation,"","","",one_to_many,0,0,active,,0
355786,308242,308521,import_depends,downstream,required,"",import,[],"","",timeout,graceful_degradation,"","","",one_to_many,0,0,active,,0
355787,308242,308533,import_depends,downstream,required,"",import,[],"","",timeout,graceful_degradation,"","","",one_to_many,0,0,active,,0
355788,308242,308546,import_depends,downstream,required,"",import,[],"","",timeout,graceful_degradation,"","","",one_to_many,0,0,active,,0
355789,308242,308555,import_depends,downstream,required,"",import,[],"","",timeout,graceful_degradation,"","","",one_to_many,0,0,active,,0
354243,307004,307534,import_depends,downstream,critical,"",import,[],"",anti_corruption_layer,service_down,circuit_break,"","","",one_to_many,1,0,active,,0
355790,308242,308561,import_depends,downstream,required,"",import,[],"","",timeout,graceful_degradation,"","","",one_to_many,0,0,active,,0
355791,308242,308237,import_depends,downstream,required,"",import,[],"","",timeout,graceful_degradation,"","","",one_to_many,0,0,active,,0
355792,308242,306829,import_depends,downstream,critical,"",import,[],"","",service_down,circuit_break,"","","",one_to_many,1,0,active,,0
355793,308242,306825,import_depends,downstream,critical,"",import,[],"","",service_down,circuit_break,"","","",one_to_many,1,0,active,,0
355794,308242,307410,import_depends,downstream,critical,"",import,[],"","",service_down,circuit_break,"","","",one_to_many,1,0,active,,0
355811,308251,308259,import_depends,downstream,required,"",import,[],"","",timeout,graceful_degradation,"","","",one_to_many,0,0,active,,0
355812,308251,308269,import_depends,downstream,required,"",import,[],"","",timeout,graceful_degradation,"","","",one_to_many,0,0,active,,0
355813,308251,308118,import_depends,downstream,critical,"",import,[],"","",service_down,circuit_break,"","","",one_to_many,1,0,active,,0
355814,308251,308281,import_depends,downstream,required,"",import,[],"","",timeout,graceful_degradation,"","","",one_to_many,0,0,active,,0
355815,308251,308290,import_depends,downstream,required,"",import,[],"","",timeout,graceful_degradation,"","","",one_to_many,0,0,active,,0
353803,306558,306473,import_depends,downstream,required,"",import,[],"",anti_corruption_layer,timeout,graceful_degradation,"","","",one_to_many,0,0,active,,0
355816,308251,308356,import_depends,downstream,required,"",import,[],"","",timeout,graceful_degradation,"","","",one_to_many,0,0,active,,0
355817,308251,308242,import_depends,downstream,required,"",import,[],"","",timeout,graceful_degradation,"","","",one_to_many,0,0,active,,0
355818,308251,308253,import_depends,downstream,required,"",import,[],"","",timeout,graceful_degradation,"","","",one_to_many,0,0,active,,0
355819,308251,308245,import_depends,downstream,required,"",import,[],"","",timeout,graceful_degradation,"","","",one_to_many,0,0,active,,0
355820,308251,308249,import_depends,downstream,required,"",import,[],"","",timeout,graceful_degradation,"","","",one_to_many,0,0,active,,0
355821,308251,306469,import_depends,downstream,critical,"",import,[],"",anti_corruption_layer,service_down,circuit_break,"","","",one_to_many,1,0,active,,0
355822,308251,306766,import_depends,downstream,critical,"",import,[],"","",service_down,circuit_break,"","","",one_to_many,1,0,active,,0
355823,308251,307320,import_depends,downstream,critical,"",import,[],"","",service_down,circuit_break,"","","",one_to_many,1,0,active,,0
355824,308251,307452,import_depends,downstream,critical,"",import,[],"","",service_down,circuit_break,"","","",one_to_many,1,0,active,,0
355825,308251,308229,import_depends,downstream,required,"",import,[],"","",timeout,graceful_degradation,"","","",one_to_many,0,0,active,,0
355826,308251,308230,import_depends,downstream,required,"",import,[],"","",timeout,graceful_degradation,"","","",one_to_many,0,0,active,,0
355827,308251,306268,import_depends,downstream,critical,"",import,[],"","",service_down,circuit_break,"","","",one_to_many,1,0,active,,0
355828,308251,307563,import_depends,downstream,critical,"",import,[],"","",service_down,circuit_break,"","","",one_to_many,1,0,active,,0
355830,308253,308269,import_depends,downstream,required,"",import,[],"","",timeout,graceful_degradation,"","","",one_to_many,0,0,active,,0
355831,308253,308281,import_depends,downstream,required,"",import,[],"","",timeout,graceful_degradation,"","","",one_to_many,0,0,active,,0
355832,308253,308290,import_depends,downstream,required,"",import,[],"","",timeout,graceful_degradation,"","","",one_to_many,0,0,active,,0
355833,308253,308356,import_depends,downstream,required,"",import,[],"","",timeout,graceful_degradation,"","","",one_to_many,0,0,active,,0
355795,308245,308290,import_depends,downstream,required,"",import,[],"","",timeout,graceful_degradation,"","","",one_to_many,0,0,active,,0
353946,306706,306978,import_depends,downstream,required,"",import,[],"","",timeout,graceful_degradation,"","","",one_to_many,0,0,active,,0
353951,306711,306978,import_depends,downstream,required,"",import,[],"","",timeout,graceful_degradation,"","","",one_to_many,0,0,active,,0
355796,308245,308356,import_depends,downstream,required,"",import,[],"","",timeout,graceful_degradation,"","","",one_to_many,0,0,active,,0
355797,308245,308443,import_depends,downstream,required,"",import,[],"","",timeout,graceful_degradation,"","","",one_to_many,0,0,active,,0
355798,308245,308462,import_depends,downstream,required,"",import,[],"","",timeout,graceful_degradation,"","","",one_to_many,0,0,active,,0
355799,308245,308524,import_depends,downstream,required,"",import,[],"","",timeout,graceful_degradation,"","","",one_to_many,0,0,active,,0
355805,308249,308515,import_depends,downstream,required,"",import,[],"","",timeout,graceful_degradation,"","","",one_to_many,0,0,active,,0
355806,308249,308531,import_depends,downstream,required,"",import,[],"","",timeout,graceful_degradation,"","","",one_to_many,0,0,active,,0
355807,308249,308059,import_depends,downstream,critical,"",import,[],"","",service_down,circuit_break,"","","",one_to_many,1,0,active,,0
355808,308249,308498,import_depends,downstream,required,"",import,[],"","",timeout,graceful_degradation,"","","",one_to_many,0,0,active,,0
355834,308259,308237,import_depends,downstream,required,"",import,[],"","",timeout,graceful_degradation,"","","",one_to_many,0,0,active,,0
355829,308252,308246,import_depends,downstream,required,"",import,[],"","",timeout,graceful_degradation,"","","",one_to_many,0,0,active,,0
353804,306558,306604,import_depends,downstream,required,"",import,[],"",shared_kernel,timeout,graceful_degradation,"","","",one_to_many,0,0,active,,0
355809,308250,308231,import_depends,downstream,required,"",import,[],"","",timeout,graceful_degradation,"","","",one_to_many,0,0,active,,0
355835,308267,308259,import_depends,downstream,required,"",import,[],"",shared_kernel,timeout,graceful_degradation,"","","",one_to_many,0,0,active,,0
355839,308267,308260,import_depends,downstream,required,"",import,[],"",shared_kernel,timeout,graceful_degradation,"","","",one_to_many,0,0,active,,0
355840,308267,308255,import_depends,downstream,required,"",import,[],"",shared_kernel,timeout,graceful_degradation,"","","",one_to_many,0,0,active,,0
355841,308267,308256,import_depends,downstream,required,"",import,[],"",shared_kernel,timeout,graceful_degradation,"","","",one_to_many,0,0,active,,0
355842,308267,308268,import_depends,downstream,required,"",import,[],"",shared_kernel,timeout,graceful_degradation,"","","",one_to_many,0,0,active,,0
355843,308267,308263,import_depends,downstream,required,"",import,[],"",shared_kernel,timeout,graceful_degradation,"","","",one_to_many,0,0,active,,0
355844,308267,308262,import_depends,downstream,required,"",import,[],"",shared_kernel,timeout,graceful_degradation,"","","",one_to_many,0,0,active,,0
355845,308267,308266,import_depends,downstream,required,"",import,[],"",shared_kernel,timeout,graceful_degradation,"","","",one_to_many,0,0,active,,0
355866,308286,308269,import_depends,downstream,required,"",import,[],"","",timeout,graceful_degradation,"","","",one_to_many,0,0,active,,0
355867,308286,308281,import_depends,downstream,required,"",import,[],"","",timeout,graceful_degradation,"","","",one_to_many,0,0,active,,0
355868,308286,308237,import_depends,downstream,required,"",import,[],"","",timeout,graceful_degradation,"","","",one_to_many,0,0,active,,0
355869,308290,308295,import_depends,downstream,required,"",import,[],"","",timeout,graceful_degradation,"","","",one_to_many,0,0,active,,0
355872,308290,308340,import_depends,downstream,required,"",import,[],"","",timeout,graceful_degradation,"","","",one_to_many,0,0,active,,0
355873,308290,308352,import_depends,downstream,required,"",import,[],"","",timeout,graceful_degradation,"","","",one_to_many,0,0,active,,0
355847,308285,308265,import_depends,downstream,required,"",import,[],"",shared_kernel,timeout,graceful_degradation,"","","",one_to_many,0,0,active,,0
353957,306718,306978,import_depends,downstream,required,"",import,[],"","",timeout,graceful_degradation,"","","",one_to_many,0,0,active,,0
353958,306718,306475,import_depends,downstream,required,"",import,[],"","",timeout,graceful_degradation,"","","",one_to_many,0,0,active,,0
355848,308285,308270,import_depends,downstream,required,"",import,[],"",shared_kernel,timeout,graceful_degradation,"","","",one_to_many,0,0,active,,0
355849,308285,308269,import_depends,downstream,required,"",import,[],"",shared_kernel,timeout,graceful_degradation,"","","",one_to_many,0,0,active,,0
355850,308285,308274,import_depends,downstream,required,"",import,[],"",shared_kernel,timeout,graceful_degradation,"","","",one_to_many,0,0,active,,0
355851,308285,308271,import_depends,downstream,required,"",import,[],"",shared_kernel,timeout,graceful_degradation,"","","",one_to_many,0,0,active,,0
355853,308285,308272,import_depends,downstream,required,"",import,[],"",shared_kernel,timeout,graceful_degradation,"","","",one_to_many,0,0,active,,0
355854,308285,308273,import_depends,downstream,required,"",import,[],"",shared_kernel,timeout,graceful_degradation,"","","",one_to_many,0,0,active,,0
355855,308285,308278,import_depends,downstream,required,"",import,[],"",shared_kernel,timeout,graceful_degradation,"","","",one_to_many,0,0,active,,0
355856,308285,308277,import_depends,downstream,required,"",import,[],"",shared_kernel,timeout,graceful_degradation,"","","",one_to_many,0,0,active,,0
355031,307512,308059,import_depends,downstream,critical,"",import,[],"","",service_down,circuit_break,"","","",one_to_many,1,0,active,,0
355857,308285,308276,import_depends,downstream,required,"",import,[],"",shared_kernel,timeout,graceful_degradation,"","","",one_to_many,0,0,active,,0
355858,308285,308283,import_depends,downstream,required,"",import,[],"",shared_kernel,timeout,graceful_degradation,"","","",one_to_many,0,0,active,,0
355859,308285,308280,import_depends,downstream,required,"",import,[],"",shared_kernel,timeout,graceful_degradation,"","","",one_to_many,0,0,active,,0
355861,308285,308287,import_depends,downstream,required,"",import,[],"",shared_kernel,timeout,graceful_degradation,"","","",one_to_many,0,0,active,,0
355862,308285,308282,import_depends,downstream,required,"",import,[],"",shared_kernel,timeout,graceful_degradation,"","","",one_to_many,0,0,active,,0
355863,308285,308279,import_depends,downstream,required,"",import,[],"",shared_kernel,timeout,graceful_degradation,"","","",one_to_many,0,0,active,,0
355864,308285,308284,import_depends,downstream,required,"",import,[],"",shared_kernel,timeout,graceful_degradation,"","","",one_to_many,0,0,active,,0
355865,308285,308288,import_depends,downstream,required,"",import,[],"",shared_kernel,timeout,graceful_degradation,"","","",one_to_many,0,0,active,,0
355874,308356,308361,import_depends,downstream,required,"",import,[],"","",timeout,graceful_degradation,"","","",one_to_many,0,0,active,,0
355875,308356,308379,import_depends,downstream,required,"",import,[],"","",timeout,graceful_degradation,"","","",one_to_many,0,0,active,,0
355876,308356,308392,import_depends,downstream,required,"",import,[],"","",timeout,graceful_degradation,"","","",one_to_many,0,0,active,,0
355877,308356,308427,import_depends,downstream,required,"",import,[],"","",timeout,graceful_degradation,"","","",one_to_many,0,0,active,,0
355878,308432,308435,import_depends,downstream,required,"",import,[],"",shared_kernel,timeout,graceful_degradation,"","","",one_to_many,0,0,active,,0
355879,308449,308429,import_depends,downstream,required,"",import,[],"",shared_kernel,timeout,graceful_degradation,"","","",one_to_many,0,0,active,,0
355880,308449,308430,import_depends,downstream,required,"",import,[],"",shared_kernel,timeout,graceful_degradation,"","","",one_to_many,0,0,active,,0
355209,307633,307940,import_depends,downstream,critical,"",import,[],"","",service_down,circuit_break,"","","",one_to_many,1,0,active,,0
355886,308449,308441,import_depends,downstream,required,"",import,[],"",shared_kernel,timeout,graceful_degradation,"","","",one_to_many,0,0,active,,0
355887,308449,308439,import_depends,downstream,required,"",import,[],"",shared_kernel,timeout,graceful_degradation,"","","",one_to_many,0,0,active,,0
355888,308449,308438,import_depends,downstream,required,"",import,[],"",shared_kernel,timeout,graceful_degradation,"","","",one_to_many,0,0,active,,0
355889,308449,308440,import_depends,downstream,required,"",import,[],"",shared_kernel,timeout,graceful_degradation,"","","",one_to_many,0,0,active,,0
353954,306715,306978,import_depends,downstream,required,"",import,[],"","",timeout,graceful_degradation,"","","",one_to_many,0,0,active,,0
355890,308449,308442,import_depends,downstream,required,"",import,[],"",shared_kernel,timeout,graceful_degradation,"","","",one_to_many,0,0,active,,0
355891,308449,308444,import_depends,downstream,required,"",import,[],"",shared_kernel,timeout,graceful_degradation,"","","",one_to_many,0,0,active,,0
355892,308449,308443,import_depends,downstream,required,"",import,[],"",shared_kernel,timeout,graceful_degradation,"","","",one_to_many,0,0,active,,0
355893,308449,308445,import_depends,downstream,required,"",import,[],"",shared_kernel,timeout,graceful_degradation,"","","",one_to_many,0,0,active,,0
355894,308449,308452,import_depends,downstream,required,"",import,[],"",shared_kernel,timeout,graceful_degradation,"","","",one_to_many,0,0,active,,0
355895,308449,308450,import_depends,downstream,required,"",import,[],"",shared_kernel,timeout,graceful_degradation,"","","",one_to_many,0,0,active,,0
355896,308449,308446,import_depends,downstream,required,"",import,[],"",shared_kernel,timeout,graceful_degradation,"","","",one_to_many,0,0,active,,0
355897,308449,308447,import_depends,downstream,required,"",import,[],"",shared_kernel,timeout,graceful_degradation,"","","",one_to_many,0,0,active,,0
353792,306555,306560,import_depends,downstream,required,"",import,[],"",shared_kernel,timeout,graceful_degradation,"","","",one_to_many,0,0,active,,0
353793,306555,306595,import_depends,downstream,required,"",import,[],"",shared_kernel,timeout,graceful_degradation,"","","",one_to_many,0,0,active,,0
354244,307004,307538,import_depends,downstream,critical,"",import,[],"",anti_corruption_layer,service_down,circuit_break,"","","",one_to_many,1,0,active,,0
355899,308469,308453,import_depends,downstream,required,"",import,[],"",shared_kernel,timeout,graceful_degradation,"","","",one_to_many,0,0,active,,0
355900,308469,308448,import_depends,downstream,required,"",import,[],"",shared_kernel,timeout,graceful_degradation,"","","",one_to_many,0,0,active,,0
355903,308469,308451,import_depends,downstream,required,"",import,[],"",shared_kernel,timeout,graceful_degradation,"","","",one_to_many,0,0,active,,0
355906,308469,308462,import_depends,downstream,required,"",import,[],"",shared_kernel,timeout,graceful_degradation,"","","",one_to_many,0,0,active,,0
355907,308469,308456,import_depends,downstream,required,"",import,[],"",shared_kernel,timeout,graceful_degradation,"","","",one_to_many,0,0,active,,0
355908,308469,308458,import_depends,downstream,required,"",import,[],"",shared_kernel,timeout,graceful_degradation,"","","",one_to_many,0,0,active,,0
355909,308469,308459,import_depends,downstream,required,"",import,[],"",shared_kernel,timeout,graceful_degradation,"","","",one_to_many,0,0,active,,0
355910,308469,308460,import_depends,downstream,required,"",import,[],"",shared_kernel,timeout,graceful_degradation,"","","",one_to_many,0,0,active,,0
355911,308469,308464,import_depends,downstream,required,"",import,[],"",shared_kernel,timeout,graceful_degradation,"","","",one_to_many,0,0,active,,0
355915,308469,308472,import_depends,downstream,required,"",import,[],"",shared_kernel,timeout,graceful_degradation,"","","",one_to_many,0,0,active,,0
355916,308469,308465,import_depends,downstream,required,"",import,[],"",shared_kernel,timeout,graceful_degradation,"","","",one_to_many,0,0,active,,0
355935,308523,308513,import_depends,downstream,required,"",import,[],"","",timeout,graceful_degradation,"","","",one_to_many,0,0,active,,0
355936,308523,308514,import_depends,downstream,required,"",import,[],"","",timeout,graceful_degradation,"","","",one_to_many,0,0,active,,0
355937,308523,308518,import_depends,downstream,required,"",import,[],"","",timeout,graceful_degradation,"","","",one_to_many,0,0,active,,0
355938,308523,308517,import_depends,downstream,required,"",import,[],"","",timeout,graceful_degradation,"","","",one_to_many,0,0,active,,0
355939,308526,308515,import_depends,downstream,required,"",import,[],"",shared_kernel,timeout,graceful_degradation,"","","",one_to_many,0,0,active,,0
355940,308526,308520,import_depends,downstream,required,"",import,[],"",shared_kernel,timeout,graceful_degradation,"","","",one_to_many,0,0,active,,0
355942,308526,308524,import_depends,downstream,required,"",import,[],"",shared_kernel,timeout,graceful_degradation,"","","",one_to_many,0,0,active,,0
353952,306712,306978,import_depends,downstream,required,"",import,[],"","",timeout,graceful_degradation,"","","",one_to_many,0,0,active,,0
353955,306716,306978,import_depends,downstream,required,"",import,[],"","",timeout,graceful_degradation,"","","",one_to_many,0,0,active,,0
353586,306209,308059,import_depends,downstream,critical,"",import,[],"","",service_down,circuit_break,"","","",one_to_many,1,0,active,,0
355943,308526,308522,import_depends,downstream,required,"",import,[],"",shared_kernel,timeout,graceful_degradation,"","","",one_to_many,0,0,active,,0
353794,306555,306469,import_depends,downstream,required,"",import,[],"",anti_corruption_layer,timeout,graceful_degradation,"","","",one_to_many,0,0,active,,0
355944,308526,308521,import_depends,downstream,required,"",import,[],"",shared_kernel,timeout,graceful_degradation,"","","",one_to_many,0,0,active,,0
355945,308526,308527,import_depends,downstream,required,"",import,[],"",shared_kernel,timeout,graceful_degradation,"","","",one_to_many,0,0,active,,0
355946,308526,308533,import_depends,downstream,required,"",import,[],"",shared_kernel,timeout,graceful_degradation,"","","",one_to_many,0,0,active,,0
355947,308526,308525,import_depends,downstream,required,"",import,[],"",shared_kernel,timeout,graceful_degradation,"","","",one_to_many,0,0,active,,0
355948,308532,308530,import_depends,downstream,required,"",import,[],"",shared_kernel,timeout,graceful_degradation,"","","",one_to_many,0,0,active,,0
355949,308532,308529,import_depends,downstream,required,"",import,[],"",shared_kernel,timeout,graceful_degradation,"","","",one_to_many,0,0,active,,0
354245,307004,307540,import_depends,downstream,critical,"",import,[],"",anti_corruption_layer,service_down,circuit_break,"","","",one_to_many,1,0,active,,0
355950,308532,308528,import_depends,downstream,required,"",import,[],"",shared_kernel,timeout,graceful_degradation,"","","",one_to_many,0,0,active,,0
355951,308532,308534,import_depends,downstream,required,"",import,[],"",shared_kernel,timeout,graceful_degradation,"","","",one_to_many,0,0,active,,0
355952,308532,308536,import_depends,downstream,required,"",import,[],"",shared_kernel,timeout,graceful_degradation,"","","",one_to_many,0,0,active,,0
355953,308532,308531,import_depends,downstream,required,"",import,[],"",shared_kernel,timeout,graceful_degradation,"","","",one_to_many,0,0,active,,0
355961,308537,308535,import_depends,downstream,required,"",import,[],"",shared_kernel,timeout,graceful_degradation,"","","",one_to_many,0,0,active,,0
355954,308535,308269,import_depends,downstream,required,"",import,[],"","",timeout,graceful_degradation,"","","",one_to_many,0,0,active,,0
355955,308535,308281,import_depends,downstream,required,"",import,[],"","",timeout,graceful_degradation,"","","",one_to_many,0,0,active,,0
355956,308535,308290,import_depends,downstream,required,"",import,[],"","",timeout,graceful_degradation,"","","",one_to_many,0,0,active,,0
355957,308535,308356,import_depends,downstream,required,"",import,[],"","",timeout,graceful_degradation,"","","",one_to_many,0,0,active,,0
355958,308535,308498,import_depends,downstream,required,"",import,[],"","",timeout,graceful_degradation,"","","",one_to_many,0,0,active,,0
355962,308560,308543,import_depends,downstream,required,"",import,[],"",shared_kernel,timeout,graceful_degradation,"","","",one_to_many,0,0,active,,0
355963,308560,308540,import_depends,downstream,required,"",import,[],"",shared_kernel,timeout,graceful_degradation,"","","",one_to_many,0,0,active,,0
355964,308560,308541,import_depends,downstream,required,"",import,[],"",shared_kernel,timeout,graceful_degradation,"","","",one_to_many,0,0,active,,0
355965,308560,308538,import_depends,downstream,required,"",import,[],"",shared_kernel,timeout,graceful_degradation,"","","",one_to_many,0,0,active,,0
355966,308560,308539,import_depends,downstream,required,"",import,[],"",shared_kernel,timeout,graceful_degradation,"","","",one_to_many,0,0,active,,0
355967,308560,308544,import_depends,downstream,required,"",import,[],"",shared_kernel,timeout,graceful_degradation,"","","",one_to_many,0,0,active,,0
355968,308560,308548,import_depends,downstream,required,"",import,[],"",shared_kernel,timeout,graceful_degradation,"","","",one_to_many,0,0,active,,0
353953,306714,306978,import_depends,downstream,required,"",import,[],"","",timeout,graceful_degradation,"","","",one_to_many,0,0,active,,0
355969,308560,308546,import_depends,downstream,required,"",import,[],"",shared_kernel,timeout,graceful_degradation,"","","",one_to_many,0,0,active,,0
355970,308560,308542,import_depends,downstream,required,"",import,[],"",shared_kernel,timeout,graceful_degradation,"","","",one_to_many,0,0,active,,0
355971,308560,308547,import_depends,downstream,required,"",import,[],"",shared_kernel,timeout,graceful_degradation,"","","",one_to_many,0,0,active,,0
355972,308560,308549,import_depends,downstream,required,"",import,[],"",shared_kernel,timeout,graceful_degradation,"","","",one_to_many,0,0,active,,0
355973,308560,308545,import_depends,downstream,required,"",import,[],"",shared_kernel,timeout,graceful_degradation,"","","",one_to_many,0,0,active,,0
355974,308560,308556,import_depends,downstream,required,"",import,[],"",shared_kernel,timeout,graceful_degradation,"","","",one_to_many,0,0,active,,0
353795,306555,307099,import_depends,downstream,required,"",import,[],"",anti_corruption_layer,timeout,graceful_degradation,"","","",one_to_many,0,0,active,,0
353796,306555,307797,import_depends,downstream,critical,"",import,[],"",anti_corruption_layer,service_down,circuit_break,"","","",one_to_many,1,0,active,,0
355975,308560,308550,import_depends,downstream,required,"",import,[],"",shared_kernel,timeout,graceful_degradation,"","","",one_to_many,0,0,active,,0
355976,308560,308554,import_depends,downstream,required,"",import,[],"",shared_kernel,timeout,graceful_degradation,"","","",one_to_many,0,0,active,,0
355977,308560,308558,import_depends,downstream,required,"",import,[],"",shared_kernel,timeout,graceful_degradation,"","","",one_to_many,0,0,active,,0
355978,308560,308552,import_depends,downstream,required,"",import,[],"",shared_kernel,timeout,graceful_degradation,"","","",one_to_many,0,0,active,,0
353943,306704,306978,import_depends,downstream,required,"",import,[],"","",timeout,graceful_degradation,"","","",one_to_many,0,0,active,,0
355979,308560,308551,import_depends,downstream,required,"",import,[],"",shared_kernel,timeout,graceful_degradation,"","","",one_to_many,0,0,active,,0
355980,308560,308553,import_depends,downstream,required,"",import,[],"",shared_kernel,timeout,graceful_degradation,"","","",one_to_many,0,0,active,,0
355981,308560,308557,import_depends,downstream,required,"",import,[],"",shared_kernel,timeout,graceful_degradation,"","","",one_to_many,0,0,active,,0
355982,308560,308555,import_depends,downstream,required,"",import,[],"",shared_kernel,timeout,graceful_degradation,"","","",one_to_many,0,0,active,,0
355474,307965,307971,import_depends,downstream,required,"",import,[],"",shared_kernel,timeout,graceful_degradation,"","","",one_to_many,0,0,active,,0
355986,308564,307545,import_depends,downstream,critical,"",import,[],"",anti_corruption_layer,service_down,circuit_break,"","","",one_to_many,1,0,active,,0
355987,308564,308132,import_depends,downstream,critical,"",import,[],"","",service_down,circuit_break,"","","",one_to_many,1,0,active,,0
355988,308564,308566,import_depends,downstream,required,"",import,[],"","",timeout,graceful_degradation,"","","",one_to_many,0,0,active,,0
355985,308563,308051,import_depends,downstream,critical,"",import,[],"","",service_down,circuit_break,"","","",one_to_many,1,0,active,,0
355999,308568,308059,import_depends,downstream,critical,"",import,[],"","",service_down,circuit_break,"","","",one_to_many,1,0,active,,0
356000,308568,308120,import_depends,downstream,critical,"",import,[],"","",service_down,circuit_break,"","","",one_to_many,1,0,active,,0
356001,308568,308132,import_depends,downstream,critical,"",import,[],"","",service_down,circuit_break,"","","",one_to_many,1,0,active,,0
355989,308566,308059,import_depends,downstream,critical,"",import,[],"","",service_down,circuit_break,"","","",one_to_many,1,0,active,,0
355990,308566,308118,import_depends,downstream,critical,"",import,[],"","",service_down,circuit_break,"","","",one_to_many,1,0,active,,0
355991,308566,307545,import_depends,downstream,critical,"",import,[],"",anti_corruption_layer,service_down,circuit_break,"","","",one_to_many,1,0,active,,0
355992,308566,308132,import_depends,downstream,critical,"",import,[],"","",service_down,circuit_break,"","","",one_to_many,1,0,active,,0
355993,308566,307847,import_depends,downstream,critical,"",import,[],"",anti_corruption_layer,service_down,circuit_break,"","","",one_to_many,1,0,active,,0
355994,308566,307337,import_depends,downstream,critical,"",import,[],"","",service_down,circuit_break,"","","",one_to_many,1,0,active,,0
355995,308566,308020,import_depends,downstream,critical,"",import,[],"",anti_corruption_layer,service_down,circuit_break,"","","",one_to_many,1,0,active,,0
353959,306719,306997,import_depends,downstream,critical,"",import,[],"","",service_down,circuit_break,"","","",one_to_many,1,0,active,,0
355996,308566,307845,import_depends,downstream,critical,"",import,[],"",anti_corruption_layer,service_down,circuit_break,"","","",one_to_many,1,0,active,,0
356002,308569,308120,import_depends,downstream,critical,"",import,[],"","",service_down,circuit_break,"","","",one_to_many,1,0,active,,0
356003,308569,308132,import_depends,downstream,critical,"",import,[],"","",service_down,circuit_break,"","","",one_to_many,1,0,active,,0
356004,308569,308059,import_depends,downstream,critical,"",import,[],"","",service_down,circuit_break,"","","",one_to_many,1,0,active,,0
356009,308572,306931,import_depends,downstream,critical,"",import,[],"",anti_corruption_layer,service_down,circuit_break,"","","",one_to_many,1,0,active,,0
356013,308576,306953,import_depends,downstream,critical,"",import,[],"","",service_down,circuit_break,"","","",one_to_many,1,0,active,,0
356014,308576,307534,import_depends,downstream,critical,"",import,[],"","",service_down,circuit_break,"","","",one_to_many,1,0,active,,0
353797,306555,307837,import_depends,downstream,critical,"",import,[],"",anti_corruption_layer,service_down,circuit_break,"","","",one_to_many,1,0,active,,0
353798,306555,306766,import_depends,downstream,required,"",import,[],"","",timeout,graceful_degradation,"","","",one_to_many,0,0,active,,0
356015,308576,307538,import_depends,downstream,critical,"",import,[],"","",service_down,circuit_break,"","","",one_to_many,1,0,active,,0
356016,308576,307540,import_depends,downstream,critical,"",import,[],"","",service_down,circuit_break,"","","",one_to_many,1,0,active,,0
356017,308576,306958,import_depends,downstream,critical,"",import,[],"","",service_down,circuit_break,"","","",one_to_many,1,0,active,,0
356012,308574,308583,import_depends,downstream,required,"",import,[],"","",timeout,graceful_degradation,"","","",one_to_many,0,0,active,,0
355997,308567,307545,import_depends,downstream,critical,"",import,[],"",anti_corruption_layer,service_down,circuit_break,"","","",one_to_many,1,0,active,,0
355998,308567,308132,import_depends,downstream,critical,"",import,[],"","",service_down,circuit_break,"","","",one_to_many,1,0,active,,0
356005,308570,308576,import_depends,downstream,required,"",import,[],"","",timeout,graceful_degradation,"","","",one_to_many,0,0,active,,0
356018,308578,308581,import_depends,downstream,required,"",import,[],"","",timeout,graceful_degradation,"","","",one_to_many,0,0,active,,0
356010,308573,308059,import_depends,downstream,critical,"",import,[],"","",service_down,circuit_break,"","","",one_to_many,1,0,active,,0
356011,308573,306953,import_depends,downstream,critical,"",import,[],"","",service_down,circuit_break,"","","",one_to_many,1,0,active,,0
356019,308580,308059,import_depends,downstream,critical,"",import,[],"","",service_down,circuit_break,"","","",one_to_many,1,0,active,,0
356022,308580,307847,import_depends,downstream,critical,"",import,[],"",anti_corruption_layer,service_down,circuit_break,"","","",one_to_many,1,0,active,,0
356023,308580,307337,import_depends,downstream,critical,"",import,[],"","",service_down,circuit_break,"","","",one_to_many,1,0,active,,0
356024,308581,307956,import_depends,downstream,critical,"",import,[],"",anti_corruption_layer,service_down,circuit_break,"","","",one_to_many,1,0,active,,0
356027,308585,307943,import_depends,downstream,critical,"",import,[],"","",service_down,circuit_break,"","","",one_to_many,1,0,active,,0
356028,308585,307956,import_depends,downstream,critical,"",import,[],"","",service_down,circuit_break,"","","",one_to_many,1,0,active,,0
356025,308584,308593,import_depends,downstream,required,"",import,[],"","",timeout,graceful_degradation,"","","",one_to_many,0,0,active,,0
356026,308584,307570,import_depends,downstream,critical,"",import,[],"","",service_down,circuit_break,"","","",one_to_many,1,0,active,,0
356031,308590,307441,import_depends,downstream,critical,"",import,[],"","",service_down,circuit_break,"","","",one_to_many,1,0,active,,0
356032,308590,307444,import_depends,downstream,critical,"",import,[],"","",service_down,circuit_break,"","","",one_to_many,1,0,active,,0
356033,308593,307545,import_depends,downstream,critical,"",import,[],"","",service_down,circuit_break,"","","",one_to_many,1,0,active,,0
356029,308588,306268,import_depends,downstream,critical,"",import,[],"","",service_down,circuit_break,"","","",one_to_many,1,0,active,,0
353960,306721,306978,import_depends,downstream,required,"",import,[],"","",timeout,graceful_degradation,"","","",one_to_many,0,0,active,,0
353961,306725,307337,import_depends,downstream,critical,"",import,[],"","",service_down,circuit_break,"","","",one_to_many,1,0,active,,0
356030,308588,307556,import_depends,downstream,critical,"",import,[],"","",service_down,circuit_break,"","","",one_to_many,1,0,active,,0
356039,308595,308120,import_depends,downstream,critical,"",import,[],"","",service_down,circuit_break,"","","",one_to_many,1,0,active,,0
356034,308594,308059,import_depends,downstream,critical,"",import,[],"","",service_down,circuit_break,"","","",one_to_many,1,0,active,,0
356035,308594,308632,import_depends,downstream,required,"",import,[],"","",timeout,graceful_degradation,"","","",one_to_many,0,0,active,,0
353809,306563,306591,import_depends,downstream,required,"",import,[],"",shared_kernel,timeout,graceful_degradation,"","","",one_to_many,0,0,active,,0
356036,308594,307010,import_depends,downstream,critical,"",import,[],"","",service_down,circuit_break,"","","",one_to_many,1,0,active,,0
356037,308594,308233,import_depends,downstream,required,"",import,[],"","",timeout,graceful_degradation,"","","",one_to_many,0,0,active,,0
356040,308598,307943,import_depends,downstream,critical,"",import,[],"","",service_down,circuit_break,"","","",one_to_many,1,0,active,,0
356041,308598,308600,import_depends,downstream,required,"",import,[],"","",timeout,graceful_degradation,"","","",one_to_many,0,0,active,,0
356042,308598,308607,import_depends,downstream,required,"",import,[],"","",timeout,graceful_degradation,"","","",one_to_many,0,0,active,,0
356043,308618,308059,import_depends,downstream,critical,"",import,[],"","",service_down,circuit_break,"","","",one_to_many,1,0,active,,0
356044,308618,308120,import_depends,downstream,critical,"",import,[],"","",service_down,circuit_break,"","","",one_to_many,1,0,active,,0
356045,308618,308132,import_depends,downstream,critical,"",import,[],"","",service_down,circuit_break,"","","",one_to_many,1,0,active,,0
356049,308637,308051,import_depends,downstream,critical,"",import,[],"","",service_down,circuit_break,"","","",one_to_many,1,0,active,,0
356048,308636,306931,import_depends,downstream,critical,"",import,[],"",anti_corruption_layer,service_down,circuit_break,"","","",one_to_many,1,0,active,,0
356058,308643,308637,import_depends,downstream,required,"",import,[],"",shared_kernel,timeout,graceful_degradation,"","","",one_to_many,0,0,active,,0
356059,308643,308636,import_depends,downstream,required,"",import,[],"",shared_kernel,timeout,graceful_degradation,"","","",one_to_many,0,0,active,,0
356060,308644,308059,import_depends,downstream,critical,"",import,[],"","",service_down,circuit_break,"","","",one_to_many,1,0,active,,0
356052,308639,308120,import_depends,downstream,critical,"",import,[],"","",service_down,circuit_break,"","","",one_to_many,1,0,active,,0
356053,308639,308132,import_depends,downstream,critical,"",import,[],"","",service_down,circuit_break,"","","",one_to_many,1,0,active,,0
356054,308639,308059,import_depends,downstream,critical,"",import,[],"","",service_down,circuit_break,"","","",one_to_many,1,0,active,,0
356055,308641,307545,import_depends,downstream,critical,"",import,[],"",anti_corruption_layer,service_down,circuit_break,"","","",one_to_many,1,0,active,,0
356056,308641,308132,import_depends,downstream,critical,"",import,[],"","",service_down,circuit_break,"","","",one_to_many,1,0,active,,0
356057,308641,308580,import_depends,downstream,required,"",import,[],"","",timeout,graceful_degradation,"","","",one_to_many,0,0,active,,0
356069,308653,306997,import_depends,downstream,critical,"",import,[],"","",service_down,circuit_break,"","","",one_to_many,1,0,active,,0
356070,308653,308223,import_depends,downstream,required,"",import,[],"",anti_corruption_layer,timeout,graceful_degradation,"","","",one_to_many,0,0,active,,0
355549,308060,308126,import_depends,downstream,required,"",import,[],"","",timeout,graceful_degradation,"","","",one_to_many,0,0,active,,0
356071,308653,308651,import_depends,downstream,required,"",import,[],"",shared_kernel,timeout,graceful_degradation,"","","",one_to_many,0,0,active,,0
356072,308653,308650,import_depends,downstream,required,"",import,[],"",shared_kernel,timeout,graceful_degradation,"","","",one_to_many,0,0,active,,0
356073,308653,308646,import_depends,downstream,required,"",import,[],"",shared_kernel,timeout,graceful_degradation,"","","",one_to_many,0,0,active,,0
353962,306737,306855,import_depends,downstream,required,"",import,[],"","",timeout,graceful_degradation,"","","",one_to_many,0,0,active,,0
353963,306740,308059,import_depends,downstream,critical,"",import,[],"","",service_down,circuit_break,"","","",one_to_many,1,0,active,,0
353964,306745,306769,import_depends,downstream,required,"",import,[],"",shared_kernel,timeout,graceful_degradation,"","","",one_to_many,0,0,active,,0
356074,308653,308648,import_depends,downstream,required,"",import,[],"",shared_kernel,timeout,graceful_degradation,"","","",one_to_many,0,0,active,,0
356075,308653,308649,import_depends,downstream,required,"",import,[],"",shared_kernel,timeout,graceful_degradation,"","","",one_to_many,0,0,active,,0
356076,308653,308652,import_depends,downstream,required,"",import,[],"",shared_kernel,timeout,graceful_degradation,"","","",one_to_many,0,0,active,,0
356077,308653,308654,import_depends,downstream,required,"",import,[],"",shared_kernel,timeout,graceful_degradation,"","","",one_to_many,0,0,active,,0
356078,308653,308655,import_depends,downstream,required,"",import,[],"",shared_kernel,timeout,graceful_degradation,"","","",one_to_many,0,0,active,,0
356079,308653,308656,import_depends,downstream,required,"",import,[],"",shared_kernel,timeout,graceful_degradation,"","","",one_to_many,0,0,active,,0
356080,308653,308662,import_depends,downstream,required,"",import,[],"",shared_kernel,timeout,graceful_degradation,"","","",one_to_many,0,0,active,,0
356081,308653,308661,import_depends,downstream,required,"",import,[],"",shared_kernel,timeout,graceful_degradation,"","","",one_to_many,0,0,active,,0
356082,308653,308660,import_depends,downstream,required,"",import,[],"",shared_kernel,timeout,graceful_degradation,"","","",one_to_many,0,0,active,,0
356063,308647,308652,import_depends,downstream,required,"",import,[],"",shared_kernel,timeout,graceful_degradation,"","","",one_to_many,0,0,active,,0
356064,308647,308656,import_depends,downstream,required,"",import,[],"",shared_kernel,timeout,graceful_degradation,"","","",one_to_many,0,0,active,,0
356065,308647,308659,import_depends,downstream,required,"",import,[],"",shared_kernel,timeout,graceful_degradation,"","","",one_to_many,0,0,active,,0
356066,308647,308663,import_depends,downstream,required,"",import,[],"",shared_kernel,timeout,graceful_degradation,"","","",one_to_many,0,0,active,,0
356067,308647,308667,import_depends,downstream,required,"",import,[],"",shared_kernel,timeout,graceful_degradation,"","","",one_to_many,0,0,active,,0
356093,308657,308648,import_depends,downstream,required,"",import,[],"",shared_kernel,timeout,graceful_degradation,"","","",one_to_many,0,0,active,,0
356094,308657,308649,import_depends,downstream,required,"",import,[],"",shared_kernel,timeout,graceful_degradation,"","","",one_to_many,0,0,active,,0
356095,308657,308652,import_depends,downstream,required,"",import,[],"",shared_kernel,timeout,graceful_degradation,"","","",one_to_many,0,0,active,,0
356096,308657,308654,import_depends,downstream,required,"",import,[],"",shared_kernel,timeout,graceful_degradation,"","","",one_to_many,0,0,active,,0
356097,308664,308655,import_depends,downstream,required,"",import,[],"",shared_kernel,timeout,graceful_degradation,"","","",one_to_many,0,0,active,,0
356098,308664,308656,import_depends,downstream,required,"",import,[],"",shared_kernel,timeout,graceful_degradation,"","","",one_to_many,0,0,active,,0
356099,308664,308662,import_depends,downstream,required,"",import,[],"",shared_kernel,timeout,graceful_degradation,"","","",one_to_many,0,0,active,,0
356100,308664,308661,import_depends,downstream,required,"",import,[],"",shared_kernel,timeout,graceful_degradation,"","","",one_to_many,0,0,active,,0
356101,308664,308660,import_depends,downstream,required,"",import,[],"",shared_kernel,timeout,graceful_degradation,"","","",one_to_many,0,0,active,,0
356102,308664,308658,import_depends,downstream,required,"",import,[],"",shared_kernel,timeout,graceful_degradation,"","","",one_to_many,0,0,active,,0
356103,308664,308659,import_depends,downstream,required,"",import,[],"",shared_kernel,timeout,graceful_degradation,"","","",one_to_many,0,0,active,,0
356115,308678,307593,import_depends,downstream,critical,"",import,[],"","",service_down,circuit_break,"","","",one_to_many,1,0,active,,0
356116,308678,307598,import_depends,downstream,critical,"",import,[],"","",service_down,circuit_break,"","","",one_to_many,1,0,active,,0
356117,308678,307604,import_depends,downstream,critical,"",import,[],"","",service_down,circuit_break,"","","",one_to_many,1,0,active,,0
356118,308678,308113,import_depends,downstream,critical,"",import,[],"","",service_down,circuit_break,"","","",one_to_many,1,0,active,,0
356105,308672,306997,import_depends,downstream,critical,"",import,[],"","",service_down,circuit_break,"","","",one_to_many,1,0,active,,0
356106,308672,308663,import_depends,downstream,required,"",import,[],"",shared_kernel,timeout,graceful_degradation,"","","",one_to_many,0,0,active,,0
356107,308672,308669,import_depends,downstream,required,"",import,[],"",shared_kernel,timeout,graceful_degradation,"","","",one_to_many,0,0,active,,0
356108,308672,308667,import_depends,downstream,required,"",import,[],"",shared_kernel,timeout,graceful_degradation,"","","",one_to_many,0,0,active,,0
356109,308672,308668,import_depends,downstream,required,"",import,[],"",shared_kernel,timeout,graceful_degradation,"","","",one_to_many,0,0,active,,0
356110,308672,308674,import_depends,downstream,required,"",import,[],"",shared_kernel,timeout,graceful_degradation,"","","",one_to_many,0,0,active,,0
356111,308673,307336,import_depends,downstream,critical,"",import,[],"","",service_down,circuit_break,"","","",one_to_many,1,0,active,,0
353739,306481,306818,import_depends,downstream,required,"",import,[],"","",timeout,graceful_degradation,"","","",one_to_many,0,0,active,,0
353810,306564,306764,import_depends,downstream,required,"",import,[],"","",timeout,graceful_degradation,"","","",one_to_many,0,0,active,,0
356112,308673,307439,import_depends,downstream,critical,"",import,[],"","",service_down,circuit_break,"","","",one_to_many,1,0,active,,0
356113,308673,307484,import_depends,downstream,critical,"",import,[],"",anti_corruption_layer,service_down,circuit_break,"","","",one_to_many,1,0,active,,0
356104,308670,307589,import_depends,downstream,critical,"",import,[],"","",service_down,circuit_break,"","","",one_to_many,1,0,active,,0
356114,308677,306470,import_depends,downstream,required,"",import,[],"","",timeout,graceful_degradation,"","","",one_to_many,0,0,active,,0
356119,308681,306973,import_depends,downstream,required,"",import,[],"","",timeout,graceful_degradation,"","","",one_to_many,0,0,active,,0
356120,308681,307756,import_depends,downstream,critical,"",import,[],"","",service_down,circuit_break,"","","",one_to_many,1,0,active,,0
356121,308683,308059,import_depends,downstream,critical,"",import,[],"","",service_down,circuit_break,"","","",one_to_many,1,0,active,,0
356126,308684,308052,import_depends,downstream,critical,"",import,[],"","",service_down,circuit_break,"","","",one_to_many,1,0,active,,0
356128,308686,307589,import_depends,downstream,critical,"",import,[],"","",service_down,circuit_break,"","","",one_to_many,1,0,active,,0
356129,308686,307597,import_depends,downstream,critical,"",import,[],"","",service_down,circuit_break,"","","",one_to_many,1,0,active,,0
356130,308686,307598,import_depends,downstream,critical,"",import,[],"","",service_down,circuit_break,"","","",one_to_many,1,0,active,,0
356131,308686,307506,import_depends,downstream,critical,"",import,[],"","",service_down,circuit_break,"","","",one_to_many,1,0,active,,0
356144,308703,307598,import_depends,downstream,critical,"",import,[],"","",service_down,circuit_break,"","","",one_to_many,1,0,active,,0
356145,308703,307589,import_depends,downstream,critical,"",import,[],"","",service_down,circuit_break,"","","",one_to_many,1,0,active,,0
354246,307005,306558,import_depends,downstream,critical,"",import,[],"",anti_corruption_layer,service_down,circuit_break,"","","",one_to_many,1,0,active,,0
354247,307005,308102,import_depends,downstream,critical,"",import,[],"","",service_down,circuit_break,"","","",one_to_many,1,0,active,,0
356146,308703,307604,import_depends,downstream,critical,"",import,[],"","",service_down,circuit_break,"","","",one_to_many,1,0,active,,0
356147,308703,307595,import_depends,downstream,critical,"",import,[],"","",service_down,circuit_break,"","","",one_to_many,1,0,active,,0
356138,308691,307506,import_depends,downstream,critical,"",import,[],"","",service_down,circuit_break,"","","",one_to_many,1,0,active,,0
356139,308691,307598,import_depends,downstream,critical,"",import,[],"","",service_down,circuit_break,"","","",one_to_many,1,0,active,,0
356140,308692,308819,import_depends,downstream,critical,"",import,[],"",shared_kernel,service_down,circuit_break,"","","",one_to_many,1,0,active,,0
356141,308692,306475,import_depends,downstream,required,"",import,[],"","",timeout,graceful_degradation,"","","",one_to_many,0,0,active,,0
356142,308692,307170,import_depends,downstream,critical,"",import,[],"","",service_down,circuit_break,"","","",one_to_many,1,0,active,,0
356143,308692,307527,import_depends,downstream,critical,"",import,[],"",anti_corruption_layer,service_down,circuit_break,"","","",one_to_many,1,0,active,,0
356136,308690,307410,import_depends,downstream,critical,"",import,[],"","",service_down,circuit_break,"","","",one_to_many,1,0,active,,0
356137,308690,307418,import_depends,downstream,critical,"",import,[],"","",service_down,circuit_break,"","","",one_to_many,1,0,active,,0
356157,308732,306953,import_depends,downstream,required,"",import,[],"","",timeout,graceful_degradation,"","","",one_to_many,0,0,active,,0
356149,308729,306958,import_depends,downstream,required,"",import,[],"","",timeout,graceful_degradation,"","","",one_to_many,0,0,active,,0
356150,308729,306953,import_depends,downstream,required,"",import,[],"","",timeout,graceful_degradation,"","","",one_to_many,0,0,active,,0
356165,308737,306379,import_depends,downstream,required,"",import,[],"","",timeout,graceful_degradation,"","","",one_to_many,0,0,active,,0
356166,308737,307484,import_depends,downstream,critical,"",import,[],"",anti_corruption_layer,service_down,circuit_break,"","","",one_to_many,1,0,active,,0
356167,308737,308142,import_depends,downstream,critical,"",import,[],"",anti_corruption_layer,service_down,circuit_break,"","","",one_to_many,1,0,active,,0
356168,308737,307690,import_depends,downstream,critical,"",import,[],"",anti_corruption_layer,service_down,circuit_break,"","","",one_to_many,1,0,active,,0
356169,308737,307687,import_depends,downstream,critical,"",import,[],"",anti_corruption_layer,service_down,circuit_break,"","","",one_to_many,1,0,active,,0
356170,308737,307694,import_depends,downstream,critical,"",import,[],"",anti_corruption_layer,service_down,circuit_break,"","","",one_to_many,1,0,active,,0
356171,308737,306422,import_depends,downstream,critical,"",import,[],"",anti_corruption_layer,service_down,circuit_break,"","","",one_to_many,1,0,active,,0
356172,308737,308175,import_depends,downstream,critical,"",import,[],"",anti_corruption_layer,service_down,circuit_break,"","","",one_to_many,1,0,active,,0
356173,308737,307858,import_depends,downstream,critical,"",import,[],"",anti_corruption_layer,service_down,circuit_break,"","","",one_to_many,1,0,active,,0
356174,308737,307583,import_depends,downstream,critical,"",import,[],"",anti_corruption_layer,service_down,circuit_break,"","","",one_to_many,1,0,active,,0
356154,308731,307484,import_depends,downstream,critical,"",import,[],"",anti_corruption_layer,service_down,circuit_break,"","","",one_to_many,1,0,active,,0
356155,308731,306958,import_depends,downstream,required,"",import,[],"","",timeout,graceful_degradation,"","","",one_to_many,0,0,active,,0
356156,308731,306953,import_depends,downstream,required,"",import,[],"","",timeout,graceful_degradation,"","","",one_to_many,0,0,active,,0
356185,308745,308059,import_depends,downstream,critical,"",import,[],"","",service_down,circuit_break,"","","",one_to_many,1,0,active,,0
356162,308736,307945,import_depends,downstream,critical,"",import,[],"","",service_down,circuit_break,"","","",one_to_many,1,0,active,,0
356163,308736,308189,import_depends,downstream,critical,"",import,[],"","",service_down,circuit_break,"","","",one_to_many,1,0,active,,0
356164,308736,308191,import_depends,downstream,critical,"",import,[],"","",service_down,circuit_break,"","","",one_to_many,1,0,active,,0
356161,308735,308059,import_depends,downstream,critical,"",import,[],"","",service_down,circuit_break,"","","",one_to_many,1,0,active,,0
356175,308739,307936,import_depends,downstream,critical,"",import,[],"","",service_down,circuit_break,"","","",one_to_many,1,0,active,,0
356176,308739,307937,import_depends,downstream,critical,"",import,[],"","",service_down,circuit_break,"","","",one_to_many,1,0,active,,0
356177,308739,307942,import_depends,downstream,critical,"",import,[],"","",service_down,circuit_break,"","","",one_to_many,1,0,active,,0
356178,308739,307941,import_depends,downstream,critical,"",import,[],"","",service_down,circuit_break,"","","",one_to_many,1,0,active,,0
356190,308753,306471,import_depends,downstream,critical,"",import,[],"","",service_down,circuit_break,"","","",one_to_many,1,0,active,,0
356181,308742,308059,import_depends,downstream,critical,"",import,[],"","",service_down,circuit_break,"","","",one_to_many,1,0,active,,0
356187,308749,308062,import_depends,downstream,critical,"",import,[],"","",service_down,circuit_break,"","","",one_to_many,1,0,active,,0
356186,308748,308059,import_depends,downstream,critical,"",import,[],"","",service_down,circuit_break,"","","",one_to_many,1,0,active,,0
356179,308740,308059,import_depends,downstream,critical,"",import,[],"","",service_down,circuit_break,"","","",one_to_many,1,0,active,,0
353972,306756,308118,import_depends,downstream,critical,"",import,[],"","",service_down,circuit_break,"","","",one_to_many,1,0,active,,0
353973,306756,306766,import_depends,downstream,required,"",import,[],"",shared_kernel,timeout,graceful_degradation,"","","",one_to_many,0,0,active,,0
356188,308751,307443,import_depends,downstream,critical,"",import,[],"","",service_down,circuit_break,"","","",one_to_many,1,0,active,,0
356189,308751,307161,import_depends,downstream,critical,"",import,[],"","",service_down,circuit_break,"","","",one_to_many,1,0,active,,0
356191,308758,306475,import_depends,downstream,critical,"",import,[],"","",service_down,circuit_break,"","","",one_to_many,1,0,active,,0
356192,308758,308059,import_depends,downstream,critical,"",import,[],"","",service_down,circuit_break,"","","",one_to_many,1,0,active,,0
356193,308759,306226,import_depends,downstream,critical,"",import,[],"","",service_down,circuit_break,"","","",one_to_many,1,0,active,,0
356194,308761,308059,import_depends,downstream,critical,"",import,[],"","",service_down,circuit_break,"","","",one_to_many,1,0,active,,0
356195,308762,306958,import_depends,downstream,critical,"",import,[],"","",service_down,circuit_break,"","","",one_to_many,1,0,active,,0
356196,308762,306953,import_depends,downstream,critical,"",import,[],"","",service_down,circuit_break,"","","",one_to_many,1,0,active,,0
356197,308762,307484,import_depends,downstream,critical,"",import,[],"","",service_down,circuit_break,"","","",one_to_many,1,0,active,,0
356199,308792,306987,import_depends,downstream,critical,"",import,[],"",anti_corruption_layer,service_down,circuit_break,"","","",one_to_many,1,0,active,,0
356198,308791,308583,import_depends,downstream,critical,"",import,[],"","",service_down,circuit_break,"","","",one_to_many,1,0,active,,0
356202,308823,306471,import_depends,downstream,critical,"",import,[],"","",service_down,circuit_break,"","","",one_to_many,1,0,active,,0
356207,308847,306834,import_depends,downstream,critical,"",import,[],"","",service_down,circuit_break,"","","",one_to_many,1,0,active,,0
356204,308845,306226,import_depends,downstream,critical,"",import,[],"",anti_corruption_layer,service_down,circuit_break,"","","",one_to_many,1,0,active,,0
358589,307645,307636,config_depends,downstream,degradable,"",config,[],"","",timeout,circuit_break,"","","",one_to_many,0,0,active,,0
356211,308852,308059,import_depends,downstream,critical,"",import,[],"","",service_down,circuit_break,"","","",one_to_many,1,0,active,,0
356208,308848,308059,import_depends,downstream,critical,"",import,[],"","",service_down,circuit_break,"","","",one_to_many,1,0,active,,0
356210,308851,307009,import_depends,downstream,critical,"",import,[],"","",service_down,circuit_break,"","","",one_to_many,1,0,active,,0
356216,308885,308059,import_depends,downstream,critical,"",import,[],"","",service_down,circuit_break,"","","",one_to_many,1,0,active,,0
356214,308883,308059,import_depends,downstream,critical,"",import,[],"","",service_down,circuit_break,"","","",one_to_many,1,0,active,,0
356217,308886,308059,import_depends,downstream,critical,"",import,[],"","",service_down,circuit_break,"","","",one_to_many,1,0,active,,0
356220,308889,308059,import_depends,downstream,critical,"",import,[],"","",service_down,circuit_break,"","","",one_to_many,1,0,active,,0
356223,308901,308059,import_depends,downstream,critical,"",import,[],"","",service_down,circuit_break,"","","",one_to_many,1,0,active,,0
356218,308887,308059,import_depends,downstream,critical,"",import,[],"","",service_down,circuit_break,"","","",one_to_many,1,0,active,,0
356222,308892,308059,import_depends,downstream,critical,"",import,[],"","",service_down,circuit_break,"","","",one_to_many,1,0,active,,0
356213,308882,308059,import_depends,downstream,critical,"",import,[],"","",service_down,circuit_break,"","","",one_to_many,1,0,active,,0
356215,308884,308059,import_depends,downstream,critical,"",import,[],"","",service_down,circuit_break,"","","",one_to_many,1,0,active,,0
356212,308881,308059,import_depends,downstream,critical,"",import,[],"","",service_down,circuit_break,"","","",one_to_many,1,0,active,,0
356219,308888,308059,import_depends,downstream,critical,"",import,[],"","",service_down,circuit_break,"","","",one_to_many,1,0,active,,0
354282,307018,307009,import_depends,downstream,required,"",import,[],"",shared_kernel,timeout,graceful_degradation,"","","",one_to_many,0,0,active,,0
354276,307016,307018,import_depends,downstream,required,"",import,[],"",shared_kernel,timeout,graceful_degradation,"","","",one_to_many,0,0,active,,0
356221,308891,308059,import_depends,downstream,critical,"",import,[],"","",service_down,circuit_break,"","","",one_to_many,1,0,active,,0
355687,308195,308064,import_depends,downstream,critical,"",import,[],"","",service_down,circuit_break,"","","",one_to_many,1,0,active,,0
356224,308919,308062,import_depends,downstream,critical,"",import,[],"","",service_down,circuit_break,"","","",one_to_many,1,0,active,,0
353965,306752,306757,import_depends,downstream,required,"",import,[],"",shared_kernel,timeout,graceful_degradation,"","","",one_to_many,0,0,active,,0
356225,308921,309129,import_depends,downstream,required,"",import,[],"",anti_corruption_layer,timeout,graceful_degradation,"","","",one_to_many,0,0,active,,0
356226,308924,306470,import_depends,downstream,critical,"",import,[],"","",service_down,circuit_break,"","","",one_to_many,1,0,active,,0
356227,308931,308062,import_depends,downstream,critical,"",import,[],"","",service_down,circuit_break,"","","",one_to_many,1,0,active,,0
356228,309007,306470,import_depends,downstream,critical,"",import,[],"","",service_down,circuit_break,"","","",one_to_many,1,0,active,,0
356229,309015,306471,import_depends,downstream,critical,"",import,[],"","",service_down,circuit_break,"","","",one_to_many,1,0,active,,0
356230,309016,307484,import_depends,downstream,critical,"",import,[],"",anti_corruption_layer,service_down,circuit_break,"","","",one_to_many,1,0,active,,0
356231,309016,306958,import_depends,downstream,critical,"",import,[],"","",service_down,circuit_break,"","","",one_to_many,1,0,active,,0
356232,309016,308059,import_depends,downstream,critical,"",import,[],"","",service_down,circuit_break,"","","",one_to_many,1,0,active,,0
356233,309016,306953,import_depends,downstream,critical,"",import,[],"","",service_down,circuit_break,"","","",one_to_many,1,0,active,,0
356234,309016,307004,import_depends,downstream,critical,"",import,[],"",anti_corruption_layer,service_down,circuit_break,"","","",one_to_many,1,0,active,,0
356238,309048,307484,import_depends,downstream,critical,"",import,[],"",anti_corruption_layer,service_down,circuit_break,"","","",one_to_many,1,0,active,,0
356239,309048,307047,import_depends,downstream,critical,"",import,[],"","",service_down,circuit_break,"","","",one_to_many,1,0,active,,0
356240,309048,306987,import_depends,downstream,critical,"",import,[],"",anti_corruption_layer,service_down,circuit_break,"","","",one_to_many,1,0,active,,0
356237,309039,307181,import_depends,downstream,critical,"",import,[],"",anti_corruption_layer,service_down,circuit_break,"","","",one_to_many,1,0,active,,0
356242,309063,308052,import_depends,downstream,critical,"",import,[],"","",service_down,circuit_break,"","","",one_to_many,1,0,active,,0
356245,309070,306471,import_depends,downstream,critical,"",import,[],"","",service_down,circuit_break,"","","",one_to_many,1,0,active,,0
356243,309069,308059,import_depends,downstream,critical,"",import,[],"","",service_down,circuit_break,"","","",one_to_many,1,0,active,,0
356244,309069,308213,import_depends,downstream,critical,"",import,[],"","",service_down,circuit_break,"","","",one_to_many,1,0,active,,0
356248,309075,306471,import_depends,downstream,critical,"",import,[],"","",service_down,circuit_break,"","","",one_to_many,1,0,active,,0
356246,309074,308059,import_depends,downstream,critical,"",import,[],"","",service_down,circuit_break,"","","",one_to_many,1,0,active,,0
356247,309074,306973,import_depends,downstream,critical,"",import,[],"","",service_down,circuit_break,"","","",one_to_many,1,0,active,,0
356253,309084,308059,import_depends,downstream,critical,"",import,[],"","",service_down,circuit_break,"","","",one_to_many,1,0,active,,0
356258,309094,306953,import_depends,downstream,critical,"",import,[],"","",service_down,circuit_break,"","","",one_to_many,1,0,active,,0
356256,309091,308059,import_depends,downstream,critical,"",import,[],"","",service_down,circuit_break,"","","",one_to_many,1,0,active,,0
356259,309106,307002,import_depends,downstream,critical,"",import,[],"","",service_down,circuit_break,"","","",one_to_many,1,0,active,,0
356261,309120,307467,import_depends,downstream,critical,"",import,[],"","",service_down,circuit_break,"","","",one_to_many,1,0,active,,0
356260,309112,306581,import_depends,downstream,critical,"",import,[],"","",service_down,circuit_break,"","","",one_to_many,1,0,active,,0
356262,309125,307181,import_depends,downstream,critical,"",import,[],"",anti_corruption_layer,service_down,circuit_break,"","","",one_to_many,1,0,active,,0
356265,309132,308055,import_depends,downstream,critical,"",import,[],"","",service_down,circuit_break,"","","",one_to_many,1,0,active,,0
354277,307016,307004,import_depends,downstream,required,"",import,[],"",shared_kernel,timeout,graceful_degradation,"","","",one_to_many,0,0,active,,0
354250,307009,306974,import_depends,downstream,required,"",import,[],"",shared_kernel,timeout,graceful_degradation,"","","",one_to_many,0,0,active,,0
356264,309130,306471,import_depends,downstream,critical,"",import,[],"","",service_down,circuit_break,"","","",one_to_many,1,0,active,,0
356266,309134,308062,import_depends,downstream,critical,"",import,[],"","",service_down,circuit_break,"","","",one_to_many,1,0,active,,0
356271,309146,306887,import_depends,downstream,required,"",import,[],"","",timeout,graceful_degradation,"","","",one_to_many,0,0,active,,0
356267,309143,306958,import_depends,downstream,critical,"",import,[],"","",service_down,circuit_break,"","","",one_to_many,1,0,active,,0
356268,309143,306953,import_depends,downstream,critical,"",import,[],"","",service_down,circuit_break,"","","",one_to_many,1,0,active,,0
356269,309145,306958,import_depends,downstream,critical,"",import,[],"","",service_down,circuit_break,"","","",one_to_many,1,0,active,,0
356270,309145,306953,import_depends,downstream,critical,"",import,[],"","",service_down,circuit_break,"","","",one_to_many,1,0,active,,0
356272,309150,308048,import_depends,downstream,critical,"",import,[],"","",service_down,circuit_break,"","","",one_to_many,1,0,active,,0
356273,309159,308059,import_depends,downstream,critical,"",import,[],"","",service_down,circuit_break,"","","",one_to_many,1,0,active,,0
356274,309165,308059,import_depends,downstream,critical,"",import,[],"","",service_down,circuit_break,"","","",one_to_many,1,0,active,,0
356275,309222,307186,test_depends,downstream,optional,"",import,[],"","",cascade_failure,skip_test,"","","",one_to_many,1,0,active,,0
356276,309222,307217,test_depends,downstream,optional,"",import,[],"","",cascade_failure,skip_test,"","","",one_to_many,1,0,active,,0
356277,309222,307211,test_depends,downstream,optional,"",import,[],"","",cascade_failure,skip_test,"","","",one_to_many,1,0,active,,0
356278,309225,307709,test_depends,downstream,optional,"",import,[],"","",cascade_failure,skip_test,"","","",one_to_many,1,0,active,,0
353811,306565,306569,import_depends,downstream,required,"",import,[],"",shared_kernel,timeout,graceful_degradation,"","","",one_to_many,0,0,active,,0
356279,309234,306481,test_depends,downstream,optional,"",import,[],"","",cascade_failure,skip_test,"","","",one_to_many,1,0,active,,0
356280,309242,307198,test_depends,downstream,optional,"",import,[],"","",cascade_failure,skip_test,"","","",one_to_many,1,0,active,,0
356281,309242,307197,test_depends,downstream,optional,"",import,[],"","",cascade_failure,skip_test,"","","",one_to_many,1,0,active,,0
356282,309242,307207,test_depends,downstream,optional,"",import,[],"","",cascade_failure,skip_test,"","","",one_to_many,1,0,active,,0
356288,309258,307253,test_depends,downstream,optional,"",import,[],"","",cascade_failure,skip_test,"","","",one_to_many,1,0,active,,0
356289,309259,307209,test_depends,downstream,optional,"",import,[],"","",cascade_failure,skip_test,"","","",one_to_many,1,0,active,,0
356291,309265,307260,test_depends,downstream,optional,"",import,[],"","",cascade_failure,skip_test,"","","",one_to_many,1,0,active,,0
356290,309264,307262,test_depends,downstream,optional,"",import,[],"","",cascade_failure,skip_test,"","","",one_to_many,1,0,active,,0
356293,309270,308290,test_depends,downstream,optional,"",import,[],"","",cascade_failure,skip_test,"","","",one_to_many,1,0,active,,0
356297,309275,308540,test_depends,downstream,optional,"",import,[],"","",cascade_failure,skip_test,"","","",one_to_many,1,0,active,,0
356300,309277,308471,test_depends,downstream,optional,"",import,[],"","",cascade_failure,skip_test,"","","",one_to_many,1,0,active,,0
356295,309273,308187,test_depends,downstream,optional,"",import,[],"","",cascade_failure,skip_test,"","","",one_to_many,1,0,active,,0
356302,309279,307716,test_depends,downstream,optional,"",import,[],"","",cascade_failure,skip_test,"","","",one_to_many,1,0,active,,0
356298,309276,308259,test_depends,downstream,optional,"",import,[],"","",cascade_failure,skip_test,"","","",one_to_many,1,0,active,,0
356299,309276,308237,test_depends,downstream,optional,"",import,[],"","",cascade_failure,skip_test,"","","",one_to_many,1,0,active,,0
356294,309272,308290,test_depends,downstream,optional,"",import,[],"","",cascade_failure,skip_test,"","","",one_to_many,1,0,active,,0
356296,309274,306551,test_depends,downstream,optional,"",import,[],"","",cascade_failure,skip_test,"","","",one_to_many,1,0,active,,0
356301,309278,308290,test_depends,downstream,optional,"",import,[],"","",cascade_failure,skip_test,"","","",one_to_many,1,0,active,,0
356306,309282,308258,test_depends,downstream,optional,"",import,[],"","",cascade_failure,skip_test,"","","",one_to_many,1,0,active,,0
354251,307009,306980,import_depends,downstream,required,"",import,[],"",shared_kernel,timeout,graceful_degradation,"","","",one_to_many,0,0,active,,0
356307,309283,306216,test_depends,downstream,optional,"",import,[],"","",cascade_failure,skip_test,"","","",one_to_many,1,0,active,,0
356292,309268,308356,test_depends,downstream,optional,"",import,[],"","",cascade_failure,skip_test,"","","",one_to_many,1,0,active,,0
356304,309281,308564,test_depends,downstream,optional,"",import,[],"","",cascade_failure,skip_test,"","","",one_to_many,1,0,active,,0
356305,309281,308566,test_depends,downstream,optional,"",import,[],"","",cascade_failure,skip_test,"","","",one_to_many,1,0,active,,0
356303,309280,307368,test_depends,downstream,optional,"",import,[],"","",cascade_failure,skip_test,"","","",one_to_many,1,0,active,,0
356309,309285,308566,test_depends,downstream,optional,"",import,[],"","",cascade_failure,skip_test,"","","",one_to_many,1,0,active,,0
356312,309289,308627,test_depends,downstream,optional,"",import,[],"","",cascade_failure,skip_test,"","","",one_to_many,1,0,active,,0
356313,309290,306221,test_depends,downstream,optional,"",import,[],"","",cascade_failure,skip_test,"","","",one_to_many,1,0,active,,0
353967,306752,306766,import_depends,downstream,required,"",import,[],"",shared_kernel,timeout,graceful_degradation,"","","",one_to_many,0,0,active,,0
353968,306752,306786,import_depends,downstream,required,"",import,[],"",shared_kernel,timeout,graceful_degradation,"","","",one_to_many,0,0,active,,0
356311,309288,308530,test_depends,downstream,optional,"",import,[],"","",cascade_failure,skip_test,"","","",one_to_many,1,0,active,,0
356345,309303,307729,test_depends,downstream,optional,"",import,[],"",conformist,cascade_failure,skip_test,"","","",one_to_many,1,0,active,,0
356315,309291,307782,test_depends,downstream,optional,"",import,[],"","",cascade_failure,skip_test,"","","",one_to_many,1,0,active,,0
356317,309291,307745,test_depends,downstream,optional,"",import,[],"",conformist,cascade_failure,skip_test,"","","",one_to_many,1,0,active,,0
356318,309292,308290,test_depends,downstream,optional,"",import,[],"","",cascade_failure,skip_test,"","","",one_to_many,1,0,active,,0
356321,309294,307733,test_depends,downstream,optional,"",import,[],"",conformist,cascade_failure,skip_test,"","","",one_to_many,1,0,active,,0
356322,309294,307740,test_depends,downstream,optional,"",import,[],"",conformist,cascade_failure,skip_test,"","","",one_to_many,1,0,active,,0
356323,309294,307746,test_depends,downstream,optional,"",import,[],"",conformist,cascade_failure,skip_test,"","","",one_to_many,1,0,active,,0
356324,309294,307748,test_depends,downstream,optional,"",import,[],"",conformist,cascade_failure,skip_test,"","","",one_to_many,1,0,active,,0
356325,309294,307783,test_depends,downstream,optional,"",import,[],"","",cascade_failure,skip_test,"","","",one_to_many,1,0,active,,0
356326,309294,307776,test_depends,downstream,optional,"",import,[],"","",cascade_failure,skip_test,"","","",one_to_many,1,0,active,,0
356339,309301,307732,test_depends,downstream,optional,"",import,[],"",conformist,cascade_failure,skip_test,"","","",one_to_many,1,0,active,,0
356334,309299,307740,test_depends,downstream,optional,"",import,[],"",conformist,cascade_failure,skip_test,"","","",one_to_many,1,0,active,,0
356335,309299,307776,test_depends,downstream,optional,"",import,[],"","",cascade_failure,skip_test,"","","",one_to_many,1,0,active,,0
356352,309305,307737,test_depends,downstream,optional,"",import,[],"",conformist,cascade_failure,skip_test,"","","",one_to_many,1,0,active,,0
356330,309298,307763,test_depends,downstream,optional,"",import,[],"","",cascade_failure,skip_test,"","","",one_to_many,1,0,active,,0
356331,309298,307712,test_depends,downstream,optional,"",import,[],"",conformist,cascade_failure,skip_test,"","","",one_to_many,1,0,active,,0
356333,309298,307775,test_depends,downstream,optional,"",import,[],"","",cascade_failure,skip_test,"","","",one_to_many,1,0,active,,0
356327,309295,307769,test_depends,downstream,optional,"",import,[],"","",cascade_failure,skip_test,"","","",one_to_many,1,0,active,,0
356355,309307,307731,test_depends,downstream,optional,"",import,[],"",conformist,cascade_failure,skip_test,"","","",one_to_many,1,0,active,,0
356356,309307,307740,test_depends,downstream,optional,"",import,[],"",conformist,cascade_failure,skip_test,"","","",one_to_many,1,0,active,,0
356357,309307,307776,test_depends,downstream,optional,"",import,[],"","",cascade_failure,skip_test,"","","",one_to_many,1,0,active,,0
356336,309300,307714,test_depends,downstream,optional,"",import,[],"",conformist,cascade_failure,skip_test,"","","",one_to_many,1,0,active,,0
356337,309300,307734,test_depends,downstream,optional,"",import,[],"",conformist,cascade_failure,skip_test,"","","",one_to_many,1,0,active,,0
356338,309300,307745,test_depends,downstream,optional,"",import,[],"",conformist,cascade_failure,skip_test,"","","",one_to_many,1,0,active,,0
354252,307009,306989,import_depends,downstream,required,"",import,[],"",shared_kernel,timeout,graceful_degradation,"","","",one_to_many,0,0,active,,0
354253,307009,306991,import_depends,downstream,required,"",import,[],"",shared_kernel,timeout,graceful_degradation,"","","",one_to_many,0,0,active,,0
356340,309302,307771,test_depends,downstream,optional,"",import,[],"","",cascade_failure,skip_test,"","","",one_to_many,1,0,active,,0
356341,309302,307744,test_depends,downstream,optional,"",import,[],"",conformist,cascade_failure,skip_test,"","","",one_to_many,1,0,active,,0
356342,309302,307750,test_depends,downstream,optional,"",import,[],"",conformist,cascade_failure,skip_test,"","","",one_to_many,1,0,active,,0
356343,309302,307782,test_depends,downstream,optional,"",import,[],"","",cascade_failure,skip_test,"","","",one_to_many,1,0,active,,0
353969,306752,306760,import_depends,downstream,required,"",import,[],"",shared_kernel,timeout,graceful_degradation,"","","",one_to_many,0,0,active,,0
356344,309302,307754,test_depends,downstream,optional,"",import,[],"",conformist,cascade_failure,skip_test,"","","",one_to_many,1,0,active,,0
356365,309312,307774,test_depends,downstream,optional,"",import,[],"","",cascade_failure,skip_test,"","","",one_to_many,1,0,active,,0
356353,309306,307739,test_depends,downstream,optional,"",import,[],"",conformist,cascade_failure,skip_test,"","","",one_to_many,1,0,active,,0
356354,309306,307740,test_depends,downstream,optional,"",import,[],"",conformist,cascade_failure,skip_test,"","","",one_to_many,1,0,active,,0
356358,309308,307740,test_depends,downstream,optional,"",import,[],"",conformist,cascade_failure,skip_test,"","","",one_to_many,1,0,active,,0
356359,309309,307810,test_depends,downstream,optional,"",import,[],"","",cascade_failure,skip_test,"","","",one_to_many,1,0,active,,0
356360,309309,307741,test_depends,downstream,optional,"",import,[],"",conformist,cascade_failure,skip_test,"","","",one_to_many,1,0,active,,0
356348,309304,307719,test_depends,downstream,optional,"",import,[],"",conformist,cascade_failure,skip_test,"","","",one_to_many,1,0,active,,0
356349,309304,307761,test_depends,downstream,optional,"",import,[],"","",cascade_failure,skip_test,"","","",one_to_many,1,0,active,,0
356350,309304,307738,test_depends,downstream,optional,"",import,[],"",conformist,cascade_failure,skip_test,"","","",one_to_many,1,0,active,,0
356361,309310,307746,test_depends,downstream,optional,"",import,[],"",conformist,cascade_failure,skip_test,"","","",one_to_many,1,0,active,,0
356368,309315,307741,test_depends,downstream,optional,"",import,[],"","",cascade_failure,skip_test,"","","",one_to_many,1,0,active,,0
356366,309313,307748,test_depends,downstream,optional,"",import,[],"",conformist,cascade_failure,skip_test,"","","",one_to_many,1,0,active,,0
356369,309316,307769,test_depends,downstream,optional,"",import,[],"","",cascade_failure,skip_test,"","","",one_to_many,1,0,active,,0
356370,309316,307777,test_depends,downstream,optional,"",import,[],"","",cascade_failure,skip_test,"","","",one_to_many,1,0,active,,0
356367,309314,307742,test_depends,downstream,optional,"",import,[],"",conformist,cascade_failure,skip_test,"","","",one_to_many,1,0,active,,0
356394,309323,307755,test_depends,downstream,optional,"",import,[],"",conformist,cascade_failure,skip_test,"","","",one_to_many,1,0,active,,0
356379,309322,307740,test_depends,downstream,optional,"",import,[],"",conformist,cascade_failure,skip_test,"","","",one_to_many,1,0,active,,0
356380,309322,307783,test_depends,downstream,optional,"",import,[],"","",cascade_failure,skip_test,"","","",one_to_many,1,0,active,,0
356381,309322,307746,test_depends,downstream,optional,"",import,[],"",conformist,cascade_failure,skip_test,"","","",one_to_many,1,0,active,,0
356382,309322,307747,test_depends,downstream,optional,"",import,[],"",conformist,cascade_failure,skip_test,"","","",one_to_many,1,0,active,,0
356383,309322,307731,test_depends,downstream,optional,"",import,[],"",conformist,cascade_failure,skip_test,"","","",one_to_many,1,0,active,,0
356384,309322,307772,test_depends,downstream,optional,"",import,[],"","",cascade_failure,skip_test,"","","",one_to_many,1,0,active,,0
356385,309322,307774,test_depends,downstream,optional,"",import,[],"","",cascade_failure,skip_test,"","","",one_to_many,1,0,active,,0
354254,307009,307001,import_depends,downstream,required,"",import,[],"",shared_kernel,timeout,graceful_degradation,"","","",one_to_many,0,0,active,,0
356386,309322,307780,test_depends,downstream,optional,"",import,[],"","",cascade_failure,skip_test,"","","",one_to_many,1,0,active,,0
356387,309322,307779,test_depends,downstream,optional,"",import,[],"","",cascade_failure,skip_test,"","","",one_to_many,1,0,active,,0
356388,309322,307739,test_depends,downstream,optional,"",import,[],"",conformist,cascade_failure,skip_test,"","","",one_to_many,1,0,active,,0
356390,309322,307767,test_depends,downstream,optional,"",import,[],"","",cascade_failure,skip_test,"","","",one_to_many,1,0,active,,0
356391,309322,307760,test_depends,downstream,optional,"",import,[],"","",cascade_failure,skip_test,"","","",one_to_many,1,0,active,,0
356392,309322,307770,test_depends,downstream,optional,"",import,[],"","",cascade_failure,skip_test,"","","",one_to_many,1,0,active,,0
356393,309322,307721,test_depends,downstream,optional,"",import,[],"",conformist,cascade_failure,skip_test,"","","",one_to_many,1,0,active,,0
356376,309320,307751,test_depends,downstream,optional,"",import,[],"",conformist,cascade_failure,skip_test,"","","",one_to_many,1,0,active,,0
353970,306752,306759,import_depends,downstream,required,"",import,[],"",shared_kernel,timeout,graceful_degradation,"","","",one_to_many,0,0,active,,0
353971,306752,306776,import_depends,downstream,required,"",import,[],"",shared_kernel,timeout,graceful_degradation,"","","",one_to_many,0,0,active,,0
356375,309319,307747,test_depends,downstream,optional,"",import,[],"",conformist,cascade_failure,skip_test,"","","",one_to_many,1,0,active,,0
356377,309321,307740,test_depends,downstream,optional,"",import,[],"",conformist,cascade_failure,skip_test,"","","",one_to_many,1,0,active,,0
356378,309321,307776,test_depends,downstream,optional,"",import,[],"","",cascade_failure,skip_test,"","","",one_to_many,1,0,active,,0
356403,309325,307772,test_depends,downstream,optional,"",import,[],"","",cascade_failure,skip_test,"","","",one_to_many,1,0,active,,0
356412,309325,307767,test_depends,downstream,optional,"",import,[],"","",cascade_failure,skip_test,"","","",one_to_many,1,0,active,,0
356413,309325,307740,test_depends,downstream,optional,"",import,[],"",conformist,cascade_failure,skip_test,"","","",one_to_many,1,0,active,,0
356414,309325,307746,test_depends,downstream,optional,"",import,[],"",conformist,cascade_failure,skip_test,"","","",one_to_many,1,0,active,,0
356415,309325,307774,test_depends,downstream,optional,"",import,[],"","",cascade_failure,skip_test,"","","",one_to_many,1,0,active,,0
356416,309325,307742,test_depends,downstream,optional,"",import,[],"",conformist,cascade_failure,skip_test,"","","",one_to_many,1,0,active,,0
356418,309325,307750,test_depends,downstream,optional,"",import,[],"",conformist,cascade_failure,skip_test,"","","",one_to_many,1,0,active,,0
356422,309325,307778,test_depends,downstream,optional,"",import,[],"","",cascade_failure,skip_test,"","","",one_to_many,1,0,active,,0
356423,309325,307783,test_depends,downstream,optional,"",import,[],"","",cascade_failure,skip_test,"","","",one_to_many,1,0,active,,0
356424,309325,307751,test_depends,downstream,optional,"",import,[],"",conformist,cascade_failure,skip_test,"","","",one_to_many,1,0,active,,0
356425,309325,307776,test_depends,downstream,optional,"",import,[],"","",cascade_failure,skip_test,"","","",one_to_many,1,0,active,,0
356426,309325,307782,test_depends,downstream,optional,"",import,[],"","",cascade_failure,skip_test,"","","",one_to_many,1,0,active,,0
356427,309325,307779,test_depends,downstream,optional,"",import,[],"","",cascade_failure,skip_test,"","","",one_to_many,1,0,active,,0
356428,309325,307784,test_depends,downstream,optional,"",import,[],"","",cascade_failure,skip_test,"","","",one_to_many,1,0,active,,0
356429,309325,307727,test_depends,downstream,optional,"",import,[],"",conformist,cascade_failure,skip_test,"","","",one_to_many,1,0,active,,0
356440,309332,307757,test_depends,downstream,optional,"",import,[],"",conformist,cascade_failure,skip_test,"","","",one_to_many,1,0,active,,0
356395,309324,307734,test_depends,downstream,optional,"",import,[],"","",cascade_failure,skip_test,"","","",one_to_many,1,0,active,,0
356396,309324,307759,test_depends,downstream,optional,"",import,[],"","",cascade_failure,skip_test,"","","",one_to_many,1,0,active,,0
356399,309324,307732,test_depends,downstream,optional,"",import,[],"","",cascade_failure,skip_test,"","","",one_to_many,1,0,active,,0
356400,309324,307746,test_depends,downstream,optional,"",import,[],"","",cascade_failure,skip_test,"","","",one_to_many,1,0,active,,0
356401,309324,307747,test_depends,downstream,optional,"",import,[],"","",cascade_failure,skip_test,"","","",one_to_many,1,0,active,,0
356402,309324,306931,test_depends,downstream,optional,"",import,[],"","",cascade_failure,skip_test,"","","",one_to_many,1,0,active,,0
354255,307009,307000,import_depends,downstream,required,"",import,[],"",shared_kernel,timeout,graceful_degradation,"","","",one_to_many,0,0,active,,0
353975,306757,306766,import_depends,downstream,required,"",import,[],"",shared_kernel,timeout,graceful_degradation,"","","",one_to_many,0,0,active,,0
353976,306761,306769,import_depends,downstream,required,"",import,[],"",shared_kernel,timeout,graceful_degradation,"","","",one_to_many,0,0,active,,0
356443,309335,306745,test_depends,downstream,optional,"",import,[],"","",cascade_failure,skip_test,"","","",one_to_many,1,0,active,,0
356444,309335,306769,test_depends,downstream,optional,"",import,[],"","",cascade_failure,skip_test,"","","",one_to_many,1,0,active,,0
356445,309336,306743,test_depends,downstream,optional,"",import,[],"","",cascade_failure,skip_test,"","","",one_to_many,1,0,active,,0
356434,309329,306980,test_depends,downstream,optional,"",import,[],"","",cascade_failure,skip_test,"","","",one_to_many,1,0,active,,0
356435,309329,308059,test_depends,downstream,optional,"",import,[],"","",cascade_failure,skip_test,"","","",one_to_many,1,0,active,,0
356446,309339,306746,test_depends,downstream,optional,"",import,[],"","",cascade_failure,skip_test,"","","",one_to_many,1,0,active,,0
356447,309340,308543,test_depends,downstream,optional,"",import,[],"","",cascade_failure,skip_test,"","","",one_to_many,1,0,active,,0
356448,309341,308356,test_depends,downstream,optional,"",import,[],"","",cascade_failure,skip_test,"","","",one_to_many,1,0,active,,0
356450,309343,306553,test_depends,downstream,optional,"",import,[],"","",cascade_failure,skip_test,"","","",one_to_many,1,0,active,,0
356449,309342,308356,test_depends,downstream,optional,"",import,[],"","",cascade_failure,skip_test,"","","",one_to_many,1,0,active,,0
356452,309347,306558,test_depends,downstream,optional,"",import,[],"","",cascade_failure,skip_test,"","","",one_to_many,1,0,active,,0
356457,309351,306555,test_depends,downstream,optional,"",import,[],"","",cascade_failure,skip_test,"","","",one_to_many,1,0,active,,0
356456,309350,306592,test_depends,downstream,optional,"",import,[],"","",cascade_failure,skip_test,"","","",one_to_many,1,0,active,,0
356455,309349,306592,test_depends,downstream,optional,"",import,[],"","",cascade_failure,skip_test,"","","",one_to_many,1,0,active,,0
356459,309354,306592,test_depends,downstream,optional,"",import,[],"","",cascade_failure,skip_test,"","","",one_to_many,1,0,active,,0
356458,309353,306577,test_depends,downstream,optional,"",import,[],"","",cascade_failure,skip_test,"","","",one_to_many,1,0,active,,0
356462,309359,306469,test_depends,downstream,optional,"",import,[],"","",cascade_failure,skip_test,"","","",one_to_many,1,0,active,,0
356469,309368,307786,test_depends,downstream,optional,"",import,[],"","",cascade_failure,skip_test,"","","",one_to_many,1,0,active,,0
356470,309368,307795,test_depends,downstream,optional,"",import,[],"","",cascade_failure,skip_test,"","","",one_to_many,1,0,active,,0
356471,309368,307791,test_depends,downstream,optional,"",import,[],"","",cascade_failure,skip_test,"","","",one_to_many,1,0,active,,0
356472,309368,307797,test_depends,downstream,optional,"",import,[],"","",cascade_failure,skip_test,"","","",one_to_many,1,0,active,,0
356468,309367,307047,test_depends,downstream,optional,"",import,[],"","",cascade_failure,skip_test,"","","",one_to_many,1,0,active,,0
356466,309366,306601,test_depends,downstream,optional,"",import,[],"","",cascade_failure,skip_test,"","","",one_to_many,1,0,active,,0
353979,306766,306579,import_depends,downstream,required,"",import,[],"","",timeout,graceful_degradation,"","","",one_to_many,0,0,active,,0
356047,308624,308059,import_depends,downstream,critical,"",import,[],"","",service_down,circuit_break,"","","",one_to_many,1,0,active,,0
356478,309372,306749,test_depends,downstream,optional,"",import,[],"","",cascade_failure,skip_test,"","","",one_to_many,1,0,active,,0
356479,309373,306599,test_depends,downstream,optional,"",import,[],"","",cascade_failure,skip_test,"","","",one_to_many,1,0,active,,0
356480,309373,308237,test_depends,downstream,optional,"",import,[],"","",cascade_failure,skip_test,"","","",one_to_many,1,0,active,,0
356475,309370,306613,test_depends,downstream,optional,"",import,[],"","",cascade_failure,skip_test,"","","",one_to_many,1,0,active,,0
356476,309370,306556,test_depends,downstream,optional,"",import,[],"","",cascade_failure,skip_test,"","","",one_to_many,1,0,active,,0
356485,309378,308544,test_depends,downstream,optional,"",import,[],"","",cascade_failure,skip_test,"","","",one_to_many,1,0,active,,0
356477,309371,306747,test_depends,downstream,optional,"",import,[],"","",cascade_failure,skip_test,"","","",one_to_many,1,0,active,,0
356483,309376,306754,test_depends,downstream,optional,"",import,[],"","",cascade_failure,skip_test,"","","",one_to_many,1,0,active,,0
356481,309374,306810,test_depends,downstream,optional,"",import,[],"","",cascade_failure,skip_test,"","","",one_to_many,1,0,active,,0
354256,307009,307006,import_depends,downstream,required,"",import,[],"",shared_kernel,timeout,graceful_degradation,"","","",one_to_many,0,0,active,,0
354257,307009,307049,import_depends,downstream,required,"",import,[],"","",timeout,graceful_degradation,"","","",one_to_many,0,0,active,,0
356038,308595,308059,import_depends,downstream,critical,"",import,[],"","",service_down,circuit_break,"","","",one_to_many,1,0,active,,0
356489,309382,306752,test_depends,downstream,optional,"",import,[],"","",cascade_failure,skip_test,"","","",one_to_many,1,0,active,,0
356484,309377,308356,test_depends,downstream,optional,"",import,[],"","",cascade_failure,skip_test,"","","",one_to_many,1,0,active,,0
356488,309381,308356,test_depends,downstream,optional,"",import,[],"","",cascade_failure,skip_test,"","","",one_to_many,1,0,active,,0
353818,306576,306958,import_depends,downstream,required,"",import,[],"","",timeout,graceful_degradation,"","","",one_to_many,0,0,active,,0
356482,309375,308544,test_depends,downstream,optional,"",import,[],"","",cascade_failure,skip_test,"","","",one_to_many,1,0,active,,0
356487,309380,308356,test_depends,downstream,optional,"",import,[],"","",cascade_failure,skip_test,"","","",one_to_many,1,0,active,,0
356491,309385,308455,test_depends,downstream,optional,"",import,[],"","",cascade_failure,skip_test,"","","",one_to_many,1,0,active,,0
356497,309390,308290,test_depends,downstream,optional,"",import,[],"","",cascade_failure,skip_test,"","","",one_to_many,1,0,active,,0
356496,309389,308451,test_depends,downstream,optional,"",import,[],"","",cascade_failure,skip_test,"","","",one_to_many,1,0,active,,0
356498,309391,308356,test_depends,downstream,optional,"",import,[],"","",cascade_failure,skip_test,"","","",one_to_many,1,0,active,,0
356494,309388,306761,test_depends,downstream,optional,"",import,[],"","",cascade_failure,skip_test,"","","",one_to_many,1,0,active,,0
356495,309388,306769,test_depends,downstream,optional,"",import,[],"","",cascade_failure,skip_test,"","","",one_to_many,1,0,active,,0
356503,309396,306775,test_depends,downstream,optional,"",import,[],"","",cascade_failure,skip_test,"","","",one_to_many,1,0,active,,0
356499,309392,306776,test_depends,downstream,optional,"",import,[],"","",cascade_failure,skip_test,"","","",one_to_many,1,0,active,,0
356500,309393,308356,test_depends,downstream,optional,"",import,[],"","",cascade_failure,skip_test,"","","",one_to_many,1,0,active,,0
356506,309398,306779,test_depends,downstream,optional,"",import,[],"","",cascade_failure,skip_test,"","","",one_to_many,1,0,active,,0
356504,309397,306769,test_depends,downstream,optional,"",import,[],"","",cascade_failure,skip_test,"","","",one_to_many,1,0,active,,0
356505,309397,306777,test_depends,downstream,optional,"",import,[],"","",cascade_failure,skip_test,"","","",one_to_many,1,0,active,,0
356493,309387,306760,test_depends,downstream,optional,"",import,[],"","",cascade_failure,skip_test,"","","",one_to_many,1,0,active,,0
356515,309407,308290,test_depends,downstream,optional,"",import,[],"","",cascade_failure,skip_test,"","","",one_to_many,1,0,active,,0
356508,309400,306781,test_depends,downstream,optional,"",import,[],"","",cascade_failure,skip_test,"","","",one_to_many,1,0,active,,0
356501,309394,308356,test_depends,downstream,optional,"",import,[],"","",cascade_failure,skip_test,"","","",one_to_many,1,0,active,,0
356510,309402,308356,test_depends,downstream,optional,"",import,[],"","",cascade_failure,skip_test,"","","",one_to_many,1,0,active,,0
356507,309399,308356,test_depends,downstream,optional,"",import,[],"","",cascade_failure,skip_test,"","","",one_to_many,1,0,active,,0
356514,309406,308356,test_depends,downstream,optional,"",import,[],"","",cascade_failure,skip_test,"","","",one_to_many,1,0,active,,0
356512,309404,306820,test_depends,downstream,optional,"",import,[],"","",cascade_failure,skip_test,"","","",one_to_many,1,0,active,,0
356513,309405,306778,test_depends,downstream,optional,"",import,[],"","",cascade_failure,skip_test,"","","",one_to_many,1,0,active,,0
356511,309403,306786,test_depends,downstream,optional,"",import,[],"","",cascade_failure,skip_test,"","","",one_to_many,1,0,active,,0
356509,309401,306808,test_depends,downstream,optional,"",import,[],"","",cascade_failure,skip_test,"","","",one_to_many,1,0,active,,0
356516,309408,308460,test_depends,downstream,optional,"",import,[],"","",cascade_failure,skip_test,"","","",one_to_many,1,0,active,,0
356518,309410,308552,test_depends,downstream,optional,"",import,[],"","",cascade_failure,skip_test,"","","",one_to_many,1,0,active,,0
354258,307009,307052,import_depends,downstream,required,"",import,[],"","",timeout,graceful_degradation,"","","",one_to_many,0,0,active,,0
354274,307015,307018,import_depends,downstream,required,"",import,[],"",shared_kernel,timeout,graceful_degradation,"","","",one_to_many,0,0,active,,0
356517,309409,308551,test_depends,downstream,optional,"",import,[],"","",cascade_failure,skip_test,"","","",one_to_many,1,0,active,,0
356524,309416,306769,test_depends,downstream,optional,"",import,[],"","",cascade_failure,skip_test,"","","",one_to_many,1,0,active,,0
353813,306570,308250,import_depends,downstream,critical,"",import,[],"","",service_down,circuit_break,"","","",one_to_many,1,0,active,,0
356525,309416,306795,test_depends,downstream,optional,"",import,[],"","",cascade_failure,skip_test,"","","",one_to_many,1,0,active,,0
356526,309417,308356,test_depends,downstream,optional,"",import,[],"","",cascade_failure,skip_test,"","","",one_to_many,1,0,active,,0
356530,309421,308475,test_depends,downstream,optional,"",import,[],"","",cascade_failure,skip_test,"","","",one_to_many,1,0,active,,0
356520,309412,306807,test_depends,downstream,optional,"",import,[],"","",cascade_failure,skip_test,"","","",one_to_many,1,0,active,,0
356528,309419,306791,test_depends,downstream,optional,"",import,[],"","",cascade_failure,skip_test,"","","",one_to_many,1,0,active,,0
356527,309418,308356,test_depends,downstream,optional,"",import,[],"","",cascade_failure,skip_test,"","","",one_to_many,1,0,active,,0
356531,309423,306794,test_depends,downstream,optional,"",import,[],"","",cascade_failure,skip_test,"","","",one_to_many,1,0,active,,0
356533,309425,306769,test_depends,downstream,optional,"",import,[],"","",cascade_failure,skip_test,"","","",one_to_many,1,0,active,,0
356534,309425,307315,test_depends,downstream,optional,"",import,[],"","",cascade_failure,skip_test,"","","",one_to_many,1,0,active,,0
356529,309420,308356,test_depends,downstream,optional,"",import,[],"","",cascade_failure,skip_test,"","","",one_to_many,1,0,active,,0
356532,309424,306798,test_depends,downstream,optional,"",import,[],"","",cascade_failure,skip_test,"","","",one_to_many,1,0,active,,0
356541,309432,308356,test_depends,downstream,optional,"",import,[],"","",cascade_failure,skip_test,"","","",one_to_many,1,0,active,,0
356536,309427,306799,test_depends,downstream,optional,"",import,[],"","",cascade_failure,skip_test,"","","",one_to_many,1,0,active,,0
356538,309429,308356,test_depends,downstream,optional,"",import,[],"","",cascade_failure,skip_test,"","","",one_to_many,1,0,active,,0
356537,309428,308356,test_depends,downstream,optional,"",import,[],"","",cascade_failure,skip_test,"","","",one_to_many,1,0,active,,0
356545,309437,308561,test_depends,downstream,optional,"",import,[],"","",cascade_failure,skip_test,"","","",one_to_many,1,0,active,,0
356543,309434,308290,test_depends,downstream,optional,"",import,[],"","",cascade_failure,skip_test,"","","",one_to_many,1,0,active,,0
356540,309431,308559,test_depends,downstream,optional,"",import,[],"","",cascade_failure,skip_test,"","","",one_to_many,1,0,active,,0
356535,309426,308356,test_depends,downstream,optional,"",import,[],"","",cascade_failure,skip_test,"","","",one_to_many,1,0,active,,0
356544,309436,308356,test_depends,downstream,optional,"",import,[],"","",cascade_failure,skip_test,"","","",one_to_many,1,0,active,,0
356539,309430,306801,test_depends,downstream,optional,"",import,[],"","",cascade_failure,skip_test,"","","",one_to_many,1,0,active,,0
356552,309443,308227,test_depends,downstream,optional,"",import,[],"","",cascade_failure,skip_test,"","","",one_to_many,1,0,active,,0
356553,309443,308235,test_depends,downstream,optional,"",import,[],"","",cascade_failure,skip_test,"","","",one_to_many,1,0,active,,0
356542,309433,308356,test_depends,downstream,optional,"",import,[],"","",cascade_failure,skip_test,"","","",one_to_many,1,0,active,,0
356547,309440,307146,test_depends,downstream,optional,"",import,[],"","",cascade_failure,skip_test,"","","",one_to_many,1,0,active,,0
353984,306771,306769,import_depends,downstream,required,"",import,[],"",shared_kernel,timeout,graceful_degradation,"","","",one_to_many,0,0,active,,0
353982,306770,306769,import_depends,downstream,required,"",import,[],"",shared_kernel,timeout,graceful_degradation,"","","",one_to_many,0,0,active,,0
356557,309445,307311,test_depends,downstream,optional,"",import,[],"","",cascade_failure,skip_test,"","","",one_to_many,1,0,active,,0
356559,309446,307314,test_depends,downstream,optional,"",import,[],"","",cascade_failure,skip_test,"","","",one_to_many,1,0,active,,0
354275,307015,307004,import_depends,downstream,required,"",import,[],"",shared_kernel,timeout,graceful_degradation,"","","",one_to_many,0,0,active,,0
356560,309446,307317,test_depends,downstream,optional,"",import,[],"","",cascade_failure,skip_test,"","","",one_to_many,1,0,active,,0
353816,306573,306613,import_depends,downstream,required,"",import,[],"","",timeout,graceful_degradation,"","","",one_to_many,0,0,active,,0
356561,309446,307299,test_depends,downstream,optional,"",import,[],"","",cascade_failure,skip_test,"","","",one_to_many,1,0,active,,0
356564,309446,307316,test_depends,downstream,optional,"",import,[],"","",cascade_failure,skip_test,"","","",one_to_many,1,0,active,,0
356548,309441,308190,test_depends,downstream,optional,"",import,[],"","",cascade_failure,skip_test,"","","",one_to_many,1,0,active,,0
356549,309441,308197,test_depends,downstream,optional,"",import,[],"","",cascade_failure,skip_test,"","","",one_to_many,1,0,active,,0
356550,309441,308198,test_depends,downstream,optional,"",import,[],"","",cascade_failure,skip_test,"","","",one_to_many,1,0,active,,0
356551,309441,308205,test_depends,downstream,optional,"",import,[],"","",cascade_failure,skip_test,"","","",one_to_many,1,0,active,,0
356566,309448,307373,test_depends,downstream,optional,"",import,[],"","",cascade_failure,skip_test,"","","",one_to_many,1,0,active,,0
356567,309450,308539,test_depends,downstream,optional,"",import,[],"","",cascade_failure,skip_test,"","","",one_to_many,1,0,active,,0
356568,309451,308189,test_depends,downstream,optional,"",import,[],"","",cascade_failure,skip_test,"","","",one_to_many,1,0,active,,0
356569,309451,308212,test_depends,downstream,optional,"",import,[],"","",cascade_failure,skip_test,"","","",one_to_many,1,0,active,,0
356570,309451,308198,test_depends,downstream,optional,"",import,[],"","",cascade_failure,skip_test,"","","",one_to_many,1,0,active,,0
356571,309451,308192,test_depends,downstream,optional,"",import,[],"","",cascade_failure,skip_test,"","","",one_to_many,1,0,active,,0
356572,309451,308202,test_depends,downstream,optional,"",import,[],"","",cascade_failure,skip_test,"","","",one_to_many,1,0,active,,0
356573,309451,308222,test_depends,downstream,optional,"",import,[],"","",cascade_failure,skip_test,"","","",one_to_many,1,0,active,,0
356574,309451,308219,test_depends,downstream,optional,"",import,[],"","",cascade_failure,skip_test,"","","",one_to_many,1,0,active,,0
356582,309456,306953,test_depends,downstream,optional,"",import,[],"","",cascade_failure,skip_test,"","","",one_to_many,1,0,active,,0
356583,309456,307004,test_depends,downstream,optional,"",import,[],"","",cascade_failure,skip_test,"","","",one_to_many,1,0,active,,0
356584,309456,307538,test_depends,downstream,optional,"",import,[],"","",cascade_failure,skip_test,"","","",one_to_many,1,0,active,,0
356585,309456,307540,test_depends,downstream,optional,"",import,[],"","",cascade_failure,skip_test,"","","",one_to_many,1,0,active,,0
356586,309456,308059,test_depends,downstream,optional,"",import,[],"","",cascade_failure,skip_test,"","","",one_to_many,1,0,active,,0
356575,309452,308189,test_depends,downstream,optional,"",import,[],"","",cascade_failure,skip_test,"","","",one_to_many,1,0,active,,0
356576,309452,308212,test_depends,downstream,optional,"",import,[],"","",cascade_failure,skip_test,"","","",one_to_many,1,0,active,,0
356577,309452,308251,test_depends,downstream,optional,"",import,[],"","",cascade_failure,skip_test,"","","",one_to_many,1,0,active,,0
356578,309453,308189,test_depends,downstream,optional,"",import,[],"","",cascade_failure,skip_test,"","","",one_to_many,1,0,active,,0
356579,309453,308212,test_depends,downstream,optional,"",import,[],"","",cascade_failure,skip_test,"","","",one_to_many,1,0,active,,0
356581,309455,307844,test_depends,downstream,optional,"",import,[],"","",cascade_failure,skip_test,"","","",one_to_many,1,0,active,,0
356580,309454,308191,test_depends,downstream,optional,"",import,[],"","",cascade_failure,skip_test,"","","",one_to_many,1,0,active,,0
356590,309460,307910,test_depends,downstream,optional,"",import,[],"","",cascade_failure,skip_test,"","","",one_to_many,1,0,active,,0
356592,309462,306241,test_depends,downstream,optional,"",import,[],"","",cascade_failure,skip_test,"","","",one_to_many,1,0,active,,0
353823,306585,306552,import_depends,downstream,required,"",import,[],"",shared_kernel,timeout,graceful_degradation,"","","",one_to_many,0,0,active,,0
356591,309461,306231,test_depends,downstream,optional,"",import,[],"","",cascade_failure,skip_test,"","","",one_to_many,1,0,active,,0
356609,309476,306236,test_depends,downstream,optional,"",import,[],"","",cascade_failure,skip_test,"","","",one_to_many,1,0,active,,0
356606,309475,306251,test_depends,downstream,optional,"",import,[],"","",cascade_failure,skip_test,"","","",one_to_many,1,0,active,,0
356604,309473,306234,test_depends,downstream,optional,"",import,[],"","",cascade_failure,skip_test,"","","",one_to_many,1,0,active,,0
356605,309474,306873,test_depends,downstream,optional,"",import,[],"","",cascade_failure,skip_test,"","","",one_to_many,1,0,active,,0
356611,309478,308586,test_depends,downstream,optional,"",import,[],"","",cascade_failure,skip_test,"","","",one_to_many,1,0,active,,0
356610,309477,306255,test_depends,downstream,optional,"",import,[],"","",cascade_failure,skip_test,"","","",one_to_many,1,0,active,,0
356615,309482,306869,test_depends,downstream,optional,"",import,[],"","",cascade_failure,skip_test,"","","",one_to_many,1,0,active,,0
356613,309480,306254,test_depends,downstream,optional,"",import,[],"","",cascade_failure,skip_test,"","","",one_to_many,1,0,active,,0
356612,309479,308050,test_depends,downstream,optional,"",import,[],"","",cascade_failure,skip_test,"","","",one_to_many,1,0,active,,0
356614,309481,306256,test_depends,downstream,optional,"",import,[],"","",cascade_failure,skip_test,"","","",one_to_many,1,0,active,,0
356617,309484,306870,test_depends,downstream,optional,"",import,[],"","",cascade_failure,skip_test,"","","",one_to_many,1,0,active,,0
356616,309483,306259,test_depends,downstream,optional,"",import,[],"","",cascade_failure,skip_test,"","","",one_to_many,1,0,active,,0
356620,309486,306257,test_depends,downstream,optional,"",import,[],"","",cascade_failure,skip_test,"","","",one_to_many,1,0,active,,0
356618,309485,306217,test_depends,downstream,optional,"",import,[],"","",cascade_failure,skip_test,"","","",one_to_many,1,0,active,,0
356621,309487,307326,test_depends,downstream,optional,"",import,[],"","",cascade_failure,skip_test,"","","",one_to_many,1,0,active,,0
356622,309488,306232,test_depends,downstream,optional,"",import,[],"","",cascade_failure,skip_test,"","","",one_to_many,1,0,active,,0
356623,309489,307848,test_depends,downstream,optional,"",import,[],"","",cascade_failure,skip_test,"","","",one_to_many,1,0,active,,0
356625,309491,306237,test_depends,downstream,optional,"",import,[],"","",cascade_failure,skip_test,"","","",one_to_many,1,0,active,,0
356626,309491,308051,test_depends,downstream,optional,"",import,[],"","",cascade_failure,skip_test,"","","",one_to_many,1,0,active,,0
356624,309490,306244,test_depends,downstream,optional,"",import,[],"","",cascade_failure,skip_test,"","","",one_to_many,1,0,active,,0
356627,309492,306262,test_depends,downstream,optional,"",import,[],"","",cascade_failure,skip_test,"","","",one_to_many,1,0,active,,0
356628,309493,307451,test_depends,downstream,optional,"",import,[],"","",cascade_failure,skip_test,"","","",one_to_many,1,0,active,,0
356629,309494,306249,test_depends,downstream,optional,"",import,[],"","",cascade_failure,skip_test,"","","",one_to_many,1,0,active,,0
356645,309509,306218,test_depends,downstream,optional,"",import,[],"","",cascade_failure,skip_test,"","","",one_to_many,1,0,active,,0
356642,309506,307910,test_depends,downstream,optional,"",import,[],"","",cascade_failure,skip_test,"","","",one_to_many,1,0,active,,0
356647,309511,307179,test_depends,downstream,optional,"",import,[],"","",cascade_failure,skip_test,"","","",one_to_many,1,0,active,,0
356650,309514,307337,test_depends,downstream,optional,"",import,[],"","",cascade_failure,skip_test,"","","",one_to_many,1,0,active,,0
356646,309510,307179,test_depends,downstream,optional,"",import,[],"","",cascade_failure,skip_test,"","","",one_to_many,1,0,active,,0
356652,309516,308130,test_depends,downstream,optional,"",import,[],"","",cascade_failure,skip_test,"","","",one_to_many,1,0,active,,0
356654,309518,306751,test_depends,downstream,optional,"",import,[],"","",cascade_failure,skip_test,"","","",one_to_many,1,0,active,,0
356648,309512,306223,test_depends,downstream,optional,"",import,[],"","",cascade_failure,skip_test,"","","",one_to_many,1,0,active,,0
356653,309517,306762,test_depends,downstream,optional,"",import,[],"","",cascade_failure,skip_test,"","","",one_to_many,1,0,active,,0
356655,309521,306773,test_depends,downstream,optional,"",import,[],"","",cascade_failure,skip_test,"","","",one_to_many,1,0,active,,0
356649,309513,306268,test_depends,downstream,optional,"",import,[],"","",cascade_failure,skip_test,"","","",one_to_many,1,0,active,,0
356663,309528,306479,test_depends,downstream,optional,"",import,[],"","",cascade_failure,skip_test,"","","",one_to_many,1,0,active,,0
356661,309527,306769,test_depends,downstream,optional,"",import,[],"","",cascade_failure,skip_test,"","","",one_to_many,1,0,active,,0
356662,309527,307315,test_depends,downstream,optional,"",import,[],"","",cascade_failure,skip_test,"","","",one_to_many,1,0,active,,0
356658,309524,308476,test_depends,downstream,optional,"",import,[],"","",cascade_failure,skip_test,"","","",one_to_many,1,0,active,,0
356657,309523,306487,test_depends,downstream,optional,"",import,[],"","",cascade_failure,skip_test,"","","",one_to_many,1,0,active,,0
356664,309529,306483,test_depends,downstream,optional,"",import,[],"","",cascade_failure,skip_test,"","","",one_to_many,1,0,active,,0
356666,309532,308632,test_depends,downstream,optional,"",import,[],"","",cascade_failure,skip_test,"","","",one_to_many,1,0,active,,0
354271,307014,307018,import_depends,downstream,required,"",import,[],"",shared_kernel,timeout,graceful_degradation,"","","",one_to_many,0,0,active,,0
354272,307014,307004,import_depends,downstream,required,"",import,[],"",shared_kernel,timeout,graceful_degradation,"","","",one_to_many,0,0,active,,0
356667,309533,308474,test_depends,downstream,optional,"",import,[],"","",cascade_failure,skip_test,"","","",one_to_many,1,0,active,,0
356665,309531,307712,test_depends,downstream,optional,"",import,[],"","",cascade_failure,skip_test,"","","",one_to_many,1,0,active,,0
356669,309535,306561,test_depends,downstream,optional,"",import,[],"","",cascade_failure,skip_test,"","","",one_to_many,1,0,active,,0
356668,309534,306549,test_depends,downstream,optional,"",import,[],"","",cascade_failure,skip_test,"","","",one_to_many,1,0,active,,0
353827,306592,307534,import_depends,downstream,critical,"",import,[],"",anti_corruption_layer,service_down,circuit_break,"","","",one_to_many,1,0,active,,0
356436,309330,308186,test_depends,downstream,optional,"",import,[],"","",cascade_failure,skip_test,"","","",one_to_many,1,0,active,,0
356676,309541,306564,test_depends,downstream,optional,"",import,[],"","",cascade_failure,skip_test,"","","",one_to_many,1,0,active,,0
356673,309538,306619,test_depends,downstream,optional,"",import,[],"","",cascade_failure,skip_test,"","","",one_to_many,1,0,active,,0
356675,309540,308248,test_depends,downstream,optional,"",import,[],"","",cascade_failure,skip_test,"","","",one_to_many,1,0,active,,0
356670,309536,306611,test_depends,downstream,optional,"",import,[],"","",cascade_failure,skip_test,"","","",one_to_many,1,0,active,,0
356674,309539,306617,test_depends,downstream,optional,"",import,[],"","",cascade_failure,skip_test,"","","",one_to_many,1,0,active,,0
356672,309537,308237,test_depends,downstream,optional,"",import,[],"","",cascade_failure,skip_test,"","","",one_to_many,1,0,active,,0
356679,309544,306477,test_depends,downstream,optional,"",import,[],"","",cascade_failure,skip_test,"","","",one_to_many,1,0,active,,0
356681,309545,306919,test_depends,downstream,optional,"",import,[],"","",cascade_failure,skip_test,"","","",one_to_many,1,0,active,,0
356677,309542,306618,test_depends,downstream,optional,"",import,[],"","",cascade_failure,skip_test,"","","",one_to_many,1,0,active,,0
356685,309548,306917,test_depends,downstream,optional,"",import,[],"","",cascade_failure,skip_test,"","","",one_to_many,1,0,active,,0
356686,309548,307982,test_depends,downstream,optional,"",import,[],"","",cascade_failure,skip_test,"","","",one_to_many,1,0,active,,0
356678,309543,307324,test_depends,downstream,optional,"",import,[],"","",cascade_failure,skip_test,"","","",one_to_many,1,0,active,,0
356696,309554,306918,test_depends,downstream,optional,"",import,[],"","",cascade_failure,skip_test,"","","",one_to_many,1,0,active,,0
356697,309554,306919,test_depends,downstream,optional,"",import,[],"","",cascade_failure,skip_test,"","","",one_to_many,1,0,active,,0
356682,309546,306919,test_depends,downstream,optional,"",import,[],"","",cascade_failure,skip_test,"","","",one_to_many,1,0,active,,0
356687,309549,306918,test_depends,downstream,optional,"",import,[],"","",cascade_failure,skip_test,"","","",one_to_many,1,0,active,,0
356683,309547,306918,test_depends,downstream,optional,"",import,[],"","",cascade_failure,skip_test,"","","",one_to_many,1,0,active,,0
356684,309547,306919,test_depends,downstream,optional,"",import,[],"","",cascade_failure,skip_test,"","","",one_to_many,1,0,active,,0
356694,309553,306919,test_depends,downstream,optional,"",import,[],"","",cascade_failure,skip_test,"","","",one_to_many,1,0,active,,0
356695,309553,306924,test_depends,downstream,optional,"",import,[],"","",cascade_failure,skip_test,"","","",one_to_many,1,0,active,,0
356692,309551,306916,test_depends,downstream,optional,"",import,[],"","",cascade_failure,skip_test,"","","",one_to_many,1,0,active,,0
356693,309552,308234,test_depends,downstream,optional,"",import,[],"","",cascade_failure,skip_test,"","","",one_to_many,1,0,active,,0
356700,309557,307721,test_depends,downstream,optional,"",import,[],"","",cascade_failure,skip_test,"","","",one_to_many,1,0,active,,0
356701,309558,306640,test_depends,downstream,optional,"",import,[],"","",cascade_failure,skip_test,"","","",one_to_many,1,0,active,,0
356698,309555,306751,test_depends,downstream,optional,"",import,[],"","",cascade_failure,skip_test,"","","",one_to_many,1,0,active,,0
356702,309559,308548,test_depends,downstream,optional,"",import,[],"","",cascade_failure,skip_test,"","","",one_to_many,1,0,active,,0
356699,309556,308599,test_depends,downstream,optional,"",import,[],"","",cascade_failure,skip_test,"","","",one_to_many,1,0,active,,0
356707,309563,308197,test_depends,downstream,optional,"",import,[],"","",cascade_failure,skip_test,"","","",one_to_many,1,0,active,,0
354273,307014,306987,import_depends,downstream,required,"",import,[],"",shared_kernel,timeout,graceful_degradation,"","","",one_to_many,0,0,active,,0
356706,309562,307589,test_depends,downstream,optional,"",import,[],"","",cascade_failure,skip_test,"","","",one_to_many,1,0,active,,0
356703,309560,306221,test_depends,downstream,optional,"",import,[],"","",cascade_failure,skip_test,"","","",one_to_many,1,0,active,,0
356704,309560,307725,test_depends,downstream,optional,"",import,[],"","",cascade_failure,skip_test,"","","",one_to_many,1,0,active,,0
353720,306464,306440,import_depends,downstream,critical,"",import,[],"","",service_down,circuit_break,"","","",one_to_many,1,0,active,,0
356656,309522,306222,test_depends,downstream,optional,"",import,[],"","",cascade_failure,skip_test,"","","",one_to_many,1,0,active,,0
356705,309561,306475,test_depends,downstream,optional,"",import,[],"","",cascade_failure,skip_test,"","","",one_to_many,1,0,active,,0
356710,309565,308197,test_depends,downstream,optional,"",import,[],"","",cascade_failure,skip_test,"","","",one_to_many,1,0,active,,0
356711,309565,308198,test_depends,downstream,optional,"",import,[],"","",cascade_failure,skip_test,"","","",one_to_many,1,0,active,,0
356708,309564,306978,test_depends,downstream,optional,"",import,[],"","",cascade_failure,skip_test,"","","",one_to_many,1,0,active,,0
356709,309564,306697,test_depends,downstream,optional,"",import,[],"","",cascade_failure,skip_test,"","","",one_to_many,1,0,active,,0
356713,309567,308198,test_depends,downstream,optional,"",import,[],"","",cascade_failure,skip_test,"","","",one_to_many,1,0,active,,0
356716,309570,308356,test_depends,downstream,optional,"",import,[],"","",cascade_failure,skip_test,"","","",one_to_many,1,0,active,,0
356721,309577,308054,test_depends,downstream,optional,"",import,[],"","",cascade_failure,skip_test,"","","",one_to_many,1,0,active,,0
356719,309575,308290,test_depends,downstream,optional,"",import,[],"","",cascade_failure,skip_test,"","","",one_to_many,1,0,active,,0
356717,309573,306227,test_depends,downstream,optional,"",import,[],"","",cascade_failure,skip_test,"","","",one_to_many,1,0,active,,0
356722,309578,306257,test_depends,downstream,optional,"",import,[],"","",cascade_failure,skip_test,"","","",one_to_many,1,0,active,,0
356724,309581,307395,test_depends,downstream,optional,"",import,[],"","",cascade_failure,skip_test,"","","",one_to_many,1,0,active,,0
356720,309576,306230,test_depends,downstream,optional,"",import,[],"","",cascade_failure,skip_test,"","","",one_to_many,1,0,active,,0
356718,309574,306228,test_depends,downstream,optional,"",import,[],"","",cascade_failure,skip_test,"","","",one_to_many,1,0,active,,0
356725,309582,308290,test_depends,downstream,optional,"",import,[],"","",cascade_failure,skip_test,"","","",one_to_many,1,0,active,,0
356723,309580,306229,test_depends,downstream,optional,"",import,[],"","",cascade_failure,skip_test,"","","",one_to_many,1,0,active,,0
356730,309586,308598,test_depends,downstream,optional,"",import,[],"","",cascade_failure,skip_test,"","","",one_to_many,1,0,active,,0
356726,309583,308600,test_depends,downstream,optional,"",import,[],"","",cascade_failure,skip_test,"","","",one_to_many,1,0,active,,0
356727,309584,308600,test_depends,downstream,optional,"",import,[],"","",cascade_failure,skip_test,"","","",one_to_many,1,0,active,,0
356728,309585,306756,test_depends,downstream,optional,"",import,[],"","",cascade_failure,skip_test,"","","",one_to_many,1,0,active,,0
356731,309587,306557,test_depends,downstream,optional,"",import,[],"","",cascade_failure,skip_test,"","","",one_to_many,1,0,active,,0
356732,309588,306235,test_depends,downstream,optional,"",import,[],"","",cascade_failure,skip_test,"","","",one_to_many,1,0,active,,0
356736,309591,308481,test_depends,downstream,optional,"",import,[],"","",cascade_failure,skip_test,"","","",one_to_many,1,0,active,,0
356737,309592,308356,test_depends,downstream,optional,"",import,[],"","",cascade_failure,skip_test,"","","",one_to_many,1,0,active,,0
356733,309589,308290,test_depends,downstream,optional,"",import,[],"","",cascade_failure,skip_test,"","","",one_to_many,1,0,active,,0
356738,309593,306755,test_depends,downstream,optional,"",import,[],"","",cascade_failure,skip_test,"","","",one_to_many,1,0,active,,0
356739,309596,306645,test_depends,downstream,optional,"",import,[],"","",cascade_failure,skip_test,"","","",one_to_many,1,0,active,,0
356741,309598,308483,test_depends,downstream,optional,"",import,[],"","",cascade_failure,skip_test,"","","",one_to_many,1,0,active,,0
356742,309599,307080,test_depends,downstream,optional,"",import,[],"","",cascade_failure,skip_test,"","","",one_to_many,1,0,active,,0
356744,309601,307148,test_depends,downstream,optional,"",import,[],"","",cascade_failure,skip_test,"","","",one_to_many,1,0,active,,0
356740,309597,308515,test_depends,downstream,optional,"",import,[],"","",cascade_failure,skip_test,"","","",one_to_many,1,0,active,,0
356743,309600,307902,test_depends,downstream,optional,"",import,[],"","",cascade_failure,skip_test,"","","",one_to_many,1,0,active,,0
356748,309605,306725,test_depends,downstream,optional,"",import,[],"","",cascade_failure,skip_test,"","","",one_to_many,1,0,active,,0
356746,309603,306237,test_depends,downstream,optional,"",import,[],"","",cascade_failure,skip_test,"","","",one_to_many,1,0,active,,0
356750,309607,306240,test_depends,downstream,optional,"",import,[],"","",cascade_failure,skip_test,"","","",one_to_many,1,0,active,,0
356745,309602,306236,test_depends,downstream,optional,"",import,[],"","",cascade_failure,skip_test,"","","",one_to_many,1,0,active,,0
356747,309604,307765,test_depends,downstream,optional,"",import,[],"","",cascade_failure,skip_test,"","","",one_to_many,1,0,active,,0
356749,309606,306243,test_depends,downstream,optional,"",import,[],"","",cascade_failure,skip_test,"","","",one_to_many,1,0,active,,0
356751,309608,306244,test_depends,downstream,optional,"",import,[],"","",cascade_failure,skip_test,"","","",one_to_many,1,0,active,,0
356755,309612,306241,test_depends,downstream,optional,"",import,[],"","",cascade_failure,skip_test,"","","",one_to_many,1,0,active,,0
356753,309610,306728,test_depends,downstream,optional,"",import,[],"","",cascade_failure,skip_test,"","","",one_to_many,1,0,active,,0
356757,309614,306246,test_depends,downstream,optional,"",import,[],"","",cascade_failure,skip_test,"","","",one_to_many,1,0,active,,0
356754,309611,306245,test_depends,downstream,optional,"",import,[],"","",cascade_failure,skip_test,"","","",one_to_many,1,0,active,,0
356752,309609,306242,test_depends,downstream,optional,"",import,[],"","",cascade_failure,skip_test,"","","",one_to_many,1,0,active,,0
356756,309613,306727,test_depends,downstream,optional,"",import,[],"","",cascade_failure,skip_test,"","","",one_to_many,1,0,active,,0
356760,309616,306236,test_depends,downstream,optional,"",import,[],"","",cascade_failure,skip_test,"","","",one_to_many,1,0,active,,0
356761,309616,306248,test_depends,downstream,optional,"",import,[],"","",cascade_failure,skip_test,"","","",one_to_many,1,0,active,,0
356758,309615,306247,test_depends,downstream,optional,"",import,[],"","",cascade_failure,skip_test,"","","",one_to_many,1,0,active,,0
356759,309615,307323,test_depends,downstream,optional,"",import,[],"","",cascade_failure,skip_test,"","","",one_to_many,1,0,active,,0
356765,309620,306249,test_depends,downstream,optional,"",import,[],"","",cascade_failure,skip_test,"","","",one_to_many,1,0,active,,0
356762,309617,306250,test_depends,downstream,optional,"",import,[],"","",cascade_failure,skip_test,"","","",one_to_many,1,0,active,,0
356764,309619,306253,test_depends,downstream,optional,"",import,[],"","",cascade_failure,skip_test,"","","",one_to_many,1,0,active,,0
356763,309618,306253,test_depends,downstream,optional,"",import,[],"","",cascade_failure,skip_test,"","","",one_to_many,1,0,active,,0
356768,309623,308356,test_depends,downstream,optional,"",import,[],"","",cascade_failure,skip_test,"","","",one_to_many,1,0,active,,0
356770,309625,308356,test_depends,downstream,optional,"",import,[],"","",cascade_failure,skip_test,"","","",one_to_many,1,0,active,,0
356766,309621,306731,test_depends,downstream,optional,"",import,[],"","",cascade_failure,skip_test,"","","",one_to_many,1,0,active,,0
356767,309622,306252,test_depends,downstream,optional,"",import,[],"","",cascade_failure,skip_test,"","","",one_to_many,1,0,active,,0
356771,309626,308290,test_depends,downstream,optional,"",import,[],"","",cascade_failure,skip_test,"","","",one_to_many,1,0,active,,0
356773,309628,306627,test_depends,downstream,optional,"",import,[],"","",cascade_failure,skip_test,"","","",one_to_many,1,0,active,,0
356774,309628,307982,test_depends,downstream,optional,"",import,[],"","",cascade_failure,skip_test,"","","",one_to_many,1,0,active,,0
356777,309630,306765,test_depends,downstream,optional,"",import,[],"","",cascade_failure,skip_test,"","","",one_to_many,1,0,active,,0
356772,309627,308261,test_depends,downstream,optional,"",import,[],"","",cascade_failure,skip_test,"","","",one_to_many,1,0,active,,0
356775,309629,307995,test_depends,downstream,optional,"",import,[],"","",cascade_failure,skip_test,"","","",one_to_many,1,0,active,,0
356776,309629,307772,test_depends,downstream,optional,"",import,[],"","",cascade_failure,skip_test,"","","",one_to_many,1,0,active,,0
356778,309632,306641,test_depends,downstream,optional,"",import,[],"","",cascade_failure,skip_test,"","","",one_to_many,1,0,active,,0
356779,309634,307151,test_depends,downstream,optional,"",import,[],"","",cascade_failure,skip_test,"","","",one_to_many,1,0,active,,0
356783,309636,308583,test_depends,downstream,optional,"",import,[],"","",cascade_failure,skip_test,"","","",one_to_many,1,0,active,,0
356790,309640,307018,test_depends,downstream,optional,"",import,[],"","",cascade_failure,skip_test,"","","",one_to_many,1,0,active,,0
354278,307017,307018,import_depends,downstream,required,"",import,[],"",shared_kernel,timeout,graceful_degradation,"","","",one_to_many,0,0,active,,0
354279,307017,307004,import_depends,downstream,required,"",import,[],"",shared_kernel,timeout,graceful_degradation,"","","",one_to_many,0,0,active,,0
356712,309567,308197,test_depends,downstream,optional,"",import,[],"","",cascade_failure,skip_test,"","","",one_to_many,1,0,active,,0
356180,308741,308059,import_depends,downstream,critical,"",import,[],"","",service_down,circuit_break,"","","",one_to_many,1,0,active,,0
356791,309640,307004,test_depends,downstream,optional,"",import,[],"","",cascade_failure,skip_test,"","","",one_to_many,1,0,active,,0
356792,309640,307540,test_depends,downstream,optional,"",import,[],"","",cascade_failure,skip_test,"","","",one_to_many,1,0,active,,0
356780,309635,307018,test_depends,downstream,optional,"",import,[],"","",cascade_failure,skip_test,"","","",one_to_many,1,0,active,,0
356781,309635,307004,test_depends,downstream,optional,"",import,[],"","",cascade_failure,skip_test,"","","",one_to_many,1,0,active,,0
356782,309635,307540,test_depends,downstream,optional,"",import,[],"","",cascade_failure,skip_test,"","","",one_to_many,1,0,active,,0
356784,309637,308583,test_depends,downstream,optional,"",import,[],"","",cascade_failure,skip_test,"","","",one_to_many,1,0,active,,0
356785,309637,308574,test_depends,downstream,optional,"",import,[],"","",cascade_failure,skip_test,"","","",one_to_many,1,0,active,,0
356817,309649,307018,test_depends,downstream,optional,"",import,[],"","",cascade_failure,skip_test,"","","",one_to_many,1,0,active,,0
356818,309649,307004,test_depends,downstream,optional,"",import,[],"","",cascade_failure,skip_test,"","","",one_to_many,1,0,active,,0
356819,309649,307540,test_depends,downstream,optional,"",import,[],"","",cascade_failure,skip_test,"","","",one_to_many,1,0,active,,0
356786,309638,307810,test_depends,downstream,optional,"",import,[],"","",cascade_failure,skip_test,"","","",one_to_many,1,0,active,,0
356796,309642,307018,test_depends,downstream,optional,"",import,[],"","",cascade_failure,skip_test,"","","",one_to_many,1,0,active,,0
356797,309642,307004,test_depends,downstream,optional,"",import,[],"","",cascade_failure,skip_test,"","","",one_to_many,1,0,active,,0
356798,309642,307540,test_depends,downstream,optional,"",import,[],"","",cascade_failure,skip_test,"","","",one_to_many,1,0,active,,0
356805,309645,307018,test_depends,downstream,optional,"",import,[],"","",cascade_failure,skip_test,"","","",one_to_many,1,0,active,,0
356806,309645,307004,test_depends,downstream,optional,"",import,[],"","",cascade_failure,skip_test,"","","",one_to_many,1,0,active,,0
356807,309645,307540,test_depends,downstream,optional,"",import,[],"","",cascade_failure,skip_test,"","","",one_to_many,1,0,active,,0
356800,309643,307004,test_depends,downstream,optional,"",import,[],"","",cascade_failure,skip_test,"","","",one_to_many,1,0,active,,0
356801,309643,307540,test_depends,downstream,optional,"",import,[],"","",cascade_failure,skip_test,"","","",one_to_many,1,0,active,,0
356793,309641,307018,test_depends,downstream,optional,"",import,[],"","",cascade_failure,skip_test,"","","",one_to_many,1,0,active,,0
356794,309641,307004,test_depends,downstream,optional,"",import,[],"","",cascade_failure,skip_test,"","","",one_to_many,1,0,active,,0
356795,309641,307540,test_depends,downstream,optional,"",import,[],"","",cascade_failure,skip_test,"","","",one_to_many,1,0,active,,0
356814,309648,307018,test_depends,downstream,optional,"",import,[],"","",cascade_failure,skip_test,"","","",one_to_many,1,0,active,,0
356362,309311,307778,test_depends,downstream,optional,"",import,[],"","",cascade_failure,skip_test,"","","",one_to_many,1,0,active,,0
356815,309648,307004,test_depends,downstream,optional,"",import,[],"","",cascade_failure,skip_test,"","","",one_to_many,1,0,active,,0
353824,306588,306469,import_depends,downstream,required,"",import,[],"","",timeout,graceful_degradation,"","","",one_to_many,0,0,active,,0
353825,306590,306470,import_depends,downstream,required,"",import,[],"","",timeout,graceful_degradation,"","","",one_to_many,0,0,active,,0
356816,309648,307540,test_depends,downstream,optional,"",import,[],"","",cascade_failure,skip_test,"","","",one_to_many,1,0,active,,0
356811,309647,307018,test_depends,downstream,optional,"",import,[],"","",cascade_failure,skip_test,"","","",one_to_many,1,0,active,,0
356812,309647,307004,test_depends,downstream,optional,"",import,[],"","",cascade_failure,skip_test,"","","",one_to_many,1,0,active,,0
354280,307017,307057,import_depends,downstream,required,"",import,[],"",shared_kernel,timeout,graceful_degradation,"","","",one_to_many,0,0,active,,0
356813,309647,307540,test_depends,downstream,optional,"",import,[],"","",cascade_failure,skip_test,"","","",one_to_many,1,0,active,,0
356808,309646,307018,test_depends,downstream,optional,"",import,[],"","",cascade_failure,skip_test,"","","",one_to_many,1,0,active,,0
356809,309646,307004,test_depends,downstream,optional,"",import,[],"","",cascade_failure,skip_test,"","","",one_to_many,1,0,active,,0
356810,309646,307540,test_depends,downstream,optional,"",import,[],"","",cascade_failure,skip_test,"","","",one_to_many,1,0,active,,0
356823,309651,307018,test_depends,downstream,optional,"",import,[],"","",cascade_failure,skip_test,"","","",one_to_many,1,0,active,,0
356824,309651,307004,test_depends,downstream,optional,"",import,[],"","",cascade_failure,skip_test,"","","",one_to_many,1,0,active,,0
356825,309651,307540,test_depends,downstream,optional,"",import,[],"","",cascade_failure,skip_test,"","","",one_to_many,1,0,active,,0
356820,309650,307018,test_depends,downstream,optional,"",import,[],"","",cascade_failure,skip_test,"","","",one_to_many,1,0,active,,0
356821,309650,307004,test_depends,downstream,optional,"",import,[],"","",cascade_failure,skip_test,"","","",one_to_many,1,0,active,,0
356822,309650,307540,test_depends,downstream,optional,"",import,[],"","",cascade_failure,skip_test,"","","",one_to_many,1,0,active,,0
356835,309655,307018,test_depends,downstream,optional,"",import,[],"","",cascade_failure,skip_test,"","","",one_to_many,1,0,active,,0
356836,309655,307004,test_depends,downstream,optional,"",import,[],"","",cascade_failure,skip_test,"","","",one_to_many,1,0,active,,0
356837,309655,307540,test_depends,downstream,optional,"",import,[],"","",cascade_failure,skip_test,"","","",one_to_many,1,0,active,,0
356826,309652,307018,test_depends,downstream,optional,"",import,[],"","",cascade_failure,skip_test,"","","",one_to_many,1,0,active,,0
356838,309656,307018,test_depends,downstream,optional,"",import,[],"","",cascade_failure,skip_test,"","","",one_to_many,1,0,active,,0
356839,309656,307004,test_depends,downstream,optional,"",import,[],"","",cascade_failure,skip_test,"","","",one_to_many,1,0,active,,0
356830,309653,307004,test_depends,downstream,optional,"",import,[],"","",cascade_failure,skip_test,"","","",one_to_many,1,0,active,,0
356850,309660,307353,test_depends,downstream,optional,"",import,[],"","",cascade_failure,skip_test,"","","",one_to_many,1,0,active,,0
356851,309660,307359,test_depends,downstream,optional,"",import,[],"","",cascade_failure,skip_test,"","","",one_to_many,1,0,active,,0
356841,309657,307018,test_depends,downstream,optional,"",import,[],"","",cascade_failure,skip_test,"","","",one_to_many,1,0,active,,0
356842,309657,307004,test_depends,downstream,optional,"",import,[],"","",cascade_failure,skip_test,"","","",one_to_many,1,0,active,,0
356843,309657,307540,test_depends,downstream,optional,"",import,[],"","",cascade_failure,skip_test,"","","",one_to_many,1,0,active,,0
356852,309661,307018,test_depends,downstream,optional,"",import,[],"","",cascade_failure,skip_test,"","","",one_to_many,1,0,active,,0
356853,309661,307004,test_depends,downstream,optional,"",import,[],"","",cascade_failure,skip_test,"","","",one_to_many,1,0,active,,0
356854,309661,307540,test_depends,downstream,optional,"",import,[],"","",cascade_failure,skip_test,"","","",one_to_many,1,0,active,,0
353981,306768,306769,import_depends,downstream,required,"",import,[],"",shared_kernel,timeout,graceful_degradation,"","","",one_to_many,0,0,active,,0
353832,306596,308058,import_depends,downstream,critical,"",import,[],"",anti_corruption_layer,service_down,circuit_break,"","","",one_to_many,1,0,active,,0
353833,306598,306603,import_depends,downstream,required,"",import,[],"",shared_kernel,timeout,graceful_degradation,"","","",one_to_many,0,0,active,,0
356847,309659,307018,test_depends,downstream,optional,"",import,[],"","",cascade_failure,skip_test,"","","",one_to_many,1,0,active,,0
356848,309659,307004,test_depends,downstream,optional,"",import,[],"","",cascade_failure,skip_test,"","","",one_to_many,1,0,active,,0
356849,309659,307540,test_depends,downstream,optional,"",import,[],"","",cascade_failure,skip_test,"","","",one_to_many,1,0,active,,0
356844,309658,307018,test_depends,downstream,optional,"",import,[],"","",cascade_failure,skip_test,"","","",one_to_many,1,0,active,,0
356845,309658,307004,test_depends,downstream,optional,"",import,[],"","",cascade_failure,skip_test,"","","",one_to_many,1,0,active,,0
356846,309658,307540,test_depends,downstream,optional,"",import,[],"","",cascade_failure,skip_test,"","","",one_to_many,1,0,active,,0
356864,309665,307018,test_depends,downstream,optional,"",import,[],"","",cascade_failure,skip_test,"","","",one_to_many,1,0,active,,0
354285,307020,307018,import_depends,downstream,required,"",import,[],"",shared_kernel,timeout,graceful_degradation,"","","",one_to_many,0,0,active,,0
356371,309317,307780,test_depends,downstream,optional,"",import,[],"","",cascade_failure,skip_test,"","","",one_to_many,1,0,active,,0
356865,309665,307004,test_depends,downstream,optional,"",import,[],"","",cascade_failure,skip_test,"","","",one_to_many,1,0,active,,0
356866,309665,307540,test_depends,downstream,optional,"",import,[],"","",cascade_failure,skip_test,"","","",one_to_many,1,0,active,,0
356873,309668,307018,test_depends,downstream,optional,"",import,[],"","",cascade_failure,skip_test,"","","",one_to_many,1,0,active,,0
356874,309668,307004,test_depends,downstream,optional,"",import,[],"","",cascade_failure,skip_test,"","","",one_to_many,1,0,active,,0
356875,309668,307540,test_depends,downstream,optional,"",import,[],"","",cascade_failure,skip_test,"","","",one_to_many,1,0,active,,0
356867,309666,307018,test_depends,downstream,optional,"",import,[],"","",cascade_failure,skip_test,"","","",one_to_many,1,0,active,,0
356868,309666,307004,test_depends,downstream,optional,"",import,[],"","",cascade_failure,skip_test,"","","",one_to_many,1,0,active,,0
356869,309666,307540,test_depends,downstream,optional,"",import,[],"","",cascade_failure,skip_test,"","","",one_to_many,1,0,active,,0
356855,309662,307018,test_depends,downstream,optional,"",import,[],"","",cascade_failure,skip_test,"","","",one_to_many,1,0,active,,0
356856,309662,307004,test_depends,downstream,optional,"",import,[],"","",cascade_failure,skip_test,"","","",one_to_many,1,0,active,,0
356857,309662,307540,test_depends,downstream,optional,"",import,[],"","",cascade_failure,skip_test,"","","",one_to_many,1,0,active,,0
356861,309664,307018,test_depends,downstream,optional,"",import,[],"","",cascade_failure,skip_test,"","","",one_to_many,1,0,active,,0
356862,309664,307004,test_depends,downstream,optional,"",import,[],"","",cascade_failure,skip_test,"","","",one_to_many,1,0,active,,0
356863,309664,307540,test_depends,downstream,optional,"",import,[],"","",cascade_failure,skip_test,"","","",one_to_many,1,0,active,,0
356870,309667,307018,test_depends,downstream,optional,"",import,[],"","",cascade_failure,skip_test,"","","",one_to_many,1,0,active,,0
356871,309667,307004,test_depends,downstream,optional,"",import,[],"","",cascade_failure,skip_test,"","","",one_to_many,1,0,active,,0
356872,309667,307540,test_depends,downstream,optional,"",import,[],"","",cascade_failure,skip_test,"","","",one_to_many,1,0,active,,0
356858,309663,307018,test_depends,downstream,optional,"",import,[],"","",cascade_failure,skip_test,"","","",one_to_many,1,0,active,,0
356859,309663,307004,test_depends,downstream,optional,"",import,[],"","",cascade_failure,skip_test,"","","",one_to_many,1,0,active,,0
356860,309663,307540,test_depends,downstream,optional,"",import,[],"","",cascade_failure,skip_test,"","","",one_to_many,1,0,active,,0
356879,309670,307018,test_depends,downstream,optional,"",import,[],"","",cascade_failure,skip_test,"","","",one_to_many,1,0,active,,0
356880,309670,307004,test_depends,downstream,optional,"",import,[],"","",cascade_failure,skip_test,"","","",one_to_many,1,0,active,,0
356881,309670,307540,test_depends,downstream,optional,"",import,[],"","",cascade_failure,skip_test,"","","",one_to_many,1,0,active,,0
356876,309669,307018,test_depends,downstream,optional,"",import,[],"","",cascade_failure,skip_test,"","","",one_to_many,1,0,active,,0
356877,309669,307004,test_depends,downstream,optional,"",import,[],"","",cascade_failure,skip_test,"","","",one_to_many,1,0,active,,0
356878,309669,307540,test_depends,downstream,optional,"",import,[],"","",cascade_failure,skip_test,"","","",one_to_many,1,0,active,,0
353986,306780,308059,import_depends,downstream,critical,"",import,[],"","",service_down,circuit_break,"","","",one_to_many,1,0,active,,0
353834,306599,306480,import_depends,downstream,required,"",import,[],"",anti_corruption_layer,timeout,graceful_degradation,"","","",one_to_many,0,0,active,,0
356882,309671,307995,test_depends,downstream,optional,"",import,[],"","",cascade_failure,skip_test,"","","",one_to_many,1,0,active,,0
356883,309671,307776,test_depends,downstream,optional,"",import,[],"","",cascade_failure,skip_test,"","","",one_to_many,1,0,active,,0
356891,309681,308356,test_depends,downstream,optional,"",import,[],"","",cascade_failure,skip_test,"","","",one_to_many,1,0,active,,0
356885,309674,306643,test_depends,downstream,optional,"",import,[],"","",cascade_failure,skip_test,"","","",one_to_many,1,0,active,,0
356887,309676,307727,test_depends,downstream,optional,"",import,[],"","",cascade_failure,skip_test,"","","",one_to_many,1,0,active,,0
354286,307020,307004,import_depends,downstream,required,"",import,[],"",shared_kernel,timeout,graceful_degradation,"","","",one_to_many,0,0,active,,0
354291,307023,307018,import_depends,downstream,required,"",import,[],"",shared_kernel,timeout,graceful_degradation,"","","",one_to_many,0,0,active,,0
356889,309679,308431,test_depends,downstream,optional,"",import,[],"","",cascade_failure,skip_test,"","","",one_to_many,1,0,active,,0
356886,309675,306849,test_depends,downstream,optional,"",import,[],"","",cascade_failure,skip_test,"","","",one_to_many,1,0,active,,0
356896,309684,308547,test_depends,downstream,optional,"",import,[],"","",cascade_failure,skip_test,"","","",one_to_many,1,0,active,,0
356890,309680,308542,test_depends,downstream,optional,"",import,[],"","",cascade_failure,skip_test,"","","",one_to_many,1,0,active,,0
356892,309682,307580,test_depends,downstream,optional,"",import,[],"","",cascade_failure,skip_test,"","","",one_to_many,1,0,active,,0
356894,309682,308171,test_depends,downstream,optional,"",import,[],"","",cascade_failure,skip_test,"","","",one_to_many,1,0,active,,0
356898,309686,308356,test_depends,downstream,optional,"",import,[],"","",cascade_failure,skip_test,"","","",one_to_many,1,0,active,,0
356901,309689,307112,test_depends,downstream,optional,"",import,[],"","",cascade_failure,skip_test,"","","",one_to_many,1,0,active,,0
356895,309683,307385,test_depends,downstream,optional,"",import,[],"","",cascade_failure,skip_test,"","","",one_to_many,1,0,active,,0
356888,309678,306763,test_depends,downstream,optional,"",import,[],"","",cascade_failure,skip_test,"","","",one_to_many,1,0,active,,0
356897,309685,308549,test_depends,downstream,optional,"",import,[],"","",cascade_failure,skip_test,"","","",one_to_many,1,0,active,,0
356900,309688,308290,test_depends,downstream,optional,"",import,[],"","",cascade_failure,skip_test,"","","",one_to_many,1,0,active,,0
356902,309690,307761,test_depends,downstream,optional,"",import,[],"","",cascade_failure,skip_test,"","","",one_to_many,1,0,active,,0
356904,309692,306738,test_depends,downstream,optional,"",import,[],"","",cascade_failure,skip_test,"","","",one_to_many,1,0,active,,0
356899,309687,308290,test_depends,downstream,optional,"",import,[],"","",cascade_failure,skip_test,"","","",one_to_many,1,0,active,,0
356905,309693,308484,test_depends,downstream,optional,"",import,[],"","",cascade_failure,skip_test,"","","",one_to_many,1,0,active,,0
356919,309704,307004,test_depends,downstream,optional,"",import,[],"","",cascade_failure,skip_test,"","","",one_to_many,1,0,active,,0
356920,309704,306907,test_depends,downstream,optional,"",import,[],"","",cascade_failure,skip_test,"","","",one_to_many,1,0,active,,0
356917,309703,308059,test_depends,downstream,optional,"",import,[],"","",cascade_failure,skip_test,"","","",one_to_many,1,0,active,,0
356922,309705,308237,test_depends,downstream,optional,"",import,[],"","",cascade_failure,skip_test,"","","",one_to_many,1,0,active,,0
356923,309706,307724,test_depends,downstream,optional,"",import,[],"","",cascade_failure,skip_test,"","","",one_to_many,1,0,active,,0
356926,309709,308290,test_depends,downstream,optional,"",import,[],"","",cascade_failure,skip_test,"","","",one_to_many,1,0,active,,0
356928,309711,308290,test_depends,downstream,optional,"",import,[],"","",cascade_failure,skip_test,"","","",one_to_many,1,0,active,,0
356925,309708,307729,test_depends,downstream,optional,"",import,[],"","",cascade_failure,skip_test,"","","",one_to_many,1,0,active,,0
356929,309712,308609,test_depends,downstream,optional,"",import,[],"","",cascade_failure,skip_test,"","","",one_to_many,1,0,active,,0
356930,309713,307283,test_depends,downstream,optional,"",import,[],"","",cascade_failure,skip_test,"","","",one_to_many,1,0,active,,0
356927,309710,307730,test_depends,downstream,optional,"",import,[],"","",cascade_failure,skip_test,"","","",one_to_many,1,0,active,,0
356931,309714,308018,test_depends,downstream,optional,"",import,[],"","",cascade_failure,skip_test,"","","",one_to_many,1,0,active,,0
353985,306777,306769,import_depends,downstream,required,"",import,[],"",shared_kernel,timeout,graceful_degradation,"","","",one_to_many,0,0,active,,0
356933,309716,308290,test_depends,downstream,optional,"",import,[],"","",cascade_failure,skip_test,"","","",one_to_many,1,0,active,,0
356932,309715,306564,test_depends,downstream,optional,"",import,[],"","",cascade_failure,skip_test,"","","",one_to_many,1,0,active,,0
354292,307023,307004,import_depends,downstream,required,"",import,[],"",shared_kernel,timeout,graceful_degradation,"","","",one_to_many,0,0,active,,0
354293,307023,307058,import_depends,downstream,required,"",import,[],"",shared_kernel,timeout,graceful_degradation,"","","",one_to_many,0,0,active,,0
356936,309719,306773,test_depends,downstream,optional,"",import,[],"","",cascade_failure,skip_test,"","","",one_to_many,1,0,active,,0
356934,309718,306764,test_depends,downstream,optional,"",import,[],"","",cascade_failure,skip_test,"","","",one_to_many,1,0,active,,0
356938,309721,306766,test_depends,downstream,optional,"",import,[],"","",cascade_failure,skip_test,"","","",one_to_many,1,0,active,,0
356939,309721,306769,test_depends,downstream,optional,"",import,[],"","",cascade_failure,skip_test,"","","",one_to_many,1,0,active,,0
356940,309722,306767,test_depends,downstream,optional,"",import,[],"","",cascade_failure,skip_test,"","","",one_to_many,1,0,active,,0
356941,309723,307305,test_depends,downstream,optional,"",import,[],"","",cascade_failure,skip_test,"","","",one_to_many,1,0,active,,0
356942,309723,307314,test_depends,downstream,optional,"",import,[],"","",cascade_failure,skip_test,"","","",one_to_many,1,0,active,,0
356949,309730,306769,test_depends,downstream,optional,"",import,[],"","",cascade_failure,skip_test,"","","",one_to_many,1,0,active,,0
356943,309724,306771,test_depends,downstream,optional,"",import,[],"","",cascade_failure,skip_test,"","","",one_to_many,1,0,active,,0
356948,309729,306770,test_depends,downstream,optional,"",import,[],"","",cascade_failure,skip_test,"","","",one_to_many,1,0,active,,0
356951,309732,306922,test_depends,downstream,optional,"",import,[],"","",cascade_failure,skip_test,"","","",one_to_many,1,0,active,,0
356946,309727,308290,test_depends,downstream,optional,"",import,[],"","",cascade_failure,skip_test,"","","",one_to_many,1,0,active,,0
356952,309733,306852,test_depends,downstream,optional,"",import,[],"","",cascade_failure,skip_test,"","","",one_to_many,1,0,active,,0
356956,309737,306727,test_depends,downstream,optional,"",import,[],"","",cascade_failure,skip_test,"","","",one_to_many,1,0,active,,0
356945,309726,308282,test_depends,downstream,optional,"",import,[],"","",cascade_failure,skip_test,"","","",one_to_many,1,0,active,,0
356947,309728,306956,test_depends,downstream,optional,"",import,[],"","",cascade_failure,skip_test,"","","",one_to_many,1,0,active,,0
356955,309736,306960,test_depends,downstream,optional,"",import,[],"","",cascade_failure,skip_test,"","","",one_to_many,1,0,active,,0
356954,309735,306927,test_depends,downstream,optional,"",import,[],"","",cascade_failure,skip_test,"","","",one_to_many,1,0,active,,0
356957,309739,306826,test_depends,downstream,optional,"",import,[],"","",cascade_failure,skip_test,"","","",one_to_many,1,0,active,,0
356959,309741,306819,test_depends,downstream,optional,"",import,[],"","",cascade_failure,skip_test,"","","",one_to_many,1,0,active,,0
356962,309744,306825,test_depends,downstream,optional,"",import,[],"","",cascade_failure,skip_test,"","","",one_to_many,1,0,active,,0
356961,309743,306841,test_depends,downstream,optional,"",import,[],"","",cascade_failure,skip_test,"","","",one_to_many,1,0,active,,0
356960,309742,306580,test_depends,downstream,optional,"",import,[],"","",cascade_failure,skip_test,"","","",one_to_many,1,0,active,,0
356965,309747,306484,test_depends,downstream,optional,"",import,[],"","",cascade_failure,skip_test,"","","",one_to_many,1,0,active,,0
356964,309746,306739,test_depends,downstream,optional,"",import,[],"","",cascade_failure,skip_test,"","","",one_to_many,1,0,active,,0
356958,309740,307077,test_depends,downstream,optional,"",import,[],"","",cascade_failure,skip_test,"","","",one_to_many,1,0,active,,0
356976,309756,306583,test_depends,downstream,optional,"",import,[],"","",cascade_failure,skip_test,"","","",one_to_many,1,0,active,,0
356972,309752,306588,test_depends,downstream,optional,"",import,[],"","",cascade_failure,skip_test,"","","",one_to_many,1,0,active,,0
356974,309754,306854,test_depends,downstream,optional,"",import,[],"","",cascade_failure,skip_test,"","","",one_to_many,1,0,active,,0
353989,306795,306769,import_depends,downstream,required,"",import,[],"",shared_kernel,timeout,graceful_degradation,"","","",one_to_many,0,0,active,,0
353819,306576,308059,import_depends,downstream,critical,"",import,[],"","",service_down,circuit_break,"","","",one_to_many,1,0,active,,0
356987,309767,306843,test_depends,downstream,optional,"",import,[],"","",cascade_failure,skip_test,"","","",one_to_many,1,0,active,,0
356980,309760,306912,test_depends,downstream,optional,"",import,[],"","",cascade_failure,skip_test,"","","",one_to_many,1,0,active,,0
353837,306604,306608,import_depends,downstream,required,"",import,[],"",shared_kernel,timeout,graceful_degradation,"","","",one_to_many,0,0,active,,0
356979,309759,306787,test_depends,downstream,optional,"",import,[],"","",cascade_failure,skip_test,"","","",one_to_many,1,0,active,,0
356984,309764,306846,test_depends,downstream,optional,"",import,[],"","",cascade_failure,skip_test,"","","",one_to_many,1,0,active,,0
356982,309762,306862,test_depends,downstream,optional,"",import,[],"","",cascade_failure,skip_test,"","","",one_to_many,1,0,active,,0
356981,309761,306797,test_depends,downstream,optional,"",import,[],"","",cascade_failure,skip_test,"","","",one_to_many,1,0,active,,0
356988,309769,306866,test_depends,downstream,optional,"",import,[],"","",cascade_failure,skip_test,"","","",one_to_many,1,0,active,,0
356995,309774,307116,test_depends,downstream,optional,"",import,[],"","",cascade_failure,skip_test,"","","",one_to_many,1,0,active,,0
356990,309771,306998,test_depends,downstream,optional,"",import,[],"","",cascade_failure,skip_test,"","","",one_to_many,1,0,active,,0
356991,309772,306818,test_depends,downstream,optional,"",import,[],"","",cascade_failure,skip_test,"","","",one_to_many,1,0,active,,0
356992,309772,307982,test_depends,downstream,optional,"",import,[],"","",cascade_failure,skip_test,"","","",one_to_many,1,0,active,,0
356989,309770,306827,test_depends,downstream,optional,"",import,[],"","",cascade_failure,skip_test,"","","",one_to_many,1,0,active,,0
356985,309765,307301,test_depends,downstream,optional,"",import,[],"","",cascade_failure,skip_test,"","","",one_to_many,1,0,active,,0
356986,309765,307314,test_depends,downstream,optional,"",import,[],"","",cascade_failure,skip_test,"","","",one_to_many,1,0,active,,0
356997,309776,306481,test_depends,downstream,optional,"",import,[],"","",cascade_failure,skip_test,"","","",one_to_many,1,0,active,,0
356983,309763,306819,test_depends,downstream,optional,"",import,[],"","",cascade_failure,skip_test,"","","",one_to_many,1,0,active,,0
356993,309773,306917,test_depends,downstream,optional,"",import,[],"","",cascade_failure,skip_test,"","","",one_to_many,1,0,active,,0
356994,309773,307982,test_depends,downstream,optional,"",import,[],"","",cascade_failure,skip_test,"","","",one_to_many,1,0,active,,0
356996,309775,306981,test_depends,downstream,optional,"",import,[],"","",cascade_failure,skip_test,"","","",one_to_many,1,0,active,,0
356998,309777,307735,test_depends,downstream,optional,"",import,[],"","",cascade_failure,skip_test,"","","",one_to_many,1,0,active,,0
357000,309779,306822,test_depends,downstream,optional,"",import,[],"","",cascade_failure,skip_test,"","","",one_to_many,1,0,active,,0
357005,309783,306477,test_depends,downstream,optional,"",import,[],"","",cascade_failure,skip_test,"","","",one_to_many,1,0,active,,0
357006,309783,307999,test_depends,downstream,optional,"",import,[],"","",cascade_failure,skip_test,"","","",one_to_many,1,0,active,,0
356999,309778,306833,test_depends,downstream,optional,"",import,[],"","",cascade_failure,skip_test,"","","",one_to_many,1,0,active,,0
357003,309781,307982,test_depends,downstream,optional,"",import,[],"","",cascade_failure,skip_test,"","","",one_to_many,1,0,active,,0
357008,309785,306828,test_depends,downstream,optional,"",import,[],"","",cascade_failure,skip_test,"","","",one_to_many,1,0,active,,0
357001,309780,306826,test_depends,downstream,optional,"",import,[],"","",cascade_failure,skip_test,"","","",one_to_many,1,0,active,,0
357009,309786,306931,test_depends,downstream,optional,"",import,[],"","",cascade_failure,skip_test,"","","",one_to_many,1,0,active,,0
357012,309788,306835,test_depends,downstream,optional,"",import,[],"","",cascade_failure,skip_test,"","","",one_to_many,1,0,active,,0
357011,309787,307314,test_depends,downstream,optional,"",import,[],"","",cascade_failure,skip_test,"","","",one_to_many,1,0,active,,0
357007,309784,308260,test_depends,downstream,optional,"",import,[],"","",cascade_failure,skip_test,"","","",one_to_many,1,0,active,,0
357022,309796,308290,test_depends,downstream,optional,"",import,[],"","",cascade_failure,skip_test,"","","",one_to_many,1,0,active,,0
353988,306788,306769,import_depends,downstream,required,"",import,[],"",shared_kernel,timeout,graceful_degradation,"","","",one_to_many,0,0,active,,0
353815,306573,306579,import_depends,downstream,required,"",import,[],"","",timeout,graceful_degradation,"","","",one_to_many,0,0,active,,0
357021,309795,308457,test_depends,downstream,optional,"",import,[],"","",cascade_failure,skip_test,"","","",one_to_many,1,0,active,,0
357017,309794,306576,test_depends,downstream,optional,"",import,[],"","",cascade_failure,skip_test,"","","",one_to_many,1,0,active,,0
357018,309794,306958,test_depends,downstream,optional,"",import,[],"","",cascade_failure,skip_test,"","","",one_to_many,1,0,active,,0
357019,309794,306911,test_depends,downstream,optional,"",import,[],"","",cascade_failure,skip_test,"","","",one_to_many,1,0,active,,0
357020,309794,306493,test_depends,downstream,optional,"",import,[],"","",cascade_failure,skip_test,"","","",one_to_many,1,0,active,,0
354297,307025,307018,import_depends,downstream,required,"",import,[],"",shared_kernel,timeout,graceful_degradation,"","","",one_to_many,0,0,active,,0
354298,307025,307004,import_depends,downstream,required,"",import,[],"",shared_kernel,timeout,graceful_degradation,"","","",one_to_many,0,0,active,,0
353849,306616,306558,import_depends,downstream,required,"",import,[],"","",timeout,graceful_degradation,"","","",one_to_many,0,0,active,,0
357015,309792,308290,test_depends,downstream,optional,"",import,[],"","",cascade_failure,skip_test,"","","",one_to_many,1,0,active,,0
357027,309800,306567,test_depends,downstream,optional,"",import,[],"","",cascade_failure,skip_test,"","","",one_to_many,1,0,active,,0
357023,309797,307390,test_depends,downstream,optional,"",import,[],"","",cascade_failure,skip_test,"","","",one_to_many,1,0,active,,0
357026,309799,307056,test_depends,downstream,optional,"",import,[],"","",cascade_failure,skip_test,"","","",one_to_many,1,0,active,,0
357024,309798,308259,test_depends,downstream,optional,"",import,[],"","",cascade_failure,skip_test,"","","",one_to_many,1,0,active,,0
357025,309798,308237,test_depends,downstream,optional,"",import,[],"","",cascade_failure,skip_test,"","","",one_to_many,1,0,active,,0
357039,309808,308468,test_depends,downstream,optional,"",import,[],"","",cascade_failure,skip_test,"","","",one_to_many,1,0,active,,0
357029,309802,308471,test_depends,downstream,optional,"",import,[],"","",cascade_failure,skip_test,"","","",one_to_many,1,0,active,,0
357034,309806,308290,test_depends,downstream,optional,"",import,[],"","",cascade_failure,skip_test,"","","",one_to_many,1,0,active,,0
357035,309806,308247,test_depends,downstream,optional,"",import,[],"","",cascade_failure,skip_test,"","","",one_to_many,1,0,active,,0
357036,309806,308238,test_depends,downstream,optional,"",import,[],"","",cascade_failure,skip_test,"","","",one_to_many,1,0,active,,0
357037,309806,308237,test_depends,downstream,optional,"",import,[],"","",cascade_failure,skip_test,"","","",one_to_many,1,0,active,,0
357028,309801,308258,test_depends,downstream,optional,"",import,[],"","",cascade_failure,skip_test,"","","",one_to_many,1,0,active,,0
357032,309804,308470,test_depends,downstream,optional,"",import,[],"","",cascade_failure,skip_test,"","","",one_to_many,1,0,active,,0
357033,309805,308261,test_depends,downstream,optional,"",import,[],"","",cascade_failure,skip_test,"","","",one_to_many,1,0,active,,0
357047,309815,308477,test_depends,downstream,optional,"",import,[],"","",cascade_failure,skip_test,"","","",one_to_many,1,0,active,,0
357030,309803,308227,test_depends,downstream,optional,"",import,[],"","",cascade_failure,skip_test,"","","",one_to_many,1,0,active,,0
357031,309803,308235,test_depends,downstream,optional,"",import,[],"","",cascade_failure,skip_test,"","","",one_to_many,1,0,active,,0
357043,309811,308478,test_depends,downstream,optional,"",import,[],"","",cascade_failure,skip_test,"","","",one_to_many,1,0,active,,0
357046,309814,308226,test_depends,downstream,optional,"",import,[],"","",cascade_failure,skip_test,"","","",one_to_many,1,0,active,,0
357038,309807,308476,test_depends,downstream,optional,"",import,[],"","",cascade_failure,skip_test,"","","",one_to_many,1,0,active,,0
357044,309812,308264,test_depends,downstream,optional,"",import,[],"","",cascade_failure,skip_test,"","","",one_to_many,1,0,active,,0
357045,309813,308473,test_depends,downstream,optional,"",import,[],"","",cascade_failure,skip_test,"","","",one_to_many,1,0,active,,0
357049,309817,308481,test_depends,downstream,optional,"",import,[],"","",cascade_failure,skip_test,"","","",one_to_many,1,0,active,,0
353990,306796,306769,import_depends,downstream,required,"",import,[],"",shared_kernel,timeout,graceful_degradation,"","","",one_to_many,0,0,active,,0
353821,306582,306470,import_depends,downstream,required,"",import,[],"","",timeout,graceful_degradation,"","","",one_to_many,0,0,active,,0
357042,309810,308474,test_depends,downstream,optional,"",import,[],"","",cascade_failure,skip_test,"","","",one_to_many,1,0,active,,0
357057,309824,308479,test_depends,downstream,optional,"",import,[],"","",cascade_failure,skip_test,"","","",one_to_many,1,0,active,,0
357050,309818,308483,test_depends,downstream,optional,"",import,[],"","",cascade_failure,skip_test,"","","",one_to_many,1,0,active,,0
357051,309819,308482,test_depends,downstream,optional,"",import,[],"","",cascade_failure,skip_test,"","","",one_to_many,1,0,active,,0
357056,309823,308484,test_depends,downstream,optional,"",import,[],"","",cascade_failure,skip_test,"","","",one_to_many,1,0,active,,0
357048,309816,308265,test_depends,downstream,optional,"",import,[],"","",cascade_failure,skip_test,"","","",one_to_many,1,0,active,,0
357058,309825,308480,test_depends,downstream,optional,"",import,[],"","",cascade_failure,skip_test,"","","",one_to_many,1,0,active,,0
357053,309821,308232,test_depends,downstream,optional,"",import,[],"","",cascade_failure,skip_test,"","","",one_to_many,1,0,active,,0
353835,306600,306579,import_depends,downstream,required,"",import,[],"","",timeout,graceful_degradation,"","","",one_to_many,0,0,active,,0
353836,306600,307534,import_depends,downstream,critical,"",import,[],"","",service_down,circuit_break,"","","",one_to_many,1,0,active,,0
357052,309820,308270,test_depends,downstream,optional,"",import,[],"","",cascade_failure,skip_test,"","","",one_to_many,1,0,active,,0
357054,309822,308233,test_depends,downstream,optional,"",import,[],"","",cascade_failure,skip_test,"","","",one_to_many,1,0,active,,0
357055,309822,308237,test_depends,downstream,optional,"",import,[],"","",cascade_failure,skip_test,"","","",one_to_many,1,0,active,,0
357059,309826,308491,test_depends,downstream,optional,"",import,[],"","",cascade_failure,skip_test,"","","",one_to_many,1,0,active,,0
357060,309827,308485,test_depends,downstream,optional,"",import,[],"","",cascade_failure,skip_test,"","","",one_to_many,1,0,active,,0
357067,309834,308241,test_depends,downstream,optional,"",import,[],"","",cascade_failure,skip_test,"","","",one_to_many,1,0,active,,0
356490,309384,306758,test_depends,downstream,optional,"",import,[],"","",cascade_failure,skip_test,"","","",one_to_many,1,0,active,,0
357064,309831,308490,test_depends,downstream,optional,"",import,[],"","",cascade_failure,skip_test,"","","",one_to_many,1,0,active,,0
357070,309837,308257,test_depends,downstream,optional,"",import,[],"","",cascade_failure,skip_test,"","","",one_to_many,1,0,active,,0
357073,309840,308493,test_depends,downstream,optional,"",import,[],"","",cascade_failure,skip_test,"","","",one_to_many,1,0,active,,0
357065,309832,308239,test_depends,downstream,optional,"",import,[],"","",cascade_failure,skip_test,"","","",one_to_many,1,0,active,,0
357066,309833,308240,test_depends,downstream,optional,"",import,[],"","",cascade_failure,skip_test,"","","",one_to_many,1,0,active,,0
357068,309835,308274,test_depends,downstream,optional,"",import,[],"","",cascade_failure,skip_test,"","","",one_to_many,1,0,active,,0
357071,309838,308236,test_depends,downstream,optional,"",import,[],"","",cascade_failure,skip_test,"","","",one_to_many,1,0,active,,0
357069,309836,308260,test_depends,downstream,optional,"",import,[],"","",cascade_failure,skip_test,"","","",one_to_many,1,0,active,,0
357075,309842,308488,test_depends,downstream,optional,"",import,[],"","",cascade_failure,skip_test,"","","",one_to_many,1,0,active,,0
357074,309841,308255,test_depends,downstream,optional,"",import,[],"","",cascade_failure,skip_test,"","","",one_to_many,1,0,active,,0
357076,309843,308487,test_depends,downstream,optional,"",import,[],"","",cascade_failure,skip_test,"","","",one_to_many,1,0,active,,0
357077,309844,308256,test_depends,downstream,optional,"",import,[],"","",cascade_failure,skip_test,"","","",one_to_many,1,0,active,,0
353987,306783,306769,import_depends,downstream,required,"",import,[],"",shared_kernel,timeout,graceful_degradation,"","","",one_to_many,0,0,active,,0
357127,309873,308290,test_depends,downstream,optional,"",import,[],"","",cascade_failure,skip_test,"","","",one_to_many,1,0,active,,0
357128,309873,308356,test_depends,downstream,optional,"",import,[],"","",cascade_failure,skip_test,"","","",one_to_many,1,0,active,,0
357129,309873,308247,test_depends,downstream,optional,"",import,[],"","",cascade_failure,skip_test,"","","",one_to_many,1,0,active,,0
357130,309873,308238,test_depends,downstream,optional,"",import,[],"","",cascade_failure,skip_test,"","","",one_to_many,1,0,active,,0
357131,309873,308253,test_depends,downstream,optional,"",import,[],"","",cascade_failure,skip_test,"","","",one_to_many,1,0,active,,0
357120,309869,308290,test_depends,downstream,optional,"",import,[],"","",cascade_failure,skip_test,"","","",one_to_many,1,0,active,,0
357121,309869,308356,test_depends,downstream,optional,"",import,[],"","",cascade_failure,skip_test,"","","",one_to_many,1,0,active,,0
357122,309869,308443,test_depends,downstream,optional,"",import,[],"","",cascade_failure,skip_test,"","","",one_to_many,1,0,active,,0
357123,309869,308524,test_depends,downstream,optional,"",import,[],"","",cascade_failure,skip_test,"","","",one_to_many,1,0,active,,0
357124,309869,308533,test_depends,downstream,optional,"",import,[],"","",cascade_failure,skip_test,"","","",one_to_many,1,0,active,,0
357132,309874,308244,test_depends,downstream,optional,"",import,[],"","",cascade_failure,skip_test,"","","",one_to_many,1,0,active,,0
357134,309876,308249,test_depends,downstream,optional,"",import,[],"","",cascade_failure,skip_test,"","","",one_to_many,1,0,active,,0
357126,309872,308245,test_depends,downstream,optional,"",import,[],"","",cascade_failure,skip_test,"","","",one_to_many,1,0,active,,0
357133,309875,308510,test_depends,downstream,optional,"",import,[],"","",cascade_failure,skip_test,"","","",one_to_many,1,0,active,,0
357136,309878,308246,test_depends,downstream,optional,"",import,[],"","",cascade_failure,skip_test,"","","",one_to_many,1,0,active,,0
357138,309880,308252,test_depends,downstream,optional,"",import,[],"","",cascade_failure,skip_test,"","","",one_to_many,1,0,active,,0
357139,309880,308246,test_depends,downstream,optional,"",import,[],"","",cascade_failure,skip_test,"","","",one_to_many,1,0,active,,0
357135,309877,308290,test_depends,downstream,optional,"",import,[],"","",cascade_failure,skip_test,"","","",one_to_many,1,0,active,,0
357140,309881,308290,test_depends,downstream,optional,"",import,[],"","",cascade_failure,skip_test,"","","",one_to_many,1,0,active,,0
357141,309882,308448,test_depends,downstream,optional,"",import,[],"","",cascade_failure,skip_test,"","","",one_to_many,1,0,active,,0
357145,309886,308228,test_depends,downstream,optional,"",import,[],"","",cascade_failure,skip_test,"","","",one_to_many,1,0,active,,0
357146,309886,308235,test_depends,downstream,optional,"",import,[],"","",cascade_failure,skip_test,"","","",one_to_many,1,0,active,,0
357151,309891,308290,test_depends,downstream,optional,"",import,[],"","",cascade_failure,skip_test,"","","",one_to_many,1,0,active,,0
357148,309888,308546,test_depends,downstream,optional,"",import,[],"","",cascade_failure,skip_test,"","","",one_to_many,1,0,active,,0
357152,309892,308356,test_depends,downstream,optional,"",import,[],"","",cascade_failure,skip_test,"","","",one_to_many,1,0,active,,0
357154,309894,308264,test_depends,downstream,optional,"",import,[],"","",cascade_failure,skip_test,"","","",one_to_many,1,0,active,,0
357155,309894,308265,test_depends,downstream,optional,"",import,[],"","",cascade_failure,skip_test,"","","",one_to_many,1,0,active,,0
357156,309894,308270,test_depends,downstream,optional,"",import,[],"","",cascade_failure,skip_test,"","","",one_to_many,1,0,active,,0
357157,309894,308274,test_depends,downstream,optional,"",import,[],"","",cascade_failure,skip_test,"","","",one_to_many,1,0,active,,0
353874,306629,306625,import_depends,downstream,required,"",import,[],"",shared_kernel,timeout,graceful_degradation,"","","",one_to_many,0,0,active,,0
353876,306632,306745,import_depends,downstream,required,"",import,[],"","",timeout,graceful_degradation,"","","",one_to_many,0,0,active,,0
357158,309894,308271,test_depends,downstream,optional,"",import,[],"","",cascade_failure,skip_test,"","","",one_to_many,1,0,active,,0
354013,306805,306759,import_depends,downstream,required,"",import,[],"","",timeout,graceful_degradation,"","","",one_to_many,0,0,active,,0
354014,306805,306760,import_depends,downstream,required,"",import,[],"","",timeout,graceful_degradation,"","","",one_to_many,0,0,active,,0
357159,309894,308275,test_depends,downstream,optional,"",import,[],"","",cascade_failure,skip_test,"","","",one_to_many,1,0,active,,0
357160,309894,308272,test_depends,downstream,optional,"",import,[],"","",cascade_failure,skip_test,"","","",one_to_many,1,0,active,,0
357161,309894,308273,test_depends,downstream,optional,"",import,[],"","",cascade_failure,skip_test,"","","",one_to_many,1,0,active,,0
357162,309894,308278,test_depends,downstream,optional,"",import,[],"","",cascade_failure,skip_test,"","","",one_to_many,1,0,active,,0
357163,309894,308277,test_depends,downstream,optional,"",import,[],"","",cascade_failure,skip_test,"","","",one_to_many,1,0,active,,0
357164,309894,308276,test_depends,downstream,optional,"",import,[],"","",cascade_failure,skip_test,"","","",one_to_many,1,0,active,,0
357165,309894,308283,test_depends,downstream,optional,"",import,[],"","",cascade_failure,skip_test,"","","",one_to_many,1,0,active,,0
357166,309894,308280,test_depends,downstream,optional,"",import,[],"","",cascade_failure,skip_test,"","","",one_to_many,1,0,active,,0
357167,309894,308287,test_depends,downstream,optional,"",import,[],"","",cascade_failure,skip_test,"","","",one_to_many,1,0,active,,0
357168,309894,308282,test_depends,downstream,optional,"",import,[],"","",cascade_failure,skip_test,"","","",one_to_many,1,0,active,,0
357169,309894,308279,test_depends,downstream,optional,"",import,[],"","",cascade_failure,skip_test,"","","",one_to_many,1,0,active,,0
357170,309894,308284,test_depends,downstream,optional,"",import,[],"","",cascade_failure,skip_test,"","","",one_to_many,1,0,active,,0
357171,309894,308288,test_depends,downstream,optional,"",import,[],"","",cascade_failure,skip_test,"","","",one_to_many,1,0,active,,0
357172,309894,308247,test_depends,downstream,optional,"",import,[],"","",cascade_failure,skip_test,"","","",one_to_many,1,0,active,,0
357173,309894,308238,test_depends,downstream,optional,"",import,[],"","",cascade_failure,skip_test,"","","",one_to_many,1,0,active,,0
357149,309889,308356,test_depends,downstream,optional,"",import,[],"","",cascade_failure,skip_test,"","","",one_to_many,1,0,active,,0
357175,309896,308356,test_depends,downstream,optional,"",import,[],"","",cascade_failure,skip_test,"","","",one_to_many,1,0,active,,0
357188,309908,308434,test_depends,downstream,optional,"",import,[],"","",cascade_failure,skip_test,"","","",one_to_many,1,0,active,,0
357191,309911,308290,test_depends,downstream,optional,"",import,[],"","",cascade_failure,skip_test,"","","",one_to_many,1,0,active,,0
357185,309905,308356,test_depends,downstream,optional,"",import,[],"","",cascade_failure,skip_test,"","","",one_to_many,1,0,active,,0
357190,309910,308239,test_depends,downstream,optional,"",import,[],"","",cascade_failure,skip_test,"","","",one_to_many,1,0,active,,0
353769,306540,308059,import_depends,downstream,critical,"",import,[],"","",service_down,circuit_break,"","","",one_to_many,1,0,active,,0
353877,306632,306743,import_depends,downstream,required,"",import,[],"","",timeout,graceful_degradation,"","","",one_to_many,0,0,active,,0
357193,309913,308433,test_depends,downstream,optional,"",import,[],"","",cascade_failure,skip_test,"","","",one_to_many,1,0,active,,0
357192,309912,308235,test_depends,downstream,optional,"",import,[],"","",cascade_failure,skip_test,"","","",one_to_many,1,0,active,,0
354015,306805,306763,import_depends,downstream,required,"",import,[],"","",timeout,graceful_degradation,"","","",one_to_many,0,0,active,,0
354016,306805,306776,import_depends,downstream,required,"",import,[],"","",timeout,graceful_degradation,"","","",one_to_many,0,0,active,,0
357208,309923,308436,test_depends,downstream,optional,"",import,[],"","",cascade_failure,skip_test,"","","",one_to_many,1,0,active,,0
357194,309914,308429,test_depends,downstream,optional,"",import,[],"","",cascade_failure,skip_test,"","","",one_to_many,1,0,active,,0
357195,309914,308430,test_depends,downstream,optional,"",import,[],"","",cascade_failure,skip_test,"","","",one_to_many,1,0,active,,0
357196,309914,308445,test_depends,downstream,optional,"",import,[],"","",cascade_failure,skip_test,"","","",one_to_many,1,0,active,,0
357197,309914,308434,test_depends,downstream,optional,"",import,[],"","",cascade_failure,skip_test,"","","",one_to_many,1,0,active,,0
357198,309914,308443,test_depends,downstream,optional,"",import,[],"","",cascade_failure,skip_test,"","","",one_to_many,1,0,active,,0
357199,309915,308241,test_depends,downstream,optional,"",import,[],"","",cascade_failure,skip_test,"","","",one_to_many,1,0,active,,0
357206,309921,308247,test_depends,downstream,optional,"",import,[],"","",cascade_failure,skip_test,"","","",one_to_many,1,0,active,,0
357201,309917,308247,test_depends,downstream,optional,"",import,[],"","",cascade_failure,skip_test,"","","",one_to_many,1,0,active,,0
357202,309917,308251,test_depends,downstream,optional,"",import,[],"","",cascade_failure,skip_test,"","","",one_to_many,1,0,active,,0
357203,309918,306570,test_depends,downstream,optional,"",import,[],"","",cascade_failure,skip_test,"","","",one_to_many,1,0,active,,0
357204,309919,308250,test_depends,downstream,optional,"",import,[],"","",cascade_failure,skip_test,"","","",one_to_many,1,0,active,,0
357246,309961,308356,test_depends,downstream,optional,"",import,[],"","",cascade_failure,skip_test,"","","",one_to_many,1,0,active,,0
357242,309957,308290,test_depends,downstream,optional,"",import,[],"","",cascade_failure,skip_test,"","","",one_to_many,1,0,active,,0
357254,309965,308290,test_depends,downstream,optional,"",import,[],"","",cascade_failure,skip_test,"","","",one_to_many,1,0,active,,0
357241,309956,308290,test_depends,downstream,optional,"",import,[],"","",cascade_failure,skip_test,"","","",one_to_many,1,0,active,,0
353878,306632,306750,import_depends,downstream,required,"",import,[],"","",timeout,graceful_degradation,"","","",one_to_many,0,0,active,,0
357150,309890,308226,test_depends,downstream,optional,"",import,[],"","",cascade_failure,skip_test,"","","",one_to_many,1,0,active,,0
357245,309960,308290,test_depends,downstream,optional,"",import,[],"","",cascade_failure,skip_test,"","","",one_to_many,1,0,active,,0
357247,309962,308290,test_depends,downstream,optional,"",import,[],"","",cascade_failure,skip_test,"","","",one_to_many,1,0,active,,0
357248,309963,308245,test_depends,downstream,optional,"",import,[],"","",cascade_failure,skip_test,"","","",one_to_many,1,0,active,,0
357250,309964,308356,test_depends,downstream,optional,"",import,[],"","",cascade_failure,skip_test,"","","",one_to_many,1,0,active,,0
357251,309964,308247,test_depends,downstream,optional,"",import,[],"","",cascade_failure,skip_test,"","","",one_to_many,1,0,active,,0
357252,309964,308238,test_depends,downstream,optional,"",import,[],"","",cascade_failure,skip_test,"","","",one_to_many,1,0,active,,0
357253,309964,308253,test_depends,downstream,optional,"",import,[],"","",cascade_failure,skip_test,"","","",one_to_many,1,0,active,,0
353983,306770,306766,import_depends,downstream,required,"",import,[],"",shared_kernel,timeout,graceful_degradation,"","","",one_to_many,0,0,active,,0
357257,309968,308266,test_depends,downstream,optional,"",import,[],"","",cascade_failure,skip_test,"","","",one_to_many,1,0,active,,0
357255,309966,308290,test_depends,downstream,optional,"",import,[],"","",cascade_failure,skip_test,"","","",one_to_many,1,0,active,,0
357263,309974,308466,test_depends,downstream,optional,"",import,[],"","",cascade_failure,skip_test,"","","",one_to_many,1,0,active,,0
357259,309970,308555,test_depends,downstream,optional,"",import,[],"","",cascade_failure,skip_test,"","","",one_to_many,1,0,active,,0
357265,309976,308356,test_depends,downstream,optional,"",import,[],"","",cascade_failure,skip_test,"","","",one_to_many,1,0,active,,0
357258,309969,308356,test_depends,downstream,optional,"",import,[],"","",cascade_failure,skip_test,"","","",one_to_many,1,0,active,,0
357260,309971,308555,test_depends,downstream,optional,"",import,[],"","",cascade_failure,skip_test,"","","",one_to_many,1,0,active,,0
357262,309973,308290,test_depends,downstream,optional,"",import,[],"","",cascade_failure,skip_test,"","","",one_to_many,1,0,active,,0
357264,309975,308356,test_depends,downstream,optional,"",import,[],"","",cascade_failure,skip_test,"","","",one_to_many,1,0,active,,0
357267,309978,308288,test_depends,downstream,optional,"",import,[],"","",cascade_failure,skip_test,"","","",one_to_many,1,0,active,,0
357270,309980,308290,test_depends,downstream,optional,"",import,[],"","",cascade_failure,skip_test,"","","",one_to_many,1,0,active,,0
357268,309979,308246,test_depends,downstream,optional,"",import,[],"","",cascade_failure,skip_test,"","","",one_to_many,1,0,active,,0
357269,309979,308252,test_depends,downstream,optional,"",import,[],"","",cascade_failure,skip_test,"","","",one_to_many,1,0,active,,0
357266,309977,308446,test_depends,downstream,optional,"",import,[],"","",cascade_failure,skip_test,"","","",one_to_many,1,0,active,,0
357276,309986,308356,test_depends,downstream,optional,"",import,[],"","",cascade_failure,skip_test,"","","",one_to_many,1,0,active,,0
357272,309983,308447,test_depends,downstream,optional,"",import,[],"","",cascade_failure,skip_test,"","","",one_to_many,1,0,active,,0
357275,309985,306655,test_depends,downstream,optional,"",import,[],"","",cascade_failure,skip_test,"","","",one_to_many,1,0,active,,0
357278,309989,306774,test_depends,downstream,optional,"",import,[],"","",cascade_failure,skip_test,"","","",one_to_many,1,0,active,,0
357273,309984,307004,test_depends,downstream,optional,"",import,[],"","",cascade_failure,skip_test,"","","",one_to_many,1,0,active,,0
357274,309984,308568,test_depends,downstream,optional,"",import,[],"","",cascade_failure,skip_test,"","","",one_to_many,1,0,active,,0
357271,309981,308465,test_depends,downstream,optional,"",import,[],"","",cascade_failure,skip_test,"","","",one_to_many,1,0,active,,0
357277,309988,307162,test_depends,downstream,optional,"",import,[],"","",cascade_failure,skip_test,"","","",one_to_many,1,0,active,,0
357281,309991,307302,test_depends,downstream,optional,"",import,[],"","",cascade_failure,skip_test,"","","",one_to_many,1,0,active,,0
357282,309991,307314,test_depends,downstream,optional,"",import,[],"","",cascade_failure,skip_test,"","","",one_to_many,1,0,active,,0
357279,309990,307299,test_depends,downstream,optional,"",import,[],"","",cascade_failure,skip_test,"","","",one_to_many,1,0,active,,0
353879,306632,306749,import_depends,downstream,required,"",import,[],"","",timeout,graceful_degradation,"","","",one_to_many,0,0,active,,0
353880,306632,306747,import_depends,downstream,required,"",import,[],"","",timeout,graceful_degradation,"","","",one_to_many,0,0,active,,0
353887,306632,306765,import_depends,downstream,required,"",import,[],"","",timeout,graceful_degradation,"","","",one_to_many,0,0,active,,0
354017,306805,306772,import_depends,downstream,required,"",import,[],"","",timeout,graceful_degradation,"","","",one_to_many,0,0,active,,0
354018,306805,306783,import_depends,downstream,required,"",import,[],"","",timeout,graceful_degradation,"","","",one_to_many,0,0,active,,0
354019,306805,306784,import_depends,downstream,required,"",import,[],"","",timeout,graceful_degradation,"","","",one_to_many,0,0,active,,0
357280,309990,307314,test_depends,downstream,optional,"",import,[],"","",cascade_failure,skip_test,"","","",one_to_many,1,0,active,,0
357283,309993,307308,test_depends,downstream,optional,"",import,[],"","",cascade_failure,skip_test,"","","",one_to_many,1,0,active,,0
357284,309993,307314,test_depends,downstream,optional,"",import,[],"","",cascade_failure,skip_test,"","","",one_to_many,1,0,active,,0
357285,309994,307313,test_depends,downstream,optional,"",import,[],"","",cascade_failure,skip_test,"","","",one_to_many,1,0,active,,0
357286,309994,307314,test_depends,downstream,optional,"",import,[],"","",cascade_failure,skip_test,"","","",one_to_many,1,0,active,,0
357292,310003,307314,test_depends,downstream,optional,"",import,[],"","",cascade_failure,skip_test,"","","",one_to_many,1,0,active,,0
357289,310000,307317,test_depends,downstream,optional,"",import,[],"","",cascade_failure,skip_test,"","","",one_to_many,1,0,active,,0
357290,310000,307314,test_depends,downstream,optional,"",import,[],"","",cascade_failure,skip_test,"","","",one_to_many,1,0,active,,0
357287,309995,307309,test_depends,downstream,optional,"",import,[],"","",cascade_failure,skip_test,"","","",one_to_many,1,0,active,,0
357288,309995,307314,test_depends,downstream,optional,"",import,[],"","",cascade_failure,skip_test,"","","",one_to_many,1,0,active,,0
357293,310004,307311,test_depends,downstream,optional,"",import,[],"","",cascade_failure,skip_test,"","","",one_to_many,1,0,active,,0
357294,310004,307314,test_depends,downstream,optional,"",import,[],"","",cascade_failure,skip_test,"","","",one_to_many,1,0,active,,0
357302,310011,308290,test_depends,downstream,optional,"",import,[],"","",cascade_failure,skip_test,"","","",one_to_many,1,0,active,,0
357295,310007,308290,test_depends,downstream,optional,"",import,[],"","",cascade_failure,skip_test,"","","",one_to_many,1,0,active,,0
357296,310007,308247,test_depends,downstream,optional,"",import,[],"","",cascade_failure,skip_test,"","","",one_to_many,1,0,active,,0
357297,310007,308238,test_depends,downstream,optional,"",import,[],"","",cascade_failure,skip_test,"","","",one_to_many,1,0,active,,0
357298,310007,308237,test_depends,downstream,optional,"",import,[],"","",cascade_failure,skip_test,"","","",one_to_many,1,0,active,,0
357301,310010,308356,test_depends,downstream,optional,"",import,[],"","",cascade_failure,skip_test,"","","",one_to_many,1,0,active,,0
357299,310008,308241,test_depends,downstream,optional,"",import,[],"","",cascade_failure,skip_test,"","","",one_to_many,1,0,active,,0
357307,310016,308236,test_depends,downstream,optional,"",import,[],"","",cascade_failure,skip_test,"","","",one_to_many,1,0,active,,0
357303,310012,308238,test_depends,downstream,optional,"",import,[],"","",cascade_failure,skip_test,"","","",one_to_many,1,0,active,,0
357300,310009,308226,test_depends,downstream,optional,"",import,[],"","",cascade_failure,skip_test,"","","",one_to_many,1,0,active,,0
357304,310013,308290,test_depends,downstream,optional,"",import,[],"","",cascade_failure,skip_test,"","","",one_to_many,1,0,active,,0
357306,310015,308247,test_depends,downstream,optional,"",import,[],"","",cascade_failure,skip_test,"","","",one_to_many,1,0,active,,0
357321,310023,308246,test_depends,downstream,optional,"",import,[],"","",cascade_failure,skip_test,"","","",one_to_many,1,0,active,,0
357305,310014,308237,test_depends,downstream,optional,"",import,[],"","",cascade_failure,skip_test,"","","",one_to_many,1,0,active,,0
357314,310020,308252,test_depends,downstream,optional,"",import,[],"","",cascade_failure,skip_test,"","","",one_to_many,1,0,active,,0
357315,310020,308246,test_depends,downstream,optional,"",import,[],"","",cascade_failure,skip_test,"","","",one_to_many,1,0,active,,0
357320,310022,308356,test_depends,downstream,optional,"",import,[],"","",cascade_failure,skip_test,"","","",one_to_many,1,0,active,,0
357309,310018,308461,test_depends,downstream,optional,"",import,[],"","",cascade_failure,skip_test,"","","",one_to_many,1,0,active,,0
357308,310017,308290,test_depends,downstream,optional,"",import,[],"","",cascade_failure,skip_test,"","","",one_to_many,1,0,active,,0
357310,310019,307589,test_depends,downstream,optional,"",import,[],"","",cascade_failure,skip_test,"","","",one_to_many,1,0,active,,0
357311,310019,307598,test_depends,downstream,optional,"",import,[],"","",cascade_failure,skip_test,"","","",one_to_many,1,0,active,,0
354020,306805,306785,import_depends,downstream,required,"",import,[],"","",timeout,graceful_degradation,"","","",one_to_many,0,0,active,,0
354021,306805,306788,import_depends,downstream,required,"",import,[],"","",timeout,graceful_degradation,"","","",one_to_many,0,0,active,,0
353888,306632,306759,import_depends,downstream,required,"",import,[],"","",timeout,graceful_degradation,"","","",one_to_many,0,0,active,,0
357312,310019,307604,test_depends,downstream,optional,"",import,[],"","",cascade_failure,skip_test,"","","",one_to_many,1,0,active,,0
357313,310019,307602,test_depends,downstream,optional,"",import,[],"","",cascade_failure,skip_test,"","","",one_to_many,1,0,active,,0
357319,310021,306915,test_depends,downstream,optional,"",import,[],"","",cascade_failure,skip_test,"","","",one_to_many,1,0,active,,0
357352,310032,306829,test_depends,downstream,optional,"",import,[],"","",cascade_failure,skip_test,"","","",one_to_many,1,0,active,,0
357353,310032,306822,test_depends,downstream,optional,"",import,[],"","",cascade_failure,skip_test,"","","",one_to_many,1,0,active,,0
357354,310032,306825,test_depends,downstream,optional,"",import,[],"","",cascade_failure,skip_test,"","","",one_to_many,1,0,active,,0
357355,310032,307261,test_depends,downstream,optional,"",import,[],"","",cascade_failure,skip_test,"","","",one_to_many,1,0,active,,0
354283,307019,307018,import_depends,downstream,required,"",import,[],"",shared_kernel,timeout,graceful_degradation,"","","",one_to_many,0,0,active,,0
357356,310032,307258,test_depends,downstream,optional,"",import,[],"","",cascade_failure,skip_test,"","","",one_to_many,1,0,active,,0
357365,310038,308070,test_depends,downstream,optional,"",import,[],"","",cascade_failure,skip_test,"","","",one_to_many,1,0,active,,0
357363,310036,308290,test_depends,downstream,optional,"",import,[],"","",cascade_failure,skip_test,"","","",one_to_many,1,0,active,,0
357367,310040,308478,test_depends,downstream,optional,"",import,[],"","",cascade_failure,skip_test,"","","",one_to_many,1,0,active,,0
357370,310043,308479,test_depends,downstream,optional,"",import,[],"","",cascade_failure,skip_test,"","","",one_to_many,1,0,active,,0
357366,310039,308107,test_depends,downstream,optional,"",import,[],"","",cascade_failure,skip_test,"","","",one_to_many,1,0,active,,0
357364,310037,308473,test_depends,downstream,optional,"",import,[],"","",cascade_failure,skip_test,"","","",one_to_many,1,0,active,,0
357373,310046,308482,test_depends,downstream,optional,"",import,[],"","",cascade_failure,skip_test,"","","",one_to_many,1,0,active,,0
357371,310044,308491,test_depends,downstream,optional,"",import,[],"","",cascade_failure,skip_test,"","","",one_to_many,1,0,active,,0
357369,310042,308490,test_depends,downstream,optional,"",import,[],"","",cascade_failure,skip_test,"","","",one_to_many,1,0,active,,0
357368,310041,308486,test_depends,downstream,optional,"",import,[],"","",cascade_failure,skip_test,"","","",one_to_many,1,0,active,,0
357372,310045,308493,test_depends,downstream,optional,"",import,[],"","",cascade_failure,skip_test,"","","",one_to_many,1,0,active,,0
357374,310047,308485,test_depends,downstream,optional,"",import,[],"","",cascade_failure,skip_test,"","","",one_to_many,1,0,active,,0
357377,310050,307051,test_depends,downstream,optional,"",import,[],"","",cascade_failure,skip_test,"","","",one_to_many,1,0,active,,0
357385,310055,308489,test_depends,downstream,optional,"",import,[],"","",cascade_failure,skip_test,"","","",one_to_many,1,0,active,,0
357387,310057,308492,test_depends,downstream,optional,"",import,[],"","",cascade_failure,skip_test,"","","",one_to_many,1,0,active,,0
357391,310060,308096,test_depends,downstream,optional,"",import,[],"","",cascade_failure,skip_test,"","","",one_to_many,1,0,active,,0
357392,310060,308036,test_depends,downstream,optional,"",import,[],"","",cascade_failure,skip_test,"","","",one_to_many,1,0,active,,0
357393,310061,308494,test_depends,downstream,optional,"",import,[],"","",cascade_failure,skip_test,"","","",one_to_many,1,0,active,,0
357390,310059,308510,test_depends,downstream,optional,"",import,[],"","",cascade_failure,skip_test,"","","",one_to_many,1,0,active,,0
357395,310063,306973,test_depends,downstream,optional,"",import,[],"","",cascade_failure,skip_test,"","","",one_to_many,1,0,active,,0
357398,310067,306973,test_depends,downstream,optional,"",import,[],"","",cascade_failure,skip_test,"","","",one_to_many,1,0,active,,0
357401,310071,306470,test_depends,downstream,optional,"",import,[],"","",cascade_failure,skip_test,"","","",one_to_many,1,0,active,,0
357406,310076,307078,test_depends,downstream,optional,"",import,[],"","",cascade_failure,skip_test,"","","",one_to_many,1,0,active,,0
353725,306471,308113,import_depends,downstream,critical,"",import,[],"","",service_down,circuit_break,always,"",low,one_to_many,1,0,active,,0
353791,306554,308059,import_depends,downstream,critical,"",import,[],"","",service_down,circuit_break,"","","",one_to_many,1,0,active,,0
357397,310065,306831,test_depends,downstream,optional,"",import,[],"","",cascade_failure,skip_test,"","","",one_to_many,1,0,active,,0
356734,309590,307726,test_depends,downstream,optional,"",import,[],"","",cascade_failure,skip_test,"","","",one_to_many,1,0,active,,0
357403,310073,306954,test_depends,downstream,optional,"",import,[],"","",cascade_failure,skip_test,"","","",one_to_many,1,0,active,,0
357410,310080,306477,test_depends,downstream,optional,"",import,[],"","",cascade_failure,skip_test,"","","",one_to_many,1,0,active,,0
357402,310072,306477,test_depends,downstream,optional,"",import,[],"","",cascade_failure,skip_test,"","","",one_to_many,1,0,active,,0
357407,310077,307424,test_depends,downstream,optional,"",import,[],"","",cascade_failure,skip_test,"","","",one_to_many,1,0,active,,0
357405,310075,307074,test_depends,downstream,optional,"",import,[],"","",cascade_failure,skip_test,"","","",one_to_many,1,0,active,,0
357408,310078,307072,test_depends,downstream,optional,"",import,[],"","",cascade_failure,skip_test,"","","",one_to_many,1,0,active,,0
357400,310070,307380,test_depends,downstream,optional,"",import,[],"","",cascade_failure,skip_test,"","","",one_to_many,1,0,active,,0
354284,307019,307004,import_depends,downstream,required,"",import,[],"",shared_kernel,timeout,graceful_degradation,"","","",one_to_many,0,0,active,,0
357409,310079,307076,test_depends,downstream,optional,"",import,[],"","",cascade_failure,skip_test,"","","",one_to_many,1,0,active,,0
357416,310086,306670,test_depends,downstream,optional,"",import,[],"","",cascade_failure,skip_test,"","","",one_to_many,1,0,active,,0
357411,310081,307087,test_depends,downstream,optional,"",import,[],"","",cascade_failure,skip_test,"","","",one_to_many,1,0,active,,0
357414,310084,306787,test_depends,downstream,optional,"",import,[],"","",cascade_failure,skip_test,"","","",one_to_many,1,0,active,,0
357413,310083,307391,test_depends,downstream,optional,"",import,[],"","",cascade_failure,skip_test,"","","",one_to_many,1,0,active,,0
357417,310087,307094,test_depends,downstream,optional,"",import,[],"","",cascade_failure,skip_test,"","","",one_to_many,1,0,active,,0
357412,310082,307081,test_depends,downstream,optional,"",import,[],"","",cascade_failure,skip_test,"","","",one_to_many,1,0,active,,0
357418,310088,306549,test_depends,downstream,optional,"",import,[],"","",cascade_failure,skip_test,"","","",one_to_many,1,0,active,,0
357419,310088,306591,test_depends,downstream,optional,"",import,[],"","",cascade_failure,skip_test,"","","",one_to_many,1,0,active,,0
357415,310085,307093,test_depends,downstream,optional,"",import,[],"","",cascade_failure,skip_test,"","","",one_to_many,1,0,active,,0
357421,310090,307369,test_depends,downstream,optional,"",import,[],"","",cascade_failure,skip_test,"","","",one_to_many,1,0,active,,0
357423,310092,306627,test_depends,downstream,optional,"",import,[],"","",cascade_failure,skip_test,"","","",one_to_many,1,0,active,,0
357425,310094,306558,test_depends,downstream,optional,"",import,[],"","",cascade_failure,skip_test,"","","",one_to_many,1,0,active,,0
357422,310091,306803,test_depends,downstream,optional,"",import,[],"","",cascade_failure,skip_test,"","","",one_to_many,1,0,active,,0
357426,310095,306559,test_depends,downstream,optional,"",import,[],"","",cascade_failure,skip_test,"","","",one_to_many,1,0,active,,0
357420,310089,306562,test_depends,downstream,optional,"",import,[],"","",cascade_failure,skip_test,"","","",one_to_many,1,0,active,,0
357428,310097,306563,test_depends,downstream,optional,"",import,[],"","",cascade_failure,skip_test,"","","",one_to_many,1,0,active,,0
357429,310097,306591,test_depends,downstream,optional,"",import,[],"","",cascade_failure,skip_test,"","","",one_to_many,1,0,active,,0
357424,310093,306568,test_depends,downstream,optional,"",import,[],"","",cascade_failure,skip_test,"","","",one_to_many,1,0,active,,0
357435,310103,306575,test_depends,downstream,optional,"",import,[],"","",cascade_failure,skip_test,"","","",one_to_many,1,0,active,,0
357430,310098,306611,test_depends,downstream,optional,"",import,[],"","",cascade_failure,skip_test,"","","",one_to_many,1,0,active,,0
357427,310096,306565,test_depends,downstream,optional,"",import,[],"","",cascade_failure,skip_test,"","","",one_to_many,1,0,active,,0
357434,310102,306566,test_depends,downstream,optional,"",import,[],"","",cascade_failure,skip_test,"","","",one_to_many,1,0,active,,0
354022,306805,306793,import_depends,downstream,required,"",import,[],"","",timeout,graceful_degradation,"","","",one_to_many,0,0,active,,0
357431,310099,306657,test_depends,downstream,optional,"",import,[],"","",cascade_failure,skip_test,"","","",one_to_many,1,0,active,,0
357439,310107,307388,test_depends,downstream,optional,"",import,[],"","",cascade_failure,skip_test,"","","",one_to_many,1,0,active,,0
357433,310101,306653,test_depends,downstream,optional,"",import,[],"","",cascade_failure,skip_test,"","","",one_to_many,1,0,active,,0
357444,310112,306469,test_depends,downstream,optional,"",import,[],"","",cascade_failure,skip_test,"","","",one_to_many,1,0,active,,0
357441,310109,306581,test_depends,downstream,optional,"",import,[],"","",cascade_failure,skip_test,"","","",one_to_many,1,0,active,,0
357442,310110,306587,test_depends,downstream,optional,"",import,[],"","",cascade_failure,skip_test,"","","",one_to_many,1,0,active,,0
357443,310111,306588,test_depends,downstream,optional,"",import,[],"","",cascade_failure,skip_test,"","","",one_to_many,1,0,active,,0
357448,310116,306583,test_depends,downstream,optional,"",import,[],"","",cascade_failure,skip_test,"","","",one_to_many,1,0,active,,0
357445,310113,306616,test_depends,downstream,optional,"",import,[],"","",cascade_failure,skip_test,"","","",one_to_many,1,0,active,,0
357446,310114,306590,test_depends,downstream,optional,"",import,[],"","",cascade_failure,skip_test,"","","",one_to_many,1,0,active,,0
357450,310118,306591,test_depends,downstream,optional,"",import,[],"","",cascade_failure,skip_test,"","","",one_to_many,1,0,active,,0
354289,307022,307018,import_depends,downstream,required,"",import,[],"",shared_kernel,timeout,graceful_degradation,"","","",one_to_many,0,0,active,,0
357451,310118,306593,test_depends,downstream,optional,"",import,[],"","",cascade_failure,skip_test,"","","",one_to_many,1,0,active,,0
357452,310118,306606,test_depends,downstream,optional,"",import,[],"","",cascade_failure,skip_test,"","","",one_to_many,1,0,active,,0
357456,310121,306599,test_depends,downstream,optional,"",import,[],"","",cascade_failure,skip_test,"","","",one_to_many,1,0,active,,0
357447,310115,306596,test_depends,downstream,optional,"",import,[],"","",cascade_failure,skip_test,"","","",one_to_many,1,0,active,,0
357458,310122,307089,test_depends,downstream,optional,"",import,[],"","",cascade_failure,skip_test,"","","",one_to_many,1,0,active,,0
357462,310126,306605,test_depends,downstream,optional,"",import,[],"","",cascade_failure,skip_test,"","","",one_to_many,1,0,active,,0
357465,310128,306591,test_depends,downstream,optional,"",import,[],"","",cascade_failure,skip_test,"","","",one_to_many,1,0,active,,0
357466,310129,307074,test_depends,downstream,optional,"",import,[],"","",cascade_failure,skip_test,"","","",one_to_many,1,0,active,,0
357467,310129,306918,test_depends,downstream,optional,"",import,[],"","",cascade_failure,skip_test,"","","",one_to_many,1,0,active,,0
357468,310129,306919,test_depends,downstream,optional,"",import,[],"","",cascade_failure,skip_test,"","","",one_to_many,1,0,active,,0
357469,310129,307086,test_depends,downstream,optional,"",import,[],"","",cascade_failure,skip_test,"","","",one_to_many,1,0,active,,0
357470,310129,306939,test_depends,downstream,optional,"",import,[],"","",cascade_failure,skip_test,"","","",one_to_many,1,0,active,,0
357478,310136,306919,test_depends,downstream,optional,"",import,[],"","",cascade_failure,skip_test,"","","",one_to_many,1,0,active,,0
357479,310136,306925,test_depends,downstream,optional,"",import,[],"","",cascade_failure,skip_test,"","","",one_to_many,1,0,active,,0
357472,310131,306613,test_depends,downstream,optional,"",import,[],"","",cascade_failure,skip_test,"","","",one_to_many,1,0,active,,0
357473,310132,306919,test_depends,downstream,optional,"",import,[],"","",cascade_failure,skip_test,"","","",one_to_many,1,0,active,,0
357474,310132,306920,test_depends,downstream,optional,"",import,[],"","",cascade_failure,skip_test,"","","",one_to_many,1,0,active,,0
357484,310139,306647,test_depends,downstream,optional,"",import,[],"","",cascade_failure,skip_test,"","","",one_to_many,1,0,active,,0
357476,310134,306726,test_depends,downstream,optional,"",import,[],"","",cascade_failure,skip_test,"","","",one_to_many,1,0,active,,0
357475,310133,306928,test_depends,downstream,optional,"",import,[],"","",cascade_failure,skip_test,"","","",one_to_many,1,0,active,,0
357501,310156,306659,test_depends,downstream,optional,"",import,[],"","",cascade_failure,skip_test,"","","",one_to_many,1,0,active,,0
357504,310159,306485,test_depends,downstream,optional,"",import,[],"","",cascade_failure,skip_test,"","","",one_to_many,1,0,active,,0
357502,310157,306684,test_depends,downstream,optional,"",import,[],"","",cascade_failure,skip_test,"","","",one_to_many,1,0,active,,0
357503,310158,306693,test_depends,downstream,optional,"",import,[],"","",cascade_failure,skip_test,"","","",one_to_many,1,0,active,,0
357511,310164,306700,test_depends,downstream,optional,"",import,[],"","",cascade_failure,skip_test,"","","",one_to_many,1,0,active,,0
357512,310164,306973,test_depends,downstream,optional,"",import,[],"","",cascade_failure,skip_test,"","","",one_to_many,1,0,active,,0
357508,310161,306978,test_depends,downstream,optional,"",import,[],"","",cascade_failure,skip_test,"","","",one_to_many,1,0,active,,0
357517,310167,306708,test_depends,downstream,optional,"",import,[],"","",cascade_failure,skip_test,"","","",one_to_many,1,0,active,,0
353589,306215,308059,import_depends,downstream,critical,"",import,[],"","",service_down,circuit_break,"","","",one_to_many,1,0,active,,0
353590,306218,307337,import_depends,downstream,critical,"",import,[],"","",service_down,circuit_break,"","","",one_to_many,1,0,active,,0
357125,309871,308251,test_depends,downstream,optional,"",import,[],"","",cascade_failure,skip_test,"","","",one_to_many,1,0,active,,0
357513,310165,306718,test_depends,downstream,optional,"",import,[],"","",cascade_failure,skip_test,"","","",one_to_many,1,0,active,,0
357514,310165,306978,test_depends,downstream,optional,"",import,[],"","",cascade_failure,skip_test,"","","",one_to_many,1,0,active,,0
354296,307024,307059,import_depends,downstream,required,"",import,[],"",shared_kernel,timeout,graceful_degradation,"","","",one_to_many,0,0,active,,0
357523,310171,306830,test_depends,downstream,optional,"",import,[],"","",cascade_failure,skip_test,"","","",one_to_many,1,0,active,,0
357515,310166,306724,test_depends,downstream,optional,"",import,[],"","",cascade_failure,skip_test,"","","",one_to_many,1,0,active,,0
357520,310169,306712,test_depends,downstream,optional,"",import,[],"","",cascade_failure,skip_test,"","","",one_to_many,1,0,active,,0
357521,310169,306978,test_depends,downstream,optional,"",import,[],"","",cascade_failure,skip_test,"","","",one_to_many,1,0,active,,0
357522,310170,306881,test_depends,downstream,optional,"",import,[],"","",cascade_failure,skip_test,"","","",one_to_many,1,0,active,,0
357525,310174,306722,test_depends,downstream,optional,"",import,[],"","",cascade_failure,skip_test,"","","",one_to_many,1,0,active,,0
357529,310178,307405,test_depends,downstream,optional,"",import,[],"","",cascade_failure,skip_test,"","","",one_to_many,1,0,active,,0
357524,310173,306888,test_depends,downstream,optional,"",import,[],"","",cascade_failure,skip_test,"","","",one_to_many,1,0,active,,0
357526,310175,306686,test_depends,downstream,optional,"",import,[],"","",cascade_failure,skip_test,"","","",one_to_many,1,0,active,,0
357528,310177,306635,test_depends,downstream,optional,"",import,[],"","",cascade_failure,skip_test,"","","",one_to_many,1,0,active,,0
357533,310182,307428,test_depends,downstream,optional,"",import,[],"","",cascade_failure,skip_test,"","","",one_to_many,1,0,active,,0
357531,310180,306685,test_depends,downstream,optional,"",import,[],"","",cascade_failure,skip_test,"","","",one_to_many,1,0,active,,0
357532,310181,306634,test_depends,downstream,optional,"",import,[],"","",cascade_failure,skip_test,"","","",one_to_many,1,0,active,,0
357530,310179,307431,test_depends,downstream,optional,"",import,[],"","",cascade_failure,skip_test,"","","",one_to_many,1,0,active,,0
357538,310187,306689,test_depends,downstream,optional,"",import,[],"","",cascade_failure,skip_test,"","","",one_to_many,1,0,active,,0
357534,310184,306637,test_depends,downstream,optional,"",import,[],"","",cascade_failure,skip_test,"","","",one_to_many,1,0,active,,0
357535,310185,306937,test_depends,downstream,optional,"",import,[],"","",cascade_failure,skip_test,"","","",one_to_many,1,0,active,,0
357536,310186,306851,test_depends,downstream,optional,"",import,[],"","",cascade_failure,skip_test,"","","",one_to_many,1,0,active,,0
357537,310186,306825,test_depends,downstream,optional,"",import,[],"","",cascade_failure,skip_test,"","","",one_to_many,1,0,active,,0
357540,310189,306675,test_depends,downstream,optional,"",import,[],"","",cascade_failure,skip_test,"","","",one_to_many,1,0,active,,0
357544,310192,308059,test_depends,downstream,optional,"",import,[],"","",cascade_failure,skip_test,"","","",one_to_many,1,0,active,,0
354023,306805,306794,import_depends,downstream,required,"",import,[],"","",timeout,graceful_degradation,"","","",one_to_many,0,0,active,,0
357542,310191,306646,test_depends,downstream,optional,"",import,[],"","",cascade_failure,skip_test,"","","",one_to_many,1,0,active,,0
357541,310190,306607,test_depends,downstream,optional,"",import,[],"","",cascade_failure,skip_test,"","","",one_to_many,1,0,active,,0
357546,310194,306652,test_depends,downstream,optional,"",import,[],"","",cascade_failure,skip_test,"","","",one_to_many,1,0,active,,0
353591,306218,307545,import_depends,downstream,critical,"",import,[],"",anti_corruption_layer,service_down,circuit_break,"","","",one_to_many,1,0,active,,0
353592,306218,306241,import_depends,downstream,required,"",import,[],"","",timeout,graceful_degradation,"","","",one_to_many,0,0,active,,0
357547,310195,307077,test_depends,downstream,optional,"",import,[],"","",cascade_failure,skip_test,"","","",one_to_many,1,0,active,,0
357548,310196,306662,test_depends,downstream,optional,"",import,[],"","",cascade_failure,skip_test,"","","",one_to_many,1,0,active,,0
357549,310197,306773,test_depends,downstream,optional,"",import,[],"","",cascade_failure,skip_test,"","","",one_to_many,1,0,active,,0
354311,307031,307018,import_depends,downstream,required,"",import,[],"",shared_kernel,timeout,graceful_degradation,"","","",one_to_many,0,0,active,,0
354312,307031,307004,import_depends,downstream,required,"",import,[],"",shared_kernel,timeout,graceful_degradation,"","","",one_to_many,0,0,active,,0
357552,310200,306817,test_depends,downstream,optional,"",import,[],"","",cascade_failure,skip_test,"","","",one_to_many,1,0,active,,0
357554,310204,307438,test_depends,downstream,optional,"",import,[],"","",cascade_failure,skip_test,"","","",one_to_many,1,0,active,,0
357553,310203,306626,test_depends,downstream,optional,"",import,[],"","",cascade_failure,skip_test,"","","",one_to_many,1,0,active,,0
357555,310205,307073,test_depends,downstream,optional,"",import,[],"","",cascade_failure,skip_test,"","","",one_to_many,1,0,active,,0
357557,310207,306839,test_depends,downstream,optional,"",import,[],"","",cascade_failure,skip_test,"","","",one_to_many,1,0,active,,0
357559,310209,306691,test_depends,downstream,optional,"",import,[],"","",cascade_failure,skip_test,"","","",one_to_many,1,0,active,,0
357556,310206,306664,test_depends,downstream,optional,"",import,[],"","",cascade_failure,skip_test,"","","",one_to_many,1,0,active,,0
357560,310210,307075,test_depends,downstream,optional,"",import,[],"","",cascade_failure,skip_test,"","","",one_to_many,1,0,active,,0
357558,310208,306913,test_depends,downstream,optional,"",import,[],"","",cascade_failure,skip_test,"","","",one_to_many,1,0,active,,0
357563,310213,306661,test_depends,downstream,optional,"",import,[],"","",cascade_failure,skip_test,"","","",one_to_many,1,0,active,,0
357561,310211,307377,test_depends,downstream,optional,"",import,[],"","",cascade_failure,skip_test,"","","",one_to_many,1,0,active,,0
357566,310215,306736,test_depends,downstream,optional,"",import,[],"","",cascade_failure,skip_test,"","","",one_to_many,1,0,active,,0
357573,310220,306660,test_depends,downstream,optional,"",import,[],"","",cascade_failure,skip_test,"","","",one_to_many,1,0,active,,0
357570,310218,307545,test_depends,downstream,optional,"",import,[],"","",cascade_failure,skip_test,"","","",one_to_many,1,0,active,,0
357571,310218,307540,test_depends,downstream,optional,"",import,[],"","",cascade_failure,skip_test,"","","",one_to_many,1,0,active,,0
357562,310212,306950,test_depends,downstream,optional,"",import,[],"","",cascade_failure,skip_test,"","","",one_to_many,1,0,active,,0
357572,310219,306863,test_depends,downstream,optional,"",import,[],"","",cascade_failure,skip_test,"","","",one_to_many,1,0,active,,0
357574,310221,307434,test_depends,downstream,optional,"",import,[],"","",cascade_failure,skip_test,"","","",one_to_many,1,0,active,,0
357569,310217,306998,test_depends,downstream,optional,"",import,[],"","",cascade_failure,skip_test,"","","",one_to_many,1,0,active,,0
357567,310216,307547,test_depends,downstream,optional,"",import,[],"","",cascade_failure,skip_test,"","","",one_to_many,1,0,active,,0
357568,310216,308036,test_depends,downstream,optional,"",import,[],"","",cascade_failure,skip_test,"","","",one_to_many,1,0,active,,0
357631,310274,306974,test_depends,downstream,optional,"",import,[],"","",cascade_failure,skip_test,"","","",one_to_many,1,0,active,,0
357639,310279,306989,test_depends,downstream,optional,"",import,[],"","",cascade_failure,skip_test,"","","",one_to_many,1,0,active,,0
354024,306805,306798,import_depends,downstream,required,"",import,[],"","",timeout,graceful_degradation,"","","",one_to_many,0,0,active,,0
353595,306224,306286,import_depends,downstream,required,"",import,[],"","",timeout,graceful_degradation,"","","",one_to_many,0,0,active,,0
353596,306224,306290,import_depends,downstream,required,"",import,[],"","",timeout,graceful_degradation,"","","",one_to_many,0,0,active,,0
357637,310277,306991,test_depends,downstream,optional,"",import,[],"","",cascade_failure,skip_test,"","","",one_to_many,1,0,active,,0
357653,310291,307056,test_depends,downstream,optional,"",import,[],"","",cascade_failure,skip_test,"","","",one_to_many,1,0,active,,0
354287,307021,307018,import_depends,downstream,required,"",import,[],"",shared_kernel,timeout,graceful_degradation,"","","",one_to_many,0,0,active,,0
354288,307021,307004,import_depends,downstream,required,"",import,[],"",shared_kernel,timeout,graceful_degradation,"","","",one_to_many,0,0,active,,0
357638,310278,306995,test_depends,downstream,optional,"",import,[],"","",cascade_failure,skip_test,"","","",one_to_many,1,0,active,,0
357645,310285,306982,test_depends,downstream,optional,"",import,[],"","",cascade_failure,skip_test,"","","",one_to_many,1,0,active,,0
357646,310285,307056,test_depends,downstream,optional,"",import,[],"","",cascade_failure,skip_test,"","","",one_to_many,1,0,active,,0
357647,310285,307018,test_depends,downstream,optional,"",import,[],"","",cascade_failure,skip_test,"","","",one_to_many,1,0,active,,0
357640,310280,307006,test_depends,downstream,optional,"",import,[],"","",cascade_failure,skip_test,"","","",one_to_many,1,0,active,,0
357654,310292,307067,test_depends,downstream,optional,"",import,[],"","",cascade_failure,skip_test,"","","",one_to_many,1,0,active,,0
357657,310297,306654,test_depends,downstream,optional,"",import,[],"","",cascade_failure,skip_test,"","","",one_to_many,1,0,active,,0
357658,310298,307079,test_depends,downstream,optional,"",import,[],"","",cascade_failure,skip_test,"","","",one_to_many,1,0,active,,0
357659,310299,307715,test_depends,downstream,optional,"",import,[],"","",cascade_failure,skip_test,"","","",one_to_many,1,0,active,,0
357689,310327,307739,test_depends,downstream,optional,"",import,[],"","",cascade_failure,skip_test,"","","",one_to_many,1,0,active,,0
357690,310328,308290,test_depends,downstream,optional,"",import,[],"","",cascade_failure,skip_test,"","","",one_to_many,1,0,active,,0
357695,310333,307261,test_depends,downstream,optional,"",import,[],"","",cascade_failure,skip_test,"","","",one_to_many,1,0,active,,0
357693,310331,308356,test_depends,downstream,optional,"",import,[],"","",cascade_failure,skip_test,"","","",one_to_many,1,0,active,,0
357696,310334,308059,test_depends,downstream,optional,"",import,[],"","",cascade_failure,skip_test,"","","",one_to_many,1,0,active,,0
357694,310332,307261,test_depends,downstream,optional,"",import,[],"","",cascade_failure,skip_test,"","","",one_to_many,1,0,active,,0
357702,310340,307277,test_depends,downstream,optional,"",import,[],"","",cascade_failure,skip_test,"","","",one_to_many,1,0,active,,0
357703,310340,307284,test_depends,downstream,optional,"",import,[],"","",cascade_failure,skip_test,"","","",one_to_many,1,0,active,,0
357699,310337,307263,test_depends,downstream,optional,"",import,[],"","",cascade_failure,skip_test,"","","",one_to_many,1,0,active,,0
357698,310336,307258,test_depends,downstream,optional,"",import,[],"","",cascade_failure,skip_test,"","","",one_to_many,1,0,active,,0
357697,310335,307372,test_depends,downstream,optional,"",import,[],"","",cascade_failure,skip_test,"","","",one_to_many,1,0,active,,0
357701,310339,307267,test_depends,downstream,optional,"",import,[],"","",cascade_failure,skip_test,"","","",one_to_many,1,0,active,,0
357700,310338,307153,test_depends,downstream,optional,"",import,[],"","",cascade_failure,skip_test,"","","",one_to_many,1,0,active,,0
357706,310342,307157,test_depends,downstream,optional,"",import,[],"","",cascade_failure,skip_test,"","","",one_to_many,1,0,active,,0
357709,310345,308059,test_depends,downstream,optional,"",import,[],"","",cascade_failure,skip_test,"","","",one_to_many,1,0,active,,0
357708,310344,308524,test_depends,downstream,optional,"",import,[],"","",cascade_failure,skip_test,"","","",one_to_many,1,0,active,,0
353597,306224,306305,import_depends,downstream,required,"",import,[],"","",timeout,graceful_degradation,"","","",one_to_many,0,0,active,,0
353598,306224,306223,import_depends,downstream,required,"",import,[],"","",timeout,graceful_degradation,"","","",one_to_many,0,0,active,,0
354025,306805,306801,import_depends,downstream,required,"",import,[],"","",timeout,graceful_degradation,"","","",one_to_many,0,0,active,,0
354002,306801,308059,import_depends,downstream,critical,"",import,[],"","",service_down,circuit_break,"","","",one_to_many,1,0,active,,0
354003,306802,306765,import_depends,downstream,required,"",import,[],"","",timeout,graceful_degradation,"","","",one_to_many,0,0,active,,0
357710,310346,307161,test_depends,downstream,optional,"",import,[],"","",cascade_failure,skip_test,"","","",one_to_many,1,0,active,,0
354304,307028,307018,import_depends,downstream,required,"",import,[],"",shared_kernel,timeout,graceful_degradation,"","","",one_to_many,0,0,active,,0
354308,307030,307018,import_depends,downstream,required,"",import,[],"",shared_kernel,timeout,graceful_degradation,"","","",one_to_many,0,0,active,,0
357707,310343,307393,test_depends,downstream,optional,"",import,[],"","",cascade_failure,skip_test,"","","",one_to_many,1,0,active,,0
357720,310352,308042,test_depends,downstream,optional,"",import,[],"","",cascade_failure,skip_test,"","","",one_to_many,1,0,active,,0
357721,310352,308036,test_depends,downstream,optional,"",import,[],"","",cascade_failure,skip_test,"","","",one_to_many,1,0,active,,0
357715,310349,307164,test_depends,downstream,optional,"",import,[],"","",cascade_failure,skip_test,"","","",one_to_many,1,0,active,,0
357711,310347,307281,test_depends,downstream,optional,"",import,[],"","",cascade_failure,skip_test,"","","",one_to_many,1,0,active,,0
357712,310347,307284,test_depends,downstream,optional,"",import,[],"","",cascade_failure,skip_test,"","","",one_to_many,1,0,active,,0
357726,310356,308051,test_depends,downstream,optional,"",import,[],"","",cascade_failure,skip_test,"","","",one_to_many,1,0,active,,0
357722,310353,308044,test_depends,downstream,optional,"",import,[],"","",cascade_failure,skip_test,"","","",one_to_many,1,0,active,,0
357723,310353,308036,test_depends,downstream,optional,"",import,[],"","",cascade_failure,skip_test,"","","",one_to_many,1,0,active,,0
357718,310351,308043,test_depends,downstream,optional,"",import,[],"","",cascade_failure,skip_test,"","","",one_to_many,1,0,active,,0
357719,310351,308036,test_depends,downstream,optional,"",import,[],"","",cascade_failure,skip_test,"","","",one_to_many,1,0,active,,0
357713,310348,308041,test_depends,downstream,optional,"",import,[],"","",cascade_failure,skip_test,"","","",one_to_many,1,0,active,,0
357714,310348,308036,test_depends,downstream,optional,"",import,[],"","",cascade_failure,skip_test,"","","",one_to_many,1,0,active,,0
357716,310350,308099,test_depends,downstream,optional,"",import,[],"","",cascade_failure,skip_test,"","","",one_to_many,1,0,active,,0
357717,310350,308036,test_depends,downstream,optional,"",import,[],"","",cascade_failure,skip_test,"","","",one_to_many,1,0,active,,0
357725,310355,307270,test_depends,downstream,optional,"",import,[],"","",cascade_failure,skip_test,"","","",one_to_many,1,0,active,,0
357727,310357,307280,test_depends,downstream,optional,"",import,[],"","",cascade_failure,skip_test,"","","",one_to_many,1,0,active,,0
357728,310357,307284,test_depends,downstream,optional,"",import,[],"","",cascade_failure,skip_test,"","","",one_to_many,1,0,active,,0
357729,310358,307198,test_depends,downstream,optional,"",import,[],"","",cascade_failure,skip_test,"","","",one_to_many,1,0,active,,0
357724,310354,307171,test_depends,downstream,optional,"",import,[],"","",cascade_failure,skip_test,"","","",one_to_many,1,0,active,,0
357734,310360,308059,test_depends,downstream,optional,"",import,[],"","",cascade_failure,skip_test,"","","",one_to_many,1,0,active,,0
357735,310360,308223,test_depends,downstream,optional,"",import,[],"","",cascade_failure,skip_test,"","","",one_to_many,1,0,active,,0
357736,310360,308048,test_depends,downstream,optional,"",import,[],"","",cascade_failure,skip_test,"","","",one_to_many,1,0,active,,0
357730,310359,308059,test_depends,downstream,optional,"",import,[],"","",cascade_failure,skip_test,"","","",one_to_many,1,0,active,,0
357731,310359,308223,test_depends,downstream,optional,"",import,[],"","",cascade_failure,skip_test,"","","",one_to_many,1,0,active,,0
357732,310359,308048,test_depends,downstream,optional,"",import,[],"","",cascade_failure,skip_test,"","","",one_to_many,1,0,active,,0
357733,310359,308189,test_depends,downstream,optional,"",import,[],"","",cascade_failure,skip_test,"","","",one_to_many,1,0,active,,0
357740,310362,308059,test_depends,downstream,optional,"",import,[],"","",cascade_failure,skip_test,"","","",one_to_many,1,0,active,,0
357741,310362,308048,test_depends,downstream,optional,"",import,[],"","",cascade_failure,skip_test,"","","",one_to_many,1,0,active,,0
357737,310361,308059,test_depends,downstream,optional,"",import,[],"","",cascade_failure,skip_test,"","","",one_to_many,1,0,active,,0
357738,310361,308052,test_depends,downstream,optional,"",import,[],"","",cascade_failure,skip_test,"","","",one_to_many,1,0,active,,0
357739,310361,308048,test_depends,downstream,optional,"",import,[],"","",cascade_failure,skip_test,"","","",one_to_many,1,0,active,,0
357742,310363,308059,test_depends,downstream,optional,"",import,[],"","",cascade_failure,skip_test,"","","",one_to_many,1,0,active,,0
357743,310363,308048,test_depends,downstream,optional,"",import,[],"","",cascade_failure,skip_test,"","","",one_to_many,1,0,active,,0
354309,307030,307004,import_depends,downstream,required,"",import,[],"",shared_kernel,timeout,graceful_degradation,"","","",one_to_many,0,0,active,,0
357745,310365,307219,test_depends,downstream,optional,"",import,[],"","",cascade_failure,skip_test,"","","",one_to_many,1,0,active,,0
357746,310365,307212,test_depends,downstream,optional,"",import,[],"","",cascade_failure,skip_test,"","","",one_to_many,1,0,active,,0
357744,310364,307286,test_depends,downstream,optional,"",import,[],"","",cascade_failure,skip_test,"","","",one_to_many,1,0,active,,0
357748,310367,307222,test_depends,downstream,optional,"",import,[],"","",cascade_failure,skip_test,"","","",one_to_many,1,0,active,,0
357749,310368,307004,test_depends,downstream,optional,"",import,[],"","",cascade_failure,skip_test,"","","",one_to_many,1,0,active,,0
357750,310368,307364,test_depends,downstream,optional,"",import,[],"","",cascade_failure,skip_test,"","","",one_to_many,1,0,active,,0
357753,310370,307284,test_depends,downstream,optional,"",import,[],"","",cascade_failure,skip_test,"","","",one_to_many,1,0,active,,0
357754,310370,307290,test_depends,downstream,optional,"",import,[],"","",cascade_failure,skip_test,"","","",one_to_many,1,0,active,,0
357747,310366,307169,test_depends,downstream,optional,"",import,[],"","",cascade_failure,skip_test,"","","",one_to_many,1,0,active,,0
357755,310371,307170,test_depends,downstream,optional,"",import,[],"","",cascade_failure,skip_test,"","","",one_to_many,1,0,active,,0
357751,310369,307284,test_depends,downstream,optional,"",import,[],"","",cascade_failure,skip_test,"","","",one_to_many,1,0,active,,0
357752,310369,307285,test_depends,downstream,optional,"",import,[],"","",cascade_failure,skip_test,"","","",one_to_many,1,0,active,,0
357759,310375,308525,test_depends,downstream,optional,"",import,[],"","",cascade_failure,skip_test,"","","",one_to_many,1,0,active,,0
357756,310372,307170,test_depends,downstream,optional,"",import,[],"","",cascade_failure,skip_test,"","","",one_to_many,1,0,active,,0
357757,310373,307284,test_depends,downstream,optional,"",import,[],"","",cascade_failure,skip_test,"","","",one_to_many,1,0,active,,0
357758,310373,307288,test_depends,downstream,optional,"",import,[],"","",cascade_failure,skip_test,"","","",one_to_many,1,0,active,,0
357762,310377,307236,test_depends,downstream,optional,"",import,[],"","",cascade_failure,skip_test,"","","",one_to_many,1,0,active,,0
357760,310376,307209,test_depends,downstream,optional,"",import,[],"","",cascade_failure,skip_test,"","","",one_to_many,1,0,active,,0
357761,310376,307272,test_depends,downstream,optional,"",import,[],"","",cascade_failure,skip_test,"","","",one_to_many,1,0,active,,0
357767,310382,307289,test_depends,downstream,optional,"",import,[],"","",cascade_failure,skip_test,"","","",one_to_many,1,0,active,,0
357764,310379,307293,test_depends,downstream,optional,"",import,[],"","",cascade_failure,skip_test,"","","",one_to_many,1,0,active,,0
357763,310378,307436,test_depends,downstream,optional,"",import,[],"","",cascade_failure,skip_test,"","","",one_to_many,1,0,active,,0
357765,310380,307216,test_depends,downstream,optional,"",import,[],"","",cascade_failure,skip_test,"","","",one_to_many,1,0,active,,0
357766,310381,307185,test_depends,downstream,optional,"",import,[],"","",cascade_failure,skip_test,"","","",one_to_many,1,0,active,,0
357772,310386,306944,test_depends,downstream,optional,"",import,[],"","",cascade_failure,skip_test,"","","",one_to_many,1,0,active,,0
357769,310384,307394,test_depends,downstream,optional,"",import,[],"","",cascade_failure,skip_test,"","","",one_to_many,1,0,active,,0
357773,310387,308255,test_depends,downstream,optional,"",import,[],"","",cascade_failure,skip_test,"","","",one_to_many,1,0,active,,0
357768,310383,307742,test_depends,downstream,optional,"",import,[],"","",cascade_failure,skip_test,"","","",one_to_many,1,0,active,,0
357770,310385,306944,test_depends,downstream,optional,"",import,[],"","",cascade_failure,skip_test,"","","",one_to_many,1,0,active,,0
357771,310385,306949,test_depends,downstream,optional,"",import,[],"","",cascade_failure,skip_test,"","","",one_to_many,1,0,active,,0
357777,310391,308123,test_depends,downstream,optional,"",import,[],"","",cascade_failure,skip_test,"","","",one_to_many,1,0,active,,0
357776,310390,308124,test_depends,downstream,optional,"",import,[],"","",cascade_failure,skip_test,"","","",one_to_many,1,0,active,,0
357781,310393,306953,test_depends,downstream,optional,"",import,[],"","",cascade_failure,skip_test,"","","",one_to_many,1,0,active,,0
357782,310393,307177,test_depends,downstream,optional,"",import,[],"","",cascade_failure,skip_test,"","","",one_to_many,1,0,active,,0
357785,310396,308059,test_depends,downstream,optional,"",import,[],"","",cascade_failure,skip_test,"","","",one_to_many,1,0,active,,0
357789,310399,306900,test_depends,downstream,optional,"",import,[],"","",cascade_failure,skip_test,"","","",one_to_many,1,0,active,,0
354310,307030,307012,import_depends,downstream,required,"",import,[],"",shared_kernel,timeout,graceful_degradation,"","","",one_to_many,0,0,active,,0
354317,307034,307018,import_depends,downstream,required,"",import,[],"",shared_kernel,timeout,graceful_degradation,"","","",one_to_many,0,0,active,,0
357792,310402,306871,test_depends,downstream,optional,"",import,[],"","",cascade_failure,skip_test,"","","",one_to_many,1,0,active,,0
354004,306802,306767,import_depends,downstream,required,"",import,[],"","",timeout,graceful_degradation,"","","",one_to_many,0,0,active,,0
354005,306802,306771,import_depends,downstream,required,"",import,[],"","",timeout,graceful_degradation,"","","",one_to_many,0,0,active,,0
357787,310397,307577,test_depends,downstream,optional,"",import,[],"","",cascade_failure,skip_test,"","","",one_to_many,1,0,active,,0
357791,310400,306867,test_depends,downstream,optional,"",import,[],"","",cascade_failure,skip_test,"","","",one_to_many,1,0,active,,0
357788,310398,306877,test_depends,downstream,optional,"",import,[],"","",cascade_failure,skip_test,"","","",one_to_many,1,0,active,,0
357794,310404,306875,test_depends,downstream,optional,"",import,[],"","",cascade_failure,skip_test,"","","",one_to_many,1,0,active,,0
357793,310403,306582,test_depends,downstream,optional,"",import,[],"","",cascade_failure,skip_test,"","","",one_to_many,1,0,active,,0
357796,310407,306899,test_depends,downstream,optional,"",import,[],"","",cascade_failure,skip_test,"","","",one_to_many,1,0,active,,0
357797,310407,306999,test_depends,downstream,optional,"",import,[],"","",cascade_failure,skip_test,"","","",one_to_many,1,0,active,,0
357795,310406,306880,test_depends,downstream,optional,"",import,[],"","",cascade_failure,skip_test,"","","",one_to_many,1,0,active,,0
357801,310410,306871,test_depends,downstream,optional,"",import,[],"","",cascade_failure,skip_test,"","","",one_to_many,1,0,active,,0
357805,310414,306469,test_depends,downstream,optional,"",import,[],"","",cascade_failure,skip_test,"","","",one_to_many,1,0,active,,0
357800,310409,307582,test_depends,downstream,optional,"",import,[],"","",cascade_failure,skip_test,"","","",one_to_many,1,0,active,,0
357798,310408,306880,test_depends,downstream,optional,"",import,[],"","",cascade_failure,skip_test,"","","",one_to_many,1,0,active,,0
357799,310408,307004,test_depends,downstream,optional,"",import,[],"","",cascade_failure,skip_test,"","","",one_to_many,1,0,active,,0
357804,310413,307577,test_depends,downstream,optional,"",import,[],"","",cascade_failure,skip_test,"","","",one_to_many,1,0,active,,0
357802,310411,306889,test_depends,downstream,optional,"",import,[],"","",cascade_failure,skip_test,"","","",one_to_many,1,0,active,,0
357803,310412,306887,test_depends,downstream,optional,"",import,[],"","",cascade_failure,skip_test,"","","",one_to_many,1,0,active,,0
357808,310416,306889,test_depends,downstream,optional,"",import,[],"","",cascade_failure,skip_test,"","","",one_to_many,1,0,active,,0
357809,310416,307579,test_depends,downstream,optional,"",import,[],"","",cascade_failure,skip_test,"","","",one_to_many,1,0,active,,0
357810,310417,306838,test_depends,downstream,optional,"",import,[],"","",cascade_failure,skip_test,"","","",one_to_many,1,0,active,,0
357806,310415,306889,test_depends,downstream,optional,"",import,[],"","",cascade_failure,skip_test,"","","",one_to_many,1,0,active,,0
357807,310415,306891,test_depends,downstream,optional,"",import,[],"","",cascade_failure,skip_test,"","","",one_to_many,1,0,active,,0
357812,310419,308629,test_depends,downstream,optional,"",import,[],"","",cascade_failure,skip_test,"","","",one_to_many,1,0,active,,0
357818,310426,308275,test_depends,downstream,optional,"",import,[],"","",cascade_failure,skip_test,"","","",one_to_many,1,0,active,,0
357819,310427,308273,test_depends,downstream,optional,"",import,[],"","",cascade_failure,skip_test,"","","",one_to_many,1,0,active,,0
357816,310423,308439,test_depends,downstream,optional,"",import,[],"","",cascade_failure,skip_test,"","","",one_to_many,1,0,active,,0
357814,310421,308356,test_depends,downstream,optional,"",import,[],"","",cascade_failure,skip_test,"","","",one_to_many,1,0,active,,0
357813,310420,306876,test_depends,downstream,optional,"",import,[],"","",cascade_failure,skip_test,"","","",one_to_many,1,0,active,,0
357817,310425,308631,test_depends,downstream,optional,"",import,[],"","",cascade_failure,skip_test,"","","",one_to_many,1,0,active,,0
357820,310428,308356,test_depends,downstream,optional,"",import,[],"","",cascade_failure,skip_test,"","","",one_to_many,1,0,active,,0
357823,310431,308278,test_depends,downstream,optional,"",import,[],"","",cascade_failure,skip_test,"","","",one_to_many,1,0,active,,0
354322,307036,307018,import_depends,downstream,required,"",import,[],"",shared_kernel,timeout,graceful_degradation,"","","",one_to_many,0,0,active,,0
357832,310435,308059,test_depends,downstream,optional,"",import,[],"","",cascade_failure,skip_test,"","","",one_to_many,1,0,active,,0
357833,310435,307880,test_depends,downstream,optional,"",import,[],"","",cascade_failure,skip_test,"","","",one_to_many,1,0,active,,0
357825,310434,307485,test_depends,downstream,optional,"",import,[],"","",cascade_failure,skip_test,"","","",one_to_many,1,0,active,,0
357826,310434,308566,test_depends,downstream,optional,"",import,[],"","",cascade_failure,skip_test,"","","",one_to_many,1,0,active,,0
357827,310434,307166,test_depends,downstream,optional,"",import,[],"","",cascade_failure,skip_test,"","","",one_to_many,1,0,active,,0
354006,306802,306770,import_depends,downstream,required,"",import,[],"","",timeout,graceful_degradation,"","","",one_to_many,0,0,active,,0
357841,310438,307304,test_depends,downstream,optional,"",import,[],"","",cascade_failure,skip_test,"","","",one_to_many,1,0,active,,0
357842,310438,307314,test_depends,downstream,optional,"",import,[],"","",cascade_failure,skip_test,"","","",one_to_many,1,0,active,,0
357843,310440,307856,test_depends,downstream,optional,"",import,[],"","",cascade_failure,skip_test,"","","",one_to_many,1,0,active,,0
357844,310440,308021,test_depends,downstream,optional,"",import,[],"","",cascade_failure,skip_test,"","","",one_to_many,1,0,active,,0
357845,310440,307845,test_depends,downstream,optional,"",import,[],"",conformist,cascade_failure,skip_test,"","","",one_to_many,1,0,active,,0
357846,310441,307314,test_depends,downstream,optional,"",import,[],"","",cascade_failure,skip_test,"","","",one_to_many,1,0,active,,0
357847,310441,307303,test_depends,downstream,optional,"",import,[],"","",cascade_failure,skip_test,"","","",one_to_many,1,0,active,,0
357851,310444,307873,test_depends,downstream,optional,"",import,[],"",conformist,cascade_failure,skip_test,"","","",one_to_many,1,0,active,,0
357852,310445,307312,test_depends,downstream,optional,"",import,[],"","",cascade_failure,skip_test,"","","",one_to_many,1,0,active,,0
357855,310447,307856,test_depends,downstream,optional,"",import,[],"","",cascade_failure,skip_test,"","","",one_to_many,1,0,active,,0
357861,310449,307861,test_depends,downstream,optional,"",import,[],"",conformist,cascade_failure,skip_test,"","","",one_to_many,1,0,active,,0
357850,310443,307847,test_depends,downstream,optional,"",import,[],"",conformist,cascade_failure,skip_test,"","","",one_to_many,1,0,active,,0
357854,310446,307881,test_depends,downstream,optional,"",import,[],"",conformist,cascade_failure,skip_test,"","","",one_to_many,1,0,active,,0
357858,310448,307856,test_depends,downstream,optional,"",import,[],"","",cascade_failure,skip_test,"","","",one_to_many,1,0,active,,0
357859,310448,308021,test_depends,downstream,optional,"",import,[],"","",cascade_failure,skip_test,"","","",one_to_many,1,0,active,,0
357860,310448,307867,test_depends,downstream,optional,"",import,[],"",conformist,cascade_failure,skip_test,"","","",one_to_many,1,0,active,,0
357874,310454,307882,test_depends,downstream,optional,"",import,[],"",conformist,cascade_failure,skip_test,"","","",one_to_many,1,0,active,,0
357871,310453,307856,test_depends,downstream,optional,"",import,[],"","",cascade_failure,skip_test,"","","",one_to_many,1,0,active,,0
354009,306804,306769,import_depends,downstream,required,"",import,[],"","",timeout,graceful_degradation,"","","",one_to_many,0,0,active,,0
357872,310453,308021,test_depends,downstream,optional,"",import,[],"","",cascade_failure,skip_test,"","","",one_to_many,1,0,active,,0
357873,310453,307866,test_depends,downstream,optional,"",import,[],"",conformist,cascade_failure,skip_test,"","","",one_to_many,1,0,active,,0
357862,310450,307856,test_depends,downstream,optional,"",import,[],"","",cascade_failure,skip_test,"","","",one_to_many,1,0,active,,0
357863,310450,308021,test_depends,downstream,optional,"",import,[],"","",cascade_failure,skip_test,"","","",one_to_many,1,0,active,,0
357864,310450,307871,test_depends,downstream,optional,"",import,[],"",conformist,cascade_failure,skip_test,"","","",one_to_many,1,0,active,,0
357878,310456,307889,test_depends,downstream,optional,"",import,[],"",conformist,cascade_failure,skip_test,"","","",one_to_many,1,0,active,,0
357879,310456,308021,test_depends,downstream,optional,"",import,[],"","",cascade_failure,skip_test,"","","",one_to_many,1,0,active,,0
357865,310451,307856,test_depends,downstream,optional,"",import,[],"","",cascade_failure,skip_test,"","","",one_to_many,1,0,active,,0
357866,310451,308021,test_depends,downstream,optional,"",import,[],"","",cascade_failure,skip_test,"","","",one_to_many,1,0,active,,0
357867,310451,307862,test_depends,downstream,optional,"",import,[],"",conformist,cascade_failure,skip_test,"","","",one_to_many,1,0,active,,0
357875,310455,307856,test_depends,downstream,optional,"",import,[],"","",cascade_failure,skip_test,"","","",one_to_many,1,0,active,,0
357876,310455,308021,test_depends,downstream,optional,"",import,[],"","",cascade_failure,skip_test,"","","",one_to_many,1,0,active,,0
357877,310455,307865,test_depends,downstream,optional,"",import,[],"",conformist,cascade_failure,skip_test,"","","",one_to_many,1,0,active,,0
357868,310452,307869,test_depends,downstream,optional,"",import,[],"",conformist,cascade_failure,skip_test,"","","",one_to_many,1,0,active,,0
357869,310452,307856,test_depends,downstream,optional,"",import,[],"","",cascade_failure,skip_test,"","","",one_to_many,1,0,active,,0
357870,310452,308021,test_depends,downstream,optional,"",import,[],"","",cascade_failure,skip_test,"","","",one_to_many,1,0,active,,0
357880,310457,307876,test_depends,downstream,optional,"",import,[],"",conformist,cascade_failure,skip_test,"","","",one_to_many,1,0,active,,0
357881,310457,307856,test_depends,downstream,optional,"",import,[],"","",cascade_failure,skip_test,"","","",one_to_many,1,0,active,,0
357889,310465,308276,test_depends,downstream,optional,"",import,[],"","",cascade_failure,skip_test,"","","",one_to_many,1,0,active,,0
357884,310459,307358,test_depends,downstream,optional,"",import,[],"","",cascade_failure,skip_test,"","","",one_to_many,1,0,active,,0
357888,310464,308356,test_depends,downstream,optional,"",import,[],"","",cascade_failure,skip_test,"","","",one_to_many,1,0,active,,0
357886,310461,308487,test_depends,downstream,optional,"",import,[],"","",cascade_failure,skip_test,"","","",one_to_many,1,0,active,,0
357882,310458,307310,test_depends,downstream,optional,"",import,[],"","",cascade_failure,skip_test,"","","",one_to_many,1,0,active,,0
357893,310468,308059,test_depends,downstream,optional,"",import,[],"","",cascade_failure,skip_test,"","","",one_to_many,1,0,active,,0
353593,306222,306302,import_depends,downstream,required,"",import,[],"","",timeout,graceful_degradation,"","","",one_to_many,0,0,active,,0
353594,306222,306305,import_depends,downstream,required,"",import,[],"","",timeout,graceful_degradation,"","","",one_to_many,0,0,active,,0
357898,310470,307803,test_depends,downstream,optional,"",import,[],"","",cascade_failure,skip_test,"","","",one_to_many,1,0,active,,0
357899,310470,308205,test_depends,downstream,optional,"",import,[],"","",cascade_failure,skip_test,"","","",one_to_many,1,0,active,,0
357890,310466,307314,test_depends,downstream,optional,"",import,[],"","",cascade_failure,skip_test,"","","",one_to_many,1,0,active,,0
354010,306804,306755,import_depends,downstream,required,"",import,[],"","",timeout,graceful_degradation,"","","",one_to_many,0,0,active,,0
354011,306804,306773,import_depends,downstream,required,"",import,[],"","",timeout,graceful_degradation,"","","",one_to_many,0,0,active,,0
354012,306804,306796,import_depends,downstream,required,"",import,[],"","",timeout,graceful_degradation,"","","",one_to_many,0,0,active,,0
357911,310474,307875,test_depends,downstream,optional,"",import,[],"",conformist,cascade_failure,skip_test,"","","",one_to_many,1,0,active,,0
357900,310471,307314,test_depends,downstream,optional,"",import,[],"","",cascade_failure,skip_test,"","","",one_to_many,1,0,active,,0
357901,310471,307320,test_depends,downstream,optional,"",import,[],"","",cascade_failure,skip_test,"","","",one_to_many,1,0,active,,0
357902,310471,307318,test_depends,downstream,optional,"",import,[],"","",cascade_failure,skip_test,"","","",one_to_many,1,0,active,,0
357917,310478,308536,test_depends,downstream,optional,"",import,[],"","",cascade_failure,skip_test,"","","",one_to_many,1,0,active,,0
357895,310469,307845,test_depends,downstream,optional,"",import,[],"","",cascade_failure,skip_test,"","","",one_to_many,1,0,active,,0
357896,310469,307856,test_depends,downstream,optional,"",import,[],"","",cascade_failure,skip_test,"","","",one_to_many,1,0,active,,0
357897,310469,307855,test_depends,downstream,optional,"",import,[],"","",cascade_failure,skip_test,"","","",one_to_many,1,0,active,,0
357891,310467,308534,test_depends,downstream,optional,"",import,[],"","",cascade_failure,skip_test,"","","",one_to_many,1,0,active,,0
357903,310472,308530,test_depends,downstream,optional,"",import,[],"","",cascade_failure,skip_test,"","","",one_to_many,1,0,active,,0
357904,310472,308529,test_depends,downstream,optional,"",import,[],"","",cascade_failure,skip_test,"","","",one_to_many,1,0,active,,0
357905,310472,308528,test_depends,downstream,optional,"",import,[],"","",cascade_failure,skip_test,"","","",one_to_many,1,0,active,,0
357906,310472,308534,test_depends,downstream,optional,"",import,[],"","",cascade_failure,skip_test,"","","",one_to_many,1,0,active,,0
357907,310472,308536,test_depends,downstream,optional,"",import,[],"","",cascade_failure,skip_test,"","","",one_to_many,1,0,active,,0
357908,310472,308531,test_depends,downstream,optional,"",import,[],"","",cascade_failure,skip_test,"","","",one_to_many,1,0,active,,0
357909,310473,307314,test_depends,downstream,optional,"",import,[],"","",cascade_failure,skip_test,"","","",one_to_many,1,0,active,,0
357910,310473,307319,test_depends,downstream,optional,"",import,[],"","",cascade_failure,skip_test,"","","",one_to_many,1,0,active,,0
357915,310477,308110,test_depends,downstream,optional,"",import,[],"","",cascade_failure,skip_test,"","","",one_to_many,1,0,active,,0
357916,310477,308036,test_depends,downstream,optional,"",import,[],"","",cascade_failure,skip_test,"","","",one_to_many,1,0,active,,0
357918,310479,308531,test_depends,downstream,optional,"",import,[],"","",cascade_failure,skip_test,"","","",one_to_many,1,0,active,,0
357913,310476,307875,test_depends,downstream,optional,"",import,[],"","",cascade_failure,skip_test,"","","",one_to_many,1,0,active,,0
357914,310476,308036,test_depends,downstream,optional,"",import,[],"","",cascade_failure,skip_test,"","","",one_to_many,1,0,active,,0
357912,310475,308111,test_depends,downstream,optional,"",import,[],"","",cascade_failure,skip_test,"","","",one_to_many,1,0,active,,0
357924,310484,307773,test_depends,downstream,optional,"",import,[],"","",cascade_failure,skip_test,"","","",one_to_many,1,0,active,,0
357922,310482,307085,test_depends,downstream,optional,"",import,[],"","",cascade_failure,skip_test,"","","",one_to_many,1,0,active,,0
357939,310491,307554,test_depends,downstream,optional,"",import,[],"","",cascade_failure,skip_test,"","","",one_to_many,1,0,active,,0
357925,310485,307770,test_depends,downstream,optional,"",import,[],"","",cascade_failure,skip_test,"","","",one_to_many,1,0,active,,0
353600,306236,307337,import_depends,downstream,critical,"",import,[],"","",service_down,circuit_break,"","","",one_to_many,1,0,active,,0
354026,306806,306781,import_depends,downstream,required,"",import,[],"","",timeout,graceful_degradation,"","","",one_to_many,0,0,active,,0
354027,306806,306778,import_depends,downstream,required,"",import,[],"","",timeout,graceful_degradation,"","","",one_to_many,0,0,active,,0
353611,306239,307337,import_depends,downstream,critical,"",import,[],"","",service_down,circuit_break,"","","",one_to_many,1,0,active,,0
357932,310488,307566,test_depends,downstream,optional,"",import,[],"","",cascade_failure,skip_test,"","","",one_to_many,1,0,active,,0
357934,310488,307501,test_depends,downstream,optional,"",import,[],"","",cascade_failure,skip_test,"","","",one_to_many,1,0,active,,0
357935,310488,307556,test_depends,downstream,optional,"",import,[],"","",cascade_failure,skip_test,"","","",one_to_many,1,0,active,,0
357919,310480,307118,test_depends,downstream,optional,"",import,[],"","",cascade_failure,skip_test,"","","",one_to_many,1,0,active,,0
357926,310486,308356,test_depends,downstream,optional,"",import,[],"","",cascade_failure,skip_test,"","","",one_to_many,1,0,active,,0
357927,310487,307564,test_depends,downstream,optional,"",import,[],"","",cascade_failure,skip_test,"","","",one_to_many,1,0,active,,0
357928,310487,307558,test_depends,downstream,optional,"",import,[],"","",cascade_failure,skip_test,"","","",one_to_many,1,0,active,,0
357929,310487,307548,test_depends,downstream,optional,"",import,[],"","",cascade_failure,skip_test,"","","",one_to_many,1,0,active,,0
357930,310487,307503,test_depends,downstream,optional,"",import,[],"","",cascade_failure,skip_test,"","","",one_to_many,1,0,active,,0
357931,310487,307563,test_depends,downstream,optional,"",import,[],"","",cascade_failure,skip_test,"","","",one_to_many,1,0,active,,0
357936,310490,307556,test_depends,downstream,optional,"",import,[],"","",cascade_failure,skip_test,"","","",one_to_many,1,0,active,,0
357937,310490,307501,test_depends,downstream,optional,"",import,[],"","",cascade_failure,skip_test,"","","",one_to_many,1,0,active,,0
357938,310490,307563,test_depends,downstream,optional,"",import,[],"","",cascade_failure,skip_test,"","","",one_to_many,1,0,active,,0
357943,310494,307605,test_depends,downstream,optional,"",import,[],"","",cascade_failure,skip_test,"","","",one_to_many,1,0,active,,0
357941,310493,308670,test_depends,downstream,optional,"",import,[],"","",cascade_failure,skip_test,"","","",one_to_many,1,0,active,,0
353657,306332,307819,import_depends,downstream,critical,"",import,[],"",anti_corruption_layer,service_down,circuit_break,"","","",one_to_many,1,0,active,,0
359104,309141,309136,config_depends,downstream,degradable,"",config,[],"",shared_kernel,timeout,circuit_break,"","","",one_to_many,0,0,active,,0
357942,310493,307589,test_depends,downstream,optional,"",import,[],"","",cascade_failure,skip_test,"","","",one_to_many,1,0,active,,0
357940,310492,307593,test_depends,downstream,optional,"",import,[],"","",cascade_failure,skip_test,"","","",one_to_many,1,0,active,,0
357948,310496,307596,test_depends,downstream,optional,"",import,[],"","",cascade_failure,skip_test,"","","",one_to_many,1,0,active,,0
357950,310497,307604,test_depends,downstream,optional,"",import,[],"","",cascade_failure,skip_test,"","","",one_to_many,1,0,active,,0
357944,310495,307589,test_depends,downstream,optional,"",import,[],"","",cascade_failure,skip_test,"","","",one_to_many,1,0,active,,0
357945,310495,307598,test_depends,downstream,optional,"",import,[],"","",cascade_failure,skip_test,"","","",one_to_many,1,0,active,,0
357946,310495,307604,test_depends,downstream,optional,"",import,[],"","",cascade_failure,skip_test,"","","",one_to_many,1,0,active,,0
357947,310495,307594,test_depends,downstream,optional,"",import,[],"","",cascade_failure,skip_test,"","","",one_to_many,1,0,active,,0
357951,310498,307589,test_depends,downstream,optional,"",import,[],"","",cascade_failure,skip_test,"","","",one_to_many,1,0,active,,0
357952,310498,307597,test_depends,downstream,optional,"",import,[],"","",cascade_failure,skip_test,"","","",one_to_many,1,0,active,,0
357957,310506,308356,test_depends,downstream,optional,"",import,[],"","",cascade_failure,skip_test,"","","",one_to_many,1,0,active,,0
357958,310507,306813,test_depends,downstream,optional,"",import,[],"","",cascade_failure,skip_test,"","","",one_to_many,1,0,active,,0
357956,310505,308356,test_depends,downstream,optional,"",import,[],"","",cascade_failure,skip_test,"","","",one_to_many,1,0,active,,0
357955,310503,307569,test_depends,downstream,optional,"",import,[],"","",cascade_failure,skip_test,"","","",one_to_many,1,0,active,,0
357960,310509,308356,test_depends,downstream,optional,"",import,[],"","",cascade_failure,skip_test,"","","",one_to_many,1,0,active,,0
357964,310512,307362,test_depends,downstream,optional,"",import,[],"","",cascade_failure,skip_test,"","","",one_to_many,1,0,active,,0
357966,310514,308356,test_depends,downstream,optional,"",import,[],"","",cascade_failure,skip_test,"","","",one_to_many,1,0,active,,0
357962,310511,307605,test_depends,downstream,optional,"",import,[],"","",cascade_failure,skip_test,"","","",one_to_many,1,0,active,,0
357959,310508,306860,test_depends,downstream,optional,"",import,[],"","",cascade_failure,skip_test,"","","",one_to_many,1,0,active,,0
357961,310510,307760,test_depends,downstream,optional,"",import,[],"","",cascade_failure,skip_test,"","","",one_to_many,1,0,active,,0
357971,310518,307599,test_depends,downstream,optional,"",import,[],"","",cascade_failure,skip_test,"","","",one_to_many,1,0,active,,0
357965,310513,308256,test_depends,downstream,optional,"",import,[],"","",cascade_failure,skip_test,"","","",one_to_many,1,0,active,,0
357968,310516,308522,test_depends,downstream,optional,"",import,[],"","",cascade_failure,skip_test,"","","",one_to_many,1,0,active,,0
357969,310517,307609,test_depends,downstream,optional,"",import,[],"","",cascade_failure,skip_test,"","","",one_to_many,1,0,active,,0
357970,310517,307610,test_depends,downstream,optional,"",import,[],"","",cascade_failure,skip_test,"","","",one_to_many,1,0,active,,0
357967,310515,307190,test_depends,downstream,optional,"",import,[],"","",cascade_failure,skip_test,"","","",one_to_many,1,0,active,,0
357973,310522,306732,test_depends,downstream,optional,"",import,[],"","",cascade_failure,skip_test,"","","",one_to_many,1,0,active,,0
357972,310519,308290,test_depends,downstream,optional,"",import,[],"","",cascade_failure,skip_test,"","","",one_to_many,1,0,active,,0
357977,310526,307463,test_depends,downstream,optional,"",import,[],"","",cascade_failure,skip_test,"","","",one_to_many,1,0,active,,0
357978,310526,308070,test_depends,downstream,optional,"",import,[],"","",cascade_failure,skip_test,"","","",one_to_many,1,0,active,,0
357974,310524,307466,test_depends,downstream,optional,"",import,[],"","",cascade_failure,skip_test,"","","",one_to_many,1,0,active,,0
357981,310532,308128,test_depends,downstream,optional,"",import,[],"","",cascade_failure,skip_test,"","","",one_to_many,1,0,active,,0
357979,310527,307755,test_depends,downstream,optional,"",import,[],"","",cascade_failure,skip_test,"","","",one_to_many,1,0,active,,0
357975,310525,308128,test_depends,downstream,optional,"",import,[],"","",cascade_failure,skip_test,"","","",one_to_many,1,0,active,,0
354323,307036,307004,import_depends,downstream,required,"",import,[],"",shared_kernel,timeout,graceful_degradation,"","","",one_to_many,0,0,active,,0
354324,307037,307018,import_depends,downstream,required,"",import,[],"",shared_kernel,timeout,graceful_degradation,"","","",one_to_many,0,0,active,,0
353588,306209,308536,import_depends,downstream,critical,"",import,[],"","",service_down,circuit_break,"","","",one_to_many,1,0,active,,0
357976,310525,308083,test_depends,downstream,optional,"",import,[],"","",cascade_failure,skip_test,"","","",one_to_many,1,0,active,,0
357982,310533,308051,test_depends,downstream,optional,"",import,[],"","",cascade_failure,skip_test,"","","",one_to_many,1,0,active,,0
357983,310533,308563,test_depends,downstream,optional,"",import,[],"","",cascade_failure,skip_test,"","","",one_to_many,1,0,active,,0
357980,310529,308290,test_depends,downstream,optional,"",import,[],"","",cascade_failure,skip_test,"","","",one_to_many,1,0,active,,0
357985,310535,308582,test_depends,downstream,optional,"",import,[],"","",cascade_failure,skip_test,"","","",one_to_many,1,0,active,,0
357986,310536,308578,test_depends,downstream,optional,"",import,[],"","",cascade_failure,skip_test,"","","",one_to_many,1,0,active,,0
357988,310538,308569,test_depends,downstream,optional,"",import,[],"","",cascade_failure,skip_test,"","","",one_to_many,1,0,active,,0
357987,310537,308611,test_depends,downstream,optional,"",import,[],"","",cascade_failure,skip_test,"","","",one_to_many,1,0,active,,0
357984,310534,308572,test_depends,downstream,optional,"",import,[],"","",cascade_failure,skip_test,"","","",one_to_many,1,0,active,,0
357990,310540,308595,test_depends,downstream,optional,"",import,[],"","",cascade_failure,skip_test,"","","",one_to_many,1,0,active,,0
357992,310542,308594,test_depends,downstream,optional,"",import,[],"","",cascade_failure,skip_test,"","","",one_to_many,1,0,active,,0
357991,310541,307778,test_depends,downstream,optional,"",import,[],"","",cascade_failure,skip_test,"","","",one_to_many,1,0,active,,0
357994,310544,308610,test_depends,downstream,optional,"",import,[],"","",cascade_failure,skip_test,"","","",one_to_many,1,0,active,,0
357989,310539,308567,test_depends,downstream,optional,"",import,[],"","",cascade_failure,skip_test,"","","",one_to_many,1,0,active,,0
357993,310543,306665,test_depends,downstream,optional,"",import,[],"","",cascade_failure,skip_test,"","","",one_to_many,1,0,active,,0
358008,310556,308535,test_depends,downstream,optional,"",import,[],"","",cascade_failure,skip_test,"","","",one_to_many,1,0,active,,0
357998,310548,308589,test_depends,downstream,optional,"",import,[],"","",cascade_failure,skip_test,"","","",one_to_many,1,0,active,,0
357997,310546,306214,test_depends,downstream,optional,"",import,[],"","",cascade_failure,skip_test,"","","",one_to_many,1,0,active,,0
354028,306806,306786,import_depends,downstream,required,"",import,[],"","",timeout,graceful_degradation,"","","",one_to_many,0,0,active,,0
358024,310569,308211,test_depends,downstream,optional,"",import,[],"","",cascade_failure,skip_test,"","","",one_to_many,1,0,active,,0
358035,310575,306843,test_depends,downstream,optional,"",import,[],"","",cascade_failure,skip_test,"","","",one_to_many,1,0,active,,0
353603,306236,307582,import_depends,downstream,critical,"",import,[],"","",service_down,circuit_break,"","","",one_to_many,1,0,active,,0
358043,310582,308613,test_depends,downstream,optional,"",import,[],"","",cascade_failure,skip_test,"","","",one_to_many,1,0,active,,0
358037,310578,307012,test_depends,downstream,optional,"",import,[],"","",cascade_failure,skip_test,"","","",one_to_many,1,0,active,,0
358036,310577,306674,test_depends,downstream,optional,"",import,[],"","",cascade_failure,skip_test,"","","",one_to_many,1,0,active,,0
358042,310581,307669,test_depends,downstream,optional,"",import,[],"","",cascade_failure,skip_test,"","","",one_to_many,1,0,active,,0
358040,310580,308685,test_depends,downstream,optional,"",import,[],"","",cascade_failure,skip_test,"","","",one_to_many,1,0,active,,0
358047,310587,307404,test_depends,downstream,optional,"",import,[],"","",cascade_failure,skip_test,"","","",one_to_many,1,0,active,,0
358044,310584,307412,test_depends,downstream,optional,"",import,[],"","",cascade_failure,skip_test,"","","",one_to_many,1,0,active,,0
354325,307037,307004,import_depends,downstream,required,"",import,[],"",shared_kernel,timeout,graceful_degradation,"","","",one_to_many,0,0,active,,0
358048,310588,306785,test_depends,downstream,optional,"",import,[],"","",cascade_failure,skip_test,"","","",one_to_many,1,0,active,,0
358054,310593,307414,test_depends,downstream,optional,"",import,[],"","",cascade_failure,skip_test,"","","",one_to_many,1,0,active,,0
358050,310590,307407,test_depends,downstream,optional,"",import,[],"","",cascade_failure,skip_test,"","","",one_to_many,1,0,active,,0
358052,310592,307415,test_depends,downstream,optional,"",import,[],"","",cascade_failure,skip_test,"","","",one_to_many,1,0,active,,0
358055,310594,307413,test_depends,downstream,optional,"",import,[],"","",cascade_failure,skip_test,"","","",one_to_many,1,0,active,,0
358051,310591,307411,test_depends,downstream,optional,"",import,[],"","",cascade_failure,skip_test,"","","",one_to_many,1,0,active,,0
358056,310595,307410,test_depends,downstream,optional,"",import,[],"","",cascade_failure,skip_test,"","","",one_to_many,1,0,active,,0
358058,310597,308553,test_depends,downstream,optional,"",import,[],"","",cascade_failure,skip_test,"","","",one_to_many,1,0,active,,0
358059,310598,307419,test_depends,downstream,optional,"",import,[],"","",cascade_failure,skip_test,"","","",one_to_many,1,0,active,,0
358057,310596,307408,test_depends,downstream,optional,"",import,[],"","",cascade_failure,skip_test,"","","",one_to_many,1,0,active,,0
358063,310602,307754,test_depends,downstream,optional,"",import,[],"","",cascade_failure,skip_test,"","","",one_to_many,1,0,active,,0
358065,310604,307417,test_depends,downstream,optional,"",import,[],"","",cascade_failure,skip_test,"","","",one_to_many,1,0,active,,0
358060,310599,307410,test_depends,downstream,optional,"",import,[],"","",cascade_failure,skip_test,"","","",one_to_many,1,0,active,,0
358061,310599,307414,test_depends,downstream,optional,"",import,[],"","",cascade_failure,skip_test,"","","",one_to_many,1,0,active,,0
358068,310607,307418,test_depends,downstream,optional,"",import,[],"","",cascade_failure,skip_test,"","","",one_to_many,1,0,active,,0
358062,310600,307414,test_depends,downstream,optional,"",import,[],"","",cascade_failure,skip_test,"","","",one_to_many,1,0,active,,0
358066,310605,307420,test_depends,downstream,optional,"",import,[],"","",cascade_failure,skip_test,"","","",one_to_many,1,0,active,,0
358064,310603,307416,test_depends,downstream,optional,"",import,[],"","",cascade_failure,skip_test,"","","",one_to_many,1,0,active,,0
358069,310608,307064,test_depends,downstream,optional,"",import,[],"","",cascade_failure,skip_test,"","","",one_to_many,1,0,active,,0
358073,310612,306471,test_depends,downstream,optional,"",import,[],"","",cascade_failure,skip_test,"","","",one_to_many,1,0,active,,0
358074,310612,307064,test_depends,downstream,optional,"",import,[],"","",cascade_failure,skip_test,"","","",one_to_many,1,0,active,,0
353891,306632,306762,import_depends,downstream,required,"",import,[],"","",timeout,graceful_degradation,"","","",one_to_many,0,0,active,,0
358078,310616,307066,test_depends,downstream,optional,"",import,[],"","",cascade_failure,skip_test,"","","",one_to_many,1,0,active,,0
358071,310610,307063,test_depends,downstream,optional,"",import,[],"","",cascade_failure,skip_test,"","","",one_to_many,1,0,active,,0
358072,310611,307781,test_depends,downstream,optional,"",import,[],"","",cascade_failure,skip_test,"","","",one_to_many,1,0,active,,0
354029,306806,306782,import_depends,downstream,required,"",import,[],"","",timeout,graceful_degradation,"","","",one_to_many,0,0,active,,0
354030,306806,306795,import_depends,downstream,required,"",import,[],"","",timeout,graceful_degradation,"","","",one_to_many,0,0,active,,0
354031,306806,306791,import_depends,downstream,required,"",import,[],"","",timeout,graceful_degradation,"","","",one_to_many,0,0,active,,0
358076,310614,307821,test_depends,downstream,optional,"",import,[],"","",cascade_failure,skip_test,"","","",one_to_many,1,0,active,,0
358080,310620,308538,test_depends,downstream,optional,"",import,[],"","",cascade_failure,skip_test,"","","",one_to_many,1,0,active,,0
358079,310617,307822,test_depends,downstream,optional,"",import,[],"","",cascade_failure,skip_test,"","","",one_to_many,1,0,active,,0
358081,310621,307846,test_depends,downstream,optional,"",import,[],"","",cascade_failure,skip_test,"","","",one_to_many,1,0,active,,0
358077,310615,307831,test_depends,downstream,optional,"",import,[],"","",cascade_failure,skip_test,"","","",one_to_many,1,0,active,,0
358082,310622,307846,test_depends,downstream,optional,"",import,[],"","",cascade_failure,skip_test,"","","",one_to_many,1,0,active,,0
358089,310629,307836,test_depends,downstream,optional,"",import,[],"","",cascade_failure,skip_test,"","","",one_to_many,1,0,active,,0
359035,309029,309060,config_depends,downstream,degradable,"",config,[],"","",timeout,circuit_break,"","","",one_to_many,0,0,active,,0
358083,310625,308498,test_depends,downstream,optional,"",import,[],"","",cascade_failure,skip_test,"","","",one_to_many,1,0,active,,0
358121,310646,308356,test_depends,downstream,optional,"",import,[],"","",cascade_failure,skip_test,"","","",one_to_many,1,0,active,,0
358125,310650,308533,test_depends,downstream,optional,"",import,[],"","",cascade_failure,skip_test,"","","",one_to_many,1,0,active,,0
358122,310647,308290,test_depends,downstream,optional,"",import,[],"","",cascade_failure,skip_test,"","","",one_to_many,1,0,active,,0
358123,310648,308356,test_depends,downstream,optional,"",import,[],"","",cascade_failure,skip_test,"","","",one_to_many,1,0,active,,0
358128,310653,308254,test_depends,downstream,optional,"",import,[],"","",cascade_failure,skip_test,"","","",one_to_many,1,0,active,,0
358124,310649,308249,test_depends,downstream,optional,"",import,[],"","",cascade_failure,skip_test,"","","",one_to_many,1,0,active,,0
358133,310658,308290,test_depends,downstream,optional,"",import,[],"","",cascade_failure,skip_test,"","","",one_to_many,1,0,active,,0
358126,310651,306935,test_depends,downstream,optional,"",import,[],"","",cascade_failure,skip_test,"","","",one_to_many,1,0,active,,0
358131,310656,308356,test_depends,downstream,optional,"",import,[],"","",cascade_failure,skip_test,"","","",one_to_many,1,0,active,,0
353604,306236,306867,import_depends,downstream,critical,"",import,[],"","",service_down,circuit_break,"","","",one_to_many,1,0,active,,0
353605,306236,307579,import_depends,downstream,critical,"",import,[],"","",service_down,circuit_break,"","","",one_to_many,1,0,active,,0
358132,310657,308356,test_depends,downstream,optional,"",import,[],"","",cascade_failure,skip_test,"","","",one_to_many,1,0,active,,0
358130,310655,306219,test_depends,downstream,optional,"",import,[],"","",cascade_failure,skip_test,"","","",one_to_many,1,0,active,,0
358134,310659,308443,test_depends,downstream,optional,"",import,[],"","",cascade_failure,skip_test,"","","",one_to_many,1,0,active,,0
358136,310661,307759,test_depends,downstream,optional,"",import,[],"","",cascade_failure,skip_test,"","","",one_to_many,1,0,active,,0
358135,310660,308464,test_depends,downstream,optional,"",import,[],"","",cascade_failure,skip_test,"","","",one_to_many,1,0,active,,0
358127,310652,308290,test_depends,downstream,optional,"",import,[],"","",cascade_failure,skip_test,"","","",one_to_many,1,0,active,,0
358138,310663,306673,test_depends,downstream,optional,"",import,[],"","",cascade_failure,skip_test,"","","",one_to_many,1,0,active,,0
358139,310664,308445,test_depends,downstream,optional,"",import,[],"","",cascade_failure,skip_test,"","","",one_to_many,1,0,active,,0
358137,310662,306594,test_depends,downstream,optional,"",import,[],"","",cascade_failure,skip_test,"","","",one_to_many,1,0,active,,0
358141,310666,306866,test_depends,downstream,optional,"",import,[],"","",cascade_failure,skip_test,"","","",one_to_many,1,0,active,,0
354032,306806,306799,import_depends,downstream,required,"",import,[],"","",timeout,graceful_degradation,"","","",one_to_many,0,0,active,,0
353991,306800,306746,import_depends,downstream,required,"",import,[],"","",timeout,graceful_degradation,"","","",one_to_many,0,0,active,,0
358148,310671,306792,test_depends,downstream,optional,"",import,[],"","",cascade_failure,skip_test,"","","",one_to_many,1,0,active,,0
358144,310668,306862,test_depends,downstream,optional,"",import,[],"","",cascade_failure,skip_test,"","","",one_to_many,1,0,active,,0
358145,310669,306957,test_depends,downstream,optional,"",import,[],"","",cascade_failure,skip_test,"","","",one_to_many,1,0,active,,0
358143,310667,307101,test_depends,downstream,optional,"",import,[],"","",cascade_failure,skip_test,"","","",one_to_many,1,0,active,,0
358151,310675,307429,test_depends,downstream,optional,"",import,[],"","",cascade_failure,skip_test,"","","",one_to_many,1,0,active,,0
358150,310674,307423,test_depends,downstream,optional,"",import,[],"","",cascade_failure,skip_test,"","","",one_to_many,1,0,active,,0
358152,310676,308450,test_depends,downstream,optional,"",import,[],"","",cascade_failure,skip_test,"","","",one_to_many,1,0,active,,0
358153,310677,308619,test_depends,downstream,optional,"",import,[],"","",cascade_failure,skip_test,"","","",one_to_many,1,0,active,,0
358149,310672,306591,test_depends,downstream,optional,"",import,[],"","",cascade_failure,skip_test,"","","",one_to_many,1,0,active,,0
358154,310679,307762,test_depends,downstream,optional,"",import,[],"","",cascade_failure,skip_test,"","","",one_to_many,1,0,active,,0
358156,310682,308624,test_depends,downstream,optional,"",import,[],"","",cascade_failure,skip_test,"","","",one_to_many,1,0,active,,0
358157,310683,306265,test_depends,downstream,optional,"",import,[],"","",cascade_failure,skip_test,"","","",one_to_many,1,0,active,,0
354306,307029,307018,import_depends,downstream,required,"",import,[],"",shared_kernel,timeout,graceful_degradation,"","","",one_to_many,0,0,active,,0
358155,310681,308243,test_depends,downstream,optional,"",import,[],"","",cascade_failure,skip_test,"","","",one_to_many,1,0,active,,0
358161,310687,306269,test_depends,downstream,optional,"",import,[],"","",cascade_failure,skip_test,"","","",one_to_many,1,0,active,,0
358158,310684,306274,test_depends,downstream,optional,"",import,[],"","",cascade_failure,skip_test,"","","",one_to_many,1,0,active,,0
358167,310693,306278,test_depends,downstream,optional,"",import,[],"","",cascade_failure,skip_test,"","","",one_to_many,1,0,active,,0
358163,310689,306279,test_depends,downstream,optional,"",import,[],"","",cascade_failure,skip_test,"","","",one_to_many,1,0,active,,0
358162,310688,306270,test_depends,downstream,optional,"",import,[],"","",cascade_failure,skip_test,"","","",one_to_many,1,0,active,,0
358166,310692,306276,test_depends,downstream,optional,"",import,[],"","",cascade_failure,skip_test,"","","",one_to_many,1,0,active,,0
358168,310694,306281,test_depends,downstream,optional,"",import,[],"","",cascade_failure,skip_test,"","","",one_to_many,1,0,active,,0
353606,306236,308050,import_depends,downstream,critical,"",import,[],"","",service_down,circuit_break,"","","",one_to_many,1,0,active,,0
353607,306237,308059,import_depends,downstream,critical,"",import,[],"","",service_down,circuit_break,"","","",one_to_many,1,0,active,,0
358160,310686,306272,test_depends,downstream,optional,"",import,[],"","",cascade_failure,skip_test,"","","",one_to_many,1,0,active,,0
358169,310695,306273,test_depends,downstream,optional,"",import,[],"","",cascade_failure,skip_test,"","","",one_to_many,1,0,active,,0
358165,310691,306277,test_depends,downstream,optional,"",import,[],"","",cascade_failure,skip_test,"","","",one_to_many,1,0,active,,0
358172,310698,306285,test_depends,downstream,optional,"",import,[],"","",cascade_failure,skip_test,"","","",one_to_many,1,0,active,,0
358164,310690,306275,test_depends,downstream,optional,"",import,[],"","",cascade_failure,skip_test,"","","",one_to_many,1,0,active,,0
358171,310697,306280,test_depends,downstream,optional,"",import,[],"","",cascade_failure,skip_test,"","","",one_to_many,1,0,active,,0
358179,310705,306283,test_depends,downstream,optional,"",import,[],"","",cascade_failure,skip_test,"","","",one_to_many,1,0,active,,0
358176,310702,306284,test_depends,downstream,optional,"",import,[],"","",cascade_failure,skip_test,"","","",one_to_many,1,0,active,,0
358174,310700,306286,test_depends,downstream,optional,"",import,[],"","",cascade_failure,skip_test,"","","",one_to_many,1,0,active,,0
358177,310703,306287,test_depends,downstream,optional,"",import,[],"","",cascade_failure,skip_test,"","","",one_to_many,1,0,active,,0
358173,310699,306288,test_depends,downstream,optional,"",import,[],"","",cascade_failure,skip_test,"","","",one_to_many,1,0,active,,0
358170,310696,306282,test_depends,downstream,optional,"",import,[],"","",cascade_failure,skip_test,"","","",one_to_many,1,0,active,,0
358178,310704,306290,test_depends,downstream,optional,"",import,[],"","",cascade_failure,skip_test,"","","",one_to_many,1,0,active,,0
353992,306800,306743,import_depends,downstream,required,"",import,[],"","",timeout,graceful_degradation,"","","",one_to_many,0,0,active,,0
353993,306800,306750,import_depends,downstream,required,"",import,[],"","",timeout,graceful_degradation,"","","",one_to_many,0,0,active,,0
358187,310711,306294,test_depends,downstream,optional,"",import,[],"","",cascade_failure,skip_test,"","","",one_to_many,1,0,active,,0
358182,310707,306291,test_depends,downstream,optional,"",import,[],"","",cascade_failure,skip_test,"","","",one_to_many,1,0,active,,0
358188,310712,306292,test_depends,downstream,optional,"",import,[],"","",cascade_failure,skip_test,"","","",one_to_many,1,0,active,,0
358185,310710,306299,test_depends,downstream,optional,"",import,[],"","",cascade_failure,skip_test,"","","",one_to_many,1,0,active,,0
358186,310710,306302,test_depends,downstream,optional,"",import,[],"","",cascade_failure,skip_test,"","","",one_to_many,1,0,active,,0
358183,310708,306296,test_depends,downstream,optional,"",import,[],"","",cascade_failure,skip_test,"","","",one_to_many,1,0,active,,0
358180,310706,306293,test_depends,downstream,optional,"",import,[],"","",cascade_failure,skip_test,"","","",one_to_many,1,0,active,,0
358181,310706,306302,test_depends,downstream,optional,"",import,[],"","",cascade_failure,skip_test,"","","",one_to_many,1,0,active,,0
358184,310709,306298,test_depends,downstream,optional,"",import,[],"","",cascade_failure,skip_test,"","","",one_to_many,1,0,active,,0
358192,310715,306301,test_depends,downstream,optional,"",import,[],"","",cascade_failure,skip_test,"","","",one_to_many,1,0,active,,0
358196,310719,306295,test_depends,downstream,optional,"",import,[],"","",cascade_failure,skip_test,"","","",one_to_many,1,0,active,,0
358193,310716,306305,test_depends,downstream,optional,"",import,[],"","",cascade_failure,skip_test,"","","",one_to_many,1,0,active,,0
358190,310714,306300,test_depends,downstream,optional,"",import,[],"","",cascade_failure,skip_test,"","","",one_to_many,1,0,active,,0
353746,306494,308646,import_depends,downstream,critical,"",import,[],"","",service_down,circuit_break,"","","",one_to_many,1,0,active,,0
358191,310714,306302,test_depends,downstream,optional,"",import,[],"","",cascade_failure,skip_test,"","","",one_to_many,1,0,active,,0
358194,310717,306302,test_depends,downstream,optional,"",import,[],"","",cascade_failure,skip_test,"","","",one_to_many,1,0,active,,0
358198,310721,306303,test_depends,downstream,optional,"",import,[],"","",cascade_failure,skip_test,"","","",one_to_many,1,0,active,,0
358201,310724,306304,test_depends,downstream,optional,"",import,[],"","",cascade_failure,skip_test,"","","",one_to_many,1,0,active,,0
358195,310718,306307,test_depends,downstream,optional,"",import,[],"","",cascade_failure,skip_test,"","","",one_to_many,1,0,active,,0
358189,310713,306297,test_depends,downstream,optional,"",import,[],"","",cascade_failure,skip_test,"","","",one_to_many,1,0,active,,0
358197,310720,306308,test_depends,downstream,optional,"",import,[],"","",cascade_failure,skip_test,"","","",one_to_many,1,0,active,,0
358200,310723,306306,test_depends,downstream,optional,"",import,[],"","",cascade_failure,skip_test,"","","",one_to_many,1,0,active,,0
358202,310725,306311,test_depends,downstream,optional,"",import,[],"","",cascade_failure,skip_test,"","","",one_to_many,1,0,active,,0
353608,306237,307337,import_depends,downstream,critical,"",import,[],"","",service_down,circuit_break,"","","",one_to_many,1,0,active,,0
358204,310727,306312,test_depends,downstream,optional,"",import,[],"","",cascade_failure,skip_test,"","","",one_to_many,1,0,active,,0
358199,310722,306310,test_depends,downstream,optional,"",import,[],"","",cascade_failure,skip_test,"","","",one_to_many,1,0,active,,0
358205,310729,306317,test_depends,downstream,optional,"",import,[],"","",cascade_failure,skip_test,"","","",one_to_many,1,0,active,,0
358208,310732,306313,test_depends,downstream,optional,"",import,[],"","",cascade_failure,skip_test,"","","",one_to_many,1,0,active,,0
358207,310731,306318,test_depends,downstream,optional,"",import,[],"","",cascade_failure,skip_test,"","","",one_to_many,1,0,active,,0
358206,310730,306309,test_depends,downstream,optional,"",import,[],"","",cascade_failure,skip_test,"","","",one_to_many,1,0,active,,0
358214,310738,306314,test_depends,downstream,optional,"",import,[],"","",cascade_failure,skip_test,"","","",one_to_many,1,0,active,,0
358203,310726,306316,test_depends,downstream,optional,"",import,[],"","",cascade_failure,skip_test,"","","",one_to_many,1,0,active,,0
358210,310734,306319,test_depends,downstream,optional,"",import,[],"","",cascade_failure,skip_test,"","","",one_to_many,1,0,active,,0
358212,310736,306320,test_depends,downstream,optional,"",import,[],"","",cascade_failure,skip_test,"","","",one_to_many,1,0,active,,0
358211,310735,306321,test_depends,downstream,optional,"",import,[],"","",cascade_failure,skip_test,"","","",one_to_many,1,0,active,,0
358219,310743,307589,test_depends,downstream,optional,"",import,[],"","",cascade_failure,skip_test,"","","",one_to_many,1,0,active,,0
358220,310743,308216,test_depends,downstream,optional,"",import,[],"","",cascade_failure,skip_test,"","","",one_to_many,1,0,active,,0
358209,310733,306323,test_depends,downstream,optional,"",import,[],"","",cascade_failure,skip_test,"","","",one_to_many,1,0,active,,0
358216,310740,306329,test_depends,downstream,optional,"",import,[],"","",cascade_failure,skip_test,"","","",one_to_many,1,0,active,,0
358213,310737,306322,test_depends,downstream,optional,"",import,[],"","",cascade_failure,skip_test,"","","",one_to_many,1,0,active,,0
358229,310751,307432,test_depends,downstream,optional,"",import,[],"","",cascade_failure,skip_test,"","","",one_to_many,1,0,active,,0
358223,310745,308290,test_depends,downstream,optional,"",import,[],"","",cascade_failure,skip_test,"","","",one_to_many,1,0,active,,0
358218,310742,306953,test_depends,downstream,optional,"",import,[],"","",cascade_failure,skip_test,"","","",one_to_many,1,0,active,,0
358224,310746,308284,test_depends,downstream,optional,"",import,[],"","",cascade_failure,skip_test,"","","",one_to_many,1,0,active,,0
358230,310752,307004,test_depends,downstream,optional,"",import,[],"","",cascade_failure,skip_test,"","","",one_to_many,1,0,active,,0
358231,310752,307534,test_depends,downstream,optional,"",import,[],"","",cascade_failure,skip_test,"","","",one_to_many,1,0,active,,0
358232,310752,307540,test_depends,downstream,optional,"",import,[],"","",cascade_failure,skip_test,"","","",one_to_many,1,0,active,,0
358221,310744,306973,test_depends,downstream,optional,"",import,[],"","",cascade_failure,skip_test,"","","",one_to_many,1,0,active,,0
358222,310744,306953,test_depends,downstream,optional,"",import,[],"","",cascade_failure,skip_test,"","","",one_to_many,1,0,active,,0
358225,310747,308356,test_depends,downstream,optional,"",import,[],"","",cascade_failure,skip_test,"","","",one_to_many,1,0,active,,0
358228,310750,308290,test_depends,downstream,optional,"",import,[],"","",cascade_failure,skip_test,"","","",one_to_many,1,0,active,,0
358226,310749,308185,test_depends,downstream,optional,"",import,[],"","",cascade_failure,skip_test,"","","",one_to_many,1,0,active,,0
354307,307029,307004,import_depends,downstream,required,"",import,[],"",shared_kernel,timeout,graceful_degradation,"","","",one_to_many,0,0,active,,0
354339,307044,307018,import_depends,downstream,required,"",import,[],"",shared_kernel,timeout,graceful_degradation,"","","",one_to_many,0,0,active,,0
358227,310749,308221,test_depends,downstream,optional,"",import,[],"","",cascade_failure,skip_test,"","","",one_to_many,1,0,active,,0
358236,310756,307350,test_depends,downstream,optional,"",import,[],"","",cascade_failure,skip_test,"","","",one_to_many,1,0,active,,0
358235,310755,308585,test_depends,downstream,optional,"",import,[],"","",cascade_failure,skip_test,"","","",one_to_many,1,0,active,,0
358233,310753,307355,test_depends,downstream,optional,"",import,[],"","",cascade_failure,skip_test,"","","",one_to_many,1,0,active,,0
358234,310753,307350,test_depends,downstream,optional,"",import,[],"","",cascade_failure,skip_test,"","","",one_to_many,1,0,active,,0
358238,310758,308630,test_depends,downstream,optional,"",import,[],"","",cascade_failure,skip_test,"","","",one_to_many,1,0,active,,0
358243,310762,308194,test_depends,downstream,optional,"",import,[],"","",cascade_failure,skip_test,"","","",one_to_many,1,0,active,,0
358237,310757,308626,test_depends,downstream,optional,"",import,[],"","",cascade_failure,skip_test,"","","",one_to_many,1,0,active,,0
353609,306237,308051,import_depends,downstream,critical,"",import,[],"","",service_down,circuit_break,"","","",one_to_many,1,0,active,,0
358241,310760,308195,test_depends,downstream,optional,"",import,[],"","",cascade_failure,skip_test,"","","",one_to_many,1,0,active,,0
358246,310765,308571,test_depends,downstream,optional,"",import,[],"","",cascade_failure,skip_test,"","","",one_to_many,1,0,active,,0
358242,310761,308596,test_depends,downstream,optional,"",import,[],"","",cascade_failure,skip_test,"","","",one_to_many,1,0,active,,0
358239,310759,307354,test_depends,downstream,optional,"",import,[],"","",cascade_failure,skip_test,"","","",one_to_many,1,0,active,,0
358240,310759,307359,test_depends,downstream,optional,"",import,[],"","",cascade_failure,skip_test,"","","",one_to_many,1,0,active,,0
358244,310764,307357,test_depends,downstream,optional,"",import,[],"","",cascade_failure,skip_test,"","","",one_to_many,1,0,active,,0
358245,310764,307359,test_depends,downstream,optional,"",import,[],"","",cascade_failure,skip_test,"","","",one_to_many,1,0,active,,0
358247,310766,308601,test_depends,downstream,optional,"",import,[],"","",cascade_failure,skip_test,"","","",one_to_many,1,0,active,,0
358248,310767,308575,test_depends,downstream,optional,"",import,[],"","",cascade_failure,skip_test,"","","",one_to_many,1,0,active,,0
358249,310768,308592,test_depends,downstream,optional,"",import,[],"","",cascade_failure,skip_test,"","","",one_to_many,1,0,active,,0
358250,310769,308602,test_depends,downstream,optional,"",import,[],"","",cascade_failure,skip_test,"","","",one_to_many,1,0,active,,0
358255,310770,308234,test_depends,downstream,optional,"",import,[],"","",cascade_failure,skip_test,"","","",one_to_many,1,0,active,,0
358256,310770,308251,test_depends,downstream,optional,"",import,[],"","",cascade_failure,skip_test,"","","",one_to_many,1,0,active,,0
358257,310771,308192,test_depends,downstream,optional,"",import,[],"","",cascade_failure,skip_test,"","","",one_to_many,1,0,active,,0
358258,310771,308202,test_depends,downstream,optional,"",import,[],"","",cascade_failure,skip_test,"","","",one_to_many,1,0,active,,0
358259,310771,308219,test_depends,downstream,optional,"",import,[],"","",cascade_failure,skip_test,"","","",one_to_many,1,0,active,,0
358260,310771,308222,test_depends,downstream,optional,"",import,[],"","",cascade_failure,skip_test,"","","",one_to_many,1,0,active,,0
358263,310774,308193,test_depends,downstream,optional,"",import,[],"","",cascade_failure,skip_test,"","","",one_to_many,1,0,active,,0
358267,310778,308200,test_depends,downstream,optional,"",import,[],"","",cascade_failure,skip_test,"","","",one_to_many,1,0,active,,0
358268,310778,308221,test_depends,downstream,optional,"",import,[],"","",cascade_failure,skip_test,"","","",one_to_many,1,0,active,,0
358262,310773,308608,test_depends,downstream,optional,"",import,[],"","",cascade_failure,skip_test,"","","",one_to_many,1,0,active,,0
358264,310775,308607,test_depends,downstream,optional,"",import,[],"","",cascade_failure,skip_test,"","","",one_to_many,1,0,active,,0
358269,310779,308616,test_depends,downstream,optional,"",import,[],"","",cascade_failure,skip_test,"","","",one_to_many,1,0,active,,0
358266,310777,308617,test_depends,downstream,optional,"",import,[],"","",cascade_failure,skip_test,"","","",one_to_many,1,0,active,,0
358265,310776,308573,test_depends,downstream,optional,"",import,[],"","",cascade_failure,skip_test,"","","",one_to_many,1,0,active,,0
358270,310780,308204,test_depends,downstream,optional,"",import,[],"","",cascade_failure,skip_test,"","","",one_to_many,1,0,active,,0
358271,310781,308201,test_depends,downstream,optional,"",import,[],"","",cascade_failure,skip_test,"","","",one_to_many,1,0,active,,0
353610,306237,308050,import_depends,downstream,critical,"",import,[],"","",service_down,circuit_break,"","","",one_to_many,1,0,active,,0
353892,306632,306761,import_depends,downstream,required,"",import,[],"","",timeout,graceful_degradation,"","","",one_to_many,0,0,active,,0
358287,310787,308604,test_depends,downstream,optional,"",import,[],"","",cascade_failure,skip_test,"","","",one_to_many,1,0,active,,0
358288,310788,307945,test_depends,downstream,optional,"",import,[],"","",cascade_failure,skip_test,"","","",one_to_many,1,0,active,,0
358289,310788,308198,test_depends,downstream,optional,"",import,[],"","",cascade_failure,skip_test,"","","",one_to_many,1,0,active,,0
358290,310788,308192,test_depends,downstream,optional,"",import,[],"","",cascade_failure,skip_test,"","","",one_to_many,1,0,active,,0
358291,310788,308250,test_depends,downstream,optional,"",import,[],"","",cascade_failure,skip_test,"","","",one_to_many,1,0,active,,0
358292,310788,308193,test_depends,downstream,optional,"",import,[],"","",cascade_failure,skip_test,"","","",one_to_many,1,0,active,,0
358294,310788,308201,test_depends,downstream,optional,"",import,[],"","",cascade_failure,skip_test,"","","",one_to_many,1,0,active,,0
358295,310788,308206,test_depends,downstream,optional,"",import,[],"","",cascade_failure,skip_test,"","","",one_to_many,1,0,active,,0
358296,310788,308208,test_depends,downstream,optional,"",import,[],"","",cascade_failure,skip_test,"","","",one_to_many,1,0,active,,0
358297,310788,308214,test_depends,downstream,optional,"",import,[],"","",cascade_failure,skip_test,"","","",one_to_many,1,0,active,,0
358298,310788,308222,test_depends,downstream,optional,"",import,[],"","",cascade_failure,skip_test,"","","",one_to_many,1,0,active,,0
358299,310789,308198,test_depends,downstream,optional,"",import,[],"","",cascade_failure,skip_test,"","","",one_to_many,1,0,active,,0
358300,310789,308205,test_depends,downstream,optional,"",import,[],"","",cascade_failure,skip_test,"","","",one_to_many,1,0,active,,0
358301,310789,308197,test_depends,downstream,optional,"",import,[],"","",cascade_failure,skip_test,"","","",one_to_many,1,0,active,,0
358286,310786,308634,test_depends,downstream,optional,"",import,[],"","",cascade_failure,skip_test,"","","",one_to_many,1,0,active,,0
358302,310790,308208,test_depends,downstream,optional,"",import,[],"","",cascade_failure,skip_test,"","","",one_to_many,1,0,active,,0
358306,310793,308591,test_depends,downstream,optional,"",import,[],"","",cascade_failure,skip_test,"","","",one_to_many,1,0,active,,0
358305,310792,308621,test_depends,downstream,optional,"",import,[],"","",cascade_failure,skip_test,"","","",one_to_many,1,0,active,,0
358307,310794,307353,test_depends,downstream,optional,"",import,[],"","",cascade_failure,skip_test,"","","",one_to_many,1,0,active,,0
358308,310794,307359,test_depends,downstream,optional,"",import,[],"","",cascade_failure,skip_test,"","","",one_to_many,1,0,active,,0
358309,310794,307366,test_depends,downstream,optional,"",import,[],"","",cascade_failure,skip_test,"","","",one_to_many,1,0,active,,0
358312,310797,308212,test_depends,downstream,optional,"",import,[],"","",cascade_failure,skip_test,"","","",one_to_many,1,0,active,,0
358314,310799,308615,test_depends,downstream,optional,"",import,[],"","",cascade_failure,skip_test,"","","",one_to_many,1,0,active,,0
358313,310798,308620,test_depends,downstream,optional,"",import,[],"","",cascade_failure,skip_test,"","","",one_to_many,1,0,active,,0
358310,310795,308213,test_depends,downstream,optional,"",import,[],"","",cascade_failure,skip_test,"","","",one_to_many,1,0,active,,0
358311,310796,308633,test_depends,downstream,optional,"",import,[],"","",cascade_failure,skip_test,"","","",one_to_many,1,0,active,,0
358319,310804,308202,test_depends,downstream,optional,"",import,[],"","",cascade_failure,skip_test,"","","",one_to_many,1,0,active,,0
358320,310804,308209,test_depends,downstream,optional,"",import,[],"","",cascade_failure,skip_test,"","","",one_to_many,1,0,active,,0
353613,306241,307545,import_depends,downstream,critical,"",import,[],"","",service_down,circuit_break,"","","",one_to_many,1,0,active,,0
358317,310802,308214,test_depends,downstream,optional,"",import,[],"","",cascade_failure,skip_test,"","","",one_to_many,1,0,active,,0
358316,310801,308618,test_depends,downstream,optional,"",import,[],"","",cascade_failure,skip_test,"","","",one_to_many,1,0,active,,0
358315,310800,308623,test_depends,downstream,optional,"",import,[],"","",cascade_failure,skip_test,"","","",one_to_many,1,0,active,,0
358324,310809,308628,test_depends,downstream,optional,"",import,[],"","",cascade_failure,skip_test,"","","",one_to_many,1,0,active,,0
358318,310803,308622,test_depends,downstream,optional,"",import,[],"","",cascade_failure,skip_test,"","","",one_to_many,1,0,active,,0
358322,310806,306623,test_depends,downstream,optional,"",import,[],"","",cascade_failure,skip_test,"","","",one_to_many,1,0,active,,0
358325,310810,308219,test_depends,downstream,optional,"",import,[],"","",cascade_failure,skip_test,"","","",one_to_many,1,0,active,,0
354340,307044,307004,import_depends,downstream,required,"",import,[],"",shared_kernel,timeout,graceful_degradation,"","","",one_to_many,0,0,active,,0
357786,310397,306999,test_depends,downstream,optional,"",import,[],"","",cascade_failure,skip_test,"","","",one_to_many,1,0,active,,0
358323,310807,308612,test_depends,downstream,optional,"",import,[],"","",cascade_failure,skip_test,"","","",one_to_many,1,0,active,,0
358333,310813,308222,test_depends,downstream,optional,"",import,[],"","",cascade_failure,skip_test,"","","",one_to_many,1,0,active,,0
358329,310812,308059,test_depends,downstream,optional,"",import,[],"","",cascade_failure,skip_test,"","","",one_to_many,1,0,active,,0
358330,310812,307047,test_depends,downstream,optional,"",import,[],"","",cascade_failure,skip_test,"","","",one_to_many,1,0,active,,0
358340,310816,308059,test_depends,downstream,optional,"",import,[],"","",cascade_failure,skip_test,"","","",one_to_many,1,0,active,,0
358341,310816,307047,test_depends,downstream,optional,"",import,[],"","",cascade_failure,skip_test,"","","",one_to_many,1,0,active,,0
358342,310816,307004,test_depends,downstream,optional,"",import,[],"","",cascade_failure,skip_test,"","","",one_to_many,1,0,active,,0
358326,310811,308059,test_depends,downstream,optional,"",import,[],"","",cascade_failure,skip_test,"","","",one_to_many,1,0,active,,0
358327,310811,307047,test_depends,downstream,optional,"",import,[],"","",cascade_failure,skip_test,"","","",one_to_many,1,0,active,,0
358328,310811,307004,test_depends,downstream,optional,"",import,[],"","",cascade_failure,skip_test,"","","",one_to_many,1,0,active,,0
358334,310814,308059,test_depends,downstream,optional,"",import,[],"","",cascade_failure,skip_test,"","","",one_to_many,1,0,active,,0
358335,310814,307047,test_depends,downstream,optional,"",import,[],"","",cascade_failure,skip_test,"","","",one_to_many,1,0,active,,0
358336,310814,307004,test_depends,downstream,optional,"",import,[],"","",cascade_failure,skip_test,"","","",one_to_many,1,0,active,,0
358343,310817,308059,test_depends,downstream,optional,"",import,[],"","",cascade_failure,skip_test,"","","",one_to_many,1,0,active,,0
358344,310817,307047,test_depends,downstream,optional,"",import,[],"","",cascade_failure,skip_test,"","","",one_to_many,1,0,active,,0
358345,310817,307004,test_depends,downstream,optional,"",import,[],"","",cascade_failure,skip_test,"","","",one_to_many,1,0,active,,0
358361,310823,308059,test_depends,downstream,optional,"",import,[],"","",cascade_failure,skip_test,"","","",one_to_many,1,0,active,,0
358362,310823,307047,test_depends,downstream,optional,"",import,[],"","",cascade_failure,skip_test,"","","",one_to_many,1,0,active,,0
358363,310823,307004,test_depends,downstream,optional,"",import,[],"","",cascade_failure,skip_test,"","","",one_to_many,1,0,active,,0
358355,310821,308059,test_depends,downstream,optional,"",import,[],"","",cascade_failure,skip_test,"","","",one_to_many,1,0,active,,0
358356,310821,307047,test_depends,downstream,optional,"",import,[],"","",cascade_failure,skip_test,"","","",one_to_many,1,0,active,,0
353728,306476,307119,import_depends,downstream,required,"",import,[],"","",timeout,graceful_degradation,"","","",one_to_many,0,0,active,,0
357853,310445,308059,test_depends,downstream,optional,"",import,[],"","",cascade_failure,skip_test,"","","",one_to_many,1,0,active,,0
358357,310821,307004,test_depends,downstream,optional,"",import,[],"","",cascade_failure,skip_test,"","","",one_to_many,1,0,active,,0
358364,310824,308059,test_depends,downstream,optional,"",import,[],"","",cascade_failure,skip_test,"","","",one_to_many,1,0,active,,0
358365,310824,307047,test_depends,downstream,optional,"",import,[],"","",cascade_failure,skip_test,"","","",one_to_many,1,0,active,,0
358366,310824,307004,test_depends,downstream,optional,"",import,[],"","",cascade_failure,skip_test,"","","",one_to_many,1,0,active,,0
358367,310825,308059,test_depends,downstream,optional,"",import,[],"","",cascade_failure,skip_test,"","","",one_to_many,1,0,active,,0
358368,310825,307047,test_depends,downstream,optional,"",import,[],"","",cascade_failure,skip_test,"","","",one_to_many,1,0,active,,0
358369,310825,307004,test_depends,downstream,optional,"",import,[],"","",cascade_failure,skip_test,"","","",one_to_many,1,0,active,,0
358358,310822,308059,test_depends,downstream,optional,"",import,[],"","",cascade_failure,skip_test,"","","",one_to_many,1,0,active,,0
358359,310822,307047,test_depends,downstream,optional,"",import,[],"","",cascade_failure,skip_test,"","","",one_to_many,1,0,active,,0
358360,310822,307004,test_depends,downstream,optional,"",import,[],"","",cascade_failure,skip_test,"","","",one_to_many,1,0,active,,0
358370,310826,308059,test_depends,downstream,optional,"",import,[],"","",cascade_failure,skip_test,"","","",one_to_many,1,0,active,,0
358371,310826,307047,test_depends,downstream,optional,"",import,[],"","",cascade_failure,skip_test,"","","",one_to_many,1,0,active,,0
354315,307033,307018,import_depends,downstream,required,"",import,[],"",shared_kernel,timeout,graceful_degradation,"","","",one_to_many,0,0,active,,0
354316,307033,307004,import_depends,downstream,required,"",import,[],"",shared_kernel,timeout,graceful_degradation,"","","",one_to_many,0,0,active,,0
358372,310826,307004,test_depends,downstream,optional,"",import,[],"","",cascade_failure,skip_test,"","","",one_to_many,1,0,active,,0
358349,310819,308059,test_depends,downstream,optional,"",import,[],"","",cascade_failure,skip_test,"","","",one_to_many,1,0,active,,0
358346,310818,308059,test_depends,downstream,optional,"",import,[],"","",cascade_failure,skip_test,"","","",one_to_many,1,0,active,,0
358347,310818,307047,test_depends,downstream,optional,"",import,[],"","",cascade_failure,skip_test,"","","",one_to_many,1,0,active,,0
358348,310818,307004,test_depends,downstream,optional,"",import,[],"","",cascade_failure,skip_test,"","","",one_to_many,1,0,active,,0
358352,310820,308059,test_depends,downstream,optional,"",import,[],"","",cascade_failure,skip_test,"","","",one_to_many,1,0,active,,0
358353,310820,307047,test_depends,downstream,optional,"",import,[],"","",cascade_failure,skip_test,"","","",one_to_many,1,0,active,,0
358354,310820,307004,test_depends,downstream,optional,"",import,[],"","",cascade_failure,skip_test,"","","",one_to_many,1,0,active,,0
358373,310827,308059,test_depends,downstream,optional,"",import,[],"","",cascade_failure,skip_test,"","","",one_to_many,1,0,active,,0
358374,310827,307047,test_depends,downstream,optional,"",import,[],"","",cascade_failure,skip_test,"","","",one_to_many,1,0,active,,0
358375,310827,307004,test_depends,downstream,optional,"",import,[],"","",cascade_failure,skip_test,"","","",one_to_many,1,0,active,,0
358382,310830,308059,test_depends,downstream,optional,"",import,[],"","",cascade_failure,skip_test,"","","",one_to_many,1,0,active,,0
358383,310830,307047,test_depends,downstream,optional,"",import,[],"","",cascade_failure,skip_test,"","","",one_to_many,1,0,active,,0
358384,310830,307004,test_depends,downstream,optional,"",import,[],"","",cascade_failure,skip_test,"","","",one_to_many,1,0,active,,0
358394,310834,308059,test_depends,downstream,optional,"",import,[],"","",cascade_failure,skip_test,"","","",one_to_many,1,0,active,,0
358395,310834,307047,test_depends,downstream,optional,"",import,[],"","",cascade_failure,skip_test,"","","",one_to_many,1,0,active,,0
358396,310834,307004,test_depends,downstream,optional,"",import,[],"","",cascade_failure,skip_test,"","","",one_to_many,1,0,active,,0
358391,310833,308059,test_depends,downstream,optional,"",import,[],"","",cascade_failure,skip_test,"","","",one_to_many,1,0,active,,0
358392,310833,307047,test_depends,downstream,optional,"",import,[],"","",cascade_failure,skip_test,"","","",one_to_many,1,0,active,,0
358393,310833,307004,test_depends,downstream,optional,"",import,[],"","",cascade_failure,skip_test,"","","",one_to_many,1,0,active,,0
358379,310829,308059,test_depends,downstream,optional,"",import,[],"","",cascade_failure,skip_test,"","","",one_to_many,1,0,active,,0
353615,306241,307845,import_depends,downstream,critical,"",import,[],"","",service_down,circuit_break,"","","",one_to_many,1,0,active,,0
358388,310832,308059,test_depends,downstream,optional,"",import,[],"","",cascade_failure,skip_test,"","","",one_to_many,1,0,active,,0
358389,310832,307047,test_depends,downstream,optional,"",import,[],"","",cascade_failure,skip_test,"","","",one_to_many,1,0,active,,0
358390,310832,307004,test_depends,downstream,optional,"",import,[],"","",cascade_failure,skip_test,"","","",one_to_many,1,0,active,,0
358376,310828,308059,test_depends,downstream,optional,"",import,[],"","",cascade_failure,skip_test,"","","",one_to_many,1,0,active,,0
358377,310828,307047,test_depends,downstream,optional,"",import,[],"","",cascade_failure,skip_test,"","","",one_to_many,1,0,active,,0
358378,310828,307004,test_depends,downstream,optional,"",import,[],"","",cascade_failure,skip_test,"","","",one_to_many,1,0,active,,0
358385,310831,308059,test_depends,downstream,optional,"",import,[],"","",cascade_failure,skip_test,"","","",one_to_many,1,0,active,,0
358386,310831,307047,test_depends,downstream,optional,"",import,[],"","",cascade_failure,skip_test,"","","",one_to_many,1,0,active,,0
358387,310831,307004,test_depends,downstream,optional,"",import,[],"","",cascade_failure,skip_test,"","","",one_to_many,1,0,active,,0
358415,310841,308059,test_depends,downstream,optional,"",import,[],"","",cascade_failure,skip_test,"","","",one_to_many,1,0,active,,0
358416,310841,307047,test_depends,downstream,optional,"",import,[],"","",cascade_failure,skip_test,"","","",one_to_many,1,0,active,,0
358417,310841,307004,test_depends,downstream,optional,"",import,[],"","",cascade_failure,skip_test,"","","",one_to_many,1,0,active,,0
358418,310842,308059,test_depends,downstream,optional,"",import,[],"","",cascade_failure,skip_test,"","","",one_to_many,1,0,active,,0
358419,310842,307047,test_depends,downstream,optional,"",import,[],"","",cascade_failure,skip_test,"","","",one_to_many,1,0,active,,0
354337,307043,307018,import_depends,downstream,required,"",import,[],"",shared_kernel,timeout,graceful_degradation,"","","",one_to_many,0,0,active,,0
354008,306804,306766,import_depends,downstream,required,"",import,[],"","",timeout,graceful_degradation,"","","",one_to_many,0,0,active,,0
358420,310842,307004,test_depends,downstream,optional,"",import,[],"","",cascade_failure,skip_test,"","","",one_to_many,1,0,active,,0
358402,310836,307004,test_depends,downstream,optional,"",import,[],"","",cascade_failure,skip_test,"","","",one_to_many,1,0,active,,0
353616,306247,306248,import_depends,downstream,required,"",import,[],"","",timeout,graceful_degradation,"","","",one_to_many,0,0,active,,0
353893,306632,306766,import_depends,downstream,required,"",import,[],"","",timeout,graceful_degradation,"","","",one_to_many,0,0,active,,0
358403,310837,308059,test_depends,downstream,optional,"",import,[],"","",cascade_failure,skip_test,"","","",one_to_many,1,0,active,,0
358404,310837,307047,test_depends,downstream,optional,"",import,[],"","",cascade_failure,skip_test,"","","",one_to_many,1,0,active,,0
358405,310837,307004,test_depends,downstream,optional,"",import,[],"","",cascade_failure,skip_test,"","","",one_to_many,1,0,active,,0
358409,310839,308059,test_depends,downstream,optional,"",import,[],"","",cascade_failure,skip_test,"","","",one_to_many,1,0,active,,0
358410,310839,307047,test_depends,downstream,optional,"",import,[],"","",cascade_failure,skip_test,"","","",one_to_many,1,0,active,,0
358411,310839,307004,test_depends,downstream,optional,"",import,[],"","",cascade_failure,skip_test,"","","",one_to_many,1,0,active,,0
358406,310838,308059,test_depends,downstream,optional,"",import,[],"","",cascade_failure,skip_test,"","","",one_to_many,1,0,active,,0
358407,310838,307047,test_depends,downstream,optional,"",import,[],"","",cascade_failure,skip_test,"","","",one_to_many,1,0,active,,0
358408,310838,307004,test_depends,downstream,optional,"",import,[],"","",cascade_failure,skip_test,"","","",one_to_many,1,0,active,,0
358412,310840,308059,test_depends,downstream,optional,"",import,[],"","",cascade_failure,skip_test,"","","",one_to_many,1,0,active,,0
358413,310840,307047,test_depends,downstream,optional,"",import,[],"","",cascade_failure,skip_test,"","","",one_to_many,1,0,active,,0
358414,310840,307004,test_depends,downstream,optional,"",import,[],"","",cascade_failure,skip_test,"","","",one_to_many,1,0,active,,0
358424,310844,308059,test_depends,downstream,optional,"",import,[],"","",cascade_failure,skip_test,"","","",one_to_many,1,0,active,,0
358425,310844,307047,test_depends,downstream,optional,"",import,[],"","",cascade_failure,skip_test,"","","",one_to_many,1,0,active,,0
358426,310844,307004,test_depends,downstream,optional,"",import,[],"","",cascade_failure,skip_test,"","","",one_to_many,1,0,active,,0
353729,306476,308648,import_depends,downstream,critical,"",import,[],"",anti_corruption_layer,service_down,circuit_break,"","","",one_to_many,1,0,active,,0
353995,306800,306751,import_depends,downstream,required,"",import,[],"","",timeout,graceful_degradation,"","","",one_to_many,0,0,active,,0
358439,310849,308059,test_depends,downstream,optional,"",import,[],"","",cascade_failure,skip_test,"","","",one_to_many,1,0,active,,0
358435,310847,307004,test_depends,downstream,optional,"",import,[],"","",cascade_failure,skip_test,"","","",one_to_many,1,0,active,,0
358442,310850,308059,test_depends,downstream,optional,"",import,[],"","",cascade_failure,skip_test,"","","",one_to_many,1,0,active,,0
358443,310850,307047,test_depends,downstream,optional,"",import,[],"","",cascade_failure,skip_test,"","","",one_to_many,1,0,active,,0
358444,310850,307004,test_depends,downstream,optional,"",import,[],"","",cascade_failure,skip_test,"","","",one_to_many,1,0,active,,0
358431,310846,307047,test_depends,downstream,optional,"",import,[],"","",cascade_failure,skip_test,"","","",one_to_many,1,0,active,,0
358432,310846,307004,test_depends,downstream,optional,"",import,[],"","",cascade_failure,skip_test,"","","",one_to_many,1,0,active,,0
358460,310856,308059,test_depends,downstream,optional,"",import,[],"","",cascade_failure,skip_test,"","","",one_to_many,1,0,active,,0
358461,310856,307047,test_depends,downstream,optional,"",import,[],"","",cascade_failure,skip_test,"","","",one_to_many,1,0,active,,0
358462,310856,307004,test_depends,downstream,optional,"",import,[],"","",cascade_failure,skip_test,"","","",one_to_many,1,0,active,,0
358436,310848,308059,test_depends,downstream,optional,"",import,[],"","",cascade_failure,skip_test,"","","",one_to_many,1,0,active,,0
358457,310855,308059,test_depends,downstream,optional,"",import,[],"","",cascade_failure,skip_test,"","","",one_to_many,1,0,active,,0
358458,310855,307047,test_depends,downstream,optional,"",import,[],"","",cascade_failure,skip_test,"","","",one_to_many,1,0,active,,0
358459,310855,307004,test_depends,downstream,optional,"",import,[],"","",cascade_failure,skip_test,"","","",one_to_many,1,0,active,,0
358445,310851,308059,test_depends,downstream,optional,"",import,[],"","",cascade_failure,skip_test,"","","",one_to_many,1,0,active,,0
354338,307043,307004,import_depends,downstream,required,"",import,[],"",shared_kernel,timeout,graceful_degradation,"","","",one_to_many,0,0,active,,0
354341,307045,307018,import_depends,downstream,required,"",import,[],"",shared_kernel,timeout,graceful_degradation,"","","",one_to_many,0,0,active,,0
357894,310469,308059,test_depends,downstream,optional,"",import,[],"","",cascade_failure,skip_test,"","","",one_to_many,1,0,active,,0
356971,309751,307982,test_depends,downstream,optional,"",import,[],"","",cascade_failure,skip_test,"","","",one_to_many,1,0,active,,0
358446,310851,307047,test_depends,downstream,optional,"",import,[],"","",cascade_failure,skip_test,"","","",one_to_many,1,0,active,,0
358463,310857,308059,test_depends,downstream,optional,"",import,[],"","",cascade_failure,skip_test,"","","",one_to_many,1,0,active,,0
358464,310857,307047,test_depends,downstream,optional,"",import,[],"","",cascade_failure,skip_test,"","","",one_to_many,1,0,active,,0
358465,310857,307004,test_depends,downstream,optional,"",import,[],"","",cascade_failure,skip_test,"","","",one_to_many,1,0,active,,0
358454,310854,308059,test_depends,downstream,optional,"",import,[],"","",cascade_failure,skip_test,"","","",one_to_many,1,0,active,,0
358455,310854,307047,test_depends,downstream,optional,"",import,[],"","",cascade_failure,skip_test,"","","",one_to_many,1,0,active,,0
358456,310854,307004,test_depends,downstream,optional,"",import,[],"","",cascade_failure,skip_test,"","","",one_to_many,1,0,active,,0
358451,310853,308059,test_depends,downstream,optional,"",import,[],"","",cascade_failure,skip_test,"","","",one_to_many,1,0,active,,0
358452,310853,307047,test_depends,downstream,optional,"",import,[],"","",cascade_failure,skip_test,"","","",one_to_many,1,0,active,,0
358453,310853,307004,test_depends,downstream,optional,"",import,[],"","",cascade_failure,skip_test,"","","",one_to_many,1,0,active,,0
358469,310859,308059,test_depends,downstream,optional,"",import,[],"","",cascade_failure,skip_test,"","","",one_to_many,1,0,active,,0
358470,310859,307047,test_depends,downstream,optional,"",import,[],"","",cascade_failure,skip_test,"","","",one_to_many,1,0,active,,0
358471,310859,307004,test_depends,downstream,optional,"",import,[],"","",cascade_failure,skip_test,"","","",one_to_many,1,0,active,,0
358466,310858,308059,test_depends,downstream,optional,"",import,[],"","",cascade_failure,skip_test,"","","",one_to_many,1,0,active,,0
358467,310858,307047,test_depends,downstream,optional,"",import,[],"","",cascade_failure,skip_test,"","","",one_to_many,1,0,active,,0
358468,310858,307004,test_depends,downstream,optional,"",import,[],"","",cascade_failure,skip_test,"","","",one_to_many,1,0,active,,0
353996,306800,306757,import_depends,downstream,required,"",import,[],"","",timeout,graceful_degradation,"","","",one_to_many,0,0,active,,0
353997,306800,306755,import_depends,downstream,required,"",import,[],"","",timeout,graceful_degradation,"","","",one_to_many,0,0,active,,0
358472,310860,308033,test_depends,downstream,optional,"",import,[],"","",cascade_failure,skip_test,"","","",one_to_many,1,0,active,,0
353617,306247,307323,import_depends,downstream,critical,"",import,[],"","",service_down,circuit_break,"","","",one_to_many,1,0,active,,0
358477,310864,308097,test_depends,downstream,optional,"",import,[],"","",cascade_failure,skip_test,"","","",one_to_many,1,0,active,,0
358478,310864,308036,test_depends,downstream,optional,"",import,[],"","",cascade_failure,skip_test,"","","",one_to_many,1,0,active,,0
358479,310865,308100,test_depends,downstream,optional,"",import,[],"","",cascade_failure,skip_test,"","","",one_to_many,1,0,active,,0
358480,310865,308036,test_depends,downstream,optional,"",import,[],"","",cascade_failure,skip_test,"","","",one_to_many,1,0,active,,0
358489,310871,308121,test_depends,downstream,optional,"",import,[],"","",cascade_failure,skip_test,"","","",one_to_many,1,0,active,,0
358483,310868,308060,test_depends,downstream,optional,"",import,[],"","",cascade_failure,skip_test,"","","",one_to_many,1,0,active,,0
358481,310866,308119,test_depends,downstream,optional,"",import,[],"","",cascade_failure,skip_test,"","","",one_to_many,1,0,active,,0
358488,310870,308125,test_depends,downstream,optional,"",import,[],"","",cascade_failure,skip_test,"","","",one_to_many,1,0,active,,0
358490,310873,307893,test_depends,downstream,optional,"",import,[],"","",cascade_failure,skip_test,"","","",one_to_many,1,0,active,,0
358484,310869,308132,test_depends,downstream,optional,"",import,[],"","",cascade_failure,skip_test,"","","",one_to_many,1,0,active,,0
358491,306271,306266,config_depends,downstream,degradable,"",config,[],"",shared_kernel,timeout,circuit_break,"","","",one_to_many,0,0,active,,0
358494,306456,306449,config_depends,downstream,degradable,"",config,[],"",shared_kernel,timeout,circuit_break,"","","",one_to_many,0,0,active,,0
354342,307045,307004,import_depends,downstream,required,"",import,[],"",shared_kernel,timeout,graceful_degradation,"","","",one_to_many,0,0,active,,0
357933,310488,307568,test_depends,downstream,optional,"",import,[],"","",cascade_failure,skip_test,"","","",one_to_many,1,0,active,,0
358499,306498,306537,config_depends,downstream,degradable,"",config,[],"",shared_kernel,timeout,circuit_break,"","","",one_to_many,0,0,active,,0
358497,306491,306537,config_depends,downstream,degradable,"",config,[],"",shared_kernel,timeout,circuit_break,"","","",one_to_many,0,0,active,,0
356451,309345,306549,test_depends,downstream,optional,"",import,[],"","",cascade_failure,skip_test,"","","",one_to_many,1,0,active,,0
358500,306499,306537,config_depends,downstream,degradable,"",config,[],"","",timeout,circuit_break,"","","",one_to_many,0,0,active,,0
358502,306503,306537,config_depends,downstream,degradable,"",config,[],"",shared_kernel,timeout,circuit_break,"","","",one_to_many,0,0,active,,0
358504,306506,306537,config_depends,downstream,degradable,"",config,[],"",shared_kernel,timeout,circuit_break,"","","",one_to_many,0,0,active,,0
358512,306516,306537,config_depends,downstream,degradable,"",config,[],"",shared_kernel,timeout,circuit_break,"","","",one_to_many,0,0,active,,0
358516,306520,306537,config_depends,downstream,degradable,"",config,[],"",shared_kernel,timeout,circuit_break,"","","",one_to_many,0,0,active,,0
358522,306526,306537,config_depends,downstream,degradable,"",config,[],"",shared_kernel,timeout,circuit_break,"","","",one_to_many,0,0,active,,0
358520,306524,306537,config_depends,downstream,degradable,"",config,[],"",shared_kernel,timeout,circuit_break,"","","",one_to_many,0,0,active,,0
358517,306521,306537,config_depends,downstream,degradable,"",config,[],"",shared_kernel,timeout,circuit_break,"","","",one_to_many,0,0,active,,0
358518,306522,306537,config_depends,downstream,degradable,"",config,[],"",shared_kernel,timeout,circuit_break,"","","",one_to_many,0,0,active,,0
358521,306525,306537,config_depends,downstream,degradable,"",config,[],"",shared_kernel,timeout,circuit_break,"","","",one_to_many,0,0,active,,0
358531,306628,306627,config_depends,downstream,degradable,"",config,[],"","",timeout,circuit_break,"","","",one_to_many,0,0,active,,0
358538,306823,306814,config_depends,downstream,degradable,"",config,[],"","",timeout,circuit_break,"","","",one_to_many,0,0,active,,0
358540,306895,306890,config_depends,downstream,degradable,"",config,[],"","",timeout,circuit_break,"","","",one_to_many,0,0,active,,0
358541,306896,306893,config_depends,downstream,degradable,"",config,[],"","",timeout,circuit_break,"","","",one_to_many,0,0,active,,0
358549,307097,307114,config_depends,downstream,degradable,"",config,[],"",shared_kernel,timeout,circuit_break,"","","",one_to_many,0,0,active,,0
358553,307165,307181,config_depends,downstream,degradable,"",config,[],"",shared_kernel,timeout,circuit_break,"","","",one_to_many,0,0,active,,0
358555,307188,307201,config_depends,downstream,degradable,"",config,[],"",shared_kernel,timeout,circuit_break,"","","",one_to_many,0,0,active,,0
357848,310442,308021,test_depends,downstream,optional,"",import,[],"","",cascade_failure,skip_test,"","","",one_to_many,1,0,active,,0
358557,307200,307201,config_depends,downstream,degradable,"",config,[],"",shared_kernel,timeout,circuit_break,"","","",one_to_many,0,0,active,,0
358558,307202,307210,config_depends,downstream,degradable,"",config,[],"",shared_kernel,timeout,circuit_break,"","","",one_to_many,0,0,active,,0
358559,307203,307210,config_depends,downstream,degradable,"",config,[],"",shared_kernel,timeout,circuit_break,"","","",one_to_many,0,0,active,,0
358561,307205,307210,config_depends,downstream,degradable,"",config,[],"",shared_kernel,timeout,circuit_break,"","","",one_to_many,0,0,active,,0
358563,307208,307210,config_depends,downstream,degradable,"",config,[],"",shared_kernel,timeout,circuit_break,"","","",one_to_many,0,0,active,,0
358556,307196,307210,config_depends,downstream,degradable,"",config,[],"",shared_kernel,timeout,circuit_break,"","","",one_to_many,0,0,active,,0
358560,307204,307210,config_depends,downstream,degradable,"",config,[],"",shared_kernel,timeout,circuit_break,"","","",one_to_many,0,0,active,,0
358562,307206,307210,config_depends,downstream,degradable,"",config,[],"",shared_kernel,timeout,circuit_break,"","","",one_to_many,0,0,active,,0
358564,307223,307276,config_depends,downstream,degradable,"",config,[],"",shared_kernel,timeout,circuit_break,"","","",one_to_many,0,0,active,,0
358565,307224,307276,config_depends,downstream,degradable,"",config,[],"",shared_kernel,timeout,circuit_break,"","","",one_to_many,0,0,active,,0
358567,307229,307276,config_depends,downstream,degradable,"",config,[],"",shared_kernel,timeout,circuit_break,"","","",one_to_many,0,0,active,,0
358566,307226,307276,config_depends,downstream,degradable,"",config,[],"",shared_kernel,timeout,circuit_break,"","","",one_to_many,0,0,active,,0
358568,307233,307276,config_depends,downstream,degradable,"",config,[],"",shared_kernel,timeout,circuit_break,"","","",one_to_many,0,0,active,,0
358569,307238,307276,config_depends,downstream,degradable,"",config,[],"",shared_kernel,timeout,circuit_break,"","","",one_to_many,0,0,active,,0
358573,307252,307276,config_depends,downstream,degradable,"",config,[],"",shared_kernel,timeout,circuit_break,"","","",one_to_many,0,0,active,,0
353894,306632,306767,import_depends,downstream,required,"",import,[],"","",timeout,graceful_degradation,"","","",one_to_many,0,0,active,,0
358571,307244,307276,config_depends,downstream,degradable,"",config,[],"",shared_kernel,timeout,circuit_break,"","","",one_to_many,0,0,active,,0
358570,307240,307276,config_depends,downstream,degradable,"",config,[],"",shared_kernel,timeout,circuit_break,"","","",one_to_many,0,0,active,,0
358572,307248,307276,config_depends,downstream,degradable,"",config,[],"",shared_kernel,timeout,circuit_break,"","","",one_to_many,0,0,active,,0
358574,307257,307276,config_depends,downstream,degradable,"",config,[],"",shared_kernel,timeout,circuit_break,"","","",one_to_many,0,0,active,,0
358576,307327,307330,config_depends,downstream,degradable,"",config,[],"",shared_kernel,timeout,circuit_break,"","","",one_to_many,0,0,active,,0
358578,307329,307330,config_depends,downstream,degradable,"",config,[],"",shared_kernel,timeout,circuit_break,"","","",one_to_many,0,0,active,,0
358577,307328,307330,config_depends,downstream,degradable,"",config,[],"",shared_kernel,timeout,circuit_break,"","","",one_to_many,0,0,active,,0
358575,307325,307330,config_depends,downstream,degradable,"",config,[],"",shared_kernel,timeout,circuit_break,"","","",one_to_many,0,0,active,,0
358579,307332,307330,config_depends,downstream,degradable,"",config,[],"",shared_kernel,timeout,circuit_break,"","","",one_to_many,0,0,active,,0
358580,307442,307438,config_depends,downstream,degradable,"",config,[],"",shared_kernel,timeout,circuit_break,"","","",one_to_many,0,0,active,,0
358582,307486,307484,config_depends,downstream,degradable,"",config,[],"",shared_kernel,timeout,circuit_break,"","","",one_to_many,0,0,active,,0
357856,310447,308021,test_depends,downstream,optional,"",import,[],"","",cascade_failure,skip_test,"","","",one_to_many,1,0,active,,0
358584,307496,307493,config_depends,downstream,degradable,"",config,[],"",shared_kernel,timeout,circuit_break,"","","",one_to_many,0,0,active,,0
353998,306800,306762,import_depends,downstream,required,"",import,[],"","",timeout,graceful_degradation,"","","",one_to_many,0,0,active,,0
353999,306800,306780,import_depends,downstream,required,"",import,[],"","",timeout,graceful_degradation,"","","",one_to_many,0,0,active,,0
358586,307549,307571,config_depends,downstream,degradable,"",config,[],"",shared_kernel,timeout,circuit_break,"","","",one_to_many,0,0,active,,0
358587,307574,307569,config_depends,downstream,degradable,"",config,[],"","",timeout,circuit_break,"","","",one_to_many,0,0,active,,0
358591,307675,307669,config_depends,downstream,degradable,"",config,[],"","",timeout,circuit_break,"","","",one_to_many,0,0,active,,0
358594,307718,307759,config_depends,downstream,degradable,"",config,[],"","",timeout,circuit_break,"","","",one_to_many,0,0,active,,0
358596,307723,307759,config_depends,downstream,degradable,"",config,[],"","",timeout,circuit_break,"","","",one_to_many,0,0,active,,0
358595,307720,307759,config_depends,downstream,degradable,"",config,[],"","",timeout,circuit_break,"","","",one_to_many,0,0,active,,0
358598,307736,307759,config_depends,downstream,degradable,"",config,[],"","",timeout,circuit_break,"","","",one_to_many,0,0,active,,0
358597,307728,307759,config_depends,downstream,degradable,"",config,[],"","",timeout,circuit_break,"","","",one_to_many,0,0,active,,0
358599,307743,307759,config_depends,downstream,degradable,"",config,[],"","",timeout,circuit_break,"","","",one_to_many,0,0,active,,0
358601,307753,307759,config_depends,downstream,degradable,"",config,[],"","",timeout,circuit_break,"","","",one_to_many,0,0,active,,0
358600,307752,307759,config_depends,downstream,degradable,"",config,[],"",shared_kernel,timeout,circuit_break,"","","",one_to_many,0,0,active,,0
358602,307758,307759,config_depends,downstream,degradable,"",config,[],"","",timeout,circuit_break,"","","",one_to_many,0,0,active,,0
354343,307045,307012,import_depends,downstream,required,"",import,[],"",shared_kernel,timeout,graceful_degradation,"","","",one_to_many,0,0,active,,0
358604,307766,307785,config_depends,downstream,degradable,"",config,[],"","",timeout,circuit_break,"","","",one_to_many,0,0,active,,0
358607,307814,307817,config_depends,downstream,degradable,"",config,[],"","",timeout,circuit_break,"","","",one_to_many,0,0,active,,0
358605,307811,307817,config_depends,downstream,degradable,"",config,[],"","",timeout,circuit_break,"","","",one_to_many,0,0,active,,0
358606,307813,307817,config_depends,downstream,degradable,"",config,[],"","",timeout,circuit_break,"","","",one_to_many,0,0,active,,0
358608,307816,307817,config_depends,downstream,degradable,"",config,[],"","",timeout,circuit_break,"","","",one_to_many,0,0,active,,0
353618,306248,307910,import_depends,downstream,critical,"",import,[],"","",service_down,circuit_break,"","","",one_to_many,1,0,active,,0
353619,306248,306236,import_depends,downstream,required,"",import,[],"","",timeout,graceful_degradation,"","","",one_to_many,0,0,active,,0
353895,306632,306771,import_depends,downstream,required,"",import,[],"","",timeout,graceful_degradation,"","","",one_to_many,0,0,active,,0
358609,307860,307863,config_depends,downstream,degradable,"",config,[],"","",timeout,circuit_break,"","","",one_to_many,0,0,active,,0
358611,307870,307872,config_depends,downstream,degradable,"",config,[],"",shared_kernel,timeout,circuit_break,"","","",one_to_many,0,0,active,,0
358610,307868,307872,config_depends,downstream,degradable,"",config,[],"",shared_kernel,timeout,circuit_break,"","","",one_to_many,0,0,active,,0
358612,307897,307893,config_depends,downstream,degradable,"",config,[],"","",timeout,circuit_break,"","","",one_to_many,0,0,active,,0
358614,307911,307909,config_depends,downstream,degradable,"",config,[],"","",timeout,circuit_break,"","","",one_to_many,0,0,active,,0
358615,307913,307916,config_depends,downstream,degradable,"",config,[],"","",timeout,circuit_break,"","","",one_to_many,0,0,active,,0
358621,307933,307965,config_depends,downstream,degradable,"",config,[],"","",timeout,circuit_break,"","","",one_to_many,0,0,active,,0
358618,307930,307965,config_depends,downstream,degradable,"",config,[],"","",timeout,circuit_break,"","","",one_to_many,0,0,active,,0
358620,307932,307965,config_depends,downstream,degradable,"",config,[],"","",timeout,circuit_break,"","","",one_to_many,0,0,active,,0
358619,307931,307965,config_depends,downstream,degradable,"",config,[],"","",timeout,circuit_break,"","","",one_to_many,0,0,active,,0
358617,307928,307965,config_depends,downstream,degradable,"",config,[],"","",timeout,circuit_break,"","","",one_to_many,0,0,active,,0
354000,306800,306779,import_depends,downstream,required,"",import,[],"","",timeout,graceful_degradation,"","","",one_to_many,0,0,active,,0
354001,306800,306789,import_depends,downstream,required,"",import,[],"","",timeout,graceful_degradation,"","","",one_to_many,0,0,active,,0
358622,307944,307965,config_depends,downstream,degradable,"",config,[],"","",timeout,circuit_break,"","","",one_to_many,0,0,active,,0
358626,307961,307965,config_depends,downstream,degradable,"",config,[],"","",timeout,circuit_break,"","","",one_to_many,0,0,active,,0
358623,307954,307965,config_depends,downstream,degradable,"",config,[],"","",timeout,circuit_break,"","","",one_to_many,0,0,active,,0
358624,307957,307965,config_depends,downstream,degradable,"",config,[],"","",timeout,circuit_break,"","","",one_to_many,0,0,active,,0
358625,307960,307965,config_depends,downstream,degradable,"",config,[],"","",timeout,circuit_break,"","","",one_to_many,0,0,active,,0
358627,307981,307988,config_depends,downstream,degradable,"",config,[],"",shared_kernel,timeout,circuit_break,"","","",one_to_many,0,0,active,,0
358628,307983,307988,config_depends,downstream,degradable,"",config,[],"",shared_kernel,timeout,circuit_break,"","","",one_to_many,0,0,active,,0
358632,307991,307993,config_depends,downstream,degradable,"",config,[],"","",timeout,circuit_break,"","","",one_to_many,0,0,active,,0
358631,307989,307988,config_depends,downstream,degradable,"",config,[],"",shared_kernel,timeout,circuit_break,"","","",one_to_many,0,0,active,,0
358633,307992,307993,config_depends,downstream,degradable,"",config,[],"","",timeout,circuit_break,"","","",one_to_many,0,0,active,,0
358635,307996,307993,config_depends,downstream,degradable,"",config,[],"","",timeout,circuit_break,"","","",one_to_many,0,0,active,,0
358636,307998,307993,config_depends,downstream,degradable,"",config,[],"","",timeout,circuit_break,"","","",one_to_many,0,0,active,,0
358648,308156,308149,config_depends,downstream,degradable,"",config,[],"",shared_kernel,timeout,circuit_break,"","","",one_to_many,0,0,active,,0
358647,308152,308154,config_depends,downstream,degradable,"",config,[],"",shared_kernel,timeout,circuit_break,"","","",one_to_many,0,0,active,,0
354330,307040,307018,import_depends,downstream,required,"",import,[],"",shared_kernel,timeout,graceful_degradation,"","","",one_to_many,0,0,active,,0
354331,307040,307004,import_depends,downstream,required,"",import,[],"",shared_kernel,timeout,graceful_degradation,"","","",one_to_many,0,0,active,,0
358088,310628,306884,test_depends,downstream,optional,"",import,[],"","",cascade_failure,skip_test,"","","",one_to_many,1,0,active,,0
358649,308182,308178,config_depends,downstream,degradable,"",config,[],"","",timeout,circuit_break,"","","",one_to_many,0,0,active,,0
353620,306248,306241,import_depends,downstream,required,"",import,[],"","",timeout,graceful_degradation,"","","",one_to_many,0,0,active,,0
353896,306632,306769,import_depends,downstream,required,"",import,[],"","",timeout,graceful_degradation,"","","",one_to_many,0,0,active,,0
358660,308300,308295,config_depends,downstream,degradable,"",config,[],"","",timeout,circuit_break,"","","",one_to_many,0,0,active,,0
358651,308289,308295,config_depends,downstream,degradable,"",config,[],"","",timeout,circuit_break,"","","",one_to_many,0,0,active,,0
358653,308292,308295,config_depends,downstream,degradable,"",config,[],"","",timeout,circuit_break,"","","",one_to_many,0,0,active,,0
358652,308291,308295,config_depends,downstream,degradable,"",config,[],"","",timeout,circuit_break,"","","",one_to_many,0,0,active,,0
358658,308298,308295,config_depends,downstream,degradable,"",config,[],"","",timeout,circuit_break,"","","",one_to_many,0,0,active,,0
358659,308299,308295,config_depends,downstream,degradable,"",config,[],"","",timeout,circuit_break,"","","",one_to_many,0,0,active,,0
358654,308293,308295,config_depends,downstream,degradable,"",config,[],"","",timeout,circuit_break,"","","",one_to_many,0,0,active,,0
358657,308297,308295,config_depends,downstream,degradable,"",config,[],"","",timeout,circuit_break,"","","",one_to_many,0,0,active,,0
358655,308294,308295,config_depends,downstream,degradable,"",config,[],"","",timeout,circuit_break,"","","",one_to_many,0,0,active,,0
354033,306811,306766,import_depends,downstream,required,"",import,[],"",shared_kernel,timeout,graceful_degradation,"","","",one_to_many,0,0,active,,0
358661,308301,308317,config_depends,downstream,degradable,"",config,[],"","",timeout,circuit_break,"","","",one_to_many,0,0,active,,0
358664,308304,308317,config_depends,downstream,degradable,"",config,[],"","",timeout,circuit_break,"","","",one_to_many,0,0,active,,0
358656,308296,308295,config_depends,downstream,degradable,"",config,[],"","",timeout,circuit_break,"","","",one_to_many,0,0,active,,0
358669,308309,308317,config_depends,downstream,degradable,"",config,[],"","",timeout,circuit_break,"","","",one_to_many,0,0,active,,0
358666,308306,308317,config_depends,downstream,degradable,"",config,[],"","",timeout,circuit_break,"","","",one_to_many,0,0,active,,0
358663,308303,308317,config_depends,downstream,degradable,"",config,[],"","",timeout,circuit_break,"","","",one_to_many,0,0,active,,0
358662,308302,308317,config_depends,downstream,degradable,"",config,[],"","",timeout,circuit_break,"","","",one_to_many,0,0,active,,0
358667,308307,308317,config_depends,downstream,degradable,"",config,[],"","",timeout,circuit_break,"","","",one_to_many,0,0,active,,0
358674,308314,308317,config_depends,downstream,degradable,"",config,[],"","",timeout,circuit_break,"","","",one_to_many,0,0,active,,0
358677,308318,308317,config_depends,downstream,degradable,"",config,[],"","",timeout,circuit_break,"","","",one_to_many,0,0,active,,0
358017,310563,306223,test_depends,downstream,optional,"",import,[],"","",cascade_failure,skip_test,"","","",one_to_many,1,0,active,,0
358705,308348,308352,config_depends,downstream,degradable,"",config,[],"","",timeout,circuit_break,"","","",one_to_many,0,0,active,,0
353624,306266,306305,import_depends,downstream,required,"",import,[],"","",timeout,graceful_degradation,"","","",one_to_many,0,0,active,,0
353636,306287,306613,import_depends,downstream,critical,"",import,[],"","",service_down,circuit_break,"","","",one_to_many,1,0,active,,0
353638,306288,306290,import_depends,downstream,required,"",import,[],"","",timeout,graceful_degradation,"","","",one_to_many,0,0,active,,0
353897,306632,306770,import_depends,downstream,required,"",import,[],"","",timeout,graceful_degradation,"","","",one_to_many,0,0,active,,0
358707,308350,308352,config_depends,downstream,degradable,"",config,[],"","",timeout,circuit_break,"","","",one_to_many,0,0,active,,0
358713,308358,308361,config_depends,downstream,degradable,"",config,[],"","",timeout,circuit_break,"","","",one_to_many,0,0,active,,0
358715,308360,308361,config_depends,downstream,degradable,"",config,[],"","",timeout,circuit_break,"","","",one_to_many,0,0,active,,0
358711,308355,308361,config_depends,downstream,degradable,"",config,[],"","",timeout,circuit_break,"","","",one_to_many,0,0,active,,0
358716,308362,308361,config_depends,downstream,degradable,"",config,[],"","",timeout,circuit_break,"","","",one_to_many,0,0,active,,0
358712,308357,308361,config_depends,downstream,degradable,"",config,[],"","",timeout,circuit_break,"","","",one_to_many,0,0,active,,0
358717,308363,308361,config_depends,downstream,degradable,"",config,[],"","",timeout,circuit_break,"","","",one_to_many,0,0,active,,0
358723,308369,308361,config_depends,downstream,degradable,"",config,[],"","",timeout,circuit_break,"","","",one_to_many,0,0,active,,0
358720,308366,308379,config_depends,downstream,degradable,"",config,[],"","",timeout,circuit_break,"","","",one_to_many,0,0,active,,0
358726,308372,308379,config_depends,downstream,degradable,"",config,[],"","",timeout,circuit_break,"","","",one_to_many,0,0,active,,0
358719,308365,308379,config_depends,downstream,degradable,"",config,[],"","",timeout,circuit_break,"","","",one_to_many,0,0,active,,0
358714,308359,308361,config_depends,downstream,degradable,"",config,[],"","",timeout,circuit_break,"","","",one_to_many,0,0,active,,0
358718,308364,308379,config_depends,downstream,degradable,"",config,[],"","",timeout,circuit_break,"","","",one_to_many,0,0,active,,0
358722,308368,308379,config_depends,downstream,degradable,"",config,[],"","",timeout,circuit_break,"","","",one_to_many,0,0,active,,0
358727,308373,308379,config_depends,downstream,degradable,"",config,[],"","",timeout,circuit_break,"","","",one_to_many,0,0,active,,0
358730,308376,308379,config_depends,downstream,degradable,"",config,[],"","",timeout,circuit_break,"","","",one_to_many,0,0,active,,0
354039,306815,306766,import_depends,downstream,required,"",import,[],"","",timeout,graceful_degradation,"","","",one_to_many,0,0,active,,0
354040,306815,306769,import_depends,downstream,required,"",import,[],"","",timeout,graceful_degradation,"","","",one_to_many,0,0,active,,0
358733,308380,308379,config_depends,downstream,degradable,"",config,[],"","",timeout,circuit_break,"","","",one_to_many,0,0,active,,0
358724,308370,308379,config_depends,downstream,degradable,"",config,[],"","",timeout,circuit_break,"","","",one_to_many,0,0,active,,0
358729,308375,308379,config_depends,downstream,degradable,"",config,[],"","",timeout,circuit_break,"","","",one_to_many,0,0,active,,0
358732,308378,308379,config_depends,downstream,degradable,"",config,[],"","",timeout,circuit_break,"","","",one_to_many,0,0,active,,0
358735,308382,308392,config_depends,downstream,degradable,"",config,[],"","",timeout,circuit_break,"","","",one_to_many,0,0,active,,0
358731,308377,308392,config_depends,downstream,degradable,"",config,[],"","",timeout,circuit_break,"","","",one_to_many,0,0,active,,0
358737,308384,308392,config_depends,downstream,degradable,"",config,[],"","",timeout,circuit_break,"","","",one_to_many,0,0,active,,0
358743,308390,308392,config_depends,downstream,degradable,"",config,[],"","",timeout,circuit_break,"","","",one_to_many,0,0,active,,0
353625,306266,306223,import_depends,downstream,required,"",import,[],"","",timeout,graceful_degradation,"","","",one_to_many,0,0,active,,0
353898,306632,306768,import_depends,downstream,required,"",import,[],"","",timeout,graceful_degradation,"","","",one_to_many,0,0,active,,0
354372,307050,307025,import_depends,downstream,required,"",import,[],"",shared_kernel,timeout,graceful_degradation,"","","",one_to_many,0,0,active,,0
354373,307050,307024,import_depends,downstream,required,"",import,[],"",shared_kernel,timeout,graceful_degradation,"","","",one_to_many,0,0,active,,0
358736,308383,308392,config_depends,downstream,degradable,"",config,[],"","",timeout,circuit_break,"","","",one_to_many,0,0,active,,0
358739,308386,308392,config_depends,downstream,degradable,"",config,[],"","",timeout,circuit_break,"","","",one_to_many,0,0,active,,0
358738,308385,308392,config_depends,downstream,degradable,"",config,[],"","",timeout,circuit_break,"","","",one_to_many,0,0,active,,0
358734,308381,308392,config_depends,downstream,degradable,"",config,[],"","",timeout,circuit_break,"","","",one_to_many,0,0,active,,0
358752,308400,308427,config_depends,downstream,degradable,"",config,[],"","",timeout,circuit_break,"","","",one_to_many,0,0,active,,0
358751,308399,308427,config_depends,downstream,degradable,"",config,[],"","",timeout,circuit_break,"","","",one_to_many,0,0,active,,0
358754,308402,308427,config_depends,downstream,degradable,"",config,[],"","",timeout,circuit_break,"","","",one_to_many,0,0,active,,0
354041,306815,306783,import_depends,downstream,required,"",import,[],"","",timeout,graceful_degradation,"","","",one_to_many,0,0,active,,0
358756,308404,308427,config_depends,downstream,degradable,"",config,[],"","",timeout,circuit_break,"","","",one_to_many,0,0,active,,0
358760,308408,308427,config_depends,downstream,degradable,"",config,[],"","",timeout,circuit_break,"","","",one_to_many,0,0,active,,0
358757,308405,308427,config_depends,downstream,degradable,"",config,[],"","",timeout,circuit_break,"","","",one_to_many,0,0,active,,0
358755,308403,308427,config_depends,downstream,degradable,"",config,[],"","",timeout,circuit_break,"","","",one_to_many,0,0,active,,0
358762,308410,308427,config_depends,downstream,degradable,"",config,[],"","",timeout,circuit_break,"","","",one_to_many,0,0,active,,0
358766,308414,308427,config_depends,downstream,degradable,"",config,[],"","",timeout,circuit_break,"","","",one_to_many,0,0,active,,0
358778,308426,308427,config_depends,downstream,degradable,"",config,[],"","",timeout,circuit_break,"","","",one_to_many,0,0,active,,0
358767,308415,308427,config_depends,downstream,degradable,"",config,[],"","",timeout,circuit_break,"","","",one_to_many,0,0,active,,0
358769,308417,308427,config_depends,downstream,degradable,"",config,[],"","",timeout,circuit_break,"","","",one_to_many,0,0,active,,0
358771,308419,308427,config_depends,downstream,degradable,"",config,[],"","",timeout,circuit_break,"","","",one_to_many,0,0,active,,0
358774,308422,308427,config_depends,downstream,degradable,"",config,[],"","",timeout,circuit_break,"","","",one_to_many,0,0,active,,0
358773,308421,308427,config_depends,downstream,degradable,"",config,[],"","",timeout,circuit_break,"","","",one_to_many,0,0,active,,0
358776,308424,308427,config_depends,downstream,degradable,"",config,[],"","",timeout,circuit_break,"","","",one_to_many,0,0,active,,0
358779,308428,308427,config_depends,downstream,degradable,"",config,[],"","",timeout,circuit_break,"","","",one_to_many,0,0,active,,0
358777,308425,308427,config_depends,downstream,degradable,"",config,[],"","",timeout,circuit_break,"","","",one_to_many,0,0,active,,0
358775,308423,308427,config_depends,downstream,degradable,"",config,[],"","",timeout,circuit_break,"","","",one_to_many,0,0,active,,0
358787,308675,308697,config_depends,downstream,degradable,"",config,[],"","",timeout,circuit_break,"","","",one_to_many,0,0,active,,0
358788,308676,308697,config_depends,downstream,degradable,"",config,[],"",shared_kernel,timeout,circuit_break,"","","",one_to_many,0,0,active,,0
358789,308679,308697,config_depends,downstream,degradable,"",config,[],"",shared_kernel,timeout,circuit_break,"","","",one_to_many,0,0,active,,0
358791,308682,308697,config_depends,downstream,degradable,"",config,[],"",shared_kernel,timeout,circuit_break,"","","",one_to_many,0,0,active,,0
358790,308680,308697,config_depends,downstream,degradable,"",config,[],"",shared_kernel,timeout,circuit_break,"","","",one_to_many,0,0,active,,0
354374,307050,307031,import_depends,downstream,required,"",import,[],"",shared_kernel,timeout,graceful_degradation,"","","",one_to_many,0,0,active,,0
354375,307050,307026,import_depends,downstream,required,"",import,[],"",shared_kernel,timeout,graceful_degradation,"","","",one_to_many,0,0,active,,0
358794,308694,308697,config_depends,downstream,degradable,"",config,[],"","",timeout,circuit_break,"","","",one_to_many,0,0,active,,0
358795,308695,308697,config_depends,downstream,degradable,"",config,[],"","",timeout,circuit_break,"","","",one_to_many,0,0,active,,0
358796,308696,308702,config_depends,downstream,degradable,"",config,[],"",shared_kernel,timeout,circuit_break,"","","",one_to_many,0,0,active,,0
358797,308698,308702,config_depends,downstream,degradable,"",config,[],"",shared_kernel,timeout,circuit_break,"","","",one_to_many,0,0,active,,0
358799,308700,308702,config_depends,downstream,degradable,"",config,[],"",shared_kernel,timeout,circuit_break,"","","",one_to_many,0,0,active,,0
353653,306316,306558,import_depends,downstream,critical,"",import,[],"","",service_down,circuit_break,"","","",one_to_many,1,0,active,,0
354042,306815,306796,import_depends,downstream,required,"",import,[],"","",timeout,graceful_degradation,"","","",one_to_many,0,0,active,,0
353899,306632,306773,import_depends,downstream,required,"",import,[],"","",timeout,graceful_degradation,"","","",one_to_many,0,0,active,,0
358803,308706,308702,config_depends,downstream,degradable,"",config,[],"",shared_kernel,timeout,circuit_break,"","","",one_to_many,0,0,active,,0
358814,308717,308724,config_depends,downstream,degradable,"",config,[],"",shared_kernel,timeout,circuit_break,"","","",one_to_many,0,0,active,,0
357498,310152,306642,test_depends,downstream,optional,"",import,[],"","",cascade_failure,skip_test,"","","",one_to_many,1,0,active,,0
358146,310669,307101,test_depends,downstream,optional,"",import,[],"","",cascade_failure,skip_test,"","","",one_to_many,1,0,active,,0
358801,308704,308724,config_depends,downstream,degradable,"",config,[],"",shared_kernel,timeout,circuit_break,"","","",one_to_many,0,0,active,,0
358802,308705,308724,config_depends,downstream,degradable,"",config,[],"",shared_kernel,timeout,circuit_break,"","","",one_to_many,0,0,active,,0
358811,308714,308724,config_depends,downstream,degradable,"",config,[],"",shared_kernel,timeout,circuit_break,"","","",one_to_many,0,0,active,,0
358806,308709,308724,config_depends,downstream,degradable,"",config,[],"",shared_kernel,timeout,circuit_break,"","","",one_to_many,0,0,active,,0
358810,308713,308724,config_depends,downstream,degradable,"",config,[],"",shared_kernel,timeout,circuit_break,"","","",one_to_many,0,0,active,,0
358812,308715,308724,config_depends,downstream,degradable,"",config,[],"",shared_kernel,timeout,circuit_break,"","","",one_to_many,0,0,active,,0
358808,308711,308724,config_depends,downstream,degradable,"",config,[],"",shared_kernel,timeout,circuit_break,"","","",one_to_many,0,0,active,,0
358816,308719,308724,config_depends,downstream,degradable,"",config,[],"",shared_kernel,timeout,circuit_break,"","","",one_to_many,0,0,active,,0
358819,308723,308724,config_depends,downstream,degradable,"",config,[],"",shared_kernel,timeout,circuit_break,"","","",one_to_many,0,0,active,,0
358809,308712,308724,config_depends,downstream,degradable,"",config,[],"",shared_kernel,timeout,circuit_break,"","","",one_to_many,0,0,active,,0
358815,308718,308724,config_depends,downstream,degradable,"",config,[],"",shared_kernel,timeout,circuit_break,"","","",one_to_many,0,0,active,,0
358813,308716,308724,config_depends,downstream,degradable,"",config,[],"",shared_kernel,timeout,circuit_break,"","","",one_to_many,0,0,active,,0
358827,308752,308750,config_depends,downstream,degradable,"",config,[],"",shared_kernel,timeout,circuit_break,"","","",one_to_many,0,0,active,,0
358824,308744,308750,config_depends,downstream,degradable,"",config,[],"","",timeout,circuit_break,"","","",one_to_many,0,0,active,,0
358826,308747,308750,config_depends,downstream,degradable,"",config,[],"","",timeout,circuit_break,"","","",one_to_many,0,0,active,,0
358828,308754,308750,config_depends,downstream,degradable,"",config,[],"",shared_kernel,timeout,circuit_break,"","","",one_to_many,0,0,active,,0
358825,308746,308750,config_depends,downstream,degradable,"",config,[],"","",timeout,circuit_break,"","","",one_to_many,0,0,active,,0
358830,308757,308775,config_depends,downstream,degradable,"",config,[],"","",timeout,circuit_break,"","","",one_to_many,0,0,active,,0
358832,308764,308775,config_depends,downstream,degradable,"",config,[],"",shared_kernel,timeout,circuit_break,"","","",one_to_many,0,0,active,,0
358839,308771,308775,config_depends,downstream,degradable,"",config,[],"",shared_kernel,timeout,circuit_break,"","","",one_to_many,0,0,active,,0
358841,308773,308775,config_depends,downstream,degradable,"",config,[],"",shared_kernel,timeout,circuit_break,"","","",one_to_many,0,0,active,,0
358837,308769,308775,config_depends,downstream,degradable,"",config,[],"",shared_kernel,timeout,circuit_break,"","","",one_to_many,0,0,active,,0
358838,308770,308775,config_depends,downstream,degradable,"",config,[],"",shared_kernel,timeout,circuit_break,"","","",one_to_many,0,0,active,,0
358843,308776,308775,config_depends,downstream,degradable,"",config,[],"","",timeout,circuit_break,"","","",one_to_many,0,0,active,,0
358844,308778,308782,config_depends,downstream,degradable,"",config,[],"",shared_kernel,timeout,circuit_break,"","","",one_to_many,0,0,active,,0
358848,308785,308782,config_depends,downstream,degradable,"",config,[],"","",timeout,circuit_break,"","","",one_to_many,0,0,active,,0
353651,306314,306290,import_depends,downstream,required,"",import,[],"","",timeout,graceful_degradation,"","","",one_to_many,0,0,active,,0
354044,306819,306825,import_depends,downstream,required,"",import,[],"","",timeout,graceful_degradation,"","","",one_to_many,0,0,active,,0
354043,306818,307982,import_depends,downstream,critical,"",import,[],"","",service_down,circuit_break,"","","",one_to_many,1,0,active,,0
358845,308779,308775,config_depends,downstream,degradable,"",config,[],"","",timeout,circuit_break,"","","",one_to_many,0,0,active,,0
358846,308781,308782,config_depends,downstream,degradable,"",config,[],"",shared_kernel,timeout,circuit_break,"","","",one_to_many,0,0,active,,0
358851,308788,308807,config_depends,downstream,degradable,"",config,[],"",shared_kernel,timeout,circuit_break,"","","",one_to_many,0,0,active,,0
358850,308787,308807,config_depends,downstream,degradable,"",config,[],"",shared_kernel,timeout,circuit_break,"","","",one_to_many,0,0,active,,0
358852,308789,308807,config_depends,downstream,degradable,"",config,[],"",shared_kernel,timeout,circuit_break,"","","",one_to_many,0,0,active,,0
358855,308794,308807,config_depends,downstream,degradable,"",config,[],"","",timeout,circuit_break,"","","",one_to_many,0,0,active,,0
358853,308790,308807,config_depends,downstream,degradable,"",config,[],"",shared_kernel,timeout,circuit_break,"","","",one_to_many,0,0,active,,0
358859,308798,308807,config_depends,downstream,degradable,"",config,[],"",shared_kernel,timeout,circuit_break,"","","",one_to_many,0,0,active,,0
358856,308795,308807,config_depends,downstream,degradable,"",config,[],"",shared_kernel,timeout,circuit_break,"","","",one_to_many,0,0,active,,0
358889,308836,308839,config_depends,downstream,degradable,"",config,[],"",shared_kernel,timeout,circuit_break,"","","",one_to_many,0,0,active,,0
358890,308837,308840,config_depends,downstream,degradable,"",config,[],"","",timeout,circuit_break,"","","",one_to_many,0,0,active,,0
358894,308843,308839,config_depends,downstream,degradable,"",config,[],"",shared_kernel,timeout,circuit_break,"","","",one_to_many,0,0,active,,0
358891,308838,308839,config_depends,downstream,degradable,"",config,[],"",shared_kernel,timeout,circuit_break,"","","",one_to_many,0,0,active,,0
358893,308842,308854,config_depends,downstream,degradable,"",config,[],"",shared_kernel,timeout,circuit_break,"","","",one_to_many,0,0,active,,0
358895,308849,308854,config_depends,downstream,degradable,"",config,[],"","",timeout,circuit_break,"","","",one_to_many,0,0,active,,0
358906,308864,308879,config_depends,downstream,degradable,"",config,[],"",shared_kernel,timeout,circuit_break,"","","",one_to_many,0,0,active,,0
358896,308850,308854,config_depends,downstream,degradable,"",config,[],"","",timeout,circuit_break,"","","",one_to_many,0,0,active,,0
358899,308857,308855,config_depends,downstream,degradable,"",config,[],"",shared_kernel,timeout,circuit_break,"","","",one_to_many,0,0,active,,0
358900,308858,308855,config_depends,downstream,degradable,"",config,[],"","",timeout,circuit_break,"","","",one_to_many,0,0,active,,0
358898,308856,308879,config_depends,downstream,degradable,"",config,[],"",shared_kernel,timeout,circuit_break,"","","",one_to_many,0,0,active,,0
358903,308861,308879,config_depends,downstream,degradable,"",config,[],"","",timeout,circuit_break,"","","",one_to_many,0,0,active,,0
358901,308859,308879,config_depends,downstream,degradable,"",config,[],"",shared_kernel,timeout,circuit_break,"","","",one_to_many,0,0,active,,0
353655,306329,306305,import_depends,downstream,required,"",import,[],"","",timeout,graceful_degradation,"","","",one_to_many,0,0,active,,0
358909,308867,308879,config_depends,downstream,degradable,"",config,[],"",shared_kernel,timeout,circuit_break,"","","",one_to_many,0,0,active,,0
358902,308860,308879,config_depends,downstream,degradable,"",config,[],"",shared_kernel,timeout,circuit_break,"","","",one_to_many,0,0,active,,0
358904,308862,308879,config_depends,downstream,degradable,"",config,[],"",shared_kernel,timeout,circuit_break,"","","",one_to_many,0,0,active,,0
358905,308863,308879,config_depends,downstream,degradable,"",config,[],"",shared_kernel,timeout,circuit_break,"","","",one_to_many,0,0,active,,0
358911,308869,308879,config_depends,downstream,degradable,"",config,[],"",shared_kernel,timeout,circuit_break,"","","",one_to_many,0,0,active,,0
354046,306829,306826,import_depends,downstream,required,"",import,[],"","",timeout,graceful_degradation,"","","",one_to_many,0,0,active,,0
358907,308865,308879,config_depends,downstream,degradable,"",config,[],"",shared_kernel,timeout,circuit_break,"","","",one_to_many,0,0,active,,0
358910,308868,308879,config_depends,downstream,degradable,"",config,[],"",shared_kernel,timeout,circuit_break,"","","",one_to_many,0,0,active,,0
358916,308874,308877,config_depends,downstream,degradable,"",config,[],"","",timeout,circuit_break,"","","",one_to_many,0,0,active,,0
358926,308899,308898,config_depends,downstream,degradable,"",config,[],"",shared_kernel,timeout,circuit_break,"","","",one_to_many,0,0,active,,0
358927,308902,308923,config_depends,downstream,degradable,"",config,[],"",shared_kernel,timeout,circuit_break,"","","",one_to_many,0,0,active,,0
358987,308972,308989,config_depends,downstream,degradable,"",config,[],"","",timeout,circuit_break,"","","",one_to_many,0,0,active,,0
358992,308977,308989,config_depends,downstream,degradable,"",config,[],"","",timeout,circuit_break,"","","",one_to_many,0,0,active,,0
358996,308981,308989,config_depends,downstream,degradable,"",config,[],"",shared_kernel,timeout,circuit_break,"","","",one_to_many,0,0,active,,0
358990,308975,308989,config_depends,downstream,degradable,"",config,[],"","",timeout,circuit_break,"","","",one_to_many,0,0,active,,0
358995,308980,308989,config_depends,downstream,degradable,"",config,[],"","",timeout,circuit_break,"","","",one_to_many,0,0,active,,0
359000,308985,308989,config_depends,downstream,degradable,"",config,[],"",shared_kernel,timeout,circuit_break,"","","",one_to_many,0,0,active,,0
359004,308990,308998,config_depends,downstream,degradable,"",config,[],"","",timeout,circuit_break,"","","",one_to_many,0,0,active,,0
359002,308987,308989,config_depends,downstream,degradable,"",config,[],"",shared_kernel,timeout,circuit_break,"","","",one_to_many,0,0,active,,0
353654,306324,306305,import_depends,downstream,required,"",import,[],"","",timeout,graceful_degradation,"","","",one_to_many,0,0,active,,0
353900,306632,306774,import_depends,downstream,required,"",import,[],"","",timeout,graceful_degradation,"","","",one_to_many,0,0,active,,0
353902,306632,306780,import_depends,downstream,required,"",import,[],"","",timeout,graceful_degradation,"","","",one_to_many,0,0,active,,0
353903,306632,306772,import_depends,downstream,required,"",import,[],"","",timeout,graceful_degradation,"","","",one_to_many,0,0,active,,0
359026,309018,309060,config_depends,downstream,degradable,"",config,[],"",shared_kernel,timeout,circuit_break,"","","",one_to_many,0,0,active,,0
359030,309023,309060,config_depends,downstream,degradable,"",config,[],"",shared_kernel,timeout,circuit_break,"","","",one_to_many,0,0,active,,0
359025,309014,309060,config_depends,downstream,degradable,"",config,[],"",shared_kernel,timeout,circuit_break,"","","",one_to_many,0,0,active,,0
359027,309019,309060,config_depends,downstream,degradable,"",config,[],"",shared_kernel,timeout,circuit_break,"","","",one_to_many,0,0,active,,0
359031,309025,309060,config_depends,downstream,degradable,"",config,[],"","",timeout,circuit_break,"","","",one_to_many,0,0,active,,0
359028,309021,309060,config_depends,downstream,degradable,"",config,[],"",shared_kernel,timeout,circuit_break,"","","",one_to_many,0,0,active,,0
359032,309026,309060,config_depends,downstream,degradable,"",config,[],"",shared_kernel,timeout,circuit_break,"","","",one_to_many,0,0,active,,0
359037,309031,309060,config_depends,downstream,degradable,"",config,[],"",shared_kernel,timeout,circuit_break,"","","",one_to_many,0,0,active,,0
359036,309030,309060,config_depends,downstream,degradable,"",config,[],"",shared_kernel,timeout,circuit_break,"","","",one_to_many,0,0,active,,0
359029,309022,309060,config_depends,downstream,degradable,"",config,[],"",shared_kernel,timeout,circuit_break,"","","",one_to_many,0,0,active,,0
358920,308880,308877,config_depends,downstream,degradable,"",config,[],"",shared_kernel,timeout,circuit_break,"","","",one_to_many,0,0,active,,0
359033,309027,309060,config_depends,downstream,degradable,"",config,[],"",shared_kernel,timeout,circuit_break,"","","",one_to_many,0,0,active,,0
359038,309032,309060,config_depends,downstream,degradable,"",config,[],"","",timeout,circuit_break,"","","",one_to_many,0,0,active,,0
354376,307050,307028,import_depends,downstream,required,"",import,[],"",shared_kernel,timeout,graceful_degradation,"","","",one_to_many,0,0,active,,0
359040,309034,309060,config_depends,downstream,degradable,"",config,[],"",shared_kernel,timeout,circuit_break,"","","",one_to_many,0,0,active,,0
359034,309028,309060,config_depends,downstream,degradable,"",config,[],"",shared_kernel,timeout,circuit_break,"","","",one_to_many,0,0,active,,0
359042,309036,309060,config_depends,downstream,degradable,"",config,[],"",shared_kernel,timeout,circuit_break,"","","",one_to_many,0,0,active,,0
359046,309042,309060,config_depends,downstream,degradable,"",config,[],"","",timeout,circuit_break,"","","",one_to_many,0,0,active,,0
359047,309043,309060,config_depends,downstream,degradable,"",config,[],"",shared_kernel,timeout,circuit_break,"","","",one_to_many,0,0,active,,0
359045,309041,309060,config_depends,downstream,degradable,"",config,[],"",shared_kernel,timeout,circuit_break,"","","",one_to_many,0,0,active,,0
359044,309040,309060,config_depends,downstream,degradable,"",config,[],"",shared_kernel,timeout,circuit_break,"","","",one_to_many,0,0,active,,0
359041,309035,309060,config_depends,downstream,degradable,"",config,[],"",shared_kernel,timeout,circuit_break,"","","",one_to_many,0,0,active,,0
359039,309033,309060,config_depends,downstream,degradable,"",config,[],"",shared_kernel,timeout,circuit_break,"","","",one_to_many,0,0,active,,0
359048,309044,309060,config_depends,downstream,degradable,"",config,[],"",shared_kernel,timeout,circuit_break,"","","",one_to_many,0,0,active,,0
359071,309087,309085,config_depends,downstream,degradable,"",config,[],"","",timeout,circuit_break,"","","",one_to_many,0,0,active,,0
359068,309073,309085,config_depends,downstream,degradable,"",config,[],"","",timeout,circuit_break,"","","",one_to_many,0,0,active,,0
359069,309081,309085,config_depends,downstream,degradable,"",config,[],"","",timeout,circuit_break,"","","",one_to_many,0,0,active,,0
359072,309089,309085,config_depends,downstream,degradable,"",config,[],"","",timeout,circuit_break,"","","",one_to_many,0,0,active,,0
353628,306279,306290,import_depends,downstream,required,"",import,[],"","",timeout,graceful_degradation,"","","",one_to_many,0,0,active,,0
359097,309128,309136,config_depends,downstream,degradable,"",config,[],"",shared_kernel,timeout,circuit_break,"","","",one_to_many,0,0,active,,0
359099,309133,309136,config_depends,downstream,degradable,"",config,[],"",shared_kernel,timeout,circuit_break,"","","",one_to_many,0,0,active,,0
359101,309137,309136,config_depends,downstream,degradable,"",config,[],"",shared_kernel,timeout,circuit_break,"","","",one_to_many,0,0,active,,0
354048,306829,306956,import_depends,downstream,required,"",import,[],"","",timeout,graceful_degradation,"","","",one_to_many,0,0,active,,0
353614,306241,308118,import_depends,downstream,critical,"",import,[],"","",service_down,circuit_break,"","","",one_to_many,1,0,active,,0
359100,309135,309136,config_depends,downstream,degradable,"",config,[],"",shared_kernel,timeout,circuit_break,"","","",one_to_many,0,0,active,,0
359108,309149,311180,config_depends,downstream,degradable,"",config,[],"","",timeout,circuit_break,"","","",one_to_many,0,0,active,,0
353665,306338,307829,import_depends,downstream,critical,"",import,[],"",anti_corruption_layer,service_down,circuit_break,"","","",one_to_many,1,0,active,,0
353666,306338,307830,import_depends,downstream,critical,"",import,[],"",anti_corruption_layer,service_down,circuit_break,"","","",one_to_many,1,0,active,,0
353908,306632,306778,import_depends,downstream,required,"",import,[],"","",timeout,graceful_degradation,"","","",one_to_many,0,0,active,,0
359207,310915,307009,config_depends,downstream,degradable,"",config,[],"","",timeout,circuit_break,"","","",one_to_many,0,0,active,,0
359189,310897,306812,config_depends,downstream,degradable,"",config,[],"","",timeout,circuit_break,"","","",one_to_many,0,0,active,,0
359191,310899,307009,config_depends,downstream,degradable,"",config,[],"","",timeout,circuit_break,"","","",one_to_many,0,0,active,,0
359190,310898,306209,config_depends,downstream,degradable,"",config,[],"","",timeout,circuit_break,"","","",one_to_many,1,0,active,,0
359194,310902,307009,config_depends,downstream,degradable,"",config,[],"","",timeout,circuit_break,"","","",one_to_many,0,0,active,,0
359192,310900,307009,config_depends,downstream,degradable,"",config,[],"","",timeout,circuit_break,"","","",one_to_many,0,0,active,,0
359195,310903,307009,config_depends,downstream,degradable,"",config,[],"","",timeout,circuit_break,"","","",one_to_many,0,0,active,,0
359196,310904,307009,config_depends,downstream,degradable,"",config,[],"","",timeout,circuit_break,"","","",one_to_many,0,0,active,,0
354049,306829,307845,import_depends,downstream,critical,"",import,[],"","",service_down,circuit_break,"","","",one_to_many,1,0,active,,0
354037,306814,307990,import_depends,downstream,critical,"",import,[],"","",service_down,circuit_break,"","","",one_to_many,1,0,active,,0
359202,310910,307009,config_depends,downstream,degradable,"",config,[],"","",timeout,circuit_break,"","","",one_to_many,0,0,active,,0
359200,310908,307009,config_depends,downstream,degradable,"",config,[],"","",timeout,circuit_break,"","","",one_to_many,0,0,active,,0
359204,310912,307009,config_depends,downstream,degradable,"",config,[],"","",timeout,circuit_break,"","","",one_to_many,0,0,active,,0
359206,310914,307009,config_depends,downstream,degradable,"",config,[],"","",timeout,circuit_break,"","","",one_to_many,0,0,active,,0
359205,310913,307009,config_depends,downstream,degradable,"",config,[],"","",timeout,circuit_break,"","","",one_to_many,0,0,active,,0
359209,310917,307009,config_depends,downstream,degradable,"",config,[],"","",timeout,circuit_break,"","","",one_to_many,0,0,active,,0
353910,306632,306782,import_depends,downstream,required,"",import,[],"","",timeout,graceful_degradation,"","","",one_to_many,0,0,active,,0
353911,306632,306783,import_depends,downstream,required,"",import,[],"","",timeout,graceful_degradation,"","","",one_to_many,0,0,active,,0
359214,310922,307009,config_depends,downstream,degradable,"",config,[],"","",timeout,circuit_break,"","","",one_to_many,0,0,active,,0
359215,310923,307009,config_depends,downstream,degradable,"",config,[],"","",timeout,circuit_break,"","","",one_to_many,0,0,active,,0
359210,310918,307009,config_depends,downstream,degradable,"",config,[],"","",timeout,circuit_break,"","","",one_to_many,0,0,active,,0
359212,310920,307009,config_depends,downstream,degradable,"",config,[],"","",timeout,circuit_break,"","","",one_to_many,0,0,active,,0
359213,310921,307009,config_depends,downstream,degradable,"",config,[],"","",timeout,circuit_break,"","","",one_to_many,0,0,active,,0
359221,310929,307009,config_depends,downstream,degradable,"",config,[],"","",timeout,circuit_break,"","","",one_to_many,0,0,active,,0
353675,306351,306719,import_depends,downstream,critical,"",import,[],"","",service_down,circuit_break,"","","",one_to_many,1,0,active,,0
353676,306353,306472,import_depends,downstream,critical,"",import,[],"",anti_corruption_layer,service_down,circuit_break,"","","",one_to_many,1,0,active,,0
359227,310935,307009,config_depends,downstream,degradable,"",config,[],"","",timeout,circuit_break,"","","",one_to_many,0,0,active,,0
359225,310933,307009,config_depends,downstream,degradable,"",config,[],"","",timeout,circuit_break,"","","",one_to_many,0,0,active,,0
356963,309745,306481,test_depends,downstream,optional,"",import,[],"","",cascade_failure,skip_test,"","","",one_to_many,1,0,active,,0
353678,306356,307088,import_depends,downstream,critical,"",import,[],"","",service_down,circuit_break,"","","",one_to_many,1,0,active,,0
353690,306364,306606,import_depends,downstream,critical,"",import,[],"",anti_corruption_layer,service_down,circuit_break,"","","",one_to_many,1,0,active,,0
353686,306362,306617,import_depends,downstream,critical,"",import,[],"","",service_down,circuit_break,"","","",one_to_many,1,0,active,,0
353687,306362,306619,import_depends,downstream,critical,"",import,[],"","",service_down,circuit_break,"","","",one_to_many,1,0,active,,0
353688,306362,306618,import_depends,downstream,critical,"",import,[],"","",service_down,circuit_break,"","","",one_to_many,1,0,active,,0
353693,306367,306845,import_depends,downstream,critical,"",import,[],"",anti_corruption_layer,service_down,circuit_break,"","","",one_to_many,1,0,active,,0
353695,306371,307150,import_depends,downstream,critical,"",import,[],"",anti_corruption_layer,service_down,circuit_break,"","","",one_to_many,1,0,active,,0
353697,306416,306427,import_depends,downstream,required,"",import,[],"",shared_kernel,timeout,graceful_degradation,"","","",one_to_many,0,0,active,,0
353922,306632,306801,import_depends,downstream,required,"",import,[],"","",timeout,graceful_degradation,"","","",one_to_many,0,0,active,,0
353923,306632,307315,import_depends,downstream,critical,"",import,[],"","",service_down,circuit_break,"","","",one_to_many,1,0,active,,0
353696,306413,307119,import_depends,downstream,critical,"",import,[],"","",service_down,circuit_break,"","","",one_to_many,1,0,active,,0
359232,310940,307009,config_depends,downstream,degradable,"",config,[],"","",timeout,circuit_break,"","","",one_to_many,0,0,active,,0
359233,310941,307009,config_depends,downstream,degradable,"",config,[],"","",timeout,circuit_break,"","","",one_to_many,0,0,active,,0
359228,310936,307009,config_depends,downstream,degradable,"",config,[],"","",timeout,circuit_break,"","","",one_to_many,0,0,active,,0
359223,310931,307009,config_depends,downstream,degradable,"",config,[],"","",timeout,circuit_break,"","","",one_to_many,0,0,active,,0
359241,310949,307009,config_depends,downstream,degradable,"",config,[],"","",timeout,circuit_break,"","","",one_to_many,0,0,active,,0
359238,310946,307009,config_depends,downstream,degradable,"",config,[],"","",timeout,circuit_break,"","","",one_to_many,0,0,active,,0
359235,310943,307009,config_depends,downstream,degradable,"",config,[],"","",timeout,circuit_break,"","","",one_to_many,0,0,active,,0
359231,310939,307009,config_depends,downstream,degradable,"",config,[],"","",timeout,circuit_break,"","","",one_to_many,0,0,active,,0
359244,310952,307009,config_depends,downstream,degradable,"",config,[],"","",timeout,circuit_break,"","","",one_to_many,0,0,active,,0
359240,310948,307009,config_depends,downstream,degradable,"",config,[],"","",timeout,circuit_break,"","","",one_to_many,0,0,active,,0
359236,310944,307009,config_depends,downstream,degradable,"",config,[],"","",timeout,circuit_break,"","","",one_to_many,0,0,active,,0
359237,310945,307009,config_depends,downstream,degradable,"",config,[],"","",timeout,circuit_break,"","","",one_to_many,0,0,active,,0
359243,310951,307009,config_depends,downstream,degradable,"",config,[],"","",timeout,circuit_break,"","","",one_to_many,0,0,active,,0
354050,306834,306851,import_depends,downstream,required,"",import,[],"","",timeout,graceful_degradation,"","","",one_to_many,0,0,active,,0
359239,310947,307009,config_depends,downstream,degradable,"",config,[],"","",timeout,circuit_break,"","","",one_to_many,0,0,active,,0
353698,306416,306474,import_depends,downstream,critical,"",import,[],"",shared_kernel,service_down,circuit_break,"","","",one_to_many,1,0,active,,0
353699,306416,308652,import_depends,downstream,critical,"",import,[],"",anti_corruption_layer,service_down,circuit_break,"","","",one_to_many,1,0,active,,0
353705,306427,307119,import_depends,downstream,critical,"",import,[],"","",service_down,circuit_break,"","","",one_to_many,1,0,active,,0
353913,306632,306784,import_depends,downstream,required,"",import,[],"","",timeout,graceful_degradation,"","","",one_to_many,0,0,active,,0
359242,310950,307009,config_depends,downstream,degradable,"",config,[],"","",timeout,circuit_break,"","","",one_to_many,0,0,active,,0
359253,310961,307009,config_depends,downstream,degradable,"",config,[],"","",timeout,circuit_break,"","","",one_to_many,0,0,active,,0
359256,310964,307009,config_depends,downstream,degradable,"",config,[],"","",timeout,circuit_break,"","","",one_to_many,0,0,active,,0
359258,310966,307009,config_depends,downstream,degradable,"",config,[],"","",timeout,circuit_break,"","","",one_to_many,0,0,active,,0
353694,306369,306629,import_depends,downstream,critical,"",import,[],"",anti_corruption_layer,service_down,circuit_break,"","","",one_to_many,1,0,active,,0
353704,306425,307119,import_depends,downstream,critical,"",import,[],"","",service_down,circuit_break,"","","",one_to_many,1,0,active,,0
353914,306632,306785,import_depends,downstream,required,"",import,[],"","",timeout,graceful_degradation,"","","",one_to_many,0,0,active,,0
353915,306632,306788,import_depends,downstream,required,"",import,[],"","",timeout,graceful_degradation,"","","",one_to_many,0,0,active,,0
353916,306632,306795,import_depends,downstream,required,"",import,[],"","",timeout,graceful_degradation,"","","",one_to_many,0,0,active,,0
353917,306632,306793,import_depends,downstream,required,"",import,[],"","",timeout,graceful_degradation,"","","",one_to_many,0,0,active,,0
353918,306632,306794,import_depends,downstream,required,"",import,[],"","",timeout,graceful_degradation,"","","",one_to_many,0,0,active,,0
353919,306632,306791,import_depends,downstream,required,"",import,[],"","",timeout,graceful_degradation,"","","",one_to_many,0,0,active,,0
353869,306627,307982,import_depends,downstream,critical,"",import,[],"",anti_corruption_layer,service_down,circuit_break,"","","",one_to_many,1,0,active,,0
353741,306490,307670,import_depends,downstream,critical,"",import,[],"","",service_down,circuit_break,"","","",one_to_many,1,0,active,,0
358476,310863,308036,test_depends,downstream,optional,"",import,[],"","",cascade_failure,skip_test,"","","",one_to_many,1,0,active,,0
359251,310959,307009,config_depends,downstream,degradable,"",config,[],"","",timeout,circuit_break,"","","",one_to_many,0,0,active,,0
359255,310963,307009,config_depends,downstream,degradable,"",config,[],"","",timeout,circuit_break,"","","",one_to_many,0,0,active,,0
359260,310968,307009,config_depends,downstream,degradable,"",config,[],"","",timeout,circuit_break,"","","",one_to_many,0,0,active,,0
359259,310967,307009,config_depends,downstream,degradable,"",config,[],"","",timeout,circuit_break,"","","",one_to_many,0,0,active,,0
354051,306834,306829,import_depends,downstream,required,"",import,[],"","",timeout,graceful_degradation,"","","",one_to_many,0,0,active,,0
359257,310965,307009,config_depends,downstream,degradable,"",config,[],"","",timeout,circuit_break,"","","",one_to_many,0,0,active,,0
359250,310958,307009,config_depends,downstream,degradable,"",config,[],"","",timeout,circuit_break,"","","",one_to_many,0,0,active,,0
359267,310975,307009,config_depends,downstream,degradable,"",config,[],"","",timeout,circuit_break,"","","",one_to_many,0,0,active,,0
359263,310971,307009,config_depends,downstream,degradable,"",config,[],"","",timeout,circuit_break,"","","",one_to_many,0,0,active,,0
359265,310973,307011,config_depends,downstream,degradable,"",config,[],"","",timeout,circuit_break,"","","",one_to_many,0,0,active,,0
359271,310979,307061,config_depends,downstream,degradable,"",config,[],"","",timeout,circuit_break,"","","",one_to_many,0,0,active,,0
359262,310970,307011,config_depends,downstream,degradable,"",config,[],"","",timeout,circuit_break,"","","",one_to_many,0,0,active,,0
359269,310977,307061,config_depends,downstream,degradable,"",config,[],"","",timeout,circuit_break,"","","",one_to_many,0,0,active,,0
359272,310980,307068,config_depends,downstream,degradable,"",config,[],"","",timeout,circuit_break,"","","",one_to_many,0,0,active,,0
358397,310835,308059,test_depends,downstream,optional,"",import,[],"","",cascade_failure,skip_test,"","","",one_to_many,1,0,active,,0
359277,310985,307874,config_depends,downstream,degradable,"",config,[],"","",timeout,circuit_break,"","","",one_to_many,0,0,active,,0
353691,306365,306606,import_depends,downstream,critical,"",import,[],"","",service_down,circuit_break,"","","",one_to_many,1,0,active,,0
353701,306419,307119,import_depends,downstream,critical,"",import,[],"","",service_down,circuit_break,"","","",one_to_many,1,0,active,,0
353702,306419,306474,import_depends,downstream,critical,"",import,[],"",anti_corruption_layer,service_down,circuit_break,"","","",one_to_many,1,0,active,,0
353920,306632,306798,import_depends,downstream,required,"",import,[],"","",timeout,graceful_degradation,"","","",one_to_many,0,0,active,,0
353921,306632,306799,import_depends,downstream,required,"",import,[],"","",timeout,graceful_degradation,"","","",one_to_many,0,0,active,,0
353924,306644,306636,import_depends,downstream,required,"",import,[],"","",timeout,graceful_degradation,"","","",one_to_many,0,0,active,,0
353708,306433,306474,import_depends,downstream,critical,"",import,[],"",anti_corruption_layer,service_down,circuit_break,"","","",one_to_many,1,0,active,,0
353950,306710,306978,import_depends,downstream,required,"",import,[],"","",timeout,graceful_degradation,"","","",one_to_many,0,0,active,,0
353703,306419,306476,import_depends,downstream,critical,"",import,[],"",anti_corruption_layer,service_down,circuit_break,"","","",one_to_many,1,0,active,,0
353711,306451,306439,import_depends,downstream,required,"",import,[],"","",timeout,graceful_degradation,"","","",one_to_many,0,0,active,,0
353710,306438,306439,import_depends,downstream,required,"",import,[],"","",timeout,graceful_degradation,"","","",one_to_many,0,0,active,,0
354052,306834,306825,import_depends,downstream,required,"",import,[],"","",timeout,graceful_degradation,"","","",one_to_many,0,0,active,,0
353714,306455,306460,import_depends,downstream,required,"",import,[],"",shared_kernel,timeout,graceful_degradation,"","","",one_to_many,0,0,active,,0
353715,306455,306458,import_depends,downstream,required,"",import,[],"",shared_kernel,timeout,graceful_degradation,"","","",one_to_many,0,0,active,,0
358554,307173,307181,config_depends,downstream,degradable,"",config,[],"",shared_kernel,timeout,circuit_break,"","","",one_to_many,0,0,active,,0
353716,306455,306457,import_depends,downstream,required,"",import,[],"",shared_kernel,timeout,graceful_degradation,"","","",one_to_many,0,0,active,,0
353980,306766,306573,import_depends,downstream,required,"",import,[],"","",timeout,graceful_degradation,"","","",one_to_many,0,0,active,,0
353692,306366,306720,import_depends,downstream,critical,"",import,[],"",anti_corruption_layer,service_down,circuit_break,"","","",one_to_many,1,0,active,,0
353700,306417,306476,import_depends,downstream,critical,"",import,[],"",anti_corruption_layer,service_down,circuit_break,"","","",one_to_many,1,0,active,,0
353709,306435,308148,import_depends,downstream,critical,"",import,[],"",anti_corruption_layer,service_down,circuit_break,"","","",one_to_many,1,0,active,,0
353717,306455,306466,import_depends,downstream,required,"",import,[],"",shared_kernel,timeout,graceful_degradation,"","","",one_to_many,0,0,active,,0
353718,306455,306461,import_depends,downstream,required,"",import,[],"",shared_kernel,timeout,graceful_degradation,"","","",one_to_many,0,0,active,,0
353719,306460,308240,import_depends,downstream,critical,"",import,[],"","",service_down,circuit_break,"","","",one_to_many,1,0,active,,0
353634,306286,308059,import_depends,downstream,critical,"",import,[],"","",service_down,circuit_break,"","","",one_to_many,1,0,active,,0
353642,306293,306290,import_depends,downstream,required,"",import,[],"","",timeout,graceful_degradation,"","","",one_to_many,0,0,active,,0
353643,306293,306300,import_depends,downstream,required,"",import,[],"","",timeout,graceful_degradation,"","","",one_to_many,0,0,active,,0
353644,306293,306302,import_depends,downstream,required,"",import,[],"","",timeout,graceful_degradation,"","","",one_to_many,0,0,active,,0
353645,306299,306302,import_depends,downstream,required,"",import,[],"","",timeout,graceful_degradation,"","","",one_to_many,0,0,active,,0
353647,306301,306305,import_depends,downstream,required,"",import,[],"","",timeout,graceful_degradation,"","","",one_to_many,0,0,active,,0
353650,306312,306305,import_depends,downstream,required,"",import,[],"","",timeout,graceful_degradation,"","","",one_to_many,0,0,active,,0
354034,306811,306792,import_depends,downstream,required,"",import,[],"",shared_kernel,timeout,graceful_degradation,"","","",one_to_many,0,0,active,,0
354035,306811,306771,import_depends,downstream,required,"",import,[],"",shared_kernel,timeout,graceful_degradation,"","","",one_to_many,0,0,active,,0
359114,309158,309160,config_depends,downstream,degradable,"",config,[],"","",timeout,circuit_break,"","","",one_to_many,0,0,active,,0
354047,306829,306825,import_depends,downstream,required,"",import,[],"","",timeout,graceful_degradation,"","","",one_to_many,0,0,active,,0
354064,306838,306880,import_depends,downstream,required,"",import,[],"","",timeout,graceful_degradation,"","","",one_to_many,0,0,active,,0
353659,306334,307818,import_depends,downstream,critical,"",import,[],"",anti_corruption_layer,service_down,circuit_break,"","","",one_to_many,1,0,active,,0
353656,306330,307827,import_depends,downstream,critical,"",import,[],"",anti_corruption_layer,service_down,circuit_break,"","","",one_to_many,1,0,active,,0
358482,310867,308035,test_depends,downstream,optional,"",import,[],"","",cascade_failure,skip_test,"","","",one_to_many,1,0,active,,0
353661,306337,307830,import_depends,downstream,critical,"",import,[],"",anti_corruption_layer,service_down,circuit_break,"","","",one_to_many,1,0,active,,0
353658,306333,307832,import_depends,downstream,critical,"",import,[],"",anti_corruption_layer,service_down,circuit_break,"","","",one_to_many,1,0,active,,0
354071,306848,307088,import_depends,downstream,critical,"",import,[],"","",service_down,circuit_break,"","","",one_to_many,1,0,active,,0
354072,306848,307845,import_depends,downstream,critical,"",import,[],"",anti_corruption_layer,service_down,circuit_break,"","","",one_to_many,1,0,active,,0
354073,306848,308021,import_depends,downstream,critical,"",import,[],"","",service_down,circuit_break,"","","",one_to_many,1,0,active,,0
354069,306847,306814,import_depends,downstream,critical,"",import,[],"","",service_down,circuit_break,"","","",one_to_many,1,0,active,,0
354074,306850,308059,import_depends,downstream,critical,"",import,[],"","",service_down,circuit_break,"","","",one_to_many,1,0,active,,0
354075,306851,308118,import_depends,downstream,critical,"",import,[],"","",service_down,circuit_break,"","","",one_to_many,1,0,active,,0
353736,306478,306474,import_depends,downstream,required,"",import,[],"",shared_kernel,timeout,graceful_degradation,"","","",one_to_many,0,0,active,,0
353752,306495,308059,import_depends,downstream,critical,"",import,[],"","",service_down,circuit_break,"","","",one_to_many,1,0,active,,0
353744,306493,308059,import_depends,downstream,critical,"",import,[],"","",service_down,circuit_break,"","","",one_to_many,1,0,active,,0
354377,307050,307029,import_depends,downstream,required,"",import,[],"",shared_kernel,timeout,graceful_degradation,"","","",one_to_many,0,0,active,,0
354378,307050,307030,import_depends,downstream,required,"",import,[],"",shared_kernel,timeout,graceful_degradation,"","","",one_to_many,0,0,active,,0
354078,306853,306379,import_depends,downstream,required,"",import,[],"","",timeout,graceful_degradation,"","","",one_to_many,0,0,active,,0
354084,306864,306919,import_depends,downstream,required,"",import,[],"","",timeout,graceful_degradation,"","","",one_to_many,0,0,active,,0
354085,306864,307599,import_depends,downstream,critical,"",import,[],"","",service_down,circuit_break,"","","",one_to_many,1,0,active,,0
353782,306546,306541,import_depends,downstream,required,"",import,[],"",shared_kernel,timeout,graceful_degradation,"","","",one_to_many,0,0,active,,0
353783,306546,306543,import_depends,downstream,required,"",import,[],"",shared_kernel,timeout,graceful_degradation,"","","",one_to_many,0,0,active,,0
353788,306548,308132,import_depends,downstream,critical,"",import,[],"",anti_corruption_layer,service_down,circuit_break,"","","",one_to_many,1,0,active,,0
353822,306584,306585,import_depends,downstream,required,"",import,[],"",shared_kernel,timeout,graceful_degradation,"","","",one_to_many,0,0,active,,0
354154,306928,308036,import_depends,downstream,critical,"",import,[],"","",service_down,circuit_break,"","","",one_to_many,1,0,active,,0
354155,306928,308077,import_depends,downstream,critical,"",import,[],"","",service_down,circuit_break,"","","",one_to_many,1,0,active,,0
354150,306920,306919,import_depends,downstream,required,"",import,[],"","",timeout,graceful_degradation,"","","",one_to_many,0,0,active,,0
354156,306929,306919,import_depends,downstream,required,"",import,[],"","",timeout,graceful_degradation,"","","",one_to_many,0,0,active,,0
354163,306948,306958,import_depends,downstream,required,"",import,[],"","",timeout,graceful_degradation,"","","",one_to_many,0,0,active,,0
354164,306948,306554,import_depends,downstream,required,"",import,[],"","",timeout,graceful_degradation,"","","",one_to_many,0,0,active,,0
353784,306547,308059,import_depends,downstream,critical,"",import,[],"","",service_down,circuit_break,"","","",one_to_many,1,0,active,,0
353814,306572,306570,import_depends,downstream,required,"",import,[],"",shared_kernel,timeout,graceful_degradation,"","","",one_to_many,0,0,active,,0
353847,306614,306613,import_depends,downstream,required,"",import,[],"","",timeout,graceful_degradation,"","","",one_to_many,0,0,active,,0
354055,306837,306287,import_depends,downstream,critical,"",import,[],"","",service_down,circuit_break,"","","",one_to_many,1,0,active,,0
353730,306476,308652,import_depends,downstream,critical,"",import,[],"",anti_corruption_layer,service_down,circuit_break,"","","",one_to_many,1,0,active,,0
353731,306476,308654,import_depends,downstream,critical,"",import,[],"",anti_corruption_layer,service_down,circuit_break,"","","",one_to_many,1,0,active,,0
353838,306611,306613,import_depends,downstream,required,"",import,[],"","",timeout,graceful_degradation,"","","",one_to_many,0,0,active,,0
353839,306612,306609,import_depends,downstream,required,"",import,[],"","",timeout,graceful_degradation,"","","",one_to_many,0,0,active,,0
353840,306612,306614,import_depends,downstream,required,"",import,[],"","",timeout,graceful_degradation,"","","",one_to_many,0,0,active,,0
353841,306612,306611,import_depends,downstream,required,"",import,[],"","",timeout,graceful_degradation,"","","",one_to_many,0,0,active,,0
353842,306612,306622,import_depends,downstream,required,"",import,[],"","",timeout,graceful_degradation,"","","",one_to_many,0,0,active,,0
353857,306617,306549,import_depends,downstream,required,"",import,[],"","",timeout,graceful_degradation,"","","",one_to_many,0,0,active,,0
353858,306617,306593,import_depends,downstream,required,"",import,[],"","",timeout,graceful_degradation,"","","",one_to_many,0,0,active,,0
353863,306622,308102,import_depends,downstream,critical,"",import,[],"","",service_down,circuit_break,"","","",one_to_many,1,0,active,,0
353864,306622,306549,import_depends,downstream,required,"",import,[],"","",timeout,graceful_degradation,"","","",one_to_many,0,0,active,,0
354379,307050,307036,import_depends,downstream,required,"",import,[],"",shared_kernel,timeout,graceful_degradation,"","","",one_to_many,0,0,active,,0
354380,307050,307033,import_depends,downstream,required,"",import,[],"",shared_kernel,timeout,graceful_degradation,"","","",one_to_many,0,0,active,,0
358650,308207,308223,config_depends,downstream,degradable,"",config,[],"",shared_kernel,timeout,circuit_break,"","","",one_to_many,0,0,active,,0
353865,306622,306766,import_depends,downstream,required,"",import,[],"","",timeout,graceful_degradation,"","","",one_to_many,0,0,active,,0
358440,310849,307047,test_depends,downstream,optional,"",import,[],"","",cascade_failure,skip_test,"","","",one_to_many,1,0,active,,0
353866,306622,306769,import_depends,downstream,required,"",import,[],"","",timeout,graceful_degradation,"","","",one_to_many,0,0,active,,0
353820,306579,307534,import_depends,downstream,critical,"",import,[],"",anti_corruption_layer,service_down,circuit_break,"","","",one_to_many,1,0,active,,0
353843,306612,306617,import_depends,downstream,required,"",import,[],"","",timeout,graceful_degradation,"","","",one_to_many,0,0,active,,0
353844,306612,306619,import_depends,downstream,required,"",import,[],"","",timeout,graceful_degradation,"","","",one_to_many,0,0,active,,0
353845,306612,306618,import_depends,downstream,required,"",import,[],"","",timeout,graceful_degradation,"","","",one_to_many,0,0,active,,0
353860,306620,306625,import_depends,downstream,required,"",import,[],"",shared_kernel,timeout,graceful_degradation,"","","",one_to_many,0,0,active,,0
353875,306632,306746,import_depends,downstream,required,"",import,[],"","",timeout,graceful_degradation,"","","",one_to_many,0,0,active,,0
353861,306621,306576,import_depends,downstream,required,"",import,[],"","",timeout,graceful_degradation,"","","",one_to_many,0,0,active,,0
353862,306621,308059,import_depends,downstream,critical,"",import,[],"","",service_down,circuit_break,"","","",one_to_many,1,0,active,,0
354187,306967,306931,import_depends,downstream,required,"",import,[],"","",timeout,graceful_degradation,"","","",one_to_many,0,0,active,,0
354188,306967,306960,import_depends,downstream,required,"",import,[],"","",timeout,graceful_degradation,"","","",one_to_many,0,0,active,,0
354189,306967,306829,import_depends,downstream,required,"",import,[],"","",timeout,graceful_degradation,"","","",one_to_many,0,0,active,,0
354190,306967,306851,import_depends,downstream,required,"",import,[],"","",timeout,graceful_degradation,"","","",one_to_many,0,0,active,,0
353885,306632,306757,import_depends,downstream,required,"",import,[],"","",timeout,graceful_degradation,"","","",one_to_many,0,0,active,,0
353737,306478,306476,import_depends,downstream,required,"",import,[],"",shared_kernel,timeout,graceful_degradation,"","","",one_to_many,0,0,active,,0
353740,306482,306480,import_depends,downstream,required,"",import,[],"",shared_kernel,timeout,graceful_degradation,"","","",one_to_many,0,0,active,,0
354229,306983,307051,import_depends,downstream,required,"",import,[],"","",timeout,graceful_degradation,"","","",one_to_many,0,0,active,,0
354194,306973,306708,import_depends,downstream,required,"",import,[],"","",timeout,graceful_degradation,"","","",one_to_many,0,0,active,,0
353974,306757,308059,import_depends,downstream,critical,"",import,[],"","",service_down,circuit_break,"","","",one_to_many,1,0,active,,0
354318,307034,307004,import_depends,downstream,required,"",import,[],"",shared_kernel,timeout,graceful_degradation,"","","",one_to_many,0,0,active,,0
354063,306838,306872,import_depends,downstream,required,"",import,[],"","",timeout,graceful_degradation,"","","",one_to_many,0,0,active,,0
354346,307046,307067,import_depends,downstream,required,"",import,[],"",shared_kernel,timeout,graceful_degradation,"","","",one_to_many,0,0,active,,0
354087,306866,306851,import_depends,downstream,required,"",import,[],"","",timeout,graceful_degradation,"","","",one_to_many,0,0,active,,0
354381,307050,307032,import_depends,downstream,required,"",import,[],"",shared_kernel,timeout,graceful_degradation,"","","",one_to_many,0,0,active,,0
354091,306868,306872,import_depends,downstream,required,"",import,[],"","",timeout,graceful_degradation,"","","",one_to_many,0,0,active,,0
354387,307050,307040,import_depends,downstream,required,"",import,[],"",shared_kernel,timeout,graceful_degradation,"","","",one_to_many,0,0,active,,0
354388,307050,307039,import_depends,downstream,required,"",import,[],"",shared_kernel,timeout,graceful_degradation,"","","",one_to_many,0,0,active,,0
354100,306876,308059,import_depends,downstream,critical,"",import,[],"","",service_down,circuit_break,"","","",one_to_many,1,0,active,,0
354122,306900,306880,import_depends,downstream,required,"",import,[],"","",timeout,graceful_degradation,"","","",one_to_many,0,0,active,,0
354398,307055,307054,import_depends,downstream,required,"",import,[],"","",timeout,graceful_degradation,"","","",one_to_many,0,0,active,,0
354137,306911,306576,import_depends,downstream,required,"",import,[],"","",timeout,graceful_degradation,"","","",one_to_many,0,0,active,,0
354162,306948,308059,import_depends,downstream,critical,"",import,[],"","",service_down,circuit_break,"","","",one_to_many,1,0,active,,0
354435,307107,307106,import_depends,downstream,required,"",import,[],"","",timeout,graceful_degradation,"","","",one_to_many,0,0,active,,0
354436,307107,307092,import_depends,downstream,required,"",import,[],"","",timeout,graceful_degradation,"","","",one_to_many,0,0,active,,0
354437,307107,307098,import_depends,downstream,required,"",import,[],"","",timeout,graceful_degradation,"","","",one_to_many,0,0,active,,0
354192,306973,306496,import_depends,downstream,required,"",import,[],"","",timeout,graceful_degradation,always,"",low,one_to_many,0,0,active,,0
354193,306973,306978,import_depends,downstream,required,"",import,[],"","",timeout,graceful_degradation,always,"",low,one_to_many,0,0,active,,0
354461,307126,308652,import_depends,downstream,critical,"",import,[],"",anti_corruption_layer,service_down,circuit_break,"","","",one_to_many,1,0,active,,0
354237,306993,306958,import_depends,downstream,critical,"",import,[],"","",service_down,circuit_break,"","","",one_to_many,1,0,active,,0
353872,306629,306624,import_depends,downstream,required,"",import,[],"",shared_kernel,timeout,graceful_degradation,"","","",one_to_many,0,0,active,,0
353873,306629,306623,import_depends,downstream,required,"",import,[],"",shared_kernel,timeout,graceful_degradation,"","","",one_to_many,0,0,active,,0
354763,307320,307302,import_depends,downstream,required,"",import,[],"","",timeout,graceful_degradation,"","","",one_to_many,0,0,active,,0
353931,306693,306978,import_depends,downstream,required,"",import,[],"","",timeout,graceful_degradation,"","","",one_to_many,0,0,active,,0
353977,306766,306771,import_depends,downstream,required,"",import,[],"",shared_kernel,timeout,graceful_degradation,"","","",one_to_many,0,0,active,,0
354056,306837,306919,import_depends,downstream,required,"",import,[],"","",timeout,graceful_degradation,"","","",one_to_many,0,0,active,,0
354333,307041,307018,import_depends,downstream,required,"",import,[],"",shared_kernel,timeout,graceful_degradation,"","","",one_to_many,0,0,active,,0
354334,307041,307004,import_depends,downstream,required,"",import,[],"",shared_kernel,timeout,graceful_degradation,"","","",one_to_many,0,0,active,,0
354328,307039,307018,import_depends,downstream,required,"",import,[],"",shared_kernel,timeout,graceful_degradation,"","","",one_to_many,0,0,active,,0
354329,307039,307004,import_depends,downstream,required,"",import,[],"",shared_kernel,timeout,graceful_degradation,"","","",one_to_many,0,0,active,,0
354335,307042,307018,import_depends,downstream,required,"",import,[],"",shared_kernel,timeout,graceful_degradation,"","","",one_to_many,0,0,active,,0
354855,307431,308059,import_depends,downstream,critical,"",import,[],"","",service_down,circuit_break,"","","",one_to_many,1,0,active,,0
354491,307137,308656,import_depends,downstream,critical,"",import,[],"","",service_down,circuit_break,"","","",one_to_many,1,0,active,,0
354488,307134,307129,import_depends,downstream,required,"",import,[],"",shared_kernel,timeout,graceful_degradation,"","","",one_to_many,0,0,active,,0
354624,307265,308059,import_depends,downstream,critical,"",import,[],"","",service_down,circuit_break,"","","",one_to_many,1,0,active,,0
355601,308150,308143,import_depends,downstream,required,"",import,[],"",shared_kernel,timeout,graceful_degradation,"","","",one_to_many,0,0,active,,0
354655,307276,307271,import_depends,downstream,required,"",import,[],"","",timeout,graceful_degradation,"","","",one_to_many,0,0,active,,0
354382,307050,307034,import_depends,downstream,required,"",import,[],"",shared_kernel,timeout,graceful_degradation,"","","",one_to_many,0,0,active,,0
354036,306811,306793,import_depends,downstream,required,"",import,[],"",shared_kernel,timeout,graceful_degradation,"","","",one_to_many,0,0,active,,0
354656,307276,307279,import_depends,downstream,required,"",import,[],"","",timeout,graceful_degradation,"","","",one_to_many,0,0,active,,0
354657,307276,307269,import_depends,downstream,required,"",import,[],"","",timeout,graceful_degradation,"","","",one_to_many,0,0,active,,0
354949,307467,308059,import_depends,downstream,critical,"",import,[],"","",service_down,circuit_break,"","","",one_to_many,1,0,active,,0
354952,307470,307456,import_depends,downstream,required,"",import,[],"","",timeout,graceful_degradation,"","","",one_to_many,0,0,active,,0
354951,307469,308059,import_depends,downstream,critical,"",import,[],"","",service_down,circuit_break,"","","",one_to_many,1,0,active,,0
355913,308469,308466,import_depends,downstream,required,"",import,[],"",shared_kernel,timeout,graceful_degradation,"","","",one_to_many,0,0,active,,0
356935,309719,307379,test_depends,downstream,optional,"",import,[],"","",cascade_failure,skip_test,"","","",one_to_many,1,0,active,,0
355710,308202,308068,import_depends,downstream,critical,"",import,[],"","",service_down,circuit_break,"","","",one_to_many,1,0,active,,0
355711,308202,308077,import_depends,downstream,critical,"",import,[],"","",service_down,circuit_break,"","","",one_to_many,1,0,active,,0
355712,308202,308211,import_depends,downstream,required,"",import,[],"","",timeout,graceful_degradation,"","","",one_to_many,0,0,active,,0
355772,308230,306958,import_depends,downstream,critical,"",import,[],"","",service_down,circuit_break,"","","",one_to_many,1,0,active,,0
355779,308236,308246,import_depends,downstream,required,"",import,[],"","",timeout,graceful_degradation,"","","",one_to_many,0,0,active,,0
355901,308469,308454,import_depends,downstream,required,"",import,[],"",shared_kernel,timeout,graceful_degradation,"","","",one_to_many,0,0,active,,0
355902,308469,308455,import_depends,downstream,required,"",import,[],"",shared_kernel,timeout,graceful_degradation,"","","",one_to_many,0,0,active,,0
355898,308467,307842,import_depends,downstream,critical,"",import,[],"",anti_corruption_layer,service_down,circuit_break,"","","",one_to_many,1,0,active,,0
354057,306837,306924,import_depends,downstream,required,"",import,[],"","",timeout,graceful_degradation,"","","",one_to_many,0,0,active,,0
354058,306837,306920,import_depends,downstream,required,"",import,[],"","",timeout,graceful_degradation,"","","",one_to_many,0,0,active,,0
355941,308526,308519,import_depends,downstream,required,"",import,[],"",shared_kernel,timeout,graceful_degradation,"","","",one_to_many,0,0,active,,0
357316,310021,306471,test_depends,downstream,optional,"",import,[],"","",cascade_failure,skip_test,"","","",one_to_many,1,0,active,,0
356083,308653,308658,import_depends,downstream,required,"",import,[],"",shared_kernel,timeout,graceful_degradation,"","","",one_to_many,0,0,active,,0
356084,308653,308659,import_depends,downstream,required,"",import,[],"",shared_kernel,timeout,graceful_degradation,"","","",one_to_many,0,0,active,,0
356308,309284,306552,test_depends,downstream,optional,"",import,[],"","",cascade_failure,skip_test,"","","",one_to_many,1,0,active,,0
356310,309286,306222,test_depends,downstream,optional,"",import,[],"","",cascade_failure,skip_test,"","","",one_to_many,1,0,active,,0
356314,309291,307761,test_depends,downstream,optional,"",import,[],"","",cascade_failure,skip_test,"","","",one_to_many,1,0,active,,0
356316,309291,307750,test_depends,downstream,optional,"",import,[],"",conformist,cascade_failure,skip_test,"","","",one_to_many,1,0,active,,0
356346,309304,307716,test_depends,downstream,optional,"",import,[],"",conformist,cascade_failure,skip_test,"","","",one_to_many,1,0,active,,0
356347,309304,307717,test_depends,downstream,optional,"",import,[],"",conformist,cascade_failure,skip_test,"","","",one_to_many,1,0,active,,0
356389,309322,307784,test_depends,downstream,optional,"",import,[],"","",cascade_failure,skip_test,"","","",one_to_many,1,0,active,,0
356372,309318,307740,test_depends,downstream,optional,"",import,[],"",conformist,cascade_failure,skip_test,"","","",one_to_many,1,0,active,,0
356373,309318,307783,test_depends,downstream,optional,"",import,[],"","",cascade_failure,skip_test,"","","",one_to_many,1,0,active,,0
356374,309318,307746,test_depends,downstream,optional,"",import,[],"",conformist,cascade_failure,skip_test,"","","",one_to_many,1,0,active,,0
356465,309364,306586,test_depends,downstream,optional,"",import,[],"","",cascade_failure,skip_test,"","","",one_to_many,1,0,active,,0
354386,307050,307041,import_depends,downstream,required,"",import,[],"",shared_kernel,timeout,graceful_degradation,"","","",one_to_many,0,0,active,,0
354389,307050,307042,import_depends,downstream,required,"",import,[],"",shared_kernel,timeout,graceful_degradation,"","","",one_to_many,0,0,active,,0
356463,309360,307771,test_depends,downstream,optional,"",import,[],"","",cascade_failure,skip_test,"","","",one_to_many,1,0,active,,0
356474,309369,306589,test_depends,downstream,optional,"",import,[],"","",cascade_failure,skip_test,"","","",one_to_many,1,0,active,,0
356464,309362,306591,test_depends,downstream,optional,"",import,[],"","",cascade_failure,skip_test,"","","",one_to_many,1,0,active,,0
357661,310301,307709,test_depends,downstream,optional,"",import,[],"","",cascade_failure,skip_test,"","","",one_to_many,1,0,active,,0
358039,310579,306699,test_depends,downstream,optional,"",import,[],"","",cascade_failure,skip_test,"","","",one_to_many,1,0,active,,0
358038,310578,308059,test_depends,downstream,optional,"",import,[],"","",cascade_failure,skip_test,"","","",one_to_many,1,0,active,,0
356565,309447,307717,test_depends,downstream,optional,"",import,[],"","",cascade_failure,skip_test,"","","",one_to_many,1,0,active,,0
356554,309444,308429,test_depends,downstream,optional,"",import,[],"","",cascade_failure,skip_test,"","","",one_to_many,1,0,active,,0
356600,309469,306222,test_depends,downstream,optional,"",import,[],"","",cascade_failure,skip_test,"","","",one_to_many,1,0,active,,0
356601,309470,308054,test_depends,downstream,optional,"",import,[],"","",cascade_failure,skip_test,"","","",one_to_many,1,0,active,,0
357004,309782,306825,test_depends,downstream,optional,"",import,[],"","",cascade_failure,skip_test,"","","",one_to_many,1,0,active,,0
357010,309787,307300,test_depends,downstream,optional,"",import,[],"","",cascade_failure,skip_test,"","","",one_to_many,1,0,active,,0
358495,306459,306455,config_depends,downstream,degradable,"",config,[],"",shared_kernel,timeout,circuit_break,"","","",one_to_many,0,0,active,,0
357072,309839,308271,test_depends,downstream,optional,"",import,[],"","",cascade_failure,skip_test,"","","",one_to_many,1,0,active,,0
357078,309845,308489,test_depends,downstream,optional,"",import,[],"","",cascade_failure,skip_test,"","","",one_to_many,1,0,active,,0
357080,309847,308268,test_depends,downstream,optional,"",import,[],"","",cascade_failure,skip_test,"","","",one_to_many,1,0,active,,0
357090,309854,308494,test_depends,downstream,optional,"",import,[],"","",cascade_failure,skip_test,"","","",one_to_many,1,0,active,,0
357081,309848,308492,test_depends,downstream,optional,"",import,[],"","",cascade_failure,skip_test,"","","",one_to_many,1,0,active,,0
357079,309846,308263,test_depends,downstream,optional,"",import,[],"","",cascade_failure,skip_test,"","","",one_to_many,1,0,active,,0
357089,309853,308237,test_depends,downstream,optional,"",import,[],"","",cascade_failure,skip_test,"","","",one_to_many,1,0,active,,0
357082,309849,308498,test_depends,downstream,optional,"",import,[],"","",cascade_failure,skip_test,"","","",one_to_many,1,0,active,,0
358629,307985,307988,config_depends,downstream,degradable,"",config,[],"",shared_kernel,timeout,circuit_break,"","","",one_to_many,0,0,active,,0
357182,309902,308556,test_depends,downstream,optional,"",import,[],"","",cascade_failure,skip_test,"","","",one_to_many,1,0,active,,0
357217,309932,308441,test_depends,downstream,optional,"",import,[],"","",cascade_failure,skip_test,"","","",one_to_many,1,0,active,,0
357226,309941,308283,test_depends,downstream,optional,"",import,[],"","",cascade_failure,skip_test,"","","",one_to_many,1,0,active,,0
357225,309940,308290,test_depends,downstream,optional,"",import,[],"","",cascade_failure,skip_test,"","","",one_to_many,1,0,active,,0
357229,309944,308238,test_depends,downstream,optional,"",import,[],"","",cascade_failure,skip_test,"","","",one_to_many,1,0,active,,0
357224,309939,308280,test_depends,downstream,optional,"",import,[],"","",cascade_failure,skip_test,"","","",one_to_many,1,0,active,,0
357227,309942,308356,test_depends,downstream,optional,"",import,[],"","",cascade_failure,skip_test,"","","",one_to_many,1,0,active,,0
357230,309945,308290,test_depends,downstream,optional,"",import,[],"","",cascade_failure,skip_test,"","","",one_to_many,1,0,active,,0
358421,310843,308059,test_depends,downstream,optional,"",import,[],"","",cascade_failure,skip_test,"","","",one_to_many,1,0,active,,0
354390,307050,307045,import_depends,downstream,required,"",import,[],"",shared_kernel,timeout,graceful_degradation,"","","",one_to_many,0,0,active,,0
358422,310843,307047,test_depends,downstream,optional,"",import,[],"","",cascade_failure,skip_test,"","","",one_to_many,1,0,active,,0
358423,310843,307004,test_depends,downstream,optional,"",import,[],"","",cascade_failure,skip_test,"","","",one_to_many,1,0,active,,0
358427,310845,308059,test_depends,downstream,optional,"",import,[],"","",cascade_failure,skip_test,"","","",one_to_many,1,0,active,,0
358428,310845,307047,test_depends,downstream,optional,"",import,[],"","",cascade_failure,skip_test,"","","",one_to_many,1,0,active,,0
354059,306837,306929,import_depends,downstream,required,"",import,[],"","",timeout,graceful_degradation,"","","",one_to_many,0,0,active,,0
354060,306837,306864,import_depends,downstream,required,"",import,[],"","",timeout,graceful_degradation,"","","",one_to_many,0,0,active,,0
354062,306837,306918,import_depends,downstream,required,"",import,[],"","",timeout,graceful_degradation,"","","",one_to_many,0,0,active,,0
358429,310845,307004,test_depends,downstream,optional,"",import,[],"","",cascade_failure,skip_test,"","","",one_to_many,1,0,active,,0
357221,309936,308290,test_depends,downstream,optional,"",import,[],"","",cascade_failure,skip_test,"","","",one_to_many,1,0,active,,0
357232,309947,308356,test_depends,downstream,optional,"",import,[],"","",cascade_failure,skip_test,"","","",one_to_many,1,0,active,,0
357228,309943,308287,test_depends,downstream,optional,"",import,[],"","",cascade_failure,skip_test,"","","",one_to_many,1,0,active,,0
357231,309946,308558,test_depends,downstream,optional,"",import,[],"","",cascade_failure,skip_test,"","","",one_to_many,1,0,active,,0
357235,309950,308438,test_depends,downstream,optional,"",import,[],"","",cascade_failure,skip_test,"","","",one_to_many,1,0,active,,0
357233,309948,308268,test_depends,downstream,optional,"",import,[],"","",cascade_failure,skip_test,"","","",one_to_many,1,0,active,,0
357238,309953,308521,test_depends,downstream,optional,"",import,[],"","",cascade_failure,skip_test,"","","",one_to_many,1,0,active,,0
357237,309952,308356,test_depends,downstream,optional,"",import,[],"","",cascade_failure,skip_test,"","","",one_to_many,1,0,active,,0
357234,309949,308356,test_depends,downstream,optional,"",import,[],"","",cascade_failure,skip_test,"","","",one_to_many,1,0,active,,0
357236,309951,308290,test_depends,downstream,optional,"",import,[],"","",cascade_failure,skip_test,"","","",one_to_many,1,0,active,,0
358449,310852,307047,test_depends,downstream,optional,"",import,[],"","",cascade_failure,skip_test,"","","",one_to_many,1,0,active,,0
357243,309958,308290,test_depends,downstream,optional,"",import,[],"","",cascade_failure,skip_test,"","","",one_to_many,1,0,active,,0
357337,310028,308193,test_depends,downstream,optional,"",import,[],"","",cascade_failure,skip_test,"","","",one_to_many,1,0,active,,0
357338,310028,308064,test_depends,downstream,optional,"",import,[],"","",cascade_failure,skip_test,"","","",one_to_many,1,0,active,,0
357339,310028,308223,test_depends,downstream,optional,"",import,[],"","",cascade_failure,skip_test,"","","",one_to_many,1,0,active,,0
357325,310025,308202,test_depends,downstream,optional,"",import,[],"","",cascade_failure,skip_test,"","","",one_to_many,1,0,active,,0
357326,310025,308223,test_depends,downstream,optional,"",import,[],"","",cascade_failure,skip_test,"","","",one_to_many,1,0,active,,0
358506,306509,306537,config_depends,downstream,degradable,"",config,[],"",shared_kernel,timeout,circuit_break,"","","",one_to_many,0,0,active,,0
358508,306511,306537,config_depends,downstream,degradable,"",config,[],"",shared_kernel,timeout,circuit_break,"","","",one_to_many,0,0,active,,0
358511,306515,306537,config_depends,downstream,degradable,"",config,[],"",shared_kernel,timeout,circuit_break,"","","",one_to_many,0,0,active,,0
358513,306517,306537,config_depends,downstream,degradable,"",config,[],"",shared_kernel,timeout,circuit_break,"","","",one_to_many,0,0,active,,0
358505,306507,306537,config_depends,downstream,degradable,"",config,[],"",shared_kernel,timeout,circuit_break,"","","",one_to_many,0,0,active,,0
358725,308371,308379,config_depends,downstream,degradable,"",config,[],"","",timeout,circuit_break,"","","",one_to_many,0,0,active,,0
357380,310052,307054,test_depends,downstream,optional,"",import,[],"","",cascade_failure,skip_test,"","","",one_to_many,1,0,active,,0
357381,310053,307051,test_depends,downstream,optional,"",import,[],"","",cascade_failure,skip_test,"","","",one_to_many,1,0,active,,0
354391,307050,307043,import_depends,downstream,required,"",import,[],"",shared_kernel,timeout,graceful_degradation,"","","",one_to_many,0,0,active,,0
357382,310053,307054,test_depends,downstream,optional,"",import,[],"","",cascade_failure,skip_test,"","","",one_to_many,1,0,active,,0
357383,310053,307055,test_depends,downstream,optional,"",import,[],"","",cascade_failure,skip_test,"","","",one_to_many,1,0,active,,0
354054,306836,308059,import_depends,downstream,critical,"",import,[],"","",service_down,circuit_break,"","","",one_to_many,1,0,active,,0
354068,306845,306848,import_depends,downstream,required,"",import,[],"","",timeout,graceful_degradation,"","","",one_to_many,0,0,active,,0
357394,310062,306772,test_depends,downstream,optional,"",import,[],"","",cascade_failure,skip_test,"","","",one_to_many,1,0,active,,0
357399,310068,307392,test_depends,downstream,optional,"",import,[],"","",cascade_failure,skip_test,"","","",one_to_many,1,0,active,,0
357396,310064,306973,test_depends,downstream,optional,"",import,[],"","",cascade_failure,skip_test,"","","",one_to_many,1,0,active,,0
357404,310074,306981,test_depends,downstream,optional,"",import,[],"","",cascade_failure,skip_test,"","","",one_to_many,1,0,active,,0
357432,310100,306580,test_depends,downstream,optional,"",import,[],"","",cascade_failure,skip_test,"","","",one_to_many,1,0,active,,0
357440,310108,306578,test_depends,downstream,optional,"",import,[],"","",cascade_failure,skip_test,"","","",one_to_many,1,0,active,,0
357436,310104,306484,test_depends,downstream,optional,"",import,[],"","",cascade_failure,skip_test,"","","",one_to_many,1,0,active,,0
357438,310106,306574,test_depends,downstream,optional,"",import,[],"","",cascade_failure,skip_test,"","","",one_to_many,1,0,active,,0
357437,310105,307369,test_depends,downstream,optional,"",import,[],"","",cascade_failure,skip_test,"","","",one_to_many,1,0,active,,0
358759,308407,308427,config_depends,downstream,degradable,"",config,[],"","",timeout,circuit_break,"","","",one_to_many,0,0,active,,0
358770,308418,308427,config_depends,downstream,degradable,"",config,[],"","",timeout,circuit_break,"","","",one_to_many,0,0,active,,0
357453,310119,306597,test_depends,downstream,optional,"",import,[],"","",cascade_failure,skip_test,"","","",one_to_many,1,0,active,,0
357488,310142,306929,test_depends,downstream,optional,"",import,[],"","",cascade_failure,skip_test,"","","",one_to_many,1,0,active,,0
358693,308335,308340,config_depends,downstream,degradable,"",config,[],"","",timeout,circuit_break,"","","",one_to_many,0,0,active,,0
358696,308338,308340,config_depends,downstream,degradable,"",config,[],"","",timeout,circuit_break,"","","",one_to_many,0,0,active,,0
358691,308333,308352,config_depends,downstream,degradable,"",config,[],"","",timeout,circuit_break,"","","",one_to_many,0,0,active,,0
357594,310241,307422,test_depends,downstream,optional,"",import,[],"","",cascade_failure,skip_test,"","","",one_to_many,1,0,active,,0
357495,310149,306658,test_depends,downstream,optional,"",import,[],"","",cascade_failure,skip_test,"","","",one_to_many,1,0,active,,0
357494,310148,306669,test_depends,downstream,optional,"",import,[],"","",cascade_failure,skip_test,"","","",one_to_many,1,0,active,,0
357497,310151,308816,test_depends,downstream,optional,"",import,[],"","",cascade_failure,skip_test,"","","",one_to_many,1,0,active,,0
357496,310150,306631,test_depends,downstream,optional,"",import,[],"","",cascade_failure,skip_test,"","","",one_to_many,1,0,active,,0
357586,310233,306692,test_depends,downstream,optional,"",import,[],"","",cascade_failure,skip_test,"","","",one_to_many,1,0,active,,0
354070,306848,308118,import_depends,downstream,critical,"",import,[],"","",service_down,circuit_break,"","","",one_to_many,1,0,active,,0
357582,310229,306852,test_depends,downstream,optional,"",import,[],"","",cascade_failure,skip_test,"","","",one_to_many,1,0,active,,0
358842,308774,308775,config_depends,downstream,degradable,"",config,[],"",shared_kernel,timeout,circuit_break,"","","",one_to_many,0,0,active,,0
358834,308766,308775,config_depends,downstream,degradable,"",config,[],"",shared_kernel,timeout,circuit_break,"","","",one_to_many,0,0,active,,0
358858,308797,308807,config_depends,downstream,degradable,"",config,[],"",shared_kernel,timeout,circuit_break,"","","",one_to_many,0,0,active,,0
358821,308727,308720,config_depends,downstream,degradable,"",config,[],"","",timeout,circuit_break,"","","",one_to_many,0,0,active,,0
354392,307050,307046,import_depends,downstream,required,"",import,[],"",shared_kernel,timeout,graceful_degradation,"","","",one_to_many,0,0,active,,0
354393,307050,307013,import_depends,downstream,required,"",import,[],"",shared_kernel,timeout,graceful_degradation,"","","",one_to_many,0,0,active,,0
358864,308804,308807,config_depends,downstream,degradable,"",config,[],"",shared_kernel,timeout,circuit_break,"","","",one_to_many,0,0,active,,0
358868,308809,308807,config_depends,downstream,degradable,"",config,[],"",shared_kernel,timeout,circuit_break,"","","",one_to_many,0,0,active,,0
358872,308813,308814,config_depends,downstream,degradable,"",config,[],"",shared_kernel,timeout,circuit_break,"","","",one_to_many,0,0,active,,0
358874,308817,308840,config_depends,downstream,degradable,"",config,[],"","",timeout,circuit_break,"","","",one_to_many,0,0,active,,0
358877,308822,308840,config_depends,downstream,degradable,"",config,[],"","",timeout,circuit_break,"","","",one_to_many,0,0,active,,0
358873,308815,308840,config_depends,downstream,degradable,"",config,[],"","",timeout,circuit_break,"","","",one_to_many,0,0,active,,0
358887,308834,308840,config_depends,downstream,degradable,"",config,[],"",shared_kernel,timeout,circuit_break,"","","",one_to_many,0,0,active,,0
358888,308835,308840,config_depends,downstream,degradable,"",config,[],"","",timeout,circuit_break,"","","",one_to_many,0,0,active,,0
358913,308871,308879,config_depends,downstream,degradable,"",config,[],"","",timeout,circuit_break,"","","",one_to_many,0,0,active,,0
358914,308872,308879,config_depends,downstream,degradable,"",config,[],"",shared_kernel,timeout,circuit_break,"","","",one_to_many,0,0,active,,0
358915,308873,308879,config_depends,downstream,degradable,"",config,[],"","",timeout,circuit_break,"","","",one_to_many,0,0,active,,0
358919,308878,308877,config_depends,downstream,degradable,"",config,[],"",shared_kernel,timeout,circuit_break,"","","",one_to_many,0,0,active,,0
358918,308876,308894,config_depends,downstream,degradable,"",config,[],"","",timeout,circuit_break,"","","",one_to_many,0,0,active,,0
358917,308875,308877,config_depends,downstream,degradable,"",config,[],"","",timeout,circuit_break,"","","",one_to_many,0,0,active,,0
358924,308896,308923,config_depends,downstream,degradable,"",config,[],"",shared_kernel,timeout,circuit_break,"","","",one_to_many,0,0,active,,0
358922,308893,308898,config_depends,downstream,degradable,"",config,[],"",shared_kernel,timeout,circuit_break,"","","",one_to_many,0,0,active,,0
358925,308897,308923,config_depends,downstream,degradable,"",config,[],"",shared_kernel,timeout,circuit_break,"","","",one_to_many,0,0,active,,0
358932,308907,308923,config_depends,downstream,degradable,"",config,[],"",shared_kernel,timeout,circuit_break,"","","",one_to_many,0,0,active,,0
358929,308904,308923,config_depends,downstream,degradable,"",config,[],"",shared_kernel,timeout,circuit_break,"","","",one_to_many,0,0,active,,0
358928,308903,308923,config_depends,downstream,degradable,"",config,[],"",shared_kernel,timeout,circuit_break,"","","",one_to_many,0,0,active,,0
358930,308905,308923,config_depends,downstream,degradable,"",config,[],"",shared_kernel,timeout,circuit_break,"","","",one_to_many,0,0,active,,0
358934,308909,308923,config_depends,downstream,degradable,"",config,[],"",shared_kernel,timeout,circuit_break,"","","",one_to_many,0,0,active,,0
354076,306851,306825,import_depends,downstream,required,"",import,[],"","",timeout,graceful_degradation,"","","",one_to_many,0,0,active,,0
354077,306851,307845,import_depends,downstream,critical,"",import,[],"","",service_down,circuit_break,"","","",one_to_many,1,0,active,,0
354079,306859,306919,import_depends,downstream,required,"",import,[],"","",timeout,graceful_degradation,"","","",one_to_many,0,0,active,,0
354086,306864,307602,import_depends,downstream,critical,"",import,[],"","",service_down,circuit_break,"","","",one_to_many,1,0,active,,0
354394,307050,307027,import_depends,downstream,required,"",import,[],"",shared_kernel,timeout,graceful_degradation,"","","",one_to_many,0,0,active,,0
358937,308912,308923,config_depends,downstream,degradable,"",config,[],"",shared_kernel,timeout,circuit_break,"","","",one_to_many,0,0,active,,0
358933,308908,308923,config_depends,downstream,degradable,"",config,[],"",shared_kernel,timeout,circuit_break,"","","",one_to_many,0,0,active,,0
358936,308911,308923,config_depends,downstream,degradable,"",config,[],"",shared_kernel,timeout,circuit_break,"","","",one_to_many,0,0,active,,0
358939,308914,308923,config_depends,downstream,degradable,"",config,[],"",shared_kernel,timeout,circuit_break,"","","",one_to_many,0,0,active,,0
358976,308961,308989,config_depends,downstream,degradable,"",config,[],"",shared_kernel,timeout,circuit_break,"","","",one_to_many,0,0,active,,0
359015,309002,309004,config_depends,downstream,degradable,"",config,[],"",shared_kernel,timeout,circuit_break,"","","",one_to_many,0,0,active,,0
357613,310259,306667,test_depends,downstream,optional,"",import,[],"","",cascade_failure,skip_test,"","","",one_to_many,1,0,active,,0
357614,310260,306858,test_depends,downstream,optional,"",import,[],"","",cascade_failure,skip_test,"","","",one_to_many,1,0,active,,0
357619,310265,306939,test_depends,downstream,optional,"",import,[],"","",cascade_failure,skip_test,"","","",one_to_many,1,0,active,,0
357623,310269,306940,test_depends,downstream,optional,"",import,[],"","",cascade_failure,skip_test,"","","",one_to_many,1,0,active,,0
357624,310270,307440,test_depends,downstream,optional,"",import,[],"","",cascade_failure,skip_test,"","","",one_to_many,1,0,active,,0
357630,310273,306971,test_depends,downstream,optional,"",import,[],"","",cascade_failure,skip_test,"","","",one_to_many,1,0,active,,0
357629,310272,306978,test_depends,downstream,optional,"",import,[],"","",cascade_failure,skip_test,"","","",one_to_many,1,0,active,,0
357625,310271,308692,test_depends,downstream,optional,"",import,[],"","",cascade_failure,skip_test,"","","",one_to_many,1,0,active,,0
357626,310271,306475,test_depends,downstream,optional,"",import,[],"","",cascade_failure,skip_test,"","","",one_to_many,1,0,active,,0
357627,310271,306973,test_depends,downstream,optional,"",import,[],"","",cascade_failure,skip_test,"","","",one_to_many,1,0,active,,0
359017,309005,309017,config_depends,downstream,degradable,"",config,[],"",shared_kernel,timeout,circuit_break,"","","",one_to_many,0,0,active,,0
359024,309013,309017,config_depends,downstream,degradable,"",config,[],"",shared_kernel,timeout,circuit_break,"","","",one_to_many,0,0,active,,0
359022,309011,309017,config_depends,downstream,degradable,"",config,[],"",shared_kernel,timeout,circuit_break,"","","",one_to_many,0,0,active,,0
359021,309010,309060,config_depends,downstream,degradable,"",config,[],"",shared_kernel,timeout,circuit_break,"","","",one_to_many,0,0,active,,0
359283,310991,307874,config_depends,downstream,degradable,"",config,[],"","",timeout,circuit_break,"","","",one_to_many,0,0,active,,0
359280,310988,307858,config_depends,downstream,degradable,"",config,[],"","",timeout,circuit_break,"","","",one_to_many,0,0,active,,0
359282,310990,307874,config_depends,downstream,degradable,"",config,[],"","",timeout,circuit_break,"","","",one_to_many,0,0,active,,0
359281,310989,307874,config_depends,downstream,degradable,"",config,[],"","",timeout,circuit_break,"","","",one_to_many,0,0,active,,0
354088,306866,306829,import_depends,downstream,required,"",import,[],"","",timeout,graceful_degradation,"","","",one_to_many,0,0,active,,0
354089,306866,306825,import_depends,downstream,required,"",import,[],"","",timeout,graceful_degradation,"","","",one_to_many,0,0,active,,0
354090,306866,306956,import_depends,downstream,required,"",import,[],"","",timeout,graceful_degradation,"","","",one_to_many,0,0,active,,0
354094,306872,307047,import_depends,downstream,critical,"",import,[],"","",service_down,circuit_break,"","","",one_to_many,1,0,active,,0
354096,306872,308118,import_depends,downstream,critical,"",import,[],"","",service_down,circuit_break,"","","",one_to_many,1,0,active,,0
354103,306880,307540,import_depends,downstream,critical,"",import,[],"",anti_corruption_layer,service_down,circuit_break,"","","",one_to_many,1,0,active,,0
354102,306879,308059,import_depends,downstream,critical,"",import,[],"","",service_down,circuit_break,"","","",one_to_many,1,0,active,,0
354104,306881,308059,import_depends,downstream,critical,"",import,[],"","",service_down,circuit_break,"","","",one_to_many,1,0,active,,0
354111,306888,308059,import_depends,downstream,critical,"",import,[],"","",service_down,circuit_break,"","","",one_to_many,1,0,active,,0
354112,306891,306889,import_depends,downstream,required,"",import,[],"","",timeout,graceful_degradation,"","","",one_to_many,0,0,active,,0
354115,306897,306880,import_depends,downstream,required,"",import,[],"","",timeout,graceful_degradation,"","","",one_to_many,0,0,active,,0
354116,306897,307047,import_depends,downstream,critical,"",import,[],"","",service_down,circuit_break,"","","",one_to_many,1,0,active,,0
354117,306897,306999,import_depends,downstream,critical,"",import,[],"","",service_down,circuit_break,"","","",one_to_many,1,0,active,,0
354118,306897,308102,import_depends,downstream,critical,"",import,[],"",anti_corruption_layer,service_down,circuit_break,"","","",one_to_many,1,0,active,,0
354120,306899,307047,import_depends,downstream,critical,"",import,[],"","",service_down,circuit_break,"","","",one_to_many,1,0,active,,0
354121,306899,306999,import_depends,downstream,critical,"",import,[],"","",service_down,circuit_break,"","","",one_to_many,1,0,active,,0
357632,310275,306977,test_depends,downstream,optional,"",import,[],"","",cascade_failure,skip_test,"","","",one_to_many,1,0,active,,0
357633,310275,308059,test_depends,downstream,optional,"",import,[],"","",cascade_failure,skip_test,"","","",one_to_many,1,0,active,,0
357634,310275,306976,test_depends,downstream,optional,"",import,[],"","",cascade_failure,skip_test,"","","",one_to_many,1,0,active,,0
359049,309045,309060,config_depends,downstream,degradable,"",config,[],"",shared_kernel,timeout,circuit_break,"","","",one_to_many,0,0,active,,0
359285,310993,307909,config_depends,downstream,degradable,"",config,[],"","",timeout,circuit_break,"","","",one_to_many,0,0,active,,0
359287,310995,309060,config_depends,downstream,degradable,"",config,[],"","",timeout,circuit_break,"","","",one_to_many,0,0,active,,0
359286,310994,309060,config_depends,downstream,degradable,"",config,[],"","",timeout,circuit_break,"","","",one_to_many,0,0,active,,0
359289,310997,309060,config_depends,downstream,degradable,"",config,[],"","",timeout,circuit_break,"","","",one_to_many,0,0,active,,0
359288,310996,309060,config_depends,downstream,degradable,"",config,[],"","",timeout,circuit_break,"","","",one_to_many,0,0,active,,0
359105,309142,309138,config_depends,downstream,degradable,"",config,[],"","",timeout,circuit_break,"","","",one_to_many,0,0,active,,0
354125,306901,306872,import_depends,downstream,required,"",import,[],"","",timeout,graceful_degradation,"","","",one_to_many,0,0,active,,0
354126,306901,308102,import_depends,downstream,critical,"",import,[],"",anti_corruption_layer,service_down,circuit_break,"","","",one_to_many,1,0,active,,0
354123,306900,307047,import_depends,downstream,critical,"",import,[],"","",service_down,circuit_break,"","","",one_to_many,1,0,active,,0
354124,306900,306999,import_depends,downstream,critical,"",import,[],"","",service_down,circuit_break,"","","",one_to_many,1,0,active,,0
354395,307050,307044,import_depends,downstream,required,"",import,[],"",shared_kernel,timeout,graceful_degradation,"","","",one_to_many,0,0,active,,0
358547,307069,307060,config_depends,downstream,degradable,"",config,[],"","",timeout,circuit_break,"","","",one_to_many,0,0,active,,0
354127,306903,306904,import_depends,downstream,required,"",import,[],"","",timeout,graceful_degradation,"","","",one_to_many,0,0,active,,0
354131,306907,307004,import_depends,downstream,critical,"",import,[],"","",service_down,circuit_break,"","","",one_to_many,1,0,active,,0
354132,306907,306999,import_depends,downstream,critical,"",import,[],"","",service_down,circuit_break,"","","",one_to_many,1,0,active,,0
354133,306907,306931,import_depends,downstream,required,"",import,[],"","",timeout,graceful_degradation,"","","",one_to_many,0,0,active,,0
359301,311009,309064,config_depends,downstream,degradable,"",config,[],"","",timeout,circuit_break,"","","",one_to_many,0,0,active,,0
359303,311011,309064,config_depends,downstream,degradable,"",config,[],"","",timeout,circuit_break,"","","",one_to_many,0,0,active,,0
355454,307945,308105,import_depends,downstream,required,"",import,[],"","",timeout,graceful_degradation,"","","",one_to_many,0,0,active,,0
355652,308189,307506,import_depends,downstream,critical,"",import,[],"","",service_down,circuit_break,"","","",one_to_many,1,0,active,,0
356241,309062,308059,import_depends,downstream,critical,"",import,[],"","",service_down,circuit_break,"","","",one_to_many,1,0,active,,0
356250,309077,308059,import_depends,downstream,critical,"",import,[],"","",service_down,circuit_break,"","","",one_to_many,1,0,active,,0
353775,306542,307010,import_depends,downstream,critical,"",import,[],"",anti_corruption_layer,service_down,circuit_break,"","","",one_to_many,1,0,active,,0
353765,306534,308132,import_depends,downstream,critical,"",import,[],"",anti_corruption_layer,service_down,circuit_break,"","","",one_to_many,1,0,active,,0
354134,306908,308646,import_depends,downstream,critical,"",import,[],"","",service_down,circuit_break,"","","",one_to_many,1,0,active,,0
354135,306908,308648,import_depends,downstream,critical,"",import,[],"","",service_down,circuit_break,"","","",one_to_many,1,0,active,,0
354348,307047,306999,import_depends,downstream,required,"",import,[],"","",timeout,graceful_degradation,"","","",one_to_many,0,0,active,,0
354349,307047,307012,import_depends,downstream,required,"",import,[],"","",timeout,graceful_degradation,"","","",one_to_many,0,0,active,,0
354136,306908,308652,import_depends,downstream,critical,"",import,[],"","",service_down,circuit_break,"","","",one_to_many,1,0,active,,0
354139,306914,308059,import_depends,downstream,critical,"",import,[],"","",service_down,circuit_break,"","","",one_to_many,1,0,active,,0
354143,306917,306818,import_depends,downstream,required,"",import,[],"","",timeout,graceful_degradation,"","","",one_to_many,0,0,active,,0
354144,306917,307982,import_depends,downstream,critical,"",import,[],"","",service_down,circuit_break,"","","",one_to_many,1,0,active,,0
354145,306917,307116,import_depends,downstream,required,"",import,[],"","",timeout,graceful_degradation,"","","",one_to_many,0,0,active,,0
354140,306915,306471,import_depends,downstream,required,"",import,[],"","",timeout,graceful_degradation,"","","",one_to_many,0,0,active,,0
358585,307539,307534,config_depends,downstream,degradable,"",config,[],"","",timeout,circuit_break,"","","",one_to_many,0,0,active,,0
354146,306918,306919,import_depends,downstream,required,"",import,[],"","",timeout,graceful_degradation,"","","",one_to_many,0,0,active,,0
354147,306918,306771,import_depends,downstream,required,"",import,[],"","",timeout,graceful_degradation,"","","",one_to_many,0,0,active,,0
354148,306918,307086,import_depends,downstream,required,"",import,[],"","",timeout,graceful_degradation,"","","",one_to_many,0,0,active,,0
354149,306918,306790,import_depends,downstream,required,"",import,[],"","",timeout,graceful_degradation,"","","",one_to_many,0,0,active,,0
353785,306548,307004,import_depends,downstream,critical,"",import,[],"",anti_corruption_layer,service_down,circuit_break,"","","",one_to_many,1,0,active,,0
353786,306548,308059,import_depends,downstream,critical,"",import,[],"",anti_corruption_layer,service_down,circuit_break,"","","",one_to_many,1,0,active,,0
357649,310287,307056,test_depends,downstream,optional,"",import,[],"","",cascade_failure,skip_test,"","","",one_to_many,1,0,active,,0
357652,310290,307065,test_depends,downstream,optional,"",import,[],"","",cascade_failure,skip_test,"","","",one_to_many,1,0,active,,0
359268,310976,307011,config_depends,downstream,degradable,"",config,[],"","",timeout,circuit_break,"","","",one_to_many,0,0,active,,0
359264,310972,307011,config_depends,downstream,degradable,"",config,[],"","",timeout,circuit_break,"","","",one_to_many,0,0,active,,0
359270,310978,307061,config_depends,downstream,degradable,"",config,[],"",shared_kernel,timeout,circuit_break,"","","",one_to_many,0,0,active,,0
357675,310313,306953,test_depends,downstream,optional,"",import,[],"","",cascade_failure,skip_test,"","","",one_to_many,1,0,active,,0
357676,310313,307538,test_depends,downstream,optional,"",import,[],"","",cascade_failure,skip_test,"","","",one_to_many,1,0,active,,0
357677,310313,307540,test_depends,downstream,optional,"",import,[],"","",cascade_failure,skip_test,"","","",one_to_many,1,0,active,,0
357673,310312,307433,test_depends,downstream,optional,"",import,[],"","",cascade_failure,skip_test,"","","",one_to_many,1,0,active,,0
357678,310315,308059,test_depends,downstream,optional,"",import,[],"","",cascade_failure,skip_test,"","","",one_to_many,1,0,active,,0
357682,310320,306683,test_depends,downstream,optional,"",import,[],"","",cascade_failure,skip_test,"","","",one_to_many,1,0,active,,0
357679,310316,306679,test_depends,downstream,optional,"",import,[],"","",cascade_failure,skip_test,"","","",one_to_many,1,0,active,,0
357683,310321,306741,test_depends,downstream,optional,"",import,[],"","",cascade_failure,skip_test,"","","",one_to_many,1,0,active,,0
354171,306953,307047,import_depends,downstream,critical,"",import,[],"","",service_down,circuit_break,"","","",one_to_many,1,0,active,,0
354172,306953,306958,import_depends,downstream,required,"",import,[],"","",timeout,graceful_degradation,"","","",one_to_many,0,0,active,,0
354174,306953,307540,import_depends,downstream,critical,"",import,[],"","",service_down,circuit_break,"","","",one_to_many,1,0,active,,0
354175,306953,306999,import_depends,downstream,critical,"",import,[],"","",service_down,circuit_break,"","","",one_to_many,1,0,active,,0
354176,306953,308132,import_depends,downstream,critical,"",import,[],"","",service_down,circuit_break,"","","",one_to_many,1,0,active,,0
354177,306953,306488,import_depends,downstream,required,"",import,[],"","",timeout,graceful_degradation,"","","",one_to_many,0,0,active,,0
354178,306953,306931,import_depends,downstream,required,"",import,[],"","",timeout,graceful_degradation,"","","",one_to_many,0,0,active,,0
354179,306953,306973,import_depends,downstream,required,"",import,[],"","",timeout,graceful_degradation,"","","",one_to_many,0,0,active,,0
354168,306951,306958,import_depends,downstream,required,"",import,[],"","",timeout,graceful_degradation,"","","",one_to_many,0,0,active,,0
354169,306951,308059,import_depends,downstream,critical,"",import,[],"","",service_down,circuit_break,"","","",one_to_many,1,0,active,,0
354180,306957,307101,import_depends,downstream,required,"",import,[],"","",timeout,graceful_degradation,"","","",one_to_many,0,0,active,,0
354181,306957,308059,import_depends,downstream,critical,"",import,[],"","",service_down,circuit_break,"","","",one_to_many,1,0,active,,0
354182,306958,308059,import_depends,downstream,critical,"",import,[],"","",service_down,circuit_break,"","","",one_to_many,1,0,active,,0
354350,307047,307004,import_depends,downstream,required,"",import,[],"","",timeout,graceful_degradation,"","","",one_to_many,0,0,active,,0
354351,307047,308120,import_depends,downstream,critical,"",import,[],"","",service_down,circuit_break,"","","",one_to_many,1,0,active,,0
353738,306480,307950,import_depends,downstream,critical,"",import,[],"",anti_corruption_layer,service_down,circuit_break,"","","",one_to_many,1,0,active,,0
354191,306967,307261,import_depends,downstream,critical,"",import,[],"","",service_down,circuit_break,"","","",one_to_many,1,0,active,,0
354233,306987,308111,import_depends,downstream,critical,"",import,[],"","",service_down,circuit_break,"","","",one_to_many,1,0,active,,0
354234,306987,308059,import_depends,downstream,critical,"",import,[],"","",service_down,circuit_break,"","","",one_to_many,1,0,active,,0
354235,306987,308120,import_depends,downstream,critical,"",import,[],"","",service_down,circuit_break,"","","",one_to_many,1,0,active,,0
354262,307010,306766,import_depends,downstream,critical,"",import,[],"","",service_down,circuit_break,"","","",one_to_many,1,0,active,,0
354263,307010,306758,import_depends,downstream,critical,"",import,[],"","",service_down,circuit_break,"","","",one_to_many,1,0,active,,0
354264,307010,306783,import_depends,downstream,critical,"",import,[],"","",service_down,circuit_break,"","","",one_to_many,1,0,active,,0
359087,309109,309103,config_depends,downstream,degradable,"",config,[],"","",timeout,circuit_break,"","","",one_to_many,0,0,active,,0
359086,309108,309103,config_depends,downstream,degradable,"",config,[],"","",timeout,circuit_break,"","","",one_to_many,0,0,active,,0
359090,309114,309103,config_depends,downstream,degradable,"",config,[],"","",timeout,circuit_break,"","","",one_to_many,0,0,active,,0
359092,309117,309103,config_depends,downstream,degradable,"",config,[],"","",timeout,circuit_break,"","","",one_to_many,0,0,active,,0
354265,307010,307379,import_depends,downstream,critical,"",import,[],"","",service_down,circuit_break,"","","",one_to_many,1,0,active,,0
353745,306494,307670,import_depends,downstream,critical,"",import,[],"","",service_down,circuit_break,"","","",one_to_many,1,0,active,,0
354218,306973,307756,import_depends,downstream,critical,"",import,[],"","",service_down,circuit_break,"","","",one_to_many,1,0,active,,0
359091,309116,309103,config_depends,downstream,degradable,"",config,[],"","",timeout,circuit_break,"","","",one_to_many,0,0,active,,0
354219,306973,306976,import_depends,downstream,required,"",import,[],"","",timeout,graceful_degradation,"","","",one_to_many,0,0,active,,0
354259,307009,307048,import_depends,downstream,required,"",import,[],"","",timeout,graceful_degradation,"","","",one_to_many,0,0,active,,0
353671,306343,307969,import_depends,downstream,critical,"",import,[],"","",service_down,circuit_break,"","","",one_to_many,1,0,active,,0
354326,307038,307018,import_depends,downstream,required,"",import,[],"",shared_kernel,timeout,graceful_degradation,"","","",one_to_many,0,0,active,,0
354327,307038,307004,import_depends,downstream,required,"",import,[],"",shared_kernel,timeout,graceful_degradation,"","","",one_to_many,0,0,active,,0
354313,307032,307018,import_depends,downstream,required,"",import,[],"",shared_kernel,timeout,graceful_degradation,"","","",one_to_many,0,0,active,,0
354314,307032,307004,import_depends,downstream,required,"",import,[],"",shared_kernel,timeout,graceful_degradation,"","","",one_to_many,0,0,active,,0
354321,307035,307012,import_depends,downstream,required,"",import,[],"",shared_kernel,timeout,graceful_degradation,"","","",one_to_many,0,0,active,,0
354332,307040,307377,import_depends,downstream,critical,"",import,[],"","",service_down,circuit_break,"","","",one_to_many,1,0,active,,0
354344,307046,307018,import_depends,downstream,required,"",import,[],"",shared_kernel,timeout,graceful_degradation,"","","",one_to_many,0,0,active,,0
354354,307047,306771,import_depends,downstream,critical,"",import,[],"","",service_down,circuit_break,"","","",one_to_many,1,0,active,,0
354355,307047,307057,import_depends,downstream,required,"",import,[],"","",timeout,graceful_degradation,"","","",one_to_many,0,0,active,,0
354356,307047,307059,import_depends,downstream,required,"",import,[],"","",timeout,graceful_degradation,"","","",one_to_many,0,0,active,,0
354345,307046,307004,import_depends,downstream,required,"",import,[],"",shared_kernel,timeout,graceful_degradation,"","","",one_to_many,0,0,active,,0
354336,307042,307004,import_depends,downstream,required,"",import,[],"",shared_kernel,timeout,graceful_degradation,"","","",one_to_many,0,0,active,,0
354396,307054,307051,import_depends,downstream,required,"",import,[],"","",timeout,graceful_degradation,"","","",one_to_many,0,0,active,,0
354362,307050,307018,import_depends,downstream,required,"",import,[],"",shared_kernel,timeout,graceful_degradation,"","","",one_to_many,0,0,active,,0
354363,307050,307015,import_depends,downstream,required,"",import,[],"",shared_kernel,timeout,graceful_degradation,"","","",one_to_many,0,0,active,,0
354364,307050,307016,import_depends,downstream,required,"",import,[],"",shared_kernel,timeout,graceful_degradation,"","","",one_to_many,0,0,active,,0
354365,307050,307014,import_depends,downstream,required,"",import,[],"",shared_kernel,timeout,graceful_degradation,"","","",one_to_many,0,0,active,,0
354366,307050,307017,import_depends,downstream,required,"",import,[],"",shared_kernel,timeout,graceful_degradation,"","","",one_to_many,0,0,active,,0
354367,307050,307019,import_depends,downstream,required,"",import,[],"",shared_kernel,timeout,graceful_degradation,"","","",one_to_many,0,0,active,,0
354368,307050,307020,import_depends,downstream,required,"",import,[],"",shared_kernel,timeout,graceful_degradation,"","","",one_to_many,0,0,active,,0
354369,307050,307022,import_depends,downstream,required,"",import,[],"",shared_kernel,timeout,graceful_degradation,"","","",one_to_many,0,0,active,,0
354370,307050,307023,import_depends,downstream,required,"",import,[],"",shared_kernel,timeout,graceful_degradation,"","","",one_to_many,0,0,active,,0
354371,307050,307021,import_depends,downstream,required,"",import,[],"",shared_kernel,timeout,graceful_degradation,"","","",one_to_many,0,0,active,,0
354383,307050,307038,import_depends,downstream,required,"",import,[],"",shared_kernel,timeout,graceful_degradation,"","","",one_to_many,0,0,active,,0
354384,307050,307035,import_depends,downstream,required,"",import,[],"",shared_kernel,timeout,graceful_degradation,"","","",one_to_many,0,0,active,,0
354385,307050,307037,import_depends,downstream,required,"",import,[],"",shared_kernel,timeout,graceful_degradation,"","","",one_to_many,0,0,active,,0
354360,307047,307377,import_depends,downstream,critical,"",import,[],"","",service_down,circuit_break,"","","",one_to_many,1,0,active,,0
354357,307047,307058,import_depends,downstream,required,"",import,[],"","",timeout,graceful_degradation,"","","",one_to_many,0,0,active,,0
354361,307048,306558,import_depends,downstream,critical,"",import,[],"","",service_down,circuit_break,"","","",one_to_many,1,0,active,,0
354400,307058,308059,import_depends,downstream,critical,"",import,[],"","",service_down,circuit_break,"","","",one_to_many,1,0,active,,0
354399,307057,308059,import_depends,downstream,critical,"",import,[],"","",service_down,circuit_break,"","","",one_to_many,1,0,active,,0
354401,307059,307545,import_depends,downstream,critical,"",import,[],"",anti_corruption_layer,service_down,circuit_break,"","","",one_to_many,1,0,active,,0
354405,307064,306471,import_depends,downstream,critical,"",import,[],"","",service_down,circuit_break,"","","",one_to_many,1,0,active,,0
354415,307083,307847,import_depends,downstream,critical,"",import,[],"","",service_down,circuit_break,"","","",one_to_many,1,0,active,,0
354416,307083,307845,import_depends,downstream,critical,"",import,[],"","",service_down,circuit_break,"","","",one_to_many,1,0,active,,0
354417,307083,308021,import_depends,downstream,critical,"",import,[],"","",service_down,circuit_break,"","","",one_to_many,1,0,active,,0
354419,307089,306613,import_depends,downstream,required,"",import,[],"","",timeout,graceful_degradation,"","","",one_to_many,0,0,active,,0
354418,307088,306997,import_depends,downstream,critical,"",import,[],"","",service_down,circuit_break,"","","",one_to_many,1,0,active,,0
354475,307127,308651,import_depends,downstream,critical,"",import,[],"","",service_down,circuit_break,"","","",one_to_many,1,0,active,,0
354477,307129,308654,import_depends,downstream,critical,"",import,[],"","",service_down,circuit_break,"","","",one_to_many,1,0,active,,0
354482,307134,307127,import_depends,downstream,required,"",import,[],"",shared_kernel,timeout,graceful_degradation,"","","",one_to_many,0,0,active,,0
354483,307134,307128,import_depends,downstream,required,"",import,[],"",shared_kernel,timeout,graceful_degradation,"","","",one_to_many,0,0,active,,0
354484,307134,307125,import_depends,downstream,required,"",import,[],"",shared_kernel,timeout,graceful_degradation,"","","",one_to_many,0,0,active,,0
354485,307134,307124,import_depends,downstream,required,"",import,[],"",shared_kernel,timeout,graceful_degradation,"","","",one_to_many,0,0,active,,0
354486,307134,307130,import_depends,downstream,required,"",import,[],"",shared_kernel,timeout,graceful_degradation,"","","",one_to_many,0,0,active,,0
354487,307134,307123,import_depends,downstream,required,"",import,[],"",shared_kernel,timeout,graceful_degradation,"","","",one_to_many,0,0,active,,0
354490,307136,308658,import_depends,downstream,critical,"",import,[],"","",service_down,circuit_break,"","","",one_to_many,1,0,active,,0
354481,307133,308659,import_depends,downstream,critical,"",import,[],"","",service_down,circuit_break,"","","",one_to_many,1,0,active,,0
354504,307144,307145,import_depends,downstream,required,"",import,[],"",shared_kernel,timeout,graceful_degradation,"","","",one_to_many,0,0,active,,0
353750,306495,308102,import_depends,downstream,critical,"",import,[],"",anti_corruption_layer,service_down,circuit_break,"","","",one_to_many,1,0,active,,0
354506,307144,307140,import_depends,downstream,required,"",import,[],"",shared_kernel,timeout,graceful_degradation,"","","",one_to_many,0,0,active,,0
354507,307144,307143,import_depends,downstream,required,"",import,[],"",shared_kernel,timeout,graceful_degradation,"","","",one_to_many,0,0,active,,0
354508,307144,307147,import_depends,downstream,required,"",import,[],"",shared_kernel,timeout,graceful_degradation,"","","",one_to_many,0,0,active,,0
354500,307140,308667,import_depends,downstream,critical,"",import,[],"","",service_down,circuit_break,"","","",one_to_many,1,0,active,,0
354510,307147,308674,import_depends,downstream,critical,"",import,[],"","",service_down,circuit_break,"","","",one_to_many,1,0,active,,0
354515,307154,307183,import_depends,downstream,required,"",import,[],"","",timeout,graceful_degradation,"","","",one_to_many,0,0,active,,0
354516,307154,308059,import_depends,downstream,critical,"",import,[],"","",service_down,circuit_break,"","","",one_to_many,1,0,active,,0
354513,307152,306613,import_depends,downstream,critical,"",import,[],"",anti_corruption_layer,service_down,circuit_break,"","","",one_to_many,1,0,active,,0
358644,308112,308106,config_depends,downstream,degradable,"",config,[],"","",timeout,circuit_break,"","","",one_to_many,0,0,active,,0
354358,307047,307067,import_depends,downstream,required,"",import,[],"","",timeout,graceful_degradation,"","","",one_to_many,0,0,active,,0
354359,307047,307065,import_depends,downstream,required,"",import,[],"","",timeout,graceful_degradation,"","","",one_to_many,0,0,active,,0
354410,307074,307086,import_depends,downstream,required,"",import,[],"","",timeout,graceful_degradation,"","","",one_to_many,0,0,active,,0
354411,307074,307091,import_depends,downstream,required,"",import,[],"","",timeout,graceful_degradation,"","","",one_to_many,0,0,active,,0
354520,307156,307183,import_depends,downstream,required,"",import,[],"","",timeout,graceful_degradation,"","","",one_to_many,0,0,active,,0
354521,307156,307545,import_depends,downstream,critical,"",import,[],"",anti_corruption_layer,service_down,circuit_break,"","","",one_to_many,1,0,active,,0
354522,307156,308132,import_depends,downstream,critical,"",import,[],"","",service_down,circuit_break,"","","",one_to_many,1,0,active,,0
354514,307153,308059,import_depends,downstream,critical,"",import,[],"","",service_down,circuit_break,"","","",one_to_many,1,0,active,,0
354532,307166,308118,import_depends,downstream,critical,"",import,[],"","",service_down,circuit_break,"","","",one_to_many,1,0,active,,0
354533,307166,307183,import_depends,downstream,required,"",import,[],"","",timeout,graceful_degradation,"","","",one_to_many,0,0,active,,0
354534,307166,307152,import_depends,downstream,required,"",import,[],"","",timeout,graceful_degradation,"","","",one_to_many,0,0,active,,0
354535,307166,307158,import_depends,downstream,required,"",import,[],"","",timeout,graceful_degradation,"","","",one_to_many,0,0,active,,0
354536,307166,307172,import_depends,downstream,required,"",import,[],"","",timeout,graceful_degradation,"","","",one_to_many,0,0,active,,0
354537,307166,308021,import_depends,downstream,critical,"",import,[],"","",service_down,circuit_break,"","","",one_to_many,1,0,active,,0
354538,307166,307168,import_depends,downstream,required,"",import,[],"","",timeout,graceful_degradation,"","","",one_to_many,0,0,active,,0
354539,307166,307163,import_depends,downstream,required,"",import,[],"","",timeout,graceful_degradation,"","","",one_to_many,0,0,active,,0
354540,307166,307156,import_depends,downstream,required,"",import,[],"","",timeout,graceful_degradation,"","","",one_to_many,0,0,active,,0
354541,307166,307175,import_depends,downstream,required,"",import,[],"","",timeout,graceful_degradation,"","","",one_to_many,0,0,active,,0
354542,307166,307154,import_depends,downstream,required,"",import,[],"","",timeout,graceful_degradation,"","","",one_to_many,0,0,active,,0
354543,307166,307177,import_depends,downstream,required,"",import,[],"","",timeout,graceful_degradation,"","","",one_to_many,0,0,active,,0
354544,307166,307167,import_depends,downstream,required,"",import,[],"","",timeout,graceful_degradation,"","","",one_to_many,0,0,active,,0
354545,307166,307180,import_depends,downstream,required,"",import,[],"","",timeout,graceful_degradation,"","","",one_to_many,0,0,active,,0
354546,307166,307176,import_depends,downstream,required,"",import,[],"","",timeout,graceful_degradation,"","","",one_to_many,0,0,active,,0
354563,307168,308062,import_depends,downstream,critical,"",import,[],"","",service_down,circuit_break,"","","",one_to_many,1,0,active,,0
354564,307170,308059,import_depends,downstream,critical,"",import,[],"","",service_down,circuit_break,"","","",one_to_many,1,0,active,,0
354565,307174,308059,import_depends,downstream,critical,"",import,[],"","",service_down,circuit_break,"","","",one_to_many,1,0,active,,0
354572,307179,308059,import_depends,downstream,critical,"",import,[],"","",service_down,circuit_break,"","","",one_to_many,1,0,active,,0
354646,307273,307256,import_depends,downstream,required,"",import,[],"",shared_kernel,timeout,graceful_degradation,"","","",one_to_many,0,0,active,,0
354647,307273,307264,import_depends,downstream,required,"",import,[],"",shared_kernel,timeout,graceful_degradation,"","","",one_to_many,0,0,active,,0
354701,307295,307309,import_depends,downstream,required,"",import,[],"","",timeout,graceful_degradation,"","","",one_to_many,0,0,active,,0
354409,307070,307003,import_depends,downstream,critical,"",import,[],"","",service_down,circuit_break,"","","",one_to_many,1,0,active,,0
354412,307083,306850,import_depends,downstream,required,"",import,[],"","",timeout,graceful_degradation,"","","",one_to_many,0,0,active,,0
354413,307083,308118,import_depends,downstream,critical,"",import,[],"","",service_down,circuit_break,"","","",one_to_many,1,0,active,,0
354414,307083,307088,import_depends,downstream,required,"",import,[],"","",timeout,graceful_degradation,"","","",one_to_many,0,0,active,,0
354948,307464,307456,import_depends,downstream,required,"",import,[],"","",timeout,graceful_degradation,"","","",one_to_many,0,0,active,,0
354928,307454,307460,import_depends,downstream,required,"",import,[],"","",timeout,graceful_degradation,"","","",one_to_many,0,0,active,,0
355042,307512,306829,import_depends,downstream,critical,"",import,[],"","",service_down,circuit_break,"","","",one_to_many,1,0,active,,0
355062,307524,307004,import_depends,downstream,critical,"",import,[],"",anti_corruption_layer,service_down,circuit_break,"","","",one_to_many,1,0,active,,0
355063,307524,308107,import_depends,downstream,critical,"",import,[],"",anti_corruption_layer,service_down,circuit_break,"","","",one_to_many,1,0,active,,0
355094,307537,307529,import_depends,downstream,required,"",import,[],"",shared_kernel,timeout,graceful_degradation,"","","",one_to_many,0,0,active,,0
355100,307541,307503,import_depends,downstream,required,"",import,[],"",shared_kernel,timeout,graceful_degradation,"","","",one_to_many,0,0,active,,0
355115,307553,307544,import_depends,downstream,required,"",import,[],"",shared_kernel,timeout,graceful_degradation,"","","",one_to_many,0,0,active,,0
354703,307296,307314,import_depends,downstream,required,"",import,[],"","",timeout,graceful_degradation,"","","",one_to_many,0,0,active,,0
358552,307120,307115,config_depends,downstream,degradable,"",config,[],"","",timeout,circuit_break,"","","",one_to_many,0,0,active,,0
354704,307296,308059,import_depends,downstream,critical,"",import,[],"","",service_down,circuit_break,"","","",one_to_many,1,0,active,,0
355169,307585,307583,import_depends,downstream,required,"",import,[],"",shared_kernel,timeout,graceful_degradation,"","","",one_to_many,0,0,active,,0
355171,307589,308059,import_depends,downstream,critical,"",import,[],"","",service_down,circuit_break,"","","",one_to_many,1,0,active,,0
355172,307589,308113,import_depends,downstream,critical,"",import,[],"","",service_down,circuit_break,always,"",low,one_to_many,1,0,active,,0
353770,306540,308120,import_depends,downstream,critical,"",import,[],"",anti_corruption_layer,service_down,circuit_break,"","","",one_to_many,1,0,active,,0
355175,307593,308113,import_depends,downstream,critical,"",import,[],"","",service_down,circuit_break,always,"",low,one_to_many,1,0,active,,0
355196,307607,307359,import_depends,downstream,critical,"",import,[],"","",service_down,circuit_break,"","","",one_to_many,1,0,active,,0
355202,307609,307605,import_depends,downstream,required,"",import,[],"",shared_kernel,timeout,graceful_degradation,"","","",one_to_many,0,0,active,,0
355237,307687,308668,import_depends,downstream,critical,"",import,[],"",anti_corruption_layer,service_down,circuit_break,"","","",one_to_many,1,0,active,,0
355240,307696,308663,import_depends,downstream,critical,"",import,[],"",anti_corruption_layer,service_down,circuit_break,"","","",one_to_many,1,0,active,,0
355270,307783,307746,import_depends,downstream,required,"",import,[],"","",timeout,graceful_degradation,"","","",one_to_many,0,0,active,,0
355343,307832,307846,import_depends,downstream,required,"",import,[],"",shared_kernel,timeout,graceful_degradation,"","","",one_to_many,0,0,active,,0
355370,307842,307827,import_depends,downstream,required,"",import,[],"",shared_kernel,timeout,graceful_degradation,"","","",one_to_many,0,0,active,,0
354422,307095,306591,import_depends,downstream,required,"",import,[],"",anti_corruption_layer,timeout,graceful_degradation,"","","",one_to_many,0,0,active,,0
354420,307092,307101,import_depends,downstream,required,"",import,[],"",shared_kernel,timeout,graceful_degradation,"","","",one_to_many,0,0,active,,0
355371,307842,307829,import_depends,downstream,required,"",import,[],"",shared_kernel,timeout,graceful_degradation,"","","",one_to_many,0,0,active,,0
355372,307842,307830,import_depends,downstream,required,"",import,[],"",shared_kernel,timeout,graceful_degradation,"","","",one_to_many,0,0,active,,0
355399,307858,307849,import_depends,downstream,required,"",import,[],"",shared_kernel,timeout,graceful_degradation,"","","",one_to_many,0,0,active,,0
355434,307882,307845,import_depends,downstream,required,"",import,[],"",shared_kernel,timeout,graceful_degradation,"","","",one_to_many,0,0,active,,0
355435,307882,307874,import_depends,downstream,required,"",import,[],"",shared_kernel,timeout,graceful_degradation,"","","",one_to_many,0,0,active,,0
355503,307987,307974,import_depends,downstream,required,"",import,[],"","",timeout,graceful_degradation,"","","",one_to_many,0,0,active,,0
358637,308022,308018,config_depends,downstream,degradable,"",config,[],"","",timeout,circuit_break,"","","",one_to_many,0,0,active,,0
355540,308047,308048,import_depends,downstream,required,"",import,[],"",shared_kernel,timeout,graceful_degradation,"","","",one_to_many,0,0,active,,0
355541,308047,308041,import_depends,downstream,required,"",import,[],"",shared_kernel,timeout,graceful_degradation,"","","",one_to_many,0,0,active,,0
355576,308113,308536,import_depends,downstream,critical,"",import,[],"","",service_down,circuit_break,always,"",low,one_to_many,1,0,active,,0
355599,308149,308659,import_depends,downstream,critical,"",import,[],"",anti_corruption_layer,service_down,circuit_break,"","","",one_to_many,1,0,active,,0
355636,308189,308192,import_depends,downstream,required,"",import,[],"","",timeout,graceful_degradation,"","","",one_to_many,0,0,active,,0
355637,308189,308250,import_depends,downstream,required,"",import,[],"",anti_corruption_layer,timeout,graceful_degradation,"","","",one_to_many,0,0,active,,0
355638,308189,308193,import_depends,downstream,required,"",import,[],"","",timeout,graceful_degradation,"","","",one_to_many,0,0,active,,0
355671,308189,306953,import_depends,downstream,critical,"",import,[],"","",service_down,circuit_break,"","","",one_to_many,1,0,active,,0
355672,308189,307485,import_depends,downstream,critical,"",import,[],"","",service_down,circuit_break,"","","",one_to_many,1,0,active,,0
355704,308198,308197,import_depends,downstream,required,"",import,[],"","",timeout,graceful_degradation,"","","",one_to_many,0,0,active,,0
355683,308195,308059,import_depends,downstream,critical,"",import,[],"","",service_down,circuit_break,"","","",one_to_many,1,0,active,,0
355684,308195,308068,import_depends,downstream,critical,"",import,[],"","",service_down,circuit_break,"","","",one_to_many,1,0,active,,0
355685,308195,308066,import_depends,downstream,critical,"",import,[],"","",service_down,circuit_break,"","","",one_to_many,1,0,active,,0
355716,308204,308065,import_depends,downstream,critical,"",import,[],"","",service_down,circuit_break,"","","",one_to_many,1,0,active,,0
355717,308205,308198,import_depends,downstream,required,"",import,[],"","",timeout,graceful_degradation,"","","",one_to_many,0,0,active,,0
355705,308200,308221,import_depends,downstream,required,"",import,[],"","",timeout,graceful_degradation,"","","",one_to_many,0,0,active,,0
355810,308251,308059,import_depends,downstream,critical,"",import,[],"","",service_down,circuit_break,"","","",one_to_many,1,0,active,,0
355800,308245,308533,import_depends,downstream,required,"",import,[],"","",timeout,graceful_degradation,"","","",one_to_many,0,0,active,,0
355802,308249,308356,import_depends,downstream,required,"",import,[],"","",timeout,graceful_degradation,"","","",one_to_many,0,0,active,,0
355803,308249,308454,import_depends,downstream,required,"",import,[],"","",timeout,graceful_degradation,"","","",one_to_many,0,0,active,,0
355804,308249,308491,import_depends,downstream,required,"",import,[],"","",timeout,graceful_degradation,"","","",one_to_many,0,0,active,,0
355846,308285,308264,import_depends,downstream,required,"",import,[],"",shared_kernel,timeout,graceful_degradation,"","","",one_to_many,0,0,active,,0
353805,306558,306598,import_depends,downstream,required,"",import,[],"",shared_kernel,timeout,graceful_degradation,"","","",one_to_many,0,0,active,,0
358532,306687,306626,config_depends,downstream,degradable,"",config,[],"","",timeout,circuit_break,"","","",one_to_many,0,0,active,,0
354421,307092,307105,import_depends,downstream,required,"",import,[],"",shared_kernel,timeout,graceful_degradation,"","","",one_to_many,0,0,active,,0
355881,308449,308431,import_depends,downstream,required,"",import,[],"",shared_kernel,timeout,graceful_degradation,"","","",one_to_many,0,0,active,,0
355882,308449,308434,import_depends,downstream,required,"",import,[],"",shared_kernel,timeout,graceful_degradation,"","","",one_to_many,0,0,active,,0
355883,308449,308433,import_depends,downstream,required,"",import,[],"",shared_kernel,timeout,graceful_degradation,"","","",one_to_many,0,0,active,,0
355884,308449,308436,import_depends,downstream,required,"",import,[],"",shared_kernel,timeout,graceful_degradation,"","","",one_to_many,0,0,active,,0
353649,306311,307545,import_depends,downstream,critical,"",import,[],"","",service_down,circuit_break,"","","",one_to_many,1,0,active,,0
355885,308449,308437,import_depends,downstream,required,"",import,[],"",shared_kernel,timeout,graceful_degradation,"","","",one_to_many,0,0,active,,0
354512,307152,308059,import_depends,downstream,critical,"",import,[],"","",service_down,circuit_break,"","","",one_to_many,1,0,active,,0
356020,308580,307545,import_depends,downstream,critical,"",import,[],"",anti_corruption_layer,service_down,circuit_break,"","","",one_to_many,1,0,active,,0
356021,308580,308132,import_depends,downstream,critical,"",import,[],"","",service_down,circuit_break,"","","",one_to_many,1,0,active,,0
356061,308644,308120,import_depends,downstream,critical,"",import,[],"","",service_down,circuit_break,"","","",one_to_many,1,0,active,,0
356062,308644,308132,import_depends,downstream,critical,"",import,[],"","",service_down,circuit_break,"","","",one_to_many,1,0,active,,0
356050,308638,307545,import_depends,downstream,critical,"",import,[],"",anti_corruption_layer,service_down,circuit_break,"","","",one_to_many,1,0,active,,0
356051,308638,308132,import_depends,downstream,critical,"",import,[],"","",service_down,circuit_break,"","","",one_to_many,1,0,active,,0
358593,307704,307699,config_depends,downstream,degradable,"",config,[],"","",timeout,circuit_break,"","","",one_to_many,0,0,active,,0
356132,308688,308113,import_depends,downstream,critical,"",import,[],"","",service_down,circuit_break,"","","",one_to_many,1,0,active,,0
356133,308688,307593,import_depends,downstream,critical,"",import,[],"","",service_down,circuit_break,"","","",one_to_many,1,0,active,,0
356134,308688,307598,import_depends,downstream,critical,"",import,[],"","",service_down,circuit_break,"","","",one_to_many,1,0,active,,0
356159,308733,307439,import_depends,downstream,critical,"",import,[],"","",service_down,circuit_break,"","","",one_to_many,1,0,active,,0
356209,308851,307756,import_depends,downstream,critical,"",import,[],"","",service_down,circuit_break,"","","",one_to_many,1,0,active,,0
356255,309090,307604,import_depends,downstream,critical,"",import,[],"","",service_down,circuit_break,"","","",one_to_many,1,0,active,,0
356251,309082,308059,import_depends,downstream,critical,"",import,[],"","",service_down,circuit_break,"","","",one_to_many,1,0,active,,0
356252,309082,306488,import_depends,downstream,critical,"",import,[],"","",service_down,circuit_break,"","","",one_to_many,1,0,active,,0
356254,309088,306953,import_depends,downstream,critical,"",import,[],"","",service_down,circuit_break,"","","",one_to_many,1,0,active,,0
356257,309093,308059,import_depends,downstream,critical,"",import,[],"","",service_down,circuit_break,"","","",one_to_many,1,0,active,,0
356283,309249,307250,test_depends,downstream,optional,"",import,[],"","",cascade_failure,skip_test,"","","",one_to_many,1,0,active,,0
354424,307098,307101,import_depends,downstream,required,"",import,[],"",shared_kernel,timeout,graceful_degradation,"","","",one_to_many,0,0,active,,0
354423,307096,307101,import_depends,downstream,required,"",import,[],"",shared_kernel,timeout,graceful_degradation,"","","",one_to_many,0,0,active,,0
356284,309250,307218,test_depends,downstream,optional,"",import,[],"","",cascade_failure,skip_test,"","","",one_to_many,1,0,active,,0
356285,309250,307217,test_depends,downstream,optional,"",import,[],"","",cascade_failure,skip_test,"","","",one_to_many,1,0,active,,0
356286,309250,307211,test_depends,downstream,optional,"",import,[],"","",cascade_failure,skip_test,"","","",one_to_many,1,0,active,,0
356409,309325,307761,test_depends,downstream,optional,"",import,[],"","",cascade_failure,skip_test,"","","",one_to_many,1,0,active,,0
356410,309325,307738,test_depends,downstream,optional,"",import,[],"",conformist,cascade_failure,skip_test,"","","",one_to_many,1,0,active,,0
356398,309324,308195,test_depends,downstream,optional,"",import,[],"","",cascade_failure,skip_test,"","","",one_to_many,1,0,active,,0
356486,309379,308356,test_depends,downstream,optional,"",import,[],"","",cascade_failure,skip_test,"","","",one_to_many,1,0,active,,0
356492,309386,306759,test_depends,downstream,optional,"",import,[],"","",cascade_failure,skip_test,"","","",one_to_many,1,0,active,,0
356523,309415,308557,test_depends,downstream,optional,"",import,[],"","",cascade_failure,skip_test,"","","",one_to_many,1,0,active,,0
356522,309414,306784,test_depends,downstream,optional,"",import,[],"","",cascade_failure,skip_test,"","","",one_to_many,1,0,active,,0
356521,309413,308463,test_depends,downstream,optional,"",import,[],"","",cascade_failure,skip_test,"","","",one_to_many,1,0,active,,0
356562,309446,307309,test_depends,downstream,optional,"",import,[],"","",cascade_failure,skip_test,"","","",one_to_many,1,0,active,,0
356635,309499,306221,test_depends,downstream,optional,"",import,[],"","",cascade_failure,skip_test,"","","",one_to_many,1,0,active,,0
356640,309504,306260,test_depends,downstream,optional,"",import,[],"","",cascade_failure,skip_test,"","","",one_to_many,1,0,active,,0
356641,309505,306263,test_depends,downstream,optional,"",import,[],"","",cascade_failure,skip_test,"","","",one_to_many,1,0,active,,0
356634,309498,306220,test_depends,downstream,optional,"",import,[],"","",cascade_failure,skip_test,"","","",one_to_many,1,0,active,,0
356639,309503,307857,test_depends,downstream,optional,"",import,[],"","",cascade_failure,skip_test,"","","",one_to_many,1,0,active,,0
357636,310276,306982,test_depends,downstream,optional,"",import,[],"","",cascade_failure,skip_test,"","","",one_to_many,1,0,active,,0
357704,310341,307278,test_depends,downstream,optional,"",import,[],"","",cascade_failure,skip_test,"","","",one_to_many,1,0,active,,0
357705,310341,307284,test_depends,downstream,optional,"",import,[],"","",cascade_failure,skip_test,"","","",one_to_many,1,0,active,,0
357784,310395,308059,test_depends,downstream,optional,"",import,[],"","",cascade_failure,skip_test,"","","",one_to_many,1,0,active,,0
357779,310392,308036,test_depends,downstream,optional,"",import,[],"","",cascade_failure,skip_test,"","","",one_to_many,1,0,active,,0
357821,310429,307877,test_depends,downstream,optional,"",import,[],"",conformist,cascade_failure,skip_test,"","","",one_to_many,1,0,active,,0
357815,310422,306878,test_depends,downstream,optional,"",import,[],"","",cascade_failure,skip_test,"","","",one_to_many,1,0,active,,0
358019,310565,308442,test_depends,downstream,optional,"",import,[],"","",cascade_failure,skip_test,"","","",one_to_many,1,0,active,,0
357995,310545,306471,test_depends,downstream,optional,"",import,[],"","",cascade_failure,skip_test,"","","",one_to_many,1,0,active,,0
357996,310545,308059,test_depends,downstream,optional,"",import,[],"","",cascade_failure,skip_test,"","","",one_to_many,1,0,active,,0
358002,310553,307352,test_depends,downstream,optional,"",import,[],"","",cascade_failure,skip_test,"","","",one_to_many,1,0,active,,0
358003,310553,307359,test_depends,downstream,optional,"",import,[],"","",cascade_failure,skip_test,"","","",one_to_many,1,0,active,,0
354955,307483,308059,import_depends,downstream,critical,"",import,[],"","",service_down,circuit_break,"","","",one_to_many,1,0,active,,0
358215,310739,306324,test_depends,downstream,optional,"",import,[],"","",cascade_failure,skip_test,"","","",one_to_many,1,0,active,,0
358252,310770,307350,test_depends,downstream,optional,"",import,[],"","",cascade_failure,skip_test,"","","",one_to_many,1,0,active,,0
358253,310770,307357,test_depends,downstream,optional,"",import,[],"","",cascade_failure,skip_test,"","","",one_to_many,1,0,active,,0
354430,307106,307101,import_depends,downstream,required,"",import,[],"",shared_kernel,timeout,graceful_degradation,"","","",one_to_many,0,0,active,,0
354426,307100,307101,import_depends,downstream,required,"",import,[],"","",timeout,graceful_degradation,"","","",one_to_many,0,0,active,,0
353747,306494,308648,import_depends,downstream,critical,"",import,[],"","",service_down,circuit_break,"","","",one_to_many,1,0,active,,0
354223,306976,308059,import_depends,downstream,critical,"",import,[],"","",service_down,circuit_break,"","","",one_to_many,1,0,active,,0
354425,307099,306470,import_depends,downstream,required,"",import,[],"","",timeout,graceful_degradation,"","","",one_to_many,0,0,active,,0
354427,307102,307101,import_depends,downstream,required,"",import,[],"",shared_kernel,timeout,graceful_degradation,"","","",one_to_many,0,0,active,,0
358293,310788,308202,test_depends,downstream,optional,"",import,[],"","",cascade_failure,skip_test,"","","",one_to_many,1,0,active,,0
358331,310812,307004,test_depends,downstream,optional,"",import,[],"","",cascade_failure,skip_test,"","","",one_to_many,1,0,active,,0
358337,310815,308059,test_depends,downstream,optional,"",import,[],"","",cascade_failure,skip_test,"","","",one_to_many,1,0,active,,0
358698,308341,308352,config_depends,downstream,degradable,"",config,[],"","",timeout,circuit_break,"","","",one_to_many,0,0,active,,0
358702,308345,308352,config_depends,downstream,degradable,"",config,[],"","",timeout,circuit_break,"","","",one_to_many,0,0,active,,0
358704,308347,308352,config_depends,downstream,degradable,"",config,[],"","",timeout,circuit_break,"","","",one_to_many,0,0,active,,0
358721,308367,308379,config_depends,downstream,degradable,"",config,[],"","",timeout,circuit_break,"","","",one_to_many,0,0,active,,0
354431,307107,307101,import_depends,downstream,required,"",import,[],"","",timeout,graceful_degradation,"","","",one_to_many,0,0,active,,0
359152,309204,309191,config_depends,downstream,degradable,"",config,[],"","",timeout,circuit_break,"","","",one_to_many,0,0,active,,0
357239,309954,308290,test_depends,downstream,optional,"",import,[],"","",cascade_failure,skip_test,"","","",one_to_many,1,0,active,,0
359154,309206,309191,config_depends,downstream,degradable,"",config,[],"","",timeout,circuit_break,"","","",one_to_many,0,0,active,,0
358761,308409,308427,config_depends,downstream,degradable,"",config,[],"","",timeout,circuit_break,"","","",one_to_many,0,0,active,,0
358765,308413,308427,config_depends,downstream,degradable,"",config,[],"","",timeout,circuit_break,"","","",one_to_many,0,0,active,,0
358793,308693,308702,config_depends,downstream,degradable,"",config,[],"",shared_kernel,timeout,circuit_break,"","","",one_to_many,0,0,active,,0
359125,309175,309168,config_depends,downstream,degradable,"",config,[],"","",timeout,circuit_break,"","","",one_to_many,0,0,active,,0
359131,309181,309168,config_depends,downstream,degradable,"",config,[],"","",timeout,circuit_break,"","","",one_to_many,0,0,active,,0
359127,309177,309168,config_depends,downstream,degradable,"",config,[],"","",timeout,circuit_break,"","","",one_to_many,0,0,active,,0
359128,309178,309168,config_depends,downstream,degradable,"",config,[],"","",timeout,circuit_break,"","","",one_to_many,0,0,active,,0
359134,309184,309168,config_depends,downstream,degradable,"",config,[],"","",timeout,circuit_break,"","","",one_to_many,0,0,active,,0
359132,309182,309168,config_depends,downstream,degradable,"",config,[],"","",timeout,circuit_break,"","","",one_to_many,0,0,active,,0
359133,309183,309168,config_depends,downstream,degradable,"",config,[],"","",timeout,circuit_break,"","","",one_to_many,0,0,active,,0
356417,309325,307747,test_depends,downstream,optional,"",import,[],"",conformist,cascade_failure,skip_test,"","","",one_to_many,1,0,active,,0
359248,310956,307009,config_depends,downstream,degradable,"",config,[],"","",timeout,circuit_break,"","","",one_to_many,0,0,active,,0
359252,310960,307009,config_depends,downstream,degradable,"",config,[],"","",timeout,circuit_break,"","","",one_to_many,0,0,active,,0
359261,310969,307009,config_depends,downstream,degradable,"",config,[],"","",timeout,circuit_break,"","","",one_to_many,0,0,active,,0
353721,306469,306591,import_depends,downstream,required,"",import,[],"",anti_corruption_layer,timeout,graceful_degradation,"","","",one_to_many,0,0,active,,0
353722,306469,306473,import_depends,downstream,required,"",import,[],"",shared_kernel,timeout,graceful_degradation,"","","",one_to_many,0,0,active,,0
353633,306285,306305,import_depends,downstream,required,"",import,[],"","",timeout,graceful_degradation,"","","",one_to_many,0,0,active,,0
354432,307107,307110,import_depends,downstream,required,"",import,[],"","",timeout,graceful_degradation,"","","",one_to_many,0,0,active,,0
358786,308640,308641,config_depends,downstream,degradable,"",config,[],"","",timeout,circuit_break,"","","",one_to_many,0,0,active,,0
354433,307107,307105,import_depends,downstream,required,"",import,[],"","",timeout,graceful_degradation,"","","",one_to_many,0,0,active,,0
354434,307107,307111,import_depends,downstream,required,"",import,[],"","",timeout,graceful_degradation,"","","",one_to_many,0,0,active,,0
353629,306283,306305,import_depends,downstream,required,"",import,[],"","",timeout,graceful_degradation,"","","",one_to_many,0,0,active,,0
353637,306287,307047,import_depends,downstream,critical,"",import,[],"","",service_down,circuit_break,"","","",one_to_many,1,0,active,,0
353630,306284,306288,import_depends,downstream,required,"",import,[],"","",timeout,graceful_degradation,"","","",one_to_many,0,0,active,,0
353631,306284,306307,import_depends,downstream,required,"",import,[],"","",timeout,graceful_degradation,"","","",one_to_many,0,0,active,,0
353689,306363,306632,import_depends,downstream,critical,"",import,[],"","",service_down,circuit_break,"","","",one_to_many,1,0,active,,0
353723,306469,306604,import_depends,downstream,required,"",import,[],"",anti_corruption_layer,timeout,graceful_degradation,"","","",one_to_many,0,0,active,,0
353639,306288,306305,import_depends,downstream,required,"",import,[],"","",timeout,graceful_degradation,"","","",one_to_many,0,0,active,,0
353640,306291,306290,import_depends,downstream,required,"",import,[],"","",timeout,graceful_degradation,"","","",one_to_many,0,0,active,,0
353641,306291,306299,import_depends,downstream,required,"",import,[],"","",timeout,graceful_degradation,"","","",one_to_many,0,0,active,,0
359118,309166,309158,config_depends,downstream,degradable,"",config,[],"","",timeout,circuit_break,"","","",one_to_many,0,0,active,,0
353646,306300,306302,import_depends,downstream,required,"",import,[],"","",timeout,graceful_degradation,"","","",one_to_many,0,0,active,,0
353652,306315,307501,import_depends,downstream,critical,"",import,[],"","",service_down,circuit_break,"","","",one_to_many,1,0,active,,0
353648,306310,306305,import_depends,downstream,required,"",import,[],"","",timeout,graceful_degradation,"","","",one_to_many,0,0,active,,0
354108,306885,306903,import_depends,downstream,required,"",import,[],"","",timeout,graceful_degradation,"","","",one_to_many,0,0,active,,0
353867,306624,306625,import_depends,downstream,required,"",import,[],"",shared_kernel,timeout,graceful_degradation,"","","",one_to_many,0,0,active,,0
353868,306625,306591,import_depends,downstream,required,"",import,[],"",anti_corruption_layer,timeout,graceful_degradation,"","","",one_to_many,0,0,active,,0
354305,307028,307004,import_depends,downstream,required,"",import,[],"",shared_kernel,timeout,graceful_degradation,"","","",one_to_many,0,0,active,,0
353727,306475,308059,import_depends,downstream,critical,"",import,[],"","",service_down,circuit_break,"","","",one_to_many,1,0,active,,0
353726,306473,306584,import_depends,downstream,required,"",import,[],"","",timeout,graceful_degradation,"","","",one_to_many,0,0,active,,0
353732,306477,307995,import_depends,downstream,critical,"",import,[],"","",service_down,circuit_break,"","","",one_to_many,1,0,active,,0
353733,306477,307999,import_depends,downstream,critical,"",import,[],"","",service_down,circuit_break,"","","",one_to_many,1,0,active,,0
353758,306508,307161,import_depends,downstream,critical,"",import,[],"","",service_down,circuit_break,"","","",one_to_many,1,0,active,,0
353760,306529,308120,import_depends,downstream,critical,"",import,[],"",anti_corruption_layer,service_down,circuit_break,"","","",one_to_many,1,0,active,,0
354438,307107,307102,import_depends,downstream,required,"",import,[],"","",timeout,graceful_degradation,"","","",one_to_many,0,0,active,,0
354439,307107,307109,import_depends,downstream,required,"",import,[],"","",timeout,graceful_degradation,"","","",one_to_many,0,0,active,,0
353767,306536,307956,import_depends,downstream,critical,"",import,[],"",anti_corruption_layer,service_down,circuit_break,"","","",one_to_many,1,0,active,,0
353806,306560,306579,import_depends,downstream,required,"",import,[],"",shared_kernel,timeout,graceful_degradation,"","","",one_to_many,0,0,active,,0
353807,306560,306573,import_depends,downstream,required,"",import,[],"","",timeout,graceful_degradation,"","","",one_to_many,0,0,active,,0
353870,306629,306615,import_depends,downstream,required,"",import,[],"",shared_kernel,timeout,graceful_degradation,"","","",one_to_many,0,0,active,,0
353871,306629,306620,import_depends,downstream,required,"",import,[],"",shared_kernel,timeout,graceful_degradation,"","","",one_to_many,0,0,active,,0
353944,306705,308059,import_depends,downstream,critical,"",import,[],"","",service_down,circuit_break,"","","",one_to_many,1,0,active,,0
354101,306877,308059,import_depends,downstream,critical,"",import,[],"","",service_down,circuit_break,"","","",one_to_many,1,0,active,,0
357222,309937,308356,test_depends,downstream,optional,"",import,[],"","",cascade_failure,skip_test,"","","",one_to_many,1,0,active,,0
355323,307825,307826,import_depends,downstream,required,"",import,[],"",shared_kernel,timeout,graceful_degradation,"","","",one_to_many,0,0,active,,0
354445,307117,307657,import_depends,downstream,critical,"",import,[],"",shared_kernel,service_down,circuit_break,"","","",one_to_many,1,0,active,,0
354462,307126,308654,import_depends,downstream,critical,"",import,[],"",anti_corruption_layer,service_down,circuit_break,"","","",one_to_many,1,0,active,,0
354463,307126,308655,import_depends,downstream,critical,"",import,[],"",anti_corruption_layer,service_down,circuit_break,"","","",one_to_many,1,0,active,,0
357322,310024,308059,test_depends,downstream,optional,"",import,[],"","",cascade_failure,skip_test,"","","",one_to_many,1,0,active,,0
354816,307369,306561,import_depends,downstream,critical,"",import,[],"",anti_corruption_layer,service_down,circuit_break,"","","",one_to_many,1,0,active,,0
355626,308187,308059,import_depends,downstream,critical,"",import,[],"","",service_down,circuit_break,"","","",one_to_many,1,0,active,,0
355120,307555,306885,import_depends,downstream,critical,"",import,[],"","",service_down,circuit_break,"","","",one_to_many,1,0,active,,0
355176,307596,307603,import_depends,downstream,required,"",import,[],"",shared_kernel,timeout,graceful_degradation,"","","",one_to_many,0,0,active,,0
355177,307596,307602,import_depends,downstream,required,"",import,[],"",shared_kernel,timeout,graceful_degradation,"","","",one_to_many,0,0,active,,0
356332,309298,307773,test_depends,downstream,optional,"",import,[],"","",cascade_failure,skip_test,"","","",one_to_many,1,0,active,,0
355289,307802,307797,import_depends,downstream,required,"",import,[],"",shared_kernel,timeout,graceful_degradation,"","","",one_to_many,0,0,active,,0
356397,309324,308189,test_depends,downstream,optional,"",import,[],"","",cascade_failure,skip_test,"","","",one_to_many,1,0,active,,0
355453,307942,308652,import_depends,downstream,critical,"",import,[],"","",service_down,circuit_break,"","","",one_to_many,1,0,active,,0
355459,307953,307969,import_depends,downstream,required,"",import,[],"","",timeout,graceful_degradation,"","","",one_to_many,0,0,active,,0
355491,307973,307962,import_depends,downstream,required,"",import,[],"",shared_kernel,timeout,graceful_degradation,"","","",one_to_many,0,0,active,,0
354440,307107,307096,import_depends,downstream,required,"",import,[],"","",timeout,graceful_degradation,"","","",one_to_many,0,0,active,,0
354429,307105,307101,import_depends,downstream,required,"",import,[],"",shared_kernel,timeout,graceful_degradation,"","","",one_to_many,0,0,active,,0
354428,307103,306470,import_depends,downstream,required,"",import,[],"","",timeout,graceful_degradation,"","","",one_to_many,0,0,active,,0
354441,307111,307101,import_depends,downstream,required,"",import,[],"",shared_kernel,timeout,graceful_degradation,"","","",one_to_many,0,0,active,,0
355492,307973,307967,import_depends,downstream,required,"",import,[],"",shared_kernel,timeout,graceful_degradation,"","","",one_to_many,0,0,active,,0
357454,310120,306602,test_depends,downstream,optional,"",import,[],"","",cascade_failure,skip_test,"","","",one_to_many,1,0,active,,0
357119,309869,308242,test_depends,downstream,optional,"",import,[],"","",cascade_failure,skip_test,"","","",one_to_many,1,0,active,,0
356091,308657,308650,import_depends,downstream,required,"",import,[],"",shared_kernel,timeout,graceful_degradation,"","","",one_to_many,0,0,active,,0
356092,308657,308646,import_depends,downstream,required,"",import,[],"",shared_kernel,timeout,graceful_degradation,"","","",one_to_many,0,0,active,,0
356148,308728,307484,import_depends,downstream,critical,"",import,[],"",anti_corruption_layer,service_down,circuit_break,"","","",one_to_many,1,0,active,,0
356151,308730,307484,import_depends,downstream,critical,"",import,[],"",anti_corruption_layer,service_down,circuit_break,"","","",one_to_many,1,0,active,,0
356152,308730,306958,import_depends,downstream,required,"",import,[],"","",timeout,graceful_degradation,"","","",one_to_many,0,0,active,,0
356153,308730,306953,import_depends,downstream,required,"",import,[],"","",timeout,graceful_degradation,"","","",one_to_many,0,0,active,,0
356714,309567,308196,test_depends,downstream,optional,"",import,[],"","",cascade_failure,skip_test,"","","",one_to_many,1,0,active,,0
356715,309568,308603,test_depends,downstream,optional,"",import,[],"","",cascade_failure,skip_test,"","","",one_to_many,1,0,active,,0
356829,309653,307018,test_depends,downstream,optional,"",import,[],"","",cascade_failure,skip_test,"","","",one_to_many,1,0,active,,0
356968,309749,307982,test_depends,downstream,optional,"",import,[],"","",cascade_failure,skip_test,"","","",one_to_many,1,0,active,,0
356966,309748,306981,test_depends,downstream,optional,"",import,[],"","",cascade_failure,skip_test,"","","",one_to_many,1,0,active,,0
358067,310606,307425,test_depends,downstream,optional,"",import,[],"","",cascade_failure,skip_test,"","","",one_to_many,1,0,active,,0
354442,307111,307105,import_depends,downstream,required,"",import,[],"",shared_kernel,timeout,graceful_degradation,"","","",one_to_many,0,0,active,,0
354444,307116,306825,import_depends,downstream,required,"",import,[],"","",timeout,graceful_degradation,"","","",one_to_many,0,0,active,,0
354450,307122,308647,import_depends,downstream,critical,"",import,[],"","",service_down,circuit_break,"","","",one_to_many,1,0,active,,0
354478,307130,308649,import_depends,downstream,critical,"",import,[],"","",service_down,circuit_break,"","","",one_to_many,1,0,active,,0
354476,307128,308650,import_depends,downstream,critical,"",import,[],"","",service_down,circuit_break,"","","",one_to_many,1,0,active,,0
354453,307125,308646,import_depends,downstream,critical,"",import,[],"","",service_down,circuit_break,"","","",one_to_many,1,0,active,,0
359106,309144,309138,config_depends,downstream,degradable,"",config,[],"","",timeout,circuit_break,"","","",one_to_many,0,0,active,,0
354460,307126,308649,import_depends,downstream,critical,"",import,[],"",anti_corruption_layer,service_down,circuit_break,"","","",one_to_many,1,0,active,,0
354465,307126,308662,import_depends,downstream,critical,"",import,[],"",anti_corruption_layer,service_down,circuit_break,"","","",one_to_many,1,0,active,,0
354466,307126,308661,import_depends,downstream,critical,"",import,[],"",anti_corruption_layer,service_down,circuit_break,"","","",one_to_many,1,0,active,,0
354467,307126,308660,import_depends,downstream,critical,"",import,[],"",anti_corruption_layer,service_down,circuit_break,"","","",one_to_many,1,0,active,,0
354468,307126,308658,import_depends,downstream,critical,"",import,[],"",anti_corruption_layer,service_down,circuit_break,"","","",one_to_many,1,0,active,,0
354469,307126,308659,import_depends,downstream,critical,"",import,[],"",anti_corruption_layer,service_down,circuit_break,"","","",one_to_many,1,0,active,,0
354470,307126,308663,import_depends,downstream,critical,"",import,[],"",anti_corruption_layer,service_down,circuit_break,"","","",one_to_many,1,0,active,,0
354471,307126,308669,import_depends,downstream,critical,"",import,[],"",anti_corruption_layer,service_down,circuit_break,"","","",one_to_many,1,0,active,,0
354472,307126,308667,import_depends,downstream,critical,"",import,[],"",anti_corruption_layer,service_down,circuit_break,"","","",one_to_many,1,0,active,,0
353749,306495,307337,import_depends,downstream,critical,"",import,[],"","",service_down,circuit_break,"","","",one_to_many,1,0,active,,0
354480,307132,308662,import_depends,downstream,critical,"",import,[],"","",service_down,circuit_break,"","","",one_to_many,1,0,active,,0
354489,307135,308660,import_depends,downstream,critical,"",import,[],"","",service_down,circuit_break,"","","",one_to_many,1,0,active,,0
353724,306471,308059,import_depends,downstream,critical,"",import,[],"","",service_down,circuit_break,"","","",one_to_many,1,0,active,,0
354493,307139,307131,import_depends,downstream,required,"",import,[],"",shared_kernel,timeout,graceful_degradation,"","","",one_to_many,0,0,active,,0
354494,307139,307137,import_depends,downstream,required,"",import,[],"",shared_kernel,timeout,graceful_degradation,"","","",one_to_many,0,0,active,,0
354495,307139,307132,import_depends,downstream,required,"",import,[],"",shared_kernel,timeout,graceful_degradation,"","","",one_to_many,0,0,active,,0
354496,307139,307138,import_depends,downstream,required,"",import,[],"",shared_kernel,timeout,graceful_degradation,"","","",one_to_many,0,0,active,,0
354497,307139,307135,import_depends,downstream,required,"",import,[],"",shared_kernel,timeout,graceful_degradation,"","","",one_to_many,0,0,active,,0
354498,307139,307136,import_depends,downstream,required,"",import,[],"",shared_kernel,timeout,graceful_degradation,"","","",one_to_many,0,0,active,,0
357184,309904,308519,test_depends,downstream,optional,"",import,[],"","",cascade_failure,skip_test,"","","",one_to_many,1,0,active,,0
357323,310024,306915,test_depends,downstream,optional,"",import,[],"","",cascade_failure,skip_test,"","","",one_to_many,1,0,active,,0
354499,307139,307133,import_depends,downstream,required,"",import,[],"",shared_kernel,timeout,graceful_degradation,"","","",one_to_many,0,0,active,,0
354509,307145,308663,import_depends,downstream,critical,"",import,[],"","",service_down,circuit_break,"","","",one_to_many,1,0,active,,0
354511,307149,308669,import_depends,downstream,critical,"",import,[],"","",service_down,circuit_break,"","","",one_to_many,1,0,active,,0
354501,307142,308666,import_depends,downstream,critical,"",import,[],"","",service_down,circuit_break,"","","",one_to_many,1,0,active,,0
354502,307143,308668,import_depends,downstream,critical,"",import,[],"","",service_down,circuit_break,"","","",one_to_many,1,0,active,,0
354503,307144,307142,import_depends,downstream,required,"",import,[],"",shared_kernel,timeout,graceful_degradation,"","","",one_to_many,0,0,active,,0
353808,306561,306591,import_depends,downstream,required,"",import,[],"",shared_kernel,timeout,graceful_degradation,"","","",one_to_many,0,0,active,,0
358533,306696,306689,config_depends,downstream,degradable,"",config,[],"","",timeout,circuit_break,"","","",one_to_many,0,0,active,,0
354517,307155,306471,import_depends,downstream,critical,"",import,[],"","",service_down,circuit_break,"","","",one_to_many,1,0,active,,0
357333,310027,306967,test_depends,downstream,optional,"",import,[],"","",cascade_failure,skip_test,"","","",one_to_many,1,0,active,,0
357334,310027,306965,test_depends,downstream,optional,"",import,[],"","",cascade_failure,skip_test,"","","",one_to_many,1,0,active,,0
357335,310027,307261,test_depends,downstream,optional,"",import,[],"","",cascade_failure,skip_test,"","","",one_to_many,1,0,active,,0
357336,310027,306825,test_depends,downstream,optional,"",import,[],"","",cascade_failure,skip_test,"","","",one_to_many,1,0,active,,0
358473,310861,308037,test_depends,downstream,optional,"",import,[],"","",cascade_failure,skip_test,"","","",one_to_many,1,0,active,,0
357340,310030,306967,test_depends,downstream,optional,"",import,[],"","",cascade_failure,skip_test,"","","",one_to_many,1,0,active,,0
357327,310026,308223,test_depends,downstream,optional,"",import,[],"","",cascade_failure,skip_test,"","","",one_to_many,1,0,active,,0
358523,306527,306537,config_depends,downstream,degradable,"",config,[],"",shared_kernel,timeout,circuit_break,"","","",one_to_many,0,0,active,,0
358528,306533,306537,config_depends,downstream,degradable,"",config,[],"",shared_kernel,timeout,circuit_break,"","","",one_to_many,0,0,active,,0
357344,310031,306965,test_depends,downstream,optional,"",import,[],"","",cascade_failure,skip_test,"","","",one_to_many,1,0,active,,0
357345,310031,306960,test_depends,downstream,optional,"",import,[],"","",cascade_failure,skip_test,"","","",one_to_many,1,0,active,,0
357346,310031,306851,test_depends,downstream,optional,"",import,[],"","",cascade_failure,skip_test,"","","",one_to_many,1,0,active,,0
354518,307155,306958,import_depends,downstream,critical,"",import,[],"","",service_down,circuit_break,"","","",one_to_many,1,0,active,,0
354519,307155,308059,import_depends,downstream,critical,"",import,[],"","",service_down,circuit_break,"","","",one_to_many,1,0,active,,0
354523,307159,307535,import_depends,downstream,critical,"",import,[],"",anti_corruption_layer,service_down,circuit_break,"","","",one_to_many,1,0,active,,0
354524,307159,308030,import_depends,downstream,critical,"",import,[],"",anti_corruption_layer,service_down,circuit_break,"","","",one_to_many,1,0,active,,0
354528,307162,308059,import_depends,downstream,critical,"",import,[],"","",service_down,circuit_break,"","","",one_to_many,1,0,active,,0
354529,307163,307183,import_depends,downstream,required,"",import,[],"","",timeout,graceful_degradation,"","","",one_to_many,0,0,active,,0
354530,307163,307545,import_depends,downstream,critical,"",import,[],"",anti_corruption_layer,service_down,circuit_break,"","","",one_to_many,1,0,active,,0
354531,307163,308132,import_depends,downstream,critical,"",import,[],"","",service_down,circuit_break,"","","",one_to_many,1,0,active,,0
354526,307161,307545,import_depends,downstream,critical,"",import,[],"",anti_corruption_layer,service_down,circuit_break,"","","",one_to_many,1,0,active,,0
354527,307161,308059,import_depends,downstream,critical,"",import,[],"","",service_down,circuit_break,"","","",one_to_many,1,0,active,,0
354562,307168,307183,import_depends,downstream,required,"",import,[],"","",timeout,graceful_degradation,"","","",one_to_many,0,0,active,,0
354547,307167,307183,import_depends,downstream,required,"",import,[],"","",timeout,graceful_degradation,"","","",one_to_many,0,0,active,,0
354548,307167,308059,import_depends,downstream,critical,"",import,[],"","",service_down,circuit_break,"","","",one_to_many,1,0,active,,0
354549,307167,308118,import_depends,downstream,critical,"",import,[],"","",service_down,circuit_break,"","","",one_to_many,1,0,active,,0
354550,307167,306757,import_depends,downstream,critical,"",import,[],"","",service_down,circuit_break,"","","",one_to_many,1,0,active,,0
354551,307167,306766,import_depends,downstream,critical,"",import,[],"","",service_down,circuit_break,"","","",one_to_many,1,0,active,,0
357347,310031,306829,test_depends,downstream,optional,"",import,[],"","",cascade_failure,skip_test,"","","",one_to_many,1,0,active,,0
357348,310031,307261,test_depends,downstream,optional,"",import,[],"","",cascade_failure,skip_test,"","","",one_to_many,1,0,active,,0
357359,310034,308290,test_depends,downstream,optional,"",import,[],"","",cascade_failure,skip_test,"","","",one_to_many,1,0,active,,0
358544,306952,306959,config_depends,downstream,degradable,"",config,[],"","",timeout,circuit_break,"","","",one_to_many,0,0,active,,0
358548,307071,307069,config_depends,downstream,degradable,"",config,[],"","",timeout,circuit_break,"","","",one_to_many,0,0,active,,0
354553,307167,306771,import_depends,downstream,critical,"",import,[],"","",service_down,circuit_break,"","","",one_to_many,1,0,active,,0
354554,307167,307995,import_depends,downstream,critical,"",import,[],"","",service_down,circuit_break,"","","",one_to_many,1,0,active,,0
353925,306644,306651,import_depends,downstream,required,"",import,[],"","",timeout,graceful_degradation,"","","",one_to_many,0,0,active,,0
354555,307167,307950,import_depends,downstream,critical,"",import,[],"",anti_corruption_layer,service_down,circuit_break,"","","",one_to_many,1,0,active,,0
354556,307167,306613,import_depends,downstream,critical,"",import,[],"","",service_down,circuit_break,"","","",one_to_many,1,0,active,,0
354557,307167,307410,import_depends,downstream,critical,"",import,[],"","",service_down,circuit_break,"","","",one_to_many,1,0,active,,0
354559,307167,306825,import_depends,downstream,critical,"",import,[],"","",service_down,circuit_break,"","","",one_to_many,1,0,active,,0
354560,307167,306918,import_depends,downstream,critical,"",import,[],"","",service_down,circuit_break,"","","",one_to_many,1,0,active,,0
354561,307167,306919,import_depends,downstream,critical,"",import,[],"","",service_down,circuit_break,"","","",one_to_many,1,0,active,,0
358550,307104,307114,config_depends,downstream,degradable,"",config,[],"",shared_kernel,timeout,circuit_break,"","","",one_to_many,0,0,active,,0
357357,310033,308064,test_depends,downstream,optional,"",import,[],"","",cascade_failure,skip_test,"","","",one_to_many,1,0,active,,0
357358,310033,308077,test_depends,downstream,optional,"",import,[],"","",cascade_failure,skip_test,"","","",one_to_many,1,0,active,,0
357360,310035,306963,test_depends,downstream,optional,"",import,[],"","",cascade_failure,skip_test,"","","",one_to_many,1,0,active,,0
357361,310035,306967,test_depends,downstream,optional,"",import,[],"","",cascade_failure,skip_test,"","","",one_to_many,1,0,active,,0
357362,310035,306825,test_depends,downstream,optional,"",import,[],"","",cascade_failure,skip_test,"","","",one_to_many,1,0,active,,0
357349,310032,306960,test_depends,downstream,optional,"",import,[],"","",cascade_failure,skip_test,"","","",one_to_many,1,0,active,,0
357350,310032,306851,test_depends,downstream,optional,"",import,[],"","",cascade_failure,skip_test,"","","",one_to_many,1,0,active,,0
358543,306905,306903,config_depends,downstream,degradable,"",config,[],"","",timeout,circuit_break,"","","",one_to_many,0,0,active,,0
357351,310032,306819,test_depends,downstream,optional,"",import,[],"","",cascade_failure,skip_test,"","","",one_to_many,1,0,active,,0
358740,308387,308392,config_depends,downstream,degradable,"",config,[],"","",timeout,circuit_break,"","","",one_to_many,0,0,active,,0
357375,310048,307049,test_depends,downstream,optional,"",import,[],"","",cascade_failure,skip_test,"","","",one_to_many,1,0,active,,0
357376,310049,307052,test_depends,downstream,optional,"",import,[],"","",cascade_failure,skip_test,"","","",one_to_many,1,0,active,,0
357384,310054,306780,test_depends,downstream,optional,"",import,[],"","",cascade_failure,skip_test,"","","",one_to_many,1,0,active,,0
357378,310051,307048,test_depends,downstream,optional,"",import,[],"","",cascade_failure,skip_test,"","","",one_to_many,1,0,active,,0
354566,307175,307183,import_depends,downstream,required,"",import,[],"","",timeout,graceful_degradation,"","","",one_to_many,0,0,active,,0
358869,308810,308814,config_depends,downstream,degradable,"",config,[],"",shared_kernel,timeout,circuit_break,"","","",one_to_many,0,0,active,,0
354571,307178,307183,import_depends,downstream,required,"",import,[],"","",timeout,graceful_degradation,"","","",one_to_many,0,0,active,,0
354573,307180,308059,import_depends,downstream,critical,"",import,[],"","",service_down,circuit_break,"","","",one_to_many,1,0,active,,0
354580,307185,307151,import_depends,downstream,required,"",import,[],"","",timeout,graceful_degradation,"","","",one_to_many,0,0,active,,0
354574,307182,306561,import_depends,downstream,critical,"",import,[],"",anti_corruption_layer,service_down,circuit_break,"","","",one_to_many,1,0,active,,0
354568,307177,308059,import_depends,downstream,critical,"",import,[],"","",service_down,circuit_break,"","","",one_to_many,1,0,active,,0
354569,307177,307540,import_depends,downstream,critical,"",import,[],"",anti_corruption_layer,service_down,circuit_break,"","","",one_to_many,1,0,active,,0
354570,307177,307545,import_depends,downstream,critical,"",import,[],"",anti_corruption_layer,service_down,circuit_break,"","","",one_to_many,1,0,active,,0
354567,307176,307183,import_depends,downstream,required,"",import,[],"","",timeout,graceful_degradation,"","","",one_to_many,0,0,active,,0
354575,307183,308118,import_depends,downstream,critical,"",import,[],"","",service_down,circuit_break,"","","",one_to_many,1,0,active,,0
354576,307183,307158,import_depends,downstream,required,"",import,[],"","",timeout,graceful_degradation,"","","",one_to_many,0,0,active,,0
354577,307183,306477,import_depends,downstream,critical,"",import,[],"","",service_down,circuit_break,"","","",one_to_many,1,0,active,,0
354578,307184,308118,import_depends,downstream,critical,"",import,[],"","",service_down,circuit_break,"","","",one_to_many,1,0,active,,0
354579,307184,308021,import_depends,downstream,critical,"",import,[],"","",service_down,circuit_break,"","","",one_to_many,1,0,active,,0
354582,307186,307217,import_depends,downstream,required,"",import,[],"",shared_kernel,timeout,graceful_degradation,"","","",one_to_many,0,0,active,,0
354583,307187,308093,import_depends,downstream,critical,"",import,[],"",anti_corruption_layer,service_down,circuit_break,"","","",one_to_many,1,0,active,,0
354584,307190,308089,import_depends,downstream,critical,"",import,[],"",anti_corruption_layer,service_down,circuit_break,"","","",one_to_many,1,0,active,,0
354587,307201,308087,import_depends,downstream,critical,"",import,[],"",anti_corruption_layer,service_down,circuit_break,"","","",one_to_many,1,0,active,,0
354585,307198,308118,import_depends,downstream,critical,"",import,[],"","",service_down,circuit_break,"","","",one_to_many,1,0,active,,0
354593,307210,307197,import_depends,downstream,required,"",import,[],"","",timeout,graceful_degradation,"","","",one_to_many,0,0,active,,0
354602,307217,307211,import_depends,downstream,required,"",import,[],"",shared_kernel,timeout,graceful_degradation,"","","",one_to_many,0,0,active,,0
354603,307219,308090,import_depends,downstream,critical,"",import,[],"",anti_corruption_layer,service_down,circuit_break,"","","",one_to_many,1,0,active,,0
354597,307214,308086,import_depends,downstream,critical,"",import,[],"",anti_corruption_layer,service_down,circuit_break,"","","",one_to_many,1,0,active,,0
353926,306644,306671,import_depends,downstream,required,"",import,[],"","",timeout,graceful_degradation,"","","",one_to_many,0,0,active,,0
354598,307214,307217,import_depends,downstream,required,"",import,[],"",shared_kernel,timeout,graceful_degradation,"","","",one_to_many,0,0,active,,0
353901,306632,306776,import_depends,downstream,required,"",import,[],"","",timeout,graceful_degradation,"","","",one_to_many,0,0,active,,0
354599,307214,307211,import_depends,downstream,required,"",import,[],"",shared_kernel,timeout,graceful_degradation,"","","",one_to_many,0,0,active,,0
354601,307215,308090,import_depends,downstream,critical,"",import,[],"",anti_corruption_layer,service_down,circuit_break,"","","",one_to_many,1,0,active,,0
354613,307239,308118,import_depends,downstream,critical,"",import,[],"","",service_down,circuit_break,"","","",one_to_many,1,0,active,,0
354614,307239,308021,import_depends,downstream,critical,"",import,[],"","",service_down,circuit_break,"","","",one_to_many,1,0,active,,0
354615,307254,307217,import_depends,downstream,required,"",import,[],"","",timeout,graceful_degradation,"","","",one_to_many,0,0,active,,0
354616,307254,307211,import_depends,downstream,required,"",import,[],"","",timeout,graceful_degradation,"","","",one_to_many,0,0,active,,0
354617,307254,307218,import_depends,downstream,required,"",import,[],"","",timeout,graceful_degradation,"","","",one_to_many,0,0,active,,0
354634,307271,307253,import_depends,downstream,required,"",import,[],"",shared_kernel,timeout,graceful_degradation,"","","",one_to_many,0,0,active,,0
354635,307271,307260,import_depends,downstream,required,"",import,[],"",shared_kernel,timeout,graceful_degradation,"","","",one_to_many,0,0,active,,0
354654,307274,307249,import_depends,downstream,required,"",import,[],"",shared_kernel,timeout,graceful_degradation,"","","",one_to_many,0,0,active,,0
354676,307281,307284,import_depends,downstream,required,"",import,[],"","",timeout,graceful_degradation,"","","",one_to_many,0,0,active,,0
354677,307281,308059,import_depends,downstream,critical,"",import,[],"","",service_down,circuit_break,"","","",one_to_many,1,0,active,,0
354678,307282,308059,import_depends,downstream,critical,"",import,[],"","",service_down,circuit_break,"","","",one_to_many,1,0,active,,0
354660,307277,308059,import_depends,downstream,critical,"",import,[],"","",service_down,circuit_break,"","","",one_to_many,1,0,active,,0
354661,307277,307284,import_depends,downstream,required,"",import,[],"","",timeout,graceful_degradation,"","","",one_to_many,0,0,active,,0
354673,307280,308059,import_depends,downstream,critical,"",import,[],"","",service_down,circuit_break,"","","",one_to_many,1,0,active,,0
353753,306495,308021,import_depends,downstream,critical,"",import,[],"",anti_corruption_layer,service_down,circuit_break,"","","",one_to_many,1,0,active,,0
354684,307287,307290,import_depends,downstream,required,"",import,[],"","",timeout,graceful_degradation,"","","",one_to_many,0,0,active,,0
354685,307287,307288,import_depends,downstream,required,"",import,[],"","",timeout,graceful_degradation,"","","",one_to_many,0,0,active,,0
354686,307287,307293,import_depends,downstream,required,"",import,[],"","",timeout,graceful_degradation,"","","",one_to_many,0,0,active,,0
354687,307287,307284,import_depends,downstream,required,"",import,[],"","",timeout,graceful_degradation,"","","",one_to_many,0,0,active,,0
354688,307287,307283,import_depends,downstream,required,"",import,[],"","",timeout,graceful_degradation,"","","",one_to_many,0,0,active,,0
354689,307287,307285,import_depends,downstream,required,"",import,[],"","",timeout,graceful_degradation,"","","",one_to_many,0,0,active,,0
354705,307297,307314,import_depends,downstream,required,"",import,[],"","",timeout,graceful_degradation,"","","",one_to_many,0,0,active,,0
359093,309119,309113,config_depends,downstream,degradable,"",config,[],"","",timeout,circuit_break,"","","",one_to_many,0,0,active,,0
354706,307297,308059,import_depends,downstream,critical,"",import,[],"","",service_down,circuit_break,"","","",one_to_many,1,0,active,,0
354736,307308,308059,import_depends,downstream,critical,"",import,[],"","",service_down,circuit_break,"","","",one_to_many,1,0,active,,0
354742,307311,307314,import_depends,downstream,required,"",import,[],"","",timeout,graceful_degradation,"","","",one_to_many,0,0,active,,0
353756,306502,307956,import_depends,downstream,critical,"",import,[],"",anti_corruption_layer,service_down,circuit_break,"","","",one_to_many,1,0,active,,0
353742,306493,306576,import_depends,downstream,required,"",import,[],"","",timeout,graceful_degradation,"","","",one_to_many,0,0,active,,0
353743,306493,306958,import_depends,downstream,required,"",import,[],"","",timeout,graceful_degradation,"","","",one_to_many,0,0,active,,0
354732,307306,307314,import_depends,downstream,required,"",import,[],"","",timeout,graceful_degradation,"","","",one_to_many,0,0,active,,0
354737,307309,307314,import_depends,downstream,required,"",import,[],"","",timeout,graceful_degradation,"","","",one_to_many,0,0,active,,0
354738,307309,308059,import_depends,downstream,critical,"",import,[],"","",service_down,circuit_break,"","","",one_to_many,1,0,active,,0
354762,307320,307300,import_depends,downstream,required,"",import,[],"",shared_kernel,timeout,graceful_degradation,"","","",one_to_many,0,0,active,,0
359113,309157,309153,config_depends,downstream,degradable,"",config,[],"","",timeout,circuit_break,"","","",one_to_many,0,0,active,,0
354764,307320,307308,import_depends,downstream,required,"",import,[],"","",timeout,graceful_degradation,"","","",one_to_many,0,0,active,,0
354765,307320,307313,import_depends,downstream,required,"",import,[],"","",timeout,graceful_degradation,"","","",one_to_many,0,0,active,,0
354766,307320,307311,import_depends,downstream,required,"",import,[],"",shared_kernel,timeout,graceful_degradation,"","","",one_to_many,0,0,active,,0
353928,306644,306861,import_depends,downstream,required,"",import,[],"","",timeout,graceful_degradation,"","","",one_to_many,0,0,active,,0
353929,306660,306253,import_depends,downstream,critical,"",import,[],"","",service_down,circuit_break,"","","",one_to_many,1,0,active,,0
354767,307320,307307,import_depends,downstream,required,"",import,[],"",shared_kernel,timeout,graceful_degradation,"","","",one_to_many,0,0,active,,0
354768,307320,307312,import_depends,downstream,required,"",import,[],"",shared_kernel,timeout,graceful_degradation,"","","",one_to_many,0,0,active,,0
354769,307320,307310,import_depends,downstream,required,"",import,[],"",shared_kernel,timeout,graceful_degradation,"","","",one_to_many,0,0,active,,0
354770,307320,307314,import_depends,downstream,required,"",import,[],"","",timeout,graceful_degradation,"","","",one_to_many,0,0,active,,0
354771,307320,307318,import_depends,downstream,required,"",import,[],"",shared_kernel,timeout,graceful_degradation,"","","",one_to_many,0,0,active,,0
354772,307320,307316,import_depends,downstream,required,"",import,[],"",shared_kernel,timeout,graceful_degradation,"","","",one_to_many,0,0,active,,0
354773,307320,307319,import_depends,downstream,required,"",import,[],"","",timeout,graceful_degradation,"","","",one_to_many,0,0,active,,0
354774,307320,307303,import_depends,downstream,required,"",import,[],"","",timeout,graceful_degradation,"","","",one_to_many,0,0,active,,0
354751,307319,307314,import_depends,downstream,required,"",import,[],"","",timeout,graceful_degradation,"","","",one_to_many,0,0,active,,0
354746,307316,307314,import_depends,downstream,required,"",import,[],"","",timeout,graceful_degradation,"","","",one_to_many,0,0,active,,0
354777,307322,307303,import_depends,downstream,required,"",import,[],"","",timeout,graceful_degradation,"","","",one_to_many,0,0,active,,0
354781,307339,307334,import_depends,downstream,required,"",import,[],"","",timeout,graceful_degradation,"","","",one_to_many,0,0,active,,0
354778,307334,307331,import_depends,downstream,required,"",import,[],"","",timeout,graceful_degradation,"","","",one_to_many,0,0,active,,0
354779,307334,307335,import_depends,downstream,required,"",import,[],"","",timeout,graceful_degradation,"","","",one_to_many,0,0,active,,0
354804,307367,307353,import_depends,downstream,required,"",import,[],"","",timeout,graceful_degradation,"","","",one_to_many,0,0,active,,0
354805,307367,307357,import_depends,downstream,required,"",import,[],"","",timeout,graceful_degradation,"","","",one_to_many,0,0,active,,0
353930,306666,306645,import_depends,downstream,required,"",import,[],"","",timeout,graceful_degradation,"","","",one_to_many,0,0,active,,0
354836,307404,306613,import_depends,downstream,critical,"",import,[],"",anti_corruption_layer,service_down,circuit_break,"","","",one_to_many,1,0,active,,0
354851,307412,306593,import_depends,downstream,critical,"",import,[],"",anti_corruption_layer,service_down,circuit_break,"","","",one_to_many,1,0,active,,0
354839,307409,307373,import_depends,downstream,required,"",import,[],"","",timeout,graceful_degradation,"","","",one_to_many,0,0,active,,0
354840,307409,306931,import_depends,downstream,critical,"",import,[],"","",service_down,circuit_break,"","","",one_to_many,1,0,active,,0
354841,307409,307425,import_depends,downstream,required,"",import,[],"","",timeout,graceful_degradation,"","","",one_to_many,0,0,active,,0
354842,307409,307418,import_depends,downstream,required,"",import,[],"","",timeout,graceful_degradation,"","","",one_to_many,0,0,active,,0
354843,307409,307414,import_depends,downstream,required,"",import,[],"","",timeout,graceful_degradation,"","","",one_to_many,0,0,active,,0
354844,307409,307410,import_depends,downstream,required,"",import,[],"","",timeout,graceful_degradation,"","","",one_to_many,0,0,active,,0
354846,307410,307414,import_depends,downstream,required,"",import,[],"","",timeout,graceful_degradation,"","","",one_to_many,0,0,active,,0
353939,306700,306475,import_depends,downstream,required,"",import,[],"","",timeout,graceful_degradation,"","","",one_to_many,0,0,active,,0
354853,307421,307413,import_depends,downstream,required,"",import,[],"","",timeout,graceful_degradation,"","","",one_to_many,0,0,active,,0
354854,307431,308132,import_depends,downstream,critical,"",import,[],"",anti_corruption_layer,service_down,circuit_break,"","","",one_to_many,1,0,active,,0
354856,307431,306958,import_depends,downstream,critical,"",import,[],"","",service_down,circuit_break,"","","",one_to_many,1,0,active,,0
354886,307438,307419,import_depends,downstream,required,"",import,[],"",shared_kernel,timeout,graceful_degradation,"","","",one_to_many,0,0,active,,0
354915,307449,307469,import_depends,downstream,required,"",import,[],"","",timeout,graceful_degradation,"","","",one_to_many,0,0,active,,0
354916,307449,308059,import_depends,downstream,critical,"",import,[],"","",service_down,circuit_break,"","","",one_to_many,1,0,active,,0
354917,307449,307455,import_depends,downstream,required,"",import,[],"","",timeout,graceful_degradation,"","","",one_to_many,0,0,active,,0
354918,307449,307457,import_depends,downstream,required,"",import,[],"","",timeout,graceful_degradation,"","","",one_to_many,0,0,active,,0
353940,306701,306978,import_depends,downstream,required,"",import,[],"","",timeout,graceful_degradation,"","","",one_to_many,0,0,active,,0
354935,307454,307448,import_depends,downstream,required,"",import,[],"","",timeout,graceful_degradation,"","","",one_to_many,0,0,active,,0
354936,307454,307468,import_depends,downstream,required,"",import,[],"","",timeout,graceful_degradation,"","","",one_to_many,0,0,active,,0
354937,307454,307452,import_depends,downstream,required,"",import,[],"","",timeout,graceful_degradation,"","","",one_to_many,0,0,active,,0
354938,307454,307465,import_depends,downstream,required,"",import,[],"","",timeout,graceful_degradation,"","","",one_to_many,0,0,active,,0
354939,307454,307469,import_depends,downstream,required,"",import,[],"","",timeout,graceful_degradation,"","","",one_to_many,0,0,active,,0
354940,307454,307472,import_depends,downstream,required,"",import,[],"","",timeout,graceful_degradation,"","","",one_to_many,0,0,active,,0
354941,307454,307457,import_depends,downstream,required,"",import,[],"","",timeout,graceful_degradation,"","","",one_to_many,0,0,active,,0
359082,309103,309106,config_depends,downstream,degradable,"",config,[],"","",timeout,circuit_break,"","","",one_to_many,0,0,active,,0
354946,307461,308059,import_depends,downstream,critical,"",import,[],"","",service_down,circuit_break,"","","",one_to_many,1,0,active,,0
354950,307468,307464,import_depends,downstream,required,"",import,[],"","",timeout,graceful_degradation,"","","",one_to_many,0,0,active,,0
354953,307472,307470,import_depends,downstream,required,"",import,[],"","",timeout,graceful_degradation,"","","",one_to_many,0,0,active,,0
354954,307481,307101,import_depends,downstream,critical,"",import,[],"","",service_down,circuit_break,"","","",one_to_many,1,0,active,,0
354958,307485,307354,import_depends,downstream,critical,"",import,[],"","",service_down,circuit_break,"","","",one_to_many,1,0,active,,0
358496,306468,306457,config_depends,downstream,degradable,"",config,[],"","",timeout,circuit_break,"","","",one_to_many,0,0,active,,0
359109,309151,309148,config_depends,downstream,degradable,"",config,[],"","",timeout,circuit_break,"","","",one_to_many,0,0,active,,0
354959,307485,307352,import_depends,downstream,critical,"",import,[],"","",service_down,circuit_break,"","","",one_to_many,1,0,active,,0
359144,309196,309191,config_depends,downstream,degradable,"",config,[],"","",timeout,circuit_break,"","","",one_to_many,0,0,active,,0
354960,307485,307353,import_depends,downstream,critical,"",import,[],"","",service_down,circuit_break,"","","",one_to_many,1,0,active,,0
354961,307485,307357,import_depends,downstream,critical,"",import,[],"","",service_down,circuit_break,"","","",one_to_many,1,0,active,,0
354962,307485,307362,import_depends,downstream,critical,"",import,[],"","",service_down,circuit_break,"","","",one_to_many,1,0,active,,0
354963,307485,308059,import_depends,downstream,critical,"",import,[],"","",service_down,circuit_break,"","","",one_to_many,1,0,active,,0
354964,307485,308118,import_depends,downstream,critical,"",import,[],"","",service_down,circuit_break,"","","",one_to_many,1,0,active,,0
354965,307485,307359,import_depends,downstream,critical,"",import,[],"","",service_down,circuit_break,"","","",one_to_many,1,0,active,,0
354966,307485,307363,import_depends,downstream,critical,"",import,[],"","",service_down,circuit_break,"","","",one_to_many,1,0,active,,0
354967,307485,307364,import_depends,downstream,critical,"",import,[],"","",service_down,circuit_break,"","","",one_to_many,1,0,active,,0
354968,307485,307366,import_depends,downstream,critical,"",import,[],"","",service_down,circuit_break,"","","",one_to_many,1,0,active,,0
354969,307485,307504,import_depends,downstream,required,"",import,[],"",anti_corruption_layer,timeout,graceful_degradation,"","","",one_to_many,0,0,active,,0
354970,307485,307609,import_depends,downstream,critical,"",import,[],"",anti_corruption_layer,service_down,circuit_break,"","","",one_to_many,1,0,active,,0
354971,307485,306477,import_depends,downstream,critical,"",import,[],"","",service_down,circuit_break,"","","",one_to_many,1,0,active,,0
354978,307485,307845,import_depends,downstream,critical,"",import,[],"",anti_corruption_layer,service_down,circuit_break,"","","",one_to_many,1,0,active,,0
354957,307484,307483,import_depends,downstream,required,"",import,[],"","",timeout,graceful_degradation,"","","",one_to_many,0,0,active,,0
354991,307497,308086,import_depends,downstream,critical,"",import,[],"",anti_corruption_layer,service_down,circuit_break,"","","",one_to_many,1,0,active,,0
355117,307553,307566,import_depends,downstream,required,"",import,[],"",shared_kernel,timeout,graceful_degradation,"","","",one_to_many,0,0,active,,0
355146,307570,307546,import_depends,downstream,required,"",import,[],"","",timeout,graceful_degradation,"","","",one_to_many,0,0,active,,0
355123,307558,308102,import_depends,downstream,critical,"",import,[],"",anti_corruption_layer,service_down,circuit_break,"","","",one_to_many,1,0,active,,0
355181,307598,307604,import_depends,downstream,required,"",import,[],"",shared_kernel,timeout,graceful_degradation,"","","",one_to_many,0,0,active,,0
355182,307598,307595,import_depends,downstream,required,"",import,[],"","",timeout,graceful_degradation,"","","",one_to_many,0,0,active,,0
355183,307598,307591,import_depends,downstream,required,"",import,[],"","",timeout,graceful_degradation,"","","",one_to_many,0,0,active,,0
355213,307637,308649,import_depends,downstream,critical,"",import,[],"",anti_corruption_layer,service_down,circuit_break,"","","",one_to_many,1,0,active,,0
355222,307659,306997,import_depends,downstream,critical,"",import,[],"","",service_down,circuit_break,"","","",one_to_many,1,0,active,,0
355223,307660,307115,import_depends,downstream,critical,"",import,[],"","",service_down,circuit_break,"","","",one_to_many,1,0,active,,0
355254,307702,307687,import_depends,downstream,required,"",import,[],"",shared_kernel,timeout,graceful_degradation,"","","",one_to_many,0,0,active,,0
355255,307702,307692,import_depends,downstream,required,"",import,[],"",shared_kernel,timeout,graceful_degradation,"","","",one_to_many,0,0,active,,0
355248,307700,307687,import_depends,downstream,required,"",import,[],"",shared_kernel,timeout,graceful_degradation,"","","",one_to_many,0,0,active,,0
355249,307700,307692,import_depends,downstream,required,"",import,[],"",shared_kernel,timeout,graceful_degradation,"","","",one_to_many,0,0,active,,0
355257,307705,307687,import_depends,downstream,required,"",import,[],"",shared_kernel,timeout,graceful_degradation,"","","",one_to_many,0,0,active,,0
355290,307802,307282,import_depends,downstream,critical,"",import,[],"","",service_down,circuit_break,"","","",one_to_many,1,0,active,,0
355288,307801,307579,import_depends,downstream,critical,"",import,[],"",anti_corruption_layer,service_down,circuit_break,"","","",one_to_many,1,0,active,,0
355284,307800,307786,import_depends,downstream,required,"",import,[],"",shared_kernel,timeout,graceful_degradation,"","","",one_to_many,0,0,active,,0
355330,307828,308059,import_depends,downstream,critical,"",import,[],"","",service_down,circuit_break,"","","",one_to_many,1,0,active,,0
355378,307842,307835,import_depends,downstream,required,"",import,[],"",shared_kernel,timeout,graceful_degradation,"","","",one_to_many,0,0,active,,0
355379,307842,307839,import_depends,downstream,required,"",import,[],"",shared_kernel,timeout,graceful_degradation,"","","",one_to_many,0,0,active,,0
355446,307912,308096,import_depends,downstream,required,"",import,[],"",shared_kernel,timeout,graceful_degradation,"","","",one_to_many,0,0,active,,0
355443,307908,308059,import_depends,downstream,required,"",import,[],"","",timeout,graceful_degradation,"","","",one_to_many,0,0,active,,0
355489,307965,307959,import_depends,downstream,required,"",import,[],"",shared_kernel,timeout,graceful_degradation,"","","",one_to_many,0,0,active,,0
355460,307955,307969,import_depends,downstream,required,"",import,[],"","",timeout,graceful_degradation,"","","",one_to_many,0,0,active,,0
355461,307958,307969,import_depends,downstream,required,"",import,[],"","",timeout,graceful_degradation,"","","",one_to_many,0,0,active,,0
355514,308012,308009,import_depends,downstream,required,"",import,[],"",shared_kernel,timeout,graceful_degradation,"","","",one_to_many,0,0,active,,0
355520,308020,308021,import_depends,downstream,required,"",import,[],"",shared_kernel,timeout,graceful_degradation,"","","",one_to_many,0,0,active,,0
355515,308017,308010,import_depends,downstream,required,"",import,[],"",shared_kernel,timeout,graceful_degradation,"","","",one_to_many,0,0,active,,0
355516,308017,308015,import_depends,downstream,required,"",import,[],"",shared_kernel,timeout,graceful_degradation,"","","",one_to_many,0,0,active,,0
355546,308050,308111,import_depends,downstream,required,"",import,[],"","",timeout,graceful_degradation,"","","",one_to_many,0,0,active,,0
355550,308061,308036,import_depends,downstream,required,"",import,[],"",shared_kernel,timeout,graceful_degradation,"","","",one_to_many,0,0,active,,0
355548,308056,308074,import_depends,downstream,critical,"",import,[],"",anti_corruption_layer,service_down,circuit_break,"","","",one_to_many,1,0,active,,0
355441,307900,308110,import_depends,downstream,required,"",import,[],"","",timeout,graceful_degradation,"","","",one_to_many,0,0,active,,0
355579,308123,308046,import_depends,downstream,required,"",import,[],"","",timeout,graceful_degradation,"","","",one_to_many,0,0,active,,0
355609,308155,308154,import_depends,downstream,required,"",import,[],"",shared_kernel,timeout,graceful_degradation,"","","",one_to_many,0,0,active,,0
355610,308155,308656,import_depends,downstream,critical,"",import,[],"",anti_corruption_layer,service_down,circuit_break,"","","",one_to_many,1,0,active,,0
355611,308155,308659,import_depends,downstream,critical,"",import,[],"",anti_corruption_layer,service_down,circuit_break,"","","",one_to_many,1,0,active,,0
355616,308161,308154,import_depends,downstream,required,"",import,[],"",shared_kernel,timeout,graceful_degradation,"","","",one_to_many,0,0,active,,0
355633,308189,308186,import_depends,downstream,required,"",import,[],"","",timeout,graceful_degradation,"","","",one_to_many,0,0,active,,0
355634,308189,308190,import_depends,downstream,required,"",import,[],"","",timeout,graceful_degradation,"","","",one_to_many,0,0,active,,0
355688,308195,308193,import_depends,downstream,required,"",import,[],"","",timeout,graceful_degradation,"","","",one_to_many,0,0,active,,0
355729,308206,308222,import_depends,downstream,required,"",import,[],"","",timeout,graceful_degradation,"","","",one_to_many,0,0,active,,0
355761,308220,308212,import_depends,downstream,required,"",import,[],"","",timeout,graceful_degradation,"","","",one_to_many,0,0,active,,0
353802,306558,306569,import_depends,downstream,required,"",import,[],"",shared_kernel,timeout,graceful_degradation,"","","",one_to_many,0,0,active,,0
355836,308267,308258,import_depends,downstream,required,"",import,[],"",shared_kernel,timeout,graceful_degradation,"","","",one_to_many,0,0,active,,0
355837,308267,308261,import_depends,downstream,required,"",import,[],"",shared_kernel,timeout,graceful_degradation,"","","",one_to_many,0,0,active,,0
355838,308267,308257,import_depends,downstream,required,"",import,[],"",shared_kernel,timeout,graceful_degradation,"","","",one_to_many,0,0,active,,0
355860,308285,308281,import_depends,downstream,required,"",import,[],"",shared_kernel,timeout,graceful_degradation,"","","",one_to_many,0,0,active,,0
355904,308469,308457,import_depends,downstream,required,"",import,[],"",shared_kernel,timeout,graceful_degradation,"","","",one_to_many,0,0,active,,0
358961,308944,308960,config_depends,downstream,degradable,"",config,[],"",shared_kernel,timeout,circuit_break,"","","",one_to_many,0,0,active,,0
358970,308954,308960,config_depends,downstream,degradable,"",config,[],"",shared_kernel,timeout,circuit_break,"","","",one_to_many,0,0,active,,0
358981,308966,308989,config_depends,downstream,degradable,"",config,[],"","",timeout,circuit_break,"","","",one_to_many,0,0,active,,0
359146,309198,309191,config_depends,downstream,degradable,"",config,[],"","",timeout,circuit_break,"","","",one_to_many,0,0,active,,0
359138,309188,309193,config_depends,downstream,degradable,"",config,[],"","",timeout,circuit_break,"","","",one_to_many,0,0,active,,0
358980,308965,308989,config_depends,downstream,degradable,"",config,[],"",shared_kernel,timeout,circuit_break,"","","",one_to_many,0,0,active,,0
358975,308959,308989,config_depends,downstream,degradable,"",config,[],"",shared_kernel,timeout,circuit_break,"","","",one_to_many,0,0,active,,0
358986,308971,308989,config_depends,downstream,degradable,"",config,[],"",shared_kernel,timeout,circuit_break,"","","",one_to_many,0,0,active,,0
358984,308969,308989,config_depends,downstream,degradable,"",config,[],"",shared_kernel,timeout,circuit_break,"","","",one_to_many,0,0,active,,0
359284,310992,308697,config_depends,downstream,degradable,"",config,[],"","",timeout,circuit_break,"","","",one_to_many,0,0,active,,0
353956,306717,306978,import_depends,downstream,required,"",import,[],"","",timeout,graceful_degradation,"","","",one_to_many,0,0,active,,0
355205,307611,307601,import_depends,downstream,required,"",import,[],"","",timeout,graceful_degradation,"","","",one_to_many,0,0,active,,0
355198,307608,307601,import_depends,downstream,required,"",import,[],"","",timeout,graceful_degradation,"","","",one_to_many,0,0,active,,0
355203,307609,307601,import_depends,downstream,required,"",import,[],"","",timeout,graceful_degradation,"","","",one_to_many,0,0,active,,0
359135,309185,309168,config_depends,downstream,degradable,"",config,[],"","",timeout,circuit_break,"","","",one_to_many,0,0,active,,0
358944,308920,308923,config_depends,downstream,degradable,"",config,[],"",shared_kernel,timeout,circuit_break,"","","",one_to_many,0,0,active,,0
358945,308922,308923,config_depends,downstream,degradable,"",config,[],"",shared_kernel,timeout,circuit_break,"","","",one_to_many,0,0,active,,0
359120,309170,309161,config_depends,downstream,degradable,"",config,[],"","",timeout,circuit_break,"","","",one_to_many,0,0,active,,0
359117,309164,309161,config_depends,downstream,degradable,"",config,[],"","",timeout,circuit_break,"","","",one_to_many,0,0,active,,0
359116,309163,309161,config_depends,downstream,degradable,"",config,[],"","",timeout,circuit_break,"","","",one_to_many,0,0,active,,0
358985,308970,308989,config_depends,downstream,degradable,"",config,[],"",shared_kernel,timeout,circuit_break,"","","",one_to_many,0,0,active,,0
359276,310984,307527,config_depends,downstream,degradable,"",config,[],"","",timeout,circuit_break,"","","",one_to_many,0,0,active,,0
359070,309086,309082,config_depends,downstream,degradable,"",config,[],"","",timeout,circuit_break,"","","",one_to_many,0,0,active,,0
358994,308979,308989,config_depends,downstream,degradable,"",config,[],"",shared_kernel,timeout,circuit_break,"","","",one_to_many,0,0,active,,0
358993,308978,308989,config_depends,downstream,degradable,"",config,[],"","",timeout,circuit_break,"","","",one_to_many,0,0,active,,0
357628,310271,308750,test_depends,downstream,optional,"",import,[],"","",cascade_failure,skip_test,"","","",one_to_many,1,0,active,,0
358991,308976,308989,config_depends,downstream,degradable,"",config,[],"",shared_kernel,timeout,circuit_break,"","","",one_to_many,0,0,active,,0
358998,308983,308989,config_depends,downstream,degradable,"",config,[],"",shared_kernel,timeout,circuit_break,"","","",one_to_many,0,0,active,,0
359001,308986,308989,config_depends,downstream,degradable,"",config,[],"",shared_kernel,timeout,circuit_break,"","","",one_to_many,0,0,active,,0
358999,308984,308989,config_depends,downstream,degradable,"",config,[],"",shared_kernel,timeout,circuit_break,"","","",one_to_many,0,0,active,,0
359007,308993,308989,config_depends,downstream,degradable,"",config,[],"",shared_kernel,timeout,circuit_break,"","","",one_to_many,0,0,active,,0
359005,308991,308989,config_depends,downstream,degradable,"",config,[],"",shared_kernel,timeout,circuit_break,"","","",one_to_many,0,0,active,,0
358997,308982,308989,config_depends,downstream,degradable,"",config,[],"",shared_kernel,timeout,circuit_break,"","","",one_to_many,0,0,active,,0
359003,308988,308989,config_depends,downstream,degradable,"",config,[],"",shared_kernel,timeout,circuit_break,"","","",one_to_many,0,0,active,,0
359142,309194,309191,config_depends,downstream,degradable,"",config,[],"","",timeout,circuit_break,"","","",one_to_many,0,0,active,,0
359008,308994,308998,config_depends,downstream,degradable,"",config,[],"","",timeout,circuit_break,"","","",one_to_many,0,0,active,,0
359006,308992,308998,config_depends,downstream,degradable,"",config,[],"",shared_kernel,timeout,circuit_break,"","","",one_to_many,0,0,active,,0
359014,309001,308998,config_depends,downstream,degradable,"",config,[],"",shared_kernel,timeout,circuit_break,"","","",one_to_many,0,0,active,,0
359011,308997,308998,config_depends,downstream,degradable,"",config,[],"","",timeout,circuit_break,"","","",one_to_many,0,0,active,,0
359010,308996,308998,config_depends,downstream,degradable,"",config,[],"",shared_kernel,timeout,circuit_break,"","","",one_to_many,0,0,active,,0
359110,309152,309148,config_depends,downstream,degradable,"",config,[],"","",timeout,circuit_break,"","","",one_to_many,0,0,active,,0
359012,308999,308998,config_depends,downstream,degradable,"",config,[],"","",timeout,circuit_break,"","","",one_to_many,0,0,active,,0
359066,309071,309085,config_depends,downstream,degradable,"",config,[],"","",timeout,circuit_break,"","","",one_to_many,0,0,active,,0
359013,309000,308998,config_depends,downstream,degradable,"",config,[],"","",timeout,circuit_break,"","","",one_to_many,0,0,active,,0
359016,309003,308998,config_depends,downstream,degradable,"",config,[],"",shared_kernel,timeout,circuit_break,"","","",one_to_many,0,0,active,,0
359019,309008,309017,config_depends,downstream,degradable,"",config,[],"",shared_kernel,timeout,circuit_break,"","","",one_to_many,0,0,active,,0
359009,308995,309004,config_depends,downstream,degradable,"",config,[],"","",timeout,circuit_break,"","","",one_to_many,0,0,active,,0
359020,309009,309017,config_depends,downstream,degradable,"",config,[],"",shared_kernel,timeout,circuit_break,"","","",one_to_many,0,0,active,,0
359018,309006,309017,config_depends,downstream,degradable,"",config,[],"",shared_kernel,timeout,circuit_break,"","","",one_to_many,0,0,active,,0
359111,309153,309154,config_depends,downstream,degradable,"",config,[],"","",timeout,circuit_break,"","","",one_to_many,0,0,active,,0
359122,309172,309168,config_depends,downstream,degradable,"",config,[],"","",timeout,circuit_break,"","","",one_to_many,0,0,active,,0
357635,310275,307756,test_depends,downstream,optional,"",import,[],"","",cascade_failure,skip_test,"","","",one_to_many,1,0,active,,0
359166,310673,310678,config_depends,downstream,degradable,"",config,[],"","",timeout,circuit_break,"","","",one_to_many,0,0,active,,0
357641,310281,307018,test_depends,downstream,optional,"",import,[],"","",cascade_failure,skip_test,"","","",one_to_many,1,0,active,,0
359052,309049,309060,config_depends,downstream,degradable,"",config,[],"",shared_kernel,timeout,circuit_break,"","","",one_to_many,0,0,active,,0
359051,309047,309060,config_depends,downstream,degradable,"",config,[],"",shared_kernel,timeout,circuit_break,"","","",one_to_many,0,0,active,,0
359055,309052,309060,config_depends,downstream,degradable,"",config,[],"",shared_kernel,timeout,circuit_break,"","","",one_to_many,0,0,active,,0
359059,309056,309060,config_depends,downstream,degradable,"",config,[],"",shared_kernel,timeout,circuit_break,"","","",one_to_many,0,0,active,,0
359053,309050,309060,config_depends,downstream,degradable,"",config,[],"",shared_kernel,timeout,circuit_break,"","","",one_to_many,0,0,active,,0
359054,309051,309060,config_depends,downstream,degradable,"",config,[],"",shared_kernel,timeout,circuit_break,"","","",one_to_many,0,0,active,,0
359057,309054,309060,config_depends,downstream,degradable,"",config,[],"",shared_kernel,timeout,circuit_break,"","","",one_to_many,0,0,active,,0
359056,309053,309060,config_depends,downstream,degradable,"",config,[],"",shared_kernel,timeout,circuit_break,"","","",one_to_many,0,0,active,,0
359064,309066,309060,config_depends,downstream,degradable,"",config,[],"","",timeout,circuit_break,"","","",one_to_many,0,0,active,,0
359058,309055,309060,config_depends,downstream,degradable,"",config,[],"",shared_kernel,timeout,circuit_break,"","","",one_to_many,0,0,active,,0
359060,309057,309060,config_depends,downstream,degradable,"",config,[],"",shared_kernel,timeout,circuit_break,"","","",one_to_many,0,0,active,,0
359061,309058,309060,config_depends,downstream,degradable,"",config,[],"",shared_kernel,timeout,circuit_break,"","","",one_to_many,0,0,active,,0
353766,306534,308059,import_depends,downstream,critical,"",import,[],"","",service_down,circuit_break,"","","",one_to_many,1,0,active,,0
359193,310901,307009,config_depends,downstream,degradable,"",config,[],"","",timeout,circuit_break,"","","",one_to_many,0,0,active,,0
353602,306236,306253,import_depends,downstream,required,"",import,[],"","",timeout,graceful_degradation,"","","",one_to_many,0,0,active,,0
353612,306241,307337,import_depends,downstream,critical,"",import,[],"","",service_down,circuit_break,"","","",one_to_many,1,0,active,,0
356249,309076,308059,import_depends,downstream,critical,"",import,[],"","",service_down,circuit_break,"","","",one_to_many,1,0,active,,0
359145,309197,309191,config_depends,downstream,degradable,"",config,[],"","",timeout,circuit_break,"","","",one_to_many,0,0,active,,0
357662,310302,307090,test_depends,downstream,optional,"",import,[],"","",cascade_failure,skip_test,"","","",one_to_many,1,0,active,,0
357666,310305,306663,test_depends,downstream,optional,"",import,[],"","",cascade_failure,skip_test,"","","",one_to_many,1,0,active,,0
357667,310306,307086,test_depends,downstream,optional,"",import,[],"","",cascade_failure,skip_test,"","","",one_to_many,1,0,active,,0
357660,310300,307722,test_depends,downstream,optional,"",import,[],"","",cascade_failure,skip_test,"","","",one_to_many,1,0,active,,0
357672,310311,307084,test_depends,downstream,optional,"",import,[],"","",cascade_failure,skip_test,"","","",one_to_many,1,0,active,,0
357671,310310,306677,test_depends,downstream,optional,"",import,[],"","",cascade_failure,skip_test,"","","",one_to_many,1,0,active,,0
359279,310987,307571,config_depends,downstream,degradable,"",config,[],"","",timeout,circuit_break,"","","",one_to_many,0,0,active,,0
357670,310309,306682,test_depends,downstream,optional,"",import,[],"","",cascade_failure,skip_test,"","","",one_to_many,1,0,active,,0
357674,310313,308059,test_depends,downstream,optional,"",import,[],"","",cascade_failure,skip_test,"","","",one_to_many,1,0,active,,0
359308,311179,308750,config_depends,downstream,degradable,"",config,[],"",shared_kernel,timeout,circuit_break,"","","",one_to_many,0,0,active,,0
359309,311181,308854,config_depends,downstream,degradable,"",config,[],"",shared_kernel,timeout,circuit_break,"","","",one_to_many,0,0,active,,0
359310,311182,309149,config_depends,downstream,degradable,"",config,[],"","",timeout,circuit_break,"","","",one_to_many,0,0,active,,0
353830,306593,306591,import_depends,downstream,required,"",import,[],"",shared_kernel,timeout,graceful_degradation,"","","",one_to_many,0,0,active,,0
353831,306594,306564,import_depends,downstream,required,"",import,[],"",shared_kernel,timeout,graceful_degradation,"","","",one_to_many,0,0,active,,0
353848,306616,306549,import_depends,downstream,required,"",import,[],"","",timeout,graceful_degradation,"","","",one_to_many,0,0,active,,0
359290,310998,309060,config_depends,downstream,degradable,"",config,[],"","",timeout,circuit_break,"","","",one_to_many,0,0,active,,0
359294,311002,309060,config_depends,downstream,degradable,"",config,[],"","",timeout,circuit_break,"","","",one_to_many,0,0,active,,0
359292,311000,309060,config_depends,downstream,degradable,"",config,[],"","",timeout,circuit_break,"","","",one_to_many,0,0,active,,0
359296,311004,309060,config_depends,downstream,degradable,"",config,[],"","",timeout,circuit_break,"","","",one_to_many,0,0,active,,0
359302,311010,309060,config_depends,downstream,degradable,"",config,[],"","",timeout,circuit_break,"","","",one_to_many,0,0,active,,0
359158,309210,309191,config_depends,downstream,degradable,"",config,[],"","",timeout,circuit_break,"","","",one_to_many,0,0,active,,0
359161,309213,309191,config_depends,downstream,degradable,"",config,[],"","",timeout,circuit_break,"","","",one_to_many,0,0,active,,0
359165,309217,309191,config_depends,downstream,degradable,"",config,[],"","",timeout,circuit_break,"","","",one_to_many,0,0,active,,0
359163,309215,309191,config_depends,downstream,degradable,"",config,[],"","",timeout,circuit_break,"","","",one_to_many,0,0,active,,0
359162,309214,309191,config_depends,downstream,degradable,"",config,[],"","",timeout,circuit_break,"","","",one_to_many,0,0,active,,0
359164,309216,309191,config_depends,downstream,degradable,"",config,[],"","",timeout,circuit_break,"","","",one_to_many,0,0,active,,0
359297,311005,309064,config_depends,downstream,degradable,"",config,[],"","",timeout,circuit_break,"","","",one_to_many,0,0,active,,0
359300,311008,309064,config_depends,downstream,degradable,"",config,[],"","",timeout,circuit_break,"","","",one_to_many,0,0,active,,0
359167,310872,310874,config_depends,downstream,degradable,"",config,[],"","",timeout,circuit_break,"","","",one_to_many,0,0,active,,0
353850,306616,306561,import_depends,downstream,required,"",import,[],"","",timeout,graceful_degradation,"","","",one_to_many,0,0,active,,0
359171,310878,310872,config_depends,downstream,degradable,"",config,[],"","",timeout,circuit_break,"","","",one_to_many,0,0,active,,0
359168,310875,310872,config_depends,downstream,degradable,"",config,[],"","",timeout,circuit_break,"","","",one_to_many,0,0,active,,0
353851,306616,306581,import_depends,downstream,required,"",import,[],"","",timeout,graceful_degradation,"","","",one_to_many,0,0,active,,0
353852,306616,306585,import_depends,downstream,required,"",import,[],"","",timeout,graceful_degradation,"","","",one_to_many,0,0,active,,0
353853,306616,306591,import_depends,downstream,required,"",import,[],"","",timeout,graceful_degradation,"","","",one_to_many,0,0,active,,0
354119,306899,306880,import_depends,downstream,required,"",import,[],"","",timeout,graceful_degradation,"","","",one_to_many,0,0,active,,0
354173,306953,308059,import_depends,downstream,critical,"",import,[],"","",service_down,circuit_break,"","","",one_to_many,1,0,active,,0
354408,307070,306379,import_depends,downstream,required,"",import,[],"","",timeout,graceful_degradation,"","","",one_to_many,0,0,active,,0
357774,310388,308122,test_depends,downstream,optional,"",import,[],"","",cascade_failure,skip_test,"","","",one_to_many,1,0,active,,0
355960,308536,308113,import_depends,downstream,critical,"",import,[],"","",service_down,circuit_break,"","","",one_to_many,1,0,active,,0
356691,309549,308195,test_depends,downstream,optional,"",import,[],"","",cascade_failure,skip_test,"","","",one_to_many,1,0,active,,0
357137,309879,308267,test_depends,downstream,optional,"",import,[],"","",cascade_failure,skip_test,"","","",one_to_many,1,0,active,,0
358045,310585,308685,test_depends,downstream,optional,"",import,[],"","",cascade_failure,skip_test,"","","",one_to_many,1,0,active,,0
358075,310613,306953,test_depends,downstream,optional,"",import,[],"","",cascade_failure,skip_test,"","","",one_to_many,1,0,active,,0
358780,308579,308571,config_depends,downstream,degradable,"",config,[],"","",timeout,circuit_break,"","","",one_to_many,0,0,active,,0
358817,308720,308722,config_depends,downstream,degradable,"",config,[],"","",timeout,circuit_break,"","","",one_to_many,0,0,active,,0
358820,308725,308726,config_depends,downstream,degradable,"",config,[],"","",timeout,circuit_break,"","","",one_to_many,0,0,active,,0
358829,308755,308756,config_depends,downstream,degradable,"",config,[],"","",timeout,circuit_break,"","","",one_to_many,0,0,active,,0
359062,309059,309061,config_depends,downstream,degradable,"",config,[],"","",timeout,circuit_break,"","","",one_to_many,0,0,active,,0
359083,309104,309082,config_depends,downstream,degradable,"",config,[],"","",timeout,circuit_break,"","","",one_to_many,0,0,active,,0
359078,309099,309082,config_depends,downstream,degradable,"",config,[],"","",timeout,circuit_break,"","","",one_to_many,0,0,active,,0
359081,309102,309082,config_depends,downstream,degradable,"",config,[],"","",timeout,circuit_break,"","","",one_to_many,0,0,active,,0
359084,309105,309082,config_depends,downstream,degradable,"",config,[],"","",timeout,circuit_break,"","","",one_to_many,0,0,active,,0
359103,309140,309147,config_depends,downstream,degradable,"",config,[],"","",timeout,circuit_break,"","","",one_to_many,0,0,active,,0
357778,310392,308039,test_depends,downstream,optional,"",import,[],"","",cascade_failure,skip_test,"","","",one_to_many,1,0,active,,0
357680,310318,306840,test_depends,downstream,optional,"",import,[],"","",cascade_failure,skip_test,"","","",one_to_many,1,0,active,,0
357681,310319,306739,test_depends,downstream,optional,"",import,[],"","",cascade_failure,skip_test,"","","",one_to_many,1,0,active,,0
357687,310325,306846,test_depends,downstream,optional,"",import,[],"","",cascade_failure,skip_test,"","","",one_to_many,1,0,active,,0
357685,310323,306740,test_depends,downstream,optional,"",import,[],"","",cascade_failure,skip_test,"","","",one_to_many,1,0,active,,0
357692,310330,308356,test_depends,downstream,optional,"",import,[],"","",cascade_failure,skip_test,"","","",one_to_many,1,0,active,,0
357686,310324,308462,test_depends,downstream,optional,"",import,[],"","",cascade_failure,skip_test,"","","",one_to_many,1,0,active,,0
357688,310326,308290,test_depends,downstream,optional,"",import,[],"","",cascade_failure,skip_test,"","","",one_to_many,1,0,active,,0
357691,310329,308456,test_depends,downstream,optional,"",import,[],"","",cascade_failure,skip_test,"","","",one_to_many,1,0,active,,0
357780,310393,308059,test_depends,downstream,optional,"",import,[],"","",cascade_failure,skip_test,"","","",one_to_many,1,0,active,,0
358640,308057,308045,config_depends,downstream,degradable,"",config,[],"","",timeout,circuit_break,"","","",one_to_many,0,0,active,,0
