resId,resTitle,domainName,officeName,updateCycle,recordTotal,dataTotal,downloads,visits,invokedCount,openLevelName,openMode,resAbstract,apiContext,serviceId,apiVersion,publishDate,updateDate
29200/00000001,宝安区-毒鼠屋,政府机构,宝安区人民政府,存档,2115,,140,16468,589,无条件开放,主动开放,,,,,2019-06-21 11:26:41.0,2026-05-06 07:17
29200/00000005,对骗取医疗保障基金行为的行政处罚信息,信用服务,深圳市医疗保障局,有数据更新时,30,,1495,18131,234,无条件开放,主动开放,,,,,2020-11-12 17:44:08.0,2021-05-08 01:29
29200/00100222,数字城管系统城市部件信息,经济建设,深圳市城市管理和综合执法局,有数据更新时,2378052,,313,41727,197940,无条件开放,主动开放,,,,,2016-10-12 16:49:49.0,2026-08-19 02:04
29200/00100929,公共厕所信息,生态文明,深圳市城市管理和综合执法局,按年,57588,,927,29792,256682,无条件开放,主动开放,,,,,2017-08-03 10:19:10.0,2026-08-19 02:03
29200/00101036,公园管理中心停车场信息,交通运输,深圳市城市管理和综合执法局,按年,21,,1211,20881,699,无条件开放,主动开放,,,,,2018-01-03 22:31:16.0,2026-08-19 01:51
29200/00102972,郊野公园,政府机构,深圳市城市管理和综合执法局,按年,39,,747,24886,231,无条件开放,主动开放,,,,,2018-06-13 17:46:36.0,2026-08-19 01:46
29200/00103028,深圳市公园名录,文体休闲,深圳市城市管理和综合执法局,有数据更新时,1264,,1859,21056,2002,无条件开放,主动开放,,,,,2018-06-15 10:18:31.0,2026-07-15 03:26
29200/00103149,生活垃圾焚烧厂一览表,"卫生健康,生态文明",深圳市城市管理和综合执法局,按年,5,,800,29660,185,无条件开放,主动开放,,,,,2018-07-06 12:52:47.0,2026-08-19 01:50
29200/00103449,市城市管理和综合执法局-行政许可信息,企业服务,深圳市城市管理和综合执法局,有数据更新时,397,,130,31705,691,无条件开放,主动开放,,,,,2018-12-22 20:01:31.0,2026-06-09 07:11
29200/00103524,自然教育中心,生态文明,深圳市城市管理和综合执法局,按年,6,,128,5559,96,无条件开放,主动开放,,,,,2021-12-08 17:26:16.0,2026-08-19 01:50
29200/00103525,环卫车辆信息,社会发展,深圳市城市管理和综合执法局,有数据更新时,4327,,262,7373,40,无条件开放,主动开放,,,,,2021-12-10 11:46:27.0,2026-08-19 02:02
29200/00103526,市城市管理和综合执法局-共建花园,生态文明,深圳市城市管理和综合执法局,按年,667,,108,3520,52,无条件开放,主动开放,,,,,2022-08-25 14:54:03.0,2026-08-19 01:58
29200/00103529,市城市管理和综合执法局-全市大型废旧家具拆解中心概况,政府机构,深圳市城市管理和综合执法局,按年,16,,48,5944,26,无条件开放,主动开放,,,,,2022-08-25 15:01:43.0,2026-08-19 01:45
29200/00103530,市城市管理和综合执法局-生活垃圾处理量,生态文明,深圳市城市管理和综合执法局,按年,9,,313,2165,128,无条件开放,主动开放,,,,,2022-08-25 15:07:33.0,2026-08-19 01:57
29200/00103531,市城市管理和综合执法局-公园（绿道）公共阅读空间,生态文明,深圳市城市管理和综合执法局,按年,113,,171,5894,130,无条件开放,主动开放,,,,,2022-08-25 15:09:46.0,2026-08-19 02:01
29200/00103532,市城市管理和综合执法局-公园账篷区,生态文明,深圳市城市管理和综合执法局,按年,72,,82,3884,38,无条件开放,主动开放,,,,,2022-08-25 15:11:41.0,2026-08-19 02:01
29200/00103533,市城市管理和综合执法局-犬只芯片注射点信息,政府机构,深圳市城市管理和综合执法局,有数据更新时,419,,38,5408,46,无条件开放,主动开放,,,,,2022-08-25 15:16:17.0,2026-08-19 02:02
29200/00103534,深圳市城市管理和综合执法局-深圳市公园管理中心在管公园清单,政府机构,深圳市城市管理和综合执法局,按年,27,,143,1176,68,无条件开放,主动开放,,,,,2023-11-27 10:57:13.728,2026-08-19 02:00
29200/00103535,深圳市城市管理和综合执法局-深圳市公园体育场馆数量,政府机构,深圳市城市管理和综合执法局,有数据更新时,49,,25,974,2,有条件开放,主动开放,,,,,2023-11-27 10:57:13.83,2026-08-19 01:59
29200/00103536,深圳市市城市管理和综合执法局-垃圾填埋场,政府机构,深圳市城市管理和综合执法局,按年,3,,90,937,49,无条件开放,主动开放,,,,,2023-11-27 10:57:13.9,2026-08-19 01:45
29200/00103537,深圳市城市管理和综合执法局-深圳市道路清扫保洁面积,政府机构,深圳市城市管理和综合执法局,按年,7,,40,2237,44,无条件开放,主动开放,,,,,2023-11-27 10:57:13.964,2026-08-19 02:01
29200/00103540,深圳市城市管理和综合执法局-深圳市户外广告备案审批数,政府机构,深圳市城市管理和综合执法局,按年,7,,12,1205,40,无条件开放,主动开放,,,,,2023-11-27 10:57:14.155,2026-08-19 01:58
29200/00103541,深圳市城市管理和综合执法局-深圳市一楼门楣备案数量,政府机构,深圳市城市管理和综合执法局,按年,7,,12,958,40,无条件开放,主动开放,,,,,2023-11-27 10:57:14.212,2026-08-19 01:44
29200/00103542,深圳市执法监督处-深圳市犬只登记数,政府机构,深圳市城市管理和综合执法局,按年,7,,26,2073,0,有条件开放,主动开放,,,,,2023-11-27 10:57:14.271,2026-08-19 01:56
29200/00103543,深圳市执法监督处-深圳市犬只身份识别数,政府机构,深圳市城市管理和综合执法局,按年,7,,20,1992,0,有条件开放,主动开放,,,,,2023-11-27 10:57:14.354,2026-08-19 01:56
29200/00103544,深圳市城市管理和综合执法局-数字城管年度立案数统计表,政府机构,深圳市城市管理和综合执法局,按年,7,,36,1727,40,无条件开放,主动开放,,,,,2023-11-27 10:57:14.589,2026-08-19 01:57
29200/00103545,深圳市城市管理和综合执法局—“美丽深圳”城市环境文明使者用户统计表,政府机构,深圳市城市管理和综合执法局,存档,7,,11,1476,34,无条件开放,主动开放,,,,,2023-11-27 10:57:14.652,2025-11-24 02:17
29200/00200290,违法占道施工单位,政府机构,深圳市公安局,按年,6787,,181,28398,37437,无条件开放,主动开放,,,,,2016-10-12 18:17:51.0,2026-07-30 08:48
29200/00200322,派出所地址及电话,公共安全,深圳市公安局,有数据更新时,146,,926,10092,490,无条件开放,主动开放,,,,,2016-10-13 10:21:51.0,2026-07-30 09:02
29200/00200542,出入境受理点,政府机构,深圳市公安局,有数据更新时,10,,216,11011,105,无条件开放,主动开放,,,,,2016-12-14 16:05:18.0,2026-07-30 09:32
29200/00200859,各大队一览表,政府机构,深圳市公安局,按年,41,,264,7863,126,无条件开放,主动开放,,,,,2017-07-24 16:10:03.0,2026-07-30 09:12
29200/00200860,车管服务网点,政府机构,深圳市公安局,按年,10,,150,9163,98,无条件开放,主动开放,,,,,2017-07-24 16:11:40.0,2026-07-30 09:32
29200/00200861,车辆体检医院一览表,卫生健康,深圳市公安局,按年,10,,172,8901,85,无条件开放,主动开放,,,,,2017-07-24 16:13:12.0,2026-07-30 09:31
29200/00200862,机动车登记办理点,交通运输,深圳市公安局,按年,11,,91,8335,131,无条件开放,主动开放,,,,,2017-07-24 16:16:32.0,2026-07-30 09:23
29200/00200863,机动车强制报废规则,交通运输,深圳市公安局,有数据更新时,45,,117,7620,77,无条件开放,主动开放,,,,,2017-07-24 16:29:42.0,2026-07-30 09:11
29200/00200864,各辖区大队扣车场信息表,政府机构,深圳市公安局,有数据更新时,36,,144,7976,79,无条件开放,主动开放,,,,,2017-07-24 16:32:26.0,2026-07-30 09:15
29200/00200866,保安从业单位,信用服务,深圳市公安局,按年,238,,173,10776,202,无条件开放,主动开放,,,,,2017-07-24 16:37:27.0,2026-07-30 08:58
29200/00200867,拘留所信息地址及电话,政府机构,深圳市公安局,按年,6,,144,3417,74,无条件开放,主动开放,,,,,2017-07-24 16:38:44.0,2026-07-30 09:37
29200/00200868,宾馆旅店,信用服务,深圳市公安局,按年,296,,207,13442,791,有条件开放,主动开放,,,,,2017-07-24 16:52:11.0,2026-07-30 08:54
29200/00200872,居住证办理窗口信息,政府机构,深圳市公安局,按年,121,,147,2215,85,无条件开放,主动开放,,,,,2017-07-24 17:20:58.0,2026-07-30 09:03
29200/00200873,异地身份证受理窗口信息,政府机构,深圳市公安局,按年,76,,133,7752,88,无条件开放,主动开放,,,,,2017-07-24 17:34:49.0,2026-07-30 09:08
29200/00200941,户政业务受理窗口信息,政府机构,深圳市公安局,按年,76,,120,9315,81,无条件开放,主动开放,,,,,2017-08-03 14:48:35.0,2026-07-30 09:07
29200/00200946,机动车驾驶证注销报废表,"交通运输,社会发展",深圳市公安局,按年,3943,,112,7447,229,无条件开放,主动开放,,,,,2017-08-09 15:19:52.0,2026-07-30 08:48
29200/00200947,校车业务服务点,政府机构,深圳市公安局,按年,8,,89,2866,87,无条件开放,主动开放,,,,,2017-08-09 15:24:32.0,2026-07-30 09:34
29200/00201016,车管所,政府机构,深圳市公安局,按年,10,,1441,24857,269,无条件开放,主动开放,,,,,2017-12-14 22:44:46.0,2026-07-30 09:30
29200/00201017,深圳市测速点分布,交通运输,深圳市公安局,按年,31,,452,9481,306,有条件开放,主动开放,,,,,2017-12-14 22:53:12.0,2026-07-31 01:35
29200/00201018,交通大队机动车查验岗,政府机构,深圳市公安局,按年,10,,216,7280,75,无条件开放,主动开放,,,,,2017-12-14 22:58:09.0,2026-07-30 09:28
29200/00203101,未年检车辆信息,交通运输,深圳市公安局,按年,70216,,80,19407,14032,有条件开放,主动开放,,,,,2018-06-27 08:23:24.0,2026-07-30 08:42
29200/00203102,交通违法摄像头设置地点,交通运输,深圳市公安局,有数据更新时,3182,,497,8977,352,有条件开放,主动开放,,,,,2018-06-27 08:25:32.0,2026-07-30 08:49
29200/00203103,驾驶员业务受理信息处理结果公示,交通运输,深圳市公安局,按年,536804,,69,18358,2135,有条件开放,主动开放,,,,,2018-06-27 08:39:22.0,2026-07-30 08:41
29200/00203106,交警支队固定测速设备分布情况,交通运输,深圳市公安局,有数据更新时,61,,167,7481,18546,有条件开放,主动开放,,,,,2018-06-27 09:26:37.0,2026-07-30 09:10
29200/00203107,闯红灯设备路口点位表,交通运输,深圳市公安局,按年,1597,,727,12741,229,无条件开放,主动开放,,,,,2018-06-27 09:28:56.0,2026-07-30 08:52
29200/00203108,全市开锁业备案信息,信用服务,深圳市公安局,有数据更新时,670,,176,15931,117,无条件开放,主动开放,,,,,2018-06-27 09:31:05.0,2026-07-30 08:53
29200/00203109,保安员证核发,信用服务,深圳市公安局,按年,318300,,56,11888,5329,无条件开放,主动开放,,,,,2018-06-27 09:34:30.0,2026-07-30 08:42
29200/00203112,大型群众文化体育活动安全许可信息,企业服务,深圳市公安局,按年,450,,185,11026,159,无条件开放,主动开放,,,,,2018-06-27 09:48:12.0,2026-06-25 08:09
29200/00203372,保安培训机构,企业服务,深圳市公安局,按年,24,,33,11108,74,无条件开放,主动开放,,,,,2018-12-22 18:10:00.0,2026-07-30 09:19
29200/00203373,社区警务工作室地址及电话,公共安全,深圳市公安局,按年,627,,208,4960,91,无条件开放,主动开放,,,,,2018-12-22 18:10:01.0,2026-07-30 08:53
29200/00203520,机动车达到报废标准公告牌证作废清单,社会发展,深圳市公安局,有数据更新时,58306,,62,7813,245,无条件开放,主动开放,,,,,2018-12-25 14:56:18.0,2026-07-30 08:43
29200/00203524,积分制入户排名靠前人员名单公示（年度）,政府机构,深圳市公安局,有数据更新时,40102,,166,6096,754,无条件开放,主动开放,,,,,2018-12-26 17:22:40.0,2026-07-30 08:46
29200/00203526,涉及公民权利义务的公安机关规范性文件信息,信用服务,深圳市公安局,有数据更新时,7,,84,6644,59,无条件开放,主动开放,,,,,2018-12-26 17:22:41.0,2026-07-30 09:35
29200/00203541,机动车驾驶人有关数据公告,政府机构,深圳市公安局,有数据更新时,13485,,45,9816,140,有条件开放,主动开放,,,,,2018-12-26 17:57:11.0,2026-07-30 08:47
29200/00203542,车辆驾驶证基本信息查询,公共安全,深圳市公安局,有数据更新时,578655,,40,16878,1818,有条件开放,主动开放,,,,,2018-12-26 17:57:12.0,2026-07-30 08:40
29200/00203543,各驾校考试排名统计,政府机构,深圳市公安局,有数据更新时,39,,310,7999,216,无条件开放,主动开放,,,,,2018-12-26 17:57:12.0,2026-07-30 09:15
29200/00203544,公安局登记备案的机动车检测场信息,政府机构,深圳市公安局,按年,175,,177,7781,50,无条件开放,主动开放,,,,,2018-12-26 17:57:12.0,2026-07-30 09:00
29200/00203545,机动车驾驶证期满换证,政府机构,深圳市公安局,有数据更新时,48306,,16,2594,938,有条件开放,主动开放,,,,,2018-12-26 17:57:13.0,2026-07-30 08:44
29200/00203546,机动车交通违法处理受理点,政府机构,深圳市公安局,按年,39,,192,9218,70,无条件开放,主动开放,,,,,2018-12-26 17:57:13.0,2026-07-30 09:14
29200/00203548,驾校,政府机构,深圳市公安局,有数据更新时,39,,172,1953,149,无条件开放,主动开放,,,,,2018-12-26 17:57:14.0,2026-07-30 09:14
29200/00203549,交警大队地址及电话,政府机构,深圳市公安局,按年,16,,324,8066,71,无条件开放,主动开放,,,,,2018-12-26 17:57:14.0,2026-07-30 09:21
29200/00203550,机动车驾驶证考场信息,政府机构,深圳市公安局,按年,28,,72,3597,60,无条件开放,主动开放,,,,,2018-12-26 17:57:14.0,2026-07-30 09:18
29200/00203563,上网场所安全审核办理窗口信息,企业服务,深圳市公安局,按年,10,,54,5215,38,无条件开放,主动开放,,,,,2019-10-23 15:14:29.0,2026-07-30 09:28
29200/00203565,港澳台居民居住证受理窗口数据,政府机构,深圳市公安局,按年,22,,58,1464,62,无条件开放,主动开放,,,,,2019-10-23 15:19:09.0,2026-07-30 09:19
29200/00203566,本市户籍居民临时身份证受理窗口数据,政府机构,深圳市公安局,按年,10,,33,2902,72,无条件开放,主动开放,,,,,2019-10-23 15:19:29.0,2026-07-30 09:27
29200/00203567,典当业地址,信用服务,深圳市公安局,按年,177,,5,5459,4,有条件开放,主动开放,,,,,2019-10-23 15:19:53.0,2026-07-30 09:00
29200/00203568,印章业地址,信用服务,深圳市公安局,按年,1997,,29,20589,1403,有条件开放,主动开放,,,,,2019-10-23 15:20:11.0,2026-07-30 08:52
29200/00203569,印刷业地址,信用服务,深圳市公安局,按年,3140,,17,4815,10,有条件开放,主动开放,,,,,2019-10-23 15:20:30.0,2026-07-30 08:49
29200/00203570,多功能警务自助服务平台,政府机构,深圳市公安局,有数据更新时,231,,73,4005,41,无条件开放,主动开放,,,,,2019-10-23 15:20:48.0,2026-07-30 08:59
29200/00203571,24小时自助服务大厅,政府机构,深圳市公安局,有数据更新时,11,,48,3518,53,无条件开放,主动开放,,,,,2019-10-23 15:21:05.0,2026-07-30 09:23
29200/00203572,可申请及签注深圳经济特区居住证的人才目录,劳动人事,深圳市公安局,按年,5,,228,4718,53,无条件开放,主动开放,,,,,2020-04-28 15:35:58.0,2026-07-30 09:38
29200/00203573,积分入户申办落户窗口数据,政府机构,深圳市公安局,按年,10,,71,2468,38,无条件开放,主动开放,,,,,2020-04-28 15:37:00.0,2026-07-30 09:27
29200/00203574,境外人员临住登记申报窗口,政府机构,深圳市公安局,有数据更新时,119,,33,2988,51,无条件开放,主动开放,,,,,2020-04-28 15:37:24.0,2026-07-30 09:04
29200/00203575,出入境智慧大厅 ,政府机构,深圳市公安局,有数据更新时,10,,95,2651,173,无条件开放,主动开放,,,,,2020-04-28 15:37:54.0,2026-07-30 09:26
29200/00203576,金库安全防范设施建设方案审批许可,公共安全,深圳市公安局,有数据更新时,7,,28,2301,62,无条件开放,主动开放,,,,,2020-04-28 15:38:10.0,2026-07-30 09:35
29200/00203577,金库安全防范设施建设工程验收许可,公共安全,深圳市公安局,有数据更新时,7,,21,2256,62,无条件开放,主动开放,,,,,2020-04-28 15:38:29.0,2026-07-30 09:34
29200/00203578,金融机构营业场所安全防范设施建设方案审批许可,公共安全,深圳市公安局,有数据更新时,2255,,30,10757,103,无条件开放,主动开放,,,,,2020-04-28 15:38:43.0,2026-07-30 08:50
29200/00203579,金融机构营业场所安全防范设施建设方案验收许可,政府机构,深圳市公安局,有数据更新时,2220,,20,11120,78,无条件开放,主动开放,,,,,2020-04-28 15:38:57.0,2026-07-30 08:51
29200/00203580,深圳市公安局交通警察局服务大厅地址（含中队）,政府机构,深圳市公安局,按年,39,,70,2464,52,无条件开放,主动开放,,,,,2020-04-28 15:39:12.0,2026-07-30 09:13
29200/00203581,深圳市车管所机动车和驾驶人保有量,交通运输,深圳市公安局,按年,8,,518,3911,96,无条件开放,主动开放,,,,,2020-04-28 15:39:29.0,2026-07-30 09:33
29200/00203583,车辆六年免检机投放清单,政府机构,深圳市公安局,按年,21,,10,1130,50,无条件开放,主动开放,,,,,2021-12-09 16:06:23.0,2026-07-30 09:20
29200/00203585,深圳市二手车登记服务站,政府机构,深圳市公安局,按年,24,,30,1626,37,无条件开放,主动开放,,,,,2021-12-09 16:13:29.0,2026-07-30 09:18
29200/00203586,本市户籍居民死亡注销受理窗口数据,政府机构,深圳市公安局,有数据更新时,71,,59,1137,56,无条件开放,主动开放,,,,,2021-12-09 16:16:13.0,2026-07-30 09:09
29200/00203587,本市注册许可的保安服务公司,政府机构,深圳市公安局,按年,158,,55,806,46,无条件开放,主动开放,,,,,2021-12-09 16:22:00.0,2026-07-30 09:01
29200/00203588,外省市保安服务公司在深设立的分公司,政府机构,深圳市公安局,按年,109,,28,1017,50,无条件开放,主动开放,,,,,2021-12-09 16:23:53.0,2026-07-30 09:04
29200/00203590,深圳市公安局-交通事故赔偿有关统计调查数据,政府机构,深圳市公安局,按年,6,,386,1454,43,无条件开放,主动开放,,,,,2022-11-23 16:15:14.0,2026-07-30 09:36
29200/00203591,深圳市公安局-深圳经济特区居住证网上办理渠道,政府机构,深圳市公安局,有数据更新时,5,,11,894,30,无条件开放,主动开放,,,,,2022-11-23 16:24:50.0,2026-07-30 09:37
29200/00203593,深圳五星级酒店,文体休闲,深圳市公安局,按年,43,,191,1858,34,无条件开放,主动开放,,,,,2022-11-25 16:44:16.0,2026-07-30 09:12
29200/00203594,深圳市公安局-主项变更更正-民族变更、更正受理窗口,政府机构,深圳市公安局,有数据更新时,71,,13,514,30,无条件开放,主动开放,,,,,2022-11-25 17:01:06.0,2026-07-30 09:09
29200/00203595,深圳市公安局-出入境证件照自助采集受理点,政府机构,深圳市公安局,有数据更新时,10,,13,968,38,无条件开放,主动开放,,,,,2022-11-23 17:03:56.0,2026-07-30 09:25
29200/00203596,内地居民办理边境通行证服务点,公共安全,深圳市公安局,有数据更新时,10,,8,690,41,无条件开放,主动开放,,,,,2023-11-14 15:10:14.0,2026-07-30 09:25
29200/00203597,内地居民出入境证件智助发证点,公共安全,深圳市公安局,有数据更新时,10,,9,265,35,无条件开放,主动开放,,,,,2023-11-14 15:10:14.0,2026-07-30 09:24
29200/00203598,港澳居民来往内地通行证受理点,公共安全,深圳市公安局,有数据更新时,10,,28,1445,41,无条件开放,主动开放,,,,,2023-11-14 15:10:14.0,2026-07-30 09:24
29200/00203600,市公安交警局-深圳交警星级用户业务办理列表,政府机构,深圳市公安局,有数据更新时,34,,13,343,68,无条件开放,主动开放,,,,,2023-11-14 15:10:15.0,2026-07-30 09:16
29200/00203601,市公安交警局-免查验机动车登记服务站列表,企业服务,深圳市公安局,有数据更新时,15,,7,825,31,无条件开放,主动开放,,,,,2023-11-14 15:10:15.0,2026-07-30 09:22
29200/00203602,金融机构营业场所安全防范设施建设方案审批办理窗口信息,企业服务,深圳市公安局,有数据更新时,6,,7,1145,32,无条件开放,主动开放,,,,,2023-11-14 15:10:15.0,2026-07-30 10:04
29200/00203603,主项变更更正-姓名变更-更正受理窗口,政府机构,深圳市公安局,有数据更新时,95,,8,273,32,无条件开放,主动开放,,,,,2023-11-14 15:20:31.0,2026-07-30 09:05
29200/00203604,主项变更更正-性别变更-更正受理窗口,政府机构,深圳市公安局,有数据更新时,94,,10,340,30,无条件开放,主动开放,,,,,2023-11-14 15:20:31.0,2026-07-30 09:07
29200/00203605,本市户籍居民出国（境）定居注销户口受理窗口,政府机构,深圳市公安局,有数据更新时,94,,9,456,32,无条件开放,主动开放,,,,,2023-11-14 15:20:31.0,2026-07-30 10:05
29200/00203606,市公安交警局-交管12123业务办理列表,政府机构,深圳市公安局,有数据更新时,15,,18,2248,30,无条件开放,主动开放,,,,,2023-11-14 15:20:31.0,2026-07-30 09:21
29200/00203607,深圳市废旧金属回收业地址,政府机构,深圳市公安局,有数据更新时,522,,0,288,1,有条件开放,主动开放,,,,,2025-01-06 16:36:13.0,2026-03-16 09:13
29200/00203608,深圳市外国人出入境业务受理点,政府机构,深圳市公安局,有数据更新时,15,,6,246,37,无条件开放,主动开放,,,,,2025-01-10 17:12:32.211,2025-01-16 03:33
29200/00203609,深圳市外国人就业居留事务受理点信息,政府机构,深圳市公安局,有数据更新时,10,,0,301,34,无条件开放,主动开放,,,,,2025-01-10 17:17:32.264,2025-01-16 03:32
29200/00203610,深圳市公安局交通警察局简易程序道路交通事故复核受理点地址,政府机构,深圳市公安局,有数据更新时,13,,26,295,30,无条件开放,主动开放,,,,,2025-01-10 17:29:35.398,2025-01-16 03:35
29200/00203611,深圳市公安局交通警察局车辆通行证网上申请类型,政府机构,深圳市公安局,有数据更新时,14,,2,290,30,无条件开放,主动开放,,,,,2025-01-10 17:31:57.695,2025-01-16 03:36
29200/00203612,深圳市公安局交通警察局电动自行车办理点,政府机构,深圳市公安局,有数据更新时,252,,22,505,132,无条件开放,主动开放,,,,,2025-01-10 17:33:17.289,2025-01-16 03:37
29200/00203613,深圳市公安局交通警察局车驾宝投放点,政府机构,深圳市公安局,有数据更新时,78,,6,472,31,无条件开放,主动开放,,,,,2025-01-10 17:34:29.443,2025-01-16 03:37
29200/00203614,深圳市公安局各机关单位对外电话及详细地址,政府机构,深圳市公安局,有数据更新时,16,,34,770,43,无条件开放,主动开放,,,,,2025-01-10 17:36:01.884,2025-01-16 03:38
29200/00203615,深圳市公安办事窗口信息,政府机构,深圳市公安局,有数据更新时,11,,6,756,31,无条件开放,主动开放,,,,,2025-01-10 17:37:06.723,2025-01-16 03:40
29200/00203616,深圳市公安局积分入户受理落户窗口数据,政府机构,深圳市公安局,有数据更新时,10,,22,892,38,无条件开放,主动开放,,,,,2025-01-10 17:37:57.703,2025-01-16 03:42
29200/00203617,深圳市公安局居住登记申报时限类别信息,政府机构,深圳市公安局,有数据更新时,3,,4,1147,36,无条件开放,主动开放,,,,,2025-12-27 09:35:08.0,2026-01-27 02:27
29200/00203618,深圳市公安局父母投靠子女户政业务受理窗口信息,政府机构,深圳市公安局,有数据更新时,13,,5,1841,48,无条件开放,主动开放,,,,,2025-12-27 09:41:19.0,2026-01-27 02:27
29200/00203619,深圳市全市金银珠宝饰品回收和加工经营企业,政府机构,深圳市公安局,按年,392,,0,1972,0,有条件开放,主动开放,,,,,2025-12-27 09:46:10.0,2026-01-27 02:28
29200/00203620,深圳市公安局机动车报废回收公司清单,政府机构,深圳市公安局,有数据更新时,3,,5,546,34,无条件开放,主动开放,,,,,2025-12-27 09:52:33.0,2026-01-27 02:28
29200/00203621,深圳市公安局交通管理支队各辖区大队交通事故接警电话,政府机构,深圳市公安局,有数据更新时,14,,2,543,44,无条件开放,主动开放,,,,,2025-12-27 09:56:24.0,2026-01-27 02:28
29200/00203622,深圳市公安局道路救助基金服务办公室公示信息,政府机构,深圳市公安局,有数据更新时,5,,1,591,40,无条件开放,主动开放,,,,,2025-12-27 11:02:36.0,2026-01-27 02:28
29200/00203623,深圳市公安局办理一次性台胞证口岸服务点信息,政府机构,深圳市公安局,有数据更新时,4,,1,1858,34,无条件开放,主动开放,,,,,2025-12-27 11:22:22.0,2026-01-27 02:41
29200/00203624,深圳市公安局外国人普通签证口岸服务点,政府机构,深圳市公安局,有数据更新时,4,,1,583,42,无条件开放,主动开放,,,,,2025-12-27 11:23:41.0,2026-01-27 02:41
29200/00300237,建筑物数据,经济建设,深圳市规划和自然资源局,有数据更新时,6898,,5410,122785,508655,无条件开放,主动开放,,,,,2016-10-12 17:15:47.0,2026-02-11 13:52
29200/00300240,土地用途分区,经济建设,深圳市规划和自然资源局,有数据更新时,8,,846,14120,323,有条件开放,主动开放,,,,,2016-10-12 17:19:12.0,2023-08-02 02:42
29200/00300244,测绘资质单位名录,社会发展,深圳市规划和自然资源局,按年,385,,420,8642,98,无条件开放,主动开放,,,,,2016-10-12 17:24:35.0,2026-08-11 06:45
29200/00300249,中华人民共和国建设项目用地预审和选址意见书,经济建设,深圳市规划和自然资源局,有数据更新时,3160,,485,13708,1002,有条件开放,主动开放,,,,,2016-10-12 17:29:51.0,2024-09-20 08:15
29200/00300267,市基础测绘成果,政府机构,深圳市规划和自然资源局,有数据更新时,4,,1400,7983,168,有条件开放,主动开放,,,,,2016-10-12 17:44:44.0,2026-08-11 06:45
29200/00300270,深圳市建设工程方案设计核查意见书,经济建设,深圳市规划和自然资源局,按年,8877,,497,22435,675,无条件开放,主动开放,,,,,2016-10-12 17:48:49.0,2023-08-02 06:27
29200/00300276,采矿许可证信息,政府机构,深圳市规划和自然资源局,有数据更新时,8,,219,17172,183,无条件开放,主动开放,,,,,2016-10-12 17:55:50.0,2023-08-02 06:28
29200/00300326,深圳市建设工程规划许可证（建筑类）,政府机构,深圳市规划和自然资源局,按年,9783,,1188,20188,17779,无条件开放,主动开放,,,,,2016-10-13 17:26:32.0,2026-08-11 07:03
29200/00300824,深圳市建设工程规划验收合格证（市政类）,政府机构,深圳市规划和自然资源局,按年,23268,,246,14312,3619,无条件开放,主动开放,,,,,2017-07-18 15:52:01.0,2023-12-11 10:17
29200/00300829,深圳市公共设施名称核准意见书,经济建设,深圳市规划和自然资源局,有数据更新时,474,,127,6728,82,无条件开放,主动开放,,,,,2017-07-18 17:10:16.0,2020-12-04 07:05
29200/00300835,市规划和自然资源局-行政许可信息,政府机构,深圳市规划和自然资源局,按年,51240,,2124,23019,3051,无条件开放,主动开放,,,,,2017-07-19 10:12:49.0,2026-07-07 03:04
29200/00300836,市规划和自然资源局-行政处罚信息,政府机构,深圳市规划和自然资源局,存档,588,,303,13143,538,无条件开放,主动开放,,,,,2017-07-19 10:17:58.0,2026-03-23 08:28
29200/00300837,付清地价款证明,政府机构,深圳市规划和自然资源局,按年,61147,,457,11870,816,无条件开放,依申请开放,,,,,2017-07-19 10:32:30.0,2019-08-27 01:38
29200/00300839,深圳市临时建设工程规划许可证（市政类）,经济建设,深圳市规划和自然资源局,有数据更新时,10734,,223,12219,495,无条件开放,主动开放,,,,,2017-07-19 10:53:04.0,2025-10-22 07:02
29200/00303061,深圳市建筑物命名批复书,政府机构,深圳市规划和自然资源局,有数据更新时,5843,,380,19434,284,无条件开放,主动开放,,,,,2018-06-20 16:40:44.0,2023-08-02 06:59
29200/00303062,中华人民共和国建设用地规划许可证,政府机构,深圳市规划和自然资源局,有数据更新时,7680,,1098,11027,708,无条件开放,主动开放,,,,,2018-06-20 16:48:22.0,2023-08-02 07:22
29200/00303374,不动产权证（国有土地使用权）年度发证数量,政府机构,深圳市规划和自然资源局,按年,39,,11,6890,15,有条件开放,主动开放,,,,,2018-12-22 18:10:02.0,2026-08-11 06:44
29200/00303378,年度基本农田保护任务,政府机构,深圳市规划和自然资源局,有数据更新时,9,,93,5729,52,无条件开放,主动开放,,,,,2018-12-22 18:10:04.0,2026-08-11 06:41
29200/00303379,测绘地理信息行业成果获奖信息,信用服务,深圳市规划和自然资源局,有数据更新时,365,,46,8998,66,无条件开放,主动开放,,,,,2018-12-22 18:10:04.0,2026-08-11 06:42
29200/00303519,深圳市建设工程规划许可证（市政类）,政府机构,深圳市规划和自然资源局,有数据更新时,8689,,189,8538,481,无条件开放,主动开放,,,,,2019-08-27 14:24:40.0,2024-11-20 09:54
29200/00303521,市政工程方案设计核查意见书,政府机构,深圳市规划和自然资源局,有数据更新时,7566,,105,5087,194,无条件开放,主动开放,,,,,2019-08-27 14:26:35.0,2024-11-20 09:58
29200/00303525,设计文件修改备案证明书（建筑类）,政府机构,深圳市规划和自然资源局,有数据更新时,4848,,97,7869,131,无条件开放,主动开放,,,,,2019-10-31 17:32:44.0,2024-11-20 09:55
29200/00303526,深圳市建设工程桩基础报建证明书,政府机构,深圳市规划和自然资源局,有数据更新时,2369,,110,7436,89,无条件开放,主动开放,,,,,2019-10-31 17:33:02.0,2024-11-20 09:50
29200/00303528,渔业船舶船用产品证书,政府机构,深圳市规划和自然资源局,有数据更新时,22,,28,2886,57,无条件开放,主动开放,,,,,2019-10-31 17:33:42.0,2024-11-20 10:43
29200/00303529,渔业船舶抵押权登记证书（远洋）,政府机构,深圳市规划和自然资源局,有数据更新时,182,,25,2932,67,无条件开放,主动开放,,,,,2019-10-31 17:34:03.0,2024-11-20 10:31
29200/00303530,渔业船舶注销中止登记证明书（远洋）,政府机构,深圳市规划和自然资源局,有数据更新时,193,,29,1796,69,无条件开放,主动开放,,,,,2019-10-31 17:34:19.0,2024-11-21 01:41
29200/00303531,施工图修改备案证明书（市政类）,政府机构,深圳市规划和自然资源局,有数据更新时,1084,,30,3514,58,无条件开放,主动开放,,,,,2019-10-31 17:34:36.0,2024-11-20 10:02
29200/00303532,深圳市建筑物更名批复书,政府机构,深圳市规划和自然资源局,有数据更新时,335,,63,8141,105,无条件开放,主动开放,,,,,2019-10-31 17:35:05.0,2024-11-20 09:55
29200/00303533,深圳市专业设施名称备案凭证,政府机构,深圳市规划和自然资源局,有数据更新时,653,,32,7741,94,无条件开放,主动开放,,,,,2019-10-31 17:37:49.0,2024-11-20 09:53
29200/00303535,滨海旅游预报,文体休闲,深圳市规划和自然资源局,有数据更新时,18,,100,3181,81,无条件开放,主动开放,,,,,2020-07-10 15:30:10.0,2020-07-17 08:27
29200/00303536,港口码头预报,交通运输,深圳市规划和自然资源局,有数据更新时,3360,,321,8734,70,无条件开放,主动开放,,,,,2020-07-10 15:30:50.0,2024-09-26 02:35
29200/00303537,海滨公园预报,文体休闲,深圳市规划和自然资源局,有数据更新时,1434,,121,4438,97,无条件开放,主动开放,,,,,2020-07-10 15:31:08.0,2024-09-26 02:29
29200/00303538,航线预报,文体休闲,深圳市规划和自然资源局,有数据更新时,946,,169,8870,140,无条件开放,主动开放,,,,,2020-07-10 15:31:22.0,2024-09-26 02:24
29200/00303539,深圳市建设工程规划验收合格证（建筑）,政府机构,深圳市规划和自然资源局,有数据更新时,1771,,175,5159,181,无条件开放,主动开放,,,,,2020-07-10 15:31:36.0,2026-08-11 07:03
29200/00303541,渔业船舶所有权登记证书,政府机构,深圳市规划和自然资源局,有数据更新时,5120,,24,7189,97,无条件开放,依申请开放,,,,,2020-07-10 15:32:02.0,2020-07-17 08:27
29200/00303542,渔业船舶检验证书,政府机构,深圳市规划和自然资源局,有数据更新时,3589,,18,3116,47,无条件开放,依申请开放,,,,,2020-07-10 15:32:21.0,2020-07-17 08:48
29200/00303545,海洋潮汐表,文体休闲,深圳市规划和自然资源局,有数据更新时,18,,498,4267,884,无条件开放,主动开放,,,,,2021-12-09 15:05:34.0,2022-01-13 08:20
29200/00303546,沿海行政区预报,文体休闲,深圳市规划和自然资源局,有数据更新时,6,,16,799,60,无条件开放,主动开放,,,,,2021-12-09 15:07:39.0,2021-12-13 12:14
29200/00303547,海域预报,文体休闲,深圳市规划和自然资源局,有数据更新时,5,,61,1129,246,无条件开放,主动开放,,,,,2021-12-09 15:12:23.0,2021-12-13 12:15
29200/00303548,海水浴场预报,文体休闲,深圳市规划和自然资源局,有数据更新时,2,,28,933,108,无条件开放,主动开放,,,,,2021-12-09 15:21:14.0,2021-12-13 12:15
29200/00303550,地名审批建（构）筑物（群）名称,交通运输,深圳市规划和自然资源局,按年,2697,,131,1470,125,无条件开放,主动开放,,,,,2021-12-09 15:36:29.0,2026-08-11 06:41
29200/00303551,地名审批交通设施名称,交通运输,深圳市规划和自然资源局,按年,130,,110,1219,37,无条件开放,主动开放,,,,,2021-12-09 15:38:40.0,2026-08-11 06:43
29200/00303552,地名审批专业设施名称,交通运输,深圳市规划和自然资源局,按年,344,,68,1358,45,无条件开放,主动开放,,,,,2021-12-09 15:40:50.0,2026-08-11 06:43
29200/00303553,深圳市办公用途标定地价公示信息表（2022年1月）,政府机构,深圳市规划和自然资源局,有数据更新时,218,,63,1748,110,无条件开放,主动开放,,,,,2022-08-26 09:38:07.0,2026-08-11 06:49
29200/00303554,深圳市工业用途标定地价公示信息表（2022年1月）,政府机构,深圳市规划和自然资源局,有数据更新时,262,,110,829,116,无条件开放,主动开放,,,,,2022-11-29 09:40:25.0,2026-08-11 06:56
29200/00303555,深圳市商业用途标定地价公示信息表（2022年1月）,政府机构,深圳市规划和自然资源局,有数据更新时,456,,123,786,106,无条件开放,主动开放,,,,,2022-11-29 09:41:51.0,2026-08-11 06:51
29200/00303556,深圳市住宅用途标定地价公示信息表（2022年1月）,政府机构,深圳市规划和自然资源局,有数据更新时,475,,207,2125,134,无条件开放,主动开放,,,,,2022-11-29 09:43:11.0,2026-08-11 06:46
29200/00303557,2021 年度拟供应其他（含“工改保”）项目一览表,政府机构,深圳市规划和自然资源局,有数据更新时,14,,82,977,30,无条件开放,主动开放,,,,,2022-11-29 09:44:42.0,2026-08-11 06:54
29200/00303558,2021 年度拟供应国家和省级重点建设项目一览表,政府机构,深圳市规划和自然资源局,有数据更新时,9,,26,742,30,无条件开放,主动开放,,,,,2022-11-23 09:46:11.0,2026-08-11 06:54
29200/00303559,2021 年度拟新供应公共住房项目一览表,政府机构,深圳市规划和自然资源局,有数据更新时,18,,93,1104,31,无条件开放,主动开放,,,,,2022-11-29 09:47:41.0,2026-08-11 06:55
29200/00303560,2021 年度拟供应旧住宅区改造项目一览表,政府机构,深圳市规划和自然资源局,有数据更新时,15,,109,1703,35,无条件开放,主动开放,,,,,2022-11-29 09:48:58.0,2026-08-11 06:53
29200/00303561,市规划和自然资源局-深圳市各区第三次全国国土调查主要地类统计数据,政府机构,深圳市规划和自然资源局,有数据更新时,11,,301,3214,70,无条件开放,主动开放,,,,,2023-11-10 14:56:49.0,2026-08-11 06:59
29200/00303562,市规划和自然资源局-2020-2028年深圳市各区国土变更调查主要地类统计数据,政府机构,深圳市规划和自然资源局,按年,44,,544,3238,40,无条件开放,主动开放,,,,,2023-11-10 14:56:49.0,2026-08-11 07:00
29200/00303563,市规划和自然资源局-深圳市建设项目用地批准信息（协议出让）,政府机构,深圳市规划和自然资源局,有数据更新时,27,,89,512,186,无条件开放,主动开放,,,,,2023-11-10 14:56:50.0,2026-08-11 07:02
29200/00303564,市规划和自然资源局-深圳市建设项目用地批准信息（划拨）,政府机构,深圳市规划和自然资源局,有数据更新时,58,,87,2341,136,无条件开放,主动开放,,,,,2023-11-10 14:56:50.0,2026-08-11 07:01
29200/00303565,市规划和自然资源局-深圳市存量住宅用地,政府机构,深圳市规划和自然资源局,有数据更新时,608,,160,2362,47,无条件开放,主动开放,,,,,2023-11-10 14:56:50.0,2026-08-11 07:01
29200/00303566,市规划和自然资源局-深圳市地质灾害隐患点和风险点,政府机构,深圳市规划和自然资源局,有数据更新时,300,,149,2300,50,无条件开放,主动开放,,,,,2023-11-10 14:56:50.0,2023-11-13 02:25
29200/00303567,市规划和自然资源局-深圳市历史风貌区（第一批）保护名录,政府机构,深圳市规划和自然资源局,有数据更新时,26,,56,311,31,无条件开放,主动开放,,,,,2023-11-10 14:56:50.0,2023-11-13 02:26
29200/00303569,市规划和自然资源局-深圳市历史建筑（第二批）保护名录,政府机构,深圳市规划和自然资源局,有数据更新时,31,,98,658,246,无条件开放,主动开放,,,,,2023-11-10 14:56:50.0,2023-11-13 02:27
29200/00303571,深圳市规划和自然资源局本级财政承担的房屋征收常规项目信息,政府机构,深圳市规划和自然资源局,存档,195,,0,322,0,有条件开放,主动开放,,,,,2025-01-13 16:56:15.0,2026-02-10 06:25
29200/00303572,深圳市规划和自然资源局本级财政承担的房屋征收轨道交通信息,政府机构,深圳市规划和自然资源局,存档,46,,0,475,0,有条件开放,主动开放,,,,,2025-01-13 16:56:15.0,2026-02-10 06:25
29200/00303573,深圳市规划和自然资源局拟供应国家和省级重点建设项目信息,政府机构,深圳市规划和自然资源局,有数据更新时,16,,3,469,0,有条件开放,主动开放,,,,,2025-01-15 15:10:34.855,2025-02-06 09:05
29200/00303574,深圳市规划和自然资源局拟新供应公共住房项目信息,政府机构,深圳市规划和自然资源局,有数据更新时,21,,8,368,0,有条件开放,主动开放,,,,,2025-01-15 15:12:14.934,2025-01-15 07:12
29200/00303575,深圳市规划和自然资源局拟实施供地旧住宅区更新改造项目信息,政府机构,深圳市规划和自然资源局,有数据更新时,9,,9,273,0,有条件开放,主动开放,,,,,2025-01-15 15:14:08.439,2025-01-15 07:14
29200/00303576,深圳市规划和自然资源局地名保护名录信息,政府机构,深圳市规划和自然资源局,有数据更新时,112,,6,498,0,有条件开放,主动开放,,,,,2025-02-06 17:07:21.139,2025-02-06 09:07
29200/00303577,深圳市规划和自然资源局地籍区信息,政府机构,深圳市规划和自然资源局,有数据更新时,91,,3,516,0,有条件开放,主动开放,,,,,2025-01-15 15:15:41.526,2025-01-15 07:15
29200/00303578,深圳市规划和自然资源局地籍子区信息,政府机构,深圳市规划和自然资源局,有数据更新时,506,,17,689,0,有条件开放,主动开放,,,,,2025-02-06 17:10:23.953,2025-02-06 09:10
29200/00303579,深圳市规划和自然资源局有效期内矿山企业信息,政府机构,深圳市规划和自然资源局,有数据更新时,6,,0,435,2,有条件开放,主动开放,,,,,2025-01-15 15:17:43.876,2025-01-15 07:17
29200/00303580,深圳市规划和自然资源局地质灾害治理工程施工单位信息,政府机构,深圳市规划和自然资源局,有数据更新时,68,,0,604,0,有条件开放,主动开放,,,,,2025-01-15 15:18:57.199,2025-01-15 07:18
29200/00400301,船舶营业运输证信息,交通运输,深圳市交通运输局,存档,26326,,255,10662,1120,无条件开放,主动开放,,,,,2016-10-13 09:43:55.0,2025-12-02 03:26
29200/00400710,公交线路信息,交通运输,深圳市交通运输局,存档,2921,,1578,9558,547,无条件开放,依申请开放,,,,,2017-04-21 15:38:48.0,2025-12-23 06:39
29200/00400725,市交通运输局已生效行政处罚信息,政府机构,深圳市交通运输局,有数据更新时,6501,,63,6764,95,有条件开放,依申请开放,,,,,2017-04-24 15:23:56.0,2019-12-09 06:14
29200/00400933,危险货物运输企业基本情况表,交通运输,深圳市交通运输局,有数据更新时,74,,101,9305,65,无条件开放,依申请开放,,,,,2017-08-03 10:37:42.0,2020-12-04 07:10
29200/00400934,道路运输企业查询,交通运输,深圳市交通运输局,存档,19667,,203,16810,62254,无条件开放,主动开放,,,,,2017-08-03 10:39:45.0,2025-12-02 03:27
29200/00400935,旅游客运企业信息,交通运输,深圳市交通运输局,有数据更新时,119,,359,8933,163,无条件开放,依申请开放,,,,,2017-08-03 10:41:13.0,2020-12-04 07:10
29200/00400936,机动车综合性能检测站,交通运输,深圳市交通运输局,存档,15,,30,9139,67,无条件开放,主动开放,,,,,2017-08-03 10:44:18.0,2025-12-02 03:27
29200/00400937,出租车公司电话一览表,交通运输,深圳市交通运输局,存档,158,,76,10807,90,无条件开放,主动开放,,,,,2017-08-03 10:46:01.0,2025-11-27 09:51
29200/00400938,普通货运企业,交通运输,深圳市交通运输局,存档,21361,,125,7151,332,无条件开放,主动开放,,,,,2017-08-03 14:32:57.0,2025-11-27 09:50
29200/00400939,货运出租企业信息,交通运输,深圳市交通运输局,存档,27090,,100,9564,277,无条件开放,主动开放,,,,,2017-08-03 14:40:53.0,2025-11-27 09:55
29200/00400940,集装箱运输企业,交通运输,深圳市交通运输局,有数据更新时,1492,,126,6439,806,无条件开放,依申请开放,,,,,2017-08-03 14:43:05.0,2020-12-04 07:11
29200/00403084,车辆统计信息,交通运输,深圳市交通运输局,存档,4,,1108,10937,123,无条件开放,主动开放,,,,,2018-06-26 14:47:50.0,2025-12-02 03:28
29200/00403085,城市道路信息,交通运输,深圳市交通运输局,有数据更新时,685,,3705,53159,1810504,无条件开放,依申请开放,,,,,2018-06-26 14:53:00.0,2020-12-04 07:12
29200/00403086,城市桥梁信息,交通运输,深圳市交通运输局,有数据更新时,5070,,541,6769,246,无条件开放,依申请开放,,,,,2018-06-26 15:01:13.0,2020-12-04 07:12
29200/00403087,港口经营企业名录,交通运输,深圳市交通运输局,有数据更新时,62,,226,7564,75,无条件开放,依申请开放,,,,,2018-06-26 15:09:28.0,2020-12-04 07:12
29200/00403088,国内航运企业名录,交通运输,深圳市交通运输局,有数据更新时,56,,242,7122,133,无条件开放,依申请开放,,,,,2018-06-26 15:17:42.0,2020-12-04 07:12
29200/00403089,驾培人员基本信息,交通运输,深圳市交通运输局,有数据更新时,6600,,83,7784,321,无条件开放,依申请开放,,,,,2018-06-26 15:20:12.0,2020-12-04 07:12
29200/00403090,驾驶员培训企业,交通运输,深圳市交通运输局,有数据更新时,56,,107,7799,84,无条件开放,依申请开放,,,,,2018-06-26 15:22:50.0,2020-12-04 07:13
29200/00403091,外商投资运输业许可信息,交通运输,深圳市交通运输局,存档,18534,,59,11913,1450,无条件开放,主动开放,,,,,2018-06-26 15:27:40.0,2025-12-02 03:28
29200/00403092,运政企业许可证,交通运输,深圳市交通运输局,存档,18385,,66,11052,958,无条件开放,主动开放,,,,,2018-06-26 15:33:08.0,2025-12-02 03:29
29200/00403093,道路包车机动客运经营许可证明,交通运输,深圳市交通运输局,存档,4688,,71,9155,72,无条件开放,主动开放,,,,,2018-06-26 15:39:03.0,2025-12-02 03:46
29200/00403095,交通建设项目基本信息,交通运输,深圳市交通运输局,存档,1033,,175,8633,231,无条件开放,主动开放,,,,,2018-06-26 15:49:53.0,2025-12-02 03:39
29200/00403097,交通运输建设政策信息,交通运输,深圳市交通运输局,存档,33,,157,9666,74,无条件开放,主动开放,,,,,2018-06-26 15:57:37.0,2025-12-02 03:42
29200/00403098,全市普通机动车驾驶员培训企业名录,交通运输,深圳市交通运输局,有数据更新时,78,,156,8206,71,无条件开放,依申请开放,,,,,2018-06-26 15:59:41.0,2020-12-04 07:13
29200/00403123,长途客运场站,交通运输,深圳市交通运输局,有数据更新时,64,,207,7772,440,无条件开放,依申请开放,,,,,2018-07-03 13:08:57.0,2020-12-04 07:14
29200/00403142,道路运输经营许可证信息-二类维修企业,交通运输,深圳市交通运输局,有数据更新时,362,,143,10275,316,无条件开放,依申请开放,,,,,2018-07-06 12:31:02.0,2020-12-04 07:14
29200/00403143,道路运输经营许可证信息-三类维修企业,交通运输,深圳市交通运输局,有数据更新时,3145,,126,9458,1548,无条件开放,依申请开放,,,,,2018-07-06 12:38:26.0,2020-12-04 07:14
29200/00403144,道路运输经营许可证信息-一类维修企业,交通运输,深圳市交通运输局,有数据更新时,397,,246,14442,141,无条件开放,依申请开放,,,,,2018-07-06 12:42:34.0,2020-12-04 07:14
29200/00403585,市交通运输局-行政处罚信息,交通运输,深圳市交通运输局,有数据更新时,182955,,825,17077,78915,无条件开放,依申请开放,,,,,2018-12-27 13:25:47.0,2026-07-07 03:03
29200/00403586,市交通运输局-行政许可信息,政府机构,深圳市交通运输局,有数据更新时,2361772,,852,27611,176700,无条件开放,主动开放,,,,,2018-12-27 13:56:27.0,2024-05-06 08:26
29200/00403587,街道属性数据,交通运输,深圳市交通运输局,存档,74,,1638,10378,48157,无条件开放,依申请开放,,,,,2019-05-29 17:29:32.0,2019-06-17 09:32
29200/00403588,路段属性数据,交通运输,深圳市交通运输局,存档,4248,,2469,13684,16008,无条件开放,依申请开放,,,,,2019-05-29 17:31:34.0,2019-06-17 09:32
29200/00403589,街道实时数据,交通运输,深圳市交通运输局,存档,5546000,,7251,147075,4622137,无条件开放,主动开放,,,,,2019-05-29 17:33:55.0,2025-12-02 03:16
29200/00403590,路段速度数据,交通运输,深圳市交通运输局,存档,10174000,,4172,91361,3289964,无条件开放,主动开放,,,,,2019-05-29 17:36:06.0,2025-11-27 09:58
29200/00403593,南山区泊位占用清单,交通运输,深圳市交通运输局,存档,1048001,,751,29114,920526,无条件开放,主动开放,,,,,2019-05-29 17:49:20.0,2025-12-02 03:23
29200/00403603,巡游车企业版块行政检查汇总公示明细,交通运输,深圳市交通运输局,有数据更新时,590,,73,5866,60,无条件开放,依申请开放,,,,,2019-10-11 17:04:36.0,2019-11-22 09:37
29200/00403604,道路客运企业版块行政检查汇总公示明细,交通运输,深圳市交通运输局,有数据更新时,1859,,115,8005,60,无条件开放,依申请开放,,,,,2019-10-11 17:05:22.0,2019-11-22 09:37
29200/00403605,汽车客运站版块行政检查汇总公示明细,交通运输,深圳市交通运输局,有数据更新时,359,,143,7848,58,无条件开放,依申请开放,,,,,2019-10-11 17:07:10.0,2019-11-22 09:37
29200/00403606,公交行业版块行政检查汇总公示明细,交通运输,深圳市交通运输局,有数据更新时,950,,161,9319,60,无条件开放,依申请开放,,,,,2019-10-11 17:07:32.0,2019-11-22 09:37
29200/00403607,驾培版块行政检查汇总公示明细,交通运输,深圳市交通运输局,有数据更新时,329,,91,9632,72,无条件开放,依申请开放,,,,,2019-10-11 17:07:53.0,2019-11-22 09:37
29200/00403608,危险货运版块行政检查汇总公示明细,交通运输,深圳市交通运输局,有数据更新时,838,,147,9229,62,无条件开放,依申请开放,,,,,2019-10-11 17:08:15.0,2019-11-22 09:37
29200/00403609,拖车、普货版块行政检查汇总公示明细,交通运输,深圳市交通运输局,有数据更新时,6808,,132,6806,60,无条件开放,依申请开放,,,,,2019-10-11 17:08:41.0,2024-11-20 10:05
29200/00403610,航运港澳普货版块汇总公示明细表,交通运输,深圳市交通运输局,有数据更新时,22,,79,3401,72,无条件开放,依申请开放,,,,,2019-10-11 17:09:03.0,2024-11-20 10:22
29200/00403611,航运国内水运版块汇总公示明细表,交通运输,深圳市交通运输局,有数据更新时,314,,164,3924,60,无条件开放,依申请开放,,,,,2019-10-11 17:09:24.0,2024-11-20 10:04
29200/00403612,港口危险货物版块行政检查汇总公示明细,交通运输,深圳市交通运输局,有数据更新时,1245,,89,5149,54,无条件开放,依申请开放,,,,,2019-10-11 17:09:53.0,2024-11-20 10:21
29200/00403613,维修版块汇总公示明细表,交通运输,深圳市交通运输局,有数据更新时,2128,,127,6853,64,无条件开放,依申请开放,,,,,2019-11-26 14:38:09.0,2019-11-27 04:16
29200/00403615,机动车经营维修备案企业信息,交通运输,深圳市交通运输局,有数据更新时,4316,,116,3451,66,无条件开放,依申请开放,,,,,2020-08-12 16:28:55.0,2020-09-23 09:58
29200/00403620,网络预约出租汽车平台信息,交通运输,深圳市交通运输局,有数据更新时,18,,393,4449,72,无条件开放,依申请开放,,,,,2020-08-12 16:29:57.0,2020-09-23 10:01
29200/00403622,深圳市建筑废弃物排放核准证信息,交通运输,深圳市交通运输局,有数据更新时,16,,33,6649,62,无条件开放,依申请开放,,,,,2020-12-01 18:38:16.0,2024-11-20 10:01
29200/00403623,巡游出租汽车经营许可证信息,交通运输,深圳市交通运输局,存档,8,,66,3519,56,无条件开放,主动开放,,,,,2020-12-01 18:45:05.0,2025-11-27 09:57
29200/00403624,地铁站点信息,交通运输,深圳市交通运输局,有数据更新时,298,,1963,5410,32990,无条件开放,主动开放,,,,,2021-12-09 14:39:07.0,2025-12-31 07:45
29200/00403625,地铁站点出入口及换乘信息,交通运输,深圳市交通运输局,有数据更新时,976,,1642,2372,414,无条件开放,主动开放,,,,,2021-12-09 14:42:05.0,2021-12-13 12:10
29200/00403626,地铁运营时刻表,交通运输,深圳市交通运输局,有数据更新时,1520,,634,1702,174,无条件开放,主动开放,,,,,2021-12-09 14:44:25.0,2021-12-13 12:11
29200/00403627,共享单车企业每日订单表,交通运输,深圳市交通运输局,存档,244638540,,10941,176844,103883679,无条件开放,主动开放,,,,,2021-12-09 14:48:09.0,2024-04-15 02:21
29200/00403628,公交站点信息,交通运输,深圳市交通运输局,有数据更新时,10000,,1052,1937,1245,无条件开放,主动开放,,,,,2021-12-09 14:50:29.0,2026-07-17 02:51
29200/00403630,共享单车企业基本信息表,交通运输,深圳市交通运输局,存档,3,,1241,2467,6586,无条件开放,主动开放,,,,,2021-12-09 14:55:47.0,2025-12-02 03:16
29200/00403631,港口企业备案,交通运输,深圳市交通运输局,有数据更新时,129,,72,906,40,无条件开放,主动开放,,,,,2021-12-09 14:57:34.0,2021-12-24 07:33
29200/00403632,普通货运企业基本信息,交通运输,深圳市交通运输局,有数据更新时,19361,,257,2084,106,无条件开放,主动开放,,,,,2022-11-01 09:34:44.0,2022-12-06 06:46
29200/00403633,巡游出租车企业经营许可信息,交通运输,深圳市交通运输局,存档,64,,0,818,0,有条件开放,主动开放,,,,,2022-11-25 09:36:35.0,2025-12-02 03:24
29200/00403634,驾培机构信息,交通运输,深圳市交通运输局,存档,33384,,30,13401,18,有条件开放,主动开放,,,,,2022-11-01 09:38:06.0,2025-12-02 03:24
29200/00403635,建设工程运输企业（泥头车企业）基本信息,交通运输,深圳市交通运输局,有数据更新时,621593,,51,9675,0,有条件开放,主动开放,,,,,2022-11-01 09:40:10.0,2022-12-06 06:58
29200/00403636,地铁线路信息,交通运输,深圳市交通运输局,有数据更新时,298,,917,16653,4591,有条件开放,主动开放,,,,,2022-11-01 09:41:37.0,2022-12-06 06:57
29200/00403637,出租车企业信息,交通运输,深圳市交通运输局,有数据更新时,5281,,148,2083,56,无条件开放,主动开放,,,,,2022-11-01 09:42:59.0,2023-11-24 01:09
29200/00403638,车辆维修企业信息,交通运输,深圳市交通运输局,有数据更新时,8230011,,48,8032,0,有条件开放,主动开放,,,,,2022-11-01 09:45:59.0,2022-12-06 06:56
29200/00403639,航班动态信息,交通运输,深圳市交通运输局,有数据更新时,367170,,204,2594,399,有条件开放,主动开放,,,,,2022-11-01 09:49:46.0,2022-12-06 06:55
29200/00403641,道路运输证信息,政府机构,深圳市交通运输局,存档,70624,,25,663,0,有条件开放,主动开放,,,,,2023-11-20 15:08:13.466,2025-12-02 03:26
29200/00403642,水路运输经营许可证,政府机构,深圳市交通运输局,存档,56,,0,437,0,有条件开放,主动开放,,,,,2023-11-20 15:08:13.626,2025-12-02 03:25
29200/00403643,巡游出租车企业信息,政府机构,深圳市交通运输局,有数据更新时,110,,0,415,0,有条件开放,主动开放,,,,,2023-11-20 15:08:13.688,2023-11-29 02:27
29200/00403644,行政许可注销信息,政府机构,深圳市交通运输局,有数据更新时,20,,0,393,0,有条件开放,主动开放,,,,,2023-11-20 15:08:13.746,2025-12-23 06:39
29200/00403645,公交线路上行信息,政府机构,深圳市交通运输局,存档,15675,,293,3384,370,有条件开放,主动开放,,,,,2023-11-20 15:08:13.805,2025-12-02 03:25
29200/00403646,公交线路下行信息,政府机构,深圳市交通运输局,有数据更新时,20106,,341,5389,466,有条件开放,主动开放,,,,,2023-11-20 15:08:13.859,2023-11-29 02:26
29200/00403647,班车信息,政府机构,深圳市交通运输局,有数据更新时,12435,,8,421,0,有条件开放,主动开放,,,,,2023-11-20 15:08:13.916,2023-11-29 02:25
29200/00403648,机动车排气检测强制维护单位名单,政府机构,深圳市交通运输局,有数据更新时,149,,0,325,0,有条件开放,主动开放,,,,,2023-11-20 15:08:13.974,2023-11-29 02:25
29200/00403649,网络预约出租车企业信息,政府机构,深圳市交通运输局,存档,36,,6,605,0,有条件开放,主动开放,,,,,2023-11-20 15:08:14.0,2025-12-02 03:43
29200/00403650,深圳市出租小汽车营运牌照证书信息,政府机构,深圳市交通运输局,存档,10503,,0,540,0,有条件开放,主动开放,,,,,2023-11-20 15:08:14.0,2025-12-02 03:42
29200/00500311,体育设施对外开放学校名录,教育科技,深圳市教育局,有数据更新时,621,,1224,23290,587,无条件开放,主动开放,,,,,2016-10-13 10:08:32.0,2026-08-25 10:53
29200/00500995,市教育局-行政许可信息,教育科技,深圳市教育局,按年,38113,,738,17555,647,无条件开放,主动开放,,,,,2017-12-13 22:52:27.0,2026-08-25 10:43
29200/00500996,市教育局-行政处罚信息,教育科技,深圳市教育局,有数据更新时,4,,365,13395,300,无条件开放,依申请开放,,,,,2017-12-13 22:57:19.0,2020-08-28 08:50
29200/00500998,民办学校办学许可证,教育科技,深圳市教育局,有数据更新时,166,,911,25601,481196,无条件开放,主动开放,,,,,2017-12-13 23:08:21.0,2026-02-10 06:44
29200/00502918,教育机构信息,教育科技,深圳市教育局,有数据更新时,5765,,2146,9982,391,无条件开放,主动开放,,,,,2018-05-04 14:14:07.0,2026-02-02 10:16
29200/00502926,中考加分项目及分值信息,教育科技,深圳市教育局,按年,15,,1081,10333,195,无条件开放,主动开放,,,,,2018-05-04 14:49:28.0,2026-08-25 10:48
29200/00502932,师资统计信息,教育科技,深圳市教育局,按年,61,,1587,13563,197,无条件开放,依申请开放,,,,,2018-05-04 14:57:10.0,2020-08-28 08:53
29200/00502995,教育科研优秀成果奖评定信息,教育科技,深圳市教育局,按年,1335,,338,11132,307,无条件开放,依申请开放,,,,,2018-06-14 13:37:57.0,2020-08-28 08:53
29200/00503071,义务教育阶段招生入学信息,教育科技,深圳市教育局,按年,26,,1142,1587,50,无条件开放,依申请开放,,,,,2018-06-25 09:37:01.0,2020-08-28 08:51
29200/00503564,男生立定跳远单项评分表,教育科技,深圳市教育局,按年,20,,34,1823,50,无条件开放,主动开放,,,,,2018-12-26 23:16:45.0,2026-08-25 10:51
29200/00503567,男生50米跑单项评分表,教育科技,深圳市教育局,按年,20,,37,1914,50,无条件开放,主动开放,,,,,2018-12-26 23:32:05.0,2026-08-25 10:42
29200/00503573,男生体重指数（BMI）单项评分表,教育科技,深圳市教育局,按年,4,,64,2585,58,无条件开放,主动开放,,,,,2018-12-27 00:04:22.0,2026-08-25 10:49
29200/00503575,女生50米跑单项评分表,教育科技,深圳市教育局,按年,20,,42,1786,54,无条件开放,主动开放,,,,,2018-12-27 00:10:04.0,2026-08-25 10:43
29200/00503576,男生引体向上评分表,教育科技,深圳市教育局,按年,20,,85,2454,54,无条件开放,主动开放,,,,,2018-12-27 00:12:58.0,2026-08-25 10:42
29200/00503577,男生肺活量单项评分表,教育科技,深圳市教育局,按年,20,,53,4649,56,无条件开放,主动开放,,,,,2018-12-27 09:44:36.0,2026-08-25 10:52
29200/00503578,男生坐位体前屈单项评分表,教育科技,深圳市教育局,按年,20,,40,1795,50,无条件开放,主动开放,,,,,2018-12-27 09:46:12.0,2026-08-25 10:49
29200/00503587,男生1000米跑评分表,教育科技,深圳市教育局,按年,20,,60,1894,50,无条件开放,主动开放,,,,,2018-12-27 14:09:02.0,2026-08-25 10:44
29200/00503588,女生800米跑评分表,教育科技,深圳市教育局,按年,20,,47,2002,44,无条件开放,主动开放,,,,,2021-12-09 17:51:40.0,2026-08-25 10:44
29200/00503589,女生肺活量单项评分表,教育科技,深圳市教育局,按年,20,,25,2142,44,无条件开放,主动开放,,,,,2021-12-09 18:02:05.0,2026-08-25 10:52
29200/00503590,女生立定跳远单项评分表,教育科技,深圳市教育局,按年,20,,32,2223,44,无条件开放,主动开放,,,,,2021-12-09 18:08:38.0,2026-08-25 10:52
29200/00503591,女生体重指数（BMI）单项评分表,教育科技,深圳市教育局,按年,4,,55,2212,46,无条件开放,主动开放,,,,,2021-12-10 11:30:16.0,2026-08-25 10:46
29200/00503592,女生一分钟仰卧起坐评分表,教育科技,深圳市教育局,按年,20,,63,2305,48,无条件开放,主动开放,,,,,2021-12-10 11:34:46.0,2026-08-25 10:46
29200/00503593,女生坐位体前屈单项评分表,教育科技,深圳市教育局,按年,20,,39,2805,54,无条件开放,主动开放,,,,,2021-12-10 11:39:32.0,2026-08-25 10:45
29200/00503602,深圳市市属成人类教育培训机构信息,教育科技,深圳市教育局,按年,398,,158,1564,26,无条件开放,主动开放,,,,,2023-10-11 11:30:44.0,2023-10-11 06:12
29200/00503603,深圳市市属成人类教育培训机构名单,教育科技,深圳市教育局,按年,96,,250,1415,66,无条件开放,主动开放,,,,,2023-10-11 11:30:44.0,2026-08-25 10:51
29200/00503604,深圳市市属未成年人类教育培训机构信息,教育科技,深圳市教育局,按年,25,,174,1439,26,无条件开放,主动开放,,,,,2023-10-11 11:30:44.0,2026-08-25 10:43
29200/00503605,深圳市市属未成年人类教育培训机构名单,教育科技,深圳市教育局,按年,25,,330,1361,32,无条件开放,主动开放,,,,,2023-10-11 11:30:44.0,2026-08-25 10:41
29200/00503606,深圳市近年学校数统计表,教育科技,深圳市教育局,按年,91,,1192,2018,32,无条件开放,主动开放,,,,,2023-10-11 11:30:44.0,2026-08-25 10:50
29200/00503607,深圳市近年学生数统计表,教育科技,深圳市教育局,按年,91,,905,1352,42,无条件开放,主动开放,,,,,2023-10-11 11:30:44.0,2026-08-25 10:49
29200/00503608,深圳市高中阶段学校招生计划表,教育科技,深圳市教育局,按年,179,,413,1263,230,无条件开放,主动开放,,,,,2023-10-11 11:30:44.0,2023-10-11 06:21
29200/00503609,深圳市公办普通高中指标生招生计划表,教育科技,深圳市教育局,按年,175,,715,1432,242,无条件开放,主动开放,,,,,2023-10-11 11:30:44.0,2026-08-25 10:50
29200/00503610,深圳市中等职业学校毕业生信息表,教育科技,深圳市教育局,按年,20,,214,1929,92,无条件开放,主动开放,,,,,2023-10-11 11:30:44.0,2026-08-25 10:50
29200/00503611,深圳市学习型街道名单,政府机构,深圳市教育局,有数据更新时,63,,155,962,30,无条件开放,主动开放,,,,,2023-10-11 11:30:44.0,2026-08-25 10:53
29200/00503613,深圳市各级各类学校毕业生数量情况,政府机构,深圳市教育局,有数据更新时,19,,190,490,26,无条件开放,主动开放,,,,,2025-01-13 16:07:09.268,2025-01-13 08:07
29200/00503614,深圳市各级各类学校招生数量情况,政府机构,深圳市教育局,有数据更新时,19,,345,468,42,无条件开放,主动开放,,,,,2025-01-13 16:09:59.762,2025-01-13 08:09
29200/00503615,深圳市各级各类在校学生数量情况,政府机构,深圳市教育局,有数据更新时,57,,1060,2568,540,无条件开放,主动开放,,,,,2025-01-06 17:33:28.0,2026-01-23 03:38
29200/00503616,深圳市各级各类学校教职工数量情况,政府机构,深圳市教育局,有数据更新时,13,,141,393,26,无条件开放,主动开放,,,,,2025-01-13 16:14:16.287,2025-01-13 08:14
29200/00503617,深圳市各级各类学校专任教师数量情况,政府机构,深圳市教育局,有数据更新时,18,,256,1268,26,无条件开放,主动开放,,,,,2025-02-06 15:13:34.178,2025-02-06 07:14
29200/00503618,深圳市校外培训社会监督员名单,政府机构,深圳市教育局,有数据更新时,22,,28,628,30,无条件开放,主动开放,,,,,2025-01-13 16:15:19.609,2025-01-13 08:15
29200/00503619,深圳市成人类教育培训机构年度检查公告信息,政府机构,深圳市教育局,有数据更新时,138,,45,619,26,无条件开放,主动开放,,,,,2025-02-06 15:15:48.817,2025-02-06 07:16
29200/00503620,深圳市未成年人类教育培训机构年度检查公告信息,政府机构,深圳市教育局,有数据更新时,121,,63,1328,30,无条件开放,主动开放,,,,,2025-02-06 15:17:27.48,2025-02-06 07:18
29200/00503621,深圳市男生一分钟跳绳单项评分表,政府机构,深圳市教育局,有数据更新时,20,,49,761,30,无条件开放,主动开放,,,,,2025-02-06 15:35:48.146,2025-02-06 07:36
29200/00503622,深圳市女生一分钟跳绳单项评分表,政府机构,深圳市教育局,有数据更新时,20,,29,730,26,无条件开放,主动开放,,,,,2025-01-13 16:16:16.92,2025-01-13 08:16
29200/00503623,深圳市学校数量情况,政府机构,深圳市教育局,有数据更新时,19,,415,936,46,无条件开放,主动开放,,,,,2025-01-13 16:05:09.455,2025-01-13 08:05
29200/00503624,深圳市校车业务服务点明细信息,政府机构,深圳市教育局,有数据更新时,13,,3,1239,18,无条件开放,主动开放,,,,,2025-12-30 16:32:43.0,2026-03-17 09:43
29200/00503626,深圳市初中学业水平考试体育与健康科目项目评分标准明细,政府机构,深圳市教育局,有数据更新时,672,,49,1339,18,无条件开放,主动开放,,,,,2025-12-30 16:35:26.0,2026-03-17 10:09
29200/00503627,深圳市大学城图书馆收藏书籍目录明细,政府机构,深圳市教育局,有数据更新时,456180,,28,1244,1004,无条件开放,主动开放,,,,,2025-12-30 16:36:31.0,2026-03-17 10:10
29200/00503628,深圳市大学城图书馆收藏期刊目录明细,政府机构,深圳市教育局,有数据更新时,397,,1,77,18,无条件开放,主动开放,,,,,2025-12-30 16:37:34.0,2026-08-19 02:48
29200/00503629,深圳市学校类型应急避难场所明细V2,政府机构,深圳市教育局,有数据更新时,12,,9,396,18,无条件开放,主动开放,,,,,2026-07-16 16:16:25.574,2026-07-16 08:16
29200/00600307,深圳市企业技术中心认定,经济建设,深圳市工业和信息化局,有数据更新时,455,,802,9741,200,无条件开放,主动开放,,,,,2016-10-13 10:02:45.0,2026-08-25 10:02
29200/00603499,深圳市工业设计中心认定,经济建设,深圳市工业和信息化局,有数据更新时,31,,218,6890,99,无条件开放,主动开放,,,,,2019-10-09 15:04:44.0,2026-08-25 10:02
29200/00603501,市工业和信息化局-行政许可信息,经济建设,深圳市工业和信息化局,有数据更新时,1414,,200,6909,38,无条件开放,主动开放,,,,,2019-10-09 15:05:33.0,2023-10-10 09:40
29200/00603504,深圳市工业和信息化局市级财政专项资金清单目录,经济建设,深圳市工业和信息化局,有数据更新时,90,,1247,8161,90,无条件开放,主动开放,,,,,2019-10-09 15:06:26.0,2026-08-25 09:43
29200/00603505,国家级中小企业公共服务示范平台,经济建设,深圳市工业和信息化局,有数据更新时,28,,278,9780,41,无条件开放,主动开放,,,,,2019-10-09 15:06:58.0,2026-08-25 09:40
29200/00603506,省级中小企业公共服务示范平台,经济建设,深圳市工业和信息化局,有数据更新时,15,,263,9916,41,无条件开放,主动开放,,,,,2019-10-09 15:07:17.0,2026-08-25 09:41
29200/00603507,市级中小企业公共服务示范平台,经济建设,深圳市工业和信息化局,有数据更新时,50,,359,9377,41,无条件开放,主动开放,,,,,2019-10-09 15:08:04.0,2026-08-25 09:40
29200/00603511,深圳市工业和信息化局规范性文件目录,经济建设,深圳市工业和信息化局,按年,203,,202,3473,36,无条件开放,主动开放,,,,,2020-04-30 15:40:44.0,2026-08-25 09:36
29200/00603516,市工业和信息化局-年度资金申办事项清单,经济建设,深圳市工业和信息化局,按年,263,,142,1028,30,无条件开放,主动开放,,,,,2021-12-13 17:08:03.0,2026-08-25 09:39
29200/00603517,市工业和信息化局-年度资金公示企业清单,经济建设,深圳市工业和信息化局,按年,42715,,333,1193,202,无条件开放,主动开放,,,,,2021-12-14 11:29:36.0,2026-08-25 09:39
29200/00603521,国家级工业设计中心名单,经济建设,深圳市工业和信息化局,有数据更新时,13,,436,1504,28,无条件开放,主动开放,,,,,2022-01-13 10:57:06.0,2026-08-25 10:03
29200/00603522,制造业创新中心名单,经济建设,深圳市工业和信息化局,有数据更新时,13,,2042,3145,28,无条件开放,主动开放,,,,,2022-01-13 11:04:00.0,2026-08-25 10:01
29200/00603525,深圳市工业和信息化局-国家技术创新示范企业,经济建设,深圳市工业和信息化局,有数据更新时,21,,533,1085,33,无条件开放,主动开放,,,,,2022-08-25 15:45:07.0,2026-08-25 10:01
29200/00603526,深圳市工业和信息化局-生产性服务业公共服务平台,经济建设,深圳市工业和信息化局,存档,15,,166,6804,25,无条件开放,主动开放,,,,,2022-08-25 15:46:50.0,2025-11-25 09:22
29200/00603527,深圳市工业和信息化局-省级工业设计中心,经济建设,深圳市工业和信息化局,有数据更新时,160,,314,2508,27,无条件开放,主动开放,,,,,2022-08-25 15:48:37.0,2026-08-25 10:01
29200/00603529,深圳市工业和信息化局-国家级绿色工厂深圳市企业名单,经济建设,深圳市工业和信息化局,按年,122,,1418,3115,25,无条件开放,主动开放,,,,,2022-08-25 15:52:22.0,2022-12-06 06:26
29200/00603530,深圳市工业和信息化局-国家级绿色供应链管理企业深圳市企业名单,经济建设,深圳市工业和信息化局,按年,23,,584,2706,31,无条件开放,主动开放,,,,,2022-08-25 15:54:36.0,2022-12-06 06:33
29200/00603531,深圳市工业和信息化局-深圳市5G基站数量,经济建设,深圳市工业和信息化局,按年,21,,575,3486,22,无条件开放,主动开放,,,,,2022-08-25 15:56:56.0,2026-08-25 09:40
29200/00603532,深圳市工业和信息化局-深圳市首版次软件推广应用指导目录,经济建设,深圳市工业和信息化局,存档,34,,173,1129,42,无条件开放,主动开放,,,,,2022-11-11 17:04:58.0,2025-11-25 09:22
29200/00603533,深圳市工业和信息化局-重大工业项目名录,经济建设,深圳市工业和信息化局,有数据更新时,66,,450,850,27,无条件开放,主动开放,,,,,2023-11-17 14:21:41.0,2026-08-25 10:00
29200/00603534,深圳市工业和信息化局-工业上楼项目,经济建设,深圳市工业和信息化局,存档,10,,456,2274,26,无条件开放,主动开放,,,,,2023-11-17 14:21:42.955,2025-03-04 09:59
29200/00603536,深圳市工业和信息化局-跨行业跨领域工业互联网平台,经济建设,深圳市工业和信息化局,存档,84,,184,2359,29,无条件开放,主动开放,,,,,2023-11-17 14:21:43.0,2025-11-25 09:30
29200/00603537,深圳市工业和信息化局-国家级服务型制造示范单位,经济建设,深圳市工业和信息化局,存档,20,,156,2167,27,无条件开放,主动开放,,,,,2023-11-17 14:21:43.166,2025-11-25 09:30
29200/00603538,深圳市工业和信息化局-国家工业产品绿色设计示范企业项目,经济建设,深圳市工业和信息化局,有数据更新时,16,,91,2318,27,无条件开放,主动开放,,,,,2023-11-17 14:21:43.24,2026-08-25 10:00
29200/00603539,深圳市工业和信息化局-绿色工厂,经济建设,深圳市工业和信息化局,有数据更新时,122,,263,1798,25,无条件开放,主动开放,,,,,2023-11-17 14:21:43.307,2025-11-25 08:46
29200/00603540,深圳市工业和信息化局-绿色供应链,经济建设,深圳市工业和信息化局,有数据更新时,23,,105,525,25,无条件开放,主动开放,,,,,2023-11-17 14:21:43.369,2025-11-25 08:46
29200/00603541,深圳市工业和信息化局-固定宽带用户（万户）,经济建设,深圳市工业和信息化局,按年,5,,87,834,24,无条件开放,主动开放,,,,,2023-11-17 14:21:43.432,2026-08-25 09:36
29200/00603542,深圳市工业和信息化局-FTTH/O光纤接入用户（万户）,经济建设,深圳市工业和信息化局,按年,5,,95,927,24,无条件开放,主动开放,,,,,2023-11-17 14:21:43.498,2026-08-25 09:37
29200/00603543,深圳市智能光伏试点示范企业,政府机构,深圳市工业和信息化局,有数据更新时,9,,36,399,27,无条件开放,主动开放,,,,,2025-01-16 15:21:29.0,2026-08-25 09:59
29200/00603544,深圳市智能光伏试点示范项目,政府机构,深圳市工业和信息化局,有数据更新时,7,,38,541,26,无条件开放,主动开放,,,,,2025-01-16 15:21:29.0,2026-08-25 09:58
29200/00603546,深圳市软件名园名单,政府机构,深圳市工业和信息化局,有数据更新时,10,,80,446,777,无条件开放,主动开放,,,,,2025-01-16 15:21:30.0,2026-08-25 09:59
29200/00603547,深圳高新区下一代互联网创新型产业集群企业名单,政府机构,深圳市工业和信息化局,有数据更新时,3855,,52,579,4,有条件开放,主动开放,,,,,2025-01-16 15:21:30.0,2026-08-25 09:45
29200/00603548,深圳市技术先进型服务企业,政府机构,深圳市工业和信息化局,有数据更新时,89,,216,576,27,无条件开放,主动开放,,,,,2025-01-16 15:21:30.0,2026-08-25 09:58
29200/00603549,深圳市低空产业园区目录,政府机构,深圳市工业和信息化局,有数据更新时,12,,554,808,67,无条件开放,主动开放,,,,,2025-01-16 15:21:30.0,2026-08-25 09:47
29200/00603550,深圳市优质中小企业数字化服务商名单,政府机构,深圳市工业和信息化局,有数据更新时,50,,217,924,27,无条件开放,主动开放,,,,,2025-01-16 15:21:30.0,2026-08-25 09:42
29200/00603551,深圳市国家级和省级中小企业特色产业集群名单,政府机构,深圳市工业和信息化局,有数据更新时,16,,419,933,31,无条件开放,主动开放,,,,,2025-01-16 15:21:30.0,2026-08-25 09:47
29200/00603552,深圳市产业园区综合服务中心年度公共服务事件,政府机构,深圳市工业和信息化局,有数据更新时,28,,5,582,0,有条件开放,主动开放,,,,,2025-01-16 15:21:31.0,2026-08-25 09:45
29200/00603557,深圳市工信局国家级5G工厂名单,政府机构,深圳市工业和信息化局,有数据更新时,15,,33,1247,12,无条件开放,主动开放,,,,,2025-12-30 17:52:09.0,2026-04-20 08:33
29200/00603558,深圳市工信局智能机器人应用示范典型案例,政府机构,深圳市工业和信息化局,有数据更新时,51,,45,1173,12,无条件开放,主动开放,,,,,2025-12-30 17:53:09.0,2026-04-20 08:33
29200/00603559,深圳市工信局市级以上孵化器名单,政府机构,深圳市工业和信息化局,有数据更新时,504,,61,1196,12,无条件开放,主动开放,,,,,2025-12-30 17:54:00.0,2026-04-20 08:34
29200/00603560,深圳市工信局行政许可事项目录,政府机构,深圳市工业和信息化局,有数据更新时,30,,4,1088,12,无条件开放,主动开放,,,,,2025-12-30 17:54:40.0,2026-04-20 08:34
29200/00603561,深圳市工信局小型微型企业创业创新示范基地,政府机构,深圳市工业和信息化局,有数据更新时,55,,23,1272,12,无条件开放,主动开放,,,,,2025-12-30 17:55:30.0,2026-04-20 08:35
29200/00603562,深圳市工信局公共WIFI的热点场所信息清单开放专用,政府机构,深圳市工业和信息化局,有数据更新时,94,,15,2980,12,无条件开放,主动开放,,,,,2026-04-20 16:22:37.218,2026-04-20 08:22
29200/00700776,深圳市创新载体,企业服务,深圳市科技创新局,有数据更新时,3404,,1756,13084,9383,无条件开放,主动开放,,,,,2017-07-11 16:42:16.0,2026-08-25 09:19
29200/00700781,科技奖励,企业服务,深圳市科技创新局,有数据更新时,747,,551,11295,182,无条件开放,主动开放,,,,,2017-07-12 09:38:58.0,2026-08-25 09:33
29200/00702979,技术合同认定登记信息,企业服务,深圳市科技创新局,有数据更新时,88358,,317,10974,12534,无条件开放,主动开放,,,,,2018-06-14 09:24:00.0,2026-08-25 09:33
29200/00702982,市科技创新局-验收项目清单,企业服务,深圳市科技创新局,有数据更新时,5808,,417,10621,89,无条件开放,主动开放,,,,,2018-06-14 09:34:28.0,2024-10-14 07:38
29200/00703329,市科技创新局权力清单和责任清单,政府机构,深圳市科技创新局,有数据更新时,44,,126,3935,184,无条件开放,主动开放,,,,,2018-12-21 19:56:42.0,2026-08-25 09:34
29200/00703505,科技计划事项,企业服务,深圳市科技创新局,有数据更新时,37,,260,7708,54,无条件开放,主动开放,,,,,2019-10-31 17:30:23.0,2026-08-25 09:33
29200/00703525,市科技创新局-技术合同技术领域信息,企业服务,深圳市科技创新局,有数据更新时,48432,,78,1263,82,无条件开放,主动开放,,,,,2022-11-28 16:40:33.0,2026-08-25 09:19
29200/00703526,市科技创新局-大型科研仪器基本信息,企业服务,深圳市科技创新局,有数据更新时,15296,,101,1192,46,无条件开放,主动开放,,,,,2022-11-28 16:43:16.0,2026-08-25 09:34
29200/00703527,深圳市高等院校技术交易成交额信息,教育科技,深圳市科技创新局,有数据更新时,7,,77,2127,24,无条件开放,主动开放,,,,,2023-09-04 11:21:28.0,2026-08-25 09:35
29200/00703528,企业技术交易成交额,教育科技,深圳市科技创新局,有数据更新时,7,,52,2112,24,无条件开放,主动开放,,,,,2023-09-04 11:21:28.0,2026-08-25 09:20
29200/00800199,深圳市民政局-深圳市慈善超市信息,政府机构,深圳市民政局,按年,12,,299,9425,104,无条件开放,主动开放,,,,,2016-10-12 16:04:15.0,2026-09-01 09:58
29200/00800201,深圳市民政局-深圳市福利彩票站点信息,文体休闲,深圳市民政局,按年,2817,,150,9368,167,无条件开放,主动开放,,,,,2016-10-12 16:10:11.0,2026-09-01 10:12
29200/00800204,深圳市民政局-深圳市基金会信息,信用服务,深圳市民政局,有数据更新时,824,,447,11945,832,无条件开放,主动开放,,,,,2016-10-12 16:18:24.0,2022-05-27 03:30
29200/00800212,深圳市民政局-深圳市养老机构信息,卫生健康,深圳市民政局,按年,88,,2222,13734,259,无条件开放,主动开放,,,,,2016-10-12 16:28:46.0,2026-09-02 01:29
29200/00800214,深圳市民政局-深圳市区级捐助接收点信息,政府机构,深圳市民政局,按年,9,,157,7939,122,无条件开放,主动开放,,,,,2016-10-12 16:31:22.0,2026-09-02 04:42
29200/00800215,深圳市民政局-深圳市民办非企业单位信息,信用服务,深圳市民政局,有数据更新时,8162,,631,17724,4404,无条件开放,主动开放,,,,,2016-10-12 16:33:46.0,2025-06-05 07:18
29200/00800217,深圳市民政局-深圳市收养登记机关信息,政府机构,深圳市民政局,按年,12,,178,9031,88,无条件开放,主动开放,,,,,2016-10-12 16:37:32.0,2026-09-02 04:43
29200/00800218,深圳市民政局-深圳市双百工程街道社会工作服务站名单,劳动人事,深圳市民政局,按年,78,,395,8300,243,无条件开放,主动开放,,,,,2016-10-12 16:40:22.0,2026-09-02 03:47
29200/00800220,深圳市民政局-深圳市老年人日间照料中心信息,卫生健康,深圳市民政局,按年,373,,689,11303,132,无条件开放,主动开放,,,,,2016-10-12 16:43:38.0,2026-09-02 04:41
29200/00800221,深圳市民政局-深圳市居家养老消费券定点服务机构信息,卫生健康,深圳市民政局,按年,97,,430,10772,100,无条件开放,主动开放,,,,,2016-10-12 16:47:18.0,2026-09-02 04:40
29200/00800225,深圳市民政局-深圳市公益性墓园信息,政府机构,深圳市民政局,按年,21,,201,7102,82,无条件开放,主动开放,,,,,2016-10-12 16:52:57.0,2026-09-01 10:04
29200/00800226,深圳市民政局-深圳市婚姻登记机关信息,政府机构,深圳市民政局,按年,11,,371,9180,101,无条件开放,主动开放,,,,,2016-10-12 16:55:01.0,2026-09-01 10:08
29200/00800228,深圳市民政局-深圳市经营性墓园信息,政府机构,深圳市民政局,按年,5,,116,7274,163,无条件开放,主动开放,,,,,2016-10-12 16:57:23.0,2026-09-01 10:01
29200/00800235,深圳市民政局-深圳市社会团体信息,信用服务,深圳市民政局,有数据更新时,8164,,689,15738,4110,无条件开放,主动开放,,,,,2016-10-12 17:12:37.0,2021-06-04 06:39
29200/00800256,深圳市自然灾害室内应急避难场所,公共安全,深圳市应急管理局,有数据更新时,652,,522,11471,329,无条件开放,主动开放,,,,,2016-10-12 17:35:46.0,2024-09-25 08:16
29200/00800327,深圳市民政局-深圳市各区民政部门信息,政府机构,深圳市民政局,按年,11,,112,3693,93,无条件开放,主动开放,,,,,2016-10-18 16:14:25.0,2026-09-02 04:36
29200/00800328,深圳市民政局-深圳市民政局直属各单位信息,政府机构,深圳市民政局,按年,6,,159,10286,110,无条件开放,主动开放,,,,,2016-10-18 16:18:19.0,2026-09-02 04:32
29200/00800338,深圳市民政局-深圳市殡葬服务单位信息,社会发展,深圳市民政局,按年,4,,119,7644,88,无条件开放,主动开放,,,,,2016-11-07 14:41:00.0,2026-09-01 10:09
29200/00800341,深圳市民政局-深圳市殡仪服务收费信息,社会发展,深圳市民政局,按年,335,,138,5583,98,无条件开放,主动开放,,,,,2016-11-07 14:50:39.0,2026-09-02 03:33
29200/00800517,深圳市民政局-深圳市殡仪服务站信息,社会发展,深圳市民政局,按年,1,,161,6031,72,无条件开放,主动开放,,,,,2016-12-12 10:33:33.0,2026-09-01 10:06
29200/00800807,深圳市民政局-深圳市敬老院信息,卫生健康,深圳市民政局,有数据更新时,21,,286,1667,65,无条件开放,主动开放,,,,,2017-07-15 13:59:06.0,2021-05-17 08:47
29200/00800971,深圳市民政局-深圳市民政局社会服务统计月报,政府机构,深圳市民政局,有数据更新时,679,,329,10898,4071,无条件开放,主动开放,,,,,2017-12-13 03:45:43.0,2026-09-02 01:32
29200/00800972,深圳市民政局-深圳市民政局社会服务统计季报,政府机构,深圳市民政局,有数据更新时,1930,,513,9802,704,无条件开放,主动开放,,,,,2017-12-13 03:47:35.0,2026-09-02 01:34
29200/00803336,深圳市民政局-深圳市居民最低生活保障情况汇总表,劳动人事,深圳市民政局,按月,104,,308,13572,66,无条件开放,主动开放,,,,,2018-12-21 19:56:47.0,2026-09-01 08:15
29200/00803337,深圳市民政局-深圳市最低生活保障办事机构,政府机构,深圳市民政局,按年,75,,78,3836,50,无条件开放,主动开放,,,,,2018-12-21 19:56:47.0,2026-09-02 03:28
29200/00803340,深圳市民政局-深圳市福利彩票公益金年度资助项目信息,财税金融,深圳市民政局,按年,583,,126,9165,83,无条件开放,主动开放,,,,,2018-12-21 19:56:48.0,2026-09-01 09:37
29200/00803343,深圳市民政局-深圳市社会组织评估等级信息,信用服务,深圳市民政局,按年,1872,,120,1989,49,无条件开放,主动开放,,,,,2018-12-21 19:56:49.0,2026-09-02 01:17
29200/00803532,深圳市民政局-深圳市行政区划统计信息,政府机构,深圳市民政局,按年,11,,810,4893,355,无条件开放,主动开放,,,,,2018-12-26 17:22:44.0,2026-09-02 01:19
29200/00803533,深圳市民政局-深圳市行政区划信息,政府机构,深圳市民政局,按年,74,,1412,5451,248,无条件开放,主动开放,,,,,2018-12-26 17:22:44.0,2026-09-02 01:22
29200/00803534,深圳市民政局-深圳市社会组织异常名录,信用服务,深圳市民政局,按年,5371,,502,19598,47814,无条件开放,主动开放,,,,,2019-10-23 15:34:05.0,2026-09-01 10:37
29200/00803536,深圳市民政局-深圳市社会组织年报信息,信用服务,深圳市民政局,按年,71301,,422,8943,2052,无条件开放,主动开放,,,,,2019-10-23 15:34:47.0,2026-09-02 01:30
29200/00803537,深圳市民政局-深圳市基金会变更信息,信用服务,深圳市民政局,有数据更新时,1092,,127,14263,250,无条件开放,主动开放,,,,,2019-10-23 15:35:05.0,2026-09-02 01:26
29200/00803538,深圳市民政局-深圳市民办非企业单位变更信息,信用服务,深圳市民政局,有数据更新时,7938,,191,14899,451,无条件开放,主动开放,,,,,2019-10-23 15:35:21.0,2023-12-08 03:53
29200/00803539,深圳市民政局-深圳市社会团体变更信息,信用服务,深圳市民政局,有数据更新时,9660,,198,20226,486,无条件开放,主动开放,,,,,2019-10-23 15:35:46.0,2019-10-31 02:53
29200/00803540,深圳市民政局-深圳市社会组织严重违法失信名单,信用服务,深圳市民政局,按年,1531,,338,15850,573135,无条件开放,主动开放,,,,,2019-10-23 15:36:03.0,2026-09-01 10:27
29200/00803541,深圳市民政局-深圳市非法社会组织名单,信用服务,深圳市民政局,按年,99,,120,4188,478496,无条件开放,主动开放,,,,,2019-10-23 15:36:23.0,2026-09-02 01:12
29200/00803542,深圳市民政局-深圳市慈善组织名单,信用服务,深圳市民政局,按年,493,,219,7035,151,无条件开放,主动开放,,,,,2019-10-23 15:36:42.0,2026-09-02 03:48
29200/00803543,深圳市民政局-深圳市社会组织注销信息,信用服务,深圳市民政局,有数据更新时,2925,,98,8666,989,无条件开放,主动开放,,,,,2019-10-23 15:37:00.0,2026-09-01 10:22
29200/00803544,深圳市民政局-深圳市具备公开募捐资格社会组织名单,信用服务,深圳市民政局,按年,31,,64,4385,34,无条件开放,主动开放,,,,,2019-10-23 15:37:23.0,2026-09-02 01:01
29200/00803545,深圳市民政局-深圳市行业协会商会收费情况信息,信用服务,深圳市民政局,按年,3006,,160,3964,59,无条件开放,主动开放,,,,,2019-10-23 15:37:38.0,2026-09-02 04:38
29200/00803547,深圳市民政局-深圳市捐助中心款物接收信息,社会发展,深圳市民政局,按年,12583,,51,5076,66,无条件开放,主动开放,,,,,2019-12-16 09:48:53.0,2026-09-02 01:35
29200/00803548,深圳市民政局-深圳市捐助中心款物使用信息,社会发展,深圳市民政局,按年,10671,,58,5258,68,无条件开放,主动开放,,,,,2019-12-16 09:51:39.0,2026-09-02 01:42
29200/00803549,深圳市民政局-深圳市低保救助月报表,劳动人事,深圳市民政局,按月,1160,,174,7151,55,无条件开放,主动开放,,,,,2020-02-17 11:02:05.0,2026-09-01 08:17
29200/00803550,深圳市民政局-深圳市低保边缘救助月报表,劳动人事,深圳市民政局,按月,1040,,93,8883,49,无条件开放,主动开放,,,,,2020-02-17 11:03:33.0,2026-09-01 08:25
29200/00803551,深圳市民政局-深圳市特困供养月报表,劳动人事,深圳市民政局,按月,612,,206,8984,48,无条件开放,主动开放,,,,,2020-02-17 11:05:14.0,2026-09-01 09:04
29200/00803552,深圳市民政局-深圳市临时救助月报表,劳动人事,深圳市民政局,按月,1010,,171,8753,186,无条件开放,主动开放,,,,,2020-02-17 11:05:45.0,2026-09-01 09:16
29200/00803553,深圳市民政局-全国部分城市救助标准信息,劳动人事,深圳市民政局,按年,39,,63,3389,46,无条件开放,主动开放,,,,,2020-02-17 11:06:14.0,2026-09-02 04:45
29200/00803554,深圳市民政局-深圳市最低生活保障标准信息,劳动人事,深圳市民政局,按年,18,,104,2608,32,无条件开放,主动开放,,,,,2020-04-08 17:53:26.0,2026-09-01 10:21
29200/00803555,深圳市民政局-深圳市星级养老机构名单,劳动人事,深圳市民政局,按年,20,,340,3225,37,无条件开放,主动开放,,,,,2020-04-08 17:56:55.0,2026-09-02 01:15
29200/00803556,深圳市民政局-深圳市长者饭堂信息,劳动人事,深圳市民政局,按年,368,,156,2790,145,无条件开放,主动开放,,,,,2020-04-08 17:57:49.0,2026-09-01 10:18
29200/00803558,深圳市民政局-深圳市公办养老机构入住轮候评估男性轮候名次公示,卫生健康,深圳市民政局,有数据更新时,108491,,24,1418,24,无条件开放,主动开放,,,,,2021-12-08 18:43:25.0,2026-06-02 07:18
29200/00803559,深圳市民政局-深圳市公办养老机构入住轮候评估女性轮候名次公示,卫生健康,深圳市民政局,有数据更新时,184268,,14,1494,24,无条件开放,主动开放,,,,,2021-12-08 18:49:21.0,2026-06-02 07:17
29200/00803560,深圳市民政局-深圳市公办养老机构入住轮候评估老人入住公示,卫生健康,深圳市民政局,有数据更新时,521075,,57,1413,24,无条件开放,主动开放,,,,,2021-12-08 18:52:01.0,2026-06-02 07:16
29200/00803561,深圳市民政局-深圳市公办养老机构入住轮候评估公办养老机构信息,卫生健康,深圳市民政局,有数据更新时,502,,48,1088,30,无条件开放,主动开放,,,,,2021-12-08 18:55:45.0,2026-06-02 07:19
29200/00803562,深圳市民政局-深圳市公办养老机构入住轮候评估评估机构信息,卫生健康,深圳市民政局,有数据更新时,1047,,59,1162,24,无条件开放,主动开放,,,,,2021-12-08 18:57:54.0,2026-06-02 07:20
29200/00803563,深圳市民政局-深圳市违规福利彩票销售场所信息,信用服务,深圳市民政局,按季,497,,26,2007,22,无条件开放,主动开放,,,,,2021-12-08 19:02:37.0,2026-09-01 07:40
29200/00803564,深圳市民政局-深圳市福利彩票玩法介绍,文体休闲,深圳市民政局,按年,15,,21,1562,41,无条件开放,主动开放,,,,,2021-12-08 19:04:52.0,2026-09-02 04:44
29200/00803565,深圳市民政局-深圳市孤儿及困境儿童基本生活费补贴标准,社会发展,深圳市民政局,有数据更新时,32,,38,1354,38,无条件开放,主动开放,,,,,2021-12-08 19:07:10.0,2026-06-02 07:20
29200/00803566,深圳市民政局-深圳市民政局行政许可信息,政府机构,深圳市民政局,有数据更新时,22115,,81,5913,208,无条件开放,主动开放,,,,,2022-11-22 14:59:21.0,2026-06-02 01:45
29200/00803567,深圳市民政局-深圳市民政局行政处罚信息,政府机构,深圳市民政局,有数据更新时,315,,47,1071,54,无条件开放,主动开放,,,,,2022-11-22 15:08:41.0,2022-11-22 06:39
29200/00803568,深圳市民政局-深圳市慈善信托设立备案回执信息,财税金融,深圳市民政局,按年,80,,26,2069,34,无条件开放,主动开放,,,,,2022-11-21 15:14:05.0,2026-09-02 04:51
29200/00803569,深圳市民政局-深圳市慈善信托变更备案回执信息,财税金融,深圳市民政局,有数据更新时,27,,8,1242,34,无条件开放,主动开放,,,,,2022-11-21 15:41:27.0,2022-11-22 06:56
29200/00803570,深圳市民政局-深圳市特困基本生活供养金标准信息,政府机构,深圳市民政局,按年,9,,14,568,26,无条件开放,主动开放,,,,,2022-11-21 15:56:38.0,2026-09-01 09:38
29200/00803571,深圳市民政局-深圳市生活无着的流浪乞讨人员救助人次信息,政府机构,深圳市民政局,按季,26,,42,934,22,无条件开放,主动开放,,,,,2022-11-21 16:02:20.0,2026-09-01 08:08
29200/00803572,深圳市民政局-深圳市福利彩票销售站点数量季度统计表,文体休闲,深圳市民政局,按季,180,,67,3023,22,无条件开放,主动开放,,,,,2022-11-21 16:05:07.0,2026-09-01 08:14
29200/00803573,深圳市民政局-深圳市福利彩票销量和筹集的公益金月报表,文体休闲,深圳市民政局,按月,527,,114,2979,22,无条件开放,主动开放,,,,,2022-11-21 16:10:33.0,2026-09-01 07:38
29200/00803574,深圳市公安局-各大队事故处理中队地址,政府机构,深圳市公安局,有数据更新时,14,,45,828,36,无条件开放,主动开放,,,,,2022-11-23 16:18:34.0,2026-07-30 09:22
29200/00803575,深圳市公安局-深圳市体检机地址,政府机构,深圳市公安局,有数据更新时,46,,12,655,30,无条件开放,主动开放,,,,,2022-11-23 16:22:14.0,2026-07-30 09:10
29200/00803578,深圳市民政局-深圳市行政区划简介,社会发展,深圳市民政局,按年,12,,152,9992,36,无条件开放,主动开放,,,,,2023-08-28 15:17:50.0,2026-09-02 03:45
29200/00803579,深圳市民政局-深圳市儿童福利补助资金年度统计表,社会发展,深圳市民政局,按年,40,,6,441,22,无条件开放,主动开放,,,,,2023-08-28 15:17:50.0,2026-09-01 09:39
29200/00803580,深圳市民政局-深圳市儿童福利机构在册养育人数年度统计表,社会发展,深圳市民政局,按年,24,,20,546,22,无条件开放,主动开放,,,,,2023-08-28 15:17:50.0,2026-09-01 09:56
29200/00803581,深圳市民政局-深圳市慈善信托年度统计表,政府机构,深圳市民政局,按年,10,,5,399,22,无条件开放,主动开放,,,,,2023-08-28 15:17:50.0,2026-09-01 09:40
29200/00803582,深圳市民政局-深圳市慈善组织年度统计表,政府机构,深圳市民政局,按年,96,,12,613,34,无条件开放,主动开放,,,,,2023-08-28 15:17:50.0,2026-09-01 09:43
29200/00803584,深圳市民政局-深圳市收养登记年度统计表,社会发展,深圳市民政局,按年,8,,6,458,22,无条件开放,主动开放,,,,,2023-08-28 15:17:50.0,2026-09-01 09:42
29200/00803585,深圳市民政局-深圳市社会组织数量月度统计表,社会发展,深圳市民政局,按月,516,,57,1092,36,无条件开放,主动开放,,,,,2023-08-28 15:17:50.0,2026-09-01 07:32
29200/00803586,深圳市民政局-深圳市救助站点月报表,政府机构,深圳市民政局,按月,176,,29,1877,22,无条件开放,主动开放,,,,,2023-08-28 15:33:36.0,2026-09-01 06:47
29200/00803587,深圳市民政局-深圳市免除基本殡葬服务费年度统计表,社会发展,深圳市民政局,按年,9,,9,613,22,无条件开放,主动开放,,,,,2023-08-28 15:33:36.0,2026-09-01 09:55
29200/00803588,深圳市民政局-深圳市行政区划代码表,政府机构,深圳市民政局,有数据更新时,84,,86,754,34,无条件开放,主动开放,,,,,2024-11-06 17:03:01.078,2024-12-24 09:17
29200/00803589,深圳市民政局-深圳市未成年人救助保护机构救助及帮扶个案人次年度统计表,政府机构,深圳市民政局,按年,55,,6,265,22,无条件开放,主动开放,,,,,2025-01-13 10:09:36.204,2025-01-13 02:09
29200/00803590,深圳市民政局-深圳市各区养老服务情况季度统计表,政府机构,深圳市民政局,按季,144,,158,648,32,无条件开放,主动开放,,,,,2024-11-06 17:03:01.241,2024-12-24 09:15
29200/00803591,深圳市民政局-深圳市各区养老颐年卡发放情况年度统计表,政府机构,深圳市民政局,按年,40,,15,283,24,无条件开放,主动开放,,,,,2024-11-06 17:03:01.316,2024-12-24 09:14
29200/00803592,深圳市民政局-深圳市社会组织评估等级数量年度统计表,政府机构,深圳市民政局,按年,84,,3,315,22,无条件开放,主动开放,,,,,2024-11-06 17:03:01.383,2024-12-24 09:13
29200/00803593,深圳市民政局-深圳市社会组织信用情况月度统计表,政府机构,深圳市民政局,半年,43,,4,501,22,无条件开放,主动开放,,,,,2024-11-06 17:03:01.454,2024-12-24 09:13
29200/00803594,深圳市民政局-深圳市社会组织监管处罚情况月度统计表,政府机构,深圳市民政局,半年,125,,5,456,22,无条件开放,主动开放,,,,,2024-11-06 17:03:01.524,2024-12-24 09:12
29200/00803595,深圳市民政局-深圳市慈善捐赠年度统计表,政府机构,深圳市民政局,按年,7,,0,340,30,无条件开放,主动开放,,,,,2024-11-06 17:03:01.595,2024-12-24 09:11
29200/00803596,深圳市民政局-深圳市支出型困难家庭救助月报表,政府机构,深圳市民政局,半年,380,,15,492,22,无条件开放,主动开放,,,,,2024-11-06 17:03:01.667,2024-12-24 09:10
29200/00803597,深圳市民政局-深圳市残疾人两项补贴月报表,政府机构,深圳市民政局,半年,680,,39,565,22,无条件开放,主动开放,,,,,2024-11-06 17:03:01.74,2024-12-24 09:08
29200/00803598,深圳市民政局-深圳市残疾人两项补贴标准信息,政府机构,深圳市民政局,有数据更新时,54,,9,353,24,无条件开放,主动开放,,,,,2024-11-06 17:03:01.81,2024-12-24 08:52
29200/00803599,深圳市公开募捐组织信息,政府机构,深圳市民政局,按年,30,,8,817,22,无条件开放,主动开放,,,,,2025-12-26 20:13:40.0,2026-01-26 10:32
29200/00803600,深圳市经批准的公开募捐活动信息,政府机构,深圳市民政局,按年,289,,12,724,26,无条件开放,主动开放,,,,,2025-12-26 20:17:01.0,2026-01-27 02:12
29200/00803601,深圳市慈善组织变更捐赠方案规定的捐赠财产用途备案信息,政府机构,深圳市民政局,按年,170,,2,909,22,无条件开放,主动开放,,,,,2025-12-26 20:23:00.0,2026-01-27 02:13
29200/00803602,深圳市未成年人救助保护机构单位信息,政府机构,深圳市民政局,按年,85,,3,763,22,无条件开放,主动开放,,,,,2025-12-26 20:25:43.0,2026-01-27 02:13
29200/00803603,深圳市文化体育类社会组织信息,政府机构,深圳市民政局,有数据更新时,2156,,24,1487,22,无条件开放,主动开放,,,,,2025-12-26 20:29:50.0,2026-01-27 02:14
29200/00803604,深圳市民政局地方性红名单信息,政府机构,深圳市民政局,按年,1889,,4,798,22,无条件开放,主动开放,,,,,2025-12-26 20:35:19.0,2026-01-27 02:14
29200/00803606,深圳市民政局内设机构信息,政府机构,深圳市民政局,按年,10,,3,1394,22,无条件开放,主动开放,,,,,2025-12-26 20:46:14.0,2026-01-27 02:14
29200/00803607,深圳市福利彩票开奖号码信息,政府机构,深圳市民政局,半年,74816,,8,2756,302,无条件开放,主动开放,,,,,2025-12-26 20:52:12.0,2026-01-27 02:14
29200/00803608,深圳市福利彩票开奖明细信息,政府机构,深圳市民政局,半年,303451,,6,1574,322,无条件开放,主动开放,,,,,2025-12-26 20:54:34.0,2026-01-27 02:14
29200/00900227,气候资料_深圳国家基本气象站历史数据,生态文明,深圳市气象局（台）,有数据更新时,489456,,2351,28432,160506,无条件开放,主动开放,,,,,2016-10-12 16:55:04.0,2026-08-07 06:33
29200/00900231,预报预警数据_天气预报_上下班天气预报,生态文明,深圳市气象局（台）,按日,21329,,898,22375,13931,无条件开放,主动开放,,,,,2016-10-12 17:03:25.0,2026-07-17 03:15
29200/00900234,预报预警数据_旅游气象,生态文明,深圳市气象局（台）,有数据更新时,27340,,548,11671,73777,无条件开放,主动开放,,,,,2016-10-12 17:12:08.0,2026-08-07 06:21
29200/00900261,预报预警数据_健康气象,生态文明,深圳市气象局（台）,有数据更新时,639,,368,12669,73701,无条件开放,主动开放,,,,,2016-10-12 17:39:42.0,2026-08-07 06:43
29200/00900269,预报预警数据_天气预报_分区逐时预报,生态文明,深圳市气象局（台）,按日,3697103,,2219,91072,4798884,无条件开放,主动开放,,,,,2016-10-12 17:47:57.0,2026-07-17 03:12
29200/00900273,地面观测数据_深圳国家基本气象站观测实况,生态文明,深圳市气象局（台）,按日,647366,,10930,85434,4345977,无条件开放,主动开放,,,,,2016-10-12 17:51:13.0,2026-08-07 06:13
29200/00900278,预报预警数据_天气预报_未来10天天气预报,生态文明,深圳市气象局（台）,有数据更新时,139766,,1045,58130,5382662,无条件开放,主动开放,,,,,2016-10-12 17:57:37.0,2026-08-07 06:22
29200/00900281,预报预警数据_日（月）出日（月）落,生态文明,深圳市气象局（台）,有数据更新时,8562,,165,29074,136608,无条件开放,主动开放,,,,,2016-10-12 18:00:47.0,2026-08-07 06:44
29200/00900289,预报预警数据_海洋气象,生态文明,深圳市气象局（台）,有数据更新时,147716,,450,24339,276216,无条件开放,主动开放,,,,,2016-10-12 18:17:25.0,2026-05-27 08:48
29200/00900291,预报预警数据_环境气象预报,生态文明,深圳市气象局（台）,有数据更新时,27840,,613,36126,535383,无条件开放,主动开放,,,,,2016-10-12 18:22:56.0,2026-08-07 06:23
29200/00900329,预报预警数据_灾害性天气预警,生态文明,深圳市气象局（台）,有数据更新时,9348,,2164,182347,20754849,无条件开放,主动开放,,,,,2016-10-18 16:25:53.0,2026-08-17 09:23
29200/00900843,市气象局_行政处罚信息_双公示,政府机构,深圳市气象局（台）,有数据更新时,32,,98,8494,295,无条件开放,主动开放,,,,,2017-07-20 14:29:50.0,2026-08-25 08:25
29200/00900846,深圳市遥测站日数据表,生态文明,深圳市气象局（台）,有数据更新时,4252,,616,12033,320,无条件开放,主动开放,,,,,2017-07-21 15:18:05.0,2026-08-17 01:36
29200/00900847,气象预报_全市预报,生态文明,深圳市气象局（台）,按日,15523,,2424,29454,543939,无条件开放,主动开放,,,,,2017-07-21 15:41:59.0,2026-07-17 03:17
29200/00900849,气象预报_主要城市预报,生态文明,深圳市气象局（台）,有数据更新时,115706726,,1275,60567,644589,无条件开放,主动开放,,,,,2017-07-24 09:32:44.0,2026-05-27 08:49
29200/00900850,市气象局_防雷设计审核信息_公共信用,生态文明,深圳市气象局（台）,有数据更新时,2278,,93,6572,148,无条件开放,主动开放,,,,,2017-07-24 09:39:20.0,2026-08-07 06:44
29200/00900851,市气象局_防雷装置竣工验收_公共信用,生态文明,深圳市气象局（台）,有数据更新时,817,,93,6838,127,无条件开放,主动开放,,,,,2017-07-24 09:43:49.0,2026-08-07 06:32
29200/00900855,气候资料_节假日气候统计值,生态文明,深圳市气象局（台）,有数据更新时,4021,,175,6065,143,无条件开放,主动开放,,,,,2017-07-24 11:09:43.0,2026-08-07 06:45
29200/00900857,气候资料_二十四节气统计值,生态文明,深圳市气象局（台）,有数据更新时,65,,210,3253,119,无条件开放,主动开放,,,,,2017-07-24 11:15:45.0,2026-05-27 08:51
29200/00900858,国家基本站整点数据表,生态文明,深圳市气象局（台）,按月,395082,,753,10955,14108,无条件开放,主动开放,,,,,2017-07-24 11:29:25.0,2026-08-07 06:45
29200/00901034,热带气旋数据,生态文明,深圳市气象局（台）,有数据更新时,127923,,840,47841,305973,无条件开放,主动开放,,,,,2018-01-03 22:16:41.0,2026-08-07 06:46
29200/00902986,能见度探测数据,生态文明,深圳市气象局（台）,有数据更新时,24561817,,752,31940,114839,无条件开放,主动开放,,,,,2018-06-14 10:07:02.0,2026-08-07 06:13
29200/00903150,市气象局（台）-行政许可信息,政府机构,深圳市气象局（台）,有数据更新时,602,,19,8214,96,无条件开放,主动开放,,,,,2018-07-06 12:57:31.0,2026-08-25 08:49
29200/00903461,每日天气信息,生态文明,深圳市气象局（台）,按日,2631,,3731,11663,32378,无条件开放,主动开放,,,,,2018-12-22 20:01:36.0,2026-08-07 06:14
29200/00903509,深圳范围自动站实况格点数据表,生态文明,深圳市气象局（台）,按日,1474215231,,8204,172317,231740845,无条件开放,主动开放,,,,,2019-07-23 12:53:24.0,2026-08-04 02:45
29200/00903510,深圳范围自动站实况格点信息表,生态文明,深圳市气象局（台）,有数据更新时,4232,,1622,9918,1555479,无条件开放,主动开放,,,,,2019-07-23 12:57:52.0,2026-05-27 08:35
29200/00903511,深圳市基本站每日数据,生态文明,深圳市气象局（台）,有数据更新时,7195,,7127,16571,55437,无条件开放,主动开放,,,,,2019-07-23 12:59:24.0,2026-08-07 06:31
29200/00903513,历年台风的中英文对照表,生态文明,深圳市气象局（台）,有数据更新时,1260,,247,6576,66,无条件开放,主动开放,,,,,2019-08-30 18:55:34.0,2026-08-07 06:32
29200/00903514,历史上登陆我国的气旋,生态文明,深圳市气象局（台）,有数据更新时,845,,163,5567,49,无条件开放,主动开放,,,,,2019-08-30 18:56:10.0,2026-05-27 08:36
29200/00903516,气候资料_统计值,生态文明,深圳市气象局（台）,存档,27091,,709,4419,1173,无条件开放,主动开放,,,,,2019-10-23 15:26:19.0,2026-08-17 07:15
29200/00903517,气象预报_分区预报,生态文明,深圳市气象局（台）,按日,192704,,2294,31101,2149144,无条件开放,主动开放,,,,,2019-10-23 15:26:45.0,2026-07-17 03:16
29200/00903518,深圳市遥测站整点数据表,生态文明,深圳市气象局（台）,有数据更新时,174442,,1670,27870,276118,无条件开放,主动开放,,,,,2019-10-23 15:27:04.0,2026-08-17 01:36
29200/00903519,生活指数,生态文明,深圳市气象局（台）,有数据更新时,34330,,327,9777,149351,无条件开放,主动开放,,,,,2019-10-23 15:27:28.0,2026-05-27 08:39
29200/00903520,天象日历,生态文明,深圳市气象局（台）,有数据更新时,2402,,400,5907,197,无条件开放,主动开放,,,,,2019-10-23 15:27:45.0,2026-08-07 06:34
29200/00903523,行政检查行为信息,公共安全,深圳市气象局（台）,存档,8,,49,4360,97,无条件开放,主动开放,,,,,2019-10-23 15:28:36.0,2026-08-17 09:22
29200/00903524,气象预警_地质灾害预警,生态文明,深圳市气象局（台）,有数据更新时,1166,,601,7703,1134,无条件开放,主动开放,,,,,2019-11-11 14:26:22.0,2026-08-25 08:49
29200/00903526,深汕特别合作区气象预警信息,生态文明,深圳市气象局（台）,有数据更新时,5914,,216,5576,1877,无条件开放,主动开放,,,,,2020-05-19 17:20:59.0,2026-08-25 08:53
29200/00903527,深汕特别合作区每日天气提示,生态文明,深圳市气象局（台）,有数据更新时,307,,95,3936,72,无条件开放,主动开放,,,,,2020-05-19 17:21:25.0,2026-08-07 06:35
29200/00903528,深圳市国家基本气象站月平均气温,生态文明,深圳市气象局（台）,按月,92,,884,3095,305,无条件开放,主动开放,,,,,2020-05-19 17:21:41.0,2026-08-07 06:35
29200/00903529,深圳市国家基本气象站月累计降雨,生态文明,深圳市气象局（台）,按月,176,,1543,3089,329,无条件开放,主动开放,,,,,2020-05-19 17:22:06.0,2026-08-07 06:38
29200/00903530,深圳市国家基本气象站月最高平均气温,生态文明,深圳市气象局（台）,按月,92,,267,2576,86,无条件开放,主动开放,,,,,2020-05-19 17:24:05.0,2026-08-07 06:41
29200/00903531,深圳市国家基本气象站月高温日数,生态文明,深圳市气象局（台）,按月,92,,258,2679,204,无条件开放,主动开放,,,,,2020-05-19 17:24:22.0,2026-08-07 06:42
29200/00903532,防雷装置核准意见书,生态文明,深圳市气象局（台）,有数据更新时,1265,,16,861,54,无条件开放,主动开放,,,,,2020-05-19 17:24:41.0,2026-08-25 08:52
29200/00903533,防雷装置验收意见书,生态文明,深圳市气象局（台）,有数据更新时,1091,,19,1110,63,无条件开放,主动开放,,,,,2020-05-19 17:25:04.0,2026-08-25 08:52
29200/00903535,晨练指数预报,生态文明,深圳市气象局（台）,有数据更新时,1850,,19,1235,56,无条件开放,主动开放,,,,,2021-12-08 17:53:34.0,2026-08-07 06:15
29200/00903536,紫外线指数预报,生态文明,深圳市气象局（台）,有数据更新时,1825,,147,1723,337,无条件开放,主动开放,,,,,2021-12-08 17:56:21.0,2026-08-07 06:15
29200/00903537,舒适度指数预报,生态文明,深圳市气象局（台）,有数据更新时,3540,,53,1476,70,无条件开放,主动开放,,,,,2021-12-08 17:58:13.0,2026-08-07 06:16
29200/00903538,穿衣指数预报,生态文明,深圳市气象局（台）,有数据更新时,1842,,44,1557,64,无条件开放,主动开放,,,,,2021-12-08 18:00:25.0,2026-08-07 06:17
29200/00903539,霉变指数预报,生态文明,深圳市气象局（台）,有数据更新时,3540,,45,1183,54,无条件开放,主动开放,,,,,2021-12-08 18:02:31.0,2026-08-07 06:20
29200/00903540,旅游指数预报,生态文明,深圳市气象局（台）,有数据更新时,1847,,158,1096,32,无条件开放,主动开放,,,,,2021-12-08 18:04:18.0,2026-08-07 06:20
29200/00903541,高温热浪风险指数预报,生态文明,深圳市气象局（台）,有数据更新时,505,,54,767,34,无条件开放,主动开放,,,,,2021-12-08 18:06:32.0,2026-08-07 06:21
29200/00903542,气象科普预约信息,生态文明,深圳市气象局（台）,有数据更新时,11,,5,836,24,无条件开放,主动开放,,,,,2021-12-08 18:09:23.0,2026-08-07 06:25
29200/00903543,天文科普预约信息,生态文明,深圳市气象局（台）,有数据更新时,1155,,16,923,24,无条件开放,主动开放,,,,,2021-12-08 18:11:18.0,2026-08-07 06:25
29200/00903544,防雷检测机构基本信息,生态文明,深圳市气象局（台）,有数据更新时,25,,16,860,42,无条件开放,主动开放,,,,,2021-12-08 18:13:34.0,2026-08-07 06:26
29200/00903545,深圳未来一周天气,生态文明,深圳市气象局（台）,有数据更新时,236,,95,15150,263820,无条件开放,主动开放,,,,,2021-12-08 18:16:40.0,2026-08-07 06:26
29200/00903546,市气象局-一氧化碳指数预报,生态文明,深圳市气象局（台）,有数据更新时,460,,19,579,24,无条件开放,主动开放,,,,,2022-11-28 11:07:06.0,2026-08-07 06:30
29200/00903547,市气象局-登山指数,文体休闲,深圳市气象局（台）,有数据更新时,116119,,91,2059,606,无条件开放,主动开放,,,,,2022-11-25 11:09:40.0,2026-08-25 08:35
29200/00903548,市气象局-露营指数,生态文明,深圳市气象局（台）,有数据更新时,374156,,47,850,392,无条件开放,主动开放,,,,,2022-11-28 11:21:32.0,2026-08-25 08:37
29200/00903549,市气象局-游泳指数,生态文明,深圳市气象局（台）,有数据更新时,133673,,99,1820,782,无条件开放,主动开放,,,,,2022-11-28 11:24:12.0,2026-08-25 08:38
29200/00903550,市气象局-摄影指数,生态文明,深圳市气象局（台）,有数据更新时,144066,,56,961,176,无条件开放,主动开放,,,,,2022-11-28 11:27:09.0,2026-08-25 08:42
29200/00903551,市气象局-观星指数,生态文明,深圳市气象局（台）,有数据更新时,11077,,66,1769,58,无条件开放,主动开放,,,,,2022-08-23 11:29:39.0,2026-08-25 08:45
29200/00903552,市气象局-气象灾害防御重点单位信息,生态文明,深圳市气象局（台）,有数据更新时,300,,61,793,31,无条件开放,主动开放,,,,,2022-11-28 11:31:57.0,2026-05-27 08:33
29200/00903553,市气象局-轻微违法行为免罚清单,生态文明,深圳市气象局（台）,有数据更新时,4,,4,432,24,无条件开放,主动开放,,,,,2022-11-28 11:34:47.0,2026-08-07 06:29
29200/00903554,市气象局-涉企随机现场抽查事项清单,生态文明,深圳市气象局（台）,有数据更新时,6,,2,399,24,无条件开放,主动开放,,,,,2022-11-28 11:39:28.0,2026-08-07 06:30
29200/00903555,深圳市气象局-深圳地面标准气候值数据集-降水候值数据,生态文明,深圳市气象局（台）,有数据更新时,72,,116,500,24,无条件开放,主动开放,,,,,2023-11-20 15:17:27.466,2026-08-25 08:58
29200/00903556,深圳市气象局-深圳地面标准气候值数据集-降水日值数据,生态文明,深圳市气象局（台）,有数据更新时,365,,286,794,52,无条件开放,主动开放,,,,,2023-11-20 15:17:27.544,2026-08-25 08:59
29200/00903557,深圳市气象局-深圳地面标准气候值数据集-降水旬值数据,生态文明,深圳市气象局（台）,有数据更新时,36,,64,583,36,无条件开放,主动开放,,,,,2023-11-20 15:17:27.608,2026-05-27 08:55
29200/00903558,深圳市气象局-深圳地面标准气候值数据集-降水月值数据,生态文明,深圳市气象局（台）,有数据更新时,12,,257,592,42,无条件开放,主动开放,,,,,2023-11-20 15:17:27.667,2026-08-25 08:58
29200/00903559,深圳市气象局-深圳地面标准气候值数据集-气温候值数据,生态文明,深圳市气象局（台）,有数据更新时,72,,42,1152,24,无条件开放,主动开放,,,,,2023-11-20 15:17:27.726,2026-08-25 09:00
29200/00903560,深圳市气象局-深圳地面标准气候值数据集-气温日值数据,生态文明,深圳市气象局（台）,有数据更新时,365,,178,678,34,无条件开放,主动开放,,,,,2023-11-20 15:17:27.784,2026-08-25 08:58
29200/00903561,深圳市气象局-深圳地面标准气候值数据集-气温旬值数据,生态文明,深圳市气象局（台）,有数据更新时,36,,22,1102,24,无条件开放,主动开放,,,,,2023-11-20 15:17:27.852,2026-05-27 08:54
29200/00903562,深圳市气象局-深圳地面标准气候值数据集-气温月值数据,生态文明,深圳市气象局（台）,有数据更新时,12,,91,1199,46,无条件开放,主动开放,,,,,2023-11-20 15:17:27.911,2026-05-27 08:45
29200/00903563,深圳市气象局-深圳地面标准气候值数据集-气压月值数据,生态文明,深圳市气象局（台）,有数据更新时,12,,34,437,36,无条件开放,主动开放,,,,,2023-11-20 15:17:27.968,2026-08-25 08:59
29200/00903564,深圳市气象局-深圳地面标准气候值数据集-湿度月值数据,生态文明,深圳市气象局（台）,有数据更新时,12,,130,1421,24,无条件开放,主动开放,,,,,2023-11-20 15:17:28.0,2026-08-25 08:55
29200/00903565,深圳市气象局-深圳地面标准气候值数据集-年统计数据,生态文明,深圳市气象局（台）,有数据更新时,8,,133,584,24,无条件开放,主动开放,,,,,2023-11-20 15:17:28.0,2026-08-25 08:54
29200/00903566,深圳市气象局-深圳市气象部门执行标准清单,生态文明,深圳市气象局（台）,有数据更新时,657,,3,251,24,无条件开放,主动开放,,,,,2023-11-20 15:17:28.142,2026-08-25 08:53
29200/00903567,深圳市气象局-深圳市灰霾等级预报,生态文明,深圳市气象局（台）,有数据更新时,3144,,52,545,196,无条件开放,主动开放,,,,,2023-11-20 15:17:28.198,2026-08-07 06:24
29200/00903568,深圳市气象局-深圳市上下学天气提示,生态文明,深圳市气象局（台）,有数据更新时,10,,25,442,1133,无条件开放,主动开放,,,,,2023-11-20 15:17:28.26,2026-08-07 06:42
29200/00903569,深圳市气象灾害预警信号防御措施与含义,政府机构,深圳市气象局（台）,有数据更新时,45,,79,555,24,无条件开放,主动开放,,,,,2024-12-30 15:01:03.0,2025-01-02 08:59
29200/00903570,深圳市气象局“双随机、一公开”执法检查结果,政府机构,深圳市气象局（台）,有数据更新时,12,,7,248,24,无条件开放,主动开放,,,,,2024-12-30 15:01:04.0,2025-01-02 09:16
29200/00903571,深圳气象局信用承诺数据,政府机构,深圳市气象局（台）,有数据更新时,2866,,13,409,0,有条件开放,主动开放,,,,,2024-12-30 15:01:05.0,2026-03-16 09:10
29200/00903572,深圳市地面标准日平均日照时数气候统计数据,政府机构,深圳市气象局（台）,有数据更新时,365,,52,484,24,无条件开放,主动开放,,,,,2024-12-30 15:01:05.0,2025-01-02 09:21
29200/00903573,深圳市地面标准旬平均日照时数气候统计数据,政府机构,深圳市气象局（台）,有数据更新时,36,,24,423,24,无条件开放,主动开放,,,,,2024-12-30 15:01:05.0,2025-01-02 09:22
29200/00903574,深圳市地面标准月平均日照时数气候统计数据,政府机构,深圳市气象局（台）,有数据更新时,12,,75,416,24,无条件开放,主动开放,,,,,2024-12-30 15:01:05.0,2025-01-02 09:24
29200/00903575,深圳市地面标准日平均相对湿度气候统计数据,政府机构,深圳市气象局（台）,有数据更新时,365,,138,692,24,无条件开放,主动开放,,,,,2024-12-30 15:01:05.0,2025-01-02 09:25
29200/00903576,深圳市地面标准月平均能见度频率气候统计数据,政府机构,深圳市气象局（台）,有数据更新时,12,,7,534,24,无条件开放,主动开放,,,,,2024-12-30 15:01:05.0,2025-01-02 09:27
29200/00903577,深圳市地面标准日平均风速气候统计数据,政府机构,深圳市气象局（台）,有数据更新时,365,,129,592,26,无条件开放,主动开放,,,,,2024-12-30 15:01:05.0,2025-01-02 09:28
29200/00903578,深圳市地面标准月平均风速气候统计数据,政府机构,深圳市气象局（台）,有数据更新时,12,,91,481,24,无条件开放,主动开放,,,,,2024-12-30 15:01:05.0,2025-01-02 09:29
29200/00903579,深圳市雷电防护装置检测机构甲级资质公示,政府机构,深圳市气象局（台）,有数据更新时,24,,3,662,12,无条件开放,主动开放,,,,,2025-12-30 15:49:33.0,2026-04-13 09:47
29200/00903580,深圳市天文观测信号,政府机构,深圳市气象局（台）,有数据更新时,39,,2,729,28,无条件开放,主动开放,,,,,2025-12-30 15:50:24.0,2026-04-13 09:48
29200/00903581,深圳市天气解读,政府机构,深圳市气象局（台）,有数据更新时,2151,,73,867,42,无条件开放,主动开放,,,,,2025-12-30 15:52:01.0,2026-04-13 09:48
29200/00903582,深圳市穿衣指数等级说明,政府机构,深圳市气象局（台）,有数据更新时,8,,4,528,12,无条件开放,主动开放,,,,,2025-12-30 15:53:43.0,2026-05-07 08:12
29200/00903583,深圳地面标准气候值数据集云月值统计数据,政府机构,深圳市气象局（台）,有数据更新时,12,,1,531,12,无条件开放,主动开放,,,,,2025-12-30 15:55:08.0,2026-05-07 08:12
29200/00903584,深圳地面标准气候值数据集地温月值统计数据,政府机构,深圳市气象局（台）,有数据更新时,12,,13,743,12,无条件开放,主动开放,,,,,2025-12-30 15:56:58.0,2026-04-13 09:55
29200/00903585,深圳地面标准气候值数据集天气现象月值统计数据,政府机构,深圳市气象局（台）,有数据更新时,12,,19,806,12,无条件开放,主动开放,,,,,2025-12-30 15:58:04.0,2026-04-13 09:55
29200/00903590,深圳市地面标准气候值数据集蒸发平均月值数据,政府机构,深圳市气象局（台）,有数据更新时,12,,8,572,12,无条件开放,主动开放,,,,,2026-04-13 11:08:35.0,2026-05-07 08:13
29200/00903591,深圳市地面标准气候值数据集蒸发平均旬值数据,政府机构,深圳市气象局（台）,有数据更新时,36,,4,576,12,无条件开放,主动开放,,,,,2026-04-13 11:08:36.0,2026-05-07 08:13
29200/00903592,深圳地面标准气候值数据集水汽压月值数据,政府机构,深圳市气象局（台）,有数据更新时,12,,7,773,12,无条件开放,主动开放,,,,,2026-04-13 11:08:36.0,2026-05-07 08:13
29200/01000198,空气质量日报,生态文明,深圳市生态环境局,按周,54064,,3385,27834,64475,无条件开放,主动开放,,,,,2016-10-12 16:03:15.0,2026-09-01 11:20
29200/01000255,深圳市危险废物经营单位,生态文明,深圳市生态环境局,按年,8268,,635,11454,88,无条件开放,主动开放,,,,,2016-10-12 17:34:43.0,2026-03-27 08:56
29200/01000259,环保直属单位,生态文明,深圳市生态环境局,有数据更新时,13,,114,4821,73,无条件开放,主动开放,,,,,2016-10-12 17:38:24.0,2026-09-01 11:32
29200/01000262,环保管理机构,生态文明,深圳市生态环境局,有数据更新时,29,,258,4022,79,无条件开放,主动开放,,,,,2016-10-12 17:40:29.0,2026-09-01 11:33
29200/01000342,危险废物产生企业信息,生态文明,深圳市生态环境局,按年,33785,,479,18363,16853,无条件开放,主动开放,,,,,2016-11-07 14:58:26.0,2026-09-01 11:26
29200/01000344,PM2.5实时查询,生态文明,深圳市生态环境局,按周,1400265,,2585,71455,1564735,无条件开放,主动开放,,,,,2016-11-07 15:14:20.0,2026-09-01 11:19
29200/01000348,水环境月度情况,生态文明,深圳市生态环境局,存档,1895,,1042,9455,221,无条件开放,主动开放,,,,,2016-11-07 16:02:58.0,2025-04-03 02:53
29200/01000798,机构环保荣誉信息,生态文明,深圳市生态环境局,存档,277,,161,5914,76,无条件开放,主动开放,,,,,2017-07-14 10:26:53.0,2025-03-10 03:53
29200/01000799,建设项目环境影响报告表审批,生态文明,深圳市生态环境局,有数据更新时,304,,213,7274,1671,无条件开放,主动开放,,,,,2017-07-14 10:32:30.0,2026-09-01 11:31
29200/01000897,个人环保荣誉信息,生态文明,深圳市生态环境局,存档,315,,96,5414,65,无条件开放,主动开放,,,,,2017-07-26 16:31:48.0,2025-03-07 04:01
29200/01000982,年度声环境质量状况,生态文明,深圳市生态环境局,按年,13,,226,3149,64,无条件开放,主动开放,,,,,2017-12-13 04:20:39.0,2026-09-01 11:28
29200/01000983,销售射线装置的单位,生态文明,深圳市生态环境局,有数据更新时,996,,89,2110,74,无条件开放,主动开放,,,,,2017-12-13 04:25:26.0,2026-09-01 11:31
29200/01000984,使用射线装置的单位,生态文明,深圳市生态环境局,有数据更新时,5086,,92,1858,58,无条件开放,主动开放,,,,,2017-12-13 04:27:18.0,2026-09-01 11:33
29200/01003037,实施重点企业清洁生产信息,生态文明,深圳市生态环境局,按年,443,,181,10797,65,无条件开放,主动开放,,,,,2018-06-19 10:14:34.0,2022-12-13 08:50
29200/01003038,年度重点重金属排放企业名单,生态文明,深圳市生态环境局,按年,1128,,152,2676,53,无条件开放,主动开放,,,,,2018-06-19 10:24:34.0,2026-09-01 11:22
29200/01003039,机动车排放检验单位名单,生态文明,深圳市生态环境局,按年,1672,,159,18581,94,无条件开放,主动开放,,,,,2018-06-19 10:28:19.0,2026-09-01 11:23
29200/01003040,国家生态文明建设示范区信息,生态文明,深圳市生态环境局,有数据更新时,24,,156,3805,59,无条件开放,依申请开放,,,,,2018-06-19 10:40:35.0,2023-12-15 09:52
29200/01003122,《突发环境事件应急预案》备案企业名录,生态文明,深圳市生态环境局,按年,8089,,184,8615,72,无条件开放,主动开放,,,,,2018-07-03 10:06:11.0,2022-12-13 08:50
29200/01003345,生产射线装置单位,生态文明,深圳市生态环境局,有数据更新时,365,,59,1220,55,无条件开放,主动开放,,,,,2018-12-21 19:56:50.0,2026-09-01 11:32
29200/01003497,危险废物名录,生态文明,深圳市生态环境局,有数据更新时,470,,80,4028,58,无条件开放,主动开放,,,,,2018-12-22 18:26:43.0,2026-09-01 11:31
29200/01003551,市生态环境局-行政处罚信息,生态文明,深圳市生态环境局,有数据更新时,14178,,650,17910,54158,无条件开放,主动开放,,,,,2018-12-26 17:57:15.0,2026-03-30 08:44
29200/01003555,环境信用评价信息,生态文明,深圳市生态环境局,存档,60481,,163,6258,206,无条件开放,主动开放,,,,,2019-08-14 16:48:36.0,2025-07-02 09:08
29200/01003558,市生态环境专项资金资助项目公示信息,生态文明,深圳市生态环境局,按年,640,,72,4641,42,无条件开放,主动开放,,,,,2019-11-05 15:54:53.0,2026-09-01 11:29
29200/01003559,环境科研课题立项计划公示信息,生态文明,深圳市生态环境局,按年,186,,70,3977,40,无条件开放,主动开放,,,,,2019-11-05 15:55:12.0,2026-09-01 11:22
29200/01003561,深圳市土壤污染重点监管单位名录,生态文明,深圳市生态环境局,按年,1476,,91,4369,40,无条件开放,主动开放,,,,,2019-11-05 15:55:50.0,2026-09-01 11:28
29200/01003562,深圳市土壤污染状况调查报告评审通过情况,生态文明,深圳市生态环境局,按年,593,,121,1829,58,无条件开放,主动开放,,,,,2019-11-05 15:56:06.0,2022-12-13 08:50
29200/01003568,空气环境质量状况季报,生态文明,深圳市生态环境局,按季,34,,288,3116,258,无条件开放,主动开放,,,,,2020-05-21 16:40:21.0,2026-02-27 08:54
29200/01003569,水环境质量状况季报,生态文明,深圳市生态环境局,按季,34,,305,3738,93,无条件开放,主动开放,,,,,2020-05-21 16:41:40.0,2026-02-27 08:46
29200/01003571,年度空气环境质量状况,生态文明,深圳市生态环境局,按年,13,,246,3127,166,无条件开放,主动开放,,,,,2020-05-21 16:42:43.0,2026-09-01 11:27
29200/01003572,年度水环境质量状况,生态文明,深圳市生态环境局,按年,13,,253,2860,106,无条件开放,主动开放,,,,,2020-05-21 16:43:01.0,2026-09-01 11:27
29200/01003573,年度固体废物处置情况,生态文明,深圳市生态环境局,按年,13,,199,2189,52,无条件开放,主动开放,,,,,2020-05-21 16:43:43.0,2026-09-01 11:20
29200/01003575,市生态环境局-行政许可信息,信用服务,深圳市生态环境局,有数据更新时,98381,,104,20798,1118,无条件开放,主动开放,,,,,2021-02-19 17:48:28.0,2025-12-23 06:39
29200/01003578,清洁生产审核优秀企业名单,生态文明,深圳市生态环境局,按年,316,,30,699,28,无条件开放,主动开放,,,,,2021-12-13 17:31:40.0,2026-09-01 11:28
29200/01003579,强制性清洁生产审核验收结果,生态文明,深圳市生态环境局,按年,367,,11,822,28,无条件开放,主动开放,,,,,2021-12-13 17:33:21.0,2026-09-01 11:29
29200/01003580,强制性实施清洁生产审核企业名单,生态文明,深圳市生态环境局,按年,366,,24,924,28,无条件开放,主动开放,,,,,2021-12-13 17:35:29.0,2026-09-01 11:29
29200/01003584,市属国企资产和净资产情况,经济建设,深圳市人民政府国有资产监督管理委员会,按年,10,,42,894,18,无条件开放,主动开放,,,,,2021-12-13 18:03:50.0,2026-02-12 13:45
29200/01003585,深圳市生态环境局-危险废物产生情况,生态文明,深圳市生态环境局,按年,99,,83,660,20,无条件开放,主动开放,,,,,2022-08-17 10:30:53.0,2026-09-01 11:27
29200/01003588,深圳市生态环境局-一般工业固体废物产生量信息,生态文明,深圳市生态环境局,按年,25,,110,1006,20,无条件开放,主动开放,,,,,2022-08-17 10:38:00.0,2026-09-01 11:23
29200/01003594,信用承诺信息,信用服务,深圳市生态环境局,有数据更新时,1282,,29,921,100,无条件开放,主动开放,,,,,2022-11-25 14:48:49.0,2024-04-11 09:01
29200/01003595,深圳市生态环境局-行政检查信息,生态文明,深圳市生态环境局,有数据更新时,20354,,36,483,58,无条件开放,主动开放,,,,,2023-11-08 15:01:49.0,2026-09-01 11:32
29200/01003596,深圳市生态环境局-行政许可注销信息,生态文明,深圳市生态环境局,存档,1137,,6,267,24,无条件开放,主动开放,,,,,2023-11-08 15:01:49.0,2025-03-10 03:53
29200/01003597,深圳市生态环境局-从事土壤污染风险管控和修复相关活动的单位和个人的执业情况信息,生态文明,深圳市生态环境局,按年,113,,10,469,34,无条件开放,主动开放,,,,,2023-11-08 15:01:49.0,2026-09-01 11:23
29200/01003598,深圳市生态环境局-欠缴行政事业性收费、罚没收入、政府性基金等政府非税收入信息,生态文明,深圳市生态环境局,存档,5027,,23,1086,124,无条件开放,主动开放,,,,,2023-11-08 15:01:49.0,2025-07-02 09:09
29200/01003599,深圳市生态环境局-财政决算信息,政府机构,深圳市生态环境局,按年,60,,5,337,34,无条件开放,主动开放,,,,,2023-11-08 15:01:49.0,2026-09-01 11:21
29200/01003600,深圳市生态环境局-财政预算信息,政府机构,深圳市生态环境局,按年,39,,10,374,22,无条件开放,主动开放,,,,,2023-11-08 15:01:49.0,2026-09-01 11:21
29200/01003603,深圳市生态环境局-水环境质量排名季报,生态文明,深圳市生态环境局,按季,72,,58,1245,28,无条件开放,主动开放,,,,,2023-11-08 15:01:49.0,2026-02-27 08:56
29200/01003605,深圳市生态环境局荣誉表彰信息,企业服务,深圳市生态环境局,有数据更新时,136,,2,865,24,无条件开放,主动开放,,,,,2024-12-03 17:41:48.103,2026-09-01 11:30
29200/01003606,深圳市生态环境局企业资质证书,企业服务,深圳市生态环境局,有数据更新时,111,,8,951,24,无条件开放,主动开放,,,,,2024-12-04 14:31:23.416,2026-09-01 11:30
29200/01003607,深圳市生态环境局行政处罚撤销信息,政府机构,深圳市生态环境局,存档,12,,6,272,24,无条件开放,主动开放,,,,,2024-12-04 14:51:20.502,2025-03-10 03:53
29200/01003608,深圳市和区域空气质量数据,政府机构,深圳市生态环境局,有数据更新时,50594,,492,5612,271906,无条件开放,主动开放,,,,,2025-01-06 16:36:18.0,2026-04-20 02:48
29200/01003609,空气质量一街一站站点信息,政府机构,深圳市生态环境局,有数据更新时,80,,131,330,27,无条件开放,主动开放,,,,,2025-01-10 18:23:01.414,2025-01-10 10:23
29200/01003610,年度公报水环境质量河流信息,政府机构,深圳市生态环境局,有数据更新时,21,,50,313,24,无条件开放,主动开放,,,,,2025-01-10 18:28:01.064,2025-01-10 10:28
29200/01003611,固体废物转移许可/危险废物转移许可,政府机构,深圳市生态环境局,有数据更新时,94,,32,302,24,无条件开放,主动开放,,,,,2025-01-10 18:41:14.344,2025-01-10 10:41
29200/01003612,危险废物经营许可证核发（新申请）,政府机构,深圳市生态环境局,有数据更新时,16,,12,284,24,无条件开放,主动开放,,,,,2025-01-10 18:42:06.726,2025-01-10 10:42
29200/01003613,危险废物经营许可证核发（延续）,政府机构,深圳市生态环境局,有数据更新时,21,,11,412,24,无条件开放,主动开放,,,,,2025-01-10 18:46:45.997,2025-01-10 10:46
29200/01003614,排污许可证信息,政府机构,深圳市生态环境局,有数据更新时,14436,,8,386,58,无条件开放,主动开放,,,,,2025-01-10 18:50:49.263,2025-01-10 10:50
29200/01003615,建设项目环境影响报告书审批,政府机构,深圳市生态环境局,有数据更新时,50,,24,1214,24,无条件开放,主动开放,,,,,2025-01-10 18:53:12.135,2025-01-10 10:53
29200/01003616,危险废物许可证持证单位情况,政府机构,深圳市生态环境局,有数据更新时,43,,14,661,24,无条件开放,主动开放,,,,,2025-01-10 18:54:54.759,2025-01-10 10:54
29200/01003617,危险废物处置设施情况,政府机构,深圳市生态环境局,有数据更新时,20,,13,617,24,无条件开放,主动开放,,,,,2025-01-10 18:56:49.439,2025-01-10 10:56
29200/01003618,深圳市城市空气质量优良率,政府机构,深圳市生态环境局,按年,6,,10,772,22,无条件开放,主动开放,,,,,2025-12-28 12:53:07.0,2026-01-28 03:45
29200/01003619,深圳市好于Ⅴ类水体比例,政府机构,深圳市生态环境局,按年,6,,0,706,22,无条件开放,主动开放,,,,,2025-12-28 12:58:29.0,2026-01-28 03:45
29200/01003620,深圳市海洋工程建设项目海洋环境报告书审批,政府机构,深圳市生态环境局,按年,5,,5,933,22,无条件开放,主动开放,,,,,2025-12-28 13:06:32.0,2026-03-10 01:28
29200/01003621,深圳市社会环境检测机构,政府机构,深圳市生态环境局,按年,145,,12,661,22,无条件开放,主动开放,,,,,2025-12-28 13:11:15.0,2026-01-28 03:45
29200/01003622,深圳市排污单位环境信用评价结果,政府机构,深圳市生态环境局,按年,8378,,2,711,22,无条件开放,主动开放,,,,,2025-12-28 13:14:34.0,2026-01-28 03:46
29200/01003623,深圳市生态环境局深圳市法人和非法人组织诚实守信相关荣誉信息,政府机构,深圳市生态环境局,按年,17,,0,710,22,无条件开放,主动开放,,,,,2025-12-28 13:17:02.0,2026-01-28 03:46
29200/01003625,深圳市陆域生态调查植物名录,政府机构,深圳市生态环境局,按年,10,,6,781,22,无条件开放,主动开放,,,,,2025-12-28 13:22:14.0,2026-01-28 03:46
29200/01100272,民办职业培训机构信息,劳动人事,深圳市人力资源和社会保障局,有数据更新时,561,,726,15375,146,无条件开放,主动开放,,,,,2016-10-12 17:50:34.0,2021-01-21 09:12
29200/01100320,民办技工学校信息,劳动人事,深圳市人力资源和社会保障局,有数据更新时,310,,691,14796,110,无条件开放,主动开放,,,,,2016-10-13 10:18:17.0,2022-11-30 06:57
29200/01100323,免费招聘专场安排信息,劳动人事,深圳市人力资源和社会保障局,有数据更新时,235,,274,6571,90,无条件开放,主动开放,,,,,2016-10-13 10:22:01.0,2024-11-29 06:44
29200/01100516,人力资源服务机构信息,劳动人事,深圳市人力资源和社会保障局,有数据更新时,12958,,1148,11723,4608,无条件开放,主动开放,,,,,2016-12-12 10:17:05.0,2021-05-08 04:07
29200/01100789,各级社保经办机构相关信息,劳动人事,深圳市人力资源和社会保障局,有数据更新时,192,,357,9621,221,无条件开放,主动开放,,,,,2017-07-12 15:02:37.0,2021-05-08 04:07
29200/01100790,公共就业服务机构信息,劳动人事,深圳市人力资源和社会保障局,有数据更新时,172,,531,10627,352,无条件开放,主动开放,,,,,2017-07-12 15:04:27.0,2021-05-08 04:07
29200/01100974,工伤保险辅助器具配置机构,劳动人事,深圳市人力资源和社会保障局,有数据更新时,14,,129,10019,63,无条件开放,主动开放,,,,,2017-12-13 03:54:43.0,2021-05-08 04:00
29200/01100975,深圳市工伤康复机构,劳动人事,深圳市人力资源和社会保障局,有数据更新时,54,,148,7070,69,无条件开放,主动开放,,,,,2017-12-13 03:56:26.0,2022-11-22 09:01
29200/01100976,深圳市工伤医疗机构,劳动人事,深圳市人力资源和社会保障局,有数据更新时,351,,259,8665,59,无条件开放,主动开放,,,,,2017-12-13 04:03:45.0,2022-11-22 09:01
29200/01100977,招聘岗位信息,劳动人事,深圳市人力资源和社会保障局,有数据更新时,171505,,1334,13168,411126,无条件开放,主动开放,,,,,2017-12-13 04:05:52.0,2022-11-22 09:01
29200/01100978,高级专业技术资格评审委员会一览表,劳动人事,深圳市人力资源和社会保障局,有数据更新时,181,,361,8650,70,无条件开放,主动开放,,,,,2017-12-13 04:08:21.0,2022-11-22 09:01
29200/01100979,中级专业技术资格评审委员会一览表,劳动人事,深圳市人力资源和社会保障局,有数据更新时,318,,384,10198,75,无条件开放,主动开放,,,,,2017-12-13 04:11:23.0,2022-11-22 09:01
29200/01100980,人社业务信访咨询与举报投诉机构,劳动人事,深圳市人力资源和社会保障局,有数据更新时,54,,188,5033,75,无条件开放,主动开放,,,,,2017-12-13 04:14:35.0,2022-11-22 09:00
29200/01102987,人力资源社会保障相关统计数据（半年报）,劳动人事,深圳市人力资源和社会保障局,有数据更新时,42,,2272,8662,84,无条件开放,主动开放,,,,,2018-06-14 10:37:56.0,2024-11-29 06:45
29200/01102989,工伤认定业务受理点,政府机构,深圳市人力资源和社会保障局,有数据更新时,136,,102,7475,58,无条件开放,主动开放,,,,,2018-06-14 10:48:12.0,2019-07-10 10:09
29200/01102990,职业技能鉴定机构情况一览表,劳动人事,深圳市人力资源和社会保障局,有数据更新时,588,,473,9273,59,无条件开放,主动开放,,,,,2018-06-14 11:00:16.0,2021-05-08 04:06
29200/01103502,城镇新增就业人数,劳动人事,深圳市人力资源和社会保障局,有数据更新时,23,,1092,7249,50,无条件开放,主动开放,,,,,2018-12-22 21:57:22.0,2024-11-29 08:48
29200/01103503,青年见习基地,劳动人事,深圳市人力资源和社会保障局,有数据更新时,894,,208,8728,65,无条件开放,主动开放,,,,,2018-12-22 22:02:33.0,2021-05-08 04:06
29200/01103505,新引进人才租房和生活补贴受理机构,政府机构,深圳市人力资源和社会保障局,有数据更新时,37,,422,7493,54,无条件开放,主动开放,,,,,2019-11-05 16:22:13.0,2019-11-08 06:55
29200/01103506,市级创业孵化基地名单,政府机构,深圳市人力资源和社会保障局,有数据更新时,486,,471,6377,146,无条件开放,主动开放,,,,,2019-11-05 16:22:32.0,2019-11-08 06:55
29200/01103508,留学人员创业（产业）园,企业服务,深圳市人力资源和社会保障局,有数据更新时,166,,236,5855,173,无条件开放,主动开放,,,,,2019-11-05 16:23:26.0,2019-11-08 06:55
29200/01103509,流动人员人事档案保管机构,企业服务,深圳市人力资源和社会保障局,有数据更新时,66,,147,5835,40,无条件开放,主动开放,,,,,2019-11-05 16:23:41.0,2019-11-08 06:55
29200/01103510,目前开展博士后工作的创新实践基地目录,企业服务,深圳市人力资源和社会保障局,有数据更新时,763,,158,4512,46,无条件开放,主动开放,,,,,2019-11-05 16:23:57.0,2019-11-08 06:55
29200/01103511,深圳市基本养老金领取资格协助认证网点,政府机构,深圳市人力资源和社会保障局,有数据更新时,2983,,66,3276,41,无条件开放,主动开放,,,,,2019-11-05 16:24:16.0,2019-11-08 06:55
29200/01103512,建设工程项目工伤保险信息,政府机构,深圳市人力资源和社会保障局,按年,11375716,,167,7448,11401,无条件开放,主动开放,,,,,2021-10-22 11:41:04.0,2025-12-23 06:39
29200/01103513,深圳市社会养老保险参保信息披露通告（年报）,政府机构,深圳市人力资源和社会保障局,有数据更新时,19,,631,4132,146,无条件开放,主动开放,,,,,2019-11-05 16:24:52.0,2019-11-08 06:55
29200/01103514,深圳市社会工伤保险参保信息披露通告（年报）,政府机构,深圳市人力资源和社会保障局,有数据更新时,19,,142,3818,46,无条件开放,主动开放,,,,,2019-11-05 16:25:09.0,2019-11-08 06:55
29200/01103515,深圳市社会失业保险参保信息披露通告（年报）,政府机构,深圳市人力资源和社会保障局,有数据更新时,11,,293,3599,46,无条件开放,主动开放,,,,,2019-11-05 16:25:29.0,2019-11-08 07:06
29200/01103516,人力资源服务机构年报名单,劳动人事,深圳市人力资源和社会保障局,有数据更新时,8176,,464,3497,39,无条件开放,主动开放,,,,,2020-05-18 16:51:24.0,2020-05-20 06:51
29200/01103517,已进驻社保业务的政务大厅名单,劳动人事,深圳市人力资源和社会保障局,有数据更新时,221,,89,2762,38,无条件开放,主动开放,,,,,2020-05-18 16:51:40.0,2020-05-20 06:51
29200/01103519,职业教育校外公共实训基地,劳动人事,深圳市人力资源和社会保障局,有数据更新时,16,,140,2524,33,无条件开放,主动开放,,,,,2020-05-18 16:52:18.0,2020-05-20 06:51
29200/01103521,深圳市各劳动人事争议仲裁委员会地址及联系方式,劳动人事,深圳市人力资源和社会保障局,有数据更新时,22,,216,2857,32,无条件开放,主动开放,,,,,2020-05-18 16:52:51.0,2024-11-20 10:23
29200/01103522,深圳市各法律援助机构地址及联系方法,劳动人事,深圳市人力资源和社会保障局,有数据更新时,86,,141,2737,32,无条件开放,主动开放,,,,,2020-05-18 16:53:12.0,2020-05-20 06:51
29200/01103523,深圳市市属事业单位公开招聘工作人员岗位信息,劳动人事,深圳市人力资源和社会保障局,有数据更新时,1982,,206,2429,56,无条件开放,主动开放,,,,,2020-05-18 16:53:30.0,2024-11-20 10:23
29200/01103524,社区银行自助服务终端一体化银行清单,政府机构,深圳市人力资源和社会保障局,有数据更新时,6,,81,1343,106,无条件开放,主动开放,,,,,2021-12-08 17:33:40.0,2024-11-29 08:48
29200/01103525,银行自助终端可办社保业务事项,政府机构,深圳市人力资源和社会保障局,有数据更新时,93,,45,1481,30,无条件开放,主动开放,,,,,2021-12-08 17:36:03.0,2024-11-29 08:48
29200/01103526,职业技能等级认定社会培训评价组织名单,劳动人事,深圳市人力资源和社会保障局,有数据更新时,623,,111,1315,42,无条件开放,主动开放,,,,,2021-12-08 17:38:32.0,2024-11-29 06:43
29200/01103527,职业技能等级认定企业名单,劳动人事,深圳市人力资源和社会保障局,有数据更新时,988,,149,1268,30,无条件开放,主动开放,,,,,2021-12-08 17:41:17.0,2024-11-29 06:43
29200/01103528,伯乐奖名单,教育科技,深圳市人力资源和社会保障局,有数据更新时,442,,72,1367,24,无条件开放,主动开放,,,,,2021-12-08 17:44:44.0,2024-11-29 06:44
29200/01103529,市本级新引进人才租房和生活补贴拟发放名单,政府机构,深圳市人力资源和社会保障局,有数据更新时,48505,,158,1714,90,无条件开放,主动开放,,,,,2021-12-08 17:46:48.0,2021-12-27 11:09
29200/01103530,深圳市拟引进市外人员体检医院名单,卫生健康,深圳市人力资源和社会保障局,有数据更新时,104,,83,1508,24,无条件开放,主动开放,,,,,2022-06-02 10:36:26.0,2024-11-29 06:46
29200/01103531,罗湖区-区、街道劳动争议调解组织名单及联系方式,劳动人事,罗湖区人民政府,按年,17,,96,2207,28,无条件开放,主动开放,,,,,2022-06-02 11:34:14.0,2022-06-02 03:44
29200/01103532,市人力资源保障局-专业技术人员资格考试目录,劳动人事,深圳市人力资源和社会保障局,有数据更新时,515,,65,1968,24,无条件开放,主动开放,,,,,2022-11-25 14:26:37.0,2022-11-25 02:58
29200/01103533,市人力资源保障局-企业年金基金管理合同备案情况,劳动人事,深圳市人力资源和社会保障局,有数据更新时,48,,18,1409,24,无条件开放,主动开放,,,,,2022-11-25 14:29:11.0,2022-11-25 02:58
29200/01103534,市人力资源保障局-安装AED设备的社保大厅,政府机构,深圳市人力资源和社会保障局,有数据更新时,29,,32,1028,24,无条件开放,主动开放,,,,,2022-11-25 14:31:48.0,2024-11-29 06:43
29200/01103535,市人力资源保障局-企业年金方案备案情况,劳动人事,深圳市人力资源和社会保障局,有数据更新时,25,,74,1998,24,无条件开放,主动开放,,,,,2022-11-30 14:36:06.0,2022-11-30 07:07
29200/01103536,市人力资源保障局-民办职业培训机构年度评估,劳动人事,深圳市人力资源和社会保障局,有数据更新时,1789,,75,2099,24,无条件开放,主动开放,,,,,2022-11-25 14:39:24.0,2022-11-25 02:59
29200/01103537,市人力资源保障局-留学回国人员引进情况,劳动人事,深圳市人力资源和社会保障局,有数据更新时,30,,288,904,24,无条件开放,主动开放,,,,,2022-11-23 14:42:02.0,2024-11-29 06:43
29200/01103538,市人力资源保障局-专项职业能力考核目录,劳动人事,深圳市人力资源和社会保障局,有数据更新时,116,,55,806,24,无条件开放,主动开放,,,,,2022-11-23 14:44:15.0,2024-11-29 06:45
29200/01103539,市人力资源保障局-劳动能力鉴定定点医院信息,劳动人事,深圳市人力资源和社会保障局,有数据更新时,42,,39,909,26,无条件开放,主动开放,,,,,2022-11-25 14:46:44.0,2022-11-25 02:59
29200/01103540,拖欠农民工工资失信联合惩戒对象名单,劳动人事,深圳市人力资源和社会保障局,有数据更新时,31,,166,3067,76,无条件开放,主动开放,,,,,2023-09-05 11:19:33.0,2024-04-11 08:59
29200/01103541,深圳人社服务网点信息,政府机构,深圳市人力资源和社会保障局,有数据更新时,1406,,27,1243,38,无条件开放,主动开放,,,,,2023-09-05 11:19:33.0,2024-11-29 08:50
29200/01103542,深圳人社服务网点办理事项信息,政府机构,深圳市人力资源和社会保障局,有数据更新时,86657,,36,1275,130,无条件开放,主动开放,,,,,2023-09-05 11:19:33.0,2024-11-29 08:47
29200/01103543,人事考试收费标准,劳动人事,深圳市人力资源和社会保障局,有数据更新时,293,,17,1805,36,无条件开放,主动开放,,,,,2023-09-05 11:19:33.0,2023-09-05 08:55
29200/01103544,行政处罚信息,政府机构,深圳市人力资源和社会保障局,有数据更新时,100,,104,2823,806,无条件开放,主动开放,,,,,2023-09-05 11:19:33.0,2023-09-05 08:55
29200/01103545,社保自助终端可办业务事项,劳动人事,深圳市人力资源和社会保障局,有数据更新时,86,,10,612,24,无条件开放,主动开放,,,,,2023-09-05 11:19:34.0,2023-09-05 08:56
29200/01103546,深圳市创办企业培训定点机构名单,劳动人事,深圳市人力资源和社会保障局,有数据更新时,24,,20,653,24,无条件开放,主动开放,,,,,2023-09-05 11:19:34.0,2024-11-29 08:49
29200/01103547,深圳市市级就业帮扶基地名单,劳动人事,深圳市人力资源和社会保障局,有数据更新时,10,,10,735,24,无条件开放,主动开放,,,,,2023-09-05 11:19:34.0,2024-11-29 08:49
29200/01103548,鹏城工匠评选情况,政府机构,深圳市人力资源和社会保障局,有数据更新时,7,,49,1061,24,无条件开放,主动开放,,,,,2023-09-05 11:19:34.0,2024-11-29 08:50
29200/01103549,深圳市失业保险技能提升补贴公示,劳动人事,深圳市人力资源和社会保障局,有数据更新时,2437,,31,1265,46,无条件开放,主动开放,,,,,2023-09-05 11:19:34.0,2023-09-05 08:57
29200/01103550,深圳市职业技能培训补贴政策,社会发展,深圳市人力资源和社会保障局,有数据更新时,11,,7,302,24,无条件开放,主动开放,,,,,2024-11-19 15:59:00.364,2024-12-26 08:08
29200/01103551,深圳市劳动争议调解组织信息,社会发展,深圳市人力资源和社会保障局,有数据更新时,87,,9,206,24,无条件开放,主动开放,,,,,2024-11-19 15:59:00.645,2024-12-26 08:26
29200/01103552,深圳市技工院校开设专业信息,教育科技,深圳市人力资源和社会保障局,有数据更新时,283,,12,808,24,无条件开放,主动开放,,,,,2024-11-19 15:59:00.741,2024-12-26 08:27
29200/01103553,深圳市技能菁英遴选情况,社会发展,深圳市人力资源和社会保障局,有数据更新时,9,,7,606,24,无条件开放,主动开放,,,,,2024-11-19 15:59:00.844,2024-12-26 08:29
29200/01103554,深圳市居住证学历认定情况,教育科技,深圳市人力资源和社会保障局,有数据更新时,12,,10,894,24,无条件开放,主动开放,,,,,2024-11-19 15:59:00.928,2024-12-26 08:30
29200/01103555,深圳市人力资源服务机构许可及备案业务咨询电话,企业服务,深圳市人力资源和社会保障局,有数据更新时,11,,4,990,24,无条件开放,主动开放,,,,,2024-11-19 15:59:01.017,2024-12-26 08:32
29200/01103556,深圳市市本级流动人员人事档案保管数量,企业服务,深圳市人力资源和社会保障局,有数据更新时,5,,6,997,24,无条件开放,主动开放,,,,,2024-11-19 15:59:01.107,2024-12-26 08:34
29200/01103557,深圳年度评比达标表彰项目,企业服务,深圳市人力资源和社会保障局,有数据更新时,22,,4,1003,24,无条件开放,主动开放,,,,,2024-11-19 15:59:01.187,2024-12-26 08:35
29200/01103558,深圳市专业技术人员资格考试报名人数,教育科技,深圳市人力资源和社会保障局,有数据更新时,94,,15,774,24,无条件开放,主动开放,,,,,2024-11-19 15:59:01.263,2024-12-27 02:47
29200/01103559,深圳市各区人力资源局劳动监察投诉举报电话,劳动人事,深圳市人力资源和社会保障局,有数据更新时,11,,8,915,24,无条件开放,主动开放,,,,,2024-11-19 15:59:01.342,2024-12-26 08:40
29200/01103560,深圳市人力资源和社会保障局现场鉴定时间信息,政府机构,深圳市人力资源和社会保障局,有数据更新时,7,,0,546,12,无条件开放,主动开放,,,,,2026-04-14 14:53:22.16,2026-04-14 06:53
29200/01103561,深圳市人力资源和社会保障局技工院校年度办学水平评估结果公示,政府机构,深圳市人力资源和社会保障局,有数据更新时,11,,1,803,12,无条件开放,主动开放,,,,,2026-04-14 14:53:37.521,2026-04-14 06:53
29200/01103562,深圳市人力资源和社会保障局政务服务事项清单,政府机构,深圳市人力资源和社会保障局,有数据更新时,188,,3,662,12,无条件开放,主动开放,,,,,2026-04-14 14:53:47.594,2026-04-14 06:53
29200/01103563,深圳市劳务派遣经营许可及劳务派遣单位分公司备案业务咨询电话,政府机构,深圳市人力资源和社会保障局,有数据更新时,11,,2,839,12,无条件开放,主动开放,,,,,2026-04-14 14:53:56.328,2026-04-14 06:53
29200/01103564,深圳市人力资源和社会保障局境外职业资格便利执业认可清单信息,政府机构,深圳市人力资源和社会保障局,有数据更新时,39,,0,916,12,无条件开放,主动开放,,,,,2026-04-14 14:54:05.621,2026-04-14 06:54
29200/01103565,深圳市人力资源和社会保障局各区劳动关系投诉举报地址,政府机构,深圳市人力资源和社会保障局,有数据更新时,11,,0,1393,12,无条件开放,主动开放,,,,,2026-04-14 14:54:15.664,2026-04-14 06:54
29200/01103566,深圳市人力资源和社会保障局社银合作网点名单,政府机构,深圳市人力资源和社会保障局,有数据更新时,82,,7,1225,12,无条件开放,主动开放,,,,,2026-04-14 14:54:25.108,2026-04-14 06:54
29200/01103567,深圳市人力资源和社会保障局创办企业培训学员班信息,政府机构,深圳市人力资源和社会保障局,有数据更新时,11,,8,1272,12,无条件开放,主动开放,,,,,2026-04-14 14:54:34.178,2026-04-14 06:54
29200/01103568,深圳市人力资源和社会保障局终身职业技能培训载体资助政策,政府机构,深圳市人力资源和社会保障局,有数据更新时,2,,7,1193,12,无条件开放,主动开放,,,,,2026-04-14 14:54:44.018,2026-04-14 06:54
29200/01300275,统一社会信用代码信息,企业服务,深圳市市场监督管理局,按年,7872622,,904,101589,5022074,无条件开放,主动开放,,,,,2016-10-12 17:53:59.0,2021-03-29 06:06
29200/01300280,市市场监督管理局-行政处罚信息,信用服务,深圳市市场监督管理局,按年,23852,,1369,41415,225563,无条件开放,主动开放,,,,,2016-10-12 18:00:08.0,2024-04-12 07:06
29200/01300349,食品生产许可证,经济建设,深圳市市场监督管理局,半年,2674,,465,14549,3246,无条件开放,主动开放,,,,,2016-11-07 16:07:54.0,2020-12-04 07:08
29200/01300350,气瓶移动式压力容器充装单位许可,经济建设,深圳市市场监督管理局,按年,2515,,92,10348,585,无条件开放,主动开放,,,,,2016-11-07 19:04:48.0,2020-11-10 07:31
29200/01300351,特种设备使用登记证,经济建设,深圳市市场监督管理局,按年,412779,,437,20720,361959,无条件开放,主动开放,,,,,2016-11-07 19:11:28.0,2020-12-04 07:08
29200/01300809,主管部门基本信息,经济建设,深圳市市场监督管理局,按年,117,,164,9493,63,无条件开放,主动开放,,,,,2017-07-15 14:03:28.0,2021-05-07 09:29
29200/01300810,麻醉药品、第一类精神药品运输证明,经济建设,深圳市市场监督管理局,存档,91,,81,7848,70,无条件开放,主动开放,,,,,2017-07-15 14:06:07.0,2026-02-11 02:47
29200/01300811,药品销售证明书,经济建设,深圳市市场监督管理局,按年,1415,,134,9183,84,无条件开放,主动开放,,,,,2017-07-15 14:08:26.0,2020-12-04 07:08
29200/01300813,药品经营许可证,经济建设,深圳市市场监督管理局,按年,107597,,557,11411,446712,无条件开放,主动开放,,,,,2017-07-15 14:13:30.0,2020-12-04 07:08
29200/01300814,企业股东（投资者）信息,企业服务,深圳市市场监督管理局,按年,7715669,,323,144660,2377047,有条件开放,依申请开放,,,,,2017-07-15 14:14:40.0,2024-11-21 01:58
29200/01300815,经营异常名录,经济建设,深圳市市场监督管理局,按年,10783523,,3740,169086,3432763,无条件开放,主动开放,,,,,2017-07-15 14:16:13.0,2026-01-08 07:40
29200/01300816,医疗器械产品出口销售证明,经济建设,深圳市市场监督管理局,按年,14594,,638,11570,349,无条件开放,主动开放,,,,,2017-07-15 14:19:05.0,2020-11-12 06:47
29200/01300817,医疗器械第三方物流企业信息,政府机构,深圳市市场监督管理局,存档,26,,438,6850,59,无条件开放,主动开放,,,,,2017-07-15 14:20:35.0,2026-02-11 02:49
29200/01300930,年报年度信息,经济建设,深圳市市场监督管理局,按年,3771938,,500,16468,490459,无条件开放,依申请开放,,,,,2017-08-03 10:23:31.0,2020-11-12 06:47
29200/01300931,商事主体基本信息,企业服务,深圳市市场监督管理局,按年,8684848,,6725,378788,14201920,有条件开放,主动开放,,,,,2017-08-03 10:27:15.0,2026-02-05 07:08
29200/01300945,股权出质登记信息,经济建设,深圳市市场监督管理局,有数据更新时,13977,,379,12020,4321,无条件开放,依申请开放,,,,,2017-08-09 15:18:00.0,2024-08-23 07:40
29200/01300964,市场主体发展统计数据,经济建设,深圳市市场监督管理局,按年,21,,1130,6349,73,无条件开放,主动开放,,,,,2017-12-12 23:38:37.0,2020-09-27 04:04
29200/01300965,全市维权服务站分布数据,经济建设,深圳市市场监督管理局,存档,6595,,96,5353,61,无条件开放,主动开放,,,,,2017-12-12 23:42:12.0,2026-02-11 02:45
29200/01303128,药品生产企业信息,企业服务,深圳市市场监督管理局,存档,66,,592,8447,84,无条件开放,主动开放,,,,,2018-07-05 13:36:55.0,2026-02-11 02:40
29200/01303129,流通领域商品监测信息,经济建设,深圳市市场监督管理局,存档,215,,211,2791,88,无条件开放,主动开放,,,,,2018-07-05 13:40:16.0,2026-02-11 02:48
29200/01303130,检验检测机构信息,企业服务,深圳市市场监督管理局,存档,49,,712,3326,65,无条件开放,主动开放,,,,,2018-07-05 14:03:43.0,2026-02-11 02:45
29200/01303133,电梯、大型游乐设备特种设备信息,经济建设,深圳市市场监督管理局,存档,412401,,477,10986,3249,无条件开放,主动开放,,,,,2018-07-05 14:23:08.0,2026-02-11 02:43
29200/01303134,特种设备施工告知信息,经济建设,深圳市市场监督管理局,按年,76143,,117,9747,1535,无条件开放,主动开放,,,,,2018-07-05 14:28:14.0,2020-12-04 07:09
29200/01303135,食品添加剂生产企业信息,经济建设,深圳市市场监督管理局,按年,217,,183,8824,71,无条件开放,主动开放,,,,,2018-07-05 14:35:52.0,2021-05-08 03:57
29200/01303136,抽检抽查信息,经济建设,深圳市市场监督管理局,存档,71812,,499,19947,243569,无条件开放,主动开放,,,,,2018-08-17 14:57:45.0,2026-02-11 02:27
29200/01303137,食品经营许可证,经济建设,深圳市市场监督管理局,存档,2228174,,1022,27906,804339,无条件开放,主动开放,,,,,2018-08-17 15:24:21.0,2026-02-11 02:24
29200/01303139,市场监督管理局机构职能,政府机构,深圳市市场监督管理局,按年,12,,156,2355,66,无条件开放,主动开放,,,,,2018-07-05 15:46:25.0,2025-12-18 06:50
29200/01303140,市市场监督管理局-荣誉信息,企业服务,深圳市市场监督管理局,按年,142,,132,7447,61,无条件开放,主动开放,,,,,2018-07-06 12:16:01.0,2021-04-26 05:59
29200/01303141,进口药品备案,社会发展,深圳市市场监督管理局,按年,2820,,147,6754,93,无条件开放,依申请开放,,,,,2018-07-06 12:21:26.0,2021-04-20 12:43
29200/01303381,维保单位信息,经济建设,深圳市市场监督管理局,有数据更新时,1308,,191,6154,83,无条件开放,依申请开放,,,,,2018-12-22 18:10:07.0,2021-05-07 09:26
29200/01303382,使用单位信息,经济建设,深圳市市场监督管理局,有数据更新时,118358,,160,6018,901,无条件开放,主动开放,,,,,2018-12-22 18:10:08.0,2026-07-07 03:02
29200/01303383,使用单位设备数量,经济建设,深圳市市场监督管理局,存档,25836,,163,6849,319,无条件开放,主动开放,,,,,2018-12-22 18:10:08.0,2026-02-11 02:50
29200/01303384,商事主体公司年报基本信息,经济建设,深圳市市场监督管理局,按年,11298306,,44,23044,516678,有条件开放,依申请开放,,,,,2018-12-22 18:10:08.0,2024-04-11 09:25
29200/01303385,商事主体个体年报基本信息,企业服务,深圳市市场监督管理局,按年,718994,,154,8883,40228,无条件开放,依申请开放,,,,,2018-12-22 18:10:11.0,2021-05-08 03:58
29200/01303386,检验统计信息,社会发展,深圳市市场监督管理局,存档,18,,228,4273,46,无条件开放,主动开放,,,,,2018-12-22 18:10:16.0,2026-02-11 02:41
29200/01303467,食品抽检不合格信息,企业服务,深圳市市场监督管理局,存档,8495,,152,4341,517824,无条件开放,主动开放,,,,,2018-12-22 20:01:39.0,2026-05-18 08:40
29200/01303468,市市场监督管理局-行政许可信息,经济建设,深圳市市场监督管理局,按日,14718876,,735,82422,2727382,无条件开放,主动开放,,,,,2018-12-22 20:01:40.0,2020-12-03 09:02
29200/01303534,食品安全监督抽检合格信息,企业服务,深圳市市场监督管理局,按年,547271,,428,7236,3661,无条件开放,主动开放,,,,,2018-12-26 17:22:45.0,2024-04-11 09:19
29200/01303561,各部门财政预算信息,政府机构,深圳市市场监督管理局,按年,14,,155,1333,50,无条件开放,主动开放,,,,,2018-12-26 17:48:39.0,2021-05-08 03:58
29200/01303563,知识产权促进,企业服务,深圳市市场监督管理局,按年,24,,328,2738,66,无条件开放,依申请开放,,,,,2019-11-14 14:07:41.0,2019-11-20 02:29
29200/01303564,商事主体迁出信息,企业服务,深圳市市场监督管理局,按周,27155,,495,20326,558552,无条件开放,依申请开放,,,,,2019-11-14 14:08:06.0,2019-11-19 01:48
29200/01303565,商事主体迁入信息,企业服务,深圳市市场监督管理局,按周,543056,,624,45736,1436430,无条件开放,依申请开放,,,,,2019-11-14 14:08:25.0,2019-11-19 01:48
29200/01303568,特定产品（婴幼儿配方奶粉、保健食品、特殊医学用途配方食品）,企业服务,深圳市市场监督管理局,存档,13,,129,9198,89,无条件开放,主动开放,,,,,2019-11-14 14:09:47.0,2026-02-11 02:51
29200/01303570,个体工商户基本信息,企业服务,深圳市市场监督管理局,有数据更新时,3728552,,1714,189593,6356551,无条件开放,主动开放,,,,,2019-11-14 14:10:27.0,2026-01-06 03:35
29200/01303571,第一类医疗器械产品信息,企业服务,深圳市市场监督管理局,存档,3985,,571,6225,51,无条件开放,主动开放,,,,,2019-11-14 14:10:48.0,2026-02-11 02:30
29200/01303572,环境监测设备数据,三农服务,深圳市市场监督管理局,存档,3737327,,337,20075,32741,无条件开放,主动开放,,,,,2020-04-16 17:52:01.0,2025-11-06 03:09
29200/01303573,工商严重违法,社会发展,深圳市市场监督管理局,有数据更新时,203700,,130,9182,54564,无条件开放,依申请开放,,,,,2020-06-08 15:24:03.0,2020-08-04 10:06
29200/01303574,药品批发（总部）企业信息,社会发展,深圳市市场监督管理局,有数据更新时,233,,131,3177,38,无条件开放,主动开放,,,,,2020-06-08 15:24:19.0,2020-08-12 10:18
29200/01303575,药品零售企业信息,社会发展,深圳市市场监督管理局,半年,8020,,221,2770,57,无条件开放,主动开放,,,,,2020-06-08 15:24:46.0,2020-08-12 03:00
29200/01303576,企业所属监管区域信息,社会发展,深圳市市场监督管理局,半年,5192397,,138,5317,158638,无条件开放,主动开放,,,,,2020-06-08 15:24:59.0,2020-08-12 03:00
29200/01303577,个体户所属监管区域信息,社会发展,深圳市市场监督管理局,半年,1526126,,58,3697,3673,无条件开放,主动开放,,,,,2020-06-08 15:25:12.0,2020-08-12 03:00
29200/01303578,企业注销信息,社会发展,深圳市市场监督管理局,半年,1372022,,164,12664,323274,无条件开放,依申请开放,,,,,2020-06-08 15:25:25.0,2020-08-12 03:00
29200/01303579,企业吊销信息,社会发展,深圳市市场监督管理局,半年,998734,,17,8895,326924,有条件开放,依申请开放,,,,,2020-06-08 15:25:38.0,2020-08-12 03:00
29200/01303580,分支机构信息,社会发展,深圳市市场监督管理局,半年,4988,,83,3085,206,无条件开放,主动开放,,,,,2020-06-08 15:25:52.0,2020-08-12 03:00
29200/01303582,锁定限制信息,经济建设,深圳市市场监督管理局,有数据更新时,387798,,4,12830,562749,有条件开放,依申请开放,,,,,2021-05-12 11:53:44.0,2024-11-20 09:18
29200/01303583,企业开办信息,"企业服务,经济建设",深圳市市场监督管理局,存档,1030,,252,4393,117,无条件开放,主动开放,,,,,2021-05-12 11:54:13.0,2025-11-06 03:09
29200/01303584,商事主体房屋编码信息,企业服务,深圳市市场监督管理局,有数据更新时,4431243,,301,11125,463339,无条件开放,主动开放,,,,,2021-12-08 10:24:18.0,2021-12-12 08:10
29200/01303587,隶属企业信息,企业服务,深圳市市场监督管理局,按月,280445,,281,6068,4145,无条件开放,主动开放,,,,,2021-12-08 10:39:40.0,2023-10-10 09:30
29200/01303591,市市场监管局-保健食品生产企业登记信息,政府机构,深圳市市场监督管理局,有数据更新时,12,,43,5232,42,无条件开放,主动开放,,,,,2022-08-26 11:02:59.0,2022-12-04 08:45
29200/01303592,市市场监管局-行政强制行为信息,政府机构,深圳市市场监督管理局,有数据更新时,14720,,28,2275,2511,无条件开放,主动开放,,,,,2022-11-24 11:07:55.0,2026-07-07 03:05
29200/01303593,市市场监管局-大型游乐设施信息,政府机构,深圳市市场监督管理局,有数据更新时,882,,19,962,38,无条件开放,主动开放,,,,,2022-08-26 11:10:23.0,2022-12-12 03:44
29200/01303594,市市场监管局-电梯信息,政府机构,深圳市市场监督管理局,有数据更新时,296511,,177,2097,7271,无条件开放,主动开放,,,,,2022-08-26 11:11:54.0,2024-05-08 07:29
29200/01303595,市市场监管局-锅炉信息,政府机构,深圳市市场监督管理局,有数据更新时,8557,,46,1341,62,无条件开放,主动开放,,,,,2022-08-26 11:13:26.0,2022-12-04 09:12
29200/01303596,市市场监管局-压力容器信息,政府机构,深圳市市场监督管理局,有数据更新时,117899,,18,2080,674,无条件开放,主动开放,,,,,2022-08-26 11:14:39.0,2024-04-11 09:23
29200/01303597,市市场监管局-压力管道信息,政府机构,深圳市市场监督管理局,有数据更新时,20119,,27,1529,52,无条件开放,主动开放,,,,,2022-08-26 11:15:51.0,2022-12-04 09:20
29200/01303599,市市场监管局-商事主体投资人国别地区代码,政府机构,深圳市市场监督管理局,有数据更新时,246,,10,583,24,无条件开放,主动开放,,,,,2023-09-04 16:42:06.0,2023-09-07 08:38
29200/01303600,市市场监管局-商事主体投资人类别代码,政府机构,深圳市市场监督管理局,有数据更新时,39,,14,271,24,无条件开放,主动开放,,,,,2023-09-04 16:42:06.0,2023-09-07 08:38
29200/01303601,市市场监管局-商事主体状态代码,政府机构,深圳市市场监督管理局,有数据更新时,19,,33,547,30,无条件开放,主动开放,,,,,2023-09-04 16:42:06.0,2023-09-07 08:39
29200/01303602,市市场监管局-商事主体行业门类,政府机构,深圳市市场监督管理局,有数据更新时,20,,36,423,24,无条件开放,主动开放,,,,,2023-09-04 16:42:06.0,2023-09-07 08:40
29200/01303603,市市场监管局-商事主体行业代码,政府机构,深圳市市场监督管理局,有数据更新时,1951,,43,474,30,无条件开放,主动开放,,,,,2023-09-04 16:42:06.0,2023-09-07 08:41
29200/01303604,市市场监管局-商事主体经营范围代码,政府机构,深圳市市场监督管理局,有数据更新时,65,,34,732,40,无条件开放,主动开放,,,,,2023-09-04 16:42:06.0,2023-09-07 08:41
29200/01303605,市市场监管局-商事登记人员证件类型代码,企业服务,深圳市市场监督管理局,有数据更新时,24,,7,418,24,无条件开放,主动开放,,,,,2023-09-04 16:42:06.0,2024-11-20 11:10
29200/01303606,市市场监管局-商事主体币种代码,政府机构,深圳市市场监督管理局,有数据更新时,17,,18,2374,24,无条件开放,主动开放,,,,,2023-09-04 16:42:07.0,2023-09-07 08:37
29200/01303607,市市场监管局-商事主体高管人员产生方式代码,政府机构,深圳市市场监督管理局,有数据更新时,9,,7,299,24,无条件开放,主动开放,,,,,2023-09-04 16:42:07.0,2023-09-07 08:37
29200/01303608,市市场监管局-商事主体高管职务代码,政府机构,深圳市市场监督管理局,有数据更新时,30,,11,404,24,无条件开放,主动开放,,,,,2023-09-04 16:42:07.0,2023-09-07 08:37
29200/01303609,深圳市市场监管局-商事主体类型代码,政府机构,深圳市市场监督管理局,有数据更新时,382,,20,544,40,无条件开放,主动开放,,,,,2025-01-10 18:49:10.152,2025-01-10 10:49
29200/01303610,深圳市市场监管局-商事主体变更事项代码,政府机构,深圳市市场监督管理局,有数据更新时,19,,3,430,24,无条件开放,主动开放,,,,,2025-01-10 18:51:46.293,2025-01-10 10:51
29200/01303611,深圳市市场监管局-商事主体注销原因代码,政府机构,深圳市市场监督管理局,有数据更新时,46,,14,298,24,无条件开放,主动开放,,,,,2025-01-10 18:54:32.104,2025-01-10 10:54
29200/01303612,深圳市市场监管局-商事主体出资方式代码,政府机构,深圳市市场监督管理局,有数据更新时,15,,5,251,24,无条件开放,主动开放,,,,,2025-01-10 18:55:52.59,2025-01-10 10:55
29200/01303613,深圳市市场监管局-食品生产许可信息,政府机构,深圳市市场监督管理局,按年,1828,,2,393,0,有条件开放,主动开放,,,,,2025-01-10 18:57:23.143,2025-01-10 10:57
29200/01303614,深圳市市场监管局-食品经营许可信息,政府机构,深圳市市场监督管理局,有数据更新时,1057619,,34,2354,230044,有条件开放,主动开放,,,,,2025-01-06 16:36:24.0,2026-06-04 01:49
29200/01303615,深圳市市场监管局-仅销售预包装食品备案信息,政府机构,深圳市市场监督管理局,有数据更新时,235476,,4,1733,98,有条件开放,主动开放,,,,,2025-01-06 16:36:24.0,2026-06-04 01:33
29200/01303616,深圳市市场监管局-食品生产小作坊信息,政府机构,深圳市市场监督管理局,按年,266,,0,326,0,有条件开放,主动开放,,,,,2025-01-10 19:01:50.367,2025-01-10 11:01
29200/01303617,深圳市市场监管局-麻醉药品、精神药品邮寄证明,政府机构,深圳市市场监督管理局,按年,117,,0,711,0,有条件开放,主动开放,,,,,2025-01-10 19:03:00.897,2025-01-10 11:03
29200/01303618,深圳市市场监管局-药品经营许可信息,政府机构,深圳市市场监督管理局,按年,23253,,8,1602,0,有条件开放,主动开放,,,,,2025-01-10 19:03:58.577,2025-01-10 11:03
29200/01303619,深圳市饲料生产许可证,政府机构,深圳市市场监督管理局,有数据更新时,13,,0,1161,0,有条件开放,主动开放,,,,,2025-12-30 15:17:11.0,2026-04-14 03:39
29200/01303620,深圳市动物防疫条件合格证,政府机构,深圳市市场监督管理局,有数据更新时,12,,0,691,0,有条件开放,主动开放,,,,,2025-12-30 15:20:40.0,2026-04-14 03:40
29200/01303621,深圳市饲料添加剂产品批准文号,政府机构,深圳市市场监督管理局,有数据更新时,11,,0,591,0,有条件开放,主动开放,,,,,2025-12-30 15:24:19.0,2026-04-14 03:42
29200/01303622,深圳市兽药经营许可证,政府机构,深圳市市场监督管理局,有数据更新时,472,,0,1660,0,有条件开放,主动开放,,,,,2025-12-30 15:27:35.0,2026-04-14 03:42
29200/01303623,深圳市动物诊疗许可证,政府机构,深圳市市场监督管理局,有数据更新时,903,,0,1651,0,有条件开放,主动开放,,,,,2025-12-30 15:30:19.0,2026-04-14 03:43
29200/01303624,深圳市生鲜乳准运证明,政府机构,深圳市市场监督管理局,有数据更新时,28,,0,831,0,有条件开放,主动开放,,,,,2025-12-30 15:32:53.0,2026-04-14 03:43
29200/01303625,深圳市食品生产经营企业自建食品交易网站备案凭证,政府机构,深圳市市场监督管理局,有数据更新时,12,,0,1716,0,有条件开放,主动开放,,,,,2025-12-30 15:35:07.0,2026-04-14 03:43
29200/01303626,深圳市麻醉药品第一类精神药品运输证明,政府机构,深圳市市场监督管理局,有数据更新时,89,,0,843,0,有条件开放,主动开放,,,,,2025-12-30 15:37:15.0,2026-04-14 03:44
29200/01303627,深圳市农药经营许可证,政府机构,深圳市市场监督管理局,有数据更新时,496,,0,1152,0,有条件开放,主动开放,,,,,2025-12-30 15:38:08.0,2026-04-14 03:44
29200/01303628,深圳市农药广告审查表,政府机构,深圳市市场监督管理局,有数据更新时,230,,0,1072,0,有条件开放,主动开放,,,,,2025-12-30 15:39:43.0,2026-04-14 03:44
29200/01400399,市水务局局属单位,政府机构,深圳市水务局,有数据更新时,12,,185,9291,82,无条件开放,主动开放,,,,,2016-11-17 10:01:18.0,2026-08-11 07:22
29200/01400401,节水型小区信息,社会发展,深圳市水务局,有数据更新时,794,,223,8968,80,无条件开放,主动开放,,,,,2016-11-17 10:07:57.0,2026-08-11 07:32
29200/01400402,城市供水水质公报,生态文明,深圳市水务局,按月,10073,,1334,13838,449,无条件开放,主动开放,,,,,2016-11-17 10:13:46.0,2026-08-11 07:30
29200/01400548,节水型企业（单位）信息,生态文明,深圳市水务局,有数据更新时,151,,221,8527,76,无条件开放,主动开放,,,,,2016-12-23 14:20:11.0,2026-08-11 07:34
29200/01400551,市水务局行政机构,生态文明,深圳市水务局,有数据更新时,14,,126,4841,78,无条件开放,主动开放,,,,,2016-12-23 14:27:55.0,2026-08-11 07:35
29200/01400553,自来水费价目表,生态文明,深圳市水务局,有数据更新时,11,,404,3469,235,无条件开放,主动开放,,,,,2016-12-23 15:31:24.0,2026-08-11 07:16
29200/01400554,深圳市污水处理厂运营情况统计表,生态文明,深圳市水务局,按年,826,,831,5607,148,无条件开放,主动开放,,,,,2016-12-23 15:33:56.0,2026-08-11 07:29
29200/01400986,市水务局水库水位表,生态文明,深圳市水务局,有数据更新时,76299520,,2110,51206,698120,无条件开放,主动开放,,,,,2017-12-13 04:33:20.0,2026-08-11 07:43
29200/01400987,市水务局测站基本信息表,生态文明,深圳市水务局,有数据更新时,485,,942,4857,617,无条件开放,主动开放,,,,,2017-12-13 04:35:39.0,2026-08-11 07:47
29200/01401041,深圳市水土流失面积统计表,生态文明,深圳市水务局,按年,174,,541,7849,546,无条件开放,主动开放,,,,,2018-01-11 02:25:37.0,2026-08-11 07:10
29200/01401042,水土保持方案编制单位考核结果表,政府机构,深圳市水务局,按年,215,,208,7991,88,无条件开放,主动开放,,,,,2018-01-11 02:28:36.0,2026-08-11 07:40
29200/01402999,市水务局-行政许可信息,政府机构,深圳市水务局,有数据更新时,598,,223,9609,142,无条件开放,主动开放,,,,,2018-06-14 14:02:20.0,2023-09-11 09:03
29200/01403000,市水务局-行政处罚信息,经济建设,深圳市水务局,有数据更新时,528,,350,15883,3369,无条件开放,主动开放,,,,,2018-06-14 14:08:46.0,2021-01-05 09:50
29200/01403147,市水务局积涝点水位数据,三农服务,深圳市水务局,有数据更新时,36728816,,2679,52950,5660291,无条件开放,主动开放,,,,,2019-05-06 15:16:17.0,2026-08-11 07:43
29200/01403148,水库站点年降雨量,政府机构,深圳市水务局,按年,1136,,361,8160,62,无条件开放,主动开放,,,,,2019-11-25 12:55:51.0,2026-08-11 07:39
29200/01403149,水库站点月降雨量,政府机构,深圳市水务局,按月,13741,,504,10455,441,无条件开放,主动开放,,,,,2019-11-25 12:56:09.0,2026-08-11 07:41
29200/01403150,水库站点降雨量实时信息,政府机构,深圳市水务局,有数据更新时,67858800,,1324,26387,1745396,无条件开放,主动开放,,,,,2019-11-25 12:56:27.0,2026-08-11 07:41
29200/01403151,水库站点日降雨量,政府机构,深圳市水务局,有数据更新时,287400,,565,14408,11437,无条件开放,主动开放,,,,,2019-11-25 12:56:45.0,2026-08-11 07:34
29200/01403153,区降水量,政府机构,深圳市水务局,按年,80,,743,4617,48,无条件开放,主动开放,,,,,2019-11-25 12:57:30.0,2026-08-11 07:23
29200/01403154,区水资源量,政府机构,深圳市水务局,按年,80,,213,3613,36,无条件开放,主动开放,,,,,2019-11-25 12:57:47.0,2026-08-11 07:40
29200/01403155,区蓄水量,政府机构,深圳市水务局,按年,79,,104,3415,38,无条件开放,主动开放,,,,,2019-11-25 12:58:12.0,2026-08-11 07:37
29200/01403156,区供水量,政府机构,深圳市水务局,按年,130,,251,3937,44,无条件开放,主动开放,,,,,2019-11-25 12:58:36.0,2026-08-11 07:26
29200/01403157,全市万元GDP用水量,政府机构,深圳市水务局,按年,12,,168,3875,36,无条件开放,主动开放,,,,,2019-11-25 12:58:56.0,2026-08-11 07:36
29200/01403158,人均居民生活用水量,政府机构,深圳市水务局,按年,12,,475,4436,2559,无条件开放,主动开放,,,,,2019-11-25 12:59:12.0,2026-08-11 07:11
29200/01403159,万元工业增加值用水量,政府机构,深圳市水务局,按年,17,,99,4804,38,无条件开放,主动开放,,,,,2019-11-25 12:59:27.0,2026-08-11 07:29
29200/01403160,人均用水量,政府机构,深圳市水务局,按年,12,,200,4694,36,无条件开放,主动开放,,,,,2019-11-25 12:59:43.0,2026-08-11 07:30
29200/01403161,人均综合生活用水量,政府机构,深圳市水务局,按年,12,,150,4629,38,无条件开放,主动开放,,,,,2019-11-25 12:59:58.0,2026-08-11 07:31
29200/01403188,自来水厂基本信息,公共安全,深圳市水务局,有数据更新时,53,,328,2543,314,无条件开放,主动开放,,,,,2020-06-08 15:37:44.0,2026-08-11 07:39
29200/01403189,深圳市河道数量及分布情况统计表,公共安全,深圳市水务局,有数据更新时,12,,623,3874,56,无条件开放,主动开放,,,,,2020-06-08 15:37:56.0,2025-09-08 02:29
29200/01403190,深圳市跨市界河流基本特征表,公共安全,深圳市水务局,有数据更新时,18,,232,3803,36,无条件开放,主动开放,,,,,2020-06-08 15:38:07.0,2026-08-11 07:44
29200/01403191,市政排水管网运行管理单位,公共安全,深圳市水务局,有数据更新时,11,,210,2150,62,无条件开放,主动开放,,,,,2020-06-08 15:38:20.0,2026-08-11 07:32
29200/01403192,海绵城市建设情况,公共安全,深圳市水务局,按年,93,,494,4475,45,无条件开放,主动开放,,,,,2020-06-08 15:38:35.0,2026-08-11 07:25
29200/01403193,历年用水量数据,公共安全,深圳市水务局,有数据更新时,26,,381,5696,55,无条件开放,主动开放,,,,,2020-06-08 15:39:20.0,2026-08-11 07:49
29200/01403194,全市积水内涝点,公共安全,深圳市水务局,按年,15,,1425,3318,425,无条件开放,主动开放,,,,,2021-12-08 09:59:27.0,2026-08-11 07:44
29200/01403196,污水处理量,生态文明,深圳市水务局,按年,278,,217,1082,62,无条件开放,主动开放,,,,,2021-12-08 10:04:36.0,2026-08-11 07:28
29200/01403197,全市生产建设项目水土保持方案审批（备案）,生态文明,深圳市水务局,按年,92,,31,2770,198,无条件开放,主动开放,,,,,2021-12-08 10:07:11.0,2026-08-11 07:16
29200/01403198,深圳市海堤清单,公共安全,深圳市水务局,有数据更新时,36,,59,2107,36,无条件开放,主动开放,,,,,2021-12-08 10:10:40.0,2026-08-11 07:36
29200/01403199,水污染治理年度任务,生态文明,深圳市水务局,按年,71,,77,2233,46,无条件开放,主动开放,,,,,2021-12-08 10:13:12.0,2026-08-11 07:42
29200/01403200,已编水务规划一览表,生态文明,深圳市水务局,按年,12,,92,1188,42,无条件开放,主动开放,,,,,2021-12-08 10:16:26.0,2026-08-11 07:09
29200/01403202,市水务局-水利工程开工备案情况,经济建设,深圳市水务局,有数据更新时,402,,63,2627,70,无条件开放,主动开放,,,,,2022-07-13 09:40:38.0,2026-08-11 07:28
29200/01403203,市水务局-水库名录,生态文明,深圳市水务局,有数据更新时,177,,205,2289,447,无条件开放,主动开放,,,,,2022-07-13 09:44:49.0,2026-08-11 07:09
29200/01403204,市水务局-流域基本情况,生态文明,深圳市水务局,有数据更新时,12,,242,1655,38,无条件开放,主动开放,,,,,2022-07-13 09:47:26.0,2026-08-11 07:25
29200/01403205,市水务局-河道基本情况,生态文明,深圳市水务局,有数据更新时,362,,384,1050,845,无条件开放,主动开放,,,,,2022-11-24 09:49:00.0,2026-08-11 07:42
29200/01403206,市水务局-碧道基本情况,生态文明,深圳市水务局,有数据更新时,108,,79,757,30,无条件开放,主动开放,,,,,2022-11-28 09:50:44.0,2026-08-11 07:08
29200/01403207,市水务局-人工湿地基本情况,生态文明,深圳市水务局,有数据更新时,40,,108,787,48,无条件开放,主动开放,,,,,2022-11-28 09:52:17.0,2026-08-11 07:23
29200/01403208,市水务局-水质净化厂基本情况,生态文明,深圳市水务局,有数据更新时,45,,194,736,28,无条件开放,主动开放,,,,,2022-11-28 09:54:02.0,2026-08-11 07:24
29200/01403209,市水务局-分散式污水处理设施基本情况,生态文明,深圳市水务局,有数据更新时,25,,89,717,30,无条件开放,主动开放,,,,,2022-11-28 09:56:04.0,2026-08-11 07:24
29200/01403210,市水务局-水质净化厂运营单位基本情况,生态文明,深圳市水务局,有数据更新时,45,,114,1666,30,无条件开放,主动开放,,,,,2022-07-13 09:57:35.0,2026-08-11 07:06
29200/01403211,市水务局-在建水务工程使用材料监督抽查结果,公共安全,深圳市水务局,有数据更新时,16,,15,1046,26,无条件开放,主动开放,,,,,2022-11-28 09:58:58.0,2022-11-28 08:58
29200/01403212,市水务局-深圳市水闸数量及分布情况统计表,公共安全,深圳市水务局,有数据更新时,140,,61,746,28,无条件开放,主动开放,,,,,2023-09-07 09:53:44.0,2026-08-11 07:45
29200/01403213,市水务局-深圳市排涝泵站数量及分布情况统计表,公共安全,深圳市水务局,有数据更新时,154,,106,683,28,无条件开放,主动开放,,,,,2023-09-07 09:53:44.0,2026-08-11 07:46
29200/01403214,市水务局-地下水测站基本信息表,生态文明,深圳市水务局,有数据更新时,30,,107,510,30,无条件开放,主动开放,,,,,2023-09-07 09:53:44.0,2026-08-11 07:44
29200/01403215,市水务局-治水提质公众监督,生态文明,深圳市水务局,按年,1488,,41,1343,66,无条件开放,主动开放,,,,,2023-09-07 09:53:44.0,2026-08-11 07:48
29200/01403216,市水务局-质监站监督项目完工验收（竣工验收）清单,公共安全,深圳市水务局,有数据更新时,18,,18,1048,42,无条件开放,主动开放,,,,,2023-09-07 09:53:44.0,2026-08-11 07:46
29200/01403217,市水务局-深圳市各流域（水系）水土流失面积及强度信息,生态文明,深圳市水务局,按年,69,,83,754,252,无条件开放,主动开放,,,,,2023-09-07 09:53:44.0,2026-08-11 07:50
29200/01403218,市水务局-深圳市可预约水务场馆信息,文体休闲,深圳市水务局,有数据更新时,6,,11,800,48,无条件开放,主动开放,,,,,2023-09-07 09:53:44.0,2026-08-11 07:49
29200/01403219,市水务局-深圳市主要供水企业供水量,企业服务,深圳市水务局,按年,17,,76,948,34,无条件开放,主动开放,,,,,2023-09-07 09:53:44.0,2026-08-11 07:51
29200/01403220,市水务局-深圳市蓄水水库数量,生态文明,深圳市水务局,按年,17,,56,3919,28,无条件开放,主动开放,,,,,2023-09-07 09:53:45.0,2026-08-11 07:50
29200/01403221,市水务局-深圳市主要水库年末蓄水量,生态文明,深圳市水务局,按年,17,,44,1991,26,无条件开放,主动开放,,,,,2023-09-07 09:53:45.0,2026-08-11 07:51
29200/01403222,市水务局-深圳市水文旅路线,政府机构,深圳市水务局,有数据更新时,11,,32,423,28,无条件开放,主动开放,,,,,2025-01-10 18:23:18.6,2025-01-10 10:23
29200/01403223,市水务局-年度部门预算规模,政府机构,深圳市水务局,按年,8,,1,332,34,无条件开放,主动开放,,,,,2025-01-13 10:22:49.696,2025-01-13 02:22
29200/01403224,市水务局-年度部门决算规模,政府机构,深圳市水务局,按年,7,,4,488,38,无条件开放,主动开放,,,,,2025-01-13 10:23:58.866,2025-01-13 02:23
29200/01403225,市水务局-深圳市境外引水量,政府机构,深圳市水务局,按年,6,,13,539,34,无条件开放,主动开放,,,,,2025-01-06 16:36:12.0,2026-01-13 08:14
29200/01403226,市水务局-深圳市河道堤防数量及分布情况,政府机构,深圳市水务局,有数据更新时,5,,52,425,27,无条件开放,主动开放,,,,,2025-01-13 10:29:22.329,2025-01-13 02:29
29200/01403227,市水务局-年度内涝点治理计划任务数量,政府机构,深圳市水务局,按年,54,,66,391,32,无条件开放,主动开放,,,,,2025-01-13 10:31:02.347,2025-01-13 02:31
29200/01403228,市水务局-年度内涝点治理完成数,政府机构,深圳市水务局,按年,8,,85,553,32,无条件开放,主动开放,,,,,2025-01-13 10:32:43.594,2025-01-13 02:32
29200/01403230,市水务局-全市生产建设项目水土保持设施验收,政府机构,深圳市水务局,按年,78,,12,426,28,无条件开放,主动开放,,,,,2025-01-13 10:35:36.164,2025-01-13 02:35
29200/01403231,市水务局-墒情站基本信息,政府机构,深圳市水务局,有数据更新时,9,,17,488,26,无条件开放,主动开放,,,,,2025-01-13 10:38:16.87,2025-01-13 02:38
29200/01403232,深圳市龙岗河水文测站基本信息,政府机构,深圳市水务局,有数据更新时,5,,15,619,38,无条件开放,主动开放,,,,,2025-12-27 20:33:33.0,2026-08-03 10:21
29200/01403233,深圳市坪山河水文测站基本信息,政府机构,深圳市水务局,有数据更新时,6,,9,704,26,无条件开放,主动开放,,,,,2025-12-27 20:41:25.0,2026-08-03 10:21
29200/01403234,深圳市深圳河水文测站基本信息,政府机构,深圳市水务局,有数据更新时,6,,17,758,32,无条件开放,主动开放,,,,,2025-12-27 20:46:10.0,2026-08-03 10:21
29200/01403235,深圳市茅洲河水文测站基本信息,政府机构,深圳市水务局,有数据更新时,6,,36,591,32,无条件开放,主动开放,,,,,2025-12-27 20:51:03.0,2026-01-26 09:04
29200/01403236,深圳市观澜河水文测站基本信息,政府机构,深圳市水务局,有数据更新时,5,,18,639,30,无条件开放,主动开放,,,,,2025-12-27 20:57:59.0,2026-01-26 09:07
29200/01403237,深圳市龙岗河水文测站水位表,政府机构,深圳市水务局,有数据更新时,362139,,32,2344,1402,无条件开放,主动开放,,,,,2025-12-27 21:04:22.0,2026-01-26 09:08
29200/01403238,深圳市坪山河水文测站水位表,政府机构,深圳市水务局,有数据更新时,363878,,44,2332,544,无条件开放,主动开放,,,,,2025-12-27 21:10:27.0,2026-01-26 09:08
29200/01403239,深圳市茅洲河水文测站水位表,政府机构,深圳市水务局,有数据更新时,335192,,45,2097,786,无条件开放,主动开放,,,,,2025-12-27 21:14:39.0,2026-01-26 09:08
29200/01403240,深圳市深圳河水文测站水位表,政府机构,深圳市水务局,有数据更新时,320708,,90,2342,1770,无条件开放,主动开放,,,,,2025-12-27 21:19:47.0,2026-01-26 09:08
29200/01403241,深圳市观澜河水文测站水位表,政府机构,深圳市水务局,有数据更新时,319388,,45,2320,1124,无条件开放,主动开放,,,,,2025-12-27 21:25:21.0,2026-01-26 09:09
29200/01500209,市、区卫生计生行政部门,卫生健康,深圳市卫生健康委员会,有数据更新时,33,,261,8474,88,无条件开放,主动开放,,,,,2016-10-12 16:25:47.0,2020-12-04 07:24
29200/01500315,三级医院,卫生健康,深圳市卫生健康委员会,有数据更新时,95,,1220,8126,148,无条件开放,依申请开放,,,,,2016-10-13 10:13:59.0,2022-12-13 06:38
29200/01500318,二级医院,卫生健康,深圳市卫生健康委员会,有数据更新时,62,,920,9588,122,无条件开放,依申请开放,,,,,2016-10-13 10:16:24.0,2023-02-24 01:55
29200/01500966,卫生监督机构,卫生健康,深圳市卫生健康委员会,有数据更新时,45,,308,8400,74,无条件开放,依申请开放,,,,,2017-12-12 23:55:50.0,2023-02-24 01:51
29200/01500968,捐血站（点）,卫生健康,深圳市卫生健康委员会,有数据更新时,97,,141,1324,61,无条件开放,依申请开放,,,,,2017-12-13 03:37:16.0,2023-02-24 01:51
29200/01500969,餐饮具集中消毒单位检测结果,卫生健康,深圳市卫生健康委员会,有数据更新时,35,,111,1596,69,无条件开放,依申请开放,,,,,2017-12-13 03:40:41.0,2023-02-24 01:51
29200/01500970,游泳场所水质检测结果,卫生健康,深圳市卫生健康委员会,有数据更新时,2217,,154,7474,69,无条件开放,依申请开放,,,,,2017-12-13 03:43:18.0,2023-02-24 01:52
29200/01501022,深圳市流感指数内容表,卫生健康,深圳市卫生健康委员会,有数据更新时,375,,1633,13178,64,无条件开放,依申请开放,,,,,2017-12-20 03:45:27.0,2024-03-21 07:47
29200/01501023,深圳市指数信息规范表,卫生健康,深圳市卫生健康委员会,有数据更新时,382,,262,8582,78,无条件开放,主动开放,,,,,2017-12-20 03:50:04.0,2020-12-04 07:24
29200/01501024,疾病预防控制中心信息,社会发展,深圳市卫生健康委员会,有数据更新时,22,,421,1893,66,无条件开放,主动开放,,,,,2017-12-20 03:54:52.0,2023-02-24 02:02
29200/01501030,市卫生健康委员会-行政处罚信息,"公共安全,卫生健康",深圳市卫生健康委员会,按年,15010,,133,16913,736,无条件开放,主动开放,,,,,2017-12-20 04:23:09.0,2026-07-07 03:03
29200/01501031,接种门诊信息,社会发展,深圳市卫生健康委员会,有数据更新时,2250,,208,6281,86,无条件开放,主动开放,,,,,2017-12-20 04:28:03.0,2023-02-24 02:04
29200/01503003,计生事务受理机构,社会发展,深圳市卫生健康委员会,有数据更新时,172,,61,4462,60,无条件开放,主动开放,,,,,2018-06-14 14:34:54.0,2023-02-24 02:00
29200/01503005,市结核病定点医院,经济建设,深圳市卫生健康委员会,有数据更新时,30,,88,8108,61,无条件开放,主动开放,,,,,2018-06-14 14:54:34.0,2023-02-24 02:08
29200/01503006,深圳市艾滋病检测筛查实验室单位名录,社会发展,深圳市卫生健康委员会,有数据更新时,433,,107,6750,61,无条件开放,主动开放,,,,,2018-06-14 15:01:10.0,2023-02-24 02:12
29200/01503010,妇女“两癌”免费检查定点单位一览表,社会发展,深圳市卫生健康委员会,有数据更新时,303,,162,1330,60,无条件开放,主动开放,,,,,2018-06-14 15:37:08.0,2023-02-24 02:14
29200/01503011,爱婴医院名称及母乳喂养热线电话一览表,社会发展,深圳市卫生健康委员会,有数据更新时,97,,97,9085,60,无条件开放,主动开放,,,,,2018-06-14 15:58:09.0,2023-02-24 02:11
29200/01503012,科学育儿咨询服务站,社会发展,深圳市卫生健康委员会,有数据更新时,461,,95,4490,61,无条件开放,主动开放,,,,,2018-06-14 16:01:06.0,2023-02-24 02:10
29200/01503014,市卫生健康委员会-行政许可信息,卫生健康,深圳市卫生健康委员会,按月,131071,,427,14560,4312,无条件开放,主动开放,,,,,2018-06-14 16:26:34.0,2024-05-07 07:46
29200/01503054,深圳市公共场所从业人员健康体检机构名单,卫生健康,深圳市卫生健康委员会,有数据更新时,114,,123,6607,51,无条件开放,主动开放,,,,,2018-06-20 14:55:18.0,2019-08-13 09:38
29200/01503058,中医医院等级情况,卫生健康,深圳市卫生健康委员会,有数据更新时,21,,258,7473,63,无条件开放,依申请开放,,,,,2018-06-20 16:26:13.0,2023-02-24 01:55
29200/01503059,深圳市血液中心全血及成分血收费明细一览表,卫生健康,深圳市卫生健康委员会,有数据更新时,46,,153,8296,60,无条件开放,依申请开放,,,,,2018-06-20 16:31:52.0,2023-02-24 02:15
29200/01503394,儿童六龄齿免费窝沟封闭各区定点医疗机构服务范围一览表,卫生健康,深圳市卫生健康委员会,有数据更新时,3566,,168,2221,64,无条件开放,依申请开放,,,,,2018-12-22 18:10:21.0,2023-02-24 01:55
29200/01503407,职业病诊断机构,卫生健康,深圳市卫生健康委员会,有数据更新时,7,,138,6745,61,无条件开放,依申请开放,,,,,2018-12-22 18:10:34.0,2023-02-24 01:55
29200/01503485,经批准本市开展人类辅助生殖技术的服务机构,卫生健康,深圳市卫生健康委员会,有数据更新时,25,,72,1125,61,无条件开放,依申请开放,,,,,2018-12-22 20:35:37.0,2023-02-24 01:55
29200/01503486,医疗急救机构基本信息,卫生健康,深圳市卫生健康委员会,有数据更新时,173,,513,8380,521,无条件开放,依申请开放,,,,,2018-12-22 20:35:37.0,2023-02-24 01:55
29200/01503489,经批准本市开展产前诊断的医疗机构,卫生健康,深圳市卫生健康委员会,有数据更新时,30,,114,1267,58,无条件开放,依申请开放,,,,,2018-12-22 20:42:29.0,2023-02-24 01:52
29200/01503656,全市各医院年度门诊工作量（医院数据包含下属社康）,卫生健康,深圳市卫生健康委员会,有数据更新时,157,,388,2697,110,无条件开放,依申请开放,,,,,2019-12-20 15:05:25.0,2024-11-20 10:22
29200/01503657,全市各医院年度住院工作量,卫生健康,深圳市卫生健康委员会,有数据更新时,157,,424,3711,76,无条件开放,主动开放,,,,,2019-12-20 15:05:49.0,2020-01-06 02:53
29200/01503658,全市各社康年度诊疗工作量,卫生健康,深圳市卫生健康委员会,有数据更新时,615,,315,2377,51,无条件开放,主动开放,,,,,2019-12-20 15:06:13.0,2020-01-06 02:53
29200/01503659,全市各卫生院的年度门诊工作量,卫生健康,深圳市卫生健康委员会,有数据更新时,6,,227,3461,52,无条件开放,主动开放,,,,,2019-12-20 15:06:35.0,2020-01-06 02:53
29200/01503660,全市各卫生院的年度住院工作量,卫生健康,深圳市卫生健康委员会,有数据更新时,6,,179,3561,295,无条件开放,主动开放,,,,,2019-12-20 15:06:52.0,2020-01-06 02:53
29200/01503661,全市各门诊部、诊所、卫生室、护理院年度诊疗工作量,卫生健康,深圳市卫生健康委员会,有数据更新时,3545,,333,3856,81,无条件开放,主动开放,,,,,2019-12-20 15:07:21.0,2020-01-06 02:53
29200/01503662,全市各医院年度门诊工作效率（医院数据包含下属社康）,卫生健康,深圳市卫生健康委员会,有数据更新时,157,,249,3406,100,无条件开放,主动开放,,,,,2019-12-20 15:23:21.0,2020-01-06 02:53
29200/01503663,全市各医院年度住院工作效率,卫生健康,深圳市卫生健康委员会,有数据更新时,157,,275,3473,52,无条件开放,主动开放,,,,,2019-12-20 15:23:39.0,2020-01-06 02:53
29200/01503664,全市各社康年度诊疗工作效率,卫生健康,深圳市卫生健康委员会,有数据更新时,615,,169,2744,39,无条件开放,主动开放,,,,,2019-12-20 15:23:56.0,2020-01-06 02:53
29200/01503665,全市各卫生院的年度门诊工作效率,卫生健康,深圳市卫生健康委员会,有数据更新时,6,,139,3495,40,无条件开放,主动开放,,,,,2019-12-20 15:24:17.0,2020-01-06 02:52
29200/01503666,全市各卫生院的年度住院工作效率,卫生健康,深圳市卫生健康委员会,有数据更新时,6,,208,3246,52,无条件开放,主动开放,,,,,2019-12-20 15:24:52.0,2020-01-06 02:52
29200/01503667,全市各门诊部、诊所、卫生室、护理院年度诊疗工作效率,卫生健康,深圳市卫生健康委员会,有数据更新时,3545,,121,2900,81,无条件开放,主动开放,,,,,2019-12-20 16:17:57.0,2020-01-06 02:51
29200/01503680,全市医疗卫生机构合计数,卫生健康,深圳市卫生健康委员会,有数据更新时,6,,697,3666,44,无条件开放,主动开放,,,,,2020-06-30 16:14:11.0,2020-07-21 07:37
29200/01503681,全市医院总数,卫生健康,深圳市卫生健康委员会,有数据更新时,6,,911,2550,40,无条件开放,主动开放,,,,,2020-06-30 16:14:25.0,2020-07-21 07:37
29200/01503682,全市妇幼保健院数,卫生健康,深圳市卫生健康委员会,有数据更新时,11,,121,2380,38,无条件开放,主动开放,,,,,2020-06-30 16:16:42.0,2020-07-21 07:37
29200/01503683,全市专科疾病防治院数,卫生健康,深圳市卫生健康委员会,有数据更新时,6,,122,3553,38,无条件开放,主动开放,,,,,2020-06-30 16:17:06.0,2020-07-21 07:37
29200/01503684,全市医疗卫生机构在岗职工数（总数）,卫生健康,深圳市卫生健康委员会,有数据更新时,6,,269,5458,38,无条件开放,主动开放,,,,,2020-06-30 16:37:25.0,2020-07-21 07:37
29200/01503685,全市各行政区医疗卫生机构在岗职工数,卫生健康,深圳市卫生健康委员会,有数据更新时,11,,294,5710,38,无条件开放,主动开放,,,,,2020-06-30 16:37:48.0,2020-07-21 07:37
29200/01503686,全市医疗卫生机构卫生技术人员数（总数）,卫生健康,深圳市卫生健康委员会,有数据更新时,6,,357,5413,38,无条件开放,主动开放,,,,,2020-06-30 16:38:08.0,2020-07-21 07:37
29200/01503687,全市各行政区医疗卫生机构卫生技术人员数,卫生健康,深圳市卫生健康委员会,有数据更新时,11,,685,6611,40,无条件开放,主动开放,,,,,2020-06-30 16:38:33.0,2020-07-21 07:37
29200/01503688,全市各行政区执业医师和执业助理医师合计数,劳动人事,深圳市卫生健康委员会,按年,124,,44,2013,26,无条件开放,主动开放,,,,,2021-12-08 09:30:23.0,2024-11-21 01:43
29200/01503689,全市各行政区执业医师数,劳动人事,深圳市卫生健康委员会,按年,125,,70,998,36,无条件开放,主动开放,,,,,2021-12-08 09:32:33.0,2024-11-21 01:42
29200/01503690,全市各行政区执业助理医师数,劳动人事,深圳市卫生健康委员会,按年,125,,37,1037,26,无条件开放,主动开放,,,,,2021-12-08 09:34:28.0,2024-11-20 10:33
29200/01503691,全市各行政区护士数,卫生健康,深圳市卫生健康委员会,按年,124,,61,1000,56,无条件开放,主动开放,,,,,2021-12-08 09:36:14.0,2024-11-20 10:44
29200/01503692,全市各行政区床位数,卫生健康,深圳市卫生健康委员会,按年,125,,134,1030,36,无条件开放,主动开放,,,,,2021-12-08 09:46:41.0,2024-11-20 10:37
29200/01503693,全市执业医师和执业助理医师总数,劳动人事,深圳市卫生健康委员会,按年,16,,63,1037,26,无条件开放,主动开放,,,,,2021-12-08 09:50:04.0,2024-11-20 10:34
29200/01503694,全市护士数,卫生健康,深圳市卫生健康委员会,按年,16,,81,979,26,无条件开放,主动开放,,,,,2021-12-08 09:52:06.0,2024-11-20 10:31
29200/01503695,全市床位数,卫生健康,深圳市卫生健康委员会,按年,16,,214,1147,26,无条件开放,主动开放,,,,,2021-12-08 09:53:54.0,2024-11-20 10:33
29200/01503698,AED安装信息,卫生健康,深圳市卫生健康委员会,有数据更新时,1487,,208,808,81,无条件开放,主动开放,,,,,2022-10-08 10:17:14.0,2024-11-21 01:44
29200/01503699,市血液中心及宝安、龙岗血站,卫生健康,深圳市卫生健康委员会,有数据更新时,3,,5,2534,0,有条件开放,主动开放,,,,,2022-12-20 16:12:34.0,2022-12-20 08:59
29200/01503700,市艾滋病自愿免费咨询检测点,卫生健康,深圳市卫生健康委员会,有数据更新时,50,,0,637,0,有条件开放,主动开放,,,,,2022-12-20 16:15:59.0,2022-12-20 09:02
29200/01503701,全市免费避孕药具发放点,卫生健康,深圳市卫生健康委员会,有数据更新时,1491,,0,1717,0,有条件开放,主动开放,,,,,2022-12-20 16:17:05.0,2023-02-24 02:15
29200/01503702,深圳市急救中心和急救站信息,卫生健康,深圳市卫生健康委员会,有数据更新时,104,,23,1602,5,有条件开放,主动开放,,,,,2022-12-28 16:05:07.0,2022-12-28 08:01
29200/01503703,120急救网络医院（点）,卫生健康,深圳市卫生健康委员会,有数据更新时,93,,22,1138,0,有条件开放,主动开放,,,,,2022-12-20 16:22:49.0,2022-12-20 09:09
29200/01503704,深圳市免费婚前及孕前优生健康检查承检机构一览表,卫生健康,深圳市卫生健康委员会,有数据更新时,48,,0,1453,0,有条件开放,主动开放,,,,,2022-12-20 16:26:28.0,2022-12-20 09:13
29200/01503705,全市已备案托育机构名单,卫生健康,深圳市卫生健康委员会,有数据更新时,153,,61,545,24,无条件开放,主动开放,,,,,2023-09-07 10:26:20.0,2023-09-07 08:14
29200/01503706,各级医疗机构数量,卫生健康,深圳市卫生健康委员会,有数据更新时,197,,216,588,26,无条件开放,主动开放,,,,,2023-09-07 10:26:20.0,2023-09-07 08:15
29200/01503707,市区妇幼保健院基本信息,卫生健康,深圳市卫生健康委员会,有数据更新时,23,,15,481,24,无条件开放,主动开放,,,,,2023-09-07 10:26:20.0,2023-09-07 08:16
29200/01503708,深圳市诊所、门诊部信息表,卫生健康,深圳市卫生健康委员会,有数据更新时,4819,,85,618,26,无条件开放,主动开放,,,,,2023-09-07 10:26:20.0,2023-09-07 08:16
29200/01503709,卫生机构统计表,卫生健康,深圳市卫生健康委员会,有数据更新时,129,,62,356,24,无条件开放,主动开放,,,,,2023-09-07 10:26:21.0,2023-09-07 08:09
29200/01503710,全市救护车基本信息,卫生健康,深圳市卫生健康委员会,有数据更新时,440,,34,766,28,无条件开放,主动开放,,,,,2023-09-07 10:26:21.0,2023-09-11 09:36
29200/01503711,科学育儿指导中心（站）,卫生健康,深圳市卫生健康委员会,有数据更新时,775,,5,417,24,无条件开放,主动开放,,,,,2023-09-07 10:26:21.0,2023-09-07 08:11
29200/01503712,卫生应急机构,卫生健康,深圳市卫生健康委员会,有数据更新时,828,,42,953,36,无条件开放,主动开放,,,,,2023-09-07 10:26:21.0,2026-07-27 02:31
29200/01503713,深圳市政消杀服务企业合同履约评价表,卫生健康,深圳市卫生健康委员会,有数据更新时,89,,12,1728,36,无条件开放,主动开放,,,,,2023-09-07 10:26:21.0,2023-09-11 09:38
29200/01503714,重大医疗改革政策,卫生健康,深圳市卫生健康委员会,有数据更新时,10,,69,1216,24,无条件开放,主动开放,,,,,2023-09-07 10:26:21.0,2023-09-11 09:39
29200/01503715,法人和非法人组织荣誉信息,卫生健康,深圳市卫生健康委员会,有数据更新时,30,,3,854,24,无条件开放,主动开放,,,,,2025-01-20 16:45:35.921,2025-01-20 08:45
29200/01503716,血站信息,卫生健康,深圳市卫生健康委员会,有数据更新时,3,,154,1553,251,无条件开放,主动开放,,,,,2024-12-04 17:18:01.238,2026-07-27 02:31
29200/01503717,卫生人员统计表,卫生健康,深圳市卫生健康委员会,有数据更新时,84,,50,802,24,无条件开放,主动开放,,,,,2025-01-20 16:48:46.108,2025-01-20 08:48
29200/01503718,床位和救护车统计表,卫生健康,深圳市卫生健康委员会,有数据更新时,7,,66,775,24,无条件开放,主动开放,,,,,2025-01-20 18:04:03.828,2025-01-20 10:04
29200/01503719,深圳市职业病鉴定办事机构,政府机构,深圳市卫生健康委员会,有数据更新时,1,,7,216,20,无条件开放,主动开放,,,,,2025-01-20 16:44:15.663,2025-01-20 08:44
29200/01503720,深圳市卫健能教中心基本信息,政府机构,深圳市卫生健康委员会,有数据更新时,1,,4,430,20,无条件开放,主动开放,,,,,2025-01-20 16:46:56.169,2025-01-20 08:46
29200/01503721,深圳市卫健能教中心督导项目信息,政府机构,深圳市卫生健康委员会,有数据更新时,21,,2,405,20,无条件开放,主动开放,,,,,2025-01-20 18:05:01.159,2025-01-20 10:05
29200/01503722,深圳市门急诊人次均费用,政府机构,深圳市卫生健康委员会,有数据更新时,3,,55,523,22,无条件开放,主动开放,,,,,2025-01-20 18:05:56.567,2025-01-20 10:05
29200/01503723,深圳市卫健能教中心培训类信息,政府机构,深圳市卫生健康委员会,有数据更新时,16,,6,549,20,无条件开放,主动开放,,,,,2025-01-20 18:06:51.485,2025-01-20 10:06
29200/01503724,深圳市卫生健康委信用承诺信息,政府机构,深圳市卫生健康委员会,有数据更新时,11,,0,601,24,无条件开放,主动开放,,,,,2025-01-16 15:21:31.0,2025-01-22 03:06
29200/01503725,深圳市实施窝沟封闭人次信息,政府机构,深圳市卫生健康委员会,按年,20,,0,910,0,有条件开放,主动开放,,,,,2025-12-30 16:19:23.0,2026-05-07 08:16
29200/01503726,深圳市提供夜诊服务的社康机构数,政府机构,深圳市卫生健康委员会,按年,1,,1,436,0,有条件开放,主动开放,,,,,2025-12-30 16:20:20.0,2026-04-14 03:48
29200/01503727,深圳市医养结合服务指导率信息,政府机构,深圳市卫生健康委员会,按年,11,,1,451,0,有条件开放,主动开放,,,,,2025-12-30 16:21:31.0,2026-04-14 03:48
29200/01503728,深圳市65岁及以上老年人规范健康管理服务率,政府机构,深圳市卫生健康委员会,按年,1,,1,481,0,有条件开放,主动开放,,,,,2025-12-30 16:22:17.0,2026-04-14 03:49
29200/01503730,深圳市提供慢性病长处方的社康机构数信息,政府机构,深圳市卫生健康委员会,按年,1,,0,408,0,有条件开放,主动开放,,,,,2025-12-30 16:25:09.0,2026-04-14 03:49
29200/01503731,深圳市儿童六龄齿免费窝沟封闭各区定点医疗机构服务范围一览表,政府机构,深圳市卫生健康委员会,按年,2099,,0,545,0,有条件开放,主动开放,,,,,2025-12-30 16:26:06.0,2026-04-14 03:49
29200/01503732,深圳市急救网络医院数量,政府机构,深圳市卫生健康委员会,按年,1,,0,809,0,有条件开放,主动开放,,,,,2025-12-30 16:27:48.0,2026-04-14 03:50
29200/01503733,深圳市家庭病床数,政府机构,深圳市卫生健康委员会,按年,11,,0,1114,0,有条件开放,主动开放,,,,,2025-12-30 16:28:55.0,2026-04-14 03:50
29200/01503734,深圳市家庭医生团队数,政府机构,深圳市卫生健康委员会,按年,11,,0,1137,0,有条件开放,主动开放,,,,,2025-12-30 16:30:14.0,2026-04-14 03:50
29200/01600202,A级景区基本信息,文体休闲,深圳市文化广电旅游体育局,有数据更新时,223,,1558,12391,153,无条件开放,主动开放,,,,,2016-10-12 16:11:07.0,2023-08-02 02:19
29200/01600203,旅行社信息数据,文体休闲,深圳市文化广电旅游体育局,有数据更新时,10554,,927,13340,168,无条件开放,主动开放,,,,,2016-10-12 16:16:03.0,2023-08-02 02:25
29200/01600206,深圳市市级文物保护单位,文体休闲,深圳市文化广电旅游体育局,有数据更新时,546,,389,24183,264,无条件开放,主动开放,,,,,2016-10-12 16:20:49.0,2023-08-02 02:27
29200/01600232,体育传统项目学校一览表,教育科技,深圳市文化广电旅游体育局,有数据更新时,27871,,449,12839,125,无条件开放,主动开放,,,,,2016-10-12 17:07:36.0,2023-08-02 02:41
29200/01600238,博物馆一览表,文体休闲,深圳市文化广电旅游体育局,有数据更新时,759,,601,7941,92,无条件开放,主动开放,,,,,2016-10-12 17:18:28.0,2019-02-28 03:23
29200/01600248,文化站,文体休闲,深圳市文化广电旅游体育局,有数据更新时,1455,,418,7761,88,无条件开放,主动开放,,,,,2016-10-12 17:27:52.0,2023-08-02 06:13
29200/01600251,文化馆一览表,文体休闲,深圳市文化广电旅游体育局,有数据更新时,256,,667,9546,101,无条件开放,主动开放,,,,,2016-10-12 17:30:31.0,2023-08-02 06:19
29200/01600254,星级酒店基本信息数据,文体休闲,深圳市文化广电旅游体育局,有数据更新时,730,,1977,14292,111,无条件开放,主动开放,,,,,2016-10-12 17:33:40.0,2023-08-02 06:22
29200/01600260,深圳市入境旅游国内旅游旅行社一览表,文体休闲,深圳市文化广电旅游体育局,有数据更新时,14803,,758,9526,402,无条件开放,主动开放,,,,,2016-10-12 17:38:28.0,2023-08-02 06:23
29200/01600263,深圳市出境旅游旅行社一览表,文体休闲,深圳市文化广电旅游体育局,有数据更新时,3080,,530,7595,85,无条件开放,主动开放,,,,,2016-10-12 17:41:54.0,2023-08-02 06:25
29200/01600266,深圳市外资旅行社一览表,企业服务,深圳市文化广电旅游体育局,有数据更新时,150,,196,6963,79,无条件开放,主动开放,,,,,2016-10-12 17:44:11.0,2020-12-04 07:27
29200/01600271,深圳市旅行社分社一览表,企业服务,深圳市文化广电旅游体育局,有数据更新时,3625,,288,8006,84,无条件开放,主动开放,,,,,2016-10-12 17:49:53.0,2020-12-04 07:27
29200/01600274,深圳市旅行社服务网点备案汇总一览表,企业服务,深圳市文化广电旅游体育局,有数据更新时,25093,,250,7716,553,无条件开放,主动开放,,,,,2016-10-12 17:52:52.0,2020-12-04 07:27
29200/01600277,深圳市省级文物保护单位,文体休闲,深圳市文化广电旅游体育局,有数据更新时,255,,361,7420,1092,无条件开放,主动开放,,,,,2016-10-12 17:56:06.0,2023-08-02 06:30
29200/01600279,深圳市规划保护范围及建设控制地带,文体休闲,深圳市文化广电旅游体育局,有数据更新时,444,,384,6273,88,无条件开放,主动开放,,,,,2016-10-12 17:59:53.0,2019-02-28 03:23
29200/01600283,演出场所和机构一览表,文体休闲,深圳市文化广电旅游体育局,有数据更新时,313,,365,9261,81,无条件开放,主动开放,,,,,2016-10-12 18:02:22.0,2023-08-02 06:31
29200/01600284,演出经纪机构,文体休闲,深圳市文化广电旅游体育局,有数据更新时,6156,,255,8712,87,无条件开放,主动开放,,,,,2016-10-12 18:04:35.0,2023-08-02 06:44
29200/01600287,绿色饭店一览表,文体休闲,深圳市文化广电旅游体育局,有数据更新时,4941,,393,13601,102,无条件开放,主动开放,,,,,2016-10-12 18:10:49.0,2023-08-02 06:35
29200/01600296,艺术大观,文体休闲,深圳市文化广电旅游体育局,有数据更新时,127,,213,4120,86,无条件开放,主动开放,,,,,2016-10-13 09:27:59.0,2023-08-02 07:29
29200/01600299,音乐下午茶,文体休闲,深圳市文化广电旅游体育局,有数据更新时,213,,180,2745,80,无条件开放,主动开放,,,,,2016-10-13 09:40:33.0,2023-08-02 07:32
29200/01600353,自助图书馆一览表,文体休闲,深圳市文化广电旅游体育局,有数据更新时,7126,,413,8636,161,无条件开放,主动开放,,,,,2016-11-07 19:31:20.0,2023-08-02 08:23
29200/01600354,公共文体设施,文体休闲,深圳市文化广电旅游体育局,有数据更新时,1271,,2292,8891,1039,无条件开放,主动开放,,,,,2016-11-07 19:35:00.0,2019-02-28 03:24
29200/01600355,美丽星期天,文体休闲,深圳市文化广电旅游体育局,有数据更新时,249,,172,2875,96,无条件开放,主动开放,,,,,2016-11-07 19:37:40.0,2019-02-28 03:24
29200/01600356,粤剧在周末,文体休闲,深圳市文化广电旅游体育局,有数据更新时,117,,126,4270,101,无条件开放,主动开放,,,,,2016-11-07 19:40:04.0,2019-02-28 03:24
29200/01600357,周末剧场,文体休闲,深圳市文化广电旅游体育局,有数据更新时,247,,204,2504,91,无条件开放,主动开放,,,,,2016-11-07 19:46:17.0,2020-12-04 07:28
29200/01600359,市文体旅游局直属单位、事业单位,政府机构,深圳市文化广电旅游体育局,有数据更新时,184,,434,8973,91,无条件开放,主动开放,,,,,2016-11-07 19:55:45.0,2019-02-28 03:24
29200/01600361,印刷企业基本信息,社会发展,深圳市新闻出版局,有数据更新时,2197,,131,14143,194,无条件开放,主动开放,,,,,2016-11-07 20:01:40.0,2023-12-27 03:24
29200/01600362,图书馆一览表,文体休闲,深圳市文化广电旅游体育局,有数据更新时,5494,,776,9048,123,无条件开放,主动开放,,,,,2016-11-07 20:04:36.0,2019-02-28 03:24
29200/01600363,美术馆一览表,文体休闲,深圳市文化广电旅游体育局,有数据更新时,166,,460,2250,90,无条件开放,主动开放,,,,,2016-11-07 20:07:28.0,2019-02-28 03:24
29200/01600408,设立旅行社申请许可信息,文体休闲,深圳市文化广电旅游体育局,有数据更新时,7269,,216,8018,445,无条件开放,主动开放,,,,,2016-11-17 17:40:42.0,2019-02-28 03:24
29200/01600409,中外合资印刷企业,文体休闲,深圳市新闻出版局,有数据更新时,437,,200,16199,66,无条件开放,主动开放,,,,,2016-11-17 17:50:41.0,2019-02-28 03:24
29200/01600801,赛事信息,文体休闲,深圳市文化广电旅游体育局,有数据更新时,597,,412,4464,93,无条件开放,主动开放,,,,,2017-07-14 14:25:09.0,2022-12-09 03:22
29200/01600802,体育彩票专卖店、网点,文体休闲,深圳市文化广电旅游体育局,有数据更新时,20403,,232,6206,172,无条件开放,主动开放,,,,,2017-07-14 14:35:21.0,2019-02-28 03:24
29200/01600803,公共体育场馆、健身场地设施,文体休闲,深圳市文化广电旅游体育局,有数据更新时,352,,1539,7608,298,无条件开放,主动开放,,,,,2017-07-14 14:38:51.0,2019-02-28 03:24
29200/01600958,各区博物馆,文体休闲,深圳市文化广电旅游体育局,有数据更新时,723,,457,4247,62,无条件开放,依申请开放,,,,,2017-12-12 23:10:47.0,2023-08-02 02:01
29200/01600960,各区免费开放博物馆、纪念馆,文体休闲,深圳市文化广电旅游体育局,有数据更新时,525,,511,4543,50,无条件开放,主动开放,,,,,2017-12-12 23:17:29.0,2023-08-02 02:00
29200/01600961,报纸出版单位,文体休闲,深圳市新闻出版局,有数据更新时,12,,173,14494,47,无条件开放,主动开放,,,,,2017-12-12 23:20:15.0,2023-08-02 02:03
29200/01600962,百姓游泳池信息,文体休闲,深圳市文化广电旅游体育局,有数据更新时,16521,,297,6881,95,无条件开放,主动开放,,,,,2017-12-12 23:22:33.0,2020-12-04 07:28
29200/01600963,深圳市体质测定与运动健身指导站点信息,劳动人事,深圳市文化广电旅游体育局,按年,95,,352,9372,65,无条件开放,主动开放,,,,,2017-12-12 23:24:36.0,2022-09-27 09:14
29200/01601035,青少年体育俱乐部,文体休闲,深圳市文化广电旅游体育局,有数据更新时,691,,561,10721,89,无条件开放,主动开放,,,,,2018-01-03 22:23:06.0,2023-08-02 02:07
29200/01601038,文化遗产表,文体休闲,深圳市文化广电旅游体育局,有数据更新时,859,,516,8052,95,无条件开放,主动开放,,,,,2018-01-04 02:24:28.0,2019-02-28 03:23
29200/01603045,期刊基本信息,文体休闲,深圳市新闻出版局,有数据更新时,35,,87,15679,47,无条件开放,主动开放,,,,,2018-06-20 13:17:02.0,2023-08-02 06:49
29200/01603046,出版物发行单位基本信息,文体休闲,深圳市新闻出版局,有数据更新时,624,,106,16682,58,无条件开放,主动开放,,,,,2018-06-20 13:59:27.0,2023-08-02 06:50
29200/01603048,各项体育运动记录信息,文体休闲,深圳市文化广电旅游体育局,有数据更新时,1163,,405,4329,73,无条件开放,主动开放,,,,,2018-06-20 14:05:54.0,2022-12-09 03:23
29200/01603049,文化产业园区情况一览表,企业服务,深圳市文化广电旅游体育局,有数据更新时,389,,1230,13926,318,无条件开放,主动开放,,,,,2018-06-20 14:25:03.0,2023-08-02 06:50
29200/01603050,电影院情况一览表,文体休闲,深圳市新闻出版局,有数据更新时,531,,297,17224,481,无条件开放,主动开放,,,,,2018-06-20 14:28:51.0,2023-04-12 08:16
29200/01603051,导游人员名单,文体休闲,深圳市文化广电旅游体育局,有数据更新时,61467,,297,8299,540,无条件开放,主动开放,,,,,2018-06-20 14:31:53.0,2023-08-02 06:51
29200/01603052,市级以上文保名单一览表,文体休闲,深圳市文化广电旅游体育局,有数据更新时,629,,324,5842,117,无条件开放,主动开放,,,,,2018-06-20 14:46:33.0,2023-08-02 06:52
29200/01603254,出境旅游领队人员信息,文体休闲,深圳市文化广电旅游体育局,有数据更新时,39041,,310,21941,364,无条件开放,主动开放,,,,,2018-12-19 20:11:47.0,2023-08-02 07:48
29200/01603255,旅游服务质量投诉信息公示,文体休闲,深圳市文化广电旅游体育局,按年,347,,321,24082,99,无条件开放,主动开放,,,,,2018-12-19 20:11:47.0,2023-08-02 07:51
29200/01603256,旅游经济形势分析,文体休闲,深圳市文化广电旅游体育局,有数据更新时,478,,1717,19278,57,无条件开放,主动开放,,,,,2018-12-19 20:11:47.0,2023-08-02 07:53
29200/01603257,旅游局行政处罚信息,文体休闲,深圳市文化广电旅游体育局,有数据更新时,208,,194,18151,165,无条件开放,主动开放,,,,,2018-12-19 20:11:48.0,2023-08-02 07:54
29200/01603258,旅游企业基本信息,文体休闲,深圳市文化广电旅游体育局,有数据更新时,14453,,779,7808,486,无条件开放,主动开放,,,,,2018-12-19 20:11:49.0,2023-08-02 07:55
29200/01603259,旅游统计月报,文体休闲,深圳市文化广电旅游体育局,有数据更新时,1212,,2433,6927,74,无条件开放,主动开放,,,,,2018-12-19 20:11:49.0,2023-08-02 07:56
29200/01603260,外资旅行社一览表,文体休闲,深圳市文化广电旅游体育局,有数据更新时,207,,183,7616,70,无条件开放,主动开放,,,,,2018-12-19 20:11:49.0,2023-08-02 07:57
29200/01603261,文艺表演团体,文体休闲,深圳市文化广电旅游体育局,有数据更新时,627,,180,6503,56,无条件开放,主动开放,,,,,2018-12-19 20:11:50.0,2023-08-02 07:58
29200/01603262,艺术品经营单位,文体休闲,深圳市文化广电旅游体育局,有数据更新时,1279,,241,1708,68,无条件开放,主动开放,,,,,2018-12-19 20:11:50.0,2023-08-02 07:58
29200/01603263,互联网上网服务经营场所,文体休闲,深圳市文化广电旅游体育局,有数据更新时,18455,,113,6860,605,无条件开放,主动开放,,,,,2018-12-19 20:11:50.0,2023-08-02 08:02
29200/01603264,网络文化经营单位,文体休闲,深圳市文化广电旅游体育局,有数据更新时,26761,,243,6546,915,无条件开放,主动开放,,,,,2018-12-19 20:11:51.0,2023-08-02 08:04
29200/01603265,娱乐场所经营单位,文体休闲,深圳市文化广电旅游体育局,有数据更新时,6070,,235,6801,86,无条件开放,主动开放,,,,,2018-12-19 20:11:51.0,2023-08-02 08:05
29200/01603492,市非物质文化遗产代表性传承人一览表,文体休闲,深圳市文化广电旅游体育局,有数据更新时,704,,190,6732,49,无条件开放,主动开放,,,,,2018-12-22 20:45:37.0,2019-02-28 03:24
29200/01603494,星级酒店复核情况,文体休闲,深圳市文化广电旅游体育局,有数据更新时,755,,451,12247,56,无条件开放,主动开放,,,,,2018-12-22 20:48:52.0,2019-02-28 03:24
29200/01603515,深圳市播出传输机构名单,文体休闲,深圳市文化广电旅游体育局,有数据更新时,252,,88,4574,35,无条件开放,主动开放,,,,,2019-11-05 16:03:53.0,2019-11-18 02:18
29200/01603516,职业体育俱乐部,文体休闲,深圳市文化广电旅游体育局,有数据更新时,136,,210,4179,42,无条件开放,主动开放,,,,,2019-11-05 16:04:10.0,2019-11-18 02:18
29200/01603518,主要群众体育赛事,文体休闲,深圳市文化广电旅游体育局,有数据更新时,423,,226,3719,88,无条件开放,主动开放,,,,,2019-11-05 16:04:47.0,2019-11-18 02:17
29200/01603519,文化广场一览,文体休闲,深圳市文化广电旅游体育局,有数据更新时,12481,,227,3735,90,无条件开放,主动开放,,,,,2019-11-05 16:05:02.0,2019-11-18 02:17
29200/01603520,鹏城金秋市民文化节,文体休闲,深圳市文化广电旅游体育局,有数据更新时,49,,97,3711,42,无条件开放,主动开放,,,,,2019-11-05 16:05:18.0,2019-11-29 03:57
29200/01603522,文博会艺术节,文体休闲,深圳市文化广电旅游体育局,有数据更新时,395,,115,4009,40,无条件开放,主动开放,,,,,2019-11-05 16:05:51.0,2019-11-29 03:57
29200/01603523,南书房夜话,文体休闲,深圳市文化广电旅游体育局,有数据更新时,109,,54,2625,34,无条件开放,主动开放,,,,,2019-11-05 16:06:09.0,2019-11-29 03:57
29200/01603524,游艺娱乐场所经营单位,文体休闲,深圳市文化广电旅游体育局,有数据更新时,1141,,108,3842,52,无条件开放,主动开放,,,,,2019-11-05 16:06:27.0,2019-11-18 02:17
29200/01603525,歌舞娱乐场所经营单位,文体休闲,深圳市文化广电旅游体育局,有数据更新时,6075,,115,4038,61,无条件开放,主动开放,,,,,2019-11-05 16:06:44.0,2019-11-18 02:17
29200/01603526,深圳市青少年儿童锦标赛田径比赛成绩记录表,文体休闲,深圳市文化广电旅游体育局,有数据更新时,1110,,81,2473,38,无条件开放,主动开放,,,,,2020-05-19 17:29:46.0,2020-06-01 08:56
29200/01603527,深圳市青少年儿童锦标赛游泳比赛成绩记录表,文体休闲,深圳市文化广电旅游体育局,有数据更新时,3610,,160,2840,50,无条件开放,主动开放,,,,,2020-05-19 17:30:04.0,2020-06-01 08:56
29200/01603528,深圳读书月,文体休闲,深圳市文化广电旅游体育局,有数据更新时,796,,86,2709,32,无条件开放,主动开放,,,,,2020-05-19 17:30:37.0,2020-06-01 08:56
29200/01603529,中外精品演出季,文体休闲,深圳市文化广电旅游体育局,有数据更新时,109,,45,2396,38,无条件开放,主动开放,,,,,2020-05-19 17:30:54.0,2020-06-01 08:56
29200/01603530,深圳动漫节,文体休闲,深圳市文化广电旅游体育局,有数据更新时,13,,112,2462,101,无条件开放,主动开放,,,,,2020-05-19 17:31:12.0,2020-06-01 08:56
29200/01603531,一带一路国际音乐季,文体休闲,深圳市文化广电旅游体育局,有数据更新时,175,,48,1863,38,无条件开放,主动开放,,,,,2020-05-19 17:31:27.0,2020-06-01 08:56
29200/01603532,社会体育指导员服务站,文体休闲,深圳市文化广电旅游体育局,有数据更新时,575,,44,4249,38,无条件开放,主动开放,,,,,2020-05-19 17:31:43.0,2020-06-01 08:56
29200/01603533,区级文物保护单位,文体休闲,深圳市文化广电旅游体育局,有数据更新时,5167,,176,2320,45,无条件开放,主动开放,,,,,2020-05-19 17:32:01.0,2020-06-01 08:56
29200/01603534,深圳大剧院活动数据,文体休闲,深圳市文化广电旅游体育局,有数据更新时,558,,125,2441,34,无条件开放,主动开放,,,,,2021-12-07 17:44:50.0,2021-12-10 08:04
29200/01603535,深圳音乐厅活动数据,文体休闲,深圳市文化广电旅游体育局,有数据更新时,1031,,92,1174,42,无条件开放,主动开放,,,,,2021-12-07 17:48:10.0,2021-12-10 08:05
29200/01603536,关山月美术馆活动数据,文体休闲,深圳市文化广电旅游体育局,有数据更新时,374,,65,1039,62,无条件开放,主动开放,,,,,2021-12-07 17:57:42.0,2021-12-10 09:10
29200/01603537,深圳美术馆活动数据,文体休闲,深圳市文化广电旅游体育局,有数据更新时,190,,143,6917,24,无条件开放,主动开放,,,,,2021-12-07 18:01:13.0,2021-12-10 09:10
29200/01603538,深圳市当代艺术与城市规划馆活动数据,文体休闲,深圳市文化广电旅游体育局,有数据更新时,44,,96,1860,30,无条件开放,主动开放,,,,,2021-12-07 18:11:24.0,2021-12-10 09:46
29200/01603539,深圳图书馆读者活动,文体休闲,深圳市文化广电旅游体育局,有数据更新时,3798,,56,2275,24,无条件开放,主动开放,,,,,2021-12-07 18:21:11.0,2021-12-10 09:47
29200/01603540,深圳市文化馆周末剧场线上直播数据,文体休闲,深圳市文化广电旅游体育局,有数据更新时,269,,47,2556,24,无条件开放,主动开放,,,,,2021-12-07 18:24:31.0,2021-12-10 09:48
29200/01603541,深圳市文化馆线上培训数据,文体休闲,深圳市文化广电旅游体育局,有数据更新时,1629,,39,3008,24,无条件开放,主动开放,,,,,2021-12-07 18:27:44.0,2021-12-10 10:05
29200/01603542,深圳戏院活动数据,文体休闲,深圳市文化广电旅游体育局,有数据更新时,527,,74,1143,34,无条件开放,主动开放,,,,,2022-01-13 10:28:33.0,2024-11-20 10:36
29200/01603543,电视剧制作许可证（乙种）,政府机构,深圳市文化广电旅游体育局,有数据更新时,37,,12,1063,24,无条件开放,主动开放,,,,,2022-11-28 11:33:43.0,2022-11-28 03:05
29200/01603544,深圳市营业性演出场馆一览表,文体休闲,深圳市文化广电旅游体育局,有数据更新时,123,,83,1568,24,无条件开放,主动开放,,,,,2022-11-28 11:35:26.0,2022-11-28 03:17
29200/01603545,深圳市文化广电旅游体育局-市级公共文化类主要社会组织,文体休闲,深圳市文化广电旅游体育局,有数据更新时,145,,52,819,24,无条件开放,主动开放,,,,,2022-11-25 11:38:05.0,2024-11-21 01:50
29200/01603546,A级旅行社名单,文体休闲,深圳市文化广电旅游体育局,有数据更新时,35,,107,1071,41,无条件开放,主动开放,,,,,2022-11-28 11:40:25.0,2022-11-28 03:21
29200/01603547,运动员等级,文体休闲,深圳市文化广电旅游体育局,有数据更新时,6885,,37,752,28,无条件开放,主动开放,,,,,2022-08-26 11:42:04.0,2024-11-21 01:46
29200/01603548,深圳市文化广电旅游体育局-深圳市不可移动革命文物名录,文体休闲,深圳市文化广电旅游体育局,有数据更新时,537,,86,2632,26,无条件开放,主动开放,,,,,2022-11-28 11:43:48.0,2022-11-28 03:18
29200/01603549,深圳市室外智能健身场所一览表,文体休闲,深圳市文化广电旅游体育局,按年,896,,120,3004,29,无条件开放,主动开放,,,,,2022-08-26 11:45:11.0,2022-11-28 03:24
29200/01603550,深圳市攀岩项目信息,文体休闲,深圳市文化广电旅游体育局,有数据更新时,127,,44,937,32,无条件开放,主动开放,,,,,2022-11-28 16:05:17.0,2022-11-28 03:03
29200/01603552,深圳图书馆-人文讲坛,文体休闲,深圳市文化广电旅游体育局,有数据更新时,92,,15,575,24,无条件开放,主动开放,,,,,2023-11-29 16:07:30.701,2023-12-06 07:34
29200/01603553,深圳市浴场型沙滩,文体休闲,深圳市文化广电旅游体育局,有数据更新时,30,,48,645,24,无条件开放,主动开放,,,,,2023-11-29 16:12:23.89,2023-12-06 07:34
29200/01603554,剧本娱乐场所经营单位,文体休闲,深圳市文化广电旅游体育局,有数据更新时,334,,28,661,24,无条件开放,主动开放,,,,,2023-11-29 16:12:23.949,2023-12-06 07:33
29200/01603555,深圳市潜水项目信息,政府机构,深圳市文化广电旅游体育局,有数据更新时,15,,27,2119,24,无条件开放,主动开放,,,,,2025-01-10 19:08:02.129,2025-01-10 11:08
29200/01900300,燃气经营许可证,社会发展,深圳市住房和建设局,有数据更新时,121,,317,11884,144,无条件开放,主动开放,,,,,2016-10-13 09:43:33.0,2024-09-23 07:22
29200/01900485,市住房和建设局_行政处罚信息,经济建设,深圳市住房和建设局,按年,1493,,955,15594,10359,无条件开放,主动开放,,,,,2016-12-08 18:34:59.0,2024-05-14 03:00
29200/01900486,市住房和建设局-燃气企业及其分支机构设立许可,经济建设,深圳市住房和建设局,有数据更新时,29,,363,14862,215,无条件开放,主动开放,,,,,2016-12-08 18:41:46.0,2024-05-15 08:43
29200/01900874,竣工验收备案信息,社会发展,深圳市住房和建设局,按年,11860,,990,14836,1335,无条件开放,依申请开放,,,,,2017-07-25 14:19:09.0,2019-02-28 03:26
29200/01900876,建筑施工企业数据,经济建设,深圳市住房和建设局,按年,22336,,1937,13023,1129,无条件开放,依申请开放,,,,,2017-07-25 14:27:51.0,2024-05-15 08:18
29200/01900877,市住房和建设局_行政许可信息,社会发展,深圳市住房和建设局,有数据更新时,65521,,369,18748,2818,无条件开放,主动开放,,,,,2017-07-25 14:40:02.0,2024-05-08 07:08
29200/01900878,注册监理工程师,社会发展,深圳市住房和建设局,按年,20049,,220,10941,7101,无条件开放,主动开放,,,,,2017-07-25 14:44:08.0,2024-05-15 08:34
29200/01900879,注册造价工程师,社会发展,深圳市住房和建设局,按年,16853,,225,10742,1701,无条件开放,主动开放,,,,,2017-07-25 14:49:04.0,2026-06-10 07:52
29200/01900880,小型工程项目负责人,社会发展,深圳市住房和建设局,有数据更新时,2367,,132,5959,144,无条件开放,主动开放,,,,,2017-07-25 14:51:21.0,2024-05-16 07:52
29200/01900884,物业从业人员查询,经济建设,深圳市住房和建设局,按年,564527,,356,13815,2197,无条件开放,依申请开放,,,,,2017-07-25 15:04:29.0,2019-02-28 03:26
29200/01900885,小区物业项目查询,经济建设,深圳市住房和建设局,按年,10204,,1020,11704,52275,无条件开放,依申请开放,,,,,2017-07-25 15:07:23.0,2019-02-28 03:26
29200/01900886,物业企业查询,经济建设,深圳市住房和建设局,按年,1799,,757,9208,9816,无条件开放,主动开放,,,,,2017-07-25 15:09:25.0,2024-05-16 07:50
29200/01900887,建筑业企业,经济建设,深圳市住房和建设局,有数据更新时,21672,,1362,9439,923,无条件开放,依申请开放,,,,,2017-07-25 15:12:11.0,2024-05-15 08:36
29200/01900888,工程监理企业,经济建设,深圳市住房和建设局,有数据更新时,1627,,463,8256,138,无条件开放,依申请开放,,,,,2017-07-25 15:25:23.0,2024-05-13 09:09
29200/01900889,工程设计与施工一体化企业,社会发展,深圳市住房和建设局,按年,227,,417,6640,83,无条件开放,依申请开放,,,,,2017-07-25 15:27:02.0,2021-08-03 02:11
29200/01900890,勘察设计企业,经济建设,深圳市住房和建设局,有数据更新时,4858,,753,10614,186,无条件开放,主动开放,,,,,2017-07-25 15:30:04.0,2020-12-04 07:30
29200/01900891,施工图审查机构,社会发展,深圳市住房和建设局,按年,22,,266,8058,144,无条件开放,依申请开放,,,,,2017-07-25 15:31:27.0,2019-02-28 03:26
29200/01900892,工程招标代理企业,社会发展,深圳市住房和建设局,按年,798,,348,10612,534,无条件开放,依申请开放,,,,,2017-07-25 15:36:25.0,2019-02-28 03:26
29200/01900893,造价咨询企业,社会发展,深圳市住房和建设局,按年,1202,,454,12177,147,无条件开放,依申请开放,,,,,2017-07-25 15:45:55.0,2019-02-28 03:26
29200/01900899,人才住房和保障性住房项目信息,社会发展,深圳市住房和建设局,有数据更新时,844,,1843,6850,439,无条件开放,依申请开放,,,,,2017-08-02 11:05:52.0,2019-02-28 03:26
29200/01900902,公积金缴存提取受理网点,政府机构,深圳市住房和建设局,按年,5990,,151,6813,76,无条件开放,主动开放,,,,,2017-08-02 14:35:17.0,2019-02-28 03:26
29200/01900903,公积金委托贷款受理网点,政府机构,深圳市住房和建设局,按年,12920,,141,8207,324,无条件开放,依申请开放,,,,,2017-08-02 14:37:27.0,2019-02-28 03:26
29200/01900906,面向社会的公共租赁房申请、获批信息,经济建设,深圳市住房和建设局,有数据更新时,1339681,,513,8330,104511,无条件开放,依申请开放,,,,,2017-08-02 14:47:17.0,2024-05-16 07:47
29200/01900908,物业专项维修资金归集信息,政府机构,深圳市住房和建设局,按年,280689,,286,7715,2417,无条件开放,依申请开放,,,,,2017-08-02 15:01:43.0,2019-02-28 03:26
29200/01900909,物业专项维修资金使用信息,政府机构,深圳市住房和建设局,按年,60266,,366,11718,291576,无条件开放,依申请开放,,,,,2017-08-02 15:04:29.0,2019-02-28 03:26
29200/01900910,政府保障房-楼栋基本信息,社会发展,深圳市住房和建设局,有数据更新时,712,,784,7366,3552,无条件开放,依申请开放,,,,,2017-08-02 15:08:50.0,2019-02-28 03:26
29200/01900911,政府保障房-房屋基本信息,社会发展,深圳市住房和建设局,有数据更新时,230332,,1155,13945,513838,无条件开放,依申请开放,,,,,2017-08-02 15:19:16.0,2019-02-28 03:26
29200/01900912,政府保障房-房屋合同信息（租房）,社会发展,深圳市住房和建设局,有数据更新时,177273,,934,21468,953537,无条件开放,依申请开放,,,,,2017-08-02 15:32:54.0,2019-02-28 03:26
29200/01900913,政府保障房-房屋合同信息（售房）,经济建设,深圳市住房和建设局,按年,95675,,1182,15245,52380,无条件开放,主动开放,,,,,2017-08-02 15:35:59.0,2022-06-10 07:53
29200/01900914,政府保障房-小区基本信息,社会发展,深圳市住房和建设局,按年,394,,1562,8695,1185,无条件开放,依申请开放,,,,,2017-08-02 15:41:17.0,2019-02-28 03:26
29200/01900915,建筑类专业人员基本信息,经济建设,深圳市住房和建设局,有数据更新时,202037,,354,9089,3637,无条件开放,主动开放,,,,,2017-08-02 15:45:16.0,2020-12-04 07:30
29200/01900917,燃气汽车加气站登记信息,社会发展,深圳市住房和建设局,有数据更新时,27,,157,7784,81,无条件开放,依申请开放,,,,,2017-08-03 09:27:12.0,2019-02-28 03:26
29200/01900918,建筑施工三类人员证书信息,社会发展,深圳市住房和建设局,按年,117036,,360,32738,128864,无条件开放,主动开放,,,,,2017-08-03 09:31:17.0,2024-05-14 02:35
29200/01900919,建筑企业业绩信息,社会发展,深圳市住房和建设局,按年,30754,,604,16861,1007,无条件开放,主动开放,,,,,2017-08-03 09:33:28.0,2024-05-13 09:09
29200/01900920,勘察、设计企业资质证书信息,经济建设,深圳市住房和建设局,有数据更新时,20273,,551,11561,773,无条件开放,主动开放,,,,,2017-08-03 09:35:32.0,2020-12-04 07:31
29200/01900921,项目基本信息,社会发展,深圳市住房和建设局,有数据更新时,90851,,1295,21312,20134,无条件开放,主动开放,,,,,2017-08-03 09:37:45.0,2024-05-07 07:45
29200/01900922,工程基本信息,社会发展,深圳市住房和建设局,按年,14311,,765,11108,71566,无条件开放,主动开放,,,,,2017-08-03 09:42:05.0,2024-05-13 08:57
29200/01900924,中标公示信息,政府机构,深圳市住房和建设局,有数据更新时,22983,,285,8909,941,无条件开放,依申请开放,,,,,2017-08-03 09:45:46.0,2019-02-28 03:26
29200/01900926,注册建筑工程师,社会发展,深圳市住房和建设局,按年,7748,,273,15042,2517,无条件开放,主动开放,,,,,2017-08-03 09:51:05.0,2024-05-14 02:50
29200/01900927,注册结构工程师,社会发展,深圳市住房和建设局,按年,3972,,208,11481,161,无条件开放,主动开放,,,,,2017-08-03 10:00:13.0,2024-05-16 07:55
29200/01902909,施工许可证信息,社会发展,深圳市住房和建设局,按年,67477,,2013,31890,817920,无条件开放,主动开放,,,,,2018-04-10 11:02:39.0,2024-05-13 09:03
29200/01903025,住房建设相关行业协会信息,经济建设,深圳市住房和建设局,有数据更新时,20,,262,3451,91,无条件开放,主动开放,,,,,2018-06-15 09:37:17.0,2019-02-28 03:23
29200/01903026,户内燃气管道报装服务网点一览表,经济建设,深圳市住房和建设局,有数据更新时,23,,79,8595,65,无条件开放,主动开放,,,,,2018-06-15 09:43:58.0,2020-12-04 07:31
29200/01903027,建筑类企业资质证书信息,社会发展,深圳市住房和建设局,有数据更新时,123438,,1349,25391,570832,无条件开放,主动开放,,,,,2018-06-15 10:10:55.0,2026-06-09 01:28
29200/01903408,水利监理工程师,社会发展,深圳市住房和建设局,有数据更新时,288,,78,7483,135,无条件开放,主动开放,,,,,2018-12-22 18:10:35.0,2019-02-28 03:24
29200/01903409,其他人员,社会发展,深圳市住房和建设局,有数据更新时,9896,,363,20535,145,无条件开放,主动开放,,,,,2018-12-22 18:10:36.0,2019-02-28 03:24
29200/01903410,房屋安全鉴定机构（历史遗留违法建筑）,社会发展,深圳市住房和建设局,有数据更新时,29,,172,2567,64,无条件开放,主动开放,,,,,2018-12-22 18:10:37.0,2019-02-28 03:24
29200/01903411,公共住房竣工项目,经济建设,深圳市住房和建设局,有数据更新时,198,,498,5947,87,无条件开放,主动开放,,,,,2018-12-22 18:10:38.0,2021-08-19 09:59
29200/01903413,棚户区项目信息,社会发展,深圳市住房和建设局,有数据更新时,28,,501,3887,161,无条件开放,主动开放,,,,,2018-12-22 18:10:40.0,2023-08-02 08:09
29200/01903414,物业专项维修资金专户年度归集和划转统计表,政府机构,深圳市住房和建设局,有数据更新时,12,,99,7851,69,无条件开放,主动开放,,,,,2018-12-22 18:10:40.0,2024-06-12 07:02
29200/01903415,预拌混凝土和预拌砂浆企业,社会发展,深圳市住房和建设局,有数据更新时,67,,286,8788,142,无条件开放,主动开放,,,,,2018-12-22 18:10:40.0,2019-02-28 03:24
29200/01903416,红色警示,社会发展,深圳市住房和建设局,有数据更新时,2744,,355,4837,284034,无条件开放,主动开放,,,,,2018-12-22 18:10:41.0,2023-08-02 08:17
29200/01903417,注册电气工程师,经济建设,深圳市住房和建设局,有数据更新时,1950,,206,12228,144,无条件开放,主动开放,,,,,2018-12-22 18:10:41.0,2024-05-14 02:53
29200/01903418,注册公用设备工程师,经济建设,深圳市住房和建设局,有数据更新时,3539,,228,12153,154,无条件开放,主动开放,,,,,2018-12-22 18:10:42.0,2026-06-09 01:28
29200/01903419,注册化工工程师,社会发展,深圳市住房和建设局,有数据更新时,72,,71,8149,137,无条件开放,主动开放,,,,,2018-12-22 18:10:42.0,2019-02-28 03:24
29200/01903420,注册土木工程师,社会发展,深圳市住房和建设局,有数据更新时,2662,,247,15468,162,无条件开放,主动开放,,,,,2018-12-22 18:10:42.0,2019-02-28 03:24
29200/01903421,注册环保工程师,社会发展,深圳市住房和建设局,有数据更新时,75,,89,9042,142,无条件开放,主动开放,,,,,2018-12-22 18:10:43.0,2019-02-28 03:24
29200/01903422,职称人员,经济建设,深圳市住房和建设局,有数据更新时,93925,,1242,22096,2521,无条件开放,主动开放,,,,,2018-12-22 18:10:43.0,2026-06-09 01:28
29200/01903423,施工现场岗位人员,经济建设,深圳市住房和建设局,有数据更新时,81603,,375,15464,975,无条件开放,主动开放,,,,,2018-12-22 18:10:44.0,2024-05-14 02:46
29200/01903424,职业技能岗位人员,经济建设,深圳市住房和建设局,有数据更新时,8869,,434,16460,680,无条件开放,主动开放,,,,,2018-12-22 18:10:46.0,2024-05-14 02:31
29200/01903425,企业主要管理人员,社会发展,深圳市住房和建设局,有数据更新时,9350,,1242,20185,234,无条件开放,主动开放,,,,,2018-12-22 18:10:48.0,2019-02-28 03:24
29200/01903426,工程勘察企业,社会发展,深圳市住房和建设局,有数据更新时,1104,,471,15512,139,无条件开放,主动开放,,,,,2018-12-22 18:10:51.0,2019-02-28 03:24
29200/01903427,工程设计企业,经济建设,深圳市住房和建设局,有数据更新时,3907,,1361,18653,226,无条件开放,依申请开放,,,,,2018-12-22 18:10:51.0,2021-01-07 08:46
29200/01903428,预制构件企业,社会发展,深圳市住房和建设局,有数据更新时,42,,144,8931,122,无条件开放,主动开放,,,,,2018-12-22 18:10:53.0,2019-02-28 03:24
29200/01903474,业主大会信息,社会发展,深圳市住房和建设局,有数据更新时,1032,,508,6878,6833,无条件开放,依申请开放,,,,,2018-12-22 20:06:39.0,2020-12-03 09:13
29200/01903487,安居工程建设筹集项目,社会发展,深圳市住房和建设局,有数据更新时,888,,342,4736,90,无条件开放,主动开放,,,,,2018-12-22 20:35:38.0,2019-02-28 03:24
29200/01903488,公租房轮候数据,经济建设,深圳市住房和建设局,有数据更新时,462102,,986,12495,52265,无条件开放,依申请开放,,,,,2019-05-06 14:51:13.0,2019-05-10 01:11
29200/01903491,建筑市场劳资纠纷曝光台,经济建设,深圳市住房和建设局,有数据更新时,16,,83,5338,174,无条件开放,主动开放,,,,,2019-08-23 11:13:24.0,2019-08-23 11:32
29200/01903492,固定消纳场运营情况统计,企业服务,深圳市住房和建设局,有数据更新时,53,,156,6916,169,无条件开放,依申请开放,,,,,2019-08-23 11:13:50.0,2019-08-23 10:36
29200/01903493,竣工结算审核表,经济建设,深圳市住房和建设局,存档,1605,,230,8723,72,无条件开放,依申请开放,,,,,2019-08-23 11:14:10.0,2024-09-23 07:17
29200/01903494,公共租赁住房轮候册认租计次数据,经济建设,深圳市住房和建设局,有数据更新时,45991,,14,4279,197,有条件开放,依申请开放,,,,,2019-10-17 10:59:37.0,2019-10-18 02:49
29200/01903495,安居型商品房轮候册认购计次数据,经济建设,深圳市住房和建设局,有数据更新时,73275,,12,4359,267,有条件开放,依申请开放,,,,,2019-10-17 11:00:01.0,2019-10-18 02:49
29200/01903497,租赁平台机构注册数据,企业服务,深圳市住房和建设局,有数据更新时,562,,276,8267,54,无条件开放,主动开放,,,,,2019-10-17 11:01:26.0,2019-10-18 02:48
29200/01903499,截标数据,经济建设,深圳市住房和建设局,有数据更新时,32656,,323,8590,204,无条件开放,依申请开放,,,,,2019-10-17 11:02:05.0,2019-10-18 02:48
29200/01903500,建设工程质量检测机构数据,经济建设,深圳市住房和建设局,有数据更新时,110,,236,967,40,无条件开放,主动开放,,,,,2019-10-17 11:02:23.0,2019-10-18 02:48
29200/01903501,建设工程设计变更备案信息公示,经济建设,深圳市住房和建设局,有数据更新时,494,,80,3754,52,无条件开放,依申请开放,,,,,2019-10-17 11:02:41.0,2019-10-18 03:09
29200/01903502,可办理公积金贷款的预售房源数据,政府机构,深圳市住房和建设局,按年,235418,,396,9757,1366,无条件开放,主动开放,,,,,2019-10-17 11:02:59.0,2019-10-18 02:48
29200/01903503,住房公积金业务运行数据,政府机构,深圳市住房和建设局,按年,91,,325,8634,2732,无条件开放,主动开放,,,,,2019-10-17 11:03:15.0,2019-10-18 02:48
29200/01903504,深圳市建设工程交易数据,经济建设,深圳市住房和建设局,有数据更新时,33845,,215,10730,2640,有条件开放,依申请开放,,,,,2020-04-16 17:48:50.0,2020-04-16 13:52
29200/01903505,经纪机构交易统计,经济建设,深圳市住房和建设局,有数据更新时,300,,4,3428,8,有条件开放,依申请开放,,,,,2020-04-16 17:49:28.0,2020-04-16 13:52
29200/01903507,宝安区-户外广告审批数据,政府机构,宝安区人民政府,有数据更新时,443,,73,6898,359,无条件开放,主动开放,,,,,2020-04-16 17:51:02.0,2026-08-19 01:14
29200/01903508,商品房批准预售信息,经济建设,深圳市住房和建设局,有数据更新时,2155,,1335,6698,33205,无条件开放,主动开放,,,,,2020-04-29 17:32:43.0,2021-11-13 06:55
29200/01903509,二手房源信息,经济建设,深圳市住房和建设局,有数据更新时,794095,,4665,19565,1619455,无条件开放,依申请开放,,,,,2020-04-29 17:33:11.0,2020-05-22 09:35
29200/01903510,一手商品房成交信息（按日统计）,经济建设,深圳市住房和建设局,按日,125368,,14621,54183,1475551,无条件开放,依申请开放,,,,,2020-04-29 17:33:33.0,2020-05-22 09:34
29200/01903511,一手商品房按面积统计成交信息（按日统计）,经济建设,深圳市住房和建设局,按日,59027,,3625,14065,113629,无条件开放,依申请开放,,,,,2020-04-29 17:33:55.0,2020-05-22 09:34
29200/01903513,二手房成交信息（按日统计）,经济建设,深圳市住房和建设局,按日,95859,,17327,44218,985989,无条件开放,依申请开放,,,,,2020-04-29 17:34:40.0,2020-05-22 09:34
29200/01903514,深圳市绿色建筑项目名单,生态文明,深圳市住房和建设局,有数据更新时,1521,,690,4159,52,无条件开放,主动开放,,,,,2020-04-29 17:35:15.0,2020-05-22 09:34
29200/01903515,深圳市建设工程新技术认证项目,经济建设,深圳市住房和建设局,有数据更新时,18,,37,1548,44,无条件开放,主动开放,,,,,2020-04-29 17:35:36.0,2020-05-22 09:34
29200/01903516,深圳市住宅小区二手住房成交参考价格表,经济建设,深圳市住房和建设局,有数据更新时,7653,,2455,4967,77789,无条件开放,依申请开放,,,,,2021-02-26 15:46:12.0,2021-02-26 08:55
29200/01903517,消防备案,经济建设,深圳市住房和建设局,有数据更新时,15441,,274,7135,75995,无条件开放,主动开放,,,,,2021-03-16 11:24:56.0,2023-10-10 09:41
29200/01903521,办理建筑施工许可信息,经济建设,深圳市住房和建设局,有数据更新时,7577,,50,6790,0,有条件开放,依申请开放,,,,,2021-04-21 18:32:24.0,2021-04-23 08:27
29200/01903523,工程建设领域科技计划项目,教育科技,深圳市住房和建设局,有数据更新时,330,,60,1148,40,无条件开放,主动开放,,,,,2021-12-08 11:49:14.0,2021-12-12 08:29
29200/01903524,深圳市消纳场所,企业服务,深圳市住房和建设局,有数据更新时,1043,,75,984,37,无条件开放,主动开放,,,,,2021-12-08 11:57:30.0,2021-12-12 08:30
29200/01903525,消防验收,企业服务,深圳市住房和建设局,有数据更新时,77486,,319,3547,331,无条件开放,主动开放,,,,,2021-12-08 14:25:39.0,2024-05-16 07:59
29200/01903526,消防设计审查,企业服务,深圳市住房和建设局,有数据更新时,93216,,214,2748,439,无条件开放,主动开放,,,,,2021-12-08 14:32:51.0,2023-10-10 09:43
29200/01903528,房地产开发企业资质信息,经济建设,深圳市住房和建设局,有数据更新时,2706,,1100,35439,1924081,无条件开放,主动开放,,,,,2021-12-08 14:48:43.0,2021-12-12 11:22
29200/01903529,房地产行业失信目录,经济建设,深圳市住房和建设局,有数据更新时,362,,617,1753,90199,无条件开放,主动开放,,,,,2021-12-08 14:58:16.0,2021-12-12 11:23
29200/01903530,市住房建设局-撤销认租申请信息,社会发展,深圳市住房和建设局,有数据更新时,63449,,0,619,0,有条件开放,主动开放,,,,,2022-11-24 09:50:50.0,2022-11-24 08:41
29200/01903531,市住房建设局-撤销认购申请信息,社会发展,深圳市住房和建设局,有数据更新时,57455,,0,519,1,有条件开放,主动开放,,,,,2022-11-28 10:14:49.0,2022-11-28 02:07
29200/01903532,市住房建设局-建设工程档案项目级目录,政府机构,深圳市住房和建设局,有数据更新时,8136,,52,857,36,无条件开放,主动开放,,,,,2022-11-28 10:23:13.0,2022-11-28 02:14
29200/01903533,市住房建设局—建筑废弃物固定消纳场所信息,生态文明,深圳市住房和建设局,有数据更新时,7,,59,522,25,无条件开放,主动开放,,,,,2022-07-12 10:25:27.0,2022-12-29 07:40
29200/01903534,市住房建设局-房地产估价机构信息,经济建设,深圳市住房和建设局,有数据更新时,84,,598,2032,38,无条件开放,主动开放,,,,,2022-07-12 10:27:53.0,2022-12-14 06:55
29200/01903535,市住房建设局-近五年全市物业维修金使用情况,财税金融,深圳市住房和建设局,有数据更新时,9,,415,5165,116,无条件开放,主动开放,,,,,2022-11-28 10:32:48.0,2022-11-28 02:30
29200/01903536,市住房建设局-物业服务企业评价信息,信用服务,深圳市住房和建设局,有数据更新时,2210,,244,2096,182,无条件开放,主动开放,,,,,2022-11-28 10:34:59.0,2022-11-28 02:33
29200/01903537,市住房建设局-公积金办理点定位,财税金融,深圳市住房和建设局,有数据更新时,518,,25,1139,40,无条件开放,主动开放,,,,,2022-11-28 10:36:49.0,2026-07-15 08:55
29200/01903538,深圳市住房和建设局-住房公积金业务渠道运行数据,财税金融,深圳市住房和建设局,按年,182,,68,1395,24,无条件开放,主动开放,,,,,2023-12-06 17:59:58.101,2023-12-19 10:06
29200/01903539,深圳市住房和建设局-安居型商品房轮候数据,社会发展,深圳市住房和建设局,有数据更新时,760692,,3,463,52,有条件开放,主动开放,,,,,2023-12-06 17:59:58.202,2023-12-19 10:03
29200/01903540,深圳市住房和建设局-物业专项维修资金首期归集信息,社会发展,深圳市住房和建设局,按年,5839,,100,4537,39369,无条件开放,主动开放,,,,,2023-12-06 17:59:58.28,2024-07-11 08:16
29200/01903541,深圳市住房和建设局-物业专项维修资金日常归集信息,社会发展,深圳市住房和建设局,按年,572218,,234,23716,1840049,无条件开放,主动开放,,,,,2023-12-06 17:59:58.358,2023-12-19 10:36
29200/01903542,深圳市住房和建设局-城市燃气天然气管网长度,社会发展,深圳市住房和建设局,有数据更新时,50,,61,1467,24,无条件开放,主动开放,,,,,2023-12-06 17:59:58.432,2023-12-18 03:39
29200/01903543,深圳市住房和建设局-城建档案项目接收公示信息,政府机构,深圳市住房和建设局,有数据更新时,451,,1,397,0,有条件开放,主动开放,,,,,2023-12-06 17:59:58.499,2023-12-19 10:13
29200/01903544,深圳市住房和建设局-城建档案管理机构信息,政府机构,深圳市住房和建设局,有数据更新时,6,,0,273,0,有条件开放,主动开放,,,,,2023-12-06 17:59:58.582,2023-12-19 10:14
29200/01903545,深圳市住房和建设局-城中村租赁参考价格,社会发展,深圳市住房和建设局,有数据更新时,2042,,595,982,218,无条件开放,主动开放,,,,,2023-12-06 17:59:58.65,2025-03-07 02:04
29200/01903546,深圳市住房和建设局-小区租赁参考价格,社会发展,深圳市住房和建设局,有数据更新时,4319,,513,813,130,无条件开放,主动开放,,,,,2023-12-06 17:59:58.765,2025-03-07 02:04
29200/01903547,深圳市住房和建设局-产业园区租赁参考价格,社会发展,深圳市住房和建设局,有数据更新时,6702,,249,665,1603,无条件开放,主动开放,,,,,2023-12-06 17:59:59.0,2025-03-07 02:04
29200/01903548,深圳市住房公积金归集业务运行数据,政府机构,深圳市住房和建设局,按年,20,,5,1578,0,有条件开放,主动开放,,,,,2025-01-20 15:15:25.416,2025-01-20 07:15
29200/01903549,深圳市住房公积金提取业务运行数据,政府机构,深圳市住房和建设局,按年,20,,0,1984,0,有条件开放,主动开放,,,,,2025-01-20 15:16:59.239,2025-01-20 07:16
29200/01903550,深圳市物业管理区域基础信息,政府机构,深圳市住房和建设局,按年,17295478,,54,4492,20055,有条件开放,主动开放,,,,,2025-01-16 15:21:28.0,2025-09-04 10:26
29200/01903551,深圳市物业专项维修资金灭失退还信息,政府机构,深圳市住房和建设局,按年,1974,,0,1435,0,有条件开放,主动开放,,,,,2025-01-20 15:19:18.481,2025-01-20 07:19
29200/01903552,深圳市建设工程造价指数-建安工程材料费指数,政府机构,深圳市住房和建设局,有数据更新时,23,,42,1098,24,无条件开放,主动开放,,,,,2025-01-20 15:34:23.508,2025-01-20 07:34
29200/01903553,深圳市建设工程造价指数-市政工程材料费指数,政府机构,深圳市住房和建设局,有数据更新时,24,,43,1528,24,无条件开放,主动开放,,,,,2025-01-20 15:36:47.593,2025-01-20 07:36
29200/01903556,深圳市新竣工绿色建筑项目,政府机构,深圳市住房和建设局,有数据更新时,30,,72,1115,24,无条件开放,主动开放,,,,,2025-01-20 16:04:43.143,2025-01-20 08:05
29200/02200282,会计师事务所（含分所）信息,经济建设,深圳市财政局,按年,497,,684,26096,157,无条件开放,主动开放,,,,,2016-10-12 18:01:53.0,2021-05-08 04:13
29200/02200319,市本级一般公共预算和政府性基金支出决算数据,财税金融,深圳市财政局,有数据更新时,4751,,541,8766,644,无条件开放,主动开放,,,,,2016-10-13 10:17:26.0,2023-08-02 07:47
29200/02200321,市本级一般公共预算和政府性基金支出预算数据,经济建设,深圳市财政局,有数据更新时,4167,,517,19220,817,无条件开放,依申请开放,,,,,2016-10-13 10:19:46.0,2021-07-29 04:33
29200/02200818,年度行政事业性收费项目目录,财税金融,深圳市财政局,有数据更新时,135,,112,7964,65,无条件开放,主动开放,,,,,2017-07-17 11:25:43.0,2019-02-28 03:25
29200/02200819,逾期未归还政府债务信息,政府机构,深圳市财政局,有数据更新时,39,,62,14496,132,无条件开放,依申请开放,,,,,2017-07-17 11:27:26.0,2021-05-08 04:15
29200/02200994,市财政局-行政处罚信息,经济建设,深圳市财政局,有数据更新时,580,,424,14058,589,无条件开放,主动开放,,,,,2017-12-13 04:58:12.0,2020-12-03 08:29
29200/02203125,财政局各部门和相关单位的三公经费预决算情况,政府机构,深圳市财政局,有数据更新时,25,,114,6817,64,无条件开放,主动开放,,,,,2018-07-04 08:16:34.0,2021-05-08 04:11
29200/02203128,一般公共预算收入情况,经济建设,深圳市财政局,有数据更新时,17,,143,2032,32,无条件开放,主动开放,,,,,2019-11-04 16:36:29.0,2024-12-30 08:55
29200/02203129,一般公共预算支出情况,经济建设,深圳市财政局,有数据更新时,10,,269,2855,32,无条件开放,主动开放,,,,,2019-11-04 16:36:49.0,2024-12-30 08:53
29200/02203130,政府性基金预算收入情况,经济建设,深圳市财政局,有数据更新时,12,,113,3956,34,无条件开放,主动开放,,,,,2019-11-04 16:37:10.0,2024-11-29 06:50
29200/02203131,政府性基金预算支出情况,经济建设,深圳市财政局,有数据更新时,10,,125,5246,34,无条件开放,主动开放,,,,,2019-11-04 16:37:28.0,2024-11-20 10:06
29200/02203132,国有资本经营预算收入情况,经济建设,深圳市财政局,有数据更新时,10,,50,3792,34,无条件开放,主动开放,,,,,2019-11-04 16:37:46.0,2024-11-20 10:27
29200/02203133,国有资本经营预算支出情况,财税金融,深圳市财政局,有数据更新时,10,,116,5450,148,无条件开放,主动开放,,,,,2019-11-04 16:38:03.0,2019-12-11 03:21
29200/02203134,社会保险基金预算收入情况,社会发展,深圳市财政局,按年,11,,183,5393,30,无条件开放,主动开放,,,,,2019-11-04 16:40:28.0,2025-10-29 08:52
29200/02203135,社会保险基金预算支出情况,政府机构,深圳市财政局,按年,11,,100,4882,30,无条件开放,主动开放,,,,,2019-11-04 16:40:50.0,2025-10-29 08:52
29200/02203136,一般公共预算收入构成情况,"政府机构,经济建设",深圳市财政局,有数据更新时,9,,151,3321,34,无条件开放,主动开放,,,,,2019-11-04 16:41:07.0,2024-12-31 06:36
29200/02203137,财政总决算数据（四本账）汇总数,政府机构,深圳市财政局,有数据更新时,124,,252,4840,52,无条件开放,主动开放,,,,,2019-11-04 16:41:31.0,2019-12-17 01:19
29200/02203138,全市一般公共预算收入,经济建设,深圳市财政局,有数据更新时,9,,148,9672,80,无条件开放,主动开放,,,,,2020-07-21 14:42:21.0,2020-11-02 02:00
29200/02203139,全市一般公共预算支出,经济建设,深圳市财政局,有数据更新时,12,,174,10123,50,无条件开放,主动开放,,,,,2020-07-21 14:42:37.0,2020-11-02 01:50
29200/02203140,全市政府性基金预算情况,经济建设,深圳市财政局,有数据更新时,10,,35,9417,34,无条件开放,主动开放,,,,,2020-07-21 14:42:56.0,2020-11-02 01:50
29200/02203141,全市国有资本经营预算情况,经济建设,深圳市财政局,有数据更新时,9,,30,975,38,无条件开放,依申请开放,,,,,2020-07-21 14:43:11.0,2024-11-20 10:42
29200/02203142,全市地方政府债券情况,经济建设,深圳市财政局,有数据更新时,12,,137,2152,44,无条件开放,依申请开放,,,,,2020-07-21 14:43:36.0,2024-11-20 10:26
29200/02203143,市本级一般公共预算收入,经济建设,深圳市财政局,有数据更新时,10,,35,879,82,无条件开放,依申请开放,,,,,2020-07-21 14:43:51.0,2024-11-20 10:37
29200/02203144,市本级一般公共预算支出,经济建设,深圳市财政局,有数据更新时,10,,34,1141,44,无条件开放,依申请开放,,,,,2020-07-21 14:46:32.0,2024-11-20 10:35
29200/02203145,市本级政府性基金预算情况,经济建设,深圳市财政局,有数据更新时,9,,40,10910,32,无条件开放,主动开放,,,,,2020-07-21 14:47:12.0,2020-11-02 02:00
29200/02203146,市本级国有资本经营预算情况,经济建设,深圳市财政局,有数据更新时,8,,31,10254,38,无条件开放,依申请开放,,,,,2020-07-21 14:47:28.0,2024-11-20 09:53
29200/02203147,市本级地方政府债券情况,经济建设,深圳市财政局,有数据更新时,9,,129,10718,44,无条件开放,主动开放,,,,,2020-07-21 14:47:46.0,2021-05-08 04:20
29200/02203148,公共安全支出,财税金融,深圳市财政局,有数据更新时,9,,27,1000,30,无条件开放,主动开放,,,,,2021-12-13 19:43:58.0,2022-01-12 08:52
29200/02203149,教育支出,财税金融,深圳市财政局,有数据更新时,8,,181,1107,30,无条件开放,主动开放,,,,,2021-12-13 19:52:43.0,2022-01-12 08:52
29200/02203150,科学技术支出,财税金融,深圳市财政局,有数据更新时,8,,46,683,30,无条件开放,主动开放,,,,,2021-12-13 19:54:19.0,2022-01-12 08:54
29200/02203151,文化旅游体育与传媒支出,财税金融,深圳市财政局,有数据更新时,8,,91,801,30,无条件开放,主动开放,,,,,2021-12-13 19:55:50.0,2022-01-12 08:54
29200/02203152,社会保障和就业支出,财税金融,深圳市财政局,有数据更新时,8,,98,1108,30,无条件开放,主动开放,,,,,2021-12-13 19:58:28.0,2022-01-12 08:54
29200/02203153,卫生健康支出,财税金融,深圳市财政局,有数据更新时,8,,31,926,30,无条件开放,主动开放,,,,,2021-12-13 20:00:12.0,2022-01-12 08:56
29200/02203154,节能环保支出,财税金融,深圳市财政局,有数据更新时,8,,36,977,30,无条件开放,主动开放,,,,,2021-12-13 20:01:52.0,2022-01-12 09:00
29200/02203155,城乡社区支出,财税金融,深圳市财政局,有数据更新时,8,,28,825,30,无条件开放,主动开放,,,,,2021-12-13 20:03:37.0,2024-11-29 06:49
29200/02203156,农林水支出,财税金融,深圳市财政局,有数据更新时,8,,9,733,30,无条件开放,主动开放,,,,,2021-12-13 20:05:03.0,2022-01-12 09:05
29200/02203157,交通运输支出,财税金融,深圳市财政局,有数据更新时,8,,63,904,30,无条件开放,主动开放,,,,,2021-12-13 20:07:30.0,2022-01-12 09:06
29200/02203158,资源勘探信息等支出,财税金融,深圳市财政局,有数据更新时,8,,8,482,30,无条件开放,主动开放,,,,,2021-12-13 20:09:11.0,2022-01-12 09:06
29200/02203159,商业服务业等支出,财税金融,深圳市财政局,有数据更新时,8,,40,670,30,无条件开放,主动开放,,,,,2021-12-13 20:10:44.0,2022-01-12 09:06
29200/02203160,金融支出,财税金融,深圳市财政局,有数据更新时,8,,83,1343,30,无条件开放,主动开放,,,,,2021-12-13 20:12:09.0,2022-01-12 09:07
29200/02203161,援助其他地区支出,财税金融,深圳市财政局,有数据更新时,8,,13,693,30,无条件开放,主动开放,,,,,2021-12-13 20:13:53.0,2022-01-12 09:07
29200/02203162,自然资源海洋气象等支出,财税金融,深圳市财政局,有数据更新时,8,,38,795,30,无条件开放,主动开放,,,,,2021-12-13 20:15:58.0,2022-01-12 09:08
29200/02203163,住房保障支出,财税金融,深圳市财政局,有数据更新时,8,,40,772,30,无条件开放,主动开放,,,,,2021-12-13 20:17:54.0,2022-01-12 09:08
29200/02203164,粮油物资储备支出,财税金融,深圳市财政局,有数据更新时,8,,19,1042,30,无条件开放,主动开放,,,,,2021-12-13 20:19:56.0,2022-01-12 09:09
29200/02203165,灾害防治及应急管理支出,财税金融,深圳市财政局,有数据更新时,8,,46,876,30,无条件开放,主动开放,,,,,2021-12-13 20:21:26.0,2022-01-12 09:09
29200/02203166,其他支出（类）,财税金融,深圳市财政局,有数据更新时,8,,11,978,30,无条件开放,主动开放,,,,,2021-12-13 20:23:23.0,2022-01-12 09:10
29200/02203167,债务付息支出,财税金融,深圳市财政局,有数据更新时,8,,28,918,30,无条件开放,主动开放,,,,,2021-12-13 20:25:02.0,2022-01-12 09:10
29200/02203168,债务发行费用支出,财税金融,深圳市财政局,有数据更新时,8,,31,1059,30,无条件开放,主动开放,,,,,2021-12-13 20:26:59.0,2022-01-12 09:19
29200/02203172,市财政局-深圳市国库现金管理项目结果,财税金融,深圳市财政局,有数据更新时,21,,8,752,24,无条件开放,主动开放,,,,,2022-11-30 17:40:25.0,2022-11-29 08:41
29200/02203173,市财政局-年度深圳市地方政府债券发行结果,财税金融,深圳市财政局,有数据更新时,164,,60,897,60,无条件开放,主动开放,,,,,2022-11-30 17:42:27.0,2022-11-29 08:44
29200/02203174,市财政局-深圳市政府性基金目录清单,财税金融,深圳市财政局,有数据更新时,15,,42,753,103,无条件开放,主动开放,,,,,2022-11-30 17:45:12.0,2022-11-29 08:50
29200/02203175,市财政局-政府采购意向公开,财税金融,深圳市财政局,有数据更新时,15020,,60,1924,48,无条件开放,主动开放,,,,,2022-11-23 17:47:28.0,2022-11-29 08:51
29200/02203176,市财政局-政府集中采购目录,财税金融,深圳市财政局,有数据更新时,43,,38,1708,954,无条件开放,主动开放,,,,,2022-08-23 17:53:37.0,2022-11-29 08:53
29200/02203177,行政检查行为信息,政府机构,深圳市财政局,有数据更新时,152,,8,994,60,无条件开放,主动开放,,,,,2023-09-04 14:54:03.0,2023-12-04 07:34
29200/02203178,市财政局-行政裁决信息,经济建设,深圳市财政局,有数据更新时,238,,47,3351,82,无条件开放,主动开放,,,,,2023-09-04 14:54:03.0,2023-12-04 08:15
29200/02203179,市财政局-政府集中采购机构考核信息,经济建设,深圳市财政局,有数据更新时,5,,19,1204,24,无条件开放,主动开放,,,,,2023-09-04 14:54:03.0,2023-12-18 03:44
29200/02203180,行政许可注销信息,企业服务,深圳市财政局,有数据更新时,16,,11,2056,24,无条件开放,主动开放,,,,,2023-09-04 14:54:03.0,2023-12-04 08:33
29200/02203181,欠缴非税收入信用信息,政府机构,深圳市财政局,有数据更新时,467,,20,1723,90,无条件开放,主动开放,,,,,2023-09-04 14:54:03.0,2023-12-11 06:26
29200/02703597,福田区-执业公证员基本信息,政府机构,福田区人民政府,有数据更新时,35,,56,6385,16,有条件开放,主动开放,,,,,2019-01-09 11:07:22.0,2026-08-12 02:59
29200/02703661,福田区-职业培训机构信息,教育科技,福田区人民政府,有数据更新时,3596,,335,6844,91,无条件开放,主动开放,,,,,2019-01-24 10:11:48.0,2021-05-17 08:51
29200/02703707,福田区-建筑物信息,公共安全,福田区人民政府,有数据更新时,17124,,432,7089,32637,无条件开放,主动开放,,,,,2020-04-21 10:07:02.0,2026-08-12 03:15
29200/02703709,福田区-道路积水数据,公共安全,福田区人民政府,存档,535076,,512,19747,19994,无条件开放,主动开放,,,,,2020-04-21 10:07:53.0,2026-07-22 01:35
29200/02703721,福田区-地区生产总值,经济建设,福田区人民政府,有数据更新时,108,,87,1143,41,无条件开放,主动开放,,,,,2020-05-26 17:01:38.0,2020-06-24 06:07
29200/02703724,福田区-辖区医疗机构,卫生健康,福田区人民政府,有数据更新时,1261,,226,4527,99,无条件开放,主动开放,,,,,2020-05-26 17:02:17.0,2020-06-24 08:07
29200/02703725,福田区-重点特色专科,卫生健康,福田区人民政府,有数据更新时,123,,19,2321,51,无条件开放,主动开放,,,,,2020-05-26 17:02:30.0,2020-06-24 08:07
29200/02703729,福田区-工商联网站、微信公众号等信息发布,公共安全,福田区人民政府,有数据更新时,1824,,29,5742,45,无条件开放,主动开放,,,,,2020-05-26 17:03:26.0,2020-06-24 08:07
29200/02703730,福田区-工商联大事记,社会发展,福田区人民政府,有数据更新时,24,,14,2503,44,无条件开放,主动开放,,,,,2020-05-26 17:03:37.0,2024-11-20 11:21
29200/02703731,福田区-产业用房企业情况,企业服务,福田区人民政府,有数据更新时,514,,143,3969,308,无条件开放,主动开放,,,,,2020-05-26 17:03:48.0,2026-08-12 03:15
29200/02703732,福田区-政府物业授权使用,经济建设,福田区人民政府,有数据更新时,1225,,46,2078,36,无条件开放,主动开放,,,,,2020-05-26 17:04:02.0,2026-08-12 03:16
29200/02703736,福田区-规范性文件查询,政府机构,福田区人民政府,有数据更新时,141,,26,1954,47,无条件开放,主动开放,,,,,2020-05-26 17:04:52.0,2026-08-12 03:00
29200/02703758,福田区-法治宣传作品台账,政府机构,福田区人民政府,按季,679,,4,2278,32,无条件开放,主动开放,,,,,2021-12-14 10:29:26.0,2026-08-12 03:01
29200/02703759,福田区-法治文化设施台账,政府机构,福田区人民政府,按年,57,,10,2433,22,无条件开放,主动开放,,,,,2021-12-14 10:32:06.0,2026-08-12 02:58
29200/02703761,福田区-计划免疫接种点,卫生健康,福田区人民政府,有数据更新时,57,,2,470,24,无条件开放,主动开放,,,,,2021-12-14 10:38:48.0,2022-01-10 09:42
29200/02703780,福田区-会计行业的发展情况,政府机构,福田区人民政府,有数据更新时,26,,5,719,24,无条件开放,主动开放,,,,,2022-08-18 09:49:12.0,2022-12-06 02:46
29200/02703781,福田区-行政许可审批情况,政府机构,福田区人民政府,有数据更新时,5,,2,2977,24,无条件开放,主动开放,,,,,2022-08-18 09:51:15.0,2026-08-12 03:01
29200/02703783,福田区-民办非企业单位注销登记,政府机构,福田区人民政府,有数据更新时,101,,2,3592,24,无条件开放,主动开放,,,,,2022-08-18 10:01:35.0,2026-08-12 02:57
29200/02703785,福田区政协-政协委员名录,政府机构,福田区人民政府,有数据更新时,5105,,0,2499,0,有条件开放,主动开放,,,,,2022-08-18 10:12:40.0,2026-08-12 03:13
29200/02703787,福田区-部件信息表,政府机构,福田区人民政府,有数据更新时,45000,,0,430,0,有条件开放,主动开放,,,,,2022-08-18 10:17:29.0,2026-08-12 03:14
29200/02703788,福田区-体育活动服务,文体休闲,福田区人民政府,按年,53,,60,2120,24,无条件开放,主动开放,,,,,2022-08-18 10:27:53.0,2026-08-12 03:12
29200/02703794,对重点用水单位水平衡测试结果的备案,生态文明,福田区人民政府,按年,168,,8,3170,20,无条件开放,主动开放,,,,,2022-08-18 11:33:53.0,2026-08-12 03:03
29200/02703795,对重点用水单位用水计划的核定下达,生态文明,福田区人民政府,按年,39,,11,3362,32,无条件开放,主动开放,,,,,2022-08-18 11:36:58.0,2026-08-12 03:04
29200/02703796,福田区统计局-地均集约度,经济建设,福田区人民政府,按年,31,,7,3490,22,无条件开放,主动开放,,,,,2022-08-18 11:39:17.0,2022-12-06 02:51
29200/02703797,福田区统计局-三次产业占地区生产总值的比重,经济建设,福田区人民政府,按年,64,,21,4574,22,无条件开放,主动开放,,,,,2022-08-18 11:40:54.0,2022-12-02 09:11
29200/02703798,福田区人力资源局-行政处罚信息,政府机构,福田区人民政府,有数据更新时,21,,19,3631,24,无条件开放,主动开放,,,,,2022-08-18 11:53:28.0,2022-12-02 09:32
29200/02703799,福田区-博物馆,文体休闲,福田区人民政府,按年,15,,39,3491,22,无条件开放,主动开放,,,,,2022-08-18 11:55:13.0,2026-08-12 03:12
29200/02703800,老旧小区加装电梯,政府机构,福田区人民政府,有数据更新时,138,,103,3722,33,无条件开放,主动开放,,,,,2022-08-18 11:58:14.0,2026-08-12 03:02
29200/02703801,廉租住房货币补贴人员公示,政府机构,福田区人民政府,按年,1398,,15,3711,32,无条件开放,主动开放,,,,,2022-08-18 11:59:55.0,2026-08-12 03:02
29200/02703805,临时救助发放表,社会发展,福田区人民政府,有数据更新时,88,,4,3289,24,无条件开放,主动开放,,,,,2022-08-18 17:37:01.0,2022-12-02 09:40
29200/02703809,福田区公共文化体育发展中心-网络直播,文体休闲,福田区人民政府,按年,241,,17,1085,24,无条件开放,主动开放,,,,,2023-05-29 16:37:41.0,2026-08-12 03:06
29200/02703810,福田区公共文化体育发展中心-文体刊物,文体休闲,福田区人民政府,按年,86,,15,764,22,无条件开放,主动开放,,,,,2023-06-20 15:24:56.0,2026-08-12 03:06
29200/02703811,福田区公共文化体育发展中心-场地信息,文体休闲,福田区人民政府,按年,16,,22,520,24,无条件开放,主动开放,,,,,2023-05-29 16:52:47.0,2026-08-12 03:07
29200/02703812,福田区公共文化体育发展中心-公益培训,文体休闲,福田区人民政府,按年,587,,33,2500,22,无条件开放,主动开放,,,,,2023-05-29 16:58:22.0,2026-08-12 03:07
29200/02703815,福田区公共文化体育发展中心-场地预约数据,文体休闲,福田区人民政府,按年,7887,,32,566,132,无条件开放,主动开放,,,,,2023-05-29 17:09:11.0,2026-08-12 03:08
29200/02703817,福田区文化广电旅游体育局-文化演出配送完成情况表,文体休闲,福田区人民政府,按年,85,,12,1375,24,无条件开放,主动开放,,,,,2023-05-29 17:19:34.0,2023-06-07 06:37
29200/02703822,福田区退役军人事务局-就业推介服务台账,劳动人事,福田区人民政府,按年,72,,7,1417,24,无条件开放,主动开放,,,,,2023-05-30 17:43:18.0,2023-06-05 08:37
29200/02703824,福田区退役军人事务局-技能培训服务台账,劳动人事,福田区人民政府,有数据更新时,22,,25,975,22,无条件开放,主动开放,,,,,2023-05-30 18:14:29.0,2023-06-05 07:34
29200/02703831,福田区住房建设局-管道天然气普及完成表,政府机构,福田区人民政府,有数据更新时,40,,5,2395,24,无条件开放,主动开放,,,,,2023-05-31 10:24:06.0,2023-05-31 02:26
29200/02703836,福田区公安分局-警务室,公共安全,福田区人民政府,有数据更新时,98,,7,584,24,无条件开放,主动开放,,,,,2023-06-06 10:36:27.0,2024-11-20 11:21
29200/02703839,福田区公安分局-福田公安分局户政业务办理点,政府机构,福田区人民政府,有数据更新时,6,,3,417,24,无条件开放,主动开放,,,,,2023-05-31 10:46:02.0,2023-05-31 07:31
29200/02703844,福田区卫生健康局-社康一览表,卫生健康,福田区人民政府,有数据更新时,181,,42,578,24,无条件开放,主动开放,,,,,2023-05-31 14:27:50.0,2023-05-31 06:31
29200/02703845,福田区卫生健康局-医疗卫生三名工程-名医（团队）,卫生健康,福田区人民政府,有数据更新时,180,,17,547,24,无条件开放,主动开放,,,,,2023-05-31 14:33:27.0,2023-05-31 06:36
29200/02703854,福田区-企业交流,企业服务,福田区人民政府,按年,1169,,70,1650,24,无条件开放,主动开放,,,,,2023-10-13 10:28:44.0,2023-10-13 07:20
29200/02703874,福田区-政务公开,政府机构,福田区人民政府,按月,34,,70,3948,22,无条件开放,主动开放,,,,,2023-10-13 10:28:46.0,2026-08-12 03:13
29200/02703884,福田区-商标代理机构,企业服务,福田区人民政府,有数据更新时,735,,5,1660,24,无条件开放,主动开放,,,,,2023-10-13 10:28:46.0,2026-07-17 02:47
29200/02703885,福田区-专利代理机构,企业服务,福田区人民政府,有数据更新时,117,,12,595,32,无条件开放,主动开放,,,,,2023-10-13 10:28:46.0,2023-10-13 09:42
29200/02703886,福田区-农贸市场数据,三农服务,福田区人民政府,有数据更新时,24,,84,2575,24,无条件开放,主动开放,,,,,2023-10-13 10:28:47.0,2026-07-17 02:47
29200/02703887,福田区-福田区宠物经营场所,文体休闲,福田区人民政府,有数据更新时,8,,26,2981,24,无条件开放,主动开放,,,,,2023-10-13 10:28:47.0,2023-10-13 08:55
29200/02703893,福田区-自有物业信息,政府机构,福田区人民政府,有数据更新时,5702,,2,332,0,有条件开放,主动开放,,,,,2023-10-13 10:28:47.0,2023-10-13 09:03
29200/02703900,福田区-备案的法律类社会组织,社会发展,福田区人民政府,有数据更新时,16,,1,2305,24,无条件开放,主动开放,,,,,2023-10-13 10:28:48.0,2023-10-13 09:28
29200/02703905,福田区-楼宇信息,企业服务,福田区人民政府,按季,6358,,34,2968,6,有条件开放,主动开放,,,,,2023-10-13 14:58:24.0,2023-10-13 07:07
29200/02703913,福田区-文化品牌,政府机构,福田区人民政府,有数据更新时,13,,5,97,24,无条件开放,主动开放,,,,,2025-01-14 17:05:30.365,2025-01-14 09:05
29200/02703915,福田区-原创作品,政府机构,福田区人民政府,按年,156,,1,178,12,无条件开放,主动开放,,,,,2025-01-14 17:06:57.145,2025-01-14 09:06
29200/02703916,福田区-艺术品经营单位备案证明,政府机构,福田区人民政府,有数据更新时,60,,2,101,24,无条件开放,主动开放,,,,,2025-01-14 17:08:09.98,2025-01-14 09:08
29200/02703917,福田区-图书馆数字资源明细,政府机构,福田区人民政府,有数据更新时,77,,12,159,22,无条件开放,主动开放,,,,,2025-01-13 16:56:17.0,2026-02-11 07:49
29200/02703918,福田区-退役军人创业创新大赛福田分赛获奖企业名单,政府机构,福田区人民政府,有数据更新时,18,,0,85,0,有条件开放,主动开放,,,,,2025-01-14 17:11:57.643,2025-01-14 09:11
29200/02703923,福田区-青年之家,政府机构,福田区人民政府,有数据更新时,27,,0,73,0,有条件开放,主动开放,,,,,2025-01-14 17:18:53.519,2025-01-14 09:18
29200/02703924,福田区-少先队校外实践教育基地,政府机构,福田区人民政府,有数据更新时,37,,13,309,24,无条件开放,主动开放,,,,,2025-01-14 17:19:49.154,2025-01-14 09:19
29200/02703927,福田区-对重点用水单位用水情况的备案,政府机构,福田区人民政府,有数据更新时,95,,1,133,0,有条件开放,主动开放,,,,,2025-01-13 16:56:18.0,2025-07-15 02:13
29200/02703929,福田区-竣工验收备案收文回执,政府机构,福田区人民政府,按年,544,,1,444,0,有条件开放,主动开放,,,,,2025-01-13 16:56:18.0,2026-02-11 07:44
29200/02703930,福田区既有建筑智慧管理系统_住宅小区物业项目信息,政府机构,福田区人民政府,有数据更新时,1216,,9,432,6,有条件开放,主动开放,,,,,2025-01-14 17:44:44.371,2025-01-14 09:44
29200/02703933,福田区-电动自行车销售单位信息,政府机构,福田区人民政府,有数据更新时,78,,1,232,0,有条件开放,主动开放,,,,,2025-01-14 17:46:06.042,2025-01-14 09:46
29200/02703934,福田区-药品生产企业表,政府机构,福田区人民政府,有数据更新时,5,,1,324,0,有条件开放,主动开放,,,,,2025-01-13 16:56:19.0,2025-04-17 09:45
29200/02703935,福田区-检验机构基本信息表,政府机构,福田区人民政府,有数据更新时,113,,1,386,0,有条件开放,主动开放,,,,,2025-01-14 17:48:00.713,2025-01-14 09:48
29200/02703938,福田区-垃圾投放场所责任单位数据表,政府机构,福田区人民政府,有数据更新时,3587,,7,320,24,无条件开放,主动开放,,,,,2025-01-14 17:49:10.906,2025-01-14 09:49
29200/02703939,福田区-垃圾投放点信息保存表,政府机构,福田区人民政府,有数据更新时,5830,,29,288,24,无条件开放,主动开放,,,,,2025-01-14 17:55:28.623,2025-01-14 09:55
29200/02703940,福田区-垃圾投放公共场所信息表,政府机构,福田区人民政府,按年,7748,,65,435,24,无条件开放,主动开放,,,,,2025-01-13 16:56:19.0,2025-06-06 06:19
29200/02703941,福田区-“食物银行”点位信息,政府机构,福田区人民政府,有数据更新时,10,,18,446,24,无条件开放,主动开放,,,,,2025-01-13 16:56:19.0,2025-12-22 02:00
29200/02703942,福田区-各级老年协会清单,政府机构,福田区人民政府,有数据更新时,101,,5,331,24,无条件开放,主动开放,,,,,2025-01-14 18:00:00.984,2025-01-14 10:00
29200/02703943,福田区-未成年人保护工作站清单,政府机构,福田区人民政府,有数据更新时,10,,3,239,24,无条件开放,主动开放,,,,,2025-01-14 18:01:43.674,2025-01-14 10:01
29200/02704005,深圳市福田区法律援助机构基本信息,政府机构,福田区人民政府,有数据更新时,4,,2,597,12,无条件开放,主动开放,,,,,2026-04-14 10:28:06.776,2026-04-14 02:57
29200/02704006,深圳市福田区图书馆数字资源信息统计表,政府机构,福田区人民政府,有数据更新时,77,,1,501,12,无条件开放,主动开放,,,,,2026-04-14 14:43:36.947,2026-04-14 06:43
29200/02704007,深圳市福田区饭堂机构,政府机构,福田区人民政府,按周,38,,5,519,12,无条件开放,主动开放,,,,,2026-04-14 14:48:12.499,2026-04-14 06:48
29200/02704008,深圳市福田区儿童议事会信息,政府机构,福田区人民政府,按月,2394,,1,476,12,无条件开放,主动开放,,,,,2026-04-14 14:49:26.858,2026-05-07 03:48
29200/02704012,深圳市福田区公证处公证机构基本信息,政府机构,福田区人民政府,有数据更新时,1,,0,299,16,无条件开放,主动开放,,,,,2026-07-16 16:17:34.228,2026-07-16 08:17
29200/02800626,宝安区-学校通知公告,教育科技,宝安区人民政府,存档,975,,313,13167,95,无条件开放,主动开放,,,,,2017-04-18 10:27:28.0,2025-07-17 02:10
29200/02800627,宝安区-学校资助奖励,教育科技,宝安区人民政府,存档,132,,754,30071,153,无条件开放,主动开放,,,,,2017-04-18 10:32:36.0,2025-07-17 02:10
29200/02800630,宝安区-学校招生入学,教育科技,宝安区人民政府,存档,258,,1151,15658,102,无条件开放,主动开放,,,,,2017-04-18 11:38:09.0,2025-07-17 02:10
29200/02800631,宝安区-学校业务信息,教育科技,宝安区人民政府,存档,260,,784,15178,73,无条件开放,主动开放,,,,,2017-04-18 14:55:27.0,2025-07-17 02:10
29200/02800632,宝安区-医院领导介绍,卫生健康,宝安区人民政府,存档,92,,356,9999,72,无条件开放,主动开放,,,,,2017-04-18 15:02:38.0,2025-07-16 10:25
29200/02800633,宝安区-医院项目介绍,卫生健康,宝安区人民政府,存档,62,,195,7786,75,无条件开放,主动开放,,,,,2017-04-18 15:10:20.0,2025-07-16 10:25
29200/02800634,宝安区-医院科室设置,卫生健康,宝安区人民政府,存档,206,,310,8684,72,无条件开放,主动开放,,,,,2017-04-18 15:53:35.0,2025-07-16 10:25
29200/02800635,宝安区-医院就诊指南,卫生健康,宝安区人民政府,存档,25,,364,10174,76,无条件开放,主动开放,,,,,2017-04-18 16:04:12.0,2025-07-16 10:25
29200/02800636,宝安区-医院基本信息,卫生健康,宝安区人民政府,存档,27,,1140,9473,77,无条件开放,主动开放,,,,,2017-04-18 16:14:44.0,2025-07-16 10:25
29200/02800637,宝安区-资金信息,政府机构,宝安区人民政府,存档,111,,140,11479,79,无条件开放,主动开放,,,,,2017-04-18 16:18:55.0,2025-08-11 08:06
29200/02800638,宝安区-政策法规,政府机构,宝安区人民政府,存档,24,,349,9759,107,无条件开放,主动开放,,,,,2017-04-18 17:05:03.0,2025-08-11 08:06
29200/02800639,宝安区-应急管理,政府机构,宝安区人民政府,存档,294,,225,10527,83,无条件开放,主动开放,,,,,2017-04-18 18:12:55.0,2025-08-11 08:07
29200/02800640,宝安区-统计数据,政府机构,宝安区人民政府,存档,17,,892,10855,78,无条件开放,主动开放,,,,,2017-04-18 18:44:03.0,2025-08-11 08:07
29200/02800641,宝安区-内设机构,政府机构,宝安区人民政府,存档,69,,208,9670,78,无条件开放,主动开放,,,,,2017-04-18 18:46:59.0,2025-08-11 08:07
29200/02800642,宝安区-机构概况,政府机构,宝安区人民政府,存档,50,,213,8679,78,无条件开放,主动开放,,,,,2017-04-18 18:51:37.0,2025-08-11 08:07
29200/02800644,宝安区-政府工作报告,政府机构,宝安区人民政府,存档,76,,260,6062,79,无条件开放,主动开放,,,,,2017-04-18 18:57:42.0,2025-08-11 08:07
29200/02800645,宝安区-街道办信息,政府机构,宝安区人民政府,存档,45,,752,9543,82,无条件开放,主动开放,,,,,2017-04-18 19:01:28.0,2025-08-11 08:07
29200/02800654,宝安区-辖区律师行业数据,政府机构,宝安区人民政府,存档,143,,149,8373,75,无条件开放,主动开放,,,,,2017-04-18 19:27:06.0,2025-08-11 08:07
29200/02803165,宝安区-重大项目信息,政府机构,宝安区人民政府,存档,123,,263,7649,64,无条件开放,主动开放,,,,,2018-08-06 06:17:27.0,2025-08-11 08:06
29200/02803166,宝安区-政府财政预决算,政府机构,宝安区人民政府,存档,375,,222,15962,90,无条件开放,主动开放,,,,,2018-09-29 08:12:29.0,2025-08-11 08:06
29200/02803169,宝安区-政府性基金,政府机构,宝安区人民政府,存档,250,,164,7196,72,无条件开放,主动开放,,,,,2018-10-29 07:28:26.0,2025-08-11 08:06
29200/02803177,宝安区-房屋征收项目,政府机构,宝安区人民政府,存档,52,,115,6448,53,无条件开放,主动开放,,,,,2018-11-26 13:11:55.0,2025-08-11 08:06
29200/02803182,宝安区-安全生产事故预警信息,政府机构,宝安区人民政府,存档,60,,156,11058,58,无条件开放,主动开放,,,,,2018-12-03 09:47:28.0,2025-08-11 08:06
29200/02803183,宝安区-灯箱霓虹灯,政府机构,宝安区人民政府,存档,300,,51,6319,75,无条件开放,主动开放,,,,,2019-06-21 10:42:27.0,2026-05-06 07:17
29200/02803184,宝安区-广告牌匾,政府机构,宝安区人民政府,存档,1682,,69,8980,54,无条件开放,主动开放,,,,,2019-06-21 11:21:32.0,2026-05-06 07:17
29200/02803185,宝安区-街头座椅,政府机构,宝安区人民政府,存档,2125,,53,7208,55,无条件开放,主动开放,,,,,2019-06-21 11:24:45.0,2026-05-06 07:17
29200/02803186,宝安区-防撞柱,政府机构,宝安区人民政府,存档,43429,,56,6757,198,无条件开放,主动开放,,,,,2019-06-21 11:29:16.0,2026-05-06 07:17
29200/02803187,宝安区-行道树,政府机构,宝安区人民政府,存档,218833,,123,7176,3413,无条件开放,主动开放,,,,,2019-07-29 15:18:42.0,2026-05-06 07:17
29200/02803188,宝安区-护树设施,政府机构,宝安区人民政府,存档,32019,,36,6283,600,无条件开放,主动开放,,,,,2019-07-29 15:20:15.0,2026-05-06 07:17
29200/02803189,宝安区-雨水井盖,政府机构,宝安区人民政府,存档,72381,,131,6567,1295,无条件开放,主动开放,,,,,2019-07-29 15:21:15.0,2026-05-06 07:17
29200/02803190,宝安区-雨水箅子,政府机构,宝安区人民政府,存档,170102,,57,6116,3064,无条件开放,主动开放,,,,,2019-07-29 15:22:39.0,2026-05-06 07:17
29200/02803191,宝安区-路灯,政府机构,宝安区人民政府,存档,98807,,110,8324,1468,无条件开放,主动开放,,,,,2019-07-29 15:23:26.0,2026-05-06 07:17
29200/02803192,宝安区-交通标志牌,政府机构,宝安区人民政府,存档,15453,,107,6402,322,无条件开放,主动开放,,,,,2019-07-29 15:24:38.0,2026-05-06 07:17
29200/02803193,宝安区-文体行政处罚数据,政府机构,宝安区人民政府,有数据更新时,268,,47,4251,102,无条件开放,主动开放,,,,,2019-10-10 15:02:07.0,2026-08-19 01:32
29200/02803194,宝安区-水务行政处罚数据,政府机构,宝安区人民政府,有数据更新时,388,,43,7685,90,无条件开放,主动开放,,,,,2019-10-10 15:02:34.0,2026-08-19 01:37
29200/02803196,宝安区-劳动监察行政处罚数据,劳动人事,宝安区人民政府,有数据更新时,107,,60,6247,90,无条件开放,主动开放,,,,,2019-10-10 15:03:14.0,2026-08-19 01:40
29200/02803198,宝安区-噪音日统计数据,政府机构,宝安区人民政府,存档,51035,,303,13522,707,无条件开放,主动开放,,,,,2019-10-10 15:03:47.0,2025-07-16 10:25
29200/02803199,宝安区-G4高速西乡大道入口车流量统计,交通运输,宝安区人民政府,存档,2077,,8164,29433,4431,无条件开放,主动开放,,,,,2019-10-10 15:04:07.0,2024-12-25 02:55
29200/02803206,宝安区-古树名木数据,政府机构,宝安区人民政府,存档,249,,184,5142,48,无条件开放,主动开放,,,,,2019-10-12 17:05:58.0,2026-05-06 07:19
29200/02803207,宝安区-花架花钵数据,政府机构,宝安区人民政府,存档,1345,,33,4702,46,无条件开放,主动开放,,,,,2019-10-12 17:06:17.0,2026-05-06 07:19
29200/02803208,宝安区-绿地数据,政府机构,宝安区人民政府,存档,32225,,196,5125,173,无条件开放,主动开放,,,,,2019-10-12 17:06:34.0,2026-05-06 07:20
29200/02803209,宝安区-绿地维护设施数据,政府机构,宝安区人民政府,存档,2422,,52,4906,52,无条件开放,主动开放,,,,,2019-10-12 17:06:51.0,2026-05-06 07:19
29200/02803210,宝安区-垃圾箱,政府机构,宝安区人民政府,存档,23593,,138,5988,964,无条件开放,主动开放,,,,,2019-10-12 17:07:17.0,2026-05-06 07:19
29200/02803211,宝安区-垃圾间楼,政府机构,宝安区人民政府,存档,2187,,45,4664,44,无条件开放,主动开放,,,,,2019-10-12 17:07:38.0,2026-05-06 07:19
29200/02803212,宝安区-公共厕所数据,政府机构,宝安区人民政府,存档,483,,1086,5621,72,无条件开放,主动开放,,,,,2019-10-12 17:07:55.0,2026-05-06 07:20
29200/02803213,宝安区-公厕指示牌数据,政府机构,宝安区人民政府,存档,200,,36,4726,59,无条件开放,主动开放,,,,,2019-10-12 17:08:20.0,2026-05-06 07:20
29200/02803214,宝安区-化粪池数据,政府机构,宝安区人民政府,存档,3659,,54,4671,58,无条件开放,主动开放,,,,,2019-10-12 17:08:41.0,2026-05-06 07:20
29200/02803215,宝安区-环卫工具房数据,政府机构,宝安区人民政府,存档,90,,45,4733,57,无条件开放,主动开放,,,,,2019-10-12 17:09:07.0,2026-05-06 07:20
29200/02803216,宝安区-宣传栏数据,政府机构,宝安区人民政府,存档,3992,,48,4642,46,无条件开放,主动开放,,,,,2019-10-12 17:09:26.0,2026-05-06 07:20
29200/02803217,宝安区-防蚊闸数据,政府机构,宝安区人民政府,存档,44239,,36,4724,384,无条件开放,主动开放,,,,,2019-10-12 17:09:47.0,2026-05-06 07:20
29200/02803218,宝安区-地灯数据,政府机构,宝安区人民政府,存档,3884,,46,4285,61,无条件开放,主动开放,,,,,2019-10-24 16:52:04.0,2026-05-06 07:17
29200/02803219,宝安区-景观灯数据,政府机构,宝安区人民政府,存档,18120,,52,4285,96,无条件开放,主动开放,,,,,2019-10-24 16:52:23.0,2026-05-06 07:17
29200/02803220,宝安区-生产总值统计信息,政府机构,宝安区人民政府,有数据更新时,63,,98,2222,44,无条件开放,主动开放,,,,,2020-05-20 15:10:25.0,2026-08-19 02:35
29200/02803221,宝安区-出口总额统计信息,政府机构,宝安区人民政府,存档,60,,49,2177,44,无条件开放,主动开放,,,,,2020-05-20 15:18:00.0,2025-07-16 10:25
29200/02803222,宝安区-固定资产投资统计信息,政府机构,宝安区人民政府,有数据更新时,91,,45,2805,44,无条件开放,主动开放,,,,,2020-05-20 15:19:44.0,2026-08-19 01:15
29200/02803223,宝安区-规模以上工业产值统计信息,政府机构,宝安区人民政府,存档,76,,124,2263,44,无条件开放,主动开放,,,,,2020-05-20 15:20:07.0,2025-07-16 10:25
29200/02803224,宝安区-进口总额统计信息,政府机构,宝安区人民政府,存档,60,,35,2284,44,无条件开放,主动开放,,,,,2020-05-20 15:20:28.0,2025-07-16 10:25
29200/02803233,宝安区-高危险性体育项目经营活动许可信息,文体休闲,宝安区人民政府,按年,84,,25,3734,44,无条件开放,主动开放,,,,,2020-05-20 15:26:29.0,2026-08-19 01:25
29200/02803234,宝安区-营业性文艺表演团体许可信息,文体休闲,宝安区人民政府,按年,30,,21,3737,44,无条件开放,主动开放,,,,,2020-05-20 15:26:46.0,2026-08-19 01:20
29200/02803236,宝安区-营业性演出许可信息,文体休闲,宝安区人民政府,按年,54,,39,3762,44,无条件开放,主动开放,,,,,2020-05-20 15:27:16.0,2026-08-19 01:18
29200/02803239,宝安区-互联网上网服务营业场所（网吧）许可信息,文体休闲,宝安区人民政府,按年,24,,55,7847,50,无条件开放,主动开放,,,,,2020-05-20 15:28:14.0,2026-08-19 01:18
29200/02803240,宝安区-社会福利机构设立信息,政府机构,宝安区人民政府,存档,30,,25,2857,59,无条件开放,主动开放,,,,,2020-05-20 15:28:28.0,2025-07-17 02:10
29200/02803241,宝安区-社会团体信息,政府机构,宝安区人民政府,存档,778,,61,3088,44,无条件开放,主动开放,,,,,2020-05-20 15:28:40.0,2025-07-17 02:10
29200/02803243,宝安区-劳务派遣经营许可证信息,政府机构,宝安区人民政府,存档,140,,92,4529,44,无条件开放,主动开放,,,,,2020-05-20 15:29:11.0,2025-07-16 10:25
29200/02803244,宝安区-民办职业培训机构信息,政府机构,宝安区人民政府,存档,30,,66,5262,44,无条件开放,主动开放,,,,,2020-05-20 15:29:30.0,2025-07-17 02:10
29200/02803246,宝安区-公益电影、演出申请信息,文体休闲,宝安区人民政府,存档,33,,70,2747,74,无条件开放,主动开放,,,,,2020-05-20 15:30:04.0,2025-07-16 10:25
29200/02803247,宝安区-社区工作站信息,社会发展,宝安区人民政府,存档,112,,114,1798,44,无条件开放,主动开放,,,,,2020-05-20 15:30:18.0,2025-07-16 10:25
29200/02803248,宝安区-图书馆信息,教育科技,宝安区人民政府,存档,112,,164,2852,56,无条件开放,主动开放,,,,,2020-05-20 15:30:38.0,2025-07-16 10:25
29200/02803249,宝安区-周边社保自助终端机信息,政府机构,宝安区人民政府,存档,27,,24,2065,44,无条件开放,主动开放,,,,,2020-05-20 15:30:57.0,2025-07-16 10:25
29200/02803250,宝安区-报刊亭部件基础信息,经济建设,宝安区人民政府,存档,125,,4,1359,30,无条件开放,主动开放,,,,,2021-09-28 15:47:23.0,2026-05-06 07:20
29200/02803251,宝安区-股份合作公司基本信息,财税金融,宝安区人民政府,有数据更新时,265,,144,1349,34,无条件开放,主动开放,,,,,2021-09-28 15:51:10.0,2026-08-19 01:42
29200/02803253,宝安区-桃空间园区数据展示信息,经济建设,宝安区人民政府,存档,147,,69,1725,32,无条件开放,主动开放,,,,,2021-09-29 10:14:30.0,2025-07-16 10:26
29200/02803254,宝安区-人力资源服务活动信息,企业服务,宝安区人民政府,存档,378,,37,1581,24,无条件开放,主动开放,,,,,2021-09-29 10:18:00.0,2026-07-29 01:15
29200/02803256,宝安区-图书馆官网访问统计信息,文体休闲,宝安区人民政府,按年,276,,16,1868,22,无条件开放,主动开放,,,,,2021-09-29 10:46:45.0,2026-08-19 01:27
29200/02803258,宝安区-图书馆电子期刊访问统计信息,文体休闲,宝安区人民政府,按年,3,,27,1733,22,无条件开放,主动开放,,,,,2021-09-29 10:56:45.0,2026-08-19 01:26
29200/02803259,宝安区-图书馆电子图书访问统计信息,文体休闲,宝安区人民政府,按年,3,,15,1839,22,无条件开放,主动开放,,,,,2021-09-29 10:58:57.0,2026-08-19 01:21
29200/02803260,宝安区-图书馆福永街道分馆客流统计信息,文体休闲,宝安区人民政府,按年,3192,,36,1403,24,无条件开放,主动开放,,,,,2021-09-29 11:04:40.0,2026-08-19 01:30
29200/02803261,宝安区-图书馆西乡街道分馆客流统计信息,文体休闲,宝安区人民政府,按年,840,,42,1276,24,无条件开放,主动开放,,,,,2021-09-29 11:10:00.0,2026-08-19 01:25
29200/02803262,宝安区-图书馆福海街道分馆客流统计信息,文体休闲,宝安区人民政府,按年,1975,,20,970,24,无条件开放,主动开放,,,,,2021-09-29 11:16:49.0,2026-08-19 01:31
29200/02803263,宝安区-图书馆石岩街道分馆客流统计信息,文体休闲,宝安区人民政府,按年,1994,,32,1818,24,无条件开放,主动开放,,,,,2021-09-29 11:19:44.0,2026-08-19 01:33
29200/02803264,宝安区-图书馆松岗街道分馆客流统计信息,文体休闲,宝安区人民政府,按年,1698,,35,1361,39,无条件开放,主动开放,,,,,2021-09-29 11:23:19.0,2026-08-19 01:30
29200/02803270,宝安区-图书馆书视借系统政治法律类图书信息,文体休闲,宝安区人民政府,有数据更新时,6613,,16,1626,284,无条件开放,主动开放,,,,,2021-09-29 14:14:07.0,2026-08-28 03:14
29200/02803271,宝安通一键找公厕信息,经济建设,宝安区人民政府,存档,441,,10,1137,40,无条件开放,主动开放,,,,,2021-09-29 14:20:04.0,2025-07-16 10:26
29200/02803272,宝安通一键找党群服务中心信息,政府机构,宝安区人民政府,存档,150,,23,1329,30,无条件开放,主动开放,,,,,2021-09-29 14:26:59.0,2025-07-16 10:26
29200/02803273,宝安通一键找公园广场信息,生态文明,宝安区人民政府,存档,57,,68,1534,30,无条件开放,主动开放,,,,,2021-09-29 14:39:46.0,2025-07-16 10:25
29200/02803274,宝安通一键找养老院信息,社会发展,宝安区人民政府,存档,19,,40,1700,30,无条件开放,主动开放,,,,,2021-09-29 14:45:22.0,2025-07-16 10:26
29200/02803275,宝安通一键找妇女儿童之家信息,政府机构,宝安区人民政府,存档,99,,8,1248,30,无条件开放,主动开放,,,,,2021-09-29 14:48:48.0,2025-07-16 10:26
29200/02803276,宝安通一键找妇联馨和家园信息,政府机构,宝安区人民政府,存档,104,,6,961,30,无条件开放,主动开放,,,,,2021-09-29 14:51:44.0,2025-07-16 10:26
29200/02803277,宝安通一键找微型消防站信息,公共安全,宝安区人民政府,存档,135,,35,1557,30,无条件开放,主动开放,,,,,2021-09-29 14:54:16.0,2025-07-16 10:26
29200/02803278,宝安通一键找母婴室信息,公共安全,宝安区人民政府,存档,113,,12,1087,30,无条件开放,主动开放,,,,,2021-09-29 14:57:08.0,2025-07-16 10:26
29200/02803279,宝安通一键找治安岗亭信息,公共安全,宝安区人民政府,存档,1248,,9,1273,27,无条件开放,主动开放,,,,,2021-09-29 14:59:38.0,2025-07-16 10:26
29200/02803280,宝安通一键找社康信息,卫生健康,宝安区人民政府,存档,109,,28,1635,30,无条件开放,主动开放,,,,,2021-09-29 15:02:27.0,2025-07-16 10:26
29200/02803281,宝安通一键找避难场所信息,公共安全,宝安区人民政府,存档,85,,43,1475,30,无条件开放,主动开放,,,,,2021-09-29 15:04:56.0,2025-07-16 10:26
29200/02803282,宝安通一键找行政服务大厅信息,政府机构,宝安区人民政府,存档,12,,13,1154,24,无条件开放,主动开放,,,,,2022-04-29 09:49:37.0,2025-07-16 10:25
29200/02803285,宝安区住房和建设局-行政处罚信息,政府机构,宝安区人民政府,有数据更新时,51,,13,446,24,无条件开放,主动开放,,,,,2022-11-30 11:42:59.0,2026-08-19 01:40
29200/02803289,宝安区统计局-社会消费品零售总额,社会发展,宝安区人民政府,有数据更新时,24,,22,486,24,无条件开放,主动开放,,,,,2022-11-30 11:51:52.0,2026-08-19 01:15
29200/02803294,宝安区职业训练中心-民生培训进社区项目承办机构信息,教育科技,宝安区人民政府,有数据更新时,19,,15,1018,28,无条件开放,主动开放,,,,,2022-11-30 15:16:12.0,2026-08-19 01:12
29200/02803295,宝安区职业训练中心-市民讲外语项目承办机构信息,教育科技,宝安区人民政府,有数据更新时,15,,9,796,28,无条件开放,主动开放,,,,,2022-11-30 15:35:58.0,2026-08-19 01:13
29200/02803298,宝安区-产业用房地址信息,政府机构,宝安区人民政府,有数据更新时,50,,44,1138,26,无条件开放,主动开放,,,,,2022-11-30 15:43:28.0,2026-08-19 01:13
29200/02803299,宝安区-图书馆活动信息,文体休闲,宝安区人民政府,有数据更新时,4540,,28,1633,26,无条件开放,主动开放,,,,,2022-11-24 15:46:27.0,2026-08-19 01:21
29200/02803318,宝安区财政局-行政许可信息,政府机构,宝安区人民政府,有数据更新时,2209,,28,983,24,无条件开放,主动开放,,,,,2022-11-30 15:57:11.0,2026-08-19 01:43
29200/02803319,宝安区财政局-行政处罚信息,政府机构,宝安区人民政府,有数据更新时,10,,12,503,24,无条件开放,主动开放,,,,,2022-11-30 15:59:41.0,2026-08-19 01:43
29200/02803320,宝安区统计局-一般公共预算收入 ,政府机构,宝安区人民政府,存档,24,,4,711,24,无条件开放,主动开放,,,,,2022-11-30 10:05:26.0,2025-07-16 10:26
29200/02803321,宝安区统计局-规模以上工业总产值,政府机构,宝安区人民政府,存档,117,,70,931,24,无条件开放,主动开放,,,,,2022-11-30 10:13:05.0,2025-07-16 10:26
29200/02803322,宝安区统计局-一般公共预算支出 ,政府机构,宝安区人民政府,存档,24,,33,553,24,无条件开放,主动开放,,,,,2022-11-30 10:23:41.0,2025-07-16 10:26
29200/02803323,宝安区图书馆新桥街道分馆客流统计信息,文体休闲,宝安区人民政府,按年,1165,,23,972,88,无条件开放,主动开放,,,,,2022-11-30 10:49:29.0,2026-08-19 01:33
29200/02803324,宝安区图书馆沙井街道分馆客流统计信息,文体休闲,宝安区人民政府,按年,920,,25,1010,88,无条件开放,主动开放,,,,,2022-10-30 10:52:07.0,2026-08-19 01:29
29200/02803325,宝安区图书馆航城街道分馆客流统计信息,文体休闲,宝安区人民政府,按年,843,,37,1360,24,无条件开放,主动开放,,,,,2022-11-30 10:54:51.0,2026-08-19 01:32
29200/02803326,宝安区图书馆燕罗街道分馆客流统计信息,文体休闲,宝安区人民政府,按年,800,,50,1602,24,无条件开放,主动开放,,,,,2022-11-30 10:58:39.0,2026-08-19 01:31
29200/02803335,宝安区图书馆少儿新书访问统计信息,文体休闲,宝安区人民政府,按年,1060,,12,1303,22,无条件开放,主动开放,,,,,2022-11-30 10:39:25.0,2026-08-19 01:22
29200/02803339,宝安区-旅游业统计信息,政府机构,宝安区人民政府,存档,58,,54,728,24,无条件开放,主动开放,,,,,2023-09-07 16:49:55.0,2025-07-16 10:26
29200/02803340,宝安区-规模以上工业增加值统计信息,政府机构,宝安区人民政府,按年,65,,19,478,26,无条件开放,主动开放,,,,,2023-09-07 16:49:55.0,2026-08-19 01:14
29200/02803341,宝安区-税收收入统计信息,政府机构,宝安区人民政府,存档,56,,18,442,24,无条件开放,主动开放,,,,,2023-09-07 16:49:55.0,2025-07-16 10:26
29200/02803342,宝安区-供电量统计信息,政府机构,宝安区人民政府,存档,56,,159,808,24,无条件开放,主动开放,,,,,2023-09-07 16:49:55.0,2025-07-16 10:26
29200/02803343,宝安区-供水量统计信息,政府机构,宝安区人民政府,存档,56,,32,711,24,无条件开放,主动开放,,,,,2023-09-07 16:49:55.0,2025-07-17 02:10
29200/02803345,宝安区-建设工程公开招标改邀请招标或直接发包审批（施工类）许可信息,政府机构,宝安区人民政府,存档,8,,11,359,24,无条件开放,主动开放,,,,,2023-09-07 16:49:55.0,2026-08-21 07:11
29200/02803355,宝安区-产业空间超市研发办公园区,企业服务,宝安区人民政府,存档,50,,19,327,28,无条件开放,主动开放,,,,,2023-09-07 16:49:56.0,2026-08-26 09:31
29200/02803356,宝安区-产业空间超市生产厂房园区,经济建设,宝安区人民政府,存档,23,,14,460,26,无条件开放,主动开放,,,,,2023-09-07 16:49:56.0,2026-08-26 09:31
29200/02803357,宝安区-产业空间超市会议室空间,经济建设,宝安区人民政府,存档,18,,8,289,26,无条件开放,主动开放,,,,,2023-09-07 16:49:56.0,2026-08-26 09:31
29200/02803358,宝安区-产业空间超市创客卡位空间,经济建设,宝安区人民政府,存档,9,,8,415,26,无条件开放,主动开放,,,,,2023-09-07 16:49:56.0,2026-08-26 09:31
29200/02803359,宝安区-产业空间超市酒店空间,经济建设,宝安区人民政府,存档,88,,7,365,26,无条件开放,主动开放,,,,,2023-09-07 16:49:56.0,2026-08-26 09:31
29200/02803379,宝安区-区属国企经营情况统计信息,经济建设,宝安区人民政府,按年,12,,14,611,24,无条件开放,主动开放,,,,,2023-09-07 16:49:57.0,2026-08-19 01:42
29200/02803380,深圳市宝安区宣传文化体育发展专项资金区委宣传部主管项目信息,政府机构,宝安区人民政府,有数据更新时,9,,5,118,24,无条件开放,主动开放,,,,,2025-01-10 14:50:32.742,2025-01-10 06:50
29200/02803381,深圳市宝安区宣传文化体育发展专项资金区文化广电旅游体育局主管项目信息,政府机构,宝安区人民政府,有数据更新时,8,,7,91,24,无条件开放,主动开放,,,,,2025-01-10 14:53:14.722,2025-01-10 06:53
29200/02803382,深圳市宝安区宣传文化体育发展专项资金区文联主管项目信息,政府机构,宝安区人民政府,有数据更新时,6,,5,144,24,无条件开放,主动开放,,,,,2025-01-10 14:54:26.203,2025-01-10 06:54
29200/02803383,深圳市宝安区宣传文化体育发展专项资金各街道主管项目信息,政府机构,宝安区人民政府,有数据更新时,17,,5,258,24,无条件开放,主动开放,,,,,2025-01-10 14:57:15.115,2025-01-10 06:57
29200/02803384,深圳市宝安区包装装潢印刷品印刷企业单位设立信息公示名单,政府机构,宝安区人民政府,按年,17,,0,582,0,有条件开放,主动开放,,,,,2025-01-10 14:58:59.94,2025-01-10 06:58
29200/02803385,深圳市宝安区统计局规模以上工业营收及应收账款数据,政府机构,宝安区人民政府,存档,11,,0,265,0,有条件开放,主动开放,,,,,2025-01-06 16:36:14.0,2025-07-16 10:26
29200/02803386,深圳市宝安区统计局固投房地产和非房地产数据,政府机构,宝安区人民政府,存档,11,,1,359,0,有条件开放,主动开放,,,,,2025-01-06 16:36:14.0,2025-07-16 10:26
29200/02803387,深圳市宝安区统计局财政社会保障和就业数据,政府机构,宝安区人民政府,存档,11,,0,225,0,有条件开放,主动开放,,,,,2025-01-06 16:36:14.0,2025-07-16 10:26
29200/02803388,深圳市宝安区统计局税收中个人所得税数据,政府机构,宝安区人民政府,存档,11,,0,334,0,有条件开放,主动开放,,,,,2025-01-06 16:36:14.0,2025-07-16 10:26
29200/02803389,深圳市宝安区统计局旅游业酒店客房出租率数据,政府机构,宝安区人民政府,存档,11,,5,367,0,有条件开放,主动开放,,,,,2025-01-06 16:36:15.0,2025-07-16 10:26
29200/02803390,深圳市宝安区燕罗街道工业（产业）园区基本情况,政府机构,宝安区人民政府,有数据更新时,85,,17,430,24,无条件开放,主动开放,,,,,2025-01-10 16:35:44.509,2025-01-10 08:35
29200/02803391,深圳市宝安区各街道信访部门信息,政府机构,宝安区人民政府,有数据更新时,10,,9,188,24,无条件开放,主动开放,,,,,2025-01-10 16:01:46.652,2025-01-10 08:01
29200/02803392,深圳市宝安区新安街道办事处辖区健康服务中心名单,政府机构,宝安区人民政府,有数据更新时,29,,3,340,24,无条件开放,主动开放,,,,,2025-01-10 16:11:43.889,2025-01-10 08:11
29200/02803393,深圳市宝安区预拌混凝土和预拌砂浆生产站点信息,政府机构,宝安区人民政府,有数据更新时,26,,5,385,24,无条件开放,主动开放,,,,,2025-01-10 16:13:28.285,2025-01-10 08:13
29200/02803394,深圳市宝安区在管物业小区信息,政府机构,宝安区人民政府,有数据更新时,362,,44,491,24,无条件开放,主动开放,,,,,2025-01-10 16:29:47.887,2025-01-10 08:29
29200/02803395,深圳市宝安区特殊建设工程消防验收许可信息,政府机构,宝安区人民政府,有数据更新时,34,,3,266,24,无条件开放,主动开放,,,,,2025-01-10 16:38:20.986,2025-01-10 08:38
29200/02803396,深圳市宝安区建筑业企业资质信息,政府机构,宝安区人民政府,有数据更新时,150,,5,130,40,无条件开放,主动开放,,,,,2025-01-10 16:51:17.775,2025-01-10 08:51
29200/02803397,深圳市宝安区社会组织信息,政府机构,宝安区人民政府,有数据更新时,900,,0,96,0,有条件开放,主动开放,,,,,2025-01-06 16:36:15.0,2025-08-05 02:12
29200/02803398,深圳市宝安区养老机构名单,政府机构,宝安区人民政府,有数据更新时,12,,1,160,0,有条件开放,主动开放,,,,,2025-01-10 16:59:33.527,2025-01-10 08:59
29200/02803399,深圳市宝安区养老服务设施名单,政府机构,宝安区人民政府,有数据更新时,52,,2,215,0,有条件开放,主动开放,,,,,2025-01-10 17:05:30.901,2025-01-10 09:05
29200/02803400,深圳市宝安区长者饭堂和长者助餐点名单,政府机构,宝安区人民政府,有数据更新时,51,,2,131,0,有条件开放,主动开放,,,,,2025-01-10 17:06:37.658,2025-01-10 09:06
29200/02803401,深圳市宝安区特殊儿童康复机构名单,政府机构,宝安区人民政府,有数据更新时,12,,1,139,24,无条件开放,主动开放,,,,,2025-01-10 17:10:35.156,2025-01-10 09:10
29200/02803402,深圳市宝安区省级工业设计中心名单,政府机构,宝安区人民政府,有数据更新时,27,,1,89,24,无条件开放,主动开放,,,,,2025-01-10 17:17:45.392,2025-01-10 09:17
29200/02803403,深圳市宝安区市级工业设计中心名单,政府机构,宝安区人民政府,有数据更新时,14,,3,81,24,无条件开放,主动开放,,,,,2025-01-10 17:18:43.968,2025-01-10 09:18
29200/02803404,深圳市宝安区软件信息产业园名单,政府机构,宝安区人民政府,有数据更新时,6,,4,132,12,无条件开放,主动开放,,,,,2025-01-10 17:19:45.237,2025-01-10 09:19
29200/02803405,深圳市宝安区产业空间超市房源基本信息,政府机构,宝安区人民政府,有数据更新时,169,,5,118,34,无条件开放,主动开放,,,,,2025-01-10 17:23:06.018,2025-01-10 09:23
29200/02803406,深圳市宝安区产业空间超市园区基本信息,政府机构,宝安区人民政府,有数据更新时,100,,4,111,24,无条件开放,主动开放,,,,,2025-01-10 17:20:44.849,2025-01-10 09:20
29200/02803407,深圳市宝安区产业空间超市房源租售信息,政府机构,宝安区人民政府,有数据更新时,170,,9,385,34,无条件开放,主动开放,,,,,2025-01-10 17:24:07.844,2025-01-10 09:24
29200/02803408,深圳市宝安区产业空间超市园区租售信息,政府机构,宝安区人民政府,有数据更新时,104,,3,111,24,无条件开放,主动开放,,,,,2025-01-10 17:25:05.802,2025-01-10 09:25
29200/02803409,深圳市宝安区产业空间超市园区费用信息,政府机构,宝安区人民政府,有数据更新时,104,,1,112,24,无条件开放,主动开放,,,,,2025-01-10 17:27:09.942,2025-01-10 09:27
29200/02803412,深圳市宝安区人力资源服务许可机构名录,政府机构,宝安区人民政府,有数据更新时,41,,1,84,0,有条件开放,主动开放,,,,,2025-01-06 16:36:16.0,2026-08-28 03:49
29200/02803413,深圳市宝安区人力资源局实行不定时和综合计算工时工作制审批行政许可名录,政府机构,宝安区人民政府,有数据更新时,26,,30,477,24,无条件开放,主动开放,,,,,2025-01-10 17:30:17.097,2025-01-10 09:30
29200/02803414,深圳市宝安区人力资源局机构类奖补名录,政府机构,宝安区人民政府,有数据更新时,22,,2,110,24,无条件开放,主动开放,,,,,2025-01-10 17:31:29.382,2025-01-10 09:31
29200/02803415,深圳市宝安区民办学校办学许可证,政府机构,宝安区人民政府,有数据更新时,59,,1,188,0,有条件开放,主动开放,,,,,2025-01-10 17:38:50.946,2025-01-10 09:38
29200/02803416,深圳市宝安区区属未成年人类教育培训机构信息,政府机构,宝安区人民政府,有数据更新时,63,,0,123,0,有条件开放,主动开放,,,,,2025-01-10 17:44:39.431,2025-01-10 09:44
29200/02803417,深圳市宝安区区属未成年人类教育培训机构名单,政府机构,宝安区人民政府,有数据更新时,63,,2,115,0,有条件开放,主动开放,,,,,2025-01-10 17:46:01.416,2025-01-10 09:46
29200/02803418,深圳市宝安区近年学校数统计表,政府机构,宝安区人民政府,有数据更新时,5,,1,281,0,有条件开放,主动开放,,,,,2025-01-10 17:47:20.364,2025-01-10 09:47
29200/02803419,深圳市宝安区区属成人类教育培训机构名单,政府机构,宝安区人民政府,有数据更新时,58,,2,159,0,有条件开放,主动开放,,,,,2025-01-10 17:48:20.675,2025-01-10 09:48
29200/02803420,深圳市宝安区教育机构信息,政府机构,宝安区人民政府,有数据更新时,430,,3,275,0,有条件开放,主动开放,,,,,2025-01-10 17:50:47.335,2025-01-10 09:50
29200/02803421,深圳市宝安区区属成人类教育培训机构信息表,政府机构,宝安区人民政府,有数据更新时,58,,3,302,0,有条件开放,主动开放,,,,,2025-01-10 18:31:35.163,2025-01-10 10:31
29200/02803422,深圳市宝安区查处不文明养犬罚款（元）统计信息,政府机构,宝安区人民政府,有数据更新时,60,,4,243,24,无条件开放,主动开放,,,,,2025-01-10 18:43:22.634,2025-01-10 10:43
29200/02803423,深圳市宝安区城市管理和综合执法局养护企业信息,政府机构,宝安区人民政府,有数据更新时,7,,3,175,24,无条件开放,主动开放,,,,,2025-01-10 18:00:53.732,2025-01-10 10:00
29200/02803424,深圳市宝安区城市管理和综合执法局公园设施信息,政府机构,宝安区人民政府,有数据更新时,200,,33,213,26,无条件开放,主动开放,,,,,2025-01-10 18:03:44.613,2025-01-10 10:03
29200/02803425,深圳市宝安区体育场服务人次,政府机构,宝安区人民政府,按年,722,,2,439,22,无条件开放,主动开放,,,,,2025-01-10 18:05:46.692,2025-01-10 10:05
29200/02803426,深圳市宝安区体育馆服务人次,政府机构,宝安区人民政府,按年,722,,11,654,22,无条件开放,主动开放,,,,,2025-01-10 18:07:01.821,2025-01-10 10:07
29200/02803427,深圳市宝安区游泳馆服务人次,政府机构,宝安区人民政府,按年,721,,2,486,22,无条件开放,主动开放,,,,,2025-01-10 18:08:06.851,2025-01-10 10:08
29200/02803428,深圳市宝安区文化馆（1990）服务人次,政府机构,宝安区人民政府,按年,666,,8,492,22,无条件开放,主动开放,,,,,2025-01-10 18:26:23.154,2025-01-10 10:26
29200/02803429,深圳市宝安区劳务工博物馆人次,政府机构,宝安区人民政府,按年,742,,7,546,22,无条件开放,主动开放,,,,,2025-01-10 18:15:29.883,2025-01-10 10:15
29200/02803450,深圳市宝安区应急避难场所信息,政府机构,宝安区人民政府,有数据更新时,189,,0,132,0,有条件开放,主动开放,,,,,2025-12-26 18:11:33.0,2026-03-02 09:58
29200/02803455,深圳市宝安区大型机械设备信息,政府机构,宝安区人民政府,有数据更新时,35,,2,62,12,无条件开放,主动开放,,,,,2025-12-27 17:06:53.0,2026-05-07 08:19
29200/02803456,深圳市宝安区救援队伍装备信息,政府机构,宝安区人民政府,有数据更新时,24,,0,35,20,无条件开放,主动开放,,,,,2025-12-27 17:14:07.0,2026-05-07 08:19
29200/02803483,深圳市宝安区图书馆访问统计信息,文体休闲,宝安区人民政府,按年,480,,0,42,12,无条件开放,主动开放,,,,,2026-08-26 11:44:00.0,2026-08-26 03:44
29200/02803484,深圳市宝安区图书馆馆藏流通信息表,文体休闲,宝安区人民政府,按年,1008,,1,81,16,无条件开放,主动开放,,,,,2026-08-24 16:01:43.338,2026-08-24 08:01
29200/02803485,深圳市宝安区娱乐经营许可信息,文体休闲,宝安区人民政府,按年,393,,1,71,14,无条件开放,主动开放,,,,,2026-08-21 15:58:14.0,2026-09-01 01:50
29200/02803486,深圳市宝安区图书馆书视借系统图书信息,文体休闲,宝安区人民政府,有数据更新时,5398,,0,108,116,无条件开放,主动开放,,,,,2026-08-24 09:39:18.607,2026-08-24 01:39
29200/02900431,罗湖区-劳务派遣机构许可信息,企业服务,罗湖区人民政府,按年,398,,215,13945,115,无条件开放,主动开放,,,,,2016-11-22 10:50:26.0,2021-05-17 08:57
29200/02900452,罗湖区-出版物经营许可信息,文体休闲,罗湖区人民政府,按年,226,,156,12953,109,无条件开放,主动开放,,,,,2016-12-07 15:07:32.0,2021-05-17 08:57
29200/02900453,罗湖区-高危险性体育项目经营活动设立,文体休闲,罗湖区人民政府,按年,227,,217,11896,75,无条件开放,主动开放,,,,,2016-12-07 15:11:20.0,2024-04-16 07:54
29200/02900454,罗湖区-娱乐场所设立变更,文体休闲,罗湖区人民政府,按年,293,,160,15961,111,无条件开放,主动开放,,,,,2016-12-07 15:13:32.0,2021-05-17 08:57
29200/02900455,罗湖区-演出经纪机构设立,文体休闲,罗湖区人民政府,按年,777,,146,12184,100,无条件开放,主动开放,,,,,2016-12-07 15:25:42.0,2021-05-17 08:57
29200/02900459,罗湖区-建设项目环境影响审批,企业服务,罗湖区人民政府,按年,35,,190,11297,148,无条件开放,主动开放,,,,,2016-12-07 15:41:33.0,2021-05-17 08:57
29200/02900460,罗湖区-烟草零售已生效违法信息,政府机构,罗湖区人民政府,有数据更新时,300,,148,13701,137,无条件开放,主动开放,,,,,2016-12-07 15:46:27.0,2021-05-17 08:57
29200/02900461,罗湖区-餐厨垃圾已生效违法信息,政府机构,罗湖区人民政府,按年,23,,172,13491,680,无条件开放,主动开放,,,,,2016-12-07 15:50:11.0,2024-04-28 09:22
29200/02900462,罗湖区-工程质量已生效违法信息,政府机构,罗湖区人民政府,按年,76,,162,14855,1205,无条件开放,主动开放,,,,,2016-12-07 15:52:13.0,2024-04-28 09:22
29200/02900464,罗湖区-体育项目已生效违法信息,文体休闲,罗湖区人民政府,有数据更新时,4088,,164,7745,76,无条件开放,主动开放,,,,,2016-12-07 16:00:46.0,2021-05-17 08:57
29200/02900465,罗湖区-娱乐场所已生效违法信息,文体休闲,罗湖区人民政府,按年,28,,247,14603,78,无条件开放,主动开放,,,,,2016-12-07 16:07:17.0,2024-04-28 09:21
29200/02900466,罗湖区-音像制品已生效违法信息,政府机构,罗湖区人民政府,有数据更新时,24,,111,7802,68,无条件开放,主动开放,,,,,2016-12-07 16:12:48.0,2021-05-17 08:59
29200/02900467,罗湖区-建设项目环境已生效违法,信用服务,罗湖区人民政府,按年,6810,,138,11675,257,无条件开放,主动开放,,,,,2016-12-07 16:55:19.0,2026-07-07 03:04
29200/02900469,罗湖区-上网营业场所已生效违法,文体休闲,罗湖区人民政府,按年,2927,,186,24160,144,无条件开放,主动开放,,,,,2016-12-07 17:02:36.0,2024-04-28 09:21
29200/02900470,罗湖区-旅馆业已生效违法信息,政府机构,罗湖区人民政府,有数据更新时,397,,138,9101,392,无条件开放,主动开放,,,,,2016-12-07 17:03:48.0,2021-05-17 08:59
29200/02900472,罗湖区-公共场所卫生已生效违法,政府机构,罗湖区人民政府,按年,64,,150,11756,85,无条件开放,主动开放,,,,,2016-12-07 17:15:03.0,2024-04-28 09:21
29200/02900473,罗湖区-医疗机构已生效违法信息,政府机构,罗湖区人民政府,有数据更新时,222,,230,11569,83,无条件开放,主动开放,,,,,2016-12-07 17:17:33.0,2021-05-17 08:59
29200/02900474,罗湖区-危险化学已生效违法信息,政府机构,罗湖区人民政府,按年,20,,162,16757,91,无条件开放,主动开放,,,,,2016-12-07 17:23:11.0,2024-04-28 09:22
29200/02900476,罗湖区-荣誉信息,政府机构,罗湖区人民政府,有数据更新时,492,,121,5679,123,无条件开放,主动开放,,,,,2016-12-07 17:33:58.0,2021-04-26 06:00
29200/02900602,罗湖区-应急管理,政府机构,罗湖区人民政府,存档,142,,153,6998,67,无条件开放,主动开放,,,,,2017-04-17 15:39:22.0,2026-07-27 02:48
29200/02903666,罗湖区-行政处罚信息,政府机构,罗湖区人民政府,有数据更新时,15061,,353,29291,153595,有条件开放,主动开放,,,,,2019-01-25 06:03:40.0,2024-04-28 09:21
29200/02903667,罗湖区-行政许可信息,政府机构,罗湖区人民政府,有数据更新时,23664,,122,21172,28830,无条件开放,主动开放,,,,,2019-01-25 06:17:58.0,2026-06-02 01:46
29200/02903668,罗湖区-项目环境保护已生效违法,信用服务,罗湖区人民政府,按年,20,,61,11900,378,无条件开放,主动开放,,,,,2019-01-25 10:02:29.0,2024-04-28 09:21
29200/02903670,罗湖区-监测点位表（环境监测监控）,政府机构,罗湖区人民政府,有数据更新时,273,,74,5897,79,无条件开放,主动开放,,,,,2019-01-25 10:30:47.0,2019-10-23 08:50
29200/02903671,罗湖区-户外广告行政许可,政府机构,罗湖区人民政府,有数据更新时,2174,,66,8233,72,无条件开放,主动开放,,,,,2019-07-24 10:01:16.0,2019-10-23 08:50
29200/02903672,罗湖区-母婴室数据,社会发展,罗湖区人民政府,有数据更新时,230,,88,10952,64,无条件开放,主动开放,,,,,2019-08-01 10:24:28.0,2019-10-23 08:50
29200/02903673,罗湖区-充电桩数据,社会发展,罗湖区人民政府,按年,2712,,1647,13126,150,无条件开放,主动开放,,,,,2019-08-01 17:41:29.0,2019-10-23 08:50
29200/02903675,罗湖区-停车场数据,交通运输,罗湖区人民政府,有数据更新时,716,,1370,11644,161,无条件开放,主动开放,,,,,2019-08-01 17:44:04.0,2026-07-27 02:48
29200/02903676,罗湖区-公厕数据,卫生健康,罗湖区人民政府,有数据更新时,123,,136,5399,81,无条件开放,主动开放,,,,,2019-08-01 17:45:11.0,2019-10-23 08:51
29200/02903677,罗湖区-采购公告,政府机构,罗湖区人民政府,存档,17819,,285,17629,1785,无条件开放,主动开放,,,,,2019-09-29 16:00:37.0,2025-03-20 06:58
29200/02903678,罗湖区-采购中标公告,政府机构,罗湖区人民政府,存档,38348,,350,11814,467,无条件开放,主动开放,,,,,2019-09-29 16:00:58.0,2025-03-20 06:59
29200/02903679,罗湖区-加油站点位,政府机构,罗湖区人民政府,有数据更新时,66,,106,3368,44,无条件开放,主动开放,,,,,2019-09-29 16:02:48.0,2019-10-23 08:33
29200/02903680,罗湖区-重点产业园,企业服务,罗湖区人民政府,有数据更新时,90,,170,4285,133,无条件开放,主动开放,,,,,2019-09-29 16:03:18.0,2019-10-23 08:33
29200/02903681,罗湖区-医院数据,卫生健康,罗湖区人民政府,按年,255,,244,8045,42,无条件开放,主动开放,,,,,2019-09-29 16:03:46.0,2019-10-23 08:33
29200/02903682,罗湖区-应急避难场所,公共安全,罗湖区人民政府,有数据更新时,162,,82,3582,42,无条件开放,主动开放,,,,,2019-09-29 16:04:09.0,2026-07-27 02:48
29200/02903684,罗湖区-财政收入,财税金融,罗湖区人民政府,按年,33,,95,4130,44,无条件开放,主动开放,,,,,2019-09-29 16:04:54.0,2019-10-23 08:33
29200/02903685,罗湖区-财政支出,财税金融,罗湖区人民政府,按年,41,,65,3374,44,无条件开放,主动开放,,,,,2019-09-29 16:05:11.0,2019-10-23 08:33
29200/02903686,罗湖区-公共预算收入,财税金融,罗湖区人民政府,按年,34,,66,3878,44,无条件开放,主动开放,,,,,2019-09-29 16:05:32.0,2019-10-23 08:33
29200/02903687,罗湖区-公共预算支出,财税金融,罗湖区人民政府,按年,38,,65,4172,44,无条件开放,主动开放,,,,,2019-09-29 16:05:50.0,2019-10-23 08:33
29200/02903688,罗湖区-社区工作站,政府机构,罗湖区人民政府,按年,1824,,92,2780,32,无条件开放,主动开放,,,,,2019-09-29 16:06:10.0,2019-10-23 08:33
29200/02903689,罗湖区-年度慈善募捐数据,社会发展,罗湖区人民政府,按年,33,,52,1125,40,无条件开放,主动开放,,,,,2019-09-29 16:06:31.0,2019-10-23 08:33
29200/02903690,罗湖区-社会经济主要指标,财税金融,罗湖区人民政府,按年,43,,128,2965,50,无条件开放,主动开放,,,,,2019-09-29 16:06:47.0,2019-10-23 08:33
29200/02903691,罗湖区-产业经济主要指标,财税金融,罗湖区人民政府,按年,61,,139,1371,46,无条件开放,主动开放,,,,,2019-09-29 16:07:04.0,2019-10-23 08:33
29200/02903692,罗湖区-本地生产总值,财税金融,罗湖区人民政府,按年,49,,107,1160,46,无条件开放,主动开放,,,,,2019-09-29 16:07:24.0,2019-10-23 08:33
29200/02903694,罗湖区-科技活动基本情况,财税金融,罗湖区人民政府,按年,47,,86,3691,46,无条件开放,主动开放,,,,,2019-09-29 16:08:35.0,2019-10-23 08:34
29200/02903695,罗湖区-科协系统科普活动和科技培训情况,财税金融,罗湖区人民政府,按年,74,,52,3944,46,无条件开放,主动开放,,,,,2019-09-29 16:08:53.0,2019-10-23 08:34
29200/02903696,罗湖区-社区党群服务中心,政府机构,罗湖区人民政府,按年,712,,103,3008,40,无条件开放,主动开放,,,,,2019-09-29 16:09:08.0,2019-10-23 08:34
29200/02903697,罗湖区-组成部门,政府机构,罗湖区人民政府,有数据更新时,273,,49,3847,44,无条件开放,主动开放,,,,,2019-09-29 16:09:24.0,2019-10-23 08:32
29200/02903698,罗湖区-街道办事处,政府机构,罗湖区人民政府,有数据更新时,60,,89,6252,44,无条件开放,主动开放,,,,,2019-09-29 16:09:44.0,2019-10-23 08:28
29200/02903702,罗湖区-国民经济主要指标,财税金融,罗湖区人民政府,有数据更新时,144,,105,2901,44,无条件开放,主动开放,,,,,2019-10-23 17:08:33.0,2019-11-14 08:53
29200/02903703,罗湖区-迁移城市树木行政许可,生态文明,罗湖区人民政府,按年,121,,104,10510,44,无条件开放,主动开放,,,,,2019-10-28 16:59:06.0,2024-04-28 09:22
29200/02903704,罗湖区-城市管理-绿地,生态文明,罗湖区人民政府,有数据更新时,400,,128,4729,44,无条件开放,主动开放,,,,,2019-10-28 16:59:41.0,2019-11-14 08:53
29200/02903705,罗湖区-公园信息表,公共安全,罗湖区人民政府,有数据更新时,653,,309,6245,164,无条件开放,主动开放,,,,,2019-10-28 17:00:04.0,2019-11-14 08:53
29200/02903706,罗湖区-小学一览表,教育科技,罗湖区人民政府,有数据更新时,33,,436,2739,56,无条件开放,主动开放,,,,,2019-10-28 17:00:28.0,2019-11-14 08:53
29200/02903707,罗湖区-幼儿园一览表,教育科技,罗湖区人民政府,有数据更新时,33,,351,8541,131,无条件开放,主动开放,,,,,2019-10-28 17:00:56.0,2019-11-14 08:54
29200/02903708,罗湖区-占用城市绿地和砍伐,生态文明,罗湖区人民政府,按年,414,,91,7259,44,无条件开放,主动开放,,,,,2019-10-28 17:01:24.0,2019-11-14 08:54
29200/02903709,罗湖区-普通中学一览表,教育科技,罗湖区人民政府,有数据更新时,84,,292,2065,50,无条件开放,主动开放,,,,,2019-10-28 17:02:01.0,2019-11-14 09:13
29200/02903710,罗湖区-社会组织登记数据,社会发展,罗湖区人民政府,有数据更新时,1394,,76,2745,40,无条件开放,主动开放,,,,,2019-12-16 09:24:32.0,2019-12-17 02:13
29200/02903711,罗湖区-社会组织信用信息,社会发展,罗湖区人民政府,有数据更新时,676,,59,2754,40,无条件开放,主动开放,,,,,2019-12-16 09:24:50.0,2019-12-17 02:13
29200/02903712,罗湖区-泵站基本情况,生态文明,罗湖区人民政府,有数据更新时,64,,95,2331,46,无条件开放,主动开放,,,,,2019-12-16 09:25:06.0,2019-12-17 02:13
29200/02903713,罗湖区-辖区内律师行业数据,企业服务,罗湖区人民政府,有数据更新时,15,,69,2890,40,无条件开放,主动开放,,,,,2019-12-16 09:25:29.0,2019-12-17 02:12
29200/02903714,罗湖区-河道基本信息,生态文明,罗湖区人民政府,有数据更新时,60,,109,3623,40,无条件开放,主动开放,,,,,2019-12-16 09:25:46.0,2019-12-17 02:12
29200/02903715,罗湖区-水库基本信息,生态文明,罗湖区人民政府,有数据更新时,21,,117,4137,40,无条件开放,主动开放,,,,,2019-12-16 09:26:05.0,2019-12-17 02:12
29200/02903716,罗湖区-空气质量信息表,生态文明,罗湖区人民政府,有数据更新时,19954,,174,3845,101,无条件开放,主动开放,,,,,2019-12-16 09:26:23.0,2019-12-17 02:12
29200/02903717,罗湖区-双随机检查场所列表,公共安全,罗湖区人民政府,有数据更新时,1878,,40,3864,56,无条件开放,主动开放,,,,,2019-12-16 09:26:40.0,2019-12-17 02:12
29200/02903718,罗湖区-双随机检查情况表,公共安全,罗湖区人民政府,有数据更新时,708,,44,5152,46,无条件开放,主动开放,,,,,2019-12-16 09:27:13.0,2019-12-17 02:12
29200/02903719,罗湖区-政府采购供应商处罚数据,信用服务,罗湖区人民政府,有数据更新时,553,,63,2842,250,无条件开放,主动开放,,,,,2019-12-16 09:27:32.0,2019-12-17 02:12
29200/02903720,罗湖区-民办职业培训机构一览表,劳动人事,罗湖区人民政府,有数据更新时,226,,67,4429,47,无条件开放,主动开放,,,,,2020-05-18 10:01:50.0,2020-06-10 07:42
29200/02903721,罗湖区-人力资源服务机构信息,劳动人事,罗湖区人民政府,按年,276,,81,4285,36,无条件开放,主动开放,,,,,2020-05-18 10:02:04.0,2024-04-28 09:23
29200/02903722,罗湖区-教育投入,教育科技,罗湖区人民政府,按年,53,,222,6037,37,无条件开放,主动开放,,,,,2020-05-18 10:02:19.0,2020-06-10 07:42
29200/02903723,罗湖区-教育资源,教育科技,罗湖区人民政府,按年,866,,422,2533,77,无条件开放,主动开放,,,,,2020-05-18 10:02:33.0,2020-06-18 02:20
29200/02903724,罗湖区-幼儿园等级评估,教育科技,罗湖区人民政府,按年,752,,146,8895,42,无条件开放,主动开放,,,,,2020-05-18 10:02:48.0,2020-06-10 07:42
29200/02903725,罗湖区-建设工程招标公告,政府机构,罗湖区人民政府,有数据更新时,18,,52,2512,44,无条件开放,主动开放,,,,,2020-05-18 10:03:00.0,2020-06-10 07:41
29200/02903726,罗湖区-招标-项目,政府机构,罗湖区人民政府,有数据更新时,38,,47,3296,50,无条件开放,主动开放,,,,,2020-05-18 10:03:19.0,2020-06-10 07:41
29200/02903729,罗湖区-辖区公证机构基本信息,社会发展,罗湖区人民政府,按年,96,,16,2268,42,无条件开放,主动开放,,,,,2020-05-18 10:04:11.0,2020-06-10 07:41
29200/02903730,罗湖区-市政箱体,政府机构,罗湖区人民政府,有数据更新时,6858,,33,2288,41,无条件开放,主动开放,,,,,2020-05-18 10:04:28.0,2020-06-10 07:41
29200/02903731,罗湖区-民办非企业单位变更信息,信用服务,罗湖区人民政府,有数据更新时,200,,21,2474,38,无条件开放,主动开放,,,,,2020-05-18 10:04:43.0,2020-06-18 02:21
29200/02903732,罗湖区-社会团体变更信息,信用服务,罗湖区人民政府,按年,1131,,13,2920,28,无条件开放,主动开放,,,,,2020-05-18 10:05:03.0,2020-06-10 07:41
29200/02903733,罗湖区-社会组织注销信息,信用服务,罗湖区人民政府,按年,688,,14,3140,30,无条件开放,主动开放,,,,,2020-05-18 10:05:16.0,2020-06-10 07:41
29200/02903734,罗湖区-社区居委会,社会发展,罗湖区人民政府,有数据更新时,1005,,59,2844,38,无条件开放,主动开放,,,,,2020-05-18 10:05:34.0,2020-06-10 07:40
29200/02903735,罗湖区-居家养老消费券定点服务机构,社会发展,罗湖区人民政府,有数据更新时,93,,28,3359,38,无条件开放,主动开放,,,,,2020-05-18 10:05:48.0,2020-06-10 07:40
29200/02903736,罗湖区-疫苗接种点,卫生健康,罗湖区人民政府,有数据更新时,58,,52,3510,38,无条件开放,主动开放,,,,,2020-05-18 10:06:03.0,2020-06-10 07:40
29200/02903737,罗湖区-安全事故,公共安全,罗湖区人民政府,按年,133,,180,6096,45,无条件开放,主动开放,,,,,2020-05-18 10:06:17.0,2020-06-10 07:40
29200/02903738,罗湖区-危险化学品许可证,公共安全,罗湖区人民政府,按年,516,,28,6657,39,无条件开放,主动开放,,,,,2020-05-18 10:06:39.0,2020-06-10 07:40
29200/02903739,罗湖区-城市排水许可证,社会发展,罗湖区人民政府,按年,7789,,34,6909,37,无条件开放,主动开放,,,,,2020-05-18 10:06:55.0,2020-06-10 07:40
29200/02903740,罗湖区-减税降费信息表,社会发展,罗湖区人民政府,有数据更新时,72,,35,6488,53,无条件开放,主动开放,,,,,2020-05-18 10:08:02.0,2021-04-30 01:29
29200/02903741,罗湖区-节水型居民小区创建基本情况,生态文明,罗湖区人民政府,按年,590,,34,2923,42,无条件开放,主动开放,,,,,2020-05-18 10:08:16.0,2020-06-10 07:39
29200/02903742,罗湖区-水务处罚案件,信用服务,罗湖区人民政府,有数据更新时,268,,19,2630,44,无条件开放,主动开放,,,,,2020-05-18 10:08:30.0,2026-07-07 03:01
29200/02903743,罗湖区-居民价格消费指数,财税金融,罗湖区人民政府,存档,50,,119,2826,42,无条件开放,主动开放,,,,,2020-05-18 10:08:47.0,2026-07-13 10:00
29200/02903744,罗湖区-城镇居民基本情况与部分指数,社会发展,罗湖区人民政府,存档,55,,58,1052,36,无条件开放,主动开放,,,,,2020-05-18 10:09:01.0,2026-07-13 10:00
29200/02903745,罗湖区-规模以上工业总产值,社会发展,罗湖区人民政府,按年,59,,50,2067,36,无条件开放,主动开放,,,,,2020-05-18 10:09:13.0,2020-06-09 07:32
29200/02903746,罗湖区-政企资讯,企业服务,罗湖区人民政府,有数据更新时,1110,,25,2694,50,无条件开放,主动开放,,,,,2020-05-18 10:09:26.0,2020-06-09 07:32
29200/02903747,罗湖区-慧企政策,企业服务,罗湖区人民政府,有数据更新时,2894,,68,3692,47,无条件开放,主动开放,,,,,2020-05-18 10:09:41.0,2021-02-02 09:13
29200/02903748,罗湖区-外商投资,企业服务,罗湖区人民政府,有数据更新时,33,,56,2634,44,无条件开放,主动开放,,,,,2020-05-18 10:09:54.0,2020-06-09 06:08
29200/02903749,罗湖区-高危险性体育项目经营活动变更,文体休闲,罗湖区人民政府,按年,98,,24,2866,36,无条件开放,主动开放,,,,,2020-05-18 10:10:16.0,2020-06-09 06:07
29200/02903750,罗湖区-垃圾压缩箱,生态文明,罗湖区人民政府,按年,1585,,48,1841,42,无条件开放,主动开放,,,,,2020-05-28 14:13:15.0,2020-05-29 08:02
29200/02903751,罗湖区-垃圾收集桶点,生态文明,罗湖区人民政府,按年,12711,,63,1795,68,无条件开放,主动开放,,,,,2020-05-28 14:15:23.0,2026-07-27 02:48
29200/02903752,罗湖区-垃圾转运站,生态文明,罗湖区人民政府,按年,599,,123,3704,42,无条件开放,主动开放,,,,,2020-05-28 14:15:54.0,2026-07-27 02:48
29200/02903753,罗湖区-全区养老机构,政府机构,罗湖区人民政府,按年,51,,33,732,24,无条件开放,主动开放,,,,,2021-12-08 19:16:34.0,2021-12-12 11:37
29200/02903754,罗湖区-全区长者饭堂,政府机构,罗湖区人民政府,按年,178,,8,1003,24,无条件开放,主动开放,,,,,2021-12-08 19:20:59.0,2021-12-12 11:41
29200/02903755,罗湖区-全区社区党群服务中心,社会发展,罗湖区人民政府,按年,243,,33,1114,22,无条件开放,主动开放,,,,,2021-12-08 19:23:11.0,2021-12-12 11:41
29200/02903756,罗湖区-辖区内律师事务所及律师基本信息,社会发展,罗湖区人民政府,有数据更新时,333,,46,960,30,无条件开放,主动开放,,,,,2021-12-08 19:24:56.0,2021-12-13 02:38
29200/02903757,罗湖区-一般公共预算收入决算数,财税金融,罗湖区人民政府,按年,15,,4,826,26,无条件开放,主动开放,,,,,2021-12-08 19:27:16.0,2021-12-23 03:27
29200/02903758,罗湖区-一般公共预算收入总量决算数,财税金融,罗湖区人民政府,按年,16,,1,861,26,无条件开放,主动开放,,,,,2021-12-08 19:31:10.0,2021-12-23 03:28
29200/02903759,罗湖区-一般公共预算支出决算数,财税金融,罗湖区人民政府,按年,15,,33,1431,26,无条件开放,主动开放,,,,,2021-12-08 19:35:17.0,2021-12-23 03:29
29200/02903760,罗湖区-一般公共预算支出总量决算数,财税金融,罗湖区人民政府,按年,15,,29,995,26,无条件开放,主动开放,,,,,2021-12-08 19:45:31.0,2021-12-24 07:39
29200/02903761,罗湖区-政府性基金预算收入决算数,财税金融,罗湖区人民政府,按年,15,,6,1344,26,无条件开放,主动开放,,,,,2021-12-09 09:34:05.0,2021-12-24 07:39
29200/02903762,罗湖区-政府性基金预算支出决算数,财税金融,罗湖区人民政府,按年,15,,1,775,26,无条件开放,主动开放,,,,,2021-12-09 09:38:21.0,2021-12-24 07:40
29200/02903763,罗湖区-国有资本经营预算收入决算数,财税金融,罗湖区人民政府,按年,15,,5,764,26,无条件开放,主动开放,,,,,2021-12-09 09:46:51.0,2021-12-24 07:41
29200/02903764,罗湖区-国有资本经营预算支出决算数,财税金融,罗湖区人民政府,按年,15,,8,792,26,无条件开放,主动开放,,,,,2021-12-09 09:51:13.0,2021-12-24 07:41
29200/02903765,罗湖区-地方政府债务限额余额,财税金融,罗湖区人民政府,按年,16,,15,1131,26,无条件开放,主动开放,,,,,2021-12-09 09:55:22.0,2021-12-24 07:42
29200/02903766,罗湖区-信用信息双公示-事项目录,社会发展,罗湖区人民政府,有数据更新时,3225,,15,1252,29,无条件开放,主动开放,,,,,2021-12-09 09:57:53.0,2021-12-13 11:43
29200/02903767,罗湖区-直通车企业名录,企业服务,罗湖区人民政府,有数据更新时,452,,26,815,30,无条件开放,主动开放,,,,,2021-12-09 10:00:04.0,2021-12-24 07:43
29200/02903769,罗湖区-各城市U站,文体休闲,罗湖区人民政府,有数据更新时,28,,21,1044,30,无条件开放,主动开放,,,,,2021-12-09 10:04:34.0,2021-12-13 11:43
29200/02903770,罗湖区-中国深圳创新创业大赛罗湖预选赛区获奖项目名单,企业服务,罗湖区人民政府,有数据更新时,24,,14,1203,30,无条件开放,主动开放,,,,,2021-12-09 10:06:12.0,2021-12-13 11:45
29200/02903771,罗湖区-国家、省、市级创新载体,教育科技,罗湖区人民政府,按年,265,,45,5003,24,无条件开放,主动开放,,,,,2021-12-09 10:09:21.0,2021-12-13 11:46
29200/02903772,罗湖区-深圳国际创客周活动罗湖区活动名单,企业服务,罗湖区人民政府,按年,10,,6,1339,22,无条件开放,主动开放,,,,,2021-12-09 10:11:39.0,2021-12-13 11:46
29200/02903773,罗湖区-民办学校一览表,教育科技,罗湖区人民政府,按年,116,,157,5274,32,无条件开放,主动开放,,,,,2021-12-09 10:14:51.0,2021-12-13 11:47
29200/02903774,罗湖区-教育培训机构一览表,教育科技,罗湖区人民政府,按年,516,,160,4204,26,无条件开放,主动开放,,,,,2021-12-09 10:18:39.0,2021-12-13 11:48
29200/02903775,罗湖区-区、街道三防物资仓库点,公共安全,罗湖区人民政府,有数据更新时,24,,28,2324,30,无条件开放,主动开放,,,,,2021-12-09 10:25:24.0,2026-07-27 02:48
29200/02903776,罗湖区-区应急物资仓库救灾物资信息,公共安全,罗湖区人民政府,有数据更新时,7,,47,2582,30,无条件开放,主动开放,,,,,2021-12-09 10:28:23.0,2021-12-13 11:50
29200/02903777,罗湖区-消纳场所备案,经济建设,罗湖区人民政府,有数据更新时,10,,18,1884,30,无条件开放,主动开放,,,,,2021-12-09 10:32:12.0,2021-12-13 11:52
29200/02903778,罗湖区-业主大会及业主委员会信息,经济建设,罗湖区人民政府,有数据更新时,94,,47,2839,30,无条件开放,主动开放,,,,,2021-12-09 10:45:55.0,2021-12-13 11:53
29200/02903779,罗湖区-绿道信息,公共安全,罗湖区人民政府,按年,462,,79,887,28,无条件开放,主动开放,,,,,2021-12-09 10:48:28.0,2021-12-13 11:58
29200/02903780,罗湖区-投资项目核准目录,政府机构,罗湖区人民政府,有数据更新时,13,,6,2153,30,无条件开放,主动开放,,,,,2021-12-09 10:53:21.0,2021-12-13 11:58
29200/02903781,罗湖区-降雨监测数据,生态文明,罗湖区人民政府,有数据更新时,2352056,,342,8085,13623,无条件开放,主动开放,,,,,2021-12-09 10:56:20.0,2021-12-13 11:59
29200/02903782,罗湖区-净化厂水质,生态文明,罗湖区人民政府,有数据更新时,175714,,130,7882,37556,无条件开放,主动开放,,,,,2021-12-09 10:58:58.0,2021-12-13 11:59
29200/02903783,罗湖区-演出经纪机构延续,文体休闲,罗湖区人民政府,存档,14,,5,341,24,无条件开放,主动开放,,,,,2022-08-16 14:36:22.0,2026-07-13 10:00
29200/02903784,罗湖预选赛区获奖项目名单,企业服务,罗湖区人民政府,按年,57,,3,1826,20,无条件开放,主动开放,,,,,2022-08-16 14:54:40.0,2022-12-03 09:44
29200/02903785,职工服务中心（站点）,社会发展,罗湖区人民政府,按年,58,,5,868,22,无条件开放,主动开放,,,,,2022-08-16 14:57:55.0,2022-12-03 09:23
29200/02903786,暖蜂驿站,社会发展,罗湖区人民政府,按年,180,,49,2230,28,无条件开放,主动开放,,,,,2022-08-16 15:00:11.0,2022-12-03 09:25
29200/02903787,爱心妈妈小屋,社会发展,罗湖区人民政府,按年,99,,8,990,20,无条件开放,主动开放,,,,,2022-08-16 15:03:24.0,2022-12-03 09:27
29200/02903788,罗湖区-孵化载体清单,企业服务,罗湖区人民政府,有数据更新时,12,,14,613,24,无条件开放,主动开放,,,,,2022-08-16 15:06:07.0,2022-12-03 09:05
29200/02903789,罗湖区博物馆一览表,文体休闲,罗湖区人民政府,有数据更新时,6,,25,376,24,无条件开放,主动开放,,,,,2022-08-16 15:34:00.0,2022-12-23 07:16
29200/02903790,罗湖区-社会组织异常名录,信用服务,罗湖区人民政府,有数据更新时,111,,4,482,24,无条件开放,主动开放,,,,,2022-08-16 15:37:01.0,2022-12-03 09:13
29200/02903791,罗湖区-社会组织严重违法失信名单,信用服务,罗湖区人民政府,有数据更新时,109,,22,932,24,无条件开放,主动开放,,,,,2022-08-16 15:39:06.0,2022-12-03 09:16
29200/02903795,罗湖区危险化学品行业安全生产标准化三级达标企业名单,企业服务,罗湖区人民政府,有数据更新时,22,,7,1595,24,无条件开放,主动开放,,,,,2022-08-16 16:11:05.0,2022-12-06 08:44
29200/02903797,罗湖区-股份合作公司名单,企业服务,罗湖区人民政府,有数据更新时,31,,25,1870,24,无条件开放,主动开放,,,,,2022-08-16 16:21:11.0,2022-12-03 09:41
29200/02903798,罗湖区-体育中心体育项目开放信息,文体休闲,罗湖区人民政府,有数据更新时,66,,16,464,24,无条件开放,主动开放,,,,,2022-08-16 16:27:01.0,2023-01-03 07:01
29200/02903801,罗湖区三级河长名单,生态文明,罗湖区人民政府,有数据更新时,102,,8,377,24,无条件开放,主动开放,,,,,2022-08-16 17:05:37.0,2022-12-03 09:33
29200/02903802,罗湖区-美术馆摄影展览,文体休闲,罗湖区人民政府,按年,453,,14,572,20,无条件开放,主动开放,,,,,2022-08-16 17:34:30.0,2022-12-12 03:36
29200/02903803,罗湖美术馆讲座情况,文体休闲,罗湖区人民政府,按年,123,,7,697,22,无条件开放,主动开放,,,,,2022-08-16 17:36:34.0,2022-12-06 07:44
29200/02903804,罗湖区文化馆场馆免费对外开放活动,文体休闲,罗湖区人民政府,按年,217,,15,894,22,无条件开放,主动开放,,,,,2022-11-23 17:38:26.0,2022-11-24 08:04
29200/02903805,战略性新兴产业库罗湖区企业名单,经济建设,罗湖区人民政府,按年,3326,,99,909,22,无条件开放,主动开放,,,,,2022-08-16 17:41:18.0,2022-12-12 03:28
29200/02903806,罗湖区-2022年公办小学招生咨询电话,教育科技,罗湖区人民政府,按年,208,,28,3951,20,无条件开放,主动开放,,,,,2022-08-16 17:43:33.0,2022-12-12 03:29
29200/02903807,罗湖区-规模以上工业企业生产经营效益,经济建设,罗湖区人民政府,有数据更新时,9,,10,673,24,无条件开放,主动开放,,,,,2022-08-16 17:45:16.0,2025-12-23 06:39
29200/02903808,罗湖区-房地产开发企业生产经营效益,经济建设,罗湖区人民政府,有数据更新时,8,,183,1814,24,无条件开放,主动开放,,,,,2022-08-16 17:47:22.0,2022-12-03 09:19
29200/02903809,罗湖区-农作物播种面积及农副产品产量,经济建设,罗湖区人民政府,按年,16,,10,1716,24,无条件开放,主动开放,,,,,2022-08-16 17:49:21.0,2022-12-03 09:20
29200/02903810,罗湖区-居民收入情况,经济建设,罗湖区人民政府,按年,21,,82,1743,24,无条件开放,主动开放,,,,,2022-08-16 17:50:58.0,2024-08-26 03:02
29200/02903811,罗湖区-居民生活消费支出情况,经济建设,罗湖区人民政府,存档,8,,163,2084,24,无条件开放,主动开放,,,,,2022-08-16 17:52:36.0,2022-12-03 09:23
29200/02903812,罗湖区-集体资产相关政策文件目录,企业服务,罗湖区人民政府,有数据更新时,45,,8,3728,28,无条件开放,主动开放,,,,,2022-08-16 17:54:25.0,2022-12-03 09:28
29200/02903815,罗湖区-土地整备项目,经济建设,罗湖区人民政府,按年,64,,47,1311,34,无条件开放,主动开放,,,,,2022-12-06 16:28:23.0,2022-12-06 08:32
29200/02903816,罗湖区司法服务机构信息,社会发展,罗湖区人民政府,有数据更新时,8,,6,820,24,无条件开放,主动开放,,,,,2023-03-10 10:28:18.0,2023-03-10 02:25
29200/02903817,罗湖区属二级以上国有企业基本信息,企业服务,罗湖区人民政府,有数据更新时,18,,39,612,24,无条件开放,主动开放,,,,,2023-03-10 10:30:57.0,2023-03-10 02:28
29200/02903818,罗湖区-退役军人事务局-街道退役军人服务站信息,社会发展,罗湖区人民政府,有数据更新时,10,,1,199,24,无条件开放,主动开放,,,,,2023-11-13 15:47:39.0,2024-11-20 11:02
29200/02903819,罗湖区-退役军人事务局-社区退役军人服务站信息,社会发展,罗湖区人民政府,有数据更新时,81,,2,252,24,无条件开放,主动开放,,,,,2023-11-13 15:47:39.0,2024-11-20 11:13
29200/02903820,罗湖区-公共就业服务机构信息,劳动人事,罗湖区人民政府,有数据更新时,23,,9,367,24,无条件开放,主动开放,,,,,2023-11-13 15:47:39.0,2023-11-13 08:43
29200/02903821,罗湖区-市级创业孵化基地名单,劳动人事,罗湖区人民政府,有数据更新时,4,,16,324,24,无条件开放,主动开放,,,,,2023-11-13 15:47:39.0,2023-11-13 08:45
29200/02903822,罗湖区-青年见习基地,劳动人事,罗湖区人民政府,有数据更新时,99,,6,293,24,无条件开放,主动开放,,,,,2023-11-13 15:47:40.0,2023-11-13 08:46
29200/02903823,罗湖区-劳务派遣机构信息,劳动人事,罗湖区人民政府,按年,151,,18,368,24,无条件开放,主动开放,,,,,2023-11-13 15:47:40.0,2026-05-27 02:10
29200/02903824,罗湖区-劳务派遣机构年报信息,劳动人事,罗湖区人民政府,按年,598,,23,380,22,无条件开放,主动开放,,,,,2023-11-13 15:47:40.0,2023-11-13 08:49
29200/02903826,罗湖区-人力资源服务机构年报信息,劳动人事,罗湖区人民政府,按年,445,,14,449,22,无条件开放,主动开放,,,,,2023-11-13 15:47:40.0,2023-11-13 08:50
29200/02903827,罗湖区-股份合作公司董事长名单,政府机构,罗湖区人民政府,有数据更新时,31,,0,260,0,有条件开放,主动开放,,,,,2023-11-13 15:47:40.0,2023-11-13 08:51
29200/02903828,罗湖区-股份合作公司监事会主席名单,政府机构,罗湖区人民政府,有数据更新时,31,,0,2064,0,有条件开放,主动开放,,,,,2023-11-13 15:47:40.0,2023-11-13 08:53
29200/02903829,罗湖区-股份合作公司集体资产管理委员会主任名单,政府机构,罗湖区人民政府,有数据更新时,60,,0,2118,0,有条件开放,主动开放,,,,,2023-11-13 15:47:40.0,2023-11-13 08:54
29200/02903830,罗湖区-投控产业园区活动,企业服务,罗湖区人民政府,有数据更新时,10,,35,346,24,无条件开放,主动开放,,,,,2023-11-13 15:47:40.0,2023-11-13 08:55
29200/02903831,罗湖区-体育中心公益免费对外开放活动,文体休闲,罗湖区人民政府,有数据更新时,57,,14,331,24,无条件开放,主动开放,,,,,2023-11-13 15:47:40.0,2023-11-13 09:14
29200/02903832,罗湖区-执业公证员基本信息,政府机构,罗湖区人民政府,按年,42,,0,390,0,有条件开放,主动开放,,,,,2023-11-13 15:47:40.0,2023-11-13 09:16
29200/02903833,罗湖区-社区法律顾问信息,政府机构,罗湖区人民政府,按年,243,,1,420,22,无条件开放,主动开放,,,,,2023-11-13 15:47:40.0,2023-11-13 09:17
29200/02903834,罗湖区应急管理局-双随机执法企业数据,公共安全,罗湖区人民政府,有数据更新时,35,,2,318,24,无条件开放,主动开放,,,,,2023-11-13 15:47:40.0,2023-11-13 09:19
29200/02903835,罗湖区应急管理局-罗湖区应急管理专家库专家名单,公共安全,罗湖区人民政府,有数据更新时,130,,15,748,24,无条件开放,主动开放,,,,,2023-11-13 15:47:40.0,2023-11-13 09:21
29200/02903836,罗湖区-规模以上服务业企业生产经营效益（按登记注册类型分）,企业服务,罗湖区人民政府,有数据更新时,11,,2,260,24,无条件开放,主动开放,,,,,2023-11-13 15:47:41.0,2024-11-20 11:07
29200/02903837,罗湖区-规模以上服务业企业生产经营效益（按国民经济行业分）,经济建设,罗湖区人民政府,有数据更新时,11,,9,361,24,无条件开放,主动开放,,,,,2023-11-13 15:47:41.0,2023-11-13 09:24
29200/02903838,罗湖区-建筑业企业生产经营效益,经济建设,罗湖区人民政府,有数据更新时,11,,6,493,24,无条件开放,主动开放,,,,,2023-11-13 15:47:41.0,2023-11-29 03:13
29200/02903839,罗湖区-限额以上批发零售企业生产经营效益,经济建设,罗湖区人民政府,有数据更新时,11,,3,284,24,无条件开放,主动开放,,,,,2023-11-13 15:47:41.0,2023-11-13 09:29
29200/02903840,罗湖区-限额以上住宿餐饮企业生产经营效益,企业服务,罗湖区人民政府,有数据更新时,16,,17,421,24,无条件开放,主动开放,,,,,2023-11-13 15:47:41.0,2024-11-20 11:23
29200/02903841,罗湖区-信访部门基本信息,政府机构,罗湖区人民政府,有数据更新时,18,,0,287,0,有条件开放,主动开放,,,,,2023-11-13 15:47:41.0,2023-11-13 09:32
29200/02903842,罗湖区-信访部门咨询电话信息,政府机构,罗湖区人民政府,有数据更新时,18,,0,231,0,有条件开放,主动开放,,,,,2023-11-13 15:47:41.0,2023-11-13 09:34
29200/02903843,罗湖区-深圳市科普基地名单,教育科技,罗湖区人民政府,有数据更新时,11,,23,364,28,无条件开放,主动开放,,,,,2023-11-13 15:47:41.0,2023-11-13 09:52
29200/02903844,罗湖区-广东省科普基地名单,教育科技,罗湖区人民政府,有数据更新时,7,,27,379,28,无条件开放,主动开放,,,,,2023-11-13 15:47:41.0,2023-11-13 09:57
29200/02903845,罗湖区-深圳市罗湖区科技型中小企业信息,教育科技,罗湖区人民政府,按年,1131,,66,642,58,无条件开放,主动开放,,,,,2023-11-13 15:47:41.0,2023-11-30 03:30
29200/02903846,罗湖区总工会-职工电子书屋,文体休闲,罗湖区人民政府,有数据更新时,33,,6,542,24,无条件开放,主动开放,,,,,2023-11-13 15:47:41.0,2023-11-13 10:00
29200/02903847,罗湖区-罗湖区图书馆一览表,政府机构,罗湖区人民政府,有数据更新时,25,,21,324,26,无条件开放,主动开放,,,,,2023-11-13 15:47:41.0,2023-11-13 10:02
29200/02903848,罗湖区-公共安全支出,财税金融,罗湖区人民政府,按年,17,,2,402,22,无条件开放,主动开放,,,,,2023-11-13 15:47:41.0,2023-11-13 10:05
29200/02903849,罗湖区-教育支出,财税金融,罗湖区人民政府,按年,17,,27,904,22,无条件开放,主动开放,,,,,2023-11-13 15:47:41.0,2023-11-13 10:08
29200/02903850,罗湖区-科学技术支出,财税金融,罗湖区人民政府,按年,16,,7,475,22,无条件开放,主动开放,,,,,2023-11-13 15:47:41.0,2023-11-13 10:10
29200/02903851,罗湖区-文化旅游体育与传媒支出,财税金融,罗湖区人民政府,按年,16,,22,908,22,无条件开放,主动开放,,,,,2023-11-13 15:47:42.0,2023-11-13 10:13
29200/02903852,罗湖区-社会保障和就业支出,财税金融,罗湖区人民政府,按年,17,,5,997,22,无条件开放,主动开放,,,,,2023-11-13 15:47:42.0,2023-11-13 10:16
29200/02903853,罗湖区-罗湖区社会组织等级评估信息,信用服务,罗湖区人民政府,有数据更新时,108,,1,292,24,无条件开放,主动开放,,,,,2023-11-13 15:47:42.0,2023-11-13 10:20
29200/02903854,罗湖区-街道长者服务中心,政府机构,罗湖区人民政府,按年,22,,16,381,22,无条件开放,主动开放,,,,,2023-11-13 15:47:42.0,2023-11-13 10:23
29200/02903855,罗湖区-纳管社会工作服务机构基本信息,社会发展,罗湖区人民政府,存档,24,,3,441,22,无条件开放,主动开放,,,,,2023-11-13 15:47:42.0,2026-07-13 10:00
29200/02903856,最低生活保障家庭,政府机构,罗湖区人民政府,按年,60,,38,2297,22,无条件开放,主动开放,,,,,2023-11-13 15:47:42.0,2023-11-13 10:27
29200/02903857,罗湖区-结婚登记数量,政府机构,罗湖区人民政府,按年,21,,82,550,22,无条件开放,主动开放,,,,,2023-11-13 15:47:42.0,2023-11-13 10:28
29200/02903858,罗湖区-雷达流量仪实时数据,生态文明,罗湖区人民政府,有数据更新时,24972303,,3,960,5957,有条件开放,主动开放,,,,,2024-07-04 17:29:38.747,2024-07-04 14:17
29200/02903859,深圳市罗湖区各街道残疾人联合会清单,政府机构,罗湖区人民政府,有数据更新时,10,,3,207,24,无条件开放,主动开放,,,,,2025-01-13 09:34:15.423,2025-01-13 01:34
29200/02903860,深圳市罗湖区各街道残疾人综合职业康复服务中心清单,政府机构,罗湖区人民政府,有数据更新时,10,,3,216,24,无条件开放,主动开放,,,,,2025-01-13 09:39:30.72,2025-01-13 01:39
29200/02903861,深圳市罗湖区残疾人康复服务定点机构名单,政府机构,罗湖区人民政府,有数据更新时,20,,4,268,24,无条件开放,主动开放,,,,,2025-01-13 11:15:00.593,2025-01-13 03:15
29200/02903862,深圳市罗湖区艺术品经营单位备案,文体休闲,罗湖区人民政府,按年,9,,6,1119,22,无条件开放,主动开放,,,,,2024-12-11 16:03:39.0,2024-12-25 06:39
29200/02903863,深圳市罗湖区重点农业龙头企业名单,三农服务,罗湖区人民政府,有数据更新时,24,,14,923,24,无条件开放,主动开放,,,,,2024-12-11 16:03:39.0,2024-12-25 06:41
29200/02903864,深圳市罗湖区高交会参展企业名单,经济建设,罗湖区人民政府,按年,19,,10,1241,22,无条件开放,主动开放,,,,,2024-12-11 16:03:39.0,2024-12-25 06:42
29200/02903865,深圳市罗湖区港澳基地清单,政府机构,罗湖区人民政府,有数据更新时,3,,4,83,24,无条件开放,主动开放,,,,,2024-12-11 16:03:39.0,2024-12-25 06:44
29200/02903866,深圳市罗湖区规模以上工业增加值增速,经济建设,罗湖区人民政府,按年,5,,3,1009,22,无条件开放,主动开放,,,,,2024-12-11 16:03:39.0,2024-12-25 06:45
29200/02903871,深圳市罗湖区卫生健康支出,财税金融,罗湖区人民政府,按年,6,,3,1165,22,无条件开放,主动开放,,,,,2024-12-11 16:03:40.0,2024-12-25 06:47
29200/02903872,深圳市罗湖区节能环保支出,财税金融,罗湖区人民政府,按年,6,,6,1279,22,无条件开放,主动开放,,,,,2024-12-11 16:03:40.0,2024-12-25 06:48
29200/02903873,深圳市罗湖区城乡社区支出,财税金融,罗湖区人民政府,按年,6,,2,1172,22,无条件开放,主动开放,,,,,2024-12-11 16:03:40.0,2024-12-25 06:49
29200/02903874,深圳市罗湖区农林水支出,财税金融,罗湖区人民政府,按年,6,,2,995,22,无条件开放,主动开放,,,,,2024-12-11 16:03:40.0,2024-12-25 07:11
29200/02903875,深圳市罗湖区交通运输支出,财税金融,罗湖区人民政府,按年,6,,11,936,22,无条件开放,主动开放,,,,,2024-12-11 16:03:40.0,2024-12-25 07:12
29200/02903876,深圳市罗湖区教育局罗湖区校外培训机构白名单,教育科技,罗湖区人民政府,有数据更新时,99,,43,866,24,无条件开放,主动开放,,,,,2024-12-11 16:03:40.0,2024-12-25 07:14
29200/02903877,深圳市罗湖区教育局罗湖区各学校地址信息,教育科技,罗湖区人民政府,按年,84,,68,1056,22,无条件开放,主动开放,,,,,2024-12-11 16:03:40.0,2024-12-25 07:15
29200/02903878,深圳市罗湖区常住人口基本情况,劳动人事,罗湖区人民政府,有数据更新时,5,,82,873,24,无条件开放,主动开放,,,,,2024-12-11 16:03:41.0,2024-12-25 07:17
29200/02903879,深圳市罗湖区生产性服务业增加值,经济建设,罗湖区人民政府,有数据更新时,5,,1,1081,24,无条件开放,主动开放,,,,,2024-12-11 16:03:41.0,2024-12-25 07:19
29200/02903880,深圳市罗湖区战略性新兴产业增加值,经济建设,罗湖区人民政府,有数据更新时,5,,18,1052,24,无条件开放,主动开放,,,,,2024-12-11 16:03:41.0,2024-12-25 07:21
29200/02903881,深圳市罗湖区按管理渠道分固定资产投资额增速情况,经济建设,罗湖区人民政府,有数据更新时,5,,10,960,24,无条件开放,主动开放,,,,,2024-12-11 16:03:41.0,2024-12-25 07:23
29200/02903882,深圳市罗湖区规模以上民营工业企业主要经济指标,政府机构,罗湖区人民政府,有数据更新时,5,,2,297,24,无条件开放,主动开放,,,,,2024-12-11 16:03:41.0,2024-12-25 07:57
29200/02903883,深圳市罗湖区全国综合减灾示范社区名单,公共安全,罗湖区人民政府,有数据更新时,22,,1,903,0,有条件开放,主动开放,,,,,2024-12-11 16:03:41.0,2024-12-25 08:00
29200/02903884,深圳市罗湖区国家级省级防震减灾科普示范学校名单,公共安全,罗湖区人民政府,按年,4,,0,1329,0,有条件开放,主动开放,,,,,2024-12-11 16:03:41.0,2024-12-25 08:03
29200/02903885,深圳市罗湖区离婚登记数量,政府机构,罗湖区人民政府,按年,5,,13,710,36,无条件开放,主动开放,,,,,2024-12-11 16:03:41.0,2024-12-25 08:04
29200/02903886,深圳市罗湖区社会组织年报信息,信用服务,罗湖区人民政府,按年,636,,4,741,22,无条件开放,主动开放,,,,,2024-12-11 16:03:41.0,2024-12-25 08:06
29200/02903887,深圳市罗湖区孤儿及困境儿童基本生活费补贴标准,社会发展,罗湖区人民政府,有数据更新时,24,,2,302,24,无条件开放,主动开放,,,,,2024-12-11 16:03:41.0,2024-12-25 08:07
29200/02903898,深圳市罗湖区实体书店信息,文体休闲,罗湖区人民政府,按年,25,,0,1028,0,有条件开放,主动开放,,,,,2024-12-11 16:03:42.0,2024-12-25 08:09
29200/03000432,大鹏新区-高危险性体育项目经营许可,文体休闲,大鹏新区管理委员会,有数据更新时,33,,138,10332,108,无条件开放,主动开放,,,,,2016-11-22 10:56:40.0,2024-06-18 07:22
29200/03000477,大鹏新区-娱乐场所设立,文体休闲,大鹏新区管理委员会,有数据更新时,34,,152,11312,95,无条件开放,主动开放,,,,,2016-12-08 16:27:20.0,2024-06-18 07:20
29200/03000605,大鹏新区-幼儿园收费表,教育科技,大鹏新区管理委员会,有数据更新时,119,,206,9782,64,无条件开放,依申请开放,,,,,2017-04-17 17:50:57.0,2021-03-08 02:30
29200/03000607,大鹏新区-学校资助奖励,教育科技,大鹏新区管理委员会,有数据更新时,30,,137,7493,64,无条件开放,依申请开放,,,,,2017-04-17 17:59:47.0,2021-03-08 02:31
29200/03000609,大鹏新区-学校教师信息,教育科技,大鹏新区管理委员会,有数据更新时,1972,,262,7940,163,无条件开放,依申请开放,,,,,2017-04-17 18:11:10.0,2021-03-08 02:34
29200/03000610,大鹏新区-学校招生入学,教育科技,大鹏新区管理委员会,有数据更新时,42,,214,9046,78,无条件开放,依申请开放,,,,,2017-04-17 18:30:55.0,2021-03-08 02:34
29200/03000611,大鹏新区-学校业务信息,教育科技,大鹏新区管理委员会,有数据更新时,34,,195,8106,78,无条件开放,依申请开放,,,,,2017-04-17 18:36:31.0,2021-03-08 02:34
29200/03000615,大鹏新区-医院领导介绍,卫生健康,大鹏新区管理委员会,有数据更新时,11,,126,9756,100,无条件开放,依申请开放,,,,,2017-04-17 19:04:46.0,2021-03-08 02:34
29200/03000616,大鹏新区-医院项目介绍,卫生健康,大鹏新区管理委员会,有数据更新时,16,,156,8627,72,无条件开放,依申请开放,,,,,2017-04-17 19:08:14.0,2021-03-08 02:34
29200/03000617,大鹏新区-医院科室设置,卫生健康,大鹏新区管理委员会,有数据更新时,54,,146,8986,97,无条件开放,依申请开放,,,,,2017-04-17 19:11:14.0,2021-03-08 02:34
29200/03001044,大鹏新区-空气质量综合指数（月）,生态文明,大鹏新区管理委员会,存档,35,,88,6182,42,无条件开放,主动开放,,,,,2019-08-30 16:12:44.0,2025-08-14 03:32
29200/03001045,大鹏新区-PM2.5月平均浓度（月）,生态文明,大鹏新区管理委员会,存档,35,,94,5977,49,无条件开放,主动开放,,,,,2019-08-30 16:13:45.0,2025-08-14 03:30
29200/03001046,大鹏新区-空气质量优良率（月）,生态文明,大鹏新区管理委员会,存档,35,,87,5762,49,无条件开放,主动开放,,,,,2019-08-30 16:14:44.0,2025-08-14 03:32
29200/03001047,大鹏新区-影响空气质量的主要指标（月）,生态文明,大鹏新区管理委员会,存档,133,,117,6340,203,无条件开放,主动开放,,,,,2019-08-30 16:15:55.0,2025-08-14 03:31
29200/03001048,大鹏新区-饮用水源数据,生态文明,大鹏新区管理委员会,存档,619,,158,10516,43,无条件开放,主动开放,,,,,2019-08-30 16:16:27.0,2025-08-14 03:31
29200/03001054,大鹏新区-税收收入,经济建设,大鹏新区管理委员会,存档,63,,75,8423,46,无条件开放,主动开放,,,,,2019-10-11 15:15:38.0,2025-04-02 07:50
29200/03001055,大鹏新区-实际使用外商直接投资,经济建设,大鹏新区管理委员会,有数据更新时,13,,24,3133,42,无条件开放,依申请开放,,,,,2019-10-11 15:16:02.0,2019-10-22 08:40
29200/03001056,大鹏新区-进出口总额,经济建设,大鹏新区管理委员会,有数据更新时,20,,35,3029,42,无条件开放,依申请开放,,,,,2019-10-11 15:16:24.0,2019-10-22 08:40
29200/03001061,大鹏新区-河流水质类别,生态文明,大鹏新区管理委员会,存档,512,,97,5960,48,无条件开放,主动开放,,,,,2019-10-11 15:22:52.0,2026-07-15 03:50
29200/03001062,大鹏新区-近岸海域水质类别,生态文明,大鹏新区管理委员会,存档,588,,111,1741,48,无条件开放,主动开放,,,,,2019-10-11 15:23:18.0,2025-08-14 03:31
29200/03001063,大鹏新区-区级应急预案数据,公共安全,大鹏新区管理委员会,有数据更新时,159,,60,6904,42,无条件开放,依申请开放,,,,,2019-10-11 15:23:40.0,2019-10-22 08:43
29200/03001065,大鹏新区-安全风险预警数据,公共安全,大鹏新区管理委员会,有数据更新时,49,,68,7083,40,无条件开放,依申请开放,,,,,2019-10-11 15:24:18.0,2019-10-22 08:43
29200/03001066,大鹏新区-工贸行业安全生产标准化达标企业名单,公共安全,大鹏新区管理委员会,有数据更新时,115,,30,4897,54,无条件开放,依申请开放,,,,,2019-10-11 15:24:38.0,2019-10-22 08:43
29200/03001083,大鹏新区-民宿信息表,社会发展,大鹏新区管理委员会,有数据更新时,1163,,94,4715,48,无条件开放,依申请开放,,,,,2020-05-21 15:37:16.0,2020-06-15 02:46
29200/03001087,大鹏新区-文化产业项目扶持计划,文体休闲,大鹏新区管理委员会,有数据更新时,13,,34,3846,41,无条件开放,依申请开放,,,,,2020-05-21 15:38:09.0,2020-06-15 02:47
29200/03001089,大鹏新区-医疗机构名录,卫生健康,大鹏新区管理委员会,有数据更新时,27,,89,4175,44,无条件开放,依申请开放,,,,,2020-05-21 15:39:13.0,2020-06-15 04:21
29200/03001099,大鹏新区-居家养老消费券定点服务机构,社会发展,大鹏新区管理委员会,有数据更新时,13,,17,1620,38,无条件开放,依申请开放,,,,,2020-05-21 15:53:32.0,2020-06-15 02:47
29200/03001104,大鹏新区-报建工程情况,经济建设,大鹏新区管理委员会,有数据更新时,11,,24,1624,44,无条件开放,依申请开放,,,,,2020-05-21 15:54:53.0,2020-06-15 02:47
29200/03001105,大鹏新区-招标工程情况,政府机构,大鹏新区管理委员会,有数据更新时,11,,15,2712,44,无条件开放,依申请开放,,,,,2020-05-21 15:55:08.0,2020-06-15 02:47
29200/03001106,大鹏新区-单位人才住房申请审核结果公示,劳动人事,大鹏新区管理委员会,存档,4929,,34,3944,39,无条件开放,主动开放,,,,,2020-05-21 15:55:24.0,2025-03-20 03:22
29200/03001107,大鹏新区-保障房信息,社会发展,大鹏新区管理委员会,有数据更新时,17,,24,1917,44,无条件开放,依申请开放,,,,,2020-05-21 15:55:45.0,2020-06-15 02:47
29200/03001108,大鹏新区-燃气站点信息,企业服务,大鹏新区管理委员会,有数据更新时,9,,19,9600,44,无条件开放,依申请开放,,,,,2020-05-21 15:56:01.0,2020-06-15 02:48
29200/03001109,大鹏新区-城市水务情况,社会发展,大鹏新区管理委员会,有数据更新时,11,,44,2545,44,无条件开放,依申请开放,,,,,2020-05-21 15:56:14.0,2020-06-15 02:48
29200/03001124,大鹏新区-残疾人补助政策,社会发展,大鹏新区管理委员会,有数据更新时,8,,11,1224,30,无条件开放,主动开放,,,,,2021-09-13 17:16:41.0,2021-09-24 04:48
29200/03001130,大鹏新区-疫苗接种点,卫生健康,大鹏新区管理委员会,有数据更新时,7,,6,1237,30,无条件开放,实名认证开放,,,,,2021-09-14 16:59:29.0,2021-09-24 04:48
29200/03001134,大鹏新区-产业发展专项资金（现代服务业）,企业服务,大鹏新区管理委员会,有数据更新时,52,,6,1171,30,无条件开放,实名认证开放,,,,,2021-09-14 17:36:44.0,2021-09-24 04:48
29200/03001135,大鹏新区-促进制造业高质量发展扶持项目公示,经济建设,大鹏新区管理委员会,有数据更新时,94,,20,3047,30,无条件开放,实名认证开放,,,,,2021-09-14 17:41:10.0,2021-09-24 04:48
29200/03001137,大鹏新区-在管物业小区,社会发展,大鹏新区管理委员会,有数据更新时,50,,17,1833,24,无条件开放,实名认证开放,,,,,2021-09-17 14:42:24.0,2023-04-13 07:34
29200/03001139,大鹏新区-公共图书馆及博物馆一览,文体休闲,大鹏新区管理委员会,有数据更新时,6,,32,1955,30,无条件开放,主动开放,,,,,2021-09-17 14:59:21.0,2021-09-24 04:49
29200/03001140,大鹏新区-综合性文化服务中心一览,文体休闲,大鹏新区管理委员会,有数据更新时,25,,19,1665,30,无条件开放,主动开放,,,,,2021-09-17 15:05:04.0,2021-09-24 04:48
29200/03001141,大鹏新区-文化广场一览,文体休闲,大鹏新区管理委员会,有数据更新时,13,,37,1665,30,无条件开放,主动开放,,,,,2021-09-17 15:10:12.0,2021-09-24 04:48
29200/03001142,大鹏新区-文化娱乐机构一览,文体休闲,大鹏新区管理委员会,有数据更新时,11,,38,1296,24,无条件开放,主动开放,,,,,2021-09-17 15:13:08.0,2021-09-24 04:48
29200/03001143,大鹏新区-办事处民宿统计,文体休闲,大鹏新区管理委员会,有数据更新时,21,,46,2021,30,无条件开放,实名认证开放,,,,,2021-09-17 15:17:27.0,2021-09-24 04:48
29200/03001146,大鹏新区-危险化学品经营许可审批记录,公共安全,大鹏新区管理委员会,有数据更新时,117,,3,1351,30,无条件开放,实名认证开放,,,,,2021-09-17 16:00:50.0,2021-09-24 04:48
29200/03001147,大鹏新区-安全生产事故警示通报,公共安全,大鹏新区管理委员会,有数据更新时,24,,11,1368,30,无条件开放,实名认证开放,,,,,2021-09-17 16:44:12.0,2021-09-24 04:48
29200/03001151,大鹏新区-区街道行政服务大厅及社区窗口,政府机构,大鹏新区管理委员会,有数据更新时,29,,10,892,30,无条件开放,主动开放,,,,,2021-09-17 17:48:41.0,2021-09-24 04:48
29200/03001152,大鹏新区-区街道行政服务大厅及社区窗口可办理事项,政府机构,大鹏新区管理委员会,有数据更新时,962,,39,1851,121,无条件开放,主动开放,,,,,2021-09-17 17:53:21.0,2021-09-24 04:47
29200/03001154,大鹏新区-依申请政务服务事项可容缺受理材料,政府机构,大鹏新区管理委员会,有数据更新时,313,,64,526,70,无条件开放,主动开放,,,,,2021-10-28 09:56:18.0,2021-10-28 02:46
29200/03001155,大鹏新区-国控站点空气质量监测日数据,生态文明,大鹏新区管理委员会,存档,168044,,154,10306,258572,无条件开放,主动开放,,,,,2022-01-20 11:41:26.0,2025-11-04 09:25
29200/03001156,大鹏新区-噪声在线监测数据,生态文明,大鹏新区管理委员会,存档,98771,,394,10933,1835491,无条件开放,主动开放,,,,,2022-01-20 11:46:09.0,2025-08-14 03:31
29200/03001157,大鹏新区-河流季度监测数据,生态文明,大鹏新区管理委员会,存档,139,,68,1495,30,无条件开放,主动开放,,,,,2022-01-20 11:48:40.0,2025-08-14 03:30
29200/03001158,大鹏新区-饮用水季度监测数据,生态文明,大鹏新区管理委员会,存档,126,,40,2493,30,无条件开放,主动开放,,,,,2022-01-20 11:51:11.0,2025-08-14 03:30
29200/03001159,大鹏新区-空气质量监测数据,生态文明,大鹏新区管理委员会,存档,11,,62,1392,56,无条件开放,主动开放,,,,,2022-01-20 11:59:50.0,2025-08-11 08:06
29200/03001170,大鹏新区-就业困难人员灵活就业补贴 南澳街道,劳动人事,大鹏新区管理委员会,存档,36,,3,848,24,无条件开放,主动开放,,,,,2022-11-30 17:09:46.0,2025-04-16 02:38
29200/03001171,大鹏新区-就业困难人员灵活就业补贴 葵涌街道,劳动人事,大鹏新区管理委员会,存档,258,,16,1752,24,无条件开放,主动开放,,,,,2022-11-30 17:14:47.0,2025-04-16 02:38
29200/03001172,大鹏新区-就业困难人员灵活就业补贴 大鹏街道,劳动人事,大鹏新区管理委员会,存档,165,,7,521,24,无条件开放,主动开放,,,,,2022-11-30 17:33:50.0,2025-04-16 02:38
29200/03001173,大鹏新区-高校毕业生基层就业补贴,劳动人事,大鹏新区管理委员会,有数据更新时,562,,14,673,24,无条件开放,主动开放,,,,,2022-11-30 09:44:21.0,2022-11-30 07:28
29200/03001174,大鹏新区-自主创业人员首次创业补贴,劳动人事,大鹏新区管理委员会,有数据更新时,93,,6,419,24,无条件开放,主动开放,,,,,2022-11-30 09:49:05.0,2022-11-30 07:39
29200/03001175,大鹏新区-自主创业人员社会保险补贴,劳动人事,大鹏新区管理委员会,有数据更新时,389,,3,571,24,无条件开放,主动开放,,,,,2022-11-30 09:53:25.0,2022-11-30 07:42
29200/03001176,大鹏新区-高校毕业生社保补贴,劳动人事,大鹏新区管理委员会,有数据更新时,47,,3,559,24,无条件开放,主动开放,,,,,2022-07-26 09:59:57.0,2022-12-01 07:36
29200/03001177,大鹏新区-用人单位招用就业困难人员岗位补贴,劳动人事,大鹏新区管理委员会,有数据更新时,35,,3,582,24,无条件开放,主动开放,,,,,2022-07-26 10:04:29.0,2022-12-06 03:50
29200/03001178,大鹏新区-用人单位招用就业困难人员奖励及社保补贴,劳动人事,大鹏新区管理委员会,有数据更新时,33,,2,586,24,无条件开放,主动开放,,,,,2022-07-26 10:08:22.0,2022-12-01 07:41
29200/03001182,大鹏新区-法律援助,社会发展,大鹏新区管理委员会,有数据更新时,53,,16,1610,20,无条件开放,主动开放,,,,,2022-07-26 12:05:22.0,2022-12-01 08:24
29200/03001183,大鹏新区-规范性文件库,社会发展,大鹏新区管理委员会,有数据更新时,35,,9,565,24,无条件开放,主动开放,,,,,2022-07-26 17:31:17.0,2022-12-01 08:31
29200/03001189,大鹏新区-教育机构收费表,教育科技,大鹏新区管理委员会,有数据更新时,16,,46,927,24,无条件开放,主动开放,,,,,2022-07-27 09:49:43.0,2022-12-01 08:46
29200/03001190,大鹏新区-医院就诊指南,卫生健康,大鹏新区管理委员会,有数据更新时,14,,6,429,24,无条件开放,主动开放,,,,,2022-07-27 09:53:52.0,2022-12-01 08:58
29200/03001191,大鹏新区-民办学校办学许可证,教育科技,大鹏新区管理委员会,有数据更新时,9,,33,1040,40,无条件开放,主动开放,,,,,2022-07-27 10:00:03.0,2022-12-01 09:08
29200/03001193,大鹏新区-大鹏街道游泳馆信息,文体休闲,大鹏新区管理委员会,有数据更新时,6,,8,753,24,无条件开放,主动开放,,,,,2022-12-01 10:26:03.0,2022-12-01 09:10
29200/03001195,大鹏新区-优秀志愿者,社会发展,大鹏新区管理委员会,有数据更新时,236,,10,677,24,无条件开放,主动开放,,,,,2022-12-01 10:31:41.0,2022-12-01 09:16
29200/03001196,大鹏新区-学校通知公告,教育科技,大鹏新区管理委员会,有数据更新时,30,,16,2053,24,无条件开放,主动开放,,,,,2023-07-13 10:51:31.0,2023-07-13 03:29
29200/03001201,"大鹏新区-已出让土地临时建设工程规划许可
（建筑类）",政府机构,大鹏新区管理委员会,有数据更新时,26,,3,479,12,无条件开放,主动开放,,,,,2023-11-28 16:20:14.767,2023-11-30 03:35
29200/03001209,大鹏新区-大鹏街道社保自助服务终端,劳动人事,大鹏新区管理委员会,有数据更新时,15,,5,511,24,无条件开放,主动开放,,,,,2023-11-28 16:20:15.266,2023-11-30 07:01
29200/03001210,大鹏新区-葵涌街道社保自助服务终端,劳动人事,大鹏新区管理委员会,有数据更新时,16,,2,457,24,无条件开放,主动开放,,,,,2023-11-28 16:20:15.328,2023-11-30 07:01
29200/03001211,大鹏新区-南澳街道社保自助服务终端,劳动人事,大鹏新区管理委员会,有数据更新时,6,,10,375,24,无条件开放,主动开放,,,,,2023-11-28 16:20:15.389,2023-11-30 07:00
29200/03001215,大鹏新区-大鹏街道垃圾分类投放点,生态文明,大鹏新区管理委员会,有数据更新时,43,,8,533,24,无条件开放,主动开放,,,,,2023-11-28 16:20:15.638,2024-11-20 11:18
29200/03001216,大鹏新区-葵涌街道垃圾分类投放点,生态文明,大鹏新区管理委员会,有数据更新时,52,,20,688,24,无条件开放,主动开放,,,,,2023-11-28 16:20:15.698,2024-11-20 10:52
29200/03001217,大鹏新区-南澳街道垃圾分类投放点,生态文明,大鹏新区管理委员会,有数据更新时,41,,18,600,24,无条件开放,主动开放,,,,,2023-11-28 16:20:15.756,2024-11-20 11:29
29200/03001218,大鹏新区-水务局行政许可决定书（河道管理范围内建设项目工程建设方案审批 （洪水影响评价审批））,经济建设,大鹏新区管理委员会,有数据更新时,10,,4,448,24,无条件开放,主动开放,,,,,2023-11-28 16:20:15.817,2024-11-20 10:37
29200/03001232,大鹏新区-景区（大鹏所城文化旅游区）接待人数,文体休闲,大鹏新区管理委员会,存档,22,,104,604,24,无条件开放,主动开放,,,,,2023-11-28 16:20:16.673,2023-11-30 03:45
29200/03001233,大鹏新区-景区（玫瑰海岸片区）接待人数,文体休闲,大鹏新区管理委员会,存档,22,,41,516,24,无条件开放,主动开放,,,,,2023-11-28 16:20:16.734,2023-11-30 03:45
29200/03001234,大鹏新区-景区（南澳墟镇片区）接待人数,文体休闲,大鹏新区管理委员会,存档,22,,32,453,24,无条件开放,主动开放,,,,,2023-11-28 16:20:16.802,2023-11-30 03:45
29200/03001235,大鹏新区-景区（官湖片区）接待人数,文体休闲,大鹏新区管理委员会,存档,22,,117,577,24,无条件开放,主动开放,,,,,2023-11-28 16:20:16.862,2023-11-30 03:44
29200/03001236,大鹏新区-景区（杨梅坑片区）接待人数,文体休闲,大鹏新区管理委员会,存档,22,,30,677,24,无条件开放,主动开放,,,,,2023-11-28 16:20:16.916,2023-11-30 03:44
29200/03001237,大鹏新区-景区（西涌片区）接待人数,文体休闲,大鹏新区管理委员会,存档,22,,60,814,24,无条件开放,主动开放,,,,,2023-11-28 16:20:16.973,2023-11-30 03:43
29200/03001238,大鹏新区-景区（东涌片区）接待人数,文体休闲,大鹏新区管理委员会,存档,22,,34,2009,26,无条件开放,主动开放,,,,,2023-11-28 16:20:17.0,2023-11-30 03:43
29200/03001259,大鹏新区-水务局行政检查案件,政府机构,大鹏新区管理委员会,有数据更新时,12,,1,132,24,无条件开放,主动开放,,,,,2025-01-13 11:43:37.099,2025-01-13 03:43
29200/03001261,大鹏新区-节水型小区信息,政府机构,大鹏新区管理委员会,有数据更新时,7,,4,134,24,无条件开放,主动开放,,,,,2025-01-13 11:50:21.142,2025-01-13 03:50
29200/03001262,大鹏新区-节水型企业（单位）信息,政府机构,大鹏新区管理委员会,有数据更新时,16,,1,115,24,无条件开放,主动开放,,,,,2025-01-13 11:51:35.784,2025-01-13 03:51
29200/03001264,大鹏新区-荣誉信息,政府机构,大鹏新区管理委员会,有数据更新时,5,,0,115,24,无条件开放,主动开放,,,,,2025-01-13 14:15:08.917,2025-01-13 06:15
29200/03001270,大鹏新区-印刷厂一览,政府机构,大鹏新区管理委员会,有数据更新时,5,,1,65,24,无条件开放,主动开放,,,,,2025-01-13 14:37:33.353,2025-01-13 06:37
29200/03001271,大鹏新区-人大代表之家联络站,政府机构,大鹏新区管理委员会,有数据更新时,7,,1,171,24,无条件开放,主动开放,,,,,2025-01-13 14:39:01.17,2025-01-13 06:39
29200/03001273,大鹏新区-公安分局办公点,政府机构,大鹏新区管理委员会,有数据更新时,5,,2,61,24,无条件开放,主动开放,,,,,2025-01-06 17:33:21.0,2025-07-08 08:41
29200/03001274,大鹏新区-河道基本信息,政府机构,大鹏新区管理委员会,有数据更新时,59,,26,109,24,无条件开放,主动开放,,,,,2025-01-13 14:56:40.779,2025-01-13 06:56
29200/03001275,大鹏新区-节水型学校信息,政府机构,大鹏新区管理委员会,有数据更新时,10,,1,79,24,无条件开放,主动开放,,,,,2025-01-13 14:59:37.569,2025-01-13 06:59
29200/03001277,大鹏新区-区管小型水库名录,政府机构,大鹏新区管理委员会,有数据更新时,20,,1,70,24,无条件开放,主动开放,,,,,2025-01-13 15:04:14.033,2025-01-13 07:04
29200/03001278,大鹏新区-水务局涉企检查清单,政府机构,大鹏新区管理委员会,有数据更新时,17,,4,192,24,无条件开放,主动开放,,,,,2025-01-13 15:05:36.986,2025-01-13 07:05
29200/03001279,大鹏新区-水污染治理年度任务,政府机构,大鹏新区管理委员会,有数据更新时,5,,1,219,24,无条件开放,主动开放,,,,,2025-01-13 15:07:22.674,2025-01-13 07:07
29200/03001280,大鹏新区-企业吸纳脱贫人口就业一次性奖励补贴,政府机构,大鹏新区管理委员会,有数据更新时,36,,0,250,24,无条件开放,主动开放,,,,,2025-01-13 15:08:50.497,2025-01-13 07:08
29200/03001283,大鹏新区-长者服务饭堂,政府机构,大鹏新区管理委员会,有数据更新时,13,,2,167,24,无条件开放,主动开放,,,,,2025-01-13 15:27:14.057,2025-01-13 07:27
29200/03001284,大鹏新区-退役军人服务站,政府机构,大鹏新区管理委员会,有数据更新时,29,,3,347,24,无条件开放,主动开放,,,,,2025-01-13 15:28:34.383,2025-01-13 07:28
29200/03001286,大鹏新区-公共法律服务平台,政府机构,大鹏新区管理委员会,有数据更新时,34,,1,234,24,无条件开放,主动开放,,,,,2025-01-13 15:32:56.85,2025-01-13 07:32
29200/03001287,大鹏新区-三级人民调解委员会,政府机构,大鹏新区管理委员会,有数据更新时,34,,1,211,24,无条件开放,主动开放,,,,,2025-01-13 15:36:09.883,2025-01-13 07:36
29200/03100433,光明区-劳务派遣机构的许可,劳动人事,光明区人民政府,有数据更新时,58,,115,7589,39,有条件开放,依申请开放,,,,,2016-11-22 11:01:53.0,2023-04-12 08:22
29200/03100487,光明区-娱乐场所设立许可,文体休闲,光明区人民政府,有数据更新时,7,,127,7162,72,无条件开放,主动开放,,,,,2016-12-09 10:25:13.0,2019-02-28 03:24
29200/03100488,光明区-电影放映单位设立许可,文体休闲,光明区人民政府,有数据更新时,25,,104,9105,71,无条件开放,主动开放,,,,,2016-12-09 10:32:12.0,2019-02-28 03:24
29200/03100489,光明区-互联网上网服务营业场所许可,文体休闲,光明区人民政府,有数据更新时,28,,116,7024,69,无条件开放,主动开放,,,,,2016-12-09 10:42:35.0,2019-02-28 03:24
29200/03100490,光明区-印刷经营许可,文体休闲,光明区人民政府,有数据更新时,41,,137,8615,78,无条件开放,主动开放,,,,,2016-12-09 11:24:25.0,2019-02-28 03:24
29200/03100491,光明区-出版物零售经营许可,文体休闲,光明区人民政府,有数据更新时,7,,107,8371,76,无条件开放,主动开放,,,,,2016-12-09 11:27:29.0,2019-02-28 03:24
29200/03100492,光明区-动物诊疗许可,卫生健康,光明区人民政府,有数据更新时,14,,104,5931,76,无条件开放,主动开放,,,,,2016-12-09 11:30:22.0,2019-02-28 03:24
29200/03100493,光明区-动物防疫条件许可,卫生健康,光明区人民政府,有数据更新时,11,,93,3601,70,无条件开放,主动开放,,,,,2016-12-09 11:43:00.0,2019-02-28 03:24
29200/03100494,光明区-兽药经营许可,卫生健康,光明区人民政府,有数据更新时,12,,103,9727,66,无条件开放,主动开放,,,,,2016-12-09 14:20:31.0,2019-02-28 03:24
29200/03100495,光明区-建设项目环境影响审批,政府机构,光明区人民政府,有数据更新时,5,,145,6248,100,有条件开放,依申请开放,,,,,2016-12-09 14:24:01.0,2023-09-11 09:01
29200/03100497,光明区-门诊部设置许可,卫生健康,光明区人民政府,有数据更新时,8,,102,6192,69,无条件开放,主动开放,,,,,2016-12-09 14:47:09.0,2019-02-28 03:24
29200/03100498,光明区-公共场所卫生已生效违法,政府机构,光明区人民政府,有数据更新时,69,,106,8173,24,有条件开放,依申请开放,,,,,2016-12-09 14:50:17.0,2020-12-03 08:18
29200/03100499,光明区-医疗机构-已生效违法信息,卫生健康,光明区人民政府,有数据更新时,42,,168,7089,205,无条件开放,主动开放,,,,,2016-12-09 15:41:54.0,2019-02-28 03:24
29200/03100500,光明区-动物防疫-已生效违法信息,卫生健康,光明区人民政府,有数据更新时,137,,98,13372,74,无条件开放,主动开放,,,,,2016-12-09 15:52:17.0,2019-02-28 03:24
29200/03100501,光明区-项目环境保护已生效违法,政府机构,光明区人民政府,有数据更新时,16,,128,13971,37,有条件开放,依申请开放,,,,,2016-12-09 15:56:19.0,2020-12-03 08:18
29200/03100734,光明区-幼儿园一览表,教育科技,光明区人民政府,有数据更新时,167,,440,6894,175,无条件开放,依申请开放,,,,,2017-05-09 11:19:54.0,2023-12-27 03:25
29200/03103606,光明区-智能取叫号,社会发展,光明区人民政府,存档,11342,,218,7072,80,有条件开放,主动开放,,,,,2019-06-05 14:01:31.0,2025-03-24 06:36
29200/03103607,光明区-政务大厅取叫号系统,社会发展,光明区人民政府,存档,702,,59,7380,54,无条件开放,主动开放,,,,,2019-06-05 14:02:24.0,2025-03-24 06:36
29200/03103620,光明区-行政许可-民政局,政府机构,光明区人民政府,存档,1226,,1,4327,4,有条件开放,主动开放,,,,,2019-11-01 16:57:00.0,2026-07-30 07:42
29200/03103623,光明区-行政许可-人力资源局,政府机构,光明区人民政府,有数据更新时,77,,0,4139,4,有条件开放,依申请开放,,,,,2019-11-01 16:57:57.0,2019-11-27 09:53
29200/03103625,光明区-行政许可-住房和建设局,政府机构,光明区人民政府,有数据更新时,776,,0,4306,4,有条件开放,主动开放,,,,,2019-11-01 16:58:33.0,2026-08-25 09:03
29200/03103640,光明区-医疗机构（医务室）简表,卫生健康,光明区人民政府,有数据更新时,7,,17,4058,4,有条件开放,依申请开放,,,,,2019-11-01 17:10:55.0,2019-11-27 09:59
29200/03103653,光明区-医院体检中心数据-体检套餐,卫生健康,光明区人民政府,有数据更新时,70269,,50,2605,285,无条件开放,依申请开放,,,,,2020-04-16 18:17:47.0,2020-04-16 14:27
29200/03103656,光明区-水库信息表,生态文明,光明区人民政府,有数据更新时,18,,36,2981,34,无条件开放,主动开放,,,,,2020-05-26 16:34:30.0,2026-09-04 09:42
29200/03103671,光明区-民办职业技能培训机构名单,劳动人事,光明区人民政府,有数据更新时,53,,28,2228,34,无条件开放,依申请开放,,,,,2020-05-26 16:37:51.0,2020-06-22 06:24
29200/03103673,光明区-安全文明小区,社会发展,光明区人民政府,有数据更新时,45,,30,1564,34,无条件开放,主动开放,,,,,2020-05-26 16:38:13.0,2026-08-25 09:02
29200/03103677,光明区-在管物业小区,社会发展,光明区人民政府,有数据更新时,85,,76,2918,40,无条件开放,主动开放,,,,,2020-05-26 16:39:04.0,2026-08-25 09:01
29200/03103678,光明区-绿色建筑项目,经济建设,光明区人民政府,有数据更新时,97,,86,2623,40,无条件开放,主动开放,,,,,2020-05-26 16:39:21.0,2026-08-25 09:02
29200/03103680,光明区-保障房供应量,社会发展,光明区人民政府,有数据更新时,44,,91,4932,34,无条件开放,主动开放,,,,,2020-05-26 16:39:49.0,2026-08-25 09:01
29200/03103682,光明区-C类危险建筑,公共安全,光明区人民政府,有数据更新时,49,,38,2235,40,无条件开放,主动开放,,,,,2020-05-26 16:40:16.0,2026-08-25 09:03
29200/03103692,光明区-e就业智慧服务平台企业招聘岗位信息,劳动人事,光明区人民政府,有数据更新时,1377,,24,800,26,无条件开放,主动开放,,,,,2021-12-07 11:54:55.0,2021-12-07 09:08
29200/03103703,光明区-儿童友好实践基地名单,社会发展,光明区人民政府,有数据更新时,28,,30,752,26,无条件开放,主动开放,,,,,2021-12-07 12:39:09.0,2021-12-07 09:02
29200/03103704,光明区-母婴室信息表,社会发展,光明区人民政府,有数据更新时,78,,20,622,26,无条件开放,主动开放,,,,,2021-12-07 12:43:05.0,2021-12-07 09:02
29200/03103709,光明区-新湖街道办老年人、残疾人服务场所信息,政府机构,光明区人民政府,有数据更新时,8,,55,1530,26,无条件开放,主动开放,,,,,2021-12-07 14:11:17.0,2021-12-07 10:28
29200/03103715,光明区-建设工程履约评价评分,社会发展,光明区人民政府,有数据更新时,166,,26,1046,26,无条件开放,主动开放,,,,,2021-12-07 14:32:21.0,2026-08-25 09:11
29200/03103716,光明区-小散工程备案,社会发展,光明区人民政府,存档,385,,54,2069,26,无条件开放,主动开放,,,,,2021-12-07 14:35:56.0,2025-11-10 01:31
29200/03103717,光明区-房地产经济机构,经济建设,光明区人民政府,有数据更新时,171,,251,1490,26,无条件开放,主动开放,,,,,2021-12-07 14:38:43.0,2026-08-25 09:11
29200/03103718,光明区-超高层建筑,政府机构,光明区人民政府,有数据更新时,35,,71,735,26,无条件开放,主动开放,,,,,2022-08-24 10:06:49.0,2026-08-25 09:11
29200/03103719,光明区-暗涵暗渠上盖建筑,政府机构,光明区人民政府,有数据更新时,70,,10,622,20,无条件开放,主动开放,,,,,2022-08-24 10:09:33.0,2026-08-25 09:10
29200/03103720,光明区-围合式小区,政府机构,光明区人民政府,有数据更新时,101,,44,1019,22,无条件开放,主动开放,,,,,2022-08-24 10:15:21.0,2026-08-25 09:10
29200/03103744,光明区-科普基地,教育科技,光明区人民政府,有数据更新时,16,,41,538,24,无条件开放,主动开放,,,,,2022-08-24 14:20:18.0,2022-12-12 07:19
29200/03103767,光明区-新湖街道-综合治理办服务站点一览表,社会发展,光明区人民政府,有数据更新时,5,,4,275,20,无条件开放,主动开放,,,,,2023-11-23 17:23:30.817,2023-11-30 09:21
29200/03103774,光明区-信访局群众诉求服务工作情况,政府机构,光明区人民政府,按年,17,,22,425,18,无条件开放,主动开放,,,,,2023-11-23 17:23:31.22,2023-11-30 09:36
29200/03103775,光明区-信访局群众诉求服务站点数量,政府机构,光明区人民政府,按年,17,,14,487,18,无条件开放,主动开放,,,,,2023-11-23 17:23:31.279,2023-11-30 09:36
29200/03103779,光明区-新湖街道-新羌社区功能室一览表,社会发展,光明区人民政府,有数据更新时,6,,5,209,20,无条件开放,主动开放,,,,,2023-11-23 17:23:31.536,2023-11-30 09:40
29200/03103788,光明区-企业招聘岗位信息,政府机构,光明区人民政府,有数据更新时,838,,93,1845,30,无条件开放,主动开放,,,,,2023-11-23 17:23:32.0,2024-11-29 06:50
29200/03103789,光明区-新湖街道-群众性开放体育场地信息,文体休闲,光明区人民政府,有数据更新时,5,,7,249,20,无条件开放,主动开放,,,,,2023-11-23 17:23:32.128,2023-11-30 09:46
29200/03103790,光明区-劳务派遣机构名单,政府机构,光明区人民政府,半年,1821,,54,2234,18,无条件开放,主动开放,,,,,2023-11-23 17:23:32.188,2025-03-26 09:10
29200/03103792,光明区-职业技能培训机构名单,政府机构,光明区人民政府,有数据更新时,48,,12,623,16,无条件开放,主动开放,,,,,2023-11-23 17:23:32.308,2024-11-29 06:50
29200/03103803,深圳市光明区科学城开发建设署项目信息,政府机构,光明区人民政府,有数据更新时,3,,0,155,0,有条件开放,主动开放,,,,,2025-01-13 11:08:37.248,2025-01-13 03:08
29200/03103804,深圳市光明区科学城开发建设署支部学习日活动信息,政府机构,光明区人民政府,有数据更新时,12,,0,250,0,有条件开放,主动开放,,,,,2025-01-13 11:10:07.207,2025-01-13 03:10
29200/03103805,深圳市光明区科学城开发建设署支部专题宣讲会信息,政府机构,光明区人民政府,有数据更新时,1,,0,182,0,有条件开放,主动开放,,,,,2025-01-13 11:11:11.889,2025-01-13 03:11
29200/03103806,深圳市光明区科学城开发建设署专题会议信息,政府机构,光明区人民政府,有数据更新时,27,,0,170,0,有条件开放,主动开放,,,,,2025-01-13 11:16:38.718,2025-01-13 03:16
29200/03103807,深圳市光明区退役军人服务中心、站基本信息,政府机构,光明区人民政府,有数据更新时,38,,1,109,20,无条件开放,主动开放,,,,,2025-01-13 14:41:00.145,2025-01-13 06:41
29200/03103808,深圳市光明区退役军人思想政治教育实践基地信息,政府机构,光明区人民政府,有数据更新时,2,,1,111,20,无条件开放,主动开放,,,,,2025-01-13 14:46:47.748,2025-01-13 06:46
29200/03103809,深圳市光明区退役军人红星堡垒户信息,政府机构,光明区人民政府,有数据更新时,6,,0,139,20,无条件开放,主动开放,,,,,2025-01-13 14:48:49.5,2025-01-13 06:48
29200/03103820,深圳市光明区社会消费品零售总额的总量及增速信息,政府机构,光明区人民政府,有数据更新时,7,,9,322,20,无条件开放,主动开放,,,,,2025-02-18 16:14:26.597,2025-02-18 08:14
29200/03103821,深圳市光明区地区生产总值总量及增速信息,政府机构,光明区人民政府,有数据更新时,7,,28,324,22,无条件开放,主动开放,,,,,2025-01-13 15:09:47.838,2025-02-17 08:34
29200/03103822,深圳市光明区固定资产投资增速信息,政府机构,光明区人民政府,有数据更新时,19,,7,357,20,无条件开放,主动开放,,,,,2025-02-17 16:41:05.262,2025-02-17 08:41
29200/03103823,深圳市光明区室外智能健身场所一览表,政府机构,光明区人民政府,有数据更新时,15,,8,133,20,无条件开放,主动开放,,,,,2025-01-13 15:18:35.364,2025-01-13 07:18
29200/03103824,深圳市光明区A级景区基本信息,政府机构,光明区人民政府,有数据更新时,2,,6,185,20,无条件开放,主动开放,,,,,2025-01-13 15:21:37.285,2025-01-13 07:21
29200/03103825,深圳市光明区博物馆一览信息,政府机构,光明区人民政府,有数据更新时,2,,11,199,20,无条件开放,主动开放,,,,,2025-01-13 15:23:36.638,2025-01-13 07:23
29200/03103826,深圳市光明文化艺术中心演出一览信息,政府机构,光明区人民政府,有数据更新时,9,,5,201,20,无条件开放,主动开放,,,,,2025-01-13 15:25:25.273,2025-01-13 07:25
29200/03103836,深圳市光明区行政确认信息,政府机构,光明区人民政府,有数据更新时,21,,17,249,18,有条件开放,主动开放,,,,,2025-02-14 16:43:40.0,2026-09-04 09:39
29200/03103849,深圳市光明区行政执法普通案件处罚执行信息,政府机构,光明区人民政府,按月,14148,,0,370,0,有条件开放,主动开放,,,,,2025-12-30 11:32:11.0,2026-07-16 08:00
29200/03103856,深圳市光明区楼长通系统线下活动表,政府机构,光明区人民政府,按月,3120,,0,122,0,有条件开放,主动开放,,,,,2025-12-30 14:05:00.0,2026-07-16 08:02
29200/03103863,光明区公共住房项目小区名称,政府机构,光明区人民政府,有数据更新时,6,,5,137,12,无条件开放,主动开放,,,,,2025-12-30 14:32:59.0,2026-07-16 08:14
29200/03200434,坪山区-人力资源服务机构许可,企业服务,坪山区人民政府,有数据更新时,14,,178,7892,1949,无条件开放,主动开放,,,,,2016-11-22 11:06:41.0,2020-12-04 06:56
29200/03200506,坪山区-劳务派遣经营许可,劳动人事,坪山区人民政府,按年,147,,220,15804,57,无条件开放,主动开放,,,,,2016-12-09 17:14:03.0,2019-02-28 03:24
29200/03200507,坪山区-娱乐场所经营许可,文体休闲,坪山区人民政府,有数据更新时,37,,151,13153,59,无条件开放,主动开放,,,,,2016-12-09 17:23:38.0,2019-12-06 03:34
29200/03200508,坪山区-印刷企业经营许可,企业服务,坪山区人民政府,有数据更新时,7243,,157,14194,62,无条件开放,主动开放,,,,,2016-12-09 17:26:40.0,2024-05-10 08:25
29200/03200510,坪山区-建设项目环境影响审批,经济建设,坪山区人民政府,有数据更新时,10947,,207,10066,92,无条件开放,主动开放,,,,,2016-12-09 17:31:33.0,2024-05-10 08:20
29200/03200511,坪山区加工贸易项下光盘进出口,政府机构,坪山区人民政府,有数据更新时,10163,,120,9814,76,无条件开放,主动开放,,,,,2016-12-12 09:39:26.0,2024-05-10 08:22
29200/03200513,坪山区-户外广告设置许可,生态文明,坪山区人民政府,有数据更新时,8880,,122,4815,60,无条件开放,主动开放,,,,,2016-12-12 09:58:14.0,2024-05-10 08:24
29200/03200656,坪山区-政府公开信息通用表,政府机构,坪山区人民政府,有数据更新时,3005,,52,8457,254,无条件开放,主动开放,,,,,2017-04-19 09:18:29.0,2020-12-04 06:56
29200/03200657,坪山区-政府公开信息-资金信息,财税金融,坪山区人民政府,有数据更新时,52,,135,7337,63,无条件开放,主动开放,,,,,2017-04-19 14:27:24.0,2019-02-28 03:24
29200/03200658,坪山区-政府公开信息-政策法规,政府机构,坪山区人民政府,有数据更新时,316,,170,8015,64,无条件开放,主动开放,,,,,2017-04-19 14:37:05.0,2019-02-28 03:24
29200/03200659,坪山区-政府公开信息-应急管理,政府机构,坪山区人民政府,有数据更新时,2273,,138,3530,130,无条件开放,主动开放,,,,,2017-04-19 14:45:47.0,2019-02-28 03:24
29200/03200662,坪山区-投资审批-地方项目申报基本信息表,经济建设,坪山区人民政府,有数据更新时,16,,82,9099,70,无条件开放,主动开放,,,,,2017-04-19 15:22:47.0,2019-11-22 08:10
29200/03200666,坪山区-辖区律师行业数据,企业服务,坪山区人民政府,按年,516,,121,4793,56,无条件开放,依申请开放,,,,,2017-04-19 15:47:21.0,2019-02-28 03:24
29200/03200670,坪山区-招标公告,政府机构,坪山区人民政府,有数据更新时,368,,130,6649,56,无条件开放,主动开放,,,,,2017-04-19 17:58:33.0,2019-02-28 03:24
29200/03200671,坪山区-中标公告,政府机构,坪山区人民政府,有数据更新时,553,,155,6119,55,无条件开放,主动开放,,,,,2017-04-19 18:02:05.0,2019-02-28 03:24
29200/03200672,坪山区-统计快报,经济建设,坪山区人民政府,有数据更新时,19,,124,8169,48,无条件开放,主动开放,,,,,2017-04-19 18:14:13.0,2019-02-28 03:24
29200/03200674,坪山区-银行业金融机构一览表,财税金融,坪山区人民政府,有数据更新时,100,,305,6685,90,无条件开放,主动开放,,,,,2017-04-19 18:24:34.0,2019-02-28 03:24
29200/03200675,坪山区-电信公司营业厅情况表,经济建设,坪山区人民政府,有数据更新时,18,,128,10141,66,无条件开放,主动开放,,,,,2017-04-19 18:28:34.0,2023-04-12 08:22
29200/03200676,坪山区-移动公司营业厅情况表,企业服务,坪山区人民政府,有数据更新时,30,,135,9559,65,无条件开放,主动开放,,,,,2017-04-19 18:31:31.0,2019-12-06 07:15
29200/03200677,坪山区-联通公司营业厅情况表,经济建设,坪山区人民政府,有数据更新时,12,,122,6309,65,无条件开放,主动开放,,,,,2017-04-19 18:34:25.0,2023-04-12 08:21
29200/03200679,坪山区-民办职业培训机构一览表,劳动人事,坪山区人民政府,有数据更新时,70,,164,5222,50,无条件开放,依申请开放,,,,,2017-04-19 18:50:36.0,2019-12-05 04:51
29200/03200680,坪山区-医院领导介绍,卫生健康,坪山区人民政府,有数据更新时,17,,136,6339,56,无条件开放,主动开放,,,,,2017-04-19 18:52:43.0,2019-02-28 03:24
29200/03200681,坪山区-医院项目介绍,卫生健康,坪山区人民政府,有数据更新时,8941,,74,9046,229,无条件开放,主动开放,,,,,2017-04-19 18:56:14.0,2019-02-28 03:24
29200/03200682,坪山区-医院科室设置,卫生健康,坪山区人民政府,有数据更新时,46,,141,5894,56,无条件开放,主动开放,,,,,2017-04-19 18:58:50.0,2019-02-28 03:24
29200/03200683,坪山区-医院就诊指南,卫生健康,坪山区人民政府,有数据更新时,20,,78,4672,52,无条件开放,主动开放,,,,,2017-04-19 19:02:55.0,2019-11-22 08:10
29200/03200684,坪山区-医院基本信息,卫生健康,坪山区人民政府,有数据更新时,7,,194,4898,56,无条件开放,主动开放,,,,,2017-04-19 19:11:45.0,2019-11-22 08:10
29200/03200686,坪山区-学校资助奖励,教育科技,坪山区人民政府,有数据更新时,14,,149,5496,57,无条件开放,主动开放,,,,,2017-04-19 19:16:59.0,2019-02-28 03:24
29200/03200688,坪山区-学校教师信息,教育科技,坪山区人民政府,有数据更新时,764,,234,6999,66,无条件开放,主动开放,,,,,2017-04-19 19:22:25.0,2019-02-28 03:24
29200/03200690,坪山区-学校招生入学,教育科技,坪山区人民政府,有数据更新时,16,,226,7544,60,无条件开放,主动开放,,,,,2017-04-19 19:28:32.0,2019-02-28 03:24
29200/03200691,坪山区-普通中学一览表,教育科技,坪山区人民政府,有数据更新时,53,,466,6877,72,无条件开放,主动开放,,,,,2017-04-19 19:31:59.0,2019-02-28 03:24
29200/03200692,坪山区-幼儿园一览表,教育科技,坪山区人民政府,有数据更新时,152,,406,8893,135,无条件开放,主动开放,,,,,2017-04-19 19:36:47.0,2020-12-03 08:28
29200/03200693,坪山区-小学一览表,教育科技,坪山区人民政府,有数据更新时,63,,465,7025,61,无条件开放,主动开放,,,,,2017-04-19 19:39:50.0,2019-02-28 03:24
29200/03200694,坪山区-投资审批-地方审批事项信息表,经济建设,坪山区人民政府,有数据更新时,5,,108,4485,65,无条件开放,主动开放,,,,,2017-04-19 19:41:59.0,2019-11-22 08:11
29200/03200695,坪山区-水库水情表,生态文明,坪山区人民政府,有数据更新时,16,,182,9406,62,无条件开放,主动开放,,,,,2017-04-19 19:49:06.0,2019-02-28 03:24
29200/03200696,坪山区-水库水位库容,生态文明,坪山区人民政府,按年,5110,,171,8311,62,无条件开放,主动开放,,,,,2017-04-19 19:53:30.0,2019-02-28 03:24
29200/03200697,坪山区-城市管理-绿地,生态文明,坪山区人民政府,有数据更新时,17,,278,7802,83,无条件开放,主动开放,,,,,2017-04-19 19:56:27.0,2019-02-28 03:24
29200/03200698,坪山区-城市管理-垃圾箱,生态文明,坪山区人民政府,按年,46,,242,3901,53,无条件开放,主动开放,,,,,2017-04-19 19:58:18.0,2019-02-28 03:24
29200/03200699,坪山区-城市管理-路灯,公共安全,坪山区人民政府,按年,73,,182,5615,114,无条件开放,主动开放,,,,,2017-04-19 20:01:02.0,2019-02-28 03:24
29200/03200701,坪山区-邮政服务营业网点,企业服务,坪山区人民政府,有数据更新时,43,,104,3570,51,无条件开放,主动开放,,,,,2017-04-19 20:07:18.0,2019-11-22 07:54
29200/03200703,坪山区-街道办信息,政府机构,坪山区人民政府,有数据更新时,20,,151,7753,56,无条件开放,主动开放,,,,,2017-04-19 20:13:54.0,2019-02-28 03:24
29200/03200706,坪山区-公共财政收支预算表,政府机构,坪山区人民政府,有数据更新时,54,,197,7234,56,无条件开放,主动开放,,,,,2017-04-19 20:22:00.0,2019-02-28 03:24
29200/03200707,坪山区-疫苗接种点,卫生健康,坪山区人民政府,有数据更新时,24,,157,7300,58,无条件开放,主动开放,,,,,2017-04-19 20:23:41.0,2019-02-28 03:24
29200/03200708,坪山区-政府公开信息-统计数据,经济建设,坪山区人民政府,有数据更新时,116,,363,9666,110,无条件开放,主动开放,,,,,2017-04-19 20:38:33.0,2019-02-28 03:24
29200/03200712,坪山区-各街道行政服务大厅地址,企业服务,坪山区人民政府,有数据更新时,101,,58,6125,33,无条件开放,主动开放,,,,,2019-08-30 19:17:48.0,2019-09-03 08:21
29200/03200714,坪山区-规范性文件管理,社会发展,坪山区人民政府,有数据更新时,31,,42,5248,36,无条件开放,主动开放,,,,,2019-09-26 09:28:40.0,2019-10-22 09:18
29200/03200715,坪山区-公园目录,生态文明,坪山区人民政府,有数据更新时,18,,159,4371,108,无条件开放,依申请开放,,,,,2019-09-26 09:29:00.0,2019-10-22 09:53
29200/03200716,坪山区-路灯数据,政府机构,坪山区人民政府,有数据更新时,46,,40,26279,92,无条件开放,依申请开放,,,,,2019-09-26 09:30:14.0,2019-10-22 09:48
29200/03200717,坪山区-安全生产黑名单,信用服务,坪山区人民政府,有数据更新时,28,,80,4149,96,无条件开放,主动开放,,,,,2019-10-08 09:53:06.0,2019-10-22 09:18
29200/03200718,坪山区-事故调查报告,公共安全,坪山区人民政府,有数据更新时,17,,198,2485,36,无条件开放,主动开放,,,,,2019-10-08 09:53:28.0,2023-09-11 09:05
29200/03200719,坪山区-科技创新专项资金,教育科技,坪山区人民政府,有数据更新时,34,,95,4909,34,无条件开放,主动开放,,,,,2019-10-08 10:01:49.0,2019-10-22 09:18
29200/03200720,坪山区-国家高新技术企业,教育科技,坪山区人民政府,有数据更新时,25,,226,4862,94,无条件开放,主动开放,,,,,2019-10-08 10:02:17.0,2019-10-22 09:18
29200/03200721,坪山区-建筑业企业资质核准,政府机构,坪山区人民政府,有数据更新时,13,,61,4429,36,无条件开放,依申请开放,,,,,2019-10-08 10:02:46.0,2019-12-05 04:59
29200/03200722,坪山区-建筑工程施工许可证核发,政府机构,坪山区人民政府,有数据更新时,68,,73,4918,112,无条件开放,依申请开放,,,,,2019-10-08 10:03:16.0,2019-10-15 08:04
29200/03200723,坪山区-住建行政处罚明细表,政府机构,坪山区人民政府,有数据更新时,14,,43,4401,154,无条件开放,依申请开放,,,,,2019-10-08 10:03:34.0,2019-10-15 06:53
29200/03200724,坪山区-行政备案-物业服务合同备案,政府机构,坪山区人民政府,有数据更新时,6,,45,3903,44,无条件开放,依申请开放,,,,,2019-10-08 10:03:51.0,2019-10-15 06:53
29200/03200725,坪山区-教育局审批的在册校外培训机构名单,教育科技,坪山区人民政府,有数据更新时,11,,176,6483,44,无条件开放,主动开放,,,,,2019-10-08 10:04:11.0,2019-10-15 06:53
29200/03200726,坪山区-GDP情况,政府机构,坪山区人民政府,有数据更新时,45,,123,1147,41,无条件开放,依申请开放,,,,,2019-10-08 10:04:33.0,2019-10-15 06:53
29200/03200727,坪山区-规模以上工业增加统计,政府机构,坪山区人民政府,有数据更新时,92,,74,3323,30,无条件开放,依申请开放,,,,,2019-10-08 10:04:54.0,2019-10-15 08:04
29200/03200728,坪山区-进出口经济发展情况,政府机构,坪山区人民政府,有数据更新时,22,,38,3332,30,无条件开放,依申请开放,,,,,2019-10-08 10:05:12.0,2019-10-15 08:21
29200/03200729,坪山区-保障性安居工程计划基本建成（含竣工）项目,社会发展,坪山区人民政府,有数据更新时,11,,62,3316,36,无条件开放,主动开放,,,,,2019-10-08 10:05:37.0,2019-10-15 10:32
29200/03200730,坪山区-保障性安居工程计划开工项目,社会发展,坪山区人民政府,有数据更新时,11,,63,3311,36,无条件开放,主动开放,,,,,2019-10-08 10:05:55.0,2019-10-15 10:32
29200/03200732,坪山区-气温日统计情况,政府机构,坪山区人民政府,有数据更新时,526086,,258,21179,33089,无条件开放,依申请开放,,,,,2019-10-12 15:27:37.0,2019-10-22 10:12
29200/03200734,坪山区-24小时滑动雨量,政府机构,坪山区人民政府,有数据更新时,303590,,225,20061,13873,无条件开放,依申请开放,,,,,2019-10-12 15:28:22.0,2019-10-22 09:54
29200/03200735,坪山区-瞬时风速,政府机构,坪山区人民政府,有数据更新时,526070,,159,17374,3535,无条件开放,依申请开放,,,,,2019-10-12 15:28:44.0,2019-10-22 09:54
29200/03200736,坪山区-加油站信息,交通运输,坪山区人民政府,有数据更新时,57,,154,6387,48,无条件开放,依申请开放,,,,,2019-10-12 15:37:44.0,2019-10-22 09:54
29200/03200741,坪山区-社康中心信息,卫生健康,坪山区人民政府,有数据更新时,146,,61,3944,34,无条件开放,依申请开放,,,,,2019-10-12 15:39:28.0,2019-10-16 06:15
29200/03200742,坪山区-门诊部信息,卫生健康,坪山区人民政府,有数据更新时,88,,38,4193,38,无条件开放,依申请开放,,,,,2019-10-12 15:39:45.0,2019-10-16 06:15
29200/03200743,坪山区-药店零售企业数据,卫生健康,坪山区人民政府,有数据更新时,613,,99,6224,39,无条件开放,依申请开放,,,,,2019-10-12 15:52:29.0,2019-10-16 06:35
29200/03200744,坪山区-公共文体设施情况,文体休闲,坪山区人民政府,有数据更新时,38,,113,3593,39,无条件开放,依申请开放,,,,,2019-10-18 17:09:20.0,2019-10-22 09:55
29200/03200745,坪山区-公共厕所地址数据,政府机构,坪山区人民政府,按年,473,,56,2232,35,无条件开放,依申请开放,,,,,2019-10-18 17:09:58.0,2019-10-22 09:55
29200/03200746,坪山区-室外应急避难场所,公共安全,坪山区人民政府,有数据更新时,125,,72,3700,45,无条件开放,依申请开放,,,,,2019-10-21 15:17:58.0,2019-10-22 09:55
29200/03200748,坪山区-教育局教师资格证认定名单,教育科技,坪山区人民政府,有数据更新时,535,,105,5004,34,无条件开放,主动开放,,,,,2019-11-27 11:44:50.0,2019-11-29 09:55
29200/03200749,坪山区-捐血站（点）,卫生健康,坪山区人民政府,有数据更新时,27,,12,2323,30,无条件开放,依申请开放,,,,,2019-12-06 09:49:35.0,2019-12-06 06:48
29200/03200751,坪山区-民生诉求数据,社会发展,坪山区人民政府,有数据更新时,627830,,252,9692,39337,有条件开放,主动开放,,,,,2020-04-23 15:01:36.0,2025-12-23 06:39
29200/03200752,坪山区-公共场所《卫生许可证》新办,卫生健康,坪山区人民政府,有数据更新时,116,,6,1677,28,无条件开放,依申请开放,,,,,2020-05-21 16:54:50.0,2020-07-16 08:14
29200/03200753,坪山区-医疗机构校验,卫生健康,坪山区人民政府,有数据更新时,60,,23,2269,28,无条件开放,依申请开放,,,,,2020-05-21 16:55:12.0,2020-07-16 08:14
29200/03200756,坪山区-社工岗位信息,社会发展,坪山区人民政府,有数据更新时,210,,35,1998,28,无条件开放,依申请开放,,,,,2020-05-21 16:56:03.0,2020-07-16 08:14
29200/03200757,坪山区-各社区工作站,社会发展,坪山区人民政府,有数据更新时,50,,41,2673,28,无条件开放,依申请开放,,,,,2020-05-21 16:56:18.0,2020-07-16 08:41
29200/03200758,坪山区-水务局机构组织,生态文明,坪山区人民政府,按年,21,,10,3171,30,无条件开放,依申请开放,,,,,2020-05-21 16:56:37.0,2020-07-16 08:41
29200/03200759,坪山区-节水型小区信息,生态文明,坪山区人民政府,按年,93,,20,2347,24,无条件开放,依申请开放,,,,,2020-05-21 16:56:52.0,2020-07-16 08:59
29200/03200760,坪山区-节水型企业（单位）信息,生态文明,坪山区人民政府,按年,101,,12,3027,24,无条件开放,依申请开放,,,,,2020-05-21 16:57:15.0,2020-07-16 08:42
29200/03200761,坪山区-小型水库防汛三个责任人名单,生态文明,坪山区人民政府,按年,41,,17,5090,30,无条件开放,依申请开放,,,,,2020-05-21 16:57:32.0,2020-07-17 07:27
29200/03200762,坪山区-一般公共预算收入,经济建设,坪山区人民政府,有数据更新时,54,,19,1555,28,无条件开放,主动开放,,,,,2020-05-21 16:57:47.0,2020-07-16 08:43
29200/03200763,坪山区-固定资产投资,经济建设,坪山区人民政府,有数据更新时,82,,43,1565,94,无条件开放,主动开放,,,,,2020-05-21 16:58:04.0,2020-07-16 08:43
29200/03200764,坪山区-社会消费品零售总额,经济建设,坪山区人民政府,有数据更新时,322,,30,1543,90,无条件开放,主动开放,,,,,2020-05-21 16:58:18.0,2020-07-16 08:43
29200/03200765,坪山区-国、地税收入,财税金融,坪山区人民政府,有数据更新时,77,,29,2324,80,无条件开放,依申请开放,,,,,2020-05-21 16:58:31.0,2020-07-16 08:43
29200/03200766,坪山区-人口统计数据,劳动人事,坪山区人民政府,有数据更新时,20,,436,3673,42,无条件开放,依申请开放,,,,,2020-05-21 16:58:43.0,2020-07-16 08:43
29200/03200767,坪山区-社会保险参保人数,政府机构,坪山区人民政府,有数据更新时,62,,25,2159,28,无条件开放,依申请开放,,,,,2020-05-21 16:58:57.0,2020-07-16 10:13
29200/03200768,坪山区-定点医疗机构名单,卫生健康,坪山区人民政府,有数据更新时,122,,35,3397,31,无条件开放,依申请开放,,,,,2020-05-21 16:59:10.0,2020-07-16 10:13
29200/03200769,坪山区-游泳池一览表,文体休闲,坪山区人民政府,有数据更新时,30,,30,2731,28,无条件开放,依申请开放,,,,,2020-05-21 16:59:23.0,2020-07-16 10:13
29200/03200770,坪山区-旅行社服务网点一览表,文体休闲,坪山区人民政府,有数据更新时,186,,30,2687,34,无条件开放,依申请开放,,,,,2020-05-21 16:59:39.0,2020-07-16 10:13
29200/03200772,坪山区-特种设备信息,企业服务,坪山区人民政府,有数据更新时,354,,17,2235,28,无条件开放,依申请开放,,,,,2020-05-21 17:00:08.0,2020-07-16 10:13
29200/03200773,坪山区-派出所一览表,政府机构,坪山区人民政府,有数据更新时,6,,11,2819,30,无条件开放,依申请开放,,,,,2020-05-21 17:00:20.0,2020-07-17 03:34
29200/03200774,坪山区-基层司法所基本信息,社会发展,坪山区人民政府,有数据更新时,6,,5,1996,34,无条件开放,依申请开放,,,,,2020-05-21 17:00:33.0,2020-07-17 03:34
29200/03200775,坪山区-占用城市绿地和砍伐、迁移城市树木行政许可,生态文明,坪山区人民政府,有数据更新时,468,,32,8534,99,无条件开放,依申请开放,,,,,2020-05-21 17:00:51.0,2020-07-17 03:34
29200/03200776,坪山区-安居工程任务,政府机构,坪山区人民政府,有数据更新时,22,,36,1824,28,无条件开放,主动开放,,,,,2020-05-21 17:01:03.0,2020-07-17 03:34
29200/03200777,坪山区-建设工程消防行政许可（设计审查）,政府机构,坪山区人民政府,有数据更新时,188,,13,2584,28,无条件开放,依申请开放,,,,,2020-05-21 17:01:17.0,2020-07-17 03:33
29200/03200778,坪山区-商品房预售许可,政府机构,坪山区人民政府,有数据更新时,12,,37,2077,28,无条件开放,依申请开放,,,,,2020-05-21 17:01:29.0,2020-07-17 03:33
29200/03200779,坪山区-室内应急避难场所,公共安全,坪山区人民政府,有数据更新时,45,,35,2102,31,无条件开放,主动开放,,,,,2020-05-21 17:01:46.0,2021-02-22 03:48
29200/03200780,坪山区-社会医疗机构一览表,卫生健康,坪山区人民政府,有数据更新时,232,,125,4792,28,无条件开放,主动开放,,,,,2020-05-21 17:42:25.0,2020-07-17 03:33
29200/03200781,坪山区-桥梁信息,交通运输,坪山区人民政府,有数据更新时,58,,116,2190,58,无条件开放,主动开放,,,,,2020-05-21 17:42:41.0,2020-07-17 03:33
29200/03200782,坪山区-民生诉求事件,社会发展,坪山区人民政府,有数据更新时,499605,,233,10803,490564,有条件开放,主动开放,,,,,2021-04-21 17:35:09.0,2025-12-23 06:39
29200/03200783,坪山区-科普教育基地,教育科技,坪山区人民政府,按年,96,,81,2435,20,无条件开放,主动开放,,,,,2021-11-30 14:50:51.0,2021-12-01 08:53
29200/03200784,坪山区-公共就业服务机构信息,劳动人事,坪山区人民政府,有数据更新时,15,,14,1217,47,无条件开放,主动开放,,,,,2021-11-30 14:54:26.0,2021-12-01 08:53
29200/03200785,坪山区-危险化学品经营许可证核发,政府机构,坪山区人民政府,有数据更新时,15,,7,1244,53,无条件开放,主动开放,,,,,2021-11-30 14:59:20.0,2021-12-01 08:53
29200/03200786,坪山区-生产经营单位生产安全事故应急预案备案登记表,政府机构,坪山区人民政府,有数据更新时,306,,18,939,20,无条件开放,主动开放,,,,,2021-11-30 15:09:01.0,2024-05-16 08:03
29200/03200787,2021年坪山区一般公共预算地方本级收入表,财税金融,坪山区人民政府,有数据更新时,63,,0,1321,0,有条件开放,主动开放,,,,,2021-11-30 15:19:58.0,2021-12-01 08:53
29200/03200788,坪山区一般公共预算地方本级支出表,财税金融,坪山区人民政府,有数据更新时,2657,,51,1081,77,有条件开放,主动开放,,,,,2021-11-30 15:22:05.0,2021-12-01 08:53
29200/03200789,坪山区-医疗机构执业许可信息,卫生健康,坪山区人民政府,有数据更新时,179,,78,1268,47,无条件开放,主动开放,,,,,2021-11-30 15:42:47.0,2021-12-01 08:53
29200/03200790,坪山区-基层社康开设妇保儿保门诊一览表,卫生健康,坪山区人民政府,有数据更新时,73,,5,935,47,无条件开放,主动开放,,,,,2021-11-30 16:40:14.0,2021-12-01 08:53
29200/03200791,坪山区-远程喊停工地信息,生态文明,坪山区人民政府,有数据更新时,217,,7,817,148,无条件开放,主动开放,,,,,2021-11-30 16:44:18.0,2021-12-01 08:53
29200/03200792,坪山区-供水量,生态文明,坪山区人民政府,按年,28,,22,1292,55,无条件开放,主动开放,,,,,2021-11-30 16:48:17.0,2021-12-01 08:53
29200/03200794,坪山区-积涝点信息,生态文明,坪山区人民政府,有数据更新时,10,,89,1131,47,无条件开放,主动开放,,,,,2021-11-30 16:54:48.0,2021-12-01 08:54
29200/03200795,坪山区-道路交通施工信息,交通运输,坪山区人民政府,有数据更新时,267,,133,1327,360,无条件开放,主动开放,,,,,2021-11-30 16:57:45.0,2025-03-28 03:02
29200/03200796,坪山区-已批城市更新单元计划,经济建设,坪山区人民政府,按年,117,,174,1579,145,无条件开放,主动开放,,,,,2021-11-30 17:19:21.0,2021-12-01 08:54
29200/03200797,坪山区-已批城市更新单元规划,经济建设,坪山区人民政府,有数据更新时,39,,90,994,53,无条件开放,主动开放,,,,,2021-11-30 17:22:16.0,2021-12-01 08:54
29200/03200798,坪山区-瓶装燃气企业信息,企业服务,坪山区人民政府,有数据更新时,35,,11,1245,47,无条件开放,主动开放,,,,,2021-11-30 17:57:02.0,2021-12-02 09:21
29200/03200799,坪山区-新能源汽车充电站,社会发展,坪山区人民政府,有数据更新时,253,,380,1593,80,无条件开放,主动开放,,,,,2021-11-30 18:05:53.0,2021-12-01 08:54
29200/03200800,坪山区-各类型人口数量统计,政府机构,坪山区人民政府,有数据更新时,3152,,234,1147,47,无条件开放,主动开放,,,,,2021-11-30 18:10:22.0,2021-12-01 08:54
29200/03200803,坪山区-各街道人口密度,政府机构,坪山区人民政府,按年,1866,,344,1953,45,无条件开放,主动开放,,,,,2021-11-30 19:16:11.0,2021-12-01 08:54
29200/03200804,坪山区-民生诉求来源及占比,政府机构,坪山区人民政府,有数据更新时,16,,79,1229,90,无条件开放,主动开放,,,,,2021-12-01 11:55:59.0,2021-12-01 08:54
29200/03200805,坪山区-民生诉求类型及占比,政府机构,坪山区人民政府,有数据更新时,90,,91,847,184,无条件开放,主动开放,,,,,2021-12-01 11:58:52.0,2021-12-01 08:51
29200/03200806,坪山区-气象模型基表-自动站历史天气,生态文明,坪山区人民政府,有数据更新时,4695876,,233,5807,150004,无条件开放,主动开放,,,,,2021-12-01 14:18:28.0,2021-12-01 08:50
29200/03200807,坪山区-历史风力降雨量结果表,生态文明,坪山区人民政府,按年,136391,,233,3348,123594,无条件开放,主动开放,,,,,2021-12-01 14:23:22.0,2021-12-01 08:49
29200/03200808,坪山区-交通运行状态表,交通运输,坪山区人民政府,有数据更新时,2715,,757,3966,86,无条件开放,主动开放,,,,,2021-12-01 14:31:32.0,2021-12-06 08:52
29200/03200809,坪山区-高铁班次明细表,交通运输,坪山区人民政府,有数据更新时,82990,,72,1548,477,无条件开放,主动开放,,,,,2021-12-01 14:46:31.0,2021-12-01 08:42
29200/03200810,坪山区-高铁日发车班次表,交通运输,坪山区人民政府,有数据更新时,1683,,56,1122,62,无条件开放,主动开放,,,,,2021-12-01 15:00:44.0,2021-12-01 08:42
29200/03200811,坪山区-公交信息表,交通运输,坪山区人民政府,按年,1642,,263,3931,352,无条件开放,主动开放,,,,,2021-12-01 15:02:49.0,2021-12-01 08:40
29200/03200812,坪山区-实有人口性别分布,政府机构,坪山区人民政府,按年,265,,95,2316,54,无条件开放,主动开放,,,,,2021-12-01 17:27:58.0,2021-12-01 09:31
29200/03200813,坪山区-实有人口年龄分布,政府机构,坪山区人民政府,有数据更新时,597,,129,1085,50,无条件开放,主动开放,,,,,2021-12-01 17:32:48.0,2021-12-01 09:35
29200/03200814,坪山区应急管理专家库专家名单,劳动人事,坪山区人民政府,有数据更新时,232,,8,1097,20,无条件开放,主动开放,,,,,2022-08-25 10:19:54.0,2022-12-23 03:27
29200/03200818,坪山区中学基本信息,政府机构,坪山区人民政府,有数据更新时,185,,22,581,20,无条件开放,主动开放,,,,,2022-08-25 10:40:46.0,2022-12-04 07:24
29200/03200819,坪山区幼儿园基本信息,政府机构,坪山区人民政府,有数据更新时,210,,31,602,20,无条件开放,主动开放,,,,,2022-08-25 10:42:24.0,2022-12-04 07:25
29200/03200820,坪山区小学基本信息,政府机构,坪山区人民政府,有数据更新时,196,,35,565,30,无条件开放,主动开放,,,,,2022-08-25 10:44:04.0,2022-12-04 07:26
29200/03200821,坪山气象站点,生态文明,坪山区人民政府,有数据更新时,94,,84,1979,48,无条件开放,主动开放,,,,,2022-08-25 10:46:20.0,2022-12-28 07:33
29200/03200822,未来七天天气结果表-最低温度,生态文明,坪山区人民政府,有数据更新时,1,,19,856,20,无条件开放,主动开放,,,,,2022-08-25 10:48:04.0,2022-12-28 07:36
29200/03200823,未来七天天气结果表-最高温度,生态文明,坪山区人民政府,有数据更新时,1,,23,682,62,无条件开放,主动开放,,,,,2022-08-25 10:49:43.0,2022-12-28 07:42
29200/03200824,天气预报明细-温度,生态文明,坪山区人民政府,有数据更新时,1,,262,1120,68,无条件开放,主动开放,,,,,2022-08-25 10:51:34.0,2022-12-28 07:49
29200/03200825,天气预报明细-降雨量,生态文明,坪山区人民政府,有数据更新时,17614,,508,1165,82,无条件开放,主动开放,,,,,2022-08-25 10:53:42.0,2022-12-28 08:23
29200/03200826,天气预报明细-湿度,生态文明,坪山区人民政府,有数据更新时,8744,,151,637,54,无条件开放,主动开放,,,,,2022-08-25 10:55:16.0,2022-12-29 02:26
29200/03200827,天气预报明细-风速,生态文明,坪山区人民政府,有数据更新时,9267,,123,719,220,无条件开放,主动开放,,,,,2022-08-25 10:57:36.0,2023-01-03 07:16
29200/03200828,天气预报明细-天气状况,生态文明,坪山区人民政府,有数据更新时,9267,,231,1882,257,无条件开放,主动开放,,,,,2022-08-25 10:59:58.0,2023-01-03 07:22
29200/03200829,坪山区消火栓信息表,社会发展,坪山区人民政府,有数据更新时,4992,,11,1184,20,无条件开放,主动开放,,,,,2022-08-25 11:01:51.0,2022-12-29 06:47
29200/03200831,坪山高铁站当日出发列车-始发站,交通运输,坪山区人民政府,有数据更新时,253,,26,1085,32,无条件开放,主动开放,,,,,2022-08-25 11:06:59.0,2022-12-29 06:53
29200/03200832,坪山高铁站当日出发列车-终点站,交通运输,坪山区人民政府,有数据更新时,253,,28,1338,32,无条件开放,主动开放,,,,,2022-08-25 11:08:34.0,2022-12-29 06:59
29200/03200834,坪山区一般公共预算收入表,财税金融,坪山区人民政府,有数据更新时,84,,15,755,20,无条件开放,主动开放,,,,,2022-08-25 11:13:40.0,2022-12-21 01:47
29200/03200835,2022年坪山区一般公共预算地方本级支出表,财税金融,坪山区人民政府,有数据更新时,2616,,17,529,20,无条件开放,主动开放,,,,,2022-08-25 11:16:20.0,2022-12-21 02:07
29200/03200836,坪山区司法局-普法宣传活动统计,社会发展,坪山区人民政府,有数据更新时,101,,4,1487,12,无条件开放,主动开放,,,,,2022-08-25 11:18:29.0,2023-01-03 03:35
29200/03200837,坪山区“智慧码”城市部件状态信息,政府机构,坪山区人民政府,有数据更新时,6124,,18,1987,278,无条件开放,主动开放,,,,,2022-08-25 11:20:29.0,2023-03-07 08:24
29200/03200838,坪山区-医疗机构（诊所）一览表,政府机构,坪山区人民政府,有数据更新时,119,,49,1008,22,无条件开放,主动开放,,,,,2022-08-25 11:23:07.0,2022-12-04 06:53
29200/03200839,坪山区宫颈癌筛查预约一览表,卫生健康,坪山区人民政府,有数据更新时,8,,9,1167,20,无条件开放,主动开放,,,,,2022-08-25 11:26:14.0,2023-01-03 07:04
29200/03200840,坪山区医院一览表,卫生健康,坪山区人民政府,有数据更新时,11,,83,926,20,无条件开放,主动开放,,,,,2022-08-25 11:29:00.0,2022-12-28 07:13
29200/03200841,坪山区-水务行政处罚信息,政府机构,坪山区人民政府,有数据更新时,65,,10,481,100,无条件开放,主动开放,,,,,2022-08-25 11:30:39.0,2023-09-14 02:01
29200/03200842,坪山区劳动人事争议仲裁院仲裁庭一览表,政府机构,坪山区人民政府,有数据更新时,11,,13,471,20,无条件开放,主动开放,,,,,2022-08-25 11:32:56.0,2022-12-04 07:06
29200/03200843,坪山区区属公园母婴室,政府机构,坪山区人民政府,有数据更新时,17,,21,564,20,无条件开放,主动开放,,,,,2022-08-25 11:34:29.0,2022-11-25 10:37
29200/03200844,坪山区风速,生态文明,坪山区人民政府,有数据更新时,13,,42,615,20,无条件开放,主动开放,,,,,2022-08-25 11:36:56.0,2022-12-28 07:27
29200/03200845,坪山至各热点区域行车时间及线路长度,交通运输,坪山区人民政府,有数据更新时,21,,230,1074,28,无条件开放,主动开放,,,,,2022-09-16 10:00:05.0,2022-12-29 06:51
29200/03200847,坪山区乳腺癌筛查预约一览表,卫生健康,坪山区人民政府,有数据更新时,8,,7,975,20,无条件开放,主动开放,,,,,2022-12-04 11:47:14.0,2022-12-28 07:11
29200/03200849,坪山区“智慧码”城市部件位置信息,政府机构,坪山区人民政府,有数据更新时,6124,,25,2475,232,无条件开放,主动开放,,,,,2022-12-04 11:58:11.0,2022-12-28 07:17
29200/03200850,坪山区-律师事务所信息,企业服务,坪山区人民政府,按年,63,,10,903,20,无条件开放,主动开放,,,,,2023-08-31 11:17:25.0,2023-09-27 06:31
29200/03200853,应急避难场所,政府机构,坪山区人民政府,有数据更新时,73,,54,516,20,无条件开放,主动开放,,,,,2023-08-31 11:17:25.0,2026-07-17 02:49
29200/03200854,坪山区-排水许可,信用服务,坪山区人民政府,按年,494,,13,993,16,无条件开放,主动开放,,,,,2023-08-31 11:17:25.0,2023-09-27 06:34
29200/03200855,坪山区-政府性基金预算收入情况,财税金融,坪山区人民政府,有数据更新时,44,,3,1558,20,无条件开放,主动开放,,,,,2023-08-31 11:17:25.0,2023-09-13 07:36
29200/03200856,坪山区-政府性基金预算支出情况,财税金融,坪山区人民政府,有数据更新时,94,,3,1483,20,无条件开放,主动开放,,,,,2023-08-31 11:17:25.0,2023-09-13 07:37
29200/03200857,坪山区-农业总产值,三农服务,坪山区人民政府,有数据更新时,13,,29,4079,80,无条件开放,主动开放,,,,,2023-08-31 11:17:25.0,2023-09-13 07:39
29200/03200858,坪山区-建筑业总产值,社会发展,坪山区人民政府,有数据更新时,11,,8,1492,20,无条件开放,主动开放,,,,,2023-08-31 11:17:25.0,2023-09-13 07:39
29200/03200859,坪山区-在岗职工人数及平均工资,劳动人事,坪山区人民政府,有数据更新时,13,,54,1500,20,无条件开放,主动开放,,,,,2023-08-31 11:17:25.0,2023-09-13 08:02
29200/03200860,坪山区-产业园区,企业服务,坪山区人民政府,有数据更新时,27,,10,869,18,有条件开放,主动开放,,,,,2023-08-31 11:17:26.0,2023-11-30 01:55
29200/03200861,坪山区-党群服务中心,政府机构,坪山区人民政府,有数据更新时,33,,38,460,20,无条件开放,主动开放,,,,,2023-08-31 11:17:26.0,2023-09-27 06:41
29200/03200862,坪山区-暖蜂驿站,政府机构,坪山区人民政府,有数据更新时,21,,35,414,20,无条件开放,主动开放,,,,,2023-08-31 11:17:26.0,2023-11-29 03:08
29200/03200863,坪山区-廉租保障对象租金补贴申请公示,政府机构,坪山区人民政府,有数据更新时,48,,5,295,20,无条件开放,主动开放,,,,,2023-08-31 11:17:26.0,2023-09-13 08:03
29200/03200864,坪山区—志愿服务U站,政府机构,坪山区人民政府,有数据更新时,6,,11,2695,20,无条件开放,主动开放,,,,,2023-08-31 11:17:26.0,2023-09-13 08:03
29200/03200865,坪山区—市级母婴室示范点,政府机构,坪山区人民政府,有数据更新时,11,,15,657,20,无条件开放,主动开放,,,,,2023-08-31 11:17:26.0,2023-09-13 08:04
29200/03200866,坪山区—市级儿童友好基地,政府机构,坪山区人民政府,有数据更新时,23,,11,830,20,无条件开放,主动开放,,,,,2023-08-31 11:17:26.0,2023-09-13 08:05
29200/03200867,坪山区-名木古树信息,生态文明,坪山区人民政府,有数据更新时,149,,39,517,86,无条件开放,主动开放,,,,,2023-08-31 11:17:26.0,2026-07-17 02:50
29200/03200868,坪山区-生活垃圾转运站,政府机构,坪山区人民政府,有数据更新时,23,,43,1622,74,无条件开放,主动开放,,,,,2023-08-31 11:17:26.0,2026-07-17 02:50
29200/03200869,坪山区-九年一贯制学校信息,政府机构,坪山区人民政府,有数据更新时,21,,24,463,20,无条件开放,主动开放,,,,,2023-08-31 11:17:26.0,2023-09-13 08:06
29200/03200872,坪山区-市级重大项目清单,政府机构,坪山区人民政府,有数据更新时,35,,13,586,20,无条件开放,主动开放,,,,,2023-08-31 11:17:26.0,2023-09-13 08:07
29200/03200873,坪山区-国家级专精特新“小巨人”企业清单,企业服务,坪山区人民政府,有数据更新时,24,,250,537,38,无条件开放,主动开放,,,,,2023-08-31 11:17:26.0,2026-01-12 06:46
29200/03200874,坪山区-建筑废弃物消纳场所,生态文明,坪山区人民政府,有数据更新时,59,,20,564,76,无条件开放,主动开放,,,,,2023-08-31 11:17:26.0,2023-09-13 08:07
29200/03200875,坪山区-社会团体,社会发展,坪山区人民政府,有数据更新时,141,,2,268,20,无条件开放,主动开放,,,,,2023-08-31 11:17:27.0,2023-09-27 06:55
29200/03200876,坪山区-民办非企业,社会发展,坪山区人民政府,有数据更新时,173,,4,402,20,无条件开放,主动开放,,,,,2023-08-31 11:17:27.0,2023-09-27 06:59
29200/03200877,坪山区-坪山街道-便民服务站点信息,政府机构,坪山区人民政府,有数据更新时,6,,2,1292,20,无条件开放,主动开放,,,,,2023-08-31 11:17:27.0,2023-09-13 08:08
29200/03200878,坪山区-坑梓街道-便民服务站点信息,政府机构,坪山区人民政府,有数据更新时,5,,2,350,20,无条件开放,主动开放,,,,,2023-08-31 11:17:27.0,2023-09-13 08:08
29200/03200879,坪山区-龙田街道-便民服务站点信息,政府机构,坪山区人民政府,有数据更新时,5,,2,409,16,无条件开放,主动开放,,,,,2023-08-31 11:17:27.0,2023-09-13 08:09
29200/03200880,坪山区-马峦街道-便民服务站点信息,政府机构,坪山区人民政府,有数据更新时,5,,2,398,20,无条件开放,主动开放,,,,,2023-08-31 11:17:27.0,2023-09-13 08:09
29200/03200881,坪山区-石井街道-便民服务站点信息,政府机构,坪山区人民政府,有数据更新时,5,,6,446,20,无条件开放,主动开放,,,,,2023-08-31 11:17:27.0,2023-09-13 08:10
29200/03200882,坪山区-碧岭街道-便民服务站点信息,政府机构,坪山区人民政府,有数据更新时,4,,6,485,20,无条件开放,主动开放,,,,,2023-08-31 11:17:27.0,2023-09-13 08:10
29200/03200887,坪山区-民生诉求事件类型处置用时,政府机构,坪山区人民政府,有数据更新时,65,,39,423,24,无条件开放,主动开放,,,,,2023-08-31 11:17:27.0,2023-12-13 03:22
29200/03200888,坪山区-民生诉求年度事件量变化,政府机构,坪山区人民政府,有数据更新时,8,,32,353,24,无条件开放,主动开放,,,,,2023-08-31 11:17:27.0,2023-09-13 08:12
29200/03200889,坪山区-民生诉求事件性质分布,政府机构,坪山区人民政府,有数据更新时,18,,47,377,34,无条件开放,主动开放,,,,,2023-08-31 11:17:27.0,2023-09-13 08:13
29200/03200890,坪山区-民生诉求事件类型分布,政府机构,坪山区人民政府,有数据更新时,53,,57,302,24,无条件开放,主动开放,,,,,2023-08-31 11:17:27.0,2023-11-29 03:10
29200/03200891,深圳市坪山区协同共享服务空间电子数据,社会发展,坪山区人民政府,有数据更新时,692,,15,799,750,无条件开放,主动开放,,,,,2024-06-25 14:45:27.76,2025-02-28 03:30
29200/03200895,深圳市坪山区区管河道基本情况,政府机构,坪山区人民政府,有数据更新时,29,,7,178,20,无条件开放,主动开放,,,,,2025-01-13 17:05:25.983,2025-01-13 09:05
29200/03200896,深圳市坪山区区管河道三级河长基本信息,政府机构,坪山区人民政府,有数据更新时,63,,3,520,20,无条件开放,主动开放,,,,,2025-01-06 17:33:30.0,2025-02-19 09:51
29200/03200897,深圳市坪山区供水水库蓄水量,政府机构,坪山区人民政府,有数据更新时,11,,2,117,20,无条件开放,主动开放,,,,,2025-01-13 17:24:12.837,2025-01-13 09:24
29200/03200898,深圳市坪山区远足径郊野径线路,政府机构,坪山区人民政府,有数据更新时,18,,18,125,20,无条件开放,主动开放,,,,,2025-01-13 17:31:09.193,2025-01-13 09:31
29200/03200901,深圳市坪山区一般生产经营单位基本信息,政府机构,坪山区人民政府,有数据更新时,31264,,7,590,18,有条件开放,主动开放,,,,,2025-01-13 17:33:36.829,2025-01-13 09:33
29200/03200916,深圳市坪山区公办幼儿园,政府机构,坪山区人民政府,有数据更新时,48,,34,454,20,无条件开放,主动开放,,,,,2025-01-24 17:10:05.354,2025-01-24 09:10
29200/03200919,深圳市坪山区股份合作公司概况信息,政府机构,坪山区人民政府,有数据更新时,84,,32,409,16,无条件开放,主动开放,,,,,2025-01-24 17:11:18.92,2025-01-24 09:12
29200/03200942,深圳市坪山区废水重点监管单位名录,政府机构,坪山区人民政府,有数据更新时,46,,9,228,20,无条件开放,主动开放,,,,,2025-01-13 17:50:31.053,2025-01-13 09:50
29200/03200946,深圳市坪山区妇女儿童之家,政府机构,坪山区人民政府,有数据更新时,24,,3,211,20,无条件开放,主动开放,,,,,2025-01-24 17:12:44.129,2025-01-24 09:13
29200/03200954,深圳市坪山区规模以上工业企业基本信息,政府机构,坪山区人民政府,有数据更新时,35,,48,394,29,无条件开放,主动开放,,,,,2025-01-13 17:51:59.149,2025-01-13 09:51
29200/03200955,深圳市坪山区年产值十亿元、百亿元工业企业基本信息,政府机构,坪山区人民政府,有数据更新时,808,,20,262,29,无条件开放,主动开放,,,,,2025-01-13 17:55:47.364,2025-01-13 09:55
29200/03201000,深圳市坪山区民办职业培训机构一览表,政府机构,坪山区人民政府,有数据更新时,17,,0,219,8,无条件开放,主动开放,,,,,2025-12-26 19:55:59.0,2026-04-14 06:22
29200/03201001,深圳市坪山区建筑工务署政府投资工程项目建设管理信息系统工程进展信息,政府机构,坪山区人民政府,有数据更新时,304,,4,376,8,无条件开放,主动开放,,,,,2025-12-26 20:03:28.0,2026-04-14 06:24
29200/03201005,深圳市坪山区应急管理局双公示检查依据信息表,政府机构,坪山区人民政府,有数据更新时,105352,,1,297,8,无条件开放,主动开放,,,,,2025-12-26 23:17:49.0,2026-04-14 06:26
29200/03201007,深圳市坪山区人民政府网站政府公报栏目发布信息,政府机构,坪山区人民政府,按年,206,,0,257,8,无条件开放,主动开放,,,,,2025-12-27 00:11:41.0,2026-05-27 08:12
29200/03201008,深圳市坪山区人民政府网站规划计划栏目发布信息,政府机构,坪山区人民政府,按年,495,,1,232,8,无条件开放,主动开放,,,,,2025-12-27 09:17:40.0,2026-05-27 09:17
29200/03201009,深圳市坪山区人民政府网站政府信息公开年报栏目发布信息,政府机构,坪山区人民政府,按年,16,,0,256,8,无条件开放,主动开放,,,,,2025-12-27 09:21:39.0,2026-05-27 09:18
29200/03201010,深圳市坪山区人民政府网站政府工作报告栏目发布信息,政府机构,坪山区人民政府,按年,17,,0,266,8,无条件开放,主动开放,,,,,2025-12-27 09:27:14.0,2026-05-27 09:18
29200/03201014,深圳市坪山区各社区中老年人数分布及占比信息,政府机构,坪山区人民政府,按年,24,,1,88,2,有条件开放,主动开放,,,,,2026-09-01 09:50:24.429,2026-09-01 01:50
29200/03302369,统计快报,经济建设,深圳市统计局,有数据更新时,995,,473,7766,228,无条件开放,依申请开放,,,,,2019-08-05 10:31:41.0,2019-10-17 10:46
29200/03302370,统计月报-国民经济核算,经济建设,深圳市统计局,有数据更新时,941,,285,6539,296,无条件开放,依申请开放,,,,,2019-08-05 10:32:32.0,2019-10-17 10:28
29200/03302372,统计分析,经济建设,深圳市统计局,有数据更新时,109,,288,4827,47,无条件开放,依申请开放,,,,,2019-08-05 10:33:38.0,2019-10-17 10:28
29200/03302373,统计月报-工业,经济建设,深圳市统计局,有数据更新时,1582,,346,6972,675,无条件开放,依申请开放,,,,,2019-10-09 14:10:16.0,2019-10-17 10:28
29200/03302374,统计月报-工业经济效益,经济建设,深圳市统计局,有数据更新时,866,,233,8525,895,无条件开放,依申请开放,,,,,2019-10-09 14:10:46.0,2019-10-17 10:28
29200/03302375,统计月报-固定资产投资,经济建设,深圳市统计局,有数据更新时,912,,372,8756,136335,无条件开放,依申请开放,,,,,2019-10-09 14:11:17.0,2019-10-17 10:28
29200/03302376,统计月报-商品房建设,经济建设,深圳市统计局,有数据更新时,330,,486,7983,1873,无条件开放,依申请开放,,,,,2019-10-09 14:12:06.0,2019-10-17 10:28
29200/03302377,统计月报-运输,经济建设,深圳市统计局,有数据更新时,1188,,235,7199,241,无条件开放,依申请开放,,,,,2019-10-09 14:13:05.0,2019-10-17 10:28
29200/03302378,统计月报-国内贸易,经济建设,深圳市统计局,有数据更新时,282,,215,6714,42,无条件开放,依申请开放,,,,,2019-10-09 14:13:33.0,2019-10-17 10:28
29200/03302379,统计月报-对外贸易,经济建设,深圳市统计局,有数据更新时,1906,,594,9088,521,无条件开放,依申请开放,,,,,2019-10-09 14:14:01.0,2019-10-17 10:28
29200/03302380,统计月报-外商直接投资,经济建设,深圳市统计局,有数据更新时,462,,228,5591,283,无条件开放,依申请开放,,,,,2019-10-09 14:14:37.0,2019-10-17 10:28
29200/03302381,统计月报-旅游,经济建设,深圳市统计局,有数据更新时,528,,667,7194,244,无条件开放,依申请开放,,,,,2019-10-09 14:15:02.0,2019-10-17 10:28
29200/03302382,统计月报-财政金融,经济建设,深圳市统计局,有数据更新时,1089,,364,9845,327,无条件开放,依申请开放,,,,,2019-10-09 14:15:27.0,2019-10-17 10:28
29200/03302383,统计月报-物价,经济建设,深圳市统计局,有数据更新时,4210,,450,10184,719,无条件开放,依申请开放,,,,,2019-10-09 14:15:51.0,2019-10-17 10:28
29200/03302384,统计月报-民营经济,经济建设,深圳市统计局,有数据更新时,54,,188,5590,462073,无条件开放,依申请开放,,,,,2019-10-09 14:16:13.0,2019-10-17 10:28
29200/03302385,统计月报-分区主要经济指标,经济建设,深圳市统计局,有数据更新时,792,,625,10625,1383,无条件开放,依申请开放,,,,,2019-10-09 14:16:36.0,2019-10-17 10:28
29200/03302386,统计月报-战略性新兴产业,经济建设,深圳市统计局,有数据更新时,1344,,1074,10035,805,无条件开放,依申请开放,,,,,2019-10-09 14:16:57.0,2019-10-17 10:27
29200/03302387,统计月报-年度主要经济指标,经济建设,深圳市统计局,有数据更新时,1221,,1194,11625,8778,无条件开放,依申请开放,,,,,2019-10-09 14:17:26.0,2019-10-17 10:27
29200/03302388,统计月报-年度分区地区生产总值,经济建设,深圳市统计局,有数据更新时,504,,1290,9845,612,无条件开放,依申请开放,,,,,2019-10-09 14:17:49.0,2019-10-17 10:27
29200/03302389,统计年报-行政区划,政府机构,深圳市统计局,有数据更新时,36,,196,865,24,无条件开放,主动开放,,,,,2023-11-27 15:52:27.582,2023-12-01 09:54
29200/03302390,统计年报-分区调查土地面积、人口及人口密度,社会发展,深圳市统计局,有数据更新时,36,,910,1155,44,无条件开放,主动开放,,,,,2023-11-27 15:52:27.649,2023-12-01 09:54
29200/03302391,统计年报-各时期国民经济和社会发展统计指标总量及年均增长速度,经济建设,深圳市统计局,有数据更新时,184,,89,1097,32,无条件开放,主动开放,,,,,2023-11-27 15:52:27.706,2023-12-01 09:53
29200/03302392,统计年报-主要年份国民经济主要指标比例关系,经济建设,深圳市统计局,有数据更新时,82,,19,676,32,无条件开放,主动开放,,,,,2023-11-27 15:52:27.762,2023-12-01 09:53
29200/03302393,统计年报-主要年份国民经济主要指标比例关系续表,经济建设,深圳市统计局,有数据更新时,91,,26,636,20,无条件开放,主动开放,,,,,2023-11-27 15:52:27.816,2023-12-01 09:52
29200/03302394,统计年报-主要年份国民经济和社会发展主要指标平均每人水平,经济建设,深圳市统计局,有数据更新时,79,,26,629,20,无条件开放,主动开放,,,,,2023-11-27 15:52:27.874,2023-12-01 09:52
29200/03302395,统计年报-主要年份国民经济和社会发展主要指标平均每天水平,经济建设,深圳市统计局,有数据更新时,82,,32,700,32,无条件开放,主动开放,,,,,2023-11-27 15:52:27.933,2023-12-01 09:52
29200/03302396,统计年报-企业登记发展情况,经济建设,深圳市统计局,有数据更新时,130,,62,672,32,无条件开放,主动开放,,,,,2023-11-27 15:52:27.99,2023-12-01 09:51
29200/03302397,统计年报-“企业一套表”年报分区分行业调查单位,经济建设,深圳市统计局,有数据更新时,36,,38,743,32,无条件开放,主动开放,,,,,2023-11-27 15:52:28.0,2023-12-01 09:51
29200/03302398,统计年报-规模以上服务业企业分行业主要财务指标,经济建设,深圳市统计局,有数据更新时,33,,57,682,20,无条件开放,主动开放,,,,,2023-11-27 15:52:28.106,2023-12-01 09:50
29200/03302400,深圳市统计局统计年鉴国民经济核算主要指标,政府机构,深圳市统计局,有数据更新时,46,,90,913,26,无条件开放,主动开放,,,,,2025-02-07 14:45:02.43,2025-02-07 06:45
29200/03302401,深圳市统计局统计年鉴地区生产总值,政府机构,深圳市统计局,有数据更新时,87,,145,813,20,无条件开放,主动开放,,,,,2025-01-14 18:04:52.555,2025-01-14 10:04
29200/03302402,深圳市统计局统计年鉴地区生产总值三次产业构成,政府机构,深圳市统计局,有数据更新时,87,,14,369,20,无条件开放,主动开放,,,,,2025-01-14 18:11:40.429,2025-01-14 10:11
29200/03302403,深圳市统计局统计年鉴地区生产总值指数,政府机构,深圳市统计局,有数据更新时,87,,17,584,20,无条件开放,主动开放,,,,,2025-01-14 18:14:02.005,2025-01-14 10:14
29200/03302404,深圳市统计局统计年鉴地区生产总值指数以上年为100,政府机构,深圳市统计局,有数据更新时,85,,17,445,12,无条件开放,主动开放,,,,,2025-01-14 18:14:56.849,2025-01-14 10:14
29200/03302405,深圳市统计局统计年鉴三次产业贡献率,政府机构,深圳市统计局,有数据更新时,85,,9,494,20,无条件开放,主动开放,,,,,2025-01-14 18:16:06.17,2025-01-14 10:16
29200/03302406,深圳市统计局统计年鉴三次产业拉动力,政府机构,深圳市统计局,有数据更新时,85,,20,60,8,无条件开放,主动开放,,,,,2025-01-14 18:17:03.809,2025-01-14 10:17
29200/03302407,深圳市统计局统计年鉴各行业增加值,政府机构,深圳市统计局,有数据更新时,44,,42,751,20,无条件开放,主动开放,,,,,2025-01-14 18:20:38.307,2025-01-14 10:20
29200/03302408,深圳市统计局统计年鉴各行业增加值比重,政府机构,深圳市统计局,有数据更新时,44,,10,601,20,无条件开放,主动开放,,,,,2025-01-14 18:19:54.316,2025-01-14 10:19
29200/03302409,深圳市统计局统计年鉴各行业增加值增长率,政府机构,深圳市统计局,有数据更新时,44,,78,755,20,无条件开放,主动开放,,,,,2025-01-14 18:20:57.566,2025-01-14 10:20
29200/03302410,深圳市统计局统计年鉴各区地区生产总值,政府机构,深圳市统计局,有数据更新时,51,,2,324,8,无条件开放,主动开放,,,,,2025-12-30 09:32:52.0,2026-07-14 07:17
29200/03302411,深圳市统计局统计年鉴各区地区生产总值指数,政府机构,深圳市统计局,有数据更新时,49,,2,76,8,无条件开放,主动开放,,,,,2025-12-30 09:37:57.0,2026-07-14 07:18
29200/03302412,深圳市统计局统计年鉴各区分行业增加值,政府机构,深圳市统计局,有数据更新时,28,,9,243,8,无条件开放,主动开放,,,,,2026-07-14 15:19:21.897,2026-07-14 07:19
29200/03302413,深圳市统计局统计年鉴各区分行业增加值增长率,政府机构,深圳市统计局,有数据更新时,28,,3,308,8,无条件开放,主动开放,,,,,2025-12-30 09:48:08.0,2026-07-14 07:19
29200/03302414,深圳市统计局统计年鉴战略新兴产业发展情况,政府机构,深圳市统计局,有数据更新时,56,,5,80,8,无条件开放,主动开放,,,,,2025-12-30 09:52:08.0,2026-07-14 07:20
29200/03302415,深圳市统计局统计年鉴人口及就业人员主要指标,政府机构,深圳市统计局,有数据更新时,32,,10,257,10,无条件开放,主动开放,,,,,2025-12-30 09:58:51.0,2026-07-14 07:20
29200/03302417,深圳市统计局统计年鉴人口指数,政府机构,深圳市统计局,有数据更新时,91,,16,275,8,无条件开放,主动开放,,,,,2025-12-30 10:10:57.0,2026-07-14 07:21
29200/03302418,深圳市统计局统计年鉴各区年末常住人口数,政府机构,深圳市统计局,有数据更新时,26,,30,317,8,无条件开放,主动开放,,,,,2025-12-30 10:18:05.0,2026-07-15 06:35
29200/03302419,深圳市统计局统计年鉴年末就业人员人数及指数,政府机构,深圳市统计局,有数据更新时,91,,9,241,8,无条件开放,主动开放,,,,,2025-12-30 10:25:55.0,2026-07-14 07:23
29200/03302421,深圳市统计局统计年鉴人口出生死亡及自然增长,政府机构,深圳市统计局,有数据更新时,91,,52,743,8,无条件开放,主动开放,,,,,2026-07-14 15:21:02.518,2026-07-14 07:21
29200/03400788,法律援助机构基本信息,社会发展,深圳市司法局,有数据更新时,15,,236,10265,72,无条件开放,主动开放,,,,,2017-07-12 14:26:09.0,2026-08-25 10:36
29200/03400989,社区矫正中心,经济建设,深圳市司法局,有数据更新时,10,,171,4570,62,无条件开放,主动开放,,,,,2017-12-13 04:39:32.0,2026-08-25 10:37
29200/03403535,公共法律服务中心咨询统计,政府机构,深圳市司法局,半年,84,,214,14814,55,无条件开放,主动开放,,,,,2018-12-26 17:22:45.0,2026-08-25 10:35
29200/03403565,深圳市社区矫正延伸管教警察派驻,政府机构,深圳市司法局,有数据更新时,20,,45,3045,36,无条件开放,主动开放,,,,,2019-12-20 14:01:59.0,2026-08-25 10:36
29200/03403567,深圳市司法局新闻宣传工作情况,政府机构,深圳市司法局,有数据更新时,43,,57,3973,54,无条件开放,主动开放,,,,,2019-12-20 14:02:41.0,2026-08-25 10:35
29200/03403570,市司法局-行政处罚信息,政府机构,深圳市司法局,有数据更新时,12,,376,10677,2818,无条件开放,主动开放,,,,,2019-12-20 14:05:47.0,2019-12-20 09:04
29200/03403573,深圳市社区矫正远程会见地址,政府机构,深圳市司法局,有数据更新时,10,,22,2935,34,无条件开放,主动开放,,,,,2020-04-30 15:17:12.0,2026-08-25 10:35
29200/03403587,深圳市司法局-法律援助处受理案件情况,政府机构,深圳市司法局,按季,16,,22,4771,20,无条件开放,主动开放,,,,,2022-12-04 17:16:51.0,2026-08-25 10:34
29200/03403588,深圳市司法局-法律援助处办结案件情况,政府机构,深圳市司法局,按季,16,,25,5770,20,无条件开放,主动开放,,,,,2022-12-04 17:18:41.0,2026-08-25 10:34
29200/03500441,深圳市区残联信息,社会发展,深圳市残疾人联合会,有数据更新时,19,,165,10568,79,无条件开放,主动开放,,,,,2016-12-05 18:20:23.0,2026-08-25 10:05
29200/03500999,辅具适配借用维修,社会发展,深圳市残疾人联合会,有数据更新时,3,,134,17809,62,无条件开放,主动开放,,,,,2017-12-13 23:14:39.0,2023-08-02 01:29
29200/03501000,深圳市残疾人就业指导中心,经济建设,深圳市残疾人联合会,有数据更新时,10,,243,17064,64,无条件开放,主动开放,,,,,2017-12-13 23:16:47.0,2026-05-14 08:30
29200/03501001,深圳市街道综合（职业）康复服务中心（阳光家园）,经济建设,深圳市残疾人联合会,有数据更新时,240,,181,18654,79,无条件开放,主动开放,,,,,2017-12-13 23:19:07.0,2026-08-25 10:07
29200/03501002,各区、街道康复中心目录,经济建设,深圳市残疾人联合会,有数据更新时,37,,174,18234,60,无条件开放,主动开放,,,,,2017-12-13 23:24:18.0,2026-08-25 10:06
29200/03501003,深圳市残疾儿童康复服务定点机构信息,卫生健康,深圳市残疾人联合会,有数据更新时,1154,,297,16958,93,无条件开放,主动开放,,,,,2017-12-13 23:27:30.0,2026-08-25 10:09
29200/03501004,残疾人学习驾驶汽车报名点,教育科技,深圳市残疾人联合会,有数据更新时,34,,157,15984,78,无条件开放,主动开放,,,,,2017-12-13 23:29:27.0,2026-08-25 10:11
29200/03501005,深圳市残疾人社会组织,经济建设,深圳市残疾人联合会,有数据更新时,17,,174,10908,71,无条件开放,主动开放,,,,,2017-12-13 23:32:14.0,2026-08-25 10:10
29200/03501006,深圳市残疾人专门协会,经济建设,深圳市残疾人联合会,有数据更新时,6,,154,9786,70,无条件开放,主动开放,,,,,2017-12-13 23:34:09.0,2026-08-25 10:05
29200/03501007,深圳市全民助残健身工程示范点,经济建设,深圳市残疾人联合会,有数据更新时,11,,123,6494,63,无条件开放,主动开放,,,,,2017-12-13 23:36:24.0,2026-08-25 10:06
29200/03501008,市残联-深圳市盲人按摩室,卫生健康,深圳市残疾人联合会,有数据更新时,41,,25,2022,20,无条件开放,主动开放,,,,,2024-05-31 17:12:25.521,2026-08-25 10:05
29200/03700714,盐田区-职业学校一览表,教育科技,盐田区人民政府,有数据更新时,10,,237,7127,66,无条件开放,主动开放,,,,,2017-04-21 17:50:17.0,2026-09-08 07:35
29200/03700715,盐田区-医院基本信息,卫生健康,盐田区人民政府,有数据更新时,7,,220,14460,112,无条件开放,主动开放,,,,,2017-04-21 17:56:11.0,2026-09-08 03:11
29200/03700728,盐田区-供电营业厅,企业服务,盐田区人民政府,有数据更新时,6,,141,14750,61,无条件开放,主动开放,,,,,2017-04-28 15:20:32.0,2026-09-08 02:28
29200/03700729,盐田区-物业管理公司情况表,企业服务,盐田区人民政府,有数据更新时,140,,163,11360,65,无条件开放,主动开放,,,,,2017-04-29 15:21:54.0,2026-09-08 06:47
29200/03700730,盐田区-药店信息,卫生健康,盐田区人民政府,有数据更新时,128,,141,11966,74,无条件开放,主动开放,,,,,2017-04-28 15:23:44.0,2026-09-08 03:55
29200/03700731,盐田区-银行业金融机构一览表,财税金融,盐田区人民政府,有数据更新时,61,,219,11501,70,无条件开放,主动开放,,,,,2017-04-28 15:25:00.0,2026-09-08 02:32
29200/03700732,盐田区-邮政服务营业网点,企业服务,盐田区人民政府,有数据更新时,22,,78,9650,60,无条件开放,主动开放,,,,,2017-04-28 15:27:02.0,2026-09-08 06:58
29200/03700736,盐田区-统计报告-劳动保障,经济建设,盐田区人民政府,有数据更新时,918,,45,4448,48,无条件开放,主动开放,,,,,2019-10-21 11:42:02.0,2026-09-08 06:26
29200/03700737,盐田区-统计报告-民政事业,经济建设,盐田区人民政府,有数据更新时,1424,,38,5529,166,无条件开放,主动开放,,,,,2019-10-21 11:42:27.0,2026-09-08 06:36
29200/03700738,盐田区-统计报告-社会治安及安全监督,经济建设,盐田区人民政府,有数据更新时,1505,,65,6588,34,无条件开放,主动开放,,,,,2019-10-21 11:43:25.0,2026-09-08 06:57
29200/03700739,盐田区-统计报告-检察工作,经济建设,盐田区人民政府,有数据更新时,1508,,26,4898,54,无条件开放,主动开放,,,,,2019-10-21 11:48:33.0,2026-09-08 03:49
29200/03700740,盐田区-统计报告-法院工作,经济建设,盐田区人民政府,有数据更新时,768,,35,3995,36,无条件开放,主动开放,,,,,2019-10-21 11:49:23.0,2026-09-08 06:58
29200/03700741,盐田区-统计报告-卫生工作,经济建设,盐田区人民政府,有数据更新时,485,,45,4353,38,无条件开放,主动开放,,,,,2019-10-21 11:49:56.0,2026-09-08 06:29
29200/03700742,盐田区-统计报告-环境监测及食品安全检测,经济建设,盐田区人民政府,有数据更新时,1148,,56,4306,54,无条件开放,主动开放,,,,,2019-10-21 11:51:04.0,2026-09-08 07:34
29200/03700743,盐田区-统计报告-政府采购,经济建设,盐田区人民政府,有数据更新时,260,,45,2140,46,无条件开放,主动开放,,,,,2019-10-21 11:51:20.0,2026-09-08 07:32
29200/03700744,盐田区-统计报告-建设工程,经济建设,盐田区人民政府,有数据更新时,764,,55,4527,126,无条件开放,主动开放,,,,,2019-10-21 11:51:47.0,2026-09-08 06:39
29200/03700745,盐田区-统计报告-交通运输,经济建设,盐田区人民政府,有数据更新时,499,,387,6648,81,无条件开放,主动开放,,,,,2019-10-21 11:52:09.0,2026-09-08 06:56
29200/03700746,盐田区-统计报告-财政支出,经济建设,盐田区人民政府,有数据更新时,245,,60,7578,20273,无条件开放,主动开放,,,,,2019-10-21 11:52:34.0,2026-09-08 07:36
29200/03700747,盐田区-统计报告-出租屋管理,经济建设,盐田区人民政府,有数据更新时,35,,67,2414,36,无条件开放,主动开放,,,,,2019-10-21 11:52:50.0,2026-09-08 03:27
29200/03700750,盐田区-楼栋编码地址,政府机构,盐田区人民政府,有数据更新时,6794,,116,9716,8234,无条件开放,主动开放,,,,,2019-10-21 11:53:49.0,2026-09-08 07:36
29200/03700751,盐田区-房屋编码地址,政府机构,盐田区人民政府,有数据更新时,150182,,141,14939,612869,无条件开放,主动开放,,,,,2019-10-21 11:54:06.0,2026-09-08 07:54
29200/03700752,盐田区-社会医疗机构一览表,卫生健康,盐田区人民政府,有数据更新时,144,,190,3775,44,无条件开放,主动开放,,,,,2019-10-21 11:54:22.0,2026-09-08 07:38
29200/03700753,盐田区-社区卫生服务机构一览表,卫生健康,盐田区人民政府,有数据更新时,30,,94,3624,44,无条件开放,主动开放,,,,,2019-10-21 11:54:38.0,2026-09-08 06:57
29200/03700754,盐田区-药店零售企业信息列表,卫生健康,盐田区人民政府,有数据更新时,148,,77,4225,30,无条件开放,主动开放,,,,,2019-10-21 11:54:59.0,2026-09-08 03:53
29200/03700755,盐田区-疫苗接种点一览表,卫生健康,盐田区人民政府,有数据更新时,20,,38,4003,44,无条件开放,主动开放,,,,,2019-10-21 11:55:17.0,2026-09-08 07:27
29200/03700756,盐田区-公办中小学办学情况数据,教育科技,盐田区人民政府,有数据更新时,32,,290,5561,84,无条件开放,主动开放,,,,,2019-10-21 11:55:34.0,2026-09-08 07:44
29200/03700757,盐田区-校外培训机构办学情况数据,教育科技,盐田区人民政府,有数据更新时,25,,151,6317,44,无条件开放,主动开放,,,,,2019-10-21 11:55:49.0,2026-09-08 07:28
29200/03700758,盐田区-幼儿园办学情况数据,教育科技,盐田区人民政府,有数据更新时,59,,160,5560,46,无条件开放,主动开放,,,,,2019-10-21 11:56:05.0,2026-09-08 06:27
29200/03700760,盐田区-股份合作公司概况数据,企业服务,盐田区人民政府,有数据更新时,38,,102,4621,36,无条件开放,主动开放,,,,,2019-10-21 11:56:46.0,2026-09-08 07:23
29200/03700761,盐田区-室外避难场所,公共安全,盐田区人民政府,有数据更新时,85,,61,3714,42,无条件开放,主动开放,,,,,2019-10-21 11:57:02.0,2026-09-08 07:40
29200/03700762,盐田区-仓库物资统计表,公共安全,盐田区人民政府,有数据更新时,821,,77,3391,64,无条件开放,主动开放,,,,,2019-10-21 11:57:21.0,2026-09-08 06:39
29200/03700763,盐田区-公园汇总表,生态文明,盐田区人民政府,有数据更新时,141,,221,3546,44,无条件开放,主动开放,,,,,2019-10-21 11:57:40.0,2026-09-08 06:25
29200/03700764,盐田区-市政及公园公厕公示信息表,政府机构,盐田区人民政府,有数据更新时,60,,65,2341,34,无条件开放,主动开放,,,,,2019-10-21 11:57:59.0,2026-09-08 03:48
29200/03700765,盐田区-有效国家高新技术企业名单,"企业服务,教育科技",盐田区人民政府,有数据更新时,100,,275,4931,38,无条件开放,主动开放,,,,,2019-10-21 11:58:16.0,2026-09-08 06:51
29200/03700766,盐田区-开办停车场数据,交通运输,盐田区人民政府,有数据更新时,181,,452,4981,157,无条件开放,主动开放,,,,,2019-11-27 15:27:37.0,2026-09-08 07:45
29200/03700767,盐田区-高新技术企业认定数据,企业服务,盐田区人民政府,有数据更新时,114,,126,10615,36,无条件开放,主动开放,,,,,2019-11-27 15:27:55.0,2026-09-08 02:31
29200/03700768,盐田区-宾馆酒店数据,文体休闲,盐田区人民政府,有数据更新时,14,,160,10998,36,无条件开放,主动开放,,,,,2019-11-27 15:28:22.0,2026-09-08 06:42
29200/03700769,盐田区-加油站名单,社会发展,盐田区人民政府,有数据更新时,6,,65,7478,36,无条件开放,主动开放,,,,,2019-11-27 15:28:41.0,2026-09-08 07:00
29200/03700770,盐田区-统计年报-母婴室建设项目,社会发展,盐田区人民政府,有数据更新时,8,,51,10109,36,无条件开放,主动开放,,,,,2019-11-27 15:28:56.0,2026-09-08 06:51
29200/03700772,盐田区-自来水供水量,社会发展,盐田区人民政府,有数据更新时,22,,61,3329,30,无条件开放,主动开放,,,,,2019-11-27 15:29:28.0,2026-09-08 03:54
29200/03700773,盐田区-国内规模以上港口集装箱吞吐量,"经济建设,财税金融",盐田区人民政府,有数据更新时,686,,295,5619,56,无条件开放,主动开放,,,,,2019-11-27 15:29:42.0,2026-09-08 06:59
29200/03700774,盐田区-规模以上服务业（交通运输仓储业）,"经济建设,财税金融",盐田区人民政府,有数据更新时,747,,151,6464,76,无条件开放,主动开放,,,,,2019-11-27 15:30:00.0,2026-09-08 03:50
29200/03700775,盐田区-规模以上服务业（其他服务业）,"经济建设,财税金融",盐田区人民政府,有数据更新时,652,,102,5440,54,无条件开放,主动开放,,,,,2019-11-27 15:30:14.0,2026-09-08 06:26
29200/03700776,盐田区-商业、旅游,"文体休闲,财税金融",盐田区人民政府,有数据更新时,1056,,560,11061,76,无条件开放,主动开放,,,,,2019-11-27 15:30:32.0,2026-09-08 06:20
29200/03700779,盐田区-工业生产,"社会发展,经济建设",盐田区人民政府,有数据更新时,862,,74,4937,98,无条件开放,主动开放,,,,,2019-12-04 18:32:38.0,2026-09-08 07:36
29200/03700780,盐田区-本区生产总值,"社会发展,经济建设",盐田区人民政府,有数据更新时,481,,82,5278,72,无条件开放,主动开放,,,,,2019-12-04 18:33:20.0,2026-09-08 06:18
29200/03700781,盐田区-主要经济指标,"社会发展,经济建设",盐田区人民政府,有数据更新时,1290,,128,4621,74,无条件开放,主动开放,,,,,2019-12-04 18:34:24.0,2026-09-08 06:41
29200/03700782,盐田区-活动信息（室外）,文体休闲,盐田区人民政府,有数据更新时,756,,83,4134,230,无条件开放,主动开放,,,,,2020-04-20 15:56:47.0,2026-09-08 06:34
29200/03700783,盐田区-施工信息,经济建设,盐田区人民政府,有数据更新时,290,,54,3314,35,无条件开放,主动开放,,,,,2020-04-20 15:57:17.0,2026-09-08 06:39
29200/03700784,盐田区-公共建筑信息,社会发展,盐田区人民政府,有数据更新时,16,,95,3585,83,无条件开放,主动开放,,,,,2020-04-20 15:57:55.0,2026-09-08 03:23
29200/03700785,盐田区-建筑所在地气候数据,生态文明,盐田区人民政府,有数据更新时,118717,,61,4539,302,无条件开放,主动开放,,,,,2020-04-20 15:58:28.0,2026-09-08 03:22
29200/03700786,盐田区-垃圾分类-前端分类小区每天垃圾量明细,卫生健康,盐田区人民政府,有数据更新时,272441,,175,5198,135163,无条件开放,主动开放,,,,,2020-04-20 15:59:04.0,2026-09-08 07:56
29200/03700787,盐田区-垃圾分类-后端垃圾类型,卫生健康,盐田区人民政府,有数据更新时,21,,82,4042,35,无条件开放,主动开放,,,,,2020-04-20 15:59:25.0,2026-09-08 07:43
29200/03700788,盐田区-垃圾分类-后端地磅计量,卫生健康,盐田区人民政府,有数据更新时,53925,,72,4759,24826,无条件开放,主动开放,,,,,2020-04-20 15:59:43.0,2026-09-08 07:40
29200/03700789,盐田区-垃圾分类-前端分类小区,卫生健康,盐田区人民政府,有数据更新时,402,,89,3039,29,无条件开放,主动开放,,,,,2020-04-20 16:00:13.0,2026-09-08 07:33
29200/03700790,盐田区-垃圾分类-小区楼栋人口数,卫生健康,盐田区人民政府,有数据更新时,7546,,267,4085,2227,无条件开放,主动开放,,,,,2020-05-12 15:58:08.0,2026-09-08 07:00
29200/03700791,盐田区-垃圾分类-小区用水量数据,卫生健康,盐田区人民政府,有数据更新时,476770,,166,59791,1918828,无条件开放,主动开放,,,,,2020-05-12 15:58:35.0,2026-09-08 06:17
29200/03700792,盐田区-垃圾分类-灰桶数统计,卫生健康,盐田区人民政府,有数据更新时,730,,31,1525,35,无条件开放,主动开放,,,,,2020-05-13 17:40:39.0,2026-09-08 06:33
29200/03700793,盐田区-垃圾分类-垃圾中转站灰桶垃圾清理量,卫生健康,盐田区人民政府,有数据更新时,1360,,64,1591,44,无条件开放,主动开放,,,,,2020-05-13 17:41:17.0,2026-09-08 07:57
29200/03700794,盐田区-基金会信息,社会发展,盐田区人民政府,有数据更新时,30,,13,2005,34,无条件开放,主动开放,,,,,2020-05-22 16:58:50.0,2026-09-08 03:31
29200/03700795,盐田区-体育彩票专卖店、网点,文体休闲,盐田区人民政府,有数据更新时,25,,18,6887,28,无条件开放,主动开放,,,,,2020-05-22 16:59:07.0,2026-09-08 06:20
29200/03700796,盐田区-自助图书馆一览表,文体休闲,盐田区人民政府,有数据更新时,390,,24,2033,40,无条件开放,主动开放,,,,,2020-05-22 16:59:22.0,2026-09-08 07:01
29200/03700797,盐田区-公共文体设施,文体休闲,盐田区人民政府,有数据更新时,97,,97,8896,34,无条件开放,主动开放,,,,,2020-05-22 16:59:37.0,2026-09-08 07:55
29200/03700798,盐田区-旅行社信息数据,文体休闲,盐田区人民政府,有数据更新时,160,,78,3134,47,无条件开放,主动开放,,,,,2020-05-22 16:59:49.0,2026-09-08 06:29
29200/03700799,盐田区-文明微行动开放数据,生态文明,盐田区人民政府,有数据更新时,53,,15,977,28,无条件开放,主动开放,,,,,2020-05-22 17:00:02.0,2026-09-08 03:51
29200/03700802,盐田区-社康中心,卫生健康,盐田区人民政府,有数据更新时,13,,32,2801,28,无条件开放,主动开放,,,,,2020-05-22 17:00:44.0,2026-09-08 02:32
29200/03700803,盐田区-计划生育药具免费发放点,卫生健康,盐田区人民政府,有数据更新时,107,,8,2032,28,无条件开放,主动开放,,,,,2020-05-22 17:00:56.0,2026-09-08 06:12
29200/03700804,盐田区-体育馆,文体休闲,盐田区人民政府,有数据更新时,8,,71,1924,28,无条件开放,主动开放,,,,,2020-05-22 17:01:09.0,2026-09-08 03:49
29200/03700805,盐田区-户外急救箱设置点,卫生健康,盐田区人民政府,有数据更新时,54,,10,1425,28,无条件开放,主动开放,,,,,2020-05-22 17:01:20.0,2026-09-08 03:12
29200/03700806,盐田区-绿道,文体休闲,盐田区人民政府,有数据更新时,80,,98,2459,28,无条件开放,主动开放,,,,,2020-05-22 17:01:34.0,2026-09-08 07:42
29200/03700807,盐田区-瓶装气站点,公共安全,盐田区人民政府,有数据更新时,8,,12,6883,34,无条件开放,主动开放,,,,,2020-05-22 17:01:48.0,2026-09-08 07:56
29200/03700808,盐田区-法律援助案件统计表,政府机构,盐田区人民政府,有数据更新时,22,,25,4689,28,无条件开放,主动开放,,,,,2020-05-22 17:02:02.0,2026-09-08 06:56
29200/03700809,盐田区-公共场所直饮水点位,文体休闲,盐田区人民政府,有数据更新时,22,,28,3519,28,无条件开放,主动开放,,,,,2020-05-22 17:02:16.0,2026-09-08 07:57
29200/03700810,盐田区-养犬登记许可信息,卫生健康,盐田区人民政府,有数据更新时,1049,,20,3869,69,无条件开放,主动开放,,,,,2020-05-22 17:02:29.0,2026-09-08 07:37
29200/03700811,盐田区-城市排水许可信息,生态文明,盐田区人民政府,有数据更新时,900,,21,3665,74,无条件开放,主动开放,,,,,2020-05-22 17:02:43.0,2026-09-08 06:18
29200/03700812,盐田区-医疗机构许可信息,卫生健康,盐田区人民政府,有数据更新时,48,,50,5343,34,无条件开放,主动开放,,,,,2020-05-22 17:02:56.0,2026-09-08 07:44
29200/03700813,盐田区-建筑施工噪声排放许可,生态文明,盐田区人民政府,有数据更新时,202,,19,5954,29,无条件开放,主动开放,,,,,2020-05-22 17:03:18.0,2026-09-08 06:13
29200/03700814,盐田区-实行不定时工作制审批许可,社会发展,盐田区人民政府,有数据更新时,294,,27,8681,51,无条件开放,主动开放,,,,,2020-05-22 17:04:18.0,2026-09-08 07:34
29200/03700815,盐田区-城市管理和综合执法局行政许可信息,社会发展,盐田区人民政府,有数据更新时,946,,9,3746,71,无条件开放,主动开放,,,,,2020-05-22 17:04:32.0,2026-09-08 07:58
29200/03700816,盐田区-教育局行政许可信息,教育科技,盐田区人民政府,有数据更新时,682,,90,5732,51,无条件开放,主动开放,,,,,2020-05-22 17:04:44.0,2026-09-08 02:37
29200/03700817,盐田区-大小梅沙景区气象,生态文明,盐田区人民政府,有数据更新时,4216,,66,4816,496,无条件开放,主动开放,,,,,2020-05-22 17:04:59.0,2026-09-08 06:51
29200/03700818,盐田区-东部华侨城景区气象,生态文明,盐田区人民政府,有数据更新时,7227,,45,4298,374,无条件开放,主动开放,,,,,2020-05-22 17:05:14.0,2026-09-08 07:35
29200/03700819,盐田区-百姓游泳池信息,文体休闲,盐田区人民政府,有数据更新时,4162,,39,11335,125,无条件开放,主动开放,,,,,2020-05-22 17:05:26.0,2026-09-08 02:32
29200/03700820,盐田区-中标公示,政府机构,盐田区人民政府,有数据更新时,820,,30,3821,105,无条件开放,主动开放,,,,,2020-05-22 17:05:39.0,2026-09-08 07:56
29200/03700821,盐田区-各级行政服务大厅地址,政府机构,盐田区人民政府,有数据更新时,9,,12,2297,36,无条件开放,主动开放,,,,,2020-05-22 17:05:51.0,2026-09-08 06:14
29200/03700822,盐田区-各党群服务中心,政府机构,盐田区人民政府,有数据更新时,19,,51,2552,42,无条件开放,主动开放,,,,,2020-05-22 17:06:05.0,2026-09-08 07:43
29200/03700823,盐田区-劳务派遣机构名单,社会发展,盐田区人民政府,有数据更新时,88,,22,2308,28,无条件开放,主动开放,,,,,2020-05-22 17:06:19.0,2026-09-08 03:53
29200/03700824,盐田区-图书馆-电子资源,文体休闲,盐田区人民政府,有数据更新时,24,,24,1361,29,无条件开放,主动开放,,,,,2020-11-04 14:27:03.0,2026-09-08 03:31
29200/03700825,盐田区-图书馆-盐田区共享工程服务点,文体休闲,盐田区人民政府,有数据更新时,22,,15,4229,29,无条件开放,主动开放,,,,,2020-11-04 14:27:56.0,2026-09-08 03:48
29200/03700826,盐田区-图书馆-总馆及街道分馆,文体休闲,盐田区人民政府,有数据更新时,8,,88,11007,29,无条件开放,主动开放,,,,,2020-11-04 14:28:39.0,2026-09-08 06:35
29200/03700827,盐田区-图书馆-智慧书房,文体休闲,盐田区人民政府,有数据更新时,10,,24,1019,31,无条件开放,主动开放,,,,,2020-11-04 14:29:25.0,2026-09-08 03:40
29200/03700828,盐田区-图书馆-社区图书馆,文体休闲,盐田区人民政府,有数据更新时,19,,26,1345,45,无条件开放,主动开放,,,,,2020-11-04 14:30:38.0,2026-09-08 07:41
29200/03700829,盐田区-图书馆-智慧服务点,文体休闲,盐田区人民政府,有数据更新时,12,,24,4173,29,无条件开放,主动开放,,,,,2020-11-04 14:31:12.0,2026-09-08 06:23
29200/03700830,盐田区-图书馆-图书流动站,文体休闲,盐田区人民政府,有数据更新时,24,,16,1161,29,无条件开放,主动开放,,,,,2020-11-04 14:31:50.0,2026-09-08 07:41
29200/03700831,盐田区-公办中小学,教育科技,盐田区人民政府,有数据更新时,32,,133,2554,56,无条件开放,主动开放,,,,,2020-11-04 14:32:46.0,2026-09-08 07:40
29200/03700832,盐田区-校外培训机构,教育科技,盐田区人民政府,有数据更新时,25,,74,2819,43,无条件开放,主动开放,,,,,2020-11-04 14:33:32.0,2026-09-08 06:17
29200/03700833,盐田区-幼儿园,教育科技,盐田区人民政府,有数据更新时,59,,105,2908,49,无条件开放,主动开放,,,,,2020-11-04 14:34:20.0,2026-09-08 06:35
29200/03700835,盐田区-图书馆-哲学借阅排行榜,文体休闲,盐田区人民政府,有数据更新时,40,,36,2452,29,无条件开放,主动开放,,,,,2020-11-05 17:41:39.0,2026-09-08 06:20
29200/03700836,盐田区-统计年报-旅游,文体休闲,盐田区人民政府,有数据更新时,207,,285,3550,3676,无条件开放,主动开放,,,,,2020-11-05 17:44:13.0,2026-09-08 03:39
29200/03700837,盐田区-图书馆-图书馆办证指南,文体休闲,盐田区人民政府,有数据更新时,27,,8,2113,34,无条件开放,主动开放,,,,,2020-11-16 16:07:02.0,2026-09-08 03:52
29200/03700838,盐田区-社区养老服务机构信息,文体休闲,盐田区人民政府,按年,55,,38,1289,20,无条件开放,主动开放,,,,,2021-12-07 09:29:15.0,2026-09-08 03:44
29200/03700839,盐田区-展厅信息,文体休闲,盐田区人民政府,按年,13,,16,918,28,无条件开放,主动开放,,,,,2021-12-07 09:52:01.0,2026-09-08 03:06
29200/03700840,盐田区-河道数据,生态文明,盐田区人民政府,按年,15,,38,883,24,无条件开放,主动开放,,,,,2021-12-07 09:58:10.0,2026-09-08 02:36
29200/03700841,盐田区-压缩箱数据,社会发展,盐田区人民政府,按年,862,,50,881,392,无条件开放,主动开放,,,,,2021-12-07 15:18:13.0,2026-09-08 02:34
29200/03700842,盐田区-垃圾分类小区投放点,社会发展,盐田区人民政府,按年,512,,109,1100,77,无条件开放,主动开放,,,,,2021-12-07 15:22:28.0,2026-09-08 02:37
29200/03700843,盐田区-户外广告基本信息,社会发展,盐田区人民政府,按年,397,,65,825,81,无条件开放,主动开放,,,,,2021-12-07 15:26:04.0,2026-09-08 02:23
29200/03700844,盐田区-报刊亭基本信息,社会发展,盐田区人民政府,按年,38,,11,889,18,无条件开放,主动开放,,,,,2021-12-07 15:29:00.0,2026-09-08 03:09
29200/03700845,盐田区-公交站点信息表,社会发展,盐田区人民政府,按年,8,,81,2322,18,无条件开放,主动开放,,,,,2021-12-07 15:30:34.0,2026-09-08 02:32
29200/03700846,盐田区-就业创业公共服务机构一览,社会发展,盐田区人民政府,按年,5,,21,2177,18,无条件开放,主动开放,,,,,2021-12-07 15:39:05.0,2026-09-08 06:13
29200/03700847,盐田区-人力资源服务机构名单,劳动人事,盐田区人民政府,按年,14,,19,1271,18,无条件开放,主动开放,,,,,2021-12-07 15:42:48.0,2026-09-08 03:51
29200/03700848,盐田区-长者饭堂名册,文体休闲,盐田区人民政府,按年,7,,11,1343,18,无条件开放,主动开放,,,,,2021-12-07 15:55:22.0,2026-09-08 03:43
29200/03700849,盐田区-城市管理-充电桩,政府机构,盐田区人民政府,按年,270,,584,1431,3561,无条件开放,主动开放,,,,,2021-12-07 15:59:22.0,2026-09-08 03:54
29200/03700850,盐田区-城市管理-污水井盖,政府机构,盐田区人民政府,按年,13239,,65,2055,8429,无条件开放,主动开放,,,,,2021-12-07 16:01:53.0,2026-09-08 03:07
29200/03700851,盐田区-城市管理-自动售货机,政府机构,盐田区人民政府,按年,62,,16,2325,230,无条件开放,主动开放,,,,,2021-12-07 16:10:02.0,2026-09-08 03:46
29200/03700852,盐田区-城市管理-护树设施,政府机构,盐田区人民政府,按年,4236,,11,3746,250,无条件开放,主动开放,,,,,2021-12-07 16:13:44.0,2026-09-08 03:36
29200/03700853,盐田区-城市管理-提款机,政府机构,盐田区人民政府,按年,32,,74,2147,199,无条件开放,主动开放,,,,,2021-12-07 16:16:16.0,2026-09-08 03:37
29200/03700854,盐田区-城市管理-噪声显示屏,生态文明,盐田区人民政府,按年,5,,35,2076,170,无条件开放,主动开放,,,,,2021-12-07 16:18:58.0,2026-09-08 03:22
29200/03700855,盐田区-城市管理-路灯,交通运输,盐田区人民政府,按年,67600,,154,5662,878,无条件开放,主动开放,,,,,2021-12-07 16:20:59.0,2026-09-08 03:28
29200/03700856,盐田区-年鉴-常驻人口,政府机构,盐田区人民政府,按年,5,,156,1005,18,无条件开放,主动开放,,,,,2021-12-07 16:24:23.0,2026-09-08 03:39
29200/03700857,盐田区-辖区面积,政府机构,盐田区人民政府,按年,5,,21,827,18,无条件开放,主动开放,,,,,2021-12-07 16:36:51.0,2026-09-08 03:33
29200/03700858,盐田区-街道办事处,政府机构,盐田区人民政府,按年,5,,44,1099,20,无条件开放,主动开放,,,,,2021-12-07 16:42:32.0,2026-09-08 03:19
29200/03700859,盐田区-旅游景区,政府机构,盐田区人民政府,按年,6,,99,1989,32,无条件开放,主动开放,,,,,2021-12-07 16:48:32.0,2026-09-08 03:40
29200/03700860,盐田区-文化场馆信息表,社会发展,盐田区人民政府,按年,6,,23,7470,18,无条件开放,主动开放,,,,,2021-12-07 16:53:44.0,2026-09-08 03:56
29200/03700861,盐田区-旅游客运企业信息,社会发展,盐田区人民政府,按年,5,,36,1549,18,无条件开放,主动开放,,,,,2021-12-07 16:58:50.0,2026-09-08 02:43
29200/03700863,盐田区-银行,政府机构,盐田区人民政府,按年,34,,42,5673,258,无条件开放,主动开放,,,,,2021-12-07 17:06:14.0,2026-09-08 02:28
29200/03700864,盐田区-汽车租赁企业信息,企业服务,盐田区人民政府,按年,108,,65,4267,166,无条件开放,主动开放,,,,,2021-12-07 17:17:16.0,2026-09-08 02:53
29200/03700865,盐田区-船舶企业信息,企业服务,盐田区人民政府,按年,46,,52,2291,18,无条件开放,主动开放,,,,,2021-12-07 17:20:11.0,2026-09-08 02:30
29200/03700866,盐田区-集装箱运输企业,企业服务,盐田区人民政府,按年,67,,64,2686,166,无条件开放,主动开放,,,,,2021-12-07 17:22:48.0,2026-09-08 03:42
29200/03700867,盐田区-水库蓄水量,生态文明,盐田区人民政府,按年,12,,12,827,22,无条件开放,主动开放,,,,,2021-12-07 17:24:25.0,2026-09-08 02:25
29200/03700868,盐田区-中转站信息,生态文明,盐田区人民政府,有数据更新时,21,,7,502,20,无条件开放,主动开放,,,,,2022-11-24 10:28:52.0,2026-09-08 07:44
29200/03700869,盐田区-收集点信息,生态文明,盐田区人民政府,有数据更新时,112,,3,318,20,无条件开放,主动开放,,,,,2022-08-19 10:37:03.0,2026-09-08 03:54
29200/03700870,盐田区-标段信息,生态文明,盐田区人民政府,有数据更新时,28,,2,413,20,无条件开放,主动开放,,,,,2022-08-19 10:39:35.0,2026-09-09 02:50
29200/03700871,盐田区-广告登记信息,生态文明,盐田区人民政府,有数据更新时,471,,3,381,20,无条件开放,主动开放,,,,,2022-08-19 10:42:04.0,2026-09-08 07:32
29200/03700872,盐田区-古树名木,生态文明,盐田区人民政府,有数据更新时,46,,29,491,20,无条件开放,主动开放,,,,,2022-08-19 10:44:34.0,2026-09-08 06:16
29200/03700873,盐田区-绿化样点,生态文明,盐田区人民政府,有数据更新时,270,,24,477,20,无条件开放,主动开放,,,,,2022-08-19 10:47:12.0,2026-09-08 02:31
29200/03700874,盐田区-建设用地许可证,政府机构,盐田区人民政府,有数据更新时,11,,10,1394,20,无条件开放,主动开放,,,,,2022-08-19 10:52:30.0,2026-09-08 07:40
29200/03700875,盐田区-街道妇联统计信息,政府机构,盐田区人民政府,有数据更新时,6,,10,674,22,无条件开放,主动开放,,,,,2022-08-19 10:55:21.0,2026-09-08 07:44
29200/03700879,盐田区-人力资源服务和民办职业培训备案机构名单,教育科技,盐田区人民政府,有数据更新时,14,,14,826,24,无条件开放,主动开放,,,,,2022-08-19 11:05:22.0,2026-09-08 07:55
29200/03700881,盐田区-城市排水许可审批公示信息,政府机构,盐田区人民政府,有数据更新时,957,,3,535,32,无条件开放,主动开放,,,,,2022-08-19 11:10:01.0,2026-09-08 06:26
29200/03700882,盐田区-社会保障事项清单,政府机构,盐田区人民政府,有数据更新时,12,,2,1308,20,无条件开放,主动开放,,,,,2022-08-19 11:12:45.0,2026-09-08 06:19
29200/03700883,盐田区-统计报告-民生档案,政府机构,盐田区人民政府,有数据更新时,81,,53,944,86,无条件开放,主动开放,,,,,2022-08-19 11:15:47.0,2026-09-08 07:38
29200/03700884,盐田区-统计报告-已开放档案,政府机构,盐田区人民政府,有数据更新时,38,,19,835,20,无条件开放,主动开放,,,,,2022-08-19 11:18:32.0,2026-09-08 07:56
29200/03700885,盐田区-企业职工书屋,政府机构,盐田区人民政府,有数据更新时,5,,3,1207,24,无条件开放,主动开放,,,,,2022-08-19 11:20:39.0,2026-09-08 06:34
29200/03700886,盐田区-地方总工会情况,政府机构,盐田区人民政府,有数据更新时,5,,25,858,22,无条件开放,主动开放,,,,,2022-08-19 11:22:45.0,2026-09-08 02:36
29200/03700888,盐田区-保障性住房基本信息,政府机构,盐田区人民政府,有数据更新时,22,,52,2053,22,无条件开放,主动开放,,,,,2022-08-19 11:45:14.0,2026-09-08 06:43
29200/03700890,盐田区-社会组织基本情况,文体休闲,盐田区人民政府,有数据更新时,250,,22,581,20,无条件开放,主动开放,,,,,2022-08-22 10:54:43.0,2026-09-08 06:59
29200/03700891,盐田区-活动信息表（活动预约、文化培训、志愿者）,文体休闲,盐田区人民政府,有数据更新时,22,,13,469,20,无条件开放,主动开放,,,,,2022-08-22 11:03:25.0,2026-09-08 06:15
29200/03700892,盐田区-社区学院教学及培训活动计划安排表（老年教育）,文体休闲,盐田区人民政府,有数据更新时,6,,28,806,20,无条件开放,主动开放,,,,,2022-08-22 11:06:08.0,2026-09-08 07:39
29200/03700893,盐田区-社区学院教学及培训活动计划安排表（青少年手工制作系列活动）,文体休闲,盐田区人民政府,有数据更新时,9,,14,860,20,无条件开放,主动开放,,,,,2022-08-22 11:09:04.0,2026-09-08 07:55
29200/03700894,盐田区-政协规章制度,政府机构,盐田区人民政府,有数据更新时,5,,4,341,20,无条件开放,主动开放,,,,,2022-08-22 11:11:15.0,2026-09-08 06:55
29200/03700895,盐田区-政协履职工作,政府机构,盐田区人民政府,有数据更新时,5,,5,447,20,无条件开放,主动开放,,,,,2022-08-22 11:13:32.0,2026-09-08 07:19
29200/03700896,盐田区-退役军人服务中心服务,政府机构,盐田区人民政府,有数据更新时,5,,6,775,22,无条件开放,主动开放,,,,,2022-08-22 11:15:47.0,2026-09-08 06:39
29200/03700898,盐田区-水库信息,生态文明,盐田区人民政府,有数据更新时,10,,16,1788,20,无条件开放,主动开放,,,,,2022-12-02 13:08:54.0,2026-09-08 06:44
29200/03700899,盐田区-水务局机构组织,政府机构,盐田区人民政府,有数据更新时,6,,4,792,20,无条件开放,主动开放,,,,,2022-12-03 14:59:17.0,2026-09-08 06:44
29200/03700900,盐田区-河流信息,生态文明,盐田区人民政府,有数据更新时,17,,17,681,20,无条件开放,主动开放,,,,,2022-12-03 15:01:39.0,2026-09-08 06:32
29200/03700901,盐田区-城市供水量,生态文明,盐田区人民政府,有数据更新时,5,,15,2238,20,无条件开放,主动开放,,,,,2022-12-03 15:03:16.0,2026-09-08 06:55
29200/03700902,盐田区-城市污水集中处理率,生态文明,盐田区人民政府,有数据更新时,5,,11,1729,20,无条件开放,主动开放,,,,,2022-12-03 15:05:09.0,2026-09-08 06:33
29200/03700903,盐田区-集体物业信息,经济建设,盐田区人民政府,有数据更新时,2670,,10,456,86,无条件开放,主动开放,,,,,2022-12-03 15:09:46.0,2026-09-08 06:43
29200/03700905,盐田区-志愿服务U站,社会发展,盐田区人民政府,有数据更新时,9,,5,858,20,无条件开放,主动开放,,,,,2023-09-06 11:28:51.0,2026-09-08 07:42
29200/03700906,盐田区-青年之家分布点,社会发展,盐田区人民政府,有数据更新时,5,,1,350,20,无条件开放,主动开放,,,,,2023-09-06 11:28:51.0,2026-09-08 06:58
29200/03700907,盐田区-区妇儿之家服务信息,社会发展,盐田区人民政府,有数据更新时,10,,0,461,20,无条件开放,主动开放,,,,,2023-09-06 11:28:51.0,2026-09-08 06:51
29200/03700908,盐田区-儿童友好基地信息,社会发展,盐田区人民政府,有数据更新时,21,,5,422,20,无条件开放,主动开放,,,,,2023-09-06 11:28:51.0,2026-09-08 06:13
29200/03700909,盐田区-社区妇联信息,社会发展,盐田区人民政府,有数据更新时,19,,3,947,20,无条件开放,主动开放,,,,,2023-09-06 11:28:51.0,2026-09-08 07:39
29200/03700910,盐田区-妇女儿童之家信息,社会发展,盐田区人民政府,有数据更新时,20,,5,478,20,无条件开放,主动开放,,,,,2023-09-06 11:28:51.0,2026-09-08 02:28
29200/03700911,盐田区-社区家长学校信息,社会发展,盐田区人民政府,有数据更新时,19,,7,557,20,无条件开放,主动开放,,,,,2023-09-06 11:28:51.0,2026-09-08 07:38
29200/03700913,盐田区-各街道群众诉求服务大厅地址信息,政府机构,盐田区人民政府,有数据更新时,6,,2,358,20,无条件开放,主动开放,,,,,2023-09-06 11:28:52.0,2026-09-08 03:22
29200/03700914,盐田区-各社区群众诉求服务站点地址信息,政府机构,盐田区人民政府,有数据更新时,19,,0,1349,20,无条件开放,主动开放,,,,,2023-09-06 11:28:52.0,2026-09-08 06:38
29200/03700915,盐田区-体育赛事,文体休闲,盐田区人民政府,有数据更新时,16,,14,471,20,无条件开放,主动开放,,,,,2023-09-06 11:28:52.0,2026-09-08 06:21
29200/03700916,盐田区-博物馆展览和活动,文体休闲,盐田区人民政府,有数据更新时,8,,12,327,20,无条件开放,主动开放,,,,,2023-09-06 11:28:52.0,2026-09-08 07:00
29200/03700918,盐田区-沙头角街道-科学育儿活动信息,卫生健康,盐田区人民政府,有数据更新时,20,,2,317,20,无条件开放,主动开放,,,,,2023-09-06 11:28:52.0,2026-09-08 07:32
29200/03700920,深圳市盐田区便民服务中心（站）信息,社会发展,盐田区人民政府,有数据更新时,17,,8,2154,20,无条件开放,主动开放,,,,,2023-09-06 11:28:52.0,2026-09-08 03:11
29200/03700921,盐田区-生态环境空气质量信息,生态文明,盐田区人民政府,有数据更新时,364,,36,445,20,无条件开放,主动开放,,,,,2023-09-06 11:28:52.0,2026-09-08 06:20
29200/03700922,盐田区-生态环境已生效的行政处罚信息,生态文明,盐田区人民政府,有数据更新时,10,,5,338,20,无条件开放,主动开放,,,,,2023-09-06 11:28:52.0,2026-09-08 07:54
29200/03700923,盐田区-生态环境噪声数据,生态文明,盐田区人民政府,有数据更新时,583,,66,549,30,无条件开放,主动开放,,,,,2023-09-06 11:28:52.0,2026-09-08 06:42
29200/03700924,盐田区-旅游,文体休闲,盐田区人民政府,有数据更新时,8,,47,491,20,无条件开放,主动开放,,,,,2023-09-06 11:28:52.0,2026-09-08 06:18
29200/03700925,盐田区-新时代文明实践站活动,文体休闲,盐田区人民政府,有数据更新时,10,,9,933,20,无条件开放,主动开放,,,,,2023-09-06 11:28:52.0,2026-09-08 06:57
29200/03700926,盐田区-在职人才引进情况,劳动人事,盐田区人民政府,有数据更新时,8,,9,432,20,无条件开放,主动开放,,,,,2023-09-06 11:28:52.0,2026-09-08 03:50
29200/03700927,盐田区-应届毕业生接收情况,劳动人事,盐田区人民政府,有数据更新时,8,,7,313,20,无条件开放,主动开放,,,,,2023-09-06 11:28:52.0,2026-09-08 06:37
29200/03700928,盐田区-留学回国人员引进情况,劳动人事,盐田区人民政府,有数据更新时,8,,4,342,20,无条件开放,主动开放,,,,,2023-09-06 11:28:53.0,2026-09-08 03:40
29200/03700930,盐田区-梅沙街道各级林长信息登记表,政府机构,盐田区人民政府,有数据更新时,11,,1,260,20,无条件开放,主动开放,,,,,2023-09-06 11:28:53.0,2026-09-08 06:36
29200/03700931,深圳市盐田区河湖长名单,政府机构,盐田区人民政府,有数据更新时,28,,1,1210,20,无条件开放,主动开放,,,,,2023-09-06 11:28:53.0,2026-09-08 06:21
29200/03700932,盐田区-梅沙街道及社区室内应急避难场所信息,公共安全,盐田区人民政府,有数据更新时,5,,5,494,20,无条件开放,主动开放,,,,,2023-09-06 11:28:53.0,2026-09-08 03:38
29200/03700934,盐田区-施工单位合同年度履约评价结果,政府机构,盐田区人民政府,有数据更新时,22,,4,1330,20,无条件开放,主动开放,,,,,2023-09-06 11:28:53.0,2026-09-08 06:44
29200/03700935,盐田区-监理单位合同年度履约评价结果,政府机构,盐田区人民政府,有数据更新时,19,,0,1271,20,无条件开放,主动开放,,,,,2023-09-06 11:28:53.0,2026-09-08 07:33
29200/03700936,盐田区-区人民医院体检套餐,卫生健康,盐田区人民政府,有数据更新时,3715,,3,1369,20,无条件开放,主动开放,,,,,2023-09-06 11:28:53.0,2026-09-09 02:48
29200/03700937,盐田区-公立医院编制床位数,卫生健康,盐田区人民政府,有数据更新时,18,,8,1417,20,无条件开放,主动开放,,,,,2023-09-06 11:28:53.0,2026-09-08 07:45
29200/03700940,盐田区-在建水务工程使用材料监督抽查结果,公共安全,盐田区人民政府,有数据更新时,15,,1,1651,20,无条件开放,主动开放,,,,,2023-09-06 11:28:53.0,2026-09-08 06:38
29200/03700942,盐田区-公安分局办公地址数据信息表,政府机构,盐田区人民政府,有数据更新时,11,,4,704,20,无条件开放,主动开放,,,,,2023-09-06 11:28:53.0,2026-09-08 06:41
29200/03700944,盐田区-企业融资服务资助项目表,企业服务,盐田区人民政府,有数据更新时,5,,5,621,20,无条件开放,主动开放,,,,,2023-09-06 11:28:54.0,2026-09-08 06:35
29200/03700945,深圳市盐田区三防名录,公共安全,盐田区人民政府,有数据更新时,200,,6,2441,20,无条件开放,主动开放,,,,,2023-09-13 10:29:11.0,2026-09-08 06:50
29200/03700946,盐田区-退役军人红星堡垒户,政府机构,盐田区人民政府,有数据更新时,10,,3,4098,20,无条件开放,主动开放,,,,,2023-09-13 10:34:07.0,2026-09-08 06:56
29200/03700947,盐田区-退役军人思想政治教育实践基地,政府机构,盐田区人民政府,有数据更新时,5,,2,2900,20,无条件开放,主动开放,,,,,2023-09-13 10:34:07.0,2026-09-08 07:37
29200/03700948,盐田区-退役军人红星志愿服务队示范岗,政府机构,盐田区人民政府,有数据更新时,10,,0,3512,20,无条件开放,主动开放,,,,,2023-09-13 10:34:07.0,2026-09-08 06:17
29200/03700952,深圳市盐田区节水型小区名单,生态文明,盐田区人民政府,有数据更新时,14,,1,388,20,无条件开放,主动开放,,,,,2024-11-25 11:19:35.607,2025-01-15 08:58
29200/03700953,深圳市盐田区节水型企业（单位）名单,生态文明,盐田区人民政府,有数据更新时,11,,1,362,20,无条件开放,主动开放,,,,,2024-11-25 11:19:36.665,2025-01-15 09:00
29200/03700954,深圳市盐田区水利工程开工备案情况,生态文明,盐田区人民政府,有数据更新时,10,,1,350,24,无条件开放,主动开放,,,,,2024-11-25 11:19:36.765,2025-01-15 09:00
29200/03700955,深圳市盐田区蓄水水库数量,生态文明,盐田区人民政府,有数据更新时,10,,5,426,20,无条件开放,主动开放,,,,,2024-11-25 11:19:36.845,2025-01-15 09:01
29200/03700956,深圳市盐田区海堤清单,生态文明,盐田区人民政府,有数据更新时,5,,4,438,20,无条件开放,主动开放,,,,,2024-11-25 11:19:36.924,2025-01-15 09:01
29200/03700957,深圳市盐田区第五届全民健身运动会青少年组系列赛事,文体休闲,盐田区人民政府,有数据更新时,13,,5,909,20,无条件开放,主动开放,,,,,2024-11-25 11:19:37.013,2025-01-15 09:03
29200/03700958,深圳市盐田区公益文艺演出活动清单,文体休闲,盐田区人民政府,有数据更新时,31,,7,1086,20,无条件开放,主动开放,,,,,2024-11-25 11:19:37.1,2025-01-15 09:04
29200/03700959,深圳市盐田区公益展览清单,文体休闲,盐田区人民政府,有数据更新时,20,,5,862,20,无条件开放,主动开放,,,,,2024-11-25 11:19:37.185,2024-12-27 03:58
29200/03700960,深圳市盐田区中英街历史博物馆文博展览与活动清单,文体休闲,盐田区人民政府,有数据更新时,7,,9,959,20,无条件开放,主动开放,,,,,2024-11-25 11:19:37.265,2025-01-15 09:46
29200/03700961,深圳市盐田区区长专线来电咨询量,政府机构,盐田区人民政府,有数据更新时,10,,0,92,0,有条件开放,主动开放,,,,,2024-11-25 11:19:37.35,2025-01-15 09:47
29200/03700962,深圳市盐田区年度信访量,政府机构,盐田区人民政府,有数据更新时,10,,0,107,0,有条件开放,主动开放,,,,,2024-11-25 11:19:37.438,2025-01-15 09:48
29200/03700963,深圳市盐田区公共就业服务机构一览表,劳动人事,盐田区人民政府,有数据更新时,5,,3,522,20,无条件开放,主动开放,,,,,2024-11-25 11:19:37.52,2025-01-15 09:48
29200/03700964,深圳市盐田区每年结婚登记对数,政府机构,盐田区人民政府,有数据更新时,12,,3,226,20,无条件开放,主动开放,,,,,2024-11-25 11:19:37.604,2025-01-15 09:49
29200/03700965,深圳市盐田区科普基地名单,教育科技,盐田区人民政府,有数据更新时,3,,6,872,20,无条件开放,主动开放,,,,,2024-11-25 11:19:37.685,2025-01-15 09:50
29200/03700966,深圳市盐田区博物馆馆务公开,文体休闲,盐田区人民政府,有数据更新时,10,,7,1007,20,无条件开放,主动开放,,,,,2024-11-25 11:19:37.764,2025-01-15 09:51
29200/03700967,深圳市盐田区部门决算公开,经济建设,盐田区人民政府,有数据更新时,144,,7,47,20,无条件开放,主动开放,,,,,2024-11-25 11:19:37.839,2026-03-16 09:13
29200/03700968,深圳市盐田区部门预算公开,经济建设,盐田区人民政府,有数据更新时,145,,37,723,20,无条件开放,主动开放,,,,,2024-11-25 11:19:37.933,2025-01-15 09:53
29200/03700969,深圳市盐田区财政决算公开,经济建设,盐田区人民政府,有数据更新时,7,,5,735,20,无条件开放,主动开放,,,,,2024-11-25 11:19:38.012,2025-01-15 09:59
29200/03700970,深圳市盐田区财政预算公开,经济建设,盐田区人民政府,有数据更新时,20,,7,817,20,无条件开放,主动开放,,,,,2024-11-25 11:19:38.095,2025-01-15 10:00
29200/03700971,深圳市盐田区财政资金直达基层公开,财税金融,盐田区人民政府,有数据更新时,16,,6,859,20,无条件开放,主动开放,,,,,2024-11-25 11:19:38.174,2025-01-15 10:01
29200/03700972,深圳市盐田区房屋征收项目公开,政府机构,盐田区人民政府,有数据更新时,13,,6,57,20,无条件开放,主动开放,,,,,2024-11-25 11:19:38.255,2025-01-15 10:02
29200/03700973,深圳市盐田区工程建设信息公开,经济建设,盐田区人民政府,有数据更新时,12,,8,769,20,无条件开放,主动开放,,,,,2024-11-25 11:19:38.341,2025-01-15 10:02
29200/03700974,深圳市盐田区国有企业信息情况公开,政府机构,盐田区人民政府,有数据更新时,6,,10,99,20,无条件开放,主动开放,,,,,2024-11-25 11:19:38.421,2025-01-15 10:03
29200/03700975,深圳市盐田区经济运行情况公开,政府机构,盐田区人民政府,有数据更新时,13,,9,1361,20,无条件开放,主动开放,,,,,2024-11-25 11:19:38.498,2025-01-15 10:04
29200/03700976,深圳市盐田区社会消费品零售总额,社会发展,盐田区人民政府,有数据更新时,13,,1,135,20,无条件开放,主动开放,,,,,2024-11-25 11:19:38.578,2025-01-15 10:05
29200/03700977,深圳市盐田区年末常住人口,劳动人事,盐田区人民政府,有数据更新时,14,,23,582,20,无条件开放,主动开放,,,,,2024-11-25 11:19:38.656,2025-01-15 10:05
29200/03700978,深圳市盐田区审计报告公开,政府机构,盐田区人民政府,有数据更新时,12,,9,265,20,无条件开放,主动开放,,,,,2024-11-25 11:19:38.735,2025-01-15 10:06
29200/03700979,深圳市盐田区双随机一公开检查结果公示,政府机构,盐田区人民政府,有数据更新时,13,,5,150,20,无条件开放,主动开放,,,,,2024-11-25 11:19:38.816,2025-01-15 10:06
29200/03700980,深圳市盐田区统计公报公开,经济建设,盐田区人民政府,有数据更新时,11,,10,927,20,无条件开放,主动开放,,,,,2024-11-25 11:19:38.973,2025-01-15 10:07
29200/03700981,深圳市盐田区图书馆馆务公开,文体休闲,盐田区人民政府,有数据更新时,11,,5,946,20,无条件开放,主动开放,,,,,2024-11-25 11:19:39.055,2025-01-15 10:12
29200/03700982,深圳市盐田区文化馆馆务公开,文体休闲,盐田区人民政府,有数据更新时,13,,5,806,20,无条件开放,主动开放,,,,,2024-11-25 11:19:39.14,2025-01-15 10:12
29200/03700983,深圳市盐田区医务室清单,卫生健康,盐田区人民政府,有数据更新时,22,,2,848,20,无条件开放,主动开放,,,,,2024-11-25 11:19:39.222,2025-01-15 10:14
29200/03700984,深圳市盐田区应急常识公开,公共安全,盐田区人民政府,有数据更新时,13,,5,717,20,无条件开放,主动开放,,,,,2024-11-25 11:19:39.31,2025-01-15 10:15
29200/03700985,深圳市盐田区应急动态公开,公共安全,盐田区人民政府,有数据更新时,21,,7,749,20,无条件开放,主动开放,,,,,2024-11-25 11:19:39.391,2025-01-15 10:16
29200/03700986,深圳市盐田区预警公告公开,公共安全,盐田区人民政府,有数据更新时,14,,12,879,20,无条件开放,主动开放,,,,,2024-11-25 11:19:39.474,2025-01-15 10:16
29200/03700987,深圳市盐田区政策解读公开,政府机构,盐田区人民政府,有数据更新时,15,,6,426,20,无条件开放,主动开放,,,,,2024-11-25 11:19:39.56,2025-01-15 10:17
29200/03700988,深圳市盐田区政府采购目录公开,社会发展,盐田区人民政府,有数据更新时,8,,6,379,20,无条件开放,主动开放,,,,,2024-11-25 11:19:39.642,2025-01-15 10:18
29200/03700989,深圳市盐田区重大建设项目进展情况公示,政府机构,盐田区人民政府,有数据更新时,11,,2,399,20,无条件开放,主动开放,,,,,2024-11-25 11:19:39.719,2025-01-15 10:19
29200/03700990,深圳市盐田区住房保障信息公示,政府机构,盐田区人民政府,有数据更新时,28,,2,221,20,无条件开放,主动开放,,,,,2024-11-25 11:19:39.801,2025-01-15 10:20
29200/03700991,深圳市盐田区政府工作报告公开,政府机构,盐田区人民政府,有数据更新时,14,,14,291,20,无条件开放,主动开放,,,,,2024-11-25 11:19:39.883,2025-01-15 10:21
29200/03701033,深圳市盐田区固定资产投资,经济建设,盐田区人民政府,有数据更新时,1312,,0,29,0,无条件开放,主动开放,,,,,2026-09-08 15:14:35.553,2026-09-08 07:14
29200/03701034,深圳市盐田区居委会统计情况,政府机构,盐田区人民政府,有数据更新时,23,,0,24,0,无条件开放,主动开放,,,,,2026-09-08 15:06:00.99,2026-09-08 07:06
29200/03800567,龙岗区-建设项目环境影响审批,经济建设,龙岗区人民政府,存档,273,,159,6762,187,无条件开放,主动开放,,,,,2017-03-28 10:21:39.0,2025-10-10 08:43
29200/03800588,龙岗区-执法人员数据,政府机构,龙岗区人民政府,有数据更新时,6165,,132,8067,76,无条件开放,主动开放,,,,,2017-04-17 09:43:32.0,2026-08-25 10:12
29200/03800589,龙岗区-街道办信息,政府机构,龙岗区人民政府,有数据更新时,1037,,505,8171,63,无条件开放,主动开放,,,,,2017-04-17 09:46:53.0,2026-09-07 01:27
29200/03803118,龙岗区-瓶装燃气服务点备案审核申请表,企业服务,龙岗区人民政府,存档,1318,,65,9022,48,无条件开放,主动开放,,,,,2018-06-28 15:36:42.0,2025-10-21 01:32
29200/03803121,龙岗区-公厕信息,生态文明,龙岗区人民政府,有数据更新时,257,,116,3245,72,无条件开放,主动开放,,,,,2018-06-28 15:45:32.0,2026-09-04 09:58
29200/03803184,龙岗区-区内、驻区新闻单位信息,文体休闲,龙岗区人民政府,有数据更新时,2059,,102,9762,40,无条件开放,主动开放,,,,,2018-12-08 08:45:47.0,2026-08-07 09:31
29200/03803186,龙岗区-自行车信息,文体休闲,龙岗区人民政府,存档,344,,157,1794,160,无条件开放,主动开放,,,,,2018-12-10 13:52:32.0,2026-07-22 02:26
29200/03803612,龙岗区-低保资金发放表,政府机构,龙岗区人民政府,有数据更新时,3,,78,8931,109,无条件开放,主动开放,,,,,2019-01-11 07:10:06.0,2020-05-20 08:34
29200/03803613,龙岗区-防寒避暑临时庇护场所信息,公共安全,龙岗区人民政府,有数据更新时,1674,,85,16978,48,无条件开放,主动开放,,,,,2019-01-11 10:57:40.0,2020-05-20 08:34
29200/03803624,龙岗区-职业学校一览表,教育科技,龙岗区人民政府,有数据更新时,6,,594,14575,78,无条件开放,主动开放,,,,,2019-01-14 12:31:46.0,2026-08-07 09:30
29200/03803649,龙岗区-饮用水源水质监测数据,生态文明,龙岗区人民政府,存档,288,,32,4675,39,无条件开放,主动开放,,,,,2019-01-22 10:39:44.0,2024-09-20 02:04
29200/03803660,龙岗区-排水许可,生态文明,龙岗区人民政府,有数据更新时,1711,,49,5957,67,无条件开放,依申请开放,,,,,2019-01-23 10:17:37.0,2019-08-05 10:05
29200/03803674,龙岗区-排污许可证发放情况,政府机构,龙岗区人民政府,存档,3255,,74,4713,128,无条件开放,主动开放,,,,,2019-01-30 11:10:55.0,2024-09-20 02:06
29200/03803675,龙岗区-水库行政责任人,生态文明,龙岗区人民政府,有数据更新时,38482,,4,11089,8,有条件开放,主动开放,,,,,2019-01-30 11:16:45.0,2026-08-07 09:32
29200/03803680,龙岗区-区行政服务大厅排队取号对接数据,政府机构,龙岗区人民政府,有数据更新时,1019439,,124,6626,699,无条件开放,主动开放,,,,,2019-07-19 16:42:34.0,2026-09-07 01:09
29200/03803681,龙岗区-街道社区公共图书馆一览,文体休闲,龙岗区人民政府,有数据更新时,419,,133,6663,44,无条件开放,主动开放,,,,,2019-07-19 16:45:56.0,2025-06-17 06:45
29200/03803682,龙岗区-机动车交通违法受理点数据,政府机构,龙岗区人民政府,按年,239,,172,6178,1203,无条件开放,主动开放,,,,,2019-07-19 16:48:06.0,2019-07-19 09:43
29200/03803683,龙岗区-残疾人自主创业场地租金补贴,财税金融,龙岗区人民政府,有数据更新时,340,,92,15290,63,无条件开放,主动开放,,,,,2019-11-01 14:05:35.0,2019-11-11 06:06
29200/03803684,龙岗区-残疾人灵活就业补贴及养老保险和医疗保险补贴,财税金融,龙岗区人民政府,半年,1828,,266,13905,115,无条件开放,主动开放,,,,,2019-11-01 14:06:14.0,2020-12-18 03:36
29200/03803685,龙岗区-审计工作综合情况报表,财税金融,龙岗区人民政府,有数据更新时,122395,,87,8908,324,无条件开放,主动开放,,,,,2019-11-01 14:06:40.0,2026-08-07 09:31
29200/03803686,龙岗区-财政类审计情况报表,财税金融,龙岗区人民政府,有数据更新时,1384,,113,7747,128,无条件开放,主动开放,,,,,2019-11-01 14:06:58.0,2026-08-07 09:31
29200/03803687,龙岗区-获奖企业激励,经济建设,龙岗区人民政府,存档,25,,61,8371,44,无条件开放,主动开放,,,,,2019-11-01 14:07:17.0,2024-09-20 02:07
29200/03803688,龙岗区-技术标准研制激励,经济建设,龙岗区人民政府,有数据更新时,82,,50,5875,40,无条件开放,主动开放,,,,,2019-11-01 14:07:35.0,2026-08-07 09:31
29200/03803689,龙岗区-国家认可资质检验检测实验室扶持,教育科技,龙岗区人民政府,存档,47,,97,5648,50,无条件开放,主动开放,,,,,2019-11-01 14:07:53.0,2024-09-20 02:08
29200/03803693,龙岗区-城市管理-垃圾箱,卫生健康,龙岗区人民政府,按年,9738,,137,5897,72,无条件开放,主动开放,,,,,2019-11-01 14:08:59.0,2026-08-25 10:12
29200/03803694,龙岗区-城市管理-绿地,生态文明,龙岗区人民政府,按年,6729,,169,5794,426,无条件开放,主动开放,,,,,2019-11-01 14:09:18.0,2026-08-25 10:12
29200/03803696,龙岗区-文化创意产业园区,企业服务,龙岗区人民政府,有数据更新时,65,,171,5262,109,无条件开放,主动开放,,,,,2019-11-01 14:09:49.0,2019-11-11 06:08
29200/03803697,龙岗区-重点文化企业,企业服务,龙岗区人民政府,有数据更新时,72242,,202,9258,100,无条件开放,主动开放,,,,,2019-11-01 14:10:05.0,2026-08-07 09:33
29200/03803698,龙岗区-旅行社组织出境旅游情况,文体休闲,龙岗区人民政府,存档,40377,,117,7108,51282,无条件开放,主动开放,,,,,2019-11-01 14:10:23.0,2025-12-05 06:41
29200/03803699,龙岗区-各级文物保护单位,文体休闲,龙岗区人民政府,有数据更新时,13440,,104,4391,46,无条件开放,主动开放,,,,,2019-11-01 14:10:39.0,2026-08-07 09:33
29200/03803700,龙岗区-龙岗十景信息,文体休闲,龙岗区人民政府,存档,5880,,64,2869,4909,无条件开放,主动开放,,,,,2019-11-01 14:10:56.0,2025-12-05 06:41
29200/03803710,龙岗区-民办职业培训机构,教育科技,龙岗区人民政府,有数据更新时,186,,126,5412,44,无条件开放,主动开放,,,,,2019-11-01 14:14:21.0,2019-11-11 06:09
29200/03803716,龙岗区-教育教学业绩成果数据统计,教育科技,龙岗区人民政府,有数据更新时,86,,148,3010,34,无条件开放,主动开放,,,,,2020-05-07 17:31:45.0,2020-06-16 03:30
29200/03803721,龙岗区-市政公用项目竣工验收备案,社会发展,龙岗区人民政府,存档,112,,14,4521,40,无条件开放,主动开放,,,,,2020-05-07 17:33:07.0,2025-10-21 01:31
29200/03803724,龙岗区-人民调解组织队伍基本情况统计表,政府机构,龙岗区人民政府,有数据更新时,46,,20,2673,30,无条件开放,主动开放,,,,,2020-05-07 17:33:46.0,2026-08-07 09:31
29200/03803725,龙岗区-法律援助机构信息,政府机构,龙岗区人民政府,有数据更新时,152,,26,2684,34,无条件开放,主动开放,,,,,2020-05-07 17:34:00.0,2020-06-16 03:29
29200/03803726,龙岗区-主要经济指标-社会消费品零售总额,社会发展,龙岗区人民政府,有数据更新时,555,,80,2643,40,无条件开放,主动开放,,,,,2020-05-07 17:34:45.0,2020-06-16 03:29
29200/03803727,龙岗区-主要经济指标-规模以上工业企业增加值,经济建设,龙岗区人民政府,有数据更新时,564,,113,2516,40,无条件开放,主动开放,,,,,2020-05-07 17:35:02.0,2020-06-16 03:29
29200/03803728,龙岗区-主要经济指标-固定资产投资额,经济建设,龙岗区人民政府,有数据更新时,540,,40,2739,548,无条件开放,主动开放,,,,,2020-05-07 17:35:23.0,2020-06-16 03:28
29200/03803731,龙岗区-旅游企业通讯录,文体休闲,龙岗区人民政府,有数据更新时,2220,,115,3557,57,无条件开放,主动开放,,,,,2020-05-07 17:36:14.0,2026-08-07 09:30
29200/03803732,龙岗区-未定级不可移动文物,文体休闲,龙岗区人民政府,有数据更新时,133,,180,4047,48,无条件开放,主动开放,,,,,2020-05-07 17:36:27.0,2025-06-17 06:46
29200/03803734,龙岗区-区属医院,卫生健康,龙岗区人民政府,有数据更新时,42,,60,2418,40,无条件开放,主动开放,,,,,2020-05-07 17:37:05.0,2020-06-16 03:28
29200/03803745,龙岗区-室内应急避难场所,公共安全,龙岗区人民政府,有数据更新时,108,,65,4653,45,无条件开放,主动开放,,,,,2020-05-12 15:56:01.0,2026-08-03 10:19
29200/03803749,龙岗区-集成电路扶持,社会发展,龙岗区人民政府,存档,37975,,82,3882,80,无条件开放,主动开放,,,,,2020-07-08 10:17:02.0,2025-01-02 03:15
29200/03803754,龙岗区-区级工程技术研发中心建设扶持,经济建设,龙岗区人民政府,存档,23,,28,3960,40,无条件开放,主动开放,,,,,2020-07-08 10:18:08.0,2024-09-20 02:08
29200/03803755,龙岗区-区级产品检测中心建设扶持,经济建设,龙岗区人民政府,存档,9,,17,3940,40,无条件开放,主动开放,,,,,2020-07-08 10:18:21.0,2024-09-20 02:08
29200/03803758,龙岗区-信用承诺信息,政府机构,龙岗区人民政府,存档,4740,,55,3544,74,无条件开放,主动开放,,,,,2021-12-13 10:02:24.0,2025-09-30 06:59
29200/03803759,龙岗区-承包商违约记录信息,政府机构,龙岗区人民政府,存档,429,,54,1270,88,无条件开放,主动开放,,,,,2021-12-13 10:07:49.0,2025-03-05 09:02
29200/03803761,龙岗区-科技金融扶持（科技型企业）,企业服务,龙岗区人民政府,存档,23478,,80,944,60,无条件开放,主动开放,,,,,2021-12-13 10:15:58.0,2024-12-31 03:28
29200/03803762,龙岗区-科技企业研发投入激励,企业服务,龙岗区人民政府,有数据更新时,9815,,78,1755,100,无条件开放,主动开放,,,,,2021-12-13 10:20:03.0,2026-08-07 09:29
29200/03803763,龙岗区-国家高新技术企业认定激励,企业服务,龙岗区人民政府,存档,11292,,72,1518,42,无条件开放,主动开放,,,,,2021-12-13 10:23:28.0,2025-01-02 03:15
29200/03803765,龙岗区-残疾人灵活就业医疗保险补贴汇总,政府机构,龙岗区人民政府,有数据更新时,84042,,18,1877,134,无条件开放,主动开放,,,,,2021-12-13 10:30:01.0,2023-12-18 06:22
29200/03803766,龙岗区-社区党群服务中心,政府机构,龙岗区人民政府,按年,773,,57,1160,18,无条件开放,主动开放,,,,,2021-12-13 10:33:19.0,2026-08-25 10:13
29200/03803768,龙岗区-双创赛事及活动扶持,企业服务,龙岗区人民政府,有数据更新时,39,,11,540,26,无条件开放,主动开放,,,,,2021-12-13 10:43:43.0,2022-01-12 08:46
29200/03803771,龙岗区-文化产业集聚空间,文体休闲,龙岗区人民政府,有数据更新时,18620,,58,1046,28,无条件开放,主动开放,,,,,2021-12-13 11:00:01.0,2026-08-07 09:26
29200/03803774,残疾人辅助性就业补贴汇总,社会发展,龙岗区人民政府,有数据更新时,7589,,11,1544,20,无条件开放,主动开放,,,,,2021-12-13 11:26:32.0,2022-01-12 08:22
29200/03803775,龙岗区-横岗街道室内应急避难场所信息,公共安全,龙岗区人民政府,有数据更新时,8359,,33,1048,28,无条件开放,主动开放,,,,,2021-12-13 11:32:58.0,2026-08-03 10:20
29200/03803780,龙岗区-法治宣传工作（含宣传载体）情况统计,政府机构,龙岗区人民政府,有数据更新时,59,,2,2161,34,无条件开放,主动开放,,,,,2021-12-13 15:04:46.0,2026-08-07 09:26
29200/03803783,龙岗区-公证机构信息,政府机构,龙岗区人民政府,有数据更新时,41,,3,2311,20,无条件开放,主动开放,,,,,2021-12-13 15:19:22.0,2026-08-07 09:28
29200/03803784,龙岗区-公证人员统计表,政府机构,龙岗区人民政府,有数据更新时,68,,7,2468,18,无条件开放,主动开放,,,,,2021-12-13 15:23:02.0,2022-01-12 08:43
29200/03803792,龙岗区-违法拆除数据,政府机构,龙岗区人民政府,按年,709,,25,4845,19,无条件开放,主动开放,,,,,2021-12-13 16:36:54.0,2022-01-12 08:39
29200/03803793,龙岗区-燃气服务点,社会发展,龙岗区人民政府,有数据更新时,370,,7,678,20,无条件开放,主动开放,,,,,2022-08-01 11:51:47.0,2022-12-13 07:40
29200/03803797,龙岗区-残疾人自主创业启动资金扶持汇总,社会发展,龙岗区人民政府,有数据更新时,80,,14,1321,18,无条件开放,主动开放,,,,,2022-08-16 09:56:54.0,2026-08-03 10:19
29200/03803807,龙岗区-深圳市建设工程规划许可证,社会发展,龙岗区人民政府,存档,5,,10,1459,20,无条件开放,主动开放,,,,,2022-08-16 11:00:06.0,2025-06-17 07:55
29200/03803808,龙岗区-建设项目用地信息公开表,社会发展,龙岗区人民政府,存档,6,,13,1397,20,无条件开放,主动开放,,,,,2022-08-16 11:02:27.0,2025-06-17 07:55
29200/03803813,龙岗区-项目基本信息,政府机构,龙岗区人民政府,有数据更新时,728,,80,636,18,无条件开放,主动开放,,,,,2022-08-16 11:43:51.0,2026-08-03 10:19
29200/03803817,龙岗区-劳模和工匠人才创新工作室,政府机构,龙岗区人民政府,有数据更新时,85,,15,1873,20,无条件开放,主动开放,,,,,2023-10-13 10:29:01.0,2026-08-03 10:19
29200/03803831,龙岗区-龙岗区少先队校外实践教育基地基本信息,政府机构,龙岗区人民政府,有数据更新时,55,,42,2086,18,无条件开放,主动开放,,,,,2023-10-13 10:29:02.0,2026-08-03 10:21
29200/03803833,龙岗区-残疾人申请居家安养服务补贴汇总,社会发展,龙岗区人民政府,有数据更新时,897385,,23,2440,806,无条件开放,主动开放,,,,,2023-10-13 10:29:02.0,2026-08-03 10:20
29200/03803834,龙岗区-残疾人考取职业技能等级（资格）证书奖励汇总,社会发展,龙岗区人民政府,有数据更新时,8654,,6,2270,130,无条件开放,主动开放,,,,,2023-10-13 10:29:02.0,2026-08-03 10:19
29200/03803836,龙岗区-变更“建设用地规划许可证”的公示,经济建设,龙岗区人民政府,存档,1008,,19,387,34,无条件开放,主动开放,,,,,2023-10-13 10:29:02.0,2025-06-17 07:55
29200/03803842,龙岗区-河道水情日平均信息,生态文明,龙岗区人民政府,有数据更新时,256579330,,91,2756,232906,无条件开放,主动开放,,,,,2023-10-13 10:29:03.0,2024-09-05 14:22
29200/03803843,龙岗区-绿洁河道雨量日平均监测数据,生态文明,龙岗区人民政府,有数据更新时,260534974,,61,2341,214728,无条件开放,主动开放,,,,,2023-10-13 10:29:03.0,2024-12-16 09:31
29200/03803846,龙岗区-龙岗区各级三八红旗手获评名单,劳动人事,龙岗区人民政府,存档,48840,,12,1957,78,无条件开放,主动开放,,,,,2023-10-13 10:29:03.0,2026-02-10 06:36
29200/03803850,龙岗区-金融业扶持政策,企业服务,龙岗区人民政府,存档,5985,,14,1156,88,无条件开放,主动开放,,,,,2023-10-13 10:29:03.0,2025-06-17 07:54
29200/03803866,龙岗区纪念设施信息,政府机构,龙岗区人民政府,有数据更新时,150,,10,309,22,无条件开放,主动开放,,,,,2024-01-22 10:42:29.626,2024-01-22 07:12
29200/03803869,深圳市龙岗区开设路口审批意见书,社会发展,龙岗区人民政府,存档,9,,0,328,20,无条件开放,主动开放,,,,,2024-01-23 15:30:35.657,2025-06-17 07:55
29200/03803870,深圳市龙岗区建设工程规划验收批复,经济建设,龙岗区人民政府,存档,5,,10,333,20,无条件开放,主动开放,,,,,2024-01-23 15:30:35.741,2025-06-17 07:55
29200/03803881,深圳市龙岗区十大志愿者名单信息,政府机构,龙岗区人民政府,有数据更新时,10,,0,88,0,有条件开放,主动开放,,,,,2025-01-14 17:23:36.526,2025-01-14 09:23
29200/03803882,深圳市龙岗区1至4星级志愿者认定名单信息,政府机构,龙岗区人民政府,有数据更新时,752,,0,147,0,有条件开放,主动开放,,,,,2025-01-14 17:25:25.766,2025-01-14 09:25
29200/03803883,深圳市龙岗区青年文明号目录信息,政府机构,龙岗区人民政府,有数据更新时,68,,0,119,0,有条件开放,主动开放,,,,,2025-01-14 17:26:36.977,2025-01-14 09:26
29200/03803888,深圳市龙岗区公厕信息表,政府机构,龙岗区人民政府,存档,28,,3,239,20,无条件开放,主动开放,,,,,2025-01-13 16:56:21.0,2026-02-10 02:30
29200/03803891,深圳市龙岗区托育机构信息,政府机构,龙岗区人民政府,有数据更新时,13,,11,238,20,无条件开放,主动开放,,,,,2025-01-14 17:32:51.922,2025-01-14 09:32
29200/03803900,深圳市龙岗区园山街道再生资源回收站点,政府机构,龙岗区人民政府,有数据更新时,11,,0,75,0,有条件开放,主动开放,,,,,2025-01-14 17:37:01.428,2025-01-14 09:37
29200/03803902,深圳市龙岗区职工服务中心,政府机构,龙岗区人民政府,有数据更新时,11,,7,388,20,无条件开放,主动开放,,,,,2025-01-14 17:38:17.05,2025-01-14 09:38
29200/03803903,深圳市龙岗区室外避难场所管理信息表,政府机构,龙岗区人民政府,有数据更新时,924,,1,220,0,有条件开放,主动开放,,,,,2025-02-06 16:48:49.343,2025-02-06 08:53
29200/03803904,深圳市龙岗区职业危害信息、控制信息,政府机构,龙岗区人民政府,有数据更新时,159809,,8,580,0,有条件开放,主动开放,,,,,2025-02-06 16:54:42.338,2025-02-06 08:57
29200/03803915,深圳市龙岗区工商联所属商协会社会等级评估情况表,政府机构,龙岗区人民政府,有数据更新时,15,,0,288,20,无条件开放,主动开放,,,,,2025-01-14 17:42:53.772,2025-01-14 09:42
29200/03803916,深圳市龙岗区工商联所属商协会成立党支部情况表,政府机构,龙岗区人民政府,有数据更新时,24,,1,272,20,无条件开放,主动开放,,,,,2025-01-14 17:43:27.603,2025-01-14 09:43
29200/03803920,深圳市龙岗区边坡信息,政府机构,龙岗区人民政府,有数据更新时,180,,0,311,0,有条件开放,主动开放,,,,,2025-01-14 17:44:33.325,2025-01-14 09:44
29200/03803921,深圳市龙岗区公厕信息,政府机构,龙岗区人民政府,存档,24,,14,275,20,无条件开放,主动开放,,,,,2025-01-13 16:56:23.0,2026-02-10 02:29
29200/03803926,深圳市龙岗区城市更新拆除范围内实施主体确认,政府机构,龙岗区人民政府,有数据更新时,10,,23,366,20,无条件开放,主动开放,,,,,2025-01-14 17:51:30.633,2025-01-14 09:51
29200/03803927,深圳市龙岗区公布龙岗区城市更新单元历史违建物业权利人核实情况,政府机构,龙岗区人民政府,有数据更新时,10,,13,274,20,无条件开放,主动开放,,,,,2025-01-14 17:52:13.541,2025-01-14 09:52
29200/03803945,深圳市龙岗区绿化样点表,政府机构,龙岗区人民政府,有数据更新时,1041032,,7,79,18,无条件开放,主动开放,,,,,2025-12-27 13:46:15.0,2026-03-02 03:25
29200/03803946,深圳市龙岗区绿化企业清单,政府机构,龙岗区人民政府,有数据更新时,15073,,2,70,12,无条件开放,主动开放,,,,,2025-12-27 13:54:02.0,2026-03-02 03:26
29200/03803966,深圳市龙岗区河道摄像头基础信息表,政府机构,龙岗区人民政府,有数据更新时,246,,0,75,0,有条件开放,主动开放,,,,,2025-12-27 15:43:22.0,2026-04-14 02:16
29200/03803967,深圳市龙岗区水库摄像头基础信息表,政府机构,龙岗区人民政府,有数据更新时,396,,0,66,0,有条件开放,主动开放,,,,,2025-12-27 15:48:05.0,2026-04-14 02:16
29200/03803976,深圳市龙岗区虚拟社区亲子学堂线上课程表,政府机构,龙岗区人民政府,按年,83,,4,44,8,无条件开放,主动开放,,,,,2025-12-27 16:27:43.0,2026-03-02 03:26
29200/03803977,深圳市龙岗区虚拟社区亲子学堂线下课程表,政府机构,龙岗区人民政府,按年,39,,1,79,8,无条件开放,主动开放,,,,,2025-12-27 16:32:50.0,2026-03-02 03:27
29200/04000750,南山区-出版物许可信息,文体休闲,南山区人民政府,存档,31,,119,8635,54,无条件开放,主动开放,,,,,2017-05-26 14:18:51.0,2025-07-08 08:42
29200/04000752,南山区-演出经纪机构许可信息,文体休闲,南山区人民政府,有数据更新时,32,,135,7857,55,无条件开放,主动开放,,,,,2017-05-26 14:24:52.0,2021-01-08 06:18
29200/04000753,南山区-电影放映单位许可信息,文体休闲,南山区人民政府,存档,31,,104,7924,62,无条件开放,主动开放,,,,,2017-05-26 14:28:12.0,2025-07-08 08:41
29200/04000758,南山区-广播电视节目制作许可信息,文体休闲,南山区人民政府,存档,45,,99,6990,65,无条件开放,主动开放,,,,,2017-05-26 15:53:27.0,2025-07-08 08:41
29200/04000760,南山区-渔业捕捞许可信息,三农服务,南山区人民政府,存档,20,,120,8459,67,无条件开放,主动开放,,,,,2017-05-26 15:59:23.0,2025-07-08 08:41
29200/04000761,南山区-动物诊疗单位许可信息,卫生健康,南山区人民政府,存档,63,,134,6275,61,无条件开放,主动开放,,,,,2017-05-26 16:01:48.0,2025-07-08 08:41
29200/04000762,南山区-兽药经营许可信息,卫生健康,南山区人民政府,有数据更新时,18,,152,9283,227,无条件开放,主动开放,,,,,2017-05-26 16:06:07.0,2020-12-03 08:22
29200/04000764,南山区-城市生活垃圾准运许可信息,经济建设,南山区人民政府,存档,341,,141,7131,64,无条件开放,主动开放,,,,,2017-05-26 16:35:16.0,2025-07-08 08:41
29200/04000765,南山区-城市建筑垃圾准运许可信息,经济建设,南山区人民政府,存档,621,,162,6682,65,无条件开放,主动开放,,,,,2017-05-26 16:37:36.0,2020-12-03 08:23
29200/04000767,南山区-光盘进出口审核许可信息,经济建设,南山区人民政府,存档,4,,106,7197,72,无条件开放,主动开放,,,,,2017-05-26 16:42:33.0,2025-07-15 02:13
29200/04003591,南山区-行政处罚信息,政府机构,南山区人民政府,有数据更新时,11716,,433,14136,983,无条件开放,主动开放,,,,,2019-01-03 11:53:41.0,2026-04-20 07:44
29200/04003600,南山区-小型建设工程预选,经济建设,南山区人民政府,有数据更新时,133,,107,5789,48,无条件开放,主动开放,,,,,2019-07-18 18:07:44.0,2019-07-18 11:03
29200/04003601,南山区-绿化信息,社会发展,南山区人民政府,有数据更新时,878,,166,5765,45,无条件开放,主动开放,,,,,2019-08-23 11:34:53.0,2026-09-01 09:24
29200/04003602,南山区-市政公厕统计表,社会发展,南山区人民政府,有数据更新时,455,,70,5687,41,无条件开放,主动开放,,,,,2019-08-23 11:35:34.0,2026-09-01 09:24
29200/04003603,南山区-政道路清扫保洁情况,社会发展,南山区人民政府,有数据更新时,29,,55,5766,40,无条件开放,主动开放,,,,,2019-08-23 11:36:04.0,2026-09-01 09:22
29200/04003604,南山区-行政服务大厅业务办理取号和叫号数据,政府机构,南山区人民政府,有数据更新时,35561,,49,5594,46,无条件开放,主动开放,,,,,2019-08-23 11:36:45.0,2026-09-01 08:44
29200/04003605,南山区-行政服务大厅业务办理预约数据,政府机构,南山区人民政府,有数据更新时,1000,,41,3756,202,无条件开放,主动开放,,,,,2019-08-23 11:37:27.0,2026-09-01 11:17
29200/04003619,南山区-社会组织活动异常名录,政府机构,南山区人民政府,有数据更新时,433,,39,4692,38,无条件开放,主动开放,,,,,2019-09-11 13:09:04.0,2026-09-01 09:10
29200/04003620,南山区-社会组织登记在册名单,政府机构,南山区人民政府,按年,1488,,87,3802,39,无条件开放,主动开放,,,,,2019-09-11 13:09:50.0,2026-03-27 08:58
29200/04003621,南山区-各类学校、幼儿园、学习型社区督导评估结果,教育科技,南山区人民政府,有数据更新时,78,,179,7934,38,无条件开放,主动开放,,,,,2019-09-20 15:26:44.0,2019-09-23 01:23
29200/04003622,南山区-与连平、德保、田阳三地教育协作结对学校,教育科技,南山区人民政府,存档,100,,56,5400,38,无条件开放,主动开放,,,,,2019-09-20 15:27:09.0,2025-07-08 08:42
29200/04003624,南山区-中小学食堂数据,教育科技,南山区人民政府,存档,149,,175,6024,47,无条件开放,主动开放,,,,,2019-09-20 15:28:31.0,2025-07-08 08:42
29200/04003625,南山区-服务窗口情况,政府机构,南山区人民政府,有数据更新时,74,,42,3810,40,无条件开放,主动开放,,,,,2019-09-20 15:28:49.0,2026-09-01 11:18
29200/04003626,南山区-服务事项办理数据,政府机构,南山区人民政府,有数据更新时,53,,48,3622,38,无条件开放,主动开放,,,,,2019-09-20 15:29:07.0,2026-09-01 11:18
29200/04003628,南山区-南头街道办业务受理分类数据,政府机构,南山区人民政府,有数据更新时,1197,,51,4958,38,无条件开放,主动开放,,,,,2019-09-20 16:04:40.0,2026-09-01 11:19
29200/04003635,南山区-应急管理局事故调查数据,公共安全,南山区人民政府,有数据更新时,20,,174,3985,49,无条件开放,主动开放,,,,,2019-12-11 11:28:57.0,2019-12-11 07:20
29200/04003636,南山区-应急管理局双随机执法企业数据,公共安全,南山区人民政府,存档,712,,49,4333,36,无条件开放,主动开放,,,,,2019-12-11 11:29:16.0,2025-07-08 08:42
29200/04003637,南山区-应急管理局安全生产网格数据,公共安全,南山区人民政府,有数据更新时,588,,115,3862,36,无条件开放,主动开放,,,,,2019-12-11 11:29:45.0,2019-12-11 07:20
29200/04003638,南山区-应急管理局行政处罚数据,公共安全,南山区人民政府,存档,1186,,59,3331,158,无条件开放,主动开放,,,,,2019-12-11 11:30:22.0,2025-07-08 08:42
29200/04003639,南山区-应急管理局危险化学品经营许可信息汇总,公共安全,南山区人民政府,有数据更新时,1101,,62,3461,49,无条件开放,主动开放,,,,,2019-12-11 11:30:38.0,2019-12-11 07:20
29200/04003642,南山区-物业小区业委会备案,政府机构,南山区人民政府,有数据更新时,5699,,125,4006,36,无条件开放,主动开放,,,,,2019-12-11 11:31:37.0,2026-09-01 09:14
29200/04003645,南山区-劳动保障所有关数据,劳动人事,南山区人民政府,有数据更新时,12,,108,3792,37,无条件开放,主动开放,,,,,2019-12-12 10:30:14.0,2019-12-12 06:55
29200/04003646,南山区-支出决算复批表,财税金融,南山区人民政府,有数据更新时,42,,57,3548,36,无条件开放,主动开放,,,,,2019-12-12 10:30:42.0,2019-12-12 06:55
29200/04003647,南山区-政府购买服务支出表,财税金融,南山区人民政府,有数据更新时,16,,54,3629,36,无条件开放,主动开放,,,,,2019-12-12 10:30:59.0,2019-12-12 06:55
29200/04003648,南山区-政府采购项目经费预算表,财税金融,南山区人民政府,有数据更新时,7,,81,4133,36,无条件开放,主动开放,,,,,2019-12-12 10:31:16.0,2019-12-12 06:55
29200/04003649,南山区-与上年项目增减变化对比表,财税金融,南山区人民政府,有数据更新时,21,,38,4140,36,无条件开放,主动开放,,,,,2019-12-12 10:31:37.0,2019-12-12 06:55
29200/04003650,南山区-一般公共预算三公经费支出情况表,财税金融,南山区人民政府,有数据更新时,8,,64,3578,36,无条件开放,主动开放,,,,,2019-12-12 10:31:54.0,2019-12-12 06:55
29200/04003651,南山区-一般公共预算基本支出情况表,财税金融,南山区人民政府,有数据更新时,9,,50,3145,38,无条件开放,主动开放,,,,,2019-12-12 10:32:08.0,2019-12-12 06:55
29200/04003652,南山区-一般公共预算财政拨款基本支出决算批复表,财税金融,南山区人民政府,有数据更新时,81,,49,3174,36,无条件开放,主动开放,,,,,2019-12-12 10:32:23.0,2019-12-12 06:55
29200/04003653,南山区-收入决算复批表,财税金融,南山区人民政府,有数据更新时,42,,34,2278,36,无条件开放,主动开放,,,,,2019-12-12 10:32:45.0,2019-12-12 06:55
29200/04003654,南山区-部门支出总体情况表-按功能分类,财税金融,南山区人民政府,有数据更新时,14,,33,3252,40,无条件开放,主动开放,,,,,2019-12-12 10:33:04.0,2019-12-12 06:55
29200/04003655,南山区-部门支出总体情况-按项目名称分类,财税金融,南山区人民政府,有数据更新时,18,,42,3835,36,无条件开放,主动开放,,,,,2019-12-12 10:33:22.0,2019-12-12 06:55
29200/04003656,南山区-部门预算收支总表,财税金融,南山区人民政府,有数据更新时,36,,56,2700,36,无条件开放,主动开放,,,,,2019-12-12 10:33:45.0,2019-12-12 06:54
29200/04003657,南山区-部门收入总体情况表,财税金融,南山区人民政府,有数据更新时,8,,41,2736,36,无条件开放,主动开放,,,,,2019-12-12 10:33:59.0,2019-12-12 06:54
29200/04003658,南山区-预算指标执行情况表,政府机构,南山区人民政府,有数据更新时,460,,39,2697,36,无条件开放,主动开放,,,,,2019-12-12 10:34:25.0,2019-12-12 06:53
29200/04003676,南山区-文化事业,文体休闲,南山区人民政府,有数据更新时,100,,185,2452,59,无条件开放,主动开放,,,,,2022-12-06 11:44:54.0,2020-04-17 12:00
29200/04003689,南山区-法院工作,政府机构,南山区人民政府,有数据更新时,60,,64,2783,35,无条件开放,主动开放,,,,,2022-12-06 11:44:54.0,2020-04-20 09:29
29200/04003696,南山区-交通运输邮电业情况,交通运输,南山区人民政府,有数据更新时,19,,284,9358,41,无条件开放,主动开放,,,,,2022-12-06 11:44:54.0,2022-12-19 07:39
29200/04003701,南山区-固定资产投资额（1990-2018）,社会发展,南山区人民政府,有数据更新时,29,,60,3430,41,无条件开放,主动开放,,,,,2020-04-17 11:47:38.0,2020-04-17 11:59
29200/04003703,南山区-与主要国家（地区）出口总额,经济建设,南山区人民政府,有数据更新时,135,,59,2064,35,无条件开放,主动开放,,,,,2022-12-06 11:44:54.0,2020-04-17 11:59
29200/04003704,南山区-引进外资项目及金额（按行业分类）（2018）,经济建设,南山区人民政府,存档,15,,80,2721,35,无条件开放,主动开放,,,,,2020-04-17 11:48:26.0,2025-07-08 08:42
29200/04003708,南山区-进出口总额分类,财税金融,南山区人民政府,有数据更新时,90,,221,14502,56,无条件开放,主动开放,,,,,2022-12-06 11:44:54.0,2020-04-17 11:58
29200/04003709,南山区-进出口总额,经济建设,南山区人民政府,有数据更新时,19,,67,2446,35,无条件开放,主动开放,,,,,2022-12-06 11:44:54.0,2020-04-17 11:58
29200/04003713,南山区-传统商品出口总额,经济建设,南山区人民政府,有数据更新时,55,,65,1630,35,无条件开放,主动开放,,,,,2022-12-06 11:44:54.0,2020-04-17 11:58
29200/04003714,南山区-博物馆固定展览,文体休闲,南山区人民政府,有数据更新时,20,,49,6845,52,无条件开放,主动开放,,,,,2020-05-07 17:28:55.0,2026-09-01 09:20
29200/04003715,南山区-博物馆临时展览,文体休闲,南山区人民政府,有数据更新时,43,,63,9296,43,无条件开放,主动开放,,,,,2020-05-07 17:29:18.0,2026-09-01 09:21
29200/04003716,南山区-博物馆民俗节日类教育活动,文体休闲,南山区人民政府,有数据更新时,52,,101,7974,46,无条件开放,主动开放,,,,,2020-05-07 17:29:40.0,2026-09-01 09:17
29200/04003717,南山区-博物馆展览配套教育活动,文体休闲,南山区人民政府,有数据更新时,39,,85,8152,46,无条件开放,主动开放,,,,,2020-05-07 17:30:02.0,2026-09-01 09:16
29200/04003718,南山区-博物馆讲座类教育活动,文体休闲,南山区人民政府,有数据更新时,16,,135,8820,181,无条件开放,主动开放,,,,,2020-05-07 17:30:15.0,2026-09-01 09:16
29200/04003719,南山区-博物馆志愿者活动,文体休闲,南山区人民政府,有数据更新时,137,,93,9090,1443,无条件开放,主动开放,,,,,2020-05-07 17:30:29.0,2026-09-01 09:19
29200/04003720,南山区-2019年生活垃圾分类月度数据汇总表,经济建设,南山区人民政府,有数据更新时,12,,148,1947,43,无条件开放,主动开放,,,,,2020-05-25 11:40:29.0,2020-05-27 06:36
29200/04003721,南山区-便民公益停车场分布情况资料统计表,经济建设,南山区人民政府,有数据更新时,11,,234,3129,40,无条件开放,主动开放,,,,,2020-05-25 11:40:55.0,2020-05-28 02:07
29200/04003722,南山区-道路绿化汇总表,经济建设,南山区人民政府,有数据更新时,468,,124,2096,40,无条件开放,主动开放,,,,,2020-05-25 11:41:11.0,2026-09-01 09:23
29200/04003724,南山区-劳务扶贫就业服务,经济建设,南山区人民政府,有数据更新时,875,,48,2310,40,无条件开放,主动开放,,,,,2020-05-25 11:41:40.0,2020-05-28 02:07
29200/04003725,南山区-幼儿园基本信息汇总表,经济建设,南山区人民政府,有数据更新时,442,,194,2379,34,无条件开放,主动开放,,,,,2020-05-25 11:41:53.0,2020-05-27 06:36
29200/04003727,南山区-民办非企业单位的成立登记,企业服务,南山区人民政府,有数据更新时,23,,12,1985,20,无条件开放,主动开放,,,,,2021-11-23 15:27:55.0,2026-09-01 09:14
29200/04003728,南山区-社会团体成立登记,社会发展,南山区人民政府,有数据更新时,28,,8,2555,20,无条件开放,主动开放,,,,,2021-11-23 15:32:43.0,2026-09-01 09:13
29200/04003729,南山区-民办非企业单位的注销登记,信用服务,南山区人民政府,有数据更新时,41,,10,2270,20,无条件开放,主动开放,,,,,2021-11-23 15:35:48.0,2026-09-01 09:13
29200/04003736,南山区-社区健康服务中心疫苗接种点,卫生健康,南山区人民政府,有数据更新时,101,,10,788,26,无条件开放,主动开放,,,,,2021-11-23 16:20:43.0,2024-11-21 01:49
29200/04003739,南山区-社康机构信息,政府机构,南山区人民政府,有数据更新时,145,,39,771,26,无条件开放,主动开放,,,,,2021-11-23 16:36:57.0,2026-09-01 09:15
29200/04003741,南山区-总馆及分馆到馆人数,文体休闲,南山区人民政府,有数据更新时,7,,27,1709,26,无条件开放,主动开放,,,,,2021-11-23 17:28:24.0,2026-09-01 09:22
29200/04003747,南山区-年度荣获五一奖情况,社会发展,南山区人民政府,存档,72,,8,2470,20,无条件开放,主动开放,,,,,2021-11-23 17:48:19.0,2021-11-24 06:17
29200/04003759,南山区-劳模工匠协会,政府机构,南山区人民政府,有数据更新时,18,,2,325,16,无条件开放,主动开放,,,,,2022-08-24 15:42:18.0,2024-01-09 07:08
29200/04003771,南山区-宜居社区,社会发展,南山区人民政府,有数据更新时,36,,1,382,0,有条件开放,主动开放,,,,,2022-08-24 16:16:10.0,2024-01-09 07:01
29200/04003774,南山区-医疗机构批准书信息,政府机构,南山区人民政府,有数据更新时,54,,0,286,0,有条件开放,主动开放,,,,,2022-08-24 16:26:32.0,2024-01-09 07:07
29200/04003775,南山区-空间资源产业用房主体,企业服务,南山区人民政府,有数据更新时,62,,18,475,20,无条件开放,主动开放,,,,,2022-08-24 16:30:47.0,2024-01-09 07:25
29200/04003776,南山区-空间资源产业用房物业管理,企业服务,南山区人民政府,有数据更新时,62,,30,1120,26,无条件开放,主动开放,,,,,2022-08-24 16:51:06.0,2024-01-09 07:26
29200/04003777,南山区-空间资源产业用房配套车位,企业服务,南山区人民政府,有数据更新时,62,,13,338,20,无条件开放,主动开放,,,,,2022-08-24 16:54:39.0,2024-01-09 07:27
29200/04003778,南山区-十大创新工匠信息,社会发展,南山区人民政府,有数据更新时,16,,15,371,16,无条件开放,主动开放,,,,,2022-08-24 16:56:37.0,2024-01-09 07:09
29200/04003791,南山区公共财政支出预算结构表,政府机构,南山区人民政府,有数据更新时,90,,0,2023,0,有条件开放,主动开放,,,,,2022-12-20 10:08:23.0,2022-12-20 06:42
29200/04003793,南山区一般公共预算基本支出经济科目预算表,政府机构,南山区人民政府,有数据更新时,45,,0,1429,0,有条件开放,主动开放,,,,,2022-12-20 10:12:16.0,2022-12-20 06:45
29200/04003795,南山区“三公”经费预算表,政府机构,南山区人民政府,有数据更新时,5,,0,2082,0,有条件开放,主动开放,,,,,2022-12-20 10:15:51.0,2022-12-28 07:02
29200/04003798,专项债分项目余额情况表,政府机构,南山区人民政府,有数据更新时,18,,0,832,0,有条件开放,主动开放,,,,,2022-12-20 10:34:37.0,2022-12-20 07:43
29200/04003799,地方政府债务余额情况表,政府机构,南山区人民政府,有数据更新时,6,,32,1211,0,有条件开放,主动开放,,,,,2022-12-20 10:36:16.0,2022-12-20 07:48
29200/04003800,债券还本付息安排表,政府机构,南山区人民政府,有数据更新时,42,,0,1827,0,有条件开放,主动开放,,,,,2022-12-20 10:38:01.0,2022-12-20 07:55
29200/04003801,还本付息计划表,政府机构,南山区人民政府,有数据更新时,39,,0,2627,0,有条件开放,主动开放,,,,,2022-12-20 10:39:26.0,2022-12-20 07:56
29200/04003804,南山区-公共风险点清单,公共安全,南山区人民政府,有数据更新时,108,,0,485,0,有条件开放,主动开放,,,,,2023-12-06 16:48:26.162,2024-11-20 11:14
29200/04003806,南山区-易制毒企业清单,企业服务,南山区人民政府,有数据更新时,31,,0,414,0,有条件开放,主动开放,,,,,2023-12-06 16:48:26.33,2023-12-07 08:43
29200/04003813,南山区-直管公共厕所信息,生态文明,南山区人民政府,有数据更新时,53,,10,383,20,无条件开放,主动开放,,,,,2023-12-06 16:48:26.819,2023-12-07 08:40
29200/04003814,南山区-管垃圾中转站信息,生态文明,南山区人民政府,有数据更新时,61,,15,492,0,有条件开放,主动开放,,,,,2023-12-06 16:48:26.887,2026-09-01 11:17
29200/04003815,南山区-直管公园信息,生态文明,南山区人民政府,有数据更新时,160,,51,338,20,无条件开放,主动开放,,,,,2023-12-06 16:48:26.951,2026-09-01 09:23
29200/04003818,南山区-社会团体注销登记,政府机构,南山区人民政府,有数据更新时,17,,2,347,18,无条件开放,主动开放,,,,,2023-12-06 16:48:27.366,2026-09-01 09:10
29200/04003819,南山区-社会团体变更登记,政府机构,南山区人民政府,有数据更新时,58,,5,1235,18,无条件开放,主动开放,,,,,2023-12-06 16:48:27.448,2026-09-01 09:09
29200/04003820,南山区-民办非企业单位的变更登记,企业服务,南山区人民政府,有数据更新时,81,,7,325,18,无条件开放,主动开放,,,,,2023-12-06 16:48:27.524,2026-09-01 09:10
29200/04003821,南山区-行业协会名单,政府机构,南山区人民政府,有数据更新时,27,,0,255,0,有条件开放,主动开放,,,,,2023-12-06 16:48:27.592,2026-09-01 09:09
29200/04003823,南山区-民办非学历教育培训机构名单,政府机构,南山区人民政府,有数据更新时,29,,73,680,22,无条件开放,主动开放,,,,,2023-12-06 16:48:27.728,2024-05-15 07:45
29200/04003836,南山区-网格管理机构信息,社会发展,南山区人民政府,有数据更新时,2063,,32,284,20,无条件开放,主动开放,,,,,2023-12-06 16:48:28.962,2023-12-07 06:55
29200/04003839,南山区-医师执业证书核发事项审批结果,劳动人事,南山区人民政府,按年,36420,,7,1440,138,无条件开放,主动开放,,,,,2023-12-06 16:48:29.168,2026-09-01 09:15
29200/04003840,南山区-护士执业证书核发事项审批结果,卫生健康,南山区人民政府,按年,5254,,5,1221,38,无条件开放,主动开放,,,,,2023-12-06 16:48:29.238,2026-09-01 09:15
29200/04003842,南山区-市政城市路政工程,政府机构,南山区人民政府,有数据更新时,1402,,2,419,0,有条件开放,主动开放,,,,,2023-12-06 16:48:29.374,2024-11-20 11:11
29200/04003843,南山区-市政供水处理工程,生态文明,南山区人民政府,有数据更新时,81,,0,264,0,有条件开放,主动开放,,,,,2023-12-06 16:48:29.454,2023-12-07 06:36
29200/04003847,南山区-燃气宣传,公共安全,南山区人民政府,有数据更新时,48,,9,611,20,无条件开放,主动开放,,,,,2023-12-18 15:13:20.0,2026-09-01 09:14
29200/04003849,深圳市南山区气象自动站站点监测数据,公共安全,南山区人民政府,按年,6670544,,62,2187,23219,有条件开放,主动开放,,,,,2024-07-04 17:09:53.316,2024-07-04 10:40
29200/04003853,深圳市南山区公园内服务设施,生态文明,南山区人民政府,有数据更新时,2337,,25,831,0,有条件开放,主动开放,,,,,2024-12-17 15:15:45.0,2026-08-18 03:21
29200/04003855,深圳市南山区城管局市政天桥信息,社会发展,南山区人民政府,有数据更新时,41,,5,1120,0,有条件开放,主动开放,,,,,2024-12-17 15:15:45.0,2026-08-18 03:21
29200/04003856,深圳市南山区环卫市政道路,社会发展,南山区人民政府,有数据更新时,936,,28,3301,0,有条件开放,主动开放,,,,,2024-12-17 15:15:45.0,2024-12-23 05:09
29200/04003858,深圳市南山区台风预警,生态文明,南山区人民政府,有数据更新时,14,,31,622,40,无条件开放,主动开放,,,,,2024-12-17 15:15:45.0,2024-12-23 05:11
29200/04003859,深圳市南山区暴雨预警,生态文明,南山区人民政府,有数据更新时,14,,28,617,20,无条件开放,主动开放,,,,,2024-12-17 15:15:45.0,2024-12-23 05:11
29200/04100769,馆藏开放档案目录,经济建设,深圳市档案局,有数据更新时,11466,,244,17962,362,无条件开放,主动开放,,,,,2017-06-29 17:31:02.0,2023-04-12 08:15
29200/04100990,市档案局-政府公开信息,社会发展,深圳市档案局,有数据更新时,4850,,139,26325,711,无条件开放,主动开放,,,,,2017-12-13 04:42:16.0,2023-06-19 07:42
29200/04103588,国家综合档案馆查档地址,政府机构,深圳市档案局,有数据更新时,49,,173,18408,71,无条件开放,主动开放,,,,,2019-01-02 11:10:23.0,2019-02-28 03:24
29200/04200894,安全评价机构名单及联络方式,公共安全,深圳市应急管理局,有数据更新时,12,,300,9743,57,无条件开放,依申请开放,,,,,2017-07-25 16:02:45.0,2020-12-30 03:20
29200/04200895,安全生产行业协会名单及联系方式,公共安全,深圳市应急管理局,有数据更新时,8,,222,6080,48,无条件开放,依申请开放,,,,,2017-07-25 16:03:51.0,2020-12-30 03:19
29200/04200896,冶金等工贸行业安全生产标准化评审单位名录,公共安全,深圳市应急管理局,有数据更新时,60,,129,10214,55,无条件开放,依申请开放,,,,,2017-07-25 16:05:06.0,2020-12-30 03:15
29200/04203453,安全生产警示教育片,公共安全,深圳市应急管理局,有数据更新时,42,,127,8835,54,无条件开放,主动开放,,,,,2018-12-22 20:01:33.0,2020-08-28 08:58
29200/04203454,安全生产形势分析,公共安全,深圳市应急管理局,有数据更新时,17,,115,8782,52,无条件开放,主动开放,,,,,2018-12-22 20:01:33.0,2020-08-28 08:58
29200/04203456,安全培训考核_培训计划,公共安全,深圳市应急管理局,有数据更新时,228,,65,8093,63,无条件开放,主动开放,,,,,2018-12-22 20:01:34.0,2020-08-28 08:58
29200/04203457,安全生产事故预警信息,公共安全,深圳市应急管理局,有数据更新时,17,,215,8632,67,无条件开放,主动开放,,,,,2018-12-22 20:01:35.0,2020-08-28 08:58
29200/04203458,危险化学品、工贸行业安全生产标准化三级达标企业名单,公共安全,深圳市应急管理局,有数据更新时,1914,,129,7901,79,无条件开放,主动开放,,,,,2018-12-22 20:01:35.0,2020-08-28 08:58
29200/04203459,常见应急物资储备信息,公共安全,深圳市应急管理局,有数据更新时,13,,178,4423,102,无条件开放,依申请开放,,,,,2018-12-22 20:01:35.0,2020-08-28 08:58
29200/04203537,安全培训考核_考试计划,公共安全,深圳市应急管理局,有数据更新时,18,,90,12354,59,无条件开放,主动开放,,,,,2018-12-26 17:57:09.0,2020-08-28 08:57
29200/04203538,安全培训考核_培训机构,公共安全,深圳市应急管理局,有数据更新时,103,,97,7917,50,无条件开放,主动开放,,,,,2018-12-26 17:57:09.0,2020-08-28 08:57
29200/04203540,市级应急预案信息,公共安全,深圳市应急管理局,有数据更新时,10,,167,7001,65,无条件开放,主动开放,,,,,2018-12-26 17:57:10.0,2020-08-28 08:58
29200/04203543,危险化学品经营企业（带储存设施）,社会发展,深圳市应急管理局,有数据更新时,12,,59,5063,107,无条件开放,依申请开放,,,,,2019-11-12 15:25:13.0,2019-11-20 03:40
29200/04203544,危险化学品经营企业（不带储存设施）,社会发展,深圳市应急管理局,有数据更新时,5,,51,5042,109,无条件开放,依申请开放,,,,,2019-11-12 15:25:31.0,2019-11-20 03:40
29200/04203545,深圳市市区两级三防指挥部汛期24小时值班报灾电话,公共安全,深圳市应急管理局,有数据更新时,12,,50,4678,39,无条件开放,主动开放,,,,,2019-11-12 15:26:20.0,2019-11-20 03:40
29200/04203546,深圳市室内应急避难场所,公共安全,深圳市应急管理局,有数据更新时,1776,,203,5527,265,无条件开放,主动开放,,,,,2019-11-12 15:26:47.0,2019-11-20 03:40
29200/04203547,森林火灾情况,公共安全,深圳市应急管理局,有数据更新时,8,,201,3406,4182,无条件开放,主动开放,,,,,2019-11-12 15:27:01.0,2019-11-20 03:39
29200/04203548,地震监测信息,公共安全,深圳市应急管理局,有数据更新时,119,,96,5237,534,无条件开放,主动开放,,,,,2019-11-12 15:28:01.0,2019-11-20 09:38
29200/04203549,应急预案数据,公共安全,深圳市应急管理局,有数据更新时,7,,103,5148,36,无条件开放,依申请开放,,,,,2019-11-12 15:31:41.0,2019-11-20 09:38
29200/04203550,行政复议办事指南,企业服务,深圳市应急管理局,有数据更新时,5,,35,5102,48,无条件开放,主动开放,,,,,2019-11-12 15:32:04.0,2019-11-20 09:38
29200/04203551,“12350”隐患举报热线,公共安全,深圳市应急管理局,有数据更新时,12,,59,4950,36,无条件开放,主动开放,,,,,2019-11-12 15:32:21.0,2019-11-20 09:38
29200/04203552,工贸企业安全生产三级标准化创建标准重点清单,企业服务,深圳市应急管理局,有数据更新时,677,,65,4577,36,无条件开放,主动开放,,,,,2019-11-12 15:32:38.0,2019-11-20 09:38
29200/04203553,双随机、一公开数据的专项计划数据,公共安全,深圳市应急管理局,有数据更新时,186,,40,11926,28,无条件开放,主动开放,,,,,2020-04-29 15:37:54.0,2020-08-28 08:58
29200/04203554,双随机、一公开数据的专项计划抽查的监管对象信息,公共安全,深圳市应急管理局,有数据更新时,11939,,61,14669,393,无条件开放,主动开放,,,,,2020-04-29 15:38:22.0,2020-08-28 08:58
29200/04203555,双随机、一公开数据的年度计划数据,企业服务,深圳市应急管理局,有数据更新时,416,,71,13676,29,无条件开放,主动开放,,,,,2020-04-29 15:38:58.0,2020-08-28 08:58
29200/04203557,法律法规库,企业服务,深圳市应急管理局,有数据更新时,70,,115,9966,143,无条件开放,主动开放,,,,,2020-04-29 15:39:41.0,2020-05-20 09:51
29200/04203558,行政检查行为信息,公共安全,深圳市应急管理局,有数据更新时,11,,27,8464,34,无条件开放,主动开放,,,,,2020-04-29 15:39:58.0,2020-05-20 09:51
29200/04203559,行政处罚行为信息,公共安全,深圳市应急管理局,有数据更新时,20,,56,2502,259,无条件开放,主动开放,,,,,2020-04-29 15:40:18.0,2020-05-20 09:51
29200/04203560,水库（重点部位）防汛防旱防风责任人信息表,公共安全,深圳市应急管理局,有数据更新时,368,,36,3592,47,无条件开放,主动开放,,,,,2020-04-29 15:40:39.0,2020-05-20 09:51
29200/04203567,企业自查隐患表,公共安全,深圳市应急管理局,有数据更新时,29900,,39,1354,55,无条件开放,主动开放,,,,,2021-12-08 15:50:38.0,2021-12-23 03:16
29200/04203570,市应急管理局-应急实施预案名称,公共安全,深圳市应急管理局,有数据更新时,7,,7,439,20,无条件开放,主动开放,,,,,2022-08-26 14:18:23.0,2022-12-14 06:29
29200/04203571,市应急管理局-安全生产培训考核发证培训机构,公共安全,深圳市应急管理局,有数据更新时,52,,8,505,20,无条件开放,主动开放,,,,,2022-08-26 14:20:08.0,2022-12-14 06:30
29200/04203572,市应急管理局-安全生产培训考核发证法规政策,公共安全,深圳市应急管理局,有数据更新时,9,,2,480,20,无条件开放,主动开放,,,,,2022-08-26 14:22:12.0,2022-12-14 06:37
29200/04203573,市应急管理局-安全生产培训考核发证考试大纲,公共安全,深圳市应急管理局,有数据更新时,6,,2,420,20,无条件开放,主动开放,,,,,2022-08-26 14:24:17.0,2022-12-14 06:38
29200/04203574,市应急管理局-安全生产培训考核发证工作指引,公共安全,深圳市应急管理局,有数据更新时,8,,4,464,20,无条件开放,主动开放,,,,,2022-08-26 14:26:08.0,2022-12-14 06:40
29200/04203575,市应急管理局-安全生产培训考核发证常见问答,公共安全,深圳市应急管理局,有数据更新时,7,,6,480,20,无条件开放,主动开放,,,,,2022-08-26 14:27:24.0,2022-12-14 06:41
29200/04203576,市应急管理局-危险化学品企业安全生产标准化达标信息,公共安全,深圳市应急管理局,有数据更新时,164941,,13,2839,126,无条件开放,主动开放,,,,,2023-11-29 15:51:20.264,2023-12-04 10:15
29200/04203577,市应急管理局-化工、医药企业安全生产标准化达标信息,公共安全,深圳市应急管理局,有数据更新时,27100,,13,4753,42,无条件开放,主动开放,,,,,2023-11-29 15:51:20.339,2023-12-04 10:16
29200/04203578,市应急管理局-危险化学品生产企业安全生产许可证注销信息,公共安全,深圳市应急管理局,有数据更新时,377747,,6,4398,648,无条件开放,主动开放,,,,,2023-11-29 15:51:20.408,2023-12-05 10:29
29200/04203579,市应急管理局-危险化学品生产企业安全生产许可证核发（变更）信息,公共安全,深圳市应急管理局,有数据更新时,378690,,13,6236,486,无条件开放,主动开放,,,,,2023-11-29 15:51:20.477,2023-12-05 10:28
29200/04203580,市应急管理局-危险化学品经营许可证注销信息,公共安全,深圳市应急管理局,有数据更新时,376804,,5,7132,648,无条件开放,主动开放,,,,,2023-11-29 15:51:20.547,2023-12-05 10:28
29200/04203581,市应急管理局-危险化学品经营许可证核发（变更）信息,公共安全,深圳市应急管理局,有数据更新时,377747,,11,7213,1340,无条件开放,主动开放,,,,,2023-11-29 15:51:20.62,2023-12-05 10:28
29200/04203582,市应急管理局-2022年度行政许可信息,公共安全,深圳市应急管理局,有数据更新时,5,,3,576,20,无条件开放,主动开放,,,,,2023-11-29 15:51:20.68,2023-12-05 10:27
29200/04203583,市应急管理局-2022年度行政处罚信息,公共安全,深圳市应急管理局,有数据更新时,10,,10,485,78,无条件开放,主动开放,,,,,2023-11-29 15:51:20.736,2023-12-05 10:27
29200/04203584,市应急管理局-2022年度行政强制信息,公共安全,深圳市应急管理局,有数据更新时,5,,4,372,20,无条件开放,主动开放,,,,,2023-11-29 15:51:20.804,2023-12-05 10:27
29200/04203585,市应急管理局-森林消防（应急处置）队伍,政府机构,深圳市应急管理局,有数据更新时,12,,18,343,21,无条件开放,主动开放,,,,,2023-11-29 15:51:20.871,2023-12-05 10:26
29200/04203586,深圳市应急管理局特种作业操作资格证核发数量统计（新申请）,公共安全,深圳市应急管理局,有数据更新时,12,,1,481,20,无条件开放,主动开放,,,,,2024-10-16 15:29:01.656,2024-11-01 10:11
29200/04203587,深圳市应急管理局特种作业操作资格证核发数量统计（复审）,公共安全,深圳市应急管理局,有数据更新时,12,,1,472,20,无条件开放,主动开放,,,,,2024-10-16 15:29:01.854,2024-11-05 06:44
29200/04203590,深圳市应急管理局安全培训机构变更信息（新增）,公共安全,深圳市应急管理局,有数据更新时,3,,5,566,20,无条件开放,主动开放,,,,,2025-01-20 14:56:31.178,2025-01-20 06:56
29200/04203591,深圳市应急管理局安全培训机构变更信息（变更）,公共安全,深圳市应急管理局,有数据更新时,5,,3,1203,20,无条件开放,主动开放,,,,,2025-01-20 14:58:39.925,2025-01-20 06:58
29200/04203592,深圳市应急管理局安全培训机构变更信息（撤销）,公共安全,深圳市应急管理局,有数据更新时,38,,2,1276,20,无条件开放,主动开放,,,,,2025-01-20 14:59:45.249,2025-01-20 06:59
29200/04203594,深圳市应急管理局工贸行业安全生产标准化三级达标企业,公共安全,深圳市应急管理局,有数据更新时,550,,19,939,20,无条件开放,主动开放,,,,,2024-10-16 15:29:02.511,2024-11-01 09:56
29200/04203600,深圳市应急管理服务站信息,政府机构,深圳市应急管理局,有数据更新时,2593,,0,579,0,有条件开放,主动开放,,,,,2026-07-14 15:24:09.367,2026-07-14 07:24
29200/04300770,市游览参观点门票价格目表,文体休闲,深圳市发展和改革委员会,有数据更新时,50,,330,16928,61,无条件开放,主动开放,,,,,2017-07-11 15:25:50.0,2021-05-17 08:53
29200/04300771,机动车停车收费,交通运输,深圳市发展和改革委员会,有数据更新时,377,,802,10972,77,无条件开放,主动开放,,,,,2017-07-11 15:28:47.0,2021-05-17 08:53
29200/04300772,居民生活用水价格,社会发展,深圳市发展和改革委员会,有数据更新时,29,,758,12106,89,无条件开放,主动开放,,,,,2017-07-11 15:38:54.0,2021-05-17 08:53
29200/04300773,殡葬基本服务项目及标准,卫生健康,深圳市发展和改革委员会,有数据更新时,101,,105,8865,61,无条件开放,主动开放,,,,,2017-07-11 15:40:45.0,2021-05-17 08:53
29200/04301012,高校中职学校学生住宿费标准,教育科技,深圳市发展和改革委员会,有数据更新时,12,,198,9938,55,无条件开放,主动开放,,,,,2017-12-14 00:31:29.0,2021-05-17 08:53
29200/04301013,深圳市普通高校收费标准表,教育科技,深圳市发展和改革委员会,有数据更新时,27,,337,11124,59,无条件开放,主动开放,,,,,2017-12-14 00:34:35.0,2020-12-03 08:11
29200/04301014,深圳大学全日制普通本科生各专业学分制学费,教育科技,深圳市发展和改革委员会,有数据更新时,465,,254,8238,60,无条件开放,主动开放,,,,,2017-12-14 00:37:15.0,2020-12-03 08:35
29200/04301015,深圳市中小学收费标准,教育科技,深圳市发展和改革委员会,有数据更新时,30,,597,20980,72,无条件开放,主动开放,,,,,2017-12-14 00:39:35.0,2020-12-03 08:36
29200/04302910,社会投资项目核准信息,经济建设,深圳市发展和改革委员会,有数据更新时,3342,,789,14024,347,无条件开放,主动开放,,,,,2018-04-13 15:16:19.0,2020-12-03 08:36
29200/04303029,定期价格监测信息,三农服务,深圳市发展和改革委员会,有数据更新时,2585,,751,21928,4929,无条件开放,主动开放,,,,,2018-06-15 10:28:49.0,2026-07-22 03:20
29200/04303030,年度重大建设项目计划,经济建设,深圳市发展和改革委员会,有数据更新时,3264,,345,6364,283,无条件开放,主动开放,,,,,2018-06-15 10:33:37.0,2021-05-17 08:54
29200/04303031,市发展和改革委员会-行政许可信息,企业服务,深圳市发展和改革委员会,有数据更新时,436,,485,14340,300,无条件开放,主动开放,,,,,2018-06-15 10:37:36.0,2021-05-17 08:55
29200/04303079,深圳市公办学校收费标准,教育科技,深圳市发展和改革委员会,有数据更新时,42,,385,8356,125,无条件开放,主动开放,,,,,2018-06-26 14:01:48.0,2021-05-17 08:54
29200/04303080,深圳市咨询单位资格名录,财税金融,深圳市发展和改革委员会,有数据更新时,377,,223,6942,99,无条件开放,依申请开放,,,,,2018-06-26 14:09:30.0,2021-05-17 08:54
29200/04303082,实行政府定价的社会公共类停车收费标准,交通运输,深圳市发展和改革委员会,有数据更新时,40,,614,13595,99,无条件开放,主动开放,,,,,2018-06-26 14:18:59.0,2021-05-17 08:54
29200/04303083,市发展和改革委员会-行政处罚信息,政府机构,深圳市发展和改革委员会,有数据更新时,5,,235,8945,219,无条件开放,依申请开放,,,,,2018-06-26 14:23:53.0,2024-09-04 06:44
29200/04303115,地方审批事项办理状态信息表,企业服务,深圳市发展和改革委员会,有数据更新时,2580,,53,6361,110,无条件开放,依申请开放,,,,,2018-06-28 15:17:00.0,2020-12-03 08:41
29200/04303266,菜篮子平均零售价,社会发展,深圳市发展和改革委员会,有数据更新时,3126,,643,10158,682,无条件开放,主动开放,,,,,2018-12-19 20:11:51.0,2026-07-22 03:20
29200/04303267,出租车收费标准,交通运输,深圳市发展和改革委员会,有数据更新时,15,,657,14452,64,无条件开放,主动开放,,,,,2018-12-19 20:11:52.0,2021-05-17 08:54
29200/04303268,公共汽车收费标准,交通运输,深圳市发展和改革委员会,有数据更新时,447,,320,11024,83,无条件开放,主动开放,,,,,2018-12-19 20:11:52.0,2021-05-17 08:54
29200/04303269,深圳市行政事业性收费目录清单,政府机构,深圳市发展和改革委员会,有数据更新时,126,,85,6887,87,无条件开放,主动开放,,,,,2018-12-19 20:11:52.0,2021-05-17 08:54
29200/04303270,天然气阶梯收费标准,财税金融,深圳市发展和改革委员会,有数据更新时,16,,101,3383,132,无条件开放,主动开放,,,,,2018-12-19 20:11:52.0,2021-05-17 08:54
29200/04303271,政府定价的经营服务性收费目录清单,政府机构,深圳市发展和改革委员会,有数据更新时,44,,108,2937,95,无条件开放,主动开放,,,,,2018-12-19 20:11:53.0,2021-05-17 08:54
29200/04303272,污水处理费标准,财税金融,深圳市发展和改革委员会,有数据更新时,22,,141,4231,51,无条件开放,主动开放,,,,,2018-12-19 20:11:53.0,2021-05-17 08:54
29200/04303273,年度重大建设项目信息,经济建设,深圳市发展和改革委员会,有数据更新时,12116,,54,13831,633,无条件开放,主动开放,,,,,2019-07-23 14:05:07.0,2025-03-07 08:06
29200/04303274,投资项目验收结果公示,政府机构,深圳市发展和改革委员会,有数据更新时,126,,10,5725,149,有条件开放,依申请开放,,,,,2019-08-30 17:44:02.0,2019-09-02 06:48
29200/04303275,可行性研究报告公开,经济建设,深圳市发展和改革委员会,有数据更新时,400,,27,7390,4,有条件开放,依申请开放,,,,,2019-08-30 17:44:38.0,2019-09-02 06:48
29200/04303276,项目建议书公示,经济建设,深圳市发展和改革委员会,有数据更新时,144,,19,6550,10,有条件开放,依申请开放,,,,,2019-08-30 17:46:31.0,2019-09-02 06:48
29200/04303277,事项目录公示,政府机构,深圳市发展和改革委员会,有数据更新时,28,,1,6545,4,有条件开放,依申请开放,,,,,2019-08-30 18:50:40.0,2019-09-02 06:48
29200/04303278,月度肉蛋平均零售价,社会发展,深圳市发展和改革委员会,按月,517,,86,22577,947,无条件开放,主动开放,,,,,2019-09-30 10:58:06.0,2026-07-22 03:39
29200/04303279,月度蔬菜平均零售价,社会发展,深圳市发展和改革委员会,按月,1295,,75,19269,1171,无条件开放,主动开放,,,,,2019-09-30 10:58:26.0,2026-07-22 03:39
29200/04303280,月度水产品平均零售价,社会发展,深圳市发展和改革委员会,按月,301,,25,19980,824,无条件开放,主动开放,,,,,2019-09-30 10:59:00.0,2026-07-22 03:20
29200/04303281,月度牛奶平均零售价,社会发展,深圳市发展和改革委员会,按月,77,,4,18480,785,无条件开放,主动开放,,,,,2019-09-30 10:59:17.0,2026-07-22 03:20
29200/04303282,公共汽车收费标准-一票制信息,交通运输,深圳市发展和改革委员会,有数据更新时,386,,31,11314,30,无条件开放,主动开放,,,,,2019-09-30 10:59:38.0,2025-04-02 07:50
29200/04303283,公共汽车收费标准-分段票制信息,交通运输,深圳市发展和改革委员会,有数据更新时,68,,57,8426,33,无条件开放,主动开放,,,,,2019-09-30 10:59:56.0,2025-04-02 07:50
29200/04303284,道路客运价格,交通运输,深圳市发展和改革委员会,有数据更新时,14,,6,4314,13,有条件开放,依申请开放,,,,,2019-09-30 11:00:14.0,2019-10-09 02:06
29200/04303288,有线电视资费信息,经济建设,深圳市发展和改革委员会,有数据更新时,14,,0,10742,5,有条件开放,依申请开放,,,,,2020-06-02 16:16:00.0,2020-06-08 07:04
29200/04303289,涉税财物价格认定,经济建设,深圳市发展和改革委员会,有数据更新时,10,,0,9173,2,有条件开放,依申请开放,,,,,2020-06-02 16:16:28.0,2020-06-08 07:04
29200/04303290,涉案财物价格认定,经济建设,深圳市发展和改革委员会,有数据更新时,10,,1,7442,2,有条件开放,依申请开放,,,,,2020-06-02 16:17:50.0,2020-06-08 07:04
29200/04303291,市场准入负面清单,经济建设,深圳市发展和改革委员会,有数据更新时,1136,,7,6334,2,有条件开放,依申请开放,,,,,2020-06-02 16:18:10.0,2020-06-08 07:04
29200/04303292,项目节能审查意见,经济建设,深圳市发展和改革委员会,有数据更新时,68,,12,6905,2,有条件开放,依申请开放,,,,,2020-06-02 16:18:24.0,2020-06-08 07:03
29200/04303293,企业投资项目备案—新增,经济建设,深圳市发展和改革委员会,有数据更新时,76,,23,13807,71,有条件开放,依申请开放,,,,,2020-06-02 16:19:21.0,2020-06-08 07:03
29200/04303294,企业投资项目备案—变更,经济建设,深圳市发展和改革委员会,有数据更新时,12,,3,7568,2,有条件开放,依申请开放,,,,,2020-06-02 16:19:38.0,2020-06-08 07:03
29200/04303295,企业投资项目备案—延期,经济建设,深圳市发展和改革委员会,有数据更新时,10,,6,9590,2,有条件开放,依申请开放,,,,,2020-06-02 16:19:56.0,2020-06-08 07:03
29200/04303296,市发改年度年重大项目名录,政府机构,深圳市发展和改革委员会,有数据更新时,3392,,174,6062,82,无条件开放,主动开放,,,,,2021-12-13 18:33:03.0,2022-01-10 09:53
29200/04303297,市发改重大项目进展情况,政府机构,深圳市发展和改革委员会,有数据更新时,20,,110,5649,34,无条件开放,主动开放,,,,,2021-12-13 18:38:16.0,2022-01-12 08:07
29200/04303298,市发改行政检查,政府机构,深圳市发展和改革委员会,有数据更新时,40,,21,6105,58,无条件开放,主动开放,,,,,2021-12-13 18:40:49.0,2022-01-12 08:08
29200/04303299,市发改规范性文件目录,政府机构,深圳市发展和改革委员会,有数据更新时,34,,69,6074,26,无条件开放,主动开放,,,,,2021-12-13 18:45:25.0,2022-01-12 08:08
29200/04303300,市发改产业扶持计划项目验收结果,政府机构,深圳市发展和改革委员会,有数据更新时,620,,69,2108,26,无条件开放,主动开放,,,,,2021-12-13 18:47:08.0,2022-01-12 08:15
29200/04303301,市发改部门预决算三公经费支出,政府机构,深圳市发展和改革委员会,有数据更新时,16,,29,2165,62,无条件开放,主动开放,,,,,2021-12-13 18:49:22.0,2022-01-12 08:47
29200/04303302,市发改政府网站工作年度报表,政府机构,深圳市发展和改革委员会,有数据更新时,18,,78,3426,26,无条件开放,主动开放,,,,,2021-12-13 18:52:07.0,2022-01-12 08:51
29200/04303303,市发展改革委-2021年储备粮油秋季安全普查,政府机构,深圳市发展和改革委员会,有数据更新时,12,,15,2368,20,无条件开放,主动开放,,,,,2022-07-12 10:37:28.0,2022-12-19 11:21
29200/04303304,市发展改革委-深圳市粮食应急保障企业名单,政府机构,深圳市发展和改革委员会,有数据更新时,128,,32,2537,58,无条件开放,主动开放,,,,,2022-07-12 10:57:33.0,2022-12-19 11:27
29200/04303305,市发展改革委-深圳市2021年固定资产节能监督检查,政府机构,深圳市发展和改革委员会,有数据更新时,12,,28,1877,20,无条件开放,主动开放,,,,,2022-08-17 10:10:56.0,2022-12-14 02:31
29200/04303306,市发展改革委-执法人员信息,政府机构,深圳市发展和改革委员会,有数据更新时,30,,19,5758,20,无条件开放,主动开放,,,,,2022-08-17 10:13:09.0,2022-12-14 02:44
29200/04303307,市发展改革委-深圳市涉企行政事业性收费目录清单,政府机构,深圳市发展和改革委员会,有数据更新时,126,,22,6447,20,无条件开放,主动开放,,,,,2022-08-17 10:16:09.0,2022-12-06 11:00
29200/04303308,市发展改革委-深圳市公办公营养老机构养老服务收费标准表,政府机构,深圳市发展和改革委员会,有数据更新时,10,,58,6048,20,无条件开放,主动开放,,,,,2022-08-17 10:18:32.0,2022-12-13 08:35
29200/04303309,市发展改革委-有效规范性文件目录（截至2021年12月发布规范性文件）,政府机构,深圳市发展和改革委员会,有数据更新时,34,,30,6486,20,无条件开放,主动开放,,,,,2022-08-17 10:21:35.0,2022-12-07 10:24
29200/04303310,市发展改革委-深圳市全日制公办幼儿园收费标准表,政府机构,深圳市发展和改革委员会,有数据更新时,20,,94,6079,20,无条件开放,主动开放,,,,,2022-08-17 10:27:22.0,2022-12-19 11:31
29200/04303311,深圳市发展和改革委员会-总部企业租房与购房补助名单公示,政府机构,深圳市发展和改革委员会,有数据更新时,132,,28,325,20,无条件开放,主动开放,,,,,2023-11-13 14:35:30.0,2023-11-13 07:01
29200/04303312,深圳市发展和改革委员会-深圳市营商环境建设优秀案例评选结果（市级）,政府机构,深圳市发展和改革委员会,有数据更新时,20,,9,257,20,无条件开放,主动开放,,,,,2023-11-13 14:35:30.0,2023-11-13 07:02
29200/04303313,深圳市发展和改革委员会-深圳市营商环境建设优秀案例评选结果（区级）,政府机构,深圳市发展和改革委员会,有数据更新时,20,,12,258,20,无条件开放,主动开放,,,,,2023-11-13 14:35:30.0,2023-11-13 07:05
29200/04303314,深圳市发展和改革委员会-药品和医疗器械市场准入专项扶持申报拟资助项目公示,政府机构,深圳市发展和改革委员会,有数据更新时,32,,26,380,20,无条件开放,主动开放,,,,,2023-11-13 14:35:30.0,2023-11-13 07:07
29200/04303315,深圳市发展和改革委员会-新兴产业扶持计划项目验收结果汇总表,政府机构,深圳市发展和改革委员会,有数据更新时,40,,21,605,20,无条件开放,主动开放,,,,,2023-11-13 14:35:30.0,2023-11-13 07:10
29200/04303317,深圳市发展和改革委员会-行政事业性收费目录清单,政府机构,深圳市发展和改革委员会,有数据更新时,130,,10,595,32,无条件开放,主动开放,,,,,2023-11-13 14:35:30.0,2023-11-13 07:14
29200/04303318,深圳市发展和改革委员会-涉企行政事业性收费目录清单,政府机构,深圳市发展和改革委员会,有数据更新时,34,,7,576,32,无条件开放,主动开放,,,,,2023-11-13 14:35:30.0,2023-11-13 07:17
29200/04303319,深圳市发展和改革委员会-行政处罚自由裁量权裁量适用标准（粮食储备类）,政府机构,深圳市发展和改革委员会,有数据更新时,86,,11,660,32,无条件开放,主动开放,,,,,2023-11-13 14:35:30.0,2023-11-13 07:27
29200/04303320,深圳市发展和改革委员会-行政处罚自由裁量权裁量适用标准（电力管理类）,政府机构,深圳市发展和改革委员会,有数据更新时,42,,22,669,20,无条件开放,主动开放,,,,,2023-11-13 14:35:30.0,2023-11-13 07:30
29200/04303321,深圳市发展和改革委员会-内设及直属机构,政府机构,深圳市发展和改革委员会,有数据更新时,50,,19,654,22,无条件开放,主动开放,,,,,2023-11-13 14:35:30.0,2023-11-13 07:31
29200/04303322,深圳市发展和改革委员会战略性新兴产业注册许可认证扶持计划拟资助项目公示数据,政府机构,深圳市发展和改革委员会,有数据更新时,5,,8,410,20,无条件开放,主动开放,,,,,2024-11-19 14:48:04.592,2024-12-26 07:03
29200/04303323,深圳市发展和改革委员会总部企业租购房补助和落户奖的公示数据,政府机构,深圳市发展和改革委员会,有数据更新时,60,,14,540,20,无条件开放,主动开放,,,,,2024-11-19 14:48:06.34,2024-12-26 07:07
29200/04303324,深圳市发展和改革委员会战略性新兴产业扶持计划安全节能环保领域拟资助项目公示数据,政府机构,深圳市发展和改革委员会,有数据更新时,1,,16,443,20,无条件开放,主动开放,,,,,2024-11-19 14:48:06.457,2025-01-16 02:37
29200/04303325,深圳市发展和改革委员会战略性新兴产业扶持计划生物医药、高端医疗器械、大健康领域拟资助项目公示数据,政府机构,深圳市发展和改革委员会,有数据更新时,11,,31,515,20,无条件开放,主动开放,,,,,2024-11-19 14:48:06.549,2024-12-26 07:12
29200/04303326,深圳市发展和改革委员会战略性新兴产业扶持计划半导体与集成电路领域拟资助项目公示数据,政府机构,深圳市发展和改革委员会,有数据更新时,4,,31,448,20,无条件开放,主动开放,,,,,2024-11-19 14:48:06.645,2024-12-26 07:14
29200/04303327,深圳市发展和改革委员会月度后腿肉平均零售价数据,政府机构,深圳市发展和改革委员会,有数据更新时,71,,13,114,8,无条件开放,主动开放,,,,,2024-11-19 14:48:00.0,2026-07-22 02:59
29200/04303328,深圳市发展和改革委员会月度活鲤鱼平均零售价数据,政府机构,深圳市发展和改革委员会,按月,72,,14,1681,18,无条件开放,主动开放,,,,,2024-11-19 14:48:06.832,2026-07-22 03:03
29200/04303329,深圳市发展和改革委员会月度生姜平均零售价数据,政府机构,深圳市发展和改革委员会,有数据更新时,72,,20,1634,99,无条件开放,主动开放,,,,,2024-11-19 14:48:06.924,2026-07-22 02:59
29200/04303330,深圳市发展和改革委员会月度蒜头平均零售价数据,政府机构,深圳市发展和改革委员会,有数据更新时,72,,12,1518,18,无条件开放,主动开放,,,,,2024-11-19 14:48:07.014,2026-07-22 02:59
29200/04303331,深圳市发展和改革委员会月度五花肉平均零售价数据,政府机构,深圳市发展和改革委员会,有数据更新时,72,,79,1765,22,无条件开放,主动开放,,,,,2024-11-19 14:48:07.099,2026-07-22 02:59
29200/04503154,税务局-行政许可公示,政府机构,国家税务总局深圳市税务局,有数据更新时,552219,,185,9953,31217,无条件开放,主动开放,,,,,2019-10-30 19:29:27.0,2024-11-20 09:22
29200/04601020,深圳依法批设的交易场所名录,政府机构,深圳市地方金融管理局,有数据更新时,21,,1107,12012,165,无条件开放,主动开放,,,,,2017-12-14 23:07:17.0,2026-08-25 09:16
29200/04601021,深圳市小额贷款公司名录,政府机构,深圳市地方金融管理局,有数据更新时,116,,6105,21502,818,无条件开放,主动开放,,,,,2017-12-14 23:08:50.0,2020-11-24 08:14
29200/04603170,深圳市融资性担保机构名录,政府机构,深圳市地方金融管理局,有数据更新时,184,,3753,17505,281,无条件开放,主动开放,,,,,2018-11-14 13:25:24.0,2026-08-25 09:16
29200/04603171,深圳市创业投资企业备案名录,政府机构,深圳市地方金融管理局,有数据更新时,65,,1439,6578,39,无条件开放,主动开放,,,,,2018-11-14 13:36:00.0,2026-08-25 09:18
29200/04603172,深圳市外商投资股权投资试点企业名录,政府机构,深圳市地方金融管理局,有数据更新时,208,,1336,11286,176,无条件开放,主动开放,,,,,2018-11-14 14:12:10.0,2026-08-25 09:17
29200/04603174,深圳市典当行企业名录,政府机构,深圳市地方金融管理局,有数据更新时,148,,1004,12415,184,无条件开放,主动开放,,,,,2018-11-14 14:24:28.0,2026-08-25 09:17
29200/04603602,市地方金融监管局-行政许可信息,政府机构,深圳市地方金融管理局,有数据更新时,128,,1352,18378,152,无条件开放,主动开放,,,,,2019-01-09 12:08:28.0,2026-08-25 09:12
29200/04603603,网络借贷信息中介机构失信人信息表,政府机构,深圳市地方金融管理局,存档,375,,395,9894,180,无条件开放,主动开放,,,,,2019-11-18 16:38:19.0,2025-08-11 08:06
29200/04603604,深圳市网贷机构清零名单,政府机构,深圳市地方金融管理局,存档,264,,523,5139,132,无条件开放,主动开放,,,,,2019-11-18 16:40:01.0,2025-08-11 08:06
29200/04603607,深圳市金融创新奖获奖名录,政府机构,深圳市地方金融管理局,存档,483,,259,8045,45,无条件开放,主动开放,,,,,2019-11-18 16:41:07.0,2026-02-10 10:39
29200/04603613,金融机构办公租（购）房补贴奖励,政府机构,深圳市地方金融管理局,存档,98,,168,5621,43,无条件开放,主动开放,,,,,2020-06-01 15:49:50.0,2026-02-10 10:39
29200/04603614,金融机构一次性落户奖励,政府机构,深圳市地方金融管理局,存档,52,,108,1841,37,无条件开放,主动开放,,,,,2020-06-01 15:50:03.0,2026-02-10 10:39
29200/04603615,金融机构一次性增资奖励,政府机构,深圳市地方金融管理局,存档,36,,84,2759,37,无条件开放,主动开放,,,,,2020-06-01 15:50:17.0,2026-02-10 10:39
29200/04603616,股权投资基金业落户奖励,政府机构,深圳市地方金融管理局,存档,24,,165,2758,43,无条件开放,主动开放,,,,,2020-06-01 15:50:29.0,2025-08-11 08:06
29200/04603617,网贷业务机构失联名单,政府机构,深圳市地方金融管理局,存档,43,,165,4152,125,无条件开放,主动开放,,,,,2020-06-01 15:50:40.0,2025-08-11 08:06
29200/04603618,网贷业务机构清退名单,政府机构,深圳市地方金融管理局,存档,232,,250,4540,131,无条件开放,主动开放,,,,,2020-06-01 15:50:53.0,2025-08-11 08:06
29200/04603621,全球知名高校在校大学生实习补贴名单,财税金融,深圳市地方金融管理局,存档,108,,91,1932,26,无条件开放,主动开放,,,,,2021-12-08 15:59:24.0,2026-02-13 01:46
29200/04603622,金融从业人员职业素质提升奖励补贴名单,财税金融,深圳市地方金融管理局,存档,329,,99,2073,26,无条件开放,主动开放,,,,,2021-12-08 16:31:18.0,2026-02-10 10:39
29200/04603623,股权投资机构一次性落户奖励,财税金融,深圳市地方金融管理局,存档,19,,60,1307,24,无条件开放,主动开放,,,,,2021-12-08 16:35:02.0,2025-08-11 08:06
29200/04603624,企业发债融资补贴,财税金融,深圳市地方金融管理局,存档,42,,34,1533,20,无条件开放,主动开放,,,,,2021-12-08 16:40:41.0,2026-03-24 02:32
29200/04603625,股权投资基金管理企业办公租购房补贴奖励,财税金融,深圳市地方金融管理局,存档,16,,19,1181,30,无条件开放,主动开放,,,,,2021-12-08 17:06:00.0,2025-08-11 08:07
29200/04603626,非正常经营类融资租赁公司名单,财税金融,深圳市地方金融管理局,按年,1310,,248,2143,31,无条件开放,主动开放,,,,,2021-12-08 17:10:51.0,2026-09-01 08:23
29200/04603627,非正常经营类商业保理公司名单,财税金融,深圳市地方金融管理局,按年,2268,,300,2830,39,无条件开放,主动开放,,,,,2021-12-08 17:13:53.0,2026-09-01 08:25
29200/04603629,深圳市地方金融管理局-金融租赁公司融资奖励,财税金融,深圳市地方金融管理局,存档,7,,61,824,21,无条件开放,主动开放,,,,,2022-11-28 09:57:09.0,2026-02-10 10:39
29200/04603630,深圳市地方金融管理局-金融驿站信息,财税金融,深圳市地方金融管理局,存档,164,,200,1007,25,无条件开放,主动开放,,,,,2022-11-28 09:59:25.0,2026-02-10 10:39
29200/04603631,深圳市地方金融管理局-融资担保公司增加注册资本备案,财税金融,深圳市地方金融管理局,有数据更新时,28,,103,2071,24,无条件开放,主动开放,,,,,2022-11-28 10:01:54.0,2026-08-25 09:17
29200/04603632,深圳市地方金融管理局-深圳市小微企业融资担保业务降费奖补资金拨付明细表,财税金融,深圳市地方金融管理局,存档,41,,71,801,20,无条件开放,主动开放,,,,,2022-11-25 10:04:57.0,2026-02-10 10:39
29200/04603633,深圳市地方金融监督管理局-深圳市合格境内投资者境外投资试点（QDIE）资格企业名录,财税金融,深圳市地方金融管理局,有数据更新时,36,,522,1370,25,无条件开放,主动开放,,,,,2022-11-28 10:10:45.0,2026-08-25 09:18
29200/04603635,深圳市地方金融管理局-人大建议回复信息,财税金融,深圳市地方金融管理局,有数据更新时,143,,39,838,20,无条件开放,主动开放,,,,,2022-11-28 10:19:02.0,2026-08-25 09:14
29200/04603636,深圳市地方金融管理局-深圳市金融政策文件信息,财税金融,深圳市地方金融管理局,有数据更新时,128,,286,1193,20,无条件开放,主动开放,,,,,2022-11-25 15:25:27.0,2026-08-25 09:15
29200/04603642,深圳市地方金融管理局-深圳市环境信息披露金融机构名单,财税金融,深圳市地方金融管理局,有数据更新时,339,,225,2470,26,无条件开放,主动开放,,,,,2023-08-29 15:14:08.0,2026-08-25 09:15
29200/04603643,深圳市地方金融管理局-深圳市空壳小额贷款企业名录,财税金融,深圳市地方金融管理局,有数据更新时,49,,239,2319,25,无条件开放,主动开放,,,,,2023-08-29 15:14:08.0,2026-08-25 09:12
29200/04603644,深圳市地方金融管理局-政府网站工作年度报表,财税金融,深圳市地方金融管理局,存档,7,,81,1444,20,无条件开放,主动开放,,,,,2023-08-29 15:14:08.0,2026-05-09 06:26
29200/04603645,深圳市地方金融管理局-一般公共预算“三公”经费预算情况,财税金融,深圳市地方金融管理局,有数据更新时,7,,31,2447,20,无条件开放,主动开放,,,,,2023-08-29 15:14:08.0,2026-08-25 09:14
29200/04603646,深圳市地方金融管理局-部门预算支出情况,财税金融,深圳市地方金融管理局,有数据更新时,7,,24,2764,20,无条件开放,主动开放,,,,,2023-08-29 15:14:09.0,2026-08-25 09:13
29200/04603647,深圳市地方金融管理局-政府采购预算情况,财税金融,深圳市地方金融管理局,有数据更新时,7,,20,2006,20,无条件开放,主动开放,,,,,2023-08-29 15:14:09.0,2026-08-25 09:14
29200/04603648,深圳市正常经营类商业保理企业名单,财税金融,深圳市地方金融管理局,有数据更新时,279,,6,167,14,无条件开放,主动开放,,,,,2026-08-21 10:01:18.022,2026-08-21 02:01
29200/04603649,深圳市正常经营类融资租赁企业名单,财税金融,深圳市地方金融管理局,有数据更新时,120,,19,158,8,无条件开放,主动开放,,,,,2026-08-20 18:29:32.0,2026-08-21 03:45
29200/04603650,深圳市地方资产管理公司名录,财税金融,深圳市地方金融管理局,有数据更新时,2,,8,101,8,无条件开放,主动开放,,,,,2026-08-21 09:44:04.22,2026-08-21 01:44
29200/04702945,龙华区-普通中学一览表,社会发展,龙华区人民政府,有数据更新时,20,,462,9693,86,无条件开放,主动开放,,,,,2018-05-28 13:16:24.0,2020-11-30 09:04
29200/04702946,龙华区-幼儿园一览表,社会发展,龙华区人民政府,有数据更新时,482,,661,11677,89,无条件开放,主动开放,,,,,2018-05-28 13:34:10.0,2020-11-30 09:04
29200/04702947,龙华区-小学一览表,社会发展,龙华区人民政府,有数据更新时,68,,884,12901,74,无条件开放,主动开放,,,,,2018-05-28 13:49:11.0,2020-11-30 09:04
29200/04703664,龙华区-公共图书馆,社会发展,龙华区人民政府,有数据更新时,149,,140,5075,41,无条件开放,主动开放,,,,,2019-01-24 11:39:16.0,2019-08-07 09:45
29200/04703667,龙华区-应急管理预警公告 ,公共安全,龙华区人民政府,有数据更新时,186,,65,6797,46,无条件开放,主动开放,,,,,2019-07-16 17:40:10.0,2019-07-17 06:35
29200/04703669,龙华区-统计公报数据集,经济建设,龙华区人民政府,有数据更新时,31,,208,5877,38,无条件开放,主动开放,,,,,2019-07-16 17:43:06.0,2019-07-29 06:28
29200/04703671,龙华区-社康中心,卫生健康,龙华区人民政府,有数据更新时,175,,101,5294,41,无条件开放,主动开放,,,,,2019-07-16 17:45:17.0,2019-07-17 06:35
29200/04703672,龙华区-图书馆,文体休闲,龙华区人民政府,有数据更新时,86,,110,5212,41,无条件开放,主动开放,,,,,2019-07-16 17:46:17.0,2019-07-17 06:34
29200/04703684,龙华区-残疾人康复服务定点机构名单,社会发展,龙华区人民政府,有数据更新时,36,,48,4229,44,无条件开放,主动开放,,,,,2019-10-24 14:56:52.0,2019-10-29 02:26
29200/04703685,龙华区-残疾人综合（职业）康复服务中心,社会发展,龙华区人民政府,有数据更新时,6,,52,4500,44,无条件开放,主动开放,,,,,2019-10-24 14:57:11.0,2019-10-29 02:26
29200/04703691,龙华区-城乡建设、环境保护-房地产-房地产经济,经济建设,龙华区人民政府,有数据更新时,5,,379,5505,44,无条件开放,主动开放,,,,,2019-10-24 14:59:30.0,2019-10-29 02:26
29200/04703692,龙华区-环境保护-房地产-房地产经济,经济建设,龙华区人民政府,有数据更新时,5,,379,3072,44,无条件开放,主动开放,,,,,2019-10-24 14:59:46.0,2019-10-29 02:26
29200/04703695,龙华区-旅行社分社一览表,文体休闲,龙华区人民政府,有数据更新时,24,,50,3255,38,无条件开放,主动开放,,,,,2019-10-24 15:00:43.0,2019-10-29 02:26
29200/04703696,龙华区-旅行社基本情况一览表,企业服务,龙华区人民政府,有数据更新时,50,,64,3787,38,无条件开放,主动开放,,,,,2019-10-24 15:01:09.0,2019-10-29 02:26
29200/04703709,龙华区-财税收入、交通、供水及售电量,财税金融,龙华区人民政府,有数据更新时,6,,162,4557,65,无条件开放,主动开放,,,,,2019-10-24 15:06:46.0,2019-10-29 02:25
29200/04703710,龙华区-规模以上服务业营业收入,经济建设,龙华区人民政府,按年,92,,158,3934,42,无条件开放,主动开放,,,,,2019-10-24 15:07:03.0,2019-10-29 02:25
29200/04703711,龙华区-教育、卫生和文化体育情况,社会发展,龙华区人民政府,有数据更新时,7,,256,4523,38,无条件开放,主动开放,,,,,2019-10-24 15:07:22.0,2019-10-29 02:25
29200/04703712,龙华区-文化创意产业发展专项资金拟资助项目,财税金融,龙华区人民政府,存档,30,,84,3369,38,无条件开放,主动开放,,,,,2019-10-24 15:07:45.0,2025-09-08 08:05
29200/04703715,龙华区-GDP情况汇总表,经济建设,龙华区人民政府,按年,22,,368,2223,36,无条件开放,主动开放,,,,,2019-11-26 15:12:14.0,2019-12-03 06:04
29200/04703716,龙华区-安全生产黑名单,公共安全,龙华区人民政府,存档,23,,133,4537,36,无条件开放,主动开放,,,,,2019-11-26 15:12:29.0,2025-09-08 08:05
29200/04703719,龙华区-股份合作公司概况数据,经济建设,龙华区人民政府,有数据更新时,10,,206,7479,48,无条件开放,主动开放,,,,,2019-11-26 15:13:47.0,2019-12-03 06:04
29200/04703728,龙华区-社区法律顾问数据,公共安全,龙华区人民政府,有数据更新时,50,,59,2214,36,无条件开放,主动开放,,,,,2019-11-26 15:24:05.0,2019-12-03 06:04
29200/04703736,龙华区-居民享受困难群众综合救助待遇名册（低保）,社会发展,龙华区人民政府,有数据更新时,358,,23,3267,42,无条件开放,主动开放,,,,,2019-12-09 09:51:30.0,2019-12-10 09:04
29200/04703747,龙华区-区中心医院医护组成,卫生健康,龙华区人民政府,存档,481,,510,2989,34,无条件开放,主动开放,,,,,2020-04-16 17:08:18.0,2024-12-03 06:19
29200/04703748,龙华区-区中心医院2019年第三季度前十病种路径统计,卫生健康,龙华区人民政府,存档,60876,,372,5002,10802,无条件开放,主动开放,,,,,2020-04-16 17:09:37.0,2024-12-03 06:19
29200/04703749,龙华区-区中心医院2019年第三季度前十病种统计,卫生健康,龙华区人民政府,存档,20,,296,2995,37,无条件开放,主动开放,,,,,2020-04-16 17:10:29.0,2024-12-03 06:19
29200/04703766,龙华区-中华人民共和国民办学校办学许可证,教育科技,龙华区人民政府,存档,24,,78,2680,38,无条件开放,主动开放,,,,,2020-05-22 12:58:25.0,2025-09-08 08:04
29200/04703794,龙华区-婚调室,政府机构,龙华区人民政府,按年,91,,28,3727,24,无条件开放,主动开放,,,,,2021-12-07 12:55:42.0,2026-08-19 09:32
29200/04703798,龙华区-国家高新技术企业,教育科技,龙华区人民政府,按年,11114,,327,1604,66,无条件开放,主动开放,,,,,2021-12-07 13:03:18.0,2022-01-13 08:40
29200/04703806,龙华区-主要经济指标,社会发展,龙华区人民政府,有数据更新时,29,,212,1320,26,无条件开放,主动开放,,,,,2021-12-07 13:14:13.0,2022-01-13 09:28
29200/04703817,龙岗区-燃气供应储备站,企业服务,龙岗区人民政府,有数据更新时,73,,21,698,20,无条件开放,主动开放,,,,,2022-08-01 11:49:48.0,2022-12-09 09:06
29200/04703822,龙岗区-南粤扶残助学工程助学金申请,社会发展,龙岗区人民政府,有数据更新时,72,,2,773,20,无条件开放,主动开放,,,,,2022-08-16 09:47:03.0,2024-01-08 01:28
29200/04703823,龙岗区-龙岗区青年文明号,劳动人事,龙岗区人民政府,按年,247,,7,1384,24,无条件开放,主动开放,,,,,2022-08-16 10:08:20.0,2022-12-03 03:10
29200/04703824,龙岗区-法律援助业务受理情况,公共安全,龙岗区人民政府,有数据更新时,10,,0,2317,0,有条件开放,主动开放,,,,,2022-08-16 10:24:46.0,2026-08-07 09:27
29200/04703830,龙岗区-项目责任分解表,政府机构,龙岗区人民政府,有数据更新时,16,,27,765,16,无条件开放,主动开放,,,,,2022-08-16 11:47:04.0,2026-08-03 10:19
29200/04703846,龙华区-高龄老人津贴信息,政府机构,龙华区人民政府,按月,330,,0,4372,0,有条件开放,主动开放,,,,,2022-11-29 09:49:48.0,2022-11-29 06:09
29200/04703847,龙华区-地区生产总值情况,政府机构,龙华区人民政府,按年,7,,37,794,18,无条件开放,主动开放,,,,,2022-11-29 09:52:17.0,2022-11-29 03:57
29200/04703883,龙华区-龙舞华章计划A类人才,劳动人事,龙华区人民政府,有数据更新时,962,,0,489,0,有条件开放,主动开放,,,,,2023-09-13 18:05:54.0,2024-11-20 11:23
29200/04703884,龙华区-龙舞华章计划B类人才,劳动人事,龙华区人民政府,有数据更新时,194,,0,469,0,有条件开放,主动开放,,,,,2023-09-13 18:05:54.0,2024-11-20 11:19
29200/04703885,龙华区-龙舞华章计划C类人才,劳动人事,龙华区人民政府,有数据更新时,172,,0,418,0,有条件开放,主动开放,,,,,2023-09-13 18:05:54.0,2024-11-20 11:28
29200/04703892,深圳市龙华区教育局关于2022-2023学年龙华区幼儿园办学基本信息的公示,教育科技,龙华区人民政府,有数据更新时,246,,52,677,24,无条件开放,主动开放,,,,,2023-09-13 18:05:56.0,2023-09-19 07:30
29200/04703897,龙华区-社区级股份合作公司概况信息,企业服务,龙华区人民政府,有数据更新时,42,,27,551,20,无条件开放,主动开放,,,,,2023-09-13 18:05:58.0,2023-09-19 08:26
29200/04703902,大浪街道辖区社康中心明细统计信息,卫生健康,龙华区人民政府,按年,50,,25,1766,16,无条件开放,主动开放,,,,,2023-09-13 18:05:59.0,2024-09-25 07:32
29200/04703911,龙华区-河道基本信息,政府机构,龙华区人民政府,存档,10,,2,443,0,有条件开放,主动开放,,,,,2024-05-06 10:51:19.156,2024-05-13 07:59
29200/04703925,龙华区-观澜街道退役军人服务站,政府机构,龙华区人民政府,存档,10,,0,322,0,有条件开放,主动开放,,,,,2024-05-06 10:51:20.539,2024-05-13 08:09
29200/04703926,龙华区-龙华街道住宅区生活垃圾分类集中投放点,政府机构,龙华区人民政府,存档,652,,8,1179,0,有条件开放,主动开放,,,,,2024-05-06 10:51:20.637,2024-05-28 03:16
29200/04703931,龙华区水务局-空气质量监测数据历史表,政府机构,龙华区人民政府,有数据更新时,11476779,,0,529,0,有条件开放,主动开放,,,,,2024-07-04 16:14:41.497,2024-07-04 14:14
29200/04703932,龙华区水务局-水情监测历史数据表,政府机构,龙华区人民政府,有数据更新时,14124763,,0,521,0,有条件开放,主动开放,,,,,2024-07-04 16:17:06.131,2024-07-04 08:52
29200/04703976,深圳市龙华区水务局水情监测信息,政府机构,龙华区人民政府,有数据更新时,1894188,,0,391,0,有条件开放,主动开放,,,,,2025-01-16 11:10:06.282,2025-01-16 03:10
29200/04802937,国资委直接监管企业名录,经济建设,深圳市人民政府国有资产监督管理委员会,按年,236,,769,12767,129,无条件开放,主动开放,,,,,2018-05-18 13:38:14.0,2026-09-01 11:51
29200/04802938,直管企业信用数据,经济建设,深圳市人民政府国有资产监督管理委员会,半年,952,,287,22675,66,无条件开放,主动开放,,,,,2018-05-18 13:40:37.0,2026-09-01 11:43
29200/04802940,委管企业领导人员任免,劳动人事,深圳市人民政府国有资产监督管理委员会,有数据更新时,169,,74,6744,36,无条件开放,主动开放,,,,,2019-09-03 18:47:58.0,2026-09-01 11:53
29200/04802941,市国有企业经营情况,经济建设,深圳市人民政府国有资产监督管理委员会,有数据更新时,115,,454,13827,70,无条件开放,主动开放,,,,,2019-09-03 18:48:43.0,2026-09-01 11:54
29200/04802942,市国有企业纳税情况,经济建设,深圳市人民政府国有资产监督管理委员会,半年,115,,336,17633,480569,无条件开放,主动开放,,,,,2019-09-03 18:49:21.0,2026-09-01 11:44
29200/04802944,市属国企进场公开招租成交项目,经济建设,深圳市人民政府国有资产监督管理委员会,半年,3436,,179,15507,64,无条件开放,主动开放,,,,,2019-09-30 14:59:54.0,2026-09-01 11:44
29200/04802945,年度重大投资项目,经济建设,深圳市人民政府国有资产监督管理委员会,按年,12,,160,6125,192,无条件开放,主动开放,,,,,2019-09-30 15:02:01.0,2026-02-12 14:25
29200/04802946,企业负责人考核和薪酬,经济建设,深圳市人民政府国有资产监督管理委员会,有数据更新时,11,,142,4818,38,无条件开放,主动开放,,,,,2019-09-30 15:02:58.0,2026-09-01 11:52
29200/04802947,国企阳光采购,经济建设,深圳市人民政府国有资产监督管理委员会,半年,95,,206,15320,805,无条件开放,主动开放,,,,,2019-09-30 15:04:01.0,2026-02-11 13:59
29200/04802948,国有产权交易信息,经济建设,深圳市人民政府国有资产监督管理委员会,有数据更新时,89,,71,6016,97,无条件开放,主动开放,,,,,2019-09-30 15:04:36.0,2026-09-01 11:53
29200/04802949,国企社会责任,经济建设,深圳市人民政府国有资产监督管理委员会,按年,12,,69,6667,46,无条件开放,主动开放,,,,,2019-09-30 15:05:05.0,2026-09-01 11:48
29200/04802950,国企民生保障,经济建设,深圳市人民政府国有资产监督管理委员会,按年,16,,150,3408,35,无条件开放,主动开放,,,,,2020-05-19 15:26:45.0,2026-09-01 11:50
29200/04802951,国有资产进场公开招租成交统计,经济建设,深圳市人民政府国有资产监督管理委员会,半年,145,,77,8501,54,无条件开放,主动开放,,,,,2020-05-19 15:28:03.0,2026-09-01 11:43
29200/04802952,市属国企资产情况,经济建设,深圳市人民政府国有资产监督管理委员会,半年,91,,497,13151,172,无条件开放,主动开放,,,,,2020-05-19 15:28:21.0,2026-09-01 11:42
29200/04802953,党建工作培训班情况,经济建设,深圳市人民政府国有资产监督管理委员会,按年,60,,21,5176,34,无条件开放,主动开放,,,,,2020-05-19 15:28:35.0,2026-09-01 11:45
29200/04802955,办理建议提案统计,经济建设,深圳市人民政府国有资产监督管理委员会,按年,14,,20,3148,34,无条件开放,主动开放,,,,,2020-05-19 15:29:08.0,2026-09-01 11:49
29200/04802957,股权转让公开挂牌信息,经济建设,深圳市人民政府国有资产监督管理委员会,按年,146,,32,4325,50,无条件开放,主动开放,,,,,2020-05-19 15:29:57.0,2026-09-01 11:46
29200/04802958,驻深国企党组织情况,经济建设,深圳市人民政府国有资产监督管理委员会,按年,1396,,52,1575,20,无条件开放,主动开放,,,,,2021-12-13 17:50:44.0,2026-09-01 11:46
29200/04802959,市属国企采购成交情况,经济建设,深圳市人民政府国有资产监督管理委员会,有数据更新时,45,,21,1412,62,无条件开放,主动开放,,,,,2021-12-13 17:53:19.0,2026-09-01 11:54
29200/04802960,市属国企承担市重大项目投资完成情况,经济建设,深圳市人民政府国有资产监督管理委员会,按年,9,,39,3137,18,无条件开放,主动开放,,,,,2021-12-13 17:56:21.0,2026-09-01 11:45
29200/04802961,国企改革重要事件,经济建设,深圳市人民政府国有资产监督管理委员会,按年,23,,25,1100,458482,无条件开放,主动开放,,,,,2021-12-13 17:59:06.0,2026-09-01 11:45
29200/04802962,服务民生情况,经济建设,深圳市人民政府国有资产监督管理委员会,按年,10,,67,1418,20,无条件开放,主动开放,,,,,2021-12-13 18:25:05.0,2026-09-01 11:50
29200/04802963,集体资产进场公开招租成交统计,经济建设,深圳市人民政府国有资产监督管理委员会,按年,51,,16,1296,20,无条件开放,主动开放,,,,,2021-12-13 18:28:53.0,2026-09-01 11:44
29200/04802964,市人民政府国有资产监督管理委员会-市属国企采购交易品类统计,经济建设,深圳市人民政府国有资产监督管理委员会,按季,19,,20,1800,18,无条件开放,主动开放,,,,,2022-09-08 15:12:46.0,2026-09-01 11:41
29200/04802965,市人民政府国有资产监督管理委员会-资产转让成交公示信息,经济建设,深圳市人民政府国有资产监督管理委员会,按季,155,,22,1443,18,无条件开放,主动开放,,,,,2022-11-28 15:22:22.0,2026-09-01 11:40
29200/04802966,市人民政府国有资产监督管理委员会-开展党员讲座活动情况,政府机构,深圳市人民政府国有资产监督管理委员会,有数据更新时,20,,3,900,20,无条件开放,主动开放,,,,,2022-11-28 10:43:53.0,2026-09-01 11:53
29200/04802967,市人民政府国有资产监督管理委员会-全市集体资产公开采购要素交易数据公开,经济建设,深圳市人民政府国有资产监督管理委员会,按季,57,,17,1797,18,无条件开放,主动开放,,,,,2022-11-28 10:51:23.0,2026-09-01 11:41
29200/04802968,市人民政府国有资产监督管理委员会-部门预算信息,经济建设,深圳市人民政府国有资产监督管理委员会,按年,9,,11,892,28,无条件开放,主动开放,,,,,2022-11-28 10:55:45.0,2026-09-01 11:51
29200/04802969,市人民政府国有资产监督管理委员会-市属国企销售费用,经济建设,深圳市人民政府国有资产监督管理委员会,半年,52,,2,3747,0,有条件开放,主动开放,,,,,2022-11-24 11:12:28.0,2026-09-01 11:42
29200/04802970,市人民政府国有资产监督管理委员会-市属国企收支情况,经济建设,深圳市人民政府国有资产监督管理委员会,有数据更新时,27,,6,1768,0,有条件开放,主动开放,,,,,2022-11-28 11:16:48.0,2026-09-01 11:52
29200/04802971,市人民政府国有资产监督管理委员会-外部董事任免信息,劳动人事,深圳市人民政府国有资产监督管理委员会,按年,64,,9,951,16,无条件开放,主动开放,,,,,2022-11-28 11:21:50.0,2026-09-01 11:47
29200/04802973,市人民政府国有资产监督管理委员会-部门决算信息,经济建设,深圳市人民政府国有资产监督管理委员会,按年,8,,3,2552,16,无条件开放,主动开放,,,,,2023-08-31 10:21:47.0,2026-09-01 11:47
29200/04802974,市人民政府国有资产监督管理委员会-依申请公开信息,政府机构,深圳市人民政府国有资产监督管理委员会,按年,8,,12,5648,16,无条件开放,主动开放,,,,,2023-08-31 10:21:47.0,2026-09-01 11:48
29200/04802975,市人民政府国有资产监督管理委员会-在深纳税,政府机构,深圳市人民政府国有资产监督管理委员会,半年,41,,29,11198,14,无条件开放,主动开放,,,,,2023-08-31 10:21:47.0,2026-09-01 11:43
29200/04802976,市人民政府国有资产监督管理委员会-区属国有企业经营情况,政府机构,深圳市人民政府国有资产监督管理委员会,有数据更新时,11,,46,6184,20,无条件开放,主动开放,,,,,2023-08-31 10:21:48.0,2026-09-01 11:51
29200/04802977,市人民政府国有资产监督管理委员会-市属国企在深运营创新产业用房情况,政府机构,深圳市人民政府国有资产监督管理委员会,按年,8,,20,1479,16,无条件开放,主动开放,,,,,2023-08-31 10:21:48.0,2026-09-01 11:48
29200/04802978,市人民政府国有资产监督管理委员会-集体企业要素交易公开招商数据,政府机构,深圳市人民政府国有资产监督管理委员会,存档,8,,11,4003,20,无条件开放,主动开放,,,,,2023-08-31 10:21:48.0,2025-09-11 02:24
29200/04802979,市人民政府国有资产监督管理委员会-市属国企招标情况,社会发展,深圳市人民政府国有资产监督管理委员会,按季,33,,28,5675,20,无条件开放,主动开放,,,,,2023-08-31 10:21:48.0,2026-09-01 11:42
29200/04802980,市人民政府国有资产监督管理委员会-资产转让公开挂牌信息,经济建设,深圳市人民政府国有资产监督管理委员会,按季,556,,18,4854,18,无条件开放,主动开放,,,,,2023-08-31 10:21:48.0,2026-09-01 11:40
29200/04802981,市人民政府国有资产监督管理委员会-国企供电保障情况,政府机构,深圳市人民政府国有资产监督管理委员会,按年,8,,32,4187,16,无条件开放,主动开放,,,,,2023-08-31 10:21:48.0,2026-09-01 11:49
29200/04802982,市人民政府国有资产监督管理委员会-人大政协工作情况,政府机构,深圳市人民政府国有资产监督管理委员会,按年,9,,2,2503,16,无条件开放,主动开放,,,,,2023-08-31 10:30:23.0,2026-09-01 11:49
29200/05002968,审计局季度统计数据,政府机构,深圳市审计局,有数据更新时,75,,428,21482,47,无条件开放,主动开放,,,,,2018-06-13 08:58:37.0,2023-08-02 07:30
29200/05003181,各区审计局信息,政府机构,深圳市审计局,有数据更新时,48,,239,22306,36,无条件开放,主动开放,,,,,2018-12-03 09:16:55.0,2023-12-13 09:39
29200/05102958,市前海深港现代服务业合作区管理局-行政许可信息,经济建设,深圳市前海深港现代服务业合作区管理局,有数据更新时,4509,,360,20483,235,无条件开放,主动开放,,,,,2018-05-31 19:08:29.0,2024-07-22 07:31
29200/05102963,前海港澳台工作,政府机构,深圳市前海深港现代服务业合作区管理局,有数据更新时,9,,281,13586,44,无条件开放,主动开放,,,,,2019-10-30 19:18:06.0,2019-11-08 09:50
29200/05102964,人事任免,政府机构,深圳市前海深港现代服务业合作区管理局,有数据更新时,103,,94,4768,100,无条件开放,主动开放,,,,,2019-10-30 19:18:23.0,2019-11-08 09:50
29200/05102965,政府工作报告,政府机构,深圳市前海深港现代服务业合作区管理局,有数据更新时,24,,481,12468,66,无条件开放,主动开放,,,,,2019-10-30 19:18:40.0,2019-11-08 09:50
29200/05102967,政府公开信息-统计数据,政府机构,深圳市前海深港现代服务业合作区管理局,有数据更新时,14,,1025,8249,90,无条件开放,主动开放,,,,,2019-10-30 19:19:23.0,2019-11-08 09:51
29200/05102968,政府公开信息-政策法规,政府机构,深圳市前海深港现代服务业合作区管理局,有数据更新时,54,,130,5816,64,无条件开放,主动开放,,,,,2019-10-30 19:19:41.0,2019-11-08 09:51
29200/05102969,政府公开信息-资金信息,政府机构,深圳市前海深港现代服务业合作区管理局,有数据更新时,27,,117,6255,36,无条件开放,主动开放,,,,,2019-10-30 19:19:59.0,2019-11-08 09:51
29200/05102970,政府公开信息-重大项目建设,政府机构,深圳市前海深港现代服务业合作区管理局,有数据更新时,71,,334,5977,42,无条件开放,主动开放,,,,,2019-10-30 19:20:17.0,2019-11-08 09:51
29200/05102971,政府公开信息-市场准入负面清单,政府机构,深圳市前海深港现代服务业合作区管理局,有数据更新时,18,,98,14978,42,无条件开放,主动开放,,,,,2019-10-30 19:20:34.0,2019-11-08 09:51
29200/05102972,政府公开信息-环境信息公开,政府机构,深圳市前海深港现代服务业合作区管理局,有数据更新时,46,,142,7110,46,无条件开放,主动开放,,,,,2019-10-30 19:20:52.0,2019-11-08 09:51
29200/05102976,建设用地及农用地转用批复信息,政府机构,深圳市前海深港现代服务业合作区管理局,有数据更新时,17,,68,4407,59,无条件开放,依申请开放,,,,,2020-04-30 16:06:43.0,2020-05-12 03:45
29200/05102979,重大决策预公开,政府机构,深圳市前海深港现代服务业合作区管理局,有数据更新时,14,,42,11487,58,无条件开放,依申请开放,,,,,2020-04-30 16:07:55.0,2020-05-12 01:52
29200/05102980,工作计划,政府机构,深圳市前海深港现代服务业合作区管理局,有数据更新时,30,,63,9934,62,无条件开放,依申请开放,,,,,2020-04-30 16:08:21.0,2020-05-12 01:52
29200/05102981,前海人才住房,劳动人事,深圳市前海深港现代服务业合作区管理局,有数据更新时,5,,128,4575,20,无条件开放,主动开放,,,,,2021-12-13 19:01:21.0,2022-01-24 03:39
29200/05102982,前海土地使用权出让,社会发展,深圳市前海深港现代服务业合作区管理局,有数据更新时,9,,29,1769,20,无条件开放,主动开放,,,,,2021-12-13 19:03:28.0,2022-01-24 03:41
29200/05102983,前海采购中标公告,经济建设,深圳市前海深港现代服务业合作区管理局,有数据更新时,10,,43,2847,20,无条件开放,主动开放,,,,,2021-12-13 19:05:30.0,2022-01-24 03:42
29200/05102984,前海采购招标公告,经济建设,深圳市前海深港现代服务业合作区管理局,有数据更新时,9,,30,2502,20,无条件开放,主动开放,,,,,2021-12-13 19:07:21.0,2022-01-24 03:48
29200/05102988,前海现代服务业综合试点扶持项目,企业服务,深圳市前海深港现代服务业合作区管理局,有数据更新时,15,,30,1535,26,无条件开放,主动开放,,,,,2021-12-13 19:17:19.0,2022-01-12 09:20
29200/05102989,前海管理局-临时工程规划许可,经济建设,深圳市前海深港现代服务业合作区管理局,有数据更新时,39,,13,1310,18,无条件开放,主动开放,,,,,2022-11-24 09:50:24.0,2024-11-21 01:50
29200/05102990,前海管理局-工程建设领域专业人士备案,经济建设,深圳市前海深港现代服务业合作区管理局,有数据更新时,389,,33,1477,30,无条件开放,主动开放,,,,,2022-11-29 10:09:35.0,2023-11-30 06:14
29200/05102996,前海管理局-产业认定信息,企业服务,深圳市前海深港现代服务业合作区管理局,有数据更新时,86,,56,1085,32,无条件开放,主动开放,,,,,2022-11-29 10:34:58.0,2024-11-29 06:46
29200/05102997,前海管理局-前海企业地址托管信息,企业服务,深圳市前海深港现代服务业合作区管理局,按年,224916,,229,5555,1240,无条件开放,主动开放,,,,,2022-12-19 19:36:30.0,2022-12-19 12:04
29200/05102998,前海管理局-人防工程信息,公共安全,深圳市前海深港现代服务业合作区管理局,有数据更新时,13,,0,763,0,有条件开放,主动开放,,,,,2023-12-12 15:16:41.691,2023-12-14 10:36
29200/05102999,前海管理局-城市排水许可,公共安全,深圳市前海深港现代服务业合作区管理局,有数据更新时,11,,0,1089,0,有条件开放,主动开放,,,,,2023-12-12 15:16:41.84,2023-12-14 10:01
29200/05103000,前海管理局-路口开设许可,经济建设,深圳市前海深港现代服务业合作区管理局,有数据更新时,13,,0,1391,0,有条件开放,主动开放,,,,,2023-12-12 15:16:41.905,2023-12-14 10:36
29200/05103001,前海管理局-招标备案,经济建设,深圳市前海深港现代服务业合作区管理局,有数据更新时,13,,0,1464,0,有条件开放,主动开放,,,,,2023-12-12 15:16:41.965,2023-12-14 09:30
29200/05103002,前海管理局-房建项目建设信息,经济建设,深圳市前海深港现代服务业合作区管理局,有数据更新时,13,,5,733,0,有条件开放,主动开放,,,,,2023-12-12 15:16:42.0,2023-12-14 09:32
29200/05103003,前海管理局-重点设施坐标,经济建设,深圳市前海深港现代服务业合作区管理局,有数据更新时,13,,5,1530,0,有条件开放,主动开放,,,,,2023-12-12 15:16:42.105,2023-12-14 09:43
29200/05103004,前海管理局-楼栋明细信息,经济建设,深圳市前海深港现代服务业合作区管理局,有数据更新时,13,,3,1458,0,有条件开放,主动开放,,,,,2023-12-12 15:16:42.164,2023-12-14 09:42
29200/05103005,前海管理局-市政工程项目信息,经济建设,深圳市前海深港现代服务业合作区管理局,有数据更新时,13,,2,610,0,有条件开放,主动开放,,,,,2023-12-12 15:16:42.222,2023-12-14 09:44
29200/05103006,前海管理局-专利申请与授权信息,经济建设,深圳市前海深港现代服务业合作区管理局,有数据更新时,13,,2,907,0,有条件开放,主动开放,,,,,2023-12-12 15:16:42.279,2023-12-14 09:45
29200/05103007,前海管理局-码头坐标表,经济建设,深圳市前海深港现代服务业合作区管理局,有数据更新时,6,,0,348,0,有条件开放,主动开放,,,,,2023-12-12 15:16:42.339,2023-12-14 09:48
29200/05103008,前海管理局-培育扶持申请信息,企业服务,深圳市前海深港现代服务业合作区管理局,有数据更新时,13,,0,336,0,有条件开放,主动开放,,,,,2023-12-12 15:16:42.399,2023-12-14 09:50
29200/05103009,前海管理局-申请申报信息,企业服务,深圳市前海深港现代服务业合作区管理局,有数据更新时,15,,11,377,66,无条件开放,主动开放,,,,,2023-12-12 15:16:42.464,2023-12-14 09:51
29200/05103010,前海管理局-重点机构,企业服务,深圳市前海深港现代服务业合作区管理局,有数据更新时,24,,3,743,0,有条件开放,主动开放,,,,,2023-12-12 15:16:42.522,2023-12-14 09:51
29200/05103012,前海管理局-办件补证信息,企业服务,深圳市前海深港现代服务业合作区管理局,有数据更新时,12,,12,1156,38,无条件开放,主动开放,,,,,2023-12-12 15:16:42.635,2023-12-18 08:41
29200/05103013,前海管理局-材料目录信息,企业服务,深圳市前海深港现代服务业合作区管理局,有数据更新时,12,,0,581,0,有条件开放,主动开放,,,,,2023-12-12 15:16:42.697,2023-12-14 09:52
29200/05103014,前海管理局-特别程序信息,企业服务,深圳市前海深港现代服务业合作区管理局,有数据更新时,12,,4,372,38,无条件开放,主动开放,,,,,2023-12-12 15:16:42.792,2023-12-18 02:50
29200/05103015,前海管理局-办件结果数据,政府机构,深圳市前海深港现代服务业合作区管理局,有数据更新时,12,,12,330,38,无条件开放,主动开放,,,,,2023-12-12 15:16:42.854,2024-11-20 11:08
29200/05103016,前海管理局-办件过程信息,企业服务,深圳市前海深港现代服务业合作区管理局,有数据更新时,12,,10,489,38,无条件开放,主动开放,,,,,2023-12-12 15:16:42.914,2023-12-14 10:35
29200/05103017,前海管理局-办件受理信息,企业服务,深圳市前海深港现代服务业合作区管理局,有数据更新时,11,,5,7019,20,无条件开放,主动开放,,,,,2023-12-12 15:16:42.972,2023-12-18 08:42
29200/05103018,前海管理局-助企出海-法律服务机构清单,企业服务,深圳市前海深港现代服务业合作区管理局,有数据更新时,23,,17,1013,20,无条件开放,主动开放,,,,,2024-10-28 16:35:16.289,2024-10-29 02:14
29200/05103019,前海管理局-助企出海-金融服务机构清单,企业服务,深圳市前海深港现代服务业合作区管理局,有数据更新时,20,,26,1205,20,无条件开放,主动开放,,,,,2024-10-28 16:35:16.45,2024-10-29 02:38
29200/05103020,前海管理局-助企出海-人力资源服务机构清单,企业服务,深圳市前海深港现代服务业合作区管理局,有数据更新时,7,,13,1275,20,无条件开放,主动开放,,,,,2024-10-28 16:35:16.544,2024-10-29 03:07
29200/05103021,前海管理局-目录与各部门审批事项对应关系表,政府机构,深圳市前海深港现代服务业合作区管理局,有数据更新时,55,,6,945,20,无条件开放,主动开放,,,,,2024-10-28 16:35:16.633,2024-10-29 02:40
29200/05103024,前海管理局-前海合作区国际学校纳统表,教育科技,深圳市前海深港现代服务业合作区管理局,有数据更新时,9,,29,1261,32,无条件开放,主动开放,,,,,2024-10-28 16:35:16.933,2024-11-04 01:44
29200/05103026,前海管理局-前海土地使用权出让公告,政府机构,深圳市前海深港现代服务业合作区管理局,有数据更新时,5,,22,584,20,无条件开放,主动开放,,,,,2025-01-20 11:06:05.395,2025-01-20 03:06
29200/05103027,前海管理局-前海发展规划,政府机构,深圳市前海深港现代服务业合作区管理局,有数据更新时,19,,242,624,20,无条件开放,主动开放,,,,,2025-01-20 11:09:13.915,2025-01-20 03:09
29200/05103028,前海管理局-政府公开政策法规,政府机构,深圳市前海深港现代服务业合作区管理局,有数据更新时,45,,59,686,20,无条件开放,主动开放,,,,,2025-01-20 11:10:38.288,2025-01-20 03:10
29200/05103029,深圳市前海合作区本年累计税收收入,政府机构,深圳市前海深港现代服务业合作区管理局,按年,10,,5,222,8,无条件开放,主动开放,,,,,2025-12-28 10:24:00.0,2026-06-17 09:02
29200/05103030,深圳市前海合作区本年累计进出口总额,政府机构,深圳市前海深港现代服务业合作区管理局,按年,11,,5,250,8,无条件开放,主动开放,,,,,2025-12-28 10:31:26.0,2026-06-17 09:02
29200/05103031,深圳市前海合作区本年累计出口总额,政府机构,深圳市前海深港现代服务业合作区管理局,按年,6,,1,228,8,无条件开放,主动开放,,,,,2025-12-28 10:37:49.0,2026-06-17 09:03
29200/05103032,深圳市前海合作区本年累计进口总额,政府机构,深圳市前海深港现代服务业合作区管理局,按年,6,,1,252,8,无条件开放,主动开放,,,,,2025-12-28 10:44:53.0,2026-06-17 09:03
29200/05103033,深圳市前海合作区本年累计专利授权量,政府机构,深圳市前海深港现代服务业合作区管理局,按年,11,,10,683,8,无条件开放,主动开放,,,,,2025-12-28 10:52:15.0,2026-06-17 09:03
29200/05103034,深圳市前海合作区本年累计发明专利授权量,政府机构,深圳市前海深港现代服务业合作区管理局,按年,11,,1,264,8,无条件开放,主动开放,,,,,2025-12-28 10:57:28.0,2026-06-17 09:03
29200/05103035,深圳市前海合作区本年累计实用新型发明专利授权量,政府机构,深圳市前海深港现代服务业合作区管理局,按年,11,,4,678,8,无条件开放,主动开放,,,,,2025-12-28 11:03:07.0,2026-06-17 09:03
29200/05103036,深圳市前海合作区本年累计外观设计专利授权量,政府机构,深圳市前海深港现代服务业合作区管理局,按年,11,,1,621,8,无条件开放,主动开放,,,,,2025-12-28 11:10:36.0,2026-06-17 09:04
29200/05103037,深圳市前海合作区本年累计PCT专利申请量,政府机构,深圳市前海深港现代服务业合作区管理局,按年,11,,8,630,8,无条件开放,主动开放,,,,,2025-12-28 11:13:45.0,2026-06-17 09:04
29200/05103038,深圳市前海合作区期末有效发明专利量,政府机构,深圳市前海深港现代服务业合作区管理局,按年,11,,2,587,8,无条件开放,主动开放,,,,,2025-12-28 11:16:24.0,2026-06-17 09:04
29200/05202963,深圳市友城和友好交流城市信息,经济建设,深圳市人民政府外事办公室,有数据更新时,87,,105,25507,49,无条件开放,主动开放,,,,,2018-06-08 09:55:10.0,2023-04-12 08:15
29200/05403017,市本级集中采购项目信息,经济建设,深圳交易集团有限公司政府采购业务分公司,存档,13539,,343,25857,1962,无条件开放,主动开放,,,,,2018-06-14 16:41:27.0,2025-03-20 09:55
29200/05403018,项目品目信息,经济建设,深圳交易集团有限公司政府采购业务分公司,有数据更新时,19559,,230,25149,189,无条件开放,主动开放,,,,,2018-06-14 16:44:09.0,2023-08-02 07:43
29200/05403019,深圳交易集团-投标信息,经济建设,深圳交易集团有限公司政府采购业务分公司,有数据更新时,14637,,250,24561,552,无条件开放,主动开放,,,,,2018-06-14 16:46:45.0,2023-08-02 06:38
29200/05403020,政府采购注册供应商信息,企业服务,深圳交易集团有限公司政府采购业务分公司,有数据更新时,33241,,717,20428,688,无条件开放,主动开放,,,,,2018-06-14 16:53:18.0,2023-08-02 06:42
29200/05403021,深圳交易集团-项目预算信息,经济建设,深圳交易集团有限公司政府采购业务分公司,有数据更新时,32442,,200,17652,660,无条件开放,依申请开放,,,,,2018-06-14 16:56:24.0,2019-02-28 03:23
29200/05403022,深圳交易集团-中标公示,经济建设,深圳交易集团有限公司政府采购业务分公司,存档,36582,,1057,28625,2353,无条件开放,主动开放,,,,,2018-06-14 17:00:36.0,2025-03-20 09:54
29200/05403023,深圳交易集团-开标信息,经济建设,深圳交易集团有限公司政府采购业务分公司,存档,18489,,419,26511,1833,无条件开放,主动开放,,,,,2018-06-14 17:02:59.0,2025-03-20 09:54
29200/05503165,施工总承包类承包商A+组数据,政府机构,深圳市建筑工务署,按年,15,,834,11889,40,无条件开放,主动开放,,,,,2019-11-07 11:53:08.0,2026-08-11 09:38
29200/05503166,施工总承包类承包商A组数据,政府机构,深圳市建筑工务署,按年,45,,892,10696,40,无条件开放,主动开放,,,,,2019-11-07 11:53:31.0,2026-08-11 09:35
29200/05503167,施工总承包类承包商B组数据,政府机构,深圳市建筑工务署,按年,50,,489,10263,49,无条件开放,主动开放,,,,,2019-11-07 11:53:56.0,2026-08-11 09:37
29200/05503168,施工总承包类承包商C组数据,政府机构,深圳市建筑工务署,按年,1017,,356,8482,54,无条件开放,主动开放,,,,,2019-11-07 11:54:17.0,2026-08-11 09:39
29200/05503191,深圳市建筑工务署承包商年度履约评价结果-施工类,政府机构,深圳市建筑工务署,存档,303,,48,548,0,有条件开放,主动开放,,,,,2025-01-16 15:21:26.0,2026-07-07 07:04
29200/05503192,深圳市建筑工务署承包商年度履约评价结果-造价咨询类,政府机构,深圳市建筑工务署,存档,32,,14,276,0,有条件开放,主动开放,,,,,2025-01-16 15:21:26.0,2026-07-07 07:04
29200/05503193,深圳市建筑工务署承包商年度履约评价结果-其他服务类,政府机构,深圳市建筑工务署,存档,81,,1,240,0,有条件开放,主动开放,,,,,2025-01-16 15:21:26.0,2026-07-15 03:50
29200/05503194,深圳市建筑工务署承包商年度履约评价结果-全过程工程咨询类,政府机构,深圳市建筑工务署,存档,77,,5,346,0,有条件开放,主动开放,,,,,2025-01-16 15:21:27.0,2026-07-07 07:04
29200/05503195,深圳市建筑工务署承包商年度履约评价结果-监理类,政府机构,深圳市建筑工务署,存档,37,,2,362,0,有条件开放,主动开放,,,,,2025-01-16 15:21:27.0,2026-07-07 07:04
29200/05503196,深圳市建筑工务署承包商年度履约评价结果-材料设备采购类,政府机构,深圳市建筑工务署,存档,281,,30,446,0,有条件开放,主动开放,,,,,2025-01-16 15:21:27.0,2026-07-15 03:50
29200/05503197,深圳市建筑工务署承包商年度履约评价结果-设计类,政府机构,深圳市建筑工务署,存档,221,,10,401,0,有条件开放,主动开放,,,,,2025-01-16 15:21:27.0,2026-07-07 07:04
29200/05503198,深圳市建筑工务署合同完成履约评价,政府机构,深圳市建筑工务署,按年,623,,36,631,0,有条件开放,主动开放,,,,,2025-01-16 15:21:27.0,2026-08-11 09:33
29200/05503200,深圳市建筑工务署承包商年度履约评价结果-代建类,政府机构,深圳市建筑工务署,存档,11,,4,740,4,有条件开放,主动开放,,,,,2025-01-16 15:21:27.0,2026-07-07 07:04
29200/05600001,商务政策,经济建设,深圳市商务局,有数据更新时,21,,116,5839,36,无条件开放,主动开放,,,,,2019-11-11 17:35:52.0,2019-12-02 07:11
29200/05600005,保税贸易发展情况,经济建设,深圳市商务局,有数据更新时,18,,72,4589,48,无条件开放,主动开放,,,,,2019-11-11 17:37:57.0,2019-12-02 07:11
29200/05600007,对外合作发展情况,经济建设,深圳市商务局,有数据更新时,7,,222,2583,38,无条件开放,主动开放,,,,,2019-11-11 17:38:27.0,2019-11-15 04:47
29200/05600010,会展业发展情况,经济建设,深圳市商务局,有数据更新时,11,,191,4850,36,无条件开放,主动开放,,,,,2019-11-11 17:39:51.0,2019-12-02 07:11
29200/05600011,加油站企业名单,经济建设,深圳市商务局,有数据更新时,1227,,202,5662,37,无条件开放,主动开放,,,,,2019-11-14 11:41:04.0,2019-11-18 10:05
29200/05600012,单用途商业预付卡备案企业,经济建设,深圳市商务局,有数据更新时,80,,79,3246,38,无条件开放,主动开放,,,,,2019-11-14 11:41:22.0,2019-11-18 03:22
29200/05600014,电商示范园区,经济建设,深圳市商务局,有数据更新时,23,,271,4708,224,无条件开放,主动开放,,,,,2019-11-14 11:42:23.0,2019-12-02 07:14
29200/05600015,国家级文化出口重点企业和重点项目名单,经济建设,深圳市商务局,有数据更新时,70,,127,4629,38,无条件开放,主动开放,,,,,2019-11-14 11:42:43.0,2019-11-18 03:22
29200/05600016,会展情况统计,经济建设,深圳市商务局,有数据更新时,11,,208,4391,36,无条件开放,主动开放,,,,,2019-11-14 11:43:02.0,2019-12-02 07:14
29200/05600017,主要展馆数据,经济建设,深圳市商务局,有数据更新时,16,,97,4156,36,无条件开放,主动开放,,,,,2019-11-14 11:43:20.0,2022-08-04 10:35
29200/05600019,市商务局-行政许可信息,经济建设,深圳市商务局,有数据更新时,1015,,160,8726,738,无条件开放,主动开放,,,,,2020-04-30 15:58:56.0,2020-05-13 08:16
29200/05600021,对外贸易-利用外资-实际利用外资,经济建设,深圳市商务局,有数据更新时,255,,396,5943,34,无条件开放,主动开放,,,,,2020-04-30 15:59:50.0,2020-05-13 08:16
29200/05600022,重点园区-保税区明细情况,经济建设,深圳市商务局,有数据更新时,16,,131,4887,34,无条件开放,主动开放,,,,,2020-04-30 16:00:30.0,2023-12-22 01:48
29200/05600023,国际贸易“单一窗口”建设,经济建设,深圳市商务局,有数据更新时,49,,107,8508,40,无条件开放,主动开放,,,,,2020-04-30 16:01:08.0,2023-12-22 01:48
29200/05600029,国家文化出口重点项目（深圳市）,经济建设,深圳市商务局,有数据更新时,12,,49,2017,26,无条件开放,主动开放,,,,,2021-12-09 17:27:12.0,2021-12-28 05:16
29200/05600030,深圳市跨国公司总部企业名单,经济建设,深圳市商务局,有数据更新时,56,,217,1360,26,无条件开放,主动开放,,,,,2021-12-09 17:28:54.0,2021-12-28 05:17
29200/05600031,服务贸易出口发展情况,经济建设,深圳市商务局,有数据更新时,6,,211,1591,32,无条件开放,主动开放,,,,,2021-12-09 17:30:39.0,2021-12-28 05:18
29200/05600032,外贸进口概况,经济建设,深圳市商务局,有数据更新时,15,,133,1369,26,无条件开放,主动开放,,,,,2021-12-09 17:32:20.0,2021-12-28 05:18
29200/05600034,深圳市社会消费品零售总额,经济建设,深圳市商务局,有数据更新时,35,,106,2408,34,无条件开放,主动开放,,,,,2021-12-09 17:41:23.0,2021-12-28 05:12
29200/05600036,深圳市商务局-取得国外标准认证或注册的医疗物资生产企业清单（深圳）,企业服务,深圳市商务局,有数据更新时,285,,64,2950,20,无条件开放,主动开放,,,,,2022-08-26 10:32:42.0,2022-12-06 10:45
29200/05600037,深圳市商务局-取得国外标准认证或注册的非医用口罩企业清单（深圳）,企业服务,深圳市商务局,有数据更新时,52,,20,756,20,无条件开放,主动开放,,,,,2022-11-28 10:34:42.0,2022-11-28 06:42
29200/05600038,深圳市商务局-跨境电商公共海外仓信息,经济建设,深圳市商务局,有数据更新时,3,,189,1296,20,无条件开放,主动开放,,,,,2022-11-28 10:36:53.0,2022-11-28 06:31
29200/05600039,深圳市商务局-拍卖企业名单,经济建设,深圳市商务局,有数据更新时,845,,14,2281,21,无条件开放,主动开放,,,,,2022-11-28 10:39:06.0,2022-11-28 06:46
29200/05600040,深圳市商务局-再生企业回收点信息,生态文明,深圳市商务局,有数据更新时,1132,,26,1666,20,无条件开放,主动开放,,,,,2022-11-28 10:40:38.0,2022-11-28 06:51
29200/05600041,深圳市商务局-对外劳务合作企业信息,经济建设,深圳市商务局,有数据更新时,6,,33,1604,20,无条件开放,主动开放,,,,,2022-11-28 10:42:33.0,2022-11-28 06:55
29200/05600042,深圳市商务局-商业特许经营备案企业,企业服务,深圳市商务局,有数据更新时,18,,28,2134,20,无条件开放,主动开放,,,,,2022-11-28 10:44:10.0,2022-11-28 06:57
29200/05600043,深圳市商务局-深圳市贸易型总部企业认定名单,企业服务,深圳市商务局,有数据更新时,22,,139,2817,20,无条件开放,主动开放,,,,,2022-12-20 17:44:35.0,2022-12-20 09:49
29200/05600044,市商务局-国家文化出口重点企业（深圳市）,经济建设,深圳市商务局,有数据更新时,19,,37,527,20,无条件开放,主动开放,,,,,2023-11-29 15:22:06.241,2023-12-06 10:27
29200/05600046,市商务局-电商示范企业信息,经济建设,深圳市商务局,有数据更新时,22,,63,559,20,无条件开放,主动开放,,,,,2023-11-29 15:22:06.389,2023-12-07 03:53
29200/05600047,市商务局-经济运行_全市各保税区及出口加工区统计数据,经济建设,深圳市商务局,有数据更新时,75,,40,534,24439,无条件开放,主动开放,,,,,2023-11-29 15:22:06.45,2023-12-06 10:37
29200/05600048,市商务局-拍卖企业年度核查信息,企业服务,深圳市商务局,有数据更新时,525,,8,686,20,无条件开放,主动开放,,,,,2023-11-29 15:22:06.51,2024-11-20 11:17
29200/05600050,市商务局-境外重点展会支持情况,经济建设,深圳市商务局,有数据更新时,56,,21,476,20,无条件开放,主动开放,,,,,2023-11-29 15:22:06.623,2023-12-07 03:54
29200/05600051,市商务局-公平贸易培训,经济建设,深圳市商务局,有数据更新时,40,,2,355,20,无条件开放,主动开放,,,,,2023-11-29 15:22:06.695,2023-12-07 03:55
29200/05600052,市商务局-年度资金申办事项清单,经济建设,深圳市商务局,有数据更新时,86,,12,784,20,无条件开放,主动开放,,,,,2023-11-29 15:22:06.756,2023-12-11 07:14
29200/05600053,市商务局-年度资金公示企业清单,企业服务,深圳市商务局,有数据更新时,4302,,32,606,20,无条件开放,主动开放,,,,,2023-11-29 15:22:06.815,2024-11-20 11:22
29200/05600054,市商务局-新增认定投资推广园区名单,经济建设,深圳市商务局,有数据更新时,32,,27,6966,20,无条件开放,主动开放,,,,,2023-12-12 15:16:43.0,2023-12-15 10:37
29200/05600055,市商务局-历史投资推广园区总名单,经济建设,深圳市商务局,有数据更新时,252,,46,6110,20,无条件开放,主动开放,,,,,2023-12-12 15:16:43.102,2023-12-15 10:37
29200/05700002,深圳市退役军人事务局-区局信息,政府机构,深圳市退役军人事务局,有数据更新时,24,,12,1728,32,无条件开放,主动开放,,,,,2022-11-30 10:31:07.0,2022-11-29 08:39
29200/05700004,深圳市退役军人事务局-区服务中心信息,政府机构,深圳市退役军人事务局,有数据更新时,24,,13,1363,32,无条件开放,主动开放,,,,,2022-11-30 10:35:39.0,2022-11-29 08:42
29200/05700005,深圳市退役军人事务局-街道服务站信息,政府机构,深圳市退役军人事务局,有数据更新时,79,,10,1096,32,无条件开放,主动开放,,,,,2022-11-24 10:37:08.0,2022-11-24 09:10
29200/05700006,深圳市退役军人事务局-社区服务站信息,政府机构,深圳市退役军人事务局,有数据更新时,576,,45,1410,32,无条件开放,主动开放,,,,,2022-11-30 10:39:33.0,2022-11-29 08:43
29200/05700008,深圳市退役军人事务局-各区纪念设施信息,政府机构,深圳市退役军人事务局,有数据更新时,40,,11,1308,33,无条件开放,主动开放,,,,,2022-11-30 10:44:19.0,2022-11-29 08:45
29200/05700009,深圳市退役军人事务局-拥军矩阵帮扶慰问商家信息,社会发展,深圳市退役军人事务局,有数据更新时,10,,2,301,21,无条件开放,主动开放,,,,,2023-08-28 16:19:46.0,2023-08-29 02:01
29200/05700010,深圳市退役军人事务局-拥军矩阵创业就业商家信息,社会发展,深圳市退役军人事务局,有数据更新时,10,,2,252,21,无条件开放,主动开放,,,,,2023-08-28 16:19:46.0,2023-08-29 02:02
29200/05700011,深圳市退役军人事务局-拥军矩阵购物消费商家信息,社会发展,深圳市退役军人事务局,有数据更新时,10,,5,395,21,无条件开放,主动开放,,,,,2023-08-28 16:19:46.0,2023-08-29 02:03
29200/05700012,深圳市退役军人事务局-拥军矩阵交通通讯商家信息,社会发展,深圳市退役军人事务局,有数据更新时,5,,6,292,21,无条件开放,主动开放,,,,,2023-08-28 16:19:46.0,2023-08-29 02:03
29200/05700013,深圳市退役军人事务局-拥军矩阵金融保险商家信息,社会发展,深圳市退役军人事务局,有数据更新时,8,,6,3472,21,无条件开放,主动开放,,,,,2023-08-28 16:19:46.0,2023-08-29 02:04
29200/05700014,深圳市退役军人事务局-拥军矩阵文化教育商家信息,社会发展,深圳市退役军人事务局,有数据更新时,10,,9,3483,21,无条件开放,主动开放,,,,,2023-08-28 16:19:46.0,2023-08-29 02:05
29200/05700015,深圳市退役军人事务局-拥军矩阵文体娱乐商家信息,社会发展,深圳市退役军人事务局,有数据更新时,6,,11,3437,21,无条件开放,主动开放,,,,,2023-08-28 16:19:46.0,2023-08-29 02:06
29200/05700016,深圳市退役军人事务局-拥军矩阵医疗健康商家信息,社会发展,深圳市退役军人事务局,有数据更新时,10,,5,3448,21,无条件开放,主动开放,,,,,2023-08-28 16:19:46.0,2023-08-29 02:13
29200/05700017,深圳市退役军人事务局-拥军矩阵拥军公益商家信息,社会发展,深圳市退役军人事务局,有数据更新时,10,,5,2106,21,无条件开放,主动开放,,,,,2023-08-28 16:19:46.0,2023-08-29 02:13
29200/05700018,深圳市退役军人事务局-电子优待证入驻商家信息数据,社会发展,深圳市退役军人事务局,有数据更新时,2272,,9,3581,32,无条件开放,主动开放,,,,,2023-08-28 16:19:46.0,2023-08-29 02:14
29200/05800014,深圳市云上政务大厅信息,政府机构,深圳市政务服务和数据管理局,有数据更新时,32,,0,710,0,有条件开放,主动开放,,,,,2026-04-14 14:52:23.929,2026-04-14 06:52
29200/05800015,深圳市云上政务大厅服务事项清单,政府机构,深圳市政务服务和数据管理局,有数据更新时,2754,,0,826,0,有条件开放,主动开放,,,,,2026-04-14 14:52:44.093,2026-04-14 06:52
29200/05800016,深圳市办事预约服务大厅信息,政府机构,深圳市政务服务和数据管理局,有数据更新时,830,,0,913,0,有条件开放,主动开放,,,,,2026-04-14 14:53:03.746,2026-04-14 06:53
29200/05900001,信访部门基本信息,政府机构,深圳市信访局,有数据更新时,12,,28,3312,34,无条件开放,依申请开放,,,,,2020-06-30 11:46:37.0,2020-07-03 10:31
29200/05900002,信访部门咨询电话信息,政府机构,深圳市信访局,有数据更新时,12,,19,2620,34,无条件开放,依申请开放,,,,,2020-06-30 11:47:44.0,2020-07-03 10:31
29200/05900003,各区信访部门信息,政府机构,深圳市信访局,有数据更新时,11,,49,15628,34,无条件开放,依申请开放,,,,,2020-06-30 11:48:04.0,2020-07-03 10:30
29200/05900004,各区信访部门地址信息,政府机构,深圳市信访局,有数据更新时,11,,36,17406,34,无条件开放,依申请开放,,,,,2020-06-30 11:48:19.0,2020-07-03 10:30
29200/05900005,各区信访部门咨询电话信息,政府机构,深圳市信访局,有数据更新时,11,,34,15094,34,无条件开放,依申请开放,,,,,2020-06-30 11:48:32.0,2020-07-03 10:30
29200/05900006,各信访部门心理咨询室基本信息,政府机构,深圳市信访局,有数据更新时,12,,39,11320,32,无条件开放,依申请开放,,,,,2020-06-30 11:50:53.0,2020-07-07 09:06
29200/05900007,各市直单位信访部门地址信息,政府机构,深圳市信访局,有数据更新时,24,,39,17387,34,无条件开放,依申请开放,,,,,2020-06-30 11:51:11.0,2020-07-03 10:30
29200/05900008,各市直单位信访部门咨询电话信息,政府机构,深圳市信访局,有数据更新时,24,,46,16116,34,无条件开放,依申请开放,,,,,2020-06-30 11:51:22.0,2020-07-03 10:30
29200/51300001,市、区医疗保障部门基本信息,政府机构,深圳市医疗保障局,有数据更新时,24,,224,6707,471749,无条件开放,主动开放,,,,,2019-11-07 15:15:27.0,2019-11-13 07:04
29200/51300002,深圳市社会医疗保险定点医药机构信用等级评定结果,政府机构,深圳市医疗保障局,有数据更新时,396,,146,5578,30,无条件开放,主动开放,,,,,2019-11-07 15:16:14.0,2019-11-13 07:04
29200/51300003,欺诈骗保举报电话,政府机构,深圳市医疗保障局,有数据更新时,10,,69,5019,30,无条件开放,主动开放,,,,,2019-11-07 15:16:36.0,2019-11-13 07:04
29200/51300004,深圳市职工医疗保险缴费比例及缴费基数,政府机构,深圳市医疗保障局,有数据更新时,10,,332,8508,30,无条件开放,主动开放,,,,,2019-11-07 15:17:02.0,2019-11-13 07:04
29200/51300005,深圳市非营利性医疗机构医疗服务价格,政府机构,深圳市医疗保障局,有数据更新时,16886,,848,5597,97,无条件开放,主动开放,,,,,2019-11-07 15:17:25.0,2019-11-13 07:04
29200/51300006,社会医疗保险定点医疗机构名单,政府机构,深圳市医疗保障局,有数据更新时,5484,,415,7389,584,无条件开放,主动开放,,,,,2019-11-07 15:17:45.0,2021-11-16 06:38
29200/51300008,异地就医直接结算平台本地医疗机构名单,政府机构,深圳市医疗保障局,有数据更新时,1276,,107,5070,42,无条件开放,主动开放,,,,,2019-11-07 15:18:25.0,2019-11-13 07:04
29200/51300009,深圳市社会医疗保险市外定点医疗机构名单（省平台）,政府机构,深圳市医疗保障局,有数据更新时,8224,,105,4213,97,无条件开放,主动开放,,,,,2019-11-07 15:18:43.0,2019-11-13 07:04
29200/51300010,异地就医现金报销省外受理业务受理网点名单,政府机构,深圳市医疗保障局,有数据更新时,100,,90,6446,30,无条件开放,主动开放,,,,,2019-11-07 15:19:02.0,2019-11-13 07:04
29200/51300011,深圳市医疗保障业务经办机构名单,政府机构,深圳市医疗保障局,有数据更新时,238,,116,3686,30,无条件开放,主动开放,,,,,2019-11-07 15:19:21.0,2019-11-13 07:04
29200/51300012,深圳市医疗保障业务咨询机构名单,政府机构,深圳市医疗保障局,有数据更新时,20,,95,4331,30,无条件开放,主动开放,,,,,2019-11-07 15:19:40.0,2019-11-13 07:04
29200/51300013,深圳市社会医疗保险门诊大病诊断医院名单及可诊断门诊大病病种,政府机构,深圳市医疗保障局,有数据更新时,27,,213,5619,42,无条件开放,主动开放,,,,,2019-11-07 15:20:09.0,2019-11-13 07:04
29200/51300014,深圳市社会医疗保险药品目录中药库,政府机构,深圳市医疗保障局,有数据更新时,104002,,317,5072,351,无条件开放,主动开放,,,,,2019-11-07 15:20:44.0,2019-11-13 07:04
29200/51300015,深圳市社会医疗保险药品目录西药库,政府机构,深圳市医疗保障局,有数据更新时,144642,,473,7407,751,无条件开放,主动开放,,,,,2019-11-07 15:21:18.0,2019-11-13 07:04
29200/51300016,深圳市社会医疗保险药品目录门诊大病药品库,政府机构,深圳市医疗保障局,有数据更新时,3066,,275,7426,119,无条件开放,主动开放,,,,,2019-11-07 15:21:36.0,2019-11-13 07:04
29200/51300017,深圳市社会医疗保险参保数据,政府机构,深圳市医疗保障局,有数据更新时,20,,453,4580,30,无条件开放,主动开放,,,,,2019-11-07 15:22:28.0,2019-11-13 07:04
29200/51300018,深圳市社会医疗保险基金数据,政府机构,深圳市医疗保障局,有数据更新时,11,,588,7213,30,无条件开放,主动开放,,,,,2019-11-07 15:22:47.0,2019-11-13 07:04
29200/51300019,深圳市社会医疗保险各区参保信息,社会发展,深圳市医疗保障局,有数据更新时,11,,490,9723,134,无条件开放,主动开放,,,,,2020-05-18 16:55:33.0,2020-05-25 08:53
29200/51300020,深圳市生育保险各区参保信息,社会发展,深圳市医疗保障局,有数据更新时,11,,52,8778,26,无条件开放,主动开放,,,,,2020-05-18 16:55:50.0,2020-05-25 08:53
29200/51300021,深圳市社会医疗保险普通门（急）诊就诊人次,社会发展,深圳市医疗保障局,有数据更新时,11,,211,10016,107,无条件开放,主动开放,,,,,2020-05-18 16:56:06.0,2020-05-25 08:53
29200/51300022,深圳市社会医疗保险门诊大病就诊人次,社会发展,深圳市医疗保障局,有数据更新时,11,,148,9593,26,无条件开放,主动开放,,,,,2020-05-18 16:56:21.0,2020-05-25 08:53
29200/51300023,深圳市社会医疗保险住院就诊人次,社会发展,深圳市医疗保障局,有数据更新时,11,,192,10320,26,无条件开放,主动开放,,,,,2020-05-18 16:56:35.0,2020-05-25 08:53
29200/51300024,深圳市重特大疾病补充医疗保险药品目录,社会发展,深圳市医疗保障局,有数据更新时,27,,172,2232,29,无条件开放,主动开放,,,,,2020-05-18 16:56:49.0,2020-05-25 08:53
29200/51300025,深圳市高血压门诊专项用药目录,社会发展,深圳市医疗保障局,有数据更新时,553,,62,1887,80,无条件开放,主动开放,,,,,2020-05-18 16:59:06.0,2020-05-25 08:53
29200/51300026,深圳市糖尿病门诊专项用药目录,社会发展,深圳市医疗保障局,有数据更新时,133,,65,2290,90,无条件开放,主动开放,,,,,2020-05-18 16:59:21.0,2020-05-25 08:53
29200/51300027,深圳市医疗保障政务服务事项清单,社会发展,深圳市医疗保障局,有数据更新时,69,,103,2745,26,无条件开放,主动开放,,,,,2020-05-18 16:59:49.0,2020-05-25 08:53
29200/51300028,国家局执法事项清单,政府机构,深圳市医疗保障局,有数据更新时,30,,16,3588,0,有条件开放,主动开放,,,,,2021-12-08 16:27:13.0,2021-12-12 11:17
29200/51300029,国家组织药品集中采购中选产品-深圳市（试点）,政府机构,深圳市医疗保障局,有数据更新时,32,,20,819,30,无条件开放,主动开放,,,,,2021-12-09 16:30:23.0,2021-12-27 09:14
29200/51300031,国家组织药品集中采购中选产品-深圳市（第二批）,政府机构,深圳市医疗保障局,有数据更新时,38,,28,835,30,无条件开放,主动开放,,,,,2021-12-09 16:42:44.0,2021-12-27 09:15
29200/51300032,国家组织药品集中采购中选产品-深圳市（第三批）,政府机构,深圳市医疗保障局,有数据更新时,68,,35,1801,24,无条件开放,主动开放,,,,,2021-12-09 16:45:39.0,2022-01-04 08:04
29200/51300033,国家组织药品集中采购中选产品-深圳市（第四批）,政府机构,深圳市医疗保障局,有数据更新时,55,,48,816,30,无条件开放,主动开放,,,,,2021-12-09 16:49:10.0,2022-01-10 09:26
29200/51300034,深圳市落实国家组织和省组织医用耗材集中带量采购和使用目录,政府机构,深圳市医疗保障局,有数据更新时,414,,58,936,18,无条件开放,主动开放,,,,,2021-12-09 16:52:51.0,2021-12-27 09:15
29200/51300035,医用耗材第三方物流企业,政府机构,深圳市医疗保障局,有数据更新时,1957,,34,1421,25,无条件开放,主动开放,,,,,2021-12-09 16:55:43.0,2021-12-27 09:16
29200/51300036,深圳市公立医疗机构医疗服务项目价格表,政府机构,深圳市医疗保障局,有数据更新时,25,,289,1885,30,无条件开放,主动开放,,,,,2021-12-09 16:57:51.0,2021-12-27 11:06
29200/51300037,省基本医疗保险和生育保险药品目录（2021年版）,卫生健康,深圳市医疗保障局,有数据更新时,1008,,526,1900,18,无条件开放,主动开放,,,,,2021-12-09 17:02:06.0,2021-12-27 11:07
29200/51300038,医疗救助人群参保情况-医保子专题,政府机构,深圳市医疗保障局,有数据更新时,3,,21,909,12,无条件开放,主动开放,,,,,2022-06-02 11:48:42.0,2022-06-02 04:45
29200/51300041,深圳市医疗保障局-市场调节价医疗服务价格项目目录（2021年版）,政府机构,深圳市医疗保障局,有数据更新时,205,,370,724,12,无条件开放,主动开放,,,,,2022-08-19 09:47:56.0,2023-01-03 07:22
29200/51300042,深圳市医疗保障局-基本医疗保险、工伤保险和生育保险诊疗项目目录（2021年临床诊疗类）,政府机构,深圳市医疗保障局,有数据更新时,2941,,109,444,12,无条件开放,主动开放,,,,,2022-08-19 09:51:15.0,2022-12-21 02:23
29200/51300043,深圳市医疗保障局-基本医疗保险、工伤保险和生育保险诊疗项目目录（2021年中医及民族医诊疗类）,政府机构,深圳市医疗保障局,有数据更新时,132,,219,1920,16,无条件开放,主动开放,,,,,2022-11-30 09:54:22.0,2022-11-29 09:37
29200/51300044,深圳市医疗保障局-基本医疗保险、工伤保险和生育保险诊疗项目目录（2021年医技诊疗类）,政府机构,深圳市医疗保障局,有数据更新时,1165,,251,1719,12,无条件开放,主动开放,,,,,2022-08-19 09:57:19.0,2022-12-04 09:42
29200/51300045,深圳市医疗保障局-基本医疗保险、工伤保险和生育保险诊疗项目目录（2021年综合医疗服务类）,政府机构,深圳市医疗保障局,有数据更新时,120,,407,2729,12,无条件开放,主动开放,,,,,2022-08-19 09:59:38.0,2022-12-04 09:44
29200/51300046,深圳市医疗保障局-基本医疗保险、工伤保险和生育保险医用耗材目录（2021年）,政府机构,深圳市医疗保障局,有数据更新时,913,,184,1032,12,无条件开放,主动开放,,,,,2022-08-19 10:01:56.0,2022-12-04 09:45
29200/51300047,深圳市医疗保障局-深圳市六岁以下儿童医疗服务价格加收项目表,政府机构,深圳市医疗保障局,有数据更新时,3783,,119,1727,12,无条件开放,主动开放,,,,,2022-11-23 17:29:49.0,2022-12-04 09:39
29200/51300048,深圳市医疗保障局-行政执法案件信息,政府机构,深圳市医疗保障局,有数据更新时,335,,85,2972,82,无条件开放,主动开放,,,,,2022-12-23 14:56:23.0,2022-12-23 07:13
29200/51300049,深圳市医保局-双通道药店名单,卫生健康,深圳市医疗保障局,有数据更新时,129,,79,794,52,无条件开放,主动开放,,,,,2023-09-05 15:49:35.0,2024-12-30 08:47
29200/51300050,深圳市医保局-普通门诊统筹就医定点医疗机构,卫生健康,深圳市医疗保障局,有数据更新时,1272,,72,4787,56,无条件开放,主动开放,,,,,2023-09-05 15:49:35.0,2024-12-30 08:47
29200/51300051,深圳市医保局-深圳市各区基本医疗保险一档参保人数,卫生健康,深圳市医疗保障局,有数据更新时,11,,133,627,16,无条件开放,主动开放,,,,,2023-09-05 15:49:36.0,2024-12-30 08:47
29200/51300052,深圳市医保局-深圳市各区基本医疗保险二档参保人数,卫生健康,深圳市医疗保障局,有数据更新时,11,,53,490,12,无条件开放,主动开放,,,,,2023-09-05 15:49:36.0,2024-12-30 08:46
29200/51300053,深圳市医保局-深圳市各区基本医疗保险三档参保人数,卫生健康,深圳市医疗保障局,有数据更新时,11,,78,809,12,无条件开放,主动开放,,,,,2023-09-05 15:49:36.0,2024-12-30 08:46
29200/51300054,深圳市医保局-广东省“双通道”管理药品范围-国家医保谈判药品类,卫生健康,深圳市医疗保障局,有数据更新时,93,,37,1492,12,无条件开放,主动开放,,,,,2023-09-05 15:49:36.0,2024-12-30 08:45
29200/51300055,深圳市医保局-广东省“双通道”管理药品范围-国家医保竞价药品类,卫生健康,深圳市医疗保障局,有数据更新时,33,,21,822,12,无条件开放,主动开放,,,,,2023-09-05 15:49:36.0,2024-12-30 08:45
29200/51300056,深圳市医保局-广东省“双通道”管理药品范围-其他药品类,卫生健康,深圳市医疗保障局,有数据更新时,397,,34,2235,12,无条件开放,主动开放,,,,,2023-09-05 15:49:36.0,2024-12-30 08:44
29200/51300057,深圳市医保局-医疗保障领域信用评价结果,卫生健康,深圳市医疗保障局,有数据更新时,16414,,32,691,34,无条件开放,主动开放,,,,,2023-09-05 15:49:36.0,2024-12-30 08:48
29200/51300058,深圳市医保局-行政检查结果,卫生健康,深圳市医疗保障局,有数据更新时,656,,83,2374,24,无条件开放,主动开放,,,,,2023-09-05 15:49:36.0,2023-09-20 09:57
29200/51300059,深圳市医疗保障局深圳市普通门诊统筹定点零售药店名单,卫生健康,深圳市医疗保障局,有数据更新时,129,,56,1371,12,无条件开放,主动开放,,,,,2024-10-23 15:37:29.913,2024-10-23 07:52
29200/51300060,深圳市医疗保障局深圳市开通省内个账（银行卡管理）直接结算定点零售药店名单,卫生健康,深圳市医疗保障局,有数据更新时,2143,,16,465,12,无条件开放,主动开放,,,,,2025-01-20 11:35:27.027,2025-01-20 03:35
29200/51300061,深圳市医疗保障局深圳市试行期内新增医疗服务价格项目目录,卫生健康,深圳市医疗保障局,有数据更新时,216,,221,1388,12,无条件开放,主动开放,,,,,2025-02-06 17:12:16.449,2025-02-06 09:12
29200/51300062,深圳市医疗保障局深圳市二类门诊特定病种诊断及治疗定点医疗机构,卫生健康,深圳市医疗保障局,有数据更新时,96,,26,509,12,无条件开放,主动开放,,,,,2025-01-20 14:32:50.536,2025-01-20 06:32
29200/51300063,深圳市医疗保障局深圳市医疗保险和生育保险运行情况,卫生健康,深圳市医疗保障局,有数据更新时,12,,50,479,12,无条件开放,主动开放,,,,,2025-01-20 14:34:28.3,2025-01-20 06:34
29200/51300064,深圳市医疗保障局居民基本医疗保险参保人普通门诊统筹就医定点医疗机构,卫生健康,深圳市医疗保障局,有数据更新时,919,,60,926,12,无条件开放,主动开放,,,,,2025-01-20 14:37:02.774,2025-01-20 06:37
29200/51300065,深圳市医疗保障局广东省“双通道”和单独支付药品范围“岭南名方”医院制剂,卫生健康,深圳市医疗保障局,有数据更新时,3,,14,1466,12,无条件开放,主动开放,,,,,2025-01-20 14:39:12.238,2025-01-20 06:39
29200/51300066,深圳市医疗保障局职工基本医疗保险二档参保人普通门诊统筹就医定点医疗机构,卫生健康,深圳市医疗保障局,有数据更新时,893,,86,1668,12,无条件开放,主动开放,,,,,2025-01-20 14:40:20.118,2025-01-20 06:40
29200/51300067,深圳市医疗保障局深圳市具有门诊大型医疗设备检查和治疗项目服务资质的定点医疗机构名单,卫生健康,深圳市医疗保障局,有数据更新时,127,,63,1567,12,无条件开放,主动开放,,,,,2025-01-20 14:41:31.721,2025-01-20 06:41
29200/51300068,深圳市医疗保障局医保电子处方流转药店名单,卫生健康,深圳市医疗保障局,有数据更新时,1167,,70,1853,12,无条件开放,主动开放,,,,,2025-01-20 14:42:54.371,2025-01-20 06:42
29200/51400001,深圳口岸出入境人员,交通运输,深圳市人民政府口岸办公室,有数据更新时,91,,1453,12287,274,无条件开放,主动开放,,,,,2020-11-30 18:07:49.0,2025-08-04 11:28
29200/51400002,深圳口岸出入境车辆,交通运输,深圳市人民政府口岸办公室,有数据更新时,91,,850,11878,210,无条件开放,主动开放,,,,,2020-12-28 11:31:16.0,2020-12-30 07:30
29200/51400003,深圳海港口岸集装箱吞吐量,交通运输,深圳市人民政府口岸办公室,有数据更新时,91,,1053,13183,178,无条件开放,主动开放,,,,,2020-12-28 11:35:30.0,2020-12-30 07:31
29200/51400004,深圳口岸进出口货物量,交通运输,深圳市人民政府口岸办公室,有数据更新时,91,,923,11977,124,无条件开放,主动开放,,,,,2020-12-28 11:37:15.0,2025-08-04 08:41
29200/51400005,深圳机场口岸出入境旅客,交通运输,深圳市人民政府口岸办公室,有数据更新时,91,,998,14632,36,无条件开放,主动开放,,,,,2020-12-28 11:44:20.0,2020-12-30 07:33
29200/51400006,深圳机场口岸空运货物量,交通运输,深圳市人民政府口岸办公室,有数据更新时,91,,490,15045,73,无条件开放,主动开放,,,,,2020-12-28 11:45:10.0,2020-12-30 07:33
29200/51400007,深圳口岸简介,交通运输,深圳市人民政府口岸办公室,有数据更新时,48,,300,2936,30,无条件开放,主动开放,,,,,2020-12-28 11:48:41.0,2020-12-30 07:35
29200/51400010,深圳市口岸办内设机构简介,交通运输,深圳市人民政府口岸办公室,有数据更新时,7,,66,3596,18,无条件开放,主动开放,,,,,2020-12-28 11:52:14.0,2025-12-18 09:51
29200/51400016,莲塘口岸一站式信息平台出入境数,交通运输,深圳市人民政府口岸办公室,有数据更新时,483,,56,1360,16,无条件开放,主动开放,,,,,2021-12-13 19:36:20.0,2022-01-10 09:33
29200/51400018,深圳市人民政府口岸办公室-客船运载旅客,交通运输,深圳市人民政府口岸办公室,按年,41,,173,4436,20,无条件开放,主动开放,,,,,2022-12-13 15:53:31.0,2023-01-03 06:46
29200/51400019,深圳市人民政府口岸办公室-船舶进出港,交通运输,深圳市人民政府口岸办公室,按年,40,,223,3543,20,无条件开放,主动开放,,,,,2022-12-13 15:56:44.0,2023-01-03 06:48
29200/51400020,深圳市人民政府口岸办公室-客船进出港,交通运输,深圳市人民政府口岸办公室,按年,40,,178,4049,22,无条件开放,主动开放,,,,,2023-01-09 09:12:08.0,2023-01-09 01:08
29200/51400021,深圳市人民政府口岸办公室-口岸航行通告,交通运输,深圳市人民政府口岸办公室,有数据更新时,41,,75,2271,12,无条件开放,主动开放,,,,,2022-12-13 16:01:01.0,2025-08-21 02:02
29200/51400022,深圳市人民政府口岸办公室-口岸停车场信息,卫生健康,深圳市人民政府口岸办公室,有数据更新时,10,,67,1064,12,无条件开放,主动开放,,,,,2022-12-13 16:03:19.0,2025-08-21 01:59
29200/51400023,深圳市人民政府口岸办公室-口岸停车场出入数据,卫生健康,深圳市人民政府口岸办公室,按年,298,,423,2943,1115,无条件开放,主动开放,,,,,2023-01-09 09:12:48.0,2026-02-10 07:14
29200/51400024,深圳市人民政府口岸办公室-口岸办培训信息,卫生健康,深圳市人民政府口岸办公室,有数据更新时,16,,16,1815,12,无条件开放,主动开放,,,,,2022-12-13 16:08:42.0,2025-08-21 02:03
29200/51400025,深圳市人民政府口岸办公室-深圳海关进出口货值月度统计表,卫生健康,深圳市人民政府口岸办公室,半年,67,,378,3649,12,无条件开放,主动开放,,,,,2022-12-13 16:10:37.0,2026-03-27 08:57
29200/51400026,市口岸办-陆路口岸出境人员,交通运输,深圳市人民政府口岸办公室,有数据更新时,161,,182,1139,34,无条件开放,主动开放,,,,,2023-12-06 15:49:46.246,2023-12-07 06:25
29200/51400027,市口岸办-陆路口岸入境人员,交通运输,深圳市人民政府口岸办公室,有数据更新时,161,,344,1481,38,无条件开放,主动开放,,,,,2023-12-06 15:49:46.56,2023-12-07 06:25
29200/51400028,市口岸办-陆路口岸入境车辆,交通运输,深圳市人民政府口岸办公室,有数据更新时,115,,118,1323,18,无条件开放,主动开放,,,,,2023-12-06 15:49:46.634,2024-02-26 06:31
29200/51400029,市口岸办-陆路口岸出境车辆,交通运输,深圳市人民政府口岸办公室,有数据更新时,115,,70,1177,16,无条件开放,主动开放,,,,,2023-12-06 15:49:46.699,2023-12-07 06:23
29200/51400030,市口岸办-陆路口岸出入境旅检查验场地面积,交通运输,深圳市人民政府口岸办公室,有数据更新时,7,,22,742,12,无条件开放,主动开放,,,,,2023-12-06 15:49:46.993,2023-12-07 06:22
29200/51400031,市口岸办-陆路口岸出入境旅检查验通道数,交通运输,深圳市人民政府口岸办公室,有数据更新时,7,,25,784,12,无条件开放,主动开放,,,,,2023-12-06 15:49:47.057,2023-12-07 06:22
29200/51400032,市口岸办-陆路口岸设计旅客吞吐量,交通运输,深圳市人民政府口岸办公室,有数据更新时,7,,56,505,16,无条件开放,主动开放,,,,,2023-12-06 15:49:47.121,2023-12-07 06:21
29200/51400033,市口岸办-陆路口岸车辆通道数,交通运输,深圳市人民政府口岸办公室,有数据更新时,5,,54,636,16,无条件开放,主动开放,,,,,2023-12-06 15:49:47.185,2023-12-07 06:21
29200/51400034,市口岸办-口岸设计交通工具吞吐量,交通运输,深圳市人民政府口岸办公室,有数据更新时,7,,95,599,20,无条件开放,主动开放,,,,,2023-12-06 15:49:47.246,2023-12-07 06:20
29200/51400035,市口岸办-陆路口岸出入境货检作业场地面积,交通运输,深圳市人民政府口岸办公室,有数据更新时,5,,12,585,12,无条件开放,主动开放,,,,,2023-12-06 15:49:47.307,2023-12-07 06:20
29200/51400036,深圳市陆路口岸出境货车,政府机构,深圳市人民政府口岸办公室,按周,416,,47,1194,10,无条件开放,主动开放,,,,,2025-01-03 16:33:37.0,2026-02-11 14:30
29200/51400037,深圳市陆路口岸入境货车,政府机构,深圳市人民政府口岸办公室,按周,416,,74,1251,10,无条件开放,主动开放,,,,,2025-01-03 16:33:38.0,2026-02-11 14:29
29200/51400038,深圳市陆路口岸自然周日均出境货车量,政府机构,深圳市人民政府口岸办公室,按周,416,,83,1251,10,无条件开放,主动开放,,,,,2025-01-03 16:33:38.0,2026-02-11 14:28
29200/51400039,深圳市陆路口岸自然周日均入境货车量,政府机构,深圳市人民政府口岸办公室,按周,416,,42,1145,10,无条件开放,主动开放,,,,,2025-01-03 16:33:38.0,2026-02-11 14:27
29200/51400040,深圳市陆路口岸出入境日均通关人数,政府机构,深圳市人民政府口岸办公室,半年,133,,193,446,10,无条件开放,主动开放,,,,,2025-01-10 18:16:23.833,2025-01-16 03:20
29200/51400041,深圳市陆路口岸出境旅客当年累计情况分析,政府机构,深圳市人民政府口岸办公室,半年,126,,111,516,10,无条件开放,主动开放,,,,,2025-01-10 18:17:05.297,2025-01-16 03:23
29200/51400042,深圳市陆路口岸入境旅客当年累计情况分析,政府机构,深圳市人民政府口岸办公室,半年,126,,256,705,34,无条件开放,主动开放,,,,,2025-01-10 18:17:47.607,2025-01-16 03:24
29200/51400043,深圳市陆路口岸出境私家车当年累计吞吐量及当月日均吞吐量,政府机构,深圳市人民政府口岸办公室,半年,88,,27,554,10,无条件开放,主动开放,,,,,2025-01-10 18:18:31.489,2025-01-16 03:26
29200/51400044,深圳市陆路口岸入境私家车当年累计吞吐量及当月日均吞吐量,政府机构,深圳市人民政府口岸办公室,半年,88,,31,614,10,无条件开放,主动开放,,,,,2025-01-10 18:19:31.301,2025-01-16 03:27
29200/51400045,深圳市陆路口岸出境旅游巴士当年累计吞吐量及当月日均吞吐量,政府机构,深圳市人民政府口岸办公室,半年,88,,26,512,10,无条件开放,主动开放,,,,,2025-01-10 18:20:08.396,2025-01-16 03:28
29200/51400046,深圳市陆路口岸入境旅游巴士当年累计吞吐量及当月日均吞吐量,政府机构,深圳市人民政府口岸办公室,半年,88,,64,536,10,无条件开放,主动开放,,,,,2025-01-10 18:20:54.698,2025-01-16 03:29
29200/51400047,深圳市二线关简介,政府机构,深圳市人民政府口岸办公室,有数据更新时,18,,27,240,12,无条件开放,主动开放,,,,,2025-02-19 17:26:47.459,2025-02-19 09:26
29200/51400048,深圳市口岸办微信公众号阅读量,政府机构,深圳市人民政府口岸办公室,按年,67,,9,476,12,无条件开放,主动开放,,,,,2025-02-19 16:57:59.0,2026-02-10 07:11
29200/51400050,深圳湾口岸旅客出境数据,政府机构,深圳市人民政府口岸办公室,半年,304,,20,149,10,无条件开放,主动开放,,,,,2025-12-26 20:59:51.0,2026-01-26 08:40
29200/51400051,深圳湾口岸旅客入境数据,政府机构,深圳市人民政府口岸办公室,半年,304,,43,214,10,无条件开放,主动开放,,,,,2025-12-26 21:07:14.0,2026-01-26 08:40
29200/51400052,福田口岸旅客出境数据,政府机构,深圳市人民政府口岸办公室,半年,304,,25,536,10,无条件开放,主动开放,,,,,2025-12-26 21:14:03.0,2026-01-26 08:40
29200/51400053,福田口岸旅客入境数据,政府机构,深圳市人民政府口岸办公室,半年,304,,44,438,10,无条件开放,主动开放,,,,,2025-12-26 21:19:09.0,2026-01-26 08:37
29200/51400054,皇岗口岸旅客出境数据,政府机构,深圳市人民政府口岸办公室,半年,304,,17,522,10,无条件开放,主动开放,,,,,2025-12-26 22:29:59.0,2026-01-26 08:52
29200/51400055,皇岗口岸旅客入境数据,政府机构,深圳市人民政府口岸办公室,半年,304,,23,527,10,无条件开放,主动开放,,,,,2025-12-26 22:33:36.0,2026-01-26 08:39
29200/51400056,文锦渡口岸旅客出境数据,政府机构,深圳市人民政府口岸办公室,半年,304,,13,877,10,无条件开放,主动开放,,,,,2025-12-26 22:37:44.0,2026-01-26 08:39
29200/51400057,文锦渡口岸旅客入境数据,政府机构,深圳市人民政府口岸办公室,半年,304,,12,623,10,无条件开放,主动开放,,,,,2025-12-26 22:45:34.0,2026-01-26 08:39
29200/51400058,罗湖口岸旅客出境数据,政府机构,深圳市人民政府口岸办公室,半年,304,,38,726,10,无条件开放,主动开放,,,,,2025-12-26 22:48:13.0,2026-01-26 07:45
29200/51400059,罗湖口岸旅客入境数据,政府机构,深圳市人民政府口岸办公室,半年,304,,34,689,10,无条件开放,主动开放,,,,,2025-12-26 22:55:20.0,2026-01-26 08:39
29200/51400060,莲塘口岸旅客出境数据,政府机构,深圳市人民政府口岸办公室,半年,304,,29,1092,10,无条件开放,主动开放,,,,,2025-12-26 23:01:38.0,2026-01-26 08:39
29200/51400061,莲塘口岸旅客入境数据,政府机构,深圳市人民政府口岸办公室,半年,304,,42,1470,10,无条件开放,主动开放,,,,,2025-12-26 23:04:47.0,2026-01-26 08:38
29200/51500008,深汕特别合作区-户外广告行政许可,政府机构,深汕特别合作区管理委员会,有数据更新时,42,,16,2170,12,无条件开放,主动开放,,,,,2022-11-28 14:42:03.0,2022-11-28 10:00
29200/51500018,深汕特别合作区-家具建材,企业服务,深汕特别合作区管理委员会,有数据更新时,420,,15,538,12,无条件开放,主动开放,,,,,2022-11-14 10:56:40.0,2022-12-04 06:20
29200/51500019,深汕特别合作区-家电维修,企业服务,深汕特别合作区管理委员会,有数据更新时,12,,14,555,12,无条件开放,主动开放,,,,,2022-11-14 11:02:24.0,2022-12-04 06:20
29200/51500020,深汕特别合作区-家私,企业服务,深汕特别合作区管理委员会,有数据更新时,12,,8,1778,12,无条件开放,主动开放,,,,,2022-11-14 11:05:29.0,2022-12-04 06:20
29200/51500022,深汕特别合作区-批发,企业服务,深汕特别合作区管理委员会,有数据更新时,16,,42,1904,12,无条件开放,主动开放,,,,,2022-11-14 11:28:34.0,2022-12-04 06:34
29200/51500023,深汕特别合作区-摄影,企业服务,深汕特别合作区管理委员会,有数据更新时,12,,110,2510,12,无条件开放,主动开放,,,,,2022-11-14 11:30:56.0,2022-12-04 06:35
29200/51500070,深汕特别合作区空气质量优良率,生态文明,深汕特别合作区管理委员会,有数据更新时,58,,27,1908,12,无条件开放,主动开放,,,,,2023-11-24 11:31:54.738,2023-11-30 10:14
29200/51500071,深汕特别合作区PM2.5浓度,生态文明,深汕特别合作区管理委员会,有数据更新时,58,,27,1832,12,无条件开放,主动开放,,,,,2023-11-24 11:31:54.797,2025-06-17 04:51
29200/51500072,深汕特别合作区PM10浓度,生态文明,深汕特别合作区管理委员会,有数据更新时,58,,11,1980,12,无条件开放,主动开放,,,,,2023-11-24 11:31:54.854,2023-11-30 10:13
29200/51500074,深汕特别合作区-饮用水源水质,生态文明,深汕特别合作区管理委员会,有数据更新时,104,,31,1546,12,无条件开放,主动开放,,,,,2023-11-24 11:31:54.972,2026-02-10 06:53
29200/51500153,深圳市深汕特别合作区政务服务秒批事项清单,政府机构,深汕特别合作区管理委员会,有数据更新时,17,,0,73,0,无条件开放,主动开放,,,,,2025-12-29 10:52:19.0,2026-04-13 10:05
