edge_id,from_node_id,to_node_id,dep_type,architecture_direction,coupling_strength,used_symbol,invocation_method,api_contract_refs,event_ref,ddd_integration_pattern,failure_mode,fallback,activation_condition,data_transfer_description,resource_impact,relationship_type,cross_domain,verified,dep_maturity,valid_since,is_legal_cycle
238060,58,45,runtime,upstream,hard,,,"",,,,,,回滚后跑 G0 门禁验证——Gate Engine 提供门禁执行能力。,,,,,design,2026-05-05,0
238061,58,90,contract,upstream,hard,,,MOD-INF-021 §9 CT-RBK-GATE-001,,,,,,CT-RBK-GATE-001 集成契约——48 exit code 映射到 Gate/Pipeline/Orchestrator。,,,,,design,2026-05-05,0
238063,69,58,runtime,downstream,hard,,,MOD-GOVERNANCE G-CT-005,,,,,,漂移检测触发回滚——DriftEvent → RollbackExecutor 消费，G-CT-005 契约锚定。,,,,,design,2026-05-05,0
238067,69,45,runtime,downstream,hard,,,"",,,,,,门禁持久化——gate_persistence 漂移预算门禁。,,,,,design,2026-05-15,0
238068,69,55,runtime,upstream,hard,,,"",,,,,,AiAuditLogger + AbstractLock 共享基础设施。,,,,,design,2026-05-15,0
238069,69,42,runtime,upstream,hard,,,"",,,,,,基线+漂移结果持久化——drift_events DB + baseline JSON。,,,,,design,2026-05-15,0
238078,70,71,contract,upstream,hard,,,"",,,,,,退出码约定 0/1/2/3/4 + Finding Schema + manifest 注册契约——dedup gate 消费 script-system 定义。,,,,,design,2026-05-05,0
238079,70,45,runtime,upstream,hard,,,"",,,,,,GATE-DEDUP pre-commit 门禁判定逻辑——Wave 1 即落地 gate-engine 框架。,,,,,design,2026-05-05,0
238080,70,40,contract,upstream,hard,,,"",,,,,,生成时注入共享API影子清单——防重第一道防线 + 消费验证回环。,,,,,design,2026-05-05,0
238081,70,43,runtime,upstream,hard,,,"",,,,,,重复模式→FLE→evolve()→EvolutionProposal 进化闭环——微观克隆检测结果驱动 FLE 自我演化。,,,,,design,2026-05-05,0
238082,70,55,contract,upstream,hard,,,"",,,,,,SSoT Guard + shared 目录结构——去重后的组件提取目标目录。,,,,,design,2026-05-05,0
238083,70,42,data,upstream,hard,,,"",,,,,,发现的重复模式/健忘热点→KB 持久化→未来 AI session 主动查阅——KB 索引双分配存储。,,,,,design,2026-05-05,0
238084,52,45,runtime,upstream,hard,,,"",,,,,,蓝方防御判定依赖 Gate Engine 执行门禁检查——红方注入后验证 Gate 是否拦截。,,,,,design,2026-05-08,0
238086,52,54,runtime,upstream,hard,,,"",,,,,,规则漂移攻击场景的检测器——RB-003/RB-020 依赖语义审计能力。,,,,,design,2026-05-08,0
238087,52,70,runtime,upstream,hard,,,"",,,,,,重复注入场景的检测器——RB-004 依赖去重引擎能力。,,,,,design,2026-05-08,0
238089,52,69,runtime,upstream,medium,,,MOD-INF-030 §0 G-CT-023,,,,,,攻击场景基线快照与漂移对比——G-CT-023 契约锚点。,,,,,design,2026-05-08,0
238091,36,52,runtime,downstream,hard,,,"",,,,,,AuditOrchestrator Phase 5 红白对抗阶段委托 RedBlueValidator 执行。,,,,,design,2026-05-08,0
238092,52,50,runtime,upstream,medium,,,"",,,,,,红方可能利用孤儿判定边界制造绕过——RB-002 场景依赖孤儿判定能力。,,,,,design,2026-05-08,0
238093,52,38,runtime,upstream,medium,,,"",,,,,,绕过发现后的修复执行——自愈反馈闭环依赖 AutoFix Engine。,,,,,design,2026-05-08,0
238096,52,59,data,upstream,medium,,,MOD-INF-030 §0 G-CT-024,,,,,,绕过模式知识条目存储与检索——G-CT-024 契约锚点。,,,,,design,2026-05-08,0
238097,53,55,runtime,upstream,hard,,,MOD-RESOURCE_OPTIMIZATION_ENGINE §5,,,,,,资源优化引擎依赖 shared-core 的 DaemonRegistry/EventBus/ContractBus/API_INDEX 基础设施。,,,,,design,2026-05-08,0
238099,53,51,runtime,upstream,hard,,,"",,,,,,资源优化引擎依赖 pipeline 的 pipeline_lock 和 orchestration 协调。,,,,,design,2026-05-08,0
238100,53,43,runtime,upstream,hard,,,MOD-RESOURCE_OPTIMIZATION_ENGINE §7.1,,,,,,资源优化引擎将 FLE-Scheduler 注册为守护线程，接收资源异常检测器。,,,,,design,2026-05-08,0
238101,53,45,contract,upstream,soft,,,MOD-RESOURCE_OPTIMIZATION_ENGINE §15.4,,,,,,资源优化引擎注册 G-RES 资源检查门禁规则，资源不足时门禁阻断。,,,,,design,2026-05-08,0
238103,53,69,runtime,upstream,soft,,,MOD-RESOURCE_OPTIMIZATION_ENGINE §15.2 CT-ROE-006,,,,,,资源配置漂移检测——阈值被篡改时触发漂移告警。,,,,,design,2026-05-08,0
238104,53,59,runtime,peer,soft,,,MOD-RESOURCE_OPTIMIZATION_ENGINE §15.2 CT-ROE-003,,,,,,资源成本预算联动——资源超支时触发预算降级。,,,,,design,2026-05-08,0
238110,59,55,data,upstream,hard,,,"",,,,,,全局成本汇聚 + 语义缓存重导出,,,,,design,2026-05-15,0
238111,59,42,data,upstream,soft,,,"",,,,,,SQLite 存储层(传递依赖 via MOD-INF-016),,,,,design,2026-05-15,0
238113,59,69,contract,upstream,soft,,,"",,,,,,漂移预算信号,,,,,design,2026-05-15,0
238114,59,40,runtime,upstream,soft,,,"",,,,,,上下文压缩联动,,,,,design,2026-05-15,0
238140,59,49,data,upstream,soft,,,"",,,,,,model_router.py 懒导入 load_benchmark_history（基准性能数据加载）。,,,,,design,2026-05-18,0
238141,81,37,runtime,upstream,hard,,,"",,,,,,VMS消费嵌入服务——BGE-M3嵌入路由已迁至MOD-INF-039，VMS通过local-model获取嵌入向量。,,,,,design,2026-05-18,0
238143,51,37,runtime,upstream,hard,,,"",,,,,,Pipeline嵌入+rerank——管线阶段调度依赖local-model的嵌入与重排序能力。,,,,,design,2026-05-18,0
359316,311196,311195,import_depends,downstream,required,Portfolio,direct,,,,runtime_error,no_fallback,always,,low,,0,0,design,,0
359317,311195,311193,import_depends,downstream,required,DataHandler,direct,,,,runtime_error,no_fallback,always,,low,,0,0,design,,0
361331,311196,311216,import_depends,downstream,medium,"",direct,"","","",runtime_error,no_fallback,always,"",low,"",0,0,design,,0
361332,311217,311215,import_depends,downstream,medium,"",direct,"","","",runtime_error,no_fallback,always,"",low,"",0,0,design,,0
361333,311193,311215,import_depends,downstream,medium,"",direct,"","","",runtime_error,no_fallback,always,"",low,"",0,0,design,,0
361334,311218,311216,import_depends,downstream,medium,"",direct,"","","",runtime_error,no_fallback,always,"",low,"",0,0,design,,0
361335,311218,311215,import_depends,downstream,medium,"",direct,"","","",runtime_error,no_fallback,always,"",low,"",0,0,design,,0
361337,311220,311217,import_depends,downstream,medium,"",direct,"","","",runtime_error,no_fallback,always,"",low,"",0,0,design,,0
361338,311220,311215,import_depends,downstream,medium,"",direct,"","","",runtime_error,no_fallback,always,"",low,"",0,0,design,,0
361339,311221,311215,import_depends,downstream,medium,"",direct,"","","",runtime_error,no_fallback,always,"",low,"",0,0,design,,0
361340,311222,311218,import_depends,downstream,medium,"",direct,"","","",runtime_error,no_fallback,always,"",low,"",0,0,design,,0
361341,311223,311218,import_depends,downstream,medium,"",direct,"","","",runtime_error,no_fallback,always,"",low,"",0,0,design,,0
442951,380762,380810,import_depends,downstream,required,"",import,[],"","",timeout,graceful_degradation,"","","",one_to_many,0,0,active,,0
442952,380762,380778,import_depends,downstream,required,"",import,[],"","",timeout,graceful_degradation,"","","",one_to_many,0,0,active,,0
442953,380762,380849,import_depends,downstream,required,"",import,[],"","",timeout,graceful_degradation,"","","",one_to_many,0,0,active,,0
442930,380752,380759,import_depends,downstream,required,"",import,[],"",shared_kernel,timeout,graceful_degradation,"","","",one_to_many,0,0,active,,0
442931,380753,382446,import_depends,downstream,critical,"",import,[],"","",service_down,circuit_break,"","","",one_to_many,1,0,active,,0
442932,380753,380831,import_depends,downstream,required,"",import,[],"","",timeout,graceful_degradation,"","","",one_to_many,0,0,active,,0
442933,380753,380776,import_depends,downstream,required,"",import,[],"","",timeout,graceful_degradation,"","","",one_to_many,0,0,active,,0
442934,380753,381022,import_depends,downstream,required,"",import,[],"","",timeout,graceful_degradation,"","","",one_to_many,0,0,active,,0
442935,380753,381893,import_depends,downstream,critical,"",import,[],"","",service_down,circuit_break,"","","",one_to_many,1,0,active,,0
442936,380753,382074,import_depends,downstream,critical,"",import,[],"","",service_down,circuit_break,"","","",one_to_many,1,0,active,,0
442937,380754,381685,import_depends,downstream,critical,"",import,[],"","",service_down,circuit_break,"","","",one_to_many,1,0,active,,0
442938,380755,380841,import_depends,downstream,required,"",import,[],"","",timeout,graceful_degradation,"","","",one_to_many,0,0,active,,0
442939,380755,380833,import_depends,downstream,required,"",import,[],"","",timeout,graceful_degradation,"","","",one_to_many,0,0,active,,0
447856,381004,380758,config_depends,downstream,degradable,"",config,[],"","",timeout,circuit_break,"","","",one_to_many,0,0,active,,0
447863,381130,381133,config_depends,downstream,degradable,"",config,[],"","",timeout,circuit_break,"","","",one_to_many,0,0,active,,0
447923,382189,382188,config_depends,downstream,degradable,"",config,[],"","",timeout,circuit_break,"","","",one_to_many,0,0,active,,0
443484,381445,381563,import_depends,downstream,critical,"",import,[],"","",service_down,circuit_break,"","","",one_to_many,1,0,active,,0
443485,381445,382652,import_depends,downstream,critical,"",import,[],"","",service_down,circuit_break,"","","",one_to_many,1,0,active,,0
443486,381448,382074,import_depends,downstream,critical,"",import,[],"","",service_down,circuit_break,"","","",one_to_many,1,0,active,,0
443487,381448,382664,import_depends,downstream,critical,"",import,[],"","",service_down,circuit_break,"","","",one_to_many,1,0,active,,0
443488,381449,382595,import_depends,downstream,critical,"",import,[],"","",service_down,circuit_break,"","","",one_to_many,1,0,active,,0
443489,381450,382595,import_depends,downstream,critical,"",import,[],"","",service_down,circuit_break,"","","",one_to_many,1,0,active,,0
443490,381451,381467,import_depends,downstream,required,"",import,[],"","",timeout,graceful_degradation,"","","",one_to_many,0,0,active,,0
443491,381452,382595,import_depends,downstream,critical,"",import,[],"","",service_down,circuit_break,"","","",one_to_many,1,0,active,,0
443492,381453,382595,import_depends,downstream,critical,"",import,[],"","",service_down,circuit_break,"","","",one_to_many,1,0,active,,0
443493,381454,381458,import_depends,downstream,required,"",import,[],"","",timeout,graceful_degradation,"","","",one_to_many,0,0,active,,0
443494,381454,382078,import_depends,downstream,critical,"",import,[],"","",service_down,circuit_break,"","","",one_to_many,1,0,active,,0
443495,381454,382100,import_depends,downstream,critical,"",import,[],"","",service_down,circuit_break,"","","",one_to_many,1,0,active,,0
443496,381456,382595,import_depends,downstream,critical,"",import,[],"","",service_down,circuit_break,"","","",one_to_many,1,0,active,,0
443497,381462,381442,import_depends,downstream,required,"",import,[],"","",timeout,graceful_degradation,"","","",one_to_many,0,0,active,,0
443498,381462,381615,import_depends,downstream,critical,"",import,[],"","",service_down,circuit_break,"","","",one_to_many,1,0,active,,0
443499,381462,381563,import_depends,downstream,critical,"",import,[],"","",service_down,circuit_break,"","","",one_to_many,1,0,active,,0
443500,381462,382640,import_depends,downstream,critical,"",import,[],"",anti_corruption_layer,service_down,circuit_break,"","","",one_to_many,1,0,active,,0
443501,381464,381442,import_depends,downstream,required,"",import,[],"","",timeout,graceful_degradation,"","","",one_to_many,0,0,active,,0
443502,381464,381615,import_depends,downstream,critical,"",import,[],"","",service_down,circuit_break,"","","",one_to_many,1,0,active,,0
443503,381464,381563,import_depends,downstream,critical,"",import,[],"","",service_down,circuit_break,"","","",one_to_many,1,0,active,,0
443504,381467,381470,import_depends,downstream,required,"",import,[],"","",timeout,graceful_degradation,"","","",one_to_many,0,0,active,,0
443505,381467,382643,import_depends,downstream,critical,"",import,[],"",anti_corruption_layer,service_down,circuit_break,"","","",one_to_many,1,0,active,,0
443506,381467,381454,import_depends,downstream,required,"",import,[],"","",timeout,graceful_degradation,"","","",one_to_many,0,0,active,,0
443507,381468,381445,import_depends,downstream,required,"",import,[],"","",timeout,graceful_degradation,"","","",one_to_many,0,0,active,,0
443508,381468,382640,import_depends,downstream,critical,"",import,[],"",anti_corruption_layer,service_down,circuit_break,"","","",one_to_many,1,0,active,,0
443509,381469,381442,import_depends,downstream,required,"",import,[],"","",timeout,graceful_degradation,"","","",one_to_many,0,0,active,,0
443510,381469,381615,import_depends,downstream,critical,"",import,[],"","",service_down,circuit_break,"","","",one_to_many,1,0,active,,0
443511,381469,381563,import_depends,downstream,critical,"",import,[],"","",service_down,circuit_break,"","","",one_to_many,1,0,active,,0
443512,381473,381515,import_depends,downstream,required,"",import,[],"","",timeout,graceful_degradation,"","","",one_to_many,0,0,active,,0
443513,381473,381572,import_depends,downstream,critical,"",import,[],"","",service_down,circuit_break,"","","",one_to_many,1,0,active,,0
443514,381473,381563,import_depends,downstream,critical,"",import,[],"","",service_down,circuit_break,"","","",one_to_many,1,0,active,,0
443515,381473,381497,import_depends,downstream,required,"",import,[],"","",timeout,graceful_degradation,"","","",one_to_many,0,0,active,,0
443516,381476,383186,import_depends,downstream,critical,"",import,[],"","",service_down,circuit_break,"","","",one_to_many,1,0,active,,0
443517,381476,383187,import_depends,downstream,critical,"",import,[],"","",service_down,circuit_break,"","","",one_to_many,1,0,active,,0
443518,381476,383188,import_depends,downstream,critical,"",import,[],"","",service_down,circuit_break,"","","",one_to_many,1,0,active,,0
443519,381478,380885,import_depends,downstream,required,"",import,[],"","",timeout,graceful_degradation,"","","",one_to_many,0,0,active,,0
443520,381478,382595,import_depends,downstream,critical,"",import,[],"","",service_down,circuit_break,"","","",one_to_many,1,0,active,,0
443521,381479,380872,import_depends,downstream,required,"",import,[],"","",timeout,graceful_degradation,"","","",one_to_many,0,0,active,,0
443522,381481,381388,import_depends,downstream,required,"",import,[],"","",timeout,graceful_degradation,"","","",one_to_many,0,0,active,,0
443523,381481,382517,import_depends,downstream,critical,"",import,[],"","",service_down,circuit_break,"","","",one_to_many,1,0,active,,0
443524,381481,381676,import_depends,downstream,required,"",import,[],"","",timeout,graceful_degradation,"","","",one_to_many,0,0,active,,0
443525,381482,382595,import_depends,downstream,critical,"",import,[],"","",service_down,circuit_break,"","","",one_to_many,1,0,active,,0
443526,381483,381484,import_depends,downstream,required,"",import,[],"","",timeout,graceful_degradation,"","","",one_to_many,0,0,active,,0
442940,380755,380818,import_depends,downstream,required,"",import,[],"","",timeout,graceful_degradation,"","","",one_to_many,0,0,active,,0
442941,380755,380794,import_depends,downstream,required,"",import,[],"","",timeout,graceful_degradation,"","","",one_to_many,0,0,active,,0
442942,380755,380810,import_depends,downstream,required,"",import,[],"","",timeout,graceful_degradation,"","","",one_to_many,0,0,active,,0
442943,380755,380778,import_depends,downstream,required,"",import,[],"","",timeout,graceful_degradation,"","","",one_to_many,0,0,active,,0
442944,380755,380849,import_depends,downstream,required,"",import,[],"","",timeout,graceful_degradation,"","","",one_to_many,0,0,active,,0
442945,380759,382595,import_depends,downstream,critical,"",import,[],"","",service_down,circuit_break,"","","",one_to_many,1,0,active,,0
442946,380762,380841,import_depends,downstream,required,"",import,[],"","",timeout,graceful_degradation,"","","",one_to_many,0,0,active,,0
442947,380762,380833,import_depends,downstream,required,"",import,[],"","",timeout,graceful_degradation,"","","",one_to_many,0,0,active,,0
442948,380762,380818,import_depends,downstream,required,"",import,[],"","",timeout,graceful_degradation,"","","",one_to_many,0,0,active,,0
442949,380762,380794,import_depends,downstream,required,"",import,[],"","",timeout,graceful_degradation,"","","",one_to_many,0,0,active,,0
442950,380762,380786,import_depends,downstream,required,"",import,[],"","",timeout,graceful_degradation,"","","",one_to_many,0,0,active,,0
442954,380762,380755,import_depends,downstream,required,"",import,[],"","",timeout,graceful_degradation,"","","",one_to_many,0,0,active,,0
442955,380763,380830,import_depends,downstream,required,"",import,[],"","",timeout,graceful_degradation,"","","",one_to_many,0,0,active,,0
442956,380766,381572,import_depends,downstream,critical,"",import,[],"",anti_corruption_layer,service_down,circuit_break,"","","",one_to_many,1,0,active,,0
442957,380766,382595,import_depends,downstream,critical,"",import,[],"",anti_corruption_layer,service_down,circuit_break,"","","",one_to_many,1,0,active,,0
442958,380766,382656,import_depends,downstream,critical,"",import,[],"",anti_corruption_layer,service_down,circuit_break,"","","",one_to_many,1,0,active,,0
442959,380766,382664,import_depends,downstream,critical,"",import,[],"",anti_corruption_layer,service_down,circuit_break,"","","",one_to_many,1,0,active,,0
442960,380767,380775,import_depends,downstream,required,"",import,[],"",shared_kernel,timeout,graceful_degradation,"","","",one_to_many,0,0,active,,0
442961,380770,380857,import_depends,downstream,required,"",import,[],"","",timeout,graceful_degradation,"","","",one_to_many,0,0,active,,0
442962,380770,380849,import_depends,downstream,required,"",import,[],"","",timeout,graceful_degradation,"","","",one_to_many,0,0,active,,0
442963,380770,380841,import_depends,downstream,required,"",import,[],"","",timeout,graceful_degradation,"","","",one_to_many,0,0,active,,0
442964,380770,380833,import_depends,downstream,required,"",import,[],"","",timeout,graceful_degradation,"","","",one_to_many,0,0,active,,0
442965,380770,380818,import_depends,downstream,required,"",import,[],"","",timeout,graceful_degradation,"","","",one_to_many,0,0,active,,0
442966,380770,380810,import_depends,downstream,required,"",import,[],"","",timeout,graceful_degradation,"","","",one_to_many,0,0,active,,0
442967,380770,380802,import_depends,downstream,required,"",import,[],"","",timeout,graceful_degradation,"","","",one_to_many,0,0,active,,0
442968,380770,380794,import_depends,downstream,required,"",import,[],"","",timeout,graceful_degradation,"","","",one_to_many,0,0,active,,0
442969,380770,380778,import_depends,downstream,required,"",import,[],"","",timeout,graceful_degradation,"","","",one_to_many,0,0,active,,0
442970,380773,381161,import_depends,downstream,required,"",import,[],"","",timeout,graceful_degradation,"","","",one_to_many,0,0,active,,0
442971,380773,381119,import_depends,downstream,required,"",import,[],"","",timeout,graceful_degradation,"","","",one_to_many,0,0,active,,0
442972,380774,380845,import_depends,downstream,required,"",import,[],"",shared_kernel,timeout,graceful_degradation,"","","",one_to_many,0,0,active,,0
442973,380774,382640,import_depends,downstream,critical,"",import,[],"",anti_corruption_layer,service_down,circuit_break,"","","",one_to_many,1,0,active,,0
442974,380774,382664,import_depends,downstream,critical,"",import,[],"",anti_corruption_layer,service_down,circuit_break,"","","",one_to_many,1,0,active,,0
442975,380775,382485,import_depends,downstream,critical,"",import,[],"",anti_corruption_layer,service_down,circuit_break,"","","",one_to_many,1,0,active,,0
442976,380776,381893,import_depends,downstream,critical,"",import,[],"","",service_down,circuit_break,"","","",one_to_many,1,0,active,,0
442977,380776,382074,import_depends,downstream,critical,"",import,[],"","",service_down,circuit_break,"","","",one_to_many,1,0,active,,0
442978,380776,382652,import_depends,downstream,critical,"",import,[],"","",service_down,circuit_break,"","","",one_to_many,1,0,active,,0
442979,380776,382391,import_depends,downstream,critical,"",import,[],"","",service_down,circuit_break,"","","",one_to_many,1,0,active,,0
442980,380779,381037,import_depends,downstream,required,"",import,[],"",shared_kernel,timeout,graceful_degradation,"","","",one_to_many,0,0,active,,0
442981,380782,380806,import_depends,downstream,required,"",import,[],"",shared_kernel,timeout,graceful_degradation,"","","",one_to_many,0,0,active,,0
442982,380782,380798,import_depends,downstream,required,"",import,[],"",shared_kernel,timeout,graceful_degradation,"","","",one_to_many,0,0,active,,0
442983,380783,382535,import_depends,downstream,critical,"",import,[],"","",service_down,circuit_break,"","","",one_to_many,1,0,active,,0
442984,380783,382536,import_depends,downstream,critical,"",import,[],"","",service_down,circuit_break,"","","",one_to_many,1,0,active,,0
442985,380783,382325,import_depends,downstream,critical,"",import,[],"","",service_down,circuit_break,"","","",one_to_many,1,0,active,,0
442986,380786,380825,import_depends,downstream,required,"",import,[],"","",timeout,graceful_degradation,"","","",one_to_many,0,0,active,,0
442987,380790,382640,import_depends,downstream,critical,"",import,[],"",anti_corruption_layer,service_down,circuit_break,"","","",one_to_many,1,0,active,,0
442988,380790,382664,import_depends,downstream,critical,"",import,[],"",anti_corruption_layer,service_down,circuit_break,"","","",one_to_many,1,0,active,,0
442989,380791,381388,import_depends,downstream,required,"",import,[],"","",timeout,graceful_degradation,"","","",one_to_many,0,0,active,,0
442990,380796,380804,import_depends,downstream,required,"",import,[],"",shared_kernel,timeout,graceful_degradation,"","","",one_to_many,0,0,active,,0
442991,380797,381119,import_depends,downstream,required,"",import,[],"","",timeout,graceful_degradation,"","","",one_to_many,0,0,active,,0
442992,380798,381909,import_depends,downstream,critical,"",import,[],"","",service_down,circuit_break,"","","",one_to_many,1,0,active,,0
442993,380799,381685,import_depends,downstream,required,"",import,[],"","",timeout,graceful_degradation,"","","",one_to_many,0,0,active,,0
442994,380799,380815,import_depends,downstream,required,"",import,[],"",shared_kernel,timeout,graceful_degradation,"","","",one_to_many,0,0,active,,0
442995,380799,380807,import_depends,downstream,required,"",import,[],"",shared_kernel,timeout,graceful_degradation,"","","",one_to_many,0,0,active,,0
442996,380806,382583,import_depends,downstream,critical,"",import,[],"",anti_corruption_layer,service_down,circuit_break,"","","",one_to_many,1,0,active,,0
442997,380807,381685,import_depends,downstream,required,"",import,[],"","",timeout,graceful_degradation,"","","",one_to_many,0,0,active,,0
442998,380807,383187,import_depends,downstream,critical,"",import,[],"",anti_corruption_layer,service_down,circuit_break,"","","",one_to_many,1,0,active,,0
442999,380807,383188,import_depends,downstream,critical,"",import,[],"",anti_corruption_layer,service_down,circuit_break,"","","",one_to_many,1,0,active,,0
443000,380807,383189,import_depends,downstream,critical,"",import,[],"",anti_corruption_layer,service_down,circuit_break,"","","",one_to_many,1,0,active,,0
443001,380813,381119,import_depends,downstream,required,"",import,[],"","",timeout,graceful_degradation,"","","",one_to_many,0,0,active,,0
443002,380814,380829,import_depends,downstream,required,"",import,[],"",shared_kernel,timeout,graceful_degradation,"","","",one_to_many,0,0,active,,0
443003,380816,382595,import_depends,downstream,critical,"",import,[],"","",service_down,circuit_break,"","","",one_to_many,1,0,active,,0
443004,380816,381893,import_depends,downstream,critical,"",import,[],"","",service_down,circuit_break,"","","",one_to_many,1,0,active,,0
443005,380816,382583,import_depends,downstream,critical,"",import,[],"","",service_down,circuit_break,"","","",one_to_many,1,0,active,,0
443006,380816,382589,import_depends,downstream,critical,"",import,[],"","",service_down,circuit_break,"","","",one_to_many,1,0,active,,0
443007,380821,381152,import_depends,downstream,required,"",import,[],"","",timeout,graceful_degradation,"","","",one_to_many,0,0,active,,0
443008,380822,382595,import_depends,downstream,critical,"",import,[],"","",service_down,circuit_break,"","","",one_to_many,1,0,active,,0
443009,380822,382656,import_depends,downstream,critical,"",import,[],"",anti_corruption_layer,service_down,circuit_break,"","","",one_to_many,1,0,active,,0
443010,380823,381893,import_depends,downstream,critical,"",import,[],"","",service_down,circuit_break,"","","",one_to_many,1,0,active,,0
443011,380826,382070,import_depends,downstream,critical,"",import,[],"",anti_corruption_layer,service_down,circuit_break,"","","",one_to_many,1,0,active,,0
443012,380829,382595,import_depends,downstream,critical,"",import,[],"","",service_down,circuit_break,"","","",one_to_many,1,0,active,,0
443013,380829,380843,import_depends,downstream,required,"",import,[],"",shared_kernel,timeout,graceful_degradation,"","","",one_to_many,0,0,active,,0
443014,380829,381561,import_depends,downstream,critical,"",import,[],"",anti_corruption_layer,service_down,circuit_break,"","","",one_to_many,1,0,active,,0
443015,380831,381893,import_depends,downstream,critical,"",import,[],"","",service_down,circuit_break,"","","",one_to_many,1,0,active,,0
443016,380831,382074,import_depends,downstream,critical,"",import,[],"","",service_down,circuit_break,"","","",one_to_many,1,0,active,,0
443017,380831,381022,import_depends,downstream,required,"",import,[],"","",timeout,graceful_degradation,"","","",one_to_many,0,0,active,,0
443018,380831,382112,import_depends,downstream,critical,"",import,[],"","",service_down,circuit_break,"","","",one_to_many,1,0,active,,0
443019,380831,381431,import_depends,downstream,critical,"",import,[],"","",service_down,circuit_break,"","","",one_to_many,1,0,active,,0
443020,380831,382115,import_depends,downstream,critical,"",import,[],"","",service_down,circuit_break,"","","",one_to_many,1,0,active,,0
443021,380831,382589,import_depends,downstream,critical,"",import,[],"","",service_down,circuit_break,"","","",one_to_many,1,0,active,,0
443022,380833,380825,import_depends,downstream,required,"",import,[],"","",timeout,graceful_degradation,"","","",one_to_many,0,0,active,,0
443023,380833,380794,import_depends,downstream,required,"",import,[],"","",timeout,graceful_degradation,"","","",one_to_many,0,0,active,,0
443024,380834,380826,import_depends,downstream,required,"",import,[],"","",timeout,graceful_degradation,"","","",one_to_many,0,0,active,,0
443025,380834,381174,import_depends,downstream,required,"",import,[],"","",timeout,graceful_degradation,"","","",one_to_many,0,0,active,,0
443026,380838,382490,import_depends,downstream,critical,"",import,[],"",anti_corruption_layer,service_down,circuit_break,"","","",one_to_many,1,0,active,,0
443027,380841,382511,import_depends,downstream,critical,"",import,[],"","",service_down,circuit_break,"","","",one_to_many,1,0,active,,0
443028,380845,381893,import_depends,downstream,critical,"",import,[],"","",service_down,circuit_break,"","","",one_to_many,1,0,active,,0
443029,380845,382640,import_depends,downstream,critical,"",import,[],"",anti_corruption_layer,service_down,circuit_break,"","","",one_to_many,1,0,active,,0
443030,380845,382664,import_depends,downstream,critical,"",import,[],"",anti_corruption_layer,service_down,circuit_break,"","","",one_to_many,1,0,active,,0
443031,380845,382595,import_depends,downstream,critical,"",import,[],"","",service_down,circuit_break,"","","",one_to_many,1,0,active,,0
443032,380846,381041,import_depends,downstream,required,"",import,[],"","",timeout,graceful_degradation,"","","",one_to_many,0,0,active,,0
443033,380850,380858,import_depends,downstream,required,"",import,[],"",shared_kernel,timeout,graceful_degradation,"","","",one_to_many,0,0,active,,0
443034,380854,381032,import_depends,downstream,required,"",import,[],"",anti_corruption_layer,timeout,graceful_degradation,"","","",one_to_many,0,0,active,,0
443035,380854,380846,import_depends,downstream,required,"",import,[],"",shared_kernel,timeout,graceful_degradation,"","","",one_to_many,0,0,active,,0
443036,380854,380888,import_depends,downstream,required,"",import,[],"",anti_corruption_layer,timeout,graceful_degradation,"","","",one_to_many,0,0,active,,0
443037,380857,380802,import_depends,downstream,required,"",import,[],"","",timeout,graceful_degradation,"","","",one_to_many,0,0,active,,0
443038,380857,381719,import_depends,downstream,critical,"",import,[],"","",service_down,circuit_break,"","","",one_to_many,1,0,active,,0
443039,380858,382788,import_depends,downstream,critical,"",import,[],"","",service_down,circuit_break,"","","",one_to_many,1,0,active,,0
443040,380868,382490,import_depends,downstream,critical,"",import,[],"",anti_corruption_layer,service_down,circuit_break,"","","",one_to_many,1,0,active,,0
443041,380872,382595,import_depends,downstream,critical,"",import,[],"","",service_down,circuit_break,"","","",one_to_many,1,0,active,,0
443042,380872,382648,import_depends,downstream,critical,"",import,[],"","",service_down,circuit_break,always,"",low,one_to_many,1,0,active,,0
443043,380875,380841,import_depends,downstream,required,"",import,[],"","",timeout,graceful_degradation,"","","",one_to_many,0,0,active,,0
443044,380875,380755,import_depends,downstream,required,"",import,[],"","",timeout,graceful_degradation,"","","",one_to_many,0,0,active,,0
443045,380876,380863,import_depends,downstream,required,"",import,[],"","",timeout,graceful_degradation,"","","",one_to_many,0,0,active,,0
443046,380881,382595,import_depends,downstream,critical,"",import,[],"","",service_down,circuit_break,"","","",one_to_many,1,0,active,,0
443047,380885,381521,import_depends,downstream,required,"",import,[],"","",timeout,graceful_degradation,"","","",one_to_many,0,0,active,,0
443048,380885,382595,import_depends,downstream,critical,"",import,[],"","",service_down,circuit_break,"","","",one_to_many,1,0,active,,0
443049,380888,380879,import_depends,downstream,required,"",import,[],"",shared_kernel,timeout,graceful_degradation,"","","",one_to_many,0,0,active,,0
443050,380890,381108,import_depends,downstream,critical,"",import,[],"","",service_down,circuit_break,"","","",one_to_many,1,0,active,,0
443051,380894,381333,import_depends,downstream,required,"",import,[],"","",timeout,graceful_degradation,"","","",one_to_many,0,0,active,,0
443052,380895,381893,import_depends,downstream,critical,"",import,[],"","",service_down,circuit_break,"","","",one_to_many,1,0,active,,0
443053,380895,382640,import_depends,downstream,critical,"",import,[],"",anti_corruption_layer,service_down,circuit_break,"","","",one_to_many,1,0,active,,0
443054,380895,382664,import_depends,downstream,critical,"",import,[],"",anti_corruption_layer,service_down,circuit_break,"","","",one_to_many,1,0,active,,0
443055,380895,382595,import_depends,downstream,critical,"",import,[],"","",service_down,circuit_break,"","","",one_to_many,1,0,active,,0
443056,380895,382553,import_depends,downstream,critical,"",import,[],"",anti_corruption_layer,service_down,circuit_break,"","","",one_to_many,1,0,active,,0
443057,380896,381119,import_depends,downstream,required,"",import,[],"","",timeout,graceful_degradation,"","","",one_to_many,0,0,active,,0
443058,380896,380953,import_depends,downstream,required,"",import,[],"","",timeout,graceful_degradation,"","","",one_to_many,0,0,active,,0
443059,380897,380906,import_depends,downstream,required,"",import,[],"",shared_kernel,timeout,graceful_degradation,"","","",one_to_many,0,0,active,,0
443060,380902,382355,import_depends,downstream,critical,"",import,[],"",anti_corruption_layer,service_down,circuit_break,"","","",one_to_many,1,0,active,,0
443061,380902,382353,import_depends,downstream,critical,"",import,[],"",anti_corruption_layer,service_down,circuit_break,"","","",one_to_many,1,0,active,,0
443062,380902,382368,import_depends,downstream,critical,"",import,[],"",anti_corruption_layer,service_down,circuit_break,"","","",one_to_many,1,0,active,,0
443063,380902,382362,import_depends,downstream,critical,"",import,[],"",anti_corruption_layer,service_down,circuit_break,"","","",one_to_many,1,0,active,,0
443064,380902,382366,import_depends,downstream,critical,"",import,[],"",anti_corruption_layer,service_down,circuit_break,"","","",one_to_many,1,0,active,,0
443065,380902,382367,import_depends,downstream,critical,"",import,[],"",anti_corruption_layer,service_down,circuit_break,"","","",one_to_many,1,0,active,,0
443066,380911,382367,import_depends,downstream,critical,"",import,[],"",anti_corruption_layer,service_down,circuit_break,"","","",one_to_many,1,0,active,,0
443067,380912,381393,import_depends,downstream,required,"",import,[],"","",timeout,graceful_degradation,"","","",one_to_many,0,0,active,,0
443068,380913,380885,import_depends,downstream,required,"",import,[],"","",timeout,graceful_degradation,"","","",one_to_many,0,0,active,,0
443069,380913,381521,import_depends,downstream,required,"",import,[],"","",timeout,graceful_degradation,"","","",one_to_many,0,0,active,,0
443070,380913,382595,import_depends,downstream,critical,"",import,[],"","",service_down,circuit_break,"","","",one_to_many,1,0,active,,0
443071,380915,380826,import_depends,downstream,required,"",import,[],"","",timeout,graceful_degradation,"","","",one_to_many,0,0,active,,0
443072,380915,382070,import_depends,downstream,critical,"",import,[],"","",service_down,circuit_break,"","","",one_to_many,1,0,active,,0
443073,380920,382366,import_depends,downstream,critical,"",import,[],"",anti_corruption_layer,service_down,circuit_break,"","","",one_to_many,1,0,active,,0
443074,380921,380912,import_depends,downstream,required,"",import,[],"",shared_kernel,timeout,graceful_degradation,"","","",one_to_many,0,0,active,,0
443075,380922,380872,import_depends,downstream,required,"",import,[],"","",timeout,graceful_degradation,"","","",one_to_many,0,0,active,,0
443076,380922,380904,import_depends,downstream,required,"",import,[],"","",timeout,graceful_degradation,"","","",one_to_many,0,0,active,,0
443077,380927,381113,import_depends,downstream,required,"",import,[],"","",timeout,graceful_degradation,"","","",one_to_many,0,0,active,,0
443078,380927,381119,import_depends,downstream,required,"",import,[],"","",timeout,graceful_degradation,"","","",one_to_many,0,0,active,,0
443079,380929,382362,import_depends,downstream,critical,"",import,[],"",anti_corruption_layer,service_down,circuit_break,"","","",one_to_many,1,0,active,,0
443080,380931,382213,import_depends,downstream,critical,"",import,[],"","",service_down,circuit_break,"","","",one_to_many,1,0,active,,0
443081,380931,383186,import_depends,downstream,critical,"",import,[],"","",service_down,circuit_break,"","","",one_to_many,1,0,active,,0
443082,380931,383187,import_depends,downstream,critical,"",import,[],"","",service_down,circuit_break,"","","",one_to_many,1,0,active,,0
443083,380931,383188,import_depends,downstream,critical,"",import,[],"","",service_down,circuit_break,"","","",one_to_many,1,0,active,,0
443084,380935,381025,import_depends,downstream,required,"",import,[],"","",timeout,graceful_degradation,"","","",one_to_many,0,0,active,,0
443085,380938,382368,import_depends,downstream,critical,"",import,[],"",anti_corruption_layer,service_down,circuit_break,"","","",one_to_many,1,0,active,,0
443086,380939,381032,import_depends,downstream,required,"",import,[],"",shared_kernel,timeout,graceful_degradation,"","","",one_to_many,0,0,active,,0
443087,380940,382213,import_depends,downstream,critical,"",import,[],"","",service_down,circuit_break,"","","",one_to_many,1,0,active,,0
443088,380942,380775,import_depends,downstream,required,"",import,[],"",anti_corruption_layer,timeout,graceful_degradation,"","","",one_to_many,0,0,active,,0
443089,380943,382656,import_depends,downstream,critical,"",import,[],"",anti_corruption_layer,service_down,circuit_break,"","","",one_to_many,1,0,active,,0
443090,380943,382664,import_depends,downstream,critical,"",import,[],"",anti_corruption_layer,service_down,circuit_break,"","","",one_to_many,1,0,active,,0
443091,380943,382595,import_depends,downstream,critical,"",import,[],"","",service_down,circuit_break,"","","",one_to_many,1,0,active,,0
443092,380944,383188,import_depends,downstream,critical,"",import,[],"","",service_down,circuit_break,"","","",one_to_many,1,0,active,,0
443093,380947,382353,import_depends,downstream,critical,"",import,[],"",anti_corruption_layer,service_down,circuit_break,"","","",one_to_many,1,0,active,,0
443094,380948,381032,import_depends,downstream,required,"",import,[],"",shared_kernel,timeout,graceful_degradation,"","","",one_to_many,0,0,active,,0
443095,380951,380894,import_depends,downstream,required,"",import,[],"",shared_kernel,timeout,graceful_degradation,"","","",one_to_many,0,0,active,,0
443096,380956,382355,import_depends,downstream,critical,"",import,[],"",anti_corruption_layer,service_down,circuit_break,"","","",one_to_many,1,0,active,,0
443097,380962,381161,import_depends,downstream,required,"",import,[],"","",timeout,graceful_degradation,"","","",one_to_many,0,0,active,,0
443098,380962,381152,import_depends,downstream,required,"",import,[],"","",timeout,graceful_degradation,"","","",one_to_many,0,0,active,,0
443099,380962,381119,import_depends,downstream,required,"",import,[],"","",timeout,graceful_degradation,"","","",one_to_many,0,0,active,,0
443100,380962,380953,import_depends,downstream,required,"",import,[],"","",timeout,graceful_degradation,"","","",one_to_many,0,0,active,,0
443101,380962,381174,import_depends,downstream,critical,"",import,[],"","",service_down,circuit_break,"","","",one_to_many,1,0,active,,0
443102,380974,381012,import_depends,downstream,required,"",import,[],"",shared_kernel,timeout,graceful_degradation,"","","",one_to_many,0,0,active,,0
443103,380974,380977,import_depends,downstream,required,"",import,[],"",shared_kernel,timeout,graceful_degradation,"","","",one_to_many,0,0,active,,0
443104,380974,380854,import_depends,downstream,required,"",import,[],"",anti_corruption_layer,timeout,graceful_degradation,"","","",one_to_many,0,0,active,,0
443105,380974,381668,import_depends,downstream,required,"",import,[],"",anti_corruption_layer,timeout,graceful_degradation,"","","",one_to_many,0,0,active,,0
443106,380974,382333,import_depends,downstream,critical,"",import,[],"",anti_corruption_layer,service_down,circuit_break,"","","",one_to_many,1,0,active,,0
443107,380974,382375,import_depends,downstream,critical,"",import,[],"",anti_corruption_layer,service_down,circuit_break,"","","",one_to_many,1,0,active,,0
443108,380974,381331,import_depends,downstream,required,"",import,[],"","",timeout,graceful_degradation,"","","",one_to_many,0,0,active,,0
443109,380984,382593,import_depends,downstream,critical,"",import,[],"",anti_corruption_layer,service_down,circuit_break,"","","",one_to_many,1,0,active,,0
443110,380989,380894,import_depends,downstream,required,"",import,[],"",shared_kernel,timeout,graceful_degradation,"","","",one_to_many,0,0,active,,0
443111,380989,380858,import_depends,downstream,required,"",import,[],"",shared_kernel,timeout,graceful_degradation,"","","",one_to_many,0,0,active,,0
443112,380989,380912,import_depends,downstream,required,"",import,[],"",shared_kernel,timeout,graceful_degradation,"","","",one_to_many,0,0,active,,0
443113,380989,380846,import_depends,downstream,required,"",import,[],"",anti_corruption_layer,timeout,graceful_degradation,"","","",one_to_many,0,0,active,,0
443114,380989,380888,import_depends,downstream,required,"",import,[],"",shared_kernel,timeout,graceful_degradation,"","","",one_to_many,0,0,active,,0
443115,380989,380897,import_depends,downstream,required,"",import,[],"",shared_kernel,timeout,graceful_degradation,"","","",one_to_many,0,0,active,,0
443116,380992,381032,import_depends,downstream,required,"",import,[],"",shared_kernel,timeout,graceful_degradation,"","","",one_to_many,0,0,active,,0
443117,380997,381174,import_depends,downstream,required,"",import,[],"","",timeout,graceful_degradation,"","","",one_to_many,0,0,active,,0
443118,381005,381521,import_depends,downstream,required,"",import,[],"","",timeout,graceful_degradation,"","","",one_to_many,0,0,active,,0
443119,381005,382595,import_depends,downstream,critical,"",import,[],"","",service_down,circuit_break,"","","",one_to_many,1,0,active,,0
443120,381007,380830,import_depends,downstream,required,"",import,[],"","",timeout,graceful_degradation,"","","",one_to_many,0,0,active,,0
443121,381009,382775,import_depends,downstream,critical,"",import,[],"","",service_down,circuit_break,"","","",one_to_many,1,0,active,,0
443122,381011,381119,import_depends,downstream,required,"",import,[],"","",timeout,graceful_degradation,"","","",one_to_many,0,0,active,,0
443123,381012,380826,import_depends,downstream,required,"",import,[],"",shared_kernel,timeout,graceful_degradation,"","","",one_to_many,0,0,active,,0
443124,381012,380834,import_depends,downstream,required,"",import,[],"","",timeout,graceful_degradation,"","","",one_to_many,0,0,active,,0
443125,381014,380826,import_depends,downstream,required,"",import,[],"","",timeout,graceful_degradation,"","","",one_to_many,0,0,active,,0
443126,381014,382070,import_depends,downstream,critical,"",import,[],"",anti_corruption_layer,service_down,circuit_break,"","","",one_to_many,1,0,active,,0
443127,381014,380915,import_depends,downstream,required,"",import,[],"","",timeout,graceful_degradation,"","","",one_to_many,0,0,active,,0
443128,381019,381119,import_depends,downstream,required,"",import,[],"","",timeout,graceful_degradation,"","","",one_to_many,0,0,active,,0
443129,381034,381521,import_depends,downstream,critical,"",import,[],"","",service_down,circuit_break,"","","",one_to_many,1,0,active,,0
443130,381034,381518,import_depends,downstream,critical,"",import,[],"","",service_down,circuit_break,"","","",one_to_many,1,0,active,,0
443131,381034,381009,import_depends,downstream,required,"",import,[],"",shared_kernel,timeout,graceful_degradation,"","","",one_to_many,0,0,active,,0
443132,381034,381002,import_depends,downstream,required,"",import,[],"",shared_kernel,timeout,graceful_degradation,"","","",one_to_many,0,0,active,,0
443133,381034,380994,import_depends,downstream,required,"",import,[],"",shared_kernel,timeout,graceful_degradation,"","","",one_to_many,0,0,active,,0
443134,381034,380986,import_depends,downstream,required,"",import,[],"",shared_kernel,timeout,graceful_degradation,"","","",one_to_many,0,0,active,,0
443135,381034,380963,import_depends,downstream,required,"",import,[],"",shared_kernel,timeout,graceful_degradation,"","","",one_to_many,0,0,active,,0
443136,381040,382595,import_depends,downstream,critical,"",import,[],"","",service_down,circuit_break,"","","",one_to_many,1,0,active,,0
443137,381041,380779,import_depends,downstream,required,"",import,[],"",shared_kernel,timeout,graceful_degradation,"","","",one_to_many,0,0,active,,0
443138,381042,381518,import_depends,downstream,required,"",import,[],"","",timeout,graceful_degradation,"","","",one_to_many,0,0,active,,0
443139,381042,381727,import_depends,downstream,critical,"",import,[],"","",service_down,circuit_break,"","","",one_to_many,1,0,active,,0
443140,381044,381893,import_depends,downstream,critical,"",import,[],"","",service_down,circuit_break,"","","",one_to_many,1,0,active,,0
443141,381044,382074,import_depends,downstream,critical,"",import,[],"",anti_corruption_layer,service_down,circuit_break,"","","",one_to_many,1,0,active,,0
443142,381044,380776,import_depends,downstream,required,"",import,[],"","",timeout,graceful_degradation,"","","",one_to_many,0,0,active,,0
443143,381049,380753,import_depends,downstream,required,"",import,[],"","",timeout,graceful_degradation,"","","",one_to_many,0,0,active,,0
443144,381049,381891,import_depends,downstream,critical,"",import,[],"","",service_down,circuit_break,"","","",one_to_many,1,0,active,,0
443145,381050,380854,import_depends,downstream,required,"",import,[],"","",timeout,graceful_degradation,"","","",one_to_many,0,0,active,,0
443146,381060,382595,import_depends,downstream,critical,"",import,[],"","",service_down,circuit_break,"","","",one_to_many,1,0,active,,0
443147,381060,381992,import_depends,downstream,critical,"",import,[],"","",service_down,circuit_break,"","","",one_to_many,1,0,active,,0
443148,381060,383062,import_depends,downstream,critical,"",import,[],"","",service_down,circuit_break,"","","",one_to_many,1,0,active,,0
443149,381064,381152,import_depends,downstream,required,"",import,[],"","",timeout,graceful_degradation,"","","",one_to_many,0,0,active,,0
443150,381073,380989,import_depends,downstream,critical,"",import,[],"","",service_down,circuit_break,"","","",one_to_many,1,0,active,,0
443151,381077,382039,import_depends,downstream,critical,"",import,[],"","",service_down,circuit_break,"","","",one_to_many,1,0,active,,0
443152,381089,381715,import_depends,downstream,critical,"",import,[],"",anti_corruption_layer,service_down,circuit_break,"","","",one_to_many,1,0,active,,0
443153,381090,382074,import_depends,downstream,critical,"",import,[],"","",service_down,circuit_break,"","","",one_to_many,1,0,active,,0
443154,381094,381119,import_depends,downstream,required,"",import,[],"","",timeout,graceful_degradation,"","","",one_to_many,0,0,active,,0
443155,381095,381102,import_depends,downstream,required,"",import,[],"","",timeout,graceful_degradation,"","","",one_to_many,0,0,active,,0
443156,381098,381102,import_depends,downstream,required,"",import,[],"","",timeout,graceful_degradation,"","","",one_to_many,0,0,active,,0
443157,381100,381119,import_depends,downstream,required,"",import,[],"","",timeout,graceful_degradation,"","","",one_to_many,0,0,active,,0
443158,381103,381415,import_depends,downstream,critical,"",import,[],"",anti_corruption_layer,service_down,circuit_break,"","","",one_to_many,1,0,active,,0
443159,381109,381282,import_depends,downstream,critical,"",import,[],"",anti_corruption_layer,service_down,circuit_break,"","","",one_to_many,1,0,active,,0
443160,381111,382681,import_depends,downstream,critical,"",import,[],"",anti_corruption_layer,service_down,circuit_break,"","","",one_to_many,1,0,active,,0
443161,381112,381193,import_depends,downstream,critical,"",import,[],"","",service_down,circuit_break,"","","",one_to_many,1,0,active,,0
443162,381115,381189,import_depends,downstream,critical,"",import,[],"",anti_corruption_layer,service_down,circuit_break,"","","",one_to_many,1,0,active,,0
443163,381118,381179,import_depends,downstream,critical,"",import,[],"","",service_down,circuit_break,"","","",one_to_many,1,0,active,,0
443164,381118,381180,import_depends,downstream,critical,"",import,[],"","",service_down,circuit_break,"","","",one_to_many,1,0,active,,0
443165,381118,381175,import_depends,downstream,critical,"",import,[],"","",service_down,circuit_break,"","","",one_to_many,1,0,active,,0
443166,381118,381177,import_depends,downstream,critical,"",import,[],"","",service_down,circuit_break,"","","",one_to_many,1,0,active,,0
443167,381118,381178,import_depends,downstream,critical,"",import,[],"","",service_down,circuit_break,"","","",one_to_many,1,0,active,,0
443168,381118,381181,import_depends,downstream,critical,"",import,[],"","",service_down,circuit_break,"","","",one_to_many,1,0,active,,0
443169,381118,381184,import_depends,downstream,critical,"",import,[],"","",service_down,circuit_break,"","","",one_to_many,1,0,active,,0
443170,381121,380837,import_depends,downstream,critical,"",import,[],"",anti_corruption_layer,service_down,circuit_break,"","","",one_to_many,1,0,active,,0
443171,381124,380837,import_depends,downstream,critical,"",import,[],"","",service_down,circuit_break,"","","",one_to_many,1,0,active,,0
443172,381125,381113,import_depends,downstream,required,"",import,[],"","",timeout,graceful_degradation,"","","",one_to_many,0,0,active,,0
443173,381131,381119,import_depends,downstream,required,"",import,[],"","",timeout,graceful_degradation,"","","",one_to_many,0,0,active,,0
443174,381133,381649,import_depends,downstream,critical,"",import,[],"","",service_down,circuit_break,"","","",one_to_many,1,0,active,,0
443175,381136,380846,import_depends,downstream,critical,"",import,[],"",anti_corruption_layer,service_down,circuit_break,"","","",one_to_many,1,0,active,,0
443176,381137,381113,import_depends,downstream,required,"",import,[],"","",timeout,graceful_degradation,"","","",one_to_many,0,0,active,,0
443177,381139,380854,import_depends,downstream,critical,"",import,[],"",anti_corruption_layer,service_down,circuit_break,"","","",one_to_many,1,0,active,,0
443178,381145,380863,import_depends,downstream,critical,"",import,[],"",anti_corruption_layer,service_down,circuit_break,"","","",one_to_many,1,0,active,,0
443179,381148,381642,import_depends,downstream,critical,"",import,[],"","",service_down,circuit_break,"","","",one_to_many,1,0,active,,0
443180,381149,381152,import_depends,downstream,required,"",import,[],"","",timeout,graceful_degradation,"","","",one_to_many,0,0,active,,0
443181,381149,381125,import_depends,downstream,required,"",import,[],"","",timeout,graceful_degradation,"","","",one_to_many,0,0,active,,0
443182,381149,381113,import_depends,downstream,required,"",import,[],"","",timeout,graceful_degradation,"","","",one_to_many,0,0,active,,0
443183,381150,381685,import_depends,downstream,critical,"",import,[],"","",service_down,circuit_break,"","","",one_to_many,1,0,active,,0
443184,381150,380815,import_depends,downstream,critical,"",import,[],"",anti_corruption_layer,service_down,circuit_break,"","","",one_to_many,1,0,active,,0
443185,381150,380807,import_depends,downstream,critical,"",import,[],"",anti_corruption_layer,service_down,circuit_break,"","","",one_to_many,1,0,active,,0
443186,381150,381159,import_depends,downstream,required,"",import,[],"","",timeout,graceful_degradation,"","","",one_to_many,0,0,active,,0
443187,381151,381285,import_depends,downstream,critical,"",import,[],"","",service_down,circuit_break,"","","",one_to_many,1,0,active,,0
443188,381153,380807,import_depends,downstream,critical,"",import,[],"",anti_corruption_layer,service_down,circuit_break,"","","",one_to_many,1,0,active,,0
443189,381154,381310,import_depends,downstream,critical,"",import,[],"","",service_down,circuit_break,"","","",one_to_many,1,0,active,,0
443190,381155,381152,import_depends,downstream,required,"",import,[],"","",timeout,graceful_degradation,"","","",one_to_many,0,0,active,,0
443191,381155,381137,import_depends,downstream,required,"",import,[],"","",timeout,graceful_degradation,"","","",one_to_many,0,0,active,,0
443192,381156,380815,import_depends,downstream,critical,"",import,[],"",anti_corruption_layer,service_down,circuit_break,"","","",one_to_many,1,0,active,,0
443193,381157,381414,import_depends,downstream,critical,"",import,[],"","",service_down,circuit_break,"","","",one_to_many,1,0,active,,0
443194,381159,380825,import_depends,downstream,critical,"",import,[],"","",service_down,circuit_break,"","","",one_to_many,1,0,active,,0
443195,381159,381685,import_depends,downstream,critical,"",import,[],"","",service_down,circuit_break,"","","",one_to_many,1,0,active,,0
443196,381159,383187,import_depends,downstream,critical,"",import,[],"","",service_down,circuit_break,"","","",one_to_many,1,0,active,,0
443197,381159,383188,import_depends,downstream,critical,"",import,[],"","",service_down,circuit_break,"","","",one_to_many,1,0,active,,0
443198,381159,383189,import_depends,downstream,critical,"",import,[],"","",service_down,circuit_break,"","","",one_to_many,1,0,active,,0
443199,381161,382595,import_depends,downstream,critical,"",import,[],"","",service_down,circuit_break,"","","",one_to_many,1,0,active,,0
443200,381162,381685,import_depends,downstream,critical,"",import,[],"","",service_down,circuit_break,"","","",one_to_many,1,0,active,,0
443201,381164,381170,import_depends,downstream,required,"",import,[],"","",timeout,graceful_degradation,"","","",one_to_many,0,0,active,,0
443202,381164,381110,import_depends,downstream,required,"",import,[],"","",timeout,graceful_degradation,"","","",one_to_many,0,0,active,,0
443203,381167,381119,import_depends,downstream,required,"",import,[],"","",timeout,graceful_degradation,"","","",one_to_many,0,0,active,,0
443204,381167,381174,import_depends,downstream,critical,"",import,[],"","",service_down,circuit_break,"","","",one_to_many,1,0,active,,0
443205,381167,381615,import_depends,downstream,critical,"",import,[],"","",service_down,circuit_break,"","","",one_to_many,1,0,active,,0
443206,381168,381685,import_depends,downstream,critical,"",import,[],"","",service_down,circuit_break,"","","",one_to_many,1,0,active,,0
443207,381168,383187,import_depends,downstream,critical,"",import,[],"",anti_corruption_layer,service_down,circuit_break,"","","",one_to_many,1,0,active,,0
443208,381168,383188,import_depends,downstream,critical,"",import,[],"",anti_corruption_layer,service_down,circuit_break,"","","",one_to_many,1,0,active,,0
443209,381170,381152,import_depends,downstream,required,"",import,[],"","",timeout,graceful_degradation,"","","",one_to_many,0,0,active,,0
443210,381170,381119,import_depends,downstream,required,"",import,[],"","",timeout,graceful_degradation,"","","",one_to_many,0,0,active,,0
443211,381171,381168,import_depends,downstream,required,"",import,[],"",shared_kernel,timeout,graceful_degradation,"","","",one_to_many,0,0,active,,0
443212,381171,380815,import_depends,downstream,critical,"",import,[],"",shared_kernel,service_down,circuit_break,"","","",one_to_many,1,0,active,,0
443213,381171,383188,import_depends,downstream,critical,"",import,[],"",anti_corruption_layer,service_down,circuit_break,"","","",one_to_many,1,0,active,,0
443214,381172,380755,import_depends,downstream,required,"",import,[],"","",timeout,graceful_degradation,"","","",one_to_many,0,0,active,,0
443215,381172,380762,import_depends,downstream,required,"",import,[],"","",timeout,graceful_degradation,"","","",one_to_many,0,0,active,,0
443216,381173,381119,import_depends,downstream,required,"",import,[],"","",timeout,graceful_degradation,"","","",one_to_many,0,0,active,,0
443217,381174,381032,import_depends,downstream,required,"",import,[],"",shared_kernel,timeout,graceful_degradation,"","","",one_to_many,0,0,active,,0
443218,381175,381174,import_depends,downstream,required,"",import,[],"","",timeout,graceful_degradation,"","","",one_to_many,0,0,active,,0
443219,381176,381029,import_depends,downstream,required,"",import,[],"","",timeout,graceful_degradation,"","","",one_to_many,0,0,active,,0
443220,381176,380989,import_depends,downstream,required,"",import,[],"","",timeout,graceful_degradation,"","","",one_to_many,0,0,active,,0
443221,381176,380939,import_depends,downstream,required,"",import,[],"","",timeout,graceful_degradation,"","","",one_to_many,0,0,active,,0
443222,381176,380787,import_depends,downstream,required,"",import,[],"","",timeout,graceful_degradation,"","","",one_to_many,0,0,active,,0
443223,381176,380779,import_depends,downstream,required,"",import,[],"","",timeout,graceful_degradation,"","","",one_to_many,0,0,active,,0
443224,381176,381032,import_depends,downstream,required,"",import,[],"","",timeout,graceful_degradation,"","","",one_to_many,0,0,active,,0
443225,381176,380992,import_depends,downstream,required,"",import,[],"","",timeout,graceful_degradation,"","","",one_to_many,0,0,active,,0
443226,381176,380951,import_depends,downstream,required,"",import,[],"","",timeout,graceful_degradation,"","","",one_to_many,0,0,active,,0
443227,381176,381174,import_depends,downstream,required,"",import,[],"","",timeout,graceful_degradation,"","","",one_to_many,0,0,active,,0
443228,381177,382640,import_depends,downstream,critical,"",import,[],"","",service_down,circuit_break,"","","",one_to_many,1,0,active,,0
443229,381177,381029,import_depends,downstream,required,"",import,[],"","",timeout,graceful_degradation,"","","",one_to_many,0,0,active,,0
443230,381177,381331,import_depends,downstream,required,"",import,[],"","",timeout,graceful_degradation,"","","",one_to_many,0,0,active,,0
443231,381177,381337,import_depends,downstream,required,"",import,[],"","",timeout,graceful_degradation,"","","",one_to_many,0,0,active,,0
443232,381178,381029,import_depends,downstream,required,"",import,[],"","",timeout,graceful_degradation,"","","",one_to_many,0,0,active,,0
443233,381178,380992,import_depends,downstream,required,"",import,[],"","",timeout,graceful_degradation,"","","",one_to_many,0,0,active,,0
443234,381180,381174,import_depends,downstream,required,"",import,[],"","",timeout,graceful_degradation,"","","",one_to_many,0,0,active,,0
443235,381182,381179,import_depends,downstream,required,"",import,[],"","",timeout,graceful_degradation,"","","",one_to_many,0,0,active,,0
443236,381182,381180,import_depends,downstream,required,"",import,[],"","",timeout,graceful_degradation,"","","",one_to_many,0,0,active,,0
443237,381182,381175,import_depends,downstream,required,"",import,[],"","",timeout,graceful_degradation,"","","",one_to_many,0,0,active,,0
443238,381182,381177,import_depends,downstream,required,"",import,[],"","",timeout,graceful_degradation,"","","",one_to_many,0,0,active,,0
443239,381182,381178,import_depends,downstream,required,"",import,[],"","",timeout,graceful_degradation,"","","",one_to_many,0,0,active,,0
443240,381182,381181,import_depends,downstream,required,"",import,[],"","",timeout,graceful_degradation,"","","",one_to_many,0,0,active,,0
443241,381182,381184,import_depends,downstream,required,"",import,[],"","",timeout,graceful_degradation,"","","",one_to_many,0,0,active,,0
443242,381183,380885,import_depends,downstream,required,"",import,[],"","",timeout,graceful_degradation,"","","",one_to_many,0,0,active,,0
443243,381183,382595,import_depends,downstream,critical,"",import,[],"","",service_down,circuit_break,"","","",one_to_many,1,0,active,,0
443244,381186,381191,import_depends,downstream,required,"",import,[],"",shared_kernel,timeout,graceful_degradation,"","","",one_to_many,0,0,active,,0
443245,381188,381191,import_depends,downstream,required,"",import,[],"",shared_kernel,timeout,graceful_degradation,"","","",one_to_many,0,0,active,,0
443246,381189,381185,import_depends,downstream,required,"",import,[],"",shared_kernel,timeout,graceful_degradation,"","","",one_to_many,0,0,active,,0
443247,381189,381186,import_depends,downstream,required,"",import,[],"",shared_kernel,timeout,graceful_degradation,"","","",one_to_many,0,0,active,,0
443248,381189,381188,import_depends,downstream,required,"",import,[],"",shared_kernel,timeout,graceful_degradation,"","","",one_to_many,0,0,active,,0
443249,381189,381187,import_depends,downstream,required,"",import,[],"",shared_kernel,timeout,graceful_degradation,"","","",one_to_many,0,0,active,,0
443250,381189,381191,import_depends,downstream,required,"",import,[],"",shared_kernel,timeout,graceful_degradation,"","","",one_to_many,0,0,active,,0
443251,381190,382517,import_depends,downstream,critical,"",import,[],"",anti_corruption_layer,service_down,circuit_break,"","","",one_to_many,1,0,active,,0
443252,381191,381032,import_depends,downstream,required,"",import,[],"",anti_corruption_layer,timeout,graceful_degradation,"","","",one_to_many,0,0,active,,0
443253,381193,381311,import_depends,downstream,required,"",import,[],"","",timeout,graceful_degradation,"","","",one_to_many,0,0,active,,0
443254,381193,381307,import_depends,downstream,required,"",import,[],"","",timeout,graceful_degradation,"","","",one_to_many,0,0,active,,0
443255,381193,381312,import_depends,downstream,required,"",import,[],"","",timeout,graceful_degradation,"","","",one_to_many,0,0,active,,0
443256,381193,381313,import_depends,downstream,required,"",import,[],"","",timeout,graceful_degradation,"","","",one_to_many,0,0,active,,0
443257,381193,381314,import_depends,downstream,required,"",import,[],"","",timeout,graceful_degradation,"","","",one_to_many,0,0,active,,0
443258,381193,381323,import_depends,downstream,required,"",import,[],"","",timeout,graceful_degradation,"","","",one_to_many,0,0,active,,0
443259,381193,381316,import_depends,downstream,required,"",import,[],"","",timeout,graceful_degradation,"","","",one_to_many,0,0,active,,0
443260,381193,381319,import_depends,downstream,required,"",import,[],"","",timeout,graceful_degradation,"","","",one_to_many,0,0,active,,0
443261,381193,381322,import_depends,downstream,required,"",import,[],"","",timeout,graceful_degradation,"","","",one_to_many,0,0,active,,0
443262,381193,381318,import_depends,downstream,required,"",import,[],"","",timeout,graceful_degradation,"","","",one_to_many,0,0,active,,0
443263,381193,381321,import_depends,downstream,required,"",import,[],"","",timeout,graceful_degradation,"","","",one_to_many,0,0,active,,0
443264,381193,381327,import_depends,downstream,required,"",import,[],"","",timeout,graceful_degradation,"","","",one_to_many,0,0,active,,0
443265,381193,381326,import_depends,downstream,required,"",import,[],"","",timeout,graceful_degradation,"","","",one_to_many,0,0,active,,0
443266,381193,381324,import_depends,downstream,required,"",import,[],"","",timeout,graceful_degradation,"","","",one_to_many,0,0,active,,0
443267,381193,381325,import_depends,downstream,required,"",import,[],"","",timeout,graceful_degradation,"","","",one_to_many,0,0,active,,0
443268,381193,381328,import_depends,downstream,required,"",import,[],"","",timeout,graceful_degradation,"","","",one_to_many,0,0,active,,0
443269,381193,381329,import_depends,downstream,required,"",import,[],"","",timeout,graceful_degradation,"","","",one_to_many,0,0,active,,0
443270,381193,381330,import_depends,downstream,required,"",import,[],"","",timeout,graceful_degradation,"","","",one_to_many,0,0,active,,0
443271,381193,381331,import_depends,downstream,required,"",import,[],"","",timeout,graceful_degradation,"","","",one_to_many,0,0,active,,0
443272,381193,381334,import_depends,downstream,required,"",import,[],"","",timeout,graceful_degradation,"","","",one_to_many,0,0,active,,0
443273,381193,381336,import_depends,downstream,required,"",import,[],"","",timeout,graceful_degradation,"","","",one_to_many,0,0,active,,0
443274,381193,381337,import_depends,downstream,required,"",import,[],"","",timeout,graceful_degradation,"","","",one_to_many,0,0,active,,0
443275,381193,381339,import_depends,downstream,required,"",import,[],"","",timeout,graceful_degradation,"","","",one_to_many,0,0,active,,0
443276,381193,381332,import_depends,downstream,required,"",import,[],"","",timeout,graceful_degradation,"","","",one_to_many,0,0,active,,0
443277,381193,381338,import_depends,downstream,required,"",import,[],"","",timeout,graceful_degradation,"","","",one_to_many,0,0,active,,0
443278,381193,381335,import_depends,downstream,required,"",import,[],"","",timeout,graceful_degradation,"","","",one_to_many,0,0,active,,0
443279,381193,381345,import_depends,downstream,required,"",import,[],"","",timeout,graceful_degradation,"","","",one_to_many,0,0,active,,0
443280,381193,381340,import_depends,downstream,required,"",import,[],"","",timeout,graceful_degradation,"","","",one_to_many,0,0,active,,0
443281,381193,381342,import_depends,downstream,required,"",import,[],"","",timeout,graceful_degradation,"","","",one_to_many,0,0,active,,0
443282,381193,381341,import_depends,downstream,required,"",import,[],"","",timeout,graceful_degradation,"","","",one_to_many,0,0,active,,0
443283,381193,381348,import_depends,downstream,required,"",import,[],"","",timeout,graceful_degradation,"","","",one_to_many,0,0,active,,0
443284,381193,381346,import_depends,downstream,required,"",import,[],"","",timeout,graceful_degradation,"","","",one_to_many,0,0,active,,0
443285,381193,381343,import_depends,downstream,required,"",import,[],"","",timeout,graceful_degradation,"","","",one_to_many,0,0,active,,0
443286,381193,381344,import_depends,downstream,required,"",import,[],"","",timeout,graceful_degradation,"","","",one_to_many,0,0,active,,0
443287,381193,381347,import_depends,downstream,required,"",import,[],"","",timeout,graceful_degradation,"","","",one_to_many,0,0,active,,0
443288,381193,381351,import_depends,downstream,required,"",import,[],"","",timeout,graceful_degradation,"","","",one_to_many,0,0,active,,0
443289,381193,381349,import_depends,downstream,required,"",import,[],"","",timeout,graceful_degradation,"","","",one_to_many,0,0,active,,0
443290,381193,381354,import_depends,downstream,required,"",import,[],"","",timeout,graceful_degradation,"","","",one_to_many,0,0,active,,0
443291,381193,381350,import_depends,downstream,required,"",import,[],"","",timeout,graceful_degradation,"","","",one_to_many,0,0,active,,0
443292,381193,381355,import_depends,downstream,required,"",import,[],"","",timeout,graceful_degradation,"","","",one_to_many,0,0,active,,0
443293,381193,381352,import_depends,downstream,required,"",import,[],"","",timeout,graceful_degradation,"","","",one_to_many,0,0,active,,0
443294,381193,381353,import_depends,downstream,required,"",import,[],"","",timeout,graceful_degradation,"","","",one_to_many,0,0,active,,0
443295,381193,381360,import_depends,downstream,required,"",import,[],"","",timeout,graceful_degradation,"","","",one_to_many,0,0,active,,0
443296,381193,381362,import_depends,downstream,required,"",import,[],"","",timeout,graceful_degradation,"","","",one_to_many,0,0,active,,0
443297,381193,381361,import_depends,downstream,required,"",import,[],"","",timeout,graceful_degradation,"","","",one_to_many,0,0,active,,0
443298,381193,381365,import_depends,downstream,required,"",import,[],"","",timeout,graceful_degradation,"","","",one_to_many,0,0,active,,0
443299,381193,381367,import_depends,downstream,required,"",import,[],"","",timeout,graceful_degradation,"","","",one_to_many,0,0,active,,0
443300,381193,381369,import_depends,downstream,required,"",import,[],"","",timeout,graceful_degradation,"","","",one_to_many,0,0,active,,0
443301,381193,381882,import_depends,downstream,critical,"",import,[],"","",service_down,circuit_break,"","","",one_to_many,1,0,active,,0
443302,381203,381197,import_depends,downstream,required,"",import,[],"","",timeout,graceful_degradation,"","","",one_to_many,0,0,active,,0
443303,381203,381213,import_depends,downstream,required,"",import,[],"","",timeout,graceful_degradation,"","","",one_to_many,0,0,active,,0
443304,381203,381232,import_depends,downstream,required,"",import,[],"","",timeout,graceful_degradation,"","","",one_to_many,0,0,active,,0
443305,381203,381855,import_depends,downstream,critical,"",import,[],"","",service_down,circuit_break,"","","",one_to_many,1,0,active,,0
443306,381203,381428,import_depends,downstream,required,"",import,[],"","",timeout,graceful_degradation,"","","",one_to_many,0,0,active,,0
443307,381225,381022,import_depends,downstream,critical,"",import,[],"","",service_down,circuit_break,"","","",one_to_many,1,0,active,,0
443308,381229,381206,import_depends,downstream,required,"",import,[],"","",timeout,graceful_degradation,"","","",one_to_many,0,0,active,,0
443309,381260,381537,import_depends,downstream,required,"",import,[],"","",timeout,graceful_degradation,"","","",one_to_many,0,0,active,,0
443310,381260,382648,import_depends,downstream,critical,"",import,[],"","",service_down,circuit_break,"","","",one_to_many,1,0,active,,0
443311,381261,381537,import_depends,downstream,required,"",import,[],"","",timeout,graceful_degradation,"","","",one_to_many,0,0,active,,0
443312,381261,380830,import_depends,downstream,required,"",import,[],"","",timeout,graceful_degradation,"","","",one_to_many,0,0,active,,0
443313,381261,380881,import_depends,downstream,required,"",import,[],"","",timeout,graceful_degradation,"","","",one_to_many,0,0,active,,0
443314,381262,381537,import_depends,downstream,required,"",import,[],"","",timeout,graceful_degradation,"","","",one_to_many,0,0,active,,0
443315,381263,381537,import_depends,downstream,required,"",import,[],"","",timeout,graceful_degradation,"","","",one_to_many,0,0,active,,0
443316,381264,381537,import_depends,downstream,required,"",import,[],"","",timeout,graceful_degradation,"","","",one_to_many,0,0,active,,0
443317,381265,381537,import_depends,downstream,required,"",import,[],"","",timeout,graceful_degradation,"","","",one_to_many,0,0,active,,0
443318,381266,381537,import_depends,downstream,required,"",import,[],"","",timeout,graceful_degradation,"","","",one_to_many,0,0,active,,0
443319,381267,381537,import_depends,downstream,required,"",import,[],"","",timeout,graceful_degradation,"","","",one_to_many,0,0,active,,0
443320,381267,380881,import_depends,downstream,required,"",import,[],"","",timeout,graceful_degradation,"","","",one_to_many,0,0,active,,0
443321,381268,381537,import_depends,downstream,required,"",import,[],"","",timeout,graceful_degradation,"","","",one_to_many,0,0,active,,0
443322,381269,381537,import_depends,downstream,required,"",import,[],"","",timeout,graceful_degradation,"","","",one_to_many,0,0,active,,0
443323,381270,381537,import_depends,downstream,required,"",import,[],"","",timeout,graceful_degradation,"","","",one_to_many,0,0,active,,0
443324,381271,382595,import_depends,downstream,critical,"",import,[],"","",service_down,circuit_break,"","","",one_to_many,1,0,active,,0
443325,381271,382656,import_depends,downstream,critical,"",import,[],"","",service_down,circuit_break,"","","",one_to_many,1,0,active,,0
443326,381272,381537,import_depends,downstream,required,"",import,[],"","",timeout,graceful_degradation,"","","",one_to_many,0,0,active,,0
443327,381273,381537,import_depends,downstream,required,"",import,[],"","",timeout,graceful_degradation,"","","",one_to_many,0,0,active,,0
443328,381274,381537,import_depends,downstream,required,"",import,[],"","",timeout,graceful_degradation,"","","",one_to_many,0,0,active,,0
443329,381275,381537,import_depends,downstream,required,"",import,[],"","",timeout,graceful_degradation,"","","",one_to_many,0,0,active,,0
443330,381276,381537,import_depends,downstream,required,"",import,[],"","",timeout,graceful_degradation,"","","",one_to_many,0,0,active,,0
443331,381277,381537,import_depends,downstream,required,"",import,[],"","",timeout,graceful_degradation,"","","",one_to_many,0,0,active,,0
443332,381278,381537,import_depends,downstream,required,"",import,[],"","",timeout,graceful_degradation,"","","",one_to_many,0,0,active,,0
443333,381279,381537,import_depends,downstream,required,"",import,[],"","",timeout,graceful_degradation,"","","",one_to_many,0,0,active,,0
443334,381280,381537,import_depends,downstream,required,"",import,[],"","",timeout,graceful_degradation,"","","",one_to_many,0,0,active,,0
443335,381283,381537,import_depends,downstream,required,"",import,[],"","",timeout,graceful_degradation,"","","",one_to_many,0,0,active,,0
443336,381284,381537,import_depends,downstream,required,"",import,[],"","",timeout,graceful_degradation,"","","",one_to_many,0,0,active,,0
443337,381285,381554,import_depends,downstream,critical,"",import,[],"","",service_down,circuit_break,"","","",one_to_many,1,0,active,,0
443338,381286,381537,import_depends,downstream,required,"",import,[],"","",timeout,graceful_degradation,"","","",one_to_many,0,0,active,,0
443339,381286,380881,import_depends,downstream,required,"",import,[],"","",timeout,graceful_degradation,"","","",one_to_many,0,0,active,,0
443340,381289,381893,import_depends,downstream,critical,"",import,[],"","",service_down,circuit_break,"","","",one_to_many,1,0,active,,0
443341,381302,381423,import_depends,downstream,required,"",import,[],"","",timeout,graceful_degradation,"","","",one_to_many,0,0,active,,0
443342,381304,381423,import_depends,downstream,required,"",import,[],"","",timeout,graceful_degradation,"","","",one_to_many,0,0,active,,0
443343,381304,381719,import_depends,downstream,critical,"",import,[],"","",service_down,circuit_break,"","","",one_to_many,1,0,active,,0
443344,381305,382595,import_depends,downstream,critical,"",import,[],"","",service_down,circuit_break,"","","",one_to_many,1,0,active,,0
443345,381307,381337,import_depends,downstream,required,"",import,[],"",shared_kernel,timeout,graceful_degradation,"","","",one_to_many,0,0,active,,0
443346,381318,382652,import_depends,downstream,critical,"",import,[],"","",service_down,circuit_break,"","","",one_to_many,1,0,active,,0
443347,381318,381331,import_depends,downstream,required,"",import,[],"",shared_kernel,timeout,graceful_degradation,"","","",one_to_many,0,0,active,,0
443348,381320,382652,import_depends,downstream,critical,"",import,[],"","",service_down,circuit_break,"","","",one_to_many,1,0,active,,0
443349,381320,381321,import_depends,downstream,required,"",import,[],"",shared_kernel,timeout,graceful_degradation,"","","",one_to_many,0,0,active,,0
443350,381320,381360,import_depends,downstream,required,"",import,[],"",shared_kernel,timeout,graceful_degradation,"","","",one_to_many,0,0,active,,0
443351,381320,381331,import_depends,downstream,required,"",import,[],"",shared_kernel,timeout,graceful_degradation,"","","",one_to_many,0,0,active,,0
443352,381320,381347,import_depends,downstream,required,"",import,[],"",shared_kernel,timeout,graceful_degradation,"","","",one_to_many,0,0,active,,0
443353,381320,381325,import_depends,downstream,required,"",import,[],"",shared_kernel,timeout,graceful_degradation,"","","",one_to_many,0,0,active,,0
443354,381320,381324,import_depends,downstream,required,"",import,[],"",shared_kernel,timeout,graceful_degradation,"","","",one_to_many,0,0,active,,0
443355,381320,381345,import_depends,downstream,required,"",import,[],"",shared_kernel,timeout,graceful_degradation,"","","",one_to_many,0,0,active,,0
443356,381321,382595,import_depends,downstream,critical,"",import,[],"","",service_down,circuit_break,"","","",one_to_many,1,0,active,,0
443357,381321,381331,import_depends,downstream,required,"",import,[],"",shared_kernel,timeout,graceful_degradation,"","","",one_to_many,0,0,active,,0
443358,381330,381337,import_depends,downstream,required,"",import,[],"",shared_kernel,timeout,graceful_degradation,"","","",one_to_many,0,0,active,,0
443359,381331,381336,import_depends,downstream,required,"",import,[],"",shared_kernel,timeout,graceful_degradation,"","","",one_to_many,0,0,active,,0
443360,381331,381337,import_depends,downstream,required,"",import,[],"",shared_kernel,timeout,graceful_degradation,"","","",one_to_many,0,0,active,,0
443361,381331,380826,import_depends,downstream,required,"",import,[],"","",timeout,graceful_degradation,"","","",one_to_many,0,0,active,,0
443362,381331,380834,import_depends,downstream,required,"",import,[],"","",timeout,graceful_degradation,"","","",one_to_many,0,0,active,,0
443363,381332,381337,import_depends,downstream,required,"",import,[],"",shared_kernel,timeout,graceful_degradation,"","","",one_to_many,0,0,active,,0
443364,381336,381337,import_depends,downstream,required,"",import,[],"",shared_kernel,timeout,graceful_degradation,"","","",one_to_many,0,0,active,,0
443365,381339,381337,import_depends,downstream,required,"",import,[],"",shared_kernel,timeout,graceful_degradation,"","","",one_to_many,0,0,active,,0
443366,381339,381331,import_depends,downstream,required,"",import,[],"",shared_kernel,timeout,graceful_degradation,"","","",one_to_many,0,0,active,,0
443367,381340,382595,import_depends,downstream,critical,"",import,[],"","",service_down,circuit_break,"","","",one_to_many,1,0,active,,0
443368,381346,381337,import_depends,downstream,required,"",import,[],"",shared_kernel,timeout,graceful_degradation,"","","",one_to_many,0,0,active,,0
443369,381349,381337,import_depends,downstream,required,"",import,[],"",shared_kernel,timeout,graceful_degradation,"","","",one_to_many,0,0,active,,0
443370,381352,381337,import_depends,downstream,required,"",import,[],"",shared_kernel,timeout,graceful_degradation,"","","",one_to_many,0,0,active,,0
443371,381353,381337,import_depends,downstream,required,"",import,[],"",shared_kernel,timeout,graceful_degradation,"","","",one_to_many,0,0,active,,0
443372,381363,381337,import_depends,downstream,required,"",import,[],"",shared_kernel,timeout,graceful_degradation,"","","",one_to_many,0,0,active,,0
443373,381364,381311,import_depends,downstream,required,"",import,[],"","",timeout,graceful_degradation,"","","",one_to_many,0,0,active,,0
443374,381364,381312,import_depends,downstream,required,"",import,[],"","",timeout,graceful_degradation,"","","",one_to_many,0,0,active,,0
443375,381364,381313,import_depends,downstream,required,"",import,[],"","",timeout,graceful_degradation,"","","",one_to_many,0,0,active,,0
443376,381364,381323,import_depends,downstream,required,"",import,[],"","",timeout,graceful_degradation,"","","",one_to_many,0,0,active,,0
443377,381364,381319,import_depends,downstream,required,"",import,[],"","",timeout,graceful_degradation,"","","",one_to_many,0,0,active,,0
443378,381364,381321,import_depends,downstream,required,"",import,[],"","",timeout,graceful_degradation,"","","",one_to_many,0,0,active,,0
443379,381364,381327,import_depends,downstream,required,"",import,[],"","",timeout,graceful_degradation,"","","",one_to_many,0,0,active,,0
443380,381364,381329,import_depends,downstream,required,"",import,[],"","",timeout,graceful_degradation,"","","",one_to_many,0,0,active,,0
443381,381364,381340,import_depends,downstream,required,"",import,[],"","",timeout,graceful_degradation,"","","",one_to_many,0,0,active,,0
443382,381364,381348,import_depends,downstream,required,"",import,[],"","",timeout,graceful_degradation,"","","",one_to_many,0,0,active,,0
443383,381364,381354,import_depends,downstream,required,"",import,[],"","",timeout,graceful_degradation,"","","",one_to_many,0,0,active,,0
443384,381368,381324,import_depends,downstream,required,"",import,[],"","",timeout,graceful_degradation,"","","",one_to_many,0,0,active,,0
443385,381368,381325,import_depends,downstream,required,"",import,[],"","",timeout,graceful_degradation,"","","",one_to_many,0,0,active,,0
443386,381368,381328,import_depends,downstream,required,"",import,[],"","",timeout,graceful_degradation,"","","",one_to_many,0,0,active,,0
443387,381368,381345,import_depends,downstream,required,"",import,[],"","",timeout,graceful_degradation,"","","",one_to_many,0,0,active,,0
443388,381368,381342,import_depends,downstream,required,"",import,[],"","",timeout,graceful_degradation,"","","",one_to_many,0,0,active,,0
443389,381368,381349,import_depends,downstream,required,"",import,[],"","",timeout,graceful_degradation,"","","",one_to_many,0,0,active,,0
443390,381368,381350,import_depends,downstream,required,"",import,[],"","",timeout,graceful_degradation,"","","",one_to_many,0,0,active,,0
443391,381368,381355,import_depends,downstream,required,"",import,[],"","",timeout,graceful_degradation,"","","",one_to_many,0,0,active,,0
443392,381368,381352,import_depends,downstream,required,"",import,[],"","",timeout,graceful_degradation,"","","",one_to_many,0,0,active,,0
443393,381368,381360,import_depends,downstream,required,"",import,[],"","",timeout,graceful_degradation,"","","",one_to_many,0,0,active,,0
443394,381368,381362,import_depends,downstream,required,"",import,[],"","",timeout,graceful_degradation,"","","",one_to_many,0,0,active,,0
443395,381368,381365,import_depends,downstream,required,"",import,[],"","",timeout,graceful_degradation,"","","",one_to_many,0,0,active,,0
443396,381368,381369,import_depends,downstream,required,"",import,[],"","",timeout,graceful_degradation,"","","",one_to_many,0,0,active,,0
443397,381369,382595,import_depends,downstream,critical,"",import,[],"","",service_down,circuit_break,"","","",one_to_many,1,0,active,,0
443398,381370,381331,import_depends,downstream,required,"",import,[],"","",timeout,graceful_degradation,"","","",one_to_many,0,0,active,,0
443399,381370,381337,import_depends,downstream,required,"",import,[],"","",timeout,graceful_degradation,"","","",one_to_many,0,0,active,,0
443400,381370,381327,import_depends,downstream,required,"",import,[],"","",timeout,graceful_degradation,"","","",one_to_many,0,0,active,,0
443401,381370,381338,import_depends,downstream,required,"",import,[],"","",timeout,graceful_degradation,"","","",one_to_many,0,0,active,,0
443402,381370,381363,import_depends,downstream,required,"",import,[],"","",timeout,graceful_degradation,"","","",one_to_many,0,0,active,,0
443403,381371,381326,import_depends,downstream,required,"",import,[],"","",timeout,graceful_degradation,"","","",one_to_many,0,0,active,,0
443404,381371,381334,import_depends,downstream,required,"",import,[],"","",timeout,graceful_degradation,"","","",one_to_many,0,0,active,,0
443405,381371,381336,import_depends,downstream,required,"",import,[],"","",timeout,graceful_degradation,"","","",one_to_many,0,0,active,,0
443406,381371,381339,import_depends,downstream,required,"",import,[],"","",timeout,graceful_degradation,"","","",one_to_many,0,0,active,,0
443407,381371,381332,import_depends,downstream,required,"",import,[],"","",timeout,graceful_degradation,"","","",one_to_many,0,0,active,,0
443408,381376,381343,import_depends,downstream,required,"",import,[],"","",timeout,graceful_degradation,"","","",one_to_many,0,0,active,,0
443409,381376,381344,import_depends,downstream,required,"",import,[],"","",timeout,graceful_degradation,"","","",one_to_many,0,0,active,,0
443410,381376,381347,import_depends,downstream,required,"",import,[],"","",timeout,graceful_degradation,"","","",one_to_many,0,0,active,,0
443411,381376,381351,import_depends,downstream,required,"",import,[],"","",timeout,graceful_degradation,"","","",one_to_many,0,0,active,,0
443412,381376,381353,import_depends,downstream,required,"",import,[],"","",timeout,graceful_degradation,"","","",one_to_many,0,0,active,,0
443413,381376,381361,import_depends,downstream,required,"",import,[],"","",timeout,graceful_degradation,"","","",one_to_many,0,0,active,,0
443414,381376,381367,import_depends,downstream,required,"",import,[],"","",timeout,graceful_degradation,"","","",one_to_many,0,0,active,,0
443415,381377,381331,import_depends,downstream,required,"",import,[],"",shared_kernel,timeout,graceful_degradation,"","","",one_to_many,0,0,active,,0
443416,381377,381356,import_depends,downstream,required,"",import,[],"",shared_kernel,timeout,graceful_degradation,"","","",one_to_many,0,0,active,,0
443417,381377,381336,import_depends,downstream,required,"",import,[],"",shared_kernel,timeout,graceful_degradation,"","","",one_to_many,0,0,active,,0
443418,381377,381360,import_depends,downstream,required,"",import,[],"",shared_kernel,timeout,graceful_degradation,"","","",one_to_many,0,0,active,,0
443419,381379,381307,import_depends,downstream,required,"",import,[],"","",timeout,graceful_degradation,"","","",one_to_many,0,0,active,,0
443420,381379,381331,import_depends,downstream,required,"",import,[],"","",timeout,graceful_degradation,"","","",one_to_many,0,0,active,,0
443421,381379,381337,import_depends,downstream,required,"",import,[],"","",timeout,graceful_degradation,"","","",one_to_many,0,0,active,,0
443422,381379,381349,import_depends,downstream,required,"",import,[],"","",timeout,graceful_degradation,"","","",one_to_many,0,0,active,,0
443423,381379,381363,import_depends,downstream,required,"",import,[],"","",timeout,graceful_degradation,"","","",one_to_many,0,0,active,,0
443424,381386,382529,import_depends,downstream,critical,"",import,[],"","",service_down,circuit_break,"","","",one_to_many,1,0,active,,0
443425,381387,381396,import_depends,downstream,required,"",import,[],"","",timeout,graceful_degradation,"","","",one_to_many,0,0,active,,0
443426,381388,382517,import_depends,downstream,critical,"",import,[],"","",service_down,circuit_break,"","","",one_to_many,1,0,active,,0
443427,381393,382652,import_depends,downstream,critical,"",import,[],"","",service_down,circuit_break,"","","",one_to_many,1,0,active,,0
443428,381393,381394,import_depends,downstream,required,"",import,[],"","",timeout,graceful_degradation,"","","",one_to_many,0,0,active,,0
443429,381393,381396,import_depends,downstream,required,"",import,[],"","",timeout,graceful_degradation,"","","",one_to_many,0,0,active,,0
443430,381393,381523,import_depends,downstream,required,"",import,[],"","",timeout,graceful_degradation,"","","",one_to_many,0,0,active,,0
443431,381393,382391,import_depends,downstream,critical,"",import,[],"","",service_down,circuit_break,"","","",one_to_many,1,0,active,,0
443432,381402,381426,import_depends,downstream,required,"",import,[],"","",timeout,graceful_degradation,"","","",one_to_many,0,0,active,,0
443433,381402,381393,import_depends,downstream,required,"",import,[],"","",timeout,graceful_degradation,"","","",one_to_many,0,0,active,,0
443434,381402,381396,import_depends,downstream,required,"",import,[],"","",timeout,graceful_degradation,"","","",one_to_many,0,0,active,,0
443435,381402,381523,import_depends,downstream,required,"",import,[],"","",timeout,graceful_degradation,"","","",one_to_many,0,0,active,,0
443436,381403,381445,import_depends,downstream,required,"",import,[],"","",timeout,graceful_degradation,"","","",one_to_many,0,0,active,,0
443437,381403,381442,import_depends,downstream,required,"",import,[],"","",timeout,graceful_degradation,"","","",one_to_many,0,0,active,,0
443438,381403,381615,import_depends,downstream,critical,"",import,[],"","",service_down,circuit_break,"","","",one_to_many,1,0,active,,0
443439,381403,381563,import_depends,downstream,critical,"",import,[],"","",service_down,circuit_break,"","","",one_to_many,1,0,active,,0
443440,381403,382597,import_depends,downstream,critical,"",import,[],"","",service_down,circuit_break,"","","",one_to_many,1,0,active,,0
443441,381405,382595,import_depends,downstream,critical,"",import,[],"","",service_down,circuit_break,"","","",one_to_many,1,0,active,,0
443442,381408,381167,import_depends,downstream,critical,"",import,[],"","",service_down,circuit_break,"","","",one_to_many,1,0,active,,0
443443,381408,381484,import_depends,downstream,required,"",import,[],"","",timeout,graceful_degradation,"","","",one_to_many,0,0,active,,0
443444,381408,381483,import_depends,downstream,required,"",import,[],"","",timeout,graceful_degradation,"","","",one_to_many,0,0,active,,0
443445,381408,381487,import_depends,downstream,required,"",import,[],"","",timeout,graceful_degradation,"","","",one_to_many,0,0,active,,0
443446,381408,381495,import_depends,downstream,required,"",import,[],"","",timeout,graceful_degradation,"","","",one_to_many,0,0,active,,0
443447,381408,381418,import_depends,downstream,required,"",import,[],"","",timeout,graceful_degradation,"","","",one_to_many,0,0,active,,0
443448,381408,381506,import_depends,downstream,required,"",import,[],"","",timeout,graceful_degradation,"","","",one_to_many,0,0,active,,0
443449,381408,381486,import_depends,downstream,required,"",import,[],"","",timeout,graceful_degradation,"","","",one_to_many,0,0,active,,0
443450,381411,381386,import_depends,downstream,critical,"",import,[],"","",service_down,circuit_break,"","","",one_to_many,1,0,active,,0
443451,381414,382595,import_depends,downstream,critical,"",import,[],"","",service_down,circuit_break,"","","",one_to_many,1,0,active,,0
443452,381415,381416,import_depends,downstream,required,"",import,[],"","",timeout,graceful_degradation,"","","",one_to_many,0,0,active,,0
443453,381416,382652,import_depends,downstream,critical,"",import,[],"","",service_down,circuit_break,"","","",one_to_many,1,0,active,,0
443454,381416,381649,import_depends,downstream,critical,"",import,[],"","",service_down,circuit_break,"","","",one_to_many,1,0,active,,0
443455,381416,382391,import_depends,downstream,critical,"",import,[],"",anti_corruption_layer,service_down,circuit_break,"","","",one_to_many,1,0,active,,0
443456,381416,382553,import_depends,downstream,critical,"",import,[],"","",service_down,circuit_break,"","","",one_to_many,1,0,active,,0
443457,381418,381484,import_depends,downstream,required,"",import,[],"","",timeout,graceful_degradation,"","","",one_to_many,0,0,active,,0
443458,381418,382133,import_depends,downstream,critical,"",import,[],"","",service_down,circuit_break,"","","",one_to_many,1,0,active,,0
443459,381418,382138,import_depends,downstream,critical,"",import,[],"","",service_down,circuit_break,"","","",one_to_many,1,0,active,,0
443460,381420,381052,import_depends,downstream,required,"",import,[],"","",timeout,graceful_degradation,"","","",one_to_many,0,0,active,,0
443461,381422,381484,import_depends,downstream,required,"",import,[],"","",timeout,graceful_degradation,"","","",one_to_many,0,0,active,,0
443462,381426,382652,import_depends,downstream,critical,"",import,[],"","",service_down,circuit_break,"","","",one_to_many,1,0,active,,0
443463,381426,381396,import_depends,downstream,required,"",import,[],"","",timeout,graceful_degradation,"","","",one_to_many,0,0,active,,0
443464,381426,382391,import_depends,downstream,critical,"",import,[],"","",service_down,circuit_break,"","","",one_to_many,1,0,active,,0
443465,381428,381195,import_depends,downstream,required,"",import,[],"","",timeout,graceful_degradation,"","","",one_to_many,0,0,active,,0
443466,381428,381199,import_depends,downstream,required,"",import,[],"","",timeout,graceful_degradation,"","","",one_to_many,0,0,active,,0
443467,381428,381226,import_depends,downstream,required,"",import,[],"","",timeout,graceful_degradation,"","","",one_to_many,0,0,active,,0
443468,381428,381855,import_depends,downstream,critical,"",import,[],"","",service_down,circuit_break,"","","",one_to_many,1,0,active,,0
443469,381429,381426,import_depends,downstream,required,"",import,[],"","",timeout,graceful_degradation,"","","",one_to_many,0,0,active,,0
443470,381429,381393,import_depends,downstream,required,"",import,[],"","",timeout,graceful_degradation,"","","",one_to_many,0,0,active,,0
443471,381429,381396,import_depends,downstream,required,"",import,[],"","",timeout,graceful_degradation,"","","",one_to_many,0,0,active,,0
443472,381429,381523,import_depends,downstream,required,"",import,[],"","",timeout,graceful_degradation,"","","",one_to_many,0,0,active,,0
443473,381435,381445,import_depends,downstream,required,"",import,[],"","",timeout,graceful_degradation,"","","",one_to_many,0,0,active,,0
443474,381436,382595,import_depends,downstream,critical,"",import,[],"","",service_down,circuit_break,"","","",one_to_many,1,0,active,,0
443475,381439,382595,import_depends,downstream,critical,"",import,[],"","",service_down,circuit_break,"","","",one_to_many,1,0,active,,0
443476,381441,382640,import_depends,downstream,critical,"",import,[],"",anti_corruption_layer,service_down,circuit_break,"","","",one_to_many,1,0,active,,0
443477,381441,382595,import_depends,downstream,critical,"",import,[],"","",service_down,circuit_break,"","","",one_to_many,1,0,active,,0
443478,381441,382656,import_depends,downstream,critical,"",import,[],"",anti_corruption_layer,service_down,circuit_break,"","","",one_to_many,1,0,active,,0
443479,381442,382076,import_depends,downstream,critical,"",import,[],"",anti_corruption_layer,service_down,circuit_break,"","","",one_to_many,1,0,active,,0
443480,381443,382074,import_depends,downstream,critical,"",import,[],"",anti_corruption_layer,service_down,circuit_break,"","","",one_to_many,1,0,active,,0
443481,381444,382595,import_depends,downstream,critical,"",import,[],"","",service_down,circuit_break,"","","",one_to_many,1,0,active,,0
443482,381445,381442,import_depends,downstream,required,"",import,[],"","",timeout,graceful_degradation,"","","",one_to_many,0,0,active,,0
443483,381445,381615,import_depends,downstream,critical,"",import,[],"","",service_down,circuit_break,"","","",one_to_many,1,0,active,,0
443527,381483,381936,import_depends,downstream,critical,"",import,[],"","",service_down,circuit_break,"","","",one_to_many,1,0,active,,0
443528,381486,381484,import_depends,downstream,required,"",import,[],"","",timeout,graceful_degradation,"","","",one_to_many,0,0,active,,0
443529,381486,381336,import_depends,downstream,required,"",import,[],"","",timeout,graceful_degradation,"","","",one_to_many,0,0,active,,0
443530,381486,381646,import_depends,downstream,required,"",import,[],"","",timeout,graceful_degradation,"","","",one_to_many,0,0,active,,0
443531,381486,381357,import_depends,downstream,required,"",import,[],"","",timeout,graceful_degradation,"","","",one_to_many,0,0,active,,0
443532,381487,381484,import_depends,downstream,required,"",import,[],"","",timeout,graceful_degradation,"","","",one_to_many,0,0,active,,0
443533,381488,382568,import_depends,downstream,critical,"",import,[],"","",service_down,circuit_break,"","","",one_to_many,1,0,active,,0
443534,381488,382614,import_depends,downstream,critical,"",import,[],"","",service_down,circuit_break,"","","",one_to_many,1,0,active,,0
443535,381492,381484,import_depends,downstream,required,"",import,[],"","",timeout,graceful_degradation,"","","",one_to_many,0,0,active,,0
443536,381495,381484,import_depends,downstream,required,"",import,[],"","",timeout,graceful_degradation,"","","",one_to_many,0,0,active,,0
443537,381509,380872,import_depends,downstream,required,"",import,[],"","",timeout,graceful_degradation,"","","",one_to_many,0,0,active,,0
443538,381509,382595,import_depends,downstream,critical,"",import,[],"","",service_down,circuit_break,"","","",one_to_many,1,0,active,,0
443539,381511,380872,import_depends,downstream,required,"",import,[],"","",timeout,graceful_degradation,"","","",one_to_many,0,0,active,,0
443540,381512,382074,import_depends,downstream,critical,"",import,[],"","",service_down,circuit_break,"","","",one_to_many,1,0,active,,0
443541,381513,381521,import_depends,downstream,required,"",import,[],"","",timeout,graceful_degradation,"","","",one_to_many,0,0,active,,0
443542,381513,382595,import_depends,downstream,critical,"",import,[],"","",service_down,circuit_break,"","","",one_to_many,1,0,active,,0
443543,381514,382595,import_depends,downstream,critical,"",import,[],"","",service_down,circuit_break,"","","",one_to_many,1,0,active,,0
443544,381514,381521,import_depends,downstream,required,"",import,[],"","",timeout,graceful_degradation,"","","",one_to_many,0,0,active,,0
443545,381514,381005,import_depends,downstream,required,"",import,[],"","",timeout,graceful_degradation,"","","",one_to_many,0,0,active,,0
443546,381514,381482,import_depends,downstream,required,"",import,[],"","",timeout,graceful_degradation,"","","",one_to_many,0,0,active,,0
443547,381515,382664,import_depends,downstream,critical,"",import,[],"","",service_down,circuit_break,"","","",one_to_many,1,0,active,,0
443548,381516,381512,import_depends,downstream,required,"",import,[],"","",timeout,graceful_degradation,"","","",one_to_many,0,0,active,,0
443549,381516,382074,import_depends,downstream,critical,"",import,[],"","",service_down,circuit_break,"","","",one_to_many,1,0,active,,0
443550,381518,381478,import_depends,downstream,required,"",import,[],"","",timeout,graceful_degradation,"","","",one_to_many,0,0,active,,0
443551,381518,381615,import_depends,downstream,critical,"",import,[],"","",service_down,circuit_break,"","","",one_to_many,1,0,active,,0
443552,381518,381521,import_depends,downstream,required,"",import,[],"","",timeout,graceful_degradation,"","","",one_to_many,0,0,active,,0
443553,381518,382595,import_depends,downstream,critical,"",import,[],"","",service_down,circuit_break,"","","",one_to_many,1,0,active,,0
443554,381518,382076,import_depends,downstream,critical,"",import,[],"","",service_down,circuit_break,"","","",one_to_many,1,0,active,,0
443555,381518,381563,import_depends,downstream,critical,"",import,[],"","",service_down,circuit_break,"","","",one_to_many,1,0,active,,0
443556,381518,382664,import_depends,downstream,critical,"",import,[],"","",service_down,circuit_break,"","","",one_to_many,1,0,active,,0
443557,381518,380958,import_depends,downstream,required,"",import,[],"","",timeout,graceful_degradation,"","","",one_to_many,0,0,active,,0
443558,381518,381497,import_depends,downstream,required,"",import,[],"","",timeout,graceful_degradation,"","","",one_to_many,0,0,active,,0
443559,381518,381542,import_depends,downstream,required,"",import,[],"","",timeout,graceful_degradation,"","","",one_to_many,0,0,active,,0
443560,381521,382595,import_depends,downstream,critical,"",import,[],"","",service_down,circuit_break,"","","",one_to_many,1,0,active,,0
443561,381524,381665,import_depends,downstream,required,"",import,[],"","",timeout,graceful_degradation,"","","",one_to_many,0,0,active,,0
443562,381524,382595,import_depends,downstream,critical,"",import,[],"","",service_down,circuit_break,"","","",one_to_many,1,0,active,,0
443563,381525,381829,import_depends,downstream,critical,"",import,[],"","",service_down,circuit_break,"","","",one_to_many,1,0,active,,0
443564,381525,381676,import_depends,downstream,required,"",import,[],"","",timeout,graceful_degradation,"","","",one_to_many,0,0,active,,0
443565,381525,381396,import_depends,downstream,required,"",import,[],"","",timeout,graceful_degradation,"","","",one_to_many,0,0,active,,0
443566,381526,381497,import_depends,downstream,required,"",import,[],"","",timeout,graceful_degradation,"","","",one_to_many,0,0,active,,0
443567,381526,381528,import_depends,downstream,required,"",import,[],"","",timeout,graceful_degradation,"","","",one_to_many,0,0,active,,0
443568,381526,381393,import_depends,downstream,required,"",import,[],"","",timeout,graceful_degradation,"","","",one_to_many,0,0,active,,0
443569,381526,381426,import_depends,downstream,required,"",import,[],"","",timeout,graceful_degradation,"","","",one_to_many,0,0,active,,0
443570,381526,381829,import_depends,downstream,critical,"",import,[],"","",service_down,circuit_break,"","","",one_to_many,1,0,active,,0
443571,381527,381532,import_depends,downstream,required,"",import,[],"","",timeout,graceful_degradation,"","","",one_to_many,0,0,active,,0
443572,381540,381543,import_depends,downstream,required,"",import,[],"","",timeout,graceful_degradation,"","","",one_to_many,0,0,active,,0
443573,381540,382296,import_depends,downstream,critical,"",import,[],"","",service_down,circuit_break,"","","",one_to_many,1,0,active,,0
443574,381540,381541,import_depends,downstream,required,"",import,[],"","",timeout,graceful_degradation,"","","",one_to_many,0,0,active,,0
443575,381540,382595,import_depends,downstream,critical,"",import,[],"","",service_down,circuit_break,"","","",one_to_many,1,0,active,,0
443576,381540,381542,import_depends,downstream,required,"",import,[],"","",timeout,graceful_degradation,"","","",one_to_many,0,0,active,,0
443577,381541,382296,import_depends,downstream,critical,"",import,[],"","",service_down,circuit_break,"","","",one_to_many,1,0,active,,0
443578,381541,382595,import_depends,downstream,critical,"",import,[],"","",service_down,circuit_break,"","","",one_to_many,1,0,active,,0
443579,381542,380922,import_depends,downstream,required,"",import,[],"","",timeout,graceful_degradation,always,"",low,one_to_many,0,0,active,,0
443580,381542,381537,import_depends,downstream,required,"",import,[],"","",timeout,graceful_degradation,always,"",low,one_to_many,0,0,active,,0
443581,381542,381272,import_depends,downstream,required,"",import,[],"","",timeout,graceful_degradation,"","","",one_to_many,0,0,active,,0
443582,381542,381262,import_depends,downstream,required,"",import,[],"","",timeout,graceful_degradation,"","","",one_to_many,0,0,active,,0
443583,381542,381267,import_depends,downstream,required,"",import,[],"","",timeout,graceful_degradation,"","","",one_to_many,0,0,active,,0
443584,381542,381261,import_depends,downstream,required,"",import,[],"","",timeout,graceful_degradation,"","","",one_to_many,0,0,active,,0
443585,381542,381264,import_depends,downstream,required,"",import,[],"","",timeout,graceful_degradation,"","","",one_to_many,0,0,active,,0
443586,381542,381284,import_depends,downstream,required,"",import,[],"","",timeout,graceful_degradation,"","","",one_to_many,0,0,active,,0
443587,381542,381265,import_depends,downstream,required,"",import,[],"","",timeout,graceful_degradation,"","","",one_to_many,0,0,active,,0
443588,381542,381263,import_depends,downstream,required,"",import,[],"","",timeout,graceful_degradation,"","","",one_to_many,0,0,active,,0
443589,381542,381278,import_depends,downstream,required,"",import,[],"","",timeout,graceful_degradation,"","","",one_to_many,0,0,active,,0
443590,381542,381286,import_depends,downstream,required,"",import,[],"","",timeout,graceful_degradation,"","","",one_to_many,0,0,active,,0
443591,381542,381283,import_depends,downstream,required,"",import,[],"","",timeout,graceful_degradation,"","","",one_to_many,0,0,active,,0
443592,381542,381269,import_depends,downstream,required,"",import,[],"","",timeout,graceful_degradation,"","","",one_to_many,0,0,active,,0
443593,381542,381275,import_depends,downstream,required,"",import,[],"","",timeout,graceful_degradation,"","","",one_to_many,0,0,active,,0
443594,381542,381266,import_depends,downstream,required,"",import,[],"","",timeout,graceful_degradation,"","","",one_to_many,0,0,active,,0
443595,381542,381274,import_depends,downstream,required,"",import,[],"","",timeout,graceful_degradation,"","","",one_to_many,0,0,active,,0
443596,381542,381277,import_depends,downstream,required,"",import,[],"","",timeout,graceful_degradation,"","","",one_to_many,0,0,active,,0
443597,381542,381273,import_depends,downstream,required,"",import,[],"","",timeout,graceful_degradation,"","","",one_to_many,0,0,active,,0
443598,381542,381276,import_depends,downstream,required,"",import,[],"","",timeout,graceful_degradation,"","","",one_to_many,0,0,active,,0
443599,381542,381268,import_depends,downstream,required,"",import,[],"","",timeout,graceful_degradation,"","","",one_to_many,0,0,active,,0
443600,381542,381270,import_depends,downstream,required,"",import,[],"","",timeout,graceful_degradation,"","","",one_to_many,0,0,active,,0
443601,381542,381260,import_depends,downstream,required,"",import,[],"","",timeout,graceful_degradation,"","","",one_to_many,0,0,active,,0
443602,381542,381279,import_depends,downstream,required,"",import,[],"","",timeout,graceful_degradation,"","","",one_to_many,0,0,active,,0
443603,381542,382582,import_depends,downstream,critical,"",import,[],"","",service_down,circuit_break,"","","",one_to_many,1,0,active,,0
443604,381542,382595,import_depends,downstream,critical,"",import,[],"","",service_down,circuit_break,"","","",one_to_many,1,0,active,,0
443605,381542,382360,import_depends,downstream,critical,"",import,[],"","",service_down,circuit_break,"","","",one_to_many,1,0,active,,0
443606,381542,382296,import_depends,downstream,critical,"",import,[],"","",service_down,circuit_break,"","","",one_to_many,1,0,active,,0
443607,381542,381543,import_depends,downstream,required,"",import,[],"","",timeout,graceful_degradation,"","","",one_to_many,0,0,active,,0
443608,381543,382595,import_depends,downstream,critical,"",import,[],"","",service_down,circuit_break,"","","",one_to_many,1,0,active,,0
443609,381551,381612,import_depends,downstream,required,"",import,[],"","",timeout,graceful_degradation,"","","",one_to_many,0,0,active,,0
443610,381551,381174,import_depends,downstream,critical,"",import,[],"",anti_corruption_layer,service_down,circuit_break,"","","",one_to_many,1,0,active,,0
443611,381552,380989,import_depends,downstream,critical,"",import,[],"",anti_corruption_layer,service_down,circuit_break,"","","",one_to_many,1,0,active,,0
443612,381552,381553,import_depends,downstream,required,"",import,[],"",shared_kernel,timeout,graceful_degradation,"","","",one_to_many,0,0,active,,0
443613,381555,382643,import_depends,downstream,critical,"",import,[],"","",service_down,circuit_break,"","","",one_to_many,1,0,active,,0
443614,381555,382595,import_depends,downstream,critical,"",import,[],"","",service_down,circuit_break,"","","",one_to_many,1,0,active,,0
443615,381555,382656,import_depends,downstream,critical,"",import,[],"","",service_down,circuit_break,"","","",one_to_many,1,0,active,,0
443616,381556,381521,import_depends,downstream,critical,"",import,[],"","",service_down,circuit_break,"","","",one_to_many,1,0,active,,0
443617,381558,382074,import_depends,downstream,critical,"",import,[],"",anti_corruption_layer,service_down,circuit_break,"","","",one_to_many,1,0,active,,0
443618,381560,381565,import_depends,downstream,required,"",import,[],"","",timeout,graceful_degradation,"","","",one_to_many,0,0,active,,0
443619,381561,381334,import_depends,downstream,critical,"",import,[],"","",service_down,circuit_break,"","","",one_to_many,1,0,active,,0
443620,381561,381331,import_depends,downstream,critical,"",import,[],"","",service_down,circuit_break,"","","",one_to_many,1,0,active,,0
443621,381561,381322,import_depends,downstream,critical,"",import,[],"","",service_down,circuit_break,"","","",one_to_many,1,0,active,,0
443622,381561,381349,import_depends,downstream,critical,"",import,[],"","",service_down,circuit_break,"","","",one_to_many,1,0,active,,0
443623,381561,381943,import_depends,downstream,critical,"",import,[],"","",service_down,circuit_break,"","","",one_to_many,1,0,active,,0
443624,381561,381338,import_depends,downstream,critical,"",import,[],"","",service_down,circuit_break,"","","",one_to_many,1,0,active,,0
443625,381563,382074,import_depends,downstream,critical,"",import,[],"",anti_corruption_layer,service_down,circuit_break,"","","",one_to_many,1,0,active,,0
443626,381568,381486,import_depends,downstream,critical,"",import,[],"","",service_down,circuit_break,"","","",one_to_many,1,0,active,,0
443627,381568,381484,import_depends,downstream,critical,"",import,[],"","",service_down,circuit_break,"","","",one_to_many,1,0,active,,0
443628,381570,382595,import_depends,downstream,critical,"",import,[],"","",service_down,circuit_break,"","","",one_to_many,1,0,active,,0
443629,381572,382070,import_depends,downstream,critical,"",import,[],"",anti_corruption_layer,service_down,circuit_break,"","","",one_to_many,1,0,active,,0
443630,381572,382075,import_depends,downstream,critical,"",import,[],"",anti_corruption_layer,service_down,circuit_break,"","","",one_to_many,1,0,active,,0
443631,381572,382076,import_depends,downstream,critical,"",import,[],"",anti_corruption_layer,service_down,circuit_break,"","","",one_to_many,1,0,active,,0
443632,381574,381545,import_depends,downstream,required,"",import,[],"",shared_kernel,timeout,graceful_degradation,"","","",one_to_many,0,0,active,,0
443633,381574,381547,import_depends,downstream,required,"",import,[],"",shared_kernel,timeout,graceful_degradation,"","","",one_to_many,0,0,active,,0
443634,381574,381549,import_depends,downstream,required,"",import,[],"",shared_kernel,timeout,graceful_degradation,"","","",one_to_many,0,0,active,,0
443635,381574,381559,import_depends,downstream,required,"",import,[],"",shared_kernel,timeout,graceful_degradation,"","","",one_to_many,0,0,active,,0
443636,381574,381562,import_depends,downstream,required,"",import,[],"",shared_kernel,timeout,graceful_degradation,"","","",one_to_many,0,0,active,,0
443637,381574,381571,import_depends,downstream,required,"",import,[],"",shared_kernel,timeout,graceful_degradation,"","","",one_to_many,0,0,active,,0
443638,381574,381566,import_depends,downstream,required,"",import,[],"",shared_kernel,timeout,graceful_degradation,"","","",one_to_many,0,0,active,,0
443639,381574,381616,import_depends,downstream,required,"",import,[],"","",timeout,graceful_degradation,"","","",one_to_many,0,0,active,,0
443640,381574,381623,import_depends,downstream,required,"",import,[],"","",timeout,graceful_degradation,"","","",one_to_many,0,0,active,,0
443641,381574,381617,import_depends,downstream,required,"",import,[],"","",timeout,graceful_degradation,"","","",one_to_many,0,0,active,,0
443642,381574,381624,import_depends,downstream,required,"",import,[],"","",timeout,graceful_degradation,"","","",one_to_many,0,0,active,,0
443643,381575,380989,import_depends,downstream,critical,"",import,[],"",anti_corruption_layer,service_down,circuit_break,"","","",one_to_many,1,0,active,,0
443644,381575,382640,import_depends,downstream,critical,"",import,[],"","",service_down,circuit_break,"","","",one_to_many,1,0,active,,0
443645,381576,381586,import_depends,downstream,required,"",import,[],"",shared_kernel,timeout,graceful_degradation,"","","",one_to_many,0,0,active,,0
443646,381576,381572,import_depends,downstream,required,"",import,[],"",shared_kernel,timeout,graceful_degradation,"","","",one_to_many,0,0,active,,0
443647,381577,382595,import_depends,downstream,critical,"",import,[],"","",service_down,circuit_break,"","","",one_to_many,1,0,active,,0
443648,381577,380872,import_depends,downstream,critical,"",import,[],"","",service_down,circuit_break,"","","",one_to_many,1,0,active,,0
443649,381579,381546,import_depends,downstream,required,"",import,[],"",shared_kernel,timeout,graceful_degradation,"","","",one_to_many,0,0,active,,0
443650,381579,381613,import_depends,downstream,required,"",import,[],"","",timeout,graceful_degradation,"","","",one_to_many,0,0,active,,0
443651,381579,381586,import_depends,downstream,required,"",import,[],"",shared_kernel,timeout,graceful_degradation,"","","",one_to_many,0,0,active,,0
443652,381579,381572,import_depends,downstream,required,"",import,[],"",shared_kernel,timeout,graceful_degradation,"","","",one_to_many,0,0,active,,0
443653,381580,381586,import_depends,downstream,required,"",import,[],"",shared_kernel,timeout,graceful_degradation,"","","",one_to_many,0,0,active,,0
443654,381580,381572,import_depends,downstream,required,"",import,[],"",shared_kernel,timeout,graceful_degradation,"","","",one_to_many,0,0,active,,0
443655,381581,381586,import_depends,downstream,required,"",import,[],"",shared_kernel,timeout,graceful_degradation,"","","",one_to_many,0,0,active,,0
443656,381581,381572,import_depends,downstream,required,"",import,[],"",shared_kernel,timeout,graceful_degradation,"","","",one_to_many,0,0,active,,0
443657,381582,381586,import_depends,downstream,required,"",import,[],"",shared_kernel,timeout,graceful_degradation,"","","",one_to_many,0,0,active,,0
443658,381582,381572,import_depends,downstream,required,"",import,[],"",shared_kernel,timeout,graceful_degradation,"","","",one_to_many,0,0,active,,0
443659,381582,381618,import_depends,downstream,required,"",import,[],"",shared_kernel,timeout,graceful_degradation,"","","",one_to_many,0,0,active,,0
443660,381583,381586,import_depends,downstream,required,"",import,[],"",shared_kernel,timeout,graceful_degradation,"","","",one_to_many,0,0,active,,0
443661,381583,381572,import_depends,downstream,required,"",import,[],"",shared_kernel,timeout,graceful_degradation,"","","",one_to_many,0,0,active,,0
443662,381584,381586,import_depends,downstream,required,"",import,[],"",shared_kernel,timeout,graceful_degradation,"","","",one_to_many,0,0,active,,0
443663,381584,381572,import_depends,downstream,required,"",import,[],"",shared_kernel,timeout,graceful_degradation,"","","",one_to_many,0,0,active,,0
443664,381584,381555,import_depends,downstream,required,"",import,[],"",shared_kernel,timeout,graceful_degradation,"","","",one_to_many,0,0,active,,0
443665,381585,381586,import_depends,downstream,required,"",import,[],"",shared_kernel,timeout,graceful_degradation,"","","",one_to_many,0,0,active,,0
443666,381585,381572,import_depends,downstream,required,"",import,[],"",shared_kernel,timeout,graceful_degradation,"","","",one_to_many,0,0,active,,0
443667,381586,381572,import_depends,downstream,required,"",import,[],"",shared_kernel,timeout,graceful_degradation,"","","",one_to_many,0,0,active,,0
443668,381586,381574,import_depends,downstream,required,"",import,[],"",shared_kernel,timeout,graceful_degradation,"","","",one_to_many,0,0,active,,0
443669,381587,381586,import_depends,downstream,required,"",import,[],"",shared_kernel,timeout,graceful_degradation,"","","",one_to_many,0,0,active,,0
443670,381587,381572,import_depends,downstream,required,"",import,[],"",shared_kernel,timeout,graceful_degradation,"","","",one_to_many,0,0,active,,0
443671,381587,381625,import_depends,downstream,required,"",import,[],"",shared_kernel,timeout,graceful_degradation,"","","",one_to_many,0,0,active,,0
443672,381588,381586,import_depends,downstream,required,"",import,[],"",shared_kernel,timeout,graceful_degradation,"","","",one_to_many,0,0,active,,0
443673,381588,381572,import_depends,downstream,required,"",import,[],"",shared_kernel,timeout,graceful_degradation,"","","",one_to_many,0,0,active,,0
443674,381589,381586,import_depends,downstream,required,"",import,[],"",shared_kernel,timeout,graceful_degradation,"","","",one_to_many,0,0,active,,0
443675,381589,381572,import_depends,downstream,required,"",import,[],"",shared_kernel,timeout,graceful_degradation,"","","",one_to_many,0,0,active,,0
443676,381589,381621,import_depends,downstream,required,"",import,[],"",shared_kernel,timeout,graceful_degradation,"","","",one_to_many,0,0,active,,0
443677,381590,381586,import_depends,downstream,required,"",import,[],"",shared_kernel,timeout,graceful_degradation,"","","",one_to_many,0,0,active,,0
443678,381590,381572,import_depends,downstream,required,"",import,[],"",shared_kernel,timeout,graceful_degradation,"","","",one_to_many,0,0,active,,0
443679,381591,381586,import_depends,downstream,required,"",import,[],"",shared_kernel,timeout,graceful_degradation,"","","",one_to_many,0,0,active,,0
443680,381591,381572,import_depends,downstream,required,"",import,[],"",shared_kernel,timeout,graceful_degradation,"","","",one_to_many,0,0,active,,0
443681,381592,381586,import_depends,downstream,required,"",import,[],"",shared_kernel,timeout,graceful_degradation,"","","",one_to_many,0,0,active,,0
443682,381592,381572,import_depends,downstream,required,"",import,[],"",shared_kernel,timeout,graceful_degradation,"","","",one_to_many,0,0,active,,0
443683,381593,381586,import_depends,downstream,required,"",import,[],"",shared_kernel,timeout,graceful_degradation,"","","",one_to_many,0,0,active,,0
443684,381593,381572,import_depends,downstream,required,"",import,[],"",shared_kernel,timeout,graceful_degradation,"","","",one_to_many,0,0,active,,0
443685,381594,381586,import_depends,downstream,required,"",import,[],"",shared_kernel,timeout,graceful_degradation,"","","",one_to_many,0,0,active,,0
443686,381594,381572,import_depends,downstream,required,"",import,[],"",shared_kernel,timeout,graceful_degradation,"","","",one_to_many,0,0,active,,0
443687,381594,381336,import_depends,downstream,critical,"",import,[],"","",service_down,circuit_break,"","","",one_to_many,1,0,active,,0
443688,381595,381586,import_depends,downstream,required,"",import,[],"",shared_kernel,timeout,graceful_degradation,"","","",one_to_many,0,0,active,,0
443689,381595,381572,import_depends,downstream,required,"",import,[],"",shared_kernel,timeout,graceful_degradation,"","","",one_to_many,0,0,active,,0
443690,381595,381564,import_depends,downstream,required,"",import,[],"",shared_kernel,timeout,graceful_degradation,"","","",one_to_many,0,0,active,,0
443691,381596,381586,import_depends,downstream,required,"",import,[],"",shared_kernel,timeout,graceful_degradation,"","","",one_to_many,0,0,active,,0
443692,381596,381572,import_depends,downstream,required,"",import,[],"",shared_kernel,timeout,graceful_degradation,"","","",one_to_many,0,0,active,,0
443693,381597,381586,import_depends,downstream,required,"",import,[],"",shared_kernel,timeout,graceful_degradation,"","","",one_to_many,0,0,active,,0
443694,381597,381572,import_depends,downstream,required,"",import,[],"",shared_kernel,timeout,graceful_degradation,"","","",one_to_many,0,0,active,,0
443695,381597,381564,import_depends,downstream,required,"",import,[],"",shared_kernel,timeout,graceful_degradation,"","","",one_to_many,0,0,active,,0
443696,381598,381586,import_depends,downstream,required,"",import,[],"",shared_kernel,timeout,graceful_degradation,"","","",one_to_many,0,0,active,,0
443697,381598,381572,import_depends,downstream,required,"",import,[],"",shared_kernel,timeout,graceful_degradation,"","","",one_to_many,0,0,active,,0
443698,381599,381586,import_depends,downstream,required,"",import,[],"",shared_kernel,timeout,graceful_degradation,"","","",one_to_many,0,0,active,,0
443699,381599,381572,import_depends,downstream,required,"",import,[],"",shared_kernel,timeout,graceful_degradation,"","","",one_to_many,0,0,active,,0
443700,381600,381586,import_depends,downstream,required,"",import,[],"",shared_kernel,timeout,graceful_degradation,"","","",one_to_many,0,0,active,,0
443701,381600,381572,import_depends,downstream,required,"",import,[],"",shared_kernel,timeout,graceful_degradation,"","","",one_to_many,0,0,active,,0
443702,381601,381586,import_depends,downstream,required,"",import,[],"",shared_kernel,timeout,graceful_degradation,"","","",one_to_many,0,0,active,,0
443703,381601,381572,import_depends,downstream,required,"",import,[],"",shared_kernel,timeout,graceful_degradation,"","","",one_to_many,0,0,active,,0
443704,381602,381586,import_depends,downstream,required,"",import,[],"",shared_kernel,timeout,graceful_degradation,"","","",one_to_many,0,0,active,,0
443705,381602,381572,import_depends,downstream,required,"",import,[],"",shared_kernel,timeout,graceful_degradation,"","","",one_to_many,0,0,active,,0
443706,381603,381586,import_depends,downstream,required,"",import,[],"",shared_kernel,timeout,graceful_degradation,"","","",one_to_many,0,0,active,,0
443707,381603,381572,import_depends,downstream,required,"",import,[],"",shared_kernel,timeout,graceful_degradation,"","","",one_to_many,0,0,active,,0
443708,381604,381586,import_depends,downstream,required,"",import,[],"",shared_kernel,timeout,graceful_degradation,"","","",one_to_many,0,0,active,,0
443709,381604,381572,import_depends,downstream,required,"",import,[],"",shared_kernel,timeout,graceful_degradation,"","","",one_to_many,0,0,active,,0
443710,381605,381586,import_depends,downstream,required,"",import,[],"",shared_kernel,timeout,graceful_degradation,"","","",one_to_many,0,0,active,,0
443711,381605,381572,import_depends,downstream,required,"",import,[],"",shared_kernel,timeout,graceful_degradation,"","","",one_to_many,0,0,active,,0
443712,381606,381586,import_depends,downstream,required,"",import,[],"",shared_kernel,timeout,graceful_degradation,"","","",one_to_many,0,0,active,,0
443713,381606,381572,import_depends,downstream,required,"",import,[],"",shared_kernel,timeout,graceful_degradation,"","","",one_to_many,0,0,active,,0
443714,381606,381937,import_depends,downstream,critical,"",import,[],"","",service_down,circuit_break,"","","",one_to_many,1,0,active,,0
443715,381607,381586,import_depends,downstream,required,"",import,[],"",shared_kernel,timeout,graceful_degradation,"","","",one_to_many,0,0,active,,0
443716,381607,381572,import_depends,downstream,required,"",import,[],"",shared_kernel,timeout,graceful_degradation,"","","",one_to_many,0,0,active,,0
443717,381608,381586,import_depends,downstream,required,"",import,[],"",shared_kernel,timeout,graceful_degradation,"","","",one_to_many,0,0,active,,0
443718,381608,381572,import_depends,downstream,required,"",import,[],"",shared_kernel,timeout,graceful_degradation,"","","",one_to_many,0,0,active,,0
443719,381608,381564,import_depends,downstream,required,"",import,[],"",shared_kernel,timeout,graceful_degradation,"","","",one_to_many,0,0,active,,0
443720,381609,381586,import_depends,downstream,required,"",import,[],"",shared_kernel,timeout,graceful_degradation,"","","",one_to_many,0,0,active,,0
443721,381609,381580,import_depends,downstream,required,"",import,[],"",shared_kernel,timeout,graceful_degradation,"","","",one_to_many,0,0,active,,0
443722,381609,381576,import_depends,downstream,required,"",import,[],"",shared_kernel,timeout,graceful_degradation,"","","",one_to_many,0,0,active,,0
443723,381609,381584,import_depends,downstream,required,"",import,[],"",shared_kernel,timeout,graceful_degradation,"","","",one_to_many,0,0,active,,0
443724,381609,381582,import_depends,downstream,required,"",import,[],"",shared_kernel,timeout,graceful_degradation,"","","",one_to_many,0,0,active,,0
443725,381609,381583,import_depends,downstream,required,"",import,[],"",shared_kernel,timeout,graceful_degradation,"","","",one_to_many,0,0,active,,0
443726,381609,381581,import_depends,downstream,required,"",import,[],"",shared_kernel,timeout,graceful_degradation,"","","",one_to_many,0,0,active,,0
443727,381609,381585,import_depends,downstream,required,"",import,[],"",shared_kernel,timeout,graceful_degradation,"","","",one_to_many,0,0,active,,0
443728,381609,381587,import_depends,downstream,required,"",import,[],"",shared_kernel,timeout,graceful_degradation,"","","",one_to_many,0,0,active,,0
443729,381609,381590,import_depends,downstream,required,"",import,[],"",shared_kernel,timeout,graceful_degradation,"","","",one_to_many,0,0,active,,0
443730,381609,381588,import_depends,downstream,required,"",import,[],"",shared_kernel,timeout,graceful_degradation,"","","",one_to_many,0,0,active,,0
443731,381609,381589,import_depends,downstream,required,"",import,[],"",shared_kernel,timeout,graceful_degradation,"","","",one_to_many,0,0,active,,0
443732,381609,381592,import_depends,downstream,required,"",import,[],"",shared_kernel,timeout,graceful_degradation,"","","",one_to_many,0,0,active,,0
443733,381609,381591,import_depends,downstream,required,"",import,[],"",shared_kernel,timeout,graceful_degradation,"","","",one_to_many,0,0,active,,0
443734,381609,381596,import_depends,downstream,required,"",import,[],"",shared_kernel,timeout,graceful_degradation,"","","",one_to_many,0,0,active,,0
443735,381609,381599,import_depends,downstream,required,"",import,[],"",shared_kernel,timeout,graceful_degradation,"","","",one_to_many,0,0,active,,0
443736,381609,381595,import_depends,downstream,required,"",import,[],"",shared_kernel,timeout,graceful_degradation,"","","",one_to_many,0,0,active,,0
443737,381609,381593,import_depends,downstream,required,"",import,[],"",shared_kernel,timeout,graceful_degradation,"","","",one_to_many,0,0,active,,0
443738,381609,381598,import_depends,downstream,required,"",import,[],"",shared_kernel,timeout,graceful_degradation,"","","",one_to_many,0,0,active,,0
443739,381609,381600,import_depends,downstream,required,"",import,[],"",shared_kernel,timeout,graceful_degradation,"","","",one_to_many,0,0,active,,0
443740,381609,381607,import_depends,downstream,required,"",import,[],"",shared_kernel,timeout,graceful_degradation,"","","",one_to_many,0,0,active,,0
443741,381609,381601,import_depends,downstream,required,"",import,[],"",shared_kernel,timeout,graceful_degradation,"","","",one_to_many,0,0,active,,0
443742,381609,381597,import_depends,downstream,required,"",import,[],"",shared_kernel,timeout,graceful_degradation,"","","",one_to_many,0,0,active,,0
443743,381609,381603,import_depends,downstream,required,"",import,[],"",shared_kernel,timeout,graceful_degradation,"","","",one_to_many,0,0,active,,0
443744,381609,381605,import_depends,downstream,required,"",import,[],"",shared_kernel,timeout,graceful_degradation,"","","",one_to_many,0,0,active,,0
443745,381609,381606,import_depends,downstream,required,"",import,[],"",shared_kernel,timeout,graceful_degradation,"","","",one_to_many,0,0,active,,0
443746,381609,381602,import_depends,downstream,required,"",import,[],"",shared_kernel,timeout,graceful_degradation,"","","",one_to_many,0,0,active,,0
443747,381609,381611,import_depends,downstream,required,"",import,[],"",shared_kernel,timeout,graceful_degradation,"","","",one_to_many,0,0,active,,0
443748,381609,381608,import_depends,downstream,required,"",import,[],"",shared_kernel,timeout,graceful_degradation,"","","",one_to_many,0,0,active,,0
443749,381609,381614,import_depends,downstream,required,"",import,[],"",shared_kernel,timeout,graceful_degradation,"","","",one_to_many,0,0,active,,0
443750,381609,381610,import_depends,downstream,required,"",import,[],"",shared_kernel,timeout,graceful_degradation,"","","",one_to_many,0,0,active,,0
443751,381609,381579,import_depends,downstream,required,"",import,[],"",shared_kernel,timeout,graceful_degradation,"","","",one_to_many,0,0,active,,0
443752,381609,381594,import_depends,downstream,required,"",import,[],"",shared_kernel,timeout,graceful_degradation,"","","",one_to_many,0,0,active,,0
443753,381609,381604,import_depends,downstream,required,"",import,[],"",shared_kernel,timeout,graceful_degradation,"","","",one_to_many,0,0,active,,0
443754,381610,381586,import_depends,downstream,required,"",import,[],"",shared_kernel,timeout,graceful_degradation,"","","",one_to_many,0,0,active,,0
443755,381610,381572,import_depends,downstream,required,"",import,[],"",shared_kernel,timeout,graceful_degradation,"","","",one_to_many,0,0,active,,0
443756,381610,381622,import_depends,downstream,required,"",import,[],"",shared_kernel,timeout,graceful_degradation,"","","",one_to_many,0,0,active,,0
443757,381611,381586,import_depends,downstream,required,"",import,[],"",shared_kernel,timeout,graceful_degradation,"","","",one_to_many,0,0,active,,0
443758,381611,381572,import_depends,downstream,required,"",import,[],"",shared_kernel,timeout,graceful_degradation,"","","",one_to_many,0,0,active,,0
443759,381614,381586,import_depends,downstream,required,"",import,[],"",shared_kernel,timeout,graceful_degradation,"","","",one_to_many,0,0,active,,0
443760,381614,381572,import_depends,downstream,required,"",import,[],"",shared_kernel,timeout,graceful_degradation,"","","",one_to_many,0,0,active,,0
443761,381615,382595,import_depends,downstream,critical,"",import,[],"","",service_down,circuit_break,"","","",one_to_many,1,0,active,,0
443762,381615,381563,import_depends,downstream,required,"",import,[],"","",timeout,graceful_degradation,"","","",one_to_many,0,0,active,,0
443763,381615,381564,import_depends,downstream,required,"",import,[],"","",timeout,graceful_degradation,"","","",one_to_many,0,0,active,,0
443764,381615,381572,import_depends,downstream,required,"",import,[],"","",timeout,graceful_degradation,"","","",one_to_many,0,0,active,,0
443765,381615,382656,import_depends,downstream,critical,"",import,[],"","",service_down,circuit_break,"","","",one_to_many,1,0,active,,0
443766,381615,382590,import_depends,downstream,critical,"",import,[],"","",service_down,circuit_break,"","","",one_to_many,1,0,active,,0
443767,381615,381555,import_depends,downstream,required,"",import,[],"","",timeout,graceful_degradation,"","","",one_to_many,0,0,active,,0
443768,381615,381336,import_depends,downstream,critical,"",import,[],"","",service_down,circuit_break,"","","",one_to_many,1,0,active,,0
443769,381615,381618,import_depends,downstream,required,"",import,[],"","",timeout,graceful_degradation,"","","",one_to_many,0,0,active,,0
443770,381615,381621,import_depends,downstream,required,"",import,[],"","",timeout,graceful_degradation,"","","",one_to_many,0,0,active,,0
443771,381615,381625,import_depends,downstream,required,"",import,[],"","",timeout,graceful_degradation,"","","",one_to_many,0,0,active,,0
443772,381615,381622,import_depends,downstream,required,"",import,[],"","",timeout,graceful_degradation,"","","",one_to_many,0,0,active,,0
443773,381615,381628,import_depends,downstream,required,"",import,[],"","",timeout,graceful_degradation,"","","",one_to_many,0,0,active,,0
443774,381615,381937,import_depends,downstream,critical,"",import,[],"","",service_down,circuit_break,"","","",one_to_many,1,0,active,,0
443775,381617,380989,import_depends,downstream,critical,"",import,[],"","",service_down,circuit_break,"","","",one_to_many,1,0,active,,0
443776,381618,382595,import_depends,downstream,critical,"",import,[],"","",service_down,circuit_break,"","","",one_to_many,1,0,active,,0
443777,381619,381612,import_depends,downstream,required,"",import,[],"","",timeout,graceful_degradation,"","","",one_to_many,0,0,active,,0
443778,381621,382074,import_depends,downstream,critical,"",import,[],"",anti_corruption_layer,service_down,circuit_break,"","","",one_to_many,1,0,active,,0
443779,381621,382595,import_depends,downstream,critical,"",import,[],"","",service_down,circuit_break,"","","",one_to_many,1,0,active,,0
443780,381622,382595,import_depends,downstream,critical,"",import,[],"","",service_down,circuit_break,"","","",one_to_many,1,0,active,,0
443781,381624,381612,import_depends,downstream,required,"",import,[],"","",timeout,graceful_degradation,"","","",one_to_many,0,0,active,,0
443782,381624,381619,import_depends,downstream,required,"",import,[],"","",timeout,graceful_degradation,"","","",one_to_many,0,0,active,,0
443783,381625,382595,import_depends,downstream,critical,"",import,[],"","",service_down,circuit_break,"","","",one_to_many,1,0,active,,0
443784,381626,382595,import_depends,downstream,critical,"",import,[],"","",service_down,circuit_break,"","","",one_to_many,1,0,active,,0
443785,381627,381628,import_depends,downstream,required,"",import,[],"","",timeout,graceful_degradation,"","","",one_to_many,0,0,active,,0
443786,381628,382595,import_depends,downstream,critical,"",import,[],"","",service_down,circuit_break,"","","",one_to_many,1,0,active,,0
443787,381630,380872,import_depends,downstream,critical,"",import,[],"","",service_down,circuit_break,"","","",one_to_many,1,0,active,,0
443788,381632,381052,import_depends,downstream,required,"",import,[],"","",timeout,graceful_degradation,"","","",one_to_many,0,0,active,,0
443789,381632,381565,import_depends,downstream,critical,"",import,[],"","",service_down,circuit_break,"","","",one_to_many,1,0,active,,0
443790,381639,381646,import_depends,downstream,required,"",import,[],"","",timeout,graceful_degradation,"","","",one_to_many,0,0,active,,0
443791,381639,381656,import_depends,downstream,required,"",import,[],"","",timeout,graceful_degradation,"","","",one_to_many,0,0,active,,0
443792,381642,381414,import_depends,downstream,required,"",import,[],"","",timeout,graceful_degradation,"","","",one_to_many,0,0,active,,0
443793,381642,382652,import_depends,downstream,critical,"",import,[],"","",service_down,circuit_break,"","","",one_to_many,1,0,active,,0
443794,381642,381649,import_depends,downstream,required,"",import,[],"","",timeout,graceful_degradation,"","","",one_to_many,0,0,active,,0
443795,381642,382387,import_depends,downstream,critical,"",import,[],"","",service_down,circuit_break,"","","",one_to_many,1,0,active,,0
443796,381642,382391,import_depends,downstream,critical,"",import,[],"","",service_down,circuit_break,"","","",one_to_many,1,0,active,,0
443797,381642,382553,import_depends,downstream,critical,"",import,[],"","",service_down,circuit_break,"","","",one_to_many,1,0,active,,0
443798,381649,381554,import_depends,downstream,critical,"",import,[],"","",service_down,circuit_break,"","","",one_to_many,1,0,active,,0
443799,381658,381032,import_depends,downstream,required,"",import,[],"",anti_corruption_layer,timeout,graceful_degradation,"","","",one_to_many,0,0,active,,0
443800,381659,381665,import_depends,downstream,required,"",import,[],"",shared_kernel,timeout,graceful_degradation,"","","",one_to_many,0,0,active,,0
443801,381659,381670,import_depends,downstream,required,"",import,[],"",shared_kernel,timeout,graceful_degradation,"","","",one_to_many,0,0,active,,0
443802,381660,381174,import_depends,downstream,required,"",import,[],"","",timeout,graceful_degradation,"","","",one_to_many,0,0,active,,0
443803,381661,381665,import_depends,downstream,required,"",import,[],"",shared_kernel,timeout,graceful_degradation,"","","",one_to_many,0,0,active,,0
443804,381663,381665,import_depends,downstream,required,"",import,[],"","",timeout,graceful_degradation,"","","",one_to_many,0,0,active,,0
443805,381664,381665,import_depends,downstream,required,"",import,[],"",shared_kernel,timeout,graceful_degradation,"","","",one_to_many,0,0,active,,0
443806,381666,380830,import_depends,downstream,required,"",import,[],"","",timeout,graceful_degradation,"","","",one_to_many,0,0,active,,0
443807,381667,381665,import_depends,downstream,required,"",import,[],"","",timeout,graceful_degradation,"","","",one_to_many,0,0,active,,0
443808,381667,381673,import_depends,downstream,required,"",import,[],"","",timeout,graceful_degradation,"","","",one_to_many,0,0,active,,0
443809,381667,381670,import_depends,downstream,required,"",import,[],"","",timeout,graceful_degradation,"","","",one_to_many,0,0,active,,0
443810,381667,381674,import_depends,downstream,required,"",import,[],"","",timeout,graceful_degradation,"","","",one_to_many,0,0,active,,0
443811,381667,381675,import_depends,downstream,required,"",import,[],"","",timeout,graceful_degradation,"","","",one_to_many,0,0,active,,0
443812,381667,381659,import_depends,downstream,required,"",import,[],"","",timeout,graceful_degradation,"","","",one_to_many,0,0,active,,0
443813,381667,381661,import_depends,downstream,required,"",import,[],"","",timeout,graceful_degradation,"","","",one_to_many,0,0,active,,0
443814,381667,381669,import_depends,downstream,required,"",import,[],"","",timeout,graceful_degradation,"","","",one_to_many,0,0,active,,0
443815,381667,381672,import_depends,downstream,required,"",import,[],"","",timeout,graceful_degradation,"","","",one_to_many,0,0,active,,0
443816,381667,381664,import_depends,downstream,required,"",import,[],"","",timeout,graceful_degradation,"","","",one_to_many,0,0,active,,0
443817,381668,380830,import_depends,downstream,required,"",import,[],"","",timeout,graceful_degradation,"","","",one_to_many,0,0,active,,0
443818,381669,381665,import_depends,downstream,required,"",import,[],"",shared_kernel,timeout,graceful_degradation,"","","",one_to_many,0,0,active,,0
443819,381670,381665,import_depends,downstream,required,"",import,[],"",shared_kernel,timeout,graceful_degradation,"","","",one_to_many,0,0,active,,0
443820,381674,381665,import_depends,downstream,required,"",import,[],"",shared_kernel,timeout,graceful_degradation,"","","",one_to_many,0,0,active,,0
443821,381674,381670,import_depends,downstream,required,"",import,[],"",shared_kernel,timeout,graceful_degradation,"","","",one_to_many,0,0,active,,0
443822,381675,381665,import_depends,downstream,required,"",import,[],"",shared_kernel,timeout,graceful_degradation,"","","",one_to_many,0,0,active,,0
443823,381676,381393,import_depends,downstream,required,"",import,[],"","",timeout,graceful_degradation,"","","",one_to_many,0,0,active,,0
443824,381676,381396,import_depends,downstream,required,"",import,[],"","",timeout,graceful_degradation,"","","",one_to_many,0,0,active,,0
443825,381682,381681,import_depends,downstream,required,"",import,[],"","",timeout,graceful_degradation,"","","",one_to_many,0,0,active,,0
443826,381684,382200,import_depends,downstream,critical,"",import,[],"",shared_kernel,service_down,circuit_break,"","","",one_to_many,1,0,active,,0
443827,381685,383187,import_depends,downstream,critical,"",import,[],"","",service_down,circuit_break,"","","",one_to_many,1,0,active,,0
443828,381685,383188,import_depends,downstream,critical,"",import,[],"","",service_down,circuit_break,"","","",one_to_many,1,0,active,,0
443829,381685,383189,import_depends,downstream,critical,"",import,[],"","",service_down,circuit_break,"","","",one_to_many,1,0,active,,0
443830,381686,383183,import_depends,downstream,critical,"",import,[],"","",service_down,circuit_break,"","","",one_to_many,1,0,active,,0
443831,381687,383185,import_depends,downstream,critical,"",import,[],"","",service_down,circuit_break,"","","",one_to_many,1,0,active,,0
443832,381688,383181,import_depends,downstream,critical,"",import,[],"","",service_down,circuit_break,"","","",one_to_many,1,0,active,,0
443833,381689,381554,import_depends,downstream,critical,"",import,[],"","",service_down,circuit_break,"","","",one_to_many,1,0,active,,0
443834,381689,383182,import_depends,downstream,critical,"",import,[],"",anti_corruption_layer,service_down,circuit_break,"","","",one_to_many,1,0,active,,0
443835,381689,383183,import_depends,downstream,critical,"",import,[],"",anti_corruption_layer,service_down,circuit_break,"","","",one_to_many,1,0,active,,0
443836,381689,383185,import_depends,downstream,critical,"",import,[],"",anti_corruption_layer,service_down,circuit_break,"","","",one_to_many,1,0,active,,0
443837,381689,383186,import_depends,downstream,critical,"",import,[],"",anti_corruption_layer,service_down,circuit_break,"","","",one_to_many,1,0,active,,0
443838,381689,383187,import_depends,downstream,critical,"",import,[],"",anti_corruption_layer,service_down,circuit_break,"","","",one_to_many,1,0,active,,0
443839,381689,383184,import_depends,downstream,critical,"",import,[],"",anti_corruption_layer,service_down,circuit_break,"","","",one_to_many,1,0,active,,0
443840,381689,383188,import_depends,downstream,critical,"",import,[],"",anti_corruption_layer,service_down,circuit_break,"","","",one_to_many,1,0,active,,0
443841,381689,383189,import_depends,downstream,critical,"",import,[],"",anti_corruption_layer,service_down,circuit_break,"","","",one_to_many,1,0,active,,0
443842,381689,383195,import_depends,downstream,critical,"",import,[],"",anti_corruption_layer,service_down,circuit_break,"","","",one_to_many,1,0,active,,0
443843,381689,383190,import_depends,downstream,critical,"",import,[],"",anti_corruption_layer,service_down,circuit_break,"","","",one_to_many,1,0,active,,0
443844,381689,383192,import_depends,downstream,critical,"",import,[],"",anti_corruption_layer,service_down,circuit_break,"","","",one_to_many,1,0,active,,0
443845,381689,383194,import_depends,downstream,critical,"",import,[],"",anti_corruption_layer,service_down,circuit_break,"","","",one_to_many,1,0,active,,0
443846,381689,383193,import_depends,downstream,critical,"",import,[],"",anti_corruption_layer,service_down,circuit_break,"","","",one_to_many,1,0,active,,0
443847,381689,383196,import_depends,downstream,critical,"",import,[],"",anti_corruption_layer,service_down,circuit_break,"","","",one_to_many,1,0,active,,0
443848,381689,383197,import_depends,downstream,critical,"",import,[],"",anti_corruption_layer,service_down,circuit_break,"","","",one_to_many,1,0,active,,0
443849,381689,383202,import_depends,downstream,critical,"",import,[],"",anti_corruption_layer,service_down,circuit_break,"","","",one_to_many,1,0,active,,0
443850,381689,383206,import_depends,downstream,critical,"",import,[],"",anti_corruption_layer,service_down,circuit_break,"","","",one_to_many,1,0,active,,0
443851,381689,383200,import_depends,downstream,critical,"",import,[],"",anti_corruption_layer,service_down,circuit_break,"","","",one_to_many,1,0,active,,0
443852,381689,383201,import_depends,downstream,critical,"",import,[],"",anti_corruption_layer,service_down,circuit_break,"","","",one_to_many,1,0,active,,0
443853,381689,383205,import_depends,downstream,critical,"",import,[],"",anti_corruption_layer,service_down,circuit_break,"","","",one_to_many,1,0,active,,0
443854,381690,383186,import_depends,downstream,critical,"",import,[],"","",service_down,circuit_break,"","","",one_to_many,1,0,active,,0
443855,381692,383184,import_depends,downstream,critical,"",import,[],"","",service_down,circuit_break,"","","",one_to_many,1,0,active,,0
443856,381693,383187,import_depends,downstream,critical,"",import,[],"","",service_down,circuit_break,"","","",one_to_many,1,0,active,,0
443857,381694,383188,import_depends,downstream,critical,"",import,[],"","",service_down,circuit_break,"","","",one_to_many,1,0,active,,0
443858,381695,383189,import_depends,downstream,critical,"",import,[],"","",service_down,circuit_break,"","","",one_to_many,1,0,active,,0
443859,381696,383190,import_depends,downstream,critical,"",import,[],"","",service_down,circuit_break,"","","",one_to_many,1,0,active,,0
443860,381697,383194,import_depends,downstream,critical,"",import,[],"","",service_down,circuit_break,"","","",one_to_many,1,0,active,,0
443861,381698,383195,import_depends,downstream,critical,"",import,[],"","",service_down,circuit_break,"","","",one_to_many,1,0,active,,0
443862,381699,381686,import_depends,downstream,required,"",import,[],"",shared_kernel,timeout,graceful_degradation,"","","",one_to_many,0,0,active,,0
443863,381699,381687,import_depends,downstream,required,"",import,[],"",shared_kernel,timeout,graceful_degradation,"","","",one_to_many,0,0,active,,0
443864,381699,381690,import_depends,downstream,required,"",import,[],"",shared_kernel,timeout,graceful_degradation,"","","",one_to_many,0,0,active,,0
443865,381699,381693,import_depends,downstream,required,"",import,[],"",shared_kernel,timeout,graceful_degradation,"","","",one_to_many,0,0,active,,0
443866,381699,381692,import_depends,downstream,required,"",import,[],"",shared_kernel,timeout,graceful_degradation,"","","",one_to_many,0,0,active,,0
443867,381699,381694,import_depends,downstream,required,"",import,[],"",shared_kernel,timeout,graceful_degradation,"","","",one_to_many,0,0,active,,0
443868,381699,381695,import_depends,downstream,required,"",import,[],"",shared_kernel,timeout,graceful_degradation,"","","",one_to_many,0,0,active,,0
443869,381700,383192,import_depends,downstream,critical,"",import,[],"","",service_down,circuit_break,"","","",one_to_many,1,0,active,,0
443870,381701,383196,import_depends,downstream,critical,"",import,[],"","",service_down,circuit_break,"","","",one_to_many,1,0,active,,0
443871,381702,383197,import_depends,downstream,critical,"",import,[],"","",service_down,circuit_break,"","","",one_to_many,1,0,active,,0
443872,381703,383193,import_depends,downstream,critical,"",import,[],"","",service_down,circuit_break,"","","",one_to_many,1,0,active,,0
443873,381704,383200,import_depends,downstream,critical,"",import,[],"","",service_down,circuit_break,"","","",one_to_many,1,0,active,,0
443874,381705,383203,import_depends,downstream,critical,"",import,[],"","",service_down,circuit_break,"","","",one_to_many,1,0,active,,0
443875,381707,381698,import_depends,downstream,required,"",import,[],"",shared_kernel,timeout,graceful_degradation,"","","",one_to_many,0,0,active,,0
443876,381707,381696,import_depends,downstream,required,"",import,[],"",shared_kernel,timeout,graceful_degradation,"","","",one_to_many,0,0,active,,0
443877,381707,381700,import_depends,downstream,required,"",import,[],"",shared_kernel,timeout,graceful_degradation,"","","",one_to_many,0,0,active,,0
443878,381707,381697,import_depends,downstream,required,"",import,[],"",shared_kernel,timeout,graceful_degradation,"","","",one_to_many,0,0,active,,0
443879,381707,381703,import_depends,downstream,required,"",import,[],"",shared_kernel,timeout,graceful_degradation,"","","",one_to_many,0,0,active,,0
443880,381707,381701,import_depends,downstream,required,"",import,[],"",shared_kernel,timeout,graceful_degradation,"","","",one_to_many,0,0,active,,0
443881,381707,381702,import_depends,downstream,required,"",import,[],"",shared_kernel,timeout,graceful_degradation,"","","",one_to_many,0,0,active,,0
443882,381708,383202,import_depends,downstream,critical,"",import,[],"","",service_down,circuit_break,"","","",one_to_many,1,0,active,,0
443883,381709,383201,import_depends,downstream,critical,"",import,[],"","",service_down,circuit_break,"","","",one_to_many,1,0,active,,0
443884,381710,383206,import_depends,downstream,critical,"",import,[],"","",service_down,circuit_break,"","","",one_to_many,1,0,active,,0
443885,381711,383205,import_depends,downstream,critical,"",import,[],"","",service_down,circuit_break,"","","",one_to_many,1,0,active,,0
443886,381712,381705,import_depends,downstream,required,"",import,[],"",shared_kernel,timeout,graceful_degradation,"","","",one_to_many,0,0,active,,0
443887,381712,381708,import_depends,downstream,required,"",import,[],"",shared_kernel,timeout,graceful_degradation,"","","",one_to_many,0,0,active,,0
443888,381712,381710,import_depends,downstream,required,"",import,[],"",shared_kernel,timeout,graceful_degradation,"","","",one_to_many,0,0,active,,0
443889,381712,381704,import_depends,downstream,required,"",import,[],"",shared_kernel,timeout,graceful_degradation,"","","",one_to_many,0,0,active,,0
443890,381712,381709,import_depends,downstream,required,"",import,[],"",shared_kernel,timeout,graceful_degradation,"","","",one_to_many,0,0,active,,0
443891,381712,381711,import_depends,downstream,required,"",import,[],"",shared_kernel,timeout,graceful_degradation,"","","",one_to_many,0,0,active,,0
443892,381716,382595,import_depends,downstream,critical,"",import,[],"","",service_down,circuit_break,"","","",one_to_many,1,0,active,,0
443893,381716,381174,import_depends,downstream,critical,"",import,[],"",anti_corruption_layer,service_down,circuit_break,"","","",one_to_many,1,0,active,,0
443894,381717,381747,import_depends,downstream,required,"",import,[],"","",timeout,graceful_degradation,"","","",one_to_many,0,0,active,,0
443895,381717,382595,import_depends,downstream,critical,"",import,[],"","",service_down,circuit_break,"","","",one_to_many,1,0,active,,0
443896,381719,380872,import_depends,downstream,critical,"",import,[],"","",service_down,circuit_break,"","","",one_to_many,1,0,active,,0
443897,381719,381521,import_depends,downstream,critical,"",import,[],"","",service_down,circuit_break,"","","",one_to_many,1,0,active,,0
443898,381719,382595,import_depends,downstream,critical,"",import,[],"","",service_down,circuit_break,"","","",one_to_many,1,0,active,,0
443899,381721,382071,import_depends,downstream,critical,"",import,[],"",anti_corruption_layer,service_down,circuit_break,"","","",one_to_many,1,0,active,,0
443900,381721,382566,import_depends,downstream,critical,"",import,[],"",anti_corruption_layer,service_down,circuit_break,"","","",one_to_many,1,0,active,,0
443901,381722,382595,import_depends,downstream,critical,"",import,[],"","",service_down,circuit_break,"","","",one_to_many,1,0,active,,0
443902,381724,382595,import_depends,downstream,critical,"",import,[],"","",service_down,circuit_break,"","","",one_to_many,1,0,active,,0
443903,381725,381747,import_depends,downstream,required,"",import,[],"","",timeout,graceful_degradation,"","","",one_to_many,0,0,active,,0
443904,381725,382074,import_depends,downstream,critical,"",import,[],"",anti_corruption_layer,service_down,circuit_break,"","","",one_to_many,1,0,active,,0
443905,381725,382664,import_depends,downstream,critical,"",import,[],"","",service_down,circuit_break,"","","",one_to_many,1,0,active,,0
443906,381726,382595,import_depends,downstream,critical,"",import,[],"","",service_down,circuit_break,"","","",one_to_many,1,0,active,,0
443907,381727,382074,import_depends,downstream,critical,"",import,[],"",anti_corruption_layer,service_down,circuit_break,"","","",one_to_many,1,0,active,,0
443908,381727,382595,import_depends,downstream,critical,"",import,[],"","",service_down,circuit_break,"","","",one_to_many,1,0,active,,0
443909,381728,381747,import_depends,downstream,required,"",import,[],"","",timeout,graceful_degradation,"","","",one_to_many,0,0,active,,0
443910,381728,382074,import_depends,downstream,critical,"",import,[],"",anti_corruption_layer,service_down,circuit_break,"","","",one_to_many,1,0,active,,0
443911,381728,382664,import_depends,downstream,critical,"",import,[],"","",service_down,circuit_break,"","","",one_to_many,1,0,active,,0
443912,381731,382652,import_depends,downstream,critical,"",import,[],"","",service_down,circuit_break,"","","",one_to_many,1,0,active,,0
443913,381731,381747,import_depends,downstream,required,"",import,[],"","",timeout,graceful_degradation,"","","",one_to_many,0,0,active,,0
443914,381731,381716,import_depends,downstream,required,"",import,[],"","",timeout,graceful_degradation,"","","",one_to_many,0,0,active,,0
443915,381731,381720,import_depends,downstream,required,"",import,[],"","",timeout,graceful_degradation,"","","",one_to_many,0,0,active,,0
443916,381731,381736,import_depends,downstream,required,"",import,[],"","",timeout,graceful_degradation,"","","",one_to_many,0,0,active,,0
443917,381731,382553,import_depends,downstream,critical,"",import,[],"","",service_down,circuit_break,"","","",one_to_many,1,0,active,,0
443918,381731,381738,import_depends,downstream,required,"",import,[],"","",timeout,graceful_degradation,"","","",one_to_many,0,0,active,,0
443919,381731,381728,import_depends,downstream,required,"",import,[],"","",timeout,graceful_degradation,"","","",one_to_many,0,0,active,,0
443920,381731,381725,import_depends,downstream,required,"",import,[],"","",timeout,graceful_degradation,"","","",one_to_many,0,0,active,,0
443921,381731,381743,import_depends,downstream,required,"",import,[],"","",timeout,graceful_degradation,"","","",one_to_many,0,0,active,,0
443922,381731,381717,import_depends,downstream,required,"",import,[],"","",timeout,graceful_degradation,"","","",one_to_many,0,0,active,,0
443923,381731,381741,import_depends,downstream,required,"",import,[],"","",timeout,graceful_degradation,"","","",one_to_many,0,0,active,,0
443924,381731,381732,import_depends,downstream,required,"",import,[],"","",timeout,graceful_degradation,"","","",one_to_many,0,0,active,,0
443925,381731,381744,import_depends,downstream,required,"",import,[],"","",timeout,graceful_degradation,"","","",one_to_many,0,0,active,,0
443926,381731,381745,import_depends,downstream,required,"",import,[],"","",timeout,graceful_degradation,"","","",one_to_many,0,0,active,,0
443927,381732,381747,import_depends,downstream,required,"",import,[],"","",timeout,graceful_degradation,"","","",one_to_many,0,0,active,,0
443928,381732,382595,import_depends,downstream,critical,"",import,[],"","",service_down,circuit_break,"","","",one_to_many,1,0,active,,0
443929,381732,382652,import_depends,downstream,critical,"",import,[],"","",service_down,circuit_break,"","","",one_to_many,1,0,active,,0
443930,381732,381321,import_depends,downstream,critical,"",import,[],"","",service_down,circuit_break,"","","",one_to_many,1,0,active,,0
443931,381732,381331,import_depends,downstream,critical,"",import,[],"","",service_down,circuit_break,"","","",one_to_many,1,0,active,,0
443932,381732,381337,import_depends,downstream,critical,"",import,[],"","",service_down,circuit_break,"","","",one_to_many,1,0,active,,0
443933,381732,381336,import_depends,downstream,critical,"",import,[],"","",service_down,circuit_break,"","","",one_to_many,1,0,active,,0
443934,381732,382535,import_depends,downstream,critical,"",import,[],"","",service_down,circuit_break,"","","",one_to_many,1,0,active,,0
443935,381732,382485,import_depends,downstream,critical,"",import,[],"",anti_corruption_layer,service_down,circuit_break,"","","",one_to_many,1,0,active,,0
443936,381732,381174,import_depends,downstream,critical,"",import,[],"","",service_down,circuit_break,"","","",one_to_many,1,0,active,,0
443937,381732,381960,import_depends,downstream,critical,"",import,[],"","",service_down,circuit_break,"","","",one_to_many,1,0,active,,0
443938,381732,381393,import_depends,downstream,critical,"",import,[],"","",service_down,circuit_break,"","","",one_to_many,1,0,active,,0
443939,381732,381396,import_depends,downstream,critical,"",import,[],"","",service_down,circuit_break,"","","",one_to_many,1,0,active,,0
443940,381732,381486,import_depends,downstream,critical,"",import,[],"","",service_down,circuit_break,"","","",one_to_many,1,0,active,,0
443941,381732,381484,import_depends,downstream,critical,"",import,[],"","",service_down,circuit_break,"","","",one_to_many,1,0,active,,0
443942,381737,382595,import_depends,downstream,critical,"",import,[],"","",service_down,circuit_break,"","","",one_to_many,1,0,active,,0
443943,381738,381747,import_depends,downstream,required,"",import,[],"","",timeout,graceful_degradation,"","","",one_to_many,0,0,active,,0
443944,381738,382597,import_depends,downstream,critical,"",import,[],"","",service_down,circuit_break,"","","",one_to_many,1,0,active,,0
443945,381739,382595,import_depends,downstream,critical,"",import,[],"","",service_down,circuit_break,"","","",one_to_many,1,0,active,,0
443946,381740,382595,import_depends,downstream,critical,"",import,[],"","",service_down,circuit_break,"","","",one_to_many,1,0,active,,0
443947,381741,382595,import_depends,downstream,critical,"",import,[],"","",service_down,circuit_break,"","","",one_to_many,1,0,active,,0
443948,381741,382076,import_depends,downstream,critical,"",import,[],"",anti_corruption_layer,service_down,circuit_break,"","","",one_to_many,1,0,active,,0
443949,381741,382074,import_depends,downstream,critical,"",import,[],"",anti_corruption_layer,service_down,circuit_break,"","","",one_to_many,1,0,active,,0
443950,381742,381747,import_depends,downstream,required,"",import,[],"","",timeout,graceful_degradation,"","","",one_to_many,0,0,active,,0
443951,381743,381747,import_depends,downstream,required,"",import,[],"","",timeout,graceful_degradation,"","","",one_to_many,0,0,active,,0
443952,381744,382595,import_depends,downstream,critical,"",import,[],"","",service_down,circuit_break,"","","",one_to_many,1,0,active,,0
443953,381745,381747,import_depends,downstream,required,"",import,[],"","",timeout,graceful_degradation,"","","",one_to_many,0,0,active,,0
443954,381746,381718,import_depends,downstream,required,"",import,[],"","",timeout,graceful_degradation,"","","",one_to_many,0,0,active,,0
443955,381746,381713,import_depends,downstream,required,"",import,[],"","",timeout,graceful_degradation,"","","",one_to_many,0,0,active,,0
443956,381747,382652,import_depends,downstream,critical,"",import,[],"","",service_down,circuit_break,"","","",one_to_many,1,0,active,,0
443957,381747,381720,import_depends,downstream,required,"",import,[],"","",timeout,graceful_degradation,"","","",one_to_many,0,0,active,,0
443958,381747,380783,import_depends,downstream,critical,"",import,[],"","",service_down,circuit_break,"","","",one_to_many,1,0,active,,0
443959,381748,380939,import_depends,downstream,critical,"",import,[],"",anti_corruption_layer,service_down,circuit_break,"","","",one_to_many,1,0,active,,0
443960,381749,382621,import_depends,downstream,critical,"",import,[],"",anti_corruption_layer,service_down,circuit_break,"","","",one_to_many,1,0,active,,0
443961,381752,382652,import_depends,downstream,critical,"",import,[],"","",service_down,circuit_break,"","","",one_to_many,1,0,active,,0
443962,381752,382553,import_depends,downstream,critical,"",import,[],"","",service_down,circuit_break,"","","",one_to_many,1,0,active,,0
443963,381754,382626,import_depends,downstream,critical,"",import,[],"",anti_corruption_layer,service_down,circuit_break,"","","",one_to_many,1,0,active,,0
443964,381757,381777,import_depends,downstream,required,"",import,[],"",shared_kernel,timeout,graceful_degradation,"","","",one_to_many,0,0,active,,0
443965,381759,382625,import_depends,downstream,critical,"",import,[],"",anti_corruption_layer,service_down,circuit_break,"","","",one_to_many,1,0,active,,0
443966,381759,381779,import_depends,downstream,required,"",import,[],"",shared_kernel,timeout,graceful_degradation,"","","",one_to_many,0,0,active,,0
443967,381759,381787,import_depends,downstream,required,"",import,[],"",shared_kernel,timeout,graceful_degradation,"","","",one_to_many,0,0,active,,0
443968,381759,381769,import_depends,downstream,required,"",import,[],"",shared_kernel,timeout,graceful_degradation,"","","",one_to_many,0,0,active,,0
443969,381769,382652,import_depends,downstream,critical,"",import,[],"","",service_down,circuit_break,"","","",one_to_many,1,0,active,,0
443970,381769,382553,import_depends,downstream,critical,"",import,[],"","",service_down,circuit_break,"","","",one_to_many,1,0,active,,0
443971,381770,382621,import_depends,downstream,critical,"",import,[],"",anti_corruption_layer,service_down,circuit_break,"","","",one_to_many,1,0,active,,0
443972,381775,381768,import_depends,downstream,required,"",import,[],"","",timeout,graceful_degradation,"","","",one_to_many,0,0,active,,0
443973,381776,382623,import_depends,downstream,critical,"",import,[],"",anti_corruption_layer,service_down,circuit_break,"","","",one_to_many,1,0,active,,0
443974,381777,381776,import_depends,downstream,required,"",import,[],"",shared_kernel,timeout,graceful_degradation,"","","",one_to_many,0,0,active,,0
443975,381778,382624,import_depends,downstream,critical,"",import,[],"",anti_corruption_layer,service_down,circuit_break,"","","",one_to_many,1,0,active,,0
443976,381779,382623,import_depends,downstream,critical,"",import,[],"",anti_corruption_layer,service_down,circuit_break,"","","",one_to_many,1,0,active,,0
443977,381779,381777,import_depends,downstream,required,"",import,[],"",shared_kernel,timeout,graceful_degradation,"","","",one_to_many,0,0,active,,0
443978,381779,381776,import_depends,downstream,required,"",import,[],"",shared_kernel,timeout,graceful_degradation,"","","",one_to_many,0,0,active,,0
443979,381779,381773,import_depends,downstream,required,"",import,[],"",shared_kernel,timeout,graceful_degradation,"","","",one_to_many,0,0,active,,0
443980,381780,382624,import_depends,downstream,critical,"",import,[],"",anti_corruption_layer,service_down,circuit_break,"","","",one_to_many,1,0,active,,0
443981,381783,381778,import_depends,downstream,required,"",import,[],"",shared_kernel,timeout,graceful_degradation,"","","",one_to_many,0,0,active,,0
443982,381785,382624,import_depends,downstream,critical,"",import,[],"",anti_corruption_layer,service_down,circuit_break,"","","",one_to_many,1,0,active,,0
443983,381786,382624,import_depends,downstream,critical,"",import,[],"",anti_corruption_layer,service_down,circuit_break,"","","",one_to_many,1,0,active,,0
443984,381787,382624,import_depends,downstream,critical,"",import,[],"",anti_corruption_layer,service_down,circuit_break,"","","",one_to_many,1,0,active,,0
443985,381787,381778,import_depends,downstream,required,"",import,[],"",shared_kernel,timeout,graceful_degradation,"","","",one_to_many,0,0,active,,0
443986,381787,381780,import_depends,downstream,required,"",import,[],"",shared_kernel,timeout,graceful_degradation,"","","",one_to_many,0,0,active,,0
443987,381787,381785,import_depends,downstream,required,"",import,[],"",shared_kernel,timeout,graceful_degradation,"","","",one_to_many,0,0,active,,0
443988,381787,381786,import_depends,downstream,required,"",import,[],"",shared_kernel,timeout,graceful_degradation,"","","",one_to_many,0,0,active,,0
443989,381787,381782,import_depends,downstream,required,"",import,[],"",shared_kernel,timeout,graceful_degradation,"","","",one_to_many,0,0,active,,0
443990,381787,381781,import_depends,downstream,required,"",import,[],"",shared_kernel,timeout,graceful_degradation,"","","",one_to_many,0,0,active,,0
443991,381787,381789,import_depends,downstream,required,"",import,[],"",shared_kernel,timeout,graceful_degradation,"","","",one_to_many,0,0,active,,0
443992,381787,381783,import_depends,downstream,required,"",import,[],"",shared_kernel,timeout,graceful_degradation,"","","",one_to_many,0,0,active,,0
443993,381805,382652,import_depends,downstream,critical,"",import,[],"","",service_down,circuit_break,"","","",one_to_many,1,0,active,,0
443994,381805,382553,import_depends,downstream,critical,"",import,[],"","",service_down,circuit_break,"","","",one_to_many,1,0,active,,0
443995,381820,381777,import_depends,downstream,required,"",import,[],"","",timeout,graceful_degradation,"","","",one_to_many,0,0,active,,0
443996,381820,381776,import_depends,downstream,required,"",import,[],"","",timeout,graceful_degradation,"","","",one_to_many,0,0,active,,0
443997,381820,381773,import_depends,downstream,required,"",import,[],"","",timeout,graceful_degradation,"","","",one_to_many,0,0,active,,0
443998,381820,381780,import_depends,downstream,required,"",import,[],"","",timeout,graceful_degradation,"","","",one_to_many,0,0,active,,0
443999,381820,381798,import_depends,downstream,required,"",import,[],"","",timeout,graceful_degradation,"","","",one_to_many,0,0,active,,0
444000,381820,381821,import_depends,downstream,required,"",import,[],"","",timeout,graceful_degradation,"","","",one_to_many,0,0,active,,0
444001,381820,381837,import_depends,downstream,required,"",import,[],"","",timeout,graceful_degradation,"","","",one_to_many,0,0,active,,0
444002,381820,381832,import_depends,downstream,required,"",import,[],"","",timeout,graceful_degradation,"","","",one_to_many,0,0,active,,0
444003,381828,382595,import_depends,downstream,critical,"",import,[],"","",service_down,circuit_break,"","","",one_to_many,1,0,active,,0
444004,381829,381396,import_depends,downstream,critical,"",import,[],"","",service_down,circuit_break,"","","",one_to_many,1,0,active,,0
444005,381833,381829,import_depends,downstream,required,"",import,[],"",shared_kernel,timeout,graceful_degradation,"","","",one_to_many,0,0,active,,0
444006,381833,381822,import_depends,downstream,required,"",import,[],"",shared_kernel,timeout,graceful_degradation,"","","",one_to_many,0,0,active,,0
444007,381833,381826,import_depends,downstream,required,"",import,[],"",shared_kernel,timeout,graceful_degradation,"","","",one_to_many,0,0,active,,0
444008,381833,381828,import_depends,downstream,required,"",import,[],"",shared_kernel,timeout,graceful_degradation,"","","",one_to_many,0,0,active,,0
444009,381833,381831,import_depends,downstream,required,"",import,[],"",shared_kernel,timeout,graceful_degradation,"","","",one_to_many,0,0,active,,0
444010,381833,381830,import_depends,downstream,required,"",import,[],"",shared_kernel,timeout,graceful_degradation,"","","",one_to_many,0,0,active,,0
444011,381833,381835,import_depends,downstream,required,"",import,[],"",shared_kernel,timeout,graceful_degradation,"","","",one_to_many,0,0,active,,0
444012,381833,381837,import_depends,downstream,required,"",import,[],"",shared_kernel,timeout,graceful_degradation,"","","",one_to_many,0,0,active,,0
444013,381836,381803,import_depends,downstream,required,"",import,[],"",shared_kernel,timeout,graceful_degradation,"","","",one_to_many,0,0,active,,0
444014,381836,381815,import_depends,downstream,required,"",import,[],"",shared_kernel,timeout,graceful_degradation,"","","",one_to_many,0,0,active,,0
444015,381836,381817,import_depends,downstream,required,"",import,[],"",shared_kernel,timeout,graceful_degradation,"","","",one_to_many,0,0,active,,0
444016,381836,381823,import_depends,downstream,required,"",import,[],"",shared_kernel,timeout,graceful_degradation,"","","",one_to_many,0,0,active,,0
444017,381836,381825,import_depends,downstream,required,"",import,[],"",shared_kernel,timeout,graceful_degradation,"","","",one_to_many,0,0,active,,0
444018,381837,381780,import_depends,downstream,required,"",import,[],"",shared_kernel,timeout,graceful_degradation,"","","",one_to_many,0,0,active,,0
444019,381838,381801,import_depends,downstream,required,"",import,[],"",shared_kernel,timeout,graceful_degradation,"","","",one_to_many,0,0,active,,0
444020,381838,381806,import_depends,downstream,required,"",import,[],"",shared_kernel,timeout,graceful_degradation,"","","",one_to_many,0,0,active,,0
444021,381838,381804,import_depends,downstream,required,"",import,[],"",shared_kernel,timeout,graceful_degradation,"","","",one_to_many,0,0,active,,0
444022,381838,381805,import_depends,downstream,required,"",import,[],"",shared_kernel,timeout,graceful_degradation,"","","",one_to_many,0,0,active,,0
444023,381838,381812,import_depends,downstream,required,"",import,[],"",shared_kernel,timeout,graceful_degradation,"","","",one_to_many,0,0,active,,0
444024,381838,381819,import_depends,downstream,required,"",import,[],"",shared_kernel,timeout,graceful_degradation,"","","",one_to_many,0,0,active,,0
444025,381838,381834,import_depends,downstream,required,"",import,[],"",shared_kernel,timeout,graceful_degradation,"","","",one_to_many,0,0,active,,0
444026,381839,381791,import_depends,downstream,required,"",import,[],"",shared_kernel,timeout,graceful_degradation,"","","",one_to_many,0,0,active,,0
444027,381839,381788,import_depends,downstream,required,"",import,[],"",shared_kernel,timeout,graceful_degradation,"","","",one_to_many,0,0,active,,0
444028,381839,381790,import_depends,downstream,required,"",import,[],"",shared_kernel,timeout,graceful_degradation,"","","",one_to_many,0,0,active,,0
444029,381839,381794,import_depends,downstream,required,"",import,[],"",shared_kernel,timeout,graceful_degradation,"","","",one_to_many,0,0,active,,0
444030,381839,381796,import_depends,downstream,required,"",import,[],"",shared_kernel,timeout,graceful_degradation,"","","",one_to_many,0,0,active,,0
444031,381839,381818,import_depends,downstream,required,"",import,[],"",shared_kernel,timeout,graceful_degradation,"","","",one_to_many,0,0,active,,0
444032,381839,381813,import_depends,downstream,required,"",import,[],"",shared_kernel,timeout,graceful_degradation,"","","",one_to_many,0,0,active,,0
444033,381841,381784,import_depends,downstream,required,"",import,[],"",shared_kernel,timeout,graceful_degradation,"","","",one_to_many,0,0,active,,0
444034,381841,381798,import_depends,downstream,required,"",import,[],"",shared_kernel,timeout,graceful_degradation,"","","",one_to_many,0,0,active,,0
444035,381841,381800,import_depends,downstream,required,"",import,[],"",shared_kernel,timeout,graceful_degradation,"","","",one_to_many,0,0,active,,0
444036,381841,381802,import_depends,downstream,required,"",import,[],"",shared_kernel,timeout,graceful_degradation,"","","",one_to_many,0,0,active,,0
444037,381841,381811,import_depends,downstream,required,"",import,[],"",shared_kernel,timeout,graceful_degradation,"","","",one_to_many,0,0,active,,0
444038,381841,381807,import_depends,downstream,required,"",import,[],"",shared_kernel,timeout,graceful_degradation,"","","",one_to_many,0,0,active,,0
444039,381841,381820,import_depends,downstream,required,"",import,[],"",shared_kernel,timeout,graceful_degradation,"","","",one_to_many,0,0,active,,0
444040,381841,381821,import_depends,downstream,required,"",import,[],"",shared_kernel,timeout,graceful_degradation,"","","",one_to_many,0,0,active,,0
444041,381841,381827,import_depends,downstream,required,"",import,[],"",shared_kernel,timeout,graceful_degradation,"","","",one_to_many,0,0,active,,0
444042,381841,381832,import_depends,downstream,required,"",import,[],"",shared_kernel,timeout,graceful_degradation,"","","",one_to_many,0,0,active,,0
444043,381842,381836,import_depends,downstream,required,"",import,[],"","",timeout,graceful_degradation,"","","",one_to_many,0,0,active,,0
444044,381842,381833,import_depends,downstream,required,"",import,[],"","",timeout,graceful_degradation,"","","",one_to_many,0,0,active,,0
444045,381842,381838,import_depends,downstream,required,"",import,[],"","",timeout,graceful_degradation,"","","",one_to_many,0,0,active,,0
444046,381842,381839,import_depends,downstream,required,"",import,[],"","",timeout,graceful_degradation,"","","",one_to_many,0,0,active,,0
444047,381842,381841,import_depends,downstream,required,"",import,[],"","",timeout,graceful_degradation,"","","",one_to_many,0,0,active,,0
444048,381843,381845,import_depends,downstream,required,"",import,[],"","",timeout,graceful_degradation,"","","",one_to_many,0,0,active,,0
444049,381843,382595,import_depends,downstream,critical,"",import,[],"","",service_down,circuit_break,"","","",one_to_many,1,0,active,,0
444050,381843,380872,import_depends,downstream,critical,"",import,[],"","",service_down,circuit_break,"","","",one_to_many,1,0,active,,0
444051,381844,382595,import_depends,downstream,critical,"",import,[],"","",service_down,circuit_break,"","","",one_to_many,1,0,active,,0
444052,381846,381845,import_depends,downstream,required,"",import,[],"","",timeout,graceful_degradation,"","","",one_to_many,0,0,active,,0
444053,381846,382595,import_depends,downstream,critical,"",import,[],"","",service_down,circuit_break,"","","",one_to_many,1,0,active,,0
444054,381847,382595,import_depends,downstream,critical,"",import,[],"","",service_down,circuit_break,"","","",one_to_many,1,0,active,,0
444055,381847,381845,import_depends,downstream,required,"",import,[],"","",timeout,graceful_degradation,"","","",one_to_many,0,0,active,,0
444056,381848,382595,import_depends,downstream,critical,"",import,[],"","",service_down,circuit_break,"","","",one_to_many,1,0,active,,0
444057,381848,381845,import_depends,downstream,required,"",import,[],"","",timeout,graceful_degradation,"","","",one_to_many,0,0,active,,0
444058,381848,381174,import_depends,downstream,critical,"",import,[],"",anti_corruption_layer,service_down,circuit_break,"","","",one_to_many,1,0,active,,0
444059,381852,381845,import_depends,downstream,required,"",import,[],"","",timeout,graceful_degradation,"","","",one_to_many,0,0,active,,0
444060,381853,382595,import_depends,downstream,critical,"",import,[],"","",service_down,circuit_break,"","","",one_to_many,1,0,active,,0
444061,381853,381845,import_depends,downstream,required,"",import,[],"","",timeout,graceful_degradation,"","","",one_to_many,0,0,active,,0
444062,381854,381881,import_depends,downstream,required,"",import,[],"","",timeout,graceful_degradation,"","","",one_to_many,0,0,active,,0
444063,381854,382595,import_depends,downstream,critical,"",import,[],"","",service_down,circuit_break,"","","",one_to_many,1,0,active,,0
444064,381855,381845,import_depends,downstream,required,"",import,[],"","",timeout,graceful_degradation,"","","",one_to_many,0,0,active,,0
444065,381855,382595,import_depends,downstream,critical,"",import,[],"","",service_down,circuit_break,"","","",one_to_many,1,0,active,,0
444066,381856,382648,import_depends,downstream,critical,"",import,[],"","",service_down,circuit_break,always,"",low,one_to_many,1,0,active,,0
444067,381856,381991,import_depends,downstream,critical,"",import,[],"","",service_down,circuit_break,"","","",one_to_many,1,0,active,,0
444068,381857,381881,import_depends,downstream,required,"",import,[],"","",timeout,graceful_degradation,"","","",one_to_many,0,0,active,,0
444069,381857,382595,import_depends,downstream,critical,"",import,[],"","",service_down,circuit_break,"","","",one_to_many,1,0,active,,0
444070,381858,382595,import_depends,downstream,critical,"",import,[],"","",service_down,circuit_break,"","","",one_to_many,1,0,active,,0
444071,381858,381847,import_depends,downstream,required,"",import,[],"","",timeout,graceful_degradation,"","","",one_to_many,0,0,active,,0
444072,381858,381843,import_depends,downstream,required,"",import,[],"","",timeout,graceful_degradation,"","","",one_to_many,0,0,active,,0
444073,381858,381846,import_depends,downstream,required,"",import,[],"","",timeout,graceful_degradation,"","","",one_to_many,0,0,active,,0
444074,381858,381853,import_depends,downstream,required,"",import,[],"","",timeout,graceful_degradation,"","","",one_to_many,0,0,active,,0
444075,381858,381855,import_depends,downstream,required,"",import,[],"","",timeout,graceful_degradation,"","","",one_to_many,0,0,active,,0
444076,381858,381856,import_depends,downstream,required,"",import,[],"","",timeout,graceful_degradation,"","","",one_to_many,0,0,active,,0
444077,381858,381845,import_depends,downstream,required,"",import,[],"","",timeout,graceful_degradation,"","","",one_to_many,0,0,active,,0
444078,381858,381850,import_depends,downstream,required,"",import,[],"","",timeout,graceful_degradation,"","","",one_to_many,0,0,active,,0
444079,381858,381852,import_depends,downstream,required,"",import,[],"","",timeout,graceful_degradation,"","","",one_to_many,0,0,active,,0
444080,381859,381870,import_depends,downstream,required,"",import,[],"","",timeout,graceful_degradation,"","","",one_to_many,0,0,active,,0
444081,381859,381876,import_depends,downstream,required,"",import,[],"","",timeout,graceful_degradation,"","","",one_to_many,0,0,active,,0
444082,381859,381881,import_depends,downstream,required,"",import,[],"","",timeout,graceful_degradation,"","","",one_to_many,0,0,active,,0
444083,381861,381881,import_depends,downstream,required,"",import,[],"","",timeout,graceful_degradation,"","","",one_to_many,0,0,active,,0
444084,381861,382595,import_depends,downstream,critical,"",import,[],"","",service_down,circuit_break,"","","",one_to_many,1,0,active,,0
444085,381862,381881,import_depends,downstream,required,"",import,[],"","",timeout,graceful_degradation,"","","",one_to_many,0,0,active,,0
444086,381862,382595,import_depends,downstream,critical,"",import,[],"","",service_down,circuit_break,"","","",one_to_many,1,0,active,,0
444087,381863,381859,import_depends,downstream,required,"",import,[],"","",timeout,graceful_degradation,"","","",one_to_many,0,0,active,,0
444088,381863,381862,import_depends,downstream,required,"",import,[],"","",timeout,graceful_degradation,"","","",one_to_many,0,0,active,,0
444089,381863,381864,import_depends,downstream,required,"",import,[],"","",timeout,graceful_degradation,"","","",one_to_many,0,0,active,,0
444090,381863,381870,import_depends,downstream,required,"",import,[],"","",timeout,graceful_degradation,"","","",one_to_many,0,0,active,,0
444091,381863,381865,import_depends,downstream,required,"",import,[],"","",timeout,graceful_degradation,"","","",one_to_many,0,0,active,,0
444092,381863,381871,import_depends,downstream,required,"",import,[],"","",timeout,graceful_degradation,"","","",one_to_many,0,0,active,,0
444093,381863,381876,import_depends,downstream,required,"",import,[],"","",timeout,graceful_degradation,"","","",one_to_many,0,0,active,,0
444094,381863,381877,import_depends,downstream,required,"",import,[],"","",timeout,graceful_degradation,"","","",one_to_many,0,0,active,,0
444095,381863,381872,import_depends,downstream,required,"",import,[],"","",timeout,graceful_degradation,"","","",one_to_many,0,0,active,,0
444096,381863,381881,import_depends,downstream,required,"",import,[],"","",timeout,graceful_degradation,"","","",one_to_many,0,0,active,,0
444097,381863,381884,import_depends,downstream,required,"",import,[],"","",timeout,graceful_degradation,"","","",one_to_many,0,0,active,,0
444098,381863,380826,import_depends,downstream,critical,"",import,[],"","",service_down,circuit_break,"","","",one_to_many,1,0,active,,0
444099,381864,381881,import_depends,downstream,required,"",import,[],"","",timeout,graceful_degradation,"","","",one_to_many,0,0,active,,0
444100,381864,381676,import_depends,downstream,critical,"",import,[],"","",service_down,circuit_break,"","","",one_to_many,1,0,active,,0
444101,381865,381881,import_depends,downstream,required,"",import,[],"","",timeout,graceful_degradation,"","","",one_to_many,0,0,active,,0
444102,381865,382595,import_depends,downstream,critical,"",import,[],"","",service_down,circuit_break,"","","",one_to_many,1,0,active,,0
444103,381866,381881,import_depends,downstream,required,"",import,[],"","",timeout,graceful_degradation,"","","",one_to_many,0,0,active,,0
444104,381866,382595,import_depends,downstream,critical,"",import,[],"","",service_down,circuit_break,"","","",one_to_many,1,0,active,,0
444105,381867,381881,import_depends,downstream,required,"",import,[],"","",timeout,graceful_degradation,"","","",one_to_many,0,0,active,,0
444106,381867,381863,import_depends,downstream,required,"",import,[],"","",timeout,graceful_degradation,"","","",one_to_many,0,0,active,,0
444107,381868,381881,import_depends,downstream,required,"",import,[],"","",timeout,graceful_degradation,"","","",one_to_many,0,0,active,,0
444108,381868,382595,import_depends,downstream,critical,"",import,[],"","",service_down,circuit_break,"","","",one_to_many,1,0,active,,0
444109,381869,381881,import_depends,downstream,required,"",import,[],"","",timeout,graceful_degradation,"","","",one_to_many,0,0,active,,0
444110,381869,382595,import_depends,downstream,critical,"",import,[],"","",service_down,circuit_break,"","","",one_to_many,1,0,active,,0
444111,381870,381881,import_depends,downstream,required,"",import,[],"","",timeout,graceful_degradation,"","","",one_to_many,0,0,active,,0
444112,381870,382595,import_depends,downstream,critical,"",import,[],"","",service_down,circuit_break,"","","",one_to_many,1,0,active,,0
444113,381871,381881,import_depends,downstream,required,"",import,[],"","",timeout,graceful_degradation,"","","",one_to_many,0,0,active,,0
444114,381871,382595,import_depends,downstream,critical,"",import,[],"","",service_down,circuit_break,"","","",one_to_many,1,0,active,,0
444115,381872,381881,import_depends,downstream,required,"",import,[],"","",timeout,graceful_degradation,"","","",one_to_many,0,0,active,,0
444116,381872,382585,import_depends,downstream,critical,"",import,[],"","",service_down,circuit_break,"","","",one_to_many,1,0,active,,0
444117,381873,382595,import_depends,downstream,critical,"",import,[],"","",service_down,circuit_break,"","","",one_to_many,1,0,active,,0
444118,381874,381881,import_depends,downstream,required,"",import,[],"","",timeout,graceful_degradation,"","","",one_to_many,0,0,active,,0
444119,381875,381881,import_depends,downstream,required,"",import,[],"","",timeout,graceful_degradation,"","","",one_to_many,0,0,active,,0
444120,381875,382595,import_depends,downstream,critical,"",import,[],"","",service_down,circuit_break,"","","",one_to_many,1,0,active,,0
444121,381876,381881,import_depends,downstream,required,"",import,[],"","",timeout,graceful_degradation,"","","",one_to_many,0,0,active,,0
444122,381876,382595,import_depends,downstream,critical,"",import,[],"","",service_down,circuit_break,"","","",one_to_many,1,0,active,,0
444123,381877,381881,import_depends,downstream,required,"",import,[],"","",timeout,graceful_degradation,"","","",one_to_many,0,0,active,,0
444124,381878,381881,import_depends,downstream,required,"",import,[],"","",timeout,graceful_degradation,"","","",one_to_many,0,0,active,,0
444125,381879,381872,import_depends,downstream,required,"",import,[],"","",timeout,graceful_degradation,"","","",one_to_many,0,0,active,,0
444126,381879,381881,import_depends,downstream,required,"",import,[],"","",timeout,graceful_degradation,"","","",one_to_many,0,0,active,,0
444127,381879,382476,import_depends,downstream,critical,"",import,[],"",anti_corruption_layer,service_down,circuit_break,"","","",one_to_many,1,0,active,,0
444128,381880,381881,import_depends,downstream,required,"",import,[],"","",timeout,graceful_degradation,"","","",one_to_many,0,0,active,,0
444129,381883,381881,import_depends,downstream,required,"",import,[],"","",timeout,graceful_degradation,"","","",one_to_many,0,0,active,,0
444130,381883,382595,import_depends,downstream,critical,"",import,[],"","",service_down,circuit_break,"","","",one_to_many,1,0,active,,0
444131,381884,381881,import_depends,downstream,required,"",import,[],"","",timeout,graceful_degradation,"","","",one_to_many,0,0,active,,0
444132,381884,382595,import_depends,downstream,critical,"",import,[],"","",service_down,circuit_break,"","","",one_to_many,1,0,active,,0
444133,381885,381854,import_depends,downstream,required,"",import,[],"",shared_kernel,timeout,graceful_degradation,"","","",one_to_many,0,0,active,,0
444134,381885,381857,import_depends,downstream,required,"",import,[],"",shared_kernel,timeout,graceful_degradation,"","","",one_to_many,0,0,active,,0
444135,381885,381859,import_depends,downstream,required,"",import,[],"","",timeout,graceful_degradation,"","","",one_to_many,0,0,active,,0
444136,381885,381862,import_depends,downstream,required,"",import,[],"","",timeout,graceful_degradation,"","","",one_to_many,0,0,active,,0
444137,381885,381866,import_depends,downstream,required,"",import,[],"",shared_kernel,timeout,graceful_degradation,"","","",one_to_many,0,0,active,,0
444138,381885,381868,import_depends,downstream,required,"",import,[],"",shared_kernel,timeout,graceful_degradation,"","","",one_to_many,0,0,active,,0
444139,381885,381861,import_depends,downstream,required,"",import,[],"",shared_kernel,timeout,graceful_degradation,"","","",one_to_many,0,0,active,,0
444140,381885,381869,import_depends,downstream,required,"",import,[],"",shared_kernel,timeout,graceful_degradation,"","","",one_to_many,0,0,active,,0
444141,381885,381864,import_depends,downstream,required,"",import,[],"","",timeout,graceful_degradation,"","","",one_to_many,0,0,active,,0
444142,381885,381867,import_depends,downstream,required,"",import,[],"",shared_kernel,timeout,graceful_degradation,"","","",one_to_many,0,0,active,,0
444143,381885,381874,import_depends,downstream,required,"",import,[],"","",timeout,graceful_degradation,"","","",one_to_many,0,0,active,,0
444144,381885,381865,import_depends,downstream,required,"",import,[],"","",timeout,graceful_degradation,"","","",one_to_many,0,0,active,,0
444145,381885,381871,import_depends,downstream,required,"",import,[],"","",timeout,graceful_degradation,"","","",one_to_many,0,0,active,,0
444146,381885,381878,import_depends,downstream,required,"",import,[],"",shared_kernel,timeout,graceful_degradation,"","","",one_to_many,0,0,active,,0
444147,381885,381875,import_depends,downstream,required,"",import,[],"",shared_kernel,timeout,graceful_degradation,"","","",one_to_many,0,0,active,,0
444148,381885,381873,import_depends,downstream,required,"",import,[],"",shared_kernel,timeout,graceful_degradation,"","","",one_to_many,0,0,active,,0
444149,381885,381879,import_depends,downstream,required,"",import,[],"",shared_kernel,timeout,graceful_degradation,"","","",one_to_many,0,0,active,,0
444150,381885,381881,import_depends,downstream,required,"",import,[],"","",timeout,graceful_degradation,"","","",one_to_many,0,0,active,,0
444151,381885,381883,import_depends,downstream,required,"",import,[],"",shared_kernel,timeout,graceful_degradation,"","","",one_to_many,0,0,active,,0
444152,381885,381880,import_depends,downstream,required,"",import,[],"",shared_kernel,timeout,graceful_degradation,"","","",one_to_many,0,0,active,,0
444153,381885,381884,import_depends,downstream,required,"",import,[],"","",timeout,graceful_degradation,"","","",one_to_many,0,0,active,,0
444154,381885,381863,import_depends,downstream,required,"",import,[],"","",timeout,graceful_degradation,"","","",one_to_many,0,0,active,,0
444155,381886,381863,import_depends,downstream,required,"",import,[],"","",timeout,graceful_degradation,"","","",one_to_many,0,0,active,,0
444156,381889,381881,import_depends,downstream,required,"",import,[],"","",timeout,graceful_degradation,"","","",one_to_many,0,0,active,,0
444157,381889,382595,import_depends,downstream,critical,"",import,[],"","",service_down,circuit_break,"","","",one_to_many,1,0,active,,0
444158,381901,381903,import_depends,downstream,required,"",import,[],"","",timeout,graceful_degradation,"","","",one_to_many,0,0,active,,0
444159,381901,381897,import_depends,downstream,required,"",import,[],"","",timeout,graceful_degradation,"","","",one_to_many,0,0,active,,0
444160,381901,381898,import_depends,downstream,required,"",import,[],"","",timeout,graceful_degradation,"","","",one_to_many,0,0,active,,0
444161,381902,381901,import_depends,downstream,required,"",import,[],"","",timeout,graceful_degradation,"","","",one_to_many,0,0,active,,0
444162,381910,381909,import_depends,downstream,required,"",import,[],"","",timeout,graceful_degradation,"","","",one_to_many,0,0,active,,0
444163,381916,381926,import_depends,downstream,required,"",import,[],"","",timeout,graceful_degradation,"","","",one_to_many,0,0,active,,0
444164,381916,381925,import_depends,downstream,required,"",import,[],"","",timeout,graceful_degradation,"","","",one_to_many,0,0,active,,0
444165,381917,381919,import_depends,downstream,required,"",import,[],"","",timeout,graceful_degradation,"","","",one_to_many,0,0,active,,0
444166,381918,381925,import_depends,downstream,required,"",import,[],"","",timeout,graceful_degradation,"","","",one_to_many,0,0,active,,0
444167,381919,382511,import_depends,downstream,critical,"",import,[],"",anti_corruption_layer,service_down,circuit_break,"","","",one_to_many,1,0,active,,0
444168,381920,382652,import_depends,downstream,critical,"",import,[],"","",service_down,circuit_break,"","","",one_to_many,1,0,active,,0
444169,381920,382648,import_depends,downstream,critical,"",import,[],"","",service_down,circuit_break,always,"",low,one_to_many,1,0,active,,0
444170,381921,381925,import_depends,downstream,required,"",import,[],"","",timeout,graceful_degradation,"","","",one_to_many,0,0,active,,0
444171,381922,381925,import_depends,downstream,required,"",import,[],"","",timeout,graceful_degradation,"","","",one_to_many,0,0,active,,0
444172,381922,382640,import_depends,downstream,critical,"",import,[],"",anti_corruption_layer,service_down,circuit_break,"","","",one_to_many,1,0,active,,0
444173,381924,381925,import_depends,downstream,required,"",import,[],"","",timeout,graceful_degradation,"","","",one_to_many,0,0,active,,0
444174,381925,382640,import_depends,downstream,critical,"",import,[],"",anti_corruption_layer,service_down,circuit_break,"","","",one_to_many,1,0,active,,0
444175,381928,381925,import_depends,downstream,required,"",import,[],"","",timeout,graceful_degradation,"","","",one_to_many,0,0,active,,0
444176,381928,381518,import_depends,downstream,critical,"",import,[],"","",service_down,circuit_break,"","","",one_to_many,1,0,active,,0
444177,381929,381922,import_depends,downstream,required,"",import,[],"","",timeout,graceful_degradation,"","","",one_to_many,0,0,active,,0
444178,381929,381925,import_depends,downstream,required,"",import,[],"","",timeout,graceful_degradation,"","","",one_to_many,0,0,active,,0
444179,381930,381917,import_depends,downstream,required,"",import,[],"","",timeout,graceful_degradation,"","","",one_to_many,0,0,active,,0
444180,381930,381918,import_depends,downstream,required,"",import,[],"","",timeout,graceful_degradation,"","","",one_to_many,0,0,active,,0
444181,381930,381916,import_depends,downstream,required,"",import,[],"","",timeout,graceful_degradation,"","","",one_to_many,0,0,active,,0
444182,381930,381922,import_depends,downstream,required,"",import,[],"","",timeout,graceful_degradation,"","","",one_to_many,0,0,active,,0
444183,381930,381921,import_depends,downstream,required,"",import,[],"","",timeout,graceful_degradation,"","","",one_to_many,0,0,active,,0
444184,381930,381926,import_depends,downstream,required,"",import,[],"","",timeout,graceful_degradation,"","","",one_to_many,0,0,active,,0
444185,381930,381925,import_depends,downstream,required,"",import,[],"","",timeout,graceful_degradation,"","","",one_to_many,0,0,active,,0
444186,381930,381924,import_depends,downstream,required,"",import,[],"","",timeout,graceful_degradation,"","","",one_to_many,0,0,active,,0
444187,381930,381927,import_depends,downstream,required,"",import,[],"","",timeout,graceful_degradation,"","","",one_to_many,0,0,active,,0
444188,381930,381923,import_depends,downstream,required,"",import,[],"","",timeout,graceful_degradation,"","","",one_to_many,0,0,active,,0
444189,381930,381928,import_depends,downstream,required,"",import,[],"","",timeout,graceful_degradation,"","","",one_to_many,0,0,active,,0
444190,381930,381929,import_depends,downstream,required,"",import,[],"","",timeout,graceful_degradation,"","","",one_to_many,0,0,active,,0
444191,381930,381920,import_depends,downstream,required,"",import,[],"",shared_kernel,timeout,graceful_degradation,"","","",one_to_many,0,0,active,,0
444192,381932,380939,import_depends,downstream,critical,"",import,[],"",anti_corruption_layer,service_down,circuit_break,"","","",one_to_many,1,0,active,,0
444193,381942,381029,import_depends,downstream,critical,"",import,[],"",anti_corruption_layer,service_down,circuit_break,"","","",one_to_many,1,0,active,,0
444194,381943,381338,import_depends,downstream,critical,"",import,[],"","",service_down,circuit_break,"","","",one_to_many,1,0,active,,0
444195,381949,382585,import_depends,downstream,critical,"",import,[],"","",service_down,circuit_break,"","","",one_to_many,1,0,active,,0
444196,381953,381174,import_depends,downstream,critical,"",import,[],"",anti_corruption_layer,service_down,circuit_break,"","","",one_to_many,1,0,active,,0
444197,381957,381931,import_depends,downstream,required,"",import,[],"","",timeout,graceful_degradation,"","","",one_to_many,0,0,active,,0
444198,381957,381497,import_depends,downstream,critical,"",import,[],"","",service_down,circuit_break,"","","",one_to_many,1,0,active,,0
444199,381957,381970,import_depends,downstream,required,"",import,[],"","",timeout,graceful_degradation,"","","",one_to_many,0,0,active,,0
444200,381957,381969,import_depends,downstream,required,"",import,[],"","",timeout,graceful_degradation,"","","",one_to_many,0,0,active,,0
444201,381957,381965,import_depends,downstream,required,"",import,[],"","",timeout,graceful_degradation,"","","",one_to_many,0,0,active,,0
444202,381957,381960,import_depends,downstream,required,"",import,[],"","",timeout,graceful_degradation,"","","",one_to_many,0,0,active,,0
444203,381960,381965,import_depends,downstream,required,"",import,[],"","",timeout,graceful_degradation,"","","",one_to_many,0,0,active,,0
444204,381960,381976,import_depends,downstream,required,"",import,[],"","",timeout,graceful_degradation,"","","",one_to_many,0,0,active,,0
444205,381960,382652,import_depends,downstream,critical,"",import,[],"","",service_down,circuit_break,"","","",one_to_many,1,0,active,,0
444206,381960,381174,import_depends,downstream,critical,"",import,[],"",anti_corruption_layer,service_down,circuit_break,"","","",one_to_many,1,0,active,,0
444207,381960,381937,import_depends,downstream,required,"",import,[],"","",timeout,graceful_degradation,"","","",one_to_many,0,0,active,,0
444208,381961,381970,import_depends,downstream,required,"",import,[],"","",timeout,graceful_degradation,"","","",one_to_many,0,0,active,,0
444209,381961,381958,import_depends,downstream,required,"",import,[],"","",timeout,graceful_degradation,"","","",one_to_many,0,0,active,,0
444210,381962,380992,import_depends,downstream,critical,"",import,[],"",anti_corruption_layer,service_down,circuit_break,"","","",one_to_many,1,0,active,,0
444211,381966,381937,import_depends,downstream,required,"",import,[],"","",timeout,graceful_degradation,"","","",one_to_many,0,0,active,,0
444212,381966,382648,import_depends,downstream,critical,"",import,[],"","",service_down,circuit_break,always,"",low,one_to_many,1,0,active,,0
444213,381976,382664,import_depends,downstream,critical,"",import,[],"",anti_corruption_layer,service_down,circuit_break,"","","",one_to_many,1,0,active,,0
444214,381976,382595,import_depends,downstream,critical,"",import,[],"","",service_down,circuit_break,"","","",one_to_many,1,0,active,,0
444215,381976,381521,import_depends,downstream,critical,"",import,[],"","",service_down,circuit_break,"","","",one_to_many,1,0,active,,0
444216,381981,381933,import_depends,downstream,required,"",import,[],"",shared_kernel,timeout,graceful_degradation,"","","",one_to_many,0,0,active,,0
444217,381981,381932,import_depends,downstream,required,"",import,[],"",shared_kernel,timeout,graceful_degradation,"","","",one_to_many,0,0,active,,0
444218,381981,381936,import_depends,downstream,required,"",import,[],"",shared_kernel,timeout,graceful_degradation,"","","",one_to_many,0,0,active,,0
444219,381981,381935,import_depends,downstream,required,"",import,[],"",shared_kernel,timeout,graceful_degradation,"","","",one_to_many,0,0,active,,0
444220,381981,381934,import_depends,downstream,required,"",import,[],"",shared_kernel,timeout,graceful_degradation,"","","",one_to_many,0,0,active,,0
444221,381981,381939,import_depends,downstream,required,"",import,[],"",shared_kernel,timeout,graceful_degradation,"","","",one_to_many,0,0,active,,0
444222,381981,381941,import_depends,downstream,required,"",import,[],"",shared_kernel,timeout,graceful_degradation,"","","",one_to_many,0,0,active,,0
444223,381981,381943,import_depends,downstream,required,"",import,[],"","",timeout,graceful_degradation,"","","",one_to_many,0,0,active,,0
444224,381981,381940,import_depends,downstream,required,"",import,[],"",shared_kernel,timeout,graceful_degradation,"","","",one_to_many,0,0,active,,0
444225,381981,381944,import_depends,downstream,required,"",import,[],"",shared_kernel,timeout,graceful_degradation,"","","",one_to_many,0,0,active,,0
444226,381981,381949,import_depends,downstream,required,"",import,[],"",shared_kernel,timeout,graceful_degradation,"","","",one_to_many,0,0,active,,0
444227,381981,381946,import_depends,downstream,required,"",import,[],"",shared_kernel,timeout,graceful_degradation,"","","",one_to_many,0,0,active,,0
444228,381981,381951,import_depends,downstream,required,"",import,[],"",shared_kernel,timeout,graceful_degradation,"","","",one_to_many,0,0,active,,0
444229,381981,381950,import_depends,downstream,required,"",import,[],"",shared_kernel,timeout,graceful_degradation,"","","",one_to_many,0,0,active,,0
444230,381981,381957,import_depends,downstream,required,"",import,[],"","",timeout,graceful_degradation,"","","",one_to_many,0,0,active,,0
444231,381981,381954,import_depends,downstream,required,"",import,[],"",shared_kernel,timeout,graceful_degradation,"","","",one_to_many,0,0,active,,0
444232,381981,381956,import_depends,downstream,required,"",import,[],"",shared_kernel,timeout,graceful_degradation,"","","",one_to_many,0,0,active,,0
444233,381981,381959,import_depends,downstream,required,"",import,[],"",shared_kernel,timeout,graceful_degradation,"","","",one_to_many,0,0,active,,0
444234,381981,381955,import_depends,downstream,required,"",import,[],"",shared_kernel,timeout,graceful_degradation,"","","",one_to_many,0,0,active,,0
444235,381981,381958,import_depends,downstream,required,"",import,[],"",shared_kernel,timeout,graceful_degradation,"","","",one_to_many,0,0,active,,0
444236,381981,381966,import_depends,downstream,required,"",import,[],"",shared_kernel,timeout,graceful_degradation,"","","",one_to_many,0,0,active,,0
444237,381981,381973,import_depends,downstream,required,"",import,[],"",shared_kernel,timeout,graceful_degradation,"","","",one_to_many,0,0,active,,0
444238,381981,381964,import_depends,downstream,required,"",import,[],"",shared_kernel,timeout,graceful_degradation,"","","",one_to_many,0,0,active,,0
444239,381981,381963,import_depends,downstream,required,"",import,[],"",shared_kernel,timeout,graceful_degradation,"","","",one_to_many,0,0,active,,0
444240,381981,381974,import_depends,downstream,required,"",import,[],"",shared_kernel,timeout,graceful_degradation,"","","",one_to_many,0,0,active,,0
444241,381981,381972,import_depends,downstream,required,"",import,[],"",shared_kernel,timeout,graceful_degradation,"","","",one_to_many,0,0,active,,0
444242,381981,381967,import_depends,downstream,required,"",import,[],"",shared_kernel,timeout,graceful_degradation,"","","",one_to_many,0,0,active,,0
444243,381981,381971,import_depends,downstream,required,"",import,[],"",shared_kernel,timeout,graceful_degradation,"","","",one_to_many,0,0,active,,0
444244,381981,381980,import_depends,downstream,required,"",import,[],"",shared_kernel,timeout,graceful_degradation,"","","",one_to_many,0,0,active,,0
444245,381981,381968,import_depends,downstream,required,"",import,[],"",shared_kernel,timeout,graceful_degradation,"","","",one_to_many,0,0,active,,0
444246,381981,381979,import_depends,downstream,required,"",import,[],"",shared_kernel,timeout,graceful_degradation,"","","",one_to_many,0,0,active,,0
444247,381981,381977,import_depends,downstream,required,"",import,[],"",shared_kernel,timeout,graceful_degradation,"","","",one_to_many,0,0,active,,0
444248,381981,381978,import_depends,downstream,required,"",import,[],"",shared_kernel,timeout,graceful_degradation,"","","",one_to_many,0,0,active,,0
444249,381981,381975,import_depends,downstream,required,"",import,[],"",shared_kernel,timeout,graceful_degradation,"","","",one_to_many,0,0,active,,0
444250,381981,381983,import_depends,downstream,required,"",import,[],"",shared_kernel,timeout,graceful_degradation,"","","",one_to_many,0,0,active,,0
444251,381981,381982,import_depends,downstream,required,"",import,[],"",shared_kernel,timeout,graceful_degradation,"","","",one_to_many,0,0,active,,0
444252,381981,381931,import_depends,downstream,required,"",import,[],"","",timeout,graceful_degradation,"","","",one_to_many,0,0,active,,0
444253,381981,381948,import_depends,downstream,required,"",import,[],"","",timeout,graceful_degradation,"","","",one_to_many,0,0,active,,0
444254,381981,381960,import_depends,downstream,required,"",import,[],"","",timeout,graceful_degradation,"","","",one_to_many,0,0,active,,0
444255,381981,381969,import_depends,downstream,required,"",import,[],"","",timeout,graceful_degradation,"","","",one_to_many,0,0,active,,0
444256,381985,382074,import_depends,downstream,critical,"",import,[],"",anti_corruption_layer,service_down,circuit_break,"","","",one_to_many,1,0,active,,0
444257,381991,382004,import_depends,downstream,required,"",import,[],"","",timeout,graceful_degradation,"","","",one_to_many,0,0,active,,0
444258,381991,382006,import_depends,downstream,required,"",import,[],"","",timeout,graceful_degradation,"","","",one_to_many,0,0,active,,0
444259,381991,382013,import_depends,downstream,required,"",import,[],"","",timeout,graceful_degradation,"","","",one_to_many,0,0,active,,0
444260,381991,382015,import_depends,downstream,required,"",import,[],"","",timeout,graceful_degradation,"","","",one_to_many,0,0,active,,0
444261,381991,382595,import_depends,downstream,critical,"",import,[],"","",service_down,circuit_break,"","","",one_to_many,1,0,active,,0
444262,381991,381994,import_depends,downstream,required,"",import,[],"","",timeout,graceful_degradation,"","","",one_to_many,0,0,active,,0
444263,381991,382002,import_depends,downstream,required,"",import,[],"","",timeout,graceful_degradation,"","","",one_to_many,0,0,active,,0
444264,381991,382014,import_depends,downstream,required,"",import,[],"","",timeout,graceful_degradation,"","","",one_to_many,0,0,active,,0
444265,381991,382001,import_depends,downstream,required,"",import,[],"","",timeout,graceful_degradation,"","","",one_to_many,0,0,active,,0
444266,381991,382010,import_depends,downstream,required,"",import,[],"","",timeout,graceful_degradation,"","","",one_to_many,0,0,active,,0
444267,381991,382005,import_depends,downstream,required,"",import,[],"","",timeout,graceful_degradation,"","","",one_to_many,0,0,active,,0
444268,381992,381998,import_depends,downstream,required,"",import,[],"","",timeout,graceful_degradation,"","","",one_to_many,0,0,active,,0
444269,381992,381991,import_depends,downstream,required,"",import,[],"","",timeout,graceful_degradation,"","","",one_to_many,0,0,active,,0
444270,381992,382008,import_depends,downstream,required,"",import,[],"","",timeout,graceful_degradation,"","","",one_to_many,0,0,active,,0
444271,381992,381993,import_depends,downstream,required,"",import,[],"","",timeout,graceful_degradation,"","","",one_to_many,0,0,active,,0
444272,381993,381326,import_depends,downstream,critical,"",import,[],"","",service_down,circuit_break,"","","",one_to_many,1,0,active,,0
444273,381994,381995,import_depends,downstream,required,"",import,[],"","",timeout,graceful_degradation,"","","",one_to_many,0,0,active,,0
444274,381995,382595,import_depends,downstream,critical,"",import,[],"","",service_down,circuit_break,"","","",one_to_many,1,0,active,,0
444275,381997,382001,import_depends,downstream,required,"",import,[],"","",timeout,graceful_degradation,"","","",one_to_many,0,0,active,,0
444276,382001,382007,import_depends,downstream,required,"",import,[],"","",timeout,graceful_degradation,"","","",one_to_many,0,0,active,,0
444277,382003,381997,import_depends,downstream,required,"",import,[],"","",timeout,graceful_degradation,"","","",one_to_many,0,0,active,,0
444278,382003,382004,import_depends,downstream,required,"",import,[],"","",timeout,graceful_degradation,"","","",one_to_many,0,0,active,,0
444279,382003,382005,import_depends,downstream,required,"",import,[],"","",timeout,graceful_degradation,"","","",one_to_many,0,0,active,,0
444280,382003,381992,import_depends,downstream,required,"",import,[],"","",timeout,graceful_degradation,"","","",one_to_many,0,0,active,,0
444281,382003,381993,import_depends,downstream,required,"",import,[],"","",timeout,graceful_degradation,"","","",one_to_many,0,0,active,,0
444282,382003,381991,import_depends,downstream,required,"",import,[],"","",timeout,graceful_degradation,"","","",one_to_many,0,0,active,,0
444283,382003,382006,import_depends,downstream,required,"",import,[],"","",timeout,graceful_degradation,"","","",one_to_many,0,0,active,,0
444284,382003,381995,import_depends,downstream,required,"",import,[],"","",timeout,graceful_degradation,"","","",one_to_many,0,0,active,,0
444285,382003,382009,import_depends,downstream,required,"",import,[],"","",timeout,graceful_degradation,"","","",one_to_many,0,0,active,,0
444286,382003,382000,import_depends,downstream,required,"",import,[],"","",timeout,graceful_degradation,"","","",one_to_many,0,0,active,,0
444287,382003,382013,import_depends,downstream,required,"",import,[],"","",timeout,graceful_degradation,"","","",one_to_many,0,0,active,,0
444288,382003,382015,import_depends,downstream,required,"",import,[],"","",timeout,graceful_degradation,"","","",one_to_many,0,0,active,,0
444289,382003,382012,import_depends,downstream,required,"",import,[],"","",timeout,graceful_degradation,"","","",one_to_many,0,0,active,,0
444290,382003,382002,import_depends,downstream,required,"",import,[],"","",timeout,graceful_degradation,"","","",one_to_many,0,0,active,,0
444291,382004,382595,import_depends,downstream,critical,"",import,[],"","",service_down,circuit_break,"","","",one_to_many,1,0,active,,0
444292,382005,382010,import_depends,downstream,required,"",import,[],"","",timeout,graceful_degradation,"","","",one_to_many,0,0,active,,0
444293,382007,381999,import_depends,downstream,required,"",import,[],"","",timeout,graceful_degradation,"","","",one_to_many,0,0,active,,0
444294,382009,382007,import_depends,downstream,required,"",import,[],"","",timeout,graceful_degradation,"","","",one_to_many,0,0,active,,0
444295,382010,382595,import_depends,downstream,critical,"",import,[],"","",service_down,circuit_break,"","","",one_to_many,1,0,active,,0
444296,382011,382595,import_depends,downstream,critical,"",import,[],"","",service_down,circuit_break,"","","",one_to_many,1,0,active,,0
444297,382012,382014,import_depends,downstream,required,"",import,[],"","",timeout,graceful_degradation,"","","",one_to_many,0,0,active,,0
444298,382014,381999,import_depends,downstream,required,"",import,[],"","",timeout,graceful_degradation,"","","",one_to_many,0,0,active,,0
444299,382015,382595,import_depends,downstream,critical,"",import,[],"","",service_down,circuit_break,"","","",one_to_many,1,0,active,,0
444300,382016,381918,import_depends,downstream,critical,"",import,[],"","",service_down,circuit_break,"","","",one_to_many,1,0,active,,0
444301,382016,381916,import_depends,downstream,critical,"",import,[],"","",service_down,circuit_break,"","","",one_to_many,1,0,active,,0
444302,382016,381922,import_depends,downstream,critical,"",import,[],"","",service_down,circuit_break,"","","",one_to_many,1,0,active,,0
444303,382016,381921,import_depends,downstream,critical,"",import,[],"","",service_down,circuit_break,"","","",one_to_many,1,0,active,,0
444304,382016,381926,import_depends,downstream,critical,"",import,[],"","",service_down,circuit_break,"","","",one_to_many,1,0,active,,0
444305,382016,382595,import_depends,downstream,critical,"",import,[],"","",service_down,circuit_break,"","","",one_to_many,1,0,active,,0
444306,382016,382652,import_depends,downstream,critical,"",import,[],"","",service_down,circuit_break,"","","",one_to_many,1,0,active,,0
444307,382016,381925,import_depends,downstream,critical,"",import,[],"","",service_down,circuit_break,"","","",one_to_many,1,0,active,,0
444308,382016,381927,import_depends,downstream,critical,"",import,[],"","",service_down,circuit_break,"","","",one_to_many,1,0,active,,0
444309,382016,381928,import_depends,downstream,critical,"",import,[],"","",service_down,circuit_break,"","","",one_to_many,1,0,active,,0
444310,382016,381929,import_depends,downstream,critical,"",import,[],"","",service_down,circuit_break,"","","",one_to_many,1,0,active,,0
444311,382016,382040,import_depends,downstream,required,"",import,[],"",anti_corruption_layer,timeout,graceful_degradation,"","","",one_to_many,0,0,active,,0
444312,382016,382143,import_depends,downstream,critical,"",import,[],"",anti_corruption_layer,service_down,circuit_break,"","","",one_to_many,1,0,active,,0
444313,382016,380783,import_depends,downstream,critical,"",import,[],"","",service_down,circuit_break,"","","",one_to_many,1,0,active,,0
444314,382016,381174,import_depends,downstream,critical,"",import,[],"",anti_corruption_layer,service_down,circuit_break,"","","",one_to_many,1,0,active,,0
444315,382016,380896,import_depends,downstream,critical,"",import,[],"","",service_down,circuit_break,"","","",one_to_many,1,0,active,,0
444316,382016,382490,import_depends,downstream,critical,"",import,[],"",anti_corruption_layer,service_down,circuit_break,"","","",one_to_many,1,0,active,,0
444317,382016,382142,import_depends,downstream,critical,"",import,[],"",anti_corruption_layer,service_down,circuit_break,"","","",one_to_many,1,0,active,,0
444318,382016,382476,import_depends,downstream,critical,"",import,[],"",anti_corruption_layer,service_down,circuit_break,"","","",one_to_many,1,0,active,,0
444319,382016,382583,import_depends,downstream,critical,"",import,[],"","",service_down,circuit_break,"","","",one_to_many,1,0,active,,0
444320,382016,382391,import_depends,downstream,critical,"",import,[],"",anti_corruption_layer,service_down,circuit_break,"","","",one_to_many,1,0,active,,0
444321,382016,382555,import_depends,downstream,critical,"",import,[],"",anti_corruption_layer,service_down,circuit_break,"","","",one_to_many,1,0,active,,0
444322,382016,381486,import_depends,downstream,critical,"",import,[],"","",service_down,circuit_break,"","","",one_to_many,1,0,active,,0
444323,382016,381484,import_depends,downstream,critical,"",import,[],"","",service_down,circuit_break,"","","",one_to_many,1,0,active,,0
444324,382016,382627,import_depends,downstream,critical,"",import,[],"",anti_corruption_layer,service_down,circuit_break,"","","",one_to_many,1,0,active,,0
444325,382016,381937,import_depends,downstream,critical,"",import,[],"","",service_down,circuit_break,"","","",one_to_many,1,0,active,,0
444326,382016,382039,import_depends,downstream,required,"",import,[],"",anti_corruption_layer,timeout,graceful_degradation,"","","",one_to_many,0,0,active,,0
444327,382016,382112,import_depends,downstream,critical,"",import,[],"",anti_corruption_layer,service_down,circuit_break,"","","",one_to_many,1,0,active,,0
444328,382016,381924,import_depends,downstream,critical,"",import,[],"","",service_down,circuit_break,"","","",one_to_many,1,0,active,,0
444329,382016,381155,import_depends,downstream,critical,"",import,[],"","",service_down,circuit_break,"","","",one_to_many,1,0,active,,0
444330,382018,381665,import_depends,downstream,critical,"",import,[],"","",service_down,circuit_break,"","","",one_to_many,1,0,active,,0
444331,382020,382595,import_depends,downstream,critical,"",import,[],"","",service_down,circuit_break,"","","",one_to_many,1,0,active,,0
444332,382023,382018,import_depends,downstream,required,"",import,[],"","",timeout,graceful_degradation,"","","",one_to_many,0,0,active,,0
444333,382023,382020,import_depends,downstream,required,"",import,[],"","",timeout,graceful_degradation,"","","",one_to_many,0,0,active,,0
444334,382027,382623,import_depends,downstream,critical,"",import,[],"",anti_corruption_layer,service_down,circuit_break,"","","",one_to_many,1,0,active,,0
444335,382031,382039,import_depends,downstream,required,"",import,[],"",anti_corruption_layer,timeout,graceful_degradation,"","","",one_to_many,0,0,active,,0
444336,382032,382624,import_depends,downstream,critical,"",import,[],"",anti_corruption_layer,service_down,circuit_break,"","","",one_to_many,1,0,active,,0
444337,382033,382595,import_depends,downstream,critical,"",import,[],"","",service_down,circuit_break,"","","",one_to_many,1,0,active,,0
444338,382033,382648,import_depends,downstream,critical,"",import,[],"","",service_down,circuit_break,always,"",low,one_to_many,1,0,active,,0
444339,382033,381486,import_depends,downstream,critical,"",import,[],"","",service_down,circuit_break,"","","",one_to_many,1,0,active,,0
444340,382034,382038,import_depends,downstream,required,"",import,[],"",anti_corruption_layer,timeout,graceful_degradation,"","","",one_to_many,0,0,active,,0
444341,382035,382627,import_depends,downstream,critical,"",import,[],"",anti_corruption_layer,service_down,circuit_break,"","","",one_to_many,1,0,active,,0
444342,382037,381486,import_depends,downstream,critical,"",import,[],"","",service_down,circuit_break,"","","",one_to_many,1,0,active,,0
444343,382039,382038,import_depends,downstream,required,"",import,[],"",shared_kernel,timeout,graceful_degradation,"","","",one_to_many,0,0,active,,0
444344,382040,382605,import_depends,downstream,critical,"",import,[],"","",service_down,circuit_break,"","","",one_to_many,1,0,active,,0
444345,382040,382039,import_depends,downstream,required,"",import,[],"",shared_kernel,timeout,graceful_degradation,"","","",one_to_many,0,0,active,,0
444346,382040,382037,import_depends,downstream,required,"",import,[],"",shared_kernel,timeout,graceful_degradation,"","","",one_to_many,0,0,active,,0
444347,382041,382061,import_depends,downstream,required,"",import,[],"",shared_kernel,timeout,graceful_degradation,"","","",one_to_many,0,0,active,,0
444348,382041,382640,import_depends,downstream,critical,"",import,[],"",anti_corruption_layer,service_down,circuit_break,"","","",one_to_many,1,0,active,,0
444349,382041,382664,import_depends,downstream,critical,"",import,[],"",anti_corruption_layer,service_down,circuit_break,"","","",one_to_many,1,0,active,,0
444350,382042,382652,import_depends,downstream,critical,"",import,[],"","",service_down,circuit_break,"","","",one_to_many,1,0,active,,0
444351,382042,382061,import_depends,downstream,required,"",import,[],"",shared_kernel,timeout,graceful_degradation,"","","",one_to_many,0,0,active,,0
444352,382042,382045,import_depends,downstream,required,"",import,[],"",shared_kernel,timeout,graceful_degradation,"","","",one_to_many,0,0,active,,0
444353,382042,382047,import_depends,downstream,required,"",import,[],"",shared_kernel,timeout,graceful_degradation,"","","",one_to_many,0,0,active,,0
444354,382042,382050,import_depends,downstream,required,"",import,[],"",shared_kernel,timeout,graceful_degradation,"","","",one_to_many,0,0,active,,0
444355,382042,382391,import_depends,downstream,critical,"",import,[],"",anti_corruption_layer,service_down,circuit_break,"","","",one_to_many,1,0,active,,0
444356,382042,382389,import_depends,downstream,critical,"",import,[],"",anti_corruption_layer,service_down,circuit_break,"","","",one_to_many,1,0,active,,0
444357,382042,382056,import_depends,downstream,required,"",import,[],"",shared_kernel,timeout,graceful_degradation,"","","",one_to_many,0,0,active,,0
444358,382042,382048,import_depends,downstream,required,"",import,[],"",shared_kernel,timeout,graceful_degradation,"","","",one_to_many,0,0,active,,0
444359,382042,382041,import_depends,downstream,required,"",import,[],"",shared_kernel,timeout,graceful_degradation,"","","",one_to_many,0,0,active,,0
444360,382042,382051,import_depends,downstream,required,"",import,[],"",shared_kernel,timeout,graceful_degradation,"","","",one_to_many,0,0,active,,0
444361,382042,382046,import_depends,downstream,required,"",import,[],"",shared_kernel,timeout,graceful_degradation,"","","",one_to_many,0,0,active,,0
444362,382042,382055,import_depends,downstream,required,"",import,[],"",shared_kernel,timeout,graceful_degradation,"","","",one_to_many,0,0,active,,0
444363,382042,382044,import_depends,downstream,required,"",import,[],"",shared_kernel,timeout,graceful_degradation,"","","",one_to_many,0,0,active,,0
444364,382042,382059,import_depends,downstream,required,"",import,[],"",shared_kernel,timeout,graceful_degradation,"","","",one_to_many,0,0,active,,0
444365,382042,382060,import_depends,downstream,required,"",import,[],"",shared_kernel,timeout,graceful_degradation,"","","",one_to_many,0,0,active,,0
444366,382043,382036,import_depends,downstream,required,"",import,[],"",shared_kernel,timeout,graceful_degradation,"","","",one_to_many,0,0,active,,0
444367,382043,382039,import_depends,downstream,required,"",import,[],"",shared_kernel,timeout,graceful_degradation,"","","",one_to_many,0,0,active,,0
444368,382043,382040,import_depends,downstream,required,"",import,[],"",shared_kernel,timeout,graceful_degradation,"","","",one_to_many,0,0,active,,0
444369,382043,382037,import_depends,downstream,required,"",import,[],"",shared_kernel,timeout,graceful_degradation,"","","",one_to_many,0,0,active,,0
444370,382043,382038,import_depends,downstream,required,"",import,[],"",shared_kernel,timeout,graceful_degradation,"","","",one_to_many,0,0,active,,0
444371,382043,382033,import_depends,downstream,required,"",import,[],"","",timeout,graceful_degradation,"","","",one_to_many,0,0,active,,0
444372,382044,382061,import_depends,downstream,required,"",import,[],"",shared_kernel,timeout,graceful_degradation,"","","",one_to_many,0,0,active,,0
444373,382044,382595,import_depends,downstream,critical,"",import,[],"","",service_down,circuit_break,"","","",one_to_many,1,0,active,,0
444374,382044,382652,import_depends,downstream,critical,"",import,[],"","",service_down,circuit_break,"","","",one_to_many,1,0,active,,0
444375,382044,381321,import_depends,downstream,critical,"",import,[],"","",service_down,circuit_break,"","","",one_to_many,1,0,active,,0
444376,382044,381331,import_depends,downstream,critical,"",import,[],"","",service_down,circuit_break,"","","",one_to_many,1,0,active,,0
444377,382044,381337,import_depends,downstream,critical,"",import,[],"","",service_down,circuit_break,"","","",one_to_many,1,0,active,,0
444378,382044,381336,import_depends,downstream,critical,"",import,[],"","",service_down,circuit_break,"","","",one_to_many,1,0,active,,0
444379,382044,382325,import_depends,downstream,critical,"",import,[],"","",service_down,circuit_break,"","","",one_to_many,1,0,active,,0
444380,382044,382535,import_depends,downstream,critical,"",import,[],"",anti_corruption_layer,service_down,circuit_break,"","","",one_to_many,1,0,active,,0
444381,382044,382485,import_depends,downstream,critical,"",import,[],"",anti_corruption_layer,service_down,circuit_break,"","","",one_to_many,1,0,active,,0
444382,382044,381174,import_depends,downstream,critical,"",import,[],"",anti_corruption_layer,service_down,circuit_break,"","","",one_to_many,1,0,active,,0
444383,382044,381960,import_depends,downstream,critical,"",import,[],"","",service_down,circuit_break,"","","",one_to_many,1,0,active,,0
444384,382044,381393,import_depends,downstream,critical,"",import,[],"","",service_down,circuit_break,"","","",one_to_many,1,0,active,,0
444385,382044,381396,import_depends,downstream,critical,"",import,[],"","",service_down,circuit_break,"","","",one_to_many,1,0,active,,0
444386,382044,381486,import_depends,downstream,critical,"",import,[],"","",service_down,circuit_break,"","","",one_to_many,1,0,active,,0
444387,382044,381484,import_depends,downstream,critical,"",import,[],"","",service_down,circuit_break,"","","",one_to_many,1,0,active,,0
444388,382045,382595,import_depends,downstream,critical,"",import,[],"",anti_corruption_layer,service_down,circuit_break,"","","",one_to_many,1,0,active,,0
444389,382045,381174,import_depends,downstream,critical,"",import,[],"",anti_corruption_layer,service_down,circuit_break,"","","",one_to_many,1,0,active,,0
444390,382046,382061,import_depends,downstream,required,"",import,[],"",shared_kernel,timeout,graceful_degradation,"","","",one_to_many,0,0,active,,0
444391,382046,382595,import_depends,downstream,critical,"",import,[],"",anti_corruption_layer,service_down,circuit_break,"","","",one_to_many,1,0,active,,0
444392,382048,382061,import_depends,downstream,required,"",import,[],"",shared_kernel,timeout,graceful_degradation,"","","",one_to_many,0,0,active,,0
444393,382048,382640,import_depends,downstream,critical,"",import,[],"",anti_corruption_layer,service_down,circuit_break,"","","",one_to_many,1,0,active,,0
444394,382048,382664,import_depends,downstream,critical,"",import,[],"",anti_corruption_layer,service_down,circuit_break,"","","",one_to_many,1,0,active,,0
444395,382051,382061,import_depends,downstream,required,"",import,[],"",shared_kernel,timeout,graceful_degradation,"","","",one_to_many,0,0,active,,0
444396,382051,381512,import_depends,downstream,critical,"",import,[],"","",service_down,circuit_break,"","","",one_to_many,1,0,active,,0
444397,382053,382595,import_depends,downstream,critical,"",import,[],"",anti_corruption_layer,service_down,circuit_break,"","","",one_to_many,1,0,active,,0
444398,382054,382061,import_depends,downstream,required,"",import,[],"",shared_kernel,timeout,graceful_degradation,"","","",one_to_many,0,0,active,,0
444399,382055,381572,import_depends,downstream,critical,"",import,[],"",anti_corruption_layer,service_down,circuit_break,"","","",one_to_many,1,0,active,,0
444400,382055,382638,import_depends,downstream,critical,"",import,[],"",anti_corruption_layer,service_down,circuit_break,"","","",one_to_many,1,0,active,,0
444401,382055,382595,import_depends,downstream,critical,"",import,[],"","",service_down,circuit_break,"","","",one_to_many,1,0,active,,0
444402,382055,382640,import_depends,downstream,critical,"",import,[],"",anti_corruption_layer,service_down,circuit_break,"","","",one_to_many,1,0,active,,0
444403,382056,382061,import_depends,downstream,required,"",import,[],"",shared_kernel,timeout,graceful_degradation,"","","",one_to_many,0,0,active,,0
444404,382056,382597,import_depends,downstream,critical,"",import,[],"","",service_down,circuit_break,"","","",one_to_many,1,0,active,,0
444405,382056,381451,import_depends,downstream,critical,"",import,[],"","",service_down,circuit_break,"","","",one_to_many,1,0,active,,0
444406,382056,382100,import_depends,downstream,critical,"",import,[],"",shared_kernel,service_down,circuit_break,"","","",one_to_many,1,0,active,,0
444407,382057,382511,import_depends,downstream,critical,"",import,[],"","",service_down,circuit_break,"","","",one_to_many,1,0,active,,0
444408,382058,382061,import_depends,downstream,required,"",import,[],"",shared_kernel,timeout,graceful_degradation,"","","",one_to_many,0,0,active,,0
444409,382058,382046,import_depends,downstream,required,"",import,[],"",shared_kernel,timeout,graceful_degradation,"","","",one_to_many,0,0,active,,0
444410,382058,382041,import_depends,downstream,required,"",import,[],"",shared_kernel,timeout,graceful_degradation,"","","",one_to_many,0,0,active,,0
444411,382058,382048,import_depends,downstream,required,"",import,[],"",shared_kernel,timeout,graceful_degradation,"","","",one_to_many,0,0,active,,0
444412,382058,382044,import_depends,downstream,required,"",import,[],"",shared_kernel,timeout,graceful_degradation,"","","",one_to_many,0,0,active,,0
444413,382058,382056,import_depends,downstream,required,"",import,[],"",shared_kernel,timeout,graceful_degradation,"","","",one_to_many,0,0,active,,0
444414,382058,382051,import_depends,downstream,required,"",import,[],"",shared_kernel,timeout,graceful_degradation,"","","",one_to_many,0,0,active,,0
444415,382058,382055,import_depends,downstream,required,"",import,[],"",shared_kernel,timeout,graceful_degradation,"","","",one_to_many,0,0,active,,0
444416,382058,382059,import_depends,downstream,required,"",import,[],"",shared_kernel,timeout,graceful_degradation,"","","",one_to_many,0,0,active,,0
444417,382058,382060,import_depends,downstream,required,"",import,[],"",shared_kernel,timeout,graceful_degradation,"","","",one_to_many,0,0,active,,0
444418,382058,382049,import_depends,downstream,required,"",import,[],"",shared_kernel,timeout,graceful_degradation,"","","",one_to_many,0,0,active,,0
444419,382058,382052,import_depends,downstream,required,"",import,[],"",shared_kernel,timeout,graceful_degradation,"","","",one_to_many,0,0,active,,0
444420,382058,382053,import_depends,downstream,required,"",import,[],"",shared_kernel,timeout,graceful_degradation,"","","",one_to_many,0,0,active,,0
444421,382058,382054,import_depends,downstream,required,"",import,[],"",shared_kernel,timeout,graceful_degradation,"","","",one_to_many,0,0,active,,0
444422,382059,382595,import_depends,downstream,critical,"",import,[],"","",service_down,circuit_break,"","","",one_to_many,1,0,active,,0
444423,382059,381991,import_depends,downstream,critical,"",import,[],"","",service_down,circuit_break,"","","",one_to_many,1,0,active,,0
444424,382060,382061,import_depends,downstream,required,"",import,[],"",shared_kernel,timeout,graceful_degradation,"","","",one_to_many,0,0,active,,0
444425,382060,382085,import_depends,downstream,critical,"",import,[],"",shared_kernel,service_down,circuit_break,"","","",one_to_many,1,0,active,,0
444426,382060,382100,import_depends,downstream,critical,"",import,[],"",shared_kernel,service_down,circuit_break,"","","",one_to_many,1,0,active,,0
444427,382061,382652,import_depends,downstream,critical,"",import,[],"","",service_down,circuit_break,"","","",one_to_many,1,0,active,,0
444428,382061,382047,import_depends,downstream,required,"",import,[],"",shared_kernel,timeout,graceful_degradation,"","","",one_to_many,0,0,active,,0
444429,382061,380783,import_depends,downstream,critical,"",import,[],"","",service_down,circuit_break,"","","",one_to_many,1,0,active,,0
444430,382062,382057,import_depends,downstream,required,"",import,[],"",shared_kernel,timeout,graceful_degradation,"","","",one_to_many,0,0,active,,0
444431,382062,382064,import_depends,downstream,required,"",import,[],"",shared_kernel,timeout,graceful_degradation,"","","",one_to_many,0,0,active,,0
444432,382062,382067,import_depends,downstream,required,"",import,[],"",shared_kernel,timeout,graceful_degradation,"","","",one_to_many,0,0,active,,0
444433,382063,382583,import_depends,downstream,critical,"",import,[],"","",service_down,circuit_break,"","","",one_to_many,1,0,active,,0
444434,382064,382511,import_depends,downstream,critical,"",import,[],"","",service_down,circuit_break,"","","",one_to_many,1,0,active,,0
444435,382066,382063,import_depends,downstream,required,"",import,[],"",shared_kernel,timeout,graceful_degradation,"","","",one_to_many,0,0,active,,0
444436,382067,382511,import_depends,downstream,critical,"",import,[],"","",service_down,circuit_break,"","","",one_to_many,1,0,active,,0
444437,382068,382063,import_depends,downstream,required,"",import,[],"",shared_kernel,timeout,graceful_degradation,"","","",one_to_many,0,0,active,,0
444438,382068,382066,import_depends,downstream,required,"",import,[],"",shared_kernel,timeout,graceful_degradation,"","","",one_to_many,0,0,active,,0
444439,382068,382069,import_depends,downstream,required,"",import,[],"",shared_kernel,timeout,graceful_degradation,"","","",one_to_many,0,0,active,,0
444440,382068,382072,import_depends,downstream,required,"",import,[],"",shared_kernel,timeout,graceful_degradation,"","","",one_to_many,0,0,active,,0
444441,382068,382071,import_depends,downstream,required,"",import,[],"",shared_kernel,timeout,graceful_degradation,"","","",one_to_many,0,0,active,,0
444442,382071,382560,import_depends,downstream,critical,"",import,[],"","",service_down,circuit_break,"","","",one_to_many,1,0,active,,0
444443,382072,382583,import_depends,downstream,critical,"",import,[],"","",service_down,circuit_break,"","","",one_to_many,1,0,active,,0
444444,382072,382070,import_depends,downstream,required,"",import,[],"",shared_kernel,timeout,graceful_degradation,"","","",one_to_many,0,0,active,,0
444445,382073,382428,import_depends,downstream,critical,"",import,[],"","",service_down,circuit_break,"","","",one_to_many,1,0,active,,0
444446,382073,382568,import_depends,downstream,critical,"",import,[],"","",service_down,circuit_break,"","","",one_to_many,1,0,active,,0
444447,382074,382070,import_depends,downstream,required,"",import,[],"",shared_kernel,timeout,graceful_degradation,"","","",one_to_many,0,0,active,,0
444448,382074,382075,import_depends,downstream,required,"",import,[],"",shared_kernel,timeout,graceful_degradation,"","","",one_to_many,0,0,active,,0
444449,382074,382076,import_depends,downstream,required,"",import,[],"",shared_kernel,timeout,graceful_degradation,"","","",one_to_many,0,0,active,,0
444450,382076,382638,import_depends,downstream,critical,"",import,[],"","",service_down,circuit_break,"","","",one_to_many,1,0,active,,0
444451,382078,382085,import_depends,downstream,required,"",import,[],"",shared_kernel,timeout,graceful_degradation,"","","",one_to_many,0,0,active,,0
444452,382080,382640,import_depends,downstream,critical,"",import,[],"",anti_corruption_layer,service_down,circuit_break,"","","",one_to_many,1,0,active,,0
444453,382080,382595,import_depends,downstream,critical,"",import,[],"","",service_down,circuit_break,"","","",one_to_many,1,0,active,,0
444454,382081,382036,import_depends,downstream,required,"",import,[],"",shared_kernel,timeout,graceful_degradation,"","","",one_to_many,0,0,active,,0
444455,382082,382080,import_depends,downstream,required,"",import,[],"",shared_kernel,timeout,graceful_degradation,"","","",one_to_many,0,0,active,,0
444456,382082,382107,import_depends,downstream,required,"",import,[],"",shared_kernel,timeout,graceful_degradation,"","","",one_to_many,0,0,active,,0
444457,382082,382097,import_depends,downstream,required,"",import,[],"",shared_kernel,timeout,graceful_degradation,"","","",one_to_many,0,0,active,,0
444458,382082,382101,import_depends,downstream,required,"",import,[],"",shared_kernel,timeout,graceful_degradation,"","","",one_to_many,0,0,active,,0
444459,382083,382640,import_depends,downstream,critical,"",import,[],"",anti_corruption_layer,service_down,circuit_break,"","","",one_to_many,1,0,active,,0
444460,382085,382595,import_depends,downstream,critical,"",import,[],"","",service_down,circuit_break,"","","",one_to_many,1,0,active,,0
444461,382085,382640,import_depends,downstream,critical,"",import,[],"",anti_corruption_layer,service_down,circuit_break,"","","",one_to_many,1,0,active,,0
444462,382086,382096,import_depends,downstream,required,"",import,[],"","",timeout,graceful_degradation,"","","",one_to_many,0,0,active,,0
444463,382087,381451,import_depends,downstream,critical,"",import,[],"","",service_down,circuit_break,"","","",one_to_many,1,0,active,,0
444464,382087,382090,import_depends,downstream,required,"",import,[],"",shared_kernel,timeout,graceful_degradation,"","","",one_to_many,0,0,active,,0
444465,382088,382039,import_depends,downstream,required,"",import,[],"",shared_kernel,timeout,graceful_degradation,"","","",one_to_many,0,0,active,,0
444466,382089,382640,import_depends,downstream,critical,"",import,[],"",anti_corruption_layer,service_down,circuit_break,"","","",one_to_many,1,0,active,,0
444467,382089,382085,import_depends,downstream,required,"",import,[],"",shared_kernel,timeout,graceful_degradation,"","","",one_to_many,0,0,active,,0
444468,382092,382640,import_depends,downstream,critical,"",import,[],"",anti_corruption_layer,service_down,circuit_break,"","","",one_to_many,1,0,active,,0
444469,382093,382085,import_depends,downstream,required,"",import,[],"",shared_kernel,timeout,graceful_degradation,"","","",one_to_many,0,0,active,,0
444470,382094,382085,import_depends,downstream,required,"",import,[],"",shared_kernel,timeout,graceful_degradation,"","","",one_to_many,0,0,active,,0
444471,382095,382038,import_depends,downstream,required,"",import,[],"",shared_kernel,timeout,graceful_degradation,"","","",one_to_many,0,0,active,,0
444472,382096,382085,import_depends,downstream,required,"",import,[],"",shared_kernel,timeout,graceful_degradation,"","","",one_to_many,0,0,active,,0
444473,382097,382101,import_depends,downstream,required,"",import,[],"",shared_kernel,timeout,graceful_degradation,"","","",one_to_many,0,0,active,,0
444474,382097,382085,import_depends,downstream,required,"",import,[],"",shared_kernel,timeout,graceful_degradation,"","","",one_to_many,0,0,active,,0
444475,382098,382640,import_depends,downstream,critical,"",import,[],"",anti_corruption_layer,service_down,circuit_break,"","","",one_to_many,1,0,active,,0
444476,382099,382595,import_depends,downstream,critical,"",import,[],"",anti_corruption_layer,service_down,circuit_break,"","","",one_to_many,1,0,active,,0
444477,382099,382093,import_depends,downstream,required,"",import,[],"",shared_kernel,timeout,graceful_degradation,"","","",one_to_many,0,0,active,,0
444478,382099,382094,import_depends,downstream,required,"",import,[],"",shared_kernel,timeout,graceful_degradation,"","","",one_to_many,0,0,active,,0
444479,382099,382085,import_depends,downstream,required,"",import,[],"",shared_kernel,timeout,graceful_degradation,"","","",one_to_many,0,0,active,,0
444480,382100,382039,import_depends,downstream,required,"",import,[],"",shared_kernel,timeout,graceful_degradation,"","","",one_to_many,0,0,active,,0
444481,382100,382085,import_depends,downstream,required,"",import,[],"",shared_kernel,timeout,graceful_degradation,"","","",one_to_many,0,0,active,,0
444482,382100,382083,import_depends,downstream,required,"",import,[],"",shared_kernel,timeout,graceful_degradation,"","","",one_to_many,0,0,active,,0
444483,382100,382097,import_depends,downstream,required,"",import,[],"",shared_kernel,timeout,graceful_degradation,"","","",one_to_many,0,0,active,,0
444484,382100,382098,import_depends,downstream,required,"",import,[],"",shared_kernel,timeout,graceful_degradation,"","","",one_to_many,0,0,active,,0
444485,382100,382036,import_depends,downstream,required,"",import,[],"",shared_kernel,timeout,graceful_degradation,"","","",one_to_many,0,0,active,,0
444486,382100,382092,import_depends,downstream,required,"",import,[],"",shared_kernel,timeout,graceful_degradation,"","","",one_to_many,0,0,active,,0
444487,382100,382089,import_depends,downstream,required,"",import,[],"",shared_kernel,timeout,graceful_degradation,"","","",one_to_many,0,0,active,,0
444488,382100,382078,import_depends,downstream,required,"",import,[],"",shared_kernel,timeout,graceful_degradation,"","","",one_to_many,0,0,active,,0
444489,382100,382102,import_depends,downstream,required,"",import,[],"",shared_kernel,timeout,graceful_degradation,"","","",one_to_many,0,0,active,,0
444490,382100,382091,import_depends,downstream,required,"",import,[],"",shared_kernel,timeout,graceful_degradation,"","","",one_to_many,0,0,active,,0
444491,382101,382640,import_depends,downstream,critical,"",import,[],"",anti_corruption_layer,service_down,circuit_break,"","","",one_to_many,1,0,active,,0
444492,382103,382086,import_depends,downstream,required,"",import,[],"","",timeout,graceful_degradation,"","","",one_to_many,0,0,active,,0
444493,382105,381451,import_depends,downstream,critical,"",import,[],"","",service_down,circuit_break,"","","",one_to_many,1,0,active,,0
444494,382105,382087,import_depends,downstream,required,"",import,[],"",shared_kernel,timeout,graceful_degradation,"","","",one_to_many,0,0,active,,0
444495,382105,382100,import_depends,downstream,required,"",import,[],"",shared_kernel,timeout,graceful_degradation,"","","",one_to_many,0,0,active,,0
444496,382105,382090,import_depends,downstream,required,"",import,[],"",shared_kernel,timeout,graceful_degradation,"","","",one_to_many,0,0,active,,0
444497,382105,382095,import_depends,downstream,required,"",import,[],"",shared_kernel,timeout,graceful_degradation,"","","",one_to_many,0,0,active,,0
444498,382105,382102,import_depends,downstream,required,"",import,[],"",shared_kernel,timeout,graceful_degradation,"","","",one_to_many,0,0,active,,0
444499,382113,381442,import_depends,downstream,critical,"",import,[],"","",service_down,circuit_break,"","","",one_to_many,1,0,active,,0
444500,382113,381615,import_depends,downstream,critical,"",import,[],"","",service_down,circuit_break,"","","",one_to_many,1,0,active,,0
444501,382113,381563,import_depends,downstream,critical,"",import,[],"","",service_down,circuit_break,"","","",one_to_many,1,0,active,,0
444502,382115,381458,import_depends,downstream,critical,"",import,[],"","",service_down,circuit_break,"","","",one_to_many,1,0,active,,0
444503,382115,382643,import_depends,downstream,critical,"",import,[],"","",service_down,circuit_break,"","","",one_to_many,1,0,active,,0
444504,382115,381454,import_depends,downstream,critical,"",import,[],"","",service_down,circuit_break,"","","",one_to_many,1,0,active,,0
444505,382116,382173,import_depends,downstream,critical,"",import,[],"",anti_corruption_layer,service_down,circuit_break,"","","",one_to_many,1,0,active,,0
444506,382116,382172,import_depends,downstream,critical,"",import,[],"",anti_corruption_layer,service_down,circuit_break,"","","",one_to_many,1,0,active,,0
444507,382117,380914,import_depends,downstream,critical,"",import,[],"","",service_down,circuit_break,"","","",one_to_many,1,0,active,,0
444508,382117,381521,import_depends,downstream,critical,"",import,[],"","",service_down,circuit_break,"","","",one_to_many,1,0,active,,0
444509,382117,382096,import_depends,downstream,critical,"",import,[],"","",service_down,circuit_break,"","","",one_to_many,1,0,active,,0
444510,382118,380755,import_depends,downstream,critical,"",import,[],"","",service_down,circuit_break,"","","",one_to_many,1,0,active,,0
444511,382118,382122,import_depends,downstream,required,"",import,[],"",shared_kernel,timeout,graceful_degradation,"","","",one_to_many,0,0,active,,0
444512,382119,380755,import_depends,downstream,critical,"",import,[],"","",service_down,circuit_break,"","","",one_to_many,1,0,active,,0
444513,382122,382173,import_depends,downstream,critical,"",import,[],"",anti_corruption_layer,service_down,circuit_break,"","","",one_to_many,1,0,active,,0
444514,382122,382172,import_depends,downstream,critical,"",import,[],"",anti_corruption_layer,service_down,circuit_break,"","","",one_to_many,1,0,active,,0
444515,382122,382524,import_depends,downstream,critical,"",import,[],"",anti_corruption_layer,service_down,circuit_break,"","","",one_to_many,1,0,active,,0
444516,382122,383184,import_depends,downstream,critical,"",import,[],"",anti_corruption_layer,service_down,circuit_break,"","","",one_to_many,1,0,active,,0
444517,382123,382595,import_depends,downstream,critical,"",import,[],"","",service_down,circuit_break,"","","",one_to_many,1,0,active,,0
444518,382123,382648,import_depends,downstream,critical,"",import,[],"","",service_down,circuit_break,always,"",low,one_to_many,1,0,active,,0
444519,382124,380841,import_depends,downstream,critical,"",import,[],"","",service_down,circuit_break,"","","",one_to_many,1,0,active,,0
444520,382126,382595,import_depends,downstream,critical,"",import,[],"","",service_down,circuit_break,"","","",one_to_many,1,0,active,,0
444521,382127,382140,import_depends,downstream,required,"",import,[],"",shared_kernel,timeout,graceful_degradation,"","","",one_to_many,0,0,active,,0
444522,382127,382138,import_depends,downstream,required,"",import,[],"",shared_kernel,timeout,graceful_degradation,"","","",one_to_many,0,0,active,,0
444523,382129,382648,import_depends,downstream,critical,"",import,[],"","",service_down,circuit_break,always,"",low,one_to_many,1,0,active,,0
444524,382132,382123,import_depends,downstream,required,"",import,[],"",shared_kernel,timeout,graceful_degradation,"","","",one_to_many,0,0,active,,0
444525,382132,382135,import_depends,downstream,required,"",import,[],"",shared_kernel,timeout,graceful_degradation,"","","",one_to_many,0,0,active,,0
444526,382132,382130,import_depends,downstream,required,"",import,[],"","",timeout,graceful_degradation,"","","",one_to_many,0,0,active,,0
444527,382132,382131,import_depends,downstream,required,"",import,[],"","",timeout,graceful_degradation,"","","",one_to_many,0,0,active,,0
444528,382132,382128,import_depends,downstream,required,"",import,[],"","",timeout,graceful_degradation,"","","",one_to_many,0,0,active,,0
444529,382132,382136,import_depends,downstream,required,"",import,[],"","",timeout,graceful_degradation,"","","",one_to_many,0,0,active,,0
444530,382132,382133,import_depends,downstream,required,"",import,[],"","",timeout,graceful_degradation,"","","",one_to_many,0,0,active,,0
444531,382134,382133,import_depends,downstream,required,"",import,[],"",shared_kernel,timeout,graceful_degradation,"","","",one_to_many,0,0,active,,0
444532,382135,382126,import_depends,downstream,required,"",import,[],"","",timeout,graceful_degradation,"","","",one_to_many,0,0,active,,0
444533,382136,382123,import_depends,downstream,required,"",import,[],"","",timeout,graceful_degradation,"","","",one_to_many,0,0,active,,0
444534,382136,382595,import_depends,downstream,critical,"",import,[],"","",service_down,circuit_break,"","","",one_to_many,1,0,active,,0
444535,382137,382120,import_depends,downstream,required,"",import,[],"",shared_kernel,timeout,graceful_degradation,"","","",one_to_many,0,0,active,,0
444536,382137,382134,import_depends,downstream,required,"",import,[],"",shared_kernel,timeout,graceful_degradation,"","","",one_to_many,0,0,active,,0
444537,382138,382137,import_depends,downstream,required,"",import,[],"",shared_kernel,timeout,graceful_degradation,"","","",one_to_many,0,0,active,,0
444538,382140,382120,import_depends,downstream,required,"",import,[],"",shared_kernel,timeout,graceful_degradation,"","","",one_to_many,0,0,active,,0
444539,382140,382134,import_depends,downstream,required,"",import,[],"",shared_kernel,timeout,graceful_degradation,"","","",one_to_many,0,0,active,,0
444540,382140,382137,import_depends,downstream,required,"",import,[],"",shared_kernel,timeout,graceful_degradation,"","","",one_to_many,0,0,active,,0
444541,382140,382139,import_depends,downstream,required,"",import,[],"",shared_kernel,timeout,graceful_degradation,"","","",one_to_many,0,0,active,,0
444542,382141,382134,import_depends,downstream,required,"",import,[],"","",timeout,graceful_degradation,"","","",one_to_many,0,0,active,,0
444543,382141,382143,import_depends,downstream,required,"",import,[],"",shared_kernel,timeout,graceful_degradation,"","","",one_to_many,0,0,active,,0
444544,382141,382142,import_depends,downstream,required,"",import,[],"",shared_kernel,timeout,graceful_degradation,"","","",one_to_many,0,0,active,,0
444545,382142,382143,import_depends,downstream,required,"",import,[],"",shared_kernel,timeout,graceful_degradation,"","","",one_to_many,0,0,active,,0
444546,382143,382144,import_depends,downstream,required,"",import,[],"",shared_kernel,timeout,graceful_degradation,"","","",one_to_many,0,0,active,,0
444547,382143,382134,import_depends,downstream,required,"",import,[],"","",timeout,graceful_degradation,"","","",one_to_many,0,0,active,,0
444548,382146,381925,import_depends,downstream,critical,"",import,[],"","",service_down,circuit_break,"","","",one_to_many,1,0,active,,0
444549,382148,382144,import_depends,downstream,required,"",import,[],"",shared_kernel,timeout,graceful_degradation,"","","",one_to_many,0,0,active,,0
444550,382148,382134,import_depends,downstream,required,"",import,[],"","",timeout,graceful_degradation,"","","",one_to_many,0,0,active,,0
444551,382148,382143,import_depends,downstream,required,"",import,[],"",shared_kernel,timeout,graceful_degradation,"","","",one_to_many,0,0,active,,0
444552,382148,382146,import_depends,downstream,required,"",import,[],"",shared_kernel,timeout,graceful_degradation,"","","",one_to_many,0,0,active,,0
444553,382148,382141,import_depends,downstream,required,"",import,[],"",shared_kernel,timeout,graceful_degradation,"","","",one_to_many,0,0,active,,0
444554,382153,382157,import_depends,downstream,required,"",import,[],"","",timeout,graceful_degradation,"","","",one_to_many,0,0,active,,0
444555,382157,382474,import_depends,downstream,critical,"",import,[],"","",service_down,circuit_break,"","","",one_to_many,1,0,active,,0
444556,382173,382524,import_depends,downstream,critical,"",import,[],"",anti_corruption_layer,service_down,circuit_break,"","","",one_to_many,1,0,active,,0
444557,382173,383184,import_depends,downstream,critical,"",import,[],"",anti_corruption_layer,service_down,circuit_break,"","","",one_to_many,1,0,active,,0
444558,382173,382172,import_depends,downstream,required,"",import,[],"",shared_kernel,timeout,graceful_degradation,"","","",one_to_many,0,0,active,,0
444559,382176,382177,import_depends,downstream,required,"",import,[],"",shared_kernel,timeout,graceful_degradation,"","","",one_to_many,0,0,active,,0
444560,382177,382173,import_depends,downstream,required,"",import,[],"",shared_kernel,timeout,graceful_degradation,"","","",one_to_many,0,0,active,,0
444561,382177,382172,import_depends,downstream,required,"",import,[],"",shared_kernel,timeout,graceful_degradation,"","","",one_to_many,0,0,active,,0
444562,382177,382524,import_depends,downstream,critical,"",import,[],"",anti_corruption_layer,service_down,circuit_break,"","","",one_to_many,1,0,active,,0
444563,382177,383184,import_depends,downstream,critical,"",import,[],"",anti_corruption_layer,service_down,circuit_break,"","","",one_to_many,1,0,active,,0
444564,382188,381681,import_depends,downstream,critical,"",import,[],"","",service_down,circuit_break,"","","",one_to_many,1,0,active,,0
444565,382191,381554,import_depends,downstream,critical,"",import,[],"","",service_down,circuit_break,"","","",one_to_many,1,0,active,,0
444566,382193,381704,import_depends,downstream,critical,"",import,[],"","",service_down,circuit_break,"","","",one_to_many,1,0,active,,0
444567,382195,381682,import_depends,downstream,critical,"",import,[],"","",service_down,circuit_break,"","","",one_to_many,1,0,active,,0
444568,382200,381681,import_depends,downstream,critical,"",import,[],"","",service_down,circuit_break,"","","",one_to_many,1,0,active,,0
444569,382200,383188,import_depends,downstream,critical,"",import,[],"",anti_corruption_layer,service_down,circuit_break,"","","",one_to_many,1,0,active,,0
444570,382208,381684,import_depends,downstream,critical,"",import,[],"",anti_corruption_layer,service_down,circuit_break,"","","",one_to_many,1,0,active,,0
444571,382213,383186,import_depends,downstream,critical,"",import,[],"",anti_corruption_layer,service_down,circuit_break,"","","",one_to_many,1,0,active,,0
444572,382213,383187,import_depends,downstream,critical,"",import,[],"",anti_corruption_layer,service_down,circuit_break,"","","",one_to_many,1,0,active,,0
444573,382213,383188,import_depends,downstream,critical,"",import,[],"",anti_corruption_layer,service_down,circuit_break,"","","",one_to_many,1,0,active,,0
444574,382214,381476,import_depends,downstream,critical,"",import,[],"","",service_down,circuit_break,"","","",one_to_many,1,0,active,,0
444575,382214,383186,import_depends,downstream,critical,"",import,[],"",anti_corruption_layer,service_down,circuit_break,"","","",one_to_many,1,0,active,,0
444576,382214,383187,import_depends,downstream,critical,"",import,[],"",anti_corruption_layer,service_down,circuit_break,"","","",one_to_many,1,0,active,,0
444577,382214,383188,import_depends,downstream,critical,"",import,[],"",anti_corruption_layer,service_down,circuit_break,"","","",one_to_many,1,0,active,,0
444578,382215,381476,import_depends,downstream,critical,"",import,[],"","",service_down,circuit_break,"","","",one_to_many,1,0,active,,0
444579,382218,381476,import_depends,downstream,critical,"",import,[],"","",service_down,circuit_break,"","","",one_to_many,1,0,active,,0
444580,382222,383200,import_depends,downstream,critical,"",import,[],"",anti_corruption_layer,service_down,circuit_break,"","","",one_to_many,1,0,active,,0
444581,382223,383202,import_depends,downstream,critical,"",import,[],"",anti_corruption_layer,service_down,circuit_break,"","","",one_to_many,1,0,active,,0
444582,382223,383206,import_depends,downstream,critical,"",import,[],"",anti_corruption_layer,service_down,circuit_break,"","","",one_to_many,1,0,active,,0
444583,382223,383200,import_depends,downstream,critical,"",import,[],"",anti_corruption_layer,service_down,circuit_break,"","","",one_to_many,1,0,active,,0
444584,382223,383201,import_depends,downstream,critical,"",import,[],"",anti_corruption_layer,service_down,circuit_break,"","","",one_to_many,1,0,active,,0
444585,382228,383202,import_depends,downstream,critical,"",import,[],"",anti_corruption_layer,service_down,circuit_break,"","","",one_to_many,1,0,active,,0
444586,382228,383206,import_depends,downstream,critical,"",import,[],"",anti_corruption_layer,service_down,circuit_break,"","","",one_to_many,1,0,active,,0
444587,382228,383200,import_depends,downstream,critical,"",import,[],"",anti_corruption_layer,service_down,circuit_break,"","","",one_to_many,1,0,active,,0
444588,382228,383201,import_depends,downstream,critical,"",import,[],"",anti_corruption_layer,service_down,circuit_break,"","","",one_to_many,1,0,active,,0
444589,382233,382228,import_depends,downstream,required,"",import,[],"",shared_kernel,timeout,graceful_degradation,"","","",one_to_many,0,0,active,,0
444590,382233,382230,import_depends,downstream,required,"",import,[],"",shared_kernel,timeout,graceful_degradation,"","","",one_to_many,0,0,active,,0
444591,382234,382669,import_depends,downstream,critical,"",import,[],"",anti_corruption_layer,service_down,circuit_break,"","","",one_to_many,1,0,active,,0
444592,382235,382223,import_depends,downstream,required,"",import,[],"",shared_kernel,timeout,graceful_degradation,"","","",one_to_many,0,0,active,,0
444593,382235,382226,import_depends,downstream,required,"",import,[],"",shared_kernel,timeout,graceful_degradation,"","","",one_to_many,0,0,active,,0
444594,382236,382235,import_depends,downstream,required,"",import,[],"",shared_kernel,timeout,graceful_degradation,"","","",one_to_many,0,0,active,,0
444595,382236,382237,import_depends,downstream,required,"",import,[],"",shared_kernel,timeout,graceful_degradation,"","","",one_to_many,0,0,active,,0
444596,382236,382241,import_depends,downstream,required,"",import,[],"",shared_kernel,timeout,graceful_degradation,"","","",one_to_many,0,0,active,,0
444597,382236,382238,import_depends,downstream,required,"",import,[],"",shared_kernel,timeout,graceful_degradation,"","","",one_to_many,0,0,active,,0
444598,382236,382223,import_depends,downstream,required,"",import,[],"",shared_kernel,timeout,graceful_degradation,"","","",one_to_many,0,0,active,,0
444599,382236,382226,import_depends,downstream,required,"",import,[],"",shared_kernel,timeout,graceful_degradation,"","","",one_to_many,0,0,active,,0
444600,382237,382223,import_depends,downstream,required,"",import,[],"",shared_kernel,timeout,graceful_degradation,"","","",one_to_many,0,0,active,,0
444601,382237,383200,import_depends,downstream,critical,"",import,[],"",anti_corruption_layer,service_down,circuit_break,"","","",one_to_many,1,0,active,,0
444602,382238,382226,import_depends,downstream,required,"",import,[],"",shared_kernel,timeout,graceful_degradation,"","","",one_to_many,0,0,active,,0
444603,382239,382299,import_depends,downstream,required,"",import,[],"",shared_kernel,timeout,graceful_degradation,"","","",one_to_many,0,0,active,,0
444604,382239,382378,import_depends,downstream,required,"",import,[],"",shared_kernel,timeout,graceful_degradation,"","","",one_to_many,0,0,active,,0
444605,382241,382223,import_depends,downstream,required,"",import,[],"",shared_kernel,timeout,graceful_degradation,"","","",one_to_many,0,0,active,,0
444606,382241,382225,import_depends,downstream,required,"",import,[],"",shared_kernel,timeout,graceful_degradation,"","","",one_to_many,0,0,active,,0
444607,382272,382248,import_depends,downstream,required,"",import,[],"","",timeout,graceful_degradation,"","","",one_to_many,0,0,active,,0
444608,382272,382261,import_depends,downstream,required,"",import,[],"","",timeout,graceful_degradation,"","","",one_to_many,0,0,active,,0
444609,382272,382279,import_depends,downstream,required,"",import,[],"","",timeout,graceful_degradation,"","","",one_to_many,0,0,active,,0
444610,382272,382283,import_depends,downstream,required,"",import,[],"","",timeout,graceful_degradation,"","","",one_to_many,0,0,active,,0
444611,382272,382271,import_depends,downstream,required,"",import,[],"","",timeout,graceful_degradation,"","","",one_to_many,0,0,active,,0
444612,382279,382595,import_depends,downstream,critical,"",import,[],"","",service_down,circuit_break,"","","",one_to_many,1,0,active,,0
444613,382303,382278,import_depends,downstream,required,"",import,[],"","",timeout,graceful_degradation,"","","",one_to_many,0,0,active,,0
444614,382311,382278,import_depends,downstream,required,"",import,[],"","",timeout,graceful_degradation,"","","",one_to_many,0,0,active,,0
444615,382319,382332,import_depends,downstream,required,"",import,[],"",shared_kernel,timeout,graceful_degradation,"","","",one_to_many,0,0,active,,0
444616,382324,381521,import_depends,downstream,critical,"",import,[],"","",service_down,circuit_break,"","","",one_to_many,1,0,active,,0
444617,382324,382332,import_depends,downstream,required,"",import,[],"",shared_kernel,timeout,graceful_degradation,"","","",one_to_many,0,0,active,,0
444618,382325,382278,import_depends,downstream,required,"",import,[],"","",timeout,graceful_degradation,"","","",one_to_many,0,0,active,,0
444619,382325,382279,import_depends,downstream,required,"",import,[],"","",timeout,graceful_degradation,"","","",one_to_many,0,0,active,,0
444620,382325,382311,import_depends,downstream,required,"",import,[],"","",timeout,graceful_degradation,"","","",one_to_many,0,0,active,,0
444621,382327,381561,import_depends,downstream,critical,"",import,[],"",anti_corruption_layer,service_down,circuit_break,"","","",one_to_many,1,0,active,,0
444622,382328,381393,import_depends,downstream,critical,"",import,[],"","",service_down,circuit_break,"","","",one_to_many,1,0,active,,0
444623,382329,382788,import_depends,downstream,critical,"",import,[],"","",service_down,circuit_break,"","","",one_to_many,1,0,active,,0
444624,382330,382333,import_depends,downstream,required,"",import,[],"",shared_kernel,timeout,graceful_degradation,"","","",one_to_many,0,0,active,,0
444625,382330,381844,import_depends,downstream,critical,"",import,[],"","",service_down,circuit_break,"","","",one_to_many,1,0,active,,0
444626,382331,382115,import_depends,downstream,critical,"",import,[],"",anti_corruption_layer,service_down,circuit_break,"","","",one_to_many,1,0,active,,0
444627,382332,382333,import_depends,downstream,required,"",import,[],"",shared_kernel,timeout,graceful_degradation,"","","",one_to_many,0,0,active,,0
444628,382333,380826,import_depends,downstream,critical,"",import,[],"","",service_down,circuit_break,"","","",one_to_many,1,0,active,,0
444629,382333,382334,import_depends,downstream,required,"",import,[],"",shared_kernel,timeout,graceful_degradation,"","","",one_to_many,0,0,active,,0
444630,382333,381563,import_depends,downstream,critical,"",import,[],"",anti_corruption_layer,service_down,circuit_break,"","","",one_to_many,1,0,active,,0
444631,382335,382325,import_depends,downstream,required,"",import,[],"","",timeout,graceful_degradation,"","","",one_to_many,0,0,active,,0
444632,382336,382333,import_depends,downstream,required,"",import,[],"",shared_kernel,timeout,graceful_degradation,"","","",one_to_many,0,0,active,,0
444633,382337,382729,import_depends,downstream,critical,"",import,[],"","",service_down,circuit_break,"","","",one_to_many,1,0,active,,0
444634,382337,382740,import_depends,downstream,critical,"",import,[],"","",service_down,circuit_break,"","","",one_to_many,1,0,active,,0
444635,382338,382324,import_depends,downstream,required,"",import,[],"",shared_kernel,timeout,graceful_degradation,"","","",one_to_many,0,0,active,,0
444636,382338,382332,import_depends,downstream,required,"",import,[],"",shared_kernel,timeout,graceful_degradation,"","","",one_to_many,0,0,active,,0
444637,382339,382333,import_depends,downstream,required,"",import,[],"",shared_kernel,timeout,graceful_degradation,"","","",one_to_many,0,0,active,,0
444638,382340,382323,import_depends,downstream,required,"",import,[],"",shared_kernel,timeout,graceful_degradation,"","","",one_to_many,0,0,active,,0
444639,382340,382321,import_depends,downstream,required,"",import,[],"",shared_kernel,timeout,graceful_degradation,"","","",one_to_many,0,0,active,,0
444640,382340,382342,import_depends,downstream,required,"",import,[],"",shared_kernel,timeout,graceful_degradation,"","","",one_to_many,0,0,active,,0
444641,382340,382326,import_depends,downstream,required,"",import,[],"",shared_kernel,timeout,graceful_degradation,"","","",one_to_many,0,0,active,,0
444642,382341,382333,import_depends,downstream,required,"",import,[],"",shared_kernel,timeout,graceful_degradation,"","","",one_to_many,0,0,active,,0
444643,382343,382332,import_depends,downstream,required,"",import,[],"",shared_kernel,timeout,graceful_degradation,"","","",one_to_many,0,0,active,,0
444644,382344,382333,import_depends,downstream,required,"",import,[],"",shared_kernel,timeout,graceful_degradation,"","","",one_to_many,0,0,active,,0
444645,382345,382333,import_depends,downstream,required,"",import,[],"",shared_kernel,timeout,graceful_degradation,"","","",one_to_many,0,0,active,,0
444646,382350,382345,import_depends,downstream,required,"",import,[],"",shared_kernel,timeout,graceful_degradation,"","","",one_to_many,0,0,active,,0
444647,382350,382323,import_depends,downstream,required,"",import,[],"",shared_kernel,timeout,graceful_degradation,"","","",one_to_many,0,0,active,,0
444648,382350,382319,import_depends,downstream,required,"",import,[],"",shared_kernel,timeout,graceful_degradation,"","","",one_to_many,0,0,active,,0
444649,382350,382324,import_depends,downstream,required,"",import,[],"",shared_kernel,timeout,graceful_degradation,"","","",one_to_many,0,0,active,,0
444650,382350,382321,import_depends,downstream,required,"",import,[],"",shared_kernel,timeout,graceful_degradation,"","","",one_to_many,0,0,active,,0
444651,382350,382326,import_depends,downstream,required,"",import,[],"",shared_kernel,timeout,graceful_degradation,"","","",one_to_many,0,0,active,,0
444652,382350,382334,import_depends,downstream,required,"",import,[],"",shared_kernel,timeout,graceful_degradation,"","","",one_to_many,0,0,active,,0
444653,382350,382332,import_depends,downstream,required,"",import,[],"",shared_kernel,timeout,graceful_degradation,"","","",one_to_many,0,0,active,,0
444654,382350,382340,import_depends,downstream,required,"",import,[],"",shared_kernel,timeout,graceful_degradation,"","","",one_to_many,0,0,active,,0
444655,382350,382337,import_depends,downstream,required,"",import,[],"",shared_kernel,timeout,graceful_degradation,"","","",one_to_many,0,0,active,,0
444656,382350,382336,import_depends,downstream,required,"",import,[],"",shared_kernel,timeout,graceful_degradation,"","","",one_to_many,0,0,active,,0
444657,382350,382339,import_depends,downstream,required,"",import,[],"",shared_kernel,timeout,graceful_degradation,"","","",one_to_many,0,0,active,,0
444658,382350,382338,import_depends,downstream,required,"",import,[],"",shared_kernel,timeout,graceful_degradation,"","","",one_to_many,0,0,active,,0
444659,382350,382342,import_depends,downstream,required,"",import,[],"",shared_kernel,timeout,graceful_degradation,"","","",one_to_many,0,0,active,,0
444660,382350,382341,import_depends,downstream,required,"",import,[],"",shared_kernel,timeout,graceful_degradation,"","","",one_to_many,0,0,active,,0
444661,382350,382343,import_depends,downstream,required,"",import,[],"",shared_kernel,timeout,graceful_degradation,"","","",one_to_many,0,0,active,,0
444662,382350,382344,import_depends,downstream,required,"",import,[],"",shared_kernel,timeout,graceful_degradation,"","","",one_to_many,0,0,active,,0
444663,382353,382374,import_depends,downstream,required,"",import,[],"",shared_kernel,timeout,graceful_degradation,"","","",one_to_many,0,0,active,,0
444664,382354,382353,import_depends,downstream,required,"",import,[],"",shared_kernel,timeout,graceful_degradation,"","","",one_to_many,0,0,active,,0
444665,382354,382356,import_depends,downstream,required,"",import,[],"",shared_kernel,timeout,graceful_degradation,"","","",one_to_many,0,0,active,,0
444666,382354,382361,import_depends,downstream,required,"",import,[],"",shared_kernel,timeout,graceful_degradation,"","","",one_to_many,0,0,active,,0
444667,382356,382374,import_depends,downstream,required,"",import,[],"",shared_kernel,timeout,graceful_degradation,"","","",one_to_many,0,0,active,,0
444668,382357,382374,import_depends,downstream,required,"",import,[],"",shared_kernel,timeout,graceful_degradation,"","","",one_to_many,0,0,active,,0
444669,382358,382364,import_depends,downstream,required,"",import,[],"",shared_kernel,timeout,graceful_degradation,"","","",one_to_many,0,0,active,,0
444670,382358,382367,import_depends,downstream,required,"",import,[],"",shared_kernel,timeout,graceful_degradation,"","","",one_to_many,0,0,active,,0
444671,382358,382374,import_depends,downstream,required,"",import,[],"",shared_kernel,timeout,graceful_degradation,"","","",one_to_many,0,0,active,,0
444672,382358,382369,import_depends,downstream,required,"",import,[],"",shared_kernel,timeout,graceful_degradation,"","","",one_to_many,0,0,active,,0
444673,382358,382375,import_depends,downstream,required,"",import,[],"",shared_kernel,timeout,graceful_degradation,"","","",one_to_many,0,0,active,,0
444674,382360,382595,import_depends,downstream,critical,"",import,[],"","",service_down,circuit_break,"","","",one_to_many,1,0,active,,0
444675,382360,382374,import_depends,downstream,required,"",import,[],"","",timeout,graceful_degradation,"","","",one_to_many,0,0,active,,0
444676,382360,382356,import_depends,downstream,required,"",import,[],"","",timeout,graceful_degradation,"","","",one_to_many,0,0,active,,0
444677,382360,382375,import_depends,downstream,required,"",import,[],"","",timeout,graceful_degradation,"","","",one_to_many,0,0,active,,0
444678,382362,382374,import_depends,downstream,required,"",import,[],"",shared_kernel,timeout,graceful_degradation,"","","",one_to_many,0,0,active,,0
444679,382363,382374,import_depends,downstream,required,"",import,[],"",shared_kernel,timeout,graceful_degradation,"","","",one_to_many,0,0,active,,0
444680,382365,382367,import_depends,downstream,required,"",import,[],"",shared_kernel,timeout,graceful_degradation,"","","",one_to_many,0,0,active,,0
444681,382366,382374,import_depends,downstream,required,"",import,[],"",shared_kernel,timeout,graceful_degradation,"","","",one_to_many,0,0,active,,0
444682,382366,380826,import_depends,downstream,critical,"",import,[],"",anti_corruption_layer,service_down,circuit_break,"","","",one_to_many,1,0,active,,0
444683,382366,381615,import_depends,downstream,critical,"",import,[],"","",service_down,circuit_break,"","","",one_to_many,1,0,active,,0
444684,382366,381572,import_depends,downstream,critical,"",import,[],"",anti_corruption_layer,service_down,circuit_break,"","","",one_to_many,1,0,active,,0
444685,382366,382075,import_depends,downstream,critical,"",import,[],"",anti_corruption_layer,service_down,circuit_break,"","","",one_to_many,1,0,active,,0
444686,382366,382076,import_depends,downstream,critical,"",import,[],"",anti_corruption_layer,service_down,circuit_break,"","","",one_to_many,1,0,active,,0
444687,382367,382357,import_depends,downstream,required,"",import,[],"",shared_kernel,timeout,graceful_degradation,"","","",one_to_many,0,0,active,,0
444688,382367,382374,import_depends,downstream,required,"",import,[],"",shared_kernel,timeout,graceful_degradation,"","","",one_to_many,0,0,active,,0
444689,382367,382375,import_depends,downstream,required,"",import,[],"",shared_kernel,timeout,graceful_degradation,"","","",one_to_many,0,0,active,,0
444690,382368,382374,import_depends,downstream,required,"",import,[],"",shared_kernel,timeout,graceful_degradation,"","","",one_to_many,0,0,active,,0
444691,382368,381615,import_depends,downstream,critical,"",import,[],"","",service_down,circuit_break,"","","",one_to_many,1,0,active,,0
444692,382369,382374,import_depends,downstream,required,"",import,[],"",shared_kernel,timeout,graceful_degradation,"","","",one_to_many,0,0,active,,0
444693,382370,382374,import_depends,downstream,required,"",import,[],"",shared_kernel,timeout,graceful_degradation,"","","",one_to_many,0,0,active,,0
444694,382371,382375,import_depends,downstream,required,"",import,[],"","",timeout,graceful_degradation,"","","",one_to_many,0,0,active,,0
444695,382372,382362,import_depends,downstream,required,"",import,[],"",shared_kernel,timeout,graceful_degradation,"","","",one_to_many,0,0,active,,0
444696,382372,382374,import_depends,downstream,required,"",import,[],"",shared_kernel,timeout,graceful_degradation,"","","",one_to_many,0,0,active,,0
444697,382372,382369,import_depends,downstream,required,"",import,[],"",shared_kernel,timeout,graceful_degradation,"","","",one_to_many,0,0,active,,0
444698,382372,382375,import_depends,downstream,required,"",import,[],"",shared_kernel,timeout,graceful_degradation,"","","",one_to_many,0,0,active,,0
444699,382373,382374,import_depends,downstream,required,"",import,[],"",shared_kernel,timeout,graceful_degradation,"","","",one_to_many,0,0,active,,0
444700,382375,382357,import_depends,downstream,required,"",import,[],"",shared_kernel,timeout,graceful_degradation,"","","",one_to_many,0,0,active,,0
444701,382375,382353,import_depends,downstream,required,"",import,[],"",shared_kernel,timeout,graceful_degradation,"","","",one_to_many,0,0,active,,0
444702,382375,382361,import_depends,downstream,required,"",import,[],"",shared_kernel,timeout,graceful_degradation,"","","",one_to_many,0,0,active,,0
444703,382375,382366,import_depends,downstream,required,"",import,[],"",shared_kernel,timeout,graceful_degradation,"","","",one_to_many,0,0,active,,0
444704,382375,382374,import_depends,downstream,required,"",import,[],"",shared_kernel,timeout,graceful_degradation,"","","",one_to_many,0,0,active,,0
444705,382375,382369,import_depends,downstream,required,"",import,[],"",shared_kernel,timeout,graceful_degradation,"","","",one_to_many,0,0,active,,0
444706,382375,382373,import_depends,downstream,required,"",import,[],"",shared_kernel,timeout,graceful_degradation,"","","",one_to_many,0,0,active,,0
444707,382378,382359,import_depends,downstream,required,"",import,[],"",shared_kernel,timeout,graceful_degradation,"","","",one_to_many,0,0,active,,0
444708,382378,382354,import_depends,downstream,required,"",import,[],"",shared_kernel,timeout,graceful_degradation,"","","",one_to_many,0,0,active,,0
444709,382378,382357,import_depends,downstream,required,"",import,[],"",shared_kernel,timeout,graceful_degradation,"","","",one_to_many,0,0,active,,0
444710,382378,382353,import_depends,downstream,required,"",import,[],"",shared_kernel,timeout,graceful_degradation,"","","",one_to_many,0,0,active,,0
444711,382378,382356,import_depends,downstream,required,"",import,[],"",shared_kernel,timeout,graceful_degradation,"","","",one_to_many,0,0,active,,0
444712,382378,382361,import_depends,downstream,required,"",import,[],"",shared_kernel,timeout,graceful_degradation,"","","",one_to_many,0,0,active,,0
444713,382378,382358,import_depends,downstream,required,"",import,[],"",shared_kernel,timeout,graceful_degradation,"","","",one_to_many,0,0,active,,0
444714,382378,382364,import_depends,downstream,required,"",import,[],"",shared_kernel,timeout,graceful_degradation,"","","",one_to_many,0,0,active,,0
444715,382378,382363,import_depends,downstream,required,"",import,[],"",shared_kernel,timeout,graceful_degradation,"","","",one_to_many,0,0,active,,0
444716,382378,382368,import_depends,downstream,required,"",import,[],"",shared_kernel,timeout,graceful_degradation,"","","",one_to_many,0,0,active,,0
444717,382378,382362,import_depends,downstream,required,"",import,[],"",shared_kernel,timeout,graceful_degradation,"","","",one_to_many,0,0,active,,0
444718,382378,382366,import_depends,downstream,required,"",import,[],"",shared_kernel,timeout,graceful_degradation,"","","",one_to_many,0,0,active,,0
444719,382378,382367,import_depends,downstream,required,"",import,[],"",shared_kernel,timeout,graceful_degradation,"","","",one_to_many,0,0,active,,0
444720,382378,382365,import_depends,downstream,required,"",import,[],"",shared_kernel,timeout,graceful_degradation,"","","",one_to_many,0,0,active,,0
444721,382378,382370,import_depends,downstream,required,"",import,[],"",shared_kernel,timeout,graceful_degradation,"","","",one_to_many,0,0,active,,0
444722,382378,382372,import_depends,downstream,required,"",import,[],"",shared_kernel,timeout,graceful_degradation,"","","",one_to_many,0,0,active,,0
444723,382378,382374,import_depends,downstream,required,"",import,[],"",shared_kernel,timeout,graceful_degradation,"","","",one_to_many,0,0,active,,0
444724,382378,382369,import_depends,downstream,required,"",import,[],"",shared_kernel,timeout,graceful_degradation,"","","",one_to_many,0,0,active,,0
444725,382378,382373,import_depends,downstream,required,"",import,[],"",shared_kernel,timeout,graceful_degradation,"","","",one_to_many,0,0,active,,0
444726,382378,382375,import_depends,downstream,required,"",import,[],"",shared_kernel,timeout,graceful_degradation,"","","",one_to_many,0,0,active,,0
444727,382378,382355,import_depends,downstream,required,"",import,[],"",shared_kernel,timeout,graceful_degradation,"","","",one_to_many,0,0,active,,0
444728,382381,382358,import_depends,downstream,required,"",import,[],"",shared_kernel,timeout,graceful_degradation,"","","",one_to_many,0,0,active,,0
444729,382384,382595,import_depends,downstream,critical,"",import,[],"","",service_down,circuit_break,"","","",one_to_many,1,0,active,,0
444730,382389,382553,import_depends,downstream,critical,"",import,[],"",anti_corruption_layer,service_down,circuit_break,"","","",one_to_many,1,0,active,,0
444731,382390,382664,import_depends,downstream,critical,"",import,[],"",anti_corruption_layer,service_down,circuit_break,"","","",one_to_many,1,0,active,,0
444732,382390,380989,import_depends,downstream,critical,"",import,[],"",anti_corruption_layer,service_down,circuit_break,"","","",one_to_many,1,0,active,,0
444733,382391,382400,import_depends,downstream,required,"",import,[],"",shared_kernel,timeout,graceful_degradation,"","","",one_to_many,0,0,active,,0
444734,382391,382398,import_depends,downstream,required,"",import,[],"",shared_kernel,timeout,graceful_degradation,"","","",one_to_many,0,0,active,,0
444735,382391,382403,import_depends,downstream,required,"",import,[],"",shared_kernel,timeout,graceful_degradation,"","","",one_to_many,0,0,active,,0
444736,382391,382397,import_depends,downstream,required,"",import,[],"",shared_kernel,timeout,graceful_degradation,"","","",one_to_many,0,0,active,,0
444737,382391,382399,import_depends,downstream,required,"",import,[],"",shared_kernel,timeout,graceful_degradation,"","","",one_to_many,0,0,active,,0
444738,382391,382404,import_depends,downstream,required,"",import,[],"",shared_kernel,timeout,graceful_degradation,"","","",one_to_many,0,0,active,,0
444739,382391,382401,import_depends,downstream,required,"",import,[],"",shared_kernel,timeout,graceful_degradation,"","","",one_to_many,0,0,active,,0
444740,382391,382408,import_depends,downstream,required,"",import,[],"",shared_kernel,timeout,graceful_degradation,"","","",one_to_many,0,0,active,,0
444741,382391,382407,import_depends,downstream,required,"",import,[],"",shared_kernel,timeout,graceful_degradation,"","","",one_to_many,0,0,active,,0
444742,382391,382389,import_depends,downstream,required,"",import,[],"",shared_kernel,timeout,graceful_degradation,"","","",one_to_many,0,0,active,,0
444743,382391,382388,import_depends,downstream,required,"",import,[],"","",timeout,graceful_degradation,"","","",one_to_many,0,0,active,,0
444744,382391,382418,import_depends,downstream,required,"",import,[],"",shared_kernel,timeout,graceful_degradation,"","","",one_to_many,0,0,active,,0
444745,382394,382390,import_depends,downstream,required,"",import,[],"",shared_kernel,timeout,graceful_degradation,"","","",one_to_many,0,0,active,,0
444746,382394,382391,import_depends,downstream,required,"",import,[],"",shared_kernel,timeout,graceful_degradation,"","","",one_to_many,0,0,active,,0
444747,382394,382387,import_depends,downstream,required,"",import,[],"",shared_kernel,timeout,graceful_degradation,"","","",one_to_many,0,0,active,,0
444748,382394,382384,import_depends,downstream,required,"",import,[],"",shared_kernel,timeout,graceful_degradation,"","","",one_to_many,0,0,active,,0
444749,382394,382389,import_depends,downstream,required,"",import,[],"",shared_kernel,timeout,graceful_degradation,"","","",one_to_many,0,0,active,,0
444750,382395,382595,import_depends,downstream,critical,"",import,[],"","",service_down,circuit_break,"","","",one_to_many,1,0,active,,0
444751,382395,382390,import_depends,downstream,required,"",import,[],"",shared_kernel,timeout,graceful_degradation,"","","",one_to_many,0,0,active,,0
444752,382395,382387,import_depends,downstream,required,"",import,[],"",shared_kernel,timeout,graceful_degradation,"","","",one_to_many,0,0,active,,0
444753,382395,382406,import_depends,downstream,required,"",import,[],"",shared_kernel,timeout,graceful_degradation,"","","",one_to_many,0,0,active,,0
444754,382395,382410,import_depends,downstream,required,"",import,[],"",shared_kernel,timeout,graceful_degradation,"","","",one_to_many,0,0,active,,0
444755,382395,382414,import_depends,downstream,required,"",import,[],"",shared_kernel,timeout,graceful_degradation,"","","",one_to_many,0,0,active,,0
444756,382395,382389,import_depends,downstream,required,"",import,[],"",shared_kernel,timeout,graceful_degradation,"","","",one_to_many,0,0,active,,0
444757,382395,382417,import_depends,downstream,required,"",import,[],"",shared_kernel,timeout,graceful_degradation,"","","",one_to_many,0,0,active,,0
444758,382397,382389,import_depends,downstream,required,"",import,[],"","",timeout,graceful_degradation,"","","",one_to_many,0,0,active,,0
444759,382397,382553,import_depends,downstream,critical,"",import,[],"","",service_down,circuit_break,"","","",one_to_many,1,0,active,,0
444760,382398,382389,import_depends,downstream,required,"",import,[],"","",timeout,graceful_degradation,"","","",one_to_many,0,0,active,,0
444761,382398,382553,import_depends,downstream,critical,"",import,[],"","",service_down,circuit_break,"","","",one_to_many,1,0,active,,0
444762,382399,382389,import_depends,downstream,required,"",import,[],"","",timeout,graceful_degradation,"","","",one_to_many,0,0,active,,0
444763,382399,382553,import_depends,downstream,critical,"",import,[],"","",service_down,circuit_break,"","","",one_to_many,1,0,active,,0
444764,382400,382389,import_depends,downstream,required,"",import,[],"","",timeout,graceful_degradation,"","","",one_to_many,0,0,active,,0
444765,382400,382553,import_depends,downstream,critical,"",import,[],"","",service_down,circuit_break,"","","",one_to_many,1,0,active,,0
444766,382401,382389,import_depends,downstream,required,"",import,[],"","",timeout,graceful_degradation,"","","",one_to_many,0,0,active,,0
444767,382401,382553,import_depends,downstream,critical,"",import,[],"","",service_down,circuit_break,"","","",one_to_many,1,0,active,,0
444768,382403,382389,import_depends,downstream,required,"",import,[],"","",timeout,graceful_degradation,"","","",one_to_many,0,0,active,,0
444769,382403,382553,import_depends,downstream,critical,"",import,[],"","",service_down,circuit_break,"","","",one_to_many,1,0,active,,0
444770,382404,382389,import_depends,downstream,required,"",import,[],"","",timeout,graceful_degradation,"","","",one_to_many,0,0,active,,0
444771,382404,382553,import_depends,downstream,critical,"",import,[],"","",service_down,circuit_break,"","","",one_to_many,1,0,active,,0
444772,382407,382389,import_depends,downstream,required,"",import,[],"","",timeout,graceful_degradation,"","","",one_to_many,0,0,active,,0
444773,382407,382553,import_depends,downstream,critical,"",import,[],"","",service_down,circuit_break,"","","",one_to_many,1,0,active,,0
444774,382408,382389,import_depends,downstream,required,"",import,[],"","",timeout,graceful_degradation,"","","",one_to_many,0,0,active,,0
444775,382408,382553,import_depends,downstream,critical,"",import,[],"","",service_down,circuit_break,"","","",one_to_many,1,0,active,,0
444776,382411,382648,import_depends,downstream,critical,"",import,[],"",anti_corruption_layer,service_down,circuit_break,"","","",one_to_many,1,0,active,,0
444777,382412,382652,import_depends,downstream,critical,"",import,[],"","",service_down,circuit_break,"","","",one_to_many,1,0,active,,0
444778,382412,382391,import_depends,downstream,required,"",import,[],"",shared_kernel,timeout,graceful_degradation,"","","",one_to_many,0,0,active,,0
444779,382416,380989,import_depends,downstream,critical,"",import,[],"",anti_corruption_layer,service_down,circuit_break,"","","",one_to_many,1,0,active,,0
444780,382418,382413,import_depends,downstream,required,"",import,[],"",shared_kernel,timeout,graceful_degradation,"","","",one_to_many,0,0,active,,0
444781,382418,382389,import_depends,downstream,required,"",import,[],"","",timeout,graceful_degradation,"","","",one_to_many,0,0,active,,0
444782,382418,382553,import_depends,downstream,critical,"",import,[],"","",service_down,circuit_break,"","","",one_to_many,1,0,active,,0
444783,382419,382391,import_depends,downstream,required,"",import,[],"",shared_kernel,timeout,graceful_degradation,"","","",one_to_many,0,0,active,,0
444784,382419,382414,import_depends,downstream,required,"",import,[],"",shared_kernel,timeout,graceful_degradation,"","","",one_to_many,0,0,active,,0
444785,382419,382389,import_depends,downstream,required,"",import,[],"",shared_kernel,timeout,graceful_degradation,"","","",one_to_many,0,0,active,,0
444786,382419,382652,import_depends,downstream,critical,"",import,[],"","",service_down,circuit_break,"","","",one_to_many,1,0,active,,0
444787,382437,382644,import_depends,downstream,required,"",import,[],"","",timeout,graceful_degradation,"","","",one_to_many,0,0,active,,0
444788,382440,382568,import_depends,downstream,required,"",import,[],"",shared_kernel,timeout,graceful_degradation,"","","",one_to_many,0,0,active,,0
444789,382440,382596,import_depends,downstream,required,"",import,[],"",shared_kernel,timeout,graceful_degradation,"","","",one_to_many,0,0,active,,0
444790,382440,382633,import_depends,downstream,required,"",import,[],"",shared_kernel,timeout,graceful_degradation,"","","",one_to_many,0,0,active,,0
444791,382440,382635,import_depends,downstream,required,"",import,[],"",shared_kernel,timeout,graceful_degradation,"","","",one_to_many,0,0,active,,0
444792,382445,382640,import_depends,downstream,required,"",import,[],"",shared_kernel,timeout,graceful_degradation,"","","",one_to_many,0,0,active,,0
444793,382445,382595,import_depends,downstream,required,"",import,[],"","",timeout,graceful_degradation,"","","",one_to_many,0,0,active,,0
444794,382467,382511,import_depends,downstream,required,"",import,[],"","",timeout,graceful_degradation,"","","",one_to_many,0,0,active,,0
444795,382470,382511,import_depends,downstream,required,"",import,[],"","",timeout,graceful_degradation,"","","",one_to_many,0,0,active,,0
444796,382471,382511,import_depends,downstream,required,"",import,[],"","",timeout,graceful_degradation,"","","",one_to_many,0,0,active,,0
444797,382474,382511,import_depends,downstream,required,"",import,[],"","",timeout,graceful_degradation,"","","",one_to_many,0,0,active,,0
444798,382479,382511,import_depends,downstream,required,"",import,[],"","",timeout,graceful_degradation,"","","",one_to_many,0,0,active,,0
444799,382481,382511,import_depends,downstream,required,"",import,[],"","",timeout,graceful_degradation,"","","",one_to_many,0,0,active,,0
444800,382481,383188,import_depends,downstream,critical,"",import,[],"","",service_down,circuit_break,"","","",one_to_many,1,0,active,,0
444801,382483,382511,import_depends,downstream,required,"",import,[],"","",timeout,graceful_degradation,"","","",one_to_many,0,0,active,,0
444802,382487,382639,import_depends,downstream,required,"",import,[],"","",timeout,graceful_degradation,"","","",one_to_many,0,0,active,,0
444803,382487,382595,import_depends,downstream,required,"",import,[],"","",timeout,graceful_degradation,"","","",one_to_many,0,0,active,,0
444804,382488,382511,import_depends,downstream,required,"",import,[],"","",timeout,graceful_degradation,"","","",one_to_many,0,0,active,,0
444805,382491,382502,import_depends,downstream,required,"",import,[],"",shared_kernel,timeout,graceful_degradation,"","","",one_to_many,0,0,active,,0
444806,382491,382501,import_depends,downstream,required,"",import,[],"",shared_kernel,timeout,graceful_degradation,"","","",one_to_many,0,0,active,,0
444807,382491,382504,import_depends,downstream,required,"",import,[],"",shared_kernel,timeout,graceful_degradation,"","","",one_to_many,0,0,active,,0
444808,382491,382507,import_depends,downstream,required,"",import,[],"",shared_kernel,timeout,graceful_degradation,"","","",one_to_many,0,0,active,,0
444809,382491,382503,import_depends,downstream,required,"",import,[],"",shared_kernel,timeout,graceful_degradation,"","","",one_to_many,0,0,active,,0
444810,382491,382505,import_depends,downstream,required,"",import,[],"",shared_kernel,timeout,graceful_degradation,"","","",one_to_many,0,0,active,,0
444811,382491,382508,import_depends,downstream,required,"",import,[],"",shared_kernel,timeout,graceful_degradation,"","","",one_to_many,0,0,active,,0
444812,382491,382511,import_depends,downstream,required,"",import,[],"",shared_kernel,timeout,graceful_degradation,"","","",one_to_many,0,0,active,,0
444813,382491,382523,import_depends,downstream,required,"",import,[],"",shared_kernel,timeout,graceful_degradation,"","","",one_to_many,0,0,active,,0
444814,382491,382521,import_depends,downstream,required,"",import,[],"",shared_kernel,timeout,graceful_degradation,"","","",one_to_many,0,0,active,,0
444815,382491,382529,import_depends,downstream,required,"",import,[],"",shared_kernel,timeout,graceful_degradation,"","","",one_to_many,0,0,active,,0
444816,382491,382524,import_depends,downstream,required,"",import,[],"",shared_kernel,timeout,graceful_degradation,"","","",one_to_many,0,0,active,,0
444817,382491,382534,import_depends,downstream,required,"",import,[],"",shared_kernel,timeout,graceful_degradation,"","","",one_to_many,0,0,active,,0
444818,382491,382476,import_depends,downstream,required,"",import,[],"",shared_kernel,timeout,graceful_degradation,"","","",one_to_many,0,0,active,,0
444819,382491,382478,import_depends,downstream,required,"",import,[],"",shared_kernel,timeout,graceful_degradation,"","","",one_to_many,0,0,active,,0
444820,382491,382547,import_depends,downstream,required,"",import,[],"",shared_kernel,timeout,graceful_degradation,"","","",one_to_many,0,0,active,,0
444821,382491,382544,import_depends,downstream,required,"",import,[],"",shared_kernel,timeout,graceful_degradation,"","","",one_to_many,0,0,active,,0
444822,382491,382546,import_depends,downstream,required,"",import,[],"",shared_kernel,timeout,graceful_degradation,"","","",one_to_many,0,0,active,,0
444823,382491,382485,import_depends,downstream,required,"",import,[],"",shared_kernel,timeout,graceful_degradation,"","","",one_to_many,0,0,active,,0
444824,382491,382490,import_depends,downstream,required,"",import,[],"",shared_kernel,timeout,graceful_degradation,"","","",one_to_many,0,0,active,,0
444825,382491,382499,import_depends,downstream,required,"",import,[],"",shared_kernel,timeout,graceful_degradation,"","","",one_to_many,0,0,active,,0
444826,382493,382511,import_depends,downstream,required,"",import,[],"","",timeout,graceful_degradation,"","","",one_to_many,0,0,active,,0
444827,382494,382511,import_depends,downstream,required,"",import,[],"","",timeout,graceful_degradation,"","","",one_to_many,0,0,active,,0
444828,382496,382511,import_depends,downstream,required,"",import,[],"",shared_kernel,timeout,graceful_degradation,"","","",one_to_many,0,0,active,,0
444829,382497,382511,import_depends,downstream,required,"",import,[],"","",timeout,graceful_degradation,"","","",one_to_many,0,0,active,,0
444830,382499,382497,import_depends,downstream,required,"",import,[],"","",timeout,graceful_degradation,"","","",one_to_many,0,0,active,,0
444831,382499,382494,import_depends,downstream,required,"",import,[],"","",timeout,graceful_degradation,"","","",one_to_many,0,0,active,,0
444832,382499,382493,import_depends,downstream,required,"",import,[],"","",timeout,graceful_degradation,"","","",one_to_many,0,0,active,,0
444833,382504,382640,import_depends,downstream,required,"",import,[],"",anti_corruption_layer,timeout,graceful_degradation,"","","",one_to_many,0,0,active,,0
444834,382504,382595,import_depends,downstream,required,"",import,[],"","",timeout,graceful_degradation,"","","",one_to_many,0,0,active,,0
444835,382504,382583,import_depends,downstream,required,"",import,[],"",anti_corruption_layer,timeout,graceful_degradation,"","","",one_to_many,0,0,active,,0
444836,382506,382511,import_depends,downstream,required,"",import,[],"",shared_kernel,timeout,graceful_degradation,"","","",one_to_many,0,0,active,,0
444837,382509,382498,import_depends,downstream,required,"",import,[],"",shared_kernel,timeout,graceful_degradation,"","","",one_to_many,0,0,active,,0
444838,382509,382500,import_depends,downstream,required,"",import,[],"",shared_kernel,timeout,graceful_degradation,"","","",one_to_many,0,0,active,,0
444839,382510,382511,import_depends,downstream,required,"",import,[],"","",timeout,graceful_degradation,"","","",one_to_many,0,0,active,,0
444840,382512,382511,import_depends,downstream,required,"",import,[],"",shared_kernel,timeout,graceful_degradation,"","","",one_to_many,0,0,active,,0
444841,382513,382511,import_depends,downstream,required,"",import,[],"","",timeout,graceful_degradation,"","","",one_to_many,0,0,active,,0
444842,382514,382511,import_depends,downstream,required,"",import,[],"",shared_kernel,timeout,graceful_degradation,"","","",one_to_many,0,0,active,,0
444843,382516,382511,import_depends,downstream,required,"",import,[],"","",timeout,graceful_degradation,"","","",one_to_many,0,0,active,,0
444844,382521,382517,import_depends,downstream,required,"",import,[],"",shared_kernel,timeout,graceful_degradation,"","","",one_to_many,0,0,active,,0
444845,382523,382512,import_depends,downstream,required,"",import,[],"",shared_kernel,timeout,graceful_degradation,"","","",one_to_many,0,0,active,,0
444846,382523,382506,import_depends,downstream,required,"",import,[],"",shared_kernel,timeout,graceful_degradation,"","","",one_to_many,0,0,active,,0
444847,382523,382510,import_depends,downstream,required,"",import,[],"","",timeout,graceful_degradation,"","","",one_to_many,0,0,active,,0
444848,382523,382514,import_depends,downstream,required,"",import,[],"",shared_kernel,timeout,graceful_degradation,"","","",one_to_many,0,0,active,,0
444849,382523,382513,import_depends,downstream,required,"",import,[],"","",timeout,graceful_degradation,"","","",one_to_many,0,0,active,,0
444850,382523,382516,import_depends,downstream,required,"",import,[],"","",timeout,graceful_degradation,"","","",one_to_many,0,0,active,,0
444851,382529,382511,import_depends,downstream,required,"",import,[],"",shared_kernel,timeout,graceful_degradation,"","","",one_to_many,0,0,active,,0
444852,382534,382535,import_depends,downstream,required,"",import,[],"",shared_kernel,timeout,graceful_degradation,"","","",one_to_many,0,0,active,,0
444853,382534,382536,import_depends,downstream,required,"",import,[],"",shared_kernel,timeout,graceful_degradation,"","","",one_to_many,0,0,active,,0
444854,382539,382533,import_depends,downstream,required,"",import,[],"",shared_kernel,timeout,graceful_degradation,"","","",one_to_many,0,0,active,,0
444855,382539,382542,import_depends,downstream,required,"",import,[],"",shared_kernel,timeout,graceful_degradation,"","","",one_to_many,0,0,active,,0
444856,382539,382538,import_depends,downstream,required,"",import,[],"",shared_kernel,timeout,graceful_degradation,"","","",one_to_many,0,0,active,,0
444857,382539,382537,import_depends,downstream,required,"",import,[],"",shared_kernel,timeout,graceful_degradation,"","","",one_to_many,0,0,active,,0
444858,382539,382541,import_depends,downstream,required,"",import,[],"",shared_kernel,timeout,graceful_degradation,"","","",one_to_many,0,0,active,,0
444859,382539,382540,import_depends,downstream,required,"",import,[],"",shared_kernel,timeout,graceful_degradation,"","","",one_to_many,0,0,active,,0
444860,382545,382543,import_depends,downstream,required,"",import,[],"",shared_kernel,timeout,graceful_degradation,"","","",one_to_many,0,0,active,,0
444861,382552,382550,import_depends,downstream,required,"",import,[],"",shared_kernel,timeout,graceful_degradation,"","","",one_to_many,0,0,active,,0
444862,382552,382548,import_depends,downstream,required,"",import,[],"",shared_kernel,timeout,graceful_degradation,"","","",one_to_many,0,0,active,,0
444863,382552,382551,import_depends,downstream,required,"",import,[],"",shared_kernel,timeout,graceful_degradation,"","","",one_to_many,0,0,active,,0
444864,382552,382549,import_depends,downstream,required,"",import,[],"",shared_kernel,timeout,graceful_degradation,"","","",one_to_many,0,0,active,,0
444865,382552,382556,import_depends,downstream,required,"",import,[],"",shared_kernel,timeout,graceful_degradation,"","","",one_to_many,0,0,active,,0
444866,382555,382553,import_depends,downstream,required,"",import,[],"",shared_kernel,timeout,graceful_degradation,"","","",one_to_many,0,0,active,,0
444867,382559,382583,import_depends,downstream,required,"",import,[],"",shared_kernel,timeout,graceful_degradation,"","","",one_to_many,0,0,active,,0
444868,382560,382583,import_depends,downstream,required,"",import,[],"","",timeout,graceful_degradation,"","","",one_to_many,0,0,active,,0
444869,382561,382583,import_depends,downstream,required,"",import,[],"",shared_kernel,timeout,graceful_degradation,"","","",one_to_many,0,0,active,,0
444870,382561,382639,import_depends,downstream,required,"",import,[],"",shared_kernel,timeout,graceful_degradation,"","","",one_to_many,0,0,active,,0
444871,382562,382559,import_depends,downstream,required,"",import,[],"",shared_kernel,timeout,graceful_degradation,"","","",one_to_many,0,0,active,,0
444872,382564,382581,import_depends,downstream,required,"",import,[],"","",timeout,graceful_degradation,"","","",one_to_many,0,0,active,,0
444873,382566,382560,import_depends,downstream,required,"",import,[],"","",timeout,graceful_degradation,"","","",one_to_many,0,0,active,,0
444874,382567,382562,import_depends,downstream,required,"",import,[],"",shared_kernel,timeout,graceful_degradation,"","","",one_to_many,0,0,active,,0
444875,382569,382568,import_depends,downstream,required,"",import,[],"",shared_kernel,timeout,graceful_degradation,"","","",one_to_many,0,0,active,,0
444876,382571,382661,import_depends,downstream,required,"",import,[],"","",timeout,graceful_degradation,"","","",one_to_many,0,0,active,,0
444877,382572,382507,import_depends,downstream,required,"",import,[],"",anti_corruption_layer,timeout,graceful_degradation,"","","",one_to_many,0,0,active,,0
444878,382572,382583,import_depends,downstream,required,"",import,[],"",shared_kernel,timeout,graceful_degradation,"","","",one_to_many,0,0,active,,0
444879,382572,382640,import_depends,downstream,required,"",import,[],"",shared_kernel,timeout,graceful_degradation,"","","",one_to_many,0,0,active,,0
444880,382575,382568,import_depends,downstream,required,"",import,[],"",shared_kernel,timeout,graceful_degradation,"","","",one_to_many,0,0,active,,0
444881,382576,382596,import_depends,downstream,required,"",import,[],"","",timeout,graceful_degradation,"","","",one_to_many,0,0,active,,0
444882,382577,382568,import_depends,downstream,required,"",import,[],"",shared_kernel,timeout,graceful_degradation,"","","",one_to_many,0,0,active,,0
444883,382578,382568,import_depends,downstream,required,"",import,[],"",shared_kernel,timeout,graceful_degradation,"","","",one_to_many,0,0,active,,0
444884,382579,382582,import_depends,downstream,required,"",import,[],"",shared_kernel,timeout,graceful_degradation,"","","",one_to_many,0,0,active,,0
444885,382579,382601,import_depends,downstream,critical,"",import,[],"",anti_corruption_layer,service_down,circuit_break,"","","",one_to_many,1,0,active,,0
444886,382580,382568,import_depends,downstream,required,"",import,[],"",shared_kernel,timeout,graceful_degradation,"","","",one_to_many,0,0,active,,0
444887,382581,382568,import_depends,downstream,required,"",import,[],"",shared_kernel,timeout,graceful_degradation,"","","",one_to_many,0,0,active,,0
444888,382582,382606,import_depends,downstream,critical,"",import,[],"",anti_corruption_layer,service_down,circuit_break,"","","",one_to_many,1,0,active,,0
444889,382584,382575,import_depends,downstream,required,"",import,[],"","",timeout,graceful_degradation,"","","",one_to_many,0,0,active,,0
444890,382586,382579,import_depends,downstream,required,"",import,[],"",shared_kernel,timeout,graceful_degradation,"","","",one_to_many,0,0,active,,0
444891,382586,382575,import_depends,downstream,required,"",import,[],"",shared_kernel,timeout,graceful_degradation,"","","",one_to_many,0,0,active,,0
444892,382589,382595,import_depends,downstream,required,"",import,[],"","",timeout,graceful_degradation,"","","",one_to_many,0,0,active,,0
444893,382589,382643,import_depends,downstream,required,"",import,[],"","",timeout,graceful_degradation,"","","",one_to_many,0,0,active,,0
444894,382590,382606,import_depends,downstream,critical,"",import,[],"",anti_corruption_layer,service_down,circuit_break,"","","",one_to_many,1,0,active,,0
444895,382591,382667,import_depends,downstream,required,"",import,[],"","",timeout,graceful_degradation,"","","",one_to_many,0,0,active,,0
444896,382596,382568,import_depends,downstream,required,"",import,[],"",shared_kernel,timeout,graceful_degradation,"","","",one_to_many,0,0,active,,0
444897,382598,382604,import_depends,downstream,required,"",import,[],"","",timeout,graceful_degradation,"","","",one_to_many,0,0,active,,0
444898,382608,382568,import_depends,downstream,critical,"",import,[],"","",service_down,circuit_break,"","","",one_to_many,1,0,active,,0
444899,382616,382643,import_depends,downstream,required,"",import,[],"","",timeout,graceful_degradation,"","","",one_to_many,0,0,active,,0
444900,382618,382660,import_depends,downstream,critical,"",import,[],"","",service_down,circuit_break,"","","",one_to_many,1,0,active,,0
444901,382620,382625,import_depends,downstream,required,"",import,[],"",shared_kernel,timeout,graceful_degradation,"","","",one_to_many,0,0,active,,0
444902,382625,382626,import_depends,downstream,required,"",import,[],"",shared_kernel,timeout,graceful_degradation,"","","",one_to_many,0,0,active,,0
444903,382625,382622,import_depends,downstream,required,"",import,[],"",shared_kernel,timeout,graceful_degradation,"","","",one_to_many,0,0,active,,0
444904,382625,382621,import_depends,downstream,required,"",import,[],"",shared_kernel,timeout,graceful_degradation,"","","",one_to_many,0,0,active,,0
444905,382625,382623,import_depends,downstream,required,"",import,[],"",shared_kernel,timeout,graceful_degradation,"","","",one_to_many,0,0,active,,0
444906,382625,382624,import_depends,downstream,required,"",import,[],"",shared_kernel,timeout,graceful_degradation,"","","",one_to_many,0,0,active,,0
444907,382627,382626,import_depends,downstream,required,"",import,[],"",shared_kernel,timeout,graceful_degradation,"","","",one_to_many,0,0,active,,0
444908,382627,382622,import_depends,downstream,required,"",import,[],"",shared_kernel,timeout,graceful_degradation,"","","",one_to_many,0,0,active,,0
444909,382633,382568,import_depends,downstream,required,"",import,[],"",shared_kernel,timeout,graceful_degradation,"","","",one_to_many,0,0,active,,0
444910,382634,382568,import_depends,downstream,required,"",import,[],"",shared_kernel,timeout,graceful_degradation,"","","",one_to_many,0,0,active,,0
444911,382635,382568,import_depends,downstream,required,"",import,[],"",shared_kernel,timeout,graceful_degradation,"","","",one_to_many,0,0,active,,0
444912,382636,382580,import_depends,downstream,required,"",import,[],"","",timeout,graceful_degradation,"","","",one_to_many,0,0,active,,0
444913,382637,382428,import_depends,downstream,required,"",import,[],"",shared_kernel,timeout,graceful_degradation,"","","",one_to_many,0,0,active,,0
444914,382637,382568,import_depends,downstream,required,"",import,[],"",shared_kernel,timeout,graceful_degradation,"","","",one_to_many,0,0,active,,0
444915,382640,382639,import_depends,downstream,required,"",import,[],"",shared_kernel,timeout,graceful_degradation,"","","",one_to_many,0,0,active,,0
444916,382640,382638,import_depends,downstream,required,"",import,[],"",shared_kernel,timeout,graceful_degradation,"","","",one_to_many,0,0,active,,0
444917,382643,382595,import_depends,downstream,required,"",import,[],"",shared_kernel,timeout,graceful_degradation,"","","",one_to_many,0,0,active,,0
444918,382644,382568,import_depends,downstream,required,"",import,[],"",shared_kernel,timeout,graceful_degradation,"","","",one_to_many,0,0,active,,0
444919,382645,382577,import_depends,downstream,required,"",import,[],"","",timeout,graceful_degradation,"","","",one_to_many,0,0,active,,0
444920,382647,382578,import_depends,downstream,required,"",import,[],"","",timeout,graceful_degradation,"","","",one_to_many,0,0,active,,0
444921,382648,382568,import_depends,downstream,required,"",import,[],"",shared_kernel,timeout,graceful_degradation,"","","",one_to_many,0,0,active,,0
444922,382648,383062,import_depends,downstream,critical,"",import,[],"","",service_down,circuit_break,always,"",low,one_to_many,1,0,active,,0
444923,382649,381174,import_depends,downstream,critical,"",import,[],"","",service_down,circuit_break,"","","",one_to_many,1,0,active,,0
444924,382653,382587,import_depends,downstream,required,"",import,[],"","",timeout,graceful_degradation,"","","",one_to_many,0,0,active,,0
444925,382657,382588,import_depends,downstream,required,"",import,[],"","",timeout,graceful_degradation,"","","",one_to_many,0,0,active,,0
444926,382659,382585,import_depends,downstream,required,"",import,[],"","",timeout,graceful_degradation,"","","",one_to_many,0,0,active,,0
444927,382662,382660,import_depends,downstream,required,"",import,[],"","",timeout,graceful_degradation,"","","",one_to_many,0,0,active,,0
444928,382663,382640,import_depends,downstream,required,"",import,[],"",shared_kernel,timeout,graceful_degradation,"","","",one_to_many,0,0,active,,0
444929,382666,382655,import_depends,downstream,required,"",import,[],"",shared_kernel,timeout,graceful_degradation,"","","",one_to_many,0,0,active,,0
444930,382669,382173,import_depends,downstream,critical,"",import,[],"",anti_corruption_layer,service_down,circuit_break,"","","",one_to_many,1,0,active,,0
444931,382669,382172,import_depends,downstream,critical,"",import,[],"",anti_corruption_layer,service_down,circuit_break,"","","",one_to_many,1,0,active,,0
444932,382669,382708,import_depends,downstream,critical,"",import,[],"","",service_down,circuit_break,"","","",one_to_many,1,0,active,,0
444933,382676,382688,import_depends,downstream,required,"",import,[],"",shared_kernel,timeout,graceful_degradation,"","","",one_to_many,0,0,active,,0
444934,382676,383183,import_depends,downstream,critical,"",import,[],"",anti_corruption_layer,service_down,circuit_break,"","","",one_to_many,1,0,active,,0
444935,382676,383197,import_depends,downstream,critical,"",import,[],"",anti_corruption_layer,service_down,circuit_break,"","","",one_to_many,1,0,active,,0
444936,382681,381102,import_depends,downstream,critical,"",import,[],"","",service_down,circuit_break,"","","",one_to_many,1,0,active,,0
444937,382681,382700,import_depends,downstream,required,"",import,[],"",anti_corruption_layer,timeout,graceful_degradation,"","","",one_to_many,0,0,active,,0
444938,382681,383190,import_depends,downstream,critical,"",import,[],"",anti_corruption_layer,service_down,circuit_break,"","","",one_to_many,1,0,active,,0
444939,382681,383197,import_depends,downstream,critical,"",import,[],"",anti_corruption_layer,service_down,circuit_break,"","","",one_to_many,1,0,active,,0
444940,382682,382688,import_depends,downstream,required,"",import,[],"",shared_kernel,timeout,graceful_degradation,"","","",one_to_many,0,0,active,,0
444941,382682,383183,import_depends,downstream,critical,"",import,[],"",anti_corruption_layer,service_down,circuit_break,"","","",one_to_many,1,0,active,,0
444942,382683,382688,import_depends,downstream,required,"",import,[],"",shared_kernel,timeout,graceful_degradation,"","","",one_to_many,0,0,active,,0
444943,382683,382697,import_depends,downstream,required,"",import,[],"",shared_kernel,timeout,graceful_degradation,"","","",one_to_many,0,0,active,,0
444944,382683,382700,import_depends,downstream,required,"",import,[],"",shared_kernel,timeout,graceful_degradation,"","","",one_to_many,0,0,active,,0
444945,382683,383197,import_depends,downstream,critical,"",import,[],"",anti_corruption_layer,service_down,circuit_break,"","","",one_to_many,1,0,active,,0
444946,382685,382692,import_depends,downstream,required,"",import,[],"",shared_kernel,timeout,graceful_degradation,"","","",one_to_many,0,0,active,,0
444947,382685,382699,import_depends,downstream,required,"",import,[],"",shared_kernel,timeout,graceful_degradation,"","","",one_to_many,0,0,active,,0
444948,382688,383183,import_depends,downstream,critical,"",import,[],"",anti_corruption_layer,service_down,circuit_break,"","","",one_to_many,1,0,active,,0
444949,382688,383190,import_depends,downstream,critical,"",import,[],"",anti_corruption_layer,service_down,circuit_break,"","","",one_to_many,1,0,active,,0
444950,382688,383196,import_depends,downstream,critical,"",import,[],"",anti_corruption_layer,service_down,circuit_break,"","","",one_to_many,1,0,active,,0
444951,382688,383197,import_depends,downstream,critical,"",import,[],"",anti_corruption_layer,service_down,circuit_break,"","","",one_to_many,1,0,active,,0
444952,382690,382680,import_depends,downstream,required,"",import,[],"",shared_kernel,timeout,graceful_degradation,"","","",one_to_many,0,0,active,,0
444953,382690,382682,import_depends,downstream,required,"",import,[],"",shared_kernel,timeout,graceful_degradation,"","","",one_to_many,0,0,active,,0
444954,382690,382676,import_depends,downstream,required,"",import,[],"",shared_kernel,timeout,graceful_degradation,"","","",one_to_many,0,0,active,,0
444955,382691,382692,import_depends,downstream,required,"",import,[],"",shared_kernel,timeout,graceful_degradation,"","","",one_to_many,0,0,active,,0
444956,382692,382688,import_depends,downstream,required,"",import,[],"",shared_kernel,timeout,graceful_degradation,"","","",one_to_many,0,0,active,,0
444957,382692,383190,import_depends,downstream,critical,"",import,[],"",anti_corruption_layer,service_down,circuit_break,"","","",one_to_many,1,0,active,,0
444958,382692,383197,import_depends,downstream,critical,"",import,[],"",anti_corruption_layer,service_down,circuit_break,"","","",one_to_many,1,0,active,,0
444959,382694,382697,import_depends,downstream,required,"",import,[],"",shared_kernel,timeout,graceful_degradation,"","","",one_to_many,0,0,active,,0
444960,382697,382688,import_depends,downstream,required,"",import,[],"",shared_kernel,timeout,graceful_degradation,"","","",one_to_many,0,0,active,,0
444961,382697,383183,import_depends,downstream,critical,"",import,[],"",anti_corruption_layer,service_down,circuit_break,"","","",one_to_many,1,0,active,,0
444962,382698,382699,import_depends,downstream,required,"",import,[],"",shared_kernel,timeout,graceful_degradation,"","","",one_to_many,0,0,active,,0
444963,382699,382688,import_depends,downstream,required,"",import,[],"",shared_kernel,timeout,graceful_degradation,"","","",one_to_many,0,0,active,,0
444964,382699,383183,import_depends,downstream,critical,"",import,[],"",anti_corruption_layer,service_down,circuit_break,"","","",one_to_many,1,0,active,,0
444965,382699,383197,import_depends,downstream,critical,"",import,[],"",anti_corruption_layer,service_down,circuit_break,"","","",one_to_many,1,0,active,,0
444966,382700,383190,import_depends,downstream,critical,"",import,[],"",anti_corruption_layer,service_down,circuit_break,"","","",one_to_many,1,0,active,,0
444967,382700,383197,import_depends,downstream,critical,"",import,[],"",anti_corruption_layer,service_down,circuit_break,"","","",one_to_many,1,0,active,,0
444968,382706,382700,import_depends,downstream,required,"",import,[],"",shared_kernel,timeout,graceful_degradation,"","","",one_to_many,0,0,active,,0
444969,382708,382467,import_depends,downstream,critical,"",import,[],"","",service_down,circuit_break,"","","",one_to_many,1,0,active,,0
444970,382712,382708,import_depends,downstream,required,"",import,[],"","",timeout,graceful_degradation,"","","",one_to_many,0,0,active,,0
444971,382719,382595,import_depends,downstream,critical,"",import,[],"","",service_down,circuit_break,"","","",one_to_many,1,0,active,,0
444972,382721,382074,import_depends,downstream,critical,"",import,[],"",anti_corruption_layer,service_down,circuit_break,"","","",one_to_many,1,0,active,,0
444973,382723,382595,import_depends,downstream,critical,"",import,[],"","",service_down,circuit_break,"","","",one_to_many,1,0,active,,0
444974,382724,382730,import_depends,downstream,required,"",import,[],"","",timeout,graceful_degradation,"","","",one_to_many,0,0,active,,0
444975,382724,382729,import_depends,downstream,required,"",import,[],"","",timeout,graceful_degradation,"","","",one_to_many,0,0,active,,0
444976,382724,382740,import_depends,downstream,required,"",import,[],"","",timeout,graceful_degradation,"","","",one_to_many,0,0,active,,0
444977,382725,382754,import_depends,downstream,required,"",import,[],"","",timeout,graceful_degradation,"","","",one_to_many,0,0,active,,0
444978,382725,381149,import_depends,downstream,critical,"",import,[],"","",service_down,circuit_break,"","","",one_to_many,1,0,active,,0
444979,382725,381125,import_depends,downstream,critical,"",import,[],"","",service_down,circuit_break,"","","",one_to_many,1,0,active,,0
444980,382726,383117,import_depends,downstream,required,"",import,[],"","",timeout,graceful_degradation,"","","",one_to_many,0,0,active,,0
444981,382726,383122,import_depends,downstream,required,"",import,[],"","",timeout,graceful_degradation,"","","",one_to_many,0,0,active,,0
444982,382726,381518,import_depends,downstream,critical,"",import,[],"","",service_down,circuit_break,"","","",one_to_many,1,0,active,,0
444983,382726,383131,import_depends,downstream,required,"",import,[],"","",timeout,graceful_degradation,"","","",one_to_many,0,0,active,,0
444984,382727,382595,import_depends,downstream,critical,"",import,[],"","",service_down,circuit_break,"","","",one_to_many,1,0,active,,0
444985,382727,382503,import_depends,downstream,critical,"",import,[],"",anti_corruption_layer,service_down,circuit_break,"","","",one_to_many,1,0,active,,0
444986,382727,382721,import_depends,downstream,required,"",import,[],"","",timeout,graceful_degradation,"","","",one_to_many,0,0,active,,0
444987,382727,382724,import_depends,downstream,required,"",import,[],"","",timeout,graceful_degradation,"","","",one_to_many,0,0,active,,0
444988,382727,382729,import_depends,downstream,required,"",import,[],"","",timeout,graceful_degradation,"","","",one_to_many,0,0,active,,0
444989,382727,382737,import_depends,downstream,required,"",import,[],"","",timeout,graceful_degradation,"","","",one_to_many,0,0,active,,0
444990,382727,382788,import_depends,downstream,required,"",import,[],"",anti_corruption_layer,timeout,graceful_degradation,"","","",one_to_many,0,0,active,,0
444991,382727,382732,import_depends,downstream,required,"",import,[],"","",timeout,graceful_degradation,"","","",one_to_many,0,0,active,,0
444992,382727,382734,import_depends,downstream,required,"",import,[],"","",timeout,graceful_degradation,"","","",one_to_many,0,0,active,,0
444993,382727,382739,import_depends,downstream,required,"",import,[],"","",timeout,graceful_degradation,"","","",one_to_many,0,0,active,,0
444994,382727,382736,import_depends,downstream,required,"",import,[],"","",timeout,graceful_degradation,"","","",one_to_many,0,0,active,,0
444995,382727,382740,import_depends,downstream,required,"",import,[],"","",timeout,graceful_degradation,"","","",one_to_many,0,0,active,,0
444996,382727,382741,import_depends,downstream,required,"",import,[],"","",timeout,graceful_degradation,"","","",one_to_many,0,0,active,,0
444997,382727,382743,import_depends,downstream,required,"",import,[],"","",timeout,graceful_degradation,"","","",one_to_many,0,0,active,,0
444998,382727,382742,import_depends,downstream,required,"",import,[],"","",timeout,graceful_degradation,"","","",one_to_many,0,0,active,,0
444999,382727,382756,import_depends,downstream,required,"",import,[],"","",timeout,graceful_degradation,"","","",one_to_many,0,0,active,,0
445000,382727,382748,import_depends,downstream,required,"",import,[],"","",timeout,graceful_degradation,"","","",one_to_many,0,0,active,,0
445001,382727,382752,import_depends,downstream,required,"",import,[],"","",timeout,graceful_degradation,"","","",one_to_many,0,0,active,,0
445002,382727,382754,import_depends,downstream,required,"",import,[],"","",timeout,graceful_degradation,"","","",one_to_many,0,0,active,,0
445003,382727,381418,import_depends,downstream,critical,"",import,[],"","",service_down,circuit_break,"","","",one_to_many,1,0,active,,0
445004,382727,382100,import_depends,downstream,critical,"",import,[],"","",service_down,circuit_break,"","","",one_to_many,1,0,active,,0
445005,382727,382037,import_depends,downstream,critical,"",import,[],"","",service_down,circuit_break,"","","",one_to_many,1,0,active,,0
445006,382727,382039,import_depends,downstream,critical,"",import,[],"",anti_corruption_layer,service_down,circuit_break,"","","",one_to_many,1,0,active,,0
445007,382727,382040,import_depends,downstream,critical,"",import,[],"",anti_corruption_layer,service_down,circuit_break,"","","",one_to_many,1,0,active,,0
445008,382727,382139,import_depends,downstream,critical,"",import,[],"",anti_corruption_layer,service_down,circuit_break,"","","",one_to_many,1,0,active,,0
445009,382727,382774,import_depends,downstream,required,"",import,[],"","",timeout,graceful_degradation,"","","",one_to_many,0,0,active,,0
445010,382727,382623,import_depends,downstream,critical,"",import,[],"",anti_corruption_layer,service_down,circuit_break,"","","",one_to_many,1,0,active,,0
445011,382727,381812,import_depends,downstream,critical,"",import,[],"","",service_down,circuit_break,"","","",one_to_many,1,0,active,,0
445012,382727,382725,import_depends,downstream,required,"",import,[],"","",timeout,graceful_degradation,"","","",one_to_many,0,0,active,,0
445013,382727,382728,import_depends,downstream,required,"",import,[],"","",timeout,graceful_degradation,"","","",one_to_many,0,0,active,,0
445014,382727,382731,import_depends,downstream,required,"",import,[],"","",timeout,graceful_degradation,"","","",one_to_many,0,0,active,,0
445015,382727,382272,import_depends,downstream,critical,"",import,[],"","",service_down,circuit_break,"","","",one_to_many,1,0,active,,0
445016,382727,381491,import_depends,downstream,critical,"",import,[],"","",service_down,circuit_break,"","","",one_to_many,1,0,active,,0
445017,382727,381676,import_depends,downstream,critical,"",import,[],"","",service_down,circuit_break,"","","",one_to_many,1,0,active,,0
445018,382727,381577,import_depends,downstream,critical,"",import,[],"",anti_corruption_layer,service_down,circuit_break,"","","",one_to_many,1,0,active,,0
445019,382727,382033,import_depends,downstream,critical,"",import,[],"","",service_down,circuit_break,"","","",one_to_many,1,0,active,,0
445020,382727,382140,import_depends,downstream,critical,"",import,[],"",anti_corruption_layer,service_down,circuit_break,"","","",one_to_many,1,0,active,,0
445021,382727,382138,import_depends,downstream,critical,"",import,[],"",anti_corruption_layer,service_down,circuit_break,"","","",one_to_many,1,0,active,,0
445022,382727,382605,import_depends,downstream,critical,"",import,[],"","",service_down,circuit_break,"","","",one_to_many,1,0,active,,0
445023,382727,382745,import_depends,downstream,required,"",import,[],"","",timeout,graceful_degradation,"","","",one_to_many,0,0,active,,0
445024,382727,381518,import_depends,downstream,critical,"",import,[],"","",service_down,circuit_break,"","","",one_to_many,1,0,active,,0
445025,382727,382016,import_depends,downstream,critical,"",import,[],"","",service_down,circuit_break,"","","",one_to_many,1,0,active,,0
445026,382728,382595,import_depends,downstream,critical,"",import,[],"","",service_down,circuit_break,"","","",one_to_many,1,0,active,,0
445027,382728,382599,import_depends,downstream,critical,"",import,[],"","",service_down,circuit_break,"","","",one_to_many,1,0,active,,0
445028,382728,382600,import_depends,downstream,critical,"",import,[],"","",service_down,circuit_break,"","","",one_to_many,1,0,active,,0
445029,382728,382614,import_depends,downstream,critical,"",import,[],"","",service_down,circuit_break,"","","",one_to_many,1,0,active,,0
445030,382728,382598,import_depends,downstream,critical,"",import,[],"","",service_down,circuit_break,"","","",one_to_many,1,0,active,,0
445031,382728,382732,import_depends,downstream,required,"",import,[],"","",timeout,graceful_degradation,"","","",one_to_many,0,0,active,,0
445032,382728,381497,import_depends,downstream,critical,"",import,[],"",anti_corruption_layer,service_down,circuit_break,"","","",one_to_many,1,0,active,,0
445033,382728,382735,import_depends,downstream,required,"",import,[],"","",timeout,graceful_degradation,"","","",one_to_many,0,0,active,,0
445034,382728,382360,import_depends,downstream,critical,"",import,[],"","",service_down,circuit_break,"","","",one_to_many,1,0,active,,0
445035,382728,382272,import_depends,downstream,critical,"",import,[],"","",service_down,circuit_break,"","","",one_to_many,1,0,active,,0
445036,382728,382285,import_depends,downstream,critical,"",import,[],"","",service_down,circuit_break,"","","",one_to_many,1,0,active,,0
445037,382728,382283,import_depends,downstream,critical,"",import,[],"","",service_down,circuit_break,"","","",one_to_many,1,0,active,,0
445038,382728,381518,import_depends,downstream,critical,"",import,[],"","",service_down,circuit_break,"","","",one_to_many,1,0,active,,0
445039,382728,381577,import_depends,downstream,critical,"",import,[],"",anti_corruption_layer,service_down,circuit_break,"","","",one_to_many,1,0,active,,0
445040,382728,383125,import_depends,downstream,required,"",import,[],"","",timeout,graceful_degradation,"","","",one_to_many,0,0,active,,0
445041,382728,382117,import_depends,downstream,critical,"",import,[],"",anti_corruption_layer,service_down,circuit_break,"","","",one_to_many,1,0,active,,0
445042,382728,381486,import_depends,downstream,critical,"",import,[],"","",service_down,circuit_break,"","","",one_to_many,1,0,active,,0
445043,382729,382730,import_depends,downstream,required,"",import,[],"","",timeout,graceful_degradation,"","","",one_to_many,0,0,active,,0
445044,382730,382074,import_depends,downstream,critical,"",import,[],"",anti_corruption_layer,service_down,circuit_break,"","","",one_to_many,1,0,active,,0
445045,382731,382730,import_depends,downstream,required,"",import,[],"","",timeout,graceful_degradation,"","","",one_to_many,0,0,active,,0
445046,382731,382729,import_depends,downstream,required,"",import,[],"","",timeout,graceful_degradation,"","","",one_to_many,0,0,active,,0
445047,382732,382614,import_depends,downstream,critical,"",import,[],"","",service_down,circuit_break,"","","",one_to_many,1,0,active,,0
445048,382732,382598,import_depends,downstream,critical,"",import,[],"","",service_down,circuit_break,"","","",one_to_many,1,0,active,,0
445049,382734,382595,import_depends,downstream,critical,"",import,[],"","",service_down,circuit_break,"","","",one_to_many,1,0,active,,0
445050,382734,382074,import_depends,downstream,critical,"",import,[],"",anti_corruption_layer,service_down,circuit_break,"","","",one_to_many,1,0,active,,0
445051,382734,382505,import_depends,downstream,critical,"",import,[],"",anti_corruption_layer,service_down,circuit_break,"","","",one_to_many,1,0,active,,0
445052,382734,382599,import_depends,downstream,critical,"",import,[],"","",service_down,circuit_break,"","","",one_to_many,1,0,active,,0
445053,382734,382614,import_depends,downstream,critical,"",import,[],"","",service_down,circuit_break,"","","",one_to_many,1,0,active,,0
445054,382734,382745,import_depends,downstream,required,"",import,[],"","",timeout,graceful_degradation,"","","",one_to_many,0,0,active,,0
445055,382735,381518,import_depends,downstream,critical,"",import,[],"","",service_down,circuit_break,"","","",one_to_many,1,0,active,,0
445056,382735,382601,import_depends,downstream,critical,"",import,[],"","",service_down,circuit_break,"","","",one_to_many,1,0,active,,0
445057,382736,382595,import_depends,downstream,critical,"",import,[],"","",service_down,circuit_break,"","","",one_to_many,1,0,active,,0
445058,382736,382721,import_depends,downstream,required,"",import,[],"","",timeout,graceful_degradation,"","","",one_to_many,0,0,active,,0
445059,382736,382729,import_depends,downstream,required,"",import,[],"","",timeout,graceful_degradation,"","","",one_to_many,0,0,active,,0
445060,382736,382737,import_depends,downstream,required,"",import,[],"","",timeout,graceful_degradation,"","","",one_to_many,0,0,active,,0
445061,382736,382788,import_depends,downstream,required,"",import,[],"","",timeout,graceful_degradation,"","","",one_to_many,0,0,active,,0
445062,382736,382732,import_depends,downstream,required,"",import,[],"","",timeout,graceful_degradation,"","","",one_to_many,0,0,active,,0
445063,382736,382734,import_depends,downstream,required,"",import,[],"","",timeout,graceful_degradation,"","","",one_to_many,0,0,active,,0
445064,382736,382739,import_depends,downstream,required,"",import,[],"","",timeout,graceful_degradation,"","","",one_to_many,0,0,active,,0
445065,382736,382741,import_depends,downstream,required,"",import,[],"","",timeout,graceful_degradation,"","","",one_to_many,0,0,active,,0
445066,382736,382742,import_depends,downstream,required,"",import,[],"","",timeout,graceful_degradation,"","","",one_to_many,0,0,active,,0
445067,382736,382748,import_depends,downstream,required,"",import,[],"","",timeout,graceful_degradation,"","","",one_to_many,0,0,active,,0
445068,382736,382754,import_depends,downstream,required,"",import,[],"","",timeout,graceful_degradation,"","","",one_to_many,0,0,active,,0
445069,382736,380951,import_depends,downstream,critical,"",import,[],"",anti_corruption_layer,service_down,circuit_break,"","","",one_to_many,1,0,active,,0
445070,382737,382074,import_depends,downstream,critical,"",import,[],"",anti_corruption_layer,service_down,circuit_break,"","","",one_to_many,1,0,active,,0
445071,382738,382753,import_depends,downstream,required,"",import,[],"","",timeout,graceful_degradation,"","","",one_to_many,0,0,active,,0
445072,382739,382074,import_depends,downstream,critical,"",import,[],"",anti_corruption_layer,service_down,circuit_break,"","","",one_to_many,1,0,active,,0
445073,382740,382729,import_depends,downstream,required,"",import,[],"","",timeout,graceful_degradation,"","","",one_to_many,0,0,active,,0
445074,382741,382074,import_depends,downstream,critical,"",import,[],"",anti_corruption_layer,service_down,circuit_break,"","","",one_to_many,1,0,active,,0
445075,382742,382487,import_depends,downstream,critical,"",import,[],"","",service_down,circuit_break,"","","",one_to_many,1,0,active,,0
445076,382743,382729,import_depends,downstream,required,"",import,[],"","",timeout,graceful_degradation,"","","",one_to_many,0,0,active,,0
445077,382743,382740,import_depends,downstream,required,"",import,[],"","",timeout,graceful_degradation,"","","",one_to_many,0,0,active,,0
445078,382745,382590,import_depends,downstream,critical,"",import,[],"","",service_down,circuit_break,"","","",one_to_many,1,0,active,,0
445079,382745,382601,import_depends,downstream,critical,"",import,[],"","",service_down,circuit_break,"","","",one_to_many,1,0,active,,0
445080,382745,382606,import_depends,downstream,critical,"",import,[],"","",service_down,circuit_break,"","","",one_to_many,1,0,active,,0
445081,382745,382452,import_depends,downstream,critical,"",import,[],"","",service_down,circuit_break,"","","",one_to_many,1,0,active,,0
445082,382745,382459,import_depends,downstream,critical,"",import,[],"","",service_down,circuit_break,"","","",one_to_many,1,0,active,,0
445083,382745,382457,import_depends,downstream,critical,"",import,[],"","",service_down,circuit_break,"","","",one_to_many,1,0,active,,0
445084,382745,382458,import_depends,downstream,critical,"",import,[],"","",service_down,circuit_break,"","","",one_to_many,1,0,active,,0
445085,382745,382454,import_depends,downstream,critical,"",import,[],"","",service_down,circuit_break,"","","",one_to_many,1,0,active,,0
445086,382745,382603,import_depends,downstream,critical,"",import,[],"",anti_corruption_layer,service_down,circuit_break,"","","",one_to_many,1,0,active,,0
445087,382745,382460,import_depends,downstream,critical,"",import,[],"","",service_down,circuit_break,"","","",one_to_many,1,0,active,,0
445088,382745,382582,import_depends,downstream,critical,"",import,[],"","",service_down,circuit_break,"","","",one_to_many,1,0,active,,0
445089,382745,382733,import_depends,downstream,required,"",import,[],"","",timeout,graceful_degradation,"","","",one_to_many,0,0,active,,0
445090,382745,382735,import_depends,downstream,required,"",import,[],"","",timeout,graceful_degradation,"","","",one_to_many,0,0,active,,0
445091,382745,380989,import_depends,downstream,critical,"",import,[],"",anti_corruption_layer,service_down,circuit_break,"","","",one_to_many,1,0,active,,0
445092,382746,382595,import_depends,downstream,critical,"",import,[],"","",service_down,circuit_break,"","","",one_to_many,1,0,active,,0
445093,382747,382753,import_depends,downstream,required,"",import,[],"","",timeout,graceful_degradation,"","","",one_to_many,0,0,active,,0
445094,382750,382759,import_depends,downstream,required,"",import,[],"","",timeout,graceful_degradation,"","","",one_to_many,0,0,active,,0
445095,382750,382727,import_depends,downstream,required,"",import,[],"","",timeout,graceful_degradation,"","","",one_to_many,0,0,active,,0
445096,382750,382742,import_depends,downstream,required,"",import,[],"","",timeout,graceful_degradation,"","","",one_to_many,0,0,active,,0
445097,382751,382123,import_depends,downstream,critical,"",import,[],"",anti_corruption_layer,service_down,circuit_break,"","","",one_to_many,1,0,active,,0
445098,382752,382074,import_depends,downstream,critical,"",import,[],"",anti_corruption_layer,service_down,circuit_break,"","","",one_to_many,1,0,active,,0
445099,382753,381032,import_depends,downstream,critical,"",import,[],"",anti_corruption_layer,service_down,circuit_break,"","","",one_to_many,1,0,active,,0
445100,382754,382729,import_depends,downstream,required,"",import,[],"","",timeout,graceful_degradation,"","","",one_to_many,0,0,active,,0
445101,382754,382752,import_depends,downstream,required,"",import,[],"","",timeout,graceful_degradation,"","","",one_to_many,0,0,active,,0
445102,382756,382729,import_depends,downstream,required,"",import,[],"","",timeout,graceful_degradation,"","","",one_to_many,0,0,active,,0
445103,382756,382734,import_depends,downstream,required,"",import,[],"","",timeout,graceful_degradation,"","","",one_to_many,0,0,active,,0
445104,382756,382741,import_depends,downstream,required,"",import,[],"","",timeout,graceful_degradation,"","","",one_to_many,0,0,active,,0
445105,382756,382743,import_depends,downstream,required,"",import,[],"","",timeout,graceful_degradation,"","","",one_to_many,0,0,active,,0
445106,382756,382754,import_depends,downstream,required,"",import,[],"","",timeout,graceful_degradation,"","","",one_to_many,0,0,active,,0
445107,382757,381521,import_depends,downstream,critical,"",import,[],"","",service_down,circuit_break,"","","",one_to_many,1,0,active,,0
445108,382757,383107,import_depends,downstream,required,"",import,[],"","",timeout,graceful_degradation,"","","",one_to_many,0,0,active,,0
445109,382759,382727,import_depends,downstream,required,"",import,[],"","",timeout,graceful_degradation,"","","",one_to_many,0,0,active,,0
445110,382759,382742,import_depends,downstream,required,"",import,[],"","",timeout,graceful_degradation,"","","",one_to_many,0,0,active,,0
445111,382761,382595,import_depends,downstream,critical,"",import,[],"","",service_down,circuit_break,"","","",one_to_many,1,0,active,,0
445112,382762,381917,import_depends,downstream,critical,"",import,[],"","",service_down,circuit_break,"","","",one_to_many,1,0,active,,0
445113,382762,382773,import_depends,downstream,required,"",import,[],"","",timeout,graceful_degradation,"","","",one_to_many,0,0,active,,0
445114,382763,381521,import_depends,downstream,critical,"",import,[],"","",service_down,circuit_break,"","","",one_to_many,1,0,active,,0
445115,382764,382773,import_depends,downstream,required,"",import,[],"","",timeout,graceful_degradation,"","","",one_to_many,0,0,active,,0
445116,382764,382605,import_depends,downstream,critical,"",import,[],"","",service_down,circuit_break,"","","",one_to_many,1,0,active,,0
445117,382765,382074,import_depends,downstream,critical,"",import,[],"","",service_down,circuit_break,"","","",one_to_many,1,0,active,,0
445118,382766,381521,import_depends,downstream,critical,"",import,[],"","",service_down,circuit_break,"","","",one_to_many,1,0,active,,0
445119,382766,382000,import_depends,downstream,critical,"",import,[],"","",service_down,circuit_break,"","","",one_to_many,1,0,active,,0
445120,382766,382757,import_depends,downstream,required,"",import,[],"","",timeout,graceful_degradation,"","","",one_to_many,0,0,active,,0
445121,382768,382778,import_depends,downstream,required,"",import,[],"","",timeout,graceful_degradation,"","","",one_to_many,0,0,active,,0
445122,382772,382074,import_depends,downstream,critical,"",import,[],"",anti_corruption_layer,service_down,circuit_break,"","","",one_to_many,1,0,active,,0
445123,382773,382652,import_depends,downstream,critical,"",import,[],"","",service_down,circuit_break,"","","",one_to_many,1,0,active,,0
445124,382773,382391,import_depends,downstream,critical,"",import,[],"",anti_corruption_layer,service_down,circuit_break,"","","",one_to_many,1,0,active,,0
445125,382774,382595,import_depends,downstream,critical,"",import,[],"","",service_down,circuit_break,"","","",one_to_many,1,0,active,,0
445126,382774,382793,import_depends,downstream,required,"",import,[],"","",timeout,graceful_degradation,"","","",one_to_many,0,0,active,,0
445127,382774,382802,import_depends,downstream,required,"",import,[],"","",timeout,graceful_degradation,"","","",one_to_many,0,0,active,,0
445128,382774,382652,import_depends,downstream,critical,"",import,[],"","",service_down,circuit_break,"","","",one_to_many,1,0,active,,0
445129,382774,382815,import_depends,downstream,required,"",import,[],"","",timeout,graceful_degradation,"","","",one_to_many,0,0,active,,0
445130,382774,382823,import_depends,downstream,required,"",import,[],"","",timeout,graceful_degradation,"","","",one_to_many,0,0,active,,0
445131,382774,382886,import_depends,downstream,required,"",import,[],"","",timeout,graceful_degradation,"","","",one_to_many,0,0,active,,0
445132,382774,382776,import_depends,downstream,required,"",import,[],"","",timeout,graceful_degradation,"","","",one_to_many,0,0,active,,0
445133,382774,382783,import_depends,downstream,required,"",import,[],"","",timeout,graceful_degradation,"","","",one_to_many,0,0,active,,0
445134,382774,382781,import_depends,downstream,required,"",import,[],"","",timeout,graceful_degradation,"","","",one_to_many,0,0,active,,0
445135,382774,382782,import_depends,downstream,required,"",import,[],"","",timeout,graceful_degradation,"","","",one_to_many,0,0,active,,0
445136,382774,380854,import_depends,downstream,critical,"",import,[],"",anti_corruption_layer,service_down,circuit_break,"","","",one_to_many,1,0,active,,0
445137,382774,381331,import_depends,downstream,critical,"",import,[],"","",service_down,circuit_break,"","","",one_to_many,1,0,active,,0
445138,382774,381885,import_depends,downstream,critical,"",import,[],"","",service_down,circuit_break,"","","",one_to_many,1,0,active,,0
445139,382774,382000,import_depends,downstream,critical,"",import,[],"","",service_down,circuit_break,"","","",one_to_many,1,0,active,,0
445140,382774,382766,import_depends,downstream,required,"",import,[],"","",timeout,graceful_degradation,"","","",one_to_many,0,0,active,,0
445141,382774,382757,import_depends,downstream,required,"",import,[],"","",timeout,graceful_degradation,"","","",one_to_many,0,0,active,,0
445142,382774,380914,import_depends,downstream,critical,"",import,[],"","",service_down,circuit_break,"","","",one_to_many,1,0,active,,0
445143,382774,382100,import_depends,downstream,critical,"",import,[],"","",service_down,circuit_break,"","","",one_to_many,1,0,active,,0
445144,382776,382793,import_depends,downstream,required,"",import,[],"","",timeout,graceful_degradation,"","","",one_to_many,0,0,active,,0
445145,382776,382823,import_depends,downstream,required,"",import,[],"","",timeout,graceful_degradation,"","","",one_to_many,0,0,active,,0
445146,382776,382886,import_depends,downstream,required,"",import,[],"","",timeout,graceful_degradation,"","","",one_to_many,0,0,active,,0
445147,382776,382982,import_depends,downstream,required,"",import,[],"","",timeout,graceful_degradation,"","","",one_to_many,0,0,active,,0
445148,382776,383056,import_depends,downstream,required,"",import,[],"","",timeout,graceful_degradation,"","","",one_to_many,0,0,active,,0
445149,382776,383059,import_depends,downstream,required,"",import,[],"","",timeout,graceful_degradation,"","","",one_to_many,0,0,active,,0
445150,382776,383067,import_depends,downstream,required,"",import,[],"","",timeout,graceful_degradation,"","","",one_to_many,0,0,active,,0
445151,382776,383077,import_depends,downstream,required,"",import,[],"","",timeout,graceful_degradation,"","","",one_to_many,0,0,active,,0
445152,382776,383095,import_depends,downstream,required,"",import,[],"","",timeout,graceful_degradation,"","","",one_to_many,0,0,active,,0
445153,382776,383091,import_depends,downstream,required,"",import,[],"","",timeout,graceful_degradation,"","","",one_to_many,0,0,active,,0
445154,382776,382778,import_depends,downstream,required,"",import,[],"","",timeout,graceful_degradation,"","","",one_to_many,0,0,active,,0
445155,382776,381393,import_depends,downstream,critical,"",import,[],"","",service_down,circuit_break,"","","",one_to_many,1,0,active,,0
445156,382776,381396,import_depends,downstream,critical,"",import,[],"","",service_down,circuit_break,"","","",one_to_many,1,0,active,,0
445157,382776,381960,import_depends,downstream,critical,"",import,[],"","",service_down,circuit_break,"","","",one_to_many,1,0,active,,0
445158,382777,382785,import_depends,downstream,required,"",import,[],"","",timeout,graceful_degradation,"","","",one_to_many,0,0,active,,0
445159,382779,381521,import_depends,downstream,critical,"",import,[],"","",service_down,circuit_break,"","","",one_to_many,1,0,active,,0
445160,382781,382823,import_depends,downstream,required,"",import,[],"","",timeout,graceful_degradation,"","","",one_to_many,0,0,active,,0
445161,382781,382886,import_depends,downstream,required,"",import,[],"","",timeout,graceful_degradation,"","","",one_to_many,0,0,active,,0
445162,382781,382982,import_depends,downstream,required,"",import,[],"","",timeout,graceful_degradation,"","","",one_to_many,0,0,active,,0
445163,382781,382987,import_depends,downstream,required,"",import,[],"","",timeout,graceful_degradation,"","","",one_to_many,0,0,active,,0
445164,382781,383056,import_depends,downstream,required,"",import,[],"","",timeout,graceful_degradation,"","","",one_to_many,0,0,active,,0
445165,382781,383067,import_depends,downstream,required,"",import,[],"","",timeout,graceful_degradation,"","","",one_to_many,0,0,active,,0
445166,382782,382886,import_depends,downstream,required,"",import,[],"","",timeout,graceful_degradation,"","","",one_to_many,0,0,active,,0
445167,382782,382992,import_depends,downstream,required,"",import,[],"","",timeout,graceful_degradation,"","","",one_to_many,0,0,active,,0
445168,382782,383024,import_depends,downstream,required,"",import,[],"","",timeout,graceful_degradation,"","","",one_to_many,0,0,active,,0
445169,382782,383051,import_depends,downstream,required,"",import,[],"","",timeout,graceful_degradation,"","","",one_to_many,0,0,active,,0
445170,382782,383075,import_depends,downstream,required,"",import,[],"","",timeout,graceful_degradation,"","","",one_to_many,0,0,active,,0
445171,382782,382595,import_depends,downstream,critical,"",import,[],"","",service_down,circuit_break,"","","",one_to_many,1,0,active,,0
445172,382782,383031,import_depends,downstream,required,"",import,[],"","",timeout,graceful_degradation,"","","",one_to_many,0,0,active,,0
445173,382783,382802,import_depends,downstream,required,"",import,[],"","",timeout,graceful_degradation,"","","",one_to_many,0,0,active,,0
445174,382783,382815,import_depends,downstream,required,"",import,[],"","",timeout,graceful_degradation,"","","",one_to_many,0,0,active,,0
445175,382783,382823,import_depends,downstream,required,"",import,[],"","",timeout,graceful_degradation,"","","",one_to_many,0,0,active,,0
445176,382783,382886,import_depends,downstream,required,"",import,[],"","",timeout,graceful_degradation,"","","",one_to_many,0,0,active,,0
445177,382784,382785,import_depends,downstream,required,"",import,[],"","",timeout,graceful_degradation,"","","",one_to_many,0,0,active,,0
445178,382788,382765,import_depends,downstream,required,"",import,[],"","",timeout,graceful_degradation,"","","",one_to_many,0,0,active,,0
445179,382793,382778,import_depends,downstream,required,"",import,[],"","",timeout,graceful_degradation,"","","",one_to_many,0,0,active,,0
445180,382800,382793,import_depends,downstream,required,"",import,[],"",shared_kernel,timeout,graceful_degradation,"","","",one_to_many,0,0,active,,0
445181,382800,382794,import_depends,downstream,required,"",import,[],"",shared_kernel,timeout,graceful_degradation,"","","",one_to_many,0,0,active,,0
445182,382800,382790,import_depends,downstream,required,"",import,[],"",shared_kernel,timeout,graceful_degradation,"","","",one_to_many,0,0,active,,0
445183,382800,382789,import_depends,downstream,required,"",import,[],"",shared_kernel,timeout,graceful_degradation,"","","",one_to_many,0,0,active,,0
445184,382800,382795,import_depends,downstream,required,"",import,[],"",shared_kernel,timeout,graceful_degradation,"","","",one_to_many,0,0,active,,0
445185,382800,382796,import_depends,downstream,required,"",import,[],"",shared_kernel,timeout,graceful_degradation,"","","",one_to_many,0,0,active,,0
445186,382800,382791,import_depends,downstream,required,"",import,[],"",shared_kernel,timeout,graceful_degradation,"","","",one_to_many,0,0,active,,0
445187,382800,382801,import_depends,downstream,required,"",import,[],"",shared_kernel,timeout,graceful_degradation,"","","",one_to_many,0,0,active,,0
445188,382800,382797,import_depends,downstream,required,"",import,[],"",shared_kernel,timeout,graceful_degradation,"","","",one_to_many,0,0,active,,0
445189,382800,382799,import_depends,downstream,required,"",import,[],"",shared_kernel,timeout,graceful_degradation,"","","",one_to_many,0,0,active,,0
445190,382800,382803,import_depends,downstream,required,"",import,[],"",shared_kernel,timeout,graceful_degradation,"","","",one_to_many,0,0,active,,0
445191,382822,382804,import_depends,downstream,required,"",import,[],"",shared_kernel,timeout,graceful_degradation,"","","",one_to_many,0,0,active,,0
445192,382822,382798,import_depends,downstream,required,"",import,[],"",shared_kernel,timeout,graceful_degradation,"","","",one_to_many,0,0,active,,0
445193,382822,382805,import_depends,downstream,required,"",import,[],"",shared_kernel,timeout,graceful_degradation,"","","",one_to_many,0,0,active,,0
445194,382822,382802,import_depends,downstream,required,"",import,[],"",shared_kernel,timeout,graceful_degradation,"","","",one_to_many,0,0,active,,0
445195,382822,382808,import_depends,downstream,required,"",import,[],"",shared_kernel,timeout,graceful_degradation,"","","",one_to_many,0,0,active,,0
445196,382822,382806,import_depends,downstream,required,"",import,[],"",shared_kernel,timeout,graceful_degradation,"","","",one_to_many,0,0,active,,0
445197,382822,382807,import_depends,downstream,required,"",import,[],"",shared_kernel,timeout,graceful_degradation,"","","",one_to_many,0,0,active,,0
445198,382822,382811,import_depends,downstream,required,"",import,[],"",shared_kernel,timeout,graceful_degradation,"","","",one_to_many,0,0,active,,0
445199,382822,382810,import_depends,downstream,required,"",import,[],"",shared_kernel,timeout,graceful_degradation,"","","",one_to_many,0,0,active,,0
445200,382822,382813,import_depends,downstream,required,"",import,[],"",shared_kernel,timeout,graceful_degradation,"","","",one_to_many,0,0,active,,0
445201,382822,382809,import_depends,downstream,required,"",import,[],"",shared_kernel,timeout,graceful_degradation,"","","",one_to_many,0,0,active,,0
445202,382822,382812,import_depends,downstream,required,"",import,[],"",shared_kernel,timeout,graceful_degradation,"","","",one_to_many,0,0,active,,0
445203,382822,382814,import_depends,downstream,required,"",import,[],"",shared_kernel,timeout,graceful_degradation,"","","",one_to_many,0,0,active,,0
445204,382822,382819,import_depends,downstream,required,"",import,[],"",shared_kernel,timeout,graceful_degradation,"","","",one_to_many,0,0,active,,0
445205,382822,382815,import_depends,downstream,required,"",import,[],"",shared_kernel,timeout,graceful_degradation,"","","",one_to_many,0,0,active,,0
445206,382822,382818,import_depends,downstream,required,"",import,[],"",shared_kernel,timeout,graceful_degradation,"","","",one_to_many,0,0,active,,0
445207,382822,382816,import_depends,downstream,required,"",import,[],"",shared_kernel,timeout,graceful_degradation,"","","",one_to_many,0,0,active,,0
445208,382822,382817,import_depends,downstream,required,"",import,[],"",shared_kernel,timeout,graceful_degradation,"","","",one_to_many,0,0,active,,0
445209,382822,382820,import_depends,downstream,required,"",import,[],"",shared_kernel,timeout,graceful_degradation,"","","",one_to_many,0,0,active,,0
445210,382822,382824,import_depends,downstream,required,"",import,[],"",shared_kernel,timeout,graceful_degradation,"","","",one_to_many,0,0,active,,0
445211,382823,382831,import_depends,downstream,required,"",import,[],"","",timeout,graceful_degradation,"","","",one_to_many,0,0,active,,0
445212,382823,382850,import_depends,downstream,required,"",import,[],"","",timeout,graceful_degradation,"","","",one_to_many,0,0,active,,0
445213,382823,382859,import_depends,downstream,required,"",import,[],"","",timeout,graceful_degradation,"","","",one_to_many,0,0,active,,0
445214,382823,382874,import_depends,downstream,required,"",import,[],"","",timeout,graceful_degradation,"","","",one_to_many,0,0,active,,0
445215,382823,382887,import_depends,downstream,required,"",import,[],"","",timeout,graceful_degradation,"","","",one_to_many,0,0,active,,0
445216,382826,382802,import_depends,downstream,required,"",import,[],"","",timeout,graceful_degradation,"","","",one_to_many,0,0,active,,0
445217,382826,382815,import_depends,downstream,required,"",import,[],"","",timeout,graceful_degradation,"","","",one_to_many,0,0,active,,0
445218,382826,382778,import_depends,downstream,required,"",import,[],"","",timeout,graceful_degradation,"","","",one_to_many,0,0,active,,0
445219,382886,382896,import_depends,downstream,required,"",import,[],"","",timeout,graceful_degradation,"","","",one_to_many,0,0,active,,0
445220,382886,382912,import_depends,downstream,required,"",import,[],"","",timeout,graceful_degradation,"","","",one_to_many,0,0,active,,0
445221,382886,382927,import_depends,downstream,required,"",import,[],"","",timeout,graceful_degradation,"","","",one_to_many,0,0,active,,0
445222,382886,382963,import_depends,downstream,required,"",import,[],"","",timeout,graceful_degradation,"","","",one_to_many,0,0,active,,0
445223,382962,382964,import_depends,downstream,required,"",import,[],"",shared_kernel,timeout,graceful_degradation,"","","",one_to_many,0,0,active,,0
445224,382980,382968,import_depends,downstream,required,"",import,[],"",shared_kernel,timeout,graceful_degradation,"","","",one_to_many,0,0,active,,0
445225,382980,382967,import_depends,downstream,required,"",import,[],"",shared_kernel,timeout,graceful_degradation,"","","",one_to_many,0,0,active,,0
445226,382980,382971,import_depends,downstream,required,"",import,[],"",shared_kernel,timeout,graceful_degradation,"","","",one_to_many,0,0,active,,0
445227,382980,382966,import_depends,downstream,required,"",import,[],"",shared_kernel,timeout,graceful_degradation,"","","",one_to_many,0,0,active,,0
445228,382980,382969,import_depends,downstream,required,"",import,[],"",shared_kernel,timeout,graceful_degradation,"","","",one_to_many,0,0,active,,0
445229,382980,382970,import_depends,downstream,required,"",import,[],"",shared_kernel,timeout,graceful_degradation,"","","",one_to_many,0,0,active,,0
445230,382980,382972,import_depends,downstream,required,"",import,[],"",shared_kernel,timeout,graceful_degradation,"","","",one_to_many,0,0,active,,0
445231,382980,382974,import_depends,downstream,required,"",import,[],"",shared_kernel,timeout,graceful_degradation,"","","",one_to_many,0,0,active,,0
445232,382980,382975,import_depends,downstream,required,"",import,[],"",shared_kernel,timeout,graceful_degradation,"","","",one_to_many,0,0,active,,0
445233,382980,382973,import_depends,downstream,required,"",import,[],"",shared_kernel,timeout,graceful_degradation,"","","",one_to_many,0,0,active,,0
445234,382980,382976,import_depends,downstream,required,"",import,[],"",shared_kernel,timeout,graceful_degradation,"","","",one_to_many,0,0,active,,0
445235,382980,382977,import_depends,downstream,required,"",import,[],"",shared_kernel,timeout,graceful_degradation,"","","",one_to_many,0,0,active,,0
445236,382980,382978,import_depends,downstream,required,"",import,[],"",shared_kernel,timeout,graceful_degradation,"","","",one_to_many,0,0,active,,0
445237,382980,382982,import_depends,downstream,required,"",import,[],"",shared_kernel,timeout,graceful_degradation,"","","",one_to_many,0,0,active,,0
445238,382980,382979,import_depends,downstream,required,"",import,[],"",shared_kernel,timeout,graceful_degradation,"","","",one_to_many,0,0,active,,0
445239,382980,382985,import_depends,downstream,required,"",import,[],"",shared_kernel,timeout,graceful_degradation,"","","",one_to_many,0,0,active,,0
445240,382980,382983,import_depends,downstream,required,"",import,[],"",shared_kernel,timeout,graceful_degradation,"","","",one_to_many,0,0,active,,0
445241,382980,382981,import_depends,downstream,required,"",import,[],"",shared_kernel,timeout,graceful_degradation,"","","",one_to_many,0,0,active,,0
445242,382980,382984,import_depends,downstream,required,"",import,[],"",shared_kernel,timeout,graceful_degradation,"","","",one_to_many,0,0,active,,0
445243,383000,382986,import_depends,downstream,required,"",import,[],"",shared_kernel,timeout,graceful_degradation,"","","",one_to_many,0,0,active,,0
445244,383000,382989,import_depends,downstream,required,"",import,[],"",shared_kernel,timeout,graceful_degradation,"","","",one_to_many,0,0,active,,0
445245,383000,382992,import_depends,downstream,required,"",import,[],"",shared_kernel,timeout,graceful_degradation,"","","",one_to_many,0,0,active,,0
445246,383000,382996,import_depends,downstream,required,"",import,[],"",shared_kernel,timeout,graceful_degradation,"","","",one_to_many,0,0,active,,0
445247,383000,382988,import_depends,downstream,required,"",import,[],"",shared_kernel,timeout,graceful_degradation,"","","",one_to_many,0,0,active,,0
445248,383000,382993,import_depends,downstream,required,"",import,[],"",shared_kernel,timeout,graceful_degradation,"","","",one_to_many,0,0,active,,0
445249,383000,382990,import_depends,downstream,required,"",import,[],"",shared_kernel,timeout,graceful_degradation,"","","",one_to_many,0,0,active,,0
445250,383000,382987,import_depends,downstream,required,"",import,[],"",shared_kernel,timeout,graceful_degradation,"","","",one_to_many,0,0,active,,0
445251,383000,382991,import_depends,downstream,required,"",import,[],"",shared_kernel,timeout,graceful_degradation,"","","",one_to_many,0,0,active,,0
445252,383000,382997,import_depends,downstream,required,"",import,[],"",shared_kernel,timeout,graceful_degradation,"","","",one_to_many,0,0,active,,0
445253,383000,382995,import_depends,downstream,required,"",import,[],"",shared_kernel,timeout,graceful_degradation,"","","",one_to_many,0,0,active,,0
445254,383000,382998,import_depends,downstream,required,"",import,[],"",shared_kernel,timeout,graceful_degradation,"","","",one_to_many,0,0,active,,0
445255,383000,382999,import_depends,downstream,required,"",import,[],"",shared_kernel,timeout,graceful_degradation,"","","",one_to_many,0,0,active,,0
445256,383000,382994,import_depends,downstream,required,"",import,[],"",shared_kernel,timeout,graceful_degradation,"","","",one_to_many,0,0,active,,0
445257,383000,383001,import_depends,downstream,required,"",import,[],"",shared_kernel,timeout,graceful_degradation,"","","",one_to_many,0,0,active,,0
445258,383000,383005,import_depends,downstream,required,"",import,[],"",shared_kernel,timeout,graceful_degradation,"","","",one_to_many,0,0,active,,0
445259,383000,383003,import_depends,downstream,required,"",import,[],"",shared_kernel,timeout,graceful_degradation,"","","",one_to_many,0,0,active,,0
445260,383000,383004,import_depends,downstream,required,"",import,[],"",shared_kernel,timeout,graceful_degradation,"","","",one_to_many,0,0,active,,0
445261,383006,382378,import_depends,downstream,critical,"",import,[],"",anti_corruption_layer,service_down,circuit_break,"","","",one_to_many,1,0,active,,0
445262,383029,383031,import_depends,downstream,required,"",import,[],"","",timeout,graceful_degradation,"","","",one_to_many,0,0,active,,0
445263,383032,383031,import_depends,downstream,required,"",import,[],"","",timeout,graceful_degradation,"","","",one_to_many,0,0,active,,0
445264,383033,383031,import_depends,downstream,required,"",import,[],"","",timeout,graceful_degradation,"","","",one_to_many,0,0,active,,0
445265,383034,383031,import_depends,downstream,required,"",import,[],"","",timeout,graceful_degradation,"","","",one_to_many,0,0,active,,0
445266,383035,383031,import_depends,downstream,required,"",import,[],"","",timeout,graceful_degradation,"","","",one_to_many,0,0,active,,0
445267,383036,383031,import_depends,downstream,required,"",import,[],"","",timeout,graceful_degradation,"","","",one_to_many,0,0,active,,0
445268,383037,383031,import_depends,downstream,required,"",import,[],"","",timeout,graceful_degradation,"","","",one_to_many,0,0,active,,0
445269,383038,383031,import_depends,downstream,required,"",import,[],"","",timeout,graceful_degradation,"","","",one_to_many,0,0,active,,0
445270,383039,383031,import_depends,downstream,required,"",import,[],"","",timeout,graceful_degradation,"","","",one_to_many,0,0,active,,0
445271,383040,383031,import_depends,downstream,required,"",import,[],"","",timeout,graceful_degradation,"","","",one_to_many,0,0,active,,0
445272,383041,383031,import_depends,downstream,required,"",import,[],"","",timeout,graceful_degradation,"","","",one_to_many,0,0,active,,0
445273,383042,383031,import_depends,downstream,required,"",import,[],"","",timeout,graceful_degradation,"","","",one_to_many,0,0,active,,0
445274,383043,383031,import_depends,downstream,required,"",import,[],"","",timeout,graceful_degradation,"","","",one_to_many,0,0,active,,0
445275,383044,383031,import_depends,downstream,required,"",import,[],"","",timeout,graceful_degradation,"","","",one_to_many,0,0,active,,0
445276,383045,383031,import_depends,downstream,required,"",import,[],"","",timeout,graceful_degradation,"","","",one_to_many,0,0,active,,0
445277,383047,383031,import_depends,downstream,required,"",import,[],"","",timeout,graceful_degradation,"","","",one_to_many,0,0,active,,0
445278,383048,380989,import_depends,downstream,critical,"",import,[],"","",service_down,circuit_break,"","","",one_to_many,1,0,active,,0
445279,383048,383031,import_depends,downstream,required,"",import,[],"","",timeout,graceful_degradation,"","","",one_to_many,0,0,active,,0
445280,383057,383049,import_depends,downstream,required,"",import,[],"","",timeout,graceful_degradation,"","","",one_to_many,0,0,active,,0
445281,383057,383050,import_depends,downstream,required,"",import,[],"","",timeout,graceful_degradation,"","","",one_to_many,0,0,active,,0
445282,383057,383053,import_depends,downstream,required,"",import,[],"","",timeout,graceful_degradation,"","","",one_to_many,0,0,active,,0
445283,383057,383055,import_depends,downstream,required,"",import,[],"","",timeout,graceful_degradation,"","","",one_to_many,0,0,active,,0
445284,383062,382648,import_depends,downstream,critical,"",import,[],"","",service_down,circuit_break,"","","",one_to_many,1,0,active,,0
445285,383066,383051,import_depends,downstream,required,"",import,[],"",shared_kernel,timeout,graceful_degradation,"","","",one_to_many,0,0,active,,0
445286,383066,383054,import_depends,downstream,required,"",import,[],"",shared_kernel,timeout,graceful_degradation,"","","",one_to_many,0,0,active,,0
445287,383066,383052,import_depends,downstream,required,"",import,[],"",shared_kernel,timeout,graceful_degradation,"","","",one_to_many,0,0,active,,0
445288,383066,383056,import_depends,downstream,required,"",import,[],"",shared_kernel,timeout,graceful_degradation,"","","",one_to_many,0,0,active,,0
445289,383066,383058,import_depends,downstream,required,"",import,[],"",shared_kernel,timeout,graceful_degradation,"","","",one_to_many,0,0,active,,0
445290,383066,383059,import_depends,downstream,required,"",import,[],"",shared_kernel,timeout,graceful_degradation,"","","",one_to_many,0,0,active,,0
445291,383066,383061,import_depends,downstream,required,"",import,[],"",shared_kernel,timeout,graceful_degradation,"","","",one_to_many,0,0,active,,0
445292,383066,383067,import_depends,downstream,required,"",import,[],"",shared_kernel,timeout,graceful_degradation,"","","",one_to_many,0,0,active,,0
445293,383066,383063,import_depends,downstream,required,"",import,[],"",shared_kernel,timeout,graceful_degradation,"","","",one_to_many,0,0,active,,0
445294,383069,382802,import_depends,downstream,required,"",import,[],"","",timeout,graceful_degradation,"","","",one_to_many,0,0,active,,0
445295,383069,382815,import_depends,downstream,required,"",import,[],"","",timeout,graceful_degradation,"","","",one_to_many,0,0,active,,0
445296,383069,382823,import_depends,downstream,required,"",import,[],"","",timeout,graceful_degradation,"","","",one_to_many,0,0,active,,0
445297,383069,382886,import_depends,downstream,required,"",import,[],"","",timeout,graceful_degradation,"","","",one_to_many,0,0,active,,0
445298,383069,383031,import_depends,downstream,required,"",import,[],"","",timeout,graceful_degradation,"","","",one_to_many,0,0,active,,0
445299,383069,383048,import_depends,downstream,required,"",import,[],"","",timeout,graceful_degradation,"","","",one_to_many,0,0,active,,0
445300,383070,383060,import_depends,downstream,required,"",import,[],"",shared_kernel,timeout,graceful_degradation,"","","",one_to_many,0,0,active,,0
445301,383070,383064,import_depends,downstream,required,"",import,[],"",shared_kernel,timeout,graceful_degradation,"","","",one_to_many,0,0,active,,0
445302,383070,383068,import_depends,downstream,required,"",import,[],"",shared_kernel,timeout,graceful_degradation,"","","",one_to_many,0,0,active,,0
445303,383070,383065,import_depends,downstream,required,"",import,[],"",shared_kernel,timeout,graceful_degradation,"","","",one_to_many,0,0,active,,0
445304,383070,383062,import_depends,downstream,required,"",import,[],"",shared_kernel,timeout,graceful_degradation,"","","",one_to_many,0,0,active,,0
445305,383070,383075,import_depends,downstream,required,"",import,[],"",shared_kernel,timeout,graceful_degradation,"","","",one_to_many,0,0,active,,0
445306,383071,383069,import_depends,downstream,required,"",import,[],"",shared_kernel,timeout,graceful_degradation,"","","",one_to_many,0,0,active,,0
445307,383093,383072,import_depends,downstream,required,"",import,[],"",shared_kernel,timeout,graceful_degradation,"","","",one_to_many,0,0,active,,0
445308,383093,383078,import_depends,downstream,required,"",import,[],"",shared_kernel,timeout,graceful_degradation,"","","",one_to_many,0,0,active,,0
445309,383093,383074,import_depends,downstream,required,"",import,[],"",shared_kernel,timeout,graceful_degradation,"","","",one_to_many,0,0,active,,0
445310,383093,383073,import_depends,downstream,required,"",import,[],"",shared_kernel,timeout,graceful_degradation,"","","",one_to_many,0,0,active,,0
445311,383093,383076,import_depends,downstream,required,"",import,[],"",shared_kernel,timeout,graceful_degradation,"","","",one_to_many,0,0,active,,0
445312,383093,383082,import_depends,downstream,required,"",import,[],"",shared_kernel,timeout,graceful_degradation,"","","",one_to_many,0,0,active,,0
445313,383093,383079,import_depends,downstream,required,"",import,[],"",shared_kernel,timeout,graceful_degradation,"","","",one_to_many,0,0,active,,0
445314,383093,383077,import_depends,downstream,required,"",import,[],"",shared_kernel,timeout,graceful_degradation,"","","",one_to_many,0,0,active,,0
445315,383093,383080,import_depends,downstream,required,"",import,[],"",shared_kernel,timeout,graceful_degradation,"","","",one_to_many,0,0,active,,0
445316,383093,383081,import_depends,downstream,required,"",import,[],"",shared_kernel,timeout,graceful_degradation,"","","",one_to_many,0,0,active,,0
445317,383093,383083,import_depends,downstream,required,"",import,[],"",shared_kernel,timeout,graceful_degradation,"","","",one_to_many,0,0,active,,0
445318,383093,383088,import_depends,downstream,required,"",import,[],"",shared_kernel,timeout,graceful_degradation,"","","",one_to_many,0,0,active,,0
445319,383093,383085,import_depends,downstream,required,"",import,[],"",shared_kernel,timeout,graceful_degradation,"","","",one_to_many,0,0,active,,0
445320,383093,383084,import_depends,downstream,required,"",import,[],"",shared_kernel,timeout,graceful_degradation,"","","",one_to_many,0,0,active,,0
445321,383093,383089,import_depends,downstream,required,"",import,[],"",shared_kernel,timeout,graceful_degradation,"","","",one_to_many,0,0,active,,0
445322,383093,383086,import_depends,downstream,required,"",import,[],"",shared_kernel,timeout,graceful_degradation,"","","",one_to_many,0,0,active,,0
445323,383093,383090,import_depends,downstream,required,"",import,[],"",shared_kernel,timeout,graceful_degradation,"","","",one_to_many,0,0,active,,0
445324,383093,383087,import_depends,downstream,required,"",import,[],"",shared_kernel,timeout,graceful_degradation,"","","",one_to_many,0,0,active,,0
445325,383093,383092,import_depends,downstream,required,"",import,[],"",shared_kernel,timeout,graceful_degradation,"","","",one_to_many,0,0,active,,0
445326,383093,383094,import_depends,downstream,required,"",import,[],"",shared_kernel,timeout,graceful_degradation,"","","",one_to_many,0,0,active,,0
445327,383093,383095,import_depends,downstream,required,"",import,[],"",shared_kernel,timeout,graceful_degradation,"","","",one_to_many,0,0,active,,0
445328,383093,383096,import_depends,downstream,required,"",import,[],"",shared_kernel,timeout,graceful_degradation,"","","",one_to_many,0,0,active,,0
445329,383093,383091,import_depends,downstream,required,"",import,[],"",shared_kernel,timeout,graceful_degradation,"","","",one_to_many,0,0,active,,0
445330,383098,382583,import_depends,downstream,critical,"",import,[],"","",service_down,circuit_break,"","","",one_to_many,1,0,active,,0
445331,383100,381497,import_depends,downstream,critical,"",import,[],"",anti_corruption_layer,service_down,circuit_break,"","","",one_to_many,1,0,active,,0
445332,383101,382595,import_depends,downstream,critical,"",import,[],"","",service_down,circuit_break,"","","",one_to_many,1,0,active,,0
445333,383101,382656,import_depends,downstream,critical,"",import,[],"","",service_down,circuit_break,"","","",one_to_many,1,0,active,,0
445334,383101,382664,import_depends,downstream,critical,"",import,[],"","",service_down,circuit_break,"","","",one_to_many,1,0,active,,0
445335,383102,382074,import_depends,downstream,critical,"",import,[],"",anti_corruption_layer,service_down,circuit_break,"","","",one_to_many,1,0,active,,0
445336,383102,382664,import_depends,downstream,critical,"",import,[],"","",service_down,circuit_break,"","","",one_to_many,1,0,active,,0
445337,383102,383103,import_depends,downstream,required,"",import,[],"","",timeout,graceful_degradation,"","","",one_to_many,0,0,active,,0
445338,383103,382595,import_depends,downstream,critical,"",import,[],"","",service_down,circuit_break,"","","",one_to_many,1,0,active,,0
445339,383103,382652,import_depends,downstream,critical,"",import,[],"","",service_down,circuit_break,"","","",one_to_many,1,0,active,,0
445340,383103,382074,import_depends,downstream,critical,"",import,[],"",anti_corruption_layer,service_down,circuit_break,"","","",one_to_many,1,0,active,,0
445341,383103,382664,import_depends,downstream,critical,"",import,[],"","",service_down,circuit_break,"","","",one_to_many,1,0,active,,0
445342,383103,382387,import_depends,downstream,critical,"",import,[],"",anti_corruption_layer,service_down,circuit_break,"","","",one_to_many,1,0,active,,0
445343,383103,381893,import_depends,downstream,critical,"",import,[],"","",service_down,circuit_break,"","","",one_to_many,1,0,active,,0
445344,383103,382555,import_depends,downstream,critical,"",import,[],"",anti_corruption_layer,service_down,circuit_break,"","","",one_to_many,1,0,active,,0
445345,383103,382391,import_depends,downstream,critical,"",import,[],"",anti_corruption_layer,service_down,circuit_break,"","","",one_to_many,1,0,active,,0
445346,383104,383117,import_depends,downstream,required,"",import,[],"","",timeout,graceful_degradation,"","","",one_to_many,0,0,active,,0
445347,383105,382656,import_depends,downstream,critical,"",import,[],"","",service_down,circuit_break,"","","",one_to_many,1,0,active,,0
445348,383105,382664,import_depends,downstream,critical,"",import,[],"","",service_down,circuit_break,"","","",one_to_many,1,0,active,,0
445349,383105,382595,import_depends,downstream,critical,"",import,[],"","",service_down,circuit_break,"","","",one_to_many,1,0,active,,0
445350,383106,382074,import_depends,downstream,critical,"",import,[],"",anti_corruption_layer,service_down,circuit_break,"","","",one_to_many,1,0,active,,0
445351,383106,382664,import_depends,downstream,critical,"",import,[],"","",service_down,circuit_break,"","","",one_to_many,1,0,active,,0
445352,383107,381518,import_depends,downstream,critical,"",import,[],"","",service_down,circuit_break,"","","",one_to_many,1,0,active,,0
445353,383107,382070,import_depends,downstream,critical,"",import,[],"","",service_down,circuit_break,"","","",one_to_many,1,0,active,,0
445354,383107,382075,import_depends,downstream,critical,"",import,[],"","",service_down,circuit_break,"","","",one_to_many,1,0,active,,0
445355,383107,382076,import_depends,downstream,critical,"",import,[],"","",service_down,circuit_break,"","","",one_to_many,1,0,active,,0
445356,383107,381521,import_depends,downstream,critical,"",import,[],"","",service_down,circuit_break,"","","",one_to_many,1,0,active,,0
445357,383110,383107,import_depends,downstream,required,"",import,[],"","",timeout,graceful_degradation,"","","",one_to_many,0,0,active,,0
445358,383110,383122,import_depends,downstream,required,"",import,[],"","",timeout,graceful_degradation,"","","",one_to_many,0,0,active,,0
445359,383110,383131,import_depends,downstream,required,"",import,[],"","",timeout,graceful_degradation,"","","",one_to_many,0,0,active,,0
445360,383110,383125,import_depends,downstream,required,"",import,[],"","",timeout,graceful_degradation,"","","",one_to_many,0,0,active,,0
445361,383114,382478,import_depends,downstream,critical,"",import,[],"","",service_down,circuit_break,"","","",one_to_many,1,0,active,,0
445362,383114,382490,import_depends,downstream,critical,"",import,[],"","",service_down,circuit_break,"","","",one_to_many,1,0,active,,0
445363,383115,383111,import_depends,downstream,required,"",import,[],"","",timeout,graceful_degradation,"","","",one_to_many,0,0,active,,0
445364,383116,382595,import_depends,downstream,critical,"",import,[],"","",service_down,circuit_break,"","","",one_to_many,1,0,active,,0
445365,383116,381518,import_depends,downstream,critical,"",import,[],"","",service_down,circuit_break,"","","",one_to_many,1,0,active,,0
445366,383117,382490,import_depends,downstream,critical,"",import,[],"",anti_corruption_layer,service_down,circuit_break,"","","",one_to_many,1,0,active,,0
445367,383118,382595,import_depends,downstream,critical,"",import,[],"","",service_down,circuit_break,"","","",one_to_many,1,0,active,,0
445368,383118,382074,import_depends,downstream,critical,"",import,[],"",anti_corruption_layer,service_down,circuit_break,"","","",one_to_many,1,0,active,,0
445369,383118,382664,import_depends,downstream,critical,"",import,[],"","",service_down,circuit_break,"","","",one_to_many,1,0,active,,0
445370,383118,382387,import_depends,downstream,critical,"",import,[],"",anti_corruption_layer,service_down,circuit_break,"","","",one_to_many,1,0,active,,0
445371,383118,381893,import_depends,downstream,critical,"",import,[],"","",service_down,circuit_break,"","","",one_to_many,1,0,active,,0
445372,383122,383127,import_depends,downstream,required,"",import,[],"","",timeout,graceful_degradation,"","","",one_to_many,0,0,active,,0
445373,383122,382103,import_depends,downstream,critical,"",import,[],"","",service_down,circuit_break,"","","",one_to_many,1,0,active,,0
445374,383125,380914,import_depends,downstream,critical,"",import,[],"","",service_down,circuit_break,"","","",one_to_many,1,0,active,,0
445375,383125,382096,import_depends,downstream,critical,"",import,[],"","",service_down,circuit_break,"","","",one_to_many,1,0,active,,0
445376,383127,382074,import_depends,downstream,critical,"",import,[],"","",service_down,circuit_break,"","","",one_to_many,1,0,active,,0
445377,383129,382595,import_depends,downstream,critical,"",import,[],"","",service_down,circuit_break,"","","",one_to_many,1,0,active,,0
445378,383129,382656,import_depends,downstream,critical,"",import,[],"","",service_down,circuit_break,"","","",one_to_many,1,0,active,,0
445379,383131,381989,import_depends,downstream,critical,"",import,[],"","",service_down,circuit_break,"","","",one_to_many,1,0,active,,0
445380,383131,381990,import_depends,downstream,critical,"",import,[],"","",service_down,circuit_break,"","","",one_to_many,1,0,active,,0
445381,383133,382595,import_depends,downstream,critical,"",import,[],"","",service_down,circuit_break,"","","",one_to_many,1,0,active,,0
445382,383133,383167,import_depends,downstream,required,"",import,[],"","",timeout,graceful_degradation,"","","",one_to_many,0,0,active,,0
445383,383133,381561,import_depends,downstream,critical,"",import,[],"","",service_down,circuit_break,"","","",one_to_many,1,0,active,,0
445384,383133,382768,import_depends,downstream,required,"",import,[],"","",timeout,graceful_degradation,"","","",one_to_many,0,0,active,,0
445385,383137,382478,import_depends,downstream,critical,"",import,[],"","",service_down,circuit_break,"","","",one_to_many,1,0,active,,0
445386,383137,383134,import_depends,downstream,required,"",import,[],"","",timeout,graceful_degradation,"","","",one_to_many,0,0,active,,0
445387,383137,383135,import_depends,downstream,required,"",import,[],"","",timeout,graceful_degradation,"","","",one_to_many,0,0,active,,0
445388,383153,382595,import_depends,downstream,critical,"",import,[],"","",service_down,circuit_break,"","","",one_to_many,1,0,active,,0
445389,383159,382595,import_depends,downstream,critical,"",import,[],"","",service_down,circuit_break,"","","",one_to_many,1,0,active,,0
445390,383159,382656,import_depends,downstream,critical,"",import,[],"","",service_down,circuit_break,"","","",one_to_many,1,0,active,,0
445391,383159,382664,import_depends,downstream,critical,"",import,[],"","",service_down,circuit_break,"","","",one_to_many,1,0,active,,0
445392,383159,383101,import_depends,downstream,required,"",import,[],"","",timeout,graceful_degradation,"","","",one_to_many,0,0,active,,0
445393,383168,382583,import_depends,downstream,critical,"",import,[],"","",service_down,circuit_break,"","","",one_to_many,1,0,active,,0
445394,383169,383168,import_depends,downstream,required,"",import,[],"",shared_kernel,timeout,graceful_degradation,"","","",one_to_many,0,0,active,,0
445395,383169,383174,import_depends,downstream,required,"",import,[],"",shared_kernel,timeout,graceful_degradation,"","","",one_to_many,0,0,active,,0
445396,383172,382074,import_depends,downstream,critical,"",import,[],"",anti_corruption_layer,service_down,circuit_break,"","","",one_to_many,1,0,active,,0
445397,383172,382664,import_depends,downstream,critical,"",import,[],"","",service_down,circuit_break,"","","",one_to_many,1,0,active,,0
445398,383174,381497,import_depends,downstream,critical,"",import,[],"",anti_corruption_layer,service_down,circuit_break,"","","",one_to_many,1,0,active,,0
445399,383176,382074,import_depends,downstream,critical,"",import,[],"",anti_corruption_layer,service_down,circuit_break,"","","",one_to_many,1,0,active,,0
445400,383176,382664,import_depends,downstream,critical,"",import,[],"","",service_down,circuit_break,"","","",one_to_many,1,0,active,,0
445401,383176,383118,import_depends,downstream,required,"",import,[],"","",timeout,graceful_degradation,"","","",one_to_many,0,0,active,,0
445402,383177,382656,import_depends,downstream,critical,"",import,[],"","",service_down,circuit_break,"","","",one_to_many,1,0,active,,0
445403,383177,382664,import_depends,downstream,critical,"",import,[],"","",service_down,circuit_break,"","","",one_to_many,1,0,active,,0
445404,383177,382595,import_depends,downstream,critical,"",import,[],"","",service_down,circuit_break,"","","",one_to_many,1,0,active,,0
445405,383180,382595,import_depends,downstream,critical,"",import,[],"","",service_down,circuit_break,"","","",one_to_many,1,0,active,,0
445406,383180,382656,import_depends,downstream,critical,"",import,[],"","",service_down,circuit_break,"","","",one_to_many,1,0,active,,0
445407,383180,382664,import_depends,downstream,critical,"",import,[],"","",service_down,circuit_break,"","","",one_to_many,1,0,active,,0
445408,383181,383188,import_depends,downstream,required,"",import,[],"",shared_kernel,timeout,graceful_degradation,"","","",one_to_many,0,0,active,,0
445409,383181,383190,import_depends,downstream,required,"",import,[],"",shared_kernel,timeout,graceful_degradation,"","","",one_to_many,0,0,active,,0
445410,383181,383197,import_depends,downstream,required,"",import,[],"",shared_kernel,timeout,graceful_degradation,"","","",one_to_many,0,0,active,,0
445411,383181,383202,import_depends,downstream,required,"",import,[],"",shared_kernel,timeout,graceful_degradation,"","","",one_to_many,0,0,active,,0
445412,383181,383200,import_depends,downstream,required,"",import,[],"",shared_kernel,timeout,graceful_degradation,"","","",one_to_many,0,0,active,,0
445413,383181,383201,import_depends,downstream,required,"",import,[],"",shared_kernel,timeout,graceful_degradation,"","","",one_to_many,0,0,active,,0
445414,383182,381554,import_depends,downstream,critical,"",import,[],"","",service_down,circuit_break,"","","",one_to_many,1,0,active,,0
445415,383182,382758,import_depends,downstream,required,"",import,[],"",anti_corruption_layer,timeout,graceful_degradation,"","","",one_to_many,0,0,active,,0
445416,383182,383183,import_depends,downstream,required,"",import,[],"",shared_kernel,timeout,graceful_degradation,"","","",one_to_many,0,0,active,,0
445417,383182,383185,import_depends,downstream,required,"",import,[],"",shared_kernel,timeout,graceful_degradation,"","","",one_to_many,0,0,active,,0
445418,383182,383186,import_depends,downstream,required,"",import,[],"",shared_kernel,timeout,graceful_degradation,"","","",one_to_many,0,0,active,,0
445419,383182,383187,import_depends,downstream,required,"",import,[],"",shared_kernel,timeout,graceful_degradation,"","","",one_to_many,0,0,active,,0
445420,383182,383184,import_depends,downstream,required,"",import,[],"",shared_kernel,timeout,graceful_degradation,"","","",one_to_many,0,0,active,,0
445421,383182,383188,import_depends,downstream,required,"",import,[],"",shared_kernel,timeout,graceful_degradation,"","","",one_to_many,0,0,active,,0
445422,383182,383189,import_depends,downstream,required,"",import,[],"",shared_kernel,timeout,graceful_degradation,"","","",one_to_many,0,0,active,,0
445423,383182,383195,import_depends,downstream,required,"",import,[],"",shared_kernel,timeout,graceful_degradation,"","","",one_to_many,0,0,active,,0
445424,383182,383190,import_depends,downstream,required,"",import,[],"",shared_kernel,timeout,graceful_degradation,"","","",one_to_many,0,0,active,,0
445425,383182,383192,import_depends,downstream,required,"",import,[],"",shared_kernel,timeout,graceful_degradation,"","","",one_to_many,0,0,active,,0
445426,383182,383194,import_depends,downstream,required,"",import,[],"",shared_kernel,timeout,graceful_degradation,"","","",one_to_many,0,0,active,,0
445427,383182,383193,import_depends,downstream,required,"",import,[],"",shared_kernel,timeout,graceful_degradation,"","","",one_to_many,0,0,active,,0
445428,383182,383196,import_depends,downstream,required,"",import,[],"",shared_kernel,timeout,graceful_degradation,"","","",one_to_many,0,0,active,,0
445429,383182,383197,import_depends,downstream,required,"",import,[],"",shared_kernel,timeout,graceful_degradation,"","","",one_to_many,0,0,active,,0
445430,383182,383202,import_depends,downstream,required,"",import,[],"",shared_kernel,timeout,graceful_degradation,"","","",one_to_many,0,0,active,,0
445431,383182,383206,import_depends,downstream,required,"",import,[],"",shared_kernel,timeout,graceful_degradation,"","","",one_to_many,0,0,active,,0
445432,383182,383200,import_depends,downstream,required,"",import,[],"",shared_kernel,timeout,graceful_degradation,"","","",one_to_many,0,0,active,,0
445433,383182,383201,import_depends,downstream,required,"",import,[],"",shared_kernel,timeout,graceful_degradation,"","","",one_to_many,0,0,active,,0
445434,383182,383205,import_depends,downstream,required,"",import,[],"",shared_kernel,timeout,graceful_degradation,"","","",one_to_many,0,0,active,,0
445435,383191,383183,import_depends,downstream,required,"",import,[],"",shared_kernel,timeout,graceful_degradation,"","","",one_to_many,0,0,active,,0
445436,383191,383185,import_depends,downstream,required,"",import,[],"",shared_kernel,timeout,graceful_degradation,"","","",one_to_many,0,0,active,,0
445437,383191,383186,import_depends,downstream,required,"",import,[],"",shared_kernel,timeout,graceful_degradation,"","","",one_to_many,0,0,active,,0
445438,383191,383187,import_depends,downstream,required,"",import,[],"",shared_kernel,timeout,graceful_degradation,"","","",one_to_many,0,0,active,,0
445439,383191,383184,import_depends,downstream,required,"",import,[],"",shared_kernel,timeout,graceful_degradation,"","","",one_to_many,0,0,active,,0
445440,383191,383188,import_depends,downstream,required,"",import,[],"",shared_kernel,timeout,graceful_degradation,"","","",one_to_many,0,0,active,,0
445441,383191,383189,import_depends,downstream,required,"",import,[],"",shared_kernel,timeout,graceful_degradation,"","","",one_to_many,0,0,active,,0
445442,383199,383195,import_depends,downstream,required,"",import,[],"",shared_kernel,timeout,graceful_degradation,"","","",one_to_many,0,0,active,,0
445443,383199,383190,import_depends,downstream,required,"",import,[],"",shared_kernel,timeout,graceful_degradation,"","","",one_to_many,0,0,active,,0
445444,383199,383192,import_depends,downstream,required,"",import,[],"",shared_kernel,timeout,graceful_degradation,"","","",one_to_many,0,0,active,,0
445445,383199,383194,import_depends,downstream,required,"",import,[],"",shared_kernel,timeout,graceful_degradation,"","","",one_to_many,0,0,active,,0
445446,383199,383193,import_depends,downstream,required,"",import,[],"",shared_kernel,timeout,graceful_degradation,"","","",one_to_many,0,0,active,,0
445447,383199,383196,import_depends,downstream,required,"",import,[],"",shared_kernel,timeout,graceful_degradation,"","","",one_to_many,0,0,active,,0
445448,383199,383197,import_depends,downstream,required,"",import,[],"",shared_kernel,timeout,graceful_degradation,"","","",one_to_many,0,0,active,,0
445449,383204,381554,import_depends,downstream,critical,"",import,[],"","",service_down,circuit_break,"","","",one_to_many,1,0,active,,0
445450,383204,383202,import_depends,downstream,required,"",import,[],"",shared_kernel,timeout,graceful_degradation,"","","",one_to_many,0,0,active,,0
445451,383204,383206,import_depends,downstream,required,"",import,[],"",shared_kernel,timeout,graceful_degradation,"","","",one_to_many,0,0,active,,0
445452,383204,383200,import_depends,downstream,required,"",import,[],"",shared_kernel,timeout,graceful_degradation,"","","",one_to_many,0,0,active,,0
445453,383204,383201,import_depends,downstream,required,"",import,[],"",shared_kernel,timeout,graceful_degradation,"","","",one_to_many,0,0,active,,0
445454,383204,383205,import_depends,downstream,required,"",import,[],"",shared_kernel,timeout,graceful_degradation,"","","",one_to_many,0,0,active,,0
445455,383209,381900,import_depends,downstream,critical,"",import,[],"","",service_down,circuit_break,"","","",one_to_many,1,0,active,,0
445456,383209,381986,import_depends,downstream,critical,"",import,[],"","",service_down,circuit_break,"","","",one_to_many,1,0,active,,0
445457,383209,382023,import_depends,downstream,critical,"",import,[],"",anti_corruption_layer,service_down,circuit_break,"","","",one_to_many,1,0,active,,0
445458,383210,382123,import_depends,downstream,critical,"",import,[],"","",service_down,circuit_break,"","","",one_to_many,1,0,active,,0
445459,383212,382129,import_depends,downstream,critical,"",import,[],"","",service_down,circuit_break,"","","",one_to_many,1,0,active,,0
445460,383212,382132,import_depends,downstream,critical,"",import,[],"","",service_down,circuit_break,"","","",one_to_many,1,0,active,,0
445461,383212,382135,import_depends,downstream,critical,"",import,[],"","",service_down,circuit_break,"","","",one_to_many,1,0,active,,0
445462,383212,382648,import_depends,downstream,critical,"",import,[],"","",service_down,circuit_break,"","","",one_to_many,1,0,active,,0
445463,383215,380830,import_depends,downstream,required,"",import,[],"","",timeout,graceful_degradation,"","","",one_to_many,0,0,active,,0
445464,383217,381542,import_depends,downstream,required,"",import,[],"","",timeout,graceful_degradation,"","","",one_to_many,0,0,active,,0
445465,383217,382296,import_depends,downstream,critical,"",import,[],"","",service_down,circuit_break,"","","",one_to_many,1,0,active,,0
445466,383218,382595,import_depends,downstream,critical,"",import,[],"","",service_down,circuit_break,"","","",one_to_many,1,0,active,,0
445467,383218,382582,import_depends,downstream,critical,"",import,[],"","",service_down,circuit_break,"","","",one_to_many,1,0,active,,0
445468,383221,382123,import_depends,downstream,critical,"",import,[],"","",service_down,circuit_break,"","","",one_to_many,1,0,active,,0
445469,383221,382136,import_depends,downstream,critical,"",import,[],"","",service_down,circuit_break,"","","",one_to_many,1,0,active,,0
445470,383221,382132,import_depends,downstream,critical,"",import,[],"","",service_down,circuit_break,"","","",one_to_many,1,0,active,,0
445471,383221,382037,import_depends,downstream,critical,"",import,[],"","",service_down,circuit_break,"","","",one_to_many,1,0,active,,0
445472,383222,382595,import_depends,downstream,critical,"",import,[],"","",service_down,circuit_break,"","","",one_to_many,1,0,active,,0
445473,383222,382582,import_depends,downstream,critical,"",import,[],"","",service_down,circuit_break,"","","",one_to_many,1,0,active,,0
445474,383222,382735,import_depends,downstream,critical,"",import,[],"","",service_down,circuit_break,"","","",one_to_many,1,0,active,,0
445475,383222,382601,import_depends,downstream,critical,"",import,[],"","",service_down,circuit_break,"","","",one_to_many,1,0,active,,0
445476,383223,382037,import_depends,downstream,critical,"",import,[],"","",service_down,circuit_break,"","","",one_to_many,1,0,active,,0
445477,383223,382132,import_depends,downstream,critical,"",import,[],"","",service_down,circuit_break,"","","",one_to_many,1,0,active,,0
445478,383227,381960,import_depends,downstream,critical,"",import,[],"","",service_down,circuit_break,"","","",one_to_many,1,0,active,,0
445479,383227,381969,import_depends,downstream,critical,"",import,[],"","",service_down,circuit_break,"","","",one_to_many,1,0,active,,0
445480,383229,382648,import_depends,downstream,critical,"",import,[],"","",service_down,circuit_break,"","","",one_to_many,1,0,active,,0
445481,383229,382129,import_depends,downstream,critical,"",import,[],"","",service_down,circuit_break,"","","",one_to_many,1,0,active,,0
445482,383229,382132,import_depends,downstream,critical,"",import,[],"","",service_down,circuit_break,"","","",one_to_many,1,0,active,,0
445483,383230,382132,import_depends,downstream,critical,"",import,[],"","",service_down,circuit_break,"","","",one_to_many,1,0,active,,0
445484,383230,382123,import_depends,downstream,critical,"",import,[],"","",service_down,circuit_break,"","","",one_to_many,1,0,active,,0
445485,383230,382135,import_depends,downstream,critical,"",import,[],"","",service_down,circuit_break,"","","",one_to_many,1,0,active,,0
445486,383230,382130,import_depends,downstream,critical,"",import,[],"","",service_down,circuit_break,"","","",one_to_many,1,0,active,,0
445487,383231,383358,import_depends,downstream,critical,"",import,[],"",shared_kernel,service_down,circuit_break,"","","",one_to_many,1,0,active,,0
445488,383231,380881,import_depends,downstream,required,"",import,[],"","",timeout,graceful_degradation,"","","",one_to_many,0,0,active,,0
445489,383231,381737,import_depends,downstream,critical,"",import,[],"","",service_down,circuit_break,"","","",one_to_many,1,0,active,,0
445490,383231,382058,import_depends,downstream,critical,"",import,[],"",anti_corruption_layer,service_down,circuit_break,"","","",one_to_many,1,0,active,,0
445491,383263,381521,import_depends,downstream,required,"",import,[],"","",timeout,graceful_degradation,"","","",one_to_many,0,0,active,,0
445492,383263,381518,import_depends,downstream,required,"",import,[],"","",timeout,graceful_degradation,"","","",one_to_many,0,0,active,,0
445493,383264,382023,import_depends,downstream,critical,"",import,[],"",anti_corruption_layer,service_down,circuit_break,"","","",one_to_many,1,0,active,,0
445494,383264,381521,import_depends,downstream,required,"",import,[],"","",timeout,graceful_degradation,"","","",one_to_many,0,0,active,,0
445495,383264,381518,import_depends,downstream,required,"",import,[],"","",timeout,graceful_degradation,"","","",one_to_many,0,0,active,,0
445496,383266,382023,import_depends,downstream,critical,"",import,[],"",anti_corruption_layer,service_down,circuit_break,"","","",one_to_many,1,0,active,,0
445497,383267,381052,import_depends,downstream,required,"",import,[],"","",timeout,graceful_degradation,"","","",one_to_many,0,0,active,,0
445498,383267,382023,import_depends,downstream,critical,"",import,[],"",anti_corruption_layer,service_down,circuit_break,"","","",one_to_many,1,0,active,,0
445499,383267,382684,import_depends,downstream,critical,"",import,[],"",anti_corruption_layer,service_down,circuit_break,"","","",one_to_many,1,0,active,,0
445500,383267,382224,import_depends,downstream,critical,"",import,[],"",anti_corruption_layer,service_down,circuit_break,"","","",one_to_many,1,0,active,,0
445501,383267,382223,import_depends,downstream,critical,"",import,[],"",anti_corruption_layer,service_down,circuit_break,"","","",one_to_many,1,0,active,,0
445502,383267,382227,import_depends,downstream,critical,"",import,[],"",anti_corruption_layer,service_down,circuit_break,"","","",one_to_many,1,0,active,,0
445503,383267,381165,import_depends,downstream,critical,"",import,[],"",anti_corruption_layer,service_down,circuit_break,"","","",one_to_many,1,0,active,,0
445504,383267,382715,import_depends,downstream,critical,"",import,[],"",anti_corruption_layer,service_down,circuit_break,"","","",one_to_many,1,0,active,,0
445505,383267,382394,import_depends,downstream,critical,"",import,[],"",anti_corruption_layer,service_down,circuit_break,"","","",one_to_many,1,0,active,,0
445506,383267,382122,import_depends,downstream,critical,"",import,[],"",anti_corruption_layer,service_down,circuit_break,"","","",one_to_many,1,0,active,,0
445507,383268,382023,import_depends,downstream,critical,"",import,[],"",anti_corruption_layer,service_down,circuit_break,"","","",one_to_many,1,0,active,,0
445508,383268,381521,import_depends,downstream,required,"",import,[],"","",timeout,graceful_degradation,"","","",one_to_many,0,0,active,,0
445509,383268,381518,import_depends,downstream,required,"",import,[],"","",timeout,graceful_degradation,"","","",one_to_many,0,0,active,,0
445510,383269,381518,import_depends,downstream,required,"",import,[],"","",timeout,graceful_degradation,"","","",one_to_many,0,0,active,,0
445511,383270,381900,import_depends,downstream,critical,"",import,[],"","",service_down,circuit_break,"","","",one_to_many,1,0,active,,0
445512,383270,381986,import_depends,downstream,critical,"",import,[],"","",service_down,circuit_break,"","","",one_to_many,1,0,active,,0
445513,383270,382040,import_depends,downstream,critical,"",import,[],"","",service_down,circuit_break,"","","",one_to_many,1,0,active,,0
445514,383271,382595,import_depends,downstream,critical,"",import,[],"","",service_down,circuit_break,"","","",one_to_many,1,0,active,,0
445515,383272,382595,import_depends,downstream,critical,"",import,[],"","",service_down,circuit_break,"","","",one_to_many,1,0,active,,0
445516,383273,382595,import_depends,downstream,critical,"",import,[],"","",service_down,circuit_break,"","","",one_to_many,1,0,active,,0
445517,383274,382023,import_depends,downstream,critical,"",import,[],"",anti_corruption_layer,service_down,circuit_break,"","","",one_to_many,1,0,active,,0
445518,383274,381521,import_depends,downstream,required,"",import,[],"","",timeout,graceful_degradation,"","","",one_to_many,0,0,active,,0
445519,383274,381518,import_depends,downstream,required,"",import,[],"","",timeout,graceful_degradation,"","","",one_to_many,0,0,active,,0
445520,383275,382595,import_depends,downstream,critical,"",import,[],"","",service_down,circuit_break,"","","",one_to_many,1,0,active,,0
445521,383276,382487,import_depends,downstream,critical,"",import,[],"","",service_down,circuit_break,"","","",one_to_many,1,0,active,,0
445522,383276,382727,import_depends,downstream,critical,"",import,[],"","",service_down,circuit_break,"","","",one_to_many,1,0,active,,0
445523,383276,382723,import_depends,downstream,critical,"",import,[],"","",service_down,circuit_break,"","","",one_to_many,1,0,active,,0
445524,383281,382471,import_depends,downstream,critical,"",import,[],"","",service_down,circuit_break,"","","",one_to_many,1,0,active,,0
445525,383281,382470,import_depends,downstream,critical,"",import,[],"","",service_down,circuit_break,"","","",one_to_many,1,0,active,,0
445526,383281,382481,import_depends,downstream,critical,"",import,[],"","",service_down,circuit_break,"","","",one_to_many,1,0,active,,0
445527,383281,382477,import_depends,downstream,critical,"",import,[],"","",service_down,circuit_break,"","","",one_to_many,1,0,active,,0
445528,383282,382595,import_depends,downstream,critical,"",import,[],"","",service_down,circuit_break,"","","",one_to_many,1,0,active,,0
445529,383283,380872,import_depends,downstream,critical,"",import,[],"","",service_down,circuit_break,"","","",one_to_many,1,0,active,,0
445530,383284,382597,import_depends,downstream,critical,"",import,[],"","",service_down,circuit_break,"","","",one_to_many,1,0,active,,0
445531,383285,382595,import_depends,downstream,critical,"",import,[],"","",service_down,circuit_break,"","","",one_to_many,1,0,active,,0
445532,383290,381985,import_depends,downstream,critical,"",import,[],"","",service_down,circuit_break,"","","",one_to_many,1,0,active,,0
445533,383290,381727,import_depends,downstream,critical,"",import,[],"","",service_down,circuit_break,"","","",one_to_many,1,0,active,,0
445534,383291,382595,import_depends,downstream,critical,"",import,[],"","",service_down,circuit_break,"","","",one_to_many,1,0,active,,0
445535,383295,380936,import_depends,downstream,critical,"",import,[],"","",service_down,circuit_break,"","","",one_to_many,1,0,active,,0
445536,383296,380881,import_depends,downstream,critical,"",import,[],"","",service_down,circuit_break,"","","",one_to_many,1,0,active,,0
445537,383296,382595,import_depends,downstream,critical,"",import,[],"","",service_down,circuit_break,"","","",one_to_many,1,0,active,,0
445538,383301,381521,import_depends,downstream,critical,"",import,[],"","",service_down,circuit_break,"","","",one_to_many,1,0,active,,0
445539,383301,381518,import_depends,downstream,critical,"",import,[],"","",service_down,circuit_break,"","","",one_to_many,1,0,active,,0
445540,383301,382023,import_depends,downstream,critical,"",import,[],"","",service_down,circuit_break,"","","",one_to_many,1,0,active,,0
445541,383327,381555,import_depends,downstream,critical,"",import,[],"",anti_corruption_layer,service_down,circuit_break,"","","",one_to_many,1,0,active,,0
445542,383328,383111,import_depends,downstream,critical,"",import,[],"","",service_down,circuit_break,"","","",one_to_many,1,0,active,,0
445543,383334,381555,import_depends,downstream,critical,"",import,[],"",anti_corruption_layer,service_down,circuit_break,"","","",one_to_many,1,0,active,,0
445544,383354,382595,import_depends,downstream,critical,"",import,[],"","",service_down,circuit_break,"","","",one_to_many,1,0,active,,0
445545,383355,380872,import_depends,downstream,critical,"",import,[],"","",service_down,circuit_break,"","","",one_to_many,1,0,active,,0
445546,383356,381750,import_depends,downstream,critical,"",import,[],"","",service_down,circuit_break,"","","",one_to_many,1,0,active,,0
445547,383377,380936,import_depends,downstream,critical,"",import,[],"",anti_corruption_layer,service_down,circuit_break,"","","",one_to_many,1,0,active,,0
445548,383380,382597,import_depends,downstream,critical,"",import,[],"","",service_down,circuit_break,"","","",one_to_many,1,0,active,,0
445549,383381,382595,import_depends,downstream,critical,"",import,[],"","",service_down,circuit_break,"","","",one_to_many,1,0,active,,0
445550,383382,381408,import_depends,downstream,critical,"",import,[],"","",service_down,circuit_break,"","","",one_to_many,1,0,active,,0
445551,383382,381402,import_depends,downstream,critical,"",import,[],"","",service_down,circuit_break,"","","",one_to_many,1,0,active,,0
445552,383383,382595,import_depends,downstream,critical,"",import,[],"","",service_down,circuit_break,"","","",one_to_many,1,0,active,,0
445553,383384,382296,import_depends,downstream,critical,"",import,[],"","",service_down,circuit_break,"","","",one_to_many,1,0,active,,0
445554,383384,381574,import_depends,downstream,critical,"",import,[],"","",service_down,circuit_break,"","","",one_to_many,1,0,active,,0
445555,383415,382595,import_depends,downstream,critical,"",import,[],"","",service_down,circuit_break,"","","",one_to_many,1,0,active,,0
445556,383417,382595,import_depends,downstream,critical,"",import,[],"","",service_down,circuit_break,"","","",one_to_many,1,0,active,,0
445557,383418,382595,import_depends,downstream,critical,"",import,[],"","",service_down,circuit_break,"","","",one_to_many,1,0,active,,0
445558,383419,382595,import_depends,downstream,critical,"",import,[],"","",service_down,circuit_break,"","","",one_to_many,1,0,active,,0
445559,383420,382595,import_depends,downstream,critical,"",import,[],"","",service_down,circuit_break,"","","",one_to_many,1,0,active,,0
445560,383421,382595,import_depends,downstream,critical,"",import,[],"","",service_down,circuit_break,"","","",one_to_many,1,0,active,,0
445561,383422,382595,import_depends,downstream,critical,"",import,[],"","",service_down,circuit_break,"","","",one_to_many,1,0,active,,0
445562,383423,382595,import_depends,downstream,critical,"",import,[],"","",service_down,circuit_break,"","","",one_to_many,1,0,active,,0
445563,383424,382595,import_depends,downstream,critical,"",import,[],"","",service_down,circuit_break,"","","",one_to_many,1,0,active,,0
445564,383425,382595,import_depends,downstream,critical,"",import,[],"","",service_down,circuit_break,"","","",one_to_many,1,0,active,,0
445565,383426,382595,import_depends,downstream,critical,"",import,[],"","",service_down,circuit_break,"","","",one_to_many,1,0,active,,0
445566,383427,382595,import_depends,downstream,critical,"",import,[],"","",service_down,circuit_break,"","","",one_to_many,1,0,active,,0
445567,383451,382597,import_depends,downstream,critical,"",import,[],"","",service_down,circuit_break,"","","",one_to_many,1,0,active,,0
445568,383457,380830,import_depends,downstream,critical,"",import,[],"","",service_down,circuit_break,"","","",one_to_many,1,0,active,,0
445569,383459,383666,import_depends,downstream,required,"",import,[],"",anti_corruption_layer,timeout,graceful_degradation,"","","",one_to_many,0,0,active,,0
445570,383471,382597,import_depends,downstream,critical,"",import,[],"","",service_down,circuit_break,"","","",one_to_many,1,0,active,,0
445571,383546,380830,import_depends,downstream,critical,"",import,[],"","",service_down,circuit_break,"","","",one_to_many,1,0,active,,0
445572,383552,380872,import_depends,downstream,critical,"",import,[],"","",service_down,circuit_break,"","","",one_to_many,1,0,active,,0
445573,383557,382023,import_depends,downstream,critical,"",import,[],"",anti_corruption_layer,service_down,circuit_break,"","","",one_to_many,1,0,active,,0
445574,383557,381521,import_depends,downstream,critical,"",import,[],"","",service_down,circuit_break,"","","",one_to_many,1,0,active,,0
445575,383557,382595,import_depends,downstream,critical,"",import,[],"","",service_down,circuit_break,"","","",one_to_many,1,0,active,,0
445576,383557,381518,import_depends,downstream,critical,"",import,[],"","",service_down,circuit_break,"","","",one_to_many,1,0,active,,0
445577,383557,381572,import_depends,downstream,critical,"",import,[],"",anti_corruption_layer,service_down,circuit_break,"","","",one_to_many,1,0,active,,0
445578,383560,381985,import_depends,downstream,critical,"",import,[],"","",service_down,circuit_break,"","","",one_to_many,1,0,active,,0
445579,383561,381615,import_depends,downstream,critical,"",import,[],"","",service_down,circuit_break,"","","",one_to_many,1,0,active,,0
445580,383581,381750,import_depends,downstream,critical,"",import,[],"",anti_corruption_layer,service_down,circuit_break,"","","",one_to_many,1,0,active,,0
445581,383585,382023,import_depends,downstream,critical,"",import,[],"",anti_corruption_layer,service_down,circuit_break,"","","",one_to_many,1,0,active,,0
445582,383585,381615,import_depends,downstream,critical,"",import,[],"","",service_down,circuit_break,"","","",one_to_many,1,0,active,,0
445583,383585,381555,import_depends,downstream,critical,"",import,[],"",anti_corruption_layer,service_down,circuit_break,"","","",one_to_many,1,0,active,,0
445584,383593,382582,import_depends,downstream,critical,"",import,[],"","",service_down,circuit_break,"","","",one_to_many,1,0,active,,0
445585,383602,382595,import_depends,downstream,critical,"",import,[],"","",service_down,circuit_break,"","","",one_to_many,1,0,active,,0
445586,383605,382595,import_depends,downstream,critical,"",import,[],"","",service_down,circuit_break,"","","",one_to_many,1,0,active,,0
445587,383605,382749,import_depends,downstream,critical,"",import,[],"","",service_down,circuit_break,"","","",one_to_many,1,0,active,,0
445588,383606,380872,import_depends,downstream,critical,"",import,[],"","",service_down,circuit_break,"","","",one_to_many,1,0,active,,0
445589,383607,382595,import_depends,downstream,critical,"",import,[],"","",service_down,circuit_break,"","","",one_to_many,1,0,active,,0
445590,383607,381542,import_depends,downstream,critical,"",import,[],"","",service_down,circuit_break,"","","",one_to_many,1,0,active,,0
445591,383609,380872,import_depends,downstream,critical,"",import,[],"","",service_down,circuit_break,"","","",one_to_many,1,0,active,,0
445592,383611,382595,import_depends,downstream,critical,"",import,[],"","",service_down,circuit_break,"","","",one_to_many,1,0,active,,0
445593,383613,382595,import_depends,downstream,critical,"",import,[],"","",service_down,circuit_break,"","","",one_to_many,1,0,active,,0
445594,383622,382595,import_depends,downstream,critical,"",import,[],"","",service_down,circuit_break,"","","",one_to_many,1,0,active,,0
445595,383623,382135,import_depends,downstream,critical,"",import,[],"","",service_down,circuit_break,"","","",one_to_many,1,0,active,,0
445596,383625,382595,import_depends,downstream,critical,"",import,[],"","",service_down,circuit_break,"","","",one_to_many,1,0,active,,0
445597,383625,380958,import_depends,downstream,critical,"",import,[],"","",service_down,circuit_break,"","","",one_to_many,1,0,active,,0
445598,383626,382595,import_depends,downstream,critical,"",import,[],"","",service_down,circuit_break,"","","",one_to_many,1,0,active,,0
445599,383627,381518,import_depends,downstream,critical,"",import,[],"","",service_down,circuit_break,"","","",one_to_many,1,0,active,,0
445600,383628,381518,import_depends,downstream,critical,"",import,[],"","",service_down,circuit_break,"","","",one_to_many,1,0,active,,0
445601,383632,382595,import_depends,downstream,critical,"",import,[],"","",service_down,circuit_break,"","","",one_to_many,1,0,active,,0
445602,383641,381570,import_depends,downstream,critical,"",import,[],"","",service_down,circuit_break,"","","",one_to_many,1,0,active,,0
445603,383645,380787,import_depends,downstream,critical,"",import,[],"","",service_down,circuit_break,"","","",one_to_many,1,0,active,,0
445604,383655,382011,import_depends,downstream,critical,"",import,[],"","",service_down,circuit_break,"","","",one_to_many,1,0,active,,0
445605,383660,381750,import_depends,downstream,critical,"",import,[],"",anti_corruption_layer,service_down,circuit_break,"","","",one_to_many,1,0,active,,0
445606,383665,382595,import_depends,downstream,critical,"",import,[],"","",service_down,circuit_break,"","","",one_to_many,1,0,active,,0
445607,383665,380872,import_depends,downstream,critical,"",import,[],"","",service_down,circuit_break,"","","",one_to_many,1,0,active,,0
445608,383670,382585,import_depends,downstream,critical,"",import,[],"","",service_down,circuit_break,"","","",one_to_many,1,0,active,,0
445609,383673,382597,import_depends,downstream,critical,"",import,[],"","",service_down,circuit_break,"","","",one_to_many,1,0,active,,0
445610,383680,381453,import_depends,downstream,required,"",import,[],"","",timeout,graceful_degradation,"","","",one_to_many,0,0,active,,0
445611,383681,381521,import_depends,downstream,critical,"",import,[],"","",service_down,circuit_break,"","","",one_to_many,1,0,active,,0
445612,383681,381518,import_depends,downstream,critical,"",import,[],"","",service_down,circuit_break,"","","",one_to_many,1,0,active,,0
445613,383682,381521,import_depends,downstream,critical,"",import,[],"","",service_down,circuit_break,"","","",one_to_many,1,0,active,,0
445614,383682,381518,import_depends,downstream,critical,"",import,[],"","",service_down,circuit_break,"","","",one_to_many,1,0,active,,0
445615,383686,382579,import_depends,downstream,critical,"",import,[],"","",service_down,circuit_break,"","","",one_to_many,1,0,active,,0
445616,383692,380762,import_depends,downstream,critical,"",import,[],"","",service_down,circuit_break,"","","",one_to_many,1,0,active,,0
445617,383692,380755,import_depends,downstream,critical,"",import,[],"","",service_down,circuit_break,"","","",one_to_many,1,0,active,,0
445618,383692,380786,import_depends,downstream,critical,"",import,[],"","",service_down,circuit_break,"","","",one_to_many,1,0,active,,0
445619,383692,380841,import_depends,downstream,critical,"",import,[],"","",service_down,circuit_break,"","","",one_to_many,1,0,active,,0
445620,383694,380825,import_depends,downstream,critical,"",import,[],"","",service_down,circuit_break,"","","",one_to_many,1,0,active,,0
445621,383694,383188,import_depends,downstream,critical,"",import,[],"","",service_down,circuit_break,"","","",one_to_many,1,0,active,,0
445622,383696,382595,import_depends,downstream,critical,"",import,[],"","",service_down,circuit_break,"","","",one_to_many,1,0,active,,0
445623,383697,380833,import_depends,downstream,critical,"",import,[],"","",service_down,circuit_break,"","","",one_to_many,1,0,active,,0
445624,383697,380825,import_depends,downstream,critical,"",import,[],"","",service_down,circuit_break,"","","",one_to_many,1,0,active,,0
445625,383697,380794,import_depends,downstream,critical,"",import,[],"","",service_down,circuit_break,"","","",one_to_many,1,0,active,,0
445626,383701,381017,import_depends,downstream,critical,"",import,[],"","",service_down,circuit_break,"","","",one_to_many,1,0,active,,0
445627,383701,380954,import_depends,downstream,critical,"",import,[],"","",service_down,circuit_break,"","","",one_to_many,1,0,active,,0
445628,383701,380979,import_depends,downstream,critical,"",import,[],"","",service_down,circuit_break,"","","",one_to_many,1,0,active,,0
445629,383701,380971,import_depends,downstream,critical,"",import,[],"","",service_down,circuit_break,"","","",one_to_many,1,0,active,,0
445630,383701,380944,import_depends,downstream,critical,"",import,[],"","",service_down,circuit_break,"","","",one_to_many,1,0,active,,0
445631,383702,380786,import_depends,downstream,critical,"",import,[],"","",service_down,circuit_break,"","","",one_to_many,1,0,active,,0
445632,383702,380857,import_depends,downstream,critical,"",import,[],"","",service_down,circuit_break,"","","",one_to_many,1,0,active,,0
445633,383702,380825,import_depends,downstream,critical,"",import,[],"","",service_down,circuit_break,"","","",one_to_many,1,0,active,,0
445634,383708,382595,import_depends,downstream,critical,"",import,[],"","",service_down,circuit_break,"","","",one_to_many,1,0,active,,0
445635,383762,381757,test_depends,downstream,optional,"",import,[],"","",cascade_failure,skip_test,"","","",one_to_many,1,0,active,,0
445636,383762,381777,test_depends,downstream,optional,"",import,[],"","",cascade_failure,skip_test,"","","",one_to_many,1,0,active,,0
445637,383762,381776,test_depends,downstream,optional,"",import,[],"","",cascade_failure,skip_test,"","","",one_to_many,1,0,active,,0
445638,383770,382242,test_depends,downstream,optional,"",import,[],"","",cascade_failure,skip_test,"","","",one_to_many,1,0,active,,0
445639,383781,380791,test_depends,downstream,optional,"",import,[],"","",cascade_failure,skip_test,"","","",one_to_many,1,0,active,,0
445640,383782,381769,test_depends,downstream,optional,"",import,[],"","",cascade_failure,skip_test,"","","",one_to_many,1,0,active,,0
445641,383782,381768,test_depends,downstream,optional,"",import,[],"","",cascade_failure,skip_test,"","","",one_to_many,1,0,active,,0
445642,383782,381770,test_depends,downstream,optional,"",import,[],"","",cascade_failure,skip_test,"","","",one_to_many,1,0,active,,0
445643,383788,381773,test_depends,downstream,optional,"",import,[],"","",cascade_failure,skip_test,"","","",one_to_many,1,0,active,,0
445644,383788,381777,test_depends,downstream,optional,"",import,[],"","",cascade_failure,skip_test,"","","",one_to_many,1,0,active,,0
445645,383788,381776,test_depends,downstream,optional,"",import,[],"","",cascade_failure,skip_test,"","","",one_to_many,1,0,active,,0
445646,383792,381815,test_depends,downstream,optional,"",import,[],"","",cascade_failure,skip_test,"","","",one_to_many,1,0,active,,0
445647,383794,381778,test_depends,downstream,optional,"",import,[],"","",cascade_failure,skip_test,"","","",one_to_many,1,0,active,,0
445648,383795,381780,test_depends,downstream,optional,"",import,[],"","",cascade_failure,skip_test,"","","",one_to_many,1,0,active,,0
445649,383797,381817,test_depends,downstream,optional,"",import,[],"","",cascade_failure,skip_test,"","","",one_to_many,1,0,active,,0
445650,383802,381825,test_depends,downstream,optional,"",import,[],"","",cascade_failure,skip_test,"","","",one_to_many,1,0,active,,0
445651,383803,381823,test_depends,downstream,optional,"",import,[],"","",cascade_failure,skip_test,"","","",one_to_many,1,0,active,,0
445652,383808,382886,test_depends,downstream,optional,"",import,[],"","",cascade_failure,skip_test,"","","",one_to_many,1,0,active,,0
445653,383811,382823,test_depends,downstream,optional,"",import,[],"","",cascade_failure,skip_test,"","","",one_to_many,1,0,active,,0
445654,383812,382719,test_depends,downstream,optional,"",import,[],"","",cascade_failure,skip_test,"","","",one_to_many,1,0,active,,0
445655,383814,383078,test_depends,downstream,optional,"",import,[],"","",cascade_failure,skip_test,"","","",one_to_many,1,0,active,,0
445656,383815,381047,test_depends,downstream,optional,"",import,[],"","",cascade_failure,skip_test,"","","",one_to_many,1,0,active,,0
445657,383816,382823,test_depends,downstream,optional,"",import,[],"","",cascade_failure,skip_test,"","","",one_to_many,1,0,active,,0
445658,383817,382249,test_depends,downstream,optional,"",import,[],"","",cascade_failure,skip_test,"","","",one_to_many,1,0,active,,0
445659,383818,383002,test_depends,downstream,optional,"",import,[],"","",cascade_failure,skip_test,"","","",one_to_many,1,0,active,,0
445660,383819,382823,test_depends,downstream,optional,"",import,[],"","",cascade_failure,skip_test,"","","",one_to_many,1,0,active,,0
445661,383820,383102,test_depends,downstream,optional,"",import,[],"","",cascade_failure,skip_test,"","","",one_to_many,1,0,active,,0
445662,383820,383103,test_depends,downstream,optional,"",import,[],"","",cascade_failure,skip_test,"","","",one_to_many,1,0,active,,0
445663,383821,382793,test_depends,downstream,optional,"",import,[],"","",cascade_failure,skip_test,"","","",one_to_many,1,0,active,,0
445664,383821,382778,test_depends,downstream,optional,"",import,[],"","",cascade_failure,skip_test,"","","",one_to_many,1,0,active,,0
445665,383822,381933,test_depends,downstream,optional,"",import,[],"","",cascade_failure,skip_test,"","","",one_to_many,1,0,active,,0
445666,383823,381079,test_depends,downstream,optional,"",import,[],"","",cascade_failure,skip_test,"","","",one_to_many,1,0,active,,0
445667,383824,383103,test_depends,downstream,optional,"",import,[],"","",cascade_failure,skip_test,"","","",one_to_many,1,0,active,,0
445668,383825,382794,test_depends,downstream,optional,"",import,[],"","",cascade_failure,skip_test,"","","",one_to_many,1,0,active,,0
445669,383826,383060,test_depends,downstream,optional,"",import,[],"","",cascade_failure,skip_test,"","","",one_to_many,1,0,active,,0
445670,383827,383161,test_depends,downstream,optional,"",import,[],"","",cascade_failure,skip_test,"","","",one_to_many,1,0,active,,0
445671,383828,380927,test_depends,downstream,optional,"",import,[],"","",cascade_failure,skip_test,"","","",one_to_many,1,0,active,,0
445672,383829,381037,test_depends,downstream,optional,"",import,[],"","",cascade_failure,skip_test,"","","",one_to_many,1,0,active,,0
445673,383830,380969,test_depends,downstream,optional,"",import,[],"","",cascade_failure,skip_test,"","","",one_to_many,1,0,active,,0
445674,383831,382823,test_depends,downstream,optional,"",import,[],"","",cascade_failure,skip_test,"","","",one_to_many,1,0,active,,0
445675,383832,382245,test_depends,downstream,optional,"",import,[],"","",cascade_failure,skip_test,"","","",one_to_many,1,0,active,,0
445676,383833,382297,test_depends,downstream,optional,"",import,[],"","",cascade_failure,skip_test,"","","",one_to_many,1,0,active,,0
445677,383833,382255,test_depends,downstream,optional,"",import,[],"",conformist,cascade_failure,skip_test,"","","",one_to_many,1,0,active,,0
445678,383833,382309,test_depends,downstream,optional,"",import,[],"","",cascade_failure,skip_test,"","","",one_to_many,1,0,active,,0
445679,383833,382308,test_depends,downstream,optional,"",import,[],"","",cascade_failure,skip_test,"","","",one_to_many,1,0,active,,0
445680,383834,382303,test_depends,downstream,optional,"",import,[],"","",cascade_failure,skip_test,"","","",one_to_many,1,0,active,,0
445681,383834,382278,test_depends,downstream,optional,"",import,[],"",conformist,cascade_failure,skip_test,"","","",one_to_many,1,0,active,,0
445682,383835,382265,test_depends,downstream,optional,"",import,[],"",conformist,cascade_failure,skip_test,"","","",one_to_many,1,0,active,,0
445683,383835,382278,test_depends,downstream,optional,"",import,[],"",conformist,cascade_failure,skip_test,"","","",one_to_many,1,0,active,,0
445684,383835,382279,test_depends,downstream,optional,"",import,[],"",conformist,cascade_failure,skip_test,"","","",one_to_many,1,0,active,,0
445685,383835,382275,test_depends,downstream,optional,"",import,[],"",conformist,cascade_failure,skip_test,"","","",one_to_many,1,0,active,,0
445686,383835,382325,test_depends,downstream,optional,"",import,[],"","",cascade_failure,skip_test,"","","",one_to_many,1,0,active,,0
445687,383835,382311,test_depends,downstream,optional,"",import,[],"","",cascade_failure,skip_test,"","","",one_to_many,1,0,active,,0
445688,383836,382278,test_depends,downstream,optional,"",import,[],"",conformist,cascade_failure,skip_test,"","","",one_to_many,1,0,active,,0
445689,383836,382311,test_depends,downstream,optional,"",import,[],"","",cascade_failure,skip_test,"","","",one_to_many,1,0,active,,0
445690,383837,382307,test_depends,downstream,optional,"",import,[],"","",cascade_failure,skip_test,"","","",one_to_many,1,0,active,,0
445691,383839,382294,test_depends,downstream,optional,"",import,[],"","",cascade_failure,skip_test,"","","",one_to_many,1,0,active,,0
445692,383839,382318,test_depends,downstream,optional,"",import,[],"","",cascade_failure,skip_test,"","","",one_to_many,1,0,active,,0
445693,383839,382286,test_depends,downstream,optional,"",import,[],"",conformist,cascade_failure,skip_test,"","","",one_to_many,1,0,active,,0
445694,383839,382285,test_depends,downstream,optional,"",import,[],"",conformist,cascade_failure,skip_test,"","","",one_to_many,1,0,active,,0
445695,383840,382262,test_depends,downstream,optional,"",import,[],"",conformist,cascade_failure,skip_test,"","","",one_to_many,1,0,active,,0
445696,383841,382274,test_depends,downstream,optional,"",import,[],"",conformist,cascade_failure,skip_test,"","","",one_to_many,1,0,active,,0
445697,383841,382278,test_depends,downstream,optional,"",import,[],"",conformist,cascade_failure,skip_test,"","","",one_to_many,1,0,active,,0
445698,383841,382311,test_depends,downstream,optional,"",import,[],"","",cascade_failure,skip_test,"","","",one_to_many,1,0,active,,0
445699,383842,382271,test_depends,downstream,optional,"",import,[],"",conformist,cascade_failure,skip_test,"","","",one_to_many,1,0,active,,0
445700,383843,382260,test_depends,downstream,optional,"",import,[],"",conformist,cascade_failure,skip_test,"","","",one_to_many,1,0,active,,0
445701,383844,382270,test_depends,downstream,optional,"",import,[],"",conformist,cascade_failure,skip_test,"","","",one_to_many,1,0,active,,0
445702,383845,382314,test_depends,downstream,optional,"",import,[],"","",cascade_failure,skip_test,"","","",one_to_many,1,0,active,,0
445703,383845,382316,test_depends,downstream,optional,"",import,[],"","",cascade_failure,skip_test,"","","",one_to_many,1,0,active,,0
445704,383845,382300,test_depends,downstream,optional,"",import,[],"","",cascade_failure,skip_test,"","","",one_to_many,1,0,active,,0
445705,383846,382249,test_depends,downstream,optional,"",import,[],"",conformist,cascade_failure,skip_test,"","","",one_to_many,1,0,active,,0
445706,383846,382252,test_depends,downstream,optional,"",import,[],"",conformist,cascade_failure,skip_test,"","","",one_to_many,1,0,active,,0
445707,383846,382251,test_depends,downstream,optional,"",import,[],"",conformist,cascade_failure,skip_test,"","","",one_to_many,1,0,active,,0
445708,383846,382294,test_depends,downstream,optional,"",import,[],"","",cascade_failure,skip_test,"","","",one_to_many,1,0,active,,0
445709,383846,382266,test_depends,downstream,optional,"",import,[],"",conformist,cascade_failure,skip_test,"","","",one_to_many,1,0,active,,0
445710,383846,382287,test_depends,downstream,optional,"",import,[],"",conformist,cascade_failure,skip_test,"","","",one_to_many,1,0,active,,0
445711,383847,382279,test_depends,downstream,optional,"",import,[],"",conformist,cascade_failure,skip_test,"","","",one_to_many,1,0,active,,0
445712,383848,382304,test_depends,downstream,optional,"",import,[],"","",cascade_failure,skip_test,"","","",one_to_many,1,0,active,,0
445713,383848,382281,test_depends,downstream,optional,"",import,[],"",conformist,cascade_failure,skip_test,"","","",one_to_many,1,0,active,,0
445714,383848,382286,test_depends,downstream,optional,"",import,[],"",conformist,cascade_failure,skip_test,"","","",one_to_many,1,0,active,,0
445715,383848,382318,test_depends,downstream,optional,"",import,[],"","",cascade_failure,skip_test,"","","",one_to_many,1,0,active,,0
445716,383848,382292,test_depends,downstream,optional,"",import,[],"",conformist,cascade_failure,skip_test,"","","",one_to_many,1,0,active,,0
445717,383849,382273,test_depends,downstream,optional,"",import,[],"",conformist,cascade_failure,skip_test,"","","",one_to_many,1,0,active,,0
445718,383849,382278,test_depends,downstream,optional,"",import,[],"",conformist,cascade_failure,skip_test,"","","",one_to_many,1,0,active,,0
445719,383850,382306,test_depends,downstream,optional,"",import,[],"","",cascade_failure,skip_test,"","","",one_to_many,1,0,active,,0
445720,383851,382278,test_depends,downstream,optional,"",import,[],"",conformist,cascade_failure,skip_test,"","","",one_to_many,1,0,active,,0
445721,383852,382276,test_depends,downstream,optional,"",import,[],"","",cascade_failure,skip_test,"","","",one_to_many,1,0,active,,0
445722,383853,382277,test_depends,downstream,optional,"",import,[],"",conformist,cascade_failure,skip_test,"","","",one_to_many,1,0,active,,0
445723,383854,382275,test_depends,downstream,optional,"",import,[],"",conformist,cascade_failure,skip_test,"","","",one_to_many,1,0,active,,0
445724,383855,382310,test_depends,downstream,optional,"",import,[],"","",cascade_failure,skip_test,"","","",one_to_many,1,0,active,,0
445725,383856,382250,test_depends,downstream,optional,"",import,[],"",conformist,cascade_failure,skip_test,"","","",one_to_many,1,0,active,,0
445726,383856,382272,test_depends,downstream,optional,"",import,[],"",conformist,cascade_failure,skip_test,"","","",one_to_many,1,0,active,,0
445727,383856,382285,test_depends,downstream,optional,"",import,[],"",conformist,cascade_failure,skip_test,"","","",one_to_many,1,0,active,,0
445728,383857,382347,test_depends,downstream,optional,"",import,[],"","",cascade_failure,skip_test,"","","",one_to_many,1,0,active,,0
445729,383857,382276,test_depends,downstream,optional,"",import,[],"",conformist,cascade_failure,skip_test,"","","",one_to_many,1,0,active,,0
445730,383858,382307,test_depends,downstream,optional,"",import,[],"","",cascade_failure,skip_test,"","","",one_to_many,1,0,active,,0
445731,383858,382312,test_depends,downstream,optional,"",import,[],"","",cascade_failure,skip_test,"","","",one_to_many,1,0,active,,0
445732,383859,382284,test_depends,downstream,optional,"",import,[],"",conformist,cascade_failure,skip_test,"","","",one_to_many,1,0,active,,0
445733,383860,382278,test_depends,downstream,optional,"",import,[],"",conformist,cascade_failure,skip_test,"","","",one_to_many,1,0,active,,0
445734,383860,382325,test_depends,downstream,optional,"",import,[],"","",cascade_failure,skip_test,"","","",one_to_many,1,0,active,,0
445735,383860,382279,test_depends,downstream,optional,"",import,[],"",conformist,cascade_failure,skip_test,"","","",one_to_many,1,0,active,,0
445736,383861,382278,test_depends,downstream,optional,"",import,[],"",conformist,cascade_failure,skip_test,"","","",one_to_many,1,0,active,,0
445737,383861,382325,test_depends,downstream,optional,"",import,[],"","",cascade_failure,skip_test,"","","",one_to_many,1,0,active,,0
445738,383861,382279,test_depends,downstream,optional,"",import,[],"",conformist,cascade_failure,skip_test,"","","",one_to_many,1,0,active,,0
445739,383861,382283,test_depends,downstream,optional,"",import,[],"",conformist,cascade_failure,skip_test,"","","",one_to_many,1,0,active,,0
445740,383861,382274,test_depends,downstream,optional,"",import,[],"",conformist,cascade_failure,skip_test,"","","",one_to_many,1,0,active,,0
445741,383861,382303,test_depends,downstream,optional,"",import,[],"","",cascade_failure,skip_test,"","","",one_to_many,1,0,active,,0
445742,383861,382306,test_depends,downstream,optional,"",import,[],"","",cascade_failure,skip_test,"","","",one_to_many,1,0,active,,0
445743,383861,382310,test_depends,downstream,optional,"",import,[],"","",cascade_failure,skip_test,"","","",one_to_many,1,0,active,,0
445744,383861,382317,test_depends,downstream,optional,"",import,[],"","",cascade_failure,skip_test,"","","",one_to_many,1,0,active,,0
445745,383861,382273,test_depends,downstream,optional,"",import,[],"",conformist,cascade_failure,skip_test,"","","",one_to_many,1,0,active,,0
445746,383861,382315,test_depends,downstream,optional,"",import,[],"","",cascade_failure,skip_test,"","","",one_to_many,1,0,active,,0
445747,383861,382298,test_depends,downstream,optional,"",import,[],"","",cascade_failure,skip_test,"","","",one_to_many,1,0,active,,0
445748,383861,382302,test_depends,downstream,optional,"",import,[],"","",cascade_failure,skip_test,"","","",one_to_many,1,0,active,,0
445749,383861,382313,test_depends,downstream,optional,"",import,[],"","",cascade_failure,skip_test,"","","",one_to_many,1,0,active,,0
445750,383861,382254,test_depends,downstream,optional,"",import,[],"",conformist,cascade_failure,skip_test,"","","",one_to_many,1,0,active,,0
445751,383862,382283,test_depends,downstream,optional,"",import,[],"",conformist,cascade_failure,skip_test,"","","",one_to_many,1,0,active,,0
445752,383863,382272,test_depends,downstream,optional,"",import,[],"","",cascade_failure,skip_test,"","","",one_to_many,1,0,active,,0
445753,383863,382299,test_depends,downstream,optional,"",import,[],"","",cascade_failure,skip_test,"","","",one_to_many,1,0,active,,0
445754,383863,382727,test_depends,downstream,optional,"",import,[],"","",cascade_failure,skip_test,"","","",one_to_many,1,0,active,,0
445755,383863,382728,test_depends,downstream,optional,"",import,[],"","",cascade_failure,skip_test,"","","",one_to_many,1,0,active,,0
445756,383863,382271,test_depends,downstream,optional,"",import,[],"","",cascade_failure,skip_test,"","","",one_to_many,1,0,active,,0
445757,383863,382279,test_depends,downstream,optional,"",import,[],"","",cascade_failure,skip_test,"","","",one_to_many,1,0,active,,0
445758,383863,382283,test_depends,downstream,optional,"",import,[],"","",cascade_failure,skip_test,"","","",one_to_many,1,0,active,,0
445759,383863,381497,test_depends,downstream,optional,"",import,[],"","",cascade_failure,skip_test,"","","",one_to_many,1,0,active,,0
445760,383864,382287,test_depends,downstream,optional,"",import,[],"",conformist,cascade_failure,skip_test,"","","",one_to_many,1,0,active,,0
445761,383865,382290,test_depends,downstream,optional,"",import,[],"",conformist,cascade_failure,skip_test,"","","",one_to_many,1,0,active,,0
445762,383866,382278,test_depends,downstream,optional,"",import,[],"",conformist,cascade_failure,skip_test,"","","",one_to_many,1,0,active,,0
445763,383866,382311,test_depends,downstream,optional,"",import,[],"","",cascade_failure,skip_test,"","","",one_to_many,1,0,active,,0
445764,383867,382303,test_depends,downstream,optional,"",import,[],"","",cascade_failure,skip_test,"","","",one_to_many,1,0,active,,0
445765,383867,382245,test_depends,downstream,optional,"",import,[],"",conformist,cascade_failure,skip_test,"","","",one_to_many,1,0,active,,0
445766,383867,382249,test_depends,downstream,optional,"",import,[],"",conformist,cascade_failure,skip_test,"","","",one_to_many,1,0,active,,0
445767,383867,382252,test_depends,downstream,optional,"",import,[],"",conformist,cascade_failure,skip_test,"","","",one_to_many,1,0,active,,0
445768,383867,382261,test_depends,downstream,optional,"",import,[],"",conformist,cascade_failure,skip_test,"","","",one_to_many,1,0,active,,0
445769,383867,382295,test_depends,downstream,optional,"",import,[],"","",cascade_failure,skip_test,"","","",one_to_many,1,0,active,,0
445770,383867,382294,test_depends,downstream,optional,"",import,[],"","",cascade_failure,skip_test,"","","",one_to_many,1,0,active,,0
445771,383867,382266,test_depends,downstream,optional,"",import,[],"",conformist,cascade_failure,skip_test,"","","",one_to_many,1,0,active,,0
445772,383867,382271,test_depends,downstream,optional,"",import,[],"",conformist,cascade_failure,skip_test,"","","",one_to_many,1,0,active,,0
445773,383867,382298,test_depends,downstream,optional,"",import,[],"","",cascade_failure,skip_test,"","","",one_to_many,1,0,active,,0
445774,383867,382278,test_depends,downstream,optional,"",import,[],"",conformist,cascade_failure,skip_test,"","","",one_to_many,1,0,active,,0
445775,383867,382279,test_depends,downstream,optional,"",import,[],"",conformist,cascade_failure,skip_test,"","","",one_to_many,1,0,active,,0
445776,383867,382306,test_depends,downstream,optional,"",import,[],"","",cascade_failure,skip_test,"","","",one_to_many,1,0,active,,0
445777,383867,382277,test_depends,downstream,optional,"",import,[],"",conformist,cascade_failure,skip_test,"","","",one_to_many,1,0,active,,0
445778,383867,382283,test_depends,downstream,optional,"",import,[],"",conformist,cascade_failure,skip_test,"","","",one_to_many,1,0,active,,0
445779,383867,382286,test_depends,downstream,optional,"",import,[],"",conformist,cascade_failure,skip_test,"","","",one_to_many,1,0,active,,0
445780,383867,382302,test_depends,downstream,optional,"",import,[],"","",cascade_failure,skip_test,"","","",one_to_many,1,0,active,,0
445781,383867,382285,test_depends,downstream,optional,"",import,[],"",conformist,cascade_failure,skip_test,"","","",one_to_many,1,0,active,,0
445782,383867,382310,test_depends,downstream,optional,"",import,[],"","",cascade_failure,skip_test,"","","",one_to_many,1,0,active,,0
445783,383867,382314,test_depends,downstream,optional,"",import,[],"","",cascade_failure,skip_test,"","","",one_to_many,1,0,active,,0
445784,383867,382325,test_depends,downstream,optional,"",import,[],"","",cascade_failure,skip_test,"","","",one_to_many,1,0,active,,0
445785,383867,382287,test_depends,downstream,optional,"",import,[],"",conformist,cascade_failure,skip_test,"","","",one_to_many,1,0,active,,0
445786,383867,382311,test_depends,downstream,optional,"",import,[],"","",cascade_failure,skip_test,"","","",one_to_many,1,0,active,,0
445787,383867,382318,test_depends,downstream,optional,"",import,[],"","",cascade_failure,skip_test,"","","",one_to_many,1,0,active,,0
445788,383867,382317,test_depends,downstream,optional,"",import,[],"","",cascade_failure,skip_test,"","","",one_to_many,1,0,active,,0
445789,383867,382315,test_depends,downstream,optional,"",import,[],"","",cascade_failure,skip_test,"","","",one_to_many,1,0,active,,0
445790,383867,382263,test_depends,downstream,optional,"",import,[],"",conformist,cascade_failure,skip_test,"","","",one_to_many,1,0,active,,0
445791,383868,381542,test_depends,downstream,optional,"",import,[],"","",cascade_failure,skip_test,"","","",one_to_many,1,0,active,,0
445792,383868,382296,test_depends,downstream,optional,"",import,[],"","",cascade_failure,skip_test,"","","",one_to_many,1,0,active,,0
445793,383869,382317,test_depends,downstream,optional,"",import,[],"","",cascade_failure,skip_test,"","","",one_to_many,1,0,active,,0
445794,383870,382315,test_depends,downstream,optional,"",import,[],"","",cascade_failure,skip_test,"","","",one_to_many,1,0,active,,0
445795,383871,382307,test_depends,downstream,optional,"",import,[],"","",cascade_failure,skip_test,"","","",one_to_many,1,0,active,,0
445796,383871,382312,test_depends,downstream,optional,"",import,[],"","",cascade_failure,skip_test,"","","",one_to_many,1,0,active,,0
445797,383871,382322,test_depends,downstream,optional,"",import,[],"","",cascade_failure,skip_test,"","","",one_to_many,1,0,active,,0
445798,383872,381547,test_depends,downstream,optional,"",import,[],"","",cascade_failure,skip_test,"","","",one_to_many,1,0,active,,0
445799,383872,382595,test_depends,downstream,optional,"",import,[],"","",cascade_failure,skip_test,"","","",one_to_many,1,0,active,,0
445800,383873,381307,test_depends,downstream,optional,"",import,[],"","",cascade_failure,skip_test,"","","",one_to_many,1,0,active,,0
445801,383873,381337,test_depends,downstream,optional,"",import,[],"","",cascade_failure,skip_test,"","","",one_to_many,1,0,active,,0
445802,383874,382721,test_depends,downstream,optional,"",import,[],"","",cascade_failure,skip_test,"","","",one_to_many,1,0,active,,0
445803,383875,383074,test_depends,downstream,optional,"",import,[],"","",cascade_failure,skip_test,"","","",one_to_many,1,0,active,,0
445804,383876,381312,test_depends,downstream,optional,"",import,[],"","",cascade_failure,skip_test,"","","",one_to_many,1,0,active,,0
445805,383878,381061,test_depends,downstream,optional,"",import,[],"","",cascade_failure,skip_test,"","","",one_to_many,1,0,active,,0
445806,383880,381311,test_depends,downstream,optional,"",import,[],"","",cascade_failure,skip_test,"","","",one_to_many,1,0,active,,0
445807,383881,383072,test_depends,downstream,optional,"",import,[],"","",cascade_failure,skip_test,"","","",one_to_many,1,0,active,,0
445808,383882,382886,test_depends,downstream,optional,"",import,[],"","",cascade_failure,skip_test,"","","",one_to_many,1,0,active,,0
445809,383883,381029,test_depends,downstream,optional,"",import,[],"","",cascade_failure,skip_test,"","","",one_to_many,1,0,active,,0
445810,383886,380989,test_depends,downstream,optional,"",import,[],"","",cascade_failure,skip_test,"","","",one_to_many,1,0,active,,0
445811,383887,382886,test_depends,downstream,optional,"",import,[],"","",cascade_failure,skip_test,"","","",one_to_many,1,0,active,,0
445812,383888,381551,test_depends,downstream,optional,"",import,[],"","",cascade_failure,skip_test,"","","",one_to_many,1,0,active,,0
445813,383888,381612,test_depends,downstream,optional,"",import,[],"","",cascade_failure,skip_test,"","","",one_to_many,1,0,active,,0
445814,383889,381020,test_depends,downstream,optional,"",import,[],"","",cascade_failure,skip_test,"","","",one_to_many,1,0,active,,0
445815,383890,380974,test_depends,downstream,optional,"",import,[],"","",cascade_failure,skip_test,"","","",one_to_many,1,0,active,,0
445816,383892,381014,test_depends,downstream,optional,"",import,[],"","",cascade_failure,skip_test,"","","",one_to_many,1,0,active,,0
445817,383893,381014,test_depends,downstream,optional,"",import,[],"","",cascade_failure,skip_test,"","","",one_to_many,1,0,active,,0
445818,383894,381014,test_depends,downstream,optional,"",import,[],"","",cascade_failure,skip_test,"","","",one_to_many,1,0,active,,0
445819,383895,380939,test_depends,downstream,optional,"",import,[],"","",cascade_failure,skip_test,"","","",one_to_many,1,0,active,,0
445820,383896,380795,test_depends,downstream,optional,"",import,[],"","",cascade_failure,skip_test,"","","",one_to_many,1,0,active,,0
445821,383899,380854,test_depends,downstream,optional,"",import,[],"","",cascade_failure,skip_test,"","","",one_to_many,1,0,active,,0
445822,383900,381032,test_depends,downstream,optional,"",import,[],"","",cascade_failure,skip_test,"","","",one_to_many,1,0,active,,0
445823,383901,380787,test_depends,downstream,optional,"",import,[],"","",cascade_failure,skip_test,"","","",one_to_many,1,0,active,,0
445824,383902,382304,test_depends,downstream,optional,"",import,[],"","",cascade_failure,skip_test,"","","",one_to_many,1,0,active,,0
445825,383904,382323,test_depends,downstream,optional,"",import,[],"","",cascade_failure,skip_test,"","","",one_to_many,1,0,active,,0
445826,383904,382321,test_depends,downstream,optional,"",import,[],"","",cascade_failure,skip_test,"","","",one_to_many,1,0,active,,0
445827,383904,382326,test_depends,downstream,optional,"",import,[],"","",cascade_failure,skip_test,"","","",one_to_many,1,0,active,,0
445828,383904,382333,test_depends,downstream,optional,"",import,[],"","",cascade_failure,skip_test,"","","",one_to_many,1,0,active,,0
445829,383904,382342,test_depends,downstream,optional,"",import,[],"","",cascade_failure,skip_test,"","","",one_to_many,1,0,active,,0
445830,383905,381023,test_depends,downstream,optional,"",import,[],"","",cascade_failure,skip_test,"","","",one_to_many,1,0,active,,0
445831,383906,380942,test_depends,downstream,optional,"",import,[],"","",cascade_failure,skip_test,"","","",one_to_many,1,0,active,,0
445832,383906,382778,test_depends,downstream,optional,"",import,[],"","",cascade_failure,skip_test,"","","",one_to_many,1,0,active,,0
445833,383907,381000,test_depends,downstream,optional,"",import,[],"","",cascade_failure,skip_test,"","","",one_to_many,1,0,active,,0
445834,383908,380924,test_depends,downstream,optional,"",import,[],"","",cascade_failure,skip_test,"","","",one_to_many,1,0,active,,0
445835,383910,382595,test_depends,downstream,optional,"",import,[],"","",cascade_failure,skip_test,"","","",one_to_many,1,0,active,,0
445836,383910,381615,test_depends,downstream,optional,"",import,[],"","",cascade_failure,skip_test,"","","",one_to_many,1,0,active,,0
445837,383911,381320,test_depends,downstream,optional,"",import,[],"","",cascade_failure,skip_test,"","","",one_to_many,1,0,active,,0
445838,383912,381323,test_depends,downstream,optional,"",import,[],"","",cascade_failure,skip_test,"","","",one_to_many,1,0,active,,0
445839,383914,381174,test_depends,downstream,optional,"",import,[],"","",cascade_failure,skip_test,"","","",one_to_many,1,0,active,,0
445840,383914,380997,test_depends,downstream,optional,"",import,[],"","",cascade_failure,skip_test,"","","",one_to_many,1,0,active,,0
445841,383915,381316,test_depends,downstream,optional,"",import,[],"","",cascade_failure,skip_test,"","","",one_to_many,1,0,active,,0
445842,383916,381375,test_depends,downstream,optional,"",import,[],"","",cascade_failure,skip_test,"","","",one_to_many,1,0,active,,0
445843,383917,381314,test_depends,downstream,optional,"",import,[],"","",cascade_failure,skip_test,"","","",one_to_many,1,0,active,,0
445844,383918,383082,test_depends,downstream,optional,"",import,[],"","",cascade_failure,skip_test,"","","",one_to_many,1,0,active,,0
445845,383919,382886,test_depends,downstream,optional,"",import,[],"","",cascade_failure,skip_test,"","","",one_to_many,1,0,active,,0
445846,383920,383082,test_depends,downstream,optional,"",import,[],"","",cascade_failure,skip_test,"","","",one_to_many,1,0,active,,0
445847,383921,382886,test_depends,downstream,optional,"",import,[],"","",cascade_failure,skip_test,"","","",one_to_many,1,0,active,,0
445848,383922,382886,test_depends,downstream,optional,"",import,[],"","",cascade_failure,skip_test,"","","",one_to_many,1,0,active,,0
445849,383923,381324,test_depends,downstream,optional,"",import,[],"","",cascade_failure,skip_test,"","","",one_to_many,1,0,active,,0
445850,383925,381322,test_depends,downstream,optional,"",import,[],"","",cascade_failure,skip_test,"","","",one_to_many,1,0,active,,0
445851,383926,382996,test_depends,downstream,optional,"",import,[],"","",cascade_failure,skip_test,"","","",one_to_many,1,0,active,,0
445852,383927,381325,test_depends,downstream,optional,"",import,[],"","",cascade_failure,skip_test,"","","",one_to_many,1,0,active,,0
445853,383928,382988,test_depends,downstream,optional,"",import,[],"","",cascade_failure,skip_test,"","","",one_to_many,1,0,active,,0
445854,383929,382886,test_depends,downstream,optional,"",import,[],"","",cascade_failure,skip_test,"","","",one_to_many,1,0,active,,0
445855,383930,381330,test_depends,downstream,optional,"",import,[],"","",cascade_failure,skip_test,"","","",one_to_many,1,0,active,,0
445856,383930,381337,test_depends,downstream,optional,"",import,[],"","",cascade_failure,skip_test,"","","",one_to_many,1,0,active,,0
445857,383931,382823,test_depends,downstream,optional,"",import,[],"","",cascade_failure,skip_test,"","","",one_to_many,1,0,active,,0
445858,383932,382886,test_depends,downstream,optional,"",import,[],"","",cascade_failure,skip_test,"","","",one_to_many,1,0,active,,0
445859,383933,381338,test_depends,downstream,optional,"",import,[],"","",cascade_failure,skip_test,"","","",one_to_many,1,0,active,,0
445860,383934,382886,test_depends,downstream,optional,"",import,[],"","",cascade_failure,skip_test,"","","",one_to_many,1,0,active,,0
445861,383935,381341,test_depends,downstream,optional,"",import,[],"","",cascade_failure,skip_test,"","","",one_to_many,1,0,active,,0
445862,383936,381348,test_depends,downstream,optional,"",import,[],"","",cascade_failure,skip_test,"","","",one_to_many,1,0,active,,0
445863,383937,381343,test_depends,downstream,optional,"",import,[],"","",cascade_failure,skip_test,"","","",one_to_many,1,0,active,,0
445864,383938,381345,test_depends,downstream,optional,"",import,[],"","",cascade_failure,skip_test,"","","",one_to_many,1,0,active,,0
445865,383939,382886,test_depends,downstream,optional,"",import,[],"","",cascade_failure,skip_test,"","","",one_to_many,1,0,active,,0
445866,383940,382823,test_depends,downstream,optional,"",import,[],"","",cascade_failure,skip_test,"","","",one_to_many,1,0,active,,0
445867,383941,381337,test_depends,downstream,optional,"",import,[],"","",cascade_failure,skip_test,"","","",one_to_many,1,0,active,,0
445868,383941,381346,test_depends,downstream,optional,"",import,[],"","",cascade_failure,skip_test,"","","",one_to_many,1,0,active,,0
445869,383942,382886,test_depends,downstream,optional,"",import,[],"","",cascade_failure,skip_test,"","","",one_to_many,1,0,active,,0
445870,383943,381372,test_depends,downstream,optional,"",import,[],"","",cascade_failure,skip_test,"","","",one_to_many,1,0,active,,0
445871,383944,382886,test_depends,downstream,optional,"",import,[],"","",cascade_failure,skip_test,"","","",one_to_many,1,0,active,,0
445872,383945,381344,test_depends,downstream,optional,"",import,[],"","",cascade_failure,skip_test,"","","",one_to_many,1,0,active,,0
445873,383946,383087,test_depends,downstream,optional,"",import,[],"","",cascade_failure,skip_test,"","","",one_to_many,1,0,active,,0
445874,383947,382886,test_depends,downstream,optional,"",import,[],"","",cascade_failure,skip_test,"","","",one_to_many,1,0,active,,0
445875,383948,381380,test_depends,downstream,optional,"",import,[],"","",cascade_failure,skip_test,"","","",one_to_many,1,0,active,,0
445876,383949,382998,test_depends,downstream,optional,"",import,[],"","",cascade_failure,skip_test,"","","",one_to_many,1,0,active,,0
445877,383950,381351,test_depends,downstream,optional,"",import,[],"","",cascade_failure,skip_test,"","","",one_to_many,1,0,active,,0
445878,383951,383090,test_depends,downstream,optional,"",import,[],"","",cascade_failure,skip_test,"","","",one_to_many,1,0,active,,0
445879,383952,381378,test_depends,downstream,optional,"",import,[],"","",cascade_failure,skip_test,"","","",one_to_many,1,0,active,,0
445880,383953,381347,test_depends,downstream,optional,"",import,[],"","",cascade_failure,skip_test,"","","",one_to_many,1,0,active,,0
445881,383954,382886,test_depends,downstream,optional,"",import,[],"","",cascade_failure,skip_test,"","","",one_to_many,1,0,active,,0
445882,383955,381337,test_depends,downstream,optional,"",import,[],"","",cascade_failure,skip_test,"","","",one_to_many,1,0,active,,0
445883,383955,381353,test_depends,downstream,optional,"",import,[],"","",cascade_failure,skip_test,"","","",one_to_many,1,0,active,,0
445884,383956,383094,test_depends,downstream,optional,"",import,[],"","",cascade_failure,skip_test,"","","",one_to_many,1,0,active,,0
445885,383957,382886,test_depends,downstream,optional,"",import,[],"","",cascade_failure,skip_test,"","","",one_to_many,1,0,active,,0
445886,383958,381350,test_depends,downstream,optional,"",import,[],"","",cascade_failure,skip_test,"","","",one_to_many,1,0,active,,0
445887,383959,383005,test_depends,downstream,optional,"",import,[],"","",cascade_failure,skip_test,"","","",one_to_many,1,0,active,,0
445888,383960,382994,test_depends,downstream,optional,"",import,[],"","",cascade_failure,skip_test,"","","",one_to_many,1,0,active,,0
445889,383961,381337,test_depends,downstream,optional,"",import,[],"","",cascade_failure,skip_test,"","","",one_to_many,1,0,active,,0
445890,383961,381882,test_depends,downstream,optional,"",import,[],"","",cascade_failure,skip_test,"","","",one_to_many,1,0,active,,0
445891,383962,381362,test_depends,downstream,optional,"",import,[],"","",cascade_failure,skip_test,"","","",one_to_many,1,0,active,,0
445892,383963,382886,test_depends,downstream,optional,"",import,[],"","",cascade_failure,skip_test,"","","",one_to_many,1,0,active,,0
445893,383964,381367,test_depends,downstream,optional,"",import,[],"","",cascade_failure,skip_test,"","","",one_to_many,1,0,active,,0
445894,383965,382886,test_depends,downstream,optional,"",import,[],"","",cascade_failure,skip_test,"","","",one_to_many,1,0,active,,0
445895,383966,381365,test_depends,downstream,optional,"",import,[],"","",cascade_failure,skip_test,"","","",one_to_many,1,0,active,,0
445896,383967,381361,test_depends,downstream,optional,"",import,[],"","",cascade_failure,skip_test,"","","",one_to_many,1,0,active,,0
445897,383968,382886,test_depends,downstream,optional,"",import,[],"","",cascade_failure,skip_test,"","","",one_to_many,1,0,active,,0
445898,383969,383096,test_depends,downstream,optional,"",import,[],"","",cascade_failure,skip_test,"","","",one_to_many,1,0,active,,0
445899,383970,382823,test_depends,downstream,optional,"",import,[],"","",cascade_failure,skip_test,"","","",one_to_many,1,0,active,,0
445900,383971,381369,test_depends,downstream,optional,"",import,[],"","",cascade_failure,skip_test,"","","",one_to_many,1,0,active,,0
445901,383972,383091,test_depends,downstream,optional,"",import,[],"","",cascade_failure,skip_test,"","","",one_to_many,1,0,active,,0
445902,383973,382886,test_depends,downstream,optional,"",import,[],"","",cascade_failure,skip_test,"","","",one_to_many,1,0,active,,0
445903,383975,382886,test_depends,downstream,optional,"",import,[],"","",cascade_failure,skip_test,"","","",one_to_many,1,0,active,,0
445904,383976,382886,test_depends,downstream,optional,"",import,[],"","",cascade_failure,skip_test,"","","",one_to_many,1,0,active,,0
445905,383978,382886,test_depends,downstream,optional,"",import,[],"","",cascade_failure,skip_test,"","","",one_to_many,1,0,active,,0
445906,383979,381714,test_depends,downstream,optional,"",import,[],"","",cascade_failure,skip_test,"","","",one_to_many,1,0,active,,0
445907,383981,381197,test_depends,downstream,optional,"",import,[],"","",cascade_failure,skip_test,"","","",one_to_many,1,0,active,,0
445908,383982,382252,test_depends,downstream,optional,"",import,[],"","",cascade_failure,skip_test,"","","",one_to_many,1,0,active,,0
445909,383983,381881,test_depends,downstream,optional,"",import,[],"","",cascade_failure,skip_test,"","","",one_to_many,1,0,active,,0
445910,383983,381872,test_depends,downstream,optional,"",import,[],"","",cascade_failure,skip_test,"","","",one_to_many,1,0,active,,0
445911,383983,381870,test_depends,downstream,optional,"",import,[],"","",cascade_failure,skip_test,"","","",one_to_many,1,0,active,,0
445912,383983,381876,test_depends,downstream,optional,"",import,[],"","",cascade_failure,skip_test,"","","",one_to_many,1,0,active,,0
445913,383983,381884,test_depends,downstream,optional,"",import,[],"","",cascade_failure,skip_test,"","","",one_to_many,1,0,active,,0
445914,383983,381880,test_depends,downstream,optional,"",import,[],"","",cascade_failure,skip_test,"","","",one_to_many,1,0,active,,0
445915,383984,382764,test_depends,downstream,optional,"",import,[],"","",cascade_failure,skip_test,"","","",one_to_many,1,0,active,,0
445916,383984,382773,test_depends,downstream,optional,"",import,[],"","",cascade_failure,skip_test,"","","",one_to_many,1,0,active,,0
445917,383985,382968,test_depends,downstream,optional,"",import,[],"","",cascade_failure,skip_test,"","","",one_to_many,1,0,active,,0
445918,383986,381878,test_depends,downstream,optional,"",import,[],"","",cascade_failure,skip_test,"","","",one_to_many,1,0,active,,0
445919,383986,381863,test_depends,downstream,optional,"",import,[],"","",cascade_failure,skip_test,"","","",one_to_many,1,0,active,,0
445920,383987,383076,test_depends,downstream,optional,"",import,[],"","",cascade_failure,skip_test,"","","",one_to_many,1,0,active,,0
445921,383988,382724,test_depends,downstream,optional,"",import,[],"","",cascade_failure,skip_test,"","","",one_to_many,1,0,active,,0
445922,383988,382730,test_depends,downstream,optional,"",import,[],"","",cascade_failure,skip_test,"","","",one_to_many,1,0,active,,0
445923,383988,382729,test_depends,downstream,optional,"",import,[],"","",cascade_failure,skip_test,"","","",one_to_many,1,0,active,,0
445924,383988,382740,test_depends,downstream,optional,"",import,[],"","",cascade_failure,skip_test,"","","",one_to_many,1,0,active,,0
445925,383989,381931,test_depends,downstream,optional,"",import,[],"","",cascade_failure,skip_test,"","","",one_to_many,1,0,active,,0
445926,383990,382727,test_depends,downstream,optional,"",import,[],"","",cascade_failure,skip_test,"","","",one_to_many,1,0,active,,0
445927,383990,382742,test_depends,downstream,optional,"",import,[],"","",cascade_failure,skip_test,"","","",one_to_many,1,0,active,,0
445928,383991,382727,test_depends,downstream,optional,"",import,[],"","",cascade_failure,skip_test,"","","",one_to_many,1,0,active,,0
445929,383991,382742,test_depends,downstream,optional,"",import,[],"","",cascade_failure,skip_test,"","","",one_to_many,1,0,active,,0
445930,383991,382729,test_depends,downstream,optional,"",import,[],"","",cascade_failure,skip_test,"","","",one_to_many,1,0,active,,0
445931,383991,382737,test_depends,downstream,optional,"",import,[],"","",cascade_failure,skip_test,"","","",one_to_many,1,0,active,,0
445932,383991,382734,test_depends,downstream,optional,"",import,[],"","",cascade_failure,skip_test,"","","",one_to_many,1,0,active,,0
445933,383991,382754,test_depends,downstream,optional,"",import,[],"","",cascade_failure,skip_test,"","","",one_to_many,1,0,active,,0
445934,383991,382752,test_depends,downstream,optional,"",import,[],"","",cascade_failure,skip_test,"","","",one_to_many,1,0,active,,0
445935,383992,381518,test_depends,downstream,optional,"",import,[],"","",cascade_failure,skip_test,"","","",one_to_many,1,0,active,,0
445936,383992,381572,test_depends,downstream,optional,"",import,[],"","",cascade_failure,skip_test,"","","",one_to_many,1,0,active,,0
445937,383992,382075,test_depends,downstream,optional,"",import,[],"","",cascade_failure,skip_test,"","","",one_to_many,1,0,active,,0
445938,383992,382076,test_depends,downstream,optional,"",import,[],"","",cascade_failure,skip_test,"","","",one_to_many,1,0,active,,0
445939,383992,382595,test_depends,downstream,optional,"",import,[],"","",cascade_failure,skip_test,"","","",one_to_many,1,0,active,,0
445940,383993,382723,test_depends,downstream,optional,"",import,[],"","",cascade_failure,skip_test,"","","",one_to_many,1,0,active,,0
445941,383994,382727,test_depends,downstream,optional,"",import,[],"","",cascade_failure,skip_test,"","","",one_to_many,1,0,active,,0
445942,383994,382742,test_depends,downstream,optional,"",import,[],"","",cascade_failure,skip_test,"","","",one_to_many,1,0,active,,0
445943,383994,382774,test_depends,downstream,optional,"",import,[],"","",cascade_failure,skip_test,"","","",one_to_many,1,0,active,,0
445944,383996,382380,test_depends,downstream,optional,"",import,[],"","",cascade_failure,skip_test,"","","",one_to_many,1,0,active,,0
445945,383997,382382,test_depends,downstream,optional,"",import,[],"","",cascade_failure,skip_test,"","","",one_to_many,1,0,active,,0
445946,383998,380831,test_depends,downstream,optional,"",import,[],"","",cascade_failure,skip_test,"","","",one_to_many,1,0,active,,0
445947,383999,380831,test_depends,downstream,optional,"",import,[],"","",cascade_failure,skip_test,"","","",one_to_many,1,0,active,,0
445948,383999,380753,test_depends,downstream,optional,"",import,[],"","",cascade_failure,skip_test,"","","",one_to_many,1,0,active,,0
445949,384000,380776,test_depends,downstream,optional,"",import,[],"","",cascade_failure,skip_test,"","","",one_to_many,1,0,active,,0
445950,384001,380919,test_depends,downstream,optional,"",import,[],"","",cascade_failure,skip_test,"","","",one_to_many,1,0,active,,0
445951,384002,382446,test_depends,downstream,optional,"",import,[],"","",cascade_failure,skip_test,"","","",one_to_many,1,0,active,,0
445952,384003,383142,test_depends,downstream,optional,"",import,[],"","",cascade_failure,skip_test,"","","",one_to_many,1,0,active,,0
445953,384004,383007,test_depends,downstream,optional,"",import,[],"","",cascade_failure,skip_test,"","","",one_to_many,1,0,active,,0
445954,384005,381091,test_depends,downstream,optional,"",import,[],"","",cascade_failure,skip_test,"","","",one_to_many,1,0,active,,0
445955,384006,381315,test_depends,downstream,optional,"",import,[],"","",cascade_failure,skip_test,"","","",one_to_many,1,0,active,,0
445956,384008,380927,test_depends,downstream,optional,"",import,[],"","",cascade_failure,skip_test,"","","",one_to_many,1,0,active,,0
445957,384009,383008,test_depends,downstream,optional,"",import,[],"","",cascade_failure,skip_test,"","","",one_to_many,1,0,active,,0
445958,384010,380864,test_depends,downstream,optional,"",import,[],"","",cascade_failure,skip_test,"","","",one_to_many,1,0,active,,0
445959,384011,382592,test_depends,downstream,optional,"",import,[],"","",cascade_failure,skip_test,"","","",one_to_many,1,0,active,,0
445960,384012,381434,test_depends,downstream,optional,"",import,[],"","",cascade_failure,skip_test,"","","",one_to_many,1,0,active,,0
445961,384013,380839,test_depends,downstream,optional,"",import,[],"","",cascade_failure,skip_test,"","","",one_to_many,1,0,active,,0
445962,384014,380847,test_depends,downstream,optional,"",import,[],"","",cascade_failure,skip_test,"","","",one_to_many,1,0,active,,0
445963,384015,380753,test_depends,downstream,optional,"",import,[],"","",cascade_failure,skip_test,"","","",one_to_many,1,0,active,,0
445964,384015,381891,test_depends,downstream,optional,"",import,[],"","",cascade_failure,skip_test,"","","",one_to_many,1,0,active,,0
445965,384015,380831,test_depends,downstream,optional,"",import,[],"","",cascade_failure,skip_test,"","","",one_to_many,1,0,active,,0
445966,384016,380999,test_depends,downstream,optional,"",import,[],"","",cascade_failure,skip_test,"","","",one_to_many,1,0,active,,0
445967,384017,383123,test_depends,downstream,optional,"",import,[],"","",cascade_failure,skip_test,"","","",one_to_many,1,0,active,,0
445968,384018,381006,test_depends,downstream,optional,"",import,[],"","",cascade_failure,skip_test,"","","",one_to_many,1,0,active,,0
445969,384019,380983,test_depends,downstream,optional,"",import,[],"","",cascade_failure,skip_test,"","","",one_to_many,1,0,active,,0
445970,384020,380991,test_depends,downstream,optional,"",import,[],"","",cascade_failure,skip_test,"","","",one_to_many,1,0,active,,0
445971,384021,382589,test_depends,downstream,optional,"",import,[],"","",cascade_failure,skip_test,"","","",one_to_many,1,0,active,,0
445972,384022,380975,test_depends,downstream,optional,"",import,[],"","",cascade_failure,skip_test,"","","",one_to_many,1,0,active,,0
445973,384023,381438,test_depends,downstream,optional,"",import,[],"","",cascade_failure,skip_test,"","","",one_to_many,1,0,active,,0
445974,384024,381437,test_depends,downstream,optional,"",import,[],"","",cascade_failure,skip_test,"","","",one_to_many,1,0,active,,0
445975,384025,381894,test_depends,downstream,optional,"",import,[],"","",cascade_failure,skip_test,"","","",one_to_many,1,0,active,,0
445976,384026,381028,test_depends,downstream,optional,"",import,[],"","",cascade_failure,skip_test,"","","",one_to_many,1,0,active,,0
445977,384026,382595,test_depends,downstream,optional,"",import,[],"","",cascade_failure,skip_test,"","","",one_to_many,1,0,active,,0
445978,384027,380967,test_depends,downstream,optional,"",import,[],"","",cascade_failure,skip_test,"","","",one_to_many,1,0,active,,0
445979,384028,380792,test_depends,downstream,optional,"",import,[],"","",cascade_failure,skip_test,"","","",one_to_many,1,0,active,,0
445980,384029,380816,test_depends,downstream,optional,"",import,[],"","",cascade_failure,skip_test,"","","",one_to_many,1,0,active,,0
445981,384029,382583,test_depends,downstream,optional,"",import,[],"","",cascade_failure,skip_test,"","","",one_to_many,1,0,active,,0
445982,384030,381996,test_depends,downstream,optional,"",import,[],"","",cascade_failure,skip_test,"","","",one_to_many,1,0,active,,0
445983,384031,381031,test_depends,downstream,optional,"",import,[],"","",cascade_failure,skip_test,"","","",one_to_many,1,0,active,,0
445984,384032,380891,test_depends,downstream,optional,"",import,[],"","",cascade_failure,skip_test,"","","",one_to_many,1,0,active,,0
445985,384033,380950,test_depends,downstream,optional,"",import,[],"","",cascade_failure,skip_test,"","","",one_to_many,1,0,active,,0
445986,384034,382385,test_depends,downstream,optional,"",import,[],"","",cascade_failure,skip_test,"","","",one_to_many,1,0,active,,0
445987,384035,381512,test_depends,downstream,optional,"",import,[],"","",cascade_failure,skip_test,"","","",one_to_many,1,0,active,,0
445988,384036,381448,test_depends,downstream,optional,"",import,[],"","",cascade_failure,skip_test,"","","",one_to_many,1,0,active,,0
445989,384037,381512,test_depends,downstream,optional,"",import,[],"","",cascade_failure,skip_test,"","","",one_to_many,1,0,active,,0
445990,384037,381516,test_depends,downstream,optional,"",import,[],"","",cascade_failure,skip_test,"","","",one_to_many,1,0,active,,0
445991,384038,381078,test_depends,downstream,optional,"",import,[],"","",cascade_failure,skip_test,"","","",one_to_many,1,0,active,,0
445992,384039,382386,test_depends,downstream,optional,"",import,[],"","",cascade_failure,skip_test,"","","",one_to_many,1,0,active,,0
445993,384040,380941,test_depends,downstream,optional,"",import,[],"","",cascade_failure,skip_test,"","","",one_to_many,1,0,active,,0
445994,384041,380923,test_depends,downstream,optional,"",import,[],"","",cascade_failure,skip_test,"","","",one_to_many,1,0,active,,0
445995,384042,380932,test_depends,downstream,optional,"",import,[],"","",cascade_failure,skip_test,"","","",one_to_many,1,0,active,,0
445996,384043,380969,test_depends,downstream,optional,"",import,[],"","",cascade_failure,skip_test,"","","",one_to_many,1,0,active,,0
445997,384044,382392,test_depends,downstream,optional,"",import,[],"","",cascade_failure,skip_test,"","","",one_to_many,1,0,active,,0
445998,384045,382396,test_depends,downstream,optional,"",import,[],"","",cascade_failure,skip_test,"","","",one_to_many,1,0,active,,0
445999,384046,381440,test_depends,downstream,optional,"",import,[],"","",cascade_failure,skip_test,"","","",one_to_many,1,0,active,,0
446000,384047,382446,test_depends,downstream,optional,"",import,[],"","",cascade_failure,skip_test,"","","",one_to_many,1,0,active,,0
446001,384048,382589,test_depends,downstream,optional,"",import,[],"","",cascade_failure,skip_test,"","","",one_to_many,1,0,active,,0
446002,384049,381740,test_depends,downstream,optional,"",import,[],"","",cascade_failure,skip_test,"","","",one_to_many,1,0,active,,0
446003,384050,381893,test_depends,downstream,optional,"",import,[],"","",cascade_failure,skip_test,"","","",one_to_many,1,0,active,,0
446004,384051,381740,test_depends,downstream,optional,"",import,[],"","",cascade_failure,skip_test,"","","",one_to_many,1,0,active,,0
446005,384052,380953,test_depends,downstream,optional,"",import,[],"","",cascade_failure,skip_test,"","","",one_to_many,1,0,active,,0
446006,384053,381044,test_depends,downstream,optional,"",import,[],"","",cascade_failure,skip_test,"","","",one_to_many,1,0,active,,0
446007,384054,382665,test_depends,downstream,optional,"",import,[],"","",cascade_failure,skip_test,"","","",one_to_many,1,0,active,,0
446008,384055,381318,test_depends,downstream,optional,"",import,[],"","",cascade_failure,skip_test,"","","",one_to_many,1,0,active,,0
446009,384056,380914,test_depends,downstream,optional,"",import,[],"","",cascade_failure,skip_test,"","","",one_to_many,1,0,active,,0
446010,384058,381329,test_depends,downstream,optional,"",import,[],"","",cascade_failure,skip_test,"","","",one_to_many,1,0,active,,0
446011,384059,381348,test_depends,downstream,optional,"",import,[],"","",cascade_failure,skip_test,"","","",one_to_many,1,0,active,,0
446012,384060,381319,test_depends,downstream,optional,"",import,[],"","",cascade_failure,skip_test,"","","",one_to_many,1,0,active,,0
446013,384062,381338,test_depends,downstream,optional,"",import,[],"","",cascade_failure,skip_test,"","","",one_to_many,1,0,active,,0
446014,384063,381337,test_depends,downstream,optional,"",import,[],"","",cascade_failure,skip_test,"","","",one_to_many,1,0,active,,0
446015,384063,381882,test_depends,downstream,optional,"",import,[],"","",cascade_failure,skip_test,"","","",one_to_many,1,0,active,,0
446016,384064,381562,test_depends,downstream,optional,"",import,[],"","",cascade_failure,skip_test,"","","",one_to_many,1,0,active,,0
446017,384065,383009,test_depends,downstream,optional,"",import,[],"","",cascade_failure,skip_test,"","","",one_to_many,1,0,active,,0
446018,384066,381038,test_depends,downstream,optional,"",import,[],"","",cascade_failure,skip_test,"","","",one_to_many,1,0,active,,0
446019,384067,380927,test_depends,downstream,optional,"",import,[],"","",cascade_failure,skip_test,"","","",one_to_many,1,0,active,,0
446020,384068,381048,test_depends,downstream,optional,"",import,[],"","",cascade_failure,skip_test,"","","",one_to_many,1,0,active,,0
446021,384069,382255,test_depends,downstream,optional,"",import,[],"","",cascade_failure,skip_test,"","","",one_to_many,1,0,active,,0
446022,384070,381030,test_depends,downstream,optional,"",import,[],"","",cascade_failure,skip_test,"","","",one_to_many,1,0,active,,0
446023,384072,383167,test_depends,downstream,optional,"",import,[],"","",cascade_failure,skip_test,"","","",one_to_many,1,0,active,,0
446024,384073,383011,test_depends,downstream,optional,"",import,[],"","",cascade_failure,skip_test,"","","",one_to_many,1,0,active,,0
446025,384074,380894,test_depends,downstream,optional,"",import,[],"","",cascade_failure,skip_test,"","","",one_to_many,1,0,active,,0
446026,384075,382792,test_depends,downstream,optional,"",import,[],"","",cascade_failure,skip_test,"","","",one_to_many,1,0,active,,0
446027,384076,380939,test_depends,downstream,optional,"",import,[],"","",cascade_failure,skip_test,"","","",one_to_many,1,0,active,,0
446028,384077,381178,test_depends,downstream,optional,"",import,[],"","",cascade_failure,skip_test,"","","",one_to_many,1,0,active,,0
446029,384078,381029,test_depends,downstream,optional,"",import,[],"","",cascade_failure,skip_test,"","","",one_to_many,1,0,active,,0
446030,384079,381184,test_depends,downstream,optional,"",import,[],"","",cascade_failure,skip_test,"","","",one_to_many,1,0,active,,0
446031,384080,381175,test_depends,downstream,optional,"",import,[],"","",cascade_failure,skip_test,"","","",one_to_many,1,0,active,,0
446032,384081,381181,test_depends,downstream,optional,"",import,[],"","",cascade_failure,skip_test,"","","",one_to_many,1,0,active,,0
446033,384082,380942,test_depends,downstream,optional,"",import,[],"","",cascade_failure,skip_test,"","","",one_to_many,1,0,active,,0
446034,384082,382778,test_depends,downstream,optional,"",import,[],"","",cascade_failure,skip_test,"","","",one_to_many,1,0,active,,0
446035,384083,381481,test_depends,downstream,optional,"",import,[],"","",cascade_failure,skip_test,"","","",one_to_many,1,0,active,,0
446036,384083,382517,test_depends,downstream,optional,"",import,[],"","",cascade_failure,skip_test,"","","",one_to_many,1,0,active,,0
446037,384084,380783,test_depends,downstream,optional,"",import,[],"","",cascade_failure,skip_test,"","","",one_to_many,1,0,active,,0
446038,384085,381486,test_depends,downstream,optional,"",import,[],"","",cascade_failure,skip_test,"","","",one_to_many,1,0,active,,0
446039,384085,381484,test_depends,downstream,optional,"",import,[],"","",cascade_failure,skip_test,"","","",one_to_many,1,0,active,,0
446040,384086,381887,test_depends,downstream,optional,"",import,[],"","",cascade_failure,skip_test,"","","",one_to_many,1,0,active,,0
446041,384087,381486,test_depends,downstream,optional,"",import,[],"","",cascade_failure,skip_test,"","","",one_to_many,1,0,active,,0
446042,384087,381484,test_depends,downstream,optional,"",import,[],"","",cascade_failure,skip_test,"","","",one_to_many,1,0,active,,0
446043,384088,381485,test_depends,downstream,optional,"",import,[],"","",cascade_failure,skip_test,"","","",one_to_many,1,0,active,,0
446044,384089,382770,test_depends,downstream,optional,"",import,[],"","",cascade_failure,skip_test,"","","",one_to_many,1,0,active,,0
446045,384090,381486,test_depends,downstream,optional,"",import,[],"","",cascade_failure,skip_test,"","","",one_to_many,1,0,active,,0
446046,384090,381646,test_depends,downstream,optional,"",import,[],"","",cascade_failure,skip_test,"","","",one_to_many,1,0,active,,0
446047,384090,381357,test_depends,downstream,optional,"",import,[],"","",cascade_failure,skip_test,"","","",one_to_many,1,0,active,,0
446048,384090,381484,test_depends,downstream,optional,"",import,[],"","",cascade_failure,skip_test,"","","",one_to_many,1,0,active,,0
446049,384090,382728,test_depends,downstream,optional,"",import,[],"","",cascade_failure,skip_test,"","","",one_to_many,1,0,active,,0
446050,384091,381484,test_depends,downstream,optional,"",import,[],"","",cascade_failure,skip_test,"","","",one_to_many,1,0,active,,0
446051,384092,381484,test_depends,downstream,optional,"",import,[],"","",cascade_failure,skip_test,"","","",one_to_many,1,0,active,,0
446052,384092,381483,test_depends,downstream,optional,"",import,[],"","",cascade_failure,skip_test,"","","",one_to_many,1,0,active,,0
446053,384093,381319,test_depends,downstream,optional,"",import,[],"","",cascade_failure,skip_test,"","","",one_to_many,1,0,active,,0
446054,384095,381486,test_depends,downstream,optional,"",import,[],"","",cascade_failure,skip_test,"","","",one_to_many,1,0,active,,0
446055,384095,381484,test_depends,downstream,optional,"",import,[],"","",cascade_failure,skip_test,"","","",one_to_many,1,0,active,,0
446056,384096,381202,test_depends,downstream,optional,"",import,[],"","",cascade_failure,skip_test,"","","",one_to_many,1,0,active,,0
446057,384097,383132,test_depends,downstream,optional,"",import,[],"","",cascade_failure,skip_test,"","","",one_to_many,1,0,active,,0
446058,384098,383079,test_depends,downstream,optional,"",import,[],"","",cascade_failure,skip_test,"","","",one_to_many,1,0,active,,0
446059,384099,381537,test_depends,downstream,optional,"",import,[],"","",cascade_failure,skip_test,"","","",one_to_many,1,0,active,,0
446060,384099,381267,test_depends,downstream,optional,"",import,[],"","",cascade_failure,skip_test,"","","",one_to_many,1,0,active,,0
446061,384100,380881,test_depends,downstream,optional,"",import,[],"","",cascade_failure,skip_test,"","","",one_to_many,1,0,active,,0
446062,384101,382730,test_depends,downstream,optional,"",import,[],"","",cascade_failure,skip_test,"","","",one_to_many,1,0,active,,0
446063,384102,382123,test_depends,downstream,optional,"",import,[],"","",cascade_failure,skip_test,"","","",one_to_many,1,0,active,,0
446064,384103,382254,test_depends,downstream,optional,"",import,[],"","",cascade_failure,skip_test,"","","",one_to_many,1,0,active,,0
446065,384104,380969,test_depends,downstream,optional,"",import,[],"","",cascade_failure,skip_test,"","","",one_to_many,1,0,active,,0
446066,384104,382256,test_depends,downstream,optional,"",import,[],"","",cascade_failure,skip_test,"","","",one_to_many,1,0,active,,0
446067,384105,382730,test_depends,downstream,optional,"",import,[],"","",cascade_failure,skip_test,"","","",one_to_many,1,0,active,,0
446068,384105,382729,test_depends,downstream,optional,"",import,[],"","",cascade_failure,skip_test,"","","",one_to_many,1,0,active,,0
446069,384108,382730,test_depends,downstream,optional,"",import,[],"","",cascade_failure,skip_test,"","","",one_to_many,1,0,active,,0
446070,384108,382729,test_depends,downstream,optional,"",import,[],"","",cascade_failure,skip_test,"","","",one_to_many,1,0,active,,0
446071,384108,382731,test_depends,downstream,optional,"",import,[],"","",cascade_failure,skip_test,"","","",one_to_many,1,0,active,,0
446072,384109,382886,test_depends,downstream,optional,"",import,[],"","",cascade_failure,skip_test,"","","",one_to_many,1,0,active,,0
446073,384110,383141,test_depends,downstream,optional,"",import,[],"","",cascade_failure,skip_test,"","","",one_to_many,1,0,active,,0
446074,384113,382592,test_depends,downstream,optional,"",import,[],"","",cascade_failure,skip_test,"","","",one_to_many,1,0,active,,0
446075,384114,382823,test_depends,downstream,optional,"",import,[],"","",cascade_failure,skip_test,"","","",one_to_many,1,0,active,,0
446076,384116,380873,test_depends,downstream,optional,"",import,[],"","",cascade_failure,skip_test,"","","",one_to_many,1,0,active,,0
446077,384117,380910,test_depends,downstream,optional,"",import,[],"","",cascade_failure,skip_test,"","","",one_to_many,1,0,active,,0
446078,384118,380900,test_depends,downstream,optional,"",import,[],"","",cascade_failure,skip_test,"","","",one_to_many,1,0,active,,0
446079,384119,382823,test_depends,downstream,optional,"",import,[],"","",cascade_failure,skip_test,"","","",one_to_many,1,0,active,,0
446080,384120,381948,test_depends,downstream,optional,"",import,[],"","",cascade_failure,skip_test,"","","",one_to_many,1,0,active,,0
446081,384121,380882,test_depends,downstream,optional,"",import,[],"","",cascade_failure,skip_test,"","","",one_to_many,1,0,active,,0
446082,384122,383134,test_depends,downstream,optional,"",import,[],"","",cascade_failure,skip_test,"","","",one_to_many,1,0,active,,0
446083,384123,380967,test_depends,downstream,optional,"",import,[],"","",cascade_failure,skip_test,"","","",one_to_many,1,0,active,,0
446084,384124,381318,test_depends,downstream,optional,"",import,[],"","",cascade_failure,skip_test,"","","",one_to_many,1,0,active,,0
446085,384125,383134,test_depends,downstream,optional,"",import,[],"","",cascade_failure,skip_test,"","","",one_to_many,1,0,active,,0
446086,384126,383134,test_depends,downstream,optional,"",import,[],"","",cascade_failure,skip_test,"","","",one_to_many,1,0,active,,0
446087,384126,383137,test_depends,downstream,optional,"",import,[],"","",cascade_failure,skip_test,"","","",one_to_many,1,0,active,,0
446088,384127,380855,test_depends,downstream,optional,"",import,[],"","",cascade_failure,skip_test,"","","",one_to_many,1,0,active,,0
446089,384129,380957,test_depends,downstream,optional,"",import,[],"","",cascade_failure,skip_test,"","","",one_to_many,1,0,active,,0
446090,384130,383019,test_depends,downstream,optional,"",import,[],"","",cascade_failure,skip_test,"","","",one_to_many,1,0,active,,0
446091,384131,382886,test_depends,downstream,optional,"",import,[],"","",cascade_failure,skip_test,"","","",one_to_many,1,0,active,,0
446092,384132,382823,test_depends,downstream,optional,"",import,[],"","",cascade_failure,skip_test,"","","",one_to_many,1,0,active,,0
446093,384133,381327,test_depends,downstream,optional,"",import,[],"","",cascade_failure,skip_test,"","","",one_to_many,1,0,active,,0
446094,384134,382261,test_depends,downstream,optional,"",import,[],"","",cascade_failure,skip_test,"","","",one_to_many,1,0,active,,0
446095,384134,382279,test_depends,downstream,optional,"",import,[],"","",cascade_failure,skip_test,"","","",one_to_many,1,0,active,,0
446096,384135,383017,test_depends,downstream,optional,"",import,[],"","",cascade_failure,skip_test,"","","",one_to_many,1,0,active,,0
446097,384137,383051,test_depends,downstream,optional,"",import,[],"","",cascade_failure,skip_test,"","","",one_to_many,1,0,active,,0
446098,384138,381644,test_depends,downstream,optional,"",import,[],"","",cascade_failure,skip_test,"","","",one_to_many,1,0,active,,0
446099,384139,381206,test_depends,downstream,optional,"",import,[],"","",cascade_failure,skip_test,"","","",one_to_many,1,0,active,,0
446100,384140,380831,test_depends,downstream,optional,"",import,[],"","",cascade_failure,skip_test,"","","",one_to_many,1,0,active,,0
446101,384141,382434,test_depends,downstream,optional,"",import,[],"","",cascade_failure,skip_test,"","","",one_to_many,1,0,active,,0
446102,384142,381713,test_depends,downstream,optional,"",import,[],"","",cascade_failure,skip_test,"","","",one_to_many,1,0,active,,0
446103,384143,381289,test_depends,downstream,optional,"",import,[],"","",cascade_failure,skip_test,"","","",one_to_many,1,0,active,,0
446104,384144,380816,test_depends,downstream,optional,"",import,[],"","",cascade_failure,skip_test,"","","",one_to_many,1,0,active,,0
446105,384145,382295,test_depends,downstream,optional,"",import,[],"","",cascade_failure,skip_test,"","","",one_to_many,1,0,active,,0
446106,384146,380808,test_depends,downstream,optional,"",import,[],"","",cascade_failure,skip_test,"","","",one_to_many,1,0,active,,0
446107,384147,380792,test_depends,downstream,optional,"",import,[],"","",cascade_failure,skip_test,"","","",one_to_many,1,0,active,,0
446108,384148,380800,test_depends,downstream,optional,"",import,[],"","",cascade_failure,skip_test,"","","",one_to_many,1,0,active,,0
446109,384149,380776,test_depends,downstream,optional,"",import,[],"","",cascade_failure,skip_test,"","","",one_to_many,1,0,active,,0
446110,384150,380784,test_depends,downstream,optional,"",import,[],"","",cascade_failure,skip_test,"","","",one_to_many,1,0,active,,0
446111,384151,380760,test_depends,downstream,optional,"",import,[],"","",cascade_failure,skip_test,"","","",one_to_many,1,0,active,,0
446112,384152,380768,test_depends,downstream,optional,"",import,[],"","",cascade_failure,skip_test,"","","",one_to_many,1,0,active,,0
446113,384153,381288,test_depends,downstream,optional,"",import,[],"","",cascade_failure,skip_test,"","","",one_to_many,1,0,active,,0
446114,384154,381291,test_depends,downstream,optional,"",import,[],"","",cascade_failure,skip_test,"","","",one_to_many,1,0,active,,0
446115,384155,381049,test_depends,downstream,optional,"",import,[],"","",cascade_failure,skip_test,"","","",one_to_many,1,0,active,,0
446116,384155,381891,test_depends,downstream,optional,"",import,[],"","",cascade_failure,skip_test,"","","",one_to_many,1,0,active,,0
446117,384156,381039,test_depends,downstream,optional,"",import,[],"","",cascade_failure,skip_test,"","","",one_to_many,1,0,active,,0
446118,384157,380831,test_depends,downstream,optional,"",import,[],"","",cascade_failure,skip_test,"","","",one_to_many,1,0,active,,0
446119,384157,380753,test_depends,downstream,optional,"",import,[],"","",cascade_failure,skip_test,"","","",one_to_many,1,0,active,,0
446120,384158,381022,test_depends,downstream,optional,"",import,[],"","",cascade_failure,skip_test,"","","",one_to_many,1,0,active,,0
446121,384159,381022,test_depends,downstream,optional,"",import,[],"","",cascade_failure,skip_test,"","","",one_to_many,1,0,active,,0
446122,384160,381031,test_depends,downstream,optional,"",import,[],"","",cascade_failure,skip_test,"","","",one_to_many,1,0,active,,0
446123,384161,382823,test_depends,downstream,optional,"",import,[],"","",cascade_failure,skip_test,"","","",one_to_many,1,0,active,,0
446124,384162,381294,test_depends,downstream,optional,"",import,[],"","",cascade_failure,skip_test,"","","",one_to_many,1,0,active,,0
446125,384163,382886,test_depends,downstream,optional,"",import,[],"","",cascade_failure,skip_test,"","","",one_to_many,1,0,active,,0
446126,384164,382886,test_depends,downstream,optional,"",import,[],"","",cascade_failure,skip_test,"","","",one_to_many,1,0,active,,0
446127,384165,381295,test_depends,downstream,optional,"",import,[],"","",cascade_failure,skip_test,"","","",one_to_many,1,0,active,,0
446128,384166,381013,test_depends,downstream,optional,"",import,[],"","",cascade_failure,skip_test,"","","",one_to_many,1,0,active,,0
446129,384167,382535,test_depends,downstream,optional,"",import,[],"","",cascade_failure,skip_test,"","","",one_to_many,1,0,active,,0
446130,384167,382303,test_depends,downstream,optional,"",import,[],"","",cascade_failure,skip_test,"","","",one_to_many,1,0,active,,0
446131,384168,381326,test_depends,downstream,optional,"",import,[],"","",cascade_failure,skip_test,"","","",one_to_many,1,0,active,,0
446132,384170,381207,test_depends,downstream,optional,"",import,[],"","",cascade_failure,skip_test,"","","",one_to_many,1,0,active,,0
446133,384172,381190,test_depends,downstream,optional,"",import,[],"","",cascade_failure,skip_test,"","","",one_to_many,1,0,active,,0
446134,384172,382517,test_depends,downstream,optional,"",import,[],"","",cascade_failure,skip_test,"","","",one_to_many,1,0,active,,0
446135,384173,382790,test_depends,downstream,optional,"",import,[],"","",cascade_failure,skip_test,"","","",one_to_many,1,0,active,,0
446136,384174,381586,test_depends,downstream,optional,"",import,[],"","",cascade_failure,skip_test,"","","",one_to_many,1,0,active,,0
446137,384174,381572,test_depends,downstream,optional,"",import,[],"","",cascade_failure,skip_test,"","","",one_to_many,1,0,active,,0
446138,384174,382076,test_depends,downstream,optional,"",import,[],"","",cascade_failure,skip_test,"","","",one_to_many,1,0,active,,0
446139,384175,383111,test_depends,downstream,optional,"",import,[],"","",cascade_failure,skip_test,"","","",one_to_many,1,0,active,,0
446140,384175,383115,test_depends,downstream,optional,"",import,[],"","",cascade_failure,skip_test,"","","",one_to_many,1,0,active,,0
446141,384176,383111,test_depends,downstream,optional,"",import,[],"","",cascade_failure,skip_test,"","","",one_to_many,1,0,active,,0
446142,384177,382347,test_depends,downstream,optional,"",import,[],"","",cascade_failure,skip_test,"","","",one_to_many,1,0,active,,0
446143,384178,381718,test_depends,downstream,optional,"",import,[],"","",cascade_failure,skip_test,"","","",one_to_many,1,0,active,,0
446144,384179,381586,test_depends,downstream,optional,"",import,[],"","",cascade_failure,skip_test,"","","",one_to_many,1,0,active,,0
446145,384179,381572,test_depends,downstream,optional,"",import,[],"","",cascade_failure,skip_test,"","","",one_to_many,1,0,active,,0
446146,384179,382076,test_depends,downstream,optional,"",import,[],"","",cascade_failure,skip_test,"","","",one_to_many,1,0,active,,0
446147,384180,381586,test_depends,downstream,optional,"",import,[],"","",cascade_failure,skip_test,"","","",one_to_many,1,0,active,,0
446148,384180,381572,test_depends,downstream,optional,"",import,[],"","",cascade_failure,skip_test,"","","",one_to_many,1,0,active,,0
446149,384180,382076,test_depends,downstream,optional,"",import,[],"","",cascade_failure,skip_test,"","","",one_to_many,1,0,active,,0
446150,384181,381586,test_depends,downstream,optional,"",import,[],"","",cascade_failure,skip_test,"","","",one_to_many,1,0,active,,0
446151,384181,381572,test_depends,downstream,optional,"",import,[],"","",cascade_failure,skip_test,"","","",one_to_many,1,0,active,,0
446152,384181,382076,test_depends,downstream,optional,"",import,[],"","",cascade_failure,skip_test,"","","",one_to_many,1,0,active,,0
446153,384182,381586,test_depends,downstream,optional,"",import,[],"","",cascade_failure,skip_test,"","","",one_to_many,1,0,active,,0
446154,384182,381572,test_depends,downstream,optional,"",import,[],"","",cascade_failure,skip_test,"","","",one_to_many,1,0,active,,0
446155,384182,382076,test_depends,downstream,optional,"",import,[],"","",cascade_failure,skip_test,"","","",one_to_many,1,0,active,,0
446156,384183,381586,test_depends,downstream,optional,"",import,[],"","",cascade_failure,skip_test,"","","",one_to_many,1,0,active,,0
446157,384183,381572,test_depends,downstream,optional,"",import,[],"","",cascade_failure,skip_test,"","","",one_to_many,1,0,active,,0
446158,384183,382076,test_depends,downstream,optional,"",import,[],"","",cascade_failure,skip_test,"","","",one_to_many,1,0,active,,0
446159,384184,381586,test_depends,downstream,optional,"",import,[],"","",cascade_failure,skip_test,"","","",one_to_many,1,0,active,,0
446160,384184,381572,test_depends,downstream,optional,"",import,[],"","",cascade_failure,skip_test,"","","",one_to_many,1,0,active,,0
446161,384184,382076,test_depends,downstream,optional,"",import,[],"","",cascade_failure,skip_test,"","","",one_to_many,1,0,active,,0
446162,384185,381586,test_depends,downstream,optional,"",import,[],"","",cascade_failure,skip_test,"","","",one_to_many,1,0,active,,0
446163,384185,381572,test_depends,downstream,optional,"",import,[],"","",cascade_failure,skip_test,"","","",one_to_many,1,0,active,,0
446164,384185,382076,test_depends,downstream,optional,"",import,[],"","",cascade_failure,skip_test,"","","",one_to_many,1,0,active,,0
446165,384186,381586,test_depends,downstream,optional,"",import,[],"","",cascade_failure,skip_test,"","","",one_to_many,1,0,active,,0
446166,384186,381572,test_depends,downstream,optional,"",import,[],"","",cascade_failure,skip_test,"","","",one_to_many,1,0,active,,0
446167,384186,382076,test_depends,downstream,optional,"",import,[],"","",cascade_failure,skip_test,"","","",one_to_many,1,0,active,,0
446168,384187,381586,test_depends,downstream,optional,"",import,[],"","",cascade_failure,skip_test,"","","",one_to_many,1,0,active,,0
446169,384187,381572,test_depends,downstream,optional,"",import,[],"","",cascade_failure,skip_test,"","","",one_to_many,1,0,active,,0
446170,384187,382076,test_depends,downstream,optional,"",import,[],"","",cascade_failure,skip_test,"","","",one_to_many,1,0,active,,0
446171,384188,381586,test_depends,downstream,optional,"",import,[],"","",cascade_failure,skip_test,"","","",one_to_many,1,0,active,,0
446172,384188,381572,test_depends,downstream,optional,"",import,[],"","",cascade_failure,skip_test,"","","",one_to_many,1,0,active,,0
446173,384188,382076,test_depends,downstream,optional,"",import,[],"","",cascade_failure,skip_test,"","","",one_to_many,1,0,active,,0
446174,384189,381586,test_depends,downstream,optional,"",import,[],"","",cascade_failure,skip_test,"","","",one_to_many,1,0,active,,0
446175,384189,381572,test_depends,downstream,optional,"",import,[],"","",cascade_failure,skip_test,"","","",one_to_many,1,0,active,,0
446176,384189,382076,test_depends,downstream,optional,"",import,[],"","",cascade_failure,skip_test,"","","",one_to_many,1,0,active,,0
446177,384190,381586,test_depends,downstream,optional,"",import,[],"","",cascade_failure,skip_test,"","","",one_to_many,1,0,active,,0
446178,384190,381572,test_depends,downstream,optional,"",import,[],"","",cascade_failure,skip_test,"","","",one_to_many,1,0,active,,0
446179,384190,382076,test_depends,downstream,optional,"",import,[],"","",cascade_failure,skip_test,"","","",one_to_many,1,0,active,,0
446180,384191,381586,test_depends,downstream,optional,"",import,[],"","",cascade_failure,skip_test,"","","",one_to_many,1,0,active,,0
446181,384191,381572,test_depends,downstream,optional,"",import,[],"","",cascade_failure,skip_test,"","","",one_to_many,1,0,active,,0
446182,384191,382076,test_depends,downstream,optional,"",import,[],"","",cascade_failure,skip_test,"","","",one_to_many,1,0,active,,0
446183,384192,381586,test_depends,downstream,optional,"",import,[],"","",cascade_failure,skip_test,"","","",one_to_many,1,0,active,,0
446184,384192,381572,test_depends,downstream,optional,"",import,[],"","",cascade_failure,skip_test,"","","",one_to_many,1,0,active,,0
446185,384192,382076,test_depends,downstream,optional,"",import,[],"","",cascade_failure,skip_test,"","","",one_to_many,1,0,active,,0
446186,384193,381586,test_depends,downstream,optional,"",import,[],"","",cascade_failure,skip_test,"","","",one_to_many,1,0,active,,0
446187,384193,381572,test_depends,downstream,optional,"",import,[],"","",cascade_failure,skip_test,"","","",one_to_many,1,0,active,,0
446188,384193,382076,test_depends,downstream,optional,"",import,[],"","",cascade_failure,skip_test,"","","",one_to_many,1,0,active,,0
446189,384194,381586,test_depends,downstream,optional,"",import,[],"","",cascade_failure,skip_test,"","","",one_to_many,1,0,active,,0
446190,384194,381572,test_depends,downstream,optional,"",import,[],"","",cascade_failure,skip_test,"","","",one_to_many,1,0,active,,0
446191,384194,382076,test_depends,downstream,optional,"",import,[],"","",cascade_failure,skip_test,"","","",one_to_many,1,0,active,,0
446192,384195,381586,test_depends,downstream,optional,"",import,[],"","",cascade_failure,skip_test,"","","",one_to_many,1,0,active,,0
446193,384195,381572,test_depends,downstream,optional,"",import,[],"","",cascade_failure,skip_test,"","","",one_to_many,1,0,active,,0
446194,384195,382076,test_depends,downstream,optional,"",import,[],"","",cascade_failure,skip_test,"","","",one_to_many,1,0,active,,0
446195,384196,381586,test_depends,downstream,optional,"",import,[],"","",cascade_failure,skip_test,"","","",one_to_many,1,0,active,,0
446196,384196,381572,test_depends,downstream,optional,"",import,[],"","",cascade_failure,skip_test,"","","",one_to_many,1,0,active,,0
446197,384196,382076,test_depends,downstream,optional,"",import,[],"","",cascade_failure,skip_test,"","","",one_to_many,1,0,active,,0
446198,384197,381586,test_depends,downstream,optional,"",import,[],"","",cascade_failure,skip_test,"","","",one_to_many,1,0,active,,0
446199,384197,381572,test_depends,downstream,optional,"",import,[],"","",cascade_failure,skip_test,"","","",one_to_many,1,0,active,,0
446200,384197,382076,test_depends,downstream,optional,"",import,[],"","",cascade_failure,skip_test,"","","",one_to_many,1,0,active,,0
446201,384198,381586,test_depends,downstream,optional,"",import,[],"","",cascade_failure,skip_test,"","","",one_to_many,1,0,active,,0
446202,384198,381572,test_depends,downstream,optional,"",import,[],"","",cascade_failure,skip_test,"","","",one_to_many,1,0,active,,0
446203,384198,382076,test_depends,downstream,optional,"",import,[],"","",cascade_failure,skip_test,"","","",one_to_many,1,0,active,,0
446204,384199,381586,test_depends,downstream,optional,"",import,[],"","",cascade_failure,skip_test,"","","",one_to_many,1,0,active,,0
446205,384199,381572,test_depends,downstream,optional,"",import,[],"","",cascade_failure,skip_test,"","","",one_to_many,1,0,active,,0
446206,384199,382076,test_depends,downstream,optional,"",import,[],"","",cascade_failure,skip_test,"","","",one_to_many,1,0,active,,0
446207,384200,381586,test_depends,downstream,optional,"",import,[],"","",cascade_failure,skip_test,"","","",one_to_many,1,0,active,,0
446208,384200,381572,test_depends,downstream,optional,"",import,[],"","",cascade_failure,skip_test,"","","",one_to_many,1,0,active,,0
446209,384200,382076,test_depends,downstream,optional,"",import,[],"","",cascade_failure,skip_test,"","","",one_to_many,1,0,active,,0
446210,384201,381586,test_depends,downstream,optional,"",import,[],"","",cascade_failure,skip_test,"","","",one_to_many,1,0,active,,0
446211,384201,381572,test_depends,downstream,optional,"",import,[],"","",cascade_failure,skip_test,"","","",one_to_many,1,0,active,,0
446212,384201,382076,test_depends,downstream,optional,"",import,[],"","",cascade_failure,skip_test,"","","",one_to_many,1,0,active,,0
446213,384202,381586,test_depends,downstream,optional,"",import,[],"","",cascade_failure,skip_test,"","","",one_to_many,1,0,active,,0
446214,384202,381572,test_depends,downstream,optional,"",import,[],"","",cascade_failure,skip_test,"","","",one_to_many,1,0,active,,0
446215,384202,382076,test_depends,downstream,optional,"",import,[],"","",cascade_failure,skip_test,"","","",one_to_many,1,0,active,,0
446216,384203,381586,test_depends,downstream,optional,"",import,[],"","",cascade_failure,skip_test,"","","",one_to_many,1,0,active,,0
446217,384203,381572,test_depends,downstream,optional,"",import,[],"","",cascade_failure,skip_test,"","","",one_to_many,1,0,active,,0
446218,384203,382076,test_depends,downstream,optional,"",import,[],"","",cascade_failure,skip_test,"","","",one_to_many,1,0,active,,0
446219,384204,381586,test_depends,downstream,optional,"",import,[],"","",cascade_failure,skip_test,"","","",one_to_many,1,0,active,,0
446220,384204,381572,test_depends,downstream,optional,"",import,[],"","",cascade_failure,skip_test,"","","",one_to_many,1,0,active,,0
446221,384204,382076,test_depends,downstream,optional,"",import,[],"","",cascade_failure,skip_test,"","","",one_to_many,1,0,active,,0
446222,384205,381922,test_depends,downstream,optional,"",import,[],"","",cascade_failure,skip_test,"","","",one_to_many,1,0,active,,0
446223,384205,381925,test_depends,downstream,optional,"",import,[],"","",cascade_failure,skip_test,"","","",one_to_many,1,0,active,,0
446224,384206,381586,test_depends,downstream,optional,"",import,[],"","",cascade_failure,skip_test,"","","",one_to_many,1,0,active,,0
446225,384206,381572,test_depends,downstream,optional,"",import,[],"","",cascade_failure,skip_test,"","","",one_to_many,1,0,active,,0
446226,384206,382076,test_depends,downstream,optional,"",import,[],"","",cascade_failure,skip_test,"","","",one_to_many,1,0,active,,0
446227,384207,381586,test_depends,downstream,optional,"",import,[],"","",cascade_failure,skip_test,"","","",one_to_many,1,0,active,,0
446228,384207,381572,test_depends,downstream,optional,"",import,[],"","",cascade_failure,skip_test,"","","",one_to_many,1,0,active,,0
446229,384207,382076,test_depends,downstream,optional,"",import,[],"","",cascade_failure,skip_test,"","","",one_to_many,1,0,active,,0
446230,384208,381586,test_depends,downstream,optional,"",import,[],"","",cascade_failure,skip_test,"","","",one_to_many,1,0,active,,0
446231,384208,381572,test_depends,downstream,optional,"",import,[],"","",cascade_failure,skip_test,"","","",one_to_many,1,0,active,,0
446232,384208,382076,test_depends,downstream,optional,"",import,[],"","",cascade_failure,skip_test,"","","",one_to_many,1,0,active,,0
446233,384209,382535,test_depends,downstream,optional,"",import,[],"","",cascade_failure,skip_test,"","","",one_to_many,1,0,active,,0
446234,384209,382311,test_depends,downstream,optional,"",import,[],"","",cascade_failure,skip_test,"","","",one_to_many,1,0,active,,0
446235,384210,381586,test_depends,downstream,optional,"",import,[],"","",cascade_failure,skip_test,"","","",one_to_many,1,0,active,,0
446236,384210,381572,test_depends,downstream,optional,"",import,[],"","",cascade_failure,skip_test,"","","",one_to_many,1,0,active,,0
446237,384210,382076,test_depends,downstream,optional,"",import,[],"","",cascade_failure,skip_test,"","","",one_to_many,1,0,active,,0
446238,384211,381586,test_depends,downstream,optional,"",import,[],"","",cascade_failure,skip_test,"","","",one_to_many,1,0,active,,0
446239,384211,381572,test_depends,downstream,optional,"",import,[],"","",cascade_failure,skip_test,"","","",one_to_many,1,0,active,,0
446240,384211,382076,test_depends,downstream,optional,"",import,[],"","",cascade_failure,skip_test,"","","",one_to_many,1,0,active,,0
446241,384214,381417,test_depends,downstream,optional,"",import,[],"","",cascade_failure,skip_test,"","","",one_to_many,1,0,active,,0
446242,384216,382971,test_depends,downstream,optional,"",import,[],"","",cascade_failure,skip_test,"","","",one_to_many,1,0,active,,0
446243,384217,381214,test_depends,downstream,optional,"",import,[],"","",cascade_failure,skip_test,"","","",one_to_many,1,0,active,,0
446244,384218,382263,test_depends,downstream,optional,"",import,[],"","",cascade_failure,skip_test,"","","",one_to_many,1,0,active,,0
446245,384219,382886,test_depends,downstream,optional,"",import,[],"","",cascade_failure,skip_test,"","","",one_to_many,1,0,active,,0
446246,384220,383080,test_depends,downstream,optional,"",import,[],"","",cascade_failure,skip_test,"","","",one_to_many,1,0,active,,0
446247,384221,383081,test_depends,downstream,optional,"",import,[],"","",cascade_failure,skip_test,"","","",one_to_many,1,0,active,,0
446248,384222,381679,test_depends,downstream,optional,"",import,[],"","",cascade_failure,skip_test,"","","",one_to_many,1,0,active,,0
446249,384223,381941,test_depends,downstream,optional,"",import,[],"","",cascade_failure,skip_test,"","","",one_to_many,1,0,active,,0
446250,384224,381328,test_depends,downstream,optional,"",import,[],"","",cascade_failure,skip_test,"","","",one_to_many,1,0,active,,0
446251,384225,382886,test_depends,downstream,optional,"",import,[],"","",cascade_failure,skip_test,"","","",one_to_many,1,0,active,,0
446252,384226,383083,test_depends,downstream,optional,"",import,[],"","",cascade_failure,skip_test,"","","",one_to_many,1,0,active,,0
446253,384227,382823,test_depends,downstream,optional,"",import,[],"","",cascade_failure,skip_test,"","","",one_to_many,1,0,active,,0
446254,384228,382116,test_depends,downstream,optional,"",import,[],"","",cascade_failure,skip_test,"","","",one_to_many,1,0,active,,0
446255,384228,382708,test_depends,downstream,optional,"",import,[],"","",cascade_failure,skip_test,"","","",one_to_many,1,0,active,,0
446256,384228,382700,test_depends,downstream,optional,"",import,[],"","",cascade_failure,skip_test,"","","",one_to_many,1,0,active,,0
446257,384229,382294,test_depends,downstream,optional,"",import,[],"","",cascade_failure,skip_test,"","","",one_to_many,1,0,active,,0
446258,384230,383014,test_depends,downstream,optional,"",import,[],"","",cascade_failure,skip_test,"","","",one_to_many,1,0,active,,0
446259,384231,382823,test_depends,downstream,optional,"",import,[],"","",cascade_failure,skip_test,"","","",one_to_many,1,0,active,,0
446260,384232,381373,test_depends,downstream,optional,"",import,[],"","",cascade_failure,skip_test,"","","",one_to_many,1,0,active,,0
446261,384233,381303,test_depends,downstream,optional,"",import,[],"","",cascade_failure,skip_test,"","","",one_to_many,1,0,active,,0
446262,384234,382886,test_depends,downstream,optional,"",import,[],"","",cascade_failure,skip_test,"","","",one_to_many,1,0,active,,0
446263,384236,380872,test_depends,downstream,optional,"",import,[],"","",cascade_failure,skip_test,"","","",one_to_many,1,0,active,,0
446264,384236,382595,test_depends,downstream,optional,"",import,[],"","",cascade_failure,skip_test,"","","",one_to_many,1,0,active,,0
446265,384236,381509,test_depends,downstream,optional,"",import,[],"","",cascade_failure,skip_test,"","","",one_to_many,1,0,active,,0
446266,384238,382763,test_depends,downstream,optional,"",import,[],"","",cascade_failure,skip_test,"","","",one_to_many,1,0,active,,0
446267,384239,380872,test_depends,downstream,optional,"",import,[],"","",cascade_failure,skip_test,"","","",one_to_many,1,0,active,,0
446268,384239,382595,test_depends,downstream,optional,"",import,[],"","",cascade_failure,skip_test,"","","",one_to_many,1,0,active,,0
446269,384240,383018,test_depends,downstream,optional,"",import,[],"","",cascade_failure,skip_test,"","","",one_to_many,1,0,active,,0
446270,384241,381477,test_depends,downstream,optional,"",import,[],"","",cascade_failure,skip_test,"","","",one_to_many,1,0,active,,0
446271,384241,381518,test_depends,downstream,optional,"",import,[],"","",cascade_failure,skip_test,"","","",one_to_many,1,0,active,,0
446272,384242,381518,test_depends,downstream,optional,"",import,[],"","",cascade_failure,skip_test,"","","",one_to_many,1,0,active,,0
446273,384242,381572,test_depends,downstream,optional,"",import,[],"","",cascade_failure,skip_test,"","","",one_to_many,1,0,active,,0
446274,384242,381473,test_depends,downstream,optional,"",import,[],"","",cascade_failure,skip_test,"","","",one_to_many,1,0,active,,0
446275,384243,382595,test_depends,downstream,optional,"",import,[],"","",cascade_failure,skip_test,"","","",one_to_many,1,0,active,,0
446276,384244,381518,test_depends,downstream,optional,"",import,[],"","",cascade_failure,skip_test,"","","",one_to_many,1,0,active,,0
446277,384245,382768,test_depends,downstream,optional,"",import,[],"","",cascade_failure,skip_test,"","","",one_to_many,1,0,active,,0
446278,384245,382778,test_depends,downstream,optional,"",import,[],"","",cascade_failure,skip_test,"","","",one_to_many,1,0,active,,0
446279,384246,381215,test_depends,downstream,optional,"",import,[],"","",cascade_failure,skip_test,"","","",one_to_many,1,0,active,,0
446280,384247,382260,test_depends,downstream,optional,"",import,[],"","",cascade_failure,skip_test,"","","",one_to_many,1,0,active,,0
446281,384248,382262,test_depends,downstream,optional,"",import,[],"","",cascade_failure,skip_test,"","","",one_to_many,1,0,active,,0
446282,384249,382823,test_depends,downstream,optional,"",import,[],"","",cascade_failure,skip_test,"","","",one_to_many,1,0,active,,0
446283,384250,382823,test_depends,downstream,optional,"",import,[],"","",cascade_failure,skip_test,"","","",one_to_many,1,0,active,,0
446284,384252,383146,test_depends,downstream,optional,"",import,[],"","",cascade_failure,skip_test,"","","",one_to_many,1,0,active,,0
446285,384253,382264,test_depends,downstream,optional,"",import,[],"","",cascade_failure,skip_test,"","","",one_to_many,1,0,active,,0
446286,384254,380894,test_depends,downstream,optional,"",import,[],"","",cascade_failure,skip_test,"","","",one_to_many,1,0,active,,0
446287,384255,382823,test_depends,downstream,optional,"",import,[],"","",cascade_failure,skip_test,"","","",one_to_many,1,0,active,,0
446288,384256,381850,test_depends,downstream,optional,"",import,[],"","",cascade_failure,skip_test,"","","",one_to_many,1,0,active,,0
446289,384257,382554,test_depends,downstream,optional,"",import,[],"","",cascade_failure,skip_test,"","","",one_to_many,1,0,active,,0
446290,384258,381333,test_depends,downstream,optional,"",import,[],"","",cascade_failure,skip_test,"","","",one_to_many,1,0,active,,0
446291,384259,381331,test_depends,downstream,optional,"",import,[],"","",cascade_failure,skip_test,"","","",one_to_many,1,0,active,,0
446292,384259,381337,test_depends,downstream,optional,"",import,[],"","",cascade_failure,skip_test,"","","",one_to_many,1,0,active,,0
446293,384260,381943,test_depends,downstream,optional,"",import,[],"","",cascade_failure,skip_test,"","","",one_to_many,1,0,active,,0
446294,384260,381338,test_depends,downstream,optional,"",import,[],"","",cascade_failure,skip_test,"","","",one_to_many,1,0,active,,0
446295,384261,381869,test_depends,downstream,optional,"",import,[],"","",cascade_failure,skip_test,"","","",one_to_many,1,0,active,,0
446296,384261,381881,test_depends,downstream,optional,"",import,[],"","",cascade_failure,skip_test,"","","",one_to_many,1,0,active,,0
446297,384262,381333,test_depends,downstream,optional,"",import,[],"","",cascade_failure,skip_test,"","","",one_to_many,1,0,active,,0
446298,384263,381339,test_depends,downstream,optional,"",import,[],"","",cascade_failure,skip_test,"","","",one_to_many,1,0,active,,0
446299,384264,381336,test_depends,downstream,optional,"",import,[],"","",cascade_failure,skip_test,"","","",one_to_many,1,0,active,,0
446300,384265,381334,test_depends,downstream,optional,"",import,[],"","",cascade_failure,skip_test,"","","",one_to_many,1,0,active,,0
446301,384266,381332,test_depends,downstream,optional,"",import,[],"","",cascade_failure,skip_test,"","","",one_to_many,1,0,active,,0
446302,384267,382816,test_depends,downstream,optional,"",import,[],"","",cascade_failure,skip_test,"","","",one_to_many,1,0,active,,0
446303,384268,381490,test_depends,downstream,optional,"",import,[],"","",cascade_failure,skip_test,"","","",one_to_many,1,0,active,,0
446304,384269,382823,test_depends,downstream,optional,"",import,[],"","",cascade_failure,skip_test,"","","",one_to_many,1,0,active,,0
446305,384270,381337,test_depends,downstream,optional,"",import,[],"","",cascade_failure,skip_test,"","","",one_to_many,1,0,active,,0
446306,384271,381291,test_depends,downstream,optional,"",import,[],"","",cascade_failure,skip_test,"","","",one_to_many,1,0,active,,0
446307,384272,381413,test_depends,downstream,optional,"",import,[],"","",cascade_failure,skip_test,"","","",one_to_many,1,0,active,,0
446308,384273,381383,test_depends,downstream,optional,"",import,[],"","",cascade_failure,skip_test,"","","",one_to_many,1,0,active,,0
446309,384274,381523,test_depends,downstream,optional,"",import,[],"","",cascade_failure,skip_test,"","","",one_to_many,1,0,active,,0
446310,384275,381528,test_depends,downstream,optional,"",import,[],"","",cascade_failure,skip_test,"","","",one_to_many,1,0,active,,0
446311,384276,381496,test_depends,downstream,optional,"",import,[],"","",cascade_failure,skip_test,"","","",one_to_many,1,0,active,,0
446312,384277,381532,test_depends,downstream,optional,"",import,[],"","",cascade_failure,skip_test,"","","",one_to_many,1,0,active,,0
446313,384278,381394,test_depends,downstream,optional,"",import,[],"","",cascade_failure,skip_test,"","","",one_to_many,1,0,active,,0
446314,384279,381387,test_depends,downstream,optional,"",import,[],"","",cascade_failure,skip_test,"","","",one_to_many,1,0,active,,0
446315,384280,381396,test_depends,downstream,optional,"",import,[],"","",cascade_failure,skip_test,"","","",one_to_many,1,0,active,,0
446316,384281,381306,test_depends,downstream,optional,"",import,[],"","",cascade_failure,skip_test,"","","",one_to_many,1,0,active,,0
446317,384282,380791,test_depends,downstream,optional,"",import,[],"","",cascade_failure,skip_test,"","","",one_to_many,1,0,active,,0
446318,384283,380990,test_depends,downstream,optional,"",import,[],"","",cascade_failure,skip_test,"","","",one_to_many,1,0,active,,0
446319,384284,380819,test_depends,downstream,optional,"",import,[],"","",cascade_failure,skip_test,"","","",one_to_many,1,0,active,,0
446320,384285,381407,test_depends,downstream,optional,"",import,[],"","",cascade_failure,skip_test,"","","",one_to_many,1,0,active,,0
446321,384286,381647,test_depends,downstream,optional,"",import,[],"","",cascade_failure,skip_test,"","","",one_to_many,1,0,active,,0
446322,384287,381544,test_depends,downstream,optional,"",import,[],"","",cascade_failure,skip_test,"","","",one_to_many,1,0,active,,0
446323,384288,380783,test_depends,downstream,optional,"",import,[],"","",cascade_failure,skip_test,"","","",one_to_many,1,0,active,,0
446324,384289,381481,test_depends,downstream,optional,"",import,[],"","",cascade_failure,skip_test,"","","",one_to_many,1,0,active,,0
446325,384289,382517,test_depends,downstream,optional,"",import,[],"","",cascade_failure,skip_test,"","","",one_to_many,1,0,active,,0
446326,384290,380771,test_depends,downstream,optional,"",import,[],"","",cascade_failure,skip_test,"","","",one_to_many,1,0,active,,0
446327,384291,381392,test_depends,downstream,optional,"",import,[],"","",cascade_failure,skip_test,"","","",one_to_many,1,0,active,,0
446328,384292,381494,test_depends,downstream,optional,"",import,[],"","",cascade_failure,skip_test,"","","",one_to_many,1,0,active,,0
446329,384293,381388,test_depends,downstream,optional,"",import,[],"","",cascade_failure,skip_test,"","","",one_to_many,1,0,active,,0
446330,384293,382517,test_depends,downstream,optional,"",import,[],"","",cascade_failure,skip_test,"","","",one_to_many,1,0,active,,0
446331,384294,381419,test_depends,downstream,optional,"",import,[],"","",cascade_failure,skip_test,"","","",one_to_many,1,0,active,,0
446332,384295,381050,test_depends,downstream,optional,"",import,[],"","",cascade_failure,skip_test,"","","",one_to_many,1,0,active,,0
446333,384296,381517,test_depends,downstream,optional,"",import,[],"","",cascade_failure,skip_test,"","","",one_to_many,1,0,active,,0
446334,384297,382197,test_depends,downstream,optional,"",import,[],"","",cascade_failure,skip_test,"","","",one_to_many,1,0,active,,0
446335,384298,381474,test_depends,downstream,optional,"",import,[],"","",cascade_failure,skip_test,"","","",one_to_many,1,0,active,,0
446336,384299,381358,test_depends,downstream,optional,"",import,[],"","",cascade_failure,skip_test,"","","",one_to_many,1,0,active,,0
446337,384300,381409,test_depends,downstream,optional,"",import,[],"","",cascade_failure,skip_test,"","","",one_to_many,1,0,active,,0
446338,384301,381359,test_depends,downstream,optional,"",import,[],"","",cascade_failure,skip_test,"","","",one_to_many,1,0,active,,0
446339,384303,381430,test_depends,downstream,optional,"",import,[],"","",cascade_failure,skip_test,"","","",one_to_many,1,0,active,,0
446340,384304,381429,test_depends,downstream,optional,"",import,[],"","",cascade_failure,skip_test,"","","",one_to_many,1,0,active,,0
446341,384305,381569,test_depends,downstream,optional,"",import,[],"","",cascade_failure,skip_test,"","","",one_to_many,1,0,active,,0
446342,384306,381676,test_depends,downstream,optional,"",import,[],"","",cascade_failure,skip_test,"","","",one_to_many,1,0,active,,0
446343,384308,381388,test_depends,downstream,optional,"",import,[],"","",cascade_failure,skip_test,"","","",one_to_many,1,0,active,,0
446344,384308,382517,test_depends,downstream,optional,"",import,[],"","",cascade_failure,skip_test,"","","",one_to_many,1,0,active,,0
446345,384309,381864,test_depends,downstream,optional,"",import,[],"","",cascade_failure,skip_test,"","","",one_to_many,1,0,active,,0
446346,384309,381881,test_depends,downstream,optional,"",import,[],"","",cascade_failure,skip_test,"","","",one_to_many,1,0,active,,0
446347,384310,381410,test_depends,downstream,optional,"",import,[],"","",cascade_failure,skip_test,"","","",one_to_many,1,0,active,,0
446348,384311,381387,test_depends,downstream,optional,"",import,[],"","",cascade_failure,skip_test,"","","",one_to_many,1,0,active,,0
446349,384312,381481,test_depends,downstream,optional,"",import,[],"","",cascade_failure,skip_test,"","","",one_to_many,1,0,active,,0
446350,384312,382517,test_depends,downstream,optional,"",import,[],"","",cascade_failure,skip_test,"","","",one_to_many,1,0,active,,0
446351,384313,381388,test_depends,downstream,optional,"",import,[],"","",cascade_failure,skip_test,"","","",one_to_many,1,0,active,,0
446352,384313,382517,test_depends,downstream,optional,"",import,[],"","",cascade_failure,skip_test,"","","",one_to_many,1,0,active,,0
446353,384314,380783,test_depends,downstream,optional,"",import,[],"","",cascade_failure,skip_test,"","","",one_to_many,1,0,active,,0
446354,384314,382536,test_depends,downstream,optional,"",import,[],"","",cascade_failure,skip_test,"","","",one_to_many,1,0,active,,0
446355,384315,381544,test_depends,downstream,optional,"",import,[],"","",cascade_failure,skip_test,"","","",one_to_many,1,0,active,,0
446356,384316,380791,test_depends,downstream,optional,"",import,[],"","",cascade_failure,skip_test,"","","",one_to_many,1,0,active,,0
446357,384317,381390,test_depends,downstream,optional,"",import,[],"","",cascade_failure,skip_test,"","","",one_to_many,1,0,active,,0
446358,384318,381396,test_depends,downstream,optional,"",import,[],"","",cascade_failure,skip_test,"","","",one_to_many,1,0,active,,0
446359,384319,381398,test_depends,downstream,optional,"",import,[],"","",cascade_failure,skip_test,"","","",one_to_many,1,0,active,,0
446360,384320,382267,test_depends,downstream,optional,"",import,[],"","",cascade_failure,skip_test,"","","",one_to_many,1,0,active,,0
446361,384321,381389,test_depends,downstream,optional,"",import,[],"","",cascade_failure,skip_test,"","","",one_to_many,1,0,active,,0
446362,384322,381394,test_depends,downstream,optional,"",import,[],"","",cascade_failure,skip_test,"","","",one_to_many,1,0,active,,0
446363,384323,381391,test_depends,downstream,optional,"",import,[],"","",cascade_failure,skip_test,"","","",one_to_many,1,0,active,,0
446364,384324,382795,test_depends,downstream,optional,"",import,[],"","",cascade_failure,skip_test,"","","",one_to_many,1,0,active,,0
446365,384325,381400,test_depends,downstream,optional,"",import,[],"","",cascade_failure,skip_test,"","","",one_to_many,1,0,active,,0
446366,384326,381497,test_depends,downstream,optional,"",import,[],"","",cascade_failure,skip_test,"","","",one_to_many,1,0,active,,0
446367,384328,381867,test_depends,downstream,optional,"",import,[],"","",cascade_failure,skip_test,"","","",one_to_many,1,0,active,,0
446368,384328,381881,test_depends,downstream,optional,"",import,[],"","",cascade_failure,skip_test,"","","",one_to_many,1,0,active,,0
446369,384329,382797,test_depends,downstream,optional,"",import,[],"","",cascade_failure,skip_test,"","","",one_to_many,1,0,active,,0
446370,384330,381944,test_depends,downstream,optional,"",import,[],"","",cascade_failure,skip_test,"","","",one_to_many,1,0,active,,0
446371,384331,381721,test_depends,downstream,optional,"",import,[],"","",cascade_failure,skip_test,"","","",one_to_many,1,0,active,,0
446372,384332,383002,test_depends,downstream,optional,"",import,[],"","",cascade_failure,skip_test,"","","",one_to_many,1,0,active,,0
446373,384333,381724,test_depends,downstream,optional,"",import,[],"","",cascade_failure,skip_test,"","","",one_to_many,1,0,active,,0
446374,384334,382993,test_depends,downstream,optional,"",import,[],"","",cascade_failure,skip_test,"","","",one_to_many,1,0,active,,0
446375,384335,380867,test_depends,downstream,optional,"",import,[],"","",cascade_failure,skip_test,"","","",one_to_many,1,0,active,,0
446376,384336,382823,test_depends,downstream,optional,"",import,[],"","",cascade_failure,skip_test,"","","",one_to_many,1,0,active,,0
446377,384337,382823,test_depends,downstream,optional,"",import,[],"","",cascade_failure,skip_test,"","","",one_to_many,1,0,active,,0
446378,384338,380885,test_depends,downstream,optional,"",import,[],"","",cascade_failure,skip_test,"","","",one_to_many,1,0,active,,0
446379,384338,381521,test_depends,downstream,optional,"",import,[],"","",cascade_failure,skip_test,"","","",one_to_many,1,0,active,,0
446380,384338,381478,test_depends,downstream,optional,"",import,[],"","",cascade_failure,skip_test,"","","",one_to_many,1,0,active,,0
446381,384338,380913,test_depends,downstream,optional,"",import,[],"","",cascade_failure,skip_test,"","","",one_to_many,1,0,active,,0
446382,384339,382794,test_depends,downstream,optional,"",import,[],"","",cascade_failure,skip_test,"","","",one_to_many,1,0,active,,0
446383,384340,382823,test_depends,downstream,optional,"",import,[],"","",cascade_failure,skip_test,"","","",one_to_many,1,0,active,,0
446384,384340,382772,test_depends,downstream,optional,"",import,[],"","",cascade_failure,skip_test,"","","",one_to_many,1,0,active,,0
446385,384340,382779,test_depends,downstream,optional,"",import,[],"","",cascade_failure,skip_test,"","","",one_to_many,1,0,active,,0
446386,384340,382778,test_depends,downstream,optional,"",import,[],"","",cascade_failure,skip_test,"","","",one_to_many,1,0,active,,0
446387,384341,381613,test_depends,downstream,optional,"",import,[],"","",cascade_failure,skip_test,"","","",one_to_many,1,0,active,,0
446388,384342,382764,test_depends,downstream,optional,"",import,[],"","",cascade_failure,skip_test,"","","",one_to_many,1,0,active,,0
446389,384342,382773,test_depends,downstream,optional,"",import,[],"","",cascade_failure,skip_test,"","","",one_to_many,1,0,active,,0
446390,384343,382793,test_depends,downstream,optional,"",import,[],"","",cascade_failure,skip_test,"","","",one_to_many,1,0,active,,0
446391,384343,382778,test_depends,downstream,optional,"",import,[],"","",cascade_failure,skip_test,"","","",one_to_many,1,0,active,,0
446392,384344,383008,test_depends,downstream,optional,"",import,[],"","",cascade_failure,skip_test,"","","",one_to_many,1,0,active,,0
446393,384345,383009,test_depends,downstream,optional,"",import,[],"","",cascade_failure,skip_test,"","","",one_to_many,1,0,active,,0
446394,384346,383007,test_depends,downstream,optional,"",import,[],"","",cascade_failure,skip_test,"","","",one_to_many,1,0,active,,0
446395,384347,382790,test_depends,downstream,optional,"",import,[],"","",cascade_failure,skip_test,"","","",one_to_many,1,0,active,,0
446396,384348,382762,test_depends,downstream,optional,"",import,[],"","",cascade_failure,skip_test,"","","",one_to_many,1,0,active,,0
446397,384348,382773,test_depends,downstream,optional,"",import,[],"","",cascade_failure,skip_test,"","","",one_to_many,1,0,active,,0
446398,384349,382804,test_depends,downstream,optional,"",import,[],"","",cascade_failure,skip_test,"","","",one_to_many,1,0,active,,0
446399,384350,383016,test_depends,downstream,optional,"",import,[],"","",cascade_failure,skip_test,"","","",one_to_many,1,0,active,,0
446400,384351,383019,test_depends,downstream,optional,"",import,[],"","",cascade_failure,skip_test,"","","",one_to_many,1,0,active,,0
446401,384352,383012,test_depends,downstream,optional,"",import,[],"","",cascade_failure,skip_test,"","","",one_to_many,1,0,active,,0
446402,384353,383010,test_depends,downstream,optional,"",import,[],"","",cascade_failure,skip_test,"","","",one_to_many,1,0,active,,0
446403,384354,383015,test_depends,downstream,optional,"",import,[],"","",cascade_failure,skip_test,"","","",one_to_many,1,0,active,,0
446404,384355,382798,test_depends,downstream,optional,"",import,[],"","",cascade_failure,skip_test,"","","",one_to_many,1,0,active,,0
446405,384356,383011,test_depends,downstream,optional,"",import,[],"","",cascade_failure,skip_test,"","","",one_to_many,1,0,active,,0
446406,384357,382767,test_depends,downstream,optional,"",import,[],"","",cascade_failure,skip_test,"","","",one_to_many,1,0,active,,0
446407,384358,383014,test_depends,downstream,optional,"",import,[],"","",cascade_failure,skip_test,"","","",one_to_many,1,0,active,,0
446408,384359,383017,test_depends,downstream,optional,"",import,[],"","",cascade_failure,skip_test,"","","",one_to_many,1,0,active,,0
446409,384360,383013,test_depends,downstream,optional,"",import,[],"","",cascade_failure,skip_test,"","","",one_to_many,1,0,active,,0
446410,384361,382805,test_depends,downstream,optional,"",import,[],"","",cascade_failure,skip_test,"","","",one_to_many,1,0,active,,0
446411,384362,382763,test_depends,downstream,optional,"",import,[],"","",cascade_failure,skip_test,"","","",one_to_many,1,0,active,,0
446412,384363,383018,test_depends,downstream,optional,"",import,[],"","",cascade_failure,skip_test,"","","",one_to_many,1,0,active,,0
446413,384364,382770,test_depends,downstream,optional,"",import,[],"","",cascade_failure,skip_test,"","","",one_to_many,1,0,active,,0
446414,384365,382769,test_depends,downstream,optional,"",import,[],"","",cascade_failure,skip_test,"","","",one_to_many,1,0,active,,0
446415,384366,383023,test_depends,downstream,optional,"",import,[],"","",cascade_failure,skip_test,"","","",one_to_many,1,0,active,,0
446416,384367,383025,test_depends,downstream,optional,"",import,[],"","",cascade_failure,skip_test,"","","",one_to_many,1,0,active,,0
446417,384368,382808,test_depends,downstream,optional,"",import,[],"","",cascade_failure,skip_test,"","","",one_to_many,1,0,active,,0
446418,384369,383024,test_depends,downstream,optional,"",import,[],"","",cascade_failure,skip_test,"","","",one_to_many,1,0,active,,0
446419,384370,382775,test_depends,downstream,optional,"",import,[],"","",cascade_failure,skip_test,"","","",one_to_many,1,0,active,,0
446420,384371,382768,test_depends,downstream,optional,"",import,[],"","",cascade_failure,skip_test,"","","",one_to_many,1,0,active,,0
446421,384371,382778,test_depends,downstream,optional,"",import,[],"","",cascade_failure,skip_test,"","","",one_to_many,1,0,active,,0
446422,384372,383020,test_depends,downstream,optional,"",import,[],"","",cascade_failure,skip_test,"","","",one_to_many,1,0,active,,0
446423,384373,382771,test_depends,downstream,optional,"",import,[],"","",cascade_failure,skip_test,"","","",one_to_many,1,0,active,,0
446424,384374,382773,test_depends,downstream,optional,"",import,[],"","",cascade_failure,skip_test,"","","",one_to_many,1,0,active,,0
446425,384375,382796,test_depends,downstream,optional,"",import,[],"","",cascade_failure,skip_test,"","","",one_to_many,1,0,active,,0
446426,384376,382789,test_depends,downstream,optional,"",import,[],"","",cascade_failure,skip_test,"","","",one_to_many,1,0,active,,0
446427,384377,383021,test_depends,downstream,optional,"",import,[],"","",cascade_failure,skip_test,"","","",one_to_many,1,0,active,,0
446428,384378,382777,test_depends,downstream,optional,"",import,[],"","",cascade_failure,skip_test,"","","",one_to_many,1,0,active,,0
446429,384379,382795,test_depends,downstream,optional,"",import,[],"","",cascade_failure,skip_test,"","","",one_to_many,1,0,active,,0
446430,384380,383027,test_depends,downstream,optional,"",import,[],"","",cascade_failure,skip_test,"","","",one_to_many,1,0,active,,0
446431,384381,383022,test_depends,downstream,optional,"",import,[],"","",cascade_failure,skip_test,"","","",one_to_many,1,0,active,,0
446432,384382,382791,test_depends,downstream,optional,"",import,[],"","",cascade_failure,skip_test,"","","",one_to_many,1,0,active,,0
446433,384383,383026,test_depends,downstream,optional,"",import,[],"","",cascade_failure,skip_test,"","","",one_to_many,1,0,active,,0
446434,384384,382806,test_depends,downstream,optional,"",import,[],"","",cascade_failure,skip_test,"","","",one_to_many,1,0,active,,0
446435,384385,382797,test_depends,downstream,optional,"",import,[],"","",cascade_failure,skip_test,"","","",one_to_many,1,0,active,,0
446436,384386,382801,test_depends,downstream,optional,"",import,[],"","",cascade_failure,skip_test,"","","",one_to_many,1,0,active,,0
446437,384387,383028,test_depends,downstream,optional,"",import,[],"","",cascade_failure,skip_test,"","","",one_to_many,1,0,active,,0
446438,384388,382778,test_depends,downstream,optional,"",import,[],"","",cascade_failure,skip_test,"","","",one_to_many,1,0,active,,0
446439,384389,383031,test_depends,downstream,optional,"",import,[],"","",cascade_failure,skip_test,"","","",one_to_many,1,0,active,,0
446440,384389,383035,test_depends,downstream,optional,"",import,[],"","",cascade_failure,skip_test,"","","",one_to_many,1,0,active,,0
446441,384390,383031,test_depends,downstream,optional,"",import,[],"","",cascade_failure,skip_test,"","","",one_to_many,1,0,active,,0
446442,384390,383032,test_depends,downstream,optional,"",import,[],"","",cascade_failure,skip_test,"","","",one_to_many,1,0,active,,0
446443,384391,383031,test_depends,downstream,optional,"",import,[],"","",cascade_failure,skip_test,"","","",one_to_many,1,0,active,,0
446444,384391,383034,test_depends,downstream,optional,"",import,[],"","",cascade_failure,skip_test,"","","",one_to_many,1,0,active,,0
446445,384392,383031,test_depends,downstream,optional,"",import,[],"","",cascade_failure,skip_test,"","","",one_to_many,1,0,active,,0
446446,384392,383029,test_depends,downstream,optional,"",import,[],"","",cascade_failure,skip_test,"","","",one_to_many,1,0,active,,0
446447,384393,383031,test_depends,downstream,optional,"",import,[],"","",cascade_failure,skip_test,"","","",one_to_many,1,0,active,,0
446448,384393,383036,test_depends,downstream,optional,"",import,[],"","",cascade_failure,skip_test,"","","",one_to_many,1,0,active,,0
446449,384394,383031,test_depends,downstream,optional,"",import,[],"","",cascade_failure,skip_test,"","","",one_to_many,1,0,active,,0
446450,384394,383033,test_depends,downstream,optional,"",import,[],"","",cascade_failure,skip_test,"","","",one_to_many,1,0,active,,0
446451,384395,383030,test_depends,downstream,optional,"",import,[],"","",cascade_failure,skip_test,"","","",one_to_many,1,0,active,,0
446452,384396,383031,test_depends,downstream,optional,"",import,[],"","",cascade_failure,skip_test,"","","",one_to_many,1,0,active,,0
446453,384397,383031,test_depends,downstream,optional,"",import,[],"","",cascade_failure,skip_test,"","","",one_to_many,1,0,active,,0
446454,384397,383040,test_depends,downstream,optional,"",import,[],"","",cascade_failure,skip_test,"","","",one_to_many,1,0,active,,0
446455,384398,383031,test_depends,downstream,optional,"",import,[],"","",cascade_failure,skip_test,"","","",one_to_many,1,0,active,,0
446456,384398,383044,test_depends,downstream,optional,"",import,[],"","",cascade_failure,skip_test,"","","",one_to_many,1,0,active,,0
446457,384399,383031,test_depends,downstream,optional,"",import,[],"","",cascade_failure,skip_test,"","","",one_to_many,1,0,active,,0
446458,384399,383037,test_depends,downstream,optional,"",import,[],"","",cascade_failure,skip_test,"","","",one_to_many,1,0,active,,0
446459,384400,383031,test_depends,downstream,optional,"",import,[],"","",cascade_failure,skip_test,"","","",one_to_many,1,0,active,,0
446460,384400,383042,test_depends,downstream,optional,"",import,[],"","",cascade_failure,skip_test,"","","",one_to_many,1,0,active,,0
446461,384401,383031,test_depends,downstream,optional,"",import,[],"","",cascade_failure,skip_test,"","","",one_to_many,1,0,active,,0
446462,384401,383043,test_depends,downstream,optional,"",import,[],"","",cascade_failure,skip_test,"","","",one_to_many,1,0,active,,0
446463,384402,383031,test_depends,downstream,optional,"",import,[],"","",cascade_failure,skip_test,"","","",one_to_many,1,0,active,,0
446464,384402,383039,test_depends,downstream,optional,"",import,[],"","",cascade_failure,skip_test,"","","",one_to_many,1,0,active,,0
446465,384403,383031,test_depends,downstream,optional,"",import,[],"","",cascade_failure,skip_test,"","","",one_to_many,1,0,active,,0
446466,384403,383038,test_depends,downstream,optional,"",import,[],"","",cascade_failure,skip_test,"","","",one_to_many,1,0,active,,0
446467,384404,383031,test_depends,downstream,optional,"",import,[],"","",cascade_failure,skip_test,"","","",one_to_many,1,0,active,,0
446468,384404,383045,test_depends,downstream,optional,"",import,[],"","",cascade_failure,skip_test,"","","",one_to_many,1,0,active,,0
446469,384405,383031,test_depends,downstream,optional,"",import,[],"","",cascade_failure,skip_test,"","","",one_to_many,1,0,active,,0
446470,384405,383041,test_depends,downstream,optional,"",import,[],"","",cascade_failure,skip_test,"","","",one_to_many,1,0,active,,0
446471,384407,382774,test_depends,downstream,optional,"",import,[],"","",cascade_failure,skip_test,"","","",one_to_many,1,0,active,,0
446472,384408,383031,test_depends,downstream,optional,"",import,[],"","",cascade_failure,skip_test,"","","",one_to_many,1,0,active,,0
446473,384408,383048,test_depends,downstream,optional,"",import,[],"","",cascade_failure,skip_test,"","","",one_to_many,1,0,active,,0
446474,384409,382823,test_depends,downstream,optional,"",import,[],"","",cascade_failure,skip_test,"","","",one_to_many,1,0,active,,0
446475,384409,382886,test_depends,downstream,optional,"",import,[],"","",cascade_failure,skip_test,"","","",one_to_many,1,0,active,,0
446476,384409,382772,test_depends,downstream,optional,"",import,[],"","",cascade_failure,skip_test,"","","",one_to_many,1,0,active,,0
446477,384409,382779,test_depends,downstream,optional,"",import,[],"","",cascade_failure,skip_test,"","","",one_to_many,1,0,active,,0
446478,384409,382783,test_depends,downstream,optional,"",import,[],"","",cascade_failure,skip_test,"","","",one_to_many,1,0,active,,0
446479,384410,382776,test_depends,downstream,optional,"",import,[],"","",cascade_failure,skip_test,"","","",one_to_many,1,0,active,,0
446480,384410,382823,test_depends,downstream,optional,"",import,[],"","",cascade_failure,skip_test,"","","",one_to_many,1,0,active,,0
446481,384410,382886,test_depends,downstream,optional,"",import,[],"","",cascade_failure,skip_test,"","","",one_to_many,1,0,active,,0
446482,384410,382982,test_depends,downstream,optional,"",import,[],"","",cascade_failure,skip_test,"","","",one_to_many,1,0,active,,0
446483,384410,383056,test_depends,downstream,optional,"",import,[],"","",cascade_failure,skip_test,"","","",one_to_many,1,0,active,,0
446484,384410,383067,test_depends,downstream,optional,"",import,[],"","",cascade_failure,skip_test,"","","",one_to_many,1,0,active,,0
446485,384411,383031,test_depends,downstream,optional,"",import,[],"","",cascade_failure,skip_test,"","","",one_to_many,1,0,active,,0
446486,384411,383047,test_depends,downstream,optional,"",import,[],"","",cascade_failure,skip_test,"","","",one_to_many,1,0,active,,0
446487,384412,382782,test_depends,downstream,optional,"",import,[],"","",cascade_failure,skip_test,"","","",one_to_many,1,0,active,,0
446488,384413,382781,test_depends,downstream,optional,"",import,[],"","",cascade_failure,skip_test,"","","",one_to_many,1,0,active,,0
446489,384414,382785,test_depends,downstream,optional,"",import,[],"","",cascade_failure,skip_test,"","","",one_to_many,1,0,active,,0
446490,384415,383046,test_depends,downstream,optional,"",import,[],"","",cascade_failure,skip_test,"","","",one_to_many,1,0,active,,0
446491,384416,382787,test_depends,downstream,optional,"",import,[],"","",cascade_failure,skip_test,"","","",one_to_many,1,0,active,,0
446492,384417,382784,test_depends,downstream,optional,"",import,[],"","",cascade_failure,skip_test,"","","",one_to_many,1,0,active,,0
446493,384417,382785,test_depends,downstream,optional,"",import,[],"","",cascade_failure,skip_test,"","","",one_to_many,1,0,active,,0
446494,384418,382800,test_depends,downstream,optional,"",import,[],"","",cascade_failure,skip_test,"","","",one_to_many,1,0,active,,0
446495,384419,382823,test_depends,downstream,optional,"",import,[],"","",cascade_failure,skip_test,"","","",one_to_many,1,0,active,,0
446496,384420,382986,test_depends,downstream,optional,"",import,[],"","",cascade_failure,skip_test,"","","",one_to_many,1,0,active,,0
446497,384421,382886,test_depends,downstream,optional,"",import,[],"","",cascade_failure,skip_test,"","","",one_to_many,1,0,active,,0
446498,384422,382823,test_depends,downstream,optional,"",import,[],"","",cascade_failure,skip_test,"","","",one_to_many,1,0,active,,0
446499,384423,382823,test_depends,downstream,optional,"",import,[],"","",cascade_failure,skip_test,"","","",one_to_many,1,0,active,,0
446500,384424,382762,test_depends,downstream,optional,"",import,[],"","",cascade_failure,skip_test,"","","",one_to_many,1,0,active,,0
446501,384424,382773,test_depends,downstream,optional,"",import,[],"","",cascade_failure,skip_test,"","","",one_to_many,1,0,active,,0
446502,384425,382989,test_depends,downstream,optional,"",import,[],"","",cascade_failure,skip_test,"","","",one_to_many,1,0,active,,0
446503,384426,382992,test_depends,downstream,optional,"",import,[],"","",cascade_failure,skip_test,"","","",one_to_many,1,0,active,,0
446504,384427,382886,test_depends,downstream,optional,"",import,[],"","",cascade_failure,skip_test,"","","",one_to_many,1,0,active,,0
446505,384428,382823,test_depends,downstream,optional,"",import,[],"","",cascade_failure,skip_test,"","","",one_to_many,1,0,active,,0
446506,384429,383077,test_depends,downstream,optional,"",import,[],"","",cascade_failure,skip_test,"","","",one_to_many,1,0,active,,0
446507,384430,382886,test_depends,downstream,optional,"",import,[],"","",cascade_failure,skip_test,"","","",one_to_many,1,0,active,,0
446508,384431,382804,test_depends,downstream,optional,"",import,[],"","",cascade_failure,skip_test,"","","",one_to_many,1,0,active,,0
446509,384431,382798,test_depends,downstream,optional,"",import,[],"","",cascade_failure,skip_test,"","","",one_to_many,1,0,active,,0
446510,384431,382805,test_depends,downstream,optional,"",import,[],"","",cascade_failure,skip_test,"","","",one_to_many,1,0,active,,0
446511,384431,382808,test_depends,downstream,optional,"",import,[],"","",cascade_failure,skip_test,"","","",one_to_many,1,0,active,,0
446512,384431,382806,test_depends,downstream,optional,"",import,[],"","",cascade_failure,skip_test,"","","",one_to_many,1,0,active,,0
446513,384431,382807,test_depends,downstream,optional,"",import,[],"","",cascade_failure,skip_test,"","","",one_to_many,1,0,active,,0
446514,384431,382811,test_depends,downstream,optional,"",import,[],"","",cascade_failure,skip_test,"","","",one_to_many,1,0,active,,0
446515,384431,382810,test_depends,downstream,optional,"",import,[],"","",cascade_failure,skip_test,"","","",one_to_many,1,0,active,,0
446516,384431,382813,test_depends,downstream,optional,"",import,[],"","",cascade_failure,skip_test,"","","",one_to_many,1,0,active,,0
446517,384431,382809,test_depends,downstream,optional,"",import,[],"","",cascade_failure,skip_test,"","","",one_to_many,1,0,active,,0
446518,384431,382812,test_depends,downstream,optional,"",import,[],"","",cascade_failure,skip_test,"","","",one_to_many,1,0,active,,0
446519,384431,382814,test_depends,downstream,optional,"",import,[],"","",cascade_failure,skip_test,"","","",one_to_many,1,0,active,,0
446520,384431,382819,test_depends,downstream,optional,"",import,[],"","",cascade_failure,skip_test,"","","",one_to_many,1,0,active,,0
446521,384431,382818,test_depends,downstream,optional,"",import,[],"","",cascade_failure,skip_test,"","","",one_to_many,1,0,active,,0
446522,384431,382816,test_depends,downstream,optional,"",import,[],"","",cascade_failure,skip_test,"","","",one_to_many,1,0,active,,0
446523,384431,382817,test_depends,downstream,optional,"",import,[],"","",cascade_failure,skip_test,"","","",one_to_many,1,0,active,,0
446524,384431,382820,test_depends,downstream,optional,"",import,[],"","",cascade_failure,skip_test,"","","",one_to_many,1,0,active,,0
446525,384431,382824,test_depends,downstream,optional,"",import,[],"","",cascade_failure,skip_test,"","","",one_to_many,1,0,active,,0
446526,384431,382772,test_depends,downstream,optional,"",import,[],"","",cascade_failure,skip_test,"","","",one_to_many,1,0,active,,0
446527,384431,382779,test_depends,downstream,optional,"",import,[],"","",cascade_failure,skip_test,"","","",one_to_many,1,0,active,,0
446528,384432,382767,test_depends,downstream,optional,"",import,[],"","",cascade_failure,skip_test,"","","",one_to_many,1,0,active,,0
446529,384433,382886,test_depends,downstream,optional,"",import,[],"","",cascade_failure,skip_test,"","","",one_to_many,1,0,active,,0
446530,384434,383054,test_depends,downstream,optional,"",import,[],"","",cascade_failure,skip_test,"","","",one_to_many,1,0,active,,0
446531,384435,382967,test_depends,downstream,optional,"",import,[],"","",cascade_failure,skip_test,"","","",one_to_many,1,0,active,,0
446532,384436,382886,test_depends,downstream,optional,"",import,[],"","",cascade_failure,skip_test,"","","",one_to_many,1,0,active,,0
446533,384437,382823,test_depends,downstream,optional,"",import,[],"","",cascade_failure,skip_test,"","","",one_to_many,1,0,active,,0
446534,384438,382886,test_depends,downstream,optional,"",import,[],"","",cascade_failure,skip_test,"","","",one_to_many,1,0,active,,0
446535,384439,382886,test_depends,downstream,optional,"",import,[],"","",cascade_failure,skip_test,"","","",one_to_many,1,0,active,,0
446536,384440,383085,test_depends,downstream,optional,"",import,[],"","",cascade_failure,skip_test,"","","",one_to_many,1,0,active,,0
446537,384441,383088,test_depends,downstream,optional,"",import,[],"","",cascade_failure,skip_test,"","","",one_to_many,1,0,active,,0
446538,384442,382823,test_depends,downstream,optional,"",import,[],"","",cascade_failure,skip_test,"","","",one_to_many,1,0,active,,0
446539,384443,382886,test_depends,downstream,optional,"",import,[],"","",cascade_failure,skip_test,"","","",one_to_many,1,0,active,,0
446540,384444,382966,test_depends,downstream,optional,"",import,[],"","",cascade_failure,skip_test,"","","",one_to_many,1,0,active,,0
446541,384445,382962,test_depends,downstream,optional,"",import,[],"","",cascade_failure,skip_test,"","","",one_to_many,1,0,active,,0
446542,384445,382964,test_depends,downstream,optional,"",import,[],"","",cascade_failure,skip_test,"","","",one_to_many,1,0,active,,0
446543,384446,382823,test_depends,downstream,optional,"",import,[],"","",cascade_failure,skip_test,"","","",one_to_many,1,0,active,,0
446544,384447,383052,test_depends,downstream,optional,"",import,[],"","",cascade_failure,skip_test,"","","",one_to_many,1,0,active,,0
446545,384448,382823,test_depends,downstream,optional,"",import,[],"","",cascade_failure,skip_test,"","","",one_to_many,1,0,active,,0
446546,384449,382886,test_depends,downstream,optional,"",import,[],"","",cascade_failure,skip_test,"","","",one_to_many,1,0,active,,0
446547,384450,382769,test_depends,downstream,optional,"",import,[],"","",cascade_failure,skip_test,"","","",one_to_many,1,0,active,,0
446548,384451,382968,test_depends,downstream,optional,"",import,[],"","",cascade_failure,skip_test,"","","",one_to_many,1,0,active,,0
446549,384451,382967,test_depends,downstream,optional,"",import,[],"","",cascade_failure,skip_test,"","","",one_to_many,1,0,active,,0
446550,384451,382979,test_depends,downstream,optional,"",import,[],"","",cascade_failure,skip_test,"","","",one_to_many,1,0,active,,0
446551,384451,382966,test_depends,downstream,optional,"",import,[],"","",cascade_failure,skip_test,"","","",one_to_many,1,0,active,,0
446552,384451,382982,test_depends,downstream,optional,"",import,[],"","",cascade_failure,skip_test,"","","",one_to_many,1,0,active,,0
446553,384452,382970,test_depends,downstream,optional,"",import,[],"","",cascade_failure,skip_test,"","","",one_to_many,1,0,active,,0
446554,384453,383084,test_depends,downstream,optional,"",import,[],"","",cascade_failure,skip_test,"","","",one_to_many,1,0,active,,0
446555,384454,382773,test_depends,downstream,optional,"",import,[],"","",cascade_failure,skip_test,"","","",one_to_many,1,0,active,,0
446556,384455,382969,test_depends,downstream,optional,"",import,[],"","",cascade_failure,skip_test,"","","",one_to_many,1,0,active,,0
446557,384456,382771,test_depends,downstream,optional,"",import,[],"","",cascade_failure,skip_test,"","","",one_to_many,1,0,active,,0
446558,384457,380858,test_depends,downstream,optional,"",import,[],"","",cascade_failure,skip_test,"","","",one_to_many,1,0,active,,0
446559,384458,382886,test_depends,downstream,optional,"",import,[],"","",cascade_failure,skip_test,"","","",one_to_many,1,0,active,,0
446560,384459,380842,test_depends,downstream,optional,"",import,[],"","",cascade_failure,skip_test,"","","",one_to_many,1,0,active,,0
446561,384460,382788,test_depends,downstream,optional,"",import,[],"","",cascade_failure,skip_test,"","","",one_to_many,1,0,active,,0
446562,384461,382772,test_depends,downstream,optional,"",import,[],"","",cascade_failure,skip_test,"","","",one_to_many,1,0,active,,0
446563,384461,382774,test_depends,downstream,optional,"",import,[],"","",cascade_failure,skip_test,"","","",one_to_many,1,0,active,,0
446564,384462,382823,test_depends,downstream,optional,"",import,[],"","",cascade_failure,skip_test,"","","",one_to_many,1,0,active,,0
446565,384463,382772,test_depends,downstream,optional,"",import,[],"","",cascade_failure,skip_test,"","","",one_to_many,1,0,active,,0
446566,384464,380850,test_depends,downstream,optional,"",import,[],"","",cascade_failure,skip_test,"","","",one_to_many,1,0,active,,0
446567,384465,382886,test_depends,downstream,optional,"",import,[],"","",cascade_failure,skip_test,"","","",one_to_many,1,0,active,,0
446568,384466,382789,test_depends,downstream,optional,"",import,[],"","",cascade_failure,skip_test,"","","",one_to_many,1,0,active,,0
446569,384467,383089,test_depends,downstream,optional,"",import,[],"","",cascade_failure,skip_test,"","","",one_to_many,1,0,active,,0
446570,384468,382823,test_depends,downstream,optional,"",import,[],"","",cascade_failure,skip_test,"","","",one_to_many,1,0,active,,0
446571,384469,382972,test_depends,downstream,optional,"",import,[],"","",cascade_failure,skip_test,"","","",one_to_many,1,0,active,,0
446572,384470,382886,test_depends,downstream,optional,"",import,[],"","",cascade_failure,skip_test,"","","",one_to_many,1,0,active,,0
446573,384471,382886,test_depends,downstream,optional,"",import,[],"","",cascade_failure,skip_test,"","","",one_to_many,1,0,active,,0
446574,384472,382823,test_depends,downstream,optional,"",import,[],"","",cascade_failure,skip_test,"","","",one_to_many,1,0,active,,0
446575,384473,382809,test_depends,downstream,optional,"",import,[],"","",cascade_failure,skip_test,"","","",one_to_many,1,0,active,,0
446576,384474,382823,test_depends,downstream,optional,"",import,[],"","",cascade_failure,skip_test,"","","",one_to_many,1,0,active,,0
446577,384475,382823,test_depends,downstream,optional,"",import,[],"","",cascade_failure,skip_test,"","","",one_to_many,1,0,active,,0
446578,384476,382974,test_depends,downstream,optional,"",import,[],"","",cascade_failure,skip_test,"","","",one_to_many,1,0,active,,0
446579,384477,382997,test_depends,downstream,optional,"",import,[],"","",cascade_failure,skip_test,"","","",one_to_many,1,0,active,,0
446580,384478,382823,test_depends,downstream,optional,"",import,[],"","",cascade_failure,skip_test,"","","",one_to_many,1,0,active,,0
446581,384479,382814,test_depends,downstream,optional,"",import,[],"","",cascade_failure,skip_test,"","","",one_to_many,1,0,active,,0
446582,384480,382819,test_depends,downstream,optional,"",import,[],"","",cascade_failure,skip_test,"","","",one_to_many,1,0,active,,0
446583,384481,382823,test_depends,downstream,optional,"",import,[],"","",cascade_failure,skip_test,"","","",one_to_many,1,0,active,,0
446584,384482,382818,test_depends,downstream,optional,"",import,[],"","",cascade_failure,skip_test,"","","",one_to_many,1,0,active,,0
446585,384483,382886,test_depends,downstream,optional,"",import,[],"","",cascade_failure,skip_test,"","","",one_to_many,1,0,active,,0
446586,384484,382801,test_depends,downstream,optional,"",import,[],"","",cascade_failure,skip_test,"","","",one_to_many,1,0,active,,0
446587,384485,382886,test_depends,downstream,optional,"",import,[],"","",cascade_failure,skip_test,"","","",one_to_many,1,0,active,,0
446588,384486,382779,test_depends,downstream,optional,"",import,[],"","",cascade_failure,skip_test,"","","",one_to_many,1,0,active,,0
446589,384487,382886,test_depends,downstream,optional,"",import,[],"","",cascade_failure,skip_test,"","","",one_to_many,1,0,active,,0
446590,384488,383086,test_depends,downstream,optional,"",import,[],"","",cascade_failure,skip_test,"","","",one_to_many,1,0,active,,0
446591,384489,382886,test_depends,downstream,optional,"",import,[],"","",cascade_failure,skip_test,"","","",one_to_many,1,0,active,,0
446592,384490,383059,test_depends,downstream,optional,"",import,[],"","",cascade_failure,skip_test,"","","",one_to_many,1,0,active,,0
446593,384491,382823,test_depends,downstream,optional,"",import,[],"","",cascade_failure,skip_test,"","","",one_to_many,1,0,active,,0
446594,384492,382973,test_depends,downstream,optional,"",import,[],"","",cascade_failure,skip_test,"","","",one_to_many,1,0,active,,0
446595,384493,382823,test_depends,downstream,optional,"",import,[],"","",cascade_failure,skip_test,"","","",one_to_many,1,0,active,,0
446596,384494,382823,test_depends,downstream,optional,"",import,[],"","",cascade_failure,skip_test,"","","",one_to_many,1,0,active,,0
446597,384495,382823,test_depends,downstream,optional,"",import,[],"","",cascade_failure,skip_test,"","","",one_to_many,1,0,active,,0
446598,384496,382823,test_depends,downstream,optional,"",import,[],"","",cascade_failure,skip_test,"","","",one_to_many,1,0,active,,0
446599,384497,382778,test_depends,downstream,optional,"",import,[],"","",cascade_failure,skip_test,"","","",one_to_many,1,0,active,,0
446600,384498,382886,test_depends,downstream,optional,"",import,[],"","",cascade_failure,skip_test,"","","",one_to_many,1,0,active,,0
446601,384499,382823,test_depends,downstream,optional,"",import,[],"","",cascade_failure,skip_test,"","","",one_to_many,1,0,active,,0
446602,384500,382774,test_depends,downstream,optional,"",import,[],"","",cascade_failure,skip_test,"","","",one_to_many,1,0,active,,0
446603,384501,382823,test_depends,downstream,optional,"",import,[],"","",cascade_failure,skip_test,"","","",one_to_many,1,0,active,,0
446604,384502,382823,test_depends,downstream,optional,"",import,[],"","",cascade_failure,skip_test,"","","",one_to_many,1,0,active,,0
446605,384502,382886,test_depends,downstream,optional,"",import,[],"","",cascade_failure,skip_test,"","","",one_to_many,1,0,active,,0
446606,384502,382772,test_depends,downstream,optional,"",import,[],"","",cascade_failure,skip_test,"","","",one_to_many,1,0,active,,0
446607,384502,382779,test_depends,downstream,optional,"",import,[],"","",cascade_failure,skip_test,"","","",one_to_many,1,0,active,,0
446608,384502,382783,test_depends,downstream,optional,"",import,[],"","",cascade_failure,skip_test,"","","",one_to_many,1,0,active,,0
446609,384503,382886,test_depends,downstream,optional,"",import,[],"","",cascade_failure,skip_test,"","","",one_to_many,1,0,active,,0
446610,384504,382781,test_depends,downstream,optional,"",import,[],"","",cascade_failure,skip_test,"","","",one_to_many,1,0,active,,0
446611,384505,382823,test_depends,downstream,optional,"",import,[],"","",cascade_failure,skip_test,"","","",one_to_many,1,0,active,,0
446612,384506,382823,test_depends,downstream,optional,"",import,[],"","",cascade_failure,skip_test,"","","",one_to_many,1,0,active,,0
446613,384507,382803,test_depends,downstream,optional,"",import,[],"","",cascade_failure,skip_test,"","","",one_to_many,1,0,active,,0
446614,384508,383095,test_depends,downstream,optional,"",import,[],"","",cascade_failure,skip_test,"","","",one_to_many,1,0,active,,0
446615,384509,382787,test_depends,downstream,optional,"",import,[],"","",cascade_failure,skip_test,"","","",one_to_many,1,0,active,,0
446616,384510,382886,test_depends,downstream,optional,"",import,[],"","",cascade_failure,skip_test,"","","",one_to_many,1,0,active,,0
446617,384511,383095,test_depends,downstream,optional,"",import,[],"","",cascade_failure,skip_test,"","","",one_to_many,1,0,active,,0
446618,384512,383001,test_depends,downstream,optional,"",import,[],"","",cascade_failure,skip_test,"","","",one_to_many,1,0,active,,0
446619,384513,382823,test_depends,downstream,optional,"",import,[],"","",cascade_failure,skip_test,"","","",one_to_many,1,0,active,,0
446620,384514,382984,test_depends,downstream,optional,"",import,[],"","",cascade_failure,skip_test,"","","",one_to_many,1,0,active,,0
446621,384515,382981,test_depends,downstream,optional,"",import,[],"","",cascade_failure,skip_test,"","","",one_to_many,1,0,active,,0
446622,384516,382886,test_depends,downstream,optional,"",import,[],"","",cascade_failure,skip_test,"","","",one_to_many,1,0,active,,0
446623,384517,382785,test_depends,downstream,optional,"",import,[],"","",cascade_failure,skip_test,"","","",one_to_many,1,0,active,,0
446624,384517,382784,test_depends,downstream,optional,"",import,[],"","",cascade_failure,skip_test,"","","",one_to_many,1,0,active,,0
446625,384518,382824,test_depends,downstream,optional,"",import,[],"","",cascade_failure,skip_test,"","","",one_to_many,1,0,active,,0
446626,384519,382886,test_depends,downstream,optional,"",import,[],"","",cascade_failure,skip_test,"","","",one_to_many,1,0,active,,0
446627,384520,382886,test_depends,downstream,optional,"",import,[],"","",cascade_failure,skip_test,"","","",one_to_many,1,0,active,,0
446628,384521,382823,test_depends,downstream,optional,"",import,[],"","",cascade_failure,skip_test,"","","",one_to_many,1,0,active,,0
446629,384522,383004,test_depends,downstream,optional,"",import,[],"","",cascade_failure,skip_test,"","","",one_to_many,1,0,active,,0
446630,384523,381223,test_depends,downstream,optional,"",import,[],"","",cascade_failure,skip_test,"","","",one_to_many,1,0,active,,0
446631,384525,381335,test_depends,downstream,optional,"",import,[],"","",cascade_failure,skip_test,"","","",one_to_many,1,0,active,,0
446632,384526,381572,test_depends,downstream,optional,"",import,[],"","",cascade_failure,skip_test,"","","",one_to_many,1,0,active,,0
446633,384526,383101,test_depends,downstream,optional,"",import,[],"","",cascade_failure,skip_test,"","","",one_to_many,1,0,active,,0
446634,384527,381726,test_depends,downstream,optional,"",import,[],"","",cascade_failure,skip_test,"","","",one_to_many,1,0,active,,0
446635,384530,381874,test_depends,downstream,optional,"",import,[],"","",cascade_failure,skip_test,"","","",one_to_many,1,0,active,,0
446636,384530,381881,test_depends,downstream,optional,"",import,[],"","",cascade_failure,skip_test,"","","",one_to_many,1,0,active,,0
446637,384532,381870,test_depends,downstream,optional,"",import,[],"","",cascade_failure,skip_test,"","","",one_to_many,1,0,active,,0
446638,384532,381881,test_depends,downstream,optional,"",import,[],"","",cascade_failure,skip_test,"","","",one_to_many,1,0,active,,0
446639,384533,381878,test_depends,downstream,optional,"",import,[],"","",cascade_failure,skip_test,"","","",one_to_many,1,0,active,,0
446640,384533,381881,test_depends,downstream,optional,"",import,[],"","",cascade_failure,skip_test,"","","",one_to_many,1,0,active,,0
446641,384534,381871,test_depends,downstream,optional,"",import,[],"","",cascade_failure,skip_test,"","","",one_to_many,1,0,active,,0
446642,384534,381881,test_depends,downstream,optional,"",import,[],"","",cascade_failure,skip_test,"","","",one_to_many,1,0,active,,0
446643,384535,381877,test_depends,downstream,optional,"",import,[],"","",cascade_failure,skip_test,"","","",one_to_many,1,0,active,,0
446644,384535,381881,test_depends,downstream,optional,"",import,[],"","",cascade_failure,skip_test,"","","",one_to_many,1,0,active,,0
446645,384536,381872,test_depends,downstream,optional,"",import,[],"","",cascade_failure,skip_test,"","","",one_to_many,1,0,active,,0
446646,384536,381881,test_depends,downstream,optional,"",import,[],"","",cascade_failure,skip_test,"","","",one_to_many,1,0,active,,0
446647,384537,381865,test_depends,downstream,optional,"",import,[],"","",cascade_failure,skip_test,"","","",one_to_many,1,0,active,,0
446648,384537,381881,test_depends,downstream,optional,"",import,[],"","",cascade_failure,skip_test,"","","",one_to_many,1,0,active,,0
446649,384539,381876,test_depends,downstream,optional,"",import,[],"","",cascade_failure,skip_test,"","","",one_to_many,1,0,active,,0
446650,384539,381881,test_depends,downstream,optional,"",import,[],"","",cascade_failure,skip_test,"","","",one_to_many,1,0,active,,0
446651,384545,382823,test_depends,downstream,optional,"",import,[],"","",cascade_failure,skip_test,"","","",one_to_many,1,0,active,,0
446652,384546,382767,test_depends,downstream,optional,"",import,[],"","",cascade_failure,skip_test,"","","",one_to_many,1,0,active,,0
446653,384547,382886,test_depends,downstream,optional,"",import,[],"","",cascade_failure,skip_test,"","","",one_to_many,1,0,active,,0
446654,384548,382823,test_depends,downstream,optional,"",import,[],"","",cascade_failure,skip_test,"","","",one_to_many,1,0,active,,0
446655,384548,382772,test_depends,downstream,optional,"",import,[],"","",cascade_failure,skip_test,"","","",one_to_many,1,0,active,,0
446656,384548,382779,test_depends,downstream,optional,"",import,[],"","",cascade_failure,skip_test,"","","",one_to_many,1,0,active,,0
446657,384548,382778,test_depends,downstream,optional,"",import,[],"","",cascade_failure,skip_test,"","","",one_to_many,1,0,active,,0
446658,384550,382771,test_depends,downstream,optional,"",import,[],"","",cascade_failure,skip_test,"","","",one_to_many,1,0,active,,0
446659,384551,382823,test_depends,downstream,optional,"",import,[],"","",cascade_failure,skip_test,"","","",one_to_many,1,0,active,,0
446660,384552,382779,test_depends,downstream,optional,"",import,[],"","",cascade_failure,skip_test,"","","",one_to_many,1,0,active,,0
446661,384553,382777,test_depends,downstream,optional,"",import,[],"","",cascade_failure,skip_test,"","","",one_to_many,1,0,active,,0
446662,384554,382772,test_depends,downstream,optional,"",import,[],"","",cascade_failure,skip_test,"","","",one_to_many,1,0,active,,0
446663,384555,382886,test_depends,downstream,optional,"",import,[],"","",cascade_failure,skip_test,"","","",one_to_many,1,0,active,,0
446664,384556,382823,test_depends,downstream,optional,"",import,[],"","",cascade_failure,skip_test,"","","",one_to_many,1,0,active,,0
446665,384557,382778,test_depends,downstream,optional,"",import,[],"","",cascade_failure,skip_test,"","","",one_to_many,1,0,active,,0
446666,384558,382785,test_depends,downstream,optional,"",import,[],"","",cascade_failure,skip_test,"","","",one_to_many,1,0,active,,0
446667,384560,382990,test_depends,downstream,optional,"",import,[],"","",cascade_failure,skip_test,"","","",one_to_many,1,0,active,,0
446668,384561,382784,test_depends,downstream,optional,"",import,[],"","",cascade_failure,skip_test,"","","",one_to_many,1,0,active,,0
446669,384561,382785,test_depends,downstream,optional,"",import,[],"","",cascade_failure,skip_test,"","","",one_to_many,1,0,active,,0
446670,384562,380872,test_depends,downstream,optional,"",import,[],"","",cascade_failure,skip_test,"","","",one_to_many,1,0,active,,0
446671,384562,382595,test_depends,downstream,optional,"",import,[],"","",cascade_failure,skip_test,"","","",one_to_many,1,0,active,,0
446672,384562,381479,test_depends,downstream,optional,"",import,[],"","",cascade_failure,skip_test,"","","",one_to_many,1,0,active,,0
446673,384563,382123,test_depends,downstream,optional,"",import,[],"","",cascade_failure,skip_test,"","","",one_to_many,1,0,active,,0
446674,384563,382132,test_depends,downstream,optional,"",import,[],"","",cascade_failure,skip_test,"","","",one_to_many,1,0,active,,0
446675,384563,382135,test_depends,downstream,optional,"",import,[],"","",cascade_failure,skip_test,"","","",one_to_many,1,0,active,,0
446676,384563,382138,test_depends,downstream,optional,"",import,[],"","",cascade_failure,skip_test,"","","",one_to_many,1,0,active,,0
446677,384564,382734,test_depends,downstream,optional,"",import,[],"","",cascade_failure,skip_test,"","","",one_to_many,1,0,active,,0
446678,384564,382758,test_depends,downstream,optional,"",import,[],"","",cascade_failure,skip_test,"","","",one_to_many,1,0,active,,0
446679,384565,382595,test_depends,downstream,optional,"",import,[],"","",cascade_failure,skip_test,"","","",one_to_many,1,0,active,,0
446680,384565,381479,test_depends,downstream,optional,"",import,[],"","",cascade_failure,skip_test,"","","",one_to_many,1,0,active,,0
446681,384566,382732,test_depends,downstream,optional,"",import,[],"","",cascade_failure,skip_test,"","","",one_to_many,1,0,active,,0
446682,384566,382598,test_depends,downstream,optional,"",import,[],"","",cascade_failure,skip_test,"","","",one_to_many,1,0,active,,0
446683,384566,382758,test_depends,downstream,optional,"",import,[],"","",cascade_failure,skip_test,"","","",one_to_many,1,0,active,,0
446684,384567,381526,test_depends,downstream,optional,"",import,[],"","",cascade_failure,skip_test,"","","",one_to_many,1,0,active,,0
446685,384567,381396,test_depends,downstream,optional,"",import,[],"","",cascade_failure,skip_test,"","","",one_to_many,1,0,active,,0
446686,384568,382598,test_depends,downstream,optional,"",import,[],"","",cascade_failure,skip_test,"","","",one_to_many,1,0,active,,0
446687,384568,382614,test_depends,downstream,optional,"",import,[],"","",cascade_failure,skip_test,"","","",one_to_many,1,0,active,,0
446688,384569,382758,test_depends,downstream,optional,"",import,[],"","",cascade_failure,skip_test,"","","",one_to_many,1,0,active,,0
446689,384569,382599,test_depends,downstream,optional,"",import,[],"","",cascade_failure,skip_test,"","","",one_to_many,1,0,active,,0
446690,384569,382600,test_depends,downstream,optional,"",import,[],"","",cascade_failure,skip_test,"","","",one_to_many,1,0,active,,0
446691,384569,382614,test_depends,downstream,optional,"",import,[],"","",cascade_failure,skip_test,"","","",one_to_many,1,0,active,,0
446692,384569,382598,test_depends,downstream,optional,"",import,[],"","",cascade_failure,skip_test,"","","",one_to_many,1,0,active,,0
446693,384569,382732,test_depends,downstream,optional,"",import,[],"","",cascade_failure,skip_test,"","","",one_to_many,1,0,active,,0
446694,384570,381526,test_depends,downstream,optional,"",import,[],"","",cascade_failure,skip_test,"","","",one_to_many,1,0,active,,0
446695,384570,381529,test_depends,downstream,optional,"",import,[],"","",cascade_failure,skip_test,"","","",one_to_many,1,0,active,,0
446696,384570,381829,test_depends,downstream,optional,"",import,[],"","",cascade_failure,skip_test,"","","",one_to_many,1,0,active,,0
446697,384570,381396,test_depends,downstream,optional,"",import,[],"","",cascade_failure,skip_test,"","","",one_to_many,1,0,active,,0
446698,384571,381528,test_depends,downstream,optional,"",import,[],"","",cascade_failure,skip_test,"","","",one_to_many,1,0,active,,0
446699,384571,381426,test_depends,downstream,optional,"",import,[],"","",cascade_failure,skip_test,"","","",one_to_many,1,0,active,,0
446700,384571,381387,test_depends,downstream,optional,"",import,[],"","",cascade_failure,skip_test,"","","",one_to_many,1,0,active,,0
446701,384571,381393,test_depends,downstream,optional,"",import,[],"","",cascade_failure,skip_test,"","","",one_to_many,1,0,active,,0
446702,384571,381389,test_depends,downstream,optional,"",import,[],"","",cascade_failure,skip_test,"","","",one_to_many,1,0,active,,0
446703,384571,381396,test_depends,downstream,optional,"",import,[],"","",cascade_failure,skip_test,"","","",one_to_many,1,0,active,,0
446704,384571,381829,test_depends,downstream,optional,"",import,[],"","",cascade_failure,skip_test,"","","",one_to_many,1,0,active,,0
446705,384571,381822,test_depends,downstream,optional,"",import,[],"","",cascade_failure,skip_test,"","","",one_to_many,1,0,active,,0
446706,384572,381526,test_depends,downstream,optional,"",import,[],"","",cascade_failure,skip_test,"","","",one_to_many,1,0,active,,0
446707,384572,381525,test_depends,downstream,optional,"",import,[],"","",cascade_failure,skip_test,"","","",one_to_many,1,0,active,,0
446708,384572,381529,test_depends,downstream,optional,"",import,[],"","",cascade_failure,skip_test,"","","",one_to_many,1,0,active,,0
446709,384572,381528,test_depends,downstream,optional,"",import,[],"","",cascade_failure,skip_test,"","","",one_to_many,1,0,active,,0
446710,384572,381426,test_depends,downstream,optional,"",import,[],"","",cascade_failure,skip_test,"","","",one_to_many,1,0,active,,0
446711,384572,381393,test_depends,downstream,optional,"",import,[],"","",cascade_failure,skip_test,"","","",one_to_many,1,0,active,,0
446712,384572,381829,test_depends,downstream,optional,"",import,[],"","",cascade_failure,skip_test,"","","",one_to_many,1,0,active,,0
446713,384573,382823,test_depends,downstream,optional,"",import,[],"","",cascade_failure,skip_test,"","","",one_to_many,1,0,active,,0
446714,384574,382823,test_depends,downstream,optional,"",import,[],"","",cascade_failure,skip_test,"","","",one_to_many,1,0,active,,0
446715,384575,381525,test_depends,downstream,optional,"",import,[],"","",cascade_failure,skip_test,"","","",one_to_many,1,0,active,,0
446716,384575,381526,test_depends,downstream,optional,"",import,[],"","",cascade_failure,skip_test,"","","",one_to_many,1,0,active,,0
446717,384575,381396,test_depends,downstream,optional,"",import,[],"","",cascade_failure,skip_test,"","","",one_to_many,1,0,active,,0
446718,384576,382604,test_depends,downstream,optional,"",import,[],"","",cascade_failure,skip_test,"","","",one_to_many,1,0,active,,0
446719,384577,382638,test_depends,downstream,optional,"",import,[],"","",cascade_failure,skip_test,"","","",one_to_many,1,0,active,,0
446720,384578,383010,test_depends,downstream,optional,"",import,[],"","",cascade_failure,skip_test,"","","",one_to_many,1,0,active,,0
446721,384579,383012,test_depends,downstream,optional,"",import,[],"","",cascade_failure,skip_test,"","","",one_to_many,1,0,active,,0
446722,384580,383013,test_depends,downstream,optional,"",import,[],"","",cascade_failure,skip_test,"","","",one_to_many,1,0,active,,0
446723,384581,383024,test_depends,downstream,optional,"",import,[],"","",cascade_failure,skip_test,"","","",one_to_many,1,0,active,,0
446724,384582,383025,test_depends,downstream,optional,"",import,[],"","",cascade_failure,skip_test,"","","",one_to_many,1,0,active,,0
446725,384583,383015,test_depends,downstream,optional,"",import,[],"","",cascade_failure,skip_test,"","","",one_to_many,1,0,active,,0
446726,384584,383021,test_depends,downstream,optional,"",import,[],"","",cascade_failure,skip_test,"","","",one_to_many,1,0,active,,0
446727,384585,383020,test_depends,downstream,optional,"",import,[],"","",cascade_failure,skip_test,"","","",one_to_many,1,0,active,,0
446728,384586,381612,test_depends,downstream,optional,"",import,[],"","",cascade_failure,skip_test,"","","",one_to_many,1,0,active,,0
446729,384587,383023,test_depends,downstream,optional,"",import,[],"","",cascade_failure,skip_test,"","","",one_to_many,1,0,active,,0
446730,384588,381616,test_depends,downstream,optional,"",import,[],"","",cascade_failure,skip_test,"","","",one_to_many,1,0,active,,0
446731,384589,381617,test_depends,downstream,optional,"",import,[],"","",cascade_failure,skip_test,"","","",one_to_many,1,0,active,,0
446732,384590,381623,test_depends,downstream,optional,"",import,[],"","",cascade_failure,skip_test,"","","",one_to_many,1,0,active,,0
446733,384591,383028,test_depends,downstream,optional,"",import,[],"","",cascade_failure,skip_test,"","","",one_to_many,1,0,active,,0
446734,384592,381612,test_depends,downstream,optional,"",import,[],"","",cascade_failure,skip_test,"","","",one_to_many,1,0,active,,0
446735,384592,381619,test_depends,downstream,optional,"",import,[],"","",cascade_failure,skip_test,"","","",one_to_many,1,0,active,,0
446736,384593,383027,test_depends,downstream,optional,"",import,[],"","",cascade_failure,skip_test,"","","",one_to_many,1,0,active,,0
446737,384594,381612,test_depends,downstream,optional,"",import,[],"","",cascade_failure,skip_test,"","","",one_to_many,1,0,active,,0
446738,384594,381619,test_depends,downstream,optional,"",import,[],"","",cascade_failure,skip_test,"","","",one_to_many,1,0,active,,0
446739,384594,381624,test_depends,downstream,optional,"",import,[],"","",cascade_failure,skip_test,"","","",one_to_many,1,0,active,,0
446740,384595,381563,test_depends,downstream,optional,"",import,[],"","",cascade_failure,skip_test,"","","",one_to_many,1,0,active,,0
446741,384595,382074,test_depends,downstream,optional,"",import,[],"","",cascade_failure,skip_test,"","","",one_to_many,1,0,active,,0
446742,384596,383026,test_depends,downstream,optional,"",import,[],"","",cascade_failure,skip_test,"","","",one_to_many,1,0,active,,0
446743,384597,381340,test_depends,downstream,optional,"",import,[],"","",cascade_failure,skip_test,"","","",one_to_many,1,0,active,,0
446744,384598,382633,test_depends,downstream,optional,"",import,[],"","",cascade_failure,skip_test,"","","",one_to_many,1,0,active,,0
446745,384598,382568,test_depends,downstream,optional,"",import,[],"","",cascade_failure,skip_test,"","","",one_to_many,1,0,active,,0
446746,384599,383046,test_depends,downstream,optional,"",import,[],"","",cascade_failure,skip_test,"","","",one_to_many,1,0,active,,0
446747,384600,383030,test_depends,downstream,optional,"",import,[],"","",cascade_failure,skip_test,"","","",one_to_many,1,0,active,,0
446748,384601,381542,test_depends,downstream,optional,"",import,[],"","",cascade_failure,skip_test,"","","",one_to_many,1,0,active,,0
446749,384602,381542,test_depends,downstream,optional,"",import,[],"","",cascade_failure,skip_test,"","","",one_to_many,1,0,active,,0
446750,384603,381342,test_depends,downstream,optional,"",import,[],"","",cascade_failure,skip_test,"","","",one_to_many,1,0,active,,0
446751,384604,381397,test_depends,downstream,optional,"",import,[],"","",cascade_failure,skip_test,"","","",one_to_many,1,0,active,,0
446752,384606,381951,test_depends,downstream,optional,"",import,[],"","",cascade_failure,skip_test,"","","",one_to_many,1,0,active,,0
446753,384608,381542,test_depends,downstream,optional,"",import,[],"","",cascade_failure,skip_test,"","","",one_to_many,1,0,active,,0
446754,384609,380830,test_depends,downstream,optional,"",import,[],"","",cascade_failure,skip_test,"","","",one_to_many,1,0,active,,0
446755,384610,381522,test_depends,downstream,optional,"",import,[],"","",cascade_failure,skip_test,"","","",one_to_many,1,0,active,,0
446756,384611,381544,test_depends,downstream,optional,"",import,[],"","",cascade_failure,skip_test,"","","",one_to_many,1,0,active,,0
446757,384612,381938,test_depends,downstream,optional,"",import,[],"","",cascade_failure,skip_test,"","","",one_to_many,1,0,active,,0
446758,384613,380783,test_depends,downstream,optional,"",import,[],"","",cascade_failure,skip_test,"","","",one_to_many,1,0,active,,0
446759,384614,380783,test_depends,downstream,optional,"",import,[],"","",cascade_failure,skip_test,"","","",one_to_many,1,0,active,,0
446760,384615,381640,test_depends,downstream,optional,"",import,[],"","",cascade_failure,skip_test,"","","",one_to_many,1,0,active,,0
446761,384616,381971,test_depends,downstream,optional,"",import,[],"","",cascade_failure,skip_test,"","","",one_to_many,1,0,active,,0
446762,384617,381643,test_depends,downstream,optional,"",import,[],"","",cascade_failure,skip_test,"","","",one_to_many,1,0,active,,0
446763,384618,381639,test_depends,downstream,optional,"",import,[],"","",cascade_failure,skip_test,"","","",one_to_many,1,0,active,,0
446764,384619,381945,test_depends,downstream,optional,"",import,[],"","",cascade_failure,skip_test,"","","",one_to_many,1,0,active,,0
446765,384620,381655,test_depends,downstream,optional,"",import,[],"","",cascade_failure,skip_test,"","","",one_to_many,1,0,active,,0
446766,384621,381638,test_depends,downstream,optional,"",import,[],"","",cascade_failure,skip_test,"","","",one_to_many,1,0,active,,0
446767,384622,381359,test_depends,downstream,optional,"",import,[],"","",cascade_failure,skip_test,"","","",one_to_many,1,0,active,,0
446768,384623,381650,test_depends,downstream,optional,"",import,[],"","",cascade_failure,skip_test,"","","",one_to_many,1,0,active,,0
446769,384624,381240,test_depends,downstream,optional,"",import,[],"","",cascade_failure,skip_test,"","","",one_to_many,1,0,active,,0
446770,384625,381657,test_depends,downstream,optional,"",import,[],"","",cascade_failure,skip_test,"","","",one_to_many,1,0,active,,0
446771,384626,381654,test_depends,downstream,optional,"",import,[],"","",cascade_failure,skip_test,"","","",one_to_many,1,0,active,,0
446772,384627,381366,test_depends,downstream,optional,"",import,[],"","",cascade_failure,skip_test,"","","",one_to_many,1,0,active,,0
446773,384628,381029,test_depends,downstream,optional,"",import,[],"","",cascade_failure,skip_test,"","","",one_to_many,1,0,active,,0
446774,384628,381032,test_depends,downstream,optional,"",import,[],"","",cascade_failure,skip_test,"","","",one_to_many,1,0,active,,0
446775,384629,381932,test_depends,downstream,optional,"",import,[],"","",cascade_failure,skip_test,"","","",one_to_many,1,0,active,,0
446776,384630,381190,test_depends,downstream,optional,"",import,[],"","",cascade_failure,skip_test,"","","",one_to_many,1,0,active,,0
446777,384631,380966,test_depends,downstream,optional,"",import,[],"","",cascade_failure,skip_test,"","","",one_to_many,1,0,active,,0
446778,384632,380989,test_depends,downstream,optional,"",import,[],"","",cascade_failure,skip_test,"","","",one_to_many,1,0,active,,0
446779,384633,380948,test_depends,downstream,optional,"",import,[],"","",cascade_failure,skip_test,"","","",one_to_many,1,0,active,,0
446780,384633,381032,test_depends,downstream,optional,"",import,[],"","",cascade_failure,skip_test,"","","",one_to_many,1,0,active,,0
446781,384634,380982,test_depends,downstream,optional,"",import,[],"","",cascade_failure,skip_test,"","","",one_to_many,1,0,active,,0
446782,384635,380930,test_depends,downstream,optional,"",import,[],"","",cascade_failure,skip_test,"","","",one_to_many,1,0,active,,0
446783,384636,380876,test_depends,downstream,optional,"",import,[],"","",cascade_failure,skip_test,"","","",one_to_many,1,0,active,,0
446784,384637,380921,test_depends,downstream,optional,"",import,[],"","",cascade_failure,skip_test,"","","",one_to_many,1,0,active,,0
446785,384638,381175,test_depends,downstream,optional,"",import,[],"","",cascade_failure,skip_test,"","","",one_to_many,1,0,active,,0
446786,384639,381219,test_depends,downstream,optional,"",import,[],"","",cascade_failure,skip_test,"","","",one_to_many,1,0,active,,0
446787,384640,380903,test_depends,downstream,optional,"",import,[],"","",cascade_failure,skip_test,"","","",one_to_many,1,0,active,,0
446788,384641,381222,test_depends,downstream,optional,"",import,[],"","",cascade_failure,skip_test,"","","",one_to_many,1,0,active,,0
446789,384642,380819,test_depends,downstream,optional,"",import,[],"","",cascade_failure,skip_test,"","","",one_to_many,1,0,active,,0
446790,384643,380990,test_depends,downstream,optional,"",import,[],"","",cascade_failure,skip_test,"","","",one_to_many,1,0,active,,0
446791,384644,381949,test_depends,downstream,optional,"",import,[],"","",cascade_failure,skip_test,"","","",one_to_many,1,0,active,,0
446792,384645,380803,test_depends,downstream,optional,"",import,[],"","",cascade_failure,skip_test,"","","",one_to_many,1,0,active,,0
446793,384646,381932,test_depends,downstream,optional,"",import,[],"","",cascade_failure,skip_test,"","","",one_to_many,1,0,active,,0
446794,384647,380811,test_depends,downstream,optional,"",import,[],"","",cascade_failure,skip_test,"","","",one_to_many,1,0,active,,0
446795,384648,380854,test_depends,downstream,optional,"",import,[],"","",cascade_failure,skip_test,"","","",one_to_many,1,0,active,,0
446796,384649,380787,test_depends,downstream,optional,"",import,[],"","",cascade_failure,skip_test,"","","",one_to_many,1,0,active,,0
446797,384650,381176,test_depends,downstream,optional,"",import,[],"","",cascade_failure,skip_test,"","","",one_to_many,1,0,active,,0
446798,384651,380756,test_depends,downstream,optional,"",import,[],"","",cascade_failure,skip_test,"","","",one_to_many,1,0,active,,0
446799,384652,380771,test_depends,downstream,optional,"",import,[],"","",cascade_failure,skip_test,"","","",one_to_many,1,0,active,,0
446800,384653,381050,test_depends,downstream,optional,"",import,[],"","",cascade_failure,skip_test,"","","",one_to_many,1,0,active,,0
446801,384654,381007,test_depends,downstream,optional,"",import,[],"","",cascade_failure,skip_test,"","","",one_to_many,1,0,active,,0
446802,384655,380968,test_depends,downstream,optional,"",import,[],"","",cascade_failure,skip_test,"","","",one_to_many,1,0,active,,0
446803,384656,380960,test_depends,downstream,optional,"",import,[],"","",cascade_failure,skip_test,"","","",one_to_many,1,0,active,,0
446804,384656,380837,test_depends,downstream,optional,"",import,[],"","",cascade_failure,skip_test,"","","",one_to_many,1,0,active,,0
446805,384657,380846,test_depends,downstream,optional,"",import,[],"","",cascade_failure,skip_test,"","","",one_to_many,1,0,active,,0
446806,384658,380984,test_depends,downstream,optional,"",import,[],"","",cascade_failure,skip_test,"","","",one_to_many,1,0,active,,0
446807,384659,381032,test_depends,downstream,optional,"",import,[],"","",cascade_failure,skip_test,"","","",one_to_many,1,0,active,,0
446808,384659,380992,test_depends,downstream,optional,"",import,[],"","",cascade_failure,skip_test,"","","",one_to_many,1,0,active,,0
446809,384659,380837,test_depends,downstream,optional,"",import,[],"","",cascade_failure,skip_test,"","","",one_to_many,1,0,active,,0
446810,384660,380942,test_depends,downstream,optional,"",import,[],"","",cascade_failure,skip_test,"","","",one_to_many,1,0,active,,0
446811,384660,382778,test_depends,downstream,optional,"",import,[],"","",cascade_failure,skip_test,"","","",one_to_many,1,0,active,,0
446812,384661,380933,test_depends,downstream,optional,"",import,[],"","",cascade_failure,skip_test,"","","",one_to_many,1,0,active,,0
446813,384662,381184,test_depends,downstream,optional,"",import,[],"","",cascade_failure,skip_test,"","","",one_to_many,1,0,active,,0
446814,384663,380906,test_depends,downstream,optional,"",import,[],"","",cascade_failure,skip_test,"","","",one_to_many,1,0,active,,0
446815,384664,381181,test_depends,downstream,optional,"",import,[],"","",cascade_failure,skip_test,"","","",one_to_many,1,0,active,,0
446816,384665,381660,test_depends,downstream,optional,"",import,[],"","",cascade_failure,skip_test,"","","",one_to_many,1,0,active,,0
446817,384666,381174,test_depends,downstream,optional,"",import,[],"","",cascade_failure,skip_test,"","","",one_to_many,1,0,active,,0
446818,384667,380861,test_depends,downstream,optional,"",import,[],"","",cascade_failure,skip_test,"","","",one_to_many,1,0,active,,0
446819,384668,382753,test_depends,downstream,optional,"",import,[],"","",cascade_failure,skip_test,"","","",one_to_many,1,0,active,,0
446820,384668,381032,test_depends,downstream,optional,"",import,[],"","",cascade_failure,skip_test,"","","",one_to_many,1,0,active,,0
446821,384669,380879,test_depends,downstream,optional,"",import,[],"","",cascade_failure,skip_test,"","","",one_to_many,1,0,active,,0
446822,384670,381484,test_depends,downstream,optional,"",import,[],"","",cascade_failure,skip_test,"","","",one_to_many,1,0,active,,0
446823,384670,381492,test_depends,downstream,optional,"",import,[],"","",cascade_failure,skip_test,"","","",one_to_many,1,0,active,,0
446824,384671,381639,test_depends,downstream,optional,"",import,[],"","",cascade_failure,skip_test,"","","",one_to_many,1,0,active,,0
446825,384671,381486,test_depends,downstream,optional,"",import,[],"","",cascade_failure,skip_test,"","","",one_to_many,1,0,active,,0
446826,384671,381484,test_depends,downstream,optional,"",import,[],"","",cascade_failure,skip_test,"","","",one_to_many,1,0,active,,0
446827,384671,381646,test_depends,downstream,optional,"",import,[],"","",cascade_failure,skip_test,"","","",one_to_many,1,0,active,,0
446828,384671,381507,test_depends,downstream,optional,"",import,[],"","",cascade_failure,skip_test,"","","",one_to_many,1,0,active,,0
446829,384672,381293,test_depends,downstream,optional,"",import,[],"","",cascade_failure,skip_test,"","","",one_to_many,1,0,active,,0
446830,384673,381209,test_depends,downstream,optional,"",import,[],"","",cascade_failure,skip_test,"","","",one_to_many,1,0,active,,0
446831,384674,381488,test_depends,downstream,optional,"",import,[],"","",cascade_failure,skip_test,"","","",one_to_many,1,0,active,,0
446832,384675,381484,test_depends,downstream,optional,"",import,[],"","",cascade_failure,skip_test,"","","",one_to_many,1,0,active,,0
446833,384675,381487,test_depends,downstream,optional,"",import,[],"","",cascade_failure,skip_test,"","","",one_to_many,1,0,active,,0
446834,384676,381217,test_depends,downstream,optional,"",import,[],"","",cascade_failure,skip_test,"","","",one_to_many,1,0,active,,0
446835,384677,381489,test_depends,downstream,optional,"",import,[],"","",cascade_failure,skip_test,"","","",one_to_many,1,0,active,,0
446836,384678,381496,test_depends,downstream,optional,"",import,[],"","",cascade_failure,skip_test,"","","",one_to_many,1,0,active,,0
446837,384679,381484,test_depends,downstream,optional,"",import,[],"","",cascade_failure,skip_test,"","","",one_to_many,1,0,active,,0
446838,384679,381495,test_depends,downstream,optional,"",import,[],"","",cascade_failure,skip_test,"","","",one_to_many,1,0,active,,0
446839,384680,381483,test_depends,downstream,optional,"",import,[],"","",cascade_failure,skip_test,"","","",one_to_many,1,0,active,,0
446840,384681,381200,test_depends,downstream,optional,"",import,[],"","",cascade_failure,skip_test,"","","",one_to_many,1,0,active,,0
446841,384682,381502,test_depends,downstream,optional,"",import,[],"","",cascade_failure,skip_test,"","","",one_to_many,1,0,active,,0
446842,384683,381486,test_depends,downstream,optional,"",import,[],"","",cascade_failure,skip_test,"","","",one_to_many,1,0,active,,0
446843,384683,381484,test_depends,downstream,optional,"",import,[],"","",cascade_failure,skip_test,"","","",one_to_many,1,0,active,,0
446844,384683,381568,test_depends,downstream,optional,"",import,[],"","",cascade_failure,skip_test,"","","",one_to_many,1,0,active,,0
446845,384684,381229,test_depends,downstream,optional,"",import,[],"","",cascade_failure,skip_test,"","","",one_to_many,1,0,active,,0
446846,384685,381504,test_depends,downstream,optional,"",import,[],"","",cascade_failure,skip_test,"","","",one_to_many,1,0,active,,0
446847,384686,381228,test_depends,downstream,optional,"",import,[],"","",cascade_failure,skip_test,"","","",one_to_many,1,0,active,,0
446848,384687,381233,test_depends,downstream,optional,"",import,[],"","",cascade_failure,skip_test,"","","",one_to_many,1,0,active,,0
446849,384688,383352,test_depends,downstream,optional,"",import,[],"","",cascade_failure,skip_test,"","","",one_to_many,1,0,active,,0
446850,384689,381195,test_depends,downstream,optional,"",import,[],"","",cascade_failure,skip_test,"","","",one_to_many,1,0,active,,0
446851,384690,381249,test_depends,downstream,optional,"",import,[],"","",cascade_failure,skip_test,"","","",one_to_many,1,0,active,,0
446852,384691,381208,test_depends,downstream,optional,"",import,[],"","",cascade_failure,skip_test,"","","",one_to_many,1,0,active,,0
446853,384692,381205,test_depends,downstream,optional,"",import,[],"","",cascade_failure,skip_test,"","","",one_to_many,1,0,active,,0
446854,384693,380998,test_depends,downstream,optional,"",import,[],"","",cascade_failure,skip_test,"","","",one_to_many,1,0,active,,0
446855,384696,381243,test_depends,downstream,optional,"",import,[],"","",cascade_failure,skip_test,"","","",one_to_many,1,0,active,,0
446856,384697,381263,test_depends,downstream,optional,"",import,[],"","",cascade_failure,skip_test,"","","",one_to_many,1,0,active,,0
446857,384698,381261,test_depends,downstream,optional,"",import,[],"","",cascade_failure,skip_test,"","","",one_to_many,1,0,active,,0
446858,384698,381542,test_depends,downstream,optional,"",import,[],"","",cascade_failure,skip_test,"","","",one_to_many,1,0,active,,0
446859,384699,381537,test_depends,downstream,optional,"",import,[],"","",cascade_failure,skip_test,"","","",one_to_many,1,0,active,,0
446860,384699,381262,test_depends,downstream,optional,"",import,[],"","",cascade_failure,skip_test,"","","",one_to_many,1,0,active,,0
446861,384700,381218,test_depends,downstream,optional,"",import,[],"","",cascade_failure,skip_test,"","","",one_to_many,1,0,active,,0
446862,384701,381265,test_depends,downstream,optional,"",import,[],"","",cascade_failure,skip_test,"","","",one_to_many,1,0,active,,0
446863,384702,381537,test_depends,downstream,optional,"",import,[],"","",cascade_failure,skip_test,"","","",one_to_many,1,0,active,,0
446864,384702,381272,test_depends,downstream,optional,"",import,[],"","",cascade_failure,skip_test,"","","",one_to_many,1,0,active,,0
446865,384703,381264,test_depends,downstream,optional,"",import,[],"","",cascade_failure,skip_test,"","","",one_to_many,1,0,active,,0
446866,384703,381537,test_depends,downstream,optional,"",import,[],"","",cascade_failure,skip_test,"","","",one_to_many,1,0,active,,0
446867,384704,381274,test_depends,downstream,optional,"",import,[],"","",cascade_failure,skip_test,"","","",one_to_many,1,0,active,,0
446868,384705,381284,test_depends,downstream,optional,"",import,[],"","",cascade_failure,skip_test,"","","",one_to_many,1,0,active,,0
446869,384705,381537,test_depends,downstream,optional,"",import,[],"","",cascade_failure,skip_test,"","","",one_to_many,1,0,active,,0
446870,384706,381278,test_depends,downstream,optional,"",import,[],"","",cascade_failure,skip_test,"","","",one_to_many,1,0,active,,0
446871,384706,381537,test_depends,downstream,optional,"",import,[],"","",cascade_failure,skip_test,"","","",one_to_many,1,0,active,,0
446872,384707,381287,test_depends,downstream,optional,"",import,[],"","",cascade_failure,skip_test,"","","",one_to_many,1,0,active,,0
446873,384708,381286,test_depends,downstream,optional,"",import,[],"","",cascade_failure,skip_test,"","","",one_to_many,1,0,active,,0
446874,384708,381537,test_depends,downstream,optional,"",import,[],"","",cascade_failure,skip_test,"","","",one_to_many,1,0,active,,0
446875,384710,381450,test_depends,downstream,optional,"",import,[],"","",cascade_failure,skip_test,"","","",one_to_many,1,0,active,,0
446876,384711,381395,test_depends,downstream,optional,"",import,[],"","",cascade_failure,skip_test,"","","",one_to_many,1,0,active,,0
446877,384712,381452,test_depends,downstream,optional,"",import,[],"","",cascade_failure,skip_test,"","","",one_to_many,1,0,active,,0
446878,384713,381201,test_depends,downstream,optional,"",import,[],"","",cascade_failure,skip_test,"","","",one_to_many,1,0,active,,0
446879,384715,381246,test_depends,downstream,optional,"",import,[],"","",cascade_failure,skip_test,"","","",one_to_many,1,0,active,,0
446880,384716,381950,test_depends,downstream,optional,"",import,[],"","",cascade_failure,skip_test,"","","",one_to_many,1,0,active,,0
446881,384717,381292,test_depends,downstream,optional,"",import,[],"","",cascade_failure,skip_test,"","","",one_to_many,1,0,active,,0
446882,384718,381967,test_depends,downstream,optional,"",import,[],"","",cascade_failure,skip_test,"","","",one_to_many,1,0,active,,0
446883,384719,381199,test_depends,downstream,optional,"",import,[],"","",cascade_failure,skip_test,"","","",one_to_many,1,0,active,,0
446884,384720,381976,test_depends,downstream,optional,"",import,[],"","",cascade_failure,skip_test,"","","",one_to_many,1,0,active,,0
446885,384721,381252,test_depends,downstream,optional,"",import,[],"","",cascade_failure,skip_test,"","","",one_to_many,1,0,active,,0
446886,384723,381196,test_depends,downstream,optional,"",import,[],"","",cascade_failure,skip_test,"","","",one_to_many,1,0,active,,0
446887,384724,381500,test_depends,downstream,optional,"",import,[],"","",cascade_failure,skip_test,"","","",one_to_many,1,0,active,,0
446888,384725,381258,test_depends,downstream,optional,"",import,[],"","",cascade_failure,skip_test,"","","",one_to_many,1,0,active,,0
446889,384727,381426,test_depends,downstream,optional,"",import,[],"","",cascade_failure,skip_test,"","","",one_to_many,1,0,active,,0
446890,384727,381396,test_depends,downstream,optional,"",import,[],"","",cascade_failure,skip_test,"","","",one_to_many,1,0,active,,0
446891,384728,380870,test_depends,downstream,optional,"",import,[],"","",cascade_failure,skip_test,"","","",one_to_many,1,0,active,,0
446892,384729,381210,test_depends,downstream,optional,"",import,[],"","",cascade_failure,skip_test,"","","",one_to_many,1,0,active,,0
446893,384730,381238,test_depends,downstream,optional,"",import,[],"","",cascade_failure,skip_test,"","","",one_to_many,1,0,active,,0
446894,384731,380872,test_depends,downstream,optional,"",import,[],"","",cascade_failure,skip_test,"","","",one_to_many,1,0,active,,0
446895,384732,381211,test_depends,downstream,optional,"",import,[],"","",cascade_failure,skip_test,"","","",one_to_many,1,0,active,,0
446896,384733,380872,test_depends,downstream,optional,"",import,[],"","",cascade_failure,skip_test,"","","",one_to_many,1,0,active,,0
446897,384733,382595,test_depends,downstream,optional,"",import,[],"","",cascade_failure,skip_test,"","","",one_to_many,1,0,active,,0
446898,384734,381385,test_depends,downstream,optional,"",import,[],"","",cascade_failure,skip_test,"","","",one_to_many,1,0,active,,0
446899,384735,381338,test_depends,downstream,optional,"",import,[],"","",cascade_failure,skip_test,"","","",one_to_many,1,0,active,,0
446900,384736,381399,test_depends,downstream,optional,"",import,[],"","",cascade_failure,skip_test,"","","",one_to_many,1,0,active,,0
446901,384737,381647,test_depends,downstream,optional,"",import,[],"","",cascade_failure,skip_test,"","","",one_to_many,1,0,active,,0
446902,384738,381248,test_depends,downstream,optional,"",import,[],"","",cascade_failure,skip_test,"","","",one_to_many,1,0,active,,0
446903,384739,381226,test_depends,downstream,optional,"",import,[],"","",cascade_failure,skip_test,"","","",one_to_many,1,0,active,,0
446904,384742,381641,test_depends,downstream,optional,"",import,[],"","",cascade_failure,skip_test,"","","",one_to_many,1,0,active,,0
446905,384743,381399,test_depends,downstream,optional,"",import,[],"","",cascade_failure,skip_test,"","","",one_to_many,1,0,active,,0
446906,384744,381255,test_depends,downstream,optional,"",import,[],"","",cascade_failure,skip_test,"","","",one_to_many,1,0,active,,0
446907,384745,381192,test_depends,downstream,optional,"",import,[],"","",cascade_failure,skip_test,"","","",one_to_many,1,0,active,,0
446908,384746,381224,test_depends,downstream,optional,"",import,[],"","",cascade_failure,skip_test,"","","",one_to_many,1,0,active,,0
446909,384747,381937,test_depends,downstream,optional,"",import,[],"","",cascade_failure,skip_test,"","","",one_to_many,1,0,active,,0
446910,384748,381480,test_depends,downstream,optional,"",import,[],"","",cascade_failure,skip_test,"","","",one_to_many,1,0,active,,0
446911,384749,381636,test_depends,downstream,optional,"",import,[],"","",cascade_failure,skip_test,"","","",one_to_many,1,0,active,,0
446912,384750,381220,test_depends,downstream,optional,"",import,[],"","",cascade_failure,skip_test,"","","",one_to_many,1,0,active,,0
446913,384751,381296,test_depends,downstream,optional,"",import,[],"","",cascade_failure,skip_test,"","","",one_to_many,1,0,active,,0
446914,384752,381225,test_depends,downstream,optional,"",import,[],"","",cascade_failure,skip_test,"","","",one_to_many,1,0,active,,0
446915,384753,382074,test_depends,downstream,optional,"",import,[],"","",cascade_failure,skip_test,"","","",one_to_many,1,0,active,,0
446916,384753,382076,test_depends,downstream,optional,"",import,[],"","",cascade_failure,skip_test,"","","",one_to_many,1,0,active,,0
446917,384754,382073,test_depends,downstream,optional,"",import,[],"","",cascade_failure,skip_test,"","","",one_to_many,1,0,active,,0
446918,384754,382568,test_depends,downstream,optional,"",import,[],"","",cascade_failure,skip_test,"","","",one_to_many,1,0,active,,0
446919,384755,381517,test_depends,downstream,optional,"",import,[],"","",cascade_failure,skip_test,"","","",one_to_many,1,0,active,,0
446920,384756,381569,test_depends,downstream,optional,"",import,[],"","",cascade_failure,skip_test,"","","",one_to_many,1,0,active,,0
446921,384757,381317,test_depends,downstream,optional,"",import,[],"","",cascade_failure,skip_test,"","","",one_to_many,1,0,active,,0
446922,384758,381432,test_depends,downstream,optional,"",import,[],"","",cascade_failure,skip_test,"","","",one_to_many,1,0,active,,0
446923,384759,381498,test_depends,downstream,optional,"",import,[],"","",cascade_failure,skip_test,"","","",one_to_many,1,0,active,,0
446924,384761,381491,test_depends,downstream,optional,"",import,[],"","",cascade_failure,skip_test,"","","",one_to_many,1,0,active,,0
446925,384762,381935,test_depends,downstream,optional,"",import,[],"","",cascade_failure,skip_test,"","","",one_to_many,1,0,active,,0
446926,384764,381508,test_depends,downstream,optional,"",import,[],"","",cascade_failure,skip_test,"","","",one_to_many,1,0,active,,0
446927,384765,381979,test_depends,downstream,optional,"",import,[],"","",cascade_failure,skip_test,"","","",one_to_many,1,0,active,,0
446928,384767,381975,test_depends,downstream,optional,"",import,[],"","",cascade_failure,skip_test,"","","",one_to_many,1,0,active,,0
446929,384768,381419,test_depends,downstream,optional,"",import,[],"","",cascade_failure,skip_test,"","","",one_to_many,1,0,active,,0
446930,384769,381256,test_depends,downstream,optional,"",import,[],"","",cascade_failure,skip_test,"","","",one_to_many,1,0,active,,0
446931,384771,381301,test_depends,downstream,optional,"",import,[],"","",cascade_failure,skip_test,"","","",one_to_many,1,0,active,,0
446932,384772,381413,test_depends,downstream,optional,"",import,[],"","",cascade_failure,skip_test,"","","",one_to_many,1,0,active,,0
446933,384773,381232,test_depends,downstream,optional,"",import,[],"","",cascade_failure,skip_test,"","","",one_to_many,1,0,active,,0
446934,384774,381499,test_depends,downstream,optional,"",import,[],"","",cascade_failure,skip_test,"","","",one_to_many,1,0,active,,0
446935,384775,381940,test_depends,downstream,optional,"",import,[],"","",cascade_failure,skip_test,"","","",one_to_many,1,0,active,,0
446936,384776,381213,test_depends,downstream,optional,"",import,[],"","",cascade_failure,skip_test,"","","",one_to_many,1,0,active,,0
446937,384777,381493,test_depends,downstream,optional,"",import,[],"","",cascade_failure,skip_test,"","","",one_to_many,1,0,active,,0
446938,384778,381221,test_depends,downstream,optional,"",import,[],"","",cascade_failure,skip_test,"","","",one_to_many,1,0,active,,0
446939,384780,381490,test_depends,downstream,optional,"",import,[],"","",cascade_failure,skip_test,"","","",one_to_many,1,0,active,,0
446940,384781,381972,test_depends,downstream,optional,"",import,[],"","",cascade_failure,skip_test,"","","",one_to_many,1,0,active,,0
446941,384782,381250,test_depends,downstream,optional,"",import,[],"","",cascade_failure,skip_test,"","","",one_to_many,1,0,active,,0
446942,384783,381254,test_depends,downstream,optional,"",import,[],"","",cascade_failure,skip_test,"","","",one_to_many,1,0,active,,0
446943,384784,381234,test_depends,downstream,optional,"",import,[],"","",cascade_failure,skip_test,"","","",one_to_many,1,0,active,,0
446944,384785,381530,test_depends,downstream,optional,"",import,[],"","",cascade_failure,skip_test,"","","",one_to_many,1,0,active,,0
446945,384786,381300,test_depends,downstream,optional,"",import,[],"","",cascade_failure,skip_test,"","","",one_to_many,1,0,active,,0
446946,384787,381427,test_depends,downstream,optional,"",import,[],"","",cascade_failure,skip_test,"","","",one_to_many,1,0,active,,0
446947,384788,381474,test_depends,downstream,optional,"",import,[],"","",cascade_failure,skip_test,"","","",one_to_many,1,0,active,,0
446948,384789,381572,test_depends,downstream,optional,"",import,[],"","",cascade_failure,skip_test,"","","",one_to_many,1,0,active,,0
446949,384790,381528,test_depends,downstream,optional,"",import,[],"","",cascade_failure,skip_test,"","","",one_to_many,1,0,active,,0
446950,384790,381426,test_depends,downstream,optional,"",import,[],"","",cascade_failure,skip_test,"","","",one_to_many,1,0,active,,0
446951,384790,381396,test_depends,downstream,optional,"",import,[],"","",cascade_failure,skip_test,"","","",one_to_many,1,0,active,,0
446952,384791,381531,test_depends,downstream,optional,"",import,[],"","",cascade_failure,skip_test,"","","",one_to_many,1,0,active,,0
446953,384792,381212,test_depends,downstream,optional,"",import,[],"","",cascade_failure,skip_test,"","","",one_to_many,1,0,active,,0
446954,384794,381952,test_depends,downstream,optional,"",import,[],"","",cascade_failure,skip_test,"","","",one_to_many,1,0,active,,0
446955,384795,381494,test_depends,downstream,optional,"",import,[],"","",cascade_failure,skip_test,"","","",one_to_many,1,0,active,,0
446956,384796,381231,test_depends,downstream,optional,"",import,[],"","",cascade_failure,skip_test,"","","",one_to_many,1,0,active,,0
446957,384797,381407,test_depends,downstream,optional,"",import,[],"","",cascade_failure,skip_test,"","","",one_to_many,1,0,active,,0
446958,384798,381235,test_depends,downstream,optional,"",import,[],"","",cascade_failure,skip_test,"","","",one_to_many,1,0,active,,0
446959,384799,381358,test_depends,downstream,optional,"",import,[],"","",cascade_failure,skip_test,"","","",one_to_many,1,0,active,,0
446960,384800,381425,test_depends,downstream,optional,"",import,[],"","",cascade_failure,skip_test,"","","",one_to_many,1,0,active,,0
446961,384801,381533,test_depends,downstream,optional,"",import,[],"","",cascade_failure,skip_test,"","","",one_to_many,1,0,active,,0
446962,384802,381536,test_depends,downstream,optional,"",import,[],"","",cascade_failure,skip_test,"","","",one_to_many,1,0,active,,0
446963,384803,381507,test_depends,downstream,optional,"",import,[],"","",cascade_failure,skip_test,"","","",one_to_many,1,0,active,,0
446964,384804,381534,test_depends,downstream,optional,"",import,[],"","",cascade_failure,skip_test,"","","",one_to_many,1,0,active,,0
446965,384805,381506,test_depends,downstream,optional,"",import,[],"","",cascade_failure,skip_test,"","","",one_to_many,1,0,active,,0
446966,384806,381357,test_depends,downstream,optional,"",import,[],"","",cascade_failure,skip_test,"","","",one_to_many,1,0,active,,0
446967,384807,381982,test_depends,downstream,optional,"",import,[],"","",cascade_failure,skip_test,"","","",one_to_many,1,0,active,,0
446968,384808,381559,test_depends,downstream,optional,"",import,[],"","",cascade_failure,skip_test,"","","",one_to_many,1,0,active,,0
446969,384809,381535,test_depends,downstream,optional,"",import,[],"","",cascade_failure,skip_test,"","","",one_to_many,1,0,active,,0
446970,384810,383231,test_depends,downstream,optional,"",import,[],"","",cascade_failure,skip_test,"","","",one_to_many,1,0,active,,0
446971,384810,380881,test_depends,downstream,optional,"",import,[],"","",cascade_failure,skip_test,"","","",one_to_many,1,0,active,,0
446972,384810,381542,test_depends,downstream,optional,"",import,[],"","",cascade_failure,skip_test,"","","",one_to_many,1,0,active,,0
446973,384810,383286,test_depends,downstream,optional,"",import,[],"","",cascade_failure,skip_test,"","","",one_to_many,1,0,active,,0
446974,384811,381545,test_depends,downstream,optional,"",import,[],"","",cascade_failure,skip_test,"","","",one_to_many,1,0,active,,0
446975,384812,381546,test_depends,downstream,optional,"",import,[],"","",cascade_failure,skip_test,"","","",one_to_many,1,0,active,,0
446976,384813,381537,test_depends,downstream,optional,"",import,[],"","",cascade_failure,skip_test,"","","",one_to_many,1,0,active,,0
446977,384814,381571,test_depends,downstream,optional,"",import,[],"","",cascade_failure,skip_test,"","","",one_to_many,1,0,active,,0
446978,384815,381567,test_depends,downstream,optional,"",import,[],"","",cascade_failure,skip_test,"","","",one_to_many,1,0,active,,0
446979,384816,381566,test_depends,downstream,optional,"",import,[],"","",cascade_failure,skip_test,"","","",one_to_many,1,0,active,,0
446980,384817,381562,test_depends,downstream,optional,"",import,[],"","",cascade_failure,skip_test,"","","",one_to_many,1,0,active,,0
446981,384818,381540,test_depends,downstream,optional,"",import,[],"","",cascade_failure,skip_test,"","","",one_to_many,1,0,active,,0
446982,384818,382595,test_depends,downstream,optional,"",import,[],"","",cascade_failure,skip_test,"","","",one_to_many,1,0,active,,0
446983,384818,381543,test_depends,downstream,optional,"",import,[],"","",cascade_failure,skip_test,"","","",one_to_many,1,0,active,,0
446984,384818,382296,test_depends,downstream,optional,"",import,[],"","",cascade_failure,skip_test,"","","",one_to_many,1,0,active,,0
446985,384819,381613,test_depends,downstream,optional,"",import,[],"","",cascade_failure,skip_test,"","","",one_to_many,1,0,active,,0
446986,384820,381549,test_depends,downstream,optional,"",import,[],"","",cascade_failure,skip_test,"","","",one_to_many,1,0,active,,0
446987,384821,381577,test_depends,downstream,optional,"",import,[],"","",cascade_failure,skip_test,"","","",one_to_many,1,0,active,,0
446988,384822,381586,test_depends,downstream,optional,"",import,[],"","",cascade_failure,skip_test,"","","",one_to_many,1,0,active,,0
446989,384823,381618,test_depends,downstream,optional,"",import,[],"","",cascade_failure,skip_test,"","","",one_to_many,1,0,active,,0
446990,384824,381546,test_depends,downstream,optional,"",import,[],"","",cascade_failure,skip_test,"","","",one_to_many,1,0,active,,0
446991,384824,381613,test_depends,downstream,optional,"",import,[],"","",cascade_failure,skip_test,"","","",one_to_many,1,0,active,,0
446992,384824,381586,test_depends,downstream,optional,"",import,[],"","",cascade_failure,skip_test,"","","",one_to_many,1,0,active,,0
446993,384825,381613,test_depends,downstream,optional,"",import,[],"","",cascade_failure,skip_test,"","","",one_to_many,1,0,active,,0
446994,384826,381625,test_depends,downstream,optional,"",import,[],"","",cascade_failure,skip_test,"","","",one_to_many,1,0,active,,0
446995,384827,381621,test_depends,downstream,optional,"",import,[],"","",cascade_failure,skip_test,"","","",one_to_many,1,0,active,,0
446996,384828,381626,test_depends,downstream,optional,"",import,[],"","",cascade_failure,skip_test,"","","",one_to_many,1,0,active,,0
446997,384829,381622,test_depends,downstream,optional,"",import,[],"","",cascade_failure,skip_test,"","","",one_to_many,1,0,active,,0
446998,384830,381628,test_depends,downstream,optional,"",import,[],"","",cascade_failure,skip_test,"","","",one_to_many,1,0,active,,0
446999,384833,382248,test_depends,downstream,optional,"",import,[],"","",cascade_failure,skip_test,"","","",one_to_many,1,0,active,,0
447000,384834,382242,test_depends,downstream,optional,"",import,[],"","",cascade_failure,skip_test,"","","",one_to_many,1,0,active,,0
447001,384835,381216,test_depends,downstream,optional,"",import,[],"","",cascade_failure,skip_test,"","","",one_to_many,1,0,active,,0
447002,384836,382258,test_depends,downstream,optional,"",import,[],"","",cascade_failure,skip_test,"","","",one_to_many,1,0,active,,0
447003,384837,382247,test_depends,downstream,optional,"",import,[],"","",cascade_failure,skip_test,"","","",one_to_many,1,0,active,,0
447004,384838,381645,test_depends,downstream,optional,"",import,[],"","",cascade_failure,skip_test,"","","",one_to_many,1,0,active,,0
447005,384839,381227,test_depends,downstream,optional,"",import,[],"","",cascade_failure,skip_test,"","","",one_to_many,1,0,active,,0
447006,384840,382256,test_depends,downstream,optional,"",import,[],"","",cascade_failure,skip_test,"","","",one_to_many,1,0,active,,0
447007,384840,380969,test_depends,downstream,optional,"",import,[],"","",cascade_failure,skip_test,"","","",one_to_many,1,0,active,,0
447008,384841,381648,test_depends,downstream,optional,"",import,[],"","",cascade_failure,skip_test,"","","",one_to_many,1,0,active,,0
447009,384842,381652,test_depends,downstream,optional,"",import,[],"","",cascade_failure,skip_test,"","","",one_to_many,1,0,active,,0
447010,384844,381646,test_depends,downstream,optional,"",import,[],"","",cascade_failure,skip_test,"","","",one_to_many,1,0,active,,0
447011,384845,381253,test_depends,downstream,optional,"",import,[],"","",cascade_failure,skip_test,"","","",one_to_many,1,0,active,,0
447012,384846,381244,test_depends,downstream,optional,"",import,[],"","",cascade_failure,skip_test,"","","",one_to_many,1,0,active,,0
447013,384847,381653,test_depends,downstream,optional,"",import,[],"","",cascade_failure,skip_test,"","","",one_to_many,1,0,active,,0
447014,384848,381242,test_depends,downstream,optional,"",import,[],"","",cascade_failure,skip_test,"","","",one_to_many,1,0,active,,0
447015,384849,381983,test_depends,downstream,optional,"",import,[],"","",cascade_failure,skip_test,"","","",one_to_many,1,0,active,,0
447016,384850,382595,test_depends,downstream,optional,"",import,[],"","",cascade_failure,skip_test,"","","",one_to_many,1,0,active,,0
447017,384850,381518,test_depends,downstream,optional,"",import,[],"","",cascade_failure,skip_test,"","","",one_to_many,1,0,active,,0
447018,384850,382075,test_depends,downstream,optional,"",import,[],"","",cascade_failure,skip_test,"","","",one_to_many,1,0,active,,0
447019,384850,382076,test_depends,downstream,optional,"",import,[],"","",cascade_failure,skip_test,"","","",one_to_many,1,0,active,,0
447020,384852,381521,test_depends,downstream,optional,"",import,[],"","",cascade_failure,skip_test,"","","",one_to_many,1,0,active,,0
447021,384854,381245,test_depends,downstream,optional,"",import,[],"","",cascade_failure,skip_test,"","","",one_to_many,1,0,active,,0
447022,384855,381404,test_depends,downstream,optional,"",import,[],"","",cascade_failure,skip_test,"","","",one_to_many,1,0,active,,0
447023,384856,381306,test_depends,downstream,optional,"",import,[],"","",cascade_failure,skip_test,"","","",one_to_many,1,0,active,,0
447024,384857,381241,test_depends,downstream,optional,"",import,[],"","",cascade_failure,skip_test,"","","",one_to_many,1,0,active,,0
447025,384858,381305,test_depends,downstream,optional,"",import,[],"","",cascade_failure,skip_test,"","","",one_to_many,1,0,active,,0
447026,384860,381308,test_depends,downstream,optional,"",import,[],"","",cascade_failure,skip_test,"","","",one_to_many,1,0,active,,0
447027,384861,381410,test_depends,downstream,optional,"",import,[],"","",cascade_failure,skip_test,"","","",one_to_many,1,0,active,,0
447028,384862,382991,test_depends,downstream,optional,"",import,[],"","",cascade_failure,skip_test,"","","",one_to_many,1,0,active,,0
447029,384863,382886,test_depends,downstream,optional,"",import,[],"","",cascade_failure,skip_test,"","","",one_to_many,1,0,active,,0
447030,384864,382823,test_depends,downstream,optional,"",import,[],"","",cascade_failure,skip_test,"","","",one_to_many,1,0,active,,0
447031,384865,382987,test_depends,downstream,optional,"",import,[],"","",cascade_failure,skip_test,"","","",one_to_many,1,0,active,,0
447032,384866,382273,test_depends,downstream,optional,"",import,[],"","",cascade_failure,skip_test,"","","",one_to_many,1,0,active,,0
447033,384867,381829,test_depends,downstream,optional,"",import,[],"","",cascade_failure,skip_test,"","","",one_to_many,1,0,active,,0
447034,384868,382823,test_depends,downstream,optional,"",import,[],"","",cascade_failure,skip_test,"","","",one_to_many,1,0,active,,0
447035,384869,382886,test_depends,downstream,optional,"",import,[],"","",cascade_failure,skip_test,"","","",one_to_many,1,0,active,,0
447036,384870,382595,test_depends,downstream,optional,"",import,[],"","",cascade_failure,skip_test,"","","",one_to_many,1,0,active,,0
447037,384871,381829,test_depends,downstream,optional,"",import,[],"","",cascade_failure,skip_test,"","","",one_to_many,1,0,active,,0
447038,384872,381822,test_depends,downstream,optional,"",import,[],"","",cascade_failure,skip_test,"","","",one_to_many,1,0,active,,0
447039,384873,381826,test_depends,downstream,optional,"",import,[],"","",cascade_failure,skip_test,"","","",one_to_many,1,0,active,,0
447040,384874,381847,test_depends,downstream,optional,"",import,[],"","",cascade_failure,skip_test,"","","",one_to_many,1,0,active,,0
447041,384874,381845,test_depends,downstream,optional,"",import,[],"","",cascade_failure,skip_test,"","","",one_to_many,1,0,active,,0
447042,384875,381722,test_depends,downstream,optional,"",import,[],"","",cascade_failure,skip_test,"","","",one_to_many,1,0,active,,0
447043,384876,381934,test_depends,downstream,optional,"",import,[],"","",cascade_failure,skip_test,"","","",one_to_many,1,0,active,,0
447044,384877,381831,test_depends,downstream,optional,"",import,[],"","",cascade_failure,skip_test,"","","",one_to_many,1,0,active,,0
447045,384878,381843,test_depends,downstream,optional,"",import,[],"","",cascade_failure,skip_test,"","","",one_to_many,1,0,active,,0
447046,384878,381845,test_depends,downstream,optional,"",import,[],"","",cascade_failure,skip_test,"","","",one_to_many,1,0,active,,0
447047,384879,381723,test_depends,downstream,optional,"",import,[],"","",cascade_failure,skip_test,"","","",one_to_many,1,0,active,,0
447048,384880,382595,test_depends,downstream,optional,"",import,[],"","",cascade_failure,skip_test,"","","",one_to_many,1,0,active,,0
447049,384881,383056,test_depends,downstream,optional,"",import,[],"","",cascade_failure,skip_test,"","","",one_to_many,1,0,active,,0
447050,384882,381727,test_depends,downstream,optional,"",import,[],"","",cascade_failure,skip_test,"","","",one_to_many,1,0,active,,0
447051,384883,381946,test_depends,downstream,optional,"",import,[],"","",cascade_failure,skip_test,"","","",one_to_many,1,0,active,,0
447052,384884,382575,test_depends,downstream,optional,"",import,[],"","",cascade_failure,skip_test,"","","",one_to_many,1,0,active,,0
447053,384884,382568,test_depends,downstream,optional,"",import,[],"","",cascade_failure,skip_test,"","","",one_to_many,1,0,active,,0
447054,384885,381846,test_depends,downstream,optional,"",import,[],"","",cascade_failure,skip_test,"","","",one_to_many,1,0,active,,0
447055,384885,381845,test_depends,downstream,optional,"",import,[],"","",cascade_failure,skip_test,"","","",one_to_many,1,0,active,,0
447056,384886,382578,test_depends,downstream,optional,"",import,[],"","",cascade_failure,skip_test,"","","",one_to_many,1,0,active,,0
447057,384886,382568,test_depends,downstream,optional,"",import,[],"","",cascade_failure,skip_test,"","","",one_to_many,1,0,active,,0
447058,384887,382636,test_depends,downstream,optional,"",import,[],"","",cascade_failure,skip_test,"","","",one_to_many,1,0,active,,0
447059,384887,382568,test_depends,downstream,optional,"",import,[],"","",cascade_failure,skip_test,"","","",one_to_many,1,0,active,,0
447060,384888,382583,test_depends,downstream,optional,"",import,[],"","",cascade_failure,skip_test,"","","",one_to_many,1,0,active,,0
447061,384889,381729,test_depends,downstream,optional,"",import,[],"","",cascade_failure,skip_test,"","","",one_to_many,1,0,active,,0
447062,384890,382577,test_depends,downstream,optional,"",import,[],"","",cascade_failure,skip_test,"","","",one_to_many,1,0,active,,0
447063,384890,382568,test_depends,downstream,optional,"",import,[],"","",cascade_failure,skip_test,"","","",one_to_many,1,0,active,,0
447064,384891,381730,test_depends,downstream,optional,"",import,[],"","",cascade_failure,skip_test,"","","",one_to_many,1,0,active,,0
447065,384892,381830,test_depends,downstream,optional,"",import,[],"","",cascade_failure,skip_test,"","","",one_to_many,1,0,active,,0
447066,384893,382581,test_depends,downstream,optional,"",import,[],"","",cascade_failure,skip_test,"","","",one_to_many,1,0,active,,0
447067,384893,382568,test_depends,downstream,optional,"",import,[],"","",cascade_failure,skip_test,"","","",one_to_many,1,0,active,,0
447068,384894,381769,test_depends,downstream,optional,"",import,[],"","",cascade_failure,skip_test,"","","",one_to_many,1,0,active,,0
447069,384895,381848,test_depends,downstream,optional,"",import,[],"","",cascade_failure,skip_test,"","","",one_to_many,1,0,active,,0
447070,384895,381845,test_depends,downstream,optional,"",import,[],"","",cascade_failure,skip_test,"","","",one_to_many,1,0,active,,0
447071,384896,382595,test_depends,downstream,optional,"",import,[],"","",cascade_failure,skip_test,"","","",one_to_many,1,0,active,,0
447072,384896,382758,test_depends,downstream,optional,"",import,[],"","",cascade_failure,skip_test,"","","",one_to_many,1,0,active,,0
447073,384896,382579,test_depends,downstream,optional,"",import,[],"","",cascade_failure,skip_test,"","","",one_to_many,1,0,active,,0
447074,384897,382595,test_depends,downstream,optional,"",import,[],"","",cascade_failure,skip_test,"","","",one_to_many,1,0,active,,0
447075,384897,382758,test_depends,downstream,optional,"",import,[],"","",cascade_failure,skip_test,"","","",one_to_many,1,0,active,,0
447076,384897,382579,test_depends,downstream,optional,"",import,[],"","",cascade_failure,skip_test,"","","",one_to_many,1,0,active,,0
447077,384897,382727,test_depends,downstream,optional,"",import,[],"","",cascade_failure,skip_test,"","","",one_to_many,1,0,active,,0
447078,384898,382595,test_depends,downstream,optional,"",import,[],"","",cascade_failure,skip_test,"","","",one_to_many,1,0,active,,0
447079,384898,382579,test_depends,downstream,optional,"",import,[],"","",cascade_failure,skip_test,"","","",one_to_many,1,0,active,,0
447080,384899,381778,test_depends,downstream,optional,"",import,[],"","",cascade_failure,skip_test,"","","",one_to_many,1,0,active,,0
447081,384899,381783,test_depends,downstream,optional,"",import,[],"","",cascade_failure,skip_test,"","","",one_to_many,1,0,active,,0
447082,384900,382595,test_depends,downstream,optional,"",import,[],"","",cascade_failure,skip_test,"","","",one_to_many,1,0,active,,0
447083,384900,382582,test_depends,downstream,optional,"",import,[],"","",cascade_failure,skip_test,"","","",one_to_many,1,0,active,,0
447084,384900,382579,test_depends,downstream,optional,"",import,[],"","",cascade_failure,skip_test,"","","",one_to_many,1,0,active,,0
447085,384901,382595,test_depends,downstream,optional,"",import,[],"","",cascade_failure,skip_test,"","","",one_to_many,1,0,active,,0
447086,384901,382579,test_depends,downstream,optional,"",import,[],"","",cascade_failure,skip_test,"","","",one_to_many,1,0,active,,0
447087,384902,381849,test_depends,downstream,optional,"",import,[],"","",cascade_failure,skip_test,"","","",one_to_many,1,0,active,,0
447088,384903,381734,test_depends,downstream,optional,"",import,[],"","",cascade_failure,skip_test,"","","",one_to_many,1,0,active,,0
447089,384904,381572,test_depends,downstream,optional,"",import,[],"","",cascade_failure,skip_test,"","","",one_to_many,1,0,active,,0
447090,384904,381928,test_depends,downstream,optional,"",import,[],"","",cascade_failure,skip_test,"","","",one_to_many,1,0,active,,0
447091,384905,381782,test_depends,downstream,optional,"",import,[],"","",cascade_failure,skip_test,"","","",one_to_many,1,0,active,,0
447092,384906,381845,test_depends,downstream,optional,"",import,[],"","",cascade_failure,skip_test,"","","",one_to_many,1,0,active,,0
447093,384906,381852,test_depends,downstream,optional,"",import,[],"","",cascade_failure,skip_test,"","","",one_to_many,1,0,active,,0
447094,384907,381737,test_depends,downstream,optional,"",import,[],"","",cascade_failure,skip_test,"","","",one_to_many,1,0,active,,0
447095,384908,381845,test_depends,downstream,optional,"",import,[],"","",cascade_failure,skip_test,"","","",one_to_many,1,0,active,,0
447096,384908,381853,test_depends,downstream,optional,"",import,[],"","",cascade_failure,skip_test,"","","",one_to_many,1,0,active,,0
447097,384909,381737,test_depends,downstream,optional,"",import,[],"","",cascade_failure,skip_test,"","","",one_to_many,1,0,active,,0
447098,384910,381845,test_depends,downstream,optional,"",import,[],"","",cascade_failure,skip_test,"","","",one_to_many,1,0,active,,0
447099,384910,381855,test_depends,downstream,optional,"",import,[],"","",cascade_failure,skip_test,"","","",one_to_many,1,0,active,,0
447100,384911,383063,test_depends,downstream,optional,"",import,[],"","",cascade_failure,skip_test,"","","",one_to_many,1,0,active,,0
447101,384913,381781,test_depends,downstream,optional,"",import,[],"","",cascade_failure,skip_test,"","","",one_to_many,1,0,active,,0
447102,384914,381856,test_depends,downstream,optional,"",import,[],"","",cascade_failure,skip_test,"","","",one_to_many,1,0,active,,0
447103,384915,381780,test_depends,downstream,optional,"",import,[],"","",cascade_failure,skip_test,"","","",one_to_many,1,0,active,,0
447104,384915,381837,test_depends,downstream,optional,"",import,[],"","",cascade_failure,skip_test,"","","",one_to_many,1,0,active,,0
447105,384916,381978,test_depends,downstream,optional,"",import,[],"","",cascade_failure,skip_test,"","","",one_to_many,1,0,active,,0
447106,384917,381851,test_depends,downstream,optional,"",import,[],"","",cascade_failure,skip_test,"","","",one_to_many,1,0,active,,0
447107,384918,381746,test_depends,downstream,optional,"",import,[],"","",cascade_failure,skip_test,"","","",one_to_many,1,0,active,,0
447108,384919,381789,test_depends,downstream,optional,"",import,[],"","",cascade_failure,skip_test,"","","",one_to_many,1,0,active,,0
447109,384920,382595,test_depends,downstream,optional,"",import,[],"","",cascade_failure,skip_test,"","","",one_to_many,1,0,active,,0
447110,384921,382277,test_depends,downstream,optional,"",import,[],"","",cascade_failure,skip_test,"","","",one_to_many,1,0,active,,0
447111,384922,381512,test_depends,downstream,optional,"",import,[],"","",cascade_failure,skip_test,"","","",one_to_many,1,0,active,,0
447112,384923,382796,test_depends,downstream,optional,"",import,[],"","",cascade_failure,skip_test,"","","",one_to_many,1,0,active,,0
447113,384924,381512,test_depends,downstream,optional,"",import,[],"","",cascade_failure,skip_test,"","","",one_to_many,1,0,active,,0
447114,384924,381516,test_depends,downstream,optional,"",import,[],"","",cascade_failure,skip_test,"","","",one_to_many,1,0,active,,0
447115,384925,381947,test_depends,downstream,optional,"",import,[],"","",cascade_failure,skip_test,"","","",one_to_many,1,0,active,,0
447116,384926,382653,test_depends,downstream,optional,"",import,[],"","",cascade_failure,skip_test,"","","",one_to_many,1,0,active,,0
447117,384927,382595,test_depends,downstream,optional,"",import,[],"","",cascade_failure,skip_test,"","","",one_to_many,1,0,active,,0
447118,384927,381518,test_depends,downstream,optional,"",import,[],"","",cascade_failure,skip_test,"","","",one_to_many,1,0,active,,0
447119,384927,381741,test_depends,downstream,optional,"",import,[],"","",cascade_failure,skip_test,"","","",one_to_many,1,0,active,,0
447120,384928,382659,test_depends,downstream,optional,"",import,[],"","",cascade_failure,skip_test,"","","",one_to_many,1,0,active,,0
447121,384929,382595,test_depends,downstream,optional,"",import,[],"","",cascade_failure,skip_test,"","","",one_to_many,1,0,active,,0
447122,384930,382657,test_depends,downstream,optional,"",import,[],"","",cascade_failure,skip_test,"","","",one_to_many,1,0,active,,0
447123,384931,382595,test_depends,downstream,optional,"",import,[],"","",cascade_failure,skip_test,"","","",one_to_many,1,0,active,,0
447124,384932,382576,test_depends,downstream,optional,"",import,[],"","",cascade_failure,skip_test,"","","",one_to_many,1,0,active,,0
447125,384932,382568,test_depends,downstream,optional,"",import,[],"","",cascade_failure,skip_test,"","","",one_to_many,1,0,active,,0
447126,384933,382595,test_depends,downstream,optional,"",import,[],"","",cascade_failure,skip_test,"","","",one_to_many,1,0,active,,0
447127,384934,381563,test_depends,downstream,optional,"",import,[],"","",cascade_failure,skip_test,"","","",one_to_many,1,0,active,,0
447128,384934,382113,test_depends,downstream,optional,"",import,[],"","",cascade_failure,skip_test,"","","",one_to_many,1,0,active,,0
447129,384935,381464,test_depends,downstream,optional,"",import,[],"","",cascade_failure,skip_test,"","","",one_to_many,1,0,active,,0
447130,384935,381563,test_depends,downstream,optional,"",import,[],"","",cascade_failure,skip_test,"","","",one_to_many,1,0,active,,0
447131,384937,381431,test_depends,downstream,optional,"",import,[],"","",cascade_failure,skip_test,"","","",one_to_many,1,0,active,,0
447132,384938,381469,test_depends,downstream,optional,"",import,[],"","",cascade_failure,skip_test,"","","",one_to_many,1,0,active,,0
447133,384938,381563,test_depends,downstream,optional,"",import,[],"","",cascade_failure,skip_test,"","","",one_to_many,1,0,active,,0
447134,384939,381442,test_depends,downstream,optional,"",import,[],"","",cascade_failure,skip_test,"","","",one_to_many,1,0,active,,0
447135,384940,380763,test_depends,downstream,optional,"",import,[],"","",cascade_failure,skip_test,"","","",one_to_many,1,0,active,,0
447136,384941,381441,test_depends,downstream,optional,"",import,[],"","",cascade_failure,skip_test,"","","",one_to_many,1,0,active,,0
447137,384942,381436,test_depends,downstream,optional,"",import,[],"","",cascade_failure,skip_test,"","","",one_to_many,1,0,active,,0
447138,384943,381443,test_depends,downstream,optional,"",import,[],"","",cascade_failure,skip_test,"","","",one_to_many,1,0,active,,0
447139,384944,382112,test_depends,downstream,optional,"",import,[],"","",cascade_failure,skip_test,"","","",one_to_many,1,0,active,,0
447140,384946,380854,test_depends,downstream,optional,"",import,[],"","",cascade_failure,skip_test,"","","",one_to_many,1,0,active,,0
447141,384947,381443,test_depends,downstream,optional,"",import,[],"","",cascade_failure,skip_test,"","","",one_to_many,1,0,active,,0
447142,384948,382113,test_depends,downstream,optional,"",import,[],"","",cascade_failure,skip_test,"","","",one_to_many,1,0,active,,0
447143,384949,381453,test_depends,downstream,optional,"",import,[],"","",cascade_failure,skip_test,"","","",one_to_many,1,0,active,,0
447144,384950,381442,test_depends,downstream,optional,"",import,[],"","",cascade_failure,skip_test,"","","",one_to_many,1,0,active,,0
447145,384950,381572,test_depends,downstream,optional,"",import,[],"","",cascade_failure,skip_test,"","","",one_to_many,1,0,active,,0
447146,384951,381458,test_depends,downstream,optional,"",import,[],"","",cascade_failure,skip_test,"","","",one_to_many,1,0,active,,0
447147,384951,381454,test_depends,downstream,optional,"",import,[],"","",cascade_failure,skip_test,"","","",one_to_many,1,0,active,,0
447148,384952,381403,test_depends,downstream,optional,"",import,[],"","",cascade_failure,skip_test,"","","",one_to_many,1,0,active,,0
447149,384953,381458,test_depends,downstream,optional,"",import,[],"","",cascade_failure,skip_test,"","","",one_to_many,1,0,active,,0
447150,384953,382115,test_depends,downstream,optional,"",import,[],"","",cascade_failure,skip_test,"","","",one_to_many,1,0,active,,0
447151,384954,381456,test_depends,downstream,optional,"",import,[],"","",cascade_failure,skip_test,"","","",one_to_many,1,0,active,,0
447152,384955,381458,test_depends,downstream,optional,"",import,[],"","",cascade_failure,skip_test,"","","",one_to_many,1,0,active,,0
447153,384957,382886,test_depends,downstream,optional,"",import,[],"","",cascade_failure,skip_test,"","","",one_to_many,1,0,active,,0
447154,384958,383166,test_depends,downstream,optional,"",import,[],"","",cascade_failure,skip_test,"","","",one_to_many,1,0,active,,0
447155,384959,381444,test_depends,downstream,optional,"",import,[],"","",cascade_failure,skip_test,"","","",one_to_many,1,0,active,,0
447156,384960,383162,test_depends,downstream,optional,"",import,[],"","",cascade_failure,skip_test,"","","",one_to_many,1,0,active,,0
447157,384961,381446,test_depends,downstream,optional,"",import,[],"","",cascade_failure,skip_test,"","","",one_to_many,1,0,active,,0
447158,384962,382975,test_depends,downstream,optional,"",import,[],"","",cascade_failure,skip_test,"","","",one_to_many,1,0,active,,0
447159,384963,382807,test_depends,downstream,optional,"",import,[],"","",cascade_failure,skip_test,"","","",one_to_many,1,0,active,,0
447160,384964,382995,test_depends,downstream,optional,"",import,[],"","",cascade_failure,skip_test,"","","",one_to_many,1,0,active,,0
447161,384966,382886,test_depends,downstream,optional,"",import,[],"","",cascade_failure,skip_test,"","","",one_to_many,1,0,active,,0
447162,384967,382810,test_depends,downstream,optional,"",import,[],"","",cascade_failure,skip_test,"","","",one_to_many,1,0,active,,0
447163,384968,382412,test_depends,downstream,optional,"",import,[],"",conformist,cascade_failure,skip_test,"","","",one_to_many,1,0,active,,0
447164,384969,382813,test_depends,downstream,optional,"",import,[],"","",cascade_failure,skip_test,"","","",one_to_many,1,0,active,,0
447165,384970,382595,test_depends,downstream,optional,"",import,[],"","",cascade_failure,skip_test,"","","",one_to_many,1,0,active,,0
447166,384970,382413,test_depends,downstream,optional,"",import,[],"","",cascade_failure,skip_test,"","","",one_to_many,1,0,active,,0
447167,384971,382016,test_depends,downstream,optional,"",import,[],"","",cascade_failure,skip_test,"","","",one_to_many,1,0,active,,0
447168,384971,383103,test_depends,downstream,optional,"",import,[],"","",cascade_failure,skip_test,"","","",one_to_many,1,0,active,,0
447169,384971,381731,test_depends,downstream,optional,"",import,[],"","",cascade_failure,skip_test,"","","",one_to_many,1,0,active,,0
447170,384971,381920,test_depends,downstream,optional,"",import,[],"","",cascade_failure,skip_test,"","","",one_to_many,1,0,active,,0
447171,384971,381642,test_depends,downstream,optional,"",import,[],"","",cascade_failure,skip_test,"","","",one_to_many,1,0,active,,0
447172,384971,381752,test_depends,downstream,optional,"",import,[],"","",cascade_failure,skip_test,"","","",one_to_many,1,0,active,,0
447173,384971,381759,test_depends,downstream,optional,"",import,[],"","",cascade_failure,skip_test,"","","",one_to_many,1,0,active,,0
447174,384972,381572,test_depends,downstream,optional,"",import,[],"","",cascade_failure,skip_test,"","","",one_to_many,1,0,active,,0
447175,384972,382070,test_depends,downstream,optional,"",import,[],"","",cascade_failure,skip_test,"","","",one_to_many,1,0,active,,0
447176,384972,382075,test_depends,downstream,optional,"",import,[],"","",cascade_failure,skip_test,"","","",one_to_many,1,0,active,,0
447177,384972,382076,test_depends,downstream,optional,"",import,[],"","",cascade_failure,skip_test,"","","",one_to_many,1,0,active,,0
447178,384972,382387,test_depends,downstream,optional,"",import,[],"","",cascade_failure,skip_test,"","","",one_to_many,1,0,active,,0
447179,384973,382390,test_depends,downstream,optional,"",import,[],"",conformist,cascade_failure,skip_test,"","","",one_to_many,1,0,active,,0
447180,384974,381885,test_depends,downstream,optional,"",import,[],"","",cascade_failure,skip_test,"","","",one_to_many,1,0,active,,0
447181,384974,381861,test_depends,downstream,optional,"",import,[],"","",cascade_failure,skip_test,"","","",one_to_many,1,0,active,,0
447182,384974,381881,test_depends,downstream,optional,"",import,[],"","",cascade_failure,skip_test,"","","",one_to_many,1,0,active,,0
447183,384975,383064,test_depends,downstream,optional,"",import,[],"","",cascade_failure,skip_test,"","","",one_to_many,1,0,active,,0
447184,384976,382553,test_depends,downstream,optional,"",import,[],"","",cascade_failure,skip_test,"","","",one_to_many,1,0,active,,0
447185,384976,382391,test_depends,downstream,optional,"",import,[],"",conformist,cascade_failure,skip_test,"","","",one_to_many,1,0,active,,0
447186,384977,382389,test_depends,downstream,optional,"",import,[],"","",cascade_failure,skip_test,"","","",one_to_many,1,0,active,,0
447187,384977,382553,test_depends,downstream,optional,"",import,[],"","",cascade_failure,skip_test,"","","",one_to_many,1,0,active,,0
447188,384977,382391,test_depends,downstream,optional,"",import,[],"",conformist,cascade_failure,skip_test,"","","",one_to_many,1,0,active,,0
447189,384978,381881,test_depends,downstream,optional,"",import,[],"","",cascade_failure,skip_test,"","","",one_to_many,1,0,active,,0
447190,384978,381863,test_depends,downstream,optional,"",import,[],"","",cascade_failure,skip_test,"","","",one_to_many,1,0,active,,0
447191,384980,381873,test_depends,downstream,optional,"",import,[],"","",cascade_failure,skip_test,"","","",one_to_many,1,0,active,,0
447192,384980,382595,test_depends,downstream,optional,"",import,[],"","",cascade_failure,skip_test,"","","",one_to_many,1,0,active,,0
447193,384981,382387,test_depends,downstream,optional,"",import,[],"",conformist,cascade_failure,skip_test,"","","",one_to_many,1,0,active,,0
447194,384982,382409,test_depends,downstream,optional,"",import,[],"",conformist,cascade_failure,skip_test,"","","",one_to_many,1,0,active,,0
447195,384983,382389,test_depends,downstream,optional,"",import,[],"","",cascade_failure,skip_test,"","","",one_to_many,1,0,active,,0
447196,384983,382553,test_depends,downstream,optional,"",import,[],"","",cascade_failure,skip_test,"","","",one_to_many,1,0,active,,0
447197,384983,382398,test_depends,downstream,optional,"",import,[],"",conformist,cascade_failure,skip_test,"","","",one_to_many,1,0,active,,0
447198,384984,382416,test_depends,downstream,optional,"",import,[],"",conformist,cascade_failure,skip_test,"","","",one_to_many,1,0,active,,0
447199,384985,382389,test_depends,downstream,optional,"",import,[],"","",cascade_failure,skip_test,"","","",one_to_many,1,0,active,,0
447200,384985,382553,test_depends,downstream,optional,"",import,[],"","",cascade_failure,skip_test,"","","",one_to_many,1,0,active,,0
447201,384985,382400,test_depends,downstream,optional,"",import,[],"",conformist,cascade_failure,skip_test,"","","",one_to_many,1,0,active,,0
447202,384986,382397,test_depends,downstream,optional,"",import,[],"",conformist,cascade_failure,skip_test,"","","",one_to_many,1,0,active,,0
447203,384987,382389,test_depends,downstream,optional,"",import,[],"","",cascade_failure,skip_test,"","","",one_to_many,1,0,active,,0
447204,384987,382553,test_depends,downstream,optional,"",import,[],"","",cascade_failure,skip_test,"","","",one_to_many,1,0,active,,0
447205,384987,382403,test_depends,downstream,optional,"",import,[],"",conformist,cascade_failure,skip_test,"","","",one_to_many,1,0,active,,0
447206,384988,382419,test_depends,downstream,optional,"",import,[],"",conformist,cascade_failure,skip_test,"","","",one_to_many,1,0,active,,0
447207,384989,382389,test_depends,downstream,optional,"",import,[],"","",cascade_failure,skip_test,"","","",one_to_many,1,0,active,,0
447208,384989,382553,test_depends,downstream,optional,"",import,[],"","",cascade_failure,skip_test,"","","",one_to_many,1,0,active,,0
447209,384989,382401,test_depends,downstream,optional,"",import,[],"",conformist,cascade_failure,skip_test,"","","",one_to_many,1,0,active,,0
447210,384990,382389,test_depends,downstream,optional,"",import,[],"","",cascade_failure,skip_test,"","","",one_to_many,1,0,active,,0
447211,384990,382553,test_depends,downstream,optional,"",import,[],"","",cascade_failure,skip_test,"","","",one_to_many,1,0,active,,0
447212,384990,382399,test_depends,downstream,optional,"",import,[],"",conformist,cascade_failure,skip_test,"","","",one_to_many,1,0,active,,0
447213,384991,382418,test_depends,downstream,optional,"",import,[],"",conformist,cascade_failure,skip_test,"","","",one_to_many,1,0,active,,0
447214,384991,382553,test_depends,downstream,optional,"",import,[],"","",cascade_failure,skip_test,"","","",one_to_many,1,0,active,,0
447215,384992,382812,test_depends,downstream,optional,"",import,[],"","",cascade_failure,skip_test,"","","",one_to_many,1,0,active,,0
447216,384993,383022,test_depends,downstream,optional,"",import,[],"","",cascade_failure,skip_test,"","","",one_to_many,1,0,active,,0
447217,384994,382408,test_depends,downstream,optional,"",import,[],"",conformist,cascade_failure,skip_test,"","","",one_to_many,1,0,active,,0
447218,384994,382389,test_depends,downstream,optional,"",import,[],"","",cascade_failure,skip_test,"","","",one_to_many,1,0,active,,0
447219,384994,382553,test_depends,downstream,optional,"",import,[],"","",cascade_failure,skip_test,"","","",one_to_many,1,0,active,,0
447220,384995,382389,test_depends,downstream,optional,"",import,[],"","",cascade_failure,skip_test,"","","",one_to_many,1,0,active,,0
447221,384995,382553,test_depends,downstream,optional,"",import,[],"","",cascade_failure,skip_test,"","","",one_to_many,1,0,active,,0
447222,384995,382404,test_depends,downstream,optional,"",import,[],"",conformist,cascade_failure,skip_test,"","","",one_to_many,1,0,active,,0
447223,384996,381920,test_depends,downstream,optional,"",import,[],"","",cascade_failure,skip_test,"","","",one_to_many,1,0,active,,0
447224,384997,382407,test_depends,downstream,optional,"",import,[],"",conformist,cascade_failure,skip_test,"","","",one_to_many,1,0,active,,0
447225,384997,382389,test_depends,downstream,optional,"",import,[],"","",cascade_failure,skip_test,"","","",one_to_many,1,0,active,,0
447226,384998,381879,test_depends,downstream,optional,"",import,[],"","",cascade_failure,skip_test,"","","",one_to_many,1,0,active,,0
447227,384998,381881,test_depends,downstream,optional,"",import,[],"","",cascade_failure,skip_test,"","","",one_to_many,1,0,active,,0
447228,385000,382886,test_depends,downstream,optional,"",import,[],"","",cascade_failure,skip_test,"","","",one_to_many,1,0,active,,0
447229,385001,383068,test_depends,downstream,optional,"",import,[],"","",cascade_failure,skip_test,"","","",one_to_many,1,0,active,,0
447230,385002,382886,test_depends,downstream,optional,"",import,[],"","",cascade_failure,skip_test,"","","",one_to_many,1,0,active,,0
447231,385003,381881,test_depends,downstream,optional,"",import,[],"","",cascade_failure,skip_test,"","","",one_to_many,1,0,active,,0
447232,385004,382337,test_depends,downstream,optional,"",import,[],"","",cascade_failure,skip_test,"","","",one_to_many,1,0,active,,0
447233,385004,382740,test_depends,downstream,optional,"",import,[],"","",cascade_failure,skip_test,"","","",one_to_many,1,0,active,,0
447234,385005,382384,test_depends,downstream,optional,"",import,[],"",conformist,cascade_failure,skip_test,"","","",one_to_many,1,0,active,,0
447235,385005,382595,test_depends,downstream,optional,"",import,[],"","",cascade_failure,skip_test,"","","",one_to_many,1,0,active,,0
447236,385006,382595,test_depends,downstream,optional,"",import,[],"","",cascade_failure,skip_test,"","","",one_to_many,1,0,active,,0
447237,385006,382391,test_depends,downstream,optional,"",import,[],"","",cascade_failure,skip_test,"","","",one_to_many,1,0,active,,0
447238,385006,382389,test_depends,downstream,optional,"",import,[],"","",cascade_failure,skip_test,"","","",one_to_many,1,0,active,,0
447239,385006,382388,test_depends,downstream,optional,"",import,[],"","",cascade_failure,skip_test,"","","",one_to_many,1,0,active,,0
447240,385007,383062,test_depends,downstream,optional,"",import,[],"","",cascade_failure,skip_test,"","","",one_to_many,1,0,active,,0
447241,385008,383065,test_depends,downstream,optional,"",import,[],"","",cascade_failure,skip_test,"","","",one_to_many,1,0,active,,0
447242,385009,381881,test_depends,downstream,optional,"",import,[],"","",cascade_failure,skip_test,"","","",one_to_many,1,0,active,,0
447243,385009,381885,test_depends,downstream,optional,"",import,[],"","",cascade_failure,skip_test,"","","",one_to_many,1,0,active,,0
447244,385009,381883,test_depends,downstream,optional,"",import,[],"","",cascade_failure,skip_test,"","","",one_to_many,1,0,active,,0
447245,385010,382411,test_depends,downstream,optional,"",import,[],"",conformist,cascade_failure,skip_test,"","","",one_to_many,1,0,active,,0
447246,385011,382644,test_depends,downstream,optional,"",import,[],"","",cascade_failure,skip_test,"","","",one_to_many,1,0,active,,0
447247,385011,382568,test_depends,downstream,optional,"",import,[],"","",cascade_failure,skip_test,"","","",one_to_many,1,0,active,,0
447248,385012,382643,test_depends,downstream,optional,"",import,[],"","",cascade_failure,skip_test,"","","",one_to_many,1,0,active,,0
447249,385013,382411,test_depends,downstream,optional,"",import,[],"","",cascade_failure,skip_test,"","","",one_to_many,1,0,active,,0
447250,385013,382568,test_depends,downstream,optional,"",import,[],"","",cascade_failure,skip_test,"","","",one_to_many,1,0,active,,0
447251,385014,381881,test_depends,downstream,optional,"",import,[],"","",cascade_failure,skip_test,"","","",one_to_many,1,0,active,,0
447252,385014,381884,test_depends,downstream,optional,"",import,[],"","",cascade_failure,skip_test,"","","",one_to_many,1,0,active,,0
447253,385015,383060,test_depends,downstream,optional,"",import,[],"","",cascade_failure,skip_test,"","","",one_to_many,1,0,active,,0
447254,385015,383064,test_depends,downstream,optional,"",import,[],"","",cascade_failure,skip_test,"","","",one_to_many,1,0,active,,0
447255,385015,383068,test_depends,downstream,optional,"",import,[],"","",cascade_failure,skip_test,"","","",one_to_many,1,0,active,,0
447256,385015,383065,test_depends,downstream,optional,"",import,[],"","",cascade_failure,skip_test,"","","",one_to_many,1,0,active,,0
447257,385015,383062,test_depends,downstream,optional,"",import,[],"","",cascade_failure,skip_test,"","","",one_to_many,1,0,active,,0
447258,385015,383075,test_depends,downstream,optional,"",import,[],"","",cascade_failure,skip_test,"","","",one_to_many,1,0,active,,0
447259,385016,382309,test_depends,downstream,optional,"",import,[],"","",cascade_failure,skip_test,"","","",one_to_many,1,0,active,,0
447260,385017,383075,test_depends,downstream,optional,"",import,[],"","",cascade_failure,skip_test,"","","",one_to_many,1,0,active,,0
447261,385018,381881,test_depends,downstream,optional,"",import,[],"","",cascade_failure,skip_test,"","","",one_to_many,1,0,active,,0
447262,385018,381889,test_depends,downstream,optional,"",import,[],"","",cascade_failure,skip_test,"","","",one_to_many,1,0,active,,0
447263,385019,380959,test_depends,downstream,optional,"",import,[],"","",cascade_failure,skip_test,"","","",one_to_many,1,0,active,,0
447264,385020,381678,test_depends,downstream,optional,"",import,[],"","",cascade_failure,skip_test,"","","",one_to_many,1,0,active,,0
447265,385021,382886,test_depends,downstream,optional,"",import,[],"","",cascade_failure,skip_test,"","","",one_to_many,1,0,active,,0
447266,385022,381651,test_depends,downstream,optional,"",import,[],"","",cascade_failure,skip_test,"","","",one_to_many,1,0,active,,0
447267,385023,382313,test_depends,downstream,optional,"",import,[],"","",cascade_failure,skip_test,"","","",one_to_many,1,0,active,,0
447268,385024,382096,test_depends,downstream,optional,"",import,[],"","",cascade_failure,skip_test,"","","",one_to_many,1,0,active,,0
447269,385024,382039,test_depends,downstream,optional,"",import,[],"","",cascade_failure,skip_test,"","","",one_to_many,1,0,active,,0
447270,385024,382100,test_depends,downstream,optional,"",import,[],"","",cascade_failure,skip_test,"","","",one_to_many,1,0,active,,0
447271,385025,382098,test_depends,downstream,optional,"",import,[],"","",cascade_failure,skip_test,"","","",one_to_many,1,0,active,,0
447272,385025,382089,test_depends,downstream,optional,"",import,[],"","",cascade_failure,skip_test,"","","",one_to_many,1,0,active,,0
447273,385025,382085,test_depends,downstream,optional,"",import,[],"","",cascade_failure,skip_test,"","","",one_to_many,1,0,active,,0
447274,385025,382036,test_depends,downstream,optional,"",import,[],"","",cascade_failure,skip_test,"","","",one_to_many,1,0,active,,0
447275,385025,382100,test_depends,downstream,optional,"",import,[],"","",cascade_failure,skip_test,"","","",one_to_many,1,0,active,,0
447276,385026,382092,test_depends,downstream,optional,"",import,[],"","",cascade_failure,skip_test,"","","",one_to_many,1,0,active,,0
447277,385027,382097,test_depends,downstream,optional,"",import,[],"","",cascade_failure,skip_test,"","","",one_to_many,1,0,active,,0
447278,385027,382101,test_depends,downstream,optional,"",import,[],"","",cascade_failure,skip_test,"","","",one_to_many,1,0,active,,0
447279,385027,382039,test_depends,downstream,optional,"",import,[],"","",cascade_failure,skip_test,"","","",one_to_many,1,0,active,,0
447280,385027,382096,test_depends,downstream,optional,"",import,[],"","",cascade_failure,skip_test,"","","",one_to_many,1,0,active,,0
447281,385028,382144,test_depends,downstream,optional,"",import,[],"","",cascade_failure,skip_test,"","","",one_to_many,1,0,active,,0
447282,385030,383210,test_depends,downstream,optional,"",import,[],"","",cascade_failure,skip_test,"","","",one_to_many,1,0,active,,0
447283,385030,382123,test_depends,downstream,optional,"",import,[],"","",cascade_failure,skip_test,"","","",one_to_many,1,0,active,,0
447284,385031,382129,test_depends,downstream,optional,"",import,[],"","",cascade_failure,skip_test,"","","",one_to_many,1,0,active,,0
447285,385032,382127,test_depends,downstream,optional,"",import,[],"","",cascade_failure,skip_test,"","","",one_to_many,1,0,active,,0
447286,385032,381165,test_depends,downstream,optional,"",import,[],"","",cascade_failure,skip_test,"","","",one_to_many,1,0,active,,0
447287,385033,382135,test_depends,downstream,optional,"",import,[],"","",cascade_failure,skip_test,"","","",one_to_many,1,0,active,,0
447288,385034,382123,test_depends,downstream,optional,"",import,[],"","",cascade_failure,skip_test,"","","",one_to_many,1,0,active,,0
447289,385034,382132,test_depends,downstream,optional,"",import,[],"","",cascade_failure,skip_test,"","","",one_to_many,1,0,active,,0
447290,385034,382135,test_depends,downstream,optional,"",import,[],"","",cascade_failure,skip_test,"","","",one_to_many,1,0,active,,0
447291,385034,382128,test_depends,downstream,optional,"",import,[],"","",cascade_failure,skip_test,"","","",one_to_many,1,0,active,,0
447292,385035,382221,test_depends,downstream,optional,"",import,[],"","",cascade_failure,skip_test,"","","",one_to_many,1,0,active,,0
447293,385036,382123,test_depends,downstream,optional,"",import,[],"","",cascade_failure,skip_test,"","","",one_to_many,1,0,active,,0
447294,385036,382136,test_depends,downstream,optional,"",import,[],"","",cascade_failure,skip_test,"","","",one_to_many,1,0,active,,0
447295,385040,382134,test_depends,downstream,optional,"",import,[],"","",cascade_failure,skip_test,"","","",one_to_many,1,0,active,,0
447296,385041,382886,test_depends,downstream,optional,"",import,[],"","",cascade_failure,skip_test,"","","",one_to_many,1,0,active,,0
447297,385042,381926,test_depends,downstream,optional,"",import,[],"","",cascade_failure,skip_test,"","","",one_to_many,1,0,active,,0
447298,385043,382886,test_depends,downstream,optional,"",import,[],"","",cascade_failure,skip_test,"","","",one_to_many,1,0,active,,0
447299,385044,382104,test_depends,downstream,optional,"",import,[],"","",cascade_failure,skip_test,"","","",one_to_many,1,0,active,,0
447300,385045,381374,test_depends,downstream,optional,"",import,[],"","",cascade_failure,skip_test,"","","",one_to_many,1,0,active,,0
447301,385046,382886,test_depends,downstream,optional,"",import,[],"","",cascade_failure,skip_test,"","","",one_to_many,1,0,active,,0
447302,385047,382886,test_depends,downstream,optional,"",import,[],"","",cascade_failure,skip_test,"","","",one_to_many,1,0,active,,0
447303,385048,382302,test_depends,downstream,optional,"",import,[],"","",cascade_failure,skip_test,"","","",one_to_many,1,0,active,,0
447304,385049,381424,test_depends,downstream,optional,"",import,[],"","",cascade_failure,skip_test,"","","",one_to_many,1,0,active,,0
447305,385050,382791,test_depends,downstream,optional,"",import,[],"","",cascade_failure,skip_test,"","","",one_to_many,1,0,active,,0
447306,385051,383058,test_depends,downstream,optional,"",import,[],"","",cascade_failure,skip_test,"","","",one_to_many,1,0,active,,0
447307,385052,382144,test_depends,downstream,optional,"",import,[],"","",cascade_failure,skip_test,"","","",one_to_many,1,0,active,,0
447308,385052,382143,test_depends,downstream,optional,"",import,[],"","",cascade_failure,skip_test,"","","",one_to_many,1,0,active,,0
447309,385053,381299,test_depends,downstream,optional,"",import,[],"","",cascade_failure,skip_test,"","","",one_to_many,1,0,active,,0
447310,385054,382143,test_depends,downstream,optional,"",import,[],"","",cascade_failure,skip_test,"","","",one_to_many,1,0,active,,0
447311,385054,382142,test_depends,downstream,optional,"",import,[],"","",cascade_failure,skip_test,"","","",one_to_many,1,0,active,,0
447312,385055,381754,test_depends,downstream,optional,"",import,[],"","",cascade_failure,skip_test,"","","",one_to_many,1,0,active,,0
447313,385056,382133,test_depends,downstream,optional,"",import,[],"","",cascade_failure,skip_test,"","","",one_to_many,1,0,active,,0
447314,385059,382823,test_depends,downstream,optional,"",import,[],"","",cascade_failure,skip_test,"","","",one_to_many,1,0,active,,0
447315,385061,382660,test_depends,downstream,optional,"",import,[],"","",cascade_failure,skip_test,"","","",one_to_many,1,0,active,,0
447316,385062,382006,test_depends,downstream,optional,"",import,[],"","",cascade_failure,skip_test,"","","",one_to_many,1,0,active,,0
447317,385062,382604,test_depends,downstream,optional,"",import,[],"","",cascade_failure,skip_test,"","","",one_to_many,1,0,active,,0
447318,385064,382284,test_depends,downstream,optional,"",import,[],"","",cascade_failure,skip_test,"","","",one_to_many,1,0,active,,0
447319,385065,382614,test_depends,downstream,optional,"",import,[],"","",cascade_failure,skip_test,"","","",one_to_many,1,0,active,,0
447320,385066,382660,test_depends,downstream,optional,"",import,[],"","",cascade_failure,skip_test,"","","",one_to_many,1,0,active,,0
447321,385066,382618,test_depends,downstream,optional,"",import,[],"","",cascade_failure,skip_test,"","","",one_to_many,1,0,active,,0
447322,385068,382823,test_depends,downstream,optional,"",import,[],"","",cascade_failure,skip_test,"","","",one_to_many,1,0,active,,0
447323,385069,382583,test_depends,downstream,optional,"",import,[],"","",cascade_failure,skip_test,"","","",one_to_many,1,0,active,,0
447324,385069,383098,test_depends,downstream,optional,"",import,[],"","",cascade_failure,skip_test,"","","",one_to_many,1,0,active,,0
447325,385070,383120,test_depends,downstream,optional,"",import,[],"","",cascade_failure,skip_test,"","","",one_to_many,1,0,active,,0
447326,385072,383104,test_depends,downstream,optional,"",import,[],"","",cascade_failure,skip_test,"","","",one_to_many,1,0,active,,0
447327,385073,383105,test_depends,downstream,optional,"",import,[],"","",cascade_failure,skip_test,"","","",one_to_many,1,0,active,,0
447328,385074,383100,test_depends,downstream,optional,"",import,[],"","",cascade_failure,skip_test,"","","",one_to_many,1,0,active,,0
447329,385075,383106,test_depends,downstream,optional,"",import,[],"","",cascade_failure,skip_test,"","","",one_to_many,1,0,active,,0
447330,385076,383143,test_depends,downstream,optional,"",import,[],"","",cascade_failure,skip_test,"","","",one_to_many,1,0,active,,0
447331,385077,383133,test_depends,downstream,optional,"",import,[],"","",cascade_failure,skip_test,"","","",one_to_many,1,0,active,,0
447332,385078,382314,test_depends,downstream,optional,"",import,[],"","",cascade_failure,skip_test,"","","",one_to_many,1,0,active,,0
447333,385079,383129,test_depends,downstream,optional,"",import,[],"","",cascade_failure,skip_test,"","","",one_to_many,1,0,active,,0
447334,385080,380872,test_depends,downstream,optional,"",import,[],"","",cascade_failure,skip_test,"","","",one_to_many,1,0,active,,0
447335,385080,382595,test_depends,downstream,optional,"",import,[],"","",cascade_failure,skip_test,"","","",one_to_many,1,0,active,,0
447336,385082,381230,test_depends,downstream,optional,"",import,[],"","",cascade_failure,skip_test,"","","",one_to_many,1,0,active,,0
447337,385083,383144,test_depends,downstream,optional,"",import,[],"","",cascade_failure,skip_test,"","","",one_to_many,1,0,active,,0
447338,385087,382681,test_depends,downstream,optional,"",import,[],"","",cascade_failure,skip_test,"","","",one_to_many,1,0,active,,0
447339,385088,383121,test_depends,downstream,optional,"",import,[],"","",cascade_failure,skip_test,"","","",one_to_many,1,0,active,,0
447340,385089,381015,test_depends,downstream,optional,"",import,[],"","",cascade_failure,skip_test,"","","",one_to_many,1,0,active,,0
447341,385090,381925,test_depends,downstream,optional,"",import,[],"","",cascade_failure,skip_test,"","","",one_to_many,1,0,active,,0
447342,385090,381924,test_depends,downstream,optional,"",import,[],"","",cascade_failure,skip_test,"","","",one_to_many,1,0,active,,0
447343,385090,383103,test_depends,downstream,optional,"",import,[],"","",cascade_failure,skip_test,"","","",one_to_many,1,0,active,,0
447344,385091,383069,test_depends,downstream,optional,"",import,[],"","",cascade_failure,skip_test,"","","",one_to_many,1,0,active,,0
447345,385092,380896,test_depends,downstream,optional,"",import,[],"","",cascade_failure,skip_test,"","","",one_to_many,1,0,active,,0
447346,385092,380953,test_depends,downstream,optional,"",import,[],"","",cascade_failure,skip_test,"","","",one_to_many,1,0,active,,0
447347,385093,381916,test_depends,downstream,optional,"",import,[],"","",cascade_failure,skip_test,"","","",one_to_many,1,0,active,,0
447348,385093,381925,test_depends,downstream,optional,"",import,[],"","",cascade_failure,skip_test,"","","",one_to_many,1,0,active,,0
447349,385094,381927,test_depends,downstream,optional,"",import,[],"","",cascade_failure,skip_test,"","","",one_to_many,1,0,active,,0
447350,385095,381925,test_depends,downstream,optional,"",import,[],"","",cascade_failure,skip_test,"","","",one_to_many,1,0,active,,0
447351,385095,382016,test_depends,downstream,optional,"",import,[],"","",cascade_failure,skip_test,"","","",one_to_many,1,0,active,,0
447352,385096,381925,test_depends,downstream,optional,"",import,[],"","",cascade_failure,skip_test,"","","",one_to_many,1,0,active,,0
447353,385097,382016,test_depends,downstream,optional,"",import,[],"","",cascade_failure,skip_test,"","","",one_to_many,1,0,active,,0
447354,385098,382976,test_depends,downstream,optional,"",import,[],"","",cascade_failure,skip_test,"","","",one_to_many,1,0,active,,0
447355,385099,381923,test_depends,downstream,optional,"",import,[],"","",cascade_failure,skip_test,"","","",one_to_many,1,0,active,,0
447356,385100,382886,test_depends,downstream,optional,"",import,[],"","",cascade_failure,skip_test,"","","",one_to_many,1,0,active,,0
447357,385101,382978,test_depends,downstream,optional,"",import,[],"","",cascade_failure,skip_test,"","","",one_to_many,1,0,active,,0
447358,385102,382977,test_depends,downstream,optional,"",import,[],"","",cascade_failure,skip_test,"","","",one_to_many,1,0,active,,0
447359,385103,381044,test_depends,downstream,optional,"",import,[],"","",cascade_failure,skip_test,"","","",one_to_many,1,0,active,,0
447360,385104,383112,test_depends,downstream,optional,"",import,[],"","",cascade_failure,skip_test,"","","",one_to_many,1,0,active,,0
447361,385105,382886,test_depends,downstream,optional,"",import,[],"","",cascade_failure,skip_test,"","","",one_to_many,1,0,active,,0
447362,385106,381354,test_depends,downstream,optional,"",import,[],"","",cascade_failure,skip_test,"","","",one_to_many,1,0,active,,0
447363,385107,383061,test_depends,downstream,optional,"",import,[],"","",cascade_failure,skip_test,"","","",one_to_many,1,0,active,,0
447364,385108,382606,test_depends,downstream,optional,"",import,[],"","",cascade_failure,skip_test,"","","",one_to_many,1,0,active,,0
447365,385108,382745,test_depends,downstream,optional,"",import,[],"","",cascade_failure,skip_test,"","","",one_to_many,1,0,active,,0
447366,385110,382223,test_depends,downstream,optional,"",import,[],"","",cascade_failure,skip_test,"","","",one_to_many,1,0,active,,0
447367,385110,382226,test_depends,downstream,optional,"",import,[],"","",cascade_failure,skip_test,"","","",one_to_many,1,0,active,,0
447368,385110,382225,test_depends,downstream,optional,"",import,[],"","",cascade_failure,skip_test,"","","",one_to_many,1,0,active,,0
447369,385110,382227,test_depends,downstream,optional,"",import,[],"","",cascade_failure,skip_test,"","","",one_to_many,1,0,active,,0
447370,385110,383200,test_depends,downstream,optional,"",import,[],"","",cascade_failure,skip_test,"","","",one_to_many,1,0,active,,0
447371,385110,383206,test_depends,downstream,optional,"",import,[],"","",cascade_failure,skip_test,"","","",one_to_many,1,0,active,,0
447372,385111,382823,test_depends,downstream,optional,"",import,[],"","",cascade_failure,skip_test,"","","",one_to_many,1,0,active,,0
447373,385112,381409,test_depends,downstream,optional,"",import,[],"","",cascade_failure,skip_test,"","","",one_to_many,1,0,active,,0
447374,385113,381257,test_depends,downstream,optional,"",import,[],"","",cascade_failure,skip_test,"","","",one_to_many,1,0,active,,0
447375,385114,383151,test_depends,downstream,optional,"",import,[],"","",cascade_failure,skip_test,"","","",one_to_many,1,0,active,,0
447376,385117,382234,test_depends,downstream,optional,"",import,[],"","",cascade_failure,skip_test,"","","",one_to_many,1,0,active,,0
447377,385118,381237,test_depends,downstream,optional,"",import,[],"","",cascade_failure,skip_test,"","","",one_to_many,1,0,active,,0
447378,385119,381564,test_depends,downstream,optional,"",import,[],"","",cascade_failure,skip_test,"","","",one_to_many,1,0,active,,0
447379,385119,382595,test_depends,downstream,optional,"",import,[],"","",cascade_failure,skip_test,"","","",one_to_many,1,0,active,,0
447380,385120,383216,test_depends,downstream,optional,"",import,[],"","",cascade_failure,skip_test,"","","",one_to_many,1,0,active,,0
447381,385121,383216,test_depends,downstream,optional,"",import,[],"","",cascade_failure,skip_test,"","","",one_to_many,1,0,active,,0
447382,385122,381953,test_depends,downstream,optional,"",import,[],"","",cascade_failure,skip_test,"","","",one_to_many,1,0,active,,0
447383,385123,381962,test_depends,downstream,optional,"",import,[],"","",cascade_failure,skip_test,"","","",one_to_many,1,0,active,,0
447384,385124,381956,test_depends,downstream,optional,"",import,[],"","",cascade_failure,skip_test,"","","",one_to_many,1,0,active,,0
447385,385125,382197,test_depends,downstream,optional,"",import,[],"","",cascade_failure,skip_test,"","","",one_to_many,1,0,active,,0
447386,385126,381954,test_depends,downstream,optional,"",import,[],"","",cascade_failure,skip_test,"","","",one_to_many,1,0,active,,0
447387,385127,381355,test_depends,downstream,optional,"",import,[],"","",cascade_failure,skip_test,"","","",one_to_many,1,0,active,,0
447388,385128,381959,test_depends,downstream,optional,"",import,[],"","",cascade_failure,skip_test,"","","",one_to_many,1,0,active,,0
447389,385129,381958,test_depends,downstream,optional,"",import,[],"","",cascade_failure,skip_test,"","","",one_to_many,1,0,active,,0
447390,385130,381960,test_depends,downstream,optional,"",import,[],"","",cascade_failure,skip_test,"","","",one_to_many,1,0,active,,0
447391,385130,381965,test_depends,downstream,optional,"",import,[],"","",cascade_failure,skip_test,"","","",one_to_many,1,0,active,,0
447392,385131,383092,test_depends,downstream,optional,"",import,[],"","",cascade_failure,skip_test,"","","",one_to_many,1,0,active,,0
447393,385132,381960,test_depends,downstream,optional,"",import,[],"","",cascade_failure,skip_test,"","","",one_to_many,1,0,active,,0
447394,385133,381955,test_depends,downstream,optional,"",import,[],"","",cascade_failure,skip_test,"","","",one_to_many,1,0,active,,0
447395,385134,381965,test_depends,downstream,optional,"",import,[],"","",cascade_failure,skip_test,"","","",one_to_many,1,0,active,,0
447396,385135,381966,test_depends,downstream,optional,"",import,[],"","",cascade_failure,skip_test,"","","",one_to_many,1,0,active,,0
447397,385136,381973,test_depends,downstream,optional,"",import,[],"","",cascade_failure,skip_test,"","","",one_to_many,1,0,active,,0
447398,385138,381960,test_depends,downstream,optional,"",import,[],"","",cascade_failure,skip_test,"","","",one_to_many,1,0,active,,0
447399,385138,381965,test_depends,downstream,optional,"",import,[],"","",cascade_failure,skip_test,"","","",one_to_many,1,0,active,,0
447400,385139,382292,test_depends,downstream,optional,"",import,[],"","",cascade_failure,skip_test,"","","",one_to_many,1,0,active,,0
447401,385140,381963,test_depends,downstream,optional,"",import,[],"","",cascade_failure,skip_test,"","","",one_to_many,1,0,active,,0
447402,385141,381969,test_depends,downstream,optional,"",import,[],"","",cascade_failure,skip_test,"","","",one_to_many,1,0,active,,0
447403,385142,381964,test_depends,downstream,optional,"",import,[],"","",cascade_failure,skip_test,"","","",one_to_many,1,0,active,,0
447404,385143,381970,test_depends,downstream,optional,"",import,[],"","",cascade_failure,skip_test,"","","",one_to_many,1,0,active,,0
447405,385144,381637,test_depends,downstream,optional,"",import,[],"","",cascade_failure,skip_test,"","","",one_to_many,1,0,active,,0
447406,385145,381974,test_depends,downstream,optional,"",import,[],"","",cascade_failure,skip_test,"","","",one_to_many,1,0,active,,0
447407,385146,381634,test_depends,downstream,optional,"",import,[],"","",cascade_failure,skip_test,"","","",one_to_many,1,0,active,,0
447408,385147,382316,test_depends,downstream,optional,"",import,[],"","",cascade_failure,skip_test,"","","",one_to_many,1,0,active,,0
447409,385148,381630,test_depends,downstream,optional,"",import,[],"","",cascade_failure,skip_test,"","","",one_to_many,1,0,active,,0
447410,385149,380872,test_depends,downstream,optional,"",import,[],"","",cascade_failure,skip_test,"","","",one_to_many,1,0,active,,0
447411,385149,381630,test_depends,downstream,optional,"",import,[],"","",cascade_failure,skip_test,"","","",one_to_many,1,0,active,,0
447412,385151,381518,test_depends,downstream,optional,"",import,[],"","",cascade_failure,skip_test,"","","",one_to_many,1,0,active,,0
447413,385152,382363,test_depends,downstream,optional,"",import,[],"","",cascade_failure,skip_test,"","","",one_to_many,1,0,active,,0
447414,385153,383073,test_depends,downstream,optional,"",import,[],"","",cascade_failure,skip_test,"","","",one_to_many,1,0,active,,0
447415,385154,382356,test_depends,downstream,optional,"",import,[],"","",cascade_failure,skip_test,"","","",one_to_many,1,0,active,,0
447416,385155,381631,test_depends,downstream,optional,"",import,[],"","",cascade_failure,skip_test,"","","",one_to_many,1,0,active,,0
447417,385156,382374,test_depends,downstream,optional,"",import,[],"","",cascade_failure,skip_test,"","","",one_to_many,1,0,active,,0
447418,385158,382354,test_depends,downstream,optional,"",import,[],"","",cascade_failure,skip_test,"","","",one_to_many,1,0,active,,0
447419,385159,382374,test_depends,downstream,optional,"",import,[],"","",cascade_failure,skip_test,"","","",one_to_many,1,0,active,,0
447420,385160,382365,test_depends,downstream,optional,"",import,[],"","",cascade_failure,skip_test,"","","",one_to_many,1,0,active,,0
447421,385163,381449,test_depends,downstream,optional,"",import,[],"","",cascade_failure,skip_test,"","","",one_to_many,1,0,active,,0
447422,385164,383031,test_depends,downstream,optional,"",import,[],"","",cascade_failure,skip_test,"","","",one_to_many,1,0,active,,0
447423,385164,383034,test_depends,downstream,optional,"",import,[],"","",cascade_failure,skip_test,"","","",one_to_many,1,0,active,,0
447424,385165,383031,test_depends,downstream,optional,"",import,[],"","",cascade_failure,skip_test,"","","",one_to_many,1,0,active,,0
447425,385165,383029,test_depends,downstream,optional,"",import,[],"","",cascade_failure,skip_test,"","","",one_to_many,1,0,active,,0
447426,385167,383031,test_depends,downstream,optional,"",import,[],"","",cascade_failure,skip_test,"","","",one_to_many,1,0,active,,0
447427,385167,383035,test_depends,downstream,optional,"",import,[],"","",cascade_failure,skip_test,"","","",one_to_many,1,0,active,,0
447428,385168,383031,test_depends,downstream,optional,"",import,[],"","",cascade_failure,skip_test,"","","",one_to_many,1,0,active,,0
447429,385169,383031,test_depends,downstream,optional,"",import,[],"","",cascade_failure,skip_test,"","","",one_to_many,1,0,active,,0
447430,385169,383032,test_depends,downstream,optional,"",import,[],"","",cascade_failure,skip_test,"","","",one_to_many,1,0,active,,0
447431,385170,383031,test_depends,downstream,optional,"",import,[],"","",cascade_failure,skip_test,"","","",one_to_many,1,0,active,,0
447432,385170,383033,test_depends,downstream,optional,"",import,[],"","",cascade_failure,skip_test,"","","",one_to_many,1,0,active,,0
447433,385171,383031,test_depends,downstream,optional,"",import,[],"","",cascade_failure,skip_test,"","","",one_to_many,1,0,active,,0
447434,385171,383037,test_depends,downstream,optional,"",import,[],"","",cascade_failure,skip_test,"","","",one_to_many,1,0,active,,0
447435,385172,383031,test_depends,downstream,optional,"",import,[],"","",cascade_failure,skip_test,"","","",one_to_many,1,0,active,,0
447436,385172,383044,test_depends,downstream,optional,"",import,[],"","",cascade_failure,skip_test,"","","",one_to_many,1,0,active,,0
447437,385173,383031,test_depends,downstream,optional,"",import,[],"","",cascade_failure,skip_test,"","","",one_to_many,1,0,active,,0
447438,385173,383039,test_depends,downstream,optional,"",import,[],"","",cascade_failure,skip_test,"","","",one_to_many,1,0,active,,0
447439,385174,383031,test_depends,downstream,optional,"",import,[],"","",cascade_failure,skip_test,"","","",one_to_many,1,0,active,,0
447440,385174,383042,test_depends,downstream,optional,"",import,[],"","",cascade_failure,skip_test,"","","",one_to_many,1,0,active,,0
447441,385175,383031,test_depends,downstream,optional,"",import,[],"","",cascade_failure,skip_test,"","","",one_to_many,1,0,active,,0
447442,385175,383040,test_depends,downstream,optional,"",import,[],"","",cascade_failure,skip_test,"","","",one_to_many,1,0,active,,0
447443,385176,383031,test_depends,downstream,optional,"",import,[],"","",cascade_failure,skip_test,"","","",one_to_many,1,0,active,,0
447444,385176,383036,test_depends,downstream,optional,"",import,[],"","",cascade_failure,skip_test,"","","",one_to_many,1,0,active,,0
447445,385177,383031,test_depends,downstream,optional,"",import,[],"","",cascade_failure,skip_test,"","","",one_to_many,1,0,active,,0
447446,385177,383043,test_depends,downstream,optional,"",import,[],"","",cascade_failure,skip_test,"","","",one_to_many,1,0,active,,0
447447,385178,383031,test_depends,downstream,optional,"",import,[],"","",cascade_failure,skip_test,"","","",one_to_many,1,0,active,,0
447448,385178,383047,test_depends,downstream,optional,"",import,[],"","",cascade_failure,skip_test,"","","",one_to_many,1,0,active,,0
447449,385179,383031,test_depends,downstream,optional,"",import,[],"","",cascade_failure,skip_test,"","","",one_to_many,1,0,active,,0
447450,385179,383038,test_depends,downstream,optional,"",import,[],"","",cascade_failure,skip_test,"","","",one_to_many,1,0,active,,0
447451,385180,382823,test_depends,downstream,optional,"",import,[],"","",cascade_failure,skip_test,"","","",one_to_many,1,0,active,,0
447452,385181,383031,test_depends,downstream,optional,"",import,[],"","",cascade_failure,skip_test,"","","",one_to_many,1,0,active,,0
447453,385181,383048,test_depends,downstream,optional,"",import,[],"","",cascade_failure,skip_test,"","","",one_to_many,1,0,active,,0
447454,385182,383067,test_depends,downstream,optional,"",import,[],"","",cascade_failure,skip_test,"","","",one_to_many,1,0,active,,0
447455,385183,383031,test_depends,downstream,optional,"",import,[],"","",cascade_failure,skip_test,"","","",one_to_many,1,0,active,,0
447456,385183,383041,test_depends,downstream,optional,"",import,[],"","",cascade_failure,skip_test,"","","",one_to_many,1,0,active,,0
447457,385184,383031,test_depends,downstream,optional,"",import,[],"","",cascade_failure,skip_test,"","","",one_to_many,1,0,active,,0
447458,385184,383045,test_depends,downstream,optional,"",import,[],"","",cascade_failure,skip_test,"","","",one_to_many,1,0,active,,0
447459,385185,382782,test_depends,downstream,optional,"",import,[],"","",cascade_failure,skip_test,"","","",one_to_many,1,0,active,,0
447460,385186,382886,test_depends,downstream,optional,"",import,[],"","",cascade_failure,skip_test,"","","",one_to_many,1,0,active,,0
447461,385187,382886,test_depends,downstream,optional,"",import,[],"","",cascade_failure,skip_test,"","","",one_to_many,1,0,active,,0
447462,385188,381503,test_depends,downstream,optional,"",import,[],"","",cascade_failure,skip_test,"","","",one_to_many,1,0,active,,0
447463,385189,382780,test_depends,downstream,optional,"",import,[],"","",cascade_failure,skip_test,"","","",one_to_many,1,0,active,,0
447464,385190,382823,test_depends,downstream,optional,"",import,[],"","",cascade_failure,skip_test,"","","",one_to_many,1,0,active,,0
447465,385191,380976,test_depends,downstream,optional,"",import,[],"","",cascade_failure,skip_test,"","","",one_to_many,1,0,active,,0
447466,385192,381360,test_depends,downstream,optional,"",import,[],"","",cascade_failure,skip_test,"","","",one_to_many,1,0,active,,0
447467,385193,382299,test_depends,downstream,optional,"",import,[],"","",cascade_failure,skip_test,"","","",one_to_many,1,0,active,,0
447468,385194,382982,test_depends,downstream,optional,"",import,[],"","",cascade_failure,skip_test,"","","",one_to_many,1,0,active,,0
447469,385195,382886,test_depends,downstream,optional,"",import,[],"","",cascade_failure,skip_test,"","","",one_to_many,1,0,active,,0
447470,385196,382823,test_depends,downstream,optional,"",import,[],"","",cascade_failure,skip_test,"","","",one_to_many,1,0,active,,0
447471,385197,382999,test_depends,downstream,optional,"",import,[],"","",cascade_failure,skip_test,"","","",one_to_many,1,0,active,,0
447472,385198,380951,test_depends,downstream,optional,"",import,[],"","",cascade_failure,skip_test,"","","",one_to_many,1,0,active,,0
447473,385199,381356,test_depends,downstream,optional,"",import,[],"","",cascade_failure,skip_test,"","","",one_to_many,1,0,active,,0
447474,385200,382979,test_depends,downstream,optional,"",import,[],"","",cascade_failure,skip_test,"","","",one_to_many,1,0,active,,0
447475,385201,382886,test_depends,downstream,optional,"",import,[],"","",cascade_failure,skip_test,"","","",one_to_many,1,0,active,,0
447476,385202,381430,test_depends,downstream,optional,"",import,[],"","",cascade_failure,skip_test,"","","",one_to_many,1,0,active,,0
447477,385203,382985,test_depends,downstream,optional,"",import,[],"","",cascade_failure,skip_test,"","","",one_to_many,1,0,active,,0
447478,385204,381429,test_depends,downstream,optional,"",import,[],"","",cascade_failure,skip_test,"","","",one_to_many,1,0,active,,0
447479,385205,381239,test_depends,downstream,optional,"",import,[],"","",cascade_failure,skip_test,"","","",one_to_many,1,0,active,,0
447480,385206,381671,test_depends,downstream,optional,"",import,[],"","",cascade_failure,skip_test,"","","",one_to_many,1,0,active,,0
447481,385207,381032,test_depends,downstream,optional,"",import,[],"","",cascade_failure,skip_test,"","","",one_to_many,1,0,active,,0
447482,385208,381524,test_depends,downstream,optional,"",import,[],"","",cascade_failure,skip_test,"","","",one_to_many,1,0,active,,0
447483,385208,381665,test_depends,downstream,optional,"",import,[],"","",cascade_failure,skip_test,"","","",one_to_many,1,0,active,,0
447484,385209,381524,test_depends,downstream,optional,"",import,[],"","",cascade_failure,skip_test,"","","",one_to_many,1,0,active,,0
447485,385209,381665,test_depends,downstream,optional,"",import,[],"","",cascade_failure,skip_test,"","","",one_to_many,1,0,active,,0
447486,385211,382983,test_depends,downstream,optional,"",import,[],"","",cascade_failure,skip_test,"","","",one_to_many,1,0,active,,0
447487,385212,381968,test_depends,downstream,optional,"",import,[],"","",cascade_failure,skip_test,"","","",one_to_many,1,0,active,,0
447488,385214,383152,test_depends,downstream,optional,"",import,[],"","",cascade_failure,skip_test,"","","",one_to_many,1,0,active,,0
447489,385215,382786,test_depends,downstream,optional,"",import,[],"","",cascade_failure,skip_test,"","","",one_to_many,1,0,active,,0
447490,385216,381980,test_depends,downstream,optional,"",import,[],"","",cascade_failure,skip_test,"","","",one_to_many,1,0,active,,0
447491,385217,380878,test_depends,downstream,optional,"",import,[],"","",cascade_failure,skip_test,"","","",one_to_many,1,0,active,,0
447492,385218,383153,test_depends,downstream,optional,"",import,[],"","",cascade_failure,skip_test,"","","",one_to_many,1,0,active,,0
447493,385220,382291,test_depends,downstream,optional,"",import,[],"","",cascade_failure,skip_test,"","","",one_to_many,1,0,active,,0
447494,385221,380860,test_depends,downstream,optional,"",import,[],"","",cascade_failure,skip_test,"","","",one_to_many,1,0,active,,0
447495,385222,380844,test_depends,downstream,optional,"",import,[],"","",cascade_failure,skip_test,"","","",one_to_many,1,0,active,,0
447496,385223,380852,test_depends,downstream,optional,"",import,[],"","",cascade_failure,skip_test,"","","",one_to_many,1,0,active,,0
447497,385224,380836,test_depends,downstream,optional,"",import,[],"","",cascade_failure,skip_test,"","","",one_to_many,1,0,active,,0
447498,385225,380828,test_depends,downstream,optional,"",import,[],"","",cascade_failure,skip_test,"","","",one_to_many,1,0,active,,0
447499,385226,380869,test_depends,downstream,optional,"",import,[],"","",cascade_failure,skip_test,"","","",one_to_many,1,0,active,,0
447500,385227,380821,test_depends,downstream,optional,"",import,[],"","",cascade_failure,skip_test,"","","",one_to_many,1,0,active,,0
447501,385228,380781,test_depends,downstream,optional,"",import,[],"","",cascade_failure,skip_test,"","","",one_to_many,1,0,active,,0
447502,385229,380813,test_depends,downstream,optional,"",import,[],"","",cascade_failure,skip_test,"","","",one_to_many,1,0,active,,0
447503,385230,380805,test_depends,downstream,optional,"",import,[],"","",cascade_failure,skip_test,"","","",one_to_many,1,0,active,,0
447504,385231,380797,test_depends,downstream,optional,"",import,[],"","",cascade_failure,skip_test,"","","",one_to_many,1,0,active,,0
447505,385232,380789,test_depends,downstream,optional,"",import,[],"","",cascade_failure,skip_test,"","","",one_to_many,1,0,active,,0
447506,385233,380773,test_depends,downstream,optional,"",import,[],"","",cascade_failure,skip_test,"","","",one_to_many,1,0,active,,0
447507,385234,380758,test_depends,downstream,optional,"",import,[],"","",cascade_failure,skip_test,"","","",one_to_many,1,0,active,,0
447508,385235,381167,test_depends,downstream,optional,"",import,[],"","",cascade_failure,skip_test,"","","",one_to_many,1,0,active,,0
447509,385236,380765,test_depends,downstream,optional,"",import,[],"","",cascade_failure,skip_test,"","","",one_to_many,1,0,active,,0
447510,385237,381173,test_depends,downstream,optional,"",import,[],"","",cascade_failure,skip_test,"","","",one_to_many,1,0,active,,0
447511,385238,381164,test_depends,downstream,optional,"",import,[],"","",cascade_failure,skip_test,"","","",one_to_many,1,0,active,,0
447512,385239,381152,test_depends,downstream,optional,"",import,[],"","",cascade_failure,skip_test,"","","",one_to_many,1,0,active,,0
447513,385240,381170,test_depends,downstream,optional,"",import,[],"","",cascade_failure,skip_test,"","","",one_to_many,1,0,active,,0
447514,385241,381155,test_depends,downstream,optional,"",import,[],"","",cascade_failure,skip_test,"","","",one_to_many,1,0,active,,0
447515,385242,381161,test_depends,downstream,optional,"",import,[],"","",cascade_failure,skip_test,"","","",one_to_many,1,0,active,,0
447516,385243,381158,test_depends,downstream,optional,"",import,[],"","",cascade_failure,skip_test,"","","",one_to_many,1,0,active,,0
447517,385244,381146,test_depends,downstream,optional,"",import,[],"","",cascade_failure,skip_test,"","","",one_to_many,1,0,active,,0
447518,385245,381149,test_depends,downstream,optional,"",import,[],"","",cascade_failure,skip_test,"","","",one_to_many,1,0,active,,0
447519,385245,381113,test_depends,downstream,optional,"",import,[],"","",cascade_failure,skip_test,"","","",one_to_many,1,0,active,,0
447520,385246,381131,test_depends,downstream,optional,"",import,[],"","",cascade_failure,skip_test,"","","",one_to_many,1,0,active,,0
447521,385247,381143,test_depends,downstream,optional,"",import,[],"","",cascade_failure,skip_test,"","","",one_to_many,1,0,active,,0
447522,385248,381137,test_depends,downstream,optional,"",import,[],"","",cascade_failure,skip_test,"","","",one_to_many,1,0,active,,0
447523,385248,381113,test_depends,downstream,optional,"",import,[],"","",cascade_failure,skip_test,"","","",one_to_many,1,0,active,,0
447524,385249,381140,test_depends,downstream,optional,"",import,[],"","",cascade_failure,skip_test,"","","",one_to_many,1,0,active,,0
447525,385250,381134,test_depends,downstream,optional,"",import,[],"","",cascade_failure,skip_test,"","","",one_to_many,1,0,active,,0
447526,385251,381113,test_depends,downstream,optional,"",import,[],"","",cascade_failure,skip_test,"","","",one_to_many,1,0,active,,0
447527,385252,381116,test_depends,downstream,optional,"",import,[],"","",cascade_failure,skip_test,"","","",one_to_many,1,0,active,,0
447528,385253,381125,test_depends,downstream,optional,"",import,[],"","",cascade_failure,skip_test,"","","",one_to_many,1,0,active,,0
447529,385253,381113,test_depends,downstream,optional,"",import,[],"","",cascade_failure,skip_test,"","","",one_to_many,1,0,active,,0
447530,385254,381128,test_depends,downstream,optional,"",import,[],"","",cascade_failure,skip_test,"","","",one_to_many,1,0,active,,0
447531,385255,381122,test_depends,downstream,optional,"",import,[],"","",cascade_failure,skip_test,"","","",one_to_many,1,0,active,,0
447532,385256,381110,test_depends,downstream,optional,"",import,[],"","",cascade_failure,skip_test,"","","",one_to_many,1,0,active,,0
447533,385257,381107,test_depends,downstream,optional,"",import,[],"","",cascade_failure,skip_test,"","","",one_to_many,1,0,active,,0
447534,385258,381104,test_depends,downstream,optional,"",import,[],"","",cascade_failure,skip_test,"","","",one_to_many,1,0,active,,0
447535,385259,381100,test_depends,downstream,optional,"",import,[],"","",cascade_failure,skip_test,"","","",one_to_many,1,0,active,,0
447536,385260,381119,test_depends,downstream,optional,"",import,[],"","",cascade_failure,skip_test,"","","",one_to_many,1,0,active,,0
447537,385261,381094,test_depends,downstream,optional,"",import,[],"","",cascade_failure,skip_test,"","","",one_to_many,1,0,active,,0
447538,385262,381097,test_depends,downstream,optional,"",import,[],"","",cascade_failure,skip_test,"","","",one_to_many,1,0,active,,0
447539,385263,381086,test_depends,downstream,optional,"",import,[],"","",cascade_failure,skip_test,"","","",one_to_many,1,0,active,,0
447540,385264,381082,test_depends,downstream,optional,"",import,[],"","",cascade_failure,skip_test,"","","",one_to_many,1,0,active,,0
447541,385265,381064,test_depends,downstream,optional,"",import,[],"","",cascade_failure,skip_test,"","","",one_to_many,1,0,active,,0
447542,385266,381090,test_depends,downstream,optional,"",import,[],"","",cascade_failure,skip_test,"","","",one_to_many,1,0,active,,0
447543,385267,381070,test_depends,downstream,optional,"",import,[],"","",cascade_failure,skip_test,"","","",one_to_many,1,0,active,,0
447544,385269,381073,test_depends,downstream,optional,"",import,[],"","",cascade_failure,skip_test,"","","",one_to_many,1,0,active,,0
447545,385270,381067,test_depends,downstream,optional,"",import,[],"","",cascade_failure,skip_test,"","","",one_to_many,1,0,active,,0
447546,385271,381055,test_depends,downstream,optional,"",import,[],"","",cascade_failure,skip_test,"","","",one_to_many,1,0,active,,0
447547,385272,381059,test_depends,downstream,optional,"",import,[],"","",cascade_failure,skip_test,"","","",one_to_many,1,0,active,,0
447548,385273,381011,test_depends,downstream,optional,"",import,[],"","",cascade_failure,skip_test,"","","",one_to_many,1,0,active,,0
447549,385274,381046,test_depends,downstream,optional,"",import,[],"","",cascade_failure,skip_test,"","","",one_to_many,1,0,active,,0
447550,385275,381019,test_depends,downstream,optional,"",import,[],"","",cascade_failure,skip_test,"","","",one_to_many,1,0,active,,0
447551,385276,381027,test_depends,downstream,optional,"",import,[],"","",cascade_failure,skip_test,"","","",one_to_many,1,0,active,,0
447552,385277,382123,test_depends,downstream,optional,"",import,[],"","",cascade_failure,skip_test,"","","",one_to_many,1,0,active,,0
447553,385277,382751,test_depends,downstream,optional,"",import,[],"","",cascade_failure,skip_test,"","","",one_to_many,1,0,active,,0
447554,385278,381036,test_depends,downstream,optional,"",import,[],"","",cascade_failure,skip_test,"","","",one_to_many,1,0,active,,0
447555,385279,382146,test_depends,downstream,optional,"",import,[],"","",cascade_failure,skip_test,"","","",one_to_many,1,0,active,,0
447556,385280,381572,test_depends,downstream,optional,"",import,[],"","",cascade_failure,skip_test,"","","",one_to_many,1,0,active,,0
447557,385280,382070,test_depends,downstream,optional,"",import,[],"","",cascade_failure,skip_test,"","","",one_to_many,1,0,active,,0
447558,385280,382076,test_depends,downstream,optional,"",import,[],"","",cascade_failure,skip_test,"","","",one_to_many,1,0,active,,0
447559,385281,381542,test_depends,downstream,optional,"",import,[],"","",cascade_failure,skip_test,"","","",one_to_many,1,0,active,,0
447560,385281,381518,test_depends,downstream,optional,"",import,[],"","",cascade_failure,skip_test,"","","",one_to_many,1,0,active,,0
447561,385282,381518,test_depends,downstream,optional,"",import,[],"","",cascade_failure,skip_test,"","","",one_to_many,1,0,active,,0
447562,385284,381977,test_depends,downstream,optional,"",import,[],"","",cascade_failure,skip_test,"","","",one_to_many,1,0,active,,0
447563,385285,382823,test_depends,downstream,optional,"",import,[],"","",cascade_failure,skip_test,"","","",one_to_many,1,0,active,,0
447564,385286,382886,test_depends,downstream,optional,"",import,[],"","",cascade_failure,skip_test,"","","",one_to_many,1,0,active,,0
447565,385287,382823,test_depends,downstream,optional,"",import,[],"","",cascade_failure,skip_test,"","","",one_to_many,1,0,active,,0
447566,385288,382720,test_depends,downstream,optional,"",import,[],"","",cascade_failure,skip_test,"","","",one_to_many,1,0,active,,0
447567,385288,382753,test_depends,downstream,optional,"",import,[],"","",cascade_failure,skip_test,"","","",one_to_many,1,0,active,,0
447568,385289,382820,test_depends,downstream,optional,"",import,[],"","",cascade_failure,skip_test,"","","",one_to_many,1,0,active,,0
447569,385291,383114,test_depends,downstream,optional,"",import,[],"","",cascade_failure,skip_test,"","","",one_to_many,1,0,active,,0
447570,385292,383128,test_depends,downstream,optional,"",import,[],"","",cascade_failure,skip_test,"","","",one_to_many,1,0,active,,0
447571,385293,382725,test_depends,downstream,optional,"",import,[],"","",cascade_failure,skip_test,"","","",one_to_many,1,0,active,,0
447572,385294,383164,test_depends,downstream,optional,"",import,[],"","",cascade_failure,skip_test,"","","",one_to_many,1,0,active,,0
447573,385295,381919,test_depends,downstream,optional,"",import,[],"","",cascade_failure,skip_test,"","","",one_to_many,1,0,active,,0
447574,385296,381917,test_depends,downstream,optional,"",import,[],"","",cascade_failure,skip_test,"","","",one_to_many,1,0,active,,0
447575,385296,381919,test_depends,downstream,optional,"",import,[],"","",cascade_failure,skip_test,"","","",one_to_many,1,0,active,,0
447576,385297,382728,test_depends,downstream,optional,"",import,[],"","",cascade_failure,skip_test,"","","",one_to_many,1,0,active,,0
447577,385298,383108,test_depends,downstream,optional,"",import,[],"","",cascade_failure,skip_test,"","","",one_to_many,1,0,active,,0
447578,385300,381918,test_depends,downstream,optional,"",import,[],"","",cascade_failure,skip_test,"","","",one_to_many,1,0,active,,0
447579,385300,381925,test_depends,downstream,optional,"",import,[],"","",cascade_failure,skip_test,"","","",one_to_many,1,0,active,,0
447580,385301,381921,test_depends,downstream,optional,"",import,[],"","",cascade_failure,skip_test,"","","",one_to_many,1,0,active,,0
447581,385301,381925,test_depends,downstream,optional,"",import,[],"","",cascade_failure,skip_test,"","","",one_to_many,1,0,active,,0
447582,385302,383165,test_depends,downstream,optional,"",import,[],"","",cascade_failure,skip_test,"","","",one_to_many,1,0,active,,0
447583,385303,383113,test_depends,downstream,optional,"",import,[],"","",cascade_failure,skip_test,"","","",one_to_many,1,0,active,,0
447584,385304,383136,test_depends,downstream,optional,"",import,[],"","",cascade_failure,skip_test,"","","",one_to_many,1,0,active,,0
447585,385305,383138,test_depends,downstream,optional,"",import,[],"","",cascade_failure,skip_test,"","","",one_to_many,1,0,active,,0
447586,385306,383124,test_depends,downstream,optional,"",import,[],"","",cascade_failure,skip_test,"","","",one_to_many,1,0,active,,0
447587,385307,383147,test_depends,downstream,optional,"",import,[],"","",cascade_failure,skip_test,"","","",one_to_many,1,0,active,,0
447588,385308,382737,test_depends,downstream,optional,"",import,[],"","",cascade_failure,skip_test,"","","",one_to_many,1,0,active,,0
447589,385309,381917,test_depends,downstream,optional,"",import,[],"","",cascade_failure,skip_test,"","","",one_to_many,1,0,active,,0
447590,385309,381919,test_depends,downstream,optional,"",import,[],"","",cascade_failure,skip_test,"","","",one_to_many,1,0,active,,0
447591,385309,381921,test_depends,downstream,optional,"",import,[],"","",cascade_failure,skip_test,"","","",one_to_many,1,0,active,,0
447592,385309,381925,test_depends,downstream,optional,"",import,[],"","",cascade_failure,skip_test,"","","",one_to_many,1,0,active,,0
447593,385309,382770,test_depends,downstream,optional,"",import,[],"","",cascade_failure,skip_test,"","","",one_to_many,1,0,active,,0
447594,385309,382774,test_depends,downstream,optional,"",import,[],"","",cascade_failure,skip_test,"","","",one_to_many,1,0,active,,0
447595,385310,383135,test_depends,downstream,optional,"",import,[],"","",cascade_failure,skip_test,"","","",one_to_many,1,0,active,,0
447596,385311,382737,test_depends,downstream,optional,"",import,[],"","",cascade_failure,skip_test,"","","",one_to_many,1,0,active,,0
447597,385311,382734,test_depends,downstream,optional,"",import,[],"","",cascade_failure,skip_test,"","","",one_to_many,1,0,active,,0
447598,385311,382752,test_depends,downstream,optional,"",import,[],"","",cascade_failure,skip_test,"","","",one_to_many,1,0,active,,0
447599,385311,382754,test_depends,downstream,optional,"",import,[],"","",cascade_failure,skip_test,"","","",one_to_many,1,0,active,,0
447600,385312,383116,test_depends,downstream,optional,"",import,[],"","",cascade_failure,skip_test,"","","",one_to_many,1,0,active,,0
447601,385313,382732,test_depends,downstream,optional,"",import,[],"","",cascade_failure,skip_test,"","","",one_to_many,1,0,active,,0
447602,385314,382739,test_depends,downstream,optional,"",import,[],"","",cascade_failure,skip_test,"","","",one_to_many,1,0,active,,0
447603,385315,383150,test_depends,downstream,optional,"",import,[],"","",cascade_failure,skip_test,"","","",one_to_many,1,0,active,,0
447604,385316,383160,test_depends,downstream,optional,"",import,[],"","",cascade_failure,skip_test,"","","",one_to_many,1,0,active,,0
447605,385317,381165,test_depends,downstream,optional,"",import,[],"","",cascade_failure,skip_test,"","","",one_to_many,1,0,active,,0
447606,385317,381162,test_depends,downstream,optional,"",import,[],"","",cascade_failure,skip_test,"","","",one_to_many,1,0,active,,0
447607,385317,383188,test_depends,downstream,optional,"",import,[],"","",cascade_failure,skip_test,"","","",one_to_many,1,0,active,,0
447608,385317,383205,test_depends,downstream,optional,"",import,[],"","",cascade_failure,skip_test,"","","",one_to_many,1,0,active,,0
447609,385317,383189,test_depends,downstream,optional,"",import,[],"","",cascade_failure,skip_test,"","","",one_to_many,1,0,active,,0
447610,385318,382735,test_depends,downstream,optional,"",import,[],"","",cascade_failure,skip_test,"","","",one_to_many,1,0,active,,0
447611,385319,382188,test_depends,downstream,optional,"",import,[],"","",cascade_failure,skip_test,"","","",one_to_many,1,0,active,,0
447612,385320,382738,test_depends,downstream,optional,"",import,[],"","",cascade_failure,skip_test,"","","",one_to_many,1,0,active,,0
447613,385320,382753,test_depends,downstream,optional,"",import,[],"","",cascade_failure,skip_test,"","","",one_to_many,1,0,active,,0
447614,385321,383183,test_depends,downstream,optional,"",import,[],"","",cascade_failure,skip_test,"","","",one_to_many,1,0,active,,0
447615,385321,383190,test_depends,downstream,optional,"",import,[],"","",cascade_failure,skip_test,"","","",one_to_many,1,0,active,,0
447616,385321,383197,test_depends,downstream,optional,"",import,[],"","",cascade_failure,skip_test,"","","",one_to_many,1,0,active,,0
447617,385322,382729,test_depends,downstream,optional,"",import,[],"","",cascade_failure,skip_test,"","","",one_to_many,1,0,active,,0
447618,385322,382740,test_depends,downstream,optional,"",import,[],"","",cascade_failure,skip_test,"","","",one_to_many,1,0,active,,0
447619,385322,382730,test_depends,downstream,optional,"",import,[],"","",cascade_failure,skip_test,"","","",one_to_many,1,0,active,,0
447620,385323,382213,test_depends,downstream,optional,"",import,[],"","",cascade_failure,skip_test,"","","",one_to_many,1,0,active,,0
447621,385323,382192,test_depends,downstream,optional,"",import,[],"","",cascade_failure,skip_test,"","","",one_to_many,1,0,active,,0
447622,385323,383186,test_depends,downstream,optional,"",import,[],"","",cascade_failure,skip_test,"","","",one_to_many,1,0,active,,0
447623,385323,383187,test_depends,downstream,optional,"",import,[],"","",cascade_failure,skip_test,"","","",one_to_many,1,0,active,,0
447624,385323,383188,test_depends,downstream,optional,"",import,[],"","",cascade_failure,skip_test,"","","",one_to_many,1,0,active,,0
447625,385324,382741,test_depends,downstream,optional,"",import,[],"","",cascade_failure,skip_test,"","","",one_to_many,1,0,active,,0
447626,385325,383171,test_depends,downstream,optional,"",import,[],"","",cascade_failure,skip_test,"","","",one_to_many,1,0,active,,0
447627,385326,382487,test_depends,downstream,optional,"",import,[],"","",cascade_failure,skip_test,"","","",one_to_many,1,0,active,,0
447628,385326,382729,test_depends,downstream,optional,"",import,[],"","",cascade_failure,skip_test,"","","",one_to_many,1,0,active,,0
447629,385326,382737,test_depends,downstream,optional,"",import,[],"","",cascade_failure,skip_test,"","","",one_to_many,1,0,active,,0
447630,385326,382788,test_depends,downstream,optional,"",import,[],"","",cascade_failure,skip_test,"","","",one_to_many,1,0,active,,0
447631,385326,382732,test_depends,downstream,optional,"",import,[],"","",cascade_failure,skip_test,"","","",one_to_many,1,0,active,,0
447632,385326,382734,test_depends,downstream,optional,"",import,[],"","",cascade_failure,skip_test,"","","",one_to_many,1,0,active,,0
447633,385326,382739,test_depends,downstream,optional,"",import,[],"","",cascade_failure,skip_test,"","","",one_to_many,1,0,active,,0
447634,385326,382736,test_depends,downstream,optional,"",import,[],"","",cascade_failure,skip_test,"","","",one_to_many,1,0,active,,0
447635,385326,382741,test_depends,downstream,optional,"",import,[],"","",cascade_failure,skip_test,"","","",one_to_many,1,0,active,,0
447636,385326,382748,test_depends,downstream,optional,"",import,[],"","",cascade_failure,skip_test,"","","",one_to_many,1,0,active,,0
447637,385326,382754,test_depends,downstream,optional,"",import,[],"","",cascade_failure,skip_test,"","","",one_to_many,1,0,active,,0
447638,385327,383139,test_depends,downstream,optional,"",import,[],"","",cascade_failure,skip_test,"","","",one_to_many,1,0,active,,0
447639,385328,382747,test_depends,downstream,optional,"",import,[],"","",cascade_failure,skip_test,"","","",one_to_many,1,0,active,,0
447640,385328,382753,test_depends,downstream,optional,"",import,[],"","",cascade_failure,skip_test,"","","",one_to_many,1,0,active,,0
447641,385329,383126,test_depends,downstream,optional,"",import,[],"","",cascade_failure,skip_test,"","","",one_to_many,1,0,active,,0
447642,385330,381922,test_depends,downstream,optional,"",import,[],"","",cascade_failure,skip_test,"","","",one_to_many,1,0,active,,0
447643,385330,381925,test_depends,downstream,optional,"",import,[],"","",cascade_failure,skip_test,"","","",one_to_many,1,0,active,,0
447644,385330,381929,test_depends,downstream,optional,"",import,[],"","",cascade_failure,skip_test,"","","",one_to_many,1,0,active,,0
447645,385331,382742,test_depends,downstream,optional,"",import,[],"","",cascade_failure,skip_test,"","","",one_to_many,1,0,active,,0
447646,385332,383155,test_depends,downstream,optional,"",import,[],"","",cascade_failure,skip_test,"","","",one_to_many,1,0,active,,0
447647,385333,382749,test_depends,downstream,optional,"",import,[],"","",cascade_failure,skip_test,"","","",one_to_many,1,0,active,,0
447648,385334,383145,test_depends,downstream,optional,"",import,[],"","",cascade_failure,skip_test,"","","",one_to_many,1,0,active,,0
447649,385335,383170,test_depends,downstream,optional,"",import,[],"","",cascade_failure,skip_test,"","","",one_to_many,1,0,active,,0
447650,385336,383157,test_depends,downstream,optional,"",import,[],"","",cascade_failure,skip_test,"","","",one_to_many,1,0,active,,0
447651,385337,383159,test_depends,downstream,optional,"",import,[],"","",cascade_failure,skip_test,"","","",one_to_many,1,0,active,,0
447652,385338,382734,test_depends,downstream,optional,"",import,[],"","",cascade_failure,skip_test,"","","",one_to_many,1,0,active,,0
447653,385338,382756,test_depends,downstream,optional,"",import,[],"","",cascade_failure,skip_test,"","","",one_to_many,1,0,active,,0
447654,385339,383154,test_depends,downstream,optional,"",import,[],"","",cascade_failure,skip_test,"","","",one_to_many,1,0,active,,0
447655,385340,382748,test_depends,downstream,optional,"",import,[],"","",cascade_failure,skip_test,"","","",one_to_many,1,0,active,,0
447656,385342,383158,test_depends,downstream,optional,"",import,[],"","",cascade_failure,skip_test,"","","",one_to_many,1,0,active,,0
447657,385344,383156,test_depends,downstream,optional,"",import,[],"","",cascade_failure,skip_test,"","","",one_to_many,1,0,active,,0
447658,385345,382752,test_depends,downstream,optional,"",import,[],"","",cascade_failure,skip_test,"","","",one_to_many,1,0,active,,0
447659,385346,383148,test_depends,downstream,optional,"",import,[],"","",cascade_failure,skip_test,"","","",one_to_many,1,0,active,,0
447660,385347,381187,test_depends,downstream,optional,"",import,[],"","",cascade_failure,skip_test,"","","",one_to_many,1,0,active,,0
447661,385348,382752,test_depends,downstream,optional,"",import,[],"","",cascade_failure,skip_test,"","","",one_to_many,1,0,active,,0
447662,385348,382754,test_depends,downstream,optional,"",import,[],"","",cascade_failure,skip_test,"","","",one_to_many,1,0,active,,0
447663,385349,382595,test_depends,downstream,optional,"",import,[],"","",cascade_failure,skip_test,"","","",one_to_many,1,0,active,,0
447664,385349,381615,test_depends,downstream,optional,"",import,[],"","",cascade_failure,skip_test,"","","",one_to_many,1,0,active,,0
447665,385349,381572,test_depends,downstream,optional,"",import,[],"","",cascade_failure,skip_test,"","","",one_to_many,1,0,active,,0
447666,385350,382595,test_depends,downstream,optional,"",import,[],"","",cascade_failure,skip_test,"","","",one_to_many,1,0,active,,0
447667,385350,381615,test_depends,downstream,optional,"",import,[],"","",cascade_failure,skip_test,"","","",one_to_many,1,0,active,,0
447668,385350,381572,test_depends,downstream,optional,"",import,[],"","",cascade_failure,skip_test,"","","",one_to_many,1,0,active,,0
447669,385351,382595,test_depends,downstream,optional,"",import,[],"","",cascade_failure,skip_test,"","","",one_to_many,1,0,active,,0
447670,385351,381615,test_depends,downstream,optional,"",import,[],"","",cascade_failure,skip_test,"","","",one_to_many,1,0,active,,0
447671,385351,381572,test_depends,downstream,optional,"",import,[],"","",cascade_failure,skip_test,"","","",one_to_many,1,0,active,,0
447672,385352,382595,test_depends,downstream,optional,"",import,[],"","",cascade_failure,skip_test,"","","",one_to_many,1,0,active,,0
447673,385352,381615,test_depends,downstream,optional,"",import,[],"","",cascade_failure,skip_test,"","","",one_to_many,1,0,active,,0
447674,385352,381572,test_depends,downstream,optional,"",import,[],"","",cascade_failure,skip_test,"","","",one_to_many,1,0,active,,0
447675,385353,382595,test_depends,downstream,optional,"",import,[],"","",cascade_failure,skip_test,"","","",one_to_many,1,0,active,,0
447676,385353,381615,test_depends,downstream,optional,"",import,[],"","",cascade_failure,skip_test,"","","",one_to_many,1,0,active,,0
447677,385353,381572,test_depends,downstream,optional,"",import,[],"","",cascade_failure,skip_test,"","","",one_to_many,1,0,active,,0
447678,385354,382595,test_depends,downstream,optional,"",import,[],"","",cascade_failure,skip_test,"","","",one_to_many,1,0,active,,0
447679,385354,381615,test_depends,downstream,optional,"",import,[],"","",cascade_failure,skip_test,"","","",one_to_many,1,0,active,,0
447680,385354,381572,test_depends,downstream,optional,"",import,[],"","",cascade_failure,skip_test,"","","",one_to_many,1,0,active,,0
447681,385355,382595,test_depends,downstream,optional,"",import,[],"","",cascade_failure,skip_test,"","","",one_to_many,1,0,active,,0
447682,385355,381615,test_depends,downstream,optional,"",import,[],"","",cascade_failure,skip_test,"","","",one_to_many,1,0,active,,0
447683,385355,381572,test_depends,downstream,optional,"",import,[],"","",cascade_failure,skip_test,"","","",one_to_many,1,0,active,,0
447684,385356,382595,test_depends,downstream,optional,"",import,[],"","",cascade_failure,skip_test,"","","",one_to_many,1,0,active,,0
447685,385356,381615,test_depends,downstream,optional,"",import,[],"","",cascade_failure,skip_test,"","","",one_to_many,1,0,active,,0
447686,385356,381572,test_depends,downstream,optional,"",import,[],"","",cascade_failure,skip_test,"","","",one_to_many,1,0,active,,0
447687,385357,382595,test_depends,downstream,optional,"",import,[],"","",cascade_failure,skip_test,"","","",one_to_many,1,0,active,,0
447688,385357,381615,test_depends,downstream,optional,"",import,[],"","",cascade_failure,skip_test,"","","",one_to_many,1,0,active,,0
447689,385357,381572,test_depends,downstream,optional,"",import,[],"","",cascade_failure,skip_test,"","","",one_to_many,1,0,active,,0
447690,385358,382595,test_depends,downstream,optional,"",import,[],"","",cascade_failure,skip_test,"","","",one_to_many,1,0,active,,0
447691,385358,381615,test_depends,downstream,optional,"",import,[],"","",cascade_failure,skip_test,"","","",one_to_many,1,0,active,,0
447692,385358,381572,test_depends,downstream,optional,"",import,[],"","",cascade_failure,skip_test,"","","",one_to_many,1,0,active,,0
447693,385359,382595,test_depends,downstream,optional,"",import,[],"","",cascade_failure,skip_test,"","","",one_to_many,1,0,active,,0
447694,385359,381615,test_depends,downstream,optional,"",import,[],"","",cascade_failure,skip_test,"","","",one_to_many,1,0,active,,0
447695,385359,381572,test_depends,downstream,optional,"",import,[],"","",cascade_failure,skip_test,"","","",one_to_many,1,0,active,,0
447696,385360,382595,test_depends,downstream,optional,"",import,[],"","",cascade_failure,skip_test,"","","",one_to_many,1,0,active,,0
447697,385360,381615,test_depends,downstream,optional,"",import,[],"","",cascade_failure,skip_test,"","","",one_to_many,1,0,active,,0
447698,385360,381572,test_depends,downstream,optional,"",import,[],"","",cascade_failure,skip_test,"","","",one_to_many,1,0,active,,0
447699,385361,382595,test_depends,downstream,optional,"",import,[],"","",cascade_failure,skip_test,"","","",one_to_many,1,0,active,,0
447700,385361,381615,test_depends,downstream,optional,"",import,[],"","",cascade_failure,skip_test,"","","",one_to_many,1,0,active,,0
447701,385361,381572,test_depends,downstream,optional,"",import,[],"","",cascade_failure,skip_test,"","","",one_to_many,1,0,active,,0
447702,385362,382595,test_depends,downstream,optional,"",import,[],"","",cascade_failure,skip_test,"","","",one_to_many,1,0,active,,0
447703,385362,381615,test_depends,downstream,optional,"",import,[],"","",cascade_failure,skip_test,"","","",one_to_many,1,0,active,,0
447704,385362,381572,test_depends,downstream,optional,"",import,[],"","",cascade_failure,skip_test,"","","",one_to_many,1,0,active,,0
447705,385363,382595,test_depends,downstream,optional,"",import,[],"","",cascade_failure,skip_test,"","","",one_to_many,1,0,active,,0
447706,385363,381615,test_depends,downstream,optional,"",import,[],"","",cascade_failure,skip_test,"","","",one_to_many,1,0,active,,0
447707,385363,381572,test_depends,downstream,optional,"",import,[],"","",cascade_failure,skip_test,"","","",one_to_many,1,0,active,,0
447708,385364,382595,test_depends,downstream,optional,"",import,[],"","",cascade_failure,skip_test,"","","",one_to_many,1,0,active,,0
447709,385364,381615,test_depends,downstream,optional,"",import,[],"","",cascade_failure,skip_test,"","","",one_to_many,1,0,active,,0
447710,385364,381572,test_depends,downstream,optional,"",import,[],"","",cascade_failure,skip_test,"","","",one_to_many,1,0,active,,0
447711,385365,382595,test_depends,downstream,optional,"",import,[],"","",cascade_failure,skip_test,"","","",one_to_many,1,0,active,,0
447712,385365,381615,test_depends,downstream,optional,"",import,[],"","",cascade_failure,skip_test,"","","",one_to_many,1,0,active,,0
447713,385365,381572,test_depends,downstream,optional,"",import,[],"","",cascade_failure,skip_test,"","","",one_to_many,1,0,active,,0
447714,385366,382595,test_depends,downstream,optional,"",import,[],"","",cascade_failure,skip_test,"","","",one_to_many,1,0,active,,0
447715,385366,381615,test_depends,downstream,optional,"",import,[],"","",cascade_failure,skip_test,"","","",one_to_many,1,0,active,,0
447716,385366,381572,test_depends,downstream,optional,"",import,[],"","",cascade_failure,skip_test,"","","",one_to_many,1,0,active,,0
447717,385367,382595,test_depends,downstream,optional,"",import,[],"","",cascade_failure,skip_test,"","","",one_to_many,1,0,active,,0
447718,385367,381615,test_depends,downstream,optional,"",import,[],"","",cascade_failure,skip_test,"","","",one_to_many,1,0,active,,0
447719,385367,381572,test_depends,downstream,optional,"",import,[],"","",cascade_failure,skip_test,"","","",one_to_many,1,0,active,,0
447720,385368,382595,test_depends,downstream,optional,"",import,[],"","",cascade_failure,skip_test,"","","",one_to_many,1,0,active,,0
447721,385368,381615,test_depends,downstream,optional,"",import,[],"","",cascade_failure,skip_test,"","","",one_to_many,1,0,active,,0
447722,385368,381572,test_depends,downstream,optional,"",import,[],"","",cascade_failure,skip_test,"","","",one_to_many,1,0,active,,0
447723,385369,382595,test_depends,downstream,optional,"",import,[],"","",cascade_failure,skip_test,"","","",one_to_many,1,0,active,,0
447724,385369,381615,test_depends,downstream,optional,"",import,[],"","",cascade_failure,skip_test,"","","",one_to_many,1,0,active,,0
447725,385369,381572,test_depends,downstream,optional,"",import,[],"","",cascade_failure,skip_test,"","","",one_to_many,1,0,active,,0
447726,385370,382595,test_depends,downstream,optional,"",import,[],"","",cascade_failure,skip_test,"","","",one_to_many,1,0,active,,0
447727,385370,381615,test_depends,downstream,optional,"",import,[],"","",cascade_failure,skip_test,"","","",one_to_many,1,0,active,,0
447728,385370,381572,test_depends,downstream,optional,"",import,[],"","",cascade_failure,skip_test,"","","",one_to_many,1,0,active,,0
447729,385371,382595,test_depends,downstream,optional,"",import,[],"","",cascade_failure,skip_test,"","","",one_to_many,1,0,active,,0
447730,385371,381615,test_depends,downstream,optional,"",import,[],"","",cascade_failure,skip_test,"","","",one_to_many,1,0,active,,0
447731,385371,381572,test_depends,downstream,optional,"",import,[],"","",cascade_failure,skip_test,"","","",one_to_many,1,0,active,,0
447732,385372,382595,test_depends,downstream,optional,"",import,[],"","",cascade_failure,skip_test,"","","",one_to_many,1,0,active,,0
447733,385372,381615,test_depends,downstream,optional,"",import,[],"","",cascade_failure,skip_test,"","","",one_to_many,1,0,active,,0
447734,385372,381572,test_depends,downstream,optional,"",import,[],"","",cascade_failure,skip_test,"","","",one_to_many,1,0,active,,0
447735,385373,382595,test_depends,downstream,optional,"",import,[],"","",cascade_failure,skip_test,"","","",one_to_many,1,0,active,,0
447736,385373,381615,test_depends,downstream,optional,"",import,[],"","",cascade_failure,skip_test,"","","",one_to_many,1,0,active,,0
447737,385373,381572,test_depends,downstream,optional,"",import,[],"","",cascade_failure,skip_test,"","","",one_to_many,1,0,active,,0
447738,385374,382595,test_depends,downstream,optional,"",import,[],"","",cascade_failure,skip_test,"","","",one_to_many,1,0,active,,0
447739,385374,381615,test_depends,downstream,optional,"",import,[],"","",cascade_failure,skip_test,"","","",one_to_many,1,0,active,,0
447740,385374,381572,test_depends,downstream,optional,"",import,[],"","",cascade_failure,skip_test,"","","",one_to_many,1,0,active,,0
447741,385375,382595,test_depends,downstream,optional,"",import,[],"","",cascade_failure,skip_test,"","","",one_to_many,1,0,active,,0
447742,385375,381615,test_depends,downstream,optional,"",import,[],"","",cascade_failure,skip_test,"","","",one_to_many,1,0,active,,0
447743,385375,381572,test_depends,downstream,optional,"",import,[],"","",cascade_failure,skip_test,"","","",one_to_many,1,0,active,,0
447744,385376,382595,test_depends,downstream,optional,"",import,[],"","",cascade_failure,skip_test,"","","",one_to_many,1,0,active,,0
447745,385376,381615,test_depends,downstream,optional,"",import,[],"","",cascade_failure,skip_test,"","","",one_to_many,1,0,active,,0
447746,385376,381572,test_depends,downstream,optional,"",import,[],"","",cascade_failure,skip_test,"","","",one_to_many,1,0,active,,0
447747,385377,382595,test_depends,downstream,optional,"",import,[],"","",cascade_failure,skip_test,"","","",one_to_many,1,0,active,,0
447748,385377,381615,test_depends,downstream,optional,"",import,[],"","",cascade_failure,skip_test,"","","",one_to_many,1,0,active,,0
447749,385377,381572,test_depends,downstream,optional,"",import,[],"","",cascade_failure,skip_test,"","","",one_to_many,1,0,active,,0
447750,385378,382595,test_depends,downstream,optional,"",import,[],"","",cascade_failure,skip_test,"","","",one_to_many,1,0,active,,0
447751,385378,381615,test_depends,downstream,optional,"",import,[],"","",cascade_failure,skip_test,"","","",one_to_many,1,0,active,,0
447752,385378,381572,test_depends,downstream,optional,"",import,[],"","",cascade_failure,skip_test,"","","",one_to_many,1,0,active,,0
447753,385379,382595,test_depends,downstream,optional,"",import,[],"","",cascade_failure,skip_test,"","","",one_to_many,1,0,active,,0
447754,385379,381615,test_depends,downstream,optional,"",import,[],"","",cascade_failure,skip_test,"","","",one_to_many,1,0,active,,0
447755,385379,381572,test_depends,downstream,optional,"",import,[],"","",cascade_failure,skip_test,"","","",one_to_many,1,0,active,,0
447756,385380,382595,test_depends,downstream,optional,"",import,[],"","",cascade_failure,skip_test,"","","",one_to_many,1,0,active,,0
447757,385380,381615,test_depends,downstream,optional,"",import,[],"","",cascade_failure,skip_test,"","","",one_to_many,1,0,active,,0
447758,385380,381572,test_depends,downstream,optional,"",import,[],"","",cascade_failure,skip_test,"","","",one_to_many,1,0,active,,0
447759,385381,382595,test_depends,downstream,optional,"",import,[],"","",cascade_failure,skip_test,"","","",one_to_many,1,0,active,,0
447760,385381,381615,test_depends,downstream,optional,"",import,[],"","",cascade_failure,skip_test,"","","",one_to_many,1,0,active,,0
447761,385381,381572,test_depends,downstream,optional,"",import,[],"","",cascade_failure,skip_test,"","","",one_to_many,1,0,active,,0
447762,385382,382595,test_depends,downstream,optional,"",import,[],"","",cascade_failure,skip_test,"","","",one_to_many,1,0,active,,0
447763,385382,381615,test_depends,downstream,optional,"",import,[],"","",cascade_failure,skip_test,"","","",one_to_many,1,0,active,,0
447764,385382,381572,test_depends,downstream,optional,"",import,[],"","",cascade_failure,skip_test,"","","",one_to_many,1,0,active,,0
447765,385383,382595,test_depends,downstream,optional,"",import,[],"","",cascade_failure,skip_test,"","","",one_to_many,1,0,active,,0
447766,385383,381615,test_depends,downstream,optional,"",import,[],"","",cascade_failure,skip_test,"","","",one_to_many,1,0,active,,0
447767,385383,381572,test_depends,downstream,optional,"",import,[],"","",cascade_failure,skip_test,"","","",one_to_many,1,0,active,,0
447768,385384,382595,test_depends,downstream,optional,"",import,[],"","",cascade_failure,skip_test,"","","",one_to_many,1,0,active,,0
447769,385384,381615,test_depends,downstream,optional,"",import,[],"","",cascade_failure,skip_test,"","","",one_to_many,1,0,active,,0
447770,385384,381572,test_depends,downstream,optional,"",import,[],"","",cascade_failure,skip_test,"","","",one_to_many,1,0,active,,0
447771,385385,382595,test_depends,downstream,optional,"",import,[],"","",cascade_failure,skip_test,"","","",one_to_many,1,0,active,,0
447772,385385,381615,test_depends,downstream,optional,"",import,[],"","",cascade_failure,skip_test,"","","",one_to_many,1,0,active,,0
447773,385385,381572,test_depends,downstream,optional,"",import,[],"","",cascade_failure,skip_test,"","","",one_to_many,1,0,active,,0
447774,385386,382595,test_depends,downstream,optional,"",import,[],"","",cascade_failure,skip_test,"","","",one_to_many,1,0,active,,0
447775,385386,381615,test_depends,downstream,optional,"",import,[],"","",cascade_failure,skip_test,"","","",one_to_many,1,0,active,,0
447776,385386,381572,test_depends,downstream,optional,"",import,[],"","",cascade_failure,skip_test,"","","",one_to_many,1,0,active,,0
447777,385387,382595,test_depends,downstream,optional,"",import,[],"","",cascade_failure,skip_test,"","","",one_to_many,1,0,active,,0
447778,385387,381615,test_depends,downstream,optional,"",import,[],"","",cascade_failure,skip_test,"","","",one_to_many,1,0,active,,0
447779,385387,381572,test_depends,downstream,optional,"",import,[],"","",cascade_failure,skip_test,"","","",one_to_many,1,0,active,,0
447780,385388,382595,test_depends,downstream,optional,"",import,[],"","",cascade_failure,skip_test,"","","",one_to_many,1,0,active,,0
447781,385388,381615,test_depends,downstream,optional,"",import,[],"","",cascade_failure,skip_test,"","","",one_to_many,1,0,active,,0
447782,385388,381572,test_depends,downstream,optional,"",import,[],"","",cascade_failure,skip_test,"","","",one_to_many,1,0,active,,0
447783,385389,382595,test_depends,downstream,optional,"",import,[],"","",cascade_failure,skip_test,"","","",one_to_many,1,0,active,,0
447784,385389,381615,test_depends,downstream,optional,"",import,[],"","",cascade_failure,skip_test,"","","",one_to_many,1,0,active,,0
447785,385389,381572,test_depends,downstream,optional,"",import,[],"","",cascade_failure,skip_test,"","","",one_to_many,1,0,active,,0
447786,385390,382595,test_depends,downstream,optional,"",import,[],"","",cascade_failure,skip_test,"","","",one_to_many,1,0,active,,0
447787,385390,381615,test_depends,downstream,optional,"",import,[],"","",cascade_failure,skip_test,"","","",one_to_many,1,0,active,,0
447788,385390,381572,test_depends,downstream,optional,"",import,[],"","",cascade_failure,skip_test,"","","",one_to_many,1,0,active,,0
447789,385391,382595,test_depends,downstream,optional,"",import,[],"","",cascade_failure,skip_test,"","","",one_to_many,1,0,active,,0
447790,385391,381615,test_depends,downstream,optional,"",import,[],"","",cascade_failure,skip_test,"","","",one_to_many,1,0,active,,0
447791,385391,381572,test_depends,downstream,optional,"",import,[],"","",cascade_failure,skip_test,"","","",one_to_many,1,0,active,,0
447792,385392,382595,test_depends,downstream,optional,"",import,[],"","",cascade_failure,skip_test,"","","",one_to_many,1,0,active,,0
447793,385392,381615,test_depends,downstream,optional,"",import,[],"","",cascade_failure,skip_test,"","","",one_to_many,1,0,active,,0
447794,385392,381572,test_depends,downstream,optional,"",import,[],"","",cascade_failure,skip_test,"","","",one_to_many,1,0,active,,0
447795,385393,382595,test_depends,downstream,optional,"",import,[],"","",cascade_failure,skip_test,"","","",one_to_many,1,0,active,,0
447796,385393,381615,test_depends,downstream,optional,"",import,[],"","",cascade_failure,skip_test,"","","",one_to_many,1,0,active,,0
447797,385393,381572,test_depends,downstream,optional,"",import,[],"","",cascade_failure,skip_test,"","","",one_to_many,1,0,active,,0
447798,385394,382595,test_depends,downstream,optional,"",import,[],"","",cascade_failure,skip_test,"","","",one_to_many,1,0,active,,0
447799,385394,381615,test_depends,downstream,optional,"",import,[],"","",cascade_failure,skip_test,"","","",one_to_many,1,0,active,,0
447800,385394,381572,test_depends,downstream,optional,"",import,[],"","",cascade_failure,skip_test,"","","",one_to_many,1,0,active,,0
447801,385395,382595,test_depends,downstream,optional,"",import,[],"","",cascade_failure,skip_test,"","","",one_to_many,1,0,active,,0
447802,385395,381615,test_depends,downstream,optional,"",import,[],"","",cascade_failure,skip_test,"","","",one_to_many,1,0,active,,0
447803,385395,381572,test_depends,downstream,optional,"",import,[],"","",cascade_failure,skip_test,"","","",one_to_many,1,0,active,,0
447804,385396,382595,test_depends,downstream,optional,"",import,[],"","",cascade_failure,skip_test,"","","",one_to_many,1,0,active,,0
447805,385396,381615,test_depends,downstream,optional,"",import,[],"","",cascade_failure,skip_test,"","","",one_to_many,1,0,active,,0
447806,385396,381572,test_depends,downstream,optional,"",import,[],"","",cascade_failure,skip_test,"","","",one_to_many,1,0,active,,0
447807,385397,382565,test_depends,downstream,optional,"",import,[],"","",cascade_failure,skip_test,"","","",one_to_many,1,0,active,,0
447808,385398,382573,test_depends,downstream,optional,"",import,[],"","",cascade_failure,skip_test,"","","",one_to_many,1,0,active,,0
447809,385399,382568,test_depends,downstream,optional,"",import,[],"","",cascade_failure,skip_test,"","","",one_to_many,1,0,active,,0
447810,385400,382569,test_depends,downstream,optional,"",import,[],"","",cascade_failure,skip_test,"","","",one_to_many,1,0,active,,0
447811,385400,382568,test_depends,downstream,optional,"",import,[],"","",cascade_failure,skip_test,"","","",one_to_many,1,0,active,,0
447812,385401,382634,test_depends,downstream,optional,"",import,[],"","",cascade_failure,skip_test,"","","",one_to_many,1,0,active,,0
447813,385401,382568,test_depends,downstream,optional,"",import,[],"","",cascade_failure,skip_test,"","","",one_to_many,1,0,active,,0
447814,385402,382635,test_depends,downstream,optional,"",import,[],"","",cascade_failure,skip_test,"","","",one_to_many,1,0,active,,0
447815,385402,382568,test_depends,downstream,optional,"",import,[],"","",cascade_failure,skip_test,"","","",one_to_many,1,0,active,,0
447816,385403,382655,test_depends,downstream,optional,"",import,[],"","",cascade_failure,skip_test,"","","",one_to_many,1,0,active,,0
447817,385404,382571,test_depends,downstream,optional,"",import,[],"","",cascade_failure,skip_test,"","","",one_to_many,1,0,active,,0
447818,385405,382658,test_depends,downstream,optional,"",import,[],"","",cascade_failure,skip_test,"","","",one_to_many,1,0,active,,0
447819,385406,381572,test_depends,downstream,optional,"",import,[],"","",cascade_failure,skip_test,"","","",one_to_many,1,0,active,,0
447820,385406,382074,test_depends,downstream,optional,"",import,[],"","",cascade_failure,skip_test,"","","",one_to_many,1,0,active,,0
447821,385406,382076,test_depends,downstream,optional,"",import,[],"","",cascade_failure,skip_test,"","","",one_to_many,1,0,active,,0
447822,385406,382663,test_depends,downstream,optional,"",import,[],"","",cascade_failure,skip_test,"","","",one_to_many,1,0,active,,0
447823,385407,382428,test_depends,downstream,optional,"",import,[],"","",cascade_failure,skip_test,"","","",one_to_many,1,0,active,,0
447824,385408,382591,test_depends,downstream,optional,"",import,[],"","",cascade_failure,skip_test,"","","",one_to_many,1,0,active,,0
447825,385409,382664,test_depends,downstream,optional,"",import,[],"","",cascade_failure,skip_test,"","","",one_to_many,1,0,active,,0
447826,380757,380853,config_depends,downstream,degradable,"",config,[],"",shared_kernel,timeout,circuit_break,"","","",one_to_many,0,0,active,,0
447827,380764,380853,config_depends,downstream,degradable,"",config,[],"",shared_kernel,timeout,circuit_break,"","","",one_to_many,0,0,active,,0
447828,380772,380853,config_depends,downstream,degradable,"",config,[],"",shared_kernel,timeout,circuit_break,"","","",one_to_many,0,0,active,,0
447829,380780,380853,config_depends,downstream,degradable,"",config,[],"",shared_kernel,timeout,circuit_break,"","","",one_to_many,0,0,active,,0
447830,380788,380853,config_depends,downstream,degradable,"",config,[],"",shared_kernel,timeout,circuit_break,"","","",one_to_many,0,0,active,,0
447831,380812,380853,config_depends,downstream,degradable,"",config,[],"",shared_kernel,timeout,circuit_break,"","","",one_to_many,0,0,active,,0
447832,380820,380853,config_depends,downstream,degradable,"",config,[],"","",timeout,circuit_break,"","","",one_to_many,0,0,active,,0
447833,380827,380853,config_depends,downstream,degradable,"",config,[],"",shared_kernel,timeout,circuit_break,"","","",one_to_many,0,0,active,,0
447834,380835,380853,config_depends,downstream,degradable,"",config,[],"",shared_kernel,timeout,circuit_break,"","","",one_to_many,0,0,active,,0
447835,380851,380853,config_depends,downstream,degradable,"",config,[],"",shared_kernel,timeout,circuit_break,"","","",one_to_many,0,0,active,,0
447836,380859,380853,config_depends,downstream,degradable,"",config,[],"",shared_kernel,timeout,circuit_break,"","","",one_to_many,0,0,active,,0
447837,380862,380853,config_depends,downstream,degradable,"",config,[],"",shared_kernel,timeout,circuit_break,"","","",one_to_many,0,0,active,,0
447838,380871,380853,config_depends,downstream,degradable,"",config,[],"",shared_kernel,timeout,circuit_break,"","","",one_to_many,0,0,active,,0
447839,380877,380853,config_depends,downstream,degradable,"",config,[],"",shared_kernel,timeout,circuit_break,"","","",one_to_many,0,0,active,,0
447840,380880,380853,config_depends,downstream,degradable,"",config,[],"",shared_kernel,timeout,circuit_break,"","","",one_to_many,0,0,active,,0
447841,380886,380853,config_depends,downstream,degradable,"",config,[],"",shared_kernel,timeout,circuit_break,"","","",one_to_many,0,0,active,,0
447842,380887,380896,config_depends,downstream,degradable,"",config,[],"",shared_kernel,timeout,circuit_break,"","","",one_to_many,0,0,active,,0
447843,380889,380853,config_depends,downstream,degradable,"",config,[],"",shared_kernel,timeout,circuit_break,"","","",one_to_many,0,0,active,,0
447844,380898,380853,config_depends,downstream,degradable,"",config,[],"",shared_kernel,timeout,circuit_break,"","","",one_to_many,0,0,active,,0
447845,380907,380853,config_depends,downstream,degradable,"",config,[],"",shared_kernel,timeout,circuit_break,"","","",one_to_many,0,0,active,,0
447846,380916,380853,config_depends,downstream,degradable,"",config,[],"",shared_kernel,timeout,circuit_break,"","","",one_to_many,0,0,active,,0
447847,380925,380853,config_depends,downstream,degradable,"",config,[],"",shared_kernel,timeout,circuit_break,"","","",one_to_many,0,0,active,,0
447848,380934,380853,config_depends,downstream,degradable,"",config,[],"",shared_kernel,timeout,circuit_break,"","","",one_to_many,0,0,active,,0
447849,380952,380853,config_depends,downstream,degradable,"",config,[],"",shared_kernel,timeout,circuit_break,"","","",one_to_many,0,0,active,,0
447850,380961,380853,config_depends,downstream,degradable,"",config,[],"",shared_kernel,timeout,circuit_break,"","","",one_to_many,0,0,active,,0
447851,380970,380853,config_depends,downstream,degradable,"",config,[],"",shared_kernel,timeout,circuit_break,"","","",one_to_many,0,0,active,,0
447852,380978,380853,config_depends,downstream,degradable,"",config,[],"",shared_kernel,timeout,circuit_break,"","","",one_to_many,0,0,active,,0
447853,380985,380853,config_depends,downstream,degradable,"",config,[],"",shared_kernel,timeout,circuit_break,"","","",one_to_many,0,0,active,,0
447854,380993,380853,config_depends,downstream,degradable,"",config,[],"",shared_kernel,timeout,circuit_break,"","","",one_to_many,0,0,active,,0
447855,381001,380853,config_depends,downstream,degradable,"",config,[],"",shared_kernel,timeout,circuit_break,"","","",one_to_many,0,0,active,,0
447857,381008,380853,config_depends,downstream,degradable,"",config,[],"",shared_kernel,timeout,circuit_break,"","","",one_to_many,0,0,active,,0
447858,381016,380853,config_depends,downstream,degradable,"",config,[],"",shared_kernel,timeout,circuit_break,"","","",one_to_many,0,0,active,,0
447859,381024,380853,config_depends,downstream,degradable,"",config,[],"",shared_kernel,timeout,circuit_break,"","","",one_to_many,0,0,active,,0
447860,381033,380853,config_depends,downstream,degradable,"",config,[],"",shared_kernel,timeout,circuit_break,"","","",one_to_many,0,0,active,,0
447861,381051,380853,config_depends,downstream,degradable,"",config,[],"",shared_kernel,timeout,circuit_break,"","","",one_to_many,0,0,active,,0
447862,381057,381061,config_depends,downstream,degradable,"",config,[],"",shared_kernel,timeout,circuit_break,"","","",one_to_many,0,0,active,,0
447864,381194,381190,config_depends,downstream,degradable,"",config,[],"","",timeout,circuit_break,"","","",one_to_many,0,0,active,,0
447865,381247,381192,config_depends,downstream,degradable,"",config,[],"","",timeout,circuit_break,"","","",one_to_many,0,0,active,,0
447866,381259,381251,config_depends,downstream,degradable,"",config,[],"","",timeout,circuit_break,"","","",one_to_many,0,0,active,,0
447867,381281,381260,config_depends,downstream,degradable,"",config,[],"","",timeout,circuit_break,"","","",one_to_many,0,0,active,,0
447868,381297,381288,config_depends,downstream,degradable,"",config,[],"","",timeout,circuit_break,"","","",one_to_many,0,0,active,,0
447869,381381,381372,config_depends,downstream,degradable,"",config,[],"","",timeout,circuit_break,"","","",one_to_many,0,0,active,,0
447870,381384,381386,config_depends,downstream,degradable,"",config,[],"","",timeout,circuit_break,"","","",one_to_many,0,0,active,,0
447871,381412,381404,config_depends,downstream,degradable,"",config,[],"","",timeout,circuit_break,"","","",one_to_many,0,0,active,,0
447872,381433,381413,config_depends,downstream,degradable,"",config,[],"","",timeout,circuit_break,"","","",one_to_many,0,0,active,,0
447873,381455,381461,config_depends,downstream,degradable,"",config,[],"","",timeout,circuit_break,"","","",one_to_many,0,0,active,,0
447874,381459,381431,config_depends,downstream,degradable,"",config,[],"","",timeout,circuit_break,"","","",one_to_many,0,0,active,,0
447875,381463,381460,config_depends,downstream,degradable,"",config,[],"","",timeout,circuit_break,"","","",one_to_many,0,0,active,,0
447876,381465,381462,config_depends,downstream,degradable,"",config,[],"","",timeout,circuit_break,"","","",one_to_many,0,0,active,,0
447877,381472,381467,config_depends,downstream,degradable,"",config,[],"","",timeout,circuit_break,"","","",one_to_many,0,0,active,,0
447878,381538,381520,config_depends,downstream,degradable,"",config,[],"","",timeout,circuit_break,"","","",one_to_many,0,0,active,,0
447879,381539,381537,config_depends,downstream,degradable,"",config,[],"","",timeout,circuit_break,"","","",one_to_many,0,0,active,,0
447880,381620,381612,config_depends,downstream,degradable,"",config,[],"","",timeout,circuit_break,"","","",one_to_many,0,0,active,,0
447881,381633,381635,config_depends,downstream,degradable,"",config,[],"","",timeout,circuit_break,"","","",one_to_many,0,0,active,,0
447882,381662,381677,config_depends,downstream,degradable,"",config,[],"",shared_kernel,timeout,circuit_break,"","","",one_to_many,0,0,active,,0
447883,381680,381677,config_depends,downstream,degradable,"",config,[],"",shared_kernel,timeout,circuit_break,"","","",one_to_many,0,0,active,,0
447884,381683,381676,config_depends,downstream,degradable,"",config,[],"","",timeout,circuit_break,"","","",one_to_many,0,0,active,,0
447885,381691,381681,config_depends,downstream,degradable,"",config,[],"","",timeout,circuit_break,"","","",one_to_many,0,0,active,,0
447886,381733,381750,config_depends,downstream,degradable,"",config,[],"",shared_kernel,timeout,circuit_break,"","","",one_to_many,0,0,active,,0
447887,381735,381750,config_depends,downstream,degradable,"",config,[],"",shared_kernel,timeout,circuit_break,"","","",one_to_many,0,0,active,,0
447888,381756,381759,config_depends,downstream,degradable,"",config,[],"",shared_kernel,timeout,circuit_break,"","","",one_to_many,0,0,active,,0
447889,381760,381759,config_depends,downstream,degradable,"",config,[],"",shared_kernel,timeout,circuit_break,"","","",one_to_many,0,0,active,,0
447890,381763,381775,config_depends,downstream,degradable,"",config,[],"",shared_kernel,timeout,circuit_break,"","","",one_to_many,0,0,active,,0
447891,381764,381775,config_depends,downstream,degradable,"",config,[],"",shared_kernel,timeout,circuit_break,"","","",one_to_many,0,0,active,,0
447892,381765,381775,config_depends,downstream,degradable,"",config,[],"",shared_kernel,timeout,circuit_break,"","","",one_to_many,0,0,active,,0
447893,381767,381775,config_depends,downstream,degradable,"",config,[],"",shared_kernel,timeout,circuit_break,"","","",one_to_many,0,0,active,,0
447894,381771,381775,config_depends,downstream,degradable,"",config,[],"",shared_kernel,timeout,circuit_break,"","","",one_to_many,0,0,active,,0
447895,381772,381775,config_depends,downstream,degradable,"",config,[],"",shared_kernel,timeout,circuit_break,"","","",one_to_many,0,0,active,,0
447896,381774,381775,config_depends,downstream,degradable,"",config,[],"",shared_kernel,timeout,circuit_break,"","","",one_to_many,0,0,active,,0
447897,381792,381842,config_depends,downstream,degradable,"",config,[],"",shared_kernel,timeout,circuit_break,"","","",one_to_many,0,0,active,,0
447898,381793,381842,config_depends,downstream,degradable,"",config,[],"",shared_kernel,timeout,circuit_break,"","","",one_to_many,0,0,active,,0
447899,381795,381842,config_depends,downstream,degradable,"",config,[],"",shared_kernel,timeout,circuit_break,"","","",one_to_many,0,0,active,,0
447900,381797,381842,config_depends,downstream,degradable,"",config,[],"",shared_kernel,timeout,circuit_break,"","","",one_to_many,0,0,active,,0
447901,381799,381842,config_depends,downstream,degradable,"",config,[],"",shared_kernel,timeout,circuit_break,"","","",one_to_many,0,0,active,,0
447902,381808,381842,config_depends,downstream,degradable,"",config,[],"",shared_kernel,timeout,circuit_break,"","","",one_to_many,0,0,active,,0
447903,381809,381842,config_depends,downstream,degradable,"",config,[],"",shared_kernel,timeout,circuit_break,"","","",one_to_many,0,0,active,,0
447904,381810,381842,config_depends,downstream,degradable,"",config,[],"",shared_kernel,timeout,circuit_break,"","","",one_to_many,0,0,active,,0
447905,381814,381842,config_depends,downstream,degradable,"",config,[],"",shared_kernel,timeout,circuit_break,"","","",one_to_many,0,0,active,,0
447906,381816,381842,config_depends,downstream,degradable,"",config,[],"",shared_kernel,timeout,circuit_break,"","","",one_to_many,0,0,active,,0
447907,381824,381842,config_depends,downstream,degradable,"",config,[],"",shared_kernel,timeout,circuit_break,"","","",one_to_many,0,0,active,,0
447908,381888,381899,config_depends,downstream,degradable,"",config,[],"",shared_kernel,timeout,circuit_break,"","","",one_to_many,0,0,active,,0
447909,381890,381899,config_depends,downstream,degradable,"",config,[],"",shared_kernel,timeout,circuit_break,"","","",one_to_many,0,0,active,,0
447910,381892,381899,config_depends,downstream,degradable,"",config,[],"",shared_kernel,timeout,circuit_break,"","","",one_to_many,0,0,active,,0
447911,381895,381899,config_depends,downstream,degradable,"",config,[],"",shared_kernel,timeout,circuit_break,"","","",one_to_many,0,0,active,,0
447912,381896,381899,config_depends,downstream,degradable,"",config,[],"",shared_kernel,timeout,circuit_break,"","","",one_to_many,0,0,active,,0
447913,381984,381981,config_depends,downstream,degradable,"",config,[],"",shared_kernel,timeout,circuit_break,"","","",one_to_many,0,0,active,,0
447914,381987,381985,config_depends,downstream,degradable,"",config,[],"","",timeout,circuit_break,"","","",one_to_many,0,0,active,,0
447915,382021,382023,config_depends,downstream,degradable,"",config,[],"",shared_kernel,timeout,circuit_break,"","","",one_to_many,0,0,active,,0
447916,382024,382026,config_depends,downstream,degradable,"",config,[],"","",timeout,circuit_break,"","","",one_to_many,0,0,active,,0
447917,382028,382031,config_depends,downstream,degradable,"",config,[],"",shared_kernel,timeout,circuit_break,"","","",one_to_many,0,0,active,,0
447918,382077,382070,config_depends,downstream,degradable,"",config,[],"","",timeout,circuit_break,"","","",one_to_many,0,0,active,,0
447919,382084,382105,config_depends,downstream,degradable,"",config,[],"",shared_kernel,timeout,circuit_break,"","","",one_to_many,0,0,active,,0
447920,382108,382104,config_depends,downstream,degradable,"",config,[],"","",timeout,circuit_break,"","","",one_to_many,0,0,active,,0
447921,382121,382112,config_depends,downstream,degradable,"",config,[],"","",timeout,circuit_break,"","","",one_to_many,0,0,active,,0
447922,382174,382172,config_depends,downstream,degradable,"",config,[],"","",timeout,circuit_break,"","","",one_to_many,0,0,active,,0
447924,382202,382197,config_depends,downstream,degradable,"",config,[],"","",timeout,circuit_break,"","","",one_to_many,0,0,active,,0
447925,382232,382234,config_depends,downstream,degradable,"",config,[],"",shared_kernel,timeout,circuit_break,"","","",one_to_many,0,0,active,,0
447926,382244,382235,config_depends,downstream,degradable,"",config,[],"","",timeout,circuit_break,"","","",one_to_many,0,0,active,,0
447927,382253,382299,config_depends,downstream,degradable,"",config,[],"","",timeout,circuit_break,"","","",one_to_many,0,0,active,,0
447928,382257,382299,config_depends,downstream,degradable,"",config,[],"","",timeout,circuit_break,"","","",one_to_many,0,0,active,,0
447929,382259,382299,config_depends,downstream,degradable,"",config,[],"","",timeout,circuit_break,"","","",one_to_many,0,0,active,,0
447930,382268,382299,config_depends,downstream,degradable,"",config,[],"","",timeout,circuit_break,"","","",one_to_many,0,0,active,,0
447931,382269,382299,config_depends,downstream,degradable,"",config,[],"","",timeout,circuit_break,"","","",one_to_many,0,0,active,,0
447932,382280,382299,config_depends,downstream,degradable,"",config,[],"","",timeout,circuit_break,"","","",one_to_many,0,0,active,,0
447933,382288,382299,config_depends,downstream,degradable,"",config,[],"","",timeout,circuit_break,"","","",one_to_many,0,0,active,,0
447934,382289,382299,config_depends,downstream,degradable,"",config,[],"","",timeout,circuit_break,"","","",one_to_many,0,0,active,,0
447935,382293,382299,config_depends,downstream,degradable,"",config,[],"",shared_kernel,timeout,circuit_break,"","","",one_to_many,0,0,active,,0
447936,382301,382294,config_depends,downstream,degradable,"",config,[],"","",timeout,circuit_break,"","","",one_to_many,0,0,active,,0
447937,382305,382320,config_depends,downstream,degradable,"",config,[],"","",timeout,circuit_break,"","","",one_to_many,0,0,active,,0
447938,382346,382352,config_depends,downstream,degradable,"",config,[],"","",timeout,circuit_break,"","","",one_to_many,0,0,active,,0
447939,382348,382352,config_depends,downstream,degradable,"",config,[],"","",timeout,circuit_break,"","","",one_to_many,0,0,active,,0
447940,382349,382352,config_depends,downstream,degradable,"",config,[],"","",timeout,circuit_break,"","","",one_to_many,0,0,active,,0
447941,382351,382352,config_depends,downstream,degradable,"",config,[],"","",timeout,circuit_break,"","","",one_to_many,0,0,active,,0
447942,382393,382395,config_depends,downstream,degradable,"",config,[],"","",timeout,circuit_break,"","","",one_to_many,0,0,active,,0
447943,382402,382406,config_depends,downstream,degradable,"",config,[],"",shared_kernel,timeout,circuit_break,"","","",one_to_many,0,0,active,,0
447944,382405,382406,config_depends,downstream,degradable,"",config,[],"",shared_kernel,timeout,circuit_break,"","","",one_to_many,0,0,active,,0
447945,382429,382428,config_depends,downstream,degradable,"",config,[],"","",timeout,circuit_break,"","","",one_to_many,0,0,active,,0
447946,382442,382451,config_depends,downstream,degradable,"",config,[],"","",timeout,circuit_break,"","","",one_to_many,0,0,active,,0
447947,382448,382446,config_depends,downstream,degradable,"",config,[],"","",timeout,circuit_break,"","","",one_to_many,0,0,active,,0
447948,382449,382448,config_depends,downstream,degradable,"",config,[],"","",timeout,circuit_break,"","","",one_to_many,0,0,active,,0
447949,382462,382452,config_depends,downstream,degradable,"",config,[],"","",timeout,circuit_break,"","","",one_to_many,0,0,active,,0
447950,382463,382491,config_depends,downstream,degradable,"",config,[],"","",timeout,circuit_break,"","","",one_to_many,0,0,active,,0
447951,382465,382491,config_depends,downstream,degradable,"",config,[],"","",timeout,circuit_break,"","","",one_to_many,0,0,active,,0
447952,382466,382491,config_depends,downstream,degradable,"",config,[],"","",timeout,circuit_break,"","","",one_to_many,0,0,active,,0
447953,382468,382491,config_depends,downstream,degradable,"",config,[],"","",timeout,circuit_break,"","","",one_to_many,0,0,active,,0
447954,382469,382491,config_depends,downstream,degradable,"",config,[],"","",timeout,circuit_break,"","","",one_to_many,0,0,active,,0
447955,382482,382491,config_depends,downstream,degradable,"",config,[],"","",timeout,circuit_break,"","","",one_to_many,0,0,active,,0
447956,382486,382491,config_depends,downstream,degradable,"",config,[],"","",timeout,circuit_break,"","","",one_to_many,0,0,active,,0
447957,382489,382491,config_depends,downstream,degradable,"",config,[],"","",timeout,circuit_break,"","","",one_to_many,0,0,active,,0
447958,382492,382491,config_depends,downstream,degradable,"",config,[],"","",timeout,circuit_break,"","","",one_to_many,0,0,active,,0
447959,382495,382491,config_depends,downstream,degradable,"",config,[],"","",timeout,circuit_break,"","","",one_to_many,0,0,active,,0
447960,382515,382525,config_depends,downstream,degradable,"",config,[],"",shared_kernel,timeout,circuit_break,"","","",one_to_many,0,0,active,,0
447961,382518,382525,config_depends,downstream,degradable,"",config,[],"",shared_kernel,timeout,circuit_break,"","","",one_to_many,0,0,active,,0
447962,382519,382525,config_depends,downstream,degradable,"",config,[],"",shared_kernel,timeout,circuit_break,"","","",one_to_many,0,0,active,,0
447963,382520,382525,config_depends,downstream,degradable,"",config,[],"",shared_kernel,timeout,circuit_break,"","","",one_to_many,0,0,active,,0
447964,382522,382525,config_depends,downstream,degradable,"",config,[],"",shared_kernel,timeout,circuit_break,"","","",one_to_many,0,0,active,,0
447965,382526,382527,config_depends,downstream,degradable,"",config,[],"","",timeout,circuit_break,"","","",one_to_many,0,0,active,,0
447966,382528,382524,config_depends,downstream,degradable,"",config,[],"","",timeout,circuit_break,"","","",one_to_many,0,0,active,,0
447967,382530,382527,config_depends,downstream,degradable,"",config,[],"","",timeout,circuit_break,"","","",one_to_many,0,0,active,,0
447968,382531,382527,config_depends,downstream,degradable,"",config,[],"","",timeout,circuit_break,"","","",one_to_many,0,0,active,,0
447969,382532,382527,config_depends,downstream,degradable,"",config,[],"","",timeout,circuit_break,"","","",one_to_many,0,0,active,,0
447970,382558,382554,config_depends,downstream,degradable,"",config,[],"","",timeout,circuit_break,"","","",one_to_many,0,0,active,,0
447971,382570,382573,config_depends,downstream,degradable,"",config,[],"","",timeout,circuit_break,"","","",one_to_many,0,0,active,,0
447972,382574,382573,config_depends,downstream,degradable,"",config,[],"","",timeout,circuit_break,"","","",one_to_many,0,0,active,,0
447973,382594,382584,config_depends,downstream,degradable,"",config,[],"","",timeout,circuit_break,"","","",one_to_many,0,0,active,,0
447974,382607,382598,config_depends,downstream,degradable,"",config,[],"","",timeout,circuit_break,"","","",one_to_many,0,0,active,,0
447975,382642,382637,config_depends,downstream,degradable,"",config,[],"","",timeout,circuit_break,"","","",one_to_many,0,0,active,,0
447976,382650,382643,config_depends,downstream,degradable,"",config,[],"","",timeout,circuit_break,"","","",one_to_many,0,0,active,,0
447977,382654,382649,config_depends,downstream,degradable,"",config,[],"","",timeout,circuit_break,"","","",one_to_many,0,0,active,,0
447978,382668,382669,config_depends,downstream,degradable,"",config,[],"","",timeout,circuit_break,"","","",one_to_many,0,0,active,,0
447979,382686,382688,config_depends,downstream,degradable,"",config,[],"",shared_kernel,timeout,circuit_break,"","","",one_to_many,0,0,active,,0
447980,382687,382683,config_depends,downstream,degradable,"",config,[],"",shared_kernel,timeout,circuit_break,"","","",one_to_many,0,0,active,,0
447981,382716,382712,config_depends,downstream,degradable,"",config,[],"","",timeout,circuit_break,"","","",one_to_many,0,0,active,,0
447982,382744,382758,config_depends,downstream,degradable,"",config,[],"",shared_kernel,timeout,circuit_break,"","","",one_to_many,0,0,active,,0
447983,382821,382831,config_depends,downstream,degradable,"",config,[],"","",timeout,circuit_break,"","","",one_to_many,0,0,active,,0
447984,382825,382831,config_depends,downstream,degradable,"",config,[],"","",timeout,circuit_break,"","","",one_to_many,0,0,active,,0
447985,382827,382831,config_depends,downstream,degradable,"",config,[],"","",timeout,circuit_break,"","","",one_to_many,0,0,active,,0
447986,382828,382831,config_depends,downstream,degradable,"",config,[],"","",timeout,circuit_break,"","","",one_to_many,0,0,active,,0
447987,382829,382831,config_depends,downstream,degradable,"",config,[],"","",timeout,circuit_break,"","","",one_to_many,0,0,active,,0
447988,382830,382831,config_depends,downstream,degradable,"",config,[],"","",timeout,circuit_break,"","","",one_to_many,0,0,active,,0
447989,382832,382831,config_depends,downstream,degradable,"",config,[],"","",timeout,circuit_break,"","","",one_to_many,0,0,active,,0
447990,382833,382831,config_depends,downstream,degradable,"",config,[],"","",timeout,circuit_break,"","","",one_to_many,0,0,active,,0
447991,382834,382831,config_depends,downstream,degradable,"",config,[],"","",timeout,circuit_break,"","","",one_to_many,0,0,active,,0
447992,382835,382850,config_depends,downstream,degradable,"",config,[],"","",timeout,circuit_break,"","","",one_to_many,0,0,active,,0
447993,382836,382831,config_depends,downstream,degradable,"",config,[],"","",timeout,circuit_break,"","","",one_to_many,0,0,active,,0
447994,382837,382850,config_depends,downstream,degradable,"",config,[],"","",timeout,circuit_break,"","","",one_to_many,0,0,active,,0
447995,382838,382850,config_depends,downstream,degradable,"",config,[],"","",timeout,circuit_break,"","","",one_to_many,0,0,active,,0
447996,382839,382850,config_depends,downstream,degradable,"",config,[],"","",timeout,circuit_break,"","","",one_to_many,0,0,active,,0
447997,382840,382850,config_depends,downstream,degradable,"",config,[],"","",timeout,circuit_break,"","","",one_to_many,0,0,active,,0
447998,382841,382850,config_depends,downstream,degradable,"",config,[],"","",timeout,circuit_break,"","","",one_to_many,0,0,active,,0
447999,382842,382850,config_depends,downstream,degradable,"",config,[],"","",timeout,circuit_break,"","","",one_to_many,0,0,active,,0
448000,382843,382850,config_depends,downstream,degradable,"",config,[],"","",timeout,circuit_break,"","","",one_to_many,0,0,active,,0
448001,382844,382850,config_depends,downstream,degradable,"",config,[],"","",timeout,circuit_break,"","","",one_to_many,0,0,active,,0
448002,382845,382850,config_depends,downstream,degradable,"",config,[],"","",timeout,circuit_break,"","","",one_to_many,0,0,active,,0
448003,382846,382850,config_depends,downstream,degradable,"",config,[],"","",timeout,circuit_break,"","","",one_to_many,0,0,active,,0
448004,382847,382850,config_depends,downstream,degradable,"",config,[],"","",timeout,circuit_break,"","","",one_to_many,0,0,active,,0
448005,382848,382850,config_depends,downstream,degradable,"",config,[],"","",timeout,circuit_break,"","","",one_to_many,0,0,active,,0
448006,382849,382850,config_depends,downstream,degradable,"",config,[],"","",timeout,circuit_break,"","","",one_to_many,0,0,active,,0
448007,382851,382850,config_depends,downstream,degradable,"",config,[],"","",timeout,circuit_break,"","","",one_to_many,0,0,active,,0
448008,382852,382859,config_depends,downstream,degradable,"",config,[],"","",timeout,circuit_break,"","","",one_to_many,0,0,active,,0
448009,382853,382850,config_depends,downstream,degradable,"",config,[],"","",timeout,circuit_break,"","","",one_to_many,0,0,active,,0
448010,382854,382859,config_depends,downstream,degradable,"",config,[],"","",timeout,circuit_break,"","","",one_to_many,0,0,active,,0
448011,382855,382859,config_depends,downstream,degradable,"",config,[],"","",timeout,circuit_break,"","","",one_to_many,0,0,active,,0
448012,382856,382859,config_depends,downstream,degradable,"",config,[],"","",timeout,circuit_break,"","","",one_to_many,0,0,active,,0
448013,382857,382859,config_depends,downstream,degradable,"",config,[],"","",timeout,circuit_break,"","","",one_to_many,0,0,active,,0
448014,382858,382859,config_depends,downstream,degradable,"",config,[],"","",timeout,circuit_break,"","","",one_to_many,0,0,active,,0
448015,382860,382874,config_depends,downstream,degradable,"",config,[],"","",timeout,circuit_break,"","","",one_to_many,0,0,active,,0
448016,382861,382874,config_depends,downstream,degradable,"",config,[],"","",timeout,circuit_break,"","","",one_to_many,0,0,active,,0
448017,382862,382859,config_depends,downstream,degradable,"",config,[],"","",timeout,circuit_break,"","","",one_to_many,0,0,active,,0
448018,382863,382874,config_depends,downstream,degradable,"",config,[],"","",timeout,circuit_break,"","","",one_to_many,0,0,active,,0
448019,382864,382874,config_depends,downstream,degradable,"",config,[],"","",timeout,circuit_break,"","","",one_to_many,0,0,active,,0
448020,382865,382874,config_depends,downstream,degradable,"",config,[],"","",timeout,circuit_break,"","","",one_to_many,0,0,active,,0
448021,382866,382874,config_depends,downstream,degradable,"",config,[],"","",timeout,circuit_break,"","","",one_to_many,0,0,active,,0
448022,382867,382874,config_depends,downstream,degradable,"",config,[],"","",timeout,circuit_break,"","","",one_to_many,0,0,active,,0
448023,382868,382887,config_depends,downstream,degradable,"",config,[],"","",timeout,circuit_break,"","","",one_to_many,0,0,active,,0
448024,382869,382874,config_depends,downstream,degradable,"",config,[],"","",timeout,circuit_break,"","","",one_to_many,0,0,active,,0
448025,382870,382874,config_depends,downstream,degradable,"",config,[],"","",timeout,circuit_break,"","","",one_to_many,0,0,active,,0
448026,382871,382874,config_depends,downstream,degradable,"",config,[],"","",timeout,circuit_break,"","","",one_to_many,0,0,active,,0
448027,382872,382887,config_depends,downstream,degradable,"",config,[],"","",timeout,circuit_break,"","","",one_to_many,0,0,active,,0
448028,382873,382887,config_depends,downstream,degradable,"",config,[],"","",timeout,circuit_break,"","","",one_to_many,0,0,active,,0
448029,382875,382887,config_depends,downstream,degradable,"",config,[],"","",timeout,circuit_break,"","","",one_to_many,0,0,active,,0
448030,382876,382887,config_depends,downstream,degradable,"",config,[],"","",timeout,circuit_break,"","","",one_to_many,0,0,active,,0
448031,382877,382887,config_depends,downstream,degradable,"",config,[],"","",timeout,circuit_break,"","","",one_to_many,0,0,active,,0
448032,382878,382887,config_depends,downstream,degradable,"",config,[],"","",timeout,circuit_break,"","","",one_to_many,0,0,active,,0
448033,382879,382887,config_depends,downstream,degradable,"",config,[],"","",timeout,circuit_break,"","","",one_to_many,0,0,active,,0
448034,382880,382887,config_depends,downstream,degradable,"",config,[],"","",timeout,circuit_break,"","","",one_to_many,0,0,active,,0
448035,382881,382887,config_depends,downstream,degradable,"",config,[],"","",timeout,circuit_break,"","","",one_to_many,0,0,active,,0
448036,382882,382887,config_depends,downstream,degradable,"",config,[],"","",timeout,circuit_break,"","","",one_to_many,0,0,active,,0
448037,382883,382887,config_depends,downstream,degradable,"",config,[],"","",timeout,circuit_break,"","","",one_to_many,0,0,active,,0
448038,382884,382887,config_depends,downstream,degradable,"",config,[],"","",timeout,circuit_break,"","","",one_to_many,0,0,active,,0
448039,382885,382887,config_depends,downstream,degradable,"",config,[],"","",timeout,circuit_break,"","","",one_to_many,0,0,active,,0
448040,382888,382896,config_depends,downstream,degradable,"",config,[],"","",timeout,circuit_break,"","","",one_to_many,0,0,active,,0
448041,382889,382896,config_depends,downstream,degradable,"",config,[],"","",timeout,circuit_break,"","","",one_to_many,0,0,active,,0
448042,382890,382896,config_depends,downstream,degradable,"",config,[],"","",timeout,circuit_break,"","","",one_to_many,0,0,active,,0
448043,382891,382896,config_depends,downstream,degradable,"",config,[],"","",timeout,circuit_break,"","","",one_to_many,0,0,active,,0
448044,382892,382896,config_depends,downstream,degradable,"",config,[],"","",timeout,circuit_break,"","","",one_to_many,0,0,active,,0
448045,382893,382887,config_depends,downstream,degradable,"",config,[],"","",timeout,circuit_break,"","","",one_to_many,0,0,active,,0
448046,382894,382896,config_depends,downstream,degradable,"",config,[],"","",timeout,circuit_break,"","","",one_to_many,0,0,active,,0
448047,382895,382896,config_depends,downstream,degradable,"",config,[],"","",timeout,circuit_break,"","","",one_to_many,0,0,active,,0
448048,382897,382896,config_depends,downstream,degradable,"",config,[],"","",timeout,circuit_break,"","","",one_to_many,0,0,active,,0
448049,382898,382896,config_depends,downstream,degradable,"",config,[],"","",timeout,circuit_break,"","","",one_to_many,0,0,active,,0
448050,382899,382896,config_depends,downstream,degradable,"",config,[],"","",timeout,circuit_break,"","","",one_to_many,0,0,active,,0
448051,382900,382912,config_depends,downstream,degradable,"",config,[],"","",timeout,circuit_break,"","","",one_to_many,0,0,active,,0
448052,382901,382912,config_depends,downstream,degradable,"",config,[],"","",timeout,circuit_break,"","","",one_to_many,0,0,active,,0
448053,382902,382912,config_depends,downstream,degradable,"",config,[],"","",timeout,circuit_break,"","","",one_to_many,0,0,active,,0
448054,382903,382912,config_depends,downstream,degradable,"",config,[],"","",timeout,circuit_break,"","","",one_to_many,0,0,active,,0
448055,382904,382912,config_depends,downstream,degradable,"",config,[],"","",timeout,circuit_break,"","","",one_to_many,0,0,active,,0
448056,382905,382912,config_depends,downstream,degradable,"",config,[],"","",timeout,circuit_break,"","","",one_to_many,0,0,active,,0
448057,382906,382912,config_depends,downstream,degradable,"",config,[],"","",timeout,circuit_break,"","","",one_to_many,0,0,active,,0
448058,382907,382912,config_depends,downstream,degradable,"",config,[],"","",timeout,circuit_break,"","","",one_to_many,0,0,active,,0
448059,382908,382912,config_depends,downstream,degradable,"",config,[],"","",timeout,circuit_break,"","","",one_to_many,0,0,active,,0
448060,382909,382912,config_depends,downstream,degradable,"",config,[],"","",timeout,circuit_break,"","","",one_to_many,0,0,active,,0
448061,382910,382912,config_depends,downstream,degradable,"",config,[],"","",timeout,circuit_break,"","","",one_to_many,0,0,active,,0
448062,382911,382912,config_depends,downstream,degradable,"",config,[],"","",timeout,circuit_break,"","","",one_to_many,0,0,active,,0
448063,382913,382912,config_depends,downstream,degradable,"",config,[],"","",timeout,circuit_break,"","","",one_to_many,0,0,active,,0
448064,382914,382912,config_depends,downstream,degradable,"",config,[],"","",timeout,circuit_break,"","","",one_to_many,0,0,active,,0
448065,382915,382927,config_depends,downstream,degradable,"",config,[],"","",timeout,circuit_break,"","","",one_to_many,0,0,active,,0
448066,382916,382927,config_depends,downstream,degradable,"",config,[],"","",timeout,circuit_break,"","","",one_to_many,0,0,active,,0
448067,382917,382927,config_depends,downstream,degradable,"",config,[],"","",timeout,circuit_break,"","","",one_to_many,0,0,active,,0
448068,382918,382927,config_depends,downstream,degradable,"",config,[],"","",timeout,circuit_break,"","","",one_to_many,0,0,active,,0
448069,382919,382927,config_depends,downstream,degradable,"",config,[],"","",timeout,circuit_break,"","","",one_to_many,0,0,active,,0
448070,382920,382927,config_depends,downstream,degradable,"",config,[],"","",timeout,circuit_break,"","","",one_to_many,0,0,active,,0
448071,382921,382927,config_depends,downstream,degradable,"",config,[],"","",timeout,circuit_break,"","","",one_to_many,0,0,active,,0
448072,382922,382927,config_depends,downstream,degradable,"",config,[],"","",timeout,circuit_break,"","","",one_to_many,0,0,active,,0
448073,382923,382927,config_depends,downstream,degradable,"",config,[],"","",timeout,circuit_break,"","","",one_to_many,0,0,active,,0
448074,382924,382927,config_depends,downstream,degradable,"",config,[],"","",timeout,circuit_break,"","","",one_to_many,0,0,active,,0
448075,382925,382927,config_depends,downstream,degradable,"",config,[],"","",timeout,circuit_break,"","","",one_to_many,0,0,active,,0
448076,382926,382927,config_depends,downstream,degradable,"",config,[],"","",timeout,circuit_break,"","","",one_to_many,0,0,active,,0
448077,382928,382963,config_depends,downstream,degradable,"",config,[],"","",timeout,circuit_break,"","","",one_to_many,0,0,active,,0
448078,382929,382963,config_depends,downstream,degradable,"",config,[],"","",timeout,circuit_break,"","","",one_to_many,0,0,active,,0
448079,382930,382963,config_depends,downstream,degradable,"",config,[],"","",timeout,circuit_break,"","","",one_to_many,0,0,active,,0
448080,382931,382963,config_depends,downstream,degradable,"",config,[],"","",timeout,circuit_break,"","","",one_to_many,0,0,active,,0
448081,382932,382963,config_depends,downstream,degradable,"",config,[],"","",timeout,circuit_break,"","","",one_to_many,0,0,active,,0
448082,382933,382963,config_depends,downstream,degradable,"",config,[],"","",timeout,circuit_break,"","","",one_to_many,0,0,active,,0
448083,382934,382963,config_depends,downstream,degradable,"",config,[],"","",timeout,circuit_break,"","","",one_to_many,0,0,active,,0
448084,382935,382963,config_depends,downstream,degradable,"",config,[],"","",timeout,circuit_break,"","","",one_to_many,0,0,active,,0
448085,382936,382963,config_depends,downstream,degradable,"",config,[],"","",timeout,circuit_break,"","","",one_to_many,0,0,active,,0
448086,382937,382963,config_depends,downstream,degradable,"",config,[],"","",timeout,circuit_break,"","","",one_to_many,0,0,active,,0
448087,382938,382963,config_depends,downstream,degradable,"",config,[],"","",timeout,circuit_break,"","","",one_to_many,0,0,active,,0
448088,382939,382963,config_depends,downstream,degradable,"",config,[],"","",timeout,circuit_break,"","","",one_to_many,0,0,active,,0
448089,382940,382963,config_depends,downstream,degradable,"",config,[],"","",timeout,circuit_break,"","","",one_to_many,0,0,active,,0
448090,382941,382963,config_depends,downstream,degradable,"",config,[],"","",timeout,circuit_break,"","","",one_to_many,0,0,active,,0
448091,382942,382963,config_depends,downstream,degradable,"",config,[],"","",timeout,circuit_break,"","","",one_to_many,0,0,active,,0
448092,382943,382963,config_depends,downstream,degradable,"",config,[],"","",timeout,circuit_break,"","","",one_to_many,0,0,active,,0
448093,382944,382963,config_depends,downstream,degradable,"",config,[],"","",timeout,circuit_break,"","","",one_to_many,0,0,active,,0
448094,382945,382963,config_depends,downstream,degradable,"",config,[],"","",timeout,circuit_break,"","","",one_to_many,0,0,active,,0
448095,382946,382963,config_depends,downstream,degradable,"",config,[],"","",timeout,circuit_break,"","","",one_to_many,0,0,active,,0
448096,382947,382963,config_depends,downstream,degradable,"",config,[],"","",timeout,circuit_break,"","","",one_to_many,0,0,active,,0
448097,382948,382963,config_depends,downstream,degradable,"",config,[],"","",timeout,circuit_break,"","","",one_to_many,0,0,active,,0
448098,382949,382963,config_depends,downstream,degradable,"",config,[],"","",timeout,circuit_break,"","","",one_to_many,0,0,active,,0
448099,382950,382963,config_depends,downstream,degradable,"",config,[],"","",timeout,circuit_break,"","","",one_to_many,0,0,active,,0
448100,382951,382963,config_depends,downstream,degradable,"",config,[],"","",timeout,circuit_break,"","","",one_to_many,0,0,active,,0
448101,382952,382963,config_depends,downstream,degradable,"",config,[],"","",timeout,circuit_break,"","","",one_to_many,0,0,active,,0
448102,382953,382963,config_depends,downstream,degradable,"",config,[],"","",timeout,circuit_break,"","","",one_to_many,0,0,active,,0
448103,382954,382963,config_depends,downstream,degradable,"",config,[],"","",timeout,circuit_break,"","","",one_to_many,0,0,active,,0
448104,382955,382963,config_depends,downstream,degradable,"",config,[],"","",timeout,circuit_break,"","","",one_to_many,0,0,active,,0
448105,382956,382963,config_depends,downstream,degradable,"",config,[],"","",timeout,circuit_break,"","","",one_to_many,0,0,active,,0
448106,382957,382963,config_depends,downstream,degradable,"",config,[],"","",timeout,circuit_break,"","","",one_to_many,0,0,active,,0
448107,382958,382963,config_depends,downstream,degradable,"",config,[],"","",timeout,circuit_break,"","","",one_to_many,0,0,active,,0
448108,382959,382963,config_depends,downstream,degradable,"",config,[],"","",timeout,circuit_break,"","","",one_to_many,0,0,active,,0
448109,382960,382963,config_depends,downstream,degradable,"",config,[],"","",timeout,circuit_break,"","","",one_to_many,0,0,active,,0
448110,382961,382963,config_depends,downstream,degradable,"",config,[],"","",timeout,circuit_break,"","","",one_to_many,0,0,active,,0
448111,382965,382963,config_depends,downstream,degradable,"",config,[],"","",timeout,circuit_break,"","","",one_to_many,0,0,active,,0
448112,383109,383107,config_depends,downstream,degradable,"",config,[],"","",timeout,circuit_break,"","","",one_to_many,0,0,active,,0
448113,383130,383114,config_depends,downstream,degradable,"",config,[],"","",timeout,circuit_break,"","","",one_to_many,0,0,active,,0
448114,383140,383128,config_depends,downstream,degradable,"",config,[],"","",timeout,circuit_break,"","","",one_to_many,0,0,active,,0
448115,383149,383141,config_depends,downstream,degradable,"",config,[],"","",timeout,circuit_break,"","","",one_to_many,0,0,active,,0
448116,383163,383150,config_depends,downstream,degradable,"",config,[],"","",timeout,circuit_break,"","","",one_to_many,0,0,active,,0
448117,383173,383161,config_depends,downstream,degradable,"",config,[],"","",timeout,circuit_break,"","","",one_to_many,0,0,active,,0
448118,383175,383176,config_depends,downstream,degradable,"",config,[],"","",timeout,circuit_break,"","","",one_to_many,0,0,active,,0
448119,383207,383233,config_depends,downstream,degradable,"",config,[],"","",timeout,circuit_break,"","","",one_to_many,0,0,active,,0
448120,383211,383233,config_depends,downstream,degradable,"",config,[],"",shared_kernel,timeout,circuit_break,"","","",one_to_many,0,0,active,,0
448121,383213,383233,config_depends,downstream,degradable,"",config,[],"",shared_kernel,timeout,circuit_break,"","","",one_to_many,0,0,active,,0
448122,383214,383233,config_depends,downstream,degradable,"",config,[],"",shared_kernel,timeout,circuit_break,"","","",one_to_many,0,0,active,,0
448123,383219,383233,config_depends,downstream,degradable,"",config,[],"",shared_kernel,timeout,circuit_break,"","","",one_to_many,0,0,active,,0
448124,383224,383233,config_depends,downstream,degradable,"",config,[],"","",timeout,circuit_break,"","","",one_to_many,0,0,active,,0
448125,383225,383233,config_depends,downstream,degradable,"",config,[],"","",timeout,circuit_break,"","","",one_to_many,0,0,active,,0
448126,383226,383233,config_depends,downstream,degradable,"",config,[],"","",timeout,circuit_break,"","","",one_to_many,0,0,active,,0
448127,383228,383237,config_depends,downstream,degradable,"",config,[],"",shared_kernel,timeout,circuit_break,"","","",one_to_many,0,0,active,,0
448128,383232,383237,config_depends,downstream,degradable,"",config,[],"",shared_kernel,timeout,circuit_break,"","","",one_to_many,0,0,active,,0
448129,383234,383237,config_depends,downstream,degradable,"",config,[],"",shared_kernel,timeout,circuit_break,"","","",one_to_many,0,0,active,,0
448130,383235,383237,config_depends,downstream,degradable,"",config,[],"",shared_kernel,timeout,circuit_break,"","","",one_to_many,0,0,active,,0
448131,383236,383237,config_depends,downstream,degradable,"",config,[],"",shared_kernel,timeout,circuit_break,"","","",one_to_many,0,0,active,,0
448132,383238,383237,config_depends,downstream,degradable,"",config,[],"",shared_kernel,timeout,circuit_break,"","","",one_to_many,0,0,active,,0
448133,383239,383237,config_depends,downstream,degradable,"",config,[],"",shared_kernel,timeout,circuit_break,"","","",one_to_many,0,0,active,,0
448134,383240,383237,config_depends,downstream,degradable,"",config,[],"",shared_kernel,timeout,circuit_break,"","","",one_to_many,0,0,active,,0
448135,383241,383257,config_depends,downstream,degradable,"",config,[],"",shared_kernel,timeout,circuit_break,"","","",one_to_many,0,0,active,,0
448136,383242,383257,config_depends,downstream,degradable,"",config,[],"",shared_kernel,timeout,circuit_break,"","","",one_to_many,0,0,active,,0
448137,383243,383257,config_depends,downstream,degradable,"",config,[],"",shared_kernel,timeout,circuit_break,"","","",one_to_many,0,0,active,,0
448138,383244,383257,config_depends,downstream,degradable,"",config,[],"",shared_kernel,timeout,circuit_break,"","","",one_to_many,0,0,active,,0
448139,383245,383257,config_depends,downstream,degradable,"",config,[],"",shared_kernel,timeout,circuit_break,"","","",one_to_many,0,0,active,,0
448140,383246,383257,config_depends,downstream,degradable,"",config,[],"",shared_kernel,timeout,circuit_break,"","","",one_to_many,0,0,active,,0
448141,383247,383257,config_depends,downstream,degradable,"",config,[],"",shared_kernel,timeout,circuit_break,"","","",one_to_many,0,0,active,,0
448142,383248,383257,config_depends,downstream,degradable,"",config,[],"",shared_kernel,timeout,circuit_break,"","","",one_to_many,0,0,active,,0
448143,383249,383257,config_depends,downstream,degradable,"",config,[],"",shared_kernel,timeout,circuit_break,"","","",one_to_many,0,0,active,,0
448144,383250,383257,config_depends,downstream,degradable,"",config,[],"",shared_kernel,timeout,circuit_break,"","","",one_to_many,0,0,active,,0
448145,383251,383257,config_depends,downstream,degradable,"",config,[],"",shared_kernel,timeout,circuit_break,"","","",one_to_many,0,0,active,,0
448146,383252,383257,config_depends,downstream,degradable,"",config,[],"",shared_kernel,timeout,circuit_break,"","","",one_to_many,0,0,active,,0
448147,383253,383257,config_depends,downstream,degradable,"",config,[],"",shared_kernel,timeout,circuit_break,"","","",one_to_many,0,0,active,,0
448148,383254,383257,config_depends,downstream,degradable,"",config,[],"",shared_kernel,timeout,circuit_break,"","","",one_to_many,0,0,active,,0
448149,383255,383259,config_depends,downstream,degradable,"",config,[],"","",timeout,circuit_break,"","","",one_to_many,0,0,active,,0
448150,383256,383261,config_depends,downstream,degradable,"",config,[],"","",timeout,circuit_break,"","","",one_to_many,0,0,active,,0
448151,383258,383257,config_depends,downstream,degradable,"",config,[],"",shared_kernel,timeout,circuit_break,"","","",one_to_many,0,0,active,,0
448152,383260,383257,config_depends,downstream,degradable,"",config,[],"",shared_kernel,timeout,circuit_break,"","","",one_to_many,0,0,active,,0
448153,383262,383263,config_depends,downstream,degradable,"",config,[],"","",timeout,circuit_break,"","","",one_to_many,0,0,active,,0
448154,383265,383256,config_depends,downstream,degradable,"",config,[],"","",timeout,circuit_break,"","","",one_to_many,0,0,active,,0
448155,383277,383262,config_depends,downstream,degradable,"",config,[],"","",timeout,circuit_break,"","","",one_to_many,0,0,active,,0
448156,383278,383286,config_depends,downstream,degradable,"",config,[],"","",timeout,circuit_break,"","","",one_to_many,0,0,active,,0
448157,383279,383286,config_depends,downstream,degradable,"",config,[],"","",timeout,circuit_break,"","","",one_to_many,0,0,active,,0
448158,383280,383286,config_depends,downstream,degradable,"",config,[],"",shared_kernel,timeout,circuit_break,"","","",one_to_many,0,0,active,,0
448159,383287,383286,config_depends,downstream,degradable,"",config,[],"","",timeout,circuit_break,"","","",one_to_many,0,0,active,,0
448160,383288,383286,config_depends,downstream,degradable,"",config,[],"",shared_kernel,timeout,circuit_break,"","","",one_to_many,0,0,active,,0
448161,383289,383293,config_depends,downstream,degradable,"",config,[],"","",timeout,circuit_break,"","","",one_to_many,0,0,active,,0
448162,383292,383315,config_depends,downstream,degradable,"",config,[],"",shared_kernel,timeout,circuit_break,"","","",one_to_many,0,0,active,,0
448163,383294,383315,config_depends,downstream,degradable,"",config,[],"","",timeout,circuit_break,"","","",one_to_many,0,0,active,,0
448164,383297,383315,config_depends,downstream,degradable,"",config,[],"","",timeout,circuit_break,"","","",one_to_many,0,0,active,,0
448165,383299,383315,config_depends,downstream,degradable,"",config,[],"",shared_kernel,timeout,circuit_break,"","","",one_to_many,0,0,active,,0
448166,383300,383315,config_depends,downstream,degradable,"",config,[],"",shared_kernel,timeout,circuit_break,"","","",one_to_many,0,0,active,,0
448167,383302,383315,config_depends,downstream,degradable,"",config,[],"","",timeout,circuit_break,"","","",one_to_many,0,0,active,,0
448168,383303,383315,config_depends,downstream,degradable,"",config,[],"",shared_kernel,timeout,circuit_break,"","","",one_to_many,0,0,active,,0
448169,383304,383315,config_depends,downstream,degradable,"",config,[],"",shared_kernel,timeout,circuit_break,"","","",one_to_many,0,0,active,,0
448170,383305,383315,config_depends,downstream,degradable,"",config,[],"",shared_kernel,timeout,circuit_break,"","","",one_to_many,0,0,active,,0
448171,383306,383315,config_depends,downstream,degradable,"",config,[],"",shared_kernel,timeout,circuit_break,"","","",one_to_many,0,0,active,,0
448172,383307,383315,config_depends,downstream,degradable,"",config,[],"",shared_kernel,timeout,circuit_break,"","","",one_to_many,0,0,active,,0
448173,383308,383315,config_depends,downstream,degradable,"",config,[],"",shared_kernel,timeout,circuit_break,"","","",one_to_many,0,0,active,,0
448174,383309,383315,config_depends,downstream,degradable,"",config,[],"","",timeout,circuit_break,"","","",one_to_many,0,0,active,,0
448175,383310,383315,config_depends,downstream,degradable,"",config,[],"",shared_kernel,timeout,circuit_break,"","","",one_to_many,0,0,active,,0
448176,383313,383315,config_depends,downstream,degradable,"",config,[],"","",timeout,circuit_break,"","","",one_to_many,0,0,active,,0
448177,383314,383319,config_depends,downstream,degradable,"",config,[],"",shared_kernel,timeout,circuit_break,"","","",one_to_many,0,0,active,,0
448178,383316,383319,config_depends,downstream,degradable,"",config,[],"",shared_kernel,timeout,circuit_break,"","","",one_to_many,0,0,active,,0
448179,383317,383319,config_depends,downstream,degradable,"",config,[],"","",timeout,circuit_break,"","","",one_to_many,0,0,active,,0
448180,383320,383348,config_depends,downstream,degradable,"",config,[],"",shared_kernel,timeout,circuit_break,"","","",one_to_many,0,0,active,,0
448181,383321,383319,config_depends,downstream,degradable,"",config,[],"",shared_kernel,timeout,circuit_break,"","","",one_to_many,0,0,active,,0
448182,383322,383348,config_depends,downstream,degradable,"",config,[],"",shared_kernel,timeout,circuit_break,"","","",one_to_many,0,0,active,,0
448183,383323,383348,config_depends,downstream,degradable,"",config,[],"",shared_kernel,timeout,circuit_break,"","","",one_to_many,0,0,active,,0
448184,383324,383348,config_depends,downstream,degradable,"",config,[],"",shared_kernel,timeout,circuit_break,"","","",one_to_many,0,0,active,,0
448185,383325,383348,config_depends,downstream,degradable,"",config,[],"","",timeout,circuit_break,"","","",one_to_many,0,0,active,,0
448186,383326,383348,config_depends,downstream,degradable,"",config,[],"",shared_kernel,timeout,circuit_break,"","","",one_to_many,0,0,active,,0
448187,383329,383348,config_depends,downstream,degradable,"",config,[],"",shared_kernel,timeout,circuit_break,"","","",one_to_many,0,0,active,,0
448188,383330,383348,config_depends,downstream,degradable,"",config,[],"",shared_kernel,timeout,circuit_break,"","","",one_to_many,0,0,active,,0
448189,383331,383348,config_depends,downstream,degradable,"",config,[],"","",timeout,circuit_break,"","","",one_to_many,0,0,active,,0
448190,383332,383348,config_depends,downstream,degradable,"",config,[],"",shared_kernel,timeout,circuit_break,"","","",one_to_many,0,0,active,,0
448191,383333,383348,config_depends,downstream,degradable,"",config,[],"",shared_kernel,timeout,circuit_break,"","","",one_to_many,0,0,active,,0
448192,383335,383348,config_depends,downstream,degradable,"",config,[],"",shared_kernel,timeout,circuit_break,"","","",one_to_many,0,0,active,,0
448193,383336,383348,config_depends,downstream,degradable,"",config,[],"",shared_kernel,timeout,circuit_break,"","","",one_to_many,0,0,active,,0
448194,383337,383348,config_depends,downstream,degradable,"",config,[],"",shared_kernel,timeout,circuit_break,"","","",one_to_many,0,0,active,,0
448195,383338,383348,config_depends,downstream,degradable,"",config,[],"",shared_kernel,timeout,circuit_break,"","","",one_to_many,0,0,active,,0
448196,383339,383348,config_depends,downstream,degradable,"",config,[],"",shared_kernel,timeout,circuit_break,"","","",one_to_many,0,0,active,,0
448197,383340,383348,config_depends,downstream,degradable,"",config,[],"",shared_kernel,timeout,circuit_break,"","","",one_to_many,0,0,active,,0
448198,383341,383348,config_depends,downstream,degradable,"",config,[],"",shared_kernel,timeout,circuit_break,"","","",one_to_many,0,0,active,,0
448199,383342,383348,config_depends,downstream,degradable,"",config,[],"",shared_kernel,timeout,circuit_break,"","","",one_to_many,0,0,active,,0
448200,383343,383348,config_depends,downstream,degradable,"",config,[],"",shared_kernel,timeout,circuit_break,"","","",one_to_many,0,0,active,,0
448201,383344,383348,config_depends,downstream,degradable,"",config,[],"",shared_kernel,timeout,circuit_break,"","","",one_to_many,0,0,active,,0
448202,383345,383346,config_depends,downstream,degradable,"",config,[],"",shared_kernel,timeout,circuit_break,"","","",one_to_many,0,0,active,,0
448203,383347,383346,config_depends,downstream,degradable,"",config,[],"",shared_kernel,timeout,circuit_break,"","","",one_to_many,0,0,active,,0
448204,383349,383370,config_depends,downstream,degradable,"",config,[],"","",timeout,circuit_break,"","","",one_to_many,0,0,active,,0
448205,383350,383370,config_depends,downstream,degradable,"",config,[],"","",timeout,circuit_break,"","","",one_to_many,0,0,active,,0
448206,383351,383370,config_depends,downstream,degradable,"",config,[],"","",timeout,circuit_break,"","","",one_to_many,0,0,active,,0
448207,383353,383370,config_depends,downstream,degradable,"",config,[],"","",timeout,circuit_break,"","","",one_to_many,0,0,active,,0
448208,383357,383370,config_depends,downstream,degradable,"",config,[],"","",timeout,circuit_break,"","","",one_to_many,0,0,active,,0
448209,383359,383370,config_depends,downstream,degradable,"",config,[],"",shared_kernel,timeout,circuit_break,"","","",one_to_many,0,0,active,,0
448210,383360,383370,config_depends,downstream,degradable,"",config,[],"",shared_kernel,timeout,circuit_break,"","","",one_to_many,0,0,active,,0
448211,383361,383370,config_depends,downstream,degradable,"",config,[],"",shared_kernel,timeout,circuit_break,"","","",one_to_many,0,0,active,,0
448212,383362,383370,config_depends,downstream,degradable,"",config,[],"",shared_kernel,timeout,circuit_break,"","","",one_to_many,0,0,active,,0
448213,383363,383370,config_depends,downstream,degradable,"",config,[],"","",timeout,circuit_break,"","","",one_to_many,0,0,active,,0
448214,383364,383370,config_depends,downstream,degradable,"",config,[],"","",timeout,circuit_break,"","","",one_to_many,0,0,active,,0
448215,383365,383370,config_depends,downstream,degradable,"",config,[],"",shared_kernel,timeout,circuit_break,"","","",one_to_many,0,0,active,,0
448216,383366,383370,config_depends,downstream,degradable,"",config,[],"","",timeout,circuit_break,"","","",one_to_many,0,0,active,,0
448217,383367,383370,config_depends,downstream,degradable,"",config,[],"","",timeout,circuit_break,"","","",one_to_many,0,0,active,,0
448218,383368,383370,config_depends,downstream,degradable,"",config,[],"","",timeout,circuit_break,"","","",one_to_many,0,0,active,,0
448219,383369,383370,config_depends,downstream,degradable,"",config,[],"",shared_kernel,timeout,circuit_break,"","","",one_to_many,0,0,active,,0
448220,383371,383370,config_depends,downstream,degradable,"",config,[],"","",timeout,circuit_break,"","","",one_to_many,0,0,active,,0
448221,383372,383375,config_depends,downstream,degradable,"",config,[],"",shared_kernel,timeout,circuit_break,"","","",one_to_many,0,0,active,,0
448222,383373,383375,config_depends,downstream,degradable,"",config,[],"",shared_kernel,timeout,circuit_break,"","","",one_to_many,0,0,active,,0
448223,383374,383375,config_depends,downstream,degradable,"",config,[],"",shared_kernel,timeout,circuit_break,"","","",one_to_many,0,0,active,,0
448224,383376,383375,config_depends,downstream,degradable,"",config,[],"",shared_kernel,timeout,circuit_break,"","","",one_to_many,0,0,active,,0
448225,383378,383388,config_depends,downstream,degradable,"",config,[],"",shared_kernel,timeout,circuit_break,"","","",one_to_many,0,0,active,,0
448226,383385,383388,config_depends,downstream,degradable,"",config,[],"","",timeout,circuit_break,"","","",one_to_many,0,0,active,,0
448227,383386,383388,config_depends,downstream,degradable,"",config,[],"","",timeout,circuit_break,"","","",one_to_many,0,0,active,,0
448228,383387,383391,config_depends,downstream,degradable,"",config,[],"","",timeout,circuit_break,"","","",one_to_many,0,0,active,,0
448229,383389,383391,config_depends,downstream,degradable,"",config,[],"",shared_kernel,timeout,circuit_break,"","","",one_to_many,0,0,active,,0
448230,383390,383391,config_depends,downstream,degradable,"",config,[],"","",timeout,circuit_break,"","","",one_to_many,0,0,active,,0
448231,383392,383407,config_depends,downstream,degradable,"",config,[],"",shared_kernel,timeout,circuit_break,"","","",one_to_many,0,0,active,,0
448232,383393,383407,config_depends,downstream,degradable,"",config,[],"",shared_kernel,timeout,circuit_break,"","","",one_to_many,0,0,active,,0
448233,383394,383407,config_depends,downstream,degradable,"",config,[],"",shared_kernel,timeout,circuit_break,"","","",one_to_many,0,0,active,,0
448234,383395,383407,config_depends,downstream,degradable,"",config,[],"","",timeout,circuit_break,"","","",one_to_many,0,0,active,,0
448235,383396,383407,config_depends,downstream,degradable,"",config,[],"",shared_kernel,timeout,circuit_break,"","","",one_to_many,0,0,active,,0
448236,383397,383407,config_depends,downstream,degradable,"",config,[],"",shared_kernel,timeout,circuit_break,"","","",one_to_many,0,0,active,,0
448237,383398,383407,config_depends,downstream,degradable,"",config,[],"",shared_kernel,timeout,circuit_break,"","","",one_to_many,0,0,active,,0
448238,383399,383407,config_depends,downstream,degradable,"",config,[],"",shared_kernel,timeout,circuit_break,"","","",one_to_many,0,0,active,,0
448239,383400,383407,config_depends,downstream,degradable,"",config,[],"",shared_kernel,timeout,circuit_break,"","","",one_to_many,0,0,active,,0
448240,383401,383407,config_depends,downstream,degradable,"",config,[],"",shared_kernel,timeout,circuit_break,"","","",one_to_many,0,0,active,,0
448241,383402,383407,config_depends,downstream,degradable,"",config,[],"",shared_kernel,timeout,circuit_break,"","","",one_to_many,0,0,active,,0
448242,383403,383407,config_depends,downstream,degradable,"",config,[],"","",timeout,circuit_break,"","","",one_to_many,0,0,active,,0
448243,383404,383407,config_depends,downstream,degradable,"",config,[],"","",timeout,circuit_break,"","","",one_to_many,0,0,active,,0
448244,383405,383407,config_depends,downstream,degradable,"",config,[],"",shared_kernel,timeout,circuit_break,"","","",one_to_many,0,0,active,,0
448245,383406,383407,config_depends,downstream,degradable,"",config,[],"","",timeout,circuit_break,"","","",one_to_many,0,0,active,,0
448246,383408,383413,config_depends,downstream,degradable,"",config,[],"",shared_kernel,timeout,circuit_break,"","","",one_to_many,0,0,active,,0
448247,383409,383407,config_depends,downstream,degradable,"",config,[],"",shared_kernel,timeout,circuit_break,"","","",one_to_many,0,0,active,,0
448248,383410,383413,config_depends,downstream,degradable,"",config,[],"",shared_kernel,timeout,circuit_break,"","","",one_to_many,0,0,active,,0
448249,383411,383413,config_depends,downstream,degradable,"",config,[],"","",timeout,circuit_break,"","","",one_to_many,0,0,active,,0
448250,383412,383407,config_depends,downstream,degradable,"",config,[],"","",timeout,circuit_break,"","","",one_to_many,0,0,active,,0
448251,383414,383413,config_depends,downstream,degradable,"",config,[],"","",timeout,circuit_break,"","","",one_to_many,0,0,active,,0
448252,383416,383429,config_depends,downstream,degradable,"",config,[],"","",timeout,circuit_break,"","","",one_to_many,0,0,active,,0
448253,383428,383431,config_depends,downstream,degradable,"",config,[],"",shared_kernel,timeout,circuit_break,"","","",one_to_many,0,0,active,,0
448254,383430,383431,config_depends,downstream,degradable,"",config,[],"",shared_kernel,timeout,circuit_break,"","","",one_to_many,0,0,active,,0
448255,383432,383431,config_depends,downstream,degradable,"",config,[],"",shared_kernel,timeout,circuit_break,"","","",one_to_many,0,0,active,,0
448256,383433,383431,config_depends,downstream,degradable,"",config,[],"",shared_kernel,timeout,circuit_break,"","","",one_to_many,0,0,active,,0
448257,383435,383463,config_depends,downstream,degradable,"",config,[],"",shared_kernel,timeout,circuit_break,"","","",one_to_many,0,0,active,,0
448258,383436,383463,config_depends,downstream,degradable,"",config,[],"",shared_kernel,timeout,circuit_break,"","","",one_to_many,0,0,active,,0
448259,383437,383463,config_depends,downstream,degradable,"",config,[],"",shared_kernel,timeout,circuit_break,"","","",one_to_many,0,0,active,,0
448260,383438,383463,config_depends,downstream,degradable,"",config,[],"",shared_kernel,timeout,circuit_break,"","","",one_to_many,0,0,active,,0
448261,383439,383463,config_depends,downstream,degradable,"",config,[],"",shared_kernel,timeout,circuit_break,"","","",one_to_many,0,0,active,,0
448262,383440,383463,config_depends,downstream,degradable,"",config,[],"",shared_kernel,timeout,circuit_break,"","","",one_to_many,0,0,active,,0
448263,383441,383463,config_depends,downstream,degradable,"",config,[],"",shared_kernel,timeout,circuit_break,"","","",one_to_many,0,0,active,,0
448264,383442,383463,config_depends,downstream,degradable,"",config,[],"",shared_kernel,timeout,circuit_break,"","","",one_to_many,0,0,active,,0
448265,383443,383463,config_depends,downstream,degradable,"",config,[],"",shared_kernel,timeout,circuit_break,"","","",one_to_many,0,0,active,,0
448266,383444,383463,config_depends,downstream,degradable,"",config,[],"",shared_kernel,timeout,circuit_break,"","","",one_to_many,0,0,active,,0
448267,383445,383463,config_depends,downstream,degradable,"",config,[],"",shared_kernel,timeout,circuit_break,"","","",one_to_many,0,0,active,,0
448268,383446,383463,config_depends,downstream,degradable,"",config,[],"",shared_kernel,timeout,circuit_break,"","","",one_to_many,0,0,active,,0
448269,383447,383463,config_depends,downstream,degradable,"",config,[],"",shared_kernel,timeout,circuit_break,"","","",one_to_many,0,0,active,,0
448270,383448,383463,config_depends,downstream,degradable,"",config,[],"",shared_kernel,timeout,circuit_break,"","","",one_to_many,0,0,active,,0
448271,383449,383463,config_depends,downstream,degradable,"",config,[],"",shared_kernel,timeout,circuit_break,"","","",one_to_many,0,0,active,,0
448272,383450,383463,config_depends,downstream,degradable,"",config,[],"",shared_kernel,timeout,circuit_break,"","","",one_to_many,0,0,active,,0
448273,383452,383463,config_depends,downstream,degradable,"",config,[],"",shared_kernel,timeout,circuit_break,"","","",one_to_many,0,0,active,,0
448274,383453,383463,config_depends,downstream,degradable,"",config,[],"",shared_kernel,timeout,circuit_break,"","","",one_to_many,0,0,active,,0
448275,383454,383463,config_depends,downstream,degradable,"",config,[],"",shared_kernel,timeout,circuit_break,"","","",one_to_many,0,0,active,,0
448276,383455,383463,config_depends,downstream,degradable,"",config,[],"",shared_kernel,timeout,circuit_break,"","","",one_to_many,0,0,active,,0
448277,383456,383463,config_depends,downstream,degradable,"",config,[],"",shared_kernel,timeout,circuit_break,"","","",one_to_many,0,0,active,,0
448278,383458,383463,config_depends,downstream,degradable,"",config,[],"",shared_kernel,timeout,circuit_break,"","","",one_to_many,0,0,active,,0
448279,383460,383463,config_depends,downstream,degradable,"",config,[],"",shared_kernel,timeout,circuit_break,"","","",one_to_many,0,0,active,,0
448280,383461,383463,config_depends,downstream,degradable,"",config,[],"",shared_kernel,timeout,circuit_break,"","","",one_to_many,0,0,active,,0
448281,383462,383463,config_depends,downstream,degradable,"",config,[],"","",timeout,circuit_break,"","","",one_to_many,0,0,active,,0
448282,383464,383472,config_depends,downstream,degradable,"",config,[],"",shared_kernel,timeout,circuit_break,"","","",one_to_many,0,0,active,,0
448283,383465,383472,config_depends,downstream,degradable,"",config,[],"",shared_kernel,timeout,circuit_break,"","","",one_to_many,0,0,active,,0
448284,383466,383472,config_depends,downstream,degradable,"",config,[],"",shared_kernel,timeout,circuit_break,"","","",one_to_many,0,0,active,,0
448285,383467,383473,config_depends,downstream,degradable,"",config,[],"","",timeout,circuit_break,"","","",one_to_many,0,0,active,,0
448286,383468,383473,config_depends,downstream,degradable,"",config,[],"",shared_kernel,timeout,circuit_break,"","","",one_to_many,0,0,active,,0
448287,383469,383472,config_depends,downstream,degradable,"",config,[],"",shared_kernel,timeout,circuit_break,"","","",one_to_many,0,0,active,,0
448288,383470,383472,config_depends,downstream,degradable,"",config,[],"",shared_kernel,timeout,circuit_break,"","","",one_to_many,0,0,active,,0
448289,383474,383477,config_depends,downstream,degradable,"",config,[],"",shared_kernel,timeout,circuit_break,"","","",one_to_many,0,0,active,,0
448290,383475,383477,config_depends,downstream,degradable,"",config,[],"",shared_kernel,timeout,circuit_break,"","","",one_to_many,0,0,active,,0
448291,383476,383483,config_depends,downstream,degradable,"",config,[],"",shared_kernel,timeout,circuit_break,"","","",one_to_many,0,0,active,,0
448292,383478,383483,config_depends,downstream,degradable,"",config,[],"","",timeout,circuit_break,"","","",one_to_many,0,0,active,,0
448293,383479,383483,config_depends,downstream,degradable,"",config,[],"","",timeout,circuit_break,"","","",one_to_many,0,0,active,,0
448294,383480,383494,config_depends,downstream,degradable,"",config,[],"",shared_kernel,timeout,circuit_break,"","","",one_to_many,0,0,active,,0
448295,383481,383494,config_depends,downstream,degradable,"",config,[],"",shared_kernel,timeout,circuit_break,"","","",one_to_many,0,0,active,,0
448296,383482,383494,config_depends,downstream,degradable,"",config,[],"",shared_kernel,timeout,circuit_break,"","","",one_to_many,0,0,active,,0
448297,383484,383494,config_depends,downstream,degradable,"",config,[],"",shared_kernel,timeout,circuit_break,"","","",one_to_many,0,0,active,,0
448298,383485,383494,config_depends,downstream,degradable,"",config,[],"",shared_kernel,timeout,circuit_break,"","","",one_to_many,0,0,active,,0
448299,383486,383494,config_depends,downstream,degradable,"",config,[],"",shared_kernel,timeout,circuit_break,"","","",one_to_many,0,0,active,,0
448300,383487,383494,config_depends,downstream,degradable,"",config,[],"",shared_kernel,timeout,circuit_break,"","","",one_to_many,0,0,active,,0
448301,383488,383494,config_depends,downstream,degradable,"",config,[],"",shared_kernel,timeout,circuit_break,"","","",one_to_many,0,0,active,,0
448302,383489,383494,config_depends,downstream,degradable,"",config,[],"",shared_kernel,timeout,circuit_break,"","","",one_to_many,0,0,active,,0
448303,383490,383494,config_depends,downstream,degradable,"",config,[],"",shared_kernel,timeout,circuit_break,"","","",one_to_many,0,0,active,,0
448304,383491,383494,config_depends,downstream,degradable,"",config,[],"",shared_kernel,timeout,circuit_break,"","","",one_to_many,0,0,active,,0
448305,383492,383494,config_depends,downstream,degradable,"",config,[],"",shared_kernel,timeout,circuit_break,"","","",one_to_many,0,0,active,,0
448306,383493,383529,config_depends,downstream,degradable,"",config,[],"",shared_kernel,timeout,circuit_break,"","","",one_to_many,0,0,active,,0
448307,383495,383494,config_depends,downstream,degradable,"",config,[],"",shared_kernel,timeout,circuit_break,"","","",one_to_many,0,0,active,,0
448308,383496,383529,config_depends,downstream,degradable,"",config,[],"","",timeout,circuit_break,"","","",one_to_many,0,0,active,,0
448309,383497,383494,config_depends,downstream,degradable,"",config,[],"",shared_kernel,timeout,circuit_break,"","","",one_to_many,0,0,active,,0
448310,383498,383529,config_depends,downstream,degradable,"",config,[],"",shared_kernel,timeout,circuit_break,"","","",one_to_many,0,0,active,,0
448311,383499,383529,config_depends,downstream,degradable,"",config,[],"",shared_kernel,timeout,circuit_break,"","","",one_to_many,0,0,active,,0
448312,383500,383529,config_depends,downstream,degradable,"",config,[],"",shared_kernel,timeout,circuit_break,"","","",one_to_many,0,0,active,,0
448313,383501,383529,config_depends,downstream,degradable,"",config,[],"",shared_kernel,timeout,circuit_break,"","","",one_to_many,0,0,active,,0
448314,383502,383529,config_depends,downstream,degradable,"",config,[],"",shared_kernel,timeout,circuit_break,"","","",one_to_many,0,0,active,,0
448315,383503,383529,config_depends,downstream,degradable,"",config,[],"",shared_kernel,timeout,circuit_break,"","","",one_to_many,0,0,active,,0
448316,383504,383529,config_depends,downstream,degradable,"",config,[],"","",timeout,circuit_break,"","","",one_to_many,0,0,active,,0
448317,383505,383529,config_depends,downstream,degradable,"",config,[],"",shared_kernel,timeout,circuit_break,"","","",one_to_many,0,0,active,,0
448318,383506,383529,config_depends,downstream,degradable,"",config,[],"","",timeout,circuit_break,"","","",one_to_many,0,0,active,,0
448319,383507,383529,config_depends,downstream,degradable,"",config,[],"",shared_kernel,timeout,circuit_break,"","","",one_to_many,0,0,active,,0
448320,383508,383529,config_depends,downstream,degradable,"",config,[],"","",timeout,circuit_break,"","","",one_to_many,0,0,active,,0
448321,383509,383529,config_depends,downstream,degradable,"",config,[],"","",timeout,circuit_break,"","","",one_to_many,0,0,active,,0
448322,383510,383529,config_depends,downstream,degradable,"",config,[],"","",timeout,circuit_break,"","","",one_to_many,0,0,active,,0
448323,383511,383529,config_depends,downstream,degradable,"",config,[],"","",timeout,circuit_break,"","","",one_to_many,0,0,active,,0
448324,383512,383529,config_depends,downstream,degradable,"",config,[],"","",timeout,circuit_break,"","","",one_to_many,0,0,active,,0
448325,383513,383529,config_depends,downstream,degradable,"",config,[],"","",timeout,circuit_break,"","","",one_to_many,0,0,active,,0
448326,383514,383529,config_depends,downstream,degradable,"",config,[],"",shared_kernel,timeout,circuit_break,"","","",one_to_many,0,0,active,,0
448327,383515,383529,config_depends,downstream,degradable,"",config,[],"",shared_kernel,timeout,circuit_break,"","","",one_to_many,0,0,active,,0
448328,383516,383529,config_depends,downstream,degradable,"",config,[],"","",timeout,circuit_break,"","","",one_to_many,0,0,active,,0
448329,383517,383529,config_depends,downstream,degradable,"",config,[],"",shared_kernel,timeout,circuit_break,"","","",one_to_many,0,0,active,,0
448330,383518,383529,config_depends,downstream,degradable,"",config,[],"",shared_kernel,timeout,circuit_break,"","","",one_to_many,0,0,active,,0
448331,383519,383529,config_depends,downstream,degradable,"",config,[],"",shared_kernel,timeout,circuit_break,"","","",one_to_many,0,0,active,,0
448332,383520,383529,config_depends,downstream,degradable,"",config,[],"",shared_kernel,timeout,circuit_break,"","","",one_to_many,0,0,active,,0
448333,383521,383529,config_depends,downstream,degradable,"",config,[],"",shared_kernel,timeout,circuit_break,"","","",one_to_many,0,0,active,,0
448334,383522,383529,config_depends,downstream,degradable,"",config,[],"",shared_kernel,timeout,circuit_break,"","","",one_to_many,0,0,active,,0
448335,383523,383529,config_depends,downstream,degradable,"",config,[],"",shared_kernel,timeout,circuit_break,"","","",one_to_many,0,0,active,,0
448336,383524,383529,config_depends,downstream,degradable,"",config,[],"",shared_kernel,timeout,circuit_break,"","","",one_to_many,0,0,active,,0
448337,383525,383529,config_depends,downstream,degradable,"",config,[],"",shared_kernel,timeout,circuit_break,"","","",one_to_many,0,0,active,,0
448338,383526,383529,config_depends,downstream,degradable,"",config,[],"",shared_kernel,timeout,circuit_break,"","","",one_to_many,0,0,active,,0
448339,383527,383533,config_depends,downstream,degradable,"",config,[],"","",timeout,circuit_break,"","","",one_to_many,0,0,active,,0
448340,383528,383533,config_depends,downstream,degradable,"",config,[],"","",timeout,circuit_break,"","","",one_to_many,0,0,active,,0
448341,383530,383533,config_depends,downstream,degradable,"",config,[],"","",timeout,circuit_break,"","","",one_to_many,0,0,active,,0
448342,383531,383533,config_depends,downstream,degradable,"",config,[],"",shared_kernel,timeout,circuit_break,"","","",one_to_many,0,0,active,,0
448343,383532,383533,config_depends,downstream,degradable,"",config,[],"",shared_kernel,timeout,circuit_break,"","","",one_to_many,0,0,active,,0
448344,383534,383533,config_depends,downstream,degradable,"",config,[],"",shared_kernel,timeout,circuit_break,"","","",one_to_many,0,0,active,,0
448345,383535,383533,config_depends,downstream,degradable,"",config,[],"","",timeout,circuit_break,"","","",one_to_many,0,0,active,,0
448346,383536,383533,config_depends,downstream,degradable,"",config,[],"","",timeout,circuit_break,"","","",one_to_many,0,0,active,,0
448347,383537,383533,config_depends,downstream,degradable,"",config,[],"",shared_kernel,timeout,circuit_break,"","","",one_to_many,0,0,active,,0
448348,383538,383541,config_depends,downstream,degradable,"",config,[],"","",timeout,circuit_break,"","","",one_to_many,0,0,active,,0
448349,383539,383541,config_depends,downstream,degradable,"",config,[],"",shared_kernel,timeout,circuit_break,"","","",one_to_many,0,0,active,,0
448350,383540,383548,config_depends,downstream,degradable,"",config,[],"",shared_kernel,timeout,circuit_break,"","","",one_to_many,0,0,active,,0
448351,383542,383548,config_depends,downstream,degradable,"",config,[],"",shared_kernel,timeout,circuit_break,"","","",one_to_many,0,0,active,,0
448352,383543,383548,config_depends,downstream,degradable,"",config,[],"",shared_kernel,timeout,circuit_break,"","","",one_to_many,0,0,active,,0
448353,383544,383548,config_depends,downstream,degradable,"",config,[],"",shared_kernel,timeout,circuit_break,"","","",one_to_many,0,0,active,,0
448354,383545,383548,config_depends,downstream,degradable,"",config,[],"",shared_kernel,timeout,circuit_break,"","","",one_to_many,0,0,active,,0
448355,383547,383548,config_depends,downstream,degradable,"",config,[],"",shared_kernel,timeout,circuit_break,"","","",one_to_many,0,0,active,,0
448356,383549,383598,config_depends,downstream,degradable,"",config,[],"",shared_kernel,timeout,circuit_break,"","","",one_to_many,0,0,active,,0
448357,383550,383598,config_depends,downstream,degradable,"",config,[],"",shared_kernel,timeout,circuit_break,"","","",one_to_many,0,0,active,,0
448358,383551,383548,config_depends,downstream,degradable,"",config,[],"",shared_kernel,timeout,circuit_break,"","","",one_to_many,0,0,active,,0
448359,383553,383598,config_depends,downstream,degradable,"",config,[],"",shared_kernel,timeout,circuit_break,"","","",one_to_many,0,0,active,,0
448360,383554,383598,config_depends,downstream,degradable,"",config,[],"",shared_kernel,timeout,circuit_break,"","","",one_to_many,0,0,active,,0
448361,383555,383598,config_depends,downstream,degradable,"",config,[],"",shared_kernel,timeout,circuit_break,"","","",one_to_many,0,0,active,,0
448362,383556,383598,config_depends,downstream,degradable,"",config,[],"","",timeout,circuit_break,"","","",one_to_many,0,0,active,,0
448363,383558,383598,config_depends,downstream,degradable,"",config,[],"",shared_kernel,timeout,circuit_break,"","","",one_to_many,0,0,active,,0
448364,383559,383598,config_depends,downstream,degradable,"",config,[],"","",timeout,circuit_break,"","","",one_to_many,0,0,active,,0
448365,383562,383598,config_depends,downstream,degradable,"",config,[],"",shared_kernel,timeout,circuit_break,"","","",one_to_many,0,0,active,,0
448366,383563,383598,config_depends,downstream,degradable,"",config,[],"",shared_kernel,timeout,circuit_break,"","","",one_to_many,0,0,active,,0
448367,383564,383598,config_depends,downstream,degradable,"",config,[],"",shared_kernel,timeout,circuit_break,"","","",one_to_many,0,0,active,,0
448368,383565,383598,config_depends,downstream,degradable,"",config,[],"","",timeout,circuit_break,"","","",one_to_many,0,0,active,,0
448369,383566,383598,config_depends,downstream,degradable,"",config,[],"",shared_kernel,timeout,circuit_break,"","","",one_to_many,0,0,active,,0
448370,383567,383598,config_depends,downstream,degradable,"",config,[],"",shared_kernel,timeout,circuit_break,"","","",one_to_many,0,0,active,,0
448371,383568,383598,config_depends,downstream,degradable,"",config,[],"",shared_kernel,timeout,circuit_break,"","","",one_to_many,0,0,active,,0
448372,383569,383598,config_depends,downstream,degradable,"",config,[],"",shared_kernel,timeout,circuit_break,"","","",one_to_many,0,0,active,,0
448373,383570,383598,config_depends,downstream,degradable,"",config,[],"",shared_kernel,timeout,circuit_break,"","","",one_to_many,0,0,active,,0
448374,383572,383598,config_depends,downstream,degradable,"",config,[],"",shared_kernel,timeout,circuit_break,"","","",one_to_many,0,0,active,,0
448375,383573,383598,config_depends,downstream,degradable,"",config,[],"","",timeout,circuit_break,"","","",one_to_many,0,0,active,,0
448376,383574,383598,config_depends,downstream,degradable,"",config,[],"",shared_kernel,timeout,circuit_break,"","","",one_to_many,0,0,active,,0
448377,383575,383598,config_depends,downstream,degradable,"",config,[],"","",timeout,circuit_break,"","","",one_to_many,0,0,active,,0
448378,383576,383598,config_depends,downstream,degradable,"",config,[],"",shared_kernel,timeout,circuit_break,"","","",one_to_many,0,0,active,,0
448379,383577,383598,config_depends,downstream,degradable,"",config,[],"",shared_kernel,timeout,circuit_break,"","","",one_to_many,0,0,active,,0
448380,383578,383598,config_depends,downstream,degradable,"",config,[],"",shared_kernel,timeout,circuit_break,"","","",one_to_many,0,0,active,,0
448381,383579,383598,config_depends,downstream,degradable,"",config,[],"",shared_kernel,timeout,circuit_break,"","","",one_to_many,0,0,active,,0
448382,383580,383598,config_depends,downstream,degradable,"",config,[],"",shared_kernel,timeout,circuit_break,"","","",one_to_many,0,0,active,,0
448383,383582,383598,config_depends,downstream,degradable,"",config,[],"",shared_kernel,timeout,circuit_break,"","","",one_to_many,0,0,active,,0
448384,383583,383598,config_depends,downstream,degradable,"",config,[],"",shared_kernel,timeout,circuit_break,"","","",one_to_many,0,0,active,,0
448385,383584,383598,config_depends,downstream,degradable,"",config,[],"",shared_kernel,timeout,circuit_break,"","","",one_to_many,0,0,active,,0
448386,383586,383598,config_depends,downstream,degradable,"",config,[],"",shared_kernel,timeout,circuit_break,"","","",one_to_many,0,0,active,,0
448387,383587,383598,config_depends,downstream,degradable,"",config,[],"",shared_kernel,timeout,circuit_break,"","","",one_to_many,0,0,active,,0
448388,383588,383598,config_depends,downstream,degradable,"",config,[],"",shared_kernel,timeout,circuit_break,"","","",one_to_many,0,0,active,,0
448389,383589,383598,config_depends,downstream,degradable,"",config,[],"",shared_kernel,timeout,circuit_break,"","","",one_to_many,0,0,active,,0
448390,383590,383598,config_depends,downstream,degradable,"",config,[],"",shared_kernel,timeout,circuit_break,"","","",one_to_many,0,0,active,,0
448391,383591,383598,config_depends,downstream,degradable,"",config,[],"",shared_kernel,timeout,circuit_break,"","","",one_to_many,0,0,active,,0
448392,383592,383598,config_depends,downstream,degradable,"",config,[],"",shared_kernel,timeout,circuit_break,"","","",one_to_many,0,0,active,,0
448393,383594,383598,config_depends,downstream,degradable,"",config,[],"",shared_kernel,timeout,circuit_break,"","","",one_to_many,0,0,active,,0
448394,383595,383600,config_depends,downstream,degradable,"",config,[],"","",timeout,circuit_break,"","","",one_to_many,0,0,active,,0
448395,383596,383598,config_depends,downstream,degradable,"",config,[],"","",timeout,circuit_break,"","","",one_to_many,0,0,active,,0
448396,383599,383598,config_depends,downstream,degradable,"",config,[],"",shared_kernel,timeout,circuit_break,"","","",one_to_many,0,0,active,,0
448397,383601,383595,config_depends,downstream,degradable,"",config,[],"","",timeout,circuit_break,"","","",one_to_many,0,0,active,,0
448398,383604,383605,config_depends,downstream,degradable,"",config,[],"","",timeout,circuit_break,"","","",one_to_many,0,0,active,,0
448399,383608,383604,config_depends,downstream,degradable,"",config,[],"","",timeout,circuit_break,"","","",one_to_many,0,0,active,,0
448400,383612,383618,config_depends,downstream,degradable,"",config,[],"","",timeout,circuit_break,"","","",one_to_many,0,0,active,,0
448401,383614,383618,config_depends,downstream,degradable,"",config,[],"","",timeout,circuit_break,"","","",one_to_many,0,0,active,,0
448402,383616,383618,config_depends,downstream,degradable,"",config,[],"","",timeout,circuit_break,"","","",one_to_many,0,0,active,,0
448403,383617,383618,config_depends,downstream,degradable,"",config,[],"","",timeout,circuit_break,"","","",one_to_many,0,0,active,,0
448404,383620,383618,config_depends,downstream,degradable,"",config,[],"","",timeout,circuit_break,"","","",one_to_many,0,0,active,,0
448405,383624,383622,config_depends,downstream,degradable,"",config,[],"","",timeout,circuit_break,"","","",one_to_many,0,0,active,,0
448406,383629,383622,config_depends,downstream,degradable,"",config,[],"","",timeout,circuit_break,"","","",one_to_many,0,0,active,,0
448407,383630,383622,config_depends,downstream,degradable,"",config,[],"","",timeout,circuit_break,"","","",one_to_many,0,0,active,,0
448408,383631,383622,config_depends,downstream,degradable,"",config,[],"","",timeout,circuit_break,"","","",one_to_many,0,0,active,,0
448409,383633,383622,config_depends,downstream,degradable,"",config,[],"","",timeout,circuit_break,"","","",one_to_many,0,0,active,,0
448410,383634,383622,config_depends,downstream,degradable,"",config,[],"","",timeout,circuit_break,"","","",one_to_many,0,0,active,,0
448411,383635,383622,config_depends,downstream,degradable,"",config,[],"","",timeout,circuit_break,"","","",one_to_many,0,0,active,,0
448412,383636,383622,config_depends,downstream,degradable,"",config,[],"","",timeout,circuit_break,"","","",one_to_many,0,0,active,,0
448413,383637,383622,config_depends,downstream,degradable,"",config,[],"","",timeout,circuit_break,"","","",one_to_many,0,0,active,,0
448414,383638,383622,config_depends,downstream,degradable,"",config,[],"","",timeout,circuit_break,"","","",one_to_many,0,0,active,,0
448415,383639,383640,config_depends,downstream,degradable,"",config,[],"","",timeout,circuit_break,"","","",one_to_many,0,0,active,,0
448416,383642,383622,config_depends,downstream,degradable,"",config,[],"","",timeout,circuit_break,"","","",one_to_many,0,0,active,,0
448417,383643,383622,config_depends,downstream,degradable,"",config,[],"","",timeout,circuit_break,"","","",one_to_many,0,0,active,,0
448418,383644,383639,config_depends,downstream,degradable,"",config,[],"","",timeout,circuit_break,"","","",one_to_many,0,0,active,,0
448419,383647,383639,config_depends,downstream,degradable,"",config,[],"","",timeout,circuit_break,"","","",one_to_many,0,0,active,,0
448420,383648,383639,config_depends,downstream,degradable,"",config,[],"","",timeout,circuit_break,"","","",one_to_many,0,0,active,,0
448421,383649,383639,config_depends,downstream,degradable,"",config,[],"","",timeout,circuit_break,"","","",one_to_many,0,0,active,,0
448422,383650,383653,config_depends,downstream,degradable,"",config,[],"","",timeout,circuit_break,"","","",one_to_many,0,0,active,,0
448423,383651,383639,config_depends,downstream,degradable,"",config,[],"","",timeout,circuit_break,"","","",one_to_many,0,0,active,,0
448424,383652,383639,config_depends,downstream,degradable,"",config,[],"","",timeout,circuit_break,"","","",one_to_many,0,0,active,,0
448425,383654,383650,config_depends,downstream,degradable,"",config,[],"","",timeout,circuit_break,"","","",one_to_many,0,0,active,,0
448426,383656,383650,config_depends,downstream,degradable,"",config,[],"","",timeout,circuit_break,"","","",one_to_many,0,0,active,,0
448427,383658,383650,config_depends,downstream,degradable,"",config,[],"","",timeout,circuit_break,"","","",one_to_many,0,0,active,,0
448428,383662,383650,config_depends,downstream,degradable,"",config,[],"","",timeout,circuit_break,"","","",one_to_many,0,0,active,,0
448429,383663,383677,config_depends,downstream,degradable,"",config,[],"",shared_kernel,timeout,circuit_break,"","","",one_to_many,0,0,active,,0
448430,383664,383650,config_depends,downstream,degradable,"",config,[],"","",timeout,circuit_break,"","","",one_to_many,0,0,active,,0
448431,383667,383650,config_depends,downstream,degradable,"",config,[],"","",timeout,circuit_break,"","","",one_to_many,0,0,active,,0
448432,383668,383677,config_depends,downstream,degradable,"",config,[],"",shared_kernel,timeout,circuit_break,"","","",one_to_many,0,0,active,,0
448433,383669,383677,config_depends,downstream,degradable,"",config,[],"",shared_kernel,timeout,circuit_break,"","","",one_to_many,0,0,active,,0
448434,383671,383674,config_depends,downstream,degradable,"",config,[],"","",timeout,circuit_break,"","","",one_to_many,0,0,active,,0
448435,383672,383677,config_depends,downstream,degradable,"",config,[],"",shared_kernel,timeout,circuit_break,"","","",one_to_many,0,0,active,,0
448436,383675,383671,config_depends,downstream,degradable,"",config,[],"","",timeout,circuit_break,"","","",one_to_many,0,0,active,,0
448437,383676,383677,config_depends,downstream,degradable,"",config,[],"",shared_kernel,timeout,circuit_break,"","","",one_to_many,0,0,active,,0
448438,383678,383671,config_depends,downstream,degradable,"",config,[],"","",timeout,circuit_break,"","","",one_to_many,0,0,active,,0
448439,383679,383681,config_depends,downstream,degradable,"",config,[],"","",timeout,circuit_break,"","","",one_to_many,0,0,active,,0
448440,383683,383679,config_depends,downstream,degradable,"",config,[],"","",timeout,circuit_break,"","","",one_to_many,0,0,active,,0
448441,383684,383686,config_depends,downstream,degradable,"",config,[],"","",timeout,circuit_break,"","","",one_to_many,0,0,active,,0
448442,383685,385717,config_depends,downstream,degradable,"",config,[],"","",timeout,circuit_break,"","","",one_to_many,0,0,active,,0
448443,383687,383684,config_depends,downstream,degradable,"",config,[],"","",timeout,circuit_break,"","","",one_to_many,0,0,active,,0
448444,383688,383684,config_depends,downstream,degradable,"",config,[],"","",timeout,circuit_break,"","","",one_to_many,0,0,active,,0
448445,383689,383684,config_depends,downstream,degradable,"",config,[],"","",timeout,circuit_break,"","","",one_to_many,0,0,active,,0
448446,383690,383693,config_depends,downstream,degradable,"",config,[],"","",timeout,circuit_break,"","","",one_to_many,0,0,active,,0
448447,383695,383690,config_depends,downstream,degradable,"",config,[],"","",timeout,circuit_break,"","","",one_to_many,0,0,active,,0
448448,383698,383703,config_depends,downstream,degradable,"",config,[],"","",timeout,circuit_break,"","","",one_to_many,0,0,active,,0
448449,383699,383700,config_depends,downstream,degradable,"",config,[],"","",timeout,circuit_break,"","","",one_to_many,0,0,active,,0
448450,383704,383698,config_depends,downstream,degradable,"",config,[],"","",timeout,circuit_break,"","","",one_to_many,0,0,active,,0
448451,383705,383698,config_depends,downstream,degradable,"",config,[],"","",timeout,circuit_break,"","","",one_to_many,0,0,active,,0
448452,383706,383698,config_depends,downstream,degradable,"",config,[],"","",timeout,circuit_break,"","","",one_to_many,0,0,active,,0
448453,383707,383699,config_depends,downstream,degradable,"",config,[],"","",timeout,circuit_break,"","","",one_to_many,0,0,active,,0
448454,383709,383710,config_depends,downstream,degradable,"",config,[],"","",timeout,circuit_break,"","","",one_to_many,0,0,active,,0
448455,383712,383709,config_depends,downstream,degradable,"",config,[],"","",timeout,circuit_break,"","","",one_to_many,0,0,active,,0
448456,383713,383709,config_depends,downstream,degradable,"",config,[],"","",timeout,circuit_break,"","","",one_to_many,0,0,active,,0
448457,383714,383709,config_depends,downstream,degradable,"",config,[],"","",timeout,circuit_break,"","","",one_to_many,0,0,active,,0
448458,383715,383709,config_depends,downstream,degradable,"",config,[],"","",timeout,circuit_break,"","","",one_to_many,0,0,active,,0
448459,383716,383709,config_depends,downstream,degradable,"",config,[],"","",timeout,circuit_break,"","","",one_to_many,0,0,active,,0
448460,383717,383709,config_depends,downstream,degradable,"",config,[],"","",timeout,circuit_break,"","","",one_to_many,0,0,active,,0
448461,383718,383709,config_depends,downstream,degradable,"",config,[],"","",timeout,circuit_break,"","","",one_to_many,0,0,active,,0
448462,383719,383709,config_depends,downstream,degradable,"",config,[],"","",timeout,circuit_break,"","","",one_to_many,0,0,active,,0
448463,383720,383709,config_depends,downstream,degradable,"",config,[],"","",timeout,circuit_break,"","","",one_to_many,0,0,active,,0
448464,383721,383709,config_depends,downstream,degradable,"",config,[],"","",timeout,circuit_break,"","","",one_to_many,0,0,active,,0
448465,383722,383709,config_depends,downstream,degradable,"",config,[],"","",timeout,circuit_break,"","","",one_to_many,0,0,active,,0
448466,383723,383709,config_depends,downstream,degradable,"",config,[],"","",timeout,circuit_break,"","","",one_to_many,0,0,active,,0
448467,383724,383709,config_depends,downstream,degradable,"",config,[],"","",timeout,circuit_break,"","","",one_to_many,0,0,active,,0
448468,383725,383709,config_depends,downstream,degradable,"",config,[],"","",timeout,circuit_break,"","","",one_to_many,0,0,active,,0
448469,383726,383709,config_depends,downstream,degradable,"",config,[],"","",timeout,circuit_break,"","","",one_to_many,0,0,active,,0
448470,383727,383709,config_depends,downstream,degradable,"",config,[],"","",timeout,circuit_break,"","","",one_to_many,0,0,active,,0
448471,383728,383709,config_depends,downstream,degradable,"",config,[],"","",timeout,circuit_break,"","","",one_to_many,0,0,active,,0
448472,383729,383733,config_depends,downstream,degradable,"",config,[],"","",timeout,circuit_break,"","","",one_to_many,0,0,active,,0
448473,383730,383709,config_depends,downstream,degradable,"",config,[],"","",timeout,circuit_break,"","","",one_to_many,0,0,active,,0
448474,383731,383734,config_depends,downstream,degradable,"",config,[],"","",timeout,circuit_break,"","","",one_to_many,0,0,active,,0
448475,383732,383709,config_depends,downstream,degradable,"",config,[],"","",timeout,circuit_break,"","","",one_to_many,0,0,active,,0
448476,383735,383731,config_depends,downstream,degradable,"",config,[],"","",timeout,circuit_break,"","","",one_to_many,0,0,active,,0
448477,383736,383731,config_depends,downstream,degradable,"",config,[],"","",timeout,circuit_break,"","","",one_to_many,0,0,active,,0
448478,383737,383731,config_depends,downstream,degradable,"",config,[],"","",timeout,circuit_break,"","","",one_to_many,0,0,active,,0
448479,383738,383731,config_depends,downstream,degradable,"",config,[],"","",timeout,circuit_break,"","","",one_to_many,0,0,active,,0
448480,383739,383731,config_depends,downstream,degradable,"",config,[],"","",timeout,circuit_break,"","","",one_to_many,0,0,active,,0
448481,383740,383731,config_depends,downstream,degradable,"",config,[],"","",timeout,circuit_break,"","","",one_to_many,0,0,active,,0
448482,383741,383731,config_depends,downstream,degradable,"",config,[],"","",timeout,circuit_break,"","","",one_to_many,0,0,active,,0
448483,383742,383731,config_depends,downstream,degradable,"",config,[],"","",timeout,circuit_break,"","","",one_to_many,0,0,active,,0
448484,383743,383731,config_depends,downstream,degradable,"",config,[],"","",timeout,circuit_break,"","","",one_to_many,0,0,active,,0
448485,383744,383731,config_depends,downstream,degradable,"",config,[],"","",timeout,circuit_break,"","","",one_to_many,0,0,active,,0
448486,383745,383731,config_depends,downstream,degradable,"",config,[],"","",timeout,circuit_break,"","","",one_to_many,0,0,active,,0
448487,383746,383731,config_depends,downstream,degradable,"",config,[],"","",timeout,circuit_break,"","","",one_to_many,0,0,active,,0
448488,383747,383731,config_depends,downstream,degradable,"",config,[],"","",timeout,circuit_break,"","","",one_to_many,0,0,active,,0
448489,383748,383731,config_depends,downstream,degradable,"",config,[],"","",timeout,circuit_break,"","","",one_to_many,0,0,active,,0
448490,383749,383731,config_depends,downstream,degradable,"",config,[],"","",timeout,circuit_break,"","","",one_to_many,0,0,active,,0
448491,383750,383731,config_depends,downstream,degradable,"",config,[],"","",timeout,circuit_break,"","","",one_to_many,0,0,active,,0
448492,383751,383731,config_depends,downstream,degradable,"",config,[],"","",timeout,circuit_break,"","","",one_to_many,0,0,active,,0
448493,383752,383731,config_depends,downstream,degradable,"",config,[],"","",timeout,circuit_break,"","","",one_to_many,0,0,active,,0
448494,383753,383731,config_depends,downstream,degradable,"",config,[],"","",timeout,circuit_break,"","","",one_to_many,0,0,active,,0
448495,383754,383731,config_depends,downstream,degradable,"",config,[],"","",timeout,circuit_break,"","","",one_to_many,0,0,active,,0
448496,383755,383731,config_depends,downstream,degradable,"",config,[],"","",timeout,circuit_break,"","","",one_to_many,0,0,active,,0
448497,383756,383731,config_depends,downstream,degradable,"",config,[],"","",timeout,circuit_break,"","","",one_to_many,0,0,active,,0
448498,383757,383731,config_depends,downstream,degradable,"",config,[],"","",timeout,circuit_break,"","","",one_to_many,0,0,active,,0
448499,383758,383731,config_depends,downstream,degradable,"",config,[],"","",timeout,circuit_break,"","","",one_to_many,0,0,active,,0
448500,385210,385213,config_depends,downstream,degradable,"",config,[],"","",timeout,circuit_break,"","","",one_to_many,0,0,active,,0
448501,385410,385411,config_depends,downstream,degradable,"",config,[],"","",timeout,circuit_break,"","","",one_to_many,0,0,active,,0
448502,385412,385410,config_depends,downstream,degradable,"",config,[],"","",timeout,circuit_break,"","","",one_to_many,0,0,active,,0
448503,385413,385410,config_depends,downstream,degradable,"",config,[],"","",timeout,circuit_break,"","","",one_to_many,0,0,active,,0
448504,385414,385410,config_depends,downstream,degradable,"",config,[],"","",timeout,circuit_break,"","","",one_to_many,0,0,active,,0
448505,385415,385410,config_depends,downstream,degradable,"",config,[],"","",timeout,circuit_break,"","","",one_to_many,0,0,active,,0
448506,385416,385410,config_depends,downstream,degradable,"",config,[],"","",timeout,circuit_break,"","","",one_to_many,0,0,active,,0
448507,385417,385410,config_depends,downstream,degradable,"",config,[],"","",timeout,circuit_break,"","","",one_to_many,0,0,active,,0
448508,385418,385410,config_depends,downstream,degradable,"",config,[],"","",timeout,circuit_break,"","","",one_to_many,0,0,active,,0
448509,385419,385410,config_depends,downstream,degradable,"",config,[],"","",timeout,circuit_break,"","","",one_to_many,0,0,active,,0
448510,385420,385410,config_depends,downstream,degradable,"",config,[],"","",timeout,circuit_break,"","","",one_to_many,0,0,active,,0
448511,385421,385410,config_depends,downstream,degradable,"",config,[],"","",timeout,circuit_break,"","","",one_to_many,0,0,active,,0
448512,385422,385410,config_depends,downstream,degradable,"",config,[],"","",timeout,circuit_break,"","","",one_to_many,0,0,active,,0
448513,385423,385410,config_depends,downstream,degradable,"",config,[],"","",timeout,circuit_break,"","","",one_to_many,0,0,active,,0
448514,385424,385410,config_depends,downstream,degradable,"",config,[],"","",timeout,circuit_break,"","","",one_to_many,0,0,active,,0
448515,385425,385410,config_depends,downstream,degradable,"",config,[],"","",timeout,circuit_break,"","","",one_to_many,0,0,active,,0
448516,385426,385410,config_depends,downstream,degradable,"",config,[],"","",timeout,circuit_break,"","","",one_to_many,0,0,active,,0
448517,385427,385410,config_depends,downstream,degradable,"",config,[],"","",timeout,circuit_break,"","","",one_to_many,0,0,active,,0
448518,385428,385410,config_depends,downstream,degradable,"",config,[],"","",timeout,circuit_break,"","","",one_to_many,0,0,active,,0
448519,385429,385410,config_depends,downstream,degradable,"",config,[],"","",timeout,circuit_break,"","","",one_to_many,0,0,active,,0
448520,385430,385410,config_depends,downstream,degradable,"",config,[],"","",timeout,circuit_break,"","","",one_to_many,0,0,active,,0
448521,385431,385410,config_depends,downstream,degradable,"",config,[],"","",timeout,circuit_break,"","","",one_to_many,0,0,active,,0
448522,385432,385410,config_depends,downstream,degradable,"",config,[],"","",timeout,circuit_break,"","","",one_to_many,0,0,active,,0
448523,385434,381574,config_depends,downstream,degradable,"",config,[],"","",timeout,circuit_break,"","","",one_to_many,0,0,active,,0
448524,385435,381574,config_depends,downstream,degradable,"",config,[],"","",timeout,circuit_break,"","","",one_to_many,0,0,active,,0
448525,385436,381574,config_depends,downstream,degradable,"",config,[],"","",timeout,circuit_break,"","","",one_to_many,0,0,active,,0
448526,385437,381574,config_depends,downstream,degradable,"",config,[],"","",timeout,circuit_break,"","","",one_to_many,0,0,active,,0
448527,385438,381373,config_depends,downstream,degradable,"",config,[],"","",timeout,circuit_break,"","","",one_to_many,0,0,active,,0
448528,385439,381574,config_depends,downstream,degradable,"",config,[],"","",timeout,circuit_break,"","","",one_to_many,0,0,active,,0
448529,385440,381574,config_depends,downstream,degradable,"",config,[],"","",timeout,circuit_break,"","","",one_to_many,0,0,active,,0
448530,385441,381060,config_depends,downstream,degradable,"",config,[],"","",timeout,circuit_break,"","","",one_to_many,1,0,active,,0
448531,385442,381574,config_depends,downstream,degradable,"",config,[],"","",timeout,circuit_break,"","","",one_to_many,0,0,active,,0
448532,385443,381574,config_depends,downstream,degradable,"",config,[],"","",timeout,circuit_break,"","","",one_to_many,0,0,active,,0
448533,385444,381574,config_depends,downstream,degradable,"",config,[],"","",timeout,circuit_break,"","","",one_to_many,0,0,active,,0
448534,385445,381574,config_depends,downstream,degradable,"",config,[],"","",timeout,circuit_break,"","","",one_to_many,0,0,active,,0
448535,385446,381574,config_depends,downstream,degradable,"",config,[],"","",timeout,circuit_break,"","","",one_to_many,0,0,active,,0
448536,385447,381574,config_depends,downstream,degradable,"",config,[],"","",timeout,circuit_break,"","","",one_to_many,0,0,active,,0
448537,385448,381574,config_depends,downstream,degradable,"",config,[],"","",timeout,circuit_break,"","","",one_to_many,0,0,active,,0
448538,385449,381574,config_depends,downstream,degradable,"",config,[],"","",timeout,circuit_break,"","","",one_to_many,0,0,active,,0
448539,385450,381574,config_depends,downstream,degradable,"",config,[],"","",timeout,circuit_break,"","","",one_to_many,0,0,active,,0
448540,385451,381574,config_depends,downstream,degradable,"",config,[],"","",timeout,circuit_break,"","","",one_to_many,0,0,active,,0
448541,385452,381574,config_depends,downstream,degradable,"",config,[],"","",timeout,circuit_break,"","","",one_to_many,0,0,active,,0
448542,385453,381574,config_depends,downstream,degradable,"",config,[],"","",timeout,circuit_break,"","","",one_to_many,0,0,active,,0
448543,385454,381574,config_depends,downstream,degradable,"",config,[],"","",timeout,circuit_break,"","","",one_to_many,0,0,active,,0
448544,385455,381574,config_depends,downstream,degradable,"",config,[],"","",timeout,circuit_break,"","","",one_to_many,0,0,active,,0
448545,385456,381574,config_depends,downstream,degradable,"",config,[],"","",timeout,circuit_break,"","","",one_to_many,0,0,active,,0
448546,385457,381574,config_depends,downstream,degradable,"",config,[],"","",timeout,circuit_break,"","","",one_to_many,0,0,active,,0
448547,385458,381574,config_depends,downstream,degradable,"",config,[],"","",timeout,circuit_break,"","","",one_to_many,0,0,active,,0
448548,385459,381574,config_depends,downstream,degradable,"",config,[],"","",timeout,circuit_break,"","","",one_to_many,0,0,active,,0
448549,385460,381574,config_depends,downstream,degradable,"",config,[],"","",timeout,circuit_break,"","","",one_to_many,0,0,active,,0
448550,385461,381574,config_depends,downstream,degradable,"",config,[],"","",timeout,circuit_break,"","","",one_to_many,0,0,active,,0
448551,385462,381574,config_depends,downstream,degradable,"",config,[],"","",timeout,circuit_break,"","","",one_to_many,0,0,active,,0
448552,385463,381574,config_depends,downstream,degradable,"",config,[],"","",timeout,circuit_break,"","","",one_to_many,0,0,active,,0
448553,385464,381574,config_depends,downstream,degradable,"",config,[],"","",timeout,circuit_break,"","","",one_to_many,0,0,active,,0
448554,385465,381574,config_depends,downstream,degradable,"",config,[],"","",timeout,circuit_break,"","","",one_to_many,0,0,active,,0
448555,385466,381574,config_depends,downstream,degradable,"",config,[],"","",timeout,circuit_break,"","","",one_to_many,0,0,active,,0
448556,385467,381574,config_depends,downstream,degradable,"",config,[],"","",timeout,circuit_break,"","","",one_to_many,0,0,active,,0
448557,385468,381574,config_depends,downstream,degradable,"",config,[],"","",timeout,circuit_break,"","","",one_to_many,0,0,active,,0
448558,385469,381574,config_depends,downstream,degradable,"",config,[],"","",timeout,circuit_break,"","","",one_to_many,0,0,active,,0
448559,385470,381574,config_depends,downstream,degradable,"",config,[],"","",timeout,circuit_break,"","","",one_to_many,0,0,active,,0
448560,385471,381574,config_depends,downstream,degradable,"",config,[],"","",timeout,circuit_break,"","","",one_to_many,0,0,active,,0
448561,385472,381574,config_depends,downstream,degradable,"",config,[],"","",timeout,circuit_break,"","","",one_to_many,0,0,active,,0
448562,385473,381574,config_depends,downstream,degradable,"",config,[],"","",timeout,circuit_break,"","","",one_to_many,0,0,active,,0
448563,385474,381574,config_depends,downstream,degradable,"",config,[],"","",timeout,circuit_break,"","","",one_to_many,0,0,active,,0
448564,385475,381574,config_depends,downstream,degradable,"",config,[],"","",timeout,circuit_break,"","","",one_to_many,0,0,active,,0
448565,385476,381574,config_depends,downstream,degradable,"",config,[],"","",timeout,circuit_break,"","","",one_to_many,0,0,active,,0
448566,385477,381574,config_depends,downstream,degradable,"",config,[],"","",timeout,circuit_break,"","","",one_to_many,0,0,active,,0
448567,385478,381574,config_depends,downstream,degradable,"",config,[],"","",timeout,circuit_break,"","","",one_to_many,0,0,active,,0
448568,385479,381574,config_depends,downstream,degradable,"",config,[],"","",timeout,circuit_break,"","","",one_to_many,0,0,active,,0
448569,385480,381574,config_depends,downstream,degradable,"",config,[],"","",timeout,circuit_break,"","","",one_to_many,0,0,active,,0
448570,385481,381574,config_depends,downstream,degradable,"",config,[],"","",timeout,circuit_break,"","","",one_to_many,0,0,active,,0
448571,385482,381574,config_depends,downstream,degradable,"",config,[],"","",timeout,circuit_break,"","","",one_to_many,0,0,active,,0
448572,385483,381574,config_depends,downstream,degradable,"",config,[],"","",timeout,circuit_break,"","","",one_to_many,0,0,active,,0
448573,385484,381574,config_depends,downstream,degradable,"",config,[],"","",timeout,circuit_break,"","","",one_to_many,0,0,active,,0
448574,385485,381574,config_depends,downstream,degradable,"",config,[],"","",timeout,circuit_break,"","","",one_to_many,0,0,active,,0
448575,385486,381574,config_depends,downstream,degradable,"",config,[],"","",timeout,circuit_break,"","","",one_to_many,0,0,active,,0
448576,385487,381574,config_depends,downstream,degradable,"",config,[],"","",timeout,circuit_break,"","","",one_to_many,0,0,active,,0
448577,385488,381574,config_depends,downstream,degradable,"",config,[],"","",timeout,circuit_break,"","","",one_to_many,0,0,active,,0
448578,385489,381574,config_depends,downstream,degradable,"",config,[],"","",timeout,circuit_break,"","","",one_to_many,0,0,active,,0
448579,385490,381574,config_depends,downstream,degradable,"",config,[],"","",timeout,circuit_break,"","","",one_to_many,0,0,active,,0
448580,385491,381574,config_depends,downstream,degradable,"",config,[],"","",timeout,circuit_break,"","","",one_to_many,0,0,active,,0
448581,385492,381574,config_depends,downstream,degradable,"",config,[],"","",timeout,circuit_break,"","","",one_to_many,0,0,active,,0
448582,385493,381574,config_depends,downstream,degradable,"",config,[],"","",timeout,circuit_break,"","","",one_to_many,0,0,active,,0
448583,385494,381574,config_depends,downstream,degradable,"",config,[],"","",timeout,circuit_break,"","","",one_to_many,0,0,active,,0
448584,385495,381574,config_depends,downstream,degradable,"",config,[],"","",timeout,circuit_break,"","","",one_to_many,0,0,active,,0
448585,385496,381574,config_depends,downstream,degradable,"",config,[],"","",timeout,circuit_break,"","","",one_to_many,0,0,active,,0
448586,385497,381574,config_depends,downstream,degradable,"",config,[],"","",timeout,circuit_break,"","","",one_to_many,0,0,active,,0
448587,385498,381574,config_depends,downstream,degradable,"",config,[],"","",timeout,circuit_break,"","","",one_to_many,0,0,active,,0
448588,385499,381574,config_depends,downstream,degradable,"",config,[],"","",timeout,circuit_break,"","","",one_to_many,0,0,active,,0
448589,385500,381574,config_depends,downstream,degradable,"",config,[],"","",timeout,circuit_break,"","","",one_to_many,0,0,active,,0
448590,385501,381574,config_depends,downstream,degradable,"",config,[],"","",timeout,circuit_break,"","","",one_to_many,0,0,active,,0
448591,385502,381574,config_depends,downstream,degradable,"",config,[],"","",timeout,circuit_break,"","","",one_to_many,0,0,active,,0
448592,385503,381574,config_depends,downstream,degradable,"",config,[],"","",timeout,circuit_break,"","","",one_to_many,0,0,active,,0
448593,385504,381574,config_depends,downstream,degradable,"",config,[],"","",timeout,circuit_break,"","","",one_to_many,0,0,active,,0
448594,385505,381574,config_depends,downstream,degradable,"",config,[],"","",timeout,circuit_break,"","","",one_to_many,0,0,active,,0
448595,385506,381574,config_depends,downstream,degradable,"",config,[],"","",timeout,circuit_break,"","","",one_to_many,0,0,active,,0
448596,385507,381574,config_depends,downstream,degradable,"",config,[],"","",timeout,circuit_break,"","","",one_to_many,0,0,active,,0
448597,385508,381578,config_depends,downstream,degradable,"",config,[],"","",timeout,circuit_break,"","","",one_to_many,0,0,active,,0
448598,385509,381578,config_depends,downstream,degradable,"",config,[],"","",timeout,circuit_break,"","","",one_to_many,0,0,active,,0
448599,385510,381574,config_depends,downstream,degradable,"",config,[],"","",timeout,circuit_break,"","","",one_to_many,0,0,active,,0
448600,385511,381578,config_depends,downstream,degradable,"",config,[],"","",timeout,circuit_break,"","","",one_to_many,0,0,active,,0
448601,385512,381578,config_depends,downstream,degradable,"",config,[],"","",timeout,circuit_break,"","","",one_to_many,0,0,active,,0
448602,385513,381627,config_depends,downstream,degradable,"",config,[],"","",timeout,circuit_break,"","","",one_to_many,0,0,active,,0
448603,385514,381627,config_depends,downstream,degradable,"",config,[],"",shared_kernel,timeout,circuit_break,"","","",one_to_many,0,0,active,,0
448604,385515,381627,config_depends,downstream,degradable,"",config,[],"","",timeout,circuit_break,"","","",one_to_many,0,0,active,,0
448605,385516,381578,config_depends,downstream,degradable,"",config,[],"","",timeout,circuit_break,"","","",one_to_many,0,0,active,,0
448606,385517,381629,config_depends,downstream,degradable,"",config,[],"","",timeout,circuit_break,"","","",one_to_many,0,0,active,,0
448607,385518,381629,config_depends,downstream,degradable,"",config,[],"","",timeout,circuit_break,"","","",one_to_many,0,0,active,,0
448608,385519,382058,config_depends,downstream,degradable,"",config,[],"","",timeout,circuit_break,"","","",one_to_many,0,0,active,,0
448609,385520,381885,config_depends,downstream,degradable,"",config,[],"","",timeout,circuit_break,"","","",one_to_many,0,0,active,,0
448610,385521,381629,config_depends,downstream,degradable,"",config,[],"","",timeout,circuit_break,"","","",one_to_many,0,0,active,,0
448611,385522,382378,config_depends,downstream,degradable,"",config,[],"","",timeout,circuit_break,"","","",one_to_many,0,0,active,,0
448612,385523,382105,config_depends,downstream,degradable,"",config,[],"","",timeout,circuit_break,"","","",one_to_many,0,0,active,,0
448613,385524,382414,config_depends,downstream,degradable,"",config,[],"","",timeout,circuit_break,"","","",one_to_many,0,0,active,,0
448614,385525,382414,config_depends,downstream,degradable,"",config,[],"","",timeout,circuit_break,"","","",one_to_many,0,0,active,,0
448615,385526,382451,config_depends,downstream,degradable,"",config,[],"","",timeout,circuit_break,"","","",one_to_many,0,0,active,,0
448616,385527,382394,config_depends,downstream,degradable,"",config,[],"","",timeout,circuit_break,"","","",one_to_many,0,0,active,,0
448617,385528,382414,config_depends,downstream,degradable,"",config,[],"","",timeout,circuit_break,"","","",one_to_many,0,0,active,,0
448618,385529,382414,config_depends,downstream,degradable,"",config,[],"","",timeout,circuit_break,"","","",one_to_many,0,0,active,,0
448619,385530,383233,config_depends,downstream,degradable,"",config,[],"","",timeout,circuit_break,"","","",one_to_many,0,0,active,,0
448620,385531,383598,config_depends,downstream,degradable,"",config,[],"","",timeout,circuit_break,"","","",one_to_many,0,0,active,,0
448621,385532,383598,config_depends,downstream,degradable,"",config,[],"","",timeout,circuit_break,"","","",one_to_many,0,0,active,,0
448622,385533,383598,config_depends,downstream,degradable,"",config,[],"","",timeout,circuit_break,"","","",one_to_many,0,0,active,,0
448623,385534,383598,config_depends,downstream,degradable,"",config,[],"","",timeout,circuit_break,"","","",one_to_many,0,0,active,,0
448624,385535,383598,config_depends,downstream,degradable,"",config,[],"","",timeout,circuit_break,"","","",one_to_many,0,0,active,,0
448625,385536,383598,config_depends,downstream,degradable,"",config,[],"","",timeout,circuit_break,"","","",one_to_many,0,0,active,,0
448626,385537,383598,config_depends,downstream,degradable,"",config,[],"","",timeout,circuit_break,"","","",one_to_many,0,0,active,,0
448627,385538,383598,config_depends,downstream,degradable,"",config,[],"","",timeout,circuit_break,"","","",one_to_many,0,0,active,,0
448628,385539,383598,config_depends,downstream,degradable,"",config,[],"","",timeout,circuit_break,"","","",one_to_many,0,0,active,,0
448629,385540,383598,config_depends,downstream,degradable,"",config,[],"","",timeout,circuit_break,"","","",one_to_many,0,0,active,,0
448630,385541,383598,config_depends,downstream,degradable,"",config,[],"","",timeout,circuit_break,"","","",one_to_many,0,0,active,,0
448631,385542,383598,config_depends,downstream,degradable,"",config,[],"","",timeout,circuit_break,"","","",one_to_many,0,0,active,,0
448632,385543,383597,config_depends,downstream,degradable,"",config,[],"","",timeout,circuit_break,"","","",one_to_many,0,0,active,,0
448633,385544,383597,config_depends,downstream,degradable,"",config,[],"","",timeout,circuit_break,"","","",one_to_many,0,0,active,,0
448634,385545,383598,config_depends,downstream,degradable,"",config,[],"","",timeout,circuit_break,"","","",one_to_many,0,0,active,,0
448635,385546,383677,config_depends,downstream,degradable,"",config,[],"","",timeout,circuit_break,"","","",one_to_many,0,0,active,,0
448636,385547,383677,config_depends,downstream,degradable,"",config,[],"","",timeout,circuit_break,"","","",one_to_many,0,0,active,,0
448637,385548,383597,config_depends,downstream,degradable,"",config,[],"","",timeout,circuit_break,"","","",one_to_many,0,0,active,,0
448638,385549,383597,config_depends,downstream,degradable,"",config,[],"","",timeout,circuit_break,"","","",one_to_many,0,0,active,,0
448639,385550,383677,config_depends,downstream,degradable,"",config,[],"","",timeout,circuit_break,"","","",one_to_many,0,0,active,,0
448640,385551,383597,config_depends,downstream,degradable,"",config,[],"","",timeout,circuit_break,"","","",one_to_many,0,0,active,,0
448641,385715,383286,config_depends,downstream,degradable,"",config,[],"",shared_kernel,timeout,circuit_break,"","","",one_to_many,0,0,active,,0
448642,385716,383388,config_depends,downstream,degradable,"",config,[],"",shared_kernel,timeout,circuit_break,"","","",one_to_many,0,0,active,,0
448643,385718,383685,config_depends,downstream,degradable,"",config,[],"","",timeout,circuit_break,"","","",one_to_many,0,0,active,,0
