sector_code,sector_name,phase,n,raw_win_rate,wilson_lb,mean_bp,median_bp,p25_bp,p75_bp,std_bp,t_stat,exam_ok
880863.SH,,accumulation,85,0.882353,0.796812,162.58,167.65,93.83,262.08,144.45,10.377,True
880812.SH,,accumulation,85,0.870588,0.78295,286.15,290.85,103.7,480.85,259.13,10.181,True
880774.SH,,accumulation,85,0.847059,0.755716,140.94,145.23,52.8,247.94,164.76,7.886,True
880556.SH,,accumulation,28,0.785714,0.604611,197.98,182.85,74.98,319.84,193.69,5.409,False
880665.SH,,accumulation,28,0.75,0.56644,165.67,147.01,6.62,272.58,243.89,3.594,False
880455.SH,,accumulation,104,0.605769,0.50969,4.53,16.31,-62.34,51.03,120.99,0.382,True
880574.SH,,accumulation,85,0.611765,0.505475,9.96,24.97,-92.28,119.6,159.99,0.574,True
880957.SH,,accumulation,85,0.611765,0.505475,7.36,31.9,-106.21,94.92,131.64,0.515,True
881467.SH,,accumulation,104,0.596154,0.500057,-0.33,13.81,-73.33,60.73,126.56,-0.027,True
880786.SH,,accumulation,85,0.6,0.493712,21.67,29.1,-56.6,96.06,160.57,1.244,True
880915.SH,,accumulation,28,0.678571,0.493385,91.32,104.39,-42.52,194.97,236.61,2.042,False
880490.SH,,accumulation,104,0.586538,0.490459,50.34,33.49,-117.62,204.4,255.02,2.013,True
881326.SH,,accumulation,104,0.586538,0.490459,45.69,27.62,-102.73,182.4,229.12,2.034,True
881338.SH,,accumulation,104,0.586538,0.490459,51.06,50.66,-98.77,170.68,279.26,1.865,True
880533.SH,,accumulation,85,0.588235,0.482008,-0.72,18.15,-115.88,97.55,134.22,-0.05,True
880739.SH,,accumulation,85,0.588235,0.482008,2.4,32.85,-128.78,118.6,164.62,0.135,True
880904.SH,,accumulation,85,0.588235,0.482008,12.12,23.97,-98.66,94.12,134.15,0.833,True
881261.SH,,accumulation,104,0.576923,0.480896,40.1,20.04,-111.87,161.06,238.86,1.712,True
880392.SH,,accumulation,104,0.567308,0.471368,23.2,26.95,-83.64,128.99,164.05,1.442,True
881218.SH,,accumulation,104,0.567308,0.471368,24.51,27.31,-81.45,133.78,166.01,1.506,True
880716.SH,,accumulation,85,0.576471,0.470362,10.13,10.13,-88.71,96.55,182.74,0.511,True
880873.SH,,accumulation,85,0.576471,0.470362,2.32,19.14,-75.98,63.32,113.48,0.188,True
880930.SH,,accumulation,85,0.576471,0.470362,12.13,29.23,-98.69,113.68,148.98,0.751,True
880699.SH,,accumulation,33,0.636364,0.466159,0.16,41.23,-120.57,77.44,140.1,0.007,True
881198.SH,,accumulation,104,0.557692,0.461875,54.02,53.4,-97.94,181.81,226.92,2.428,True
881347.SH,,accumulation,104,0.557692,0.461875,11.22,14.15,-102.97,130.33,176.7,0.647,True
880215.SH,,accumulation,85,0.564706,0.458772,2.71,11.37,-61.33,55.84,101.69,0.246,True
880506.SH,,accumulation,85,0.564706,0.458772,12.6,22.69,-98.73,116.06,157.29,0.739,True
880559.SH,,accumulation,85,0.564706,0.458772,19.02,20.98,-40.54,89.62,114.83,1.527,True
880607.SH,,accumulation,85,0.564706,0.458772,2.75,29.71,-105.63,139.83,172.34,0.147,True
880640.SH,,accumulation,85,0.564706,0.458772,67.19,24.92,-116.89,263.13,286.34,2.163,True
880770.SH,,accumulation,85,0.564706,0.458772,4.6,15.44,-113.99,120.1,188.75,0.225,True
880787.SH,,accumulation,85,0.564706,0.458772,-3.73,24.04,-129.12,103.55,166.52,-0.206,True
880966.SH,,accumulation,85,0.564706,0.458772,9.89,33.24,-95.41,103.6,153.13,0.595,True
880969.SH,,accumulation,85,0.564706,0.458772,8.19,34.41,-114.44,117.89,154.48,0.489,True
880439.SH,,accumulation,104,0.548077,0.452416,7.94,14.66,-110.52,112.74,152.29,0.531,True
880445.SH,,accumulation,104,0.548077,0.452416,10.9,12.35,-96.23,105.06,150.25,0.74,True
881294.SH,,accumulation,104,0.548077,0.452416,5.87,16.89,-102.26,96.21,138.11,0.433,True
881303.SH,,accumulation,104,0.548077,0.452416,6.12,10.55,-75.91,94.01,119.53,0.522,True
880081.SH,,accumulation,85,0.552941,0.447239,-0.75,2.46,-10.56,14.05,87.37,-0.079,True
880219.SH,,accumulation,85,0.552941,0.447239,2.32,11.67,-58.44,70.89,108.25,0.198,True
880635.SH,,accumulation,85,0.552941,0.447239,12.85,24.25,-111.37,126.34,177.27,0.669,True
880656.SH,,accumulation,85,0.552941,0.447239,58.11,21.38,-96.82,211.89,269.48,1.988,True
880675.SH,,accumulation,85,0.552941,0.447239,40.3,22.21,-87.56,125.61,181.44,2.048,True
880725.SH,,accumulation,85,0.552941,0.447239,5.1,19.03,-88.7,99.93,151.24,0.311,True
880733.SH,,accumulation,85,0.552941,0.447239,3.23,26.32,-155.73,118.08,188.36,0.158,True
880781.SH,,accumulation,85,0.552941,0.447239,-4.7,11.69,-82.48,76.4,120.74,-0.359,True
880799.SH,,accumulation,85,0.552941,0.447239,2.66,9.64,-102.87,123.46,148.94,0.165,True
880813.SH,,accumulation,85,0.552941,0.447239,-0.74,10.71,-60.6,80.77,128.99,-0.053,True
880878.SH,,accumulation,85,0.552941,0.447239,4.97,14.03,-71.93,74.38,147.55,0.31,True
880901.SH,,accumulation,85,0.552941,0.447239,-12.37,20.26,-146.13,109.74,185.24,-0.616,True
880902.SH,,accumulation,85,0.552941,0.447239,14.3,25.16,-80.55,111.18,129.75,1.016,True
880905.SH,,accumulation,85,0.552941,0.447239,-1.8,4.29,-95.23,92.8,141.41,-0.117,True
880956.SH,,accumulation,85,0.552941,0.447239,-7.74,15.75,-104.28,119.71,154.66,-0.461,True
880961.SH,,accumulation,85,0.552941,0.447239,6.5,18.97,-105.42,106.76,140.21,0.428,True
880437.SH,,accumulation,104,0.538462,0.442991,7.82,19.35,-99.64,110.14,155.67,0.512,True
880440.SH,,accumulation,104,0.538462,0.442991,10.05,12.28,-97.27,99.97,141.23,0.726,True
881171.SH,,accumulation,104,0.538462,0.442991,0.44,3.26,-66.87,55.36,111.3,0.04,True
881187.SH,,accumulation,104,0.538462,0.442991,0.72,32.9,-113.43,121.96,159.87,0.046,True
880551.SH,,accumulation,33,0.606061,0.436831,40.07,19.33,-88.65,171.56,239.38,0.962,True
880569.SH,,accumulation,85,0.541176,0.435761,5.92,10.99,-82.53,102.84,131.0,0.417,True
880577.SH,,accumulation,85,0.541176,0.435761,-3.84,5.25,-101.59,115.12,149.21,-0.237,True
880591.SH,,accumulation,85,0.541176,0.435761,0.27,12.52,-72.12,57.89,97.12,0.026,True
880633.SH,,accumulation,85,0.541176,0.435761,16.21,39.42,-93.08,120.88,142.88,1.046,True
880669.SH,,accumulation,85,0.541176,0.435761,-0.87,15.46,-122.32,123.09,172.52,-0.047,True
880670.SH,,accumulation,85,0.541176,0.435761,41.48,27.02,-109.09,174.53,204.71,1.868,True
880702.SH,,accumulation,85,0.541176,0.435761,3.19,8.36,-73.73,58.31,108.86,0.27,True
880708.SH,,accumulation,85,0.541176,0.435761,15.88,23.38,-60.74,112.6,125.81,1.164,True
880722.SH,,accumulation,85,0.541176,0.435761,-10.41,10.56,-126.81,110.45,178.23,-0.538,True
880736.SH,,accumulation,85,0.541176,0.435761,19.84,19.58,-90.12,139.42,146.18,1.251,True
880738.SH,,accumulation,85,0.541176,0.435761,1.21,15.26,-113.35,109.9,148.59,0.075,True
880740.SH,,accumulation,85,0.541176,0.435761,8.16,28.23,-101.12,100.74,134.96,0.557,True
880748.SH,,accumulation,85,0.541176,0.435761,-3.75,17.76,-130.9,130.44,170.92,-0.202,True
880779.SH,,accumulation,85,0.541176,0.435761,-1.83,10.75,-88.84,82.06,140.06,-0.121,True
880785.SH,,accumulation,85,0.541176,0.435761,8.33,20.49,-130.23,149.87,185.1,0.415,True
880792.SH,,accumulation,85,0.541176,0.435761,11.13,24.09,-121.26,101.28,239.38,0.429,True
880816.SH,,accumulation,85,0.541176,0.435761,5.45,5.26,-92.73,101.01,144.58,0.347,True
880860.SH,,accumulation,85,0.541176,0.435761,-6.44,18.48,-95.57,76.74,116.09,-0.511,True
880906.SH,,accumulation,85,0.541176,0.435761,3.32,13.37,-91.79,78.23,117.59,0.26,True
880916.SH,,accumulation,85,0.541176,0.435761,-9.98,14.34,-137.49,114.01,168.33,-0.546,True
880921.SH,,accumulation,85,0.541176,0.435761,-8.75,27.3,-123.62,97.73,150.75,-0.535,True
880939.SH,,accumulation,85,0.541176,0.435761,-1.61,9.04,-73.75,92.68,130.08,-0.114,True
880942.SH,,accumulation,85,0.541176,0.435761,-0.81,11.39,-111.73,116.54,153.67,-0.049,True
880945.SH,,accumulation,85,0.541176,0.435761,13.46,33.36,-91.49,101.25,148.19,0.838,True
880948.SH,,accumulation,85,0.541176,0.435761,-2.84,19.94,-127.87,120.62,153.7,-0.171,True
880968.SH,,accumulation,85,0.541176,0.435761,5.92,12.1,-117.28,100.28,138.2,0.395,True
880394.SH,,accumulation,104,0.528846,0.4336,6.02,7.59,-82.03,92.66,149.8,0.41,True
880411.SH,,accumulation,104,0.528846,0.4336,-11.03,5.99,-91.51,74.5,131.5,-0.855,True
880494.SH,,accumulation,104,0.528846,0.4336,2.59,33.89,-122.26,133.91,204.25,0.129,True
881355.SH,,accumulation,104,0.528846,0.4336,-10.02,10.49,-121.59,120.35,185.39,-0.551,True
881470.SH,,accumulation,104,0.528846,0.4336,-0.95,6.06,-94.39,97.62,126.98,-0.076,True
880890.SH,,accumulation,106,0.518868,0.424766,-6.33,1.46,-89.06,72.08,164.96,-0.395,True
880006.SH,,accumulation,85,0.529412,0.42434,664.19,425.53,-2056.07,2195.12,3820.45,1.603,True
880008.SH,,accumulation,85,0.529412,0.42434,-3.17,9.19,-69.88,67.15,100.86,-0.29,True
880218.SH,,accumulation,85,0.529412,0.42434,4.53,4.06,-61.64,66.23,113.89,0.367,True
880226.SH,,accumulation,85,0.529412,0.42434,2.73,1.42,-60.06,72.39,102.73,0.245,True
880549.SH,,accumulation,85,0.529412,0.42434,-3.82,10.61,-68.88,54.14,108.5,-0.325,True
880562.SH,,accumulation,85,0.529412,0.42434,-2.05,11.93,-87.37,82.84,128.4,-0.147,True
880563.SH,,accumulation,85,0.529412,0.42434,-3.81,8.29,-66.27,70.79,115.18,-0.305,True
880589.SH,,accumulation,85,0.529412,0.42434,4.66,8.56,-89.02,112.71,148.24,0.29,True
880597.SH,,accumulation,85,0.529412,0.42434,-8.69,3.46,-74.09,74.33,109.19,-0.733,True
880608.SH,,accumulation,85,0.529412,0.42434,2.29,18.91,-79.64,94.89,146.96,0.144,True
880616.SH,,accumulation,85,0.529412,0.42434,-5.22,5.42,-69.45,64.16,122.62,-0.393,True
880629.SH,,accumulation,85,0.529412,0.42434,5.73,18.76,-97.94,107.13,155.1,0.341,True
880631.SH,,accumulation,85,0.529412,0.42434,12.71,21.4,-94.62,103.77,151.91,0.771,True
880636.SH,,accumulation,85,0.529412,0.42434,3.26,13.99,-91.52,84.31,121.68,0.247,True
880639.SH,,accumulation,85,0.529412,0.42434,2.34,8.04,-72.39,83.12,122.23,0.176,True
880659.SH,,accumulation,85,0.529412,0.42434,6.5,18.72,-108.81,122.37,152.26,0.393,True
880664.SH,,accumulation,85,0.529412,0.42434,11.26,34.98,-100.56,126.46,163.47,0.635,True
880667.SH,,accumulation,85,0.529412,0.42434,-14.34,7.74,-142.1,104.23,180.79,-0.732,True
880711.SH,,accumulation,85,0.529412,0.42434,-5.09,11.65,-123.39,124.55,169.99,-0.276,True
880762.SH,,accumulation,85,0.529412,0.42434,-10.16,12.4,-144.3,114.44,176.56,-0.531,True
880808.SH,,accumulation,85,0.529412,0.42434,-2.96,22.27,-111.9,95.2,168.21,-0.162,True
880815.SH,,accumulation,85,0.529412,0.42434,8.17,6.97,-67.45,79.17,127.03,0.593,True
880823.SH,,accumulation,85,0.529412,0.42434,5.04,6.17,-64.75,86.5,130.17,0.357,True
880944.SH,,accumulation,85,0.529412,0.42434,4.88,10.76,-116.72,127.49,142.9,0.315,True
880954.SH,,accumulation,85,0.529412,0.42434,-10.95,19.14,-143.7,116.43,161.91,-0.624,True
880390.SH,,accumulation,104,0.519231,0.424243,10.84,5.07,-81.97,113.53,151.39,0.73,True
880441.SH,,accumulation,104,0.519231,0.424243,6.73,13.34,-72.01,88.23,123.79,0.554,True
880459.SH,,accumulation,104,0.519231,0.424243,-7.13,2.56,-57.77,58.96,95.0,-0.766,True
880489.SH,,accumulation,104,0.519231,0.424243,2.47,5.27,-125.88,113.21,189.35,0.133,True
880492.SH,,accumulation,104,0.519231,0.424243,11.9,9.08,-86.92,110.95,184.14,0.659,True
881313.SH,,accumulation,104,0.519231,0.424243,16.97,3.91,-97.88,121.77,179.91,0.962,True
881319.SH,,accumulation,104,0.519231,0.424243,0.75,5.79,-128.04,115.67,212.43,0.036,True
881369.SH,,accumulation,104,0.519231,0.424243,17.93,10.61,-118.28,180.75,246.25,0.743,True
881478.SH,,accumulation,104,0.519231,0.424243,12.04,20.46,-85.51,107.13,161.17,0.762,True
880673.SH,,accumulation,76,0.526316,0.415518,3.23,17.52,-127.04,132.19,194.44,0.145,True
880313.SH,,accumulation,104,0.509615,0.41492,-1.26,0.7,-68.14,58.33,129.49,-0.099,True
880351.SH,,accumulation,104,0.509615,0.41492,7.75,5.4,-97.21,110.87,204.23,0.387,True
880448.SH,,accumulation,104,0.509615,0.41492,4.2,4.09,-78.1,84.51,136.29,0.315,True
880461.SH,,accumulation,104,0.509615,0.41492,-9.39,6.78,-86.86,75.16,144.73,-0.661,True
880491.SH,,accumulation,104,0.509615,0.41492,-0.25,2.88,-134.15,118.08,208.8,-0.012,True
881123.SH,,accumulation,104,0.509615,0.41492,-15.85,1.95,-89.9,62.96,114.29,-1.414,True
881336.SH,,accumulation,104,0.509615,0.41492,8.27,4.68,-125.5,149.97,183.61,0.459,True
881352.SH,,accumulation,104,0.509615,0.41492,1.24,6.31,-113.23,108.36,192.19,0.066,True
881376.SH,,accumulation,104,0.509615,0.41492,-1.84,2.18,-143.58,110.08,250.21,-0.075,True
880225.SH,,accumulation,85,0.517647,0.412974,2.97,5.69,-49.93,66.04,96.66,0.283,True
880228.SH,,accumulation,85,0.517647,0.412974,-0.75,8.02,-73.24,68.34,99.01,-0.07,True
880516.SH,,accumulation,85,0.517647,0.412974,5.08,3.1,-43.25,72.5,97.65,0.479,True
880537.SH,,accumulation,85,0.517647,0.412974,-3.52,6.27,-66.61,58.71,101.95,-0.319,True
880538.SH,,accumulation,85,0.517647,0.412974,-5.81,1.66,-53.5,48.77,85.62,-0.625,True
880545.SH,,accumulation,85,0.517647,0.412974,-7.08,4.19,-142.86,119.32,171.83,-0.38,True
880558.SH,,accumulation,85,0.517647,0.412974,-6.01,3.4,-78.69,69.32,106.74,-0.519,True
880565.SH,,accumulation,85,0.517647,0.412974,-1.1,2.18,-90.46,73.92,117.64,-0.086,True
880567.SH,,accumulation,85,0.517647,0.412974,-8.47,2.67,-79.0,74.31,104.4,-0.748,True
880590.SH,,accumulation,85,0.517647,0.412974,-5.98,17.56,-120.77,122.94,171.22,-0.322,True
880613.SH,,accumulation,85,0.517647,0.412974,-16.85,2.19,-133.82,102.21,185.86,-0.836,True
880620.SH,,accumulation,85,0.517647,0.412974,10.49,4.75,-80.92,134.35,167.72,0.577,True
880630.SH,,accumulation,85,0.517647,0.412974,7.44,9.73,-78.18,90.12,142.05,0.483,True
880632.SH,,accumulation,85,0.517647,0.412974,4.16,4.23,-87.38,78.07,133.49,0.287,True
880646.SH,,accumulation,85,0.517647,0.412974,18.05,13.05,-86.25,102.03,168.6,0.987,True
880647.SH,,accumulation,85,0.517647,0.412974,-16.32,5.4,-152.55,114.93,185.12,-0.813,True
880654.SH,,accumulation,85,0.517647,0.412974,-13.86,4.48,-158.93,135.29,199.43,-0.64,True
880657.SH,,accumulation,85,0.517647,0.412974,-5.74,9.02,-108.57,122.46,175.51,-0.302,True
880658.SH,,accumulation,85,0.517647,0.412974,6.56,8.56,-108.39,105.14,153.5,0.394,True
880660.SH,,accumulation,85,0.517647,0.412974,0.17,8.9,-127.23,126.11,164.73,0.01,True
880661.SH,,accumulation,85,0.517647,0.412974,13.31,14.91,-141.22,129.23,180.08,0.681,True
880662.SH,,accumulation,85,0.517647,0.412974,-6.91,3.19,-144.75,119.52,159.56,-0.399,True
880666.SH,,accumulation,85,0.517647,0.412974,-0.26,2.41,-93.87,94.36,125.31,-0.019,True
880713.SH,,accumulation,85,0.517647,0.412974,-13.75,11.25,-112.38,76.12,145.79,-0.87,True
880726.SH,,accumulation,85,0.517647,0.412974,-0.51,12.98,-109.7,87.66,160.89,-0.029,True
880728.SH,,accumulation,85,0.517647,0.412974,-7.07,4.14,-59.5,50.51,89.19,-0.73,True
880749.SH,,accumulation,85,0.517647,0.412974,-1.53,14.46,-125.39,153.45,197.65,-0.071,True
880756.SH,,accumulation,85,0.517647,0.412974,20.02,7.87,-78.37,101.78,210.0,0.879,True
880758.SH,,accumulation,85,0.517647,0.412974,-2.76,9.64,-112.33,96.77,168.85,-0.151,True
880759.SH,,accumulation,85,0.517647,0.412974,-0.27,9.06,-93.98,72.52,124.88,-0.02,True
880795.SH,,accumulation,85,0.517647,0.412974,-1.61,9.44,-74.68,65.85,105.6,-0.14,True
880798.SH,,accumulation,85,0.517647,0.412974,1.11,6.59,-98.89,81.05,120.52,0.085,True
880833.SH,,accumulation,85,0.517647,0.412974,-8.32,10.91,-71.85,74.39,126.06,-0.609,True
880834.SH,,accumulation,85,0.517647,0.412974,-7.75,4.35,-71.42,71.38,114.49,-0.624,True
880869.SH,,accumulation,85,0.517647,0.412974,-2.86,3.65,-71.64,67.12,101.27,-0.261,True
880872.SH,,accumulation,85,0.517647,0.412974,23.11,7.42,-81.19,111.51,168.97,1.261,True
880882.SH,,accumulation,85,0.517647,0.412974,-13.35,2.17,-66.8,59.22,107.51,-1.145,True
880894.SH,,accumulation,85,0.517647,0.412974,0.36,7.53,-58.41,60.95,95.72,0.035,True
880903.SH,,accumulation,85,0.517647,0.412974,-16.31,8.26,-110.93,65.39,147.53,-1.02,True
880946.SH,,accumulation,85,0.517647,0.412974,-16.41,4.76,-116.67,98.79,147.35,-1.027,True
880949.SH,,accumulation,85,0.517647,0.412974,-7.13,5.49,-136.33,102.44,146.62,-0.448,True
880952.SH,,accumulation,85,0.517647,0.412974,7.1,13.46,-96.25,116.8,151.24,0.433,True
880955.SH,,accumulation,85,0.517647,0.412974,-9.99,2.11,-67.82,70.23,105.03,-0.877,True
880962.SH,,accumulation,85,0.517647,0.412974,-9.81,16.57,-137.86,110.34,163.88,-0.552,True
880965.SH,,accumulation,85,0.517647,0.412974,-1.21,7.25,-100.68,106.8,139.0,-0.08,True
880974.SH,,accumulation,85,0.517647,0.412974,-3.6,8.98,-75.23,60.26,112.6,-0.295,True
880977.SH,,accumulation,85,0.517647,0.412974,-9.03,2.99,-76.83,75.43,112.81,-0.738,True
880692.SH,,accumulation,33,0.575758,0.40807,-7.11,46.32,-105.76,85.69,159.21,-0.257,True
880321.SH,,accumulation,104,0.5,0.40563,-6.08,-1.86,-62.31,52.0,101.22,-0.613,True
880325.SH,,accumulation,104,0.5,0.40563,21.59,-2.18,-95.92,112.0,197.86,1.113,True
880368.SH,,accumulation,104,0.5,0.40563,2.49,-2.06,-80.04,87.59,110.51,0.23,True
880438.SH,,accumulation,104,0.5,0.40563,5.23,-3.06,-132.63,150.34,195.35,0.273,True
880442.SH,,accumulation,104,0.5,0.40563,12.23,0.68,-114.07,127.18,204.65,0.609,True
880446.SH,,accumulation,104,0.5,0.40563,17.31,0.02,-114.44,123.77,184.94,0.955,True
880447.SH,,accumulation,104,0.5,0.40563,11.87,-5.45,-70.92,90.39,137.56,0.88,True
880474.SH,,accumulation,104,0.5,0.40563,-10.35,-1.84,-96.75,70.53,153.92,-0.686,True
880493.SH,,accumulation,104,0.5,0.40563,-9.09,1.39,-122.56,122.86,187.27,-0.495,True
881044.SH,,accumulation,104,0.5,0.40563,6.21,-0.85,-87.01,90.08,135.05,0.469,True
881151.SH,,accumulation,104,0.5,0.40563,3.68,0.23,-79.17,75.34,111.54,0.336,True
881205.SH,,accumulation,104,0.5,0.40563,-7.5,0.51,-105.44,97.93,152.99,-0.5,True
881206.SH,,accumulation,104,0.5,0.40563,-16.15,-1.84,-75.76,55.84,109.55,-1.503,True
881207.SH,,accumulation,104,0.5,0.40563,-13.81,-2.56,-121.08,101.47,165.1,-0.853,True
881215.SH,,accumulation,104,0.5,0.40563,1.13,-1.98,-114.39,101.03,177.23,0.065,True
881329.SH,,accumulation,104,0.5,0.40563,-2.08,3.53,-90.41,83.08,136.22,-0.156,True
881364.SH,,accumulation,104,0.5,0.40563,-12.66,-0.86,-142.71,148.89,253.22,-0.51,True
881370.SH,,accumulation,104,0.5,0.40563,-12.53,-1.15,-112.26,90.3,169.9,-0.752,True
880881.SH,,accumulation,89,0.505618,0.403684,-1.07,7.9,-102.93,97.99,154.6,-0.065,True
880003.SH,,accumulation,85,0.505882,0.401663,-6.72,4.87,-87.34,68.43,111.99,-0.553,True
880004.SH,,accumulation,85,0.505882,0.401663,20.29,18.62,-262.7,254.29,344.74,0.543,True
880212.SH,,accumulation,85,0.505882,0.401663,-2.08,0.29,-71.99,52.41,101.58,-0.189,True
880216.SH,,accumulation,85,0.505882,0.401663,-4.4,0.63,-58.44,56.37,93.31,-0.434,True
880519.SH,,accumulation,85,0.505882,0.401663,-8.05,0.78,-66.86,55.53,105.55,-0.703,True
880521.SH,,accumulation,85,0.505882,0.401663,5.31,0.1,-77.66,55.89,129.75,0.377,True
880553.SH,,accumulation,85,0.505882,0.401663,-1.32,3.56,-62.09,58.09,106.8,-0.114,True
880560.SH,,accumulation,85,0.505882,0.401663,3.96,14.19,-79.21,82.44,117.95,0.309,True
880573.SH,,accumulation,85,0.505882,0.401663,-9.98,0.63,-76.53,64.35,100.92,-0.912,True
880601.SH,,accumulation,85,0.505882,0.401663,-8.39,3.85,-128.97,107.4,176.26,-0.439,True
880602.SH,,accumulation,85,0.505882,0.401663,-11.65,0.29,-90.65,55.64,117.01,-0.918,True
880610.SH,,accumulation,85,0.505882,0.401663,-5.57,3.48,-62.04,62.51,104.03,-0.494,True
880612.SH,,accumulation,85,0.505882,0.401663,7.67,0.59,-83.36,63.8,135.88,0.52,True
880618.SH,,accumulation,85,0.505882,0.401663,-10.04,2.95,-77.87,49.09,115.24,-0.803,True
880627.SH,,accumulation,85,0.505882,0.401663,-3.0,3.49,-44.39,48.24,97.62,-0.283,True
880643.SH,,accumulation,85,0.505882,0.401663,-10.0,9.85,-127.16,136.34,198.07,-0.465,True
880644.SH,,accumulation,85,0.505882,0.401663,-20.62,8.24,-161.05,108.53,189.26,-1.005,True
880649.SH,,accumulation,85,0.505882,0.401663,-5.68,0.12,-92.73,85.02,129.14,-0.405,True
880720.SH,,accumulation,85,0.505882,0.401663,-10.53,12.3,-113.99,123.35,162.4,-0.598,True
880735.SH,,accumulation,85,0.505882,0.401663,2.7,3.11,-71.97,88.84,129.41,0.192,True
880745.SH,,accumulation,85,0.505882,0.401663,-1.73,5.05,-76.83,68.56,121.85,-0.131,True
880750.SH,,accumulation,85,0.505882,0.401663,-6.28,1.43,-50.5,47.84,96.93,-0.597,True
880753.SH,,accumulation,85,0.505882,0.401663,-1.78,4.73,-60.4,69.83,99.71,-0.165,True
880754.SH,,accumulation,85,0.505882,0.401663,6.84,0.12,-66.17,89.25,127.14,0.496,True
880755.SH,,accumulation,85,0.505882,0.401663,4.18,0.97,-85.64,64.24,150.17,0.257,True
880757.SH,,accumulation,85,0.505882,0.401663,-6.86,1.71,-73.63,59.68,94.86,-0.666,True
880780.SH,,accumulation,85,0.505882,0.401663,-23.05,8.83,-175.5,123.32,212.49,-1.0,True
880809.SH,,accumulation,85,0.505882,0.401663,-11.55,1.72,-86.23,68.86,108.86,-0.978,True
880847.SH,,accumulation,85,0.505882,0.401663,-1.7,6.42,-63.26,51.68,84.61,-0.185,True
880859.SH,,accumulation,85,0.505882,0.401663,-1.09,0.5,-84.14,67.84,120.43,-0.083,True
880861.SH,,accumulation,85,0.505882,0.401663,-13.25,1.98,-92.9,67.78,120.54,-1.013,True
880865.SH,,accumulation,85,0.505882,0.401663,4.9,0.35,-86.71,100.94,168.15,0.269,True
880880.SH,,accumulation,85,0.505882,0.401663,16.58,10.51,-151.79,154.3,287.5,0.532,True
880909.SH,,accumulation,85,0.505882,0.401663,0.6,0.51,-59.13,69.89,111.0,0.05,True
880926.SH,,accumulation,85,0.505882,0.401663,-8.5,1.45,-78.46,66.52,111.15,-0.705,True
880933.SH,,accumulation,85,0.505882,0.401663,-8.14,2.84,-97.8,92.46,137.75,-0.545,True
880943.SH,,accumulation,85,0.505882,0.401663,2.11,5.68,-74.73,130.05,154.56,0.126,True
880950.SH,,accumulation,85,0.505882,0.401663,-11.12,1.29,-83.71,75.72,130.44,-0.786,True
880327.SH,,accumulation,104,0.490385,0.396374,14.76,-7.14,-117.03,162.4,214.83,0.701,True
880374.SH,,accumulation,104,0.490385,0.396374,-0.25,-2.2,-80.37,77.9,125.29,-0.02,True
880421.SH,,accumulation,104,0.490385,0.396374,-8.39,-2.27,-73.16,69.11,130.45,-0.656,True
880424.SH,,accumulation,104,0.490385,0.396374,-5.35,-6.0,-131.01,116.58,201.88,-0.27,True
880426.SH,,accumulation,104,0.490385,0.396374,1.99,-5.22,-123.74,98.98,188.15,0.108,True
880444.SH,,accumulation,104,0.490385,0.396374,-7.59,-9.34,-105.15,80.73,137.05,-0.565,True
880456.SH,,accumulation,104,0.490385,0.396374,-3.5,-1.68,-60.24,54.05,99.64,-0.358,True
880484.SH,,accumulation,104,0.490385,0.396374,6.93,-5.92,-76.71,110.38,153.75,0.46,True
880485.SH,,accumulation,104,0.490385,0.396374,15.51,-2.59,-73.71,89.76,135.16,1.171,True
881184.SH,,accumulation,104,0.490385,0.396374,1.78,-6.98,-86.34,85.94,136.38,0.133,True
881252.SH,,accumulation,104,0.490385,0.396374,3.27,-2.93,-66.33,73.72,111.29,0.3,True
881268.SH,,accumulation,104,0.490385,0.396374,8.74,-5.57,-84.04,95.42,152.88,0.583,True
881333.SH,,accumulation,104,0.490385,0.396374,19.71,-9.62,-111.41,128.28,252.92,0.795,True
881415.SH,,accumulation,104,0.490385,0.396374,-16.5,-5.2,-113.04,78.82,143.36,-1.174,True
881446.SH,,accumulation,104,0.490385,0.396374,-7.52,-5.84,-66.56,61.85,122.59,-0.626,True
881449.SH,,accumulation,104,0.490385,0.396374,-9.72,-1.7,-68.21,52.48,104.86,-0.946,True
880578.SH,,accumulation,28,0.571429,0.390705,3.45,15.79,-82.9,81.76,118.06,0.155,False
880648.SH,,accumulation,28,0.571429,0.390705,-9.41,10.47,-91.9,84.87,132.01,-0.377,False
880653.SH,,accumulation,28,0.571429,0.390705,10.78,11.51,-88.49,106.03,123.96,0.46,False
880001.SH,,accumulation,85,0.494118,0.390407,-4.79,-1.29,-54.52,40.38,86.6,-0.509,True
880005.SH,,accumulation,85,0.494118,0.390407,3342.97,-51.92,-3808.9,5413.15,13273.51,2.322,True
880210.SH,,accumulation,85,0.494118,0.390407,-6.48,-2.98,-52.12,44.83,91.37,-0.654,True
880513.SH,,accumulation,85,0.494118,0.390407,-7.35,-0.59,-62.09,60.32,101.86,-0.665,True
880520.SH,,accumulation,85,0.494118,0.390407,-4.46,-5.01,-80.77,84.04,123.5,-0.333,True
880529.SH,,accumulation,85,0.494118,0.390407,-13.0,-2.88,-91.14,60.55,118.78,-1.009,True
880539.SH,,accumulation,85,0.494118,0.390407,11.36,-0.81,-100.09,86.32,199.54,0.525,True
880540.SH,,accumulation,85,0.494118,0.390407,1.03,-3.05,-64.54,67.74,125.15,0.076,True
880571.SH,,accumulation,85,0.494118,0.390407,-4.63,-4.18,-88.65,70.82,122.36,-0.349,True
880583.SH,,accumulation,85,0.494118,0.390407,2.28,-3.75,-89.45,95.97,120.52,0.174,True
880586.SH,,accumulation,85,0.494118,0.390407,-11.56,-1.3,-89.92,39.97,114.95,-0.927,True
880587.SH,,accumulation,85,0.494118,0.390407,-5.76,-1.71,-69.65,55.19,108.64,-0.488,True
880593.SH,,accumulation,85,0.494118,0.390407,-7.76,-4.46,-76.72,69.11,108.39,-0.66,True
880598.SH,,accumulation,85,0.494118,0.390407,-6.94,-8.44,-98.67,114.71,165.03,-0.387,True
880611.SH,,accumulation,85,0.494118,0.390407,-8.68,-2.94,-81.92,60.64,107.55,-0.744,True
880619.SH,,accumulation,85,0.494118,0.390407,56.95,-2.11,-69.01,199.36,258.29,2.033,True
880638.SH,,accumulation,85,0.494118,0.390407,16.92,-3.95,-75.44,115.31,151.0,1.033,True
880645.SH,,accumulation,85,0.494118,0.390407,-14.76,-0.26,-158.14,116.24,198.19,-0.686,True
880655.SH,,accumulation,85,0.494118,0.390407,1.95,-1.22,-97.83,91.8,143.8,0.125,True
880706.SH,,accumulation,85,0.494118,0.390407,3.74,-3.35,-61.98,67.01,115.31,0.299,True
880709.SH,,accumulation,85,0.494118,0.390407,-8.71,-1.22,-87.63,70.61,105.52,-0.761,True
880717.SH,,accumulation,85,0.494118,0.390407,-8.47,-3.22,-85.98,45.18,112.63,-0.693,True
880730.SH,,accumulation,85,0.494118,0.390407,2.48,-3.66,-85.48,85.02,119.06,0.192,True
880782.SH,,accumulation,85,0.494118,0.390407,-4.9,-1.5,-67.72,55.69,103.99,-0.434,True
880794.SH,,accumulation,85,0.494118,0.390407,-12.96,-0.93,-123.36,115.94,187.75,-0.636,True
880796.SH,,accumulation,85,0.494118,0.390407,-14.15,-2.67,-86.88,66.13,114.11,-1.143,True
880818.SH,,accumulation,85,0.494118,0.390407,-11.56,-0.92,-158.42,116.9,213.64,-0.499,True
880824.SH,,accumulation,85,0.494118,0.390407,-0.64,-0.93,-115.08,116.58,169.17,-0.035,True
880868.SH,,accumulation,85,0.494118,0.390407,-1.03,-0.06,-143.68,93.53,232.69,-0.041,True
880871.SH,,accumulation,85,0.494118,0.390407,-8.53,-1.27,-91.32,82.99,117.2,-0.671,True
880877.SH,,accumulation,85,0.494118,0.390407,7.69,-5.23,-82.66,77.89,166.57,0.426,True
880891.SH,,accumulation,85,0.494118,0.390407,-1.6,-4.73,-60.8,65.64,101.01,-0.146,True
880898.SH,,accumulation,85,0.494118,0.390407,1.01,-3.27,-101.42,85.1,154.95,0.06,True
880919.SH,,accumulation,85,0.494118,0.390407,-3.2,-0.2,-78.67,61.3,114.39,-0.258,True
880920.SH,,accumulation,85,0.494118,0.390407,-4.31,-6.44,-79.17,82.96,145.92,-0.273,True
880923.SH,,accumulation,85,0.494118,0.390407,-11.64,-7.67,-69.49,69.77,109.91,-0.976,True
880940.SH,,accumulation,85,0.494118,0.390407,-10.69,0.0,-76.54,69.78,102.52,-0.961,True
880947.SH,,accumulation,85,0.494118,0.390407,-9.99,-1.43,-62.26,46.07,97.04,-0.949,True
880967.SH,,accumulation,85,0.494118,0.390407,-20.54,-5.67,-109.03,106.27,172.19,-1.1,True
880311.SH,,accumulation,104,0.480769,0.387152,9.27,-3.57,-85.63,83.11,146.79,0.644,True
880312.SH,,accumulation,104,0.480769,0.387152,-3.07,-5.09,-66.34,53.3,109.71,-0.285,True
880328.SH,,accumulation,104,0.480769,0.387152,20.92,-4.93,-107.42,124.94,211.28,1.01,True
880350.SH,,accumulation,104,0.480769,0.387152,-6.98,-7.54,-58.22,64.49,97.04,-0.734,True
880414.SH,,accumulation,104,0.480769,0.387152,-13.56,-1.53,-84.34,76.21,120.84,-1.144,True
880443.SH,,accumulation,104,0.480769,0.387152,2.28,-13.99,-81.55,103.34,134.96,0.172,True
880453.SH,,accumulation,104,0.480769,0.387152,-9.88,-2.84,-75.02,72.52,134.7,-0.748,True
880463.SH,,accumulation,104,0.480769,0.387152,64.36,-8.37,-116.39,156.84,303.08,2.166,True
880471.SH,,accumulation,104,0.480769,0.387152,-7.42,-10.78,-66.03,62.56,103.22,-0.733,True
880497.SH,,accumulation,104,0.480769,0.387152,-0.96,-9.01,-109.62,98.74,174.21,-0.056,True
881007.SH,,accumulation,104,0.480769,0.387152,11.29,-6.0,-84.06,86.39,158.61,0.726,True
881062.SH,,accumulation,104,0.480769,0.387152,0.4,-7.37,-70.77,81.91,170.4,0.024,True
881104.SH,,accumulation,104,0.480769,0.387152,4.55,-6.95,-88.97,101.87,200.37,0.232,True
881227.SH,,accumulation,104,0.480769,0.387152,5.7,-3.42,-84.55,95.21,144.64,0.402,True
881275.SH,,accumulation,104,0.480769,0.387152,10.87,-6.85,-134.41,139.01,234.46,0.473,True
881282.SH,,accumulation,104,0.480769,0.387152,28.59,-10.84,-133.07,126.54,238.69,1.221,True
881310.SH,,accumulation,104,0.480769,0.387152,15.54,-5.15,-69.82,102.83,154.87,1.023,True
881416.SH,,accumulation,104,0.480769,0.387152,-2.51,-6.42,-77.58,74.72,120.59,-0.213,True
881432.SH,,accumulation,104,0.480769,0.387152,-4.73,-4.53,-133.19,116.61,203.79,-0.237,True
881442.SH,,accumulation,104,0.480769,0.387152,-4.74,-5.97,-60.93,57.55,96.54,-0.501,True
880674.SH,,accumulation,70,0.5,0.385955,-1.11,1.17,-93.14,122.18,197.0,-0.047,True
880680.SH,,accumulation,50,0.52,0.385115,6.5,9.42,-72.37,82.52,130.16,0.353,True
880889.SH,,accumulation,87,0.482759,0.380725,-9.06,0.0,-55.39,47.47,102.81,-0.822,True
880523.SH,,accumulation,33,0.545455,0.379857,19.99,13.2,-140.69,136.78,238.59,0.481,True
880527.SH,,accumulation,33,0.545455,0.379857,1.87,22.17,-97.22,103.15,130.1,0.082,True
880531.SH,,accumulation,33,0.545455,0.379857,-13.68,14.58,-93.16,96.66,148.51,-0.529,True
880541.SH,,accumulation,33,0.545455,0.379857,2.73,11.6,-134.48,123.66,203.05,0.077,True
880554.SH,,accumulation,33,0.545455,0.379857,12.37,12.29,-107.84,129.22,207.45,0.343,True
880689.SH,,accumulation,33,0.545455,0.379857,-17.39,19.6,-188.95,129.67,179.38,-0.557,True
880698.SH,,accumulation,33,0.545455,0.379857,24.59,25.64,-63.11,84.11,141.74,0.996,True
880842.SH,,accumulation,113,0.469027,0.379551,26.61,0.0,-90.86,106.48,210.74,1.342,True
880684.SH,,accumulation,44,0.522727,0.379352,11.18,0.98,-98.18,88.69,184.22,0.403,True
880007.SH,,accumulation,85,0.482353,0.379206,-3.41,-7.25,-55.94,51.55,95.6,-0.328,True
880203.SH,,accumulation,85,0.482353,0.379206,-7.44,-8.76,-55.5,40.96,103.33,-0.663,True
880205.SH,,accumulation,85,0.482353,0.379206,-4.87,-7.76,-57.03,53.91,90.69,-0.495,True
880221.SH,,accumulation,85,0.482353,0.379206,-9.2,-3.97,-74.4,61.15,105.47,-0.804,True
880534.SH,,accumulation,85,0.482353,0.379206,0.52,-20.54,-77.62,71.33,127.2,0.038,True
880542.SH,,accumulation,85,0.482353,0.379206,-11.89,-0.79,-83.01,61.55,110.71,-0.99,True
880546.SH,,accumulation,85,0.482353,0.379206,-6.18,-11.49,-103.23,99.6,155.41,-0.366,True
880585.SH,,accumulation,85,0.482353,0.379206,-0.05,-4.45,-97.79,92.93,154.41,-0.003,True
880592.SH,,accumulation,85,0.482353,0.379206,-18.1,-8.31,-106.06,79.85,138.36,-1.206,True
880596.SH,,accumulation,85,0.482353,0.379206,-6.79,-4.21,-84.11,74.85,119.99,-0.522,True
880604.SH,,accumulation,85,0.482353,0.379206,1.35,-3.11,-87.89,89.52,134.72,0.092,True
880609.SH,,accumulation,85,0.482353,0.379206,-19.4,-3.24,-103.07,84.84,140.57,-1.273,True
880614.SH,,accumulation,85,0.482353,0.379206,-10.92,-0.64,-75.86,69.8,110.47,-0.911,True
880621.SH,,accumulation,85,0.482353,0.379206,-17.75,-14.13,-140.81,109.67,173.24,-0.945,True
880623.SH,,accumulation,85,0.482353,0.379206,-2.75,-18.44,-78.29,65.61,127.98,-0.198,True
880637.SH,,accumulation,85,0.482353,0.379206,-8.59,-18.12,-101.12,94.91,153.79,-0.515,True
880650.SH,,accumulation,85,0.482353,0.379206,-4.36,-2.91,-90.18,91.29,132.93,-0.302,True
880651.SH,,accumulation,85,0.482353,0.379206,-7.23,-13.87,-99.5,78.69,140.6,-0.474,True
880724.SH,,accumulation,85,0.482353,0.379206,-9.93,-4.17,-89.14,74.11,111.05,-0.824,True
880727.SH,,accumulation,85,0.482353,0.379206,2.34,-6.42,-89.8,62.45,136.92,0.157,True
880734.SH,,accumulation,85,0.482353,0.379206,4.5,-4.87,-49.53,72.79,105.75,0.393,True
880743.SH,,accumulation,85,0.482353,0.379206,-5.48,-10.03,-70.85,71.97,128.43,-0.393,True
880746.SH,,accumulation,85,0.482353,0.379206,-9.65,-0.19,-132.74,101.65,177.78,-0.5,True
880767.SH,,accumulation,85,0.482353,0.379206,2.14,-7.31,-91.38,83.35,160.46,0.123,True
880790.SH,,accumulation,85,0.482353,0.379206,-15.93,-13.06,-85.09,60.11,105.14,-1.397,True
880793.SH,,accumulation,85,0.482353,0.379206,8.61,-3.28,-96.86,88.68,152.71,0.52,True
880797.SH,,accumulation,85,0.482353,0.379206,-6.93,-18.54,-66.88,60.89,113.07,-0.565,True
880837.SH,,accumulation,85,0.482353,0.379206,-34.23,-17.16,-162.1,139.61,210.67,-1.498,True
880845.SH,,accumulation,85,0.482353,0.379206,-8.3,-5.04,-65.01,44.01,86.15,-0.888,True
880870.SH,,accumulation,85,0.482353,0.379206,-5.73,-5.0,-88.06,56.44,125.52,-0.421,True
880887.SH,,accumulation,85,0.482353,0.379206,-11.3,-1.25,-75.55,73.3,116.31,-0.895,True
880896.SH,,accumulation,85,0.482353,0.379206,-12.62,-21.47,-76.43,74.89,117.26,-0.992,True
880908.SH,,accumulation,85,0.482353,0.379206,-14.02,-3.43,-95.27,87.77,140.9,-0.918,True
880941.SH,,accumulation,85,0.482353,0.379206,-8.77,-8.44,-74.13,75.72,111.69,-0.724,True
880959.SH,,accumulation,85,0.482353,0.379206,-22.46,-8.75,-138.76,110.83,212.2,-0.976,True
880964.SH,,accumulation,85,0.482353,0.379206,0.08,-6.91,-77.26,90.77,120.29,0.006,True
880329.SH,,accumulation,104,0.471154,0.377963,8.65,-10.18,-117.44,136.32,220.39,0.4,True
880335.SH,,accumulation,104,0.471154,0.377963,0.5,-14.17,-78.04,72.84,130.42,0.039,True
880337.SH,,accumulation,104,0.471154,0.377963,0.88,-22.13,-93.2,80.79,144.55,0.062,True
880346.SH,,accumulation,104,0.471154,0.377963,-3.57,-20.65,-91.76,59.67,138.96,-0.262,True
880362.SH,,accumulation,104,0.471154,0.377963,-16.39,-3.28,-116.1,86.66,189.69,-0.881,True
880367.SH,,accumulation,104,0.471154,0.377963,-1.54,-9.0,-62.43,69.02,98.15,-0.161,True
880387.SH,,accumulation,104,0.471154,0.377963,4.81,-8.51,-82.59,71.55,118.97,0.412,True
880399.SH,,accumulation,104,0.471154,0.377963,-8.31,-6.69,-97.8,66.84,147.63,-0.574,True
880401.SH,,accumulation,104,0.471154,0.377963,9.44,-5.19,-88.88,116.83,152.05,0.633,True
880406.SH,,accumulation,104,0.471154,0.377963,-8.07,-10.11,-82.42,63.23,106.01,-0.776,True
880410.SH,,accumulation,104,0.471154,0.377963,3.46,-4.02,-66.36,73.72,113.02,0.312,True
880420.SH,,accumulation,104,0.471154,0.377963,-14.01,-25.37,-121.82,115.41,197.31,-0.724,True
880454.SH,,accumulation,104,0.471154,0.377963,-1.12,-7.1,-55.13,52.78,96.23,-0.119,True
880465.SH,,accumulation,104,0.471154,0.377963,-8.78,-4.51,-58.74,35.49,89.04,-1.005,True
880478.SH,,accumulation,104,0.471154,0.377963,-2.52,-12.08,-83.33,69.75,127.44,-0.202,True
881075.SH,,accumulation,104,0.471154,0.377963,20.49,-9.83,-102.92,115.85,214.47,0.974,True
881082.SH,,accumulation,104,0.471154,0.377963,10.75,-4.72,-93.31,138.23,226.93,0.483,True
881091.SH,,accumulation,104,0.471154,0.377963,-3.44,-20.05,-93.52,59.06,138.5,-0.254,True
881106.SH,,accumulation,104,0.471154,0.377963,-15.59,-8.36,-94.32,52.09,126.17,-1.26,True
881116.SH,,accumulation,104,0.471154,0.377963,-16.39,-3.33,-116.15,86.64,189.69,-0.881,True
881136.SH,,accumulation,104,0.471154,0.377963,-0.69,-4.2,-74.61,54.91,104.17,-0.067,True
881177.SH,,accumulation,104,0.471154,0.377963,-10.86,-13.91,-89.86,47.3,131.77,-0.84,True
881224.SH,,accumulation,104,0.471154,0.377963,-11.76,-16.34,-116.63,65.96,170.95,-0.701,True
881285.SH,,accumulation,104,0.471154,0.377963,-1.56,-21.0,-114.99,104.58,190.38,-0.083,True
881291.SH,,accumulation,104,0.471154,0.377963,-19.03,-21.67,-119.92,89.65,167.7,-1.157,True
881359.SH,,accumulation,104,0.471154,0.377963,-9.56,-9.56,-134.51,119.65,214.82,-0.454,True
881386.SH,,accumulation,104,0.471154,0.377963,-7.77,-8.16,-70.55,62.76,106.93,-0.741,True
881389.SH,,accumulation,104,0.471154,0.377963,-5.19,-15.18,-73.04,62.11,97.87,-0.541,True
881436.SH,,accumulation,104,0.471154,0.377963,-17.4,-10.62,-89.45,52.73,110.19,-1.611,True
880301.SH,,accumulation,104,0.461538,0.368808,6.14,-16.97,-74.69,74.82,157.43,0.398,True
880302.SH,,accumulation,104,0.461538,0.368808,8.12,-10.43,-73.83,75.1,161.91,0.512,True
880310.SH,,accumulation,104,0.461538,0.368808,5.23,-7.4,-81.78,68.72,127.2,0.419,True
880326.SH,,accumulation,104,0.461538,0.368808,-9.88,-12.58,-110.38,73.96,166.91,-0.604,True
880336.SH,,accumulation,104,0.461538,0.368808,4.67,-8.54,-81.1,79.49,137.74,0.346,True
880338.SH,,accumulation,104,0.461538,0.368808,-11.79,-34.02,-107.55,88.62,156.85,-0.766,True
880369.SH,,accumulation,104,0.461538,0.368808,-3.35,-15.98,-54.84,69.21,99.86,-0.342,True
880413.SH,,accumulation,104,0.461538,0.368808,-14.46,-12.89,-82.51,64.96,109.63,-1.345,True
880462.SH,,accumulation,104,0.461538,0.368808,-8.29,-8.42,-68.68,79.91,132.39,-0.639,True
880473.SH,,accumulation,104,0.461538,0.368808,-12.72,-17.16,-84.49,46.78,154.23,-0.841,True
881002.SH,,accumulation,104,0.461538,0.368808,8.25,-10.32,-73.86,75.05,162.13,0.519,True
881034.SH,,accumulation,104,0.461538,0.368808,1.57,-6.64,-84.9,73.5,125.73,0.127,True
881051.SH,,accumulation,104,0.461538,0.368808,-4.08,-11.57,-101.14,92.46,148.1,-0.281,True
881078.SH,,accumulation,104,0.461538,0.368808,13.83,-33.12,-156.93,130.84,267.19,0.528,True
881167.SH,,accumulation,104,0.461538,0.368808,-6.57,-10.47,-60.72,67.73,97.34,-0.688,True
881231.SH,,accumulation,104,0.461538,0.368808,7.34,-16.47,-77.56,99.66,143.06,0.523,True
881262.SH,,accumulation,104,0.461538,0.368808,25.77,-9.62,-123.51,100.64,233.55,1.125,True
881289.SH,,accumulation,104,0.461538,0.368808,-20.2,-14.22,-164.52,100.01,216.64,-0.951,True
881373.SH,,accumulation,104,0.461538,0.368808,-13.73,-13.96,-139.72,121.36,237.05,-0.591,True
881395.SH,,accumulation,104,0.461538,0.368808,-12.88,-17.13,-84.52,46.78,153.53,-0.856,True
881396.SH,,accumulation,104,0.461538,0.368808,-12.83,-3.87,-92.51,65.52,151.0,-0.866,True
881422.SH,,accumulation,104,0.461538,0.368808,-14.76,-26.46,-116.54,74.34,173.3,-0.869,True
881427.SH,,accumulation,104,0.461538,0.368808,-19.96,-13.59,-171.49,133.55,281.99,-0.722,True
880204.SH,,accumulation,85,0.470588,0.36806,-0.63,-6.42,-53.66,57.12,110.25,-0.053,True
880220.SH,,accumulation,85,0.470588,0.36806,4.76,-13.44,-66.31,54.77,122.92,0.357,True
880501.SH,,accumulation,85,0.470588,0.36806,-9.87,-6.08,-54.18,45.87,86.65,-1.05,True
880502.SH,,accumulation,85,0.470588,0.36806,-9.5,-5.37,-71.78,53.52,86.56,-1.011,True
880507.SH,,accumulation,85,0.470588,0.36806,-8.57,-4.19,-87.0,64.57,130.91,-0.604,True
880543.SH,,accumulation,85,0.470588,0.36806,1.59,-3.79,-75.25,90.95,115.71,0.127,True
880544.SH,,accumulation,85,0.470588,0.36806,0.51,-11.57,-78.62,83.15,110.91,0.043,True
880564.SH,,accumulation,85,0.470588,0.36806,-20.34,-12.98,-103.07,53.6,110.84,-1.692,True
880575.SH,,accumulation,85,0.470588,0.36806,-8.11,-8.56,-78.95,71.78,118.25,-0.632,True
880576.SH,,accumulation,85,0.470588,0.36806,-4.6,-4.35,-53.6,50.75,90.91,-0.467,True
880580.SH,,accumulation,85,0.470588,0.36806,-10.59,-8.83,-121.07,88.97,143.47,-0.681,True
880599.SH,,accumulation,85,0.470588,0.36806,-10.32,-2.68,-79.24,60.99,109.34,-0.87,True
880603.SH,,accumulation,85,0.470588,0.36806,18.66,-3.18,-68.35,126.63,177.91,0.967,True
880615.SH,,accumulation,85,0.470588,0.36806,-12.83,-12.79,-101.19,93.9,142.51,-0.83,True
880624.SH,,accumulation,85,0.470588,0.36806,-11.37,-16.35,-92.44,83.58,116.51,-0.9,True
880704.SH,,accumulation,85,0.470588,0.36806,-6.08,-2.05,-71.13,67.56,114.45,-0.49,True
880705.SH,,accumulation,85,0.470588,0.36806,-2.02,-5.41,-62.31,69.0,104.39,-0.178,True
880721.SH,,accumulation,85,0.470588,0.36806,-4.54,-5.34,-56.7,38.71,84.7,-0.494,True
880723.SH,,accumulation,85,0.470588,0.36806,8.55,-4.68,-73.41,80.74,115.63,0.682,True
880744.SH,,accumulation,85,0.470588,0.36806,-6.04,-13.23,-81.32,68.68,125.03,-0.446,True
880760.SH,,accumulation,85,0.470588,0.36806,-12.32,-11.21,-82.6,72.02,111.64,-1.017,True
880766.SH,,accumulation,85,0.470588,0.36806,-3.3,-6.22,-81.43,79.33,120.01,-0.253,True
880769.SH,,accumulation,85,0.470588,0.36806,-10.35,-6.55,-69.76,47.53,87.6,-1.089,True
880771.SH,,accumulation,85,0.470588,0.36806,1.06,-5.04,-67.16,73.97,109.95,0.089,True
880783.SH,,accumulation,85,0.470588,0.36806,-5.62,-4.2,-86.5,65.86,126.06,-0.411,True
880789.SH,,accumulation,85,0.470588,0.36806,14.41,-15.38,-98.47,128.88,230.54,0.576,True
880822.SH,,accumulation,85,0.470588,0.36806,-10.19,-16.07,-90.7,51.46,119.31,-0.787,True
880849.SH,,accumulation,85,0.470588,0.36806,4.18,-6.51,-61.82,76.1,105.4,0.366,True
880850.SH,,accumulation,85,0.470588,0.36806,5.4,-6.32,-88.11,76.09,136.62,0.365,True
880852.SH,,accumulation,85,0.470588,0.36806,-0.38,-4.41,-61.75,49.6,99.11,-0.035,True
880899.SH,,accumulation,85,0.470588,0.36806,5.45,-5.93,-104.49,81.17,145.93,0.345,True
880970.SH,,accumulation,85,0.470588,0.36806,-3.08,-6.56,-57.42,56.39,105.78,-0.268,True
880082.SH,,accumulation,50,0.5,0.366443,6.6,-7.02,-119.15,122.67,194.52,0.24,True
880555.SH,,accumulation,30,0.533333,0.36142,-32.82,23.91,-166.9,102.29,189.36,-0.949,True
880672.SH,,accumulation,77,0.467532,0.360299,12.57,-17.25,-117.9,164.08,199.36,0.553,True
880306.SH,,accumulation,104,0.451923,0.359688,3.03,-11.76,-53.36,60.2,101.26,0.305,True
880307.SH,,accumulation,104,0.451923,0.359688,9.89,-18.69,-77.3,100.27,161.91,0.623,True
880324.SH,,accumulation,104,0.451923,0.359688,11.08,-18.32,-88.65,125.74,184.47,0.612,True
880366.SH,,accumulation,104,0.451923,0.359688,-2.26,-12.38,-91.93,66.76,145.59,-0.158,True
880407.SH,,accumulation,104,0.451923,0.359688,-11.43,-17.65,-104.07,69.68,128.72,-0.906,True
880409.SH,,accumulation,104,0.451923,0.359688,-19.29,-16.72,-75.3,46.0,99.87,-1.97,True
880412.SH,,accumulation,104,0.451923,0.359688,-20.87,-30.97,-153.05,104.23,274.12,-0.776,True
880418.SH,,accumulation,104,0.451923,0.359688,-18.58,-35.59,-119.59,98.41,193.53,-0.979,True
880423.SH,,accumulation,104,0.451923,0.359688,-14.97,-21.16,-139.09,85.26,179.8,-0.849,True
880425.SH,,accumulation,104,0.451923,0.359688,-10.87,-35.92,-164.89,102.25,236.85,-0.468,True
880430.SH,,accumulation,104,0.451923,0.359688,-16.84,-20.68,-118.31,102.43,164.96,-1.041,True
880432.SH,,accumulation,104,0.451923,0.359688,-6.49,-20.28,-74.12,51.3,123.04,-0.538,True
880460.SH,,accumulation,104,0.451923,0.359688,-3.71,-7.86,-63.33,52.54,109.96,-0.344,True
880476.SH,,accumulation,104,0.451923,0.359688,-12.05,-9.84,-77.61,49.09,128.18,-0.959,True
880482.SH,,accumulation,104,0.451923,0.359688,3.96,-18.0,-84.82,88.07,150.7,0.268,True
881008.SH,,accumulation,104,0.451923,0.359688,-5.31,-9.62,-99.55,72.22,118.82,-0.456,True
881011.SH,,accumulation,104,0.451923,0.359688,-3.0,-8.44,-64.29,57.1,105.17,-0.291,True
881087.SH,,accumulation,104,0.451923,0.359688,-4.13,-21.97,-115.08,90.95,202.35,-0.208,True
881204.SH,,accumulation,104,0.451923,0.359688,-14.99,-18.12,-108.58,67.49,163.19,-0.937,True
881247.SH,,accumulation,104,0.451923,0.359688,-0.68,-22.61,-134.75,124.61,204.2,-0.034,True
881288.SH,,accumulation,104,0.451923,0.359688,-16.55,-18.17,-117.39,98.09,166.95,-1.011,True
881418.SH,,accumulation,104,0.451923,0.359688,5.23,-21.85,-82.76,90.23,152.33,0.35,True
881429.SH,,accumulation,104,0.451923,0.359688,-14.86,-21.17,-140.87,85.26,181.57,-0.835,True
881471.SH,,accumulation,104,0.451923,0.359688,-2.87,-8.76,-54.21,61.14,98.8,-0.297,True
881476.SH,,accumulation,104,0.451923,0.359688,-12.28,-28.3,-119.19,90.33,175.77,-0.712,True
880683.SH,,accumulation,44,0.5,0.358315,-16.01,-10.69,-169.62,120.17,178.55,-0.595,True
880561.SH,,accumulation,28,0.535714,0.358124,10.61,1.07,-108.54,141.55,174.56,0.322,False
880566.SH,,accumulation,28,0.535714,0.358124,17.88,20.16,-125.32,126.13,181.73,0.521,False
880570.SH,,accumulation,28,0.535714,0.358124,10.8,2.44,-55.96,81.29,95.93,0.596,False
880579.SH,,accumulation,28,0.535714,0.358124,-29.03,15.06,-200.67,97.68,179.79,-0.854,False
880581.SH,,accumulation,28,0.535714,0.358124,1.97,22.46,-67.11,79.52,119.47,0.087,False
880732.SH,,accumulation,28,0.535714,0.358124,-18.92,34.23,-164.76,93.9,157.75,-0.635,False
880914.SH,,accumulation,28,0.535714,0.358124,-40.58,34.95,-158.76,68.83,228.42,-0.94,False
880002.SH,,accumulation,85,0.458824,0.35697,-3.29,-1.58,-56.74,45.6,85.96,-0.353,True
880201.SH,,accumulation,85,0.458824,0.35697,-15.1,-11.25,-79.09,49.01,112.05,-1.242,True
880209.SH,,accumulation,85,0.458824,0.35697,3.71,-7.81,-107.21,78.79,172.72,0.198,True
880213.SH,,accumulation,85,0.458824,0.35697,-1.27,-7.28,-62.12,62.79,103.33,-0.114,True
880222.SH,,accumulation,85,0.458824,0.35697,-2.3,-9.54,-88.79,69.48,119.32,-0.177,True
880224.SH,,accumulation,85,0.458824,0.35697,-0.16,-9.25,-73.1,75.33,110.83,-0.013,True
880535.SH,,accumulation,85,0.458824,0.35697,-2.12,-14.13,-92.67,86.98,141.11,-0.139,True
880568.SH,,accumulation,85,0.458824,0.35697,-8.86,-10.13,-55.54,69.73,105.87,-0.772,True
880584.SH,,accumulation,85,0.458824,0.35697,2.87,-6.39,-67.24,86.87,113.38,0.233,True
880622.SH,,accumulation,85,0.458824,0.35697,-0.54,-17.95,-75.63,63.41,118.65,-0.042,True
880626.SH,,accumulation,85,0.458824,0.35697,-20.74,-7.9,-93.99,55.48,108.59,-1.761,True
880628.SH,,accumulation,85,0.458824,0.35697,-4.53,-7.58,-64.97,60.87,110.47,-0.378,True
880668.SH,,accumulation,85,0.458824,0.35697,-31.4,-30.41,-130.67,105.21,217.51,-1.331,True
880715.SH,,accumulation,85,0.458824,0.35697,-3.2,-14.14,-71.48,56.3,127.75,-0.231,True
880742.SH,,accumulation,85,0.458824,0.35697,7.1,-9.02,-100.91,92.92,150.63,0.435,True
880752.SH,,accumulation,85,0.458824,0.35697,-36.06,-26.21,-188.35,89.68,241.47,-1.377,True
880879.SH,,accumulation,85,0.458824,0.35697,-10.0,-10.46,-63.58,64.61,114.03,-0.808,True
880897.SH,,accumulation,85,0.458824,0.35697,-10.55,-10.21,-96.73,62.38,109.06,-0.892,True
880951.SH,,accumulation,85,0.458824,0.35697,4.19,-24.23,-92.38,74.88,135.15,0.286,True
880973.SH,,accumulation,85,0.458824,0.35697,-4.28,-5.76,-69.87,75.31,109.79,-0.359,True
880682.SH,,accumulation,49,0.489796,0.355749,-14.25,-2.53,-140.25,83.39,177.43,-0.562,True
880536.SH,,accumulation,33,0.515152,0.352181,-17.24,17.14,-96.36,86.08,145.26,-0.682,True
880693.SH,,accumulation,33,0.515152,0.352181,-18.07,24.63,-177.38,101.38,170.24,-0.61,True
880305.SH,,accumulation,104,0.442308,0.350601,4.32,-15.33,-58.93,74.26,111.75,0.394,True
880319.SH,,accumulation,104,0.442308,0.350601,-5.82,-7.94,-94.66,56.15,124.79,-0.476,True
880330.SH,,accumulation,104,0.442308,0.350601,0.62,-25.53,-95.61,64.8,144.98,0.043,True
880360.SH,,accumulation,104,0.442308,0.350601,-5.37,-14.48,-73.45,52.56,122.87,-0.446,True
880363.SH,,accumulation,104,0.442308,0.350601,-7.98,-20.22,-113.25,111.09,201.24,-0.404,True
880393.SH,,accumulation,104,0.442308,0.350601,-14.87,-18.89,-119.33,65.91,164.72,-0.921,True
881026.SH,,accumulation,104,0.442308,0.350601,-6.32,-15.88,-84.91,60.55,134.22,-0.48,True
881055.SH,,accumulation,104,0.442308,0.350601,0.74,-19.05,-97.16,90.82,144.43,0.052,True
881065.SH,,accumulation,104,0.442308,0.350601,-5.75,-11.74,-96.46,54.7,120.23,-0.488,True
881069.SH,,accumulation,104,0.442308,0.350601,-4.2,-24.43,-75.62,86.46,126.54,-0.338,True
881115.SH,,accumulation,104,0.442308,0.350601,-8.22,-20.24,-113.29,111.06,200.81,-0.417,True
881144.SH,,accumulation,104,0.442308,0.350601,-2.84,-18.36,-79.71,63.36,106.74,-0.272,True
881162.SH,,accumulation,104,0.442308,0.350601,7.88,-16.47,-67.51,77.1,123.91,0.649,True
881180.SH,,accumulation,104,0.442308,0.350601,-25.02,-21.77,-101.92,54.78,121.78,-2.095,True
881293.SH,,accumulation,104,0.442308,0.350601,-5.86,-20.71,-87.14,56.95,131.23,-0.455,True
881459.SH,,accumulation,104,0.442308,0.350601,4.57,-17.92,-57.62,74.61,111.75,0.417,True
880230.SH,,accumulation,85,0.447059,0.345935,-4.64,-10.83,-76.36,72.12,107.02,-0.4,True
880572.SH,,accumulation,85,0.447059,0.345935,-14.44,-12.38,-75.61,69.03,107.48,-1.239,True
880582.SH,,accumulation,85,0.447059,0.345935,-3.39,-11.03,-67.34,67.51,103.76,-0.301,True
880594.SH,,accumulation,85,0.447059,0.345935,-5.25,-4.83,-68.98,51.26,89.56,-0.54,True
880605.SH,,accumulation,85,0.447059,0.345935,-13.09,-11.07,-83.98,65.07,113.71,-1.061,True
880606.SH,,accumulation,85,0.447059,0.345935,-8.06,-11.18,-75.54,64.35,119.9,-0.62,True
880634.SH,,accumulation,85,0.447059,0.345935,5.22,-13.43,-62.58,67.6,125.58,0.383,True
880652.SH,,accumulation,85,0.447059,0.345935,-3.01,-22.75,-78.22,79.33,135.92,-0.204,True
880731.SH,,accumulation,85,0.447059,0.345935,-3.37,-9.57,-80.34,73.18,115.2,-0.27,True
880741.SH,,accumulation,85,0.447059,0.345935,-6.12,-12.89,-75.68,69.22,112.94,-0.5,True
880791.SH,,accumulation,85,0.447059,0.345935,-20.28,-35.54,-116.88,95.59,138.52,-1.35,True
880805.SH,,accumulation,85,0.447059,0.345935,-11.21,-5.0,-57.12,29.6,80.56,-1.283,True
880806.SH,,accumulation,85,0.447059,0.345935,-5.21,-7.96,-48.78,45.76,74.82,-0.641,True
880807.SH,,accumulation,85,0.447059,0.345935,-1.18,-8.58,-42.49,44.56,84.17,-0.13,True
880817.SH,,accumulation,85,0.447059,0.345935,-7.49,-8.9,-65.02,57.33,91.47,-0.755,True
880821.SH,,accumulation,85,0.447059,0.345935,-5.64,-9.77,-54.58,44.09,84.73,-0.614,True
880835.SH,,accumulation,85,0.447059,0.345935,-4.06,-29.15,-82.2,60.07,107.96,-0.346,True
880853.SH,,accumulation,85,0.447059,0.345935,-16.12,-7.75,-87.12,52.3,106.12,-1.401,True
880883.SH,,accumulation,85,0.447059,0.345935,-6.35,-7.18,-47.42,34.12,81.56,-0.718,True
880885.SH,,accumulation,85,0.447059,0.345935,-24.37,-21.05,-107.16,76.79,139.32,-1.612,True
880886.SH,,accumulation,85,0.447059,0.345935,-48.51,-44.03,-156.31,73.43,165.65,-2.7,True
880892.SH,,accumulation,85,0.447059,0.345935,-9.06,-8.5,-75.78,67.72,125.92,-0.663,True
880308.SH,,accumulation,104,0.432692,0.341548,-0.7,-10.97,-52.55,54.11,108.65,-0.066,True
880339.SH,,accumulation,104,0.432692,0.341548,-2.65,-15.14,-91.27,75.78,126.12,-0.214,True
880345.SH,,accumulation,104,0.432692,0.341548,-7.83,-25.6,-82.98,67.95,157.44,-0.507,True
880361.SH,,accumulation,104,0.432692,0.341548,-18.39,-11.97,-89.67,52.21,135.23,-1.387,True
880400.SH,,accumulation,104,0.432692,0.341548,1.92,-13.06,-86.26,96.17,130.9,0.15,True
880403.SH,,accumulation,104,0.432692,0.341548,-3.24,-24.2,-76.26,64.84,114.62,-0.289,True
880467.SH,,accumulation,104,0.432692,0.341548,-5.92,-10.31,-78.67,50.44,120.56,-0.501,True
880486.SH,,accumulation,104,0.432692,0.341548,-13.44,-17.27,-107.31,70.31,160.02,-0.856,True
881019.SH,,accumulation,104,0.432692,0.341548,-1.13,-27.84,-98.91,59.48,145.14,-0.08,True
881071.SH,,accumulation,104,0.432692,0.341548,9.7,-19.38,-96.58,112.77,176.75,0.559,True
881094.SH,,accumulation,104,0.432692,0.341548,-3.38,-31.59,-104.56,78.25,181.73,-0.19,True
881119.SH,,accumulation,104,0.432692,0.341548,-2.04,-13.26,-71.12,84.32,118.8,-0.175,True
881127.SH,,accumulation,104,0.432692,0.341548,-19.79,-24.48,-92.22,85.36,122.6,-1.646,True
881157.SH,,accumulation,104,0.432692,0.341548,-7.47,-11.57,-64.77,58.03,103.21,-0.739,True
881194.SH,,accumulation,104,0.432692,0.341548,-13.39,-36.41,-114.4,80.16,149.64,-0.912,True
881241.SH,,accumulation,104,0.432692,0.341548,1.76,-13.82,-73.24,91.47,127.5,0.141,True
881256.SH,,accumulation,104,0.432692,0.341548,-3.32,-24.18,-77.93,64.86,114.52,-0.296,True
881384.SH,,accumulation,104,0.432692,0.341548,-16.06,-21.87,-132.44,114.69,169.06,-0.969,True
881406.SH,,accumulation,104,0.432692,0.341548,-12.23,-9.72,-98.5,63.85,137.5,-0.907,True
881468.SH,,accumulation,104,0.432692,0.341548,-5.87,-14.4,-53.46,48.19,93.04,-0.644,True
880681.SH,,accumulation,49,0.469388,0.337033,16.52,-19.36,-155.94,132.31,203.01,0.57,True
880854.SH,,accumulation,159,0.408805,0.335417,23.2,0.0,-38.04,73.69,148.47,1.971,True
880515.SH,,accumulation,85,0.435294,0.334956,-0.34,-14.62,-44.34,61.97,95.41,-0.033,True
880524.SH,,accumulation,85,0.435294,0.334956,-4.71,-9.03,-62.03,47.47,93.71,-0.464,True
880671.SH,,accumulation,85,0.435294,0.334956,-16.6,-9.11,-67.64,45.21,93.05,-1.645,True
880710.SH,,accumulation,85,0.435294,0.334956,-22.16,-17.15,-86.37,57.89,123.01,-1.661,True
880714.SH,,accumulation,85,0.435294,0.334956,-1.54,-13.12,-79.88,74.24,125.5,-0.113,True
880737.SH,,accumulation,85,0.435294,0.334956,2.01,-18.5,-86.21,82.11,144.48,0.128,True
880784.SH,,accumulation,85,0.435294,0.334956,1498.97,-25.88,-142.72,74.44,14122.55,0.979,True
880801.SH,,accumulation,85,0.435294,0.334956,-4.86,-16.22,-75.95,49.69,94.23,-0.475,True
880802.SH,,accumulation,85,0.435294,0.334956,-2.96,-7.13,-71.04,64.11,99.86,-0.273,True
880803.SH,,accumulation,85,0.435294,0.334956,-9.06,-7.91,-65.06,49.68,93.26,-0.896,True
880814.SH,,accumulation,85,0.435294,0.334956,-4.69,-9.79,-63.64,61.88,86.33,-0.501,True
880876.SH,,accumulation,85,0.435294,0.334956,-21.83,-12.73,-92.58,47.3,121.64,-1.655,True
880922.SH,,accumulation,85,0.435294,0.334956,-12.79,-14.62,-81.24,75.14,131.45,-0.897,True
880929.SH,,accumulation,85,0.435294,0.334956,-11.44,-24.93,-75.97,44.9,109.47,-0.964,True
880936.SH,,accumulation,85,0.435294,0.334956,-11.75,-29.48,-93.33,69.47,130.86,-0.827,True
880953.SH,,accumulation,85,0.435294,0.334956,-14.71,-12.47,-78.79,53.11,126.96,-1.068,True
880960.SH,,accumulation,85,0.435294,0.334956,-0.79,-11.39,-90.32,86.45,138.05,-0.053,True
880347.SH,,accumulation,104,0.423077,0.332531,-7.4,-20.74,-110.35,56.13,174.71,-0.432,True
880364.SH,,accumulation,104,0.423077,0.332531,-1.96,-16.56,-70.09,86.06,114.69,-0.174,True
880373.SH,,accumulation,104,0.423077,0.332531,-2.22,-19.26,-78.61,50.7,110.86,-0.205,True
880383.SH,,accumulation,104,0.423077,0.332531,-14.0,-40.79,-118.66,69.54,152.7,-0.935,True
880402.SH,,accumulation,104,0.423077,0.332531,-7.11,-31.29,-88.31,86.4,143.77,-0.505,True
880466.SH,,accumulation,104,0.423077,0.332531,-7.81,-16.25,-86.87,65.31,106.82,-0.745,True
880472.SH,,accumulation,104,0.423077,0.332531,-5.89,-22.06,-87.64,47.19,149.07,-0.403,True
880483.SH,,accumulation,104,0.423077,0.332531,-1.11,-37.3,-102.59,103.0,179.06,-0.063,True
881200.SH,,accumulation,104,0.423077,0.332531,-12.17,-23.97,-106.33,80.19,138.04,-0.899,True
881394.SH,,accumulation,104,0.423077,0.332531,-5.84,-22.05,-87.66,47.16,149.24,-0.399,True
881410.SH,,accumulation,104,0.423077,0.332531,-11.99,-24.59,-102.36,63.82,134.6,-0.908,True
880679.SH,,accumulation,50,0.46,0.329694,-9.58,-8.83,-52.2,36.38,103.0,-0.658,True
880617.SH,,accumulation,28,0.5,0.326328,-16.08,1.6,-101.76,71.22,125.52,-0.678,False
880763.SH,,accumulation,28,0.5,0.326328,-4.35,-3.3,-57.52,59.42,95.75,-0.241,False
880978.SH,,accumulation,28,0.5,0.326328,-16.26,8.61,-133.19,74.29,135.17,-0.636,False
880522.SH,,accumulation,33,0.484848,0.325038,-15.88,-2.35,-127.43,69.86,141.52,-0.645,True
880528.SH,,accumulation,33,0.484848,0.325038,-38.16,-3.53,-134.89,83.17,177.86,-1.233,True
880696.SH,,accumulation,33,0.484848,0.325038,3.74,-2.38,-106.46,94.41,142.75,0.15,True
880697.SH,,accumulation,33,0.484848,0.325038,-11.2,-26.68,-121.73,89.78,142.1,-0.453,True
880206.SH,,accumulation,85,0.423529,0.324034,3.58,-19.88,-77.66,73.43,149.23,0.221,True
880214.SH,,accumulation,85,0.423529,0.324034,2.59,-20.09,-73.94,70.34,111.71,0.213,True
880232.SH,,accumulation,85,0.423529,0.324034,-3.02,-15.98,-71.22,52.23,113.75,-0.245,True
880525.SH,,accumulation,85,0.423529,0.324034,-13.94,-22.13,-83.88,57.19,106.47,-1.207,True
880557.SH,,accumulation,85,0.423529,0.324034,-8.06,-17.45,-64.57,69.84,110.67,-0.672,True
880761.SH,,accumulation,85,0.423529,0.324034,2.84,-13.62,-111.41,89.09,165.96,0.158,True
880856.SH,,accumulation,85,0.423529,0.324034,-11.57,-12.63,-44.55,28.82,71.98,-1.482,True
880858.SH,,accumulation,85,0.423529,0.324034,-8.62,-18.68,-81.63,58.39,121.02,-0.657,True
880875.SH,,accumulation,85,0.423529,0.324034,-19.73,-26.67,-85.3,30.78,86.81,-2.095,True
880895.SH,,accumulation,85,0.423529,0.324034,-11.01,-16.33,-61.22,41.05,88.86,-1.142,True
880910.SH,,accumulation,85,0.423529,0.324034,-9.84,-29.2,-91.44,60.65,121.43,-0.747,True
880911.SH,,accumulation,85,0.423529,0.324034,-14.1,-12.19,-80.68,49.23,102.9,-1.263,True
880913.SH,,accumulation,85,0.423529,0.324034,-6.85,-18.7,-67.99,66.13,114.93,-0.549,True
880971.SH,,accumulation,85,0.423529,0.324034,-7.4,-14.52,-67.12,43.41,105.34,-0.648,True
880318.SH,,accumulation,104,0.413462,0.323548,-5.4,-10.79,-75.97,64.04,111.19,-0.495,True
880320.SH,,accumulation,104,0.413462,0.323548,-5.26,-26.21,-70.51,85.26,124.92,-0.43,True
880344.SH,,accumulation,104,0.413462,0.323548,-7.53,-22.92,-84.75,44.72,117.96,-0.651,True
880372.SH,,accumulation,104,0.413462,0.323548,-10.13,-23.43,-87.39,68.12,113.23,-0.912,True
880382.SH,,accumulation,104,0.413462,0.323548,-9.94,-33.84,-104.44,62.47,143.02,-0.708,True
880391.SH,,accumulation,104,0.413462,0.323548,-2.57,-17.36,-96.73,82.04,162.7,-0.161,True
880422.SH,,accumulation,104,0.413462,0.323548,-29.82,-29.91,-112.15,56.73,136.45,-2.229,True
880477.SH,,accumulation,104,0.413462,0.323548,-12.45,-8.07,-80.51,49.05,132.27,-0.96,True
881111.SH,,accumulation,104,0.413462,0.323548,2.01,-11.79,-89.09,63.17,169.68,0.121,True
881234.SH,,accumulation,104,0.413462,0.323548,-7.74,-23.52,-84.69,94.02,132.03,-0.597,True
881344.SH,,accumulation,104,0.413462,0.323548,-22.43,-19.51,-90.93,40.62,123.16,-1.857,True
880686.SH,,accumulation,41,0.463415,0.32056,4.26,-26.38,-126.6,101.44,146.48,0.186,True
880851.SH,,accumulation,100,0.41,0.318672,-14.18,-22.92,-104.79,53.44,163.28,-0.868,True
880340.SH,,accumulation,104,0.403846,0.3146,-13.61,-19.22,-73.34,54.43,107.25,-1.294,True
880398.SH,,accumulation,104,0.403846,0.3146,-6.73,-32.31,-84.24,66.15,127.19,-0.54,True
880419.SH,,accumulation,104,0.403846,0.3146,-24.97,-44.54,-121.97,82.71,212.29,-1.2,True
880431.SH,,accumulation,104,0.403846,0.3146,-0.75,-18.83,-103.74,51.03,203.14,-0.037,True
880452.SH,,accumulation,104,0.403846,0.3146,-21.92,-25.62,-93.58,44.65,126.2,-1.772,True
880464.SH,,accumulation,104,0.403846,0.3146,-27.02,-27.65,-98.26,44.9,114.0,-2.417,True
881005.SH,,accumulation,104,0.403846,0.3146,-12.94,-17.74,-102.9,52.81,179.95,-0.733,True
881016.SH,,accumulation,104,0.403846,0.3146,-14.83,-18.1,-108.02,74.94,144.54,-1.046,True
881139.SH,,accumulation,104,0.403846,0.3146,-20.18,-45.48,-100.94,55.75,158.75,-1.297,True
881190.SH,,accumulation,104,0.403846,0.3146,-8.53,-28.25,-102.23,65.69,157.26,-0.553,True
881212.SH,,accumulation,104,0.403846,0.3146,-3.64,-20.53,-101.04,93.67,165.81,-0.224,True
881290.SH,,accumulation,104,0.403846,0.3146,-1.62,-20.77,-98.89,51.48,197.9,-0.083,True
881380.SH,,accumulation,104,0.403846,0.3146,-25.59,-44.53,-121.98,78.02,211.92,-1.231,True
881428.SH,,accumulation,104,0.403846,0.3146,-32.83,-41.97,-158.69,95.87,220.55,-1.518,True
880207.SH,,accumulation,85,0.411765,0.313168,-13.29,-15.69,-60.58,53.99,82.94,-1.478,True
880208.SH,,accumulation,85,0.411765,0.313168,-14.37,-17.49,-88.69,51.52,107.24,-1.236,True
880217.SH,,accumulation,85,0.411765,0.313168,-25.03,-30.29,-73.34,29.24,95.4,-2.418,True
880227.SH,,accumulation,85,0.411765,0.313168,-5.92,-14.51,-55.0,64.11,95.17,-0.573,True
880729.SH,,accumulation,85,0.411765,0.313168,-1.82,-37.59,-114.92,116.84,164.07,-0.102,True
880848.SH,,accumulation,85,0.411765,0.313168,-10.21,-6.97,-47.97,28.46,75.15,-1.253,True
880676.SH,,accumulation,50,0.44,0.31162,7.69,-9.96,-70.26,71.3,125.79,0.432,True
880678.SH,,accumulation,50,0.44,0.31162,-9.45,-22.05,-62.68,62.79,94.76,-0.705,True
880687.SH,,accumulation,40,0.45,0.307051,-19.73,-13.51,-74.34,75.12,128.34,-0.972,True
880303.SH,,accumulation,104,0.394231,0.305687,-13.68,-23.23,-102.93,51.06,180.15,-0.774,True
880355.SH,,accumulation,104,0.394231,0.305687,-15.28,-16.45,-106.3,74.28,143.71,-1.084,True
880375.SH,,accumulation,104,0.394231,0.305687,-13.46,-28.34,-89.56,62.38,124.97,-1.098,True
881140.SH,,accumulation,104,0.394231,0.305687,-13.42,-37.59,-115.59,50.65,156.51,-0.874,True
881407.SH,,accumulation,104,0.394231,0.305687,-12.39,-15.74,-100.52,39.14,149.93,-0.842,True
881452.SH,,accumulation,104,0.394231,0.305687,-26.92,-29.9,-100.43,42.8,113.14,-2.427,True
880202.SH,,accumulation,85,0.4,0.302361,-13.89,-19.51,-89.92,61.38,125.24,-1.022,True
880211.SH,,accumulation,85,0.4,0.302361,-12.27,-18.16,-78.12,55.35,103.13,-1.097,True
880229.SH,,accumulation,85,0.4,0.302361,-8.0,-16.8,-74.8,37.36,113.82,-0.648,True
880505.SH,,accumulation,85,0.4,0.302361,6.56,-25.13,-79.67,78.28,152.8,0.396,True
880532.SH,,accumulation,85,0.4,0.302361,-8.76,-9.01,-45.64,38.2,75.68,-1.068,True
880764.SH,,accumulation,85,0.4,0.302361,-13.96,-22.28,-83.46,56.78,127.48,-1.009,True
880826.SH,,accumulation,85,0.4,0.302361,-15.55,-13.83,-71.26,32.07,89.54,-1.601,True
880827.SH,,accumulation,85,0.4,0.302361,3.51,-36.52,-77.99,77.18,205.45,0.157,True
880857.SH,,accumulation,85,0.4,0.302361,-9.55,-17.88,-62.32,49.18,86.88,-1.014,True
880975.SH,,accumulation,85,0.4,0.302361,-5.06,-28.06,-69.53,77.91,131.86,-0.354,True
880526.SH,,accumulation,33,0.454545,0.298427,-7.07,-14.21,-52.85,67.77,91.59,-0.443,True
880547.SH,,accumulation,33,0.454545,0.298427,-16.22,-19.92,-118.0,112.34,194.15,-0.48,True
880694.SH,,accumulation,33,0.454545,0.298427,-28.2,-14.87,-80.99,71.01,132.24,-1.225,True
880703.SH,,accumulation,33,0.454545,0.298427,4.92,-20.96,-142.08,161.45,175.32,0.161,True
880348.SH,,accumulation,104,0.384615,0.296811,-11.55,-22.98,-109.43,46.0,163.47,-0.72,True
880381.SH,,accumulation,104,0.384615,0.296811,-2.83,-36.33,-98.16,82.22,144.77,-0.2,True
880408.SH,,accumulation,104,0.384615,0.296811,-14.8,-36.8,-123.72,77.68,163.46,-0.923,True
880468.SH,,accumulation,104,0.384615,0.296811,-8.99,-18.05,-55.82,37.5,99.7,-0.92,True
880718.SH,,accumulation,28,0.464286,0.295313,-27.58,-21.91,-109.8,82.18,141.35,-1.032,False
880747.SH,,accumulation,28,0.464286,0.295313,-25.72,-11.82,-152.56,91.94,146.22,-0.931,False
880912.SH,,accumulation,28,0.464286,0.295313,-13.59,-16.24,-161.71,118.16,176.26,-0.408,False
880972.SH,,accumulation,28,0.464286,0.295313,-9.28,-7.53,-62.59,73.95,110.94,-0.443,False
880677.SH,,accumulation,50,0.42,0.293748,-19.06,-5.71,-128.34,88.86,153.35,-0.879,True
880231.SH,,accumulation,85,0.388235,0.291611,-10.6,-21.48,-76.23,71.36,123.43,-0.792,True
880642.SH,,accumulation,85,0.388235,0.291611,-11.24,-19.31,-88.13,57.23,120.23,-0.862,True
880829.SH,,accumulation,85,0.388235,0.291611,-16.65,-13.06,-57.27,53.24,91.59,-1.676,True
880846.SH,,accumulation,85,0.388235,0.291611,-15.34,-17.99,-53.36,40.86,89.18,-1.586,True
880884.SH,,accumulation,85,0.388235,0.291611,-47.29,-32.86,-173.17,77.55,191.53,-2.276,True
880893.SH,,accumulation,85,0.388235,0.291611,-12.69,-25.17,-92.79,90.0,139.84,-0.836,True
880380.SH,,accumulation,104,0.375,0.287971,-3.31,-38.78,-98.4,77.79,142.6,-0.237,True
881097.SH,,accumulation,104,0.375,0.287971,-12.25,-31.92,-100.45,34.6,152.42,-0.82,True
881130.SH,,accumulation,104,0.375,0.287971,-3.3,-38.76,-98.44,77.83,142.7,-0.236,True
881257.SH,,accumulation,104,0.375,0.287971,-30.32,-46.05,-127.5,60.58,172.39,-1.794,True
881287.SH,,accumulation,104,0.375,0.287971,-28.75,-30.26,-119.85,67.09,198.09,-1.48,True
880685.SH,,accumulation,43,0.418605,0.283843,1.18,-19.96,-116.03,105.3,183.97,0.042,True
880223.SH,,accumulation,85,0.376471,0.280921,-10.41,-25.16,-89.57,52.96,116.67,-0.823,True
880688.SH,,accumulation,35,0.428571,0.279843,-13.0,-42.57,-137.96,103.02,148.93,-0.517,True
880866.SH,,accumulation,90,0.366667,0.274471,2347.8,-48.13,-114.01,43.55,22718.74,0.98,True
880530.SH,,accumulation,33,0.424242,0.272354,-20.83,-24.19,-102.2,67.76,137.98,-0.867,True
880550.SH,,accumulation,33,0.424242,0.272354,0.5,-15.68,-130.1,113.82,195.41,0.015,True
880552.SH,,accumulation,33,0.424242,0.272354,-29.6,-19.87,-158.45,85.57,147.35,-1.154,True
880695.SH,,accumulation,33,0.424242,0.272354,1.03,-35.01,-118.56,100.2,197.37,0.03,True
880804.SH,,accumulation,85,0.364706,0.270292,-15.02,-18.64,-62.36,29.67,90.66,-1.528,True
880864.SH,,accumulation,85,0.364706,0.270292,-58.75,-51.44,-161.33,53.82,160.97,-3.365,True
880712.SH,,accumulation,28,0.428571,0.265083,-15.51,-6.97,-105.88,73.22,130.05,-0.631,False
880874.SH,,accumulation,85,0.341176,0.249218,-92.94,-100.61,-212.45,49.56,184.69,-4.64,True
880548.SH,,accumulation,33,0.393939,0.246829,-25.58,-35.74,-147.7,88.11,164.46,-0.893,True
880867.SH,,accumulation,85,0.329412,0.238776,3764.42,-47.08,-195.71,86.06,35348.24,0.982,True
880707.SH,,accumulation,28,0.392857,0.235655,-29.91,-17.52,-106.03,71.34,117.13,-1.351,False
880765.SH,,accumulation,28,0.392857,0.235655,-31.29,-23.54,-72.36,72.13,135.15,-1.225,False
880844.SH,,accumulation,135,0.303704,0.23245,31.04,0.0,-2.23,49.92,387.14,0.932,True
880691.SH,,accumulation,33,0.363636,0.22187,-80.6,-53.35,-186.65,86.18,249.95,-1.852,True
880690.SH,,accumulation,33,0.333333,0.1975,-108.46,-10.63,-269.08,45.05,213.13,-2.923,True
880843.SH,,accumulation,131,0.259542,0.192082,-21.45,0.0,-54.25,6.9,141.64,-1.734,True
880641.SH,,accumulation,85,0.258824,0.17758,-48.6,0.0,-112.18,4.76,137.9,-3.249,True
880979.SH,,accumulation,7,0.428571,0.158217,-19.05,-43.65,-153.7,121.69,198.23,-0.254,False
880778.SH,,accumulation,96,0.208333,0.139107,-3.56,0.0,0.0,0.0,126.56,-0.275,True
880825.SH,,accumulation,131,0.19084,0.132738,-26.5,0.0,-34.41,0.0,126.8,-2.392,True
880751.SH,,accumulation,85,0.105882,0.056712,3791.83,-241.03,-419.53,-110.78,37285.52,0.938,True
880009.SH,,accumulation,1,0.0,0.0,-235.03,-235.03,-235.03,-235.03,,,False
880958.SH,,accumulation,1,0.0,0.0,-290.63,-290.63,-290.63,-290.63,,,False
880963.SH,,accumulation,1,0.0,0.0,-362.35,-362.35,-362.35,-362.35,,,False
880863.SH,,capitulation,113,0.831858,0.752261,222.13,201.48,68.32,378.46,243.37,9.702,True
880812.SH,,capitulation,113,0.814159,0.732546,135.8,280.52,109.25,513.74,1373.47,1.051,True
880774.SH,,capitulation,113,0.80531,0.722775,205.22,214.28,27.39,345.65,265.91,8.204,True
880599.SH,,capitulation,113,0.672566,0.581612,42.65,61.35,-43.8,153.53,172.57,2.627,True
880933.SH,,capitulation,113,0.672566,0.581612,38.63,50.47,-61.74,158.75,185.73,2.211,True
880536.SH,,capitulation,101,0.663366,0.566725,52.43,70.57,-41.44,191.82,188.33,2.798,True
880478.SH,,capitulation,137,0.635036,0.551759,32.73,57.57,-105.18,179.73,234.88,1.631,True
881044.SH,,capitulation,137,0.635036,0.551759,28.33,42.09,-94.85,166.74,228.33,1.452,True
881285.SH,,capitulation,137,0.635036,0.551759,44.18,53.56,-177.91,227.59,295.77,1.748,True
881416.SH,,capitulation,137,0.635036,0.551759,37.52,54.64,-90.31,166.88,226.97,1.935,True
880650.SH,,capitulation,112,0.642857,0.550734,39.3,55.57,-82.21,175.33,193.68,2.147,True
880688.SH,,capitulation,109,0.642202,0.548783,36.76,54.77,-105.38,190.55,230.72,1.663,True
880522.SH,,capitulation,101,0.643564,0.546473,43.82,51.71,-89.23,178.89,216.25,2.036,True
880587.SH,,capitulation,113,0.637168,0.545358,26.62,41.05,-68.38,123.98,158.03,1.79,True
880623.SH,,capitulation,113,0.637168,0.545358,34.09,33.13,-68.92,142.02,192.95,1.878,True
880714.SH,,capitulation,113,0.637168,0.545358,35.56,73.91,-108.09,155.59,203.39,1.858,True
880733.SH,,capitulation,113,0.637168,0.545358,47.07,58.72,-64.88,192.06,207.68,2.41,True
880738.SH,,capitulation,113,0.637168,0.545358,33.85,50.9,-96.8,169.99,212.66,1.692,True
880762.SH,,capitulation,113,0.637168,0.545358,40.94,55.86,-98.73,184.86,244.96,1.777,True
880766.SH,,capitulation,113,0.637168,0.545358,33.4,42.43,-64.55,163.1,188.03,1.888,True
880940.SH,,capitulation,113,0.637168,0.545358,37.13,49.84,-81.7,141.3,167.67,2.354,True
880949.SH,,capitulation,113,0.637168,0.545358,34.75,55.33,-101.44,168.22,210.68,1.754,True
880954.SH,,capitulation,113,0.637168,0.545358,39.8,51.09,-98.82,190.81,219.5,1.927,True
880438.SH,,capitulation,137,0.627737,0.54434,38.64,88.25,-123.84,229.62,251.02,1.802,True
880681.SH,,capitulation,112,0.633929,0.541649,46.49,35.13,-57.08,170.39,221.15,2.225,True
880695.SH,,capitulation,109,0.633028,0.539453,56.68,77.56,-69.11,217.82,265.66,2.228,True
880320.SH,,capitulation,137,0.620438,0.53694,25.11,38.0,-64.06,125.09,164.21,1.79,True
881369.SH,,capitulation,137,0.620438,0.53694,32.31,45.73,-125.64,181.3,249.78,1.514,True
880530.SH,,capitulation,101,0.633663,0.536409,37.2,40.66,-51.18,173.51,177.24,2.109,True
880519.SH,,capitulation,113,0.628319,0.536372,28.03,49.15,-88.5,131.68,171.79,1.735,True
880542.SH,,capitulation,113,0.628319,0.536372,32.96,56.03,-92.62,147.35,178.83,1.959,True
880571.SH,,capitulation,113,0.628319,0.536372,33.96,67.39,-83.32,159.91,197.42,1.829,True
880601.SH,,capitulation,113,0.628319,0.536372,41.4,61.25,-118.41,182.31,247.83,1.776,True
880606.SH,,capitulation,113,0.628319,0.536372,33.11,39.55,-88.87,139.64,187.3,1.879,True
880610.SH,,capitulation,113,0.628319,0.536372,31.62,45.25,-93.3,153.69,169.51,1.983,True
880704.SH,,capitulation,113,0.628319,0.536372,40.38,37.74,-57.63,150.88,164.46,2.61,True
880717.SH,,capitulation,113,0.628319,0.536372,35.57,32.52,-73.74,160.02,182.4,2.073,True
880724.SH,,capitulation,113,0.628319,0.536372,32.12,43.83,-85.6,138.7,176.66,1.933,True
880807.SH,,capitulation,113,0.628319,0.536372,43.29,27.33,-39.54,114.69,145.14,3.171,True
880809.SH,,capitulation,113,0.628319,0.536372,30.62,55.67,-84.63,162.63,206.69,1.575,True
880873.SH,,capitulation,113,0.628319,0.536372,32.93,52.12,-73.6,168.99,192.12,1.822,True
880879.SH,,capitulation,113,0.628319,0.536372,44.76,31.16,-71.34,178.48,179.62,2.649,True
880901.SH,,capitulation,113,0.628319,0.536372,42.88,63.74,-103.17,193.89,229.04,1.99,True
880905.SH,,capitulation,113,0.628319,0.536372,26.41,70.29,-133.73,167.68,212.1,1.324,True
880943.SH,,capitulation,113,0.628319,0.536372,35.37,51.02,-89.39,160.71,216.46,1.737,True
880960.SH,,capitulation,113,0.628319,0.536372,37.85,47.74,-61.44,157.13,187.79,2.143,True
880338.SH,,capitulation,137,0.613139,0.529558,29.51,46.36,-88.23,174.72,214.29,1.612,True
880419.SH,,capitulation,137,0.613139,0.529558,18.13,31.44,-104.28,129.34,189.74,1.118,True
880456.SH,,capitulation,137,0.613139,0.529558,24.28,38.89,-78.48,135.27,169.4,1.677,True
881171.SH,,capitulation,137,0.613139,0.529558,22.54,55.97,-57.74,127.72,177.31,1.488,True
881294.SH,,capitulation,137,0.613139,0.529558,29.21,63.44,-109.8,193.0,238.92,1.431,True
881380.SH,,capitulation,137,0.613139,0.529558,18.13,31.4,-104.33,129.33,189.74,1.118,True
881470.SH,,capitulation,137,0.613139,0.529558,21.57,47.5,-103.34,142.54,202.66,1.246,True
880001.SH,,capitulation,113,0.619469,0.527417,24.12,25.47,-44.88,98.59,137.05,1.871,True
880008.SH,,capitulation,113,0.619469,0.527417,33.41,53.28,-69.18,140.67,168.05,2.113,True
880520.SH,,capitulation,113,0.619469,0.527417,30.87,43.12,-104.29,163.87,188.37,1.742,True
880569.SH,,capitulation,113,0.619469,0.527417,33.43,75.84,-99.14,168.85,217.58,1.633,True
880580.SH,,capitulation,113,0.619469,0.527417,37.62,62.84,-99.69,163.55,219.39,1.823,True
880607.SH,,capitulation,113,0.619469,0.527417,35.33,43.07,-102.83,176.91,232.13,1.618,True
880611.SH,,capitulation,113,0.619469,0.527417,30.82,53.1,-83.93,162.07,179.84,1.822,True
880675.SH,,capitulation,113,0.619469,0.527417,39.71,50.08,-118.16,191.36,250.68,1.684,True
880727.SH,,capitulation,113,0.619469,0.527417,30.79,36.15,-35.99,147.72,170.47,1.92,True
880736.SH,,capitulation,113,0.619469,0.527417,34.41,69.89,-109.38,183.8,234.53,1.56,True
880740.SH,,capitulation,113,0.619469,0.527417,36.26,53.32,-114.64,211.53,237.68,1.622,True
880748.SH,,capitulation,113,0.619469,0.527417,37.16,40.97,-97.36,182.72,218.99,1.804,True
880799.SH,,capitulation,113,0.619469,0.527417,33.46,46.56,-89.85,174.92,220.96,1.61,True
880861.SH,,capitulation,113,0.619469,0.527417,37.91,28.29,-56.9,166.76,195.63,2.06,True
880869.SH,,capitulation,113,0.619469,0.527417,37.62,56.39,-71.35,155.12,176.63,2.264,True
880898.SH,,capitulation,113,0.619469,0.527417,28.54,29.89,-74.31,160.9,193.14,1.571,True
880920.SH,,capitulation,113,0.619469,0.527417,50.4,49.43,-56.01,198.85,218.46,2.452,True
880957.SH,,capitulation,113,0.619469,0.527417,29.25,46.7,-90.7,168.24,191.98,1.62,True
880973.SH,,capitulation,113,0.619469,0.527417,35.3,39.71,-46.5,131.8,167.74,2.237,True
880552.SH,,capitulation,101,0.623762,0.526385,37.2,46.66,-104.28,171.08,213.67,1.75,True
880646.SH,,capitulation,112,0.616071,0.523573,37.07,42.69,-118.72,227.14,298.82,1.313,True
880657.SH,,capitulation,112,0.616071,0.523573,37.91,60.78,-86.21,176.39,229.53,1.748,True
880667.SH,,capitulation,112,0.616071,0.523573,32.96,59.1,-101.97,173.59,225.93,1.544,True
880441.SH,,capitulation,137,0.605839,0.522195,35.69,42.69,-87.33,170.44,260.76,1.602,True
881019.SH,,capitulation,137,0.605839,0.522195,28.3,43.95,-68.92,143.54,192.24,1.723,True
881055.SH,,capitulation,137,0.605839,0.522195,32.31,33.35,-65.2,143.03,183.18,2.065,True
881303.SH,,capitulation,137,0.605839,0.522195,30.72,56.71,-103.99,173.14,222.82,1.614,True
881410.SH,,capitulation,137,0.605839,0.522195,23.22,36.22,-91.58,132.5,187.79,1.448,True
880687.SH,,capitulation,109,0.614679,0.520894,32.98,56.35,-85.82,155.53,189.42,1.818,True
880002.SH,,capitulation,113,0.610619,0.518492,21.45,25.14,-41.88,100.7,126.73,1.799,True
880003.SH,,capitulation,113,0.610619,0.518492,27.0,34.6,-91.39,160.71,215.83,1.33,True
880007.SH,,capitulation,113,0.610619,0.518492,24.67,35.53,-64.52,119.49,150.02,1.748,True
880543.SH,,capitulation,113,0.610619,0.518492,36.53,57.16,-67.14,150.57,177.11,2.193,True
880545.SH,,capitulation,113,0.610619,0.518492,37.53,39.36,-71.14,195.01,225.14,1.772,True
880558.SH,,capitulation,113,0.610619,0.518492,27.71,61.53,-88.21,140.71,172.39,1.709,True
880560.SH,,capitulation,113,0.610619,0.518492,33.78,64.39,-91.6,162.56,195.82,1.834,True
880563.SH,,capitulation,113,0.610619,0.518492,40.32,50.34,-78.02,166.74,187.25,2.289,True
880575.SH,,capitulation,113,0.610619,0.518492,32.99,52.08,-80.72,146.34,175.94,1.993,True
880577.SH,,capitulation,113,0.610619,0.518492,35.35,60.09,-107.35,185.77,224.58,1.673,True
880582.SH,,capitulation,113,0.610619,0.518492,28.94,48.21,-97.81,149.64,169.94,1.81,True
880583.SH,,capitulation,113,0.610619,0.518492,27.17,41.38,-94.94,166.62,188.26,1.534,True
880591.SH,,capitulation,113,0.610619,0.518492,41.68,48.34,-41.16,138.78,166.5,2.661,True
880592.SH,,capitulation,113,0.610619,0.518492,42.63,57.78,-108.24,182.07,211.41,2.143,True
880608.SH,,capitulation,113,0.610619,0.518492,33.8,39.6,-134.31,209.07,283.5,1.267,True
880613.SH,,capitulation,113,0.610619,0.518492,41.48,61.75,-81.82,174.89,238.92,1.846,True
880624.SH,,capitulation,113,0.610619,0.518492,36.17,46.26,-86.72,158.83,194.75,1.974,True
880631.SH,,capitulation,113,0.610619,0.518492,29.64,36.31,-96.13,193.75,208.57,1.511,True
880705.SH,,capitulation,113,0.610619,0.518492,28.74,51.58,-83.37,152.12,163.53,1.868,True
880713.SH,,capitulation,113,0.610619,0.518492,33.03,58.6,-97.29,154.96,200.57,1.751,True
880722.SH,,capitulation,113,0.610619,0.518492,38.1,63.84,-98.23,179.67,226.65,1.787,True
880729.SH,,capitulation,113,0.610619,0.518492,52.79,35.3,-59.44,189.36,248.61,2.257,True
880739.SH,,capitulation,113,0.610619,0.518492,37.66,72.81,-115.17,181.64,231.45,1.73,True
880756.SH,,capitulation,113,0.610619,0.518492,18.49,43.6,-108.22,183.2,240.45,0.817,True
880813.SH,,capitulation,113,0.610619,0.518492,43.91,34.58,-72.13,156.81,189.22,2.467,True
880823.SH,,capitulation,113,0.610619,0.518492,40.96,69.73,-78.12,210.61,221.96,1.962,True
880852.SH,,capitulation,113,0.610619,0.518492,31.87,16.69,-34.68,114.15,125.58,2.698,True
880871.SH,,capitulation,113,0.610619,0.518492,36.24,41.96,-79.48,166.32,183.94,2.094,True
880916.SH,,capitulation,113,0.610619,0.518492,40.34,74.87,-106.66,180.03,234.44,1.829,True
880926.SH,,capitulation,113,0.610619,0.518492,31.1,45.33,-81.09,141.29,173.87,1.901,True
880947.SH,,capitulation,113,0.610619,0.518492,42.99,39.22,-68.22,142.44,169.03,2.704,True
880528.SH,,capitulation,101,0.613861,0.5164,39.06,50.07,-132.81,188.69,256.16,1.533,True
880531.SH,,capitulation,101,0.613861,0.5164,46.47,74.11,-75.42,172.56,200.22,2.332,True
880555.SH,,capitulation,101,0.613861,0.5164,45.98,52.41,-119.51,206.0,248.23,1.861,True
880556.SH,,capitulation,101,0.613861,0.5164,59.22,174.52,0.0,348.18,990.89,0.601,True
880703.SH,,capitulation,101,0.613861,0.5164,52.4,65.97,-140.99,194.77,266.13,1.979,True
880329.SH,,capitulation,137,0.59854,0.51485,33.73,38.57,-112.61,176.88,245.3,1.609,True
880330.SH,,capitulation,137,0.59854,0.51485,27.14,30.19,-67.92,146.41,190.02,1.672,True
880335.SH,,capitulation,137,0.59854,0.51485,22.69,47.57,-83.1,128.13,172.03,1.544,True
880336.SH,,capitulation,137,0.59854,0.51485,20.98,54.72,-99.88,131.26,180.45,1.361,True
880392.SH,,capitulation,137,0.59854,0.51485,27.06,39.19,-80.68,153.09,196.39,1.613,True
880440.SH,,capitulation,137,0.59854,0.51485,28.76,62.61,-114.55,152.79,246.38,1.366,True
880489.SH,,capitulation,137,0.59854,0.51485,31.42,44.31,-101.41,165.15,232.32,1.583,True
880494.SH,,capitulation,137,0.59854,0.51485,33.61,46.63,-114.64,163.64,234.99,1.674,True
881069.SH,,capitulation,137,0.59854,0.51485,24.77,31.9,-55.9,123.33,161.63,1.794,True
881218.SH,,capitulation,137,0.59854,0.51485,27.15,38.02,-82.13,150.86,197.73,1.607,True
881231.SH,,capitulation,137,0.59854,0.51485,24.52,38.4,-66.74,136.46,193.36,1.484,True
881313.SH,,capitulation,137,0.59854,0.51485,31.93,44.91,-149.32,199.55,278.87,1.34,True
881336.SH,,capitulation,137,0.59854,0.51485,34.27,61.79,-150.48,239.5,317.63,1.263,True
881355.SH,,capitulation,137,0.59854,0.51485,29.71,39.9,-106.72,184.51,253.19,1.374,True
881471.SH,,capitulation,137,0.59854,0.51485,24.42,36.76,-88.1,123.5,167.42,1.707,True
880659.SH,,capitulation,112,0.607143,0.514581,37.35,59.73,-106.67,198.99,241.8,1.635,True
880669.SH,,capitulation,112,0.607143,0.514581,35.52,31.53,-74.63,158.76,224.81,1.672,True
880581.SH,,capitulation,82,0.621951,0.513769,35.03,64.0,-74.96,153.43,171.95,1.845,True
880665.SH,,capitulation,68,0.632353,0.513554,136.98,190.16,-1.02,340.96,326.37,3.461,True
880578.SH,,capitulation,93,0.612903,0.511308,25.52,52.28,-64.78,127.62,138.51,1.777,True
880201.SH,,capitulation,113,0.60177,0.509596,28.8,32.14,-83.49,158.12,174.86,1.751,True
880223.SH,,capitulation,113,0.60177,0.509596,24.87,24.6,-57.26,138.43,166.54,1.587,True
880516.SH,,capitulation,113,0.60177,0.509596,28.96,34.77,-45.48,113.91,149.81,2.055,True
880544.SH,,capitulation,113,0.60177,0.509596,24.04,32.66,-91.02,158.23,187.72,1.361,True
880557.SH,,capitulation,113,0.60177,0.509596,31.92,37.08,-64.62,130.34,177.03,1.917,True
880562.SH,,capitulation,113,0.60177,0.509596,29.11,41.57,-63.76,156.11,182.97,1.691,True
880596.SH,,capitulation,113,0.60177,0.509596,31.05,33.56,-82.04,142.57,176.13,1.874,True
880609.SH,,capitulation,113,0.60177,0.509596,42.21,44.7,-65.46,172.42,204.63,2.193,True
880614.SH,,capitulation,113,0.60177,0.509596,35.79,66.48,-103.19,163.65,186.62,2.039,True
880633.SH,,capitulation,113,0.60177,0.509596,30.47,49.81,-103.87,189.73,211.74,1.53,True
880730.SH,,capitulation,113,0.60177,0.509596,25.3,44.8,-99.69,168.07,181.97,1.478,True
880731.SH,,capitulation,113,0.60177,0.509596,31.3,46.6,-75.51,160.77,196.08,1.697,True
880745.SH,,capitulation,113,0.60177,0.509596,32.1,41.4,-75.24,143.96,180.8,1.887,True
880746.SH,,capitulation,113,0.60177,0.509596,43.17,69.65,-71.0,162.67,208.71,2.199,True
880750.SH,,capitulation,113,0.60177,0.509596,26.51,31.73,-64.16,131.06,138.15,2.04,True
880753.SH,,capitulation,113,0.60177,0.509596,25.76,40.6,-79.53,131.84,145.17,1.886,True
880759.SH,,capitulation,113,0.60177,0.509596,25.82,56.01,-98.43,166.47,197.64,1.389,True
880829.SH,,capitulation,113,0.60177,0.509596,15.82,21.36,-55.64,84.37,119.01,1.413,True
880834.SH,,capitulation,113,0.60177,0.509596,30.71,45.22,-94.28,156.43,182.16,1.792,True
880848.SH,,capitulation,113,0.60177,0.509596,18.33,14.58,-47.21,78.25,103.2,1.888,True
880919.SH,,capitulation,113,0.60177,0.509596,30.73,29.38,-79.09,153.59,162.5,2.01,True
880922.SH,,capitulation,113,0.60177,0.509596,25.58,38.58,-88.06,141.35,172.95,1.573,True
880929.SH,,capitulation,113,0.60177,0.509596,30.2,28.32,-43.61,136.47,168.49,1.905,True
880930.SH,,capitulation,113,0.60177,0.509596,31.86,41.15,-127.87,180.2,237.79,1.424,True
880942.SH,,capitulation,113,0.60177,0.509596,34.18,46.23,-109.38,184.78,220.17,1.65,True
880944.SH,,capitulation,113,0.60177,0.509596,35.35,56.22,-110.37,185.94,212.45,1.769,True
880946.SH,,capitulation,113,0.60177,0.509596,39.4,60.72,-86.1,171.56,203.87,2.054,True
880948.SH,,capitulation,113,0.60177,0.509596,38.07,51.33,-103.02,178.26,205.41,1.97,True
880952.SH,,capitulation,113,0.60177,0.509596,37.23,51.12,-133.14,189.98,255.37,1.55,True
880966.SH,,capitulation,113,0.60177,0.509596,33.11,30.43,-136.46,205.16,254.63,1.382,True
880969.SH,,capitulation,113,0.60177,0.509596,30.18,48.26,-116.17,206.59,237.52,1.351,True
880971.SH,,capitulation,113,0.60177,0.509596,28.25,47.79,-58.11,144.44,157.22,1.91,True
880977.SH,,capitulation,113,0.60177,0.509596,27.83,41.11,-85.45,153.31,173.29,1.707,True
880318.SH,,capitulation,137,0.591241,0.507523,19.77,33.84,-75.0,100.48,165.47,1.398,True
880390.SH,,capitulation,137,0.591241,0.507523,30.54,33.09,-94.04,137.9,180.96,1.975,True
880406.SH,,capitulation,137,0.591241,0.507523,32.33,30.87,-62.67,142.91,170.51,2.219,True
880410.SH,,capitulation,137,0.591241,0.507523,32.0,36.26,-62.68,128.55,174.42,2.147,True
880437.SH,,capitulation,137,0.591241,0.507523,30.37,52.21,-93.88,197.31,256.76,1.385,True
880443.SH,,capitulation,137,0.591241,0.507523,35.3,47.26,-111.11,197.01,233.33,1.771,True
880485.SH,,capitulation,137,0.591241,0.507523,39.63,34.2,-71.0,155.87,197.34,2.351,True
880490.SH,,capitulation,137,0.591241,0.507523,16.74,46.28,-164.62,194.61,309.55,0.633,True
881026.SH,,capitulation,137,0.591241,0.507523,16.24,23.81,-70.43,109.86,167.28,1.136,True
881034.SH,,capitulation,137,0.591241,0.507523,20.06,35.89,-66.8,122.4,168.22,1.396,True
881252.SH,,capitulation,137,0.591241,0.507523,31.22,35.16,-65.56,128.71,174.0,2.1,True
881373.SH,,capitulation,137,0.591241,0.507523,31.42,64.14,-140.41,194.26,268.21,1.371,True
881384.SH,,capitulation,137,0.591241,0.507523,29.34,48.02,-71.77,155.49,192.35,1.786,True
880547.SH,,capitulation,101,0.60396,0.506455,32.98,60.19,-155.91,233.89,317.87,1.043,True
880548.SH,,capitulation,101,0.60396,0.506455,41.78,72.84,-113.9,192.83,241.12,1.742,True
880649.SH,,capitulation,112,0.598214,0.505619,17.96,30.83,-91.91,122.28,177.92,1.068,True
880651.SH,,capitulation,112,0.598214,0.505619,32.47,33.33,-66.99,172.39,183.26,1.875,True
880652.SH,,capitulation,112,0.598214,0.505619,37.84,34.79,-61.7,159.07,200.92,1.993,True
880664.SH,,capitulation,112,0.598214,0.505619,32.91,45.61,-133.89,183.7,235.31,1.48,True
880666.SH,,capitulation,112,0.598214,0.505619,28.11,50.79,-110.91,160.81,213.01,1.397,True
880570.SH,,capitulation,94,0.606383,0.505309,20.27,21.36,-50.3,88.08,105.16,1.869,True
880694.SH,,capitulation,109,0.59633,0.502464,38.14,45.02,-82.46,159.4,189.42,2.102,True
880699.SH,,capitulation,102,0.598039,0.501005,32.39,43.59,-106.89,171.15,219.28,1.492,True
880204.SH,,capitulation,113,0.59292,0.50073,30.35,55.51,-86.62,135.62,167.83,1.922,True
880513.SH,,capitulation,113,0.59292,0.50073,32.11,34.33,-59.5,149.35,166.56,2.049,True
880521.SH,,capitulation,113,0.59292,0.50073,35.97,33.4,-86.01,174.39,183.32,2.086,True
880525.SH,,capitulation,113,0.59292,0.50073,23.38,21.59,-66.66,125.9,155.92,1.594,True
880553.SH,,capitulation,113,0.59292,0.50073,29.16,37.21,-75.05,124.22,152.62,2.031,True
880567.SH,,capitulation,113,0.59292,0.50073,42.56,36.86,-72.54,189.15,193.69,2.336,True
880572.SH,,capitulation,113,0.59292,0.50073,39.11,34.95,-68.77,166.83,159.47,2.607,True
880576.SH,,capitulation,113,0.59292,0.50073,22.46,24.71,-50.04,110.39,143.56,1.663,True
880584.SH,,capitulation,113,0.59292,0.50073,30.75,58.95,-90.92,174.57,187.21,1.746,True
880589.SH,,capitulation,113,0.59292,0.50073,33.75,50.18,-131.93,194.36,238.53,1.504,True
880598.SH,,capitulation,113,0.59292,0.50073,33.58,37.75,-102.87,189.57,197.42,1.808,True
880604.SH,,capitulation,113,0.59292,0.50073,29.42,50.56,-106.76,180.65,209.81,1.49,True
880615.SH,,capitulation,113,0.59292,0.50073,35.54,40.63,-85.61,181.28,197.9,1.909,True
880618.SH,,capitulation,113,0.59292,0.50073,24.61,30.76,-85.11,121.77,151.78,1.723,True
880627.SH,,capitulation,113,0.59292,0.50073,24.46,47.01,-68.14,114.68,155.67,1.67,True
880628.SH,,capitulation,113,0.59292,0.50073,33.01,35.91,-88.28,134.37,157.6,2.227,True
880635.SH,,capitulation,113,0.59292,0.50073,37.79,40.4,-116.33,223.3,312.49,1.285,True
880702.SH,,capitulation,113,0.59292,0.50073,33.05,49.41,-77.29,183.4,201.15,1.747,True
880711.SH,,capitulation,113,0.59292,0.50073,39.97,39.0,-79.18,186.75,222.17,1.912,True
880742.SH,,capitulation,113,0.59292,0.50073,27.72,43.75,-116.58,184.55,225.52,1.307,True
880757.SH,,capitulation,113,0.59292,0.50073,33.48,26.35,-60.75,135.08,151.39,2.351,True
880779.SH,,capitulation,113,0.59292,0.50073,42.68,56.66,-95.62,186.56,213.91,2.121,True
880793.SH,,capitulation,113,0.59292,0.50073,32.18,31.77,-86.44,215.54,262.86,1.301,True
880794.SH,,capitulation,113,0.59292,0.50073,32.39,40.24,-102.94,187.61,228.49,1.507,True
880795.SH,,capitulation,113,0.59292,0.50073,33.22,49.47,-59.87,159.69,171.12,2.063,True
880796.SH,,capitulation,113,0.59292,0.50073,29.17,44.34,-96.84,152.19,178.59,1.736,True
880804.SH,,capitulation,113,0.59292,0.50073,22.47,28.56,-39.44,81.35,110.97,2.153,True
880817.SH,,capitulation,113,0.59292,0.50073,26.06,21.07,-69.93,125.39,159.26,1.74,True
880849.SH,,capitulation,113,0.59292,0.50073,23.21,32.85,-47.73,112.47,137.72,1.791,True
880853.SH,,capitulation,113,0.59292,0.50073,32.04,16.12,-56.89,110.06,159.46,2.136,True
880872.SH,,capitulation,113,0.59292,0.50073,18.81,36.32,-110.78,150.6,221.07,0.905,True
880902.SH,,capitulation,113,0.59292,0.50073,28.83,47.0,-112.08,171.24,208.87,1.467,True
880904.SH,,capitulation,113,0.59292,0.50073,33.66,48.82,-99.0,164.42,210.16,1.703,True
880908.SH,,capitulation,113,0.59292,0.50073,36.89,38.29,-68.54,170.61,196.52,1.996,True
880911.SH,,capitulation,113,0.59292,0.50073,28.04,26.29,-58.23,125.38,145.64,2.046,True
880913.SH,,capitulation,113,0.59292,0.50073,41.68,43.67,-62.05,178.08,181.06,2.447,True
880945.SH,,capitulation,113,0.59292,0.50073,32.94,39.53,-144.27,190.01,269.2,1.301,True
880964.SH,,capitulation,113,0.59292,0.50073,26.27,55.14,-109.71,142.99,190.79,1.464,True
880967.SH,,capitulation,113,0.59292,0.50073,44.12,60.64,-76.37,175.83,243.04,1.93,True
880968.SH,,capitulation,113,0.59292,0.50073,26.45,35.69,-119.46,182.87,187.47,1.5,True
880974.SH,,capitulation,113,0.59292,0.50073,27.41,33.81,-100.47,143.98,182.89,1.593,True
880303.SH,,capitulation,137,0.583942,0.500215,10.13,26.6,-124.32,164.21,224.57,0.528,True
880339.SH,,capitulation,137,0.583942,0.500215,19.98,45.63,-72.63,135.76,192.88,1.213,True
880393.SH,,capitulation,137,0.583942,0.500215,29.14,37.14,-90.23,148.75,193.04,1.767,True
880439.SH,,capitulation,137,0.583942,0.500215,29.21,51.04,-122.12,179.56,261.81,1.306,True
880445.SH,,capitulation,137,0.583942,0.500215,28.43,47.51,-123.95,171.59,258.01,1.29,True
881200.SH,,capitulation,137,0.583942,0.500215,35.59,29.35,-102.24,162.81,223.73,1.862,True
881352.SH,,capitulation,137,0.583942,0.500215,23.74,32.17,-113.3,171.14,230.41,1.206,True
881364.SH,,capitulation,137,0.583942,0.500215,35.09,56.42,-123.39,212.46,260.8,1.575,True
881370.SH,,capitulation,137,0.583942,0.500215,36.85,44.01,-110.76,201.8,242.4,1.779,True
881436.SH,,capitulation,137,0.583942,0.500215,19.36,48.28,-126.21,139.17,210.43,1.077,True
880645.SH,,capitulation,112,0.589286,0.496686,36.15,50.15,-97.34,179.94,230.76,1.658,True
880647.SH,,capitulation,112,0.589286,0.496686,32.86,60.23,-108.4,169.0,227.58,1.528,True
880654.SH,,capitulation,112,0.589286,0.496686,35.35,51.02,-92.35,181.43,232.71,1.608,True
880658.SH,,capitulation,112,0.589286,0.496686,24.72,43.59,-107.11,162.08,214.84,1.218,True
880668.SH,,capitulation,112,0.589286,0.496686,33.92,29.45,-68.36,180.01,203.86,1.761,True
880683.SH,,capitulation,109,0.587156,0.493297,34.57,37.58,-82.99,165.58,229.23,1.574,True
880689.SH,,capitulation,109,0.587156,0.493297,38.24,43.72,-96.31,203.19,252.48,1.581,True
880696.SH,,capitulation,109,0.587156,0.493297,32.25,55.14,-72.96,168.21,199.1,1.691,True
880337.SH,,capitulation,137,0.576642,0.492924,27.2,29.59,-71.33,134.18,180.41,1.765,True
880340.SH,,capitulation,137,0.576642,0.492924,22.37,29.06,-84.01,161.07,193.03,1.357,True
880344.SH,,capitulation,137,0.576642,0.492924,19.79,39.33,-123.98,160.33,256.52,0.903,True
880363.SH,,capitulation,137,0.576642,0.492924,34.87,47.52,-147.04,229.68,291.29,1.401,True
880400.SH,,capitulation,137,0.576642,0.492924,22.93,22.75,-67.08,121.52,186.01,1.443,True
880401.SH,,capitulation,137,0.576642,0.492924,24.83,27.2,-64.49,159.44,196.69,1.477,True
880424.SH,,capitulation,137,0.576642,0.492924,18.26,27.15,-98.09,149.31,199.17,1.073,True
880432.SH,,capitulation,137,0.576642,0.492924,19.59,20.15,-52.26,100.26,159.32,1.439,True
880444.SH,,capitulation,137,0.576642,0.492924,47.68,51.5,-98.54,231.1,211.92,2.633,True
880477.SH,,capitulation,137,0.576642,0.492924,21.79,25.74,-58.85,105.35,181.57,1.404,True
880493.SH,,capitulation,137,0.576642,0.492924,30.99,47.37,-88.74,188.01,253.89,1.428,True
881005.SH,,capitulation,137,0.576642,0.492924,10.35,26.61,-124.23,175.47,226.58,0.535,True
881051.SH,,capitulation,137,0.576642,0.492924,28.35,39.39,-103.98,180.14,224.76,1.476,True
881115.SH,,capitulation,137,0.576642,0.492924,33.9,47.5,-148.16,204.4,288.62,1.375,True
881127.SH,,capitulation,137,0.576642,0.492924,27.14,57.1,-112.44,163.65,205.41,1.546,True
881224.SH,,capitulation,137,0.576642,0.492924,31.46,32.59,-92.42,147.04,195.82,1.88,True
881291.SH,,capitulation,137,0.576642,0.492924,38.57,51.08,-107.93,170.48,262.75,1.718,True
881338.SH,,capitulation,137,0.576642,0.492924,20.79,51.37,-167.27,213.55,332.08,0.733,True
881376.SH,,capitulation,137,0.576642,0.492924,30.55,28.46,-96.3,193.42,244.34,1.463,True
881415.SH,,capitulation,137,0.576642,0.492924,34.79,57.78,-99.91,170.2,225.17,1.809,True
881432.SH,,capitulation,137,0.576642,0.492924,19.36,34.3,-98.08,155.55,199.96,1.133,True
880579.SH,,capitulation,87,0.597701,0.492645,42.93,61.62,-87.12,210.04,254.74,1.572,True
880081.SH,,capitulation,113,0.584071,0.491892,7.47,2.56,-9.35,25.02,125.6,0.633,True
880205.SH,,capitulation,113,0.584071,0.491892,29.09,16.94,-71.38,126.49,172.39,1.794,True
880210.SH,,capitulation,113,0.584071,0.491892,28.54,34.62,-79.89,129.44,162.3,1.869,True
880212.SH,,capitulation,113,0.584071,0.491892,25.34,46.65,-69.4,134.28,164.33,1.639,True
880213.SH,,capitulation,113,0.584071,0.491892,18.86,13.79,-47.24,122.84,145.37,1.379,True
880216.SH,,capitulation,113,0.584071,0.491892,27.78,20.05,-58.98,120.04,155.03,1.905,True
880219.SH,,capitulation,113,0.584071,0.491892,23.18,31.66,-93.85,156.47,213.06,1.156,True
880225.SH,,capitulation,113,0.584071,0.491892,35.98,29.15,-70.66,126.71,149.87,2.552,True
880226.SH,,capitulation,113,0.584071,0.491892,22.04,31.76,-64.94,153.23,188.63,1.242,True
880230.SH,,capitulation,113,0.584071,0.491892,36.94,42.24,-115.28,200.04,235.91,1.665,True
880232.SH,,capitulation,113,0.584071,0.491892,30.57,28.52,-70.74,143.58,154.47,2.104,True
880506.SH,,capitulation,113,0.584071,0.491892,34.32,60.71,-123.61,182.5,241.23,1.512,True
880524.SH,,capitulation,113,0.584071,0.491892,20.19,32.57,-57.37,102.3,127.03,1.69,True
880533.SH,,capitulation,113,0.584071,0.491892,33.94,56.6,-95.95,166.14,199.01,1.813,True
880534.SH,,capitulation,113,0.584071,0.491892,26.91,40.53,-99.87,159.1,195.16,1.466,True
880535.SH,,capitulation,113,0.584071,0.491892,36.34,41.57,-85.74,180.35,210.3,1.837,True
880537.SH,,capitulation,113,0.584071,0.491892,28.15,37.79,-91.13,147.31,175.86,1.701,True
880540.SH,,capitulation,113,0.584071,0.491892,27.32,22.94,-70.98,136.15,154.25,1.883,True
880559.SH,,capitulation,113,0.584071,0.491892,45.81,74.29,-62.46,186.88,211.86,2.299,True
880573.SH,,capitulation,113,0.584071,0.491892,43.37,29.47,-99.48,187.84,200.56,2.299,True
880585.SH,,capitulation,113,0.584071,0.491892,38.6,28.34,-83.0,174.47,207.31,1.979,True
880594.SH,,capitulation,113,0.584071,0.491892,22.92,25.57,-43.11,97.08,123.2,1.978,True
880597.SH,,capitulation,113,0.584071,0.491892,35.06,31.82,-71.98,153.13,176.72,2.109,True
880602.SH,,capitulation,113,0.584071,0.491892,35.17,15.85,-103.75,159.78,180.79,2.068,True
880605.SH,,capitulation,113,0.584071,0.491892,35.42,31.56,-82.05,159.66,181.34,2.076,True
880621.SH,,capitulation,113,0.584071,0.491892,39.32,45.1,-75.73,185.39,205.12,2.038,True
880622.SH,,capitulation,113,0.584071,0.491892,30.43,26.48,-50.91,113.82,149.8,2.159,True
880636.SH,,capitulation,113,0.584071,0.491892,28.74,57.0,-108.79,169.07,179.88,1.698,True
880716.SH,,capitulation,113,0.584071,0.491892,39.77,50.51,-127.07,211.43,277.9,1.521,True
880741.SH,,capitulation,113,0.584071,0.491892,23.83,37.1,-74.39,120.79,160.67,1.577,True
880749.SH,,capitulation,113,0.584071,0.491892,41.89,41.99,-99.5,195.08,235.81,1.888,True
880761.SH,,capitulation,113,0.584071,0.491892,24.5,40.42,-101.16,165.94,202.49,1.286,True
880767.SH,,capitulation,113,0.584071,0.491892,33.69,47.14,-110.78,194.06,246.79,1.451,True
880791.SH,,capitulation,113,0.584071,0.491892,39.38,27.31,-78.55,174.09,187.66,2.231,True
880798.SH,,capitulation,113,0.584071,0.491892,24.29,49.09,-103.46,176.51,208.16,1.24,True
880814.SH,,capitulation,113,0.584071,0.491892,18.09,17.12,-31.8,97.99,123.23,1.561,True
880846.SH,,capitulation,113,0.584071,0.491892,18.54,22.6,-52.55,88.78,117.94,1.671,True
880850.SH,,capitulation,113,0.584071,0.491892,20.81,35.34,-69.24,118.84,214.14,1.033,True
880858.SH,,capitulation,113,0.584071,0.491892,26.48,17.37,-116.59,188.68,214.2,1.314,True
880860.SH,,capitulation,113,0.584071,0.491892,33.44,41.75,-78.23,177.89,203.37,1.748,True
880870.SH,,capitulation,113,0.584071,0.491892,32.5,46.57,-109.32,140.79,219.9,1.571,True
880877.SH,,capitulation,113,0.584071,0.491892,26.48,36.23,-77.86,157.4,227.98,1.235,True
880882.SH,,capitulation,113,0.584071,0.491892,30.74,44.47,-103.17,159.0,175.12,1.866,True
880883.SH,,capitulation,113,0.584071,0.491892,15.58,17.02,-37.9,77.51,109.19,1.517,True
880891.SH,,capitulation,113,0.584071,0.491892,36.61,45.82,-82.46,156.34,183.83,2.117,True
880892.SH,,capitulation,113,0.584071,0.491892,34.47,33.32,-83.61,160.23,190.99,1.919,True
880906.SH,,capitulation,113,0.584071,0.491892,31.28,41.82,-89.3,163.01,180.13,1.846,True
880909.SH,,capitulation,113,0.584071,0.491892,28.19,48.22,-93.75,163.3,182.51,1.642,True
880921.SH,,capitulation,113,0.584071,0.491892,37.86,47.99,-77.95,177.79,205.81,1.956,True
880923.SH,,capitulation,113,0.584071,0.491892,37.53,29.78,-72.21,159.29,179.7,2.22,True
880939.SH,,capitulation,113,0.584071,0.491892,38.82,62.72,-116.44,181.82,219.87,1.877,True
880950.SH,,capitulation,113,0.584071,0.491892,39.1,54.7,-119.91,189.16,214.56,1.937,True
880951.SH,,capitulation,113,0.584071,0.491892,21.22,49.44,-116.56,152.17,196.89,1.146,True
880955.SH,,capitulation,113,0.584071,0.491892,35.91,29.22,-85.19,153.83,169.04,2.258,True
880962.SH,,capitulation,113,0.584071,0.491892,38.02,41.72,-89.89,197.55,224.65,1.799,True
880655.SH,,capitulation,112,0.580357,0.487783,21.6,41.08,-117.76,172.45,233.77,0.978,True
880670.SH,,capitulation,112,0.580357,0.487783,34.72,81.19,-143.72,226.02,282.66,1.3,True
880527.SH,,capitulation,101,0.584158,0.486679,37.7,49.81,-60.32,173.14,175.69,2.156,True
880561.SH,,capitulation,101,0.584158,0.486679,38.94,53.06,-107.88,200.71,268.71,1.456,True
880345.SH,,capitulation,137,0.569343,0.485651,41.8,71.03,-147.24,188.87,410.58,1.192,True
880347.SH,,capitulation,137,0.569343,0.485651,31.82,29.93,-118.26,185.03,366.95,1.015,True
880355.SH,,capitulation,137,0.569343,0.485651,24.68,15.91,-93.69,153.3,187.9,1.538,True
880408.SH,,capitulation,137,0.569343,0.485651,45.91,37.64,-172.85,187.09,278.72,1.928,True
880420.SH,,capitulation,137,0.569343,0.485651,30.61,33.82,-83.67,190.2,224.2,1.598,True
880422.SH,,capitulation,137,0.569343,0.485651,25.23,20.76,-92.07,151.06,193.98,1.523,True
880448.SH,,capitulation,137,0.569343,0.485651,22.44,43.63,-83.95,158.18,228.04,1.152,True
880474.SH,,capitulation,137,0.569343,0.485651,30.66,23.01,-96.9,144.73,212.2,1.691,True
880476.SH,,capitulation,137,0.569343,0.485651,22.12,24.77,-52.45,110.33,177.91,1.455,True
880482.SH,,capitulation,137,0.569343,0.485651,24.13,27.09,-103.81,152.46,211.58,1.335,True
881087.SH,,capitulation,137,0.569343,0.485651,43.99,37.25,-123.29,217.54,275.97,1.866,True
881204.SH,,capitulation,137,0.569343,0.485651,30.66,28.68,-94.28,144.09,197.47,1.817,True
881206.SH,,capitulation,137,0.569343,0.485651,23.98,20.81,-66.35,145.23,183.46,1.53,True
881287.SH,,capitulation,137,0.569343,0.485651,36.39,59.5,-132.14,175.99,272.18,1.565,True
881418.SH,,capitulation,137,0.569343,0.485651,23.45,26.75,-100.21,149.06,210.38,1.305,True
881467.SH,,capitulation,137,0.569343,0.485651,12.04,17.16,-73.7,108.48,150.17,0.939,True
881468.SH,,capitulation,137,0.569343,0.485651,23.77,19.61,-52.89,101.88,149.29,1.864,True
880712.SH,,capitulation,68,0.602941,0.484158,32.41,52.84,-105.79,174.67,182.81,1.462,True
880978.SH,,capitulation,68,0.602941,0.484158,24.96,46.48,-91.72,134.43,172.78,1.191,True
880224.SH,,capitulation,113,0.575221,0.483083,27.66,28.26,-78.61,145.37,198.77,1.479,True
880227.SH,,capitulation,113,0.575221,0.483083,14.64,14.7,-53.26,103.35,126.35,1.232,True
880228.SH,,capitulation,113,0.575221,0.483083,22.14,36.2,-80.63,121.03,152.49,1.544,True
880507.SH,,capitulation,113,0.575221,0.483083,37.17,46.99,-107.89,195.13,214.26,1.844,True
880565.SH,,capitulation,113,0.575221,0.483083,29.27,33.32,-74.9,166.55,177.45,1.754,True
880568.SH,,capitulation,113,0.575221,0.483083,22.95,40.83,-80.85,141.53,158.57,1.539,True
880574.SH,,capitulation,113,0.575221,0.483083,30.27,44.03,-147.48,195.12,257.52,1.249,True
880586.SH,,capitulation,113,0.575221,0.483083,32.79,25.46,-101.24,146.57,184.68,1.887,True
880590.SH,,capitulation,113,0.575221,0.483083,39.18,37.11,-65.17,188.49,206.61,2.016,True
880593.SH,,capitulation,113,0.575221,0.483083,35.48,44.76,-95.96,172.0,173.06,2.179,True
880616.SH,,capitulation,113,0.575221,0.483083,37.3,56.98,-109.41,174.91,210.13,1.887,True
880629.SH,,capitulation,113,0.575221,0.483083,29.89,46.29,-136.46,187.22,265.74,1.196,True
880638.SH,,capitulation,113,0.575221,0.483083,29.87,20.93,-107.71,192.21,230.57,1.377,True
880639.SH,,capitulation,113,0.575221,0.483083,26.9,39.45,-99.07,136.9,175.31,1.631,True
880715.SH,,capitulation,113,0.575221,0.483083,25.49,34.53,-73.22,134.89,161.81,1.675,True
880720.SH,,capitulation,113,0.575221,0.483083,37.62,46.19,-86.11,193.93,210.97,1.895,True
880721.SH,,capitulation,113,0.575221,0.483083,12.52,10.14,-41.97,64.07,101.26,1.315,True
880723.SH,,capitulation,113,0.575221,0.483083,16.89,19.81,-95.91,124.03,191.75,0.937,True
880735.SH,,capitulation,113,0.575221,0.483083,28.78,42.11,-122.5,202.01,260.66,1.174,True
880743.SH,,capitulation,113,0.575221,0.483083,39.63,30.27,-71.54,159.94,191.04,2.205,True
880754.SH,,capitulation,113,0.575221,0.483083,39.18,53.05,-104.55,213.06,271.7,1.533,True
880758.SH,,capitulation,113,0.575221,0.483083,35.55,50.49,-115.0,203.52,290.87,1.299,True
880770.SH,,capitulation,113,0.575221,0.483083,32.75,62.81,-150.94,224.55,297.56,1.17,True
880771.SH,,capitulation,113,0.575221,0.483083,20.47,22.89,-73.41,135.63,175.37,1.241,True
880781.SH,,capitulation,113,0.575221,0.483083,21.18,22.12,-116.68,146.6,221.1,1.018,True
880803.SH,,capitulation,113,0.575221,0.483083,16.81,9.43,-54.13,101.19,119.39,1.497,True
880821.SH,,capitulation,113,0.575221,0.483083,13.26,10.58,-43.41,69.84,114.69,1.229,True
880835.SH,,capitulation,113,0.575221,0.483083,16.24,20.29,-88.08,123.92,178.59,0.967,True
880887.SH,,capitulation,113,0.575221,0.483083,22.11,38.64,-105.17,171.47,221.22,1.063,True
880889.SH,,capitulation,113,0.575221,0.483083,58.32,25.22,-50.76,142.64,242.96,2.552,True
880897.SH,,capitulation,113,0.575221,0.483083,24.09,24.68,-63.4,142.89,206.55,1.24,True
880899.SH,,capitulation,113,0.575221,0.483083,27.42,31.39,-106.18,175.02,207.68,1.404,True
880941.SH,,capitulation,113,0.575221,0.483083,35.49,30.87,-76.79,159.08,176.72,2.135,True
880956.SH,,capitulation,113,0.575221,0.483083,39.82,49.0,-68.6,184.52,207.05,2.044,True
880961.SH,,capitulation,113,0.575221,0.483083,32.1,40.13,-129.69,177.97,226.37,1.507,True
880965.SH,,capitulation,113,0.575221,0.483083,32.0,44.02,-94.78,185.52,208.4,1.632,True
880697.SH,,capitulation,108,0.574074,0.47985,40.75,75.06,-97.85,184.59,221.79,1.909,True
880682.SH,,capitulation,110,0.572727,0.479368,37.44,24.69,-112.95,169.69,256.48,1.531,True
880661.SH,,capitulation,112,0.571429,0.47891,38.44,51.05,-101.23,202.19,256.46,1.586,True
880662.SH,,capitulation,112,0.571429,0.47891,34.17,48.94,-132.98,195.72,243.37,1.486,True
880672.SH,,capitulation,112,0.571429,0.47891,38.94,27.52,-143.16,225.53,327.27,1.259,True
880679.SH,,capitulation,112,0.571429,0.47891,22.25,12.64,-39.48,114.0,128.53,1.832,True
880680.SH,,capitulation,112,0.571429,0.47891,24.72,34.3,-88.28,149.01,183.24,1.428,True
880307.SH,,capitulation,137,0.562044,0.478395,9.78,20.53,-79.63,129.82,190.59,0.6,True
880351.SH,,capitulation,137,0.562044,0.478395,36.39,42.57,-136.96,221.5,284.41,1.498,True
880414.SH,,capitulation,137,0.562044,0.478395,24.08,17.44,-64.42,156.29,197.26,1.429,True
880430.SH,,capitulation,137,0.562044,0.478395,37.98,33.23,-122.78,162.95,247.11,1.799,True
880459.SH,,capitulation,137,0.562044,0.478395,14.36,20.44,-61.92,113.64,142.79,1.177,True
880461.SH,,capitulation,137,0.562044,0.478395,25.49,22.46,-83.69,154.03,193.17,1.544,True
880472.SH,,capitulation,137,0.562044,0.478395,17.6,17.41,-77.53,111.48,193.28,1.066,True
880483.SH,,capitulation,137,0.562044,0.478395,14.26,32.57,-114.6,135.83,239.86,0.696,True
880484.SH,,capitulation,137,0.562044,0.478395,32.51,29.49,-90.44,151.76,215.67,1.764,True
880497.SH,,capitulation,137,0.562044,0.478395,38.22,41.87,-95.47,175.56,244.29,1.831,True
881016.SH,,capitulation,137,0.562044,0.478395,24.96,15.51,-96.21,153.35,190.94,1.53,True
881078.SH,,capitulation,137,0.562044,0.478395,36.74,27.24,-137.58,231.83,294.89,1.458,True
881198.SH,,capitulation,137,0.562044,0.478395,23.36,30.71,-102.89,164.84,252.4,1.083,True
881241.SH,,capitulation,137,0.562044,0.478395,13.45,16.05,-70.4,120.24,167.74,0.939,True
881293.SH,,capitulation,137,0.562044,0.478395,18.13,14.4,-58.71,90.19,171.22,1.239,True
881329.SH,,capitulation,137,0.562044,0.478395,19.38,35.79,-128.98,186.05,263.63,0.861,True
881347.SH,,capitulation,137,0.562044,0.478395,22.27,31.77,-113.28,174.13,256.56,1.016,True
881394.SH,,capitulation,137,0.562044,0.478395,17.69,17.35,-77.53,111.47,193.2,1.072,True
881476.SH,,capitulation,137,0.562044,0.478395,19.28,34.57,-131.78,169.94,271.76,0.83,True
880526.SH,,capitulation,101,0.574257,0.476848,22.29,23.26,-40.48,109.32,112.72,1.987,True
880686.SH,,capitulation,109,0.568807,0.475057,32.28,57.17,-95.13,188.49,203.89,1.653,True
880693.SH,,capitulation,109,0.568807,0.475057,39.64,56.52,-100.41,191.4,238.96,1.732,True
880207.SH,,capitulation,113,0.566372,0.474303,16.23,7.85,-30.19,49.97,97.95,1.762,True
880502.SH,,capitulation,113,0.566372,0.474303,20.14,26.89,-72.75,132.84,142.97,1.497,True
880538.SH,,capitulation,113,0.566372,0.474303,26.97,21.11,-48.42,103.19,123.82,2.315,True
880539.SH,,capitulation,113,0.566372,0.474303,24.25,19.01,-113.91,159.28,268.34,0.961,True
880546.SH,,capitulation,113,0.566372,0.474303,40.2,70.81,-125.85,202.34,246.25,1.735,True
880612.SH,,capitulation,113,0.566372,0.474303,26.88,35.07,-106.65,164.28,196.46,1.454,True
880630.SH,,capitulation,113,0.566372,0.474303,20.91,39.52,-94.52,136.63,180.36,1.232,True
880632.SH,,capitulation,113,0.566372,0.474303,23.97,22.4,-98.43,158.99,190.05,1.341,True
880709.SH,,capitulation,113,0.566372,0.474303,33.01,40.92,-68.53,139.89,160.42,2.187,True
880725.SH,,capitulation,113,0.566372,0.474303,30.59,26.59,-127.77,192.35,271.3,1.199,True
880726.SH,,capitulation,113,0.566372,0.474303,32.6,31.9,-104.25,165.62,270.28,1.282,True
880787.SH,,capitulation,113,0.566372,0.474303,32.2,40.22,-105.06,186.31,221.25,1.547,True
880801.SH,,capitulation,113,0.566372,0.474303,13.1,16.99,-51.87,94.47,124.9,1.115,True
880806.SH,,capitulation,113,0.566372,0.474303,13.49,24.1,-45.19,73.84,99.55,1.44,True
880833.SH,,capitulation,113,0.566372,0.474303,47.15,52.54,-62.05,170.55,194.51,2.577,True
880896.SH,,capitulation,113,0.566372,0.474303,29.3,46.04,-87.97,162.98,208.66,1.493,True
880936.SH,,capitulation,113,0.566372,0.474303,31.54,26.93,-69.79,119.45,180.55,1.857,True
880953.SH,,capitulation,113,0.566372,0.474303,44.49,63.2,-63.62,158.69,188.63,2.507,True
880959.SH,,capitulation,113,0.566372,0.474303,36.02,48.3,-85.61,166.5,215.44,1.777,True
880912.SH,,capitulation,49,0.612245,0.472457,-1.87,46.5,-194.26,163.78,258.57,-0.051,True
880305.SH,,capitulation,137,0.554745,0.471157,6.83,9.95,-71.37,86.88,136.63,0.585,True
880310.SH,,capitulation,137,0.554745,0.471157,14.52,12.49,-94.77,115.35,189.12,0.899,True
880321.SH,,capitulation,137,0.554745,0.471157,20.5,30.98,-88.32,133.06,175.34,1.368,True
880327.SH,,capitulation,137,0.554745,0.471157,29.0,31.0,-125.62,227.06,270.95,1.253,True
880360.SH,,capitulation,137,0.554745,0.471157,17.77,22.39,-98.49,112.77,176.77,1.176,True
880362.SH,,capitulation,137,0.554745,0.471157,48.65,24.95,-111.92,202.59,275.46,2.067,True
880383.SH,,capitulation,137,0.554745,0.471157,29.17,32.74,-109.2,170.72,212.78,1.605,True
880407.SH,,capitulation,137,0.554745,0.471157,27.01,30.43,-112.41,153.72,213.65,1.48,True
880411.SH,,capitulation,137,0.554745,0.471157,33.3,29.63,-120.0,197.47,222.87,1.749,True
880413.SH,,capitulation,137,0.554745,0.471157,20.89,27.32,-94.73,144.33,175.7,1.392,True
880418.SH,,capitulation,137,0.554745,0.471157,25.39,34.03,-72.11,160.56,199.19,1.492,True
880447.SH,,capitulation,137,0.554745,0.471157,15.05,9.01,-69.84,128.07,171.93,1.025,True
880454.SH,,capitulation,137,0.554745,0.471157,20.67,15.95,-59.07,97.27,144.37,1.676,True
880463.SH,,capitulation,137,0.554745,0.471157,10.42,23.37,-93.37,132.79,253.19,0.482,True
880464.SH,,capitulation,137,0.554745,0.471157,20.4,18.15,-66.12,101.94,158.36,1.508,True
880491.SH,,capitulation,137,0.554745,0.471157,39.01,40.53,-124.94,203.84,336.9,1.355,True
881065.SH,,capitulation,137,0.554745,0.471157,18.69,26.77,-81.76,122.7,177.29,1.234,True
881094.SH,,capitulation,137,0.554745,0.471157,30.11,23.95,-140.75,198.25,378.04,0.932,True
881116.SH,,capitulation,137,0.554745,0.471157,48.64,25.03,-111.86,202.52,275.45,2.067,True
881215.SH,,capitulation,137,0.554745,0.471157,33.29,27.31,-122.32,169.11,218.44,1.784,True
881359.SH,,capitulation,137,0.554745,0.471157,33.78,36.68,-112.52,216.79,273.86,1.444,True
881396.SH,,capitulation,137,0.554745,0.471157,31.0,24.12,-93.69,148.83,214.38,1.692,True
881407.SH,,capitulation,137,0.554745,0.471157,22.33,17.45,-75.69,117.53,198.98,1.313,True
881478.SH,,capitulation,137,0.554745,0.471157,35.13,37.21,-106.57,174.43,250.92,1.639,True
880643.SH,,capitulation,112,0.5625,0.470065,38.27,51.84,-106.1,206.38,245.38,1.651,True
880644.SH,,capitulation,112,0.5625,0.470065,32.45,77.82,-108.08,179.5,242.52,1.416,True
880673.SH,,capitulation,112,0.5625,0.470065,25.73,46.85,-145.07,190.97,257.33,1.058,True
880653.SH,,capitulation,68,0.588235,0.469613,23.45,35.26,-64.23,118.74,161.69,1.196,True
880732.SH,,capitulation,68,0.588235,0.469613,29.0,58.21,-81.89,138.02,196.24,1.219,True
880747.SH,,capitulation,68,0.588235,0.469613,40.36,48.86,-75.15,167.17,203.98,1.631,True
880765.SH,,capitulation,68,0.588235,0.469613,23.02,45.43,-120.29,155.35,194.51,0.976,True
880550.SH,,capitulation,101,0.564356,0.467055,39.21,62.97,-137.87,212.74,303.12,1.3,True
880566.SH,,capitulation,101,0.564356,0.467055,40.28,37.1,-128.68,197.2,256.41,1.579,True
880684.SH,,capitulation,109,0.559633,0.465984,25.58,22.42,-119.84,186.84,267.79,0.997,True
880211.SH,,capitulation,113,0.557522,0.465551,23.49,20.36,-59.09,130.24,141.18,1.769,True
880218.SH,,capitulation,113,0.557522,0.465551,19.56,34.49,-63.63,115.19,167.65,1.24,True
880515.SH,,capitulation,113,0.557522,0.465551,13.19,10.8,-62.31,91.87,125.74,1.115,True
880564.SH,,capitulation,113,0.557522,0.465551,26.3,18.95,-89.24,135.69,158.32,1.766,True
880637.SH,,capitulation,113,0.557522,0.465551,42.03,47.54,-129.27,203.49,270.9,1.649,True
880706.SH,,capitulation,113,0.557522,0.465551,30.7,19.98,-106.59,186.64,196.49,1.661,True
880708.SH,,capitulation,113,0.557522,0.465551,27.57,39.44,-101.91,174.26,211.61,1.385,True
880728.SH,,capitulation,113,0.557522,0.465551,30.46,27.03,-89.01,134.21,141.64,2.286,True
880734.SH,,capitulation,113,0.557522,0.465551,29.78,37.52,-97.23,153.11,210.99,1.5,True
880744.SH,,capitulation,113,0.557522,0.465551,33.51,42.89,-117.61,180.86,190.4,1.871,True
880760.SH,,capitulation,113,0.557522,0.465551,36.25,21.8,-81.08,157.27,174.4,2.21,True
880785.SH,,capitulation,113,0.557522,0.465551,-55.46,17.46,-169.44,209.32,935.15,-0.63,True
880790.SH,,capitulation,113,0.557522,0.465551,41.0,34.07,-62.63,157.21,192.3,2.266,True
880816.SH,,capitulation,113,0.557522,0.465551,24.0,27.28,-118.48,208.17,285.8,0.893,True
880818.SH,,capitulation,113,0.557522,0.465551,34.59,32.93,-146.02,245.94,308.11,1.194,True
880824.SH,,capitulation,113,0.557522,0.465551,35.17,39.33,-132.83,215.28,292.42,1.278,True
880826.SH,,capitulation,113,0.557522,0.465551,14.8,16.39,-58.98,90.88,121.48,1.295,True
880859.SH,,capitulation,113,0.557522,0.465551,29.63,31.67,-75.03,135.13,158.31,1.99,True
880895.SH,,capitulation,113,0.557522,0.465551,12.4,14.2,-56.83,82.14,115.75,1.139,True
880903.SH,,capitulation,113,0.557522,0.465551,50.73,17.65,-109.39,198.0,230.21,2.343,True
880910.SH,,capitulation,113,0.557522,0.465551,22.64,20.43,-75.88,124.22,154.83,1.554,True
880970.SH,,capitulation,113,0.557522,0.465551,21.9,20.6,-66.92,126.72,141.55,1.645,True
880319.SH,,capitulation,137,0.547445,0.463936,18.13,21.87,-93.43,118.94,181.55,1.169,True
880368.SH,,capitulation,137,0.547445,0.463936,16.46,19.71,-89.58,146.32,176.27,1.093,True
880372.SH,,capitulation,137,0.547445,0.463936,17.61,7.3,-70.51,110.3,145.68,1.415,True
880374.SH,,capitulation,137,0.547445,0.463936,23.9,27.27,-71.54,135.2,188.86,1.481,True
880421.SH,,capitulation,137,0.547445,0.463936,27.06,37.25,-90.98,153.76,188.19,1.683,True
880426.SH,,capitulation,137,0.547445,0.463936,10.49,8.38,-102.78,147.72,207.27,0.593,True
880492.SH,,capitulation,137,0.547445,0.463936,28.85,49.25,-145.62,207.58,298.37,1.132,True
881008.SH,,capitulation,137,0.547445,0.463936,15.45,15.4,-95.14,119.81,194.83,0.928,True
881062.SH,,capitulation,137,0.547445,0.463936,11.44,14.44,-108.82,134.35,221.31,0.605,True
881104.SH,,capitulation,137,0.547445,0.463936,21.19,32.26,-191.09,222.96,331.99,0.747,True
881187.SH,,capitulation,137,0.547445,0.463936,39.85,57.73,-109.71,169.43,246.27,1.894,True
881205.SH,,capitulation,137,0.547445,0.463936,46.32,25.22,-109.05,201.81,253.23,2.141,True
881207.SH,,capitulation,137,0.547445,0.463936,39.73,39.4,-133.05,182.78,251.26,1.851,True
881212.SH,,capitulation,137,0.547445,0.463936,36.21,30.35,-103.24,141.09,205.97,2.057,True
881247.SH,,capitulation,137,0.547445,0.463936,31.37,10.94,-136.58,208.46,260.0,1.412,True
881282.SH,,capitulation,137,0.547445,0.463936,35.25,20.81,-85.77,179.75,253.0,1.631,True
881288.SH,,capitulation,137,0.547445,0.463936,40.38,19.54,-112.23,159.68,242.23,1.951,True
881289.SH,,capitulation,137,0.547445,0.463936,44.23,20.86,-139.18,267.01,330.96,1.564,True
881319.SH,,capitulation,137,0.547445,0.463936,39.24,34.05,-121.3,206.25,336.67,1.364,True
881446.SH,,capitulation,137,0.547445,0.463936,13.02,22.5,-99.83,120.84,172.27,0.885,True
881452.SH,,capitulation,137,0.547445,0.463936,19.94,20.4,-68.34,103.51,157.8,1.479,True
881459.SH,,capitulation,137,0.547445,0.463936,7.1,15.95,-70.37,84.82,135.7,0.612,True
880660.SH,,capitulation,112,0.553571,0.461249,35.75,36.18,-112.27,188.34,236.18,1.602,True
880674.SH,,capitulation,112,0.553571,0.461249,30.21,52.11,-128.64,179.37,257.76,1.24,True
880523.SH,,capitulation,101,0.554455,0.457298,40.33,31.11,-123.05,222.55,294.82,1.375,True
880698.SH,,capitulation,107,0.551402,0.457012,20.41,19.83,-82.12,145.28,182.3,1.158,True
880685.SH,,capitulation,109,0.550459,0.45694,36.76,45.47,-104.54,192.82,242.75,1.581,True
880692.SH,,capitulation,109,0.550459,0.45694,37.04,33.08,-98.92,188.9,227.69,1.698,True
880203.SH,,capitulation,113,0.548673,0.456826,22.25,36.01,-67.9,121.65,151.81,1.558,True
880208.SH,,capitulation,113,0.548673,0.456826,21.14,27.67,-55.12,128.93,164.82,1.363,True
880209.SH,,capitulation,113,0.548673,0.456826,31.37,21.99,-60.75,143.26,179.25,1.86,True
880221.SH,,capitulation,113,0.548673,0.456826,23.44,35.71,-68.89,132.47,168.75,1.477,True
880231.SH,,capitulation,113,0.548673,0.456826,29.57,39.71,-72.15,144.44,180.78,1.739,True
880782.SH,,capitulation,113,0.548673,0.456826,14.19,13.28,-55.03,72.54,116.02,1.3,True
880797.SH,,capitulation,113,0.548673,0.456826,30.19,24.15,-77.05,154.69,167.19,1.92,True
880802.SH,,capitulation,113,0.548673,0.456826,15.57,20.1,-76.6,133.14,195.2,0.848,True
880805.SH,,capitulation,113,0.548673,0.456826,12.39,13.3,-42.66,59.88,95.89,1.374,True
880815.SH,,capitulation,113,0.548673,0.456826,29.38,34.51,-102.28,170.53,232.69,1.342,True
880845.SH,,capitulation,113,0.548673,0.456826,17.07,5.86,-57.56,89.81,113.66,1.596,True
880857.SH,,capitulation,113,0.548673,0.456826,16.75,9.61,-45.62,97.36,109.89,1.621,True
880894.SH,,capitulation,113,0.548673,0.456826,20.76,20.32,-68.93,129.31,153.69,1.436,True
880975.SH,,capitulation,113,0.548673,0.456826,15.37,20.94,-111.11,148.33,198.13,0.824,True
880313.SH,,capitulation,137,0.540146,0.456733,15.47,23.1,-105.6,141.85,208.66,0.868,True
880324.SH,,capitulation,137,0.540146,0.456733,30.34,20.78,-67.01,163.7,222.01,1.6,True
880326.SH,,capitulation,137,0.540146,0.456733,17.73,29.34,-104.27,148.16,229.51,0.904,True
880348.SH,,capitulation,137,0.540146,0.456733,5.86,16.14,-91.17,144.62,185.73,0.369,True
880361.SH,,capitulation,137,0.540146,0.456733,28.02,28.67,-126.92,168.92,257.15,1.275,True
880367.SH,,capitulation,137,0.540146,0.456733,13.96,15.23,-74.81,116.64,155.18,1.053,True
880369.SH,,capitulation,137,0.540146,0.456733,13.36,28.31,-75.64,113.65,155.67,1.005,True
880373.SH,,capitulation,137,0.540146,0.456733,23.45,16.16,-68.74,115.4,163.01,1.684,True
880387.SH,,capitulation,137,0.540146,0.456733,13.94,8.53,-63.59,89.02,135.13,1.208,True
880391.SH,,capitulation,137,0.540146,0.456733,35.49,22.54,-97.68,159.73,202.17,2.055,True
880394.SH,,capitulation,137,0.540146,0.456733,29.95,34.09,-100.85,172.46,215.93,1.623,True
880403.SH,,capitulation,137,0.540146,0.456733,19.49,12.97,-49.11,111.89,155.51,1.467,True
880446.SH,,capitulation,137,0.540146,0.456733,22.18,16.1,-101.83,149.85,201.71,1.287,True
880455.SH,,capitulation,137,0.540146,0.456733,12.29,20.19,-59.9,100.17,146.15,0.984,True
881071.SH,,capitulation,137,0.540146,0.456733,26.15,23.13,-87.49,142.97,227.78,1.344,True
881106.SH,,capitulation,137,0.540146,0.456733,25.61,32.7,-121.28,158.2,242.08,1.238,True
881123.SH,,capitulation,137,0.540146,0.456733,27.29,18.13,-100.8,144.63,191.12,1.671,True
881144.SH,,capitulation,137,0.540146,0.456733,14.8,4.85,-81.23,105.15,160.16,1.082,True
881177.SH,,capitulation,137,0.540146,0.456733,15.51,16.94,-66.52,110.74,161.7,1.122,True
881227.SH,,capitulation,137,0.540146,0.456733,26.29,21.0,-97.16,153.8,206.75,1.489,True
881268.SH,,capitulation,137,0.540146,0.456733,15.27,10.85,-76.45,132.45,185.79,0.962,True
881326.SH,,capitulation,137,0.540146,0.456733,16.85,48.22,-162.44,196.89,288.39,0.684,True
881428.SH,,capitulation,137,0.540146,0.456733,32.06,23.16,-124.03,193.78,256.48,1.463,True
880642.SH,,capitulation,112,0.544643,0.452461,32.82,20.11,-87.23,168.69,185.89,1.868,True
880311.SH,,capitulation,137,0.532847,0.449547,16.94,15.33,-101.68,117.67,215.24,0.921,True
880325.SH,,capitulation,137,0.532847,0.449547,28.39,16.88,-99.61,178.12,251.24,1.323,True
880366.SH,,capitulation,137,0.532847,0.449547,15.14,11.24,-94.48,113.41,184.15,0.963,True
880398.SH,,capitulation,137,0.532847,0.449547,17.07,11.43,-75.44,132.18,177.98,1.123,True
880453.SH,,capitulation,137,0.532847,0.449547,28.11,34.45,-132.16,174.13,248.4,1.325,True
880462.SH,,capitulation,137,0.532847,0.449547,13.95,26.27,-109.47,121.68,185.28,0.881,True
880473.SH,,capitulation,137,0.532847,0.449547,12.21,13.9,-97.29,96.78,202.7,0.705,True
881011.SH,,capitulation,137,0.532847,0.449547,10.79,6.77,-69.69,91.5,154.21,0.819,True
881082.SH,,capitulation,137,0.532847,0.449547,32.49,16.95,-106.68,183.88,255.09,1.491,True
881097.SH,,capitulation,137,0.532847,0.449547,9.7,15.13,-90.72,143.13,184.23,0.616,True
881151.SH,,capitulation,137,0.532847,0.449547,10.24,7.77,-94.7,110.98,174.34,0.687,True
881157.SH,,capitulation,137,0.532847,0.449547,13.0,12.59,-66.24,119.21,158.66,0.959,True
881162.SH,,capitulation,137,0.532847,0.449547,22.54,39.3,-86.48,150.03,184.98,1.426,True
881256.SH,,capitulation,137,0.532847,0.449547,19.66,12.91,-49.15,111.92,155.32,1.482,True
881275.SH,,capitulation,137,0.532847,0.449547,24.86,19.27,-129.7,163.41,250.55,1.161,True
881395.SH,,capitulation,137,0.532847,0.449547,12.21,13.9,-97.27,96.82,202.7,0.705,True
881406.SH,,capitulation,137,0.532847,0.449547,15.82,16.13,-83.5,112.34,191.01,0.969,True
881422.SH,,capitulation,137,0.532847,0.449547,31.1,10.13,-131.25,213.11,281.44,1.293,True
881449.SH,,capitulation,137,0.532847,0.449547,18.21,15.02,-63.66,124.63,153.43,1.389,True
880006.SH,,capitulation,113,0.539823,0.44813,1895.57,400.0,-3132.53,4639.18,6869.23,2.933,True
880222.SH,,capitulation,113,0.539823,0.44813,23.45,23.49,-80.56,166.19,182.42,1.366,True
880532.SH,,capitulation,113,0.539823,0.44813,19.01,12.0,-37.52,68.47,96.34,2.097,True
880549.SH,,capitulation,113,0.539823,0.44813,21.78,22.6,-76.17,127.49,156.89,1.476,True
880626.SH,,capitulation,113,0.539823,0.44813,34.41,15.07,-109.89,180.75,212.91,1.718,True
880634.SH,,capitulation,113,0.539823,0.44813,19.55,17.08,-74.92,111.72,162.57,1.279,True
880710.SH,,capitulation,113,0.539823,0.44813,39.57,20.27,-131.68,166.23,328.28,1.281,True
880737.SH,,capitulation,113,0.539823,0.44813,23.13,27.46,-125.8,186.06,229.7,1.07,True
880755.SH,,capitulation,113,0.539823,0.44813,22.2,29.19,-99.46,160.5,203.12,1.162,True
880764.SH,,capitulation,113,0.539823,0.44813,32.48,20.69,-81.03,142.11,197.98,1.744,True
880769.SH,,capitulation,113,0.539823,0.44813,25.23,20.06,-53.43,110.75,132.79,2.02,True
880808.SH,,capitulation,113,0.539823,0.44813,37.09,36.22,-103.82,185.49,248.36,1.588,True
880822.SH,,capitulation,113,0.539823,0.44813,44.36,15.13,-88.29,169.5,278.75,1.692,True
880875.SH,,capitulation,113,0.539823,0.44813,15.82,9.63,-65.82,97.91,127.88,1.315,True
880893.SH,,capitulation,113,0.539823,0.44813,22.88,20.72,-132.99,176.33,229.89,1.058,True
880656.SH,,capitulation,112,0.535714,0.443702,35.63,57.92,-154.01,244.62,322.24,1.17,True
880671.SH,,capitulation,112,0.535714,0.443702,23.52,12.18,-45.69,91.81,124.98,1.991,True
880306.SH,,capitulation,137,0.525547,0.442378,8.41,10.33,-72.67,90.95,127.91,0.77,True
880328.SH,,capitulation,137,0.525547,0.442378,36.42,11.93,-136.76,213.59,302.32,1.41,True
880346.SH,,capitulation,137,0.525547,0.442378,13.66,6.48,-68.15,86.7,161.98,0.987,True
880402.SH,,capitulation,137,0.525547,0.442378,20.75,10.57,-110.45,139.49,232.68,1.044,True
880409.SH,,capitulation,137,0.525547,0.442378,28.54,13.65,-126.19,144.84,258.28,1.293,True
880423.SH,,capitulation,137,0.525547,0.442378,16.34,11.26,-125.56,166.49,227.24,0.842,True
880466.SH,,capitulation,137,0.525547,0.442378,10.67,14.15,-69.27,93.07,135.3,0.923,True
880467.SH,,capitulation,137,0.525547,0.442378,11.16,2.66,-100.77,112.49,165.9,0.787,True
881091.SH,,capitulation,137,0.525547,0.442378,13.53,6.56,-68.1,88.04,162.72,0.973,True
881180.SH,,capitulation,137,0.525547,0.442378,26.46,14.42,-93.48,148.25,207.95,1.489,True
881310.SH,,capitulation,137,0.525547,0.442378,10.73,8.95,-93.61,123.12,179.04,0.701,True
881429.SH,,capitulation,137,0.525547,0.442378,16.0,11.22,-129.53,166.47,230.04,0.814,True
880718.SH,,capitulation,68,0.558824,0.440817,29.81,33.38,-105.19,152.08,197.03,1.248,True
880763.SH,,capitulation,68,0.558824,0.440817,18.95,27.01,-59.49,117.49,121.28,1.288,True
880501.SH,,capitulation,113,0.530973,0.439461,15.28,18.53,-38.81,66.35,104.55,1.554,True
880603.SH,,capitulation,113,0.530973,0.439461,26.19,11.47,-118.64,210.69,270.07,1.031,True
880847.SH,,capitulation,113,0.530973,0.439461,15.66,7.94,-41.61,62.04,98.92,1.682,True
880865.SH,,capitulation,113,0.530973,0.439461,12.57,16.3,-125.07,153.62,214.19,0.624,True
880350.SH,,capitulation,137,0.518248,0.435227,14.5,5.32,-73.22,112.5,164.68,1.031,True
880375.SH,,capitulation,137,0.518248,0.435227,15.47,2.15,-81.92,122.71,154.39,1.173,True
880382.SH,,capitulation,137,0.518248,0.435227,7.94,5.1,-92.59,115.94,187.43,0.496,True
880399.SH,,capitulation,137,0.518248,0.435227,19.51,14.59,-82.18,136.49,179.9,1.27,True
880412.SH,,capitulation,137,0.518248,0.435227,43.82,13.87,-138.45,198.7,282.77,1.814,True
880431.SH,,capitulation,137,0.518248,0.435227,22.31,8.32,-80.94,140.66,210.9,1.238,True
881075.SH,,capitulation,137,0.518248,0.435227,36.16,13.41,-125.42,214.58,300.46,1.409,True
881111.SH,,capitulation,137,0.518248,0.435227,10.77,9.34,-96.7,114.52,198.45,0.635,True
881119.SH,,capitulation,137,0.518248,0.435227,17.34,1.67,-99.29,114.68,173.71,1.168,True
881136.SH,,capitulation,137,0.518248,0.435227,22.81,3.91,-64.25,106.29,146.7,1.82,True
881194.SH,,capitulation,137,0.518248,0.435227,17.27,14.12,-108.19,130.2,195.71,1.033,True
881234.SH,,capitulation,137,0.518248,0.435227,20.34,13.44,-94.5,127.57,217.03,1.097,True
881261.SH,,capitulation,137,0.518248,0.435227,32.18,33.03,-131.58,215.73,273.58,1.377,True
881290.SH,,capitulation,137,0.518248,0.435227,22.28,8.13,-80.93,140.65,210.77,1.237,True
881344.SH,,capitulation,137,0.518248,0.435227,12.08,8.64,-72.2,90.78,148.81,0.951,True
881389.SH,,capitulation,137,0.518248,0.435227,5.72,2.89,-68.32,82.84,133.58,0.501,True
881427.SH,,capitulation,137,0.518248,0.435227,9.06,1.14,-145.44,175.99,248.76,0.426,True
881442.SH,,capitulation,137,0.518248,0.435227,7.22,6.31,-66.39,82.67,126.69,0.667,True
880676.SH,,capitulation,112,0.526786,0.434971,16.36,6.33,-72.98,122.66,179.6,0.964,True
880678.SH,,capitulation,112,0.526786,0.434971,16.6,2.19,-60.72,109.12,119.49,1.47,True
880914.SH,,capitulation,49,0.571429,0.432702,8.4,27.14,-99.82,98.49,202.04,0.291,True
880979.SH,,capitulation,49,0.571429,0.432702,30.22,42.31,-113.9,211.09,288.42,0.733,True
880202.SH,,capitulation,113,0.522124,0.43082,21.65,4.94,-72.95,136.95,151.36,1.521,True
880217.SH,,capitulation,113,0.522124,0.43082,15.1,7.15,-65.49,111.62,143.55,1.118,True
880505.SH,,capitulation,113,0.522124,0.43082,21.08,15.66,-110.97,153.76,185.17,1.21,True
880780.SH,,capitulation,113,0.522124,0.43082,2.67,24.32,-192.23,215.18,320.56,0.088,True
880868.SH,,capitulation,113,0.522124,0.43082,58.13,69.08,-171.99,313.0,406.57,1.52,True
880541.SH,,capitulation,101,0.524752,0.428248,32.33,43.44,-127.11,208.73,269.96,1.204,True
880551.SH,,capitulation,101,0.524752,0.428248,46.88,20.06,-107.65,243.65,353.4,1.333,True
880554.SH,,capitulation,101,0.524752,0.428248,30.91,19.81,-143.88,242.33,348.09,0.892,True
880312.SH,,capitulation,137,0.510949,0.428092,10.07,1.1,-77.14,84.49,156.76,0.752,True
880364.SH,,capitulation,137,0.510949,0.428092,14.43,8.09,-94.7,104.01,170.0,0.993,True
880460.SH,,capitulation,137,0.510949,0.428092,4.6,6.36,-84.22,85.78,141.72,0.38,True
880465.SH,,capitulation,137,0.510949,0.428092,11.27,3.46,-70.12,96.15,129.73,1.016,True
880468.SH,,capitulation,137,0.510949,0.428092,11.99,3.2,-81.1,98.58,143.89,0.976,True
881007.SH,,capitulation,137,0.510949,0.428092,16.32,4.37,-109.02,116.27,225.31,0.848,True
881167.SH,,capitulation,137,0.510949,0.428092,15.19,3.66,-80.37,105.38,162.63,1.093,True
881184.SH,,capitulation,137,0.510949,0.428092,10.92,4.95,-97.5,119.09,164.32,0.778,True
881333.SH,,capitulation,137,0.510949,0.428092,31.33,18.43,-172.67,235.3,355.86,1.03,True
880707.SH,,capitulation,68,0.544118,0.426564,28.52,21.76,-91.43,165.56,174.36,1.349,True
880677.SH,,capitulation,112,0.517857,0.426268,16.74,10.6,-84.06,123.45,168.52,1.052,True
880206.SH,,capitulation,113,0.513274,0.422206,25.18,3.31,-87.97,133.91,200.13,1.338,True
880215.SH,,capitulation,113,0.513274,0.422206,17.29,9.78,-64.69,128.66,165.87,1.108,True
880220.SH,,capitulation,113,0.513274,0.422206,23.81,18.99,-61.33,120.35,140.06,1.807,True
880529.SH,,capitulation,113,0.513274,0.422206,-8.19,3.56,-173.69,165.44,261.2,-0.333,True
880620.SH,,capitulation,113,0.513274,0.422206,10.36,3.36,-69.7,134.79,222.45,0.495,True
880783.SH,,capitulation,113,0.513274,0.422206,14.17,2.25,-99.25,137.27,183.95,0.819,True
880786.SH,,capitulation,113,0.513274,0.422206,17.74,35.52,-115.01,168.57,247.6,0.762,True
880837.SH,,capitulation,113,0.513274,0.422206,-10.67,18.37,-250.75,234.81,358.8,-0.316,True
880856.SH,,capitulation,113,0.513274,0.422206,16.1,22.11,-82.97,132.41,181.66,0.942,True
880876.SH,,capitulation,113,0.513274,0.422206,14.73,29.99,-99.43,143.42,179.09,0.874,True
880878.SH,,capitulation,113,0.513274,0.422206,15.77,12.29,-139.0,190.24,301.65,0.556,True
880880.SH,,capitulation,113,0.513274,0.422206,13.2,6.14,-197.69,227.65,281.99,0.498,True
880885.SH,,capitulation,113,0.513274,0.422206,-12.63,14.42,-188.76,184.23,296.03,-0.454,True
880442.SH,,capitulation,137,0.50365,0.420975,8.45,0.69,-137.24,152.54,223.65,0.442,True
880486.SH,,capitulation,137,0.50365,0.420975,28.03,8.73,-126.17,163.25,253.9,1.292,True
881262.SH,,capitulation,137,0.50365,0.420975,18.88,4.21,-115.24,154.87,241.63,0.915,True
880381.SH,,capitulation,137,0.49635,0.413875,12.46,-1.75,-89.39,80.34,167.15,0.873,True
881139.SH,,capitulation,137,0.49635,0.413875,13.36,-3.1,-100.9,110.73,163.97,0.954,True
881140.SH,,capitulation,137,0.49635,0.413875,24.91,0.0,-111.53,150.27,210.97,1.382,True
881257.SH,,capitulation,137,0.49635,0.413875,18.97,-6.25,-144.26,189.18,266.89,0.832,True
880005.SH,,capitulation,113,0.504425,0.41362,12465.78,227.9,-4685.85,11845.57,39166.52,3.383,True
880229.SH,,capitulation,113,0.504425,0.41362,13.19,3.76,-60.58,61.37,129.34,1.084,True
880619.SH,,capitulation,113,0.504425,0.41362,25.87,7.99,-101.97,133.25,237.87,1.156,True
880827.SH,,capitulation,113,0.504425,0.41362,28.78,6.22,-91.54,198.74,310.18,0.986,True
880884.SH,,capitulation,113,0.504425,0.41362,-6.42,18.69,-205.67,164.07,289.67,-0.236,True
880308.SH,,capitulation,137,0.489051,0.406792,2.25,-5.2,-78.86,104.42,155.35,0.17,True
880380.SH,,capitulation,137,0.489051,0.406792,12.43,-2.61,-83.2,76.7,165.75,0.878,True
880452.SH,,capitulation,137,0.489051,0.406792,19.41,-2.79,-74.71,106.79,153.48,1.48,True
880471.SH,,capitulation,137,0.489051,0.406792,3.24,-4.56,-70.4,89.66,126.14,0.301,True
881130.SH,,capitulation,137,0.489051,0.406792,12.44,-2.65,-83.2,76.73,165.79,0.878,True
881190.SH,,capitulation,137,0.489051,0.406792,15.84,-8.76,-95.12,131.13,182.68,1.015,True
881386.SH,,capitulation,137,0.489051,0.406792,2.89,-2.75,-64.22,95.26,127.67,0.265,True
880004.SH,,capitulation,113,0.495575,0.405062,-4.25,-8.22,-348.26,286.71,422.71,-0.107,True
880640.SH,,capitulation,113,0.495575,0.405062,41.23,0.0,-146.23,264.14,405.4,1.081,True
880792.SH,,capitulation,113,0.495575,0.405062,-8.86,-4.06,-149.34,124.25,276.47,-0.34,True
880617.SH,,capitulation,74,0.513514,0.401809,21.12,8.59,-81.65,144.04,178.87,1.016,True
880425.SH,,capitulation,137,0.481752,0.399726,6.81,-1.8,-148.54,128.73,259.37,0.308,True
880648.SH,,capitulation,68,0.514706,0.398345,31.62,15.19,-94.51,129.73,212.43,1.227,True
880214.SH,,capitulation,113,0.486726,0.396531,10.71,-5.1,-92.42,106.11,172.78,0.659,True
880784.SH,,capitulation,113,0.486726,0.396531,-37.26,-5.21,-168.48,128.16,300.58,-1.318,True
880789.SH,,capitulation,113,0.486726,0.396531,5.01,-28.52,-152.2,206.71,325.7,0.163,True
880886.SH,,capitulation,113,0.486726,0.396531,-7.5,-1.93,-156.5,130.71,226.71,-0.352,True
880752.SH,,capitulation,113,0.477876,0.388027,-27.04,0.0,-227.74,154.3,275.74,-1.043,True
880302.SH,,capitulation,137,0.459854,0.378631,16.23,-10.8,-107.04,142.12,226.2,0.84,True
881002.SH,,capitulation,137,0.459854,0.378631,16.28,-10.78,-107.03,142.08,226.18,0.843,True
880958.SH,,capitulation,49,0.510204,0.374673,4.33,29.68,-145.59,170.44,267.32,0.113,True
880972.SH,,capitulation,49,0.510204,0.374673,-4.78,19.69,-99.89,125.79,159.99,-0.209,True
880301.SH,,capitulation,137,0.452555,0.371634,15.64,-8.67,-108.87,140.54,220.82,0.829,True
880866.SH,,capitulation,113,0.460177,0.371102,9.25,0.0,-103.92,139.53,203.13,0.484,True
880881.SH,,capitulation,113,0.460177,0.371102,15.87,0.0,-141.36,160.28,321.74,0.524,True
880082.SH,,capitulation,112,0.455357,0.366136,-9.55,-17.29,-155.38,117.15,225.7,-0.448,True
880778.SH,,capitulation,122,0.45082,0.365371,12.82,0.0,-162.33,176.31,379.75,0.373,True
880588.SH,,capitulation,49,0.489796,0.355749,7.28,-1.52,-347.11,272.45,469.54,0.108,True
880867.SH,,capitulation,113,0.442478,0.354289,-24.88,-38.19,-235.41,192.6,321.01,-0.824,True
880691.SH,,capitulation,109,0.431193,0.342128,-31.3,-15.64,-186.99,160.63,312.22,-1.047,True
880009.SH,,capitulation,49,0.469388,0.337033,-19.08,-2.86,-127.5,121.81,162.55,-0.822,True
880915.SH,,capitulation,49,0.469388,0.337033,47.84,0.0,-70.65,140.9,292.94,1.143,True
880842.SH,,capitulation,137,0.408759,0.330019,19.43,0.0,-73.54,101.63,198.5,1.145,True
880864.SH,,capitulation,113,0.415929,0.329279,-42.92,-36.13,-225.52,107.15,298.28,-1.529,True
880874.SH,,capitulation,113,0.415929,0.329279,892.17,-35.19,-209.26,84.54,10135.57,0.936,True
880625.SH,,capitulation,49,0.44898,0.318526,-23.81,-45.42,-181.29,171.61,269.53,-0.618,True
880844.SH,,capitulation,140,0.378571,0.302483,20.63,0.0,-48.13,91.4,236.32,1.033,True
880854.SH,,capitulation,161,0.36646,0.295949,24.84,0.0,-21.82,97.97,230.82,1.365,True
880963.SH,,capitulation,49,0.408163,0.28215,-72.55,-119.12,-282.55,170.01,315.34,-1.61,True
880690.SH,,capitulation,109,0.357798,0.274061,-73.52,-78.33,-232.97,86.12,292.22,-2.627,True
880595.SH,,capitulation,25,0.44,0.266654,-54.17,-26.53,-153.01,64.17,167.39,-1.618,False
881479.SH,,capitulation,37,0.405405,0.263463,-77.77,-97.78,-469.85,276.42,502.58,-0.941,True
880843.SH,,capitulation,140,0.321429,0.249726,3.73,0.0,-19.52,66.26,183.33,0.241,True
880851.SH,,capitulation,138,0.304348,0.233737,-2.68,0.0,-18.24,38.02,174.08,-0.181,True
880825.SH,,capitulation,140,0.264286,0.198245,7.72,0.0,0.0,27.01,155.05,0.589,True
880641.SH,,capitulation,113,0.221239,0.154584,-14.2,0.0,-29.69,0.0,155.94,-0.968,True
880890.SH,,capitulation,139,0.172662,0.118861,-0.84,0.0,0.0,0.0,124.88,-0.079,True
880751.SH,,capitulation,113,0.168142,0.110366,2156.65,-295.32,-448.97,-62.97,25667.66,0.893,True
880836.SH,,capitulation,67,0.179104,0.105535,10.84,0.0,0.0,0.0,120.43,0.737,True
880665.SH,,distribution,46,0.826087,0.692764,152.98,157.55,52.51,288.26,205.16,5.057,True
880812.SH,,distribution,119,0.731092,0.645123,211.61,156.77,-11.85,385.12,314.64,7.337,True
880863.SH,,distribution,119,0.731092,0.645123,36.21,118.07,-8.53,233.02,934.36,0.423,True
880556.SH,,distribution,46,0.782609,0.64426,223.73,236.51,66.05,401.63,241.08,6.294,True
880774.SH,,distribution,119,0.680672,0.592383,14.17,99.8,-40.37,249.68,936.07,0.165,True
880081.SH,,distribution,119,0.529412,0.44022,-29.7,0.6,-13.37,4.89,80.16,-4.042,True
880424.SH,,distribution,155,0.496774,0.419096,-23.9,-2.54,-175.55,142.37,243.58,-1.222,True
881007.SH,,distribution,155,0.496774,0.419096,16.38,-1.39,-140.32,145.35,232.71,0.876,True
880875.SH,,distribution,119,0.495798,0.407512,-0.58,-2.26,-68.26,64.08,106.81,-0.059,True
880306.SH,,distribution,155,0.483871,0.406543,-6.57,-10.05,-74.95,51.19,103.9,-0.787,True
880311.SH,,distribution,155,0.483871,0.406543,12.68,-13.48,-137.99,135.1,228.53,0.691,True
880471.SH,,distribution,155,0.483871,0.406543,5.47,-4.75,-65.11,76.33,98.2,0.694,True
881386.SH,,distribution,155,0.483871,0.406543,6.46,-2.39,-63.02,77.89,97.88,0.821,True
881389.SH,,distribution,155,0.483871,0.406543,-0.21,-5.61,-73.09,76.4,116.17,-0.022,True
880466.SH,,distribution,155,0.477419,0.400285,-0.31,-4.78,-67.24,73.38,124.88,-0.031,True
881373.SH,,distribution,155,0.477419,0.400285,-27.12,-15.76,-172.39,104.62,226.89,-1.488,True
881432.SH,,distribution,155,0.477419,0.400285,-23.49,-14.24,-199.12,148.28,250.44,-1.168,True
880310.SH,,distribution,155,0.470968,0.39404,7.31,-15.04,-121.65,114.96,198.56,0.458,True
880426.SH,,distribution,155,0.470968,0.39404,-30.28,-16.93,-159.8,95.94,199.22,-1.892,True
881051.SH,,distribution,155,0.470968,0.39404,-47.41,-21.28,-183.28,77.79,198.73,-2.97,True
881184.SH,,distribution,155,0.470968,0.39404,-11.57,-20.42,-107.28,80.07,150.99,-0.954,True
881415.SH,,distribution,155,0.470968,0.39404,-19.8,-21.83,-169.86,98.12,239.38,-1.03,True
880004.SH,,distribution,119,0.478992,0.391304,-16.31,-8.83,-234.52,217.84,379.79,-0.468,True
881075.SH,,distribution,155,0.464516,0.387808,-27.67,-22.76,-181.9,159.0,257.78,-1.336,True
881106.SH,,distribution,155,0.464516,0.387808,-37.95,-12.75,-163.89,83.45,182.81,-2.585,True
880207.SH,,distribution,119,0.470588,0.383236,-10.75,-8.17,-54.66,39.53,89.9,-1.305,True
880850.SH,,distribution,119,0.470588,0.383236,-36.19,-11.61,-103.07,55.8,153.76,-2.567,True
880865.SH,,distribution,119,0.470588,0.383236,-35.94,-13.58,-148.05,57.68,152.53,-2.57,True
880312.SH,,distribution,155,0.458065,0.381588,-5.31,-16.28,-104.83,76.47,164.77,-0.401,True
880326.SH,,distribution,155,0.458065,0.381588,-40.52,-35.64,-185.69,103.1,225.62,-2.236,True
880459.SH,,distribution,155,0.458065,0.381588,-17.16,-18.08,-104.54,67.41,141.25,-1.513,True
881198.SH,,distribution,155,0.458065,0.381588,-39.48,-15.32,-198.48,84.66,234.6,-2.095,True
881200.SH,,distribution,155,0.458065,0.381588,-36.26,-22.7,-139.29,82.91,199.09,-2.268,True
880305.SH,,distribution,155,0.451613,0.375381,-20.84,-17.21,-106.4,62.27,131.79,-1.969,True
880313.SH,,distribution,155,0.451613,0.375381,-47.63,-42.57,-181.58,88.61,231.45,-2.562,True
880361.SH,,distribution,155,0.451613,0.375381,-35.98,-24.91,-171.39,90.55,193.43,-2.316,True
880460.SH,,distribution,155,0.451613,0.375381,-3.43,-19.09,-66.5,57.52,108.4,-0.394,True
881011.SH,,distribution,155,0.451613,0.375381,-9.33,-21.54,-115.59,72.81,163.49,-0.71,True
881459.SH,,distribution,155,0.451613,0.375381,-21.69,-16.74,-104.31,60.62,131.62,-2.051,True
880005.SH,,distribution,119,0.462185,0.375192,7535.23,-2041.59,-5430.36,10306.46,25961.59,3.166,True
880735.SH,,distribution,119,0.462185,0.375192,-51.25,-36.65,-161.38,58.56,185.27,-3.018,True
880968.SH,,distribution,119,0.462185,0.375192,-40.38,-29.58,-124.65,82.82,218.05,-2.02,True
880659.SH,,distribution,98,0.469388,0.373608,-35.79,-20.45,-175.24,87.72,225.04,-1.574,True
880327.SH,,distribution,155,0.445161,0.369187,-52.59,-33.33,-188.67,106.14,251.82,-2.6,True
880328.SH,,distribution,155,0.445161,0.369187,-26.98,-20.48,-175.51,155.3,254.12,-1.322,True
880418.SH,,distribution,155,0.445161,0.369187,-28.0,-43.09,-152.04,88.66,192.3,-1.813,True
880423.SH,,distribution,155,0.445161,0.369187,-30.03,-37.95,-159.84,100.53,218.65,-1.71,True
880501.SH,,distribution,119,0.453782,0.367173,-11.67,-11.25,-59.89,38.97,90.06,-1.413,True
880559.SH,,distribution,119,0.453782,0.367173,-30.13,-21.46,-138.11,70.55,163.29,-2.013,True
880716.SH,,distribution,119,0.453782,0.367173,-34.49,-24.74,-173.67,103.16,241.33,-1.559,True
880804.SH,,distribution,119,0.453782,0.367173,-19.5,-17.26,-99.72,49.75,114.06,-1.865,True
880826.SH,,distribution,119,0.453782,0.367173,-5.94,-13.98,-61.14,61.89,93.93,-0.69,True
880845.SH,,distribution,119,0.453782,0.367173,-1.66,-3.97,-47.23,48.81,82.67,-0.22,True
880895.SH,,distribution,119,0.453782,0.367173,-3.73,-16.56,-58.08,52.09,88.28,-0.461,True
880945.SH,,distribution,119,0.453782,0.367173,-50.15,-30.99,-177.63,86.54,221.24,-2.473,True
880636.SH,,distribution,117,0.452991,0.365719,-37.44,-20.49,-155.73,73.42,198.01,-2.045,True
880703.SH,,distribution,74,0.472973,0.363385,-30.37,-32.76,-165.36,98.64,251.44,-1.039,True
880301.SH,,distribution,155,0.43871,0.363006,-1.67,-24.76,-128.66,112.55,197.37,-0.105,True
880302.SH,,distribution,155,0.43871,0.363006,1.8,-24.64,-128.09,117.79,202.53,0.111,True
880369.SH,,distribution,155,0.43871,0.363006,-35.61,-30.4,-119.53,54.79,136.87,-3.239,True
880439.SH,,distribution,155,0.43871,0.363006,-43.37,-40.13,-149.22,89.51,201.35,-2.681,True
881002.SH,,distribution,155,0.43871,0.363006,1.87,-24.6,-127.85,117.78,202.55,0.115,True
881008.SH,,distribution,155,0.43871,0.363006,-2.57,-20.39,-134.29,105.21,240.83,-0.133,True
881344.SH,,distribution,155,0.43871,0.363006,-21.62,-17.12,-98.78,69.46,171.91,-1.566,True
881429.SH,,distribution,155,0.43871,0.363006,-30.61,-41.58,-159.84,99.21,219.65,-1.735,True
881476.SH,,distribution,155,0.43871,0.363006,-33.51,-55.13,-183.84,102.34,249.46,-1.672,True
880890.SH,,distribution,161,0.434783,0.36061,-20.66,0.0,-127.22,75.37,179.49,-1.46,True
880546.SH,,distribution,119,0.445378,0.359178,-40.62,-16.57,-164.2,79.7,228.33,-1.941,True
880746.SH,,distribution,119,0.445378,0.359178,-45.86,-36.95,-157.13,65.33,215.4,-2.323,True
880307.SH,,distribution,155,0.432258,0.356838,-30.12,-26.71,-147.91,70.74,190.27,-1.971,True
880407.SH,,distribution,155,0.432258,0.356838,-37.14,-36.03,-136.07,65.94,184.59,-2.505,True
880453.SH,,distribution,155,0.432258,0.356838,-43.27,-23.57,-164.75,67.02,195.75,-2.752,True
880464.SH,,distribution,155,0.432258,0.356838,-29.18,-27.23,-129.26,56.85,132.64,-2.739,True
880468.SH,,distribution,155,0.432258,0.356838,-12.85,-20.78,-80.57,57.6,131.74,-1.215,True
881082.SH,,distribution,155,0.432258,0.356838,-55.26,-34.17,-199.64,85.86,222.25,-3.095,True
881336.SH,,distribution,155,0.432258,0.356838,-54.93,-62.43,-202.09,83.23,235.64,-2.902,True
881380.SH,,distribution,155,0.432258,0.356838,-5.53,-37.17,-133.42,100.93,198.74,-0.346,True
881427.SH,,distribution,155,0.432258,0.356838,-43.92,-43.13,-199.97,84.32,270.83,-2.019,True
881452.SH,,distribution,155,0.432258,0.356838,-29.32,-27.89,-128.78,58.94,132.02,-2.765,True
880620.SH,,distribution,120,0.441667,0.355996,-32.16,-27.76,-134.01,66.88,152.85,-2.305,True
880656.SH,,distribution,98,0.44898,0.354282,-25.75,-20.17,-220.53,147.62,295.84,-0.862,True
880660.SH,,distribution,98,0.44898,0.354282,-38.04,-18.79,-152.48,126.01,243.53,-1.546,True
880507.SH,,distribution,119,0.436975,0.351208,-40.58,-17.1,-140.26,77.92,179.62,-2.464,True
880533.SH,,distribution,119,0.436975,0.351208,-45.98,-27.13,-160.71,60.56,209.53,-2.394,True
880542.SH,,distribution,119,0.436975,0.351208,-43.24,-40.64,-153.75,80.03,193.53,-2.437,True
880594.SH,,distribution,119,0.436975,0.351208,-24.04,-17.64,-114.47,50.55,124.34,-2.11,True
880602.SH,,distribution,119,0.436975,0.351208,-39.55,-29.13,-131.09,66.92,168.06,-2.567,True
880708.SH,,distribution,119,0.436975,0.351208,-20.57,-20.45,-158.13,83.34,236.04,-0.951,True
880726.SH,,distribution,119,0.436975,0.351208,-46.14,-33.61,-173.39,83.21,227.37,-2.214,True
880728.SH,,distribution,119,0.436975,0.351208,-31.87,-17.83,-140.77,58.72,169.92,-2.046,True
880767.SH,,distribution,119,0.436975,0.351208,-45.22,-23.46,-187.77,99.62,247.53,-1.993,True
880823.SH,,distribution,119,0.436975,0.351208,-38.01,-33.32,-174.17,95.42,263.55,-1.573,True
880829.SH,,distribution,119,0.436975,0.351208,-1.22,-6.08,-60.81,72.63,93.38,-0.142,True
880891.SH,,distribution,119,0.436975,0.351208,-35.34,-28.27,-125.29,56.26,167.5,-2.302,True
880930.SH,,distribution,119,0.436975,0.351208,-43.36,-25.59,-163.63,80.04,217.73,-2.172,True
880941.SH,,distribution,119,0.436975,0.351208,-37.74,-34.19,-139.06,73.74,193.34,-2.13,True
880943.SH,,distribution,119,0.436975,0.351208,-40.79,-23.06,-154.75,66.44,202.67,-2.196,True
880695.SH,,distribution,74,0.459459,0.350732,-42.46,-48.74,-237.22,114.73,297.97,-1.226,True
880324.SH,,distribution,155,0.425806,0.350683,-51.01,-38.07,-172.88,75.44,198.91,-3.193,True
880339.SH,,distribution,155,0.425806,0.350683,-48.51,-30.72,-152.16,62.15,165.77,-3.643,True
880340.SH,,distribution,155,0.425806,0.350683,-45.54,-41.81,-156.44,67.75,163.85,-3.46,True
880419.SH,,distribution,155,0.425806,0.350683,-6.21,-37.13,-133.44,99.27,198.78,-0.389,True
880420.SH,,distribution,155,0.425806,0.350683,-39.66,-35.2,-179.42,94.86,205.03,-2.408,True
880430.SH,,distribution,155,0.425806,0.350683,-33.28,-34.49,-144.15,104.82,190.91,-2.17,True
880465.SH,,distribution,155,0.425806,0.350683,-10.04,-17.34,-78.72,51.11,117.97,-1.06,True
880486.SH,,distribution,155,0.425806,0.350683,-48.49,-46.83,-183.52,88.85,201.01,-3.003,True
881157.SH,,distribution,155,0.425806,0.350683,-33.2,-30.14,-120.78,55.15,145.54,-2.84,True
881227.SH,,distribution,155,0.425806,0.350683,-33.02,-32.8,-130.26,79.47,155.81,-2.638,True
881289.SH,,distribution,155,0.425806,0.350683,-23.96,-32.97,-154.94,119.82,246.33,-1.211,True
881290.SH,,distribution,155,0.425806,0.350683,-23.57,-34.78,-167.52,113.23,196.86,-1.491,True
881446.SH,,distribution,155,0.425806,0.350683,-25.16,-33.78,-122.81,81.46,156.0,-2.008,True
881449.SH,,distribution,155,0.425806,0.350683,-15.04,-28.11,-120.44,87.96,173.71,-1.078,True
880670.SH,,distribution,79,0.455696,0.350483,-40.56,-38.24,-202.4,120.14,272.94,-1.321,True
880635.SH,,distribution,117,0.435897,0.349498,-43.45,-21.78,-191.88,116.19,248.07,-1.894,True
880355.SH,,distribution,155,0.419355,0.344541,-30.76,-41.85,-127.67,48.3,150.1,-2.552,True
880380.SH,,distribution,155,0.419355,0.344541,-28.96,-39.02,-117.34,54.46,148.2,-2.433,True
880381.SH,,distribution,155,0.419355,0.344541,-28.81,-36.54,-114.89,54.44,149.68,-2.397,True
880383.SH,,distribution,155,0.419355,0.344541,-40.69,-37.98,-145.54,72.82,175.77,-2.882,True
880406.SH,,distribution,155,0.419355,0.344541,-37.35,-38.33,-130.55,67.28,145.3,-3.2,True
880431.SH,,distribution,155,0.419355,0.344541,-24.94,-41.76,-167.67,111.67,197.3,-1.574,True
880462.SH,,distribution,155,0.419355,0.344541,-28.77,-40.09,-137.36,79.2,167.81,-2.134,True
880467.SH,,distribution,155,0.419355,0.344541,-14.87,-25.89,-116.36,77.81,145.13,-1.276,True
880476.SH,,distribution,155,0.419355,0.344541,-22.05,-27.3,-135.38,81.73,166.02,-1.654,True
880477.SH,,distribution,155,0.419355,0.344541,-20.63,-31.89,-136.08,86.48,169.65,-1.514,True
881130.SH,,distribution,155,0.419355,0.344541,-28.96,-39.04,-117.56,54.58,148.33,-2.431,True
881151.SH,,distribution,155,0.419355,0.344541,-34.65,-23.6,-120.52,51.71,158.26,-2.726,True
881252.SH,,distribution,155,0.419355,0.344541,-31.22,-34.77,-129.34,64.49,140.48,-2.767,True
881261.SH,,distribution,155,0.419355,0.344541,-51.92,-36.6,-199.95,84.87,224.38,-2.881,True
881319.SH,,distribution,155,0.419355,0.344541,-47.28,-23.55,-172.03,92.4,224.82,-2.618,True
881407.SH,,distribution,155,0.419355,0.344541,-16.37,-30.87,-138.0,89.23,186.31,-1.094,True
880006.SH,,distribution,119,0.428571,0.343263,1732.11,-769.23,-2870.88,2917.77,11939.05,1.583,True
880201.SH,,distribution,119,0.428571,0.343263,-34.46,-24.16,-103.16,46.97,145.06,-2.591,True
880564.SH,,distribution,119,0.428571,0.343263,-36.33,-25.74,-117.71,39.93,132.7,-2.986,True
880569.SH,,distribution,119,0.428571,0.343263,-48.29,-32.07,-166.56,71.25,206.15,-2.555,True
880571.SH,,distribution,119,0.428571,0.343263,-57.72,-49.46,-177.09,69.61,199.33,-3.159,True
880574.SH,,distribution,119,0.428571,0.343263,-52.68,-52.25,-183.48,79.28,224.98,-2.554,True
880609.SH,,distribution,119,0.428571,0.343263,-32.19,-34.28,-135.31,86.43,191.62,-1.833,True
880734.SH,,distribution,119,0.428571,0.343263,-36.46,-37.14,-144.5,67.19,172.35,-2.308,True
880741.SH,,distribution,119,0.428571,0.343263,-46.08,-39.09,-139.2,42.85,158.55,-3.171,True
880756.SH,,distribution,119,0.428571,0.343263,-38.81,-27.14,-155.52,51.47,216.23,-1.958,True
880758.SH,,distribution,119,0.428571,0.343263,-44.48,-33.65,-201.5,92.92,235.88,-2.057,True
880769.SH,,distribution,119,0.428571,0.343263,-30.72,-17.23,-107.45,46.51,131.44,-2.55,True
880779.SH,,distribution,119,0.428571,0.343263,-53.37,-35.97,-152.36,68.82,196.97,-2.956,True
880803.SH,,distribution,119,0.428571,0.343263,-24.55,-13.92,-89.62,35.93,108.45,-2.47,True
880813.SH,,distribution,119,0.428571,0.343263,-35.54,-19.56,-156.66,57.09,176.79,-2.193,True
880846.SH,,distribution,119,0.428571,0.343263,-3.95,-8.32,-62.51,68.3,94.18,-0.458,True
880870.SH,,distribution,119,0.428571,0.343263,-48.96,-46.49,-138.34,54.2,171.0,-3.123,True
880892.SH,,distribution,119,0.428571,0.343263,-48.34,-21.64,-156.18,46.69,166.41,-3.169,True
880939.SH,,distribution,119,0.428571,0.343263,-42.4,-17.63,-145.2,80.43,205.22,-2.254,True
880951.SH,,distribution,119,0.428571,0.343263,-51.71,-28.23,-151.03,39.91,167.58,-3.366,True
880952.SH,,distribution,119,0.428571,0.343263,-43.8,-29.32,-159.77,85.54,216.98,-2.202,True
880964.SH,,distribution,119,0.428571,0.343263,-49.77,-47.22,-198.54,82.69,209.69,-2.589,True
880822.SH,,distribution,122,0.42623,0.342048,-15.54,-25.16,-98.54,49.55,184.94,-0.928,True
880666.SH,,distribution,89,0.438202,0.339799,-42.85,-23.8,-167.24,59.33,212.36,-1.903,True
880329.SH,,distribution,155,0.412903,0.338412,-58.67,-58.01,-193.18,80.07,214.52,-3.405,True
880394.SH,,distribution,155,0.412903,0.338412,-29.79,-21.95,-123.77,80.29,161.31,-2.299,True
880403.SH,,distribution,155,0.412903,0.338412,-28.46,-24.56,-101.44,50.48,147.78,-2.397,True
880410.SH,,distribution,155,0.412903,0.338412,-31.29,-40.16,-123.54,66.75,143.73,-2.711,True
880412.SH,,distribution,155,0.412903,0.338412,-30.14,-28.28,-146.89,75.59,199.34,-1.882,True
880437.SH,,distribution,155,0.412903,0.338412,-44.64,-38.11,-159.5,81.69,202.0,-2.751,True
880452.SH,,distribution,155,0.412903,0.338412,-18.82,-25.1,-94.16,58.25,174.33,-1.344,True
880491.SH,,distribution,155,0.412903,0.338412,-50.32,-21.14,-176.8,78.21,222.56,-2.815,True
880497.SH,,distribution,155,0.412903,0.338412,-53.09,-33.04,-169.35,65.06,195.67,-3.378,True
881071.SH,,distribution,155,0.412903,0.338412,-48.69,-29.82,-177.51,84.64,207.33,-2.924,True
881140.SH,,distribution,155,0.412903,0.338412,-35.73,-49.56,-135.69,80.38,162.62,-2.735,True
881180.SH,,distribution,155,0.412903,0.338412,-32.08,-52.54,-140.94,68.34,174.3,-2.291,True
881215.SH,,distribution,155,0.412903,0.338412,-32.38,-34.73,-157.19,64.38,182.33,-2.211,True
881288.SH,,distribution,155,0.412903,0.338412,-33.58,-36.3,-139.27,98.95,193.28,-2.163,True
881291.SH,,distribution,155,0.412903,0.338412,-44.94,-55.0,-169.87,75.96,199.36,-2.806,True
881338.SH,,distribution,155,0.412903,0.338412,-28.7,-38.19,-187.68,102.48,241.52,-1.48,True
881384.SH,,distribution,155,0.412903,0.338412,-46.7,-44.49,-196.99,94.57,213.7,-2.721,True
881442.SH,,distribution,155,0.412903,0.338412,-3.96,-13.37,-64.5,64.62,106.95,-0.461,True
880673.SH,,distribution,74,0.445946,0.338156,-46.31,-33.0,-228.2,86.86,262.74,-1.516,True
880674.SH,,distribution,74,0.445946,0.338156,-43.12,-31.95,-193.43,69.9,233.81,-1.586,True
880683.SH,,distribution,74,0.445946,0.338156,-42.01,-15.24,-211.14,98.12,240.82,-1.501,True
880685.SH,,distribution,74,0.445946,0.338156,-44.11,-10.3,-206.0,79.1,245.81,-1.544,True
880686.SH,,distribution,74,0.445946,0.338156,-40.94,-30.0,-142.55,83.46,226.42,-1.555,True
880915.SH,,distribution,32,0.5,0.336306,0.19,10.89,-140.0,214.06,317.32,0.003,True
880210.SH,,distribution,119,0.420168,0.335343,-30.1,-41.03,-124.85,61.68,151.52,-2.167,True
880506.SH,,distribution,119,0.420168,0.335343,-46.56,-25.44,-171.76,79.4,226.2,-2.245,True
880537.SH,,distribution,119,0.420168,0.335343,-46.27,-16.64,-159.95,50.55,186.9,-2.7,True
880572.SH,,distribution,119,0.420168,0.335343,-35.05,-26.48,-119.77,44.64,148.16,-2.581,True
880591.SH,,distribution,119,0.420168,0.335343,-45.27,-38.99,-148.27,48.21,155.56,-3.175,True
880610.SH,,distribution,119,0.420168,0.335343,-39.17,-30.36,-145.8,70.51,190.44,-2.244,True
880614.SH,,distribution,119,0.420168,0.335343,-47.88,-37.19,-156.62,78.41,201.09,-2.597,True
880616.SH,,distribution,119,0.420168,0.335343,-44.2,-52.97,-143.1,84.59,196.63,-2.452,True
880704.SH,,distribution,119,0.420168,0.335343,-43.25,-26.81,-140.85,49.63,180.58,-2.613,True
880736.SH,,distribution,119,0.420168,0.335343,-49.92,-48.12,-168.39,59.84,215.82,-2.523,True
880757.SH,,distribution,119,0.420168,0.335343,-40.79,-25.64,-127.89,48.9,158.69,-2.804,True
880781.SH,,distribution,119,0.420168,0.335343,-39.95,-30.24,-165.91,54.43,180.06,-2.42,True
880783.SH,,distribution,119,0.420168,0.335343,-28.86,-18.23,-114.92,41.48,137.92,-2.282,True
880785.SH,,distribution,119,0.420168,0.335343,-28.38,-43.31,-190.58,110.67,229.9,-1.346,True
880791.SH,,distribution,119,0.420168,0.335343,-37.19,-46.47,-151.94,95.24,216.54,-1.874,True
880794.SH,,distribution,119,0.420168,0.335343,-43.86,-43.65,-200.41,103.37,248.86,-1.923,True
880809.SH,,distribution,119,0.420168,0.335343,-47.19,-38.64,-134.36,51.97,174.45,-2.951,True
880834.SH,,distribution,119,0.420168,0.335343,-45.42,-30.26,-139.55,51.45,182.47,-2.716,True
880859.SH,,distribution,119,0.420168,0.335343,-37.19,-23.15,-115.27,37.99,121.73,-3.333,True
880887.SH,,distribution,119,0.420168,0.335343,-44.9,-35.66,-150.75,75.27,197.82,-2.476,True
880901.SH,,distribution,119,0.420168,0.335343,-46.36,-45.72,-164.05,61.72,229.17,-2.207,True
880923.SH,,distribution,119,0.420168,0.335343,-41.01,-40.12,-141.61,60.89,171.24,-2.613,True
880944.SH,,distribution,119,0.420168,0.335343,-43.55,-30.72,-142.7,68.54,206.34,-2.302,True
880950.SH,,distribution,119,0.420168,0.335343,-41.32,-26.49,-148.73,83.68,199.49,-2.259,True
880953.SH,,distribution,119,0.420168,0.335343,-51.67,-42.58,-158.3,64.54,181.22,-3.11,True
880955.SH,,distribution,119,0.420168,0.335343,-45.3,-19.57,-153.07,46.34,182.47,-2.708,True
880966.SH,,distribution,119,0.420168,0.335343,-55.18,-44.56,-193.56,73.27,229.4,-2.624,True
880967.SH,,distribution,119,0.420168,0.335343,-46.62,-36.39,-197.28,129.77,243.62,-2.088,True
880643.SH,,distribution,98,0.428571,0.335114,-38.43,-64.08,-209.16,151.71,283.09,-1.344,True
880645.SH,,distribution,98,0.428571,0.335114,-30.29,-49.18,-190.85,132.59,275.93,-1.087,True
880650.SH,,distribution,98,0.428571,0.335114,-36.88,-16.13,-128.9,82.98,202.86,-1.8,True
880651.SH,,distribution,98,0.428571,0.335114,-38.41,-34.01,-159.6,82.93,209.83,-1.812,True
880661.SH,,distribution,96,0.427083,0.332819,-39.18,-42.45,-216.53,99.28,255.14,-1.505,True
880320.SH,,distribution,155,0.406452,0.332296,-46.74,-38.59,-156.14,58.21,153.51,-3.79,True
880337.SH,,distribution,155,0.406452,0.332296,-43.71,-48.55,-154.41,65.3,162.63,-3.346,True
880367.SH,,distribution,155,0.406452,0.332296,-37.23,-28.29,-127.05,50.84,142.6,-3.25,True
880382.SH,,distribution,155,0.406452,0.332296,-25.48,-48.53,-133.37,97.52,180.87,-1.754,True
880490.SH,,distribution,155,0.406452,0.332296,-26.23,-38.17,-167.14,76.58,221.78,-1.472,True
880492.SH,,distribution,155,0.406452,0.332296,-48.15,-59.15,-182.57,75.77,188.92,-3.173,True
881087.SH,,distribution,155,0.406452,0.332296,-55.53,-47.06,-190.49,80.12,215.82,-3.203,True
881115.SH,,distribution,155,0.406452,0.332296,-34.82,-42.16,-176.79,82.24,265.13,-1.635,True
881162.SH,,distribution,155,0.406452,0.332296,-46.48,-51.23,-146.24,78.91,172.56,-3.353,True
881256.SH,,distribution,155,0.406452,0.332296,-28.39,-24.53,-100.61,51.72,147.46,-2.397,True
881293.SH,,distribution,155,0.406452,0.332296,-26.0,-32.54,-129.61,48.37,157.88,-2.05,True
881294.SH,,distribution,155,0.406452,0.332296,-49.71,-47.94,-163.82,73.55,191.06,-3.239,True
881370.SH,,distribution,155,0.406452,0.332296,-47.15,-49.65,-189.51,65.2,219.47,-2.675,True
881406.SH,,distribution,155,0.406452,0.332296,-18.29,-36.57,-132.23,78.24,160.22,-1.421,True
881436.SH,,distribution,155,0.406452,0.332296,-46.42,-38.64,-130.2,51.23,168.28,-3.434,True
880881.SH,,distribution,126,0.412698,0.330559,-33.48,-43.33,-169.36,88.79,209.53,-1.794,True
880889.SH,,distribution,126,0.412698,0.330559,-30.92,-21.84,-121.38,54.83,147.33,-2.356,True
880528.SH,,distribution,63,0.444444,0.328469,-64.39,-53.54,-210.07,85.92,234.62,-2.178,True
880003.SH,,distribution,119,0.411765,0.327447,-50.12,-37.11,-144.57,47.28,168.83,-3.239,True
880008.SH,,distribution,119,0.411765,0.327447,-44.48,-42.98,-144.6,53.51,173.01,-2.804,True
880208.SH,,distribution,119,0.411765,0.327447,-40.61,-35.89,-108.33,44.86,132.48,-3.344,True
880226.SH,,distribution,119,0.411765,0.327447,-42.98,-26.69,-125.85,31.8,141.55,-3.312,True
880505.SH,,distribution,119,0.411765,0.327447,-52.7,-35.68,-170.23,80.57,176.78,-3.252,True
880513.SH,,distribution,119,0.411765,0.327447,-39.87,-32.89,-135.37,48.71,174.52,-2.492,True
880521.SH,,distribution,119,0.411765,0.327447,-51.68,-27.86,-177.33,70.91,192.08,-2.935,True
880549.SH,,distribution,119,0.411765,0.327447,-32.51,-28.29,-168.24,100.22,201.37,-1.761,True
880553.SH,,distribution,119,0.411765,0.327447,-36.41,-48.05,-171.63,96.29,193.71,-2.05,True
880557.SH,,distribution,119,0.411765,0.327447,-41.41,-38.33,-125.19,46.26,148.01,-3.052,True
880589.SH,,distribution,119,0.411765,0.327447,-51.57,-21.57,-178.12,58.35,214.83,-2.618,True
880590.SH,,distribution,119,0.411765,0.327447,-38.67,-65.94,-166.67,111.44,230.8,-1.827,True
880593.SH,,distribution,119,0.411765,0.327447,-42.3,-27.67,-144.66,63.03,183.72,-2.512,True
880605.SH,,distribution,119,0.411765,0.327447,-43.84,-33.51,-153.65,78.7,200.96,-2.38,True
880607.SH,,distribution,119,0.411765,0.327447,-45.09,-42.04,-200.32,68.21,237.41,-2.072,True
880608.SH,,distribution,119,0.411765,0.327447,-52.83,-31.5,-168.44,90.68,221.06,-2.607,True
880613.SH,,distribution,119,0.411765,0.327447,-47.05,-36.37,-200.19,98.71,246.67,-2.081,True
880618.SH,,distribution,119,0.411765,0.327447,-49.72,-54.77,-168.09,58.63,178.91,-3.032,True
880623.SH,,distribution,119,0.411765,0.327447,-37.35,-30.39,-126.1,63.81,166.81,-2.443,True
880675.SH,,distribution,119,0.411765,0.327447,-44.36,-38.1,-160.79,67.17,228.04,-2.122,True
880710.SH,,distribution,119,0.411765,0.327447,-36.5,-28.18,-171.17,67.34,233.23,-1.707,True
880717.SH,,distribution,119,0.411765,0.327447,-48.82,-46.62,-139.87,53.33,205.06,-2.597,True
880724.SH,,distribution,119,0.411765,0.327447,-37.57,-30.94,-143.67,71.36,198.19,-2.068,True
880725.SH,,distribution,119,0.411765,0.327447,-45.94,-34.93,-177.66,88.5,233.84,-2.143,True
880739.SH,,distribution,119,0.411765,0.327447,-48.8,-45.91,-183.07,75.22,237.6,-2.241,True
880740.SH,,distribution,119,0.411765,0.327447,-52.46,-49.77,-165.96,82.54,212.28,-2.696,True
880742.SH,,distribution,119,0.411765,0.327447,-66.76,-50.67,-195.22,36.21,206.25,-3.531,True
880762.SH,,distribution,119,0.411765,0.327447,-44.8,-37.43,-175.38,82.4,243.42,-2.007,True
880770.SH,,distribution,119,0.411765,0.327447,-44.04,-51.06,-200.32,81.13,217.56,-2.208,True
880782.SH,,distribution,119,0.411765,0.327447,-32.76,-28.91,-105.55,39.54,141.16,-2.531,True
880805.SH,,distribution,119,0.411765,0.327447,-17.67,-18.34,-67.07,31.32,84.03,-2.294,True
880808.SH,,distribution,119,0.411765,0.327447,-39.21,-36.22,-152.96,66.32,178.88,-2.391,True
880868.SH,,distribution,119,0.411765,0.327447,-49.82,-41.11,-214.85,97.2,263.4,-2.063,True
880871.SH,,distribution,119,0.411765,0.327447,-46.92,-35.62,-150.23,60.36,197.37,-2.593,True
880902.SH,,distribution,119,0.411765,0.327447,-52.68,-34.99,-165.1,72.32,199.75,-2.877,True
880904.SH,,distribution,119,0.411765,0.327447,-43.03,-24.8,-156.08,84.16,207.84,-2.258,True
880905.SH,,distribution,119,0.411765,0.327447,-50.29,-36.58,-184.11,73.86,215.82,-2.542,True
880929.SH,,distribution,119,0.411765,0.327447,-32.43,-44.21,-127.61,54.22,150.06,-2.358,True
880942.SH,,distribution,119,0.411765,0.327447,-42.6,-26.26,-181.82,90.31,223.67,-2.078,True
880959.SH,,distribution,119,0.411765,0.327447,-32.24,-45.42,-173.97,108.73,228.27,-1.541,True
880961.SH,,distribution,119,0.411765,0.327447,-50.7,-43.76,-179.47,72.59,216.62,-2.553,True
880308.SH,,distribution,155,0.4,0.326193,-34.25,-29.63,-132.64,67.07,154.63,-2.758,True
880318.SH,,distribution,155,0.4,0.326193,-47.54,-39.61,-164.84,56.44,152.54,-3.88,True
880363.SH,,distribution,155,0.4,0.326193,-35.03,-42.1,-176.7,82.44,263.96,-1.652,True
880368.SH,,distribution,155,0.4,0.326193,-40.4,-34.82,-133.8,63.92,170.62,-2.948,True
880373.SH,,distribution,155,0.4,0.326193,-28.77,-27.66,-99.81,29.8,123.83,-2.893,True
880390.SH,,distribution,155,0.4,0.326193,-45.43,-36.52,-145.44,40.56,156.83,-3.606,True
880391.SH,,distribution,155,0.4,0.326193,-43.64,-43.69,-136.97,66.95,168.79,-3.219,True
880408.SH,,distribution,155,0.4,0.326193,-36.64,-45.27,-141.35,71.98,223.13,-2.044,True
880425.SH,,distribution,155,0.4,0.326193,-41.63,-49.37,-178.47,65.87,205.98,-2.516,True
880442.SH,,distribution,155,0.4,0.326193,-53.62,-80.36,-162.01,67.36,199.69,-3.343,True
880461.SH,,distribution,155,0.4,0.326193,-17.62,-42.96,-145.97,124.71,239.38,-0.916,True
880474.SH,,distribution,155,0.4,0.326193,-34.58,-45.1,-121.98,51.19,158.86,-2.71,True
880485.SH,,distribution,155,0.4,0.326193,-32.85,-31.03,-99.47,35.39,135.74,-3.013,True
881016.SH,,distribution,155,0.4,0.326193,-31.93,-50.6,-126.15,46.62,151.01,-2.632,True
881044.SH,,distribution,155,0.4,0.326193,-54.73,-37.14,-169.86,69.81,192.52,-3.539,True
881062.SH,,distribution,155,0.4,0.326193,-40.74,-40.96,-184.13,105.94,197.74,-2.565,True
881069.SH,,distribution,155,0.4,0.326193,-47.89,-53.37,-154.14,48.36,155.73,-3.829,True
881123.SH,,distribution,155,0.4,0.326193,-48.09,-39.15,-137.05,46.9,157.99,-3.789,True
881205.SH,,distribution,155,0.4,0.326193,-52.5,-53.55,-171.7,70.73,224.14,-2.916,True
881207.SH,,distribution,155,0.4,0.326193,-45.83,-50.77,-191.16,101.44,232.48,-2.454,True
881287.SH,,distribution,155,0.4,0.326193,-27.45,-37.12,-150.74,102.63,225.1,-1.518,True
881347.SH,,distribution,155,0.4,0.326193,-50.99,-53.14,-190.25,108.08,254.05,-2.499,True
881359.SH,,distribution,155,0.4,0.326193,-55.21,-58.01,-180.37,62.19,241.16,-2.85,True
881364.SH,,distribution,155,0.4,0.326193,-51.32,-45.51,-190.8,92.38,248.98,-2.566,True
881376.SH,,distribution,155,0.4,0.326193,-49.88,-55.46,-215.58,99.04,237.58,-2.614,True
881410.SH,,distribution,155,0.4,0.326193,-32.94,-36.12,-146.24,64.51,177.8,-2.306,True
881468.SH,,distribution,155,0.4,0.326193,-27.89,-44.27,-120.6,64.89,149.49,-2.323,True
880672.SH,,distribution,74,0.432432,0.325659,-37.69,-29.34,-237.53,124.95,281.76,-1.151,True
880657.SH,,distribution,98,0.418367,0.32559,-41.96,-35.48,-188.7,128.68,267.46,-1.553,True
880319.SH,,distribution,155,0.393548,0.320104,-46.62,-36.92,-166.56,70.4,163.29,-3.555,True
880325.SH,,distribution,155,0.393548,0.320104,-52.66,-49.84,-195.09,76.15,215.41,-3.044,True
880344.SH,,distribution,155,0.393548,0.320104,-50.43,-43.63,-158.25,44.66,157.04,-3.998,True
880345.SH,,distribution,155,0.393548,0.320104,-51.7,-48.58,-184.05,72.89,224.11,-2.872,True
880374.SH,,distribution,155,0.393548,0.320104,-28.51,-34.13,-124.53,68.37,163.87,-2.166,True
880413.SH,,distribution,155,0.393548,0.320104,-42.31,-28.0,-134.72,60.53,173.31,-3.039,True
880444.SH,,distribution,155,0.393548,0.320104,-44.87,-43.98,-167.55,79.39,207.4,-2.694,True
880447.SH,,distribution,155,0.393548,0.320104,-42.53,-67.63,-151.13,59.19,172.99,-3.061,True
880454.SH,,distribution,155,0.393548,0.320104,-27.26,-40.76,-119.71,42.44,137.77,-2.464,True
880463.SH,,distribution,155,0.393548,0.320104,-45.57,-55.78,-197.38,93.66,256.32,-2.213,True
880473.SH,,distribution,155,0.393548,0.320104,-19.54,-24.42,-117.28,66.29,173.04,-1.406,True
880478.SH,,distribution,155,0.393548,0.320104,-41.91,-41.22,-162.43,77.77,197.78,-2.638,True
880494.SH,,distribution,155,0.393548,0.320104,-45.32,-65.1,-179.51,85.15,238.43,-2.367,True
881034.SH,,distribution,155,0.393548,0.320104,-43.62,-49.72,-133.53,43.41,150.11,-3.618,True
881127.SH,,distribution,155,0.393548,0.320104,-46.28,-52.04,-173.78,63.68,191.99,-3.001,True
881194.SH,,distribution,155,0.393548,0.320104,-45.13,-53.22,-179.07,68.13,188.28,-2.984,True
881241.SH,,distribution,155,0.393548,0.320104,-43.55,-45.6,-124.89,37.19,164.9,-3.288,True
881395.SH,,distribution,155,0.393548,0.320104,-19.6,-24.45,-117.28,66.3,172.7,-1.413,True
881396.SH,,distribution,155,0.393548,0.320104,-35.68,-47.16,-121.43,53.43,159.14,-2.791,True
881422.SH,,distribution,155,0.393548,0.320104,-56.87,-57.78,-193.79,76.76,203.92,-3.472,True
880214.SH,,distribution,119,0.403361,0.319578,-35.0,-30.08,-138.27,59.09,184.95,-2.064,True
880216.SH,,distribution,119,0.403361,0.319578,-38.68,-28.76,-108.93,38.5,124.56,-3.387,True
880229.SH,,distribution,119,0.403361,0.319578,-16.75,-21.96,-91.7,44.61,110.7,-1.651,True
880502.SH,,distribution,119,0.403361,0.319578,-33.88,-25.07,-99.93,42.71,123.88,-2.983,True
880535.SH,,distribution,119,0.403361,0.319578,-65.51,-47.4,-191.51,47.75,203.06,-3.519,True
880560.SH,,distribution,119,0.403361,0.319578,-47.42,-29.52,-169.51,60.15,190.19,-2.72,True
880562.SH,,distribution,119,0.403361,0.319578,-45.29,-33.76,-140.45,68.0,189.83,-2.603,True
880565.SH,,distribution,119,0.403361,0.319578,-44.57,-33.04,-153.42,58.42,180.15,-2.699,True
880577.SH,,distribution,119,0.403361,0.319578,-48.1,-41.69,-173.16,73.35,228.3,-2.298,True
880598.SH,,distribution,119,0.403361,0.319578,-41.9,-54.15,-167.85,73.55,225.5,-2.027,True
880599.SH,,distribution,119,0.403361,0.319578,-43.73,-37.66,-133.89,43.78,169.73,-2.81,True
880601.SH,,distribution,119,0.403361,0.319578,-49.5,-46.49,-189.28,87.91,250.68,-2.154,True
880621.SH,,distribution,119,0.403361,0.319578,-38.62,-61.0,-162.89,103.48,235.07,-1.792,True
880626.SH,,distribution,119,0.403361,0.319578,-45.57,-38.39,-149.04,57.0,185.71,-2.677,True
880702.SH,,distribution,119,0.403361,0.319578,-60.43,-40.94,-185.66,65.57,226.21,-2.914,True
880713.SH,,distribution,119,0.403361,0.319578,-43.4,-41.55,-175.83,80.49,217.09,-2.181,True
880715.SH,,distribution,119,0.403361,0.319578,-55.58,-49.7,-180.5,56.39,187.72,-3.23,True
880730.SH,,distribution,119,0.403361,0.319578,-59.29,-51.26,-183.03,55.84,198.09,-3.265,True
880731.SH,,distribution,119,0.403361,0.319578,-55.83,-39.02,-176.12,59.45,194.45,-3.132,True
880760.SH,,distribution,119,0.403361,0.319578,-42.5,-39.93,-124.02,54.05,172.02,-2.695,True
880821.SH,,distribution,119,0.403361,0.319578,-22.14,-33.77,-66.71,28.97,87.29,-2.767,True
880837.SH,,distribution,119,0.403361,0.319578,-86.08,-108.1,-300.07,114.74,298.04,-3.151,True
880860.SH,,distribution,119,0.403361,0.319578,-48.93,-24.8,-134.13,54.99,171.27,-3.116,True
880869.SH,,distribution,119,0.403361,0.319578,-48.02,-45.53,-148.62,51.15,179.64,-2.916,True
880873.SH,,distribution,119,0.403361,0.319578,-52.45,-42.14,-155.11,64.19,221.08,-2.588,True
880878.SH,,distribution,119,0.403361,0.319578,-49.77,-32.31,-149.94,48.04,171.32,-3.169,True
880898.SH,,distribution,119,0.403361,0.319578,-38.0,-24.3,-117.17,41.69,150.91,-2.747,True
880908.SH,,distribution,119,0.403361,0.319578,-46.02,-54.27,-178.85,82.87,218.09,-2.302,True
880911.SH,,distribution,119,0.403361,0.319578,-44.03,-43.3,-137.08,51.3,142.11,-3.38,True
880922.SH,,distribution,119,0.403361,0.319578,-61.78,-54.4,-180.82,58.77,191.4,-3.521,True
880946.SH,,distribution,119,0.403361,0.319578,-49.56,-51.89,-157.96,78.67,218.4,-2.475,True
880948.SH,,distribution,119,0.403361,0.319578,-43.67,-35.72,-164.46,67.51,223.82,-2.129,True
880954.SH,,distribution,119,0.403361,0.319578,-47.07,-48.51,-164.67,72.9,228.97,-2.242,True
880960.SH,,distribution,119,0.403361,0.319578,-32.52,-42.28,-122.66,50.88,157.22,-2.256,True
880962.SH,,distribution,119,0.403361,0.319578,-45.79,-57.98,-170.4,85.14,235.59,-2.12,True
880965.SH,,distribution,119,0.403361,0.319578,-46.15,-41.92,-176.81,61.29,215.15,-2.34,True
880974.SH,,distribution,119,0.403361,0.319578,-44.37,-48.38,-152.28,97.13,201.28,-2.405,True
880642.SH,,distribution,98,0.408163,0.316107,-46.29,-31.13,-156.86,60.26,203.71,-2.249,True
880644.SH,,distribution,98,0.408163,0.316107,-46.79,-50.83,-158.47,119.19,255.26,-1.815,True
880646.SH,,distribution,98,0.408163,0.316107,-57.44,-50.86,-193.72,83.87,226.34,-2.512,True
880647.SH,,distribution,98,0.408163,0.316107,-41.49,-60.77,-184.96,120.59,259.03,-1.585,True
880654.SH,,distribution,98,0.408163,0.316107,-40.58,-60.81,-193.67,123.54,276.97,-1.45,True
880658.SH,,distribution,98,0.408163,0.316107,-50.44,-33.03,-200.97,75.16,225.54,-2.214,True
880362.SH,,distribution,155,0.387097,0.314029,-57.88,-63.02,-197.46,67.12,254.07,-2.836,True
880364.SH,,distribution,155,0.387097,0.314029,-39.28,-40.26,-152.75,42.34,153.64,-3.183,True
880411.SH,,distribution,155,0.387097,0.314029,-55.27,-64.04,-177.81,68.76,196.51,-3.501,True
880421.SH,,distribution,155,0.387097,0.314029,-43.29,-44.12,-145.87,53.1,173.8,-3.101,True
880438.SH,,distribution,155,0.387097,0.314029,-49.65,-49.81,-174.09,86.49,229.22,-2.697,True
880443.SH,,distribution,155,0.387097,0.314029,-46.11,-36.69,-169.25,80.32,199.3,-2.88,True
880472.SH,,distribution,155,0.387097,0.314029,-39.68,-30.6,-118.48,35.77,155.25,-3.182,True
880484.SH,,distribution,155,0.387097,0.314029,-51.73,-46.84,-146.99,49.1,167.2,-3.852,True
881065.SH,,distribution,155,0.387097,0.314029,-47.39,-45.68,-153.68,70.84,164.81,-3.58,True
881116.SH,,distribution,155,0.387097,0.314029,-57.64,-65.02,-197.43,75.7,254.24,-2.822,True
881139.SH,,distribution,155,0.387097,0.314029,-29.98,-30.76,-114.97,59.37,140.41,-2.659,True
881171.SH,,distribution,155,0.387097,0.314029,-44.67,-41.03,-143.95,55.69,164.9,-3.373,True
881187.SH,,distribution,155,0.387097,0.314029,-53.88,-61.35,-178.57,65.61,199.02,-3.371,True
881282.SH,,distribution,155,0.387097,0.314029,-64.82,-71.48,-198.76,72.57,219.73,-3.673,True
881303.SH,,distribution,155,0.387097,0.314029,-46.55,-40.94,-151.35,55.17,173.75,-3.336,True
881355.SH,,distribution,155,0.387097,0.314029,-54.4,-51.3,-149.75,54.6,215.94,-3.136,True
881394.SH,,distribution,155,0.387097,0.314029,-39.63,-30.58,-118.5,35.79,155.37,-3.176,True
881416.SH,,distribution,155,0.387097,0.314029,-51.63,-43.01,-176.8,64.71,201.79,-3.186,True
881428.SH,,distribution,155,0.387097,0.314029,-51.11,-60.26,-211.26,119.12,246.23,-2.584,True
880681.SH,,distribution,74,0.418919,0.313242,-34.95,-35.35,-131.57,54.73,183.74,-1.636,True
880682.SH,,distribution,74,0.418919,0.313242,-47.14,-41.95,-204.74,102.57,260.76,-1.555,True
880697.SH,,distribution,74,0.418919,0.313242,-45.87,-19.22,-197.16,83.33,252.79,-1.561,True
880007.SH,,distribution,119,0.394958,0.311733,-39.49,-20.26,-114.31,28.72,121.83,-3.536,True
880206.SH,,distribution,119,0.394958,0.311733,-47.21,-41.96,-136.09,73.19,195.93,-2.628,True
880222.SH,,distribution,119,0.394958,0.311733,-57.1,-49.41,-166.05,46.14,157.95,-3.943,True
880232.SH,,distribution,119,0.394958,0.311733,-43.6,-33.19,-129.74,44.89,139.44,-3.411,True
880534.SH,,distribution,119,0.394958,0.311733,-60.43,-46.86,-179.16,49.16,191.82,-3.437,True
880539.SH,,distribution,119,0.394958,0.311733,-49.19,-37.91,-147.17,34.56,160.41,-3.345,True
880580.SH,,distribution,119,0.394958,0.311733,-41.31,-40.45,-171.01,85.55,224.28,-2.009,True
880583.SH,,distribution,119,0.394958,0.311733,-54.75,-37.76,-186.28,60.61,201.44,-2.965,True
880597.SH,,distribution,119,0.394958,0.311733,-47.03,-40.58,-122.64,70.91,182.58,-2.81,True
880611.SH,,distribution,119,0.394958,0.311733,-47.51,-30.64,-169.1,68.01,195.57,-2.65,True
880615.SH,,distribution,119,0.394958,0.311733,-49.13,-60.83,-149.99,79.07,198.93,-2.694,True
880624.SH,,distribution,119,0.394958,0.311733,-44.1,-41.13,-168.81,74.5,215.11,-2.237,True
880627.SH,,distribution,119,0.394958,0.311733,-42.52,-31.33,-164.42,52.71,172.43,-2.69,True
880633.SH,,distribution,119,0.394958,0.311733,-49.21,-43.1,-182.96,84.91,220.53,-2.434,True
880714.SH,,distribution,119,0.394958,0.311733,-50.76,-41.39,-169.24,69.27,181.74,-3.047,True
880720.SH,,distribution,119,0.394958,0.311733,-44.85,-56.78,-170.57,110.03,242.67,-2.016,True
880749.SH,,distribution,119,0.394958,0.311733,-34.22,-60.24,-186.71,119.5,242.55,-1.539,True
880799.SH,,distribution,119,0.394958,0.311733,-51.21,-46.36,-178.99,76.77,226.84,-2.463,True
880893.SH,,distribution,119,0.394958,0.311733,-46.79,-33.32,-142.33,65.84,177.68,-2.873,True
880916.SH,,distribution,119,0.394958,0.311733,-46.15,-33.19,-168.02,82.75,234.88,-2.143,True
880956.SH,,distribution,119,0.394958,0.311733,-43.91,-54.1,-149.57,83.64,222.14,-2.156,True
880957.SH,,distribution,119,0.394958,0.311733,-43.65,-33.27,-145.03,62.27,199.38,-2.388,True
880969.SH,,distribution,119,0.394958,0.311733,-52.46,-42.62,-197.23,95.52,222.26,-2.575,True
880973.SH,,distribution,119,0.394958,0.311733,-43.57,-42.21,-141.56,49.88,163.44,-2.908,True
880639.SH,,distribution,117,0.393162,0.309402,-54.35,-51.11,-188.36,76.14,202.51,-2.903,True
880664.SH,,distribution,89,0.404494,0.308533,-37.99,-35.8,-163.87,89.18,243.05,-1.475,True
880338.SH,,distribution,155,0.380645,0.307967,-60.72,-45.76,-196.07,61.42,181.36,-4.168,True
880372.SH,,distribution,155,0.380645,0.307967,-35.33,-39.29,-112.41,43.89,117.16,-3.754,True
880375.SH,,distribution,155,0.380645,0.307967,-36.92,-40.7,-119.72,43.49,123.74,-3.715,True
880401.SH,,distribution,155,0.380645,0.307967,-41.85,-51.15,-132.73,34.16,156.26,-3.334,True
880402.SH,,distribution,155,0.380645,0.307967,-42.93,-40.15,-129.29,42.4,153.74,-3.477,True
880414.SH,,distribution,155,0.380645,0.307967,-52.07,-50.76,-138.52,66.97,166.9,-3.884,True
880432.SH,,distribution,155,0.380645,0.307967,-28.82,-35.29,-121.52,46.29,151.16,-2.374,True
880445.SH,,distribution,155,0.380645,0.307967,-56.38,-46.84,-184.17,55.49,183.44,-3.826,True
881204.SH,,distribution,155,0.380645,0.307967,-42.48,-42.7,-130.87,52.71,152.45,-3.47,True
881212.SH,,distribution,155,0.380645,0.307967,-45.06,-46.06,-153.95,69.8,176.23,-3.183,True
881310.SH,,distribution,155,0.380645,0.307967,-42.38,-64.05,-154.62,58.92,177.68,-2.97,True
881333.SH,,distribution,155,0.380645,0.307967,-41.29,-49.02,-188.83,90.26,222.53,-2.31,True
881369.SH,,distribution,155,0.380645,0.307967,-43.35,-55.48,-196.13,82.07,253.49,-2.129,True
881467.SH,,distribution,155,0.380645,0.307967,-24.92,-39.6,-114.99,58.35,184.0,-1.686,True
881471.SH,,distribution,155,0.380645,0.307967,-39.49,-48.67,-130.08,58.36,159.65,-3.079,True
881478.SH,,distribution,155,0.380645,0.307967,-56.37,-49.03,-145.86,75.62,195.0,-3.599,True
880652.SH,,distribution,98,0.397959,0.306664,-29.86,-47.99,-114.75,56.7,167.08,-1.769,True
880551.SH,,distribution,51,0.431373,0.30501,-79.14,-65.39,-279.45,149.8,270.67,-2.088,True
880001.SH,,distribution,119,0.386555,0.303915,-35.15,-32.82,-96.94,31.34,109.68,-3.496,True
880002.SH,,distribution,119,0.386555,0.303915,-33.54,-30.8,-92.35,26.44,106.79,-3.426,True
880209.SH,,distribution,119,0.386555,0.303915,-44.09,-31.35,-148.85,47.11,148.35,-3.242,True
880219.SH,,distribution,119,0.386555,0.303915,-50.73,-26.73,-149.42,32.45,156.47,-3.537,True
880221.SH,,distribution,119,0.386555,0.303915,-50.26,-36.84,-119.81,22.15,139.81,-3.922,True
880227.SH,,distribution,119,0.386555,0.303915,-43.47,-39.18,-120.83,37.78,126.29,-3.755,True
880228.SH,,distribution,119,0.386555,0.303915,-44.58,-35.35,-115.01,33.56,134.94,-3.604,True
880231.SH,,distribution,119,0.386555,0.303915,-49.15,-36.08,-150.31,38.62,159.75,-3.356,True
880520.SH,,distribution,119,0.386555,0.303915,-51.31,-40.46,-181.76,66.6,195.04,-2.87,True
880525.SH,,distribution,119,0.386555,0.303915,-35.05,-33.7,-117.75,57.35,149.1,-2.565,True
880538.SH,,distribution,119,0.386555,0.303915,-34.49,-34.38,-113.35,43.9,120.85,-3.114,True
880545.SH,,distribution,119,0.386555,0.303915,-49.56,-49.49,-188.33,75.13,235.71,-2.294,True
880563.SH,,distribution,119,0.386555,0.303915,-48.89,-40.98,-176.1,71.15,198.33,-2.689,True
880575.SH,,distribution,119,0.386555,0.303915,-51.81,-40.52,-179.76,68.76,190.37,-2.969,True
880584.SH,,distribution,119,0.386555,0.303915,-56.81,-47.3,-185.42,66.67,189.14,-3.277,True
880587.SH,,distribution,119,0.386555,0.303915,-51.25,-50.49,-178.95,69.69,192.27,-2.908,True
880606.SH,,distribution,119,0.386555,0.303915,-47.28,-51.28,-141.45,52.07,173.5,-2.973,True
880619.SH,,distribution,119,0.386555,0.303915,-31.63,-28.74,-130.71,50.02,205.54,-1.679,True
880637.SH,,distribution,119,0.386555,0.303915,-41.28,-52.54,-155.37,85.68,216.31,-2.082,True
880705.SH,,distribution,119,0.386555,0.303915,-47.35,-39.82,-168.5,55.14,177.36,-2.912,True
880711.SH,,distribution,119,0.386555,0.303915,-51.59,-56.06,-179.98,72.85,235.06,-2.394,True
880721.SH,,distribution,119,0.386555,0.303915,-20.35,-24.3,-63.43,35.32,84.32,-2.632,True
880722.SH,,distribution,119,0.386555,0.303915,-46.08,-54.9,-198.72,93.71,241.91,-2.078,True
880723.SH,,distribution,119,0.386555,0.303915,-42.23,-50.0,-125.98,57.34,166.33,-2.77,True
880738.SH,,distribution,119,0.386555,0.303915,-43.73,-42.29,-161.29,72.87,227.61,-2.096,True
880748.SH,,distribution,119,0.386555,0.303915,-46.23,-53.99,-181.53,87.45,235.57,-2.141,True
880754.SH,,distribution,119,0.386555,0.303915,-69.18,-46.82,-195.77,45.71,215.48,-3.502,True
880766.SH,,distribution,119,0.386555,0.303915,-40.78,-41.96,-122.16,57.35,167.26,-2.66,True
880780.SH,,distribution,119,0.386555,0.303915,-75.54,-69.73,-242.76,66.69,257.69,-3.198,True
880790.SH,,distribution,119,0.386555,0.303915,-47.73,-54.51,-148.54,70.25,167.81,-3.103,True
880796.SH,,distribution,119,0.386555,0.303915,-47.02,-50.39,-163.74,66.02,192.92,-2.659,True
880797.SH,,distribution,119,0.386555,0.303915,-45.33,-41.86,-163.66,54.8,192.06,-2.574,True
880798.SH,,distribution,119,0.386555,0.303915,-54.56,-43.9,-177.32,62.81,185.6,-3.207,True
880806.SH,,distribution,119,0.386555,0.303915,-25.45,-26.97,-73.47,24.72,86.5,-3.21,True
880814.SH,,distribution,119,0.386555,0.303915,-27.7,-17.33,-86.52,31.66,115.41,-2.618,True
880824.SH,,distribution,119,0.386555,0.303915,-55.18,-30.59,-155.94,59.49,189.17,-3.182,True
880848.SH,,distribution,119,0.386555,0.303915,-28.8,-27.09,-88.87,24.91,105.34,-2.983,True
880879.SH,,distribution,119,0.386555,0.303915,-53.61,-45.72,-145.69,42.71,177.26,-3.299,True
880880.SH,,distribution,119,0.386555,0.303915,-43.41,-68.83,-239.69,119.86,271.07,-1.747,True
880906.SH,,distribution,119,0.386555,0.303915,-46.66,-52.16,-148.61,68.09,192.67,-2.642,True
880975.SH,,distribution,119,0.386555,0.303915,-62.19,-62.71,-173.35,60.52,218.13,-3.11,True
880550.SH,,distribution,54,0.425926,0.303316,-39.85,-57.69,-236.01,170.63,263.59,-1.111,True
880668.SH,,distribution,82,0.402439,0.302973,-28.71,-53.56,-187.88,113.33,242.87,-1.07,True
880561.SH,,distribution,46,0.434783,0.30209,-55.75,-20.57,-246.38,125.0,253.27,-1.493,True
880617.SH,,distribution,46,0.434783,0.30209,-43.53,-54.45,-174.33,94.55,220.45,-1.339,True
880335.SH,,distribution,155,0.374194,0.301919,-48.0,-32.3,-150.33,53.63,149.21,-4.005,True
880346.SH,,distribution,155,0.374194,0.301919,-34.2,-43.82,-145.88,54.53,164.57,-2.587,True
880351.SH,,distribution,155,0.374194,0.301919,-64.11,-55.86,-190.95,85.37,196.1,-4.07,True
880409.SH,,distribution,155,0.374194,0.301919,-49.92,-55.43,-165.33,71.31,197.94,-3.14,True
880441.SH,,distribution,155,0.374194,0.301919,-37.05,-49.6,-171.09,75.7,188.28,-2.45,True
880448.SH,,distribution,155,0.374194,0.301919,-47.53,-44.95,-135.27,47.99,163.15,-3.627,True
880456.SH,,distribution,155,0.374194,0.301919,-39.78,-47.1,-131.3,60.52,162.44,-3.049,True
881026.SH,,distribution,155,0.374194,0.301919,-45.01,-28.94,-157.0,50.55,158.89,-3.527,True
881078.SH,,distribution,155,0.374194,0.301919,-60.46,-72.75,-225.15,60.35,257.09,-2.928,True
881091.SH,,distribution,155,0.374194,0.301919,-35.12,-44.24,-146.96,53.32,163.66,-2.672,True
881119.SH,,distribution,155,0.374194,0.301919,-41.26,-45.44,-149.88,34.08,156.66,-3.279,True
881206.SH,,distribution,155,0.374194,0.301919,-49.85,-51.66,-135.37,62.75,163.25,-3.802,True
881218.SH,,distribution,155,0.374194,0.301919,-45.68,-41.0,-155.32,47.43,175.16,-3.247,True
881262.SH,,distribution,155,0.374194,0.301919,-60.36,-65.13,-171.91,66.85,198.04,-3.795,True
881268.SH,,distribution,155,0.374194,0.301919,-53.69,-57.26,-183.08,67.9,191.71,-3.487,True
880082.SH,,distribution,74,0.405405,0.300904,-48.03,-55.72,-168.14,81.16,218.99,-1.887,True
880523.SH,,distribution,74,0.405405,0.300904,-50.5,-102.35,-217.79,136.88,323.62,-1.342,True
880541.SH,,distribution,74,0.405405,0.300904,-42.78,-44.19,-241.45,134.06,264.27,-1.393,True
880687.SH,,distribution,74,0.405405,0.300904,-39.69,-22.94,-187.88,80.85,261.77,-1.304,True
880688.SH,,distribution,74,0.405405,0.300904,-42.18,-28.24,-190.36,89.45,248.51,-1.46,True
880694.SH,,distribution,74,0.405405,0.300904,-49.5,-59.73,-169.35,48.47,226.99,-1.876,True
880696.SH,,distribution,74,0.405405,0.300904,-41.54,-26.62,-135.37,68.15,210.84,-1.695,True
880699.SH,,distribution,74,0.405405,0.300904,-54.96,-47.42,-177.01,49.06,219.78,-2.151,True
880548.SH,,distribution,60,0.416667,0.300641,-65.27,-51.29,-213.63,62.44,220.32,-2.295,True
880778.SH,,distribution,163,0.368098,0.297889,-20.35,0.0,-152.6,69.09,284.58,-0.913,True
880202.SH,,distribution,119,0.378151,0.296122,-41.22,-56.34,-136.5,57.47,143.39,-3.136,True
880203.SH,,distribution,119,0.378151,0.296122,-45.49,-50.05,-121.65,31.02,144.02,-3.445,True
880215.SH,,distribution,119,0.378151,0.296122,-35.38,-29.84,-124.34,32.52,125.6,-3.072,True
880218.SH,,distribution,119,0.378151,0.296122,-33.15,-30.25,-108.37,42.47,127.69,-2.832,True
880529.SH,,distribution,119,0.378151,0.296122,-49.81,-33.35,-172.24,72.25,196.78,-2.761,True
880567.SH,,distribution,119,0.378151,0.296122,-54.28,-55.12,-162.24,39.69,165.87,-3.569,True
880582.SH,,distribution,119,0.378151,0.296122,-52.15,-52.41,-175.66,53.49,180.35,-3.154,True
880586.SH,,distribution,119,0.378151,0.296122,-52.81,-51.13,-141.35,44.56,173.63,-3.318,True
880592.SH,,distribution,119,0.378151,0.296122,-49.65,-48.12,-172.82,84.85,212.24,-2.552,True
880596.SH,,distribution,119,0.378151,0.296122,-42.82,-42.29,-151.66,56.79,188.45,-2.479,True
880603.SH,,distribution,119,0.378151,0.296122,-40.56,-27.45,-125.87,49.67,164.2,-2.695,True
880612.SH,,distribution,119,0.378151,0.296122,-67.1,-56.47,-193.06,44.88,186.65,-3.921,True
880709.SH,,distribution,119,0.378151,0.296122,-42.43,-34.69,-131.62,42.03,161.44,-2.867,True
880729.SH,,distribution,119,0.378151,0.296122,-48.41,-69.47,-147.3,50.14,191.8,-2.753,True
880733.SH,,distribution,119,0.378151,0.296122,-42.31,-44.45,-151.97,82.1,213.55,-2.161,True
880743.SH,,distribution,119,0.378151,0.296122,-51.43,-49.05,-136.17,64.79,188.2,-2.981,True
880744.SH,,distribution,119,0.378151,0.296122,-58.14,-64.86,-172.22,47.71,187.97,-3.374,True
880750.SH,,distribution,119,0.378151,0.296122,-36.67,-36.82,-149.93,55.74,175.23,-2.283,True
880755.SH,,distribution,119,0.378151,0.296122,-66.08,-49.0,-191.64,47.26,206.13,-3.497,True
880771.SH,,distribution,119,0.378151,0.296122,-46.12,-27.25,-132.58,34.32,130.71,-3.849,True
880792.SH,,distribution,119,0.378151,0.296122,-43.12,-30.98,-130.33,38.77,194.97,-2.413,True
880793.SH,,distribution,119,0.378151,0.296122,-53.55,-32.76,-171.6,57.75,180.77,-3.232,True
880795.SH,,distribution,119,0.378151,0.296122,-46.07,-44.52,-141.33,51.76,183.23,-2.743,True
880816.SH,,distribution,119,0.378151,0.296122,-49.22,-49.19,-150.85,64.06,174.08,-3.084,True
880858.SH,,distribution,119,0.378151,0.296122,-51.62,-41.95,-133.69,34.15,137.75,-4.088,True
880877.SH,,distribution,119,0.378151,0.296122,-47.09,-44.78,-152.83,44.19,153.75,-3.341,True
880913.SH,,distribution,119,0.378151,0.296122,-44.72,-33.59,-129.35,59.04,160.93,-3.031,True
880919.SH,,distribution,119,0.378151,0.296122,-41.91,-36.75,-132.84,45.14,151.38,-3.02,True
880926.SH,,distribution,119,0.378151,0.296122,-49.47,-41.78,-168.58,63.85,195.64,-2.759,True
880940.SH,,distribution,119,0.378151,0.296122,-44.64,-43.25,-143.59,55.68,182.25,-2.672,True
880947.SH,,distribution,119,0.378151,0.296122,-48.94,-59.38,-127.57,60.75,156.22,-3.417,True
880949.SH,,distribution,119,0.378151,0.296122,-47.04,-45.2,-158.9,83.02,226.52,-2.266,True
880336.SH,,distribution,155,0.367742,0.295884,-47.35,-38.32,-146.13,54.8,152.59,-3.863,True
880387.SH,,distribution,155,0.367742,0.295884,-26.98,-35.03,-104.43,53.01,123.84,-2.712,True
880400.SH,,distribution,155,0.367742,0.295884,-38.48,-46.58,-117.78,45.0,144.13,-3.324,True
880440.SH,,distribution,155,0.367742,0.295884,-54.96,-44.46,-166.04,53.15,175.78,-3.892,True
880446.SH,,distribution,155,0.367742,0.295884,-62.08,-59.16,-184.2,53.18,178.48,-4.331,True
881055.SH,,distribution,155,0.367742,0.295884,-41.57,-42.63,-151.53,71.13,174.43,-2.967,True
881094.SH,,distribution,155,0.367742,0.295884,-60.03,-56.96,-181.34,76.58,211.17,-3.539,True
881104.SH,,distribution,155,0.367742,0.295884,-48.28,-61.35,-165.19,79.31,216.75,-2.773,True
881167.SH,,distribution,155,0.367742,0.295884,-47.79,-40.82,-132.38,49.65,138.52,-4.295,True
881234.SH,,distribution,155,0.367742,0.295884,-41.38,-34.45,-123.94,42.69,157.21,-3.277,True
881257.SH,,distribution,155,0.367742,0.295884,-62.91,-55.02,-199.64,51.39,236.83,-3.307,True
881285.SH,,distribution,155,0.367742,0.295884,-60.62,-51.62,-212.58,51.75,219.14,-3.444,True
881326.SH,,distribution,155,0.367742,0.295884,-42.32,-43.87,-177.37,60.41,206.71,-2.549,True
881329.SH,,distribution,155,0.367742,0.295884,-54.62,-54.15,-161.53,52.8,190.24,-3.574,True
881470.SH,,distribution,155,0.367742,0.295884,-48.95,-50.36,-154.86,72.57,189.0,-3.224,True
880667.SH,,distribution,82,0.390244,0.291845,-55.77,-50.95,-199.48,92.65,267.87,-1.885,True
880844.SH,,distribution,164,0.359756,0.290287,-19.11,0.0,-85.23,42.52,162.16,-1.509,True
880347.SH,,distribution,155,0.36129,0.289864,-58.68,-60.24,-180.56,86.76,206.13,-3.544,True
880360.SH,,distribution,155,0.36129,0.289864,-41.4,-43.43,-140.89,51.95,142.37,-3.62,True
880392.SH,,distribution,155,0.36129,0.289864,-46.08,-41.42,-159.44,48.86,173.44,-3.308,True
880489.SH,,distribution,155,0.36129,0.289864,-50.31,-26.51,-158.7,37.46,190.87,-3.282,True
880493.SH,,distribution,155,0.36129,0.289864,-54.65,-57.41,-152.7,65.97,215.96,-3.151,True
880522.SH,,distribution,74,0.391892,0.288647,-44.99,-34.93,-207.34,93.51,247.44,-1.564,True
880526.SH,,distribution,74,0.391892,0.288647,-33.92,-34.41,-104.96,32.6,121.11,-2.409,True
880676.SH,,distribution,74,0.391892,0.288647,-28.49,-31.54,-118.1,65.77,122.91,-1.994,True
880689.SH,,distribution,74,0.391892,0.288647,-63.02,-67.9,-220.32,95.0,262.92,-2.062,True
880692.SH,,distribution,74,0.391892,0.288647,-55.87,-80.79,-189.76,108.96,254.28,-1.89,True
880693.SH,,distribution,74,0.391892,0.288647,-56.92,-73.98,-211.56,97.1,258.72,-1.893,True
880205.SH,,distribution,119,0.369748,0.288356,-48.17,-26.59,-124.95,39.38,144.05,-3.648,True
880213.SH,,distribution,119,0.369748,0.288356,-46.83,-33.5,-132.53,51.27,135.47,-3.771,True
880223.SH,,distribution,119,0.369748,0.288356,-40.16,-50.71,-115.31,38.32,127.58,-3.434,True
880516.SH,,distribution,119,0.369748,0.288356,-40.13,-19.13,-98.51,41.77,129.55,-3.379,True
880519.SH,,distribution,119,0.369748,0.288356,-47.3,-36.06,-171.83,75.17,183.61,-2.81,True
880544.SH,,distribution,119,0.369748,0.288356,-58.96,-60.52,-184.82,47.12,183.4,-3.507,True
880558.SH,,distribution,119,0.369748,0.288356,-49.84,-43.42,-171.08,67.53,199.93,-2.719,True
880585.SH,,distribution,119,0.369748,0.288356,-56.5,-57.96,-161.31,55.9,192.38,-3.204,True
880629.SH,,distribution,119,0.369748,0.288356,-53.14,-51.42,-186.34,75.95,239.54,-2.42,True
880630.SH,,distribution,119,0.369748,0.288356,-60.63,-66.04,-197.07,99.01,219.09,-3.019,True
880638.SH,,distribution,119,0.369748,0.288356,-71.86,-71.05,-215.65,58.76,223.99,-3.5,True
880706.SH,,distribution,119,0.369748,0.288356,-51.31,-57.21,-185.94,89.43,224.98,-2.488,True
880737.SH,,distribution,119,0.369748,0.288356,-69.48,-70.54,-198.46,83.91,221.04,-3.429,True
880745.SH,,distribution,119,0.369748,0.288356,-49.99,-38.43,-136.3,45.39,171.32,-3.183,True
880759.SH,,distribution,119,0.369748,0.288356,-59.95,-44.68,-188.2,58.57,218.19,-2.997,True
880787.SH,,distribution,119,0.369748,0.288356,-53.95,-59.23,-171.49,61.74,197.18,-2.985,True
880817.SH,,distribution,119,0.369748,0.288356,-40.51,-41.95,-109.24,43.15,134.21,-3.293,True
880827.SH,,distribution,119,0.369748,0.288356,-42.96,-36.37,-126.01,40.92,177.28,-2.644,True
880853.SH,,distribution,119,0.369748,0.288356,-24.34,-32.66,-90.2,40.1,134.1,-1.98,True
880872.SH,,distribution,119,0.369748,0.288356,-87.32,-46.01,-196.32,61.61,309.21,-3.081,True
880885.SH,,distribution,119,0.369748,0.288356,-61.14,-55.49,-208.4,84.51,225.45,-2.958,True
880909.SH,,distribution,119,0.369748,0.288356,-51.33,-52.07,-167.98,59.29,190.48,-2.94,True
880921.SH,,distribution,119,0.369748,0.288356,-45.74,-43.05,-161.08,62.62,213.23,-2.34,True
880933.SH,,distribution,119,0.369748,0.288356,-42.47,-38.5,-151.7,71.12,189.5,-2.445,True
880971.SH,,distribution,119,0.369748,0.288356,-49.64,-47.42,-157.75,42.08,173.45,-3.122,True
880977.SH,,distribution,119,0.369748,0.288356,-59.4,-63.75,-164.14,54.08,192.72,-3.362,True
880662.SH,,distribution,89,0.382022,0.287948,-56.0,-54.51,-198.69,109.16,280.68,-1.882,True
880655.SH,,distribution,98,0.377551,0.287904,-66.86,-64.9,-188.37,80.21,203.92,-3.246,True
880531.SH,,distribution,63,0.396825,0.285317,-59.43,-66.08,-214.4,61.99,216.24,-2.182,True
880547.SH,,distribution,63,0.396825,0.285317,-47.19,-55.38,-253.4,135.02,262.1,-1.429,True
880303.SH,,distribution,155,0.354839,0.283858,-54.56,-58.69,-157.32,60.52,203.87,-3.332,True
880321.SH,,distribution,155,0.354839,0.283858,-49.13,-49.92,-166.85,57.77,182.14,-3.358,True
880350.SH,,distribution,155,0.354839,0.283858,-47.09,-50.0,-133.76,53.53,139.52,-4.202,True
880393.SH,,distribution,155,0.354839,0.283858,-48.82,-46.59,-147.62,61.47,178.47,-3.406,True
880399.SH,,distribution,155,0.354839,0.283858,-53.16,-57.97,-171.99,29.14,163.37,-4.051,True
880422.SH,,distribution,155,0.354839,0.283858,-45.04,-47.16,-142.85,58.41,184.33,-3.042,True
880455.SH,,distribution,155,0.354839,0.283858,-29.74,-31.77,-120.44,47.47,168.83,-2.193,True
880483.SH,,distribution,155,0.354839,0.283858,-47.36,-68.72,-163.91,56.79,176.34,-3.344,True
881005.SH,,distribution,155,0.354839,0.283858,-52.51,-52.32,-167.88,62.77,203.95,-3.206,True
881019.SH,,distribution,155,0.354839,0.283858,-50.97,-52.38,-164.95,69.46,178.83,-3.548,True
881111.SH,,distribution,155,0.354839,0.283858,-42.2,-53.97,-141.24,42.44,167.31,-3.14,True
881144.SH,,distribution,155,0.354839,0.283858,-40.49,-43.63,-115.62,41.47,126.02,-4.0,True
881224.SH,,distribution,155,0.354839,0.283858,-47.96,-42.61,-147.29,65.5,182.91,-3.265,True
881231.SH,,distribution,155,0.354839,0.283858,-35.45,-38.24,-126.73,47.85,156.32,-2.823,True
880579.SH,,distribution,46,0.413043,0.282884,-76.9,-85.16,-248.96,73.02,269.83,-1.933,True
880765.SH,,distribution,32,0.4375,0.281651,-77.42,-56.31,-230.06,69.05,201.38,-2.175,True
880912.SH,,distribution,32,0.4375,0.281651,-47.42,-39.42,-130.13,64.94,206.06,-1.302,True
880842.SH,,distribution,163,0.349693,0.28071,-22.51,-8.59,-116.83,64.01,169.84,-1.692,True
880217.SH,,distribution,119,0.361345,0.280617,-28.29,-40.52,-91.21,39.02,116.89,-2.64,True
880524.SH,,distribution,119,0.361345,0.280617,-44.6,-34.93,-120.48,29.27,118.3,-4.113,True
880543.SH,,distribution,119,0.361345,0.280617,-41.92,-54.07,-116.83,57.59,152.03,-3.008,True
880576.SH,,distribution,119,0.361345,0.280617,-39.89,-37.06,-101.38,40.64,118.25,-3.68,True
880631.SH,,distribution,119,0.361345,0.280617,-57.54,-54.3,-188.15,58.62,222.5,-2.821,True
880632.SH,,distribution,119,0.361345,0.280617,-62.54,-46.98,-174.69,43.35,191.19,-3.568,True
880761.SH,,distribution,119,0.361345,0.280617,-63.31,-37.17,-196.29,41.16,201.1,-3.434,True
880786.SH,,distribution,119,0.361345,0.280617,-38.25,-34.73,-151.75,63.16,166.41,-2.508,True
880807.SH,,distribution,119,0.361345,0.280617,-48.07,-44.29,-141.07,30.38,147.53,-3.554,True
880818.SH,,distribution,119,0.361345,0.280617,-71.47,-86.65,-240.63,73.82,228.99,-3.405,True
880833.SH,,distribution,119,0.361345,0.280617,-54.85,-47.96,-151.49,41.76,173.78,-3.443,True
880857.SH,,distribution,119,0.361345,0.280617,-29.44,-36.15,-84.63,20.31,95.99,-3.345,True
880861.SH,,distribution,119,0.361345,0.280617,-52.01,-42.41,-144.35,33.86,172.52,-3.289,True
880883.SH,,distribution,119,0.361345,0.280617,-23.06,-32.32,-70.48,32.48,88.7,-2.836,True
880896.SH,,distribution,119,0.361345,0.280617,-65.99,-57.04,-174.13,34.85,194.93,-3.693,True
880899.SH,,distribution,119,0.361345,0.280617,-69.72,-47.37,-214.82,57.23,198.56,-3.83,True
880903.SH,,distribution,119,0.361345,0.280617,-56.98,-61.75,-154.76,71.22,215.55,-2.884,True
880330.SH,,distribution,155,0.348387,0.277866,-53.16,-55.59,-160.96,64.55,177.13,-3.736,True
880482.SH,,distribution,155,0.348387,0.277866,-46.44,-51.19,-151.49,49.16,158.31,-3.652,True
881097.SH,,distribution,155,0.348387,0.277866,-54.81,-69.48,-164.24,47.29,177.54,-3.844,True
881136.SH,,distribution,155,0.348387,0.277866,-30.04,-31.43,-105.02,34.32,122.26,-3.059,True
881313.SH,,distribution,155,0.348387,0.277866,-54.9,-58.77,-167.11,46.81,181.38,-3.768,True
881352.SH,,distribution,155,0.348387,0.277866,-48.68,-40.8,-159.89,45.8,180.29,-3.361,True
881418.SH,,distribution,155,0.348387,0.277866,-46.57,-48.0,-151.7,49.79,157.17,-3.689,True
880640.SH,,distribution,111,0.36036,0.277098,-67.0,-72.02,-240.31,101.38,254.46,-2.774,True
880707.SH,,distribution,44,0.409091,0.276876,-29.57,-34.51,-148.11,87.32,195.63,-1.003,True
880680.SH,,distribution,74,0.378378,0.276474,-43.52,-26.26,-130.7,32.12,145.84,-2.567,True
880815.SH,,distribution,122,0.352459,0.273371,-45.23,-39.15,-123.97,40.02,158.16,-3.159,True
880204.SH,,distribution,119,0.352941,0.272905,-60.97,-52.59,-158.95,38.75,165.63,-4.016,True
880211.SH,,distribution,119,0.352941,0.272905,-50.6,-42.08,-138.43,27.84,134.6,-4.101,True
880212.SH,,distribution,119,0.352941,0.272905,-42.84,-29.21,-107.59,34.29,121.96,-3.832,True
880220.SH,,distribution,119,0.352941,0.272905,-39.26,-26.35,-103.57,24.99,116.58,-3.674,True
880224.SH,,distribution,119,0.352941,0.272905,-49.15,-33.12,-124.24,22.96,133.84,-4.006,True
880515.SH,,distribution,119,0.352941,0.272905,-29.63,-34.46,-83.96,27.88,97.41,-3.318,True
880532.SH,,distribution,119,0.352941,0.272905,-28.81,-28.18,-84.1,25.3,97.51,-3.223,True
880540.SH,,distribution,119,0.352941,0.272905,-39.15,-34.31,-105.36,32.21,143.28,-2.981,True
880622.SH,,distribution,119,0.352941,0.272905,-38.06,-27.81,-109.05,37.03,119.24,-3.482,True
880727.SH,,distribution,119,0.352941,0.272905,-60.79,-42.43,-178.54,53.02,184.56,-3.593,True
880753.SH,,distribution,119,0.352941,0.272905,-52.78,-54.55,-145.08,52.02,167.84,-3.431,True
880789.SH,,distribution,119,0.352941,0.272905,-56.42,-39.7,-164.3,52.03,185.37,-3.32,True
880801.SH,,distribution,119,0.352941,0.272905,-28.27,-38.56,-84.69,28.24,92.44,-3.336,True
880847.SH,,distribution,119,0.352941,0.272905,-20.81,-23.39,-70.27,33.03,82.85,-2.74,True
880852.SH,,distribution,119,0.352941,0.272905,-46.03,-32.89,-122.43,30.41,124.51,-4.033,True
880867.SH,,distribution,119,0.352941,0.272905,-105.26,-111.87,-292.02,64.16,262.18,-4.38,True
880882.SH,,distribution,119,0.352941,0.272905,-53.14,-44.95,-145.06,44.84,178.56,-3.247,True
880886.SH,,distribution,119,0.352941,0.272905,959.8,-64.32,-184.09,37.36,11224.83,0.933,True
880348.SH,,distribution,155,0.341935,0.271889,-52.02,-52.1,-159.13,59.68,182.98,-3.54,True
880527.SH,,distribution,69,0.376812,0.271834,-43.1,-41.89,-126.51,46.05,161.09,-2.222,True
880536.SH,,distribution,63,0.380952,0.271173,-44.94,-29.95,-202.05,101.32,238.24,-1.497,True
880752.SH,,distribution,123,0.349593,0.271039,-109.32,-121.46,-255.07,86.94,268.64,-4.513,True
880552.SH,,distribution,48,0.395833,0.270206,-67.66,-43.96,-230.21,66.65,221.72,-2.114,True
880669.SH,,distribution,79,0.367089,0.269271,-60.79,-59.74,-229.31,81.46,270.15,-2.0,True
880784.SH,,distribution,121,0.347107,0.268172,-65.42,-59.21,-216.64,71.79,249.59,-2.883,True
880366.SH,,distribution,155,0.335484,0.265927,-43.25,-50.19,-144.59,45.51,151.77,-3.548,True
881177.SH,,distribution,155,0.335484,0.265927,-46.77,-59.13,-138.25,40.89,152.01,-3.831,True
880225.SH,,distribution,119,0.344538,0.265221,-42.72,-37.89,-118.58,18.86,131.77,-3.537,True
880230.SH,,distribution,119,0.344538,0.265221,-58.74,-53.65,-167.56,45.76,155.89,-4.11,True
880573.SH,,distribution,119,0.344538,0.265221,-53.8,-46.72,-128.22,27.38,174.68,-3.36,True
880604.SH,,distribution,119,0.344538,0.265221,-59.99,-58.78,-180.82,42.81,194.79,-3.36,True
880628.SH,,distribution,119,0.344538,0.265221,-61.63,-52.84,-173.65,48.43,173.56,-3.874,True
880634.SH,,distribution,119,0.344538,0.265221,-51.97,-43.53,-136.73,25.96,135.8,-4.175,True
880802.SH,,distribution,119,0.344538,0.265221,-36.51,-40.82,-109.56,21.27,124.95,-3.187,True
880884.SH,,distribution,119,0.344538,0.265221,-87.96,-90.24,-268.17,80.14,249.86,-3.84,True
880897.SH,,distribution,119,0.344538,0.265221,-47.6,-52.27,-127.95,37.27,157.79,-3.291,True
880910.SH,,distribution,119,0.344538,0.265221,-50.75,-59.88,-157.71,43.96,169.38,-3.269,True
880920.SH,,distribution,119,0.344538,0.265221,-44.94,-46.61,-123.05,49.17,178.91,-2.74,True
880936.SH,,distribution,119,0.344538,0.265221,-57.73,-46.66,-159.89,29.12,153.49,-4.103,True
880970.SH,,distribution,119,0.344538,0.265221,-41.19,-26.27,-109.41,30.14,120.67,-3.724,True
880678.SH,,distribution,74,0.364865,0.264384,-30.23,-34.56,-105.3,25.17,111.1,-2.341,True
880679.SH,,distribution,74,0.364865,0.264384,-44.02,-46.23,-117.81,51.84,120.56,-3.141,True
880684.SH,,distribution,74,0.364865,0.264384,-78.3,-67.46,-229.75,60.21,217.79,-3.092,True
880698.SH,,distribution,74,0.364865,0.264384,-39.78,-29.71,-110.79,26.42,128.75,-2.658,True
880555.SH,,distribution,46,0.391304,0.26393,-74.26,-86.94,-253.98,93.73,260.86,-1.931,True
880581.SH,,distribution,46,0.391304,0.26393,-43.92,-52.45,-160.14,74.08,194.68,-1.53,True
880718.SH,,distribution,34,0.411765,0.263657,-66.4,-120.2,-218.36,117.03,231.95,-1.669,True
880843.SH,,distribution,164,0.329268,0.261971,-15.76,0.0,-93.42,31.05,227.95,-0.885,True
881190.SH,,distribution,155,0.329032,0.259979,-46.82,-60.22,-137.25,36.64,141.46,-4.121,True
881247.SH,,distribution,155,0.329032,0.259979,-65.22,-77.95,-173.33,32.32,198.91,-4.082,True
880568.SH,,distribution,119,0.336134,0.257565,-50.41,-56.19,-145.99,46.27,186.63,-2.947,True
880764.SH,,distribution,119,0.336134,0.257565,-56.16,-59.3,-166.35,26.19,164.65,-3.721,True
880849.SH,,distribution,119,0.336134,0.257565,-35.74,-29.26,-105.12,27.72,110.52,-3.527,True
880856.SH,,distribution,119,0.336134,0.257565,-46.53,-37.47,-109.93,21.64,123.3,-4.117,True
880530.SH,,distribution,63,0.365079,0.257152,-49.01,-60.93,-167.93,48.75,168.02,-2.315,True
880712.SH,,distribution,35,0.4,0.255505,-46.07,-46.65,-188.72,86.61,207.52,-1.313,True
880958.SH,,distribution,32,0.40625,0.255194,-74.71,-93.33,-242.91,138.42,266.61,-1.585,True
881275.SH,,distribution,155,0.322581,0.254047,-77.09,-74.19,-219.45,33.0,222.22,-4.319,True
880671.SH,,distribution,74,0.351351,0.25238,-30.52,-39.33,-104.18,19.12,112.31,-2.338,True
880649.SH,,distribution,98,0.336735,0.2509,-64.19,-62.84,-184.17,42.31,179.05,-3.549,True
880851.SH,,distribution,150,0.32,0.250644,-43.97,0.0,-121.23,23.11,150.38,-3.581,True
880835.SH,,distribution,119,0.327731,0.249937,-39.16,-41.33,-112.54,25.6,115.23,-3.707,True
880578.SH,,distribution,46,0.369565,0.245236,-54.71,-69.42,-182.64,35.97,167.44,-2.216,True
880648.SH,,distribution,46,0.369565,0.245236,-59.53,-60.3,-182.82,47.2,194.65,-2.074,True
880653.SH,,distribution,46,0.369565,0.245236,-57.11,-52.73,-184.38,37.18,171.87,-2.254,True
880894.SH,,distribution,119,0.319328,0.242338,-42.57,-33.13,-119.12,17.63,119.47,-3.887,True
880398.SH,,distribution,155,0.303226,0.236344,-48.56,-44.01,-128.27,30.59,154.59,-3.91,True
880009.SH,,distribution,32,0.375,0.229337,-84.7,-92.07,-197.31,58.09,183.68,-2.609,True
880732.SH,,distribution,32,0.375,0.229337,-82.75,-91.28,-220.43,82.71,218.47,-2.143,True
880978.SH,,distribution,32,0.375,0.229337,-74.9,-81.62,-211.33,66.64,194.79,-2.175,True
880876.SH,,distribution,119,0.302521,0.22723,-59.47,-48.35,-174.12,12.78,176.01,-3.686,True
880554.SH,,distribution,46,0.347826,0.226808,-81.82,-95.56,-238.21,88.83,275.47,-2.015,True
880566.SH,,distribution,46,0.347826,0.226808,-67.67,-48.29,-217.97,84.83,244.26,-1.879,True
880866.SH,,distribution,126,0.293651,0.22118,-57.78,-59.27,-145.19,24.53,140.94,-4.602,True
880641.SH,,distribution,111,0.297297,0.220207,-42.53,-14.1,-129.31,33.09,192.07,-2.333,True
880677.SH,,distribution,74,0.310811,0.216907,-59.65,-51.72,-163.79,28.59,151.25,-3.392,True
880690.SH,,distribution,74,0.297297,0.205271,3368.59,-78.56,-257.87,22.19,30143.57,0.961,True
880864.SH,,distribution,119,0.277311,0.204803,1009.16,-78.95,-235.45,20.13,11959.17,0.921,True
880747.SH,,distribution,32,0.34375,0.204102,-60.27,-96.36,-160.32,85.87,198.15,-1.721,True
880914.SH,,distribution,32,0.34375,0.204102,-81.42,-127.95,-224.56,47.72,205.57,-2.241,True
880963.SH,,distribution,32,0.34375,0.204102,-137.89,-65.12,-308.05,48.62,328.41,-2.375,True
880979.SH,,distribution,32,0.34375,0.204102,-73.96,-74.29,-225.97,65.44,252.09,-1.66,True
880854.SH,,distribution,181,0.259669,0.201257,-34.81,0.0,-124.25,12.48,178.51,-2.623,True
880874.SH,,distribution,119,0.260504,0.190016,2497.22,-98.27,-243.73,11.77,28467.2,0.957,True
880825.SH,,distribution,164,0.25,0.189963,-44.47,0.0,-105.91,0.06,170.52,-3.34,True
880691.SH,,distribution,74,0.27027,0.182301,-138.48,-155.14,-328.89,24.56,313.61,-3.798,True
880972.SH,,distribution,32,0.3125,0.179524,-76.46,-95.47,-171.69,48.64,176.79,-2.447,True
880570.SH,,distribution,46,0.26087,0.156007,-55.78,-60.99,-129.35,11.5,132.59,-2.853,True
880763.SH,,distribution,32,0.28125,0.155644,-53.58,-78.11,-126.13,47.76,144.2,-2.102,True
880751.SH,,distribution,126,0.134921,0.085973,1843.96,-241.4,-404.71,-111.47,23545.87,0.879,True
880625.SH,,distribution,9,0.222222,0.063224,-113.78,-100.41,-201.76,-27.66,127.37,-2.68,False
880588.SH,,distribution,1,0.0,0.0,-727.89,-727.89,-727.89,-727.89,,,False
880836.SH,,distribution,15,0.0,-0.0,0.0,0.0,0.0,0.0,0.0,,False
880399.SH,,euphoria,28,0.857143,0.685098,126.3,35.36,7.41,194.2,312.9,2.136,False
880413.SH,,euphoria,28,0.857143,0.685098,114.08,95.94,26.2,194.63,262.14,2.303,False
880421.SH,,euphoria,28,0.857143,0.685098,134.4,113.04,40.3,223.94,328.18,2.167,False
880422.SH,,euphoria,28,0.857143,0.685098,152.88,106.32,40.32,215.38,323.09,2.504,False
880456.SH,,euphoria,28,0.857143,0.685098,110.82,70.37,28.04,134.96,282.74,2.074,False
880494.SH,,euphoria,28,0.857143,0.685098,179.01,91.72,23.44,283.1,396.99,2.386,False
881206.SH,,euphoria,28,0.857143,0.685098,94.15,86.43,30.11,162.35,259.38,1.921,False
881313.SH,,euphoria,28,0.857143,0.685098,209.59,120.41,36.12,296.0,431.95,2.568,False
881338.SH,,euphoria,28,0.857143,0.685098,174.13,118.43,31.27,194.82,407.22,2.263,False
881471.SH,,euphoria,28,0.857143,0.685098,108.24,74.04,33.51,125.62,280.05,2.045,False
880521.SH,,euphoria,18,0.888889,0.671998,114.43,105.73,39.19,204.29,310.22,1.565,False
880574.SH,,euphoria,18,0.888889,0.671998,197.27,93.47,54.87,280.74,476.64,1.756,False
880706.SH,,euphoria,18,0.888889,0.671998,148.12,128.17,66.7,236.22,380.59,1.651,False
880716.SH,,euphoria,18,0.888889,0.671998,226.05,133.38,48.44,265.2,470.3,2.039,False
880725.SH,,euphoria,18,0.888889,0.671998,196.42,127.19,21.77,270.31,488.13,1.707,False
880728.SH,,euphoria,18,0.888889,0.671998,108.73,127.72,22.59,149.32,311.06,1.483,False
880774.SH,,euphoria,18,0.888889,0.671998,337.71,319.41,86.98,493.11,438.16,3.27,False
880887.SH,,euphoria,18,0.888889,0.671998,197.21,100.72,36.66,221.93,507.99,1.647,False
880665.SH,,euphoria,7,1.0,0.645661,250.89,227.71,72.74,326.14,232.2,2.859,False
880351.SH,,euphoria,28,0.821429,0.644082,173.37,164.87,37.79,233.85,359.59,2.551,False
880440.SH,,euphoria,28,0.821429,0.644082,146.12,102.16,23.38,200.16,362.5,2.133,False
880445.SH,,euphoria,28,0.821429,0.644082,156.21,110.2,39.65,214.42,378.08,2.186,False
880489.SH,,euphoria,28,0.821429,0.644082,153.52,89.51,14.72,212.05,335.79,2.419,False
881087.SH,,euphoria,28,0.821429,0.644082,210.66,170.1,61.59,410.71,400.99,2.78,False
881104.SH,,euphoria,28,0.821429,0.644082,164.01,118.61,30.86,266.93,354.11,2.451,False
881162.SH,,euphoria,28,0.821429,0.644082,75.71,84.76,8.2,101.17,243.04,1.648,False
881171.SH,,euphoria,28,0.821429,0.644082,118.12,128.21,25.61,221.48,278.02,2.248,False
881303.SH,,euphoria,28,0.821429,0.644082,119.15,91.52,42.19,178.22,322.16,1.957,False
881329.SH,,euphoria,28,0.821429,0.644082,156.67,138.84,3.07,307.64,324.84,2.552,False
881470.SH,,euphoria,28,0.821429,0.644082,118.64,87.19,19.62,158.07,304.55,2.061,False
880205.SH,,euphoria,18,0.833333,0.607775,127.21,89.1,33.79,121.38,334.73,1.612,False
880213.SH,,euphoria,18,0.833333,0.607775,101.72,60.4,14.51,175.56,305.88,1.411,False
880215.SH,,euphoria,18,0.833333,0.607775,109.06,66.93,16.86,116.05,341.25,1.356,False
880228.SH,,euphoria,18,0.833333,0.607775,130.67,56.21,12.81,143.67,352.16,1.574,False
880505.SH,,euphoria,18,0.833333,0.607775,97.91,65.49,25.88,222.1,278.52,1.491,False
880534.SH,,euphoria,18,0.833333,0.607775,160.19,98.49,30.73,179.67,424.54,1.601,False
880538.SH,,euphoria,18,0.833333,0.607775,99.23,38.64,16.85,150.65,294.71,1.428,False
880539.SH,,euphoria,18,0.833333,0.607775,206.62,73.6,4.54,201.69,564.94,1.552,False
880559.SH,,euphoria,18,0.833333,0.607775,90.26,95.37,44.64,208.97,301.22,1.271,False
880565.SH,,euphoria,18,0.833333,0.607775,159.84,106.31,23.57,177.29,418.18,1.622,False
880576.SH,,euphoria,18,0.833333,0.607775,134.48,49.36,11.5,151.49,353.59,1.614,False
880604.SH,,euphoria,18,0.833333,0.607775,188.54,84.71,42.72,147.5,411.05,1.946,False
880614.SH,,euphoria,18,0.833333,0.607775,144.77,130.6,21.7,167.01,402.71,1.525,False
880618.SH,,euphoria,18,0.833333,0.607775,98.53,82.64,7.37,155.88,326.87,1.279,False
880628.SH,,euphoria,18,0.833333,0.607775,123.81,87.09,6.06,190.69,353.74,1.485,False
880637.SH,,euphoria,18,0.833333,0.607775,249.84,86.26,19.5,231.0,460.57,2.301,False
880717.SH,,euphoria,18,0.833333,0.607775,160.34,131.53,23.31,340.95,439.69,1.547,False
880724.SH,,euphoria,18,0.833333,0.607775,143.3,114.61,24.93,166.51,383.87,1.584,False
880731.SH,,euphoria,18,0.833333,0.607775,161.98,113.5,34.98,195.71,433.31,1.586,False
880742.SH,,euphoria,18,0.833333,0.607775,181.43,106.04,39.15,190.25,503.4,1.529,False
880767.SH,,euphoria,18,0.833333,0.607775,201.55,117.49,41.18,272.46,482.4,1.773,False
880769.SH,,euphoria,18,0.833333,0.607775,123.93,66.05,41.14,147.21,374.58,1.404,False
880781.SH,,euphoria,18,0.833333,0.607775,147.17,130.27,53.18,230.24,358.59,1.741,False
880786.SH,,euphoria,18,0.833333,0.607775,163.25,100.52,15.69,237.91,403.29,1.717,False
880787.SH,,euphoria,18,0.833333,0.607775,191.24,149.63,19.99,347.06,421.21,1.926,False
880796.SH,,euphoria,18,0.833333,0.607775,129.77,90.12,12.68,206.44,387.13,1.422,False
880812.SH,,euphoria,18,0.833333,0.607775,438.2,265.49,186.75,850.84,421.48,4.411,False
880863.SH,,euphoria,18,0.833333,0.607775,352.52,324.76,102.4,601.08,399.06,3.748,False
880870.SH,,euphoria,18,0.833333,0.607775,219.64,109.35,64.02,269.71,541.52,1.721,False
880877.SH,,euphoria,18,0.833333,0.607775,149.12,63.06,18.53,271.24,359.34,1.761,False
880893.SH,,euphoria,18,0.833333,0.607775,236.61,62.66,21.5,175.97,635.2,1.58,False
880902.SH,,euphoria,18,0.833333,0.607775,176.52,107.98,12.0,258.73,439.24,1.705,False
880930.SH,,euphoria,18,0.833333,0.607775,199.65,114.93,14.72,257.17,452.72,1.871,False
880945.SH,,euphoria,18,0.833333,0.607775,206.69,144.8,31.36,268.68,475.18,1.845,False
880966.SH,,euphoria,18,0.833333,0.607775,199.14,100.89,32.64,262.09,501.15,1.686,False
880969.SH,,euphoria,18,0.833333,0.607775,186.18,103.73,26.8,248.32,462.61,1.707,False
880971.SH,,euphoria,18,0.833333,0.607775,125.99,88.53,29.26,143.17,378.55,1.412,False
880321.SH,,euphoria,28,0.785714,0.604611,101.37,64.36,10.38,175.08,263.38,2.037,False
880340.SH,,euphoria,28,0.785714,0.604611,125.88,62.19,13.96,159.04,394.09,1.69,False
880344.SH,,euphoria,28,0.785714,0.604611,105.47,55.58,8.84,145.94,305.41,1.827,False
880347.SH,,euphoria,28,0.785714,0.604611,142.55,79.55,10.96,273.97,345.12,2.186,False
880350.SH,,euphoria,28,0.785714,0.604611,92.64,82.85,9.66,142.25,258.87,1.894,False
880363.SH,,euphoria,28,0.785714,0.604611,81.01,114.34,48.83,191.21,333.25,1.286,False
880367.SH,,euphoria,28,0.785714,0.604611,72.32,53.91,12.65,99.86,265.61,1.441,False
880406.SH,,euphoria,28,0.785714,0.604611,73.79,55.32,6.94,84.27,280.69,1.391,False
880414.SH,,euphoria,28,0.785714,0.604611,88.06,97.98,28.44,176.42,264.52,1.762,False
880418.SH,,euphoria,28,0.785714,0.604611,113.4,82.92,9.17,198.26,356.04,1.685,False
880419.SH,,euphoria,28,0.785714,0.604611,107.97,89.73,11.98,203.92,307.24,1.859,False
880448.SH,,euphoria,28,0.785714,0.604611,160.81,82.56,4.88,238.57,439.24,1.937,False
880454.SH,,euphoria,28,0.785714,0.604611,51.43,35.32,7.14,60.91,196.62,1.384,False
880490.SH,,euphoria,28,0.785714,0.604611,155.05,110.43,30.87,203.76,376.87,2.177,False
881044.SH,,euphoria,28,0.785714,0.604611,135.32,122.74,1.9,236.77,336.63,2.127,False
881094.SH,,euphoria,28,0.785714,0.604611,152.0,99.11,37.55,331.41,341.9,2.353,False
881115.SH,,euphoria,28,0.785714,0.604611,81.2,109.49,24.98,236.2,335.01,1.283,False
881167.SH,,euphoria,28,0.785714,0.604611,95.95,68.55,13.09,139.9,248.5,2.043,False
881177.SH,,euphoria,28,0.785714,0.604611,123.27,38.55,0.33,183.26,295.28,2.209,False
881205.SH,,euphoria,28,0.785714,0.604611,175.9,92.43,33.51,371.0,416.4,2.235,False
881241.SH,,euphoria,28,0.785714,0.604611,115.78,50.55,1.29,155.1,391.43,1.565,False
881294.SH,,euphoria,28,0.785714,0.604611,144.2,116.88,23.26,265.02,348.65,2.189,False
881369.SH,,euphoria,28,0.785714,0.604611,169.38,83.89,16.58,255.77,424.16,2.113,False
881370.SH,,euphoria,28,0.785714,0.604611,170.6,103.78,28.43,373.73,396.6,2.276,False
881380.SH,,euphoria,28,0.785714,0.604611,108.11,89.72,12.27,203.92,307.24,1.862,False
881415.SH,,euphoria,28,0.785714,0.604611,128.95,103.92,20.93,152.86,360.58,1.892,False
881416.SH,,euphoria,28,0.785714,0.604611,109.98,80.59,35.47,195.3,271.17,2.146,False
881468.SH,,euphoria,28,0.785714,0.604611,57.84,51.8,7.36,78.75,197.08,1.553,False
880655.SH,,euphoria,13,0.846154,0.577648,237.82,116.32,69.97,358.48,577.65,1.484,False
880656.SH,,euphoria,13,0.846154,0.577648,262.09,164.82,69.35,454.99,572.85,1.65,False
880672.SH,,euphoria,13,0.846154,0.577648,318.9,171.84,3.86,415.09,610.16,1.884,False
880684.SH,,euphoria,13,0.846154,0.577648,282.53,131.0,72.15,420.24,629.91,1.617,False
880307.SH,,euphoria,28,0.75,0.56644,68.54,41.9,-0.12,168.68,217.7,1.666,False
880355.SH,,euphoria,28,0.75,0.56644,122.61,47.75,-0.96,136.34,388.91,1.668,False
880411.SH,,euphoria,28,0.75,0.56644,145.94,122.09,3.95,207.01,383.89,2.012,False
880437.SH,,euphoria,28,0.75,0.56644,157.76,148.21,9.53,275.37,365.12,2.286,False
880439.SH,,euphoria,28,0.75,0.56644,156.69,158.28,12.16,254.96,369.51,2.244,False
880443.SH,,euphoria,28,0.75,0.56644,120.5,86.84,15.07,242.95,299.68,2.128,False
880444.SH,,euphoria,28,0.75,0.56644,86.79,75.78,-5.95,162.78,323.49,1.42,False
880453.SH,,euphoria,28,0.75,0.56644,113.57,72.63,4.88,156.69,218.23,2.754,False
880461.SH,,euphoria,28,0.75,0.56644,83.94,87.27,2.35,222.59,278.29,1.596,False
880478.SH,,euphoria,28,0.75,0.56644,109.97,87.39,7.78,228.57,275.68,2.111,False
880491.SH,,euphoria,28,0.75,0.56644,225.24,158.62,5.08,228.94,440.37,2.707,False
880492.SH,,euphoria,28,0.75,0.56644,151.19,99.47,28.67,243.29,346.11,2.311,False
880842.SH,,euphoria,28,0.75,0.56644,132.49,117.23,1.62,185.71,363.08,1.931,False
881026.SH,,euphoria,28,0.75,0.56644,68.57,69.85,2.62,147.42,276.62,1.312,False
881151.SH,,euphoria,28,0.75,0.56644,66.14,59.23,16.05,120.5,282.68,1.238,False
881157.SH,,euphoria,28,0.75,0.56644,77.1,55.56,0.76,107.37,272.36,1.498,False
881204.SH,,euphoria,28,0.75,0.56644,74.86,45.03,-0.52,123.94,255.82,1.548,False
881268.SH,,euphoria,28,0.75,0.56644,83.52,79.69,-12.88,138.82,239.08,1.849,False
881319.SH,,euphoria,28,0.75,0.56644,225.13,158.84,3.92,230.53,442.7,2.691,False
881326.SH,,euphoria,28,0.75,0.56644,125.8,83.83,-4.76,181.53,360.6,1.846,False
881336.SH,,euphoria,28,0.75,0.56644,180.55,175.93,9.94,305.6,376.21,2.539,False
881347.SH,,euphoria,28,0.75,0.56644,161.84,171.51,34.72,251.77,378.19,2.264,False
881352.SH,,euphoria,28,0.75,0.56644,133.86,108.78,-2.74,191.64,335.97,2.108,False
881359.SH,,euphoria,28,0.75,0.56644,192.01,117.17,-13.97,306.02,510.86,1.989,False
881364.SH,,euphoria,28,0.75,0.56644,196.44,109.44,10.91,278.14,485.76,2.14,False
881373.SH,,euphoria,28,0.75,0.56644,121.89,92.04,2.56,260.18,405.93,1.589,False
881376.SH,,euphoria,28,0.75,0.56644,216.38,201.93,3.79,361.82,407.6,2.809,False
881384.SH,,euphoria,28,0.75,0.56644,113.31,77.82,-14.87,224.01,406.85,1.474,False
881428.SH,,euphoria,28,0.75,0.56644,191.52,137.11,9.32,380.98,379.63,2.67,False
881449.SH,,euphoria,28,0.75,0.56644,57.28,76.01,-8.04,135.45,239.19,1.267,False
881478.SH,,euphoria,28,0.75,0.56644,102.05,94.47,-11.08,203.59,297.55,1.815,False
880550.SH,,euphoria,12,0.833333,0.551964,248.19,158.28,99.14,392.86,585.4,1.469,False
880561.SH,,euphoria,12,0.833333,0.551964,221.98,139.6,37.91,367.79,596.98,1.288,False
880001.SH,,euphoria,18,0.777778,0.54785,114.34,59.44,4.82,140.91,341.36,1.421,False
880008.SH,,euphoria,18,0.777778,0.54785,156.46,103.6,28.81,209.09,418.55,1.586,False
880204.SH,,euphoria,18,0.777778,0.54785,150.59,101.92,41.33,303.91,324.23,1.971,False
880208.SH,,euphoria,18,0.777778,0.54785,113.14,73.9,3.98,312.78,339.31,1.415,False
880212.SH,,euphoria,18,0.777778,0.54785,116.07,44.41,6.0,141.49,380.3,1.295,False
880214.SH,,euphoria,18,0.777778,0.54785,76.45,103.12,2.06,207.94,278.18,1.166,False
880219.SH,,euphoria,18,0.777778,0.54785,161.76,99.06,14.73,280.98,363.58,1.888,False
880222.SH,,euphoria,18,0.777778,0.54785,140.07,62.19,7.64,215.39,406.06,1.464,False
880226.SH,,euphoria,18,0.777778,0.54785,141.48,47.93,6.91,204.11,371.94,1.614,False
880227.SH,,euphoria,18,0.777778,0.54785,92.33,46.69,12.22,114.26,300.69,1.303,False
880506.SH,,euphoria,18,0.777778,0.54785,196.35,150.45,23.33,288.11,475.1,1.753,False
880519.SH,,euphoria,18,0.777778,0.54785,151.67,106.65,27.88,196.03,397.36,1.619,False
880529.SH,,euphoria,18,0.777778,0.54785,229.83,82.83,13.05,225.2,742.38,1.313,False
880540.SH,,euphoria,18,0.777778,0.54785,135.47,102.85,11.75,251.89,336.11,1.71,False
880542.SH,,euphoria,18,0.777778,0.54785,146.24,129.55,12.21,230.7,412.63,1.504,False
880546.SH,,euphoria,18,0.777778,0.54785,201.92,160.45,38.29,269.53,538.26,1.592,False
880549.SH,,euphoria,18,0.777778,0.54785,124.14,114.55,23.55,240.74,364.85,1.444,False
880553.SH,,euphoria,18,0.777778,0.54785,119.8,103.52,1.07,181.14,378.88,1.341,False
880558.SH,,euphoria,18,0.777778,0.54785,147.78,114.31,23.17,175.39,399.27,1.57,False
880563.SH,,euphoria,18,0.777778,0.54785,187.26,123.43,13.8,305.63,474.07,1.676,False
880568.SH,,euphoria,18,0.777778,0.54785,120.91,60.25,31.85,122.6,359.35,1.427,False
880569.SH,,euphoria,18,0.777778,0.54785,175.33,110.23,29.01,285.84,435.63,1.708,False
880575.SH,,euphoria,18,0.777778,0.54785,132.08,87.07,66.51,238.43,344.16,1.628,False
880577.SH,,euphoria,18,0.777778,0.54785,209.47,144.69,8.7,294.83,483.99,1.836,False
880583.SH,,euphoria,18,0.777778,0.54785,154.55,97.01,17.56,197.44,429.71,1.526,False
880585.SH,,euphoria,18,0.777778,0.54785,137.53,112.21,37.08,259.33,327.34,1.783,False
880587.SH,,euphoria,18,0.777778,0.54785,125.52,81.49,37.13,144.1,397.01,1.341,False
880589.SH,,euphoria,18,0.777778,0.54785,204.95,129.47,18.28,268.86,487.19,1.785,False
880590.SH,,euphoria,18,0.777778,0.54785,191.97,139.03,39.85,288.13,469.95,1.733,False
880591.SH,,euphoria,18,0.777778,0.54785,157.85,78.72,22.35,194.1,357.78,1.872,False
880596.SH,,euphoria,18,0.777778,0.54785,137.9,109.87,7.16,303.2,384.89,1.52,False
880598.SH,,euphoria,18,0.777778,0.54785,162.72,180.19,73.17,342.07,420.24,1.643,False
880599.SH,,euphoria,18,0.777778,0.54785,110.28,70.78,16.05,157.76,375.23,1.247,False
880605.SH,,euphoria,18,0.777778,0.54785,122.13,101.81,14.42,122.07,382.24,1.356,False
880606.SH,,euphoria,18,0.777778,0.54785,143.52,85.14,23.94,183.0,440.24,1.383,False
880608.SH,,euphoria,18,0.777778,0.54785,218.05,96.69,36.79,252.03,483.12,1.915,False
880610.SH,,euphoria,18,0.777778,0.54785,123.52,102.44,12.23,166.53,377.81,1.387,False
880615.SH,,euphoria,18,0.777778,0.54785,215.75,149.61,10.88,325.15,468.7,1.953,False
880621.SH,,euphoria,18,0.777778,0.54785,197.86,192.45,36.54,344.94,446.64,1.879,False
880622.SH,,euphoria,18,0.777778,0.54785,158.59,63.7,12.97,170.33,416.47,1.616,False
880624.SH,,euphoria,18,0.777778,0.54785,145.97,122.32,22.83,149.42,412.06,1.503,False
880635.SH,,euphoria,18,0.777778,0.54785,240.36,168.21,21.41,295.64,499.67,2.041,False
880636.SH,,euphoria,18,0.777778,0.54785,140.79,104.69,25.04,203.82,385.73,1.549,False
880638.SH,,euphoria,18,0.777778,0.54785,193.77,119.02,13.81,251.09,472.53,1.74,False
880640.SH,,euphoria,18,0.777778,0.54785,178.39,155.46,19.51,305.29,429.6,1.762,False
880643.SH,,euphoria,18,0.777778,0.54785,251.53,234.14,30.95,423.68,533.26,2.001,False
880645.SH,,euphoria,18,0.777778,0.54785,279.94,258.7,56.57,464.12,549.38,2.162,False
880646.SH,,euphoria,18,0.777778,0.54785,203.02,148.0,58.2,288.94,476.1,1.809,False
880649.SH,,euphoria,18,0.777778,0.54785,133.23,103.09,33.51,162.5,378.26,1.494,False
880705.SH,,euphoria,18,0.777778,0.54785,130.71,81.72,11.02,162.65,395.45,1.402,False
880708.SH,,euphoria,18,0.777778,0.54785,146.16,112.46,14.57,206.71,377.91,1.641,False
880714.SH,,euphoria,18,0.777778,0.54785,144.03,107.42,10.42,163.32,369.1,1.656,False
880720.SH,,euphoria,18,0.777778,0.54785,198.85,206.23,20.76,319.93,477.32,1.767,False
880730.SH,,euphoria,18,0.777778,0.54785,143.27,104.72,15.49,181.15,420.15,1.447,False
880735.SH,,euphoria,18,0.777778,0.54785,202.97,80.85,29.61,262.82,502.86,1.712,False
880736.SH,,euphoria,18,0.777778,0.54785,190.81,150.32,39.71,287.02,465.25,1.74,False
880737.SH,,euphoria,18,0.777778,0.54785,190.77,105.39,59.81,295.87,497.81,1.626,False
880740.SH,,euphoria,18,0.777778,0.54785,169.99,134.06,13.14,235.4,475.21,1.518,False
880744.SH,,euphoria,18,0.777778,0.54785,133.39,117.07,29.56,195.68,363.48,1.557,False
880748.SH,,euphoria,18,0.777778,0.54785,222.09,222.81,24.88,304.21,506.2,1.861,False
880749.SH,,euphoria,18,0.777778,0.54785,213.44,151.48,32.68,275.25,526.75,1.719,False
880753.SH,,euphoria,18,0.777778,0.54785,111.53,75.37,18.41,160.16,336.09,1.408,False
880755.SH,,euphoria,18,0.777778,0.54785,174.98,119.79,14.86,202.67,501.17,1.481,False
880757.SH,,euphoria,18,0.777778,0.54785,113.06,84.27,21.55,153.83,332.55,1.442,False
880758.SH,,euphoria,18,0.777778,0.54785,239.58,88.6,6.17,278.52,511.75,1.986,False
880779.SH,,euphoria,18,0.777778,0.54785,192.81,129.48,13.24,294.09,461.08,1.774,False
880780.SH,,euphoria,18,0.777778,0.54785,262.52,160.1,8.38,353.85,596.95,1.866,False
880783.SH,,euphoria,18,0.777778,0.54785,105.67,35.75,10.68,141.82,347.48,1.29,False
880792.SH,,euphoria,18,0.777778,0.54785,224.61,159.53,45.78,321.05,482.65,1.974,False
880795.SH,,euphoria,18,0.777778,0.54785,141.25,102.28,26.26,185.02,402.65,1.488,False
880797.SH,,euphoria,18,0.777778,0.54785,104.84,61.62,8.45,181.21,324.84,1.369,False
880814.SH,,euphoria,18,0.777778,0.54785,101.26,48.0,30.52,168.08,314.86,1.364,False
880817.SH,,euphoria,18,0.777778,0.54785,101.36,100.31,15.16,176.71,347.11,1.239,False
880823.SH,,euphoria,18,0.777778,0.54785,158.09,113.33,37.04,223.32,405.98,1.652,False
880824.SH,,euphoria,18,0.777778,0.54785,179.28,104.08,20.11,373.81,458.08,1.66,False
880834.SH,,euphoria,18,0.777778,0.54785,164.92,96.72,10.08,307.49,388.76,1.8,False
880858.SH,,euphoria,18,0.777778,0.54785,114.39,32.57,1.04,222.9,365.92,1.326,False
880860.SH,,euphoria,18,0.777778,0.54785,161.25,127.99,11.08,275.49,399.26,1.713,False
880865.SH,,euphoria,18,0.777778,0.54785,94.82,70.65,7.66,194.75,348.57,1.154,False
880869.SH,,euphoria,18,0.777778,0.54785,153.11,120.92,19.84,216.06,401.0,1.62,False
880872.SH,,euphoria,18,0.777778,0.54785,149.88,111.85,47.08,274.95,317.25,2.004,False
880873.SH,,euphoria,18,0.777778,0.54785,156.79,100.96,37.56,218.7,434.02,1.533,False
880882.SH,,euphoria,18,0.777778,0.54785,123.72,107.35,11.95,236.25,320.92,1.636,False
880885.SH,,euphoria,18,0.777778,0.54785,329.96,136.41,35.98,345.63,563.48,2.484,False
880899.SH,,euphoria,18,0.777778,0.54785,182.15,95.16,2.33,255.28,491.37,1.573,False
880904.SH,,euphoria,18,0.777778,0.54785,194.0,136.5,50.9,274.57,463.01,1.778,False
880905.SH,,euphoria,18,0.777778,0.54785,161.08,132.6,47.38,282.32,408.3,1.674,False
880906.SH,,euphoria,18,0.777778,0.54785,153.72,108.07,16.4,230.55,407.49,1.6,False
880909.SH,,euphoria,18,0.777778,0.54785,144.02,108.48,17.26,175.57,394.06,1.551,False
880913.SH,,euphoria,18,0.777778,0.54785,152.02,90.65,29.05,200.48,451.34,1.429,False
880919.SH,,euphoria,18,0.777778,0.54785,130.88,87.03,18.31,180.49,339.39,1.636,False
880920.SH,,euphoria,18,0.777778,0.54785,134.63,51.63,12.5,241.65,461.16,1.239,False
880922.SH,,euphoria,18,0.777778,0.54785,133.35,77.43,13.4,313.84,396.66,1.426,False
880923.SH,,euphoria,18,0.777778,0.54785,113.19,104.93,24.63,202.93,345.53,1.39,False
880941.SH,,euphoria,18,0.777778,0.54785,149.38,126.71,60.84,260.63,408.08,1.553,False
880942.SH,,euphoria,18,0.777778,0.54785,206.48,159.75,25.68,276.56,484.82,1.807,False
880943.SH,,euphoria,18,0.777778,0.54785,194.5,148.77,10.27,218.75,488.51,1.689,False
880948.SH,,euphoria,18,0.777778,0.54785,224.17,181.42,18.26,346.3,493.51,1.927,False
880951.SH,,euphoria,18,0.777778,0.54785,168.83,138.93,5.03,274.25,447.13,1.602,False
880952.SH,,euphoria,18,0.777778,0.54785,223.77,117.31,17.73,284.2,487.68,1.947,False
880953.SH,,euphoria,18,0.777778,0.54785,130.65,89.12,42.15,128.27,386.64,1.434,False
880955.SH,,euphoria,18,0.777778,0.54785,138.08,114.81,29.35,197.63,372.07,1.574,False
880959.SH,,euphoria,18,0.777778,0.54785,221.89,197.65,20.93,422.69,492.84,1.91,False
880970.SH,,euphoria,18,0.777778,0.54785,124.87,55.54,10.48,195.48,347.89,1.523,False
880973.SH,,euphoria,18,0.777778,0.54785,124.95,68.8,14.09,162.97,414.25,1.28,False
880975.SH,,euphoria,18,0.777778,0.54785,151.93,126.22,17.63,143.58,403.67,1.597,False
880889.SH,,euphoria,20,0.75,0.531295,211.01,101.46,18.45,203.13,319.32,2.955,False
880305.SH,,euphoria,28,0.714286,0.529404,31.71,22.7,-4.47,85.48,169.06,0.993,False
880324.SH,,euphoria,28,0.714286,0.529404,107.72,90.86,-8.33,255.29,257.05,2.217,False
880327.SH,,euphoria,28,0.714286,0.529404,116.4,99.62,-14.78,239.96,289.63,2.127,False
880328.SH,,euphoria,28,0.714286,0.529404,73.73,96.8,-8.09,169.01,234.75,1.662,False
880337.SH,,euphoria,28,0.714286,0.529404,57.33,45.51,-39.14,190.16,281.68,1.077,False
880339.SH,,euphoria,28,0.714286,0.529404,93.68,107.93,-12.83,169.34,283.81,1.747,False
880368.SH,,euphoria,28,0.714286,0.529404,85.49,80.21,-3.18,140.38,270.53,1.672,False
880387.SH,,euphoria,28,0.714286,0.529404,82.98,32.82,-13.15,166.38,252.14,1.741,False
880392.SH,,euphoria,28,0.714286,0.529404,133.5,66.88,-7.83,260.1,292.44,2.416,False
880400.SH,,euphoria,28,0.714286,0.529404,88.56,30.99,-56.21,128.5,309.87,1.512,False
880403.SH,,euphoria,28,0.714286,0.529404,78.37,47.65,-11.42,108.32,275.59,1.505,False
880407.SH,,euphoria,28,0.714286,0.529404,57.81,67.44,-41.54,118.47,279.84,1.093,False
880408.SH,,euphoria,28,0.714286,0.529404,103.18,60.72,-15.07,145.1,332.52,1.642,False
880412.SH,,euphoria,28,0.714286,0.529404,80.74,64.09,-2.23,128.95,258.35,1.654,False
880420.SH,,euphoria,28,0.714286,0.529404,122.69,81.86,-8.67,214.78,403.03,1.611,False
880426.SH,,euphoria,28,0.714286,0.529404,115.06,106.4,-12.8,191.41,358.98,1.696,False
880431.SH,,euphoria,28,0.714286,0.529404,70.35,45.55,-23.89,151.84,256.35,1.452,False
880432.SH,,euphoria,28,0.714286,0.529404,75.38,55.98,-7.12,116.31,281.33,1.418,False
880438.SH,,euphoria,28,0.714286,0.529404,164.63,105.78,-17.23,288.19,357.8,2.435,False
880459.SH,,euphoria,28,0.714286,0.529404,62.62,59.07,-10.81,110.33,224.76,1.474,False
880485.SH,,euphoria,28,0.714286,0.529404,68.58,31.4,-6.71,91.28,257.04,1.412,False
880493.SH,,euphoria,28,0.714286,0.529404,208.98,109.4,-7.63,282.59,465.86,2.374,False
881016.SH,,euphoria,28,0.714286,0.529404,121.28,47.51,-6.77,151.77,389.73,1.647,False
881034.SH,,euphoria,28,0.714286,0.529404,84.62,51.27,-41.49,132.3,292.82,1.529,False
881051.SH,,euphoria,28,0.714286,0.529404,115.58,101.73,-4.0,223.41,312.94,1.954,False
881071.SH,,euphoria,28,0.714286,0.529404,82.39,69.5,-3.55,152.69,234.64,1.858,False
881075.SH,,euphoria,28,0.714286,0.529404,80.37,99.77,-30.01,180.65,239.0,1.779,False
881123.SH,,euphoria,28,0.714286,0.529404,86.44,39.45,-15.84,100.16,346.14,1.321,False
881140.SH,,euphoria,28,0.714286,0.529404,102.8,68.79,-40.6,192.53,327.62,1.66,False
881187.SH,,euphoria,28,0.714286,0.529404,125.11,49.38,-13.54,227.57,318.0,2.082,False
881207.SH,,euphoria,28,0.714286,0.529404,134.94,97.75,-9.05,275.36,390.22,1.83,False
881215.SH,,euphoria,28,0.714286,0.529404,114.72,85.81,-42.53,249.08,268.94,2.257,False
881218.SH,,euphoria,28,0.714286,0.529404,134.28,66.65,-6.64,264.4,294.47,2.413,False
881285.SH,,euphoria,28,0.714286,0.529404,83.2,50.79,-28.77,150.62,339.29,1.298,False
881289.SH,,euphoria,28,0.714286,0.529404,88.54,57.54,-25.34,249.23,433.35,1.081,False
881290.SH,,euphoria,28,0.714286,0.529404,70.77,49.52,-24.54,155.29,256.56,1.46,False
881291.SH,,euphoria,28,0.714286,0.529404,148.79,97.1,-28.48,207.96,437.26,1.801,False
881333.SH,,euphoria,28,0.714286,0.529404,148.84,146.26,-34.6,227.56,340.89,2.31,False
881407.SH,,euphoria,28,0.714286,0.529404,76.01,51.9,-50.2,196.11,284.61,1.413,False
881427.SH,,euphoria,28,0.714286,0.529404,103.6,77.2,-12.24,258.76,277.76,1.974,False
880541.SH,,euphoria,13,0.769231,0.497431,271.22,192.48,0.48,377.89,570.22,1.715,False
880658.SH,,euphoria,13,0.769231,0.497431,202.62,157.29,8.55,256.89,544.07,1.343,False
880668.SH,,euphoria,13,0.769231,0.497431,233.17,270.2,1.05,472.13,527.34,1.594,False
880670.SH,,euphoria,13,0.769231,0.497431,238.65,209.67,18.05,483.5,581.74,1.479,False
880673.SH,,euphoria,13,0.769231,0.497431,262.62,176.66,26.11,418.18,627.08,1.51,False
880678.SH,,euphoria,13,0.769231,0.497431,130.91,40.8,2.75,401.1,382.11,1.235,False
880687.SH,,euphoria,13,0.769231,0.497431,139.56,135.29,26.87,269.36,436.32,1.153,False
880692.SH,,euphoria,13,0.769231,0.497431,237.76,284.33,16.89,535.71,590.14,1.453,False
880696.SH,,euphoria,13,0.769231,0.497431,200.61,141.1,5.02,341.73,540.97,1.337,False
880698.SH,,euphoria,13,0.769231,0.497431,204.33,42.96,2.89,426.41,561.36,1.312,False
880308.SH,,euphoria,28,0.678571,0.493385,55.56,58.26,-5.53,133.98,207.81,1.415,False
880313.SH,,euphoria,28,0.678571,0.493385,80.08,67.28,-42.63,167.73,293.01,1.446,False
880320.SH,,euphoria,28,0.678571,0.493385,73.77,31.58,-53.43,172.62,297.21,1.313,False
880325.SH,,euphoria,28,0.678571,0.493385,59.16,109.99,-28.83,153.64,217.24,1.441,False
880335.SH,,euphoria,28,0.678571,0.493385,88.25,69.15,-45.85,145.98,300.74,1.553,False
880336.SH,,euphoria,28,0.678571,0.493385,94.61,71.67,-45.83,149.54,305.46,1.639,False
880338.SH,,euphoria,28,0.678571,0.493385,100.29,102.79,-50.88,147.69,346.02,1.534,False
880369.SH,,euphoria,28,0.678571,0.493385,67.31,55.38,-4.75,100.83,267.66,1.331,False
880398.SH,,euphoria,28,0.678571,0.493385,123.07,71.39,-28.88,150.71,422.75,1.54,False
880430.SH,,euphoria,28,0.678571,0.493385,128.2,65.67,-72.48,318.83,372.26,1.822,False
880463.SH,,euphoria,28,0.678571,0.493385,162.32,155.24,-9.76,322.98,357.08,2.405,False
880464.SH,,euphoria,28,0.678571,0.493385,65.11,39.41,-15.41,131.06,242.86,1.419,False
880465.SH,,euphoria,28,0.678571,0.493385,31.06,43.88,-17.17,73.15,210.44,0.781,False
880468.SH,,euphoria,28,0.678571,0.493385,32.65,38.39,-21.47,100.42,217.11,0.796,False
880476.SH,,euphoria,28,0.678571,0.493385,77.23,49.31,-16.95,164.91,279.86,1.46,False
880477.SH,,euphoria,28,0.678571,0.493385,74.42,42.16,-19.84,173.94,282.48,1.394,False
880497.SH,,euphoria,28,0.678571,0.493385,93.66,86.96,-18.64,152.44,300.54,1.649,False
881082.SH,,euphoria,28,0.678571,0.493385,146.0,124.83,-6.97,347.35,304.9,2.534,False
881091.SH,,euphoria,28,0.678571,0.493385,69.58,43.48,-19.62,104.2,275.26,1.338,False
881127.SH,,euphoria,28,0.678571,0.493385,91.88,28.03,-5.56,199.89,321.99,1.51,False
881144.SH,,euphoria,28,0.678571,0.493385,77.73,36.49,-6.62,121.46,266.59,1.543,False
881180.SH,,euphoria,28,0.678571,0.493385,115.53,87.46,-21.87,219.84,345.3,1.77,False
881194.SH,,euphoria,28,0.678571,0.493385,97.1,40.03,-24.9,195.53,333.7,1.54,False
881200.SH,,euphoria,28,0.678571,0.493385,70.06,55.27,-18.37,126.5,296.59,1.25,False
881256.SH,,euphoria,28,0.678571,0.493385,79.0,47.63,-10.9,109.58,275.61,1.517,False
881261.SH,,euphoria,28,0.678571,0.493385,143.75,141.2,-30.26,258.17,305.76,2.488,False
881275.SH,,euphoria,28,0.678571,0.493385,140.65,82.95,-13.24,257.63,461.67,1.612,False
881288.SH,,euphoria,28,0.678571,0.493385,124.36,67.56,-45.57,309.23,371.59,1.771,False
881436.SH,,euphoria,28,0.678571,0.493385,143.39,93.52,-21.33,241.47,416.8,1.82,False
881452.SH,,euphoria,28,0.678571,0.493385,65.85,45.03,-17.83,132.63,242.53,1.437,False
881459.SH,,euphoria,28,0.678571,0.493385,32.54,21.93,-2.18,87.59,170.8,1.008,False
880002.SH,,euphoria,18,0.722222,0.491269,106.18,63.33,-1.72,138.85,330.43,1.363,False
880003.SH,,euphoria,18,0.722222,0.491269,179.55,94.05,-6.13,230.29,480.41,1.586,False
880007.SH,,euphoria,18,0.722222,0.491269,128.2,64.95,-0.45,160.73,359.95,1.511,False
880081.SH,,euphoria,18,0.722222,0.491269,143.71,69.79,1.26,231.66,381.96,1.596,False
880201.SH,,euphoria,18,0.722222,0.491269,124.18,127.0,-71.13,320.08,366.47,1.438,False
880210.SH,,euphoria,18,0.722222,0.491269,99.61,78.42,-10.79,162.11,302.6,1.397,False
880224.SH,,euphoria,18,0.722222,0.491269,137.38,70.42,-0.96,165.09,408.34,1.427,False
880225.SH,,euphoria,18,0.722222,0.491269,102.08,49.08,1.51,129.11,345.61,1.253,False
880232.SH,,euphoria,18,0.722222,0.491269,99.53,45.19,-4.08,205.6,311.6,1.355,False
880502.SH,,euphoria,18,0.722222,0.491269,90.14,47.05,-21.25,120.81,330.96,1.156,False
880507.SH,,euphoria,18,0.722222,0.491269,153.21,107.42,-18.91,288.14,418.57,1.553,False
880520.SH,,euphoria,18,0.722222,0.491269,160.45,95.98,-13.54,216.82,438.45,1.553,False
880525.SH,,euphoria,18,0.722222,0.491269,101.33,95.1,-24.85,225.04,327.63,1.312,False
880533.SH,,euphoria,18,0.722222,0.491269,184.53,137.02,-20.03,262.96,449.65,1.741,False
880535.SH,,euphoria,18,0.722222,0.491269,163.17,122.4,4.84,269.82,409.28,1.691,False
880537.SH,,euphoria,18,0.722222,0.491269,139.83,131.96,-13.8,253.51,402.42,1.474,False
880544.SH,,euphoria,18,0.722222,0.491269,143.44,114.86,10.22,174.78,399.46,1.523,False
880560.SH,,euphoria,18,0.722222,0.491269,160.78,104.28,4.28,235.71,440.48,1.549,False
880564.SH,,euphoria,18,0.722222,0.491269,120.21,63.05,-12.76,178.08,389.14,1.311,False
880567.SH,,euphoria,18,0.722222,0.491269,106.08,65.96,-7.93,175.05,371.48,1.211,False
880573.SH,,euphoria,18,0.722222,0.491269,121.93,114.51,1.15,248.24,329.52,1.57,False
880582.SH,,euphoria,18,0.722222,0.491269,134.37,99.08,2.11,182.46,389.71,1.463,False
880584.SH,,euphoria,18,0.722222,0.491269,136.16,87.18,1.28,177.19,412.48,1.4,False
880592.SH,,euphoria,18,0.722222,0.491269,217.44,134.77,-19.65,351.03,457.34,2.017,False
880593.SH,,euphoria,18,0.722222,0.491269,128.29,90.39,-2.99,217.82,400.93,1.358,False
880594.SH,,euphoria,18,0.722222,0.491269,74.51,37.82,-20.12,146.53,291.19,1.086,False
880597.SH,,euphoria,18,0.722222,0.491269,154.53,102.05,-5.89,261.95,428.16,1.531,False
880603.SH,,euphoria,18,0.722222,0.491269,132.71,56.83,-4.46,284.23,418.75,1.345,False
880607.SH,,euphoria,18,0.722222,0.491269,210.3,162.77,-36.31,329.34,498.47,1.79,False
880611.SH,,euphoria,18,0.722222,0.491269,160.83,124.56,-29.45,266.93,414.32,1.647,False
880612.SH,,euphoria,18,0.722222,0.491269,150.35,121.74,2.42,208.22,391.29,1.63,False
880623.SH,,euphoria,18,0.722222,0.491269,121.01,81.46,-26.31,135.12,428.3,1.199,False
880626.SH,,euphoria,18,0.722222,0.491269,88.76,69.74,-14.02,155.72,362.7,1.038,False
880627.SH,,euphoria,18,0.722222,0.491269,112.9,103.63,0.18,159.74,337.81,1.418,False
880629.SH,,euphoria,18,0.722222,0.491269,200.1,118.82,8.64,297.99,520.99,1.63,False
880630.SH,,euphoria,18,0.722222,0.491269,160.82,107.6,-1.26,191.32,444.01,1.537,False
880631.SH,,euphoria,18,0.722222,0.491269,167.39,110.08,-9.52,295.31,398.67,1.781,False
880632.SH,,euphoria,18,0.722222,0.491269,154.47,92.84,-7.29,177.12,443.73,1.477,False
880633.SH,,euphoria,18,0.722222,0.491269,169.18,140.98,-4.84,297.45,436.35,1.645,False
880642.SH,,euphoria,18,0.722222,0.491269,96.78,63.1,-8.17,165.68,350.6,1.171,False
880644.SH,,euphoria,18,0.722222,0.491269,247.1,175.55,-16.43,354.54,556.03,1.885,False
880647.SH,,euphoria,18,0.722222,0.491269,243.15,214.77,6.05,349.13,500.32,2.062,False
880650.SH,,euphoria,18,0.722222,0.491269,195.43,107.29,-0.87,278.89,465.59,1.781,False
880702.SH,,euphoria,18,0.722222,0.491269,111.62,131.37,12.73,214.5,329.3,1.438,False
880704.SH,,euphoria,18,0.722222,0.491269,113.58,57.07,2.65,135.2,375.28,1.284,False
880709.SH,,euphoria,18,0.722222,0.491269,96.58,71.55,-17.57,162.19,334.55,1.225,False
880711.SH,,euphoria,18,0.722222,0.491269,224.37,121.23,-30.45,284.23,472.86,2.013,False
880713.SH,,euphoria,18,0.722222,0.491269,183.65,160.45,-27.53,259.52,450.37,1.73,False
880722.SH,,euphoria,18,0.722222,0.491269,261.67,168.79,-47.26,372.23,508.18,2.185,False
880726.SH,,euphoria,18,0.722222,0.491269,248.46,114.44,-17.95,298.52,512.12,2.058,False
880727.SH,,euphoria,18,0.722222,0.491269,136.41,99.3,2.19,173.6,402.8,1.437,False
880733.SH,,euphoria,18,0.722222,0.491269,196.49,123.75,-10.42,365.16,467.2,1.784,False
880734.SH,,euphoria,18,0.722222,0.491269,145.31,92.05,-4.78,261.88,403.33,1.529,False
880738.SH,,euphoria,18,0.722222,0.491269,204.47,160.23,-15.91,327.86,501.57,1.73,False
880741.SH,,euphoria,18,0.722222,0.491269,109.58,91.91,8.49,114.99,343.26,1.354,False
880745.SH,,euphoria,18,0.722222,0.491269,111.41,70.77,-11.3,134.82,361.13,1.309,False
880750.SH,,euphoria,18,0.722222,0.491269,106.4,89.86,-3.17,127.45,348.94,1.294,False
880754.SH,,euphoria,18,0.722222,0.491269,170.57,80.47,-11.27,356.25,442.99,1.634,False
880756.SH,,euphoria,18,0.722222,0.491269,178.41,198.05,2.71,316.87,428.4,1.767,False
880759.SH,,euphoria,18,0.722222,0.491269,152.6,120.02,17.09,208.11,445.37,1.454,False
880764.SH,,euphoria,18,0.722222,0.491269,80.94,47.48,-25.69,123.47,352.3,0.975,False
880766.SH,,euphoria,18,0.722222,0.491269,122.66,111.43,-29.76,162.72,398.27,1.307,False
880770.SH,,euphoria,18,0.722222,0.491269,313.33,317.23,-93.62,498.94,637.31,2.086,False
880771.SH,,euphoria,18,0.722222,0.491269,133.21,65.37,3.56,154.29,352.52,1.603,False
880791.SH,,euphoria,18,0.722222,0.491269,155.05,151.62,5.29,341.16,418.04,1.574,False
880798.SH,,euphoria,18,0.722222,0.491269,142.04,76.09,5.23,217.02,365.7,1.648,False
880804.SH,,euphoria,18,0.722222,0.491269,67.12,26.52,-6.4,121.12,299.41,0.951,False
880807.SH,,euphoria,18,0.722222,0.491269,96.18,42.44,-0.18,151.2,334.36,1.22,False
880809.SH,,euphoria,18,0.722222,0.491269,165.28,105.71,0.97,290.15,463.15,1.514,False
880813.SH,,euphoria,18,0.722222,0.491269,136.09,70.2,-10.38,210.19,394.76,1.463,False
880822.SH,,euphoria,18,0.722222,0.491269,209.57,120.74,-21.34,326.27,376.64,2.361,False
880849.SH,,euphoria,18,0.722222,0.491269,136.74,28.28,-0.34,108.25,487.97,1.189,False
880850.SH,,euphoria,18,0.722222,0.491269,122.79,94.94,5.42,192.58,306.08,1.702,False
880861.SH,,euphoria,18,0.722222,0.491269,167.8,108.03,7.69,279.67,409.16,1.74,False
880864.SH,,euphoria,18,0.722222,0.491269,127.27,135.95,-26.87,257.48,596.71,0.905,False
880868.SH,,euphoria,18,0.722222,0.491269,277.66,61.41,1.43,234.52,621.09,1.897,False
880871.SH,,euphoria,18,0.722222,0.491269,186.08,123.52,3.32,310.64,440.8,1.791,False
880874.SH,,euphoria,18,0.722222,0.491269,161.78,204.26,-70.87,433.61,431.16,1.592,False
880876.SH,,euphoria,18,0.722222,0.491269,152.34,73.04,-29.87,150.07,482.53,1.339,False
880878.SH,,euphoria,18,0.722222,0.491269,226.69,73.95,-16.62,267.76,581.03,1.655,False
880886.SH,,euphoria,18,0.722222,0.491269,149.98,128.65,-23.45,239.64,606.96,1.048,False
880891.SH,,euphoria,18,0.722222,0.491269,195.4,72.28,-23.54,204.39,543.12,1.526,False
880894.SH,,euphoria,18,0.722222,0.491269,114.36,28.82,-5.32,153.59,337.15,1.439,False
880908.SH,,euphoria,18,0.722222,0.491269,196.9,175.26,-9.02,300.12,465.31,1.795,False
880916.SH,,euphoria,18,0.722222,0.491269,244.75,153.94,-86.21,313.5,540.82,1.92,False
880921.SH,,euphoria,18,0.722222,0.491269,214.93,161.36,3.19,328.26,485.73,1.877,False
880926.SH,,euphoria,18,0.722222,0.491269,143.14,105.43,0.14,162.5,388.44,1.563,False
880929.SH,,euphoria,18,0.722222,0.491269,108.47,46.3,-19.71,140.72,320.26,1.437,False
880933.SH,,euphoria,18,0.722222,0.491269,178.53,96.36,2.6,296.21,447.72,1.692,False
880939.SH,,euphoria,18,0.722222,0.491269,164.17,117.9,-16.22,262.28,471.61,1.477,False
880940.SH,,euphoria,18,0.722222,0.491269,128.77,75.57,7.84,144.3,354.65,1.541,False
880944.SH,,euphoria,18,0.722222,0.491269,195.69,131.63,1.54,297.97,460.22,1.804,False
880947.SH,,euphoria,18,0.722222,0.491269,120.65,68.67,-4.2,249.62,314.89,1.626,False
880950.SH,,euphoria,18,0.722222,0.491269,160.95,122.5,-34.14,279.91,455.73,1.498,False
880956.SH,,euphoria,18,0.722222,0.491269,211.09,185.87,11.58,299.29,462.44,1.937,False
880961.SH,,euphoria,18,0.722222,0.491269,206.9,122.75,8.78,286.66,479.59,1.83,False
880962.SH,,euphoria,18,0.722222,0.491269,236.95,210.3,0.91,313.51,501.15,2.006,False
880964.SH,,euphoria,18,0.722222,0.491269,131.75,88.45,-11.58,206.82,384.57,1.454,False
880965.SH,,euphoria,18,0.722222,0.491269,192.64,152.95,-1.73,274.85,446.59,1.83,False
880974.SH,,euphoria,18,0.722222,0.491269,138.39,103.03,-0.44,209.38,396.09,1.482,False
880977.SH,,euphoria,18,0.722222,0.491269,138.5,105.02,0.56,185.94,424.34,1.385,False
880843.SH,,euphoria,29,0.655172,0.473448,195.96,52.76,0.0,138.03,734.51,1.437,False
880526.SH,,euphoria,12,0.75,0.46769,118.85,36.57,5.5,383.8,387.02,1.064,False
880536.SH,,euphoria,12,0.75,0.46769,169.03,100.79,27.17,313.93,522.31,1.121,False
880547.SH,,euphoria,12,0.75,0.46769,256.42,166.59,-1.4,403.29,634.38,1.4,False
880554.SH,,euphoria,12,0.75,0.46769,429.44,215.42,64.11,434.62,876.46,1.697,False
880566.SH,,euphoria,12,0.75,0.46769,264.31,201.54,0.91,376.05,632.3,1.448,False
880318.SH,,euphoria,28,0.642857,0.4583,65.35,26.11,-29.03,170.76,274.41,1.26,False
880326.SH,,euphoria,28,0.642857,0.4583,94.07,61.41,-37.94,194.4,277.13,1.796,False
880345.SH,,euphoria,28,0.642857,0.4583,88.03,32.32,-13.41,144.14,424.41,1.098,False
880346.SH,,euphoria,28,0.642857,0.4583,67.8,40.29,-19.58,105.15,276.26,1.299,False
880348.SH,,euphoria,28,0.642857,0.4583,100.42,62.88,-47.53,212.11,330.0,1.61,False
880374.SH,,euphoria,28,0.642857,0.4583,90.56,44.12,-9.03,134.88,250.7,1.911,False
880381.SH,,euphoria,28,0.642857,0.4583,97.49,64.86,-17.57,133.83,335.07,1.54,False
880390.SH,,euphoria,28,0.642857,0.4583,120.57,74.7,-28.19,294.61,291.82,2.186,False
880393.SH,,euphoria,28,0.642857,0.4583,91.32,62.65,-19.84,176.44,305.23,1.583,False
880401.SH,,euphoria,28,0.642857,0.4583,83.86,23.71,-66.83,143.94,313.6,1.415,False
880424.SH,,euphoria,28,0.642857,0.4583,103.19,98.16,-40.64,204.89,352.86,1.547,False
880442.SH,,euphoria,28,0.642857,0.4583,110.12,133.62,-25.88,229.8,288.26,2.021,False
880446.SH,,euphoria,28,0.642857,0.4583,124.82,72.11,-25.73,225.57,403.2,1.638,False
880455.SH,,euphoria,28,0.642857,0.4583,47.2,51.87,-50.7,112.93,250.7,0.996,False
880462.SH,,euphoria,28,0.642857,0.4583,83.25,36.45,-52.48,217.98,282.49,1.559,False
880467.SH,,euphoria,28,0.642857,0.4583,66.28,21.85,-38.78,124.31,283.44,1.237,False
880482.SH,,euphoria,28,0.642857,0.4583,82.13,36.86,-68.59,172.41,330.53,1.315,False
880484.SH,,euphoria,28,0.642857,0.4583,77.1,31.77,-35.7,116.04,315.73,1.292,False
880486.SH,,euphoria,28,0.642857,0.4583,131.21,41.5,-9.73,241.48,392.64,1.768,False
880851.SH,,euphoria,28,0.642857,0.4583,177.95,63.78,-41.29,232.22,419.94,2.242,False
881019.SH,,euphoria,28,0.642857,0.4583,60.1,38.47,-85.98,178.92,313.06,1.016,False
881055.SH,,euphoria,28,0.642857,0.4583,60.58,53.22,-54.57,218.59,283.09,1.132,False
881097.SH,,euphoria,28,0.642857,0.4583,107.66,48.97,-48.79,188.12,328.65,1.733,False
881136.SH,,euphoria,28,0.642857,0.4583,70.06,22.81,-9.91,99.36,270.84,1.369,False
881190.SH,,euphoria,28,0.642857,0.4583,89.17,69.37,-23.24,159.78,327.23,1.442,False
881198.SH,,euphoria,28,0.642857,0.4583,190.53,116.66,-42.48,432.93,343.77,2.933,False
881231.SH,,euphoria,28,0.642857,0.4583,70.19,31.01,-58.95,112.96,298.8,1.243,False
881234.SH,,euphoria,28,0.642857,0.4583,101.09,66.37,-50.72,149.14,350.57,1.526,False
881247.SH,,euphoria,28,0.642857,0.4583,156.1,78.31,-64.43,168.18,485.23,1.702,False
881282.SH,,euphoria,28,0.642857,0.4583,100.78,30.17,-71.86,235.89,402.4,1.325,False
881287.SH,,euphoria,28,0.642857,0.4583,92.76,31.45,-76.61,210.4,352.08,1.394,False
881355.SH,,euphoria,28,0.642857,0.4583,209.71,115.33,-36.0,296.79,447.65,2.479,False
881410.SH,,euphoria,28,0.642857,0.4583,91.35,39.61,-21.91,184.09,295.1,1.638,False
881418.SH,,euphoria,28,0.642857,0.4583,80.84,42.28,-70.7,167.93,328.51,1.302,False
881422.SH,,euphoria,28,0.642857,0.4583,137.96,58.27,-39.61,263.31,431.07,1.693,False
881432.SH,,euphoria,28,0.642857,0.4583,105.97,99.57,-71.45,195.84,363.69,1.542,False
881446.SH,,euphoria,28,0.642857,0.4583,80.15,43.22,-34.21,160.92,279.38,1.518,False
880825.SH,,euphoria,29,0.62069,0.440022,235.06,56.13,0.0,145.51,611.17,2.071,False
880202.SH,,euphoria,18,0.666667,0.437491,101.86,27.06,-20.88,175.86,369.26,1.17,False
880206.SH,,euphoria,18,0.666667,0.437491,95.04,24.96,-4.88,149.62,311.86,1.293,False
880209.SH,,euphoria,18,0.666667,0.437491,107.97,62.6,-28.92,236.06,351.61,1.303,False
880211.SH,,euphoria,18,0.666667,0.437491,128.31,76.27,-43.01,247.81,365.29,1.49,False
880218.SH,,euphoria,18,0.666667,0.437491,127.77,58.26,-17.6,146.34,380.33,1.425,False
880221.SH,,euphoria,18,0.666667,0.437491,154.47,38.79,-10.57,279.09,460.34,1.424,False
880230.SH,,euphoria,18,0.666667,0.437491,99.06,41.59,-20.32,133.77,350.68,1.198,False
880231.SH,,euphoria,18,0.666667,0.437491,115.2,50.84,-19.87,216.92,371.37,1.316,False
880513.SH,,euphoria,18,0.666667,0.437491,119.47,65.87,-40.41,223.82,404.48,1.253,False
880515.SH,,euphoria,18,0.666667,0.437491,86.32,30.3,-35.81,75.95,321.58,1.139,False
880524.SH,,euphoria,18,0.666667,0.437491,109.18,58.87,-7.75,120.04,349.32,1.326,False
880543.SH,,euphoria,18,0.666667,0.437491,173.35,95.16,-36.82,160.72,436.6,1.685,False
880545.SH,,euphoria,18,0.666667,0.437491,228.28,194.09,-38.85,333.98,497.46,1.947,False
880557.SH,,euphoria,18,0.666667,0.437491,122.88,60.61,-21.32,136.36,421.36,1.237,False
880571.SH,,euphoria,18,0.666667,0.437491,150.83,130.54,-18.73,267.09,449.87,1.422,False
880572.SH,,euphoria,18,0.666667,0.437491,104.06,72.48,-7.98,212.21,378.16,1.167,False
880580.SH,,euphoria,18,0.666667,0.437491,197.55,165.9,-69.06,257.48,497.27,1.685,False
880586.SH,,euphoria,18,0.666667,0.437491,85.63,65.16,-13.41,157.84,356.44,1.019,False
880601.SH,,euphoria,18,0.666667,0.437491,246.6,196.39,-78.14,387.13,542.47,1.929,False
880609.SH,,euphoria,18,0.666667,0.437491,203.89,130.57,-70.22,292.08,415.53,2.082,False
880613.SH,,euphoria,18,0.666667,0.437491,216.07,168.77,-59.81,364.43,552.21,1.66,False
880616.SH,,euphoria,18,0.666667,0.437491,160.56,135.07,-66.55,334.33,466.62,1.46,False
880634.SH,,euphoria,18,0.666667,0.437491,142.13,49.21,-31.78,124.56,428.68,1.407,False
880639.SH,,euphoria,18,0.666667,0.437491,109.34,83.66,-11.73,149.61,367.5,1.262,False
880651.SH,,euphoria,18,0.666667,0.437491,107.93,105.61,-80.33,255.7,393.77,1.163,False
880652.SH,,euphoria,18,0.666667,0.437491,125.42,45.64,-13.37,161.14,422.64,1.259,False
880675.SH,,euphoria,18,0.666667,0.437491,183.51,204.41,-29.58,295.99,444.55,1.751,False
880710.SH,,euphoria,18,0.666667,0.437491,115.85,110.48,-56.38,197.81,436.86,1.125,False
880715.SH,,euphoria,18,0.666667,0.437491,108.16,79.06,-9.63,198.94,348.49,1.317,False
880721.SH,,euphoria,18,0.666667,0.437491,55.69,35.78,-26.48,53.19,268.56,0.88,False
880723.SH,,euphoria,18,0.666667,0.437491,140.41,78.85,-2.01,194.07,348.37,1.71,False
880729.SH,,euphoria,18,0.666667,0.437491,160.77,85.96,-36.94,281.55,518.42,1.316,False
880739.SH,,euphoria,18,0.666667,0.437491,217.96,141.51,-40.89,298.54,530.16,1.744,False
880743.SH,,euphoria,18,0.666667,0.437491,112.13,112.22,-5.5,159.01,361.32,1.317,False
880746.SH,,euphoria,18,0.666667,0.437491,188.16,178.33,-119.04,324.89,414.23,1.927,False
880761.SH,,euphoria,18,0.666667,0.437491,146.04,101.01,-52.41,186.79,448.98,1.38,False
880762.SH,,euphoria,18,0.666667,0.437491,258.94,184.48,-76.85,357.45,546.81,2.009,False
880793.SH,,euphoria,18,0.666667,0.437491,150.95,56.85,-18.76,230.44,458.05,1.398,False
880794.SH,,euphoria,18,0.666667,0.437491,228.15,185.79,-40.23,384.38,503.93,1.921,False
880799.SH,,euphoria,18,0.666667,0.437491,194.73,171.05,-27.01,273.86,464.04,1.78,False
880801.SH,,euphoria,18,0.666667,0.437491,61.63,21.75,-44.56,69.74,281.38,0.929,False
880802.SH,,euphoria,18,0.666667,0.437491,94.81,38.53,-19.81,204.31,316.65,1.27,False
880803.SH,,euphoria,18,0.666667,0.437491,59.26,30.14,-31.33,111.17,281.67,0.893,False
880805.SH,,euphoria,18,0.666667,0.437491,49.67,13.03,-19.58,94.61,272.08,0.774,False
880808.SH,,euphoria,18,0.666667,0.437491,129.27,85.39,-44.35,262.55,373.89,1.467,False
880815.SH,,euphoria,18,0.666667,0.437491,146.48,83.98,-3.8,198.55,405.33,1.533,False
880818.SH,,euphoria,18,0.666667,0.437491,284.93,188.62,-19.98,432.31,461.95,2.617,False
880827.SH,,euphoria,18,0.666667,0.437491,133.78,23.31,-48.44,263.04,409.27,1.387,False
880833.SH,,euphoria,18,0.666667,0.437491,116.61,82.26,-83.9,296.88,419.61,1.179,False
880859.SH,,euphoria,18,0.666667,0.437491,113.05,26.99,-39.45,174.01,401.71,1.194,False
880880.SH,,euphoria,18,0.666667,0.437491,214.15,124.16,-95.43,412.06,545.46,1.666,False
880896.SH,,euphoria,18,0.666667,0.437491,147.32,97.72,-45.05,303.61,378.48,1.651,False
880901.SH,,euphoria,18,0.666667,0.437491,218.43,166.28,-131.47,307.49,475.21,1.95,False
880903.SH,,euphoria,18,0.666667,0.437491,57.91,65.59,-70.65,216.3,371.86,0.661,False
880910.SH,,euphoria,18,0.666667,0.437491,97.51,41.81,-7.91,168.12,322.59,1.282,False
880911.SH,,euphoria,18,0.666667,0.437491,111.38,72.82,-27.0,174.89,325.42,1.452,False
880946.SH,,euphoria,18,0.666667,0.437491,222.4,164.48,-16.09,287.5,460.07,2.051,False
880949.SH,,euphoria,18,0.666667,0.437491,201.35,167.85,-32.58,282.05,493.54,1.731,False
880954.SH,,euphoria,18,0.666667,0.437491,231.22,184.97,-19.55,317.03,501.31,1.957,False
880957.SH,,euphoria,18,0.666667,0.437491,157.93,89.31,-44.94,267.54,443.18,1.512,False
880967.SH,,euphoria,18,0.666667,0.437491,254.17,139.64,-61.45,360.06,506.76,2.128,False
880303.SH,,euphoria,28,0.607143,0.424087,56.3,45.52,-43.78,144.47,316.88,0.94,False
880329.SH,,euphoria,28,0.607143,0.424087,146.67,104.87,-45.38,310.53,328.76,2.361,False
880330.SH,,euphoria,28,0.607143,0.424087,70.08,58.54,-51.85,185.64,307.35,1.207,False
880372.SH,,euphoria,28,0.607143,0.424087,82.49,35.5,-25.63,88.24,286.05,1.526,False
880373.SH,,euphoria,28,0.607143,0.424087,63.62,18.52,-25.42,78.81,303.13,1.111,False
880380.SH,,euphoria,28,0.607143,0.424087,96.48,63.57,-16.48,125.12,332.46,1.536,False
880391.SH,,euphoria,28,0.607143,0.424087,104.84,24.64,-70.26,319.14,304.81,1.82,False
880394.SH,,euphoria,28,0.607143,0.424087,88.17,65.88,-50.85,218.48,280.71,1.662,False
880402.SH,,euphoria,28,0.607143,0.424087,110.67,84.93,-47.32,179.33,352.6,1.661,False
880423.SH,,euphoria,28,0.607143,0.424087,88.55,41.26,-82.59,257.59,356.03,1.316,False
880447.SH,,euphoria,28,0.607143,0.424087,68.11,39.14,-62.76,211.76,261.7,1.377,False
880452.SH,,euphoria,28,0.607143,0.424087,47.63,56.26,-55.91,172.65,260.41,0.968,False
880466.SH,,euphoria,28,0.607143,0.424087,10.87,12.58,-35.27,56.45,199.49,0.288,False
881005.SH,,euphoria,28,0.607143,0.424087,53.14,47.44,-45.55,164.49,317.99,0.884,False
881065.SH,,euphoria,28,0.607143,0.424087,60.76,37.56,-31.7,163.71,273.86,1.174,False
881130.SH,,euphoria,28,0.607143,0.424087,96.51,63.55,-16.53,125.39,332.46,1.536,False
881212.SH,,euphoria,28,0.607143,0.424087,101.94,32.0,-71.16,302.95,320.09,1.685,False
881224.SH,,euphoria,28,0.607143,0.424087,77.77,17.92,-27.89,160.37,308.09,1.336,False
881227.SH,,euphoria,28,0.607143,0.424087,82.33,67.5,-51.77,210.3,275.55,1.581,False
881262.SH,,euphoria,28,0.607143,0.424087,156.99,75.04,-109.18,295.79,535.26,1.552,False
881293.SH,,euphoria,28,0.607143,0.424087,69.72,53.3,-20.15,121.32,292.65,1.261,False
881344.SH,,euphoria,28,0.607143,0.424087,60.95,44.74,-44.44,121.47,238.64,1.351,False
881406.SH,,euphoria,28,0.607143,0.424087,40.73,25.73,-63.31,84.58,265.18,0.813,False
881429.SH,,euphoria,28,0.607143,0.424087,90.05,41.28,-77.26,258.78,357.28,1.334,False
881442.SH,,euphoria,28,0.607143,0.424087,21.01,21.37,-39.4,55.16,179.83,0.618,False
881467.SH,,euphoria,28,0.607143,0.424087,39.02,54.88,-61.77,106.71,255.2,0.809,False
881476.SH,,euphoria,28,0.607143,0.424087,161.63,173.39,-79.07,323.63,424.74,2.014,False
880522.SH,,euphoria,13,0.692308,0.423689,235.62,158.28,-46.91,434.16,562.9,1.509,False
880657.SH,,euphoria,13,0.692308,0.423689,253.93,249.17,-81.79,552.74,597.0,1.534,False
880659.SH,,euphoria,13,0.692308,0.423689,224.71,140.02,-40.97,398.78,582.14,1.392,False
880660.SH,,euphoria,13,0.692308,0.423689,289.87,234.68,-100.33,605.61,671.2,1.557,False
880661.SH,,euphoria,13,0.692308,0.423689,224.94,213.48,-78.6,495.25,555.41,1.46,False
880662.SH,,euphoria,13,0.692308,0.423689,255.37,166.09,-96.25,617.29,656.47,1.403,False
880664.SH,,euphoria,13,0.692308,0.423689,256.09,147.9,-46.62,358.43,569.41,1.622,False
880667.SH,,euphoria,13,0.692308,0.423689,300.03,281.82,-116.57,642.71,625.12,1.73,False
880669.SH,,euphoria,13,0.692308,0.423689,239.81,271.61,-151.21,506.55,570.01,1.517,False
880671.SH,,euphoria,13,0.692308,0.423689,89.12,40.18,-14.09,278.84,331.73,0.969,False
880674.SH,,euphoria,13,0.692308,0.423689,260.94,101.65,-22.46,351.64,589.65,1.596,False
880677.SH,,euphoria,13,0.692308,0.423689,88.95,95.8,-38.15,175.22,241.33,1.329,False
880681.SH,,euphoria,13,0.692308,0.423689,169.75,46.44,-8.77,327.75,552.17,1.108,False
880682.SH,,euphoria,13,0.692308,0.423689,298.42,161.5,-36.96,394.62,571.27,1.883,False
880683.SH,,euphoria,13,0.692308,0.423689,265.57,155.6,-93.5,509.44,593.1,1.614,False
880685.SH,,euphoria,13,0.692308,0.423689,208.73,127.08,-15.22,291.49,567.93,1.325,False
880686.SH,,euphoria,13,0.692308,0.423689,194.62,186.73,-24.43,345.65,504.21,1.392,False
880688.SH,,euphoria,13,0.692308,0.423689,228.41,158.3,-32.19,316.67,561.25,1.467,False
880689.SH,,euphoria,13,0.692308,0.423689,342.21,270.49,-160.24,701.66,635.3,1.942,False
880693.SH,,euphoria,13,0.692308,0.423689,308.23,303.2,-124.32,632.16,614.48,1.809,False
880694.SH,,euphoria,13,0.692308,0.423689,138.71,143.57,-18.66,316.31,450.96,1.109,False
880695.SH,,euphoria,13,0.692308,0.423689,216.07,123.8,-3.04,412.2,639.66,1.218,False
880697.SH,,euphoria,13,0.692308,0.423689,209.48,160.3,-40.92,318.46,567.07,1.332,False
880699.SH,,euphoria,13,0.692308,0.423689,234.82,207.25,-7.32,448.21,452.55,1.871,False
880703.SH,,euphoria,13,0.692308,0.423689,253.51,207.57,-29.41,490.28,574.36,1.591,False
880310.SH,,euphoria,28,0.571429,0.390705,-10.64,13.74,-86.3,115.0,274.37,-0.205,False
880311.SH,,euphoria,28,0.571429,0.390705,-12.96,9.65,-102.66,151.63,321.31,-0.213,False
880312.SH,,euphoria,28,0.571429,0.390705,-6.56,9.56,-63.92,80.42,193.98,-0.179,False
880361.SH,,euphoria,28,0.571429,0.390705,43.41,13.53,-81.4,125.93,278.11,0.826,False
880366.SH,,euphoria,28,0.571429,0.390705,63.07,17.54,-54.3,161.62,296.98,1.124,False
880375.SH,,euphoria,28,0.571429,0.390705,87.69,45.13,-21.72,95.61,296.36,1.566,False
880382.SH,,euphoria,28,0.571429,0.390705,76.22,25.75,-73.38,166.53,325.15,1.24,False
880409.SH,,euphoria,28,0.571429,0.390705,82.74,24.48,-54.17,229.68,257.83,1.698,False
880471.SH,,euphoria,28,0.571429,0.390705,4.73,14.88,-69.59,66.65,149.57,0.167,False
880474.SH,,euphoria,28,0.571429,0.390705,82.57,25.96,-70.94,182.98,323.3,1.351,False
880483.SH,,euphoria,28,0.571429,0.390705,88.39,37.47,-88.88,180.57,378.69,1.235,False
881008.SH,,euphoria,28,0.571429,0.390705,43.52,63.05,-42.31,139.24,315.34,0.73,False
881011.SH,,euphoria,28,0.571429,0.390705,-6.67,20.66,-55.83,93.9,204.3,-0.173,False
881069.SH,,euphoria,28,0.571429,0.390705,85.58,25.25,-37.72,180.99,299.94,1.51,False
881078.SH,,euphoria,28,0.571429,0.390705,146.94,125.08,-76.98,309.26,429.92,1.809,False
881106.SH,,euphoria,28,0.571429,0.390705,49.93,26.85,-51.21,116.47,263.86,1.001,False
881310.SH,,euphoria,28,0.571429,0.390705,69.79,70.44,-41.8,222.93,264.99,1.394,False
881386.SH,,euphoria,28,0.571429,0.390705,3.32,18.44,-64.3,68.99,139.58,0.126,False
881396.SH,,euphoria,28,0.571429,0.390705,87.49,33.96,-65.86,190.38,326.48,1.418,False
880523.SH,,euphoria,12,0.666667,0.390618,227.0,164.07,-33.57,374.71,644.71,1.22,False
880527.SH,,euphoria,12,0.666667,0.390618,195.5,95.72,-61.06,423.45,544.25,1.244,False
880528.SH,,euphoria,12,0.666667,0.390618,257.45,221.31,-198.1,643.64,675.9,1.319,False
880530.SH,,euphoria,12,0.666667,0.390618,176.99,76.19,-12.59,408.65,539.86,1.136,False
880531.SH,,euphoria,12,0.666667,0.390618,171.95,130.62,-94.86,370.95,490.52,1.214,False
880548.SH,,euphoria,12,0.666667,0.390618,220.72,194.22,-92.63,575.06,645.04,1.185,False
880551.SH,,euphoria,12,0.666667,0.390618,367.6,205.92,-80.68,477.6,662.9,1.921,False
880552.SH,,euphoria,12,0.666667,0.390618,252.45,179.82,-113.64,498.73,583.24,1.499,False
880555.SH,,euphoria,12,0.666667,0.390618,343.91,222.33,-167.71,743.16,688.16,1.731,False
880654.SH,,euphoria,14,0.642857,0.38764,291.92,252.61,-99.21,625.97,603.28,1.811,False
880203.SH,,euphoria,18,0.611111,0.386187,105.94,22.98,-42.44,240.07,371.59,1.21,False
880223.SH,,euphoria,18,0.611111,0.386187,120.18,64.26,-45.11,190.95,400.03,1.275,False
880516.SH,,euphoria,18,0.611111,0.386187,44.8,68.1,-63.93,132.6,177.7,1.07,False
880562.SH,,euphoria,18,0.611111,0.386187,164.72,105.29,-39.77,275.97,421.47,1.658,False
880619.SH,,euphoria,18,0.611111,0.386187,104.32,35.47,-28.12,248.28,357.68,1.237,False
880760.SH,,euphoria,18,0.611111,0.386187,88.63,65.91,-20.51,165.23,350.31,1.073,False
880782.SH,,euphoria,18,0.611111,0.386187,86.27,38.74,-35.93,146.93,323.42,1.132,False
880785.SH,,euphoria,18,0.611111,0.386187,194.06,190.59,-102.74,493.94,419.76,1.961,False
880789.SH,,euphoria,18,0.611111,0.386187,108.46,71.41,-116.52,339.19,405.14,1.136,False
880790.SH,,euphoria,18,0.611111,0.386187,99.04,74.27,-31.21,198.07,351.68,1.195,False
880821.SH,,euphoria,18,0.611111,0.386187,63.55,22.01,-35.55,68.32,285.24,0.945,False
880826.SH,,euphoria,18,0.611111,0.386187,27.49,10.58,-24.6,82.81,223.75,0.521,False
880835.SH,,euphoria,18,0.611111,0.386187,105.14,29.74,-27.86,100.86,381.37,1.17,False
880837.SH,,euphoria,18,0.611111,0.386187,228.96,166.55,-77.73,292.54,576.37,1.685,False
880845.SH,,euphoria,18,0.611111,0.386187,25.14,7.97,-20.17,61.39,208.98,0.51,False
880847.SH,,euphoria,18,0.611111,0.386187,58.49,29.1,-45.09,73.35,289.24,0.858,False
880848.SH,,euphoria,18,0.611111,0.386187,76.15,25.0,-10.61,71.57,300.11,1.077,False
880852.SH,,euphoria,18,0.611111,0.386187,99.84,45.12,-7.84,162.49,279.63,1.515,False
880853.SH,,euphoria,18,0.611111,0.386187,98.04,74.18,-33.66,211.12,347.61,1.197,False
880856.SH,,euphoria,18,0.611111,0.386187,111.05,58.44,-10.82,109.07,353.58,1.332,False
880857.SH,,euphoria,18,0.611111,0.386187,83.7,4.1,-18.97,92.71,324.77,1.093,False
880867.SH,,euphoria,18,0.611111,0.386187,130.72,140.89,-137.09,304.22,484.46,1.145,False
880879.SH,,euphoria,18,0.611111,0.386187,89.33,76.14,-34.61,133.28,327.88,1.156,False
880883.SH,,euphoria,18,0.611111,0.386187,70.15,26.17,-37.7,76.72,291.57,1.021,False
880884.SH,,euphoria,18,0.611111,0.386187,131.87,175.26,-162.95,275.85,490.45,1.141,False
880892.SH,,euphoria,18,0.611111,0.386187,96.45,69.14,-48.53,237.53,373.93,1.094,False
880897.SH,,euphoria,18,0.611111,0.386187,103.44,20.01,-30.48,265.27,384.06,1.143,False
880898.SH,,euphoria,18,0.611111,0.386187,158.38,62.34,-63.14,213.45,397.57,1.69,False
880936.SH,,euphoria,18,0.611111,0.386187,84.06,90.93,-41.21,177.55,338.61,1.053,False
880960.SH,,euphoria,18,0.611111,0.386187,101.97,28.82,-47.47,108.13,378.39,1.143,False
880968.SH,,euphoria,18,0.611111,0.386187,150.74,75.25,-20.52,229.62,401.39,1.593,False
880778.SH,,euphoria,21,0.571429,0.365462,203.49,47.82,-19.43,190.87,733.48,1.271,False
880570.SH,,euphoria,7,0.714286,0.358929,19.02,8.0,-7.56,46.64,60.72,0.829,False
880617.SH,,euphoria,7,0.714286,0.358929,66.22,69.87,-38.32,111.11,194.28,0.902,False
880747.SH,,euphoria,7,0.714286,0.358929,58.56,65.01,-47.29,172.44,227.51,0.681,False
880763.SH,,euphoria,7,0.714286,0.358929,20.26,12.02,-2.5,31.37,40.4,1.327,False
880915.SH,,euphoria,7,0.714286,0.358929,100.72,116.8,-34.77,228.51,165.78,1.607,False
880306.SH,,euphoria,28,0.535714,0.358124,-4.2,13.27,-89.26,38.68,146.44,-0.152,False
880319.SH,,euphoria,28,0.535714,0.358124,54.93,22.78,-60.65,167.64,282.0,1.031,False
880360.SH,,euphoria,28,0.535714,0.358124,56.73,18.93,-52.35,146.7,281.47,1.067,False
880362.SH,,euphoria,28,0.535714,0.358124,58.84,42.37,-50.47,147.35,335.97,0.927,False
880364.SH,,euphoria,28,0.535714,0.358124,52.02,6.76,-67.76,127.75,271.43,1.014,False
880383.SH,,euphoria,28,0.535714,0.358124,90.05,43.2,-27.84,155.17,291.35,1.636,False
880410.SH,,euphoria,28,0.535714,0.358124,52.0,25.14,-30.88,97.34,293.92,0.936,False
880441.SH,,euphoria,28,0.535714,0.358124,64.21,6.98,-52.15,159.18,304.72,1.115,False
880460.SH,,euphoria,28,0.535714,0.358124,18.69,14.46,-47.97,76.3,176.74,0.559,False
881111.SH,,euphoria,28,0.535714,0.358124,60.57,9.87,-39.59,151.36,308.55,1.039,False
881116.SH,,euphoria,28,0.535714,0.358124,58.84,42.32,-50.59,147.42,335.97,0.927,False
881119.SH,,euphoria,28,0.535714,0.358124,49.86,6.02,-71.04,103.14,285.19,0.925,False
881139.SH,,euphoria,28,0.535714,0.358124,79.47,10.19,-70.36,127.29,315.69,1.332,False
881257.SH,,euphoria,28,0.535714,0.358124,177.02,42.62,-108.29,206.34,704.34,1.33,False
880666.SH,,euphoria,13,0.615385,0.355225,164.42,134.04,-72.18,407.44,523.04,1.133,False
880676.SH,,euphoria,13,0.615385,0.355225,164.56,131.35,-104.14,467.15,455.17,1.304,False
880680.SH,,euphoria,13,0.615385,0.355225,189.81,71.18,-9.57,415.87,452.4,1.513,False
880690.SH,,euphoria,13,0.615385,0.355225,239.07,317.64,-93.01,463.39,789.8,1.091,False
880881.SH,,euphoria,22,0.545455,0.346595,19.79,11.39,0.0,113.0,111.95,0.829,False
880005.SH,,euphoria,18,0.555556,0.337161,-80.01,91.17,-2125.85,1045.68,4868.17,-0.07,False
880207.SH,,euphoria,18,0.555556,0.337161,51.22,9.81,-39.61,101.59,254.76,0.853,False
880216.SH,,euphoria,18,0.555556,0.337161,130.63,39.18,-23.31,176.02,340.32,1.628,False
880217.SH,,euphoria,18,0.555556,0.337161,69.86,19.53,-51.18,100.21,357.63,0.829,False
880220.SH,,euphoria,18,0.555556,0.337161,105.12,49.1,-58.24,154.94,410.59,1.086,False
880501.SH,,euphoria,18,0.555556,0.337161,40.82,30.11,-36.13,81.67,241.28,0.718,False
880532.SH,,euphoria,18,0.555556,0.337161,48.31,14.05,-34.51,119.88,248.42,0.825,False
880602.SH,,euphoria,18,0.555556,0.337161,77.54,80.24,-44.5,181.01,339.07,0.97,False
880620.SH,,euphoria,18,0.555556,0.337161,56.86,24.1,-66.79,105.86,314.84,0.766,False
880806.SH,,euphoria,18,0.555556,0.337161,44.1,8.54,-13.92,88.3,218.61,0.856,False
880829.SH,,euphoria,18,0.555556,0.337161,27.33,24.95,-23.64,64.82,203.52,0.57,False
880846.SH,,euphoria,18,0.555556,0.337161,33.55,19.22,-15.41,65.28,215.29,0.661,False
880425.SH,,euphoria,28,0.5,0.326328,113.74,6.84,-74.69,338.4,443.09,1.358,False
880473.SH,,euphoria,28,0.5,0.326328,66.77,7.09,-66.6,164.96,377.7,0.935,False
881007.SH,,euphoria,28,0.5,0.326328,-20.03,2.35,-116.09,153.04,321.21,-0.33,False
881062.SH,,euphoria,28,0.5,0.326328,49.46,41.2,-77.67,160.49,292.15,0.896,False
881184.SH,,euphoria,28,0.5,0.326328,51.79,0.89,-62.81,73.2,254.04,1.079,False
881252.SH,,euphoria,28,0.5,0.326328,48.06,6.42,-33.35,89.79,294.1,0.865,False
881395.SH,,euphoria,28,0.5,0.326328,66.77,7.1,-66.6,164.96,377.7,0.935,False
880556.SH,,euphoria,12,0.583333,0.319507,115.83,121.73,-113.96,293.1,234.59,1.71,False
880866.SH,,euphoria,25,0.48,0.30031,45.12,-26.43,-154.04,189.3,378.82,0.596,False
880301.SH,,euphoria,28,0.464286,0.295313,-18.08,-9.85,-126.83,172.32,292.51,-0.327,False
880302.SH,,euphoria,28,0.464286,0.295313,-22.21,-21.38,-135.39,175.42,298.55,-0.394,False
880472.SH,,euphoria,28,0.464286,0.295313,101.61,-16.1,-76.52,179.21,371.69,1.447,False
881002.SH,,euphoria,28,0.464286,0.295313,-22.23,-21.75,-135.38,174.58,298.66,-0.394,False
881389.SH,,euphoria,28,0.464286,0.295313,14.88,-7.88,-64.87,85.14,228.11,0.345,False
881394.SH,,euphoria,28,0.464286,0.295313,101.73,-15.8,-76.55,179.24,371.84,1.448,False
880082.SH,,euphoria,13,0.538462,0.291434,111.11,11.77,-196.06,132.61,415.96,0.963,False
880679.SH,,euphoria,13,0.538462,0.291434,115.26,15.23,-15.02,433.78,379.11,1.096,False
880004.SH,,euphoria,18,0.5,0.290307,147.1,-4.02,-215.41,406.63,500.63,1.247,False
880006.SH,,euphoria,18,0.5,0.290307,3748.54,1.26,-3162.8,5060.9,12280.14,1.295,False
880784.SH,,euphoria,18,0.5,0.290307,-38.6,10.85,-117.79,87.03,273.02,-0.6,False
880844.SH,,euphoria,29,0.448276,0.284129,92.26,0.0,0.0,142.07,332.26,1.495,False
880890.SH,,euphoria,28,0.428571,0.265083,17.73,0.0,-14.5,34.96,64.29,1.459,False
880854.SH,,euphoria,38,0.394737,0.255979,49.98,0.0,0.0,81.79,116.3,2.649,True
880009.SH,,euphoria,7,0.571429,0.250454,10.71,4.3,-46.87,69.99,82.32,0.344,False
880578.SH,,euphoria,7,0.571429,0.250454,33.07,51.48,-11.63,64.57,91.97,0.951,False
880579.SH,,euphoria,7,0.571429,0.250454,128.7,20.5,-161.3,320.52,417.59,0.815,False
880581.SH,,euphoria,7,0.571429,0.250454,53.13,53.51,-28.12,137.69,95.57,1.471,False
880648.SH,,euphoria,7,0.571429,0.250454,48.28,88.16,-79.71,147.05,146.26,0.873,False
880653.SH,,euphoria,7,0.571429,0.250454,44.38,39.36,-14.71,109.0,100.87,1.164,False
880707.SH,,euphoria,7,0.571429,0.250454,35.33,43.12,-25.64,78.55,95.5,0.979,False
880712.SH,,euphoria,7,0.571429,0.250454,58.45,74.3,-27.92,112.73,90.97,1.7,False
880718.SH,,euphoria,7,0.571429,0.250454,131.89,40.29,-58.76,327.15,352.35,0.99,False
880732.SH,,euphoria,7,0.571429,0.250454,123.1,100.92,-114.37,279.34,342.01,0.952,False
880765.SH,,euphoria,7,0.571429,0.250454,11.64,63.02,-105.58,106.51,183.49,0.168,False
880914.SH,,euphoria,7,0.571429,0.250454,32.0,30.8,-53.48,201.7,341.11,0.248,False
880978.SH,,euphoria,7,0.571429,0.250454,79.93,83.31,-99.48,190.59,241.53,0.876,False
880979.SH,,euphoria,7,0.571429,0.250454,-0.87,55.27,-164.31,135.7,183.09,-0.013,False
880229.SH,,euphoria,18,0.444444,0.245592,59.89,-13.73,-78.27,42.35,371.11,0.685,False
880752.SH,,euphoria,18,0.444444,0.245592,-0.66,-20.02,-125.21,105.08,276.02,-0.01,False
880816.SH,,euphoria,18,0.444444,0.245592,144.24,-7.18,-43.41,272.72,455.28,1.344,False
880875.SH,,euphoria,18,0.444444,0.245592,17.3,-7.95,-57.73,62.57,272.29,0.269,False
880895.SH,,euphoria,18,0.444444,0.245592,30.24,-10.78,-31.2,63.07,253.39,0.506,False
880625.SH,,euphoria,3,0.666667,0.207655,141.14,174.58,84.67,214.33,132.85,1.84,False
880641.SH,,euphoria,18,0.388889,0.20305,166.45,0.0,0.0,194.89,364.34,1.938,False
880958.SH,,euphoria,6,0.5,0.187613,97.75,75.36,-131.08,332.02,392.12,0.611,False
880912.SH,,euphoria,7,0.428571,0.158217,11.09,-99.6,-155.42,191.63,222.14,0.132,False
880963.SH,,euphoria,7,0.428571,0.158217,-131.28,-17.85,-488.09,205.76,520.9,-0.667,False
880972.SH,,euphoria,7,0.428571,0.158217,36.73,-8.49,-38.04,118.99,116.33,0.835,False
880691.SH,,euphoria,13,0.230769,0.081794,-56.92,0.0,-108.78,0.0,141.41,-1.451,False
880751.SH,,euphoria,18,0.0,0.0,-288.29,-257.33,-404.23,-153.95,182.38,-6.706,False
880836.SH,,euphoria,3,0.0,0.0,0.0,0.0,0.0,0.0,0.0,,False
880863.SH,,expansion,221,0.850679,0.797717,130.8,179.97,66.63,289.85,699.26,2.781,True
880812.SH,,expansion,221,0.809955,0.753103,184.33,280.72,74.81,472.0,992.65,2.761,True
880774.SH,,expansion,221,0.79638,0.738437,113.8,157.51,27.36,266.84,700.35,2.415,True
880665.SH,,expansion,108,0.712963,0.621488,51.94,148.89,0.0,302.87,970.04,0.556,True
880556.SH,,expansion,112,0.669643,0.578181,96.17,149.75,0.0,314.54,953.32,1.068,True
880763.SH,,expansion,89,0.674157,0.57134,24.17,30.31,-11.34,80.56,90.86,2.51,True
880741.SH,,expansion,221,0.628959,0.563572,18.31,37.48,-46.85,95.98,127.82,2.13,True
880578.SH,,expansion,111,0.63964,0.547035,21.23,31.47,-33.69,97.28,108.72,2.057,True
880686.SH,,expansion,130,0.630769,0.545169,8.27,35.24,-113.43,129.85,172.88,0.546,True
880707.SH,,expansion,108,0.638889,0.544971,14.16,31.91,-57.54,98.89,123.23,1.194,True
880214.SH,,expansion,221,0.606335,0.540631,32.01,25.88,-45.93,118.73,167.41,2.842,True
880526.SH,,expansion,125,0.624,0.536581,9.25,24.65,-28.41,62.41,80.32,1.288,True
880626.SH,,expansion,221,0.60181,0.53606,15.17,23.38,-58.72,102.2,161.19,1.399,True
881468.SH,,expansion,260,0.596154,0.53553,3.56,17.13,-48.2,67.56,97.41,0.589,True
880671.SH,,expansion,157,0.605096,0.526997,15.68,15.61,-37.61,71.86,83.12,2.364,True
880702.SH,,expansion,221,0.59276,0.526934,14.41,27.63,-58.12,106.74,139.06,1.54,True
880893.SH,,expansion,221,0.59276,0.526934,23.09,35.63,-92.9,123.13,175.32,1.958,True
880974.SH,,expansion,221,0.59276,0.526934,12.31,22.81,-59.25,100.41,129.19,1.417,True
880413.SH,,expansion,260,0.584615,0.523908,8.41,18.48,-60.63,83.81,150.21,0.902,True
880516.SH,,expansion,221,0.588235,0.522379,10.27,17.18,-43.95,73.05,91.61,1.667,True
880728.SH,,expansion,221,0.588235,0.522379,14.35,14.26,-44.63,74.38,103.19,2.068,True
880769.SH,,expansion,221,0.588235,0.522379,13.57,20.33,-38.62,75.22,99.41,2.03,True
880823.SH,,expansion,221,0.588235,0.522379,23.3,32.1,-44.46,114.02,143.6,2.412,True
880873.SH,,expansion,221,0.588235,0.522379,12.43,23.45,-60.21,106.31,136.88,1.35,True
880955.SH,,expansion,221,0.588235,0.522379,11.8,18.63,-51.56,96.9,121.34,1.446,True
880971.SH,,expansion,221,0.588235,0.522379,15.55,20.7,-46.05,92.03,116.69,1.982,True
880765.SH,,expansion,74,0.635135,0.521316,33.44,58.0,-76.48,123.33,194.13,1.482,True
881144.SH,,expansion,260,0.580769,0.520041,7.69,21.68,-59.99,84.85,134.87,0.919,True
880642.SH,,expansion,204,0.588235,0.519675,12.77,13.07,-65.39,102.54,156.61,1.164,True
880610.SH,,expansion,221,0.58371,0.51783,14.44,14.28,-34.35,89.67,116.03,1.85,True
880706.SH,,expansion,221,0.58371,0.51783,17.06,33.78,-66.76,121.98,155.24,1.634,True
880941.SH,,expansion,221,0.58371,0.51783,11.73,24.45,-63.25,96.73,128.13,1.361,True
880712.SH,,expansion,108,0.611111,0.516864,26.9,50.05,-49.39,127.66,127.73,2.189,True
880455.SH,,expansion,260,0.576923,0.516178,10.29,17.52,-57.88,75.49,120.46,1.377,True
880678.SH,,expansion,137,0.59854,0.51485,9.28,15.3,-52.89,63.36,86.28,1.259,True
880210.SH,,expansion,221,0.579186,0.513287,10.81,16.44,-43.08,79.19,98.59,1.63,True
880597.SH,,expansion,221,0.579186,0.513287,13.87,16.44,-72.05,100.08,139.24,1.481,True
880709.SH,,expansion,221,0.579186,0.513287,10.35,18.11,-64.07,89.96,127.7,1.205,True
880753.SH,,expansion,221,0.579186,0.513287,13.1,20.53,-45.05,84.25,102.88,1.892,True
880760.SH,,expansion,221,0.579186,0.513287,11.94,25.49,-67.62,94.85,126.57,1.403,True
880783.SH,,expansion,221,0.579186,0.513287,14.74,18.11,-60.59,96.14,129.2,1.696,True
880313.SH,,expansion,260,0.573077,0.512318,25.82,20.78,-75.65,116.68,203.43,2.046,True
880424.SH,,expansion,260,0.573077,0.512318,18.75,17.78,-97.43,143.87,207.59,1.457,True
880454.SH,,expansion,260,0.573077,0.512318,2.55,10.62,-46.15,63.82,92.75,0.444,True
880468.SH,,expansion,260,0.573077,0.512318,16.43,14.92,-40.99,70.56,115.76,2.288,True
881062.SH,,expansion,260,0.573077,0.512318,27.0,23.77,-76.87,130.47,198.5,2.193,True
881410.SH,,expansion,260,0.573077,0.512318,18.5,16.63,-68.37,116.02,146.23,2.04,True
880081.SH,,expansion,221,0.574661,0.508749,7.87,3.42,-34.79,51.42,119.17,0.982,True
880745.SH,,expansion,221,0.574661,0.508749,17.39,20.52,-55.48,99.3,139.61,1.852,True
880879.SH,,expansion,221,0.574661,0.508749,12.8,24.63,-57.36,92.35,120.01,1.586,True
880903.SH,,expansion,221,0.574661,0.508749,8.91,28.14,-102.08,121.63,184.42,0.718,True
881026.SH,,expansion,260,0.569231,0.508462,25.06,23.53,-69.05,106.9,160.11,2.524,True
880653.SH,,expansion,108,0.601852,0.507562,21.69,27.66,-50.51,111.24,119.3,1.889,True
880688.SH,,expansion,130,0.592308,0.506363,8.61,24.02,-126.75,139.34,182.63,0.537,True
880697.SH,,expansion,130,0.592308,0.506363,14.35,28.32,-87.72,124.59,183.76,0.89,True
880318.SH,,expansion,260,0.565385,0.50461,22.24,20.77,-51.93,92.64,145.08,2.471,True
880325.SH,,expansion,260,0.565385,0.50461,33.65,32.89,-86.98,162.07,214.99,2.524,True
880407.SH,,expansion,260,0.565385,0.50461,13.67,22.4,-62.58,106.96,161.84,1.362,True
880465.SH,,expansion,260,0.565385,0.50461,12.21,11.16,-34.87,67.45,100.69,1.955,True
881071.SH,,expansion,260,0.565385,0.50461,29.84,31.55,-80.87,153.44,201.5,2.388,True
881206.SH,,expansion,260,0.565385,0.50461,6.11,12.95,-60.58,92.64,132.31,0.744,True
881432.SH,,expansion,260,0.565385,0.50461,18.26,16.91,-97.9,144.41,213.61,1.379,True
881442.SH,,expansion,260,0.565385,0.50461,10.92,10.84,-38.9,60.17,88.01,2.0,True
880204.SH,,expansion,221,0.570136,0.504216,17.93,14.92,-45.38,100.62,133.87,1.991,True
880537.SH,,expansion,221,0.570136,0.504216,15.92,12.72,-46.56,105.19,123.2,1.921,True
880573.SH,,expansion,221,0.570136,0.504216,10.32,20.07,-62.36,88.82,132.33,1.159,True
880715.SH,,expansion,221,0.570136,0.504216,19.56,19.71,-60.09,108.59,147.12,1.976,True
880740.SH,,expansion,221,0.570136,0.504216,17.34,18.66,-75.84,122.13,160.87,1.603,True
880757.SH,,expansion,221,0.570136,0.504216,12.94,16.34,-47.5,89.88,112.0,1.717,True
880887.SH,,expansion,221,0.570136,0.504216,14.16,21.45,-63.15,109.23,149.79,1.405,True
880923.SH,,expansion,221,0.570136,0.504216,13.23,33.01,-66.65,101.66,129.15,1.523,True
880320.SH,,expansion,260,0.561538,0.500762,11.87,15.77,-69.66,92.32,151.64,1.262,True
880335.SH,,expansion,260,0.561538,0.500762,13.44,23.43,-59.97,108.6,143.62,1.509,True
880432.SH,,expansion,260,0.561538,0.500762,12.06,13.3,-56.32,79.12,112.38,1.731,True
880453.SH,,expansion,260,0.561538,0.500762,4.13,19.38,-77.42,98.07,155.91,0.427,True
881106.SH,,expansion,260,0.561538,0.500762,14.0,15.18,-73.02,102.76,206.25,1.095,True
881471.SH,,expansion,260,0.561538,0.500762,2.3,10.39,-51.82,75.87,118.9,0.311,True
880228.SH,,expansion,221,0.565611,0.499689,9.61,8.84,-56.66,76.63,111.78,1.278,True
880571.SH,,expansion,221,0.565611,0.499689,11.76,21.12,-62.85,100.74,148.39,1.178,True
880587.SH,,expansion,221,0.565611,0.499689,19.65,29.05,-49.48,97.9,131.21,2.226,True
880591.SH,,expansion,221,0.565611,0.499689,10.71,9.31,-51.15,89.18,120.3,1.323,True
880633.SH,,expansion,221,0.565611,0.499689,13.91,19.64,-83.51,130.25,165.77,1.247,True
880750.SH,,expansion,221,0.565611,0.499689,15.09,17.94,-44.53,85.28,110.69,2.026,True
880770.SH,,expansion,221,0.565611,0.499689,18.02,33.22,-119.61,155.43,215.94,1.241,True
880523.SH,,expansion,128,0.585938,0.499317,27.92,37.79,-116.45,172.81,244.58,1.292,True
880548.SH,,expansion,117,0.589744,0.499143,22.63,29.29,-87.74,146.69,182.43,1.342,True
880550.SH,,expansion,117,0.589744,0.499143,31.52,44.44,-82.62,167.48,201.95,1.688,True
880687.SH,,expansion,130,0.584615,0.498664,14.64,48.54,-81.86,113.43,142.17,1.174,True
880696.SH,,expansion,130,0.584615,0.498664,17.08,43.74,-95.05,124.05,178.24,1.092,True
880536.SH,,expansion,123,0.585366,0.497004,16.49,35.71,-70.04,119.45,145.95,1.253,True
880308.SH,,expansion,260,0.557692,0.496916,15.27,9.89,-36.52,76.32,106.01,2.323,True
880319.SH,,expansion,260,0.557692,0.496916,29.0,12.64,-67.59,115.75,163.45,2.86,True
880339.SH,,expansion,260,0.557692,0.496916,14.06,18.35,-68.23,110.41,159.24,1.424,True
880368.SH,,expansion,260,0.557692,0.496916,9.76,14.63,-59.54,94.5,128.7,1.223,True
880460.SH,,expansion,260,0.557692,0.496916,11.51,13.45,-48.3,67.58,102.28,1.815,True
881008.SH,,expansion,260,0.557692,0.496916,25.77,15.71,-71.52,110.32,211.02,1.969,True
881449.SH,,expansion,260,0.557692,0.496916,20.23,16.7,-57.72,92.27,139.09,2.345,True
880972.SH,,expansion,63,0.619048,0.495584,32.71,43.82,-34.37,113.02,117.82,2.203,True
880505.SH,,expansion,221,0.561086,0.495167,24.97,18.04,-73.33,132.13,162.72,2.281,True
880568.SH,,expansion,221,0.561086,0.495167,14.18,15.24,-42.65,79.58,108.83,1.937,True
880575.SH,,expansion,221,0.561086,0.495167,13.54,26.11,-68.58,105.87,136.58,1.474,True
880582.SH,,expansion,221,0.561086,0.495167,13.87,17.26,-49.6,92.61,118.34,1.743,True
880584.SH,,expansion,221,0.561086,0.495167,16.04,26.3,-55.27,96.49,127.91,1.864,True
880586.SH,,expansion,221,0.561086,0.495167,15.03,17.93,-58.71,98.21,138.17,1.617,True
880593.SH,,expansion,221,0.561086,0.495167,12.83,18.36,-53.37,96.07,131.79,1.447,True
880605.SH,,expansion,221,0.561086,0.495167,14.82,21.26,-62.72,100.49,131.3,1.678,True
880618.SH,,expansion,221,0.561086,0.495167,15.92,16.8,-50.61,105.11,143.24,1.653,True
880630.SH,,expansion,221,0.561086,0.495167,15.09,21.53,-70.26,116.19,147.2,1.524,True
880704.SH,,expansion,221,0.561086,0.495167,11.96,20.51,-50.14,96.86,124.05,1.434,True
880714.SH,,expansion,221,0.561086,0.495167,8.35,18.97,-68.09,92.27,137.41,0.903,True
880724.SH,,expansion,221,0.561086,0.495167,11.76,12.13,-55.68,95.91,122.27,1.43,True
880725.SH,,expansion,221,0.561086,0.495167,18.81,23.16,-89.43,144.58,177.53,1.575,True
880814.SH,,expansion,221,0.561086,0.495167,13.6,17.29,-47.71,84.92,115.13,1.756,True
880889.SH,,expansion,221,0.561086,0.495167,13.32,12.53,-35.81,67.59,94.78,2.089,True
880902.SH,,expansion,221,0.561086,0.495167,10.8,23.0,-89.67,115.89,158.84,1.01,True
880906.SH,,expansion,221,0.561086,0.495167,13.64,16.04,-68.8,110.62,139.06,1.459,True
880936.SH,,expansion,221,0.561086,0.495167,4.24,13.13,-75.18,82.17,138.63,0.455,True
880975.SH,,expansion,221,0.561086,0.495167,13.91,18.31,-69.74,99.91,141.94,1.457,True
880547.SH,,expansion,122,0.581967,0.49325,19.81,40.92,-117.22,176.65,223.46,0.979,True
880301.SH,,expansion,260,0.553846,0.493075,23.15,19.54,-77.21,110.1,176.55,2.114,True
880327.SH,,expansion,260,0.553846,0.493075,31.78,15.61,-95.57,146.74,244.36,2.097,True
880340.SH,,expansion,260,0.553846,0.493075,9.89,19.84,-70.93,107.34,156.35,1.02,True
880459.SH,,expansion,260,0.553846,0.493075,15.99,9.04,-57.15,76.49,127.63,2.02,True
881294.SH,,expansion,260,0.553846,0.493075,8.57,23.47,-91.33,113.24,173.22,0.798,True
880530.SH,,expansion,124,0.580645,0.492648,9.65,26.32,-68.04,107.24,136.14,0.789,True
880685.SH,,expansion,130,0.576923,0.490985,18.96,41.13,-117.27,157.27,212.71,1.016,True
880215.SH,,expansion,221,0.556561,0.490651,10.88,9.4,-40.09,79.89,104.12,1.554,True
880502.SH,,expansion,221,0.556561,0.490651,9.61,10.38,-48.4,78.33,102.12,1.399,True
880574.SH,,expansion,221,0.556561,0.490651,16.54,18.16,-94.78,137.57,173.91,1.414,True
880599.SH,,expansion,221,0.556561,0.490651,10.18,14.0,-67.79,97.49,139.16,1.087,True
880606.SH,,expansion,221,0.556561,0.490651,10.48,13.68,-82.54,105.59,158.85,0.981,True
880616.SH,,expansion,221,0.556561,0.490651,9.84,15.49,-74.85,97.98,150.4,0.972,True
880627.SH,,expansion,221,0.556561,0.490651,15.56,11.53,-41.4,87.54,109.51,2.112,True
880628.SH,,expansion,221,0.556561,0.490651,12.09,17.01,-63.74,92.43,123.18,1.459,True
880717.SH,,expansion,221,0.556561,0.490651,18.16,14.62,-56.57,105.72,135.93,1.986,True
880744.SH,,expansion,221,0.556561,0.490651,13.77,13.0,-51.84,93.16,134.21,1.525,True
880791.SH,,expansion,221,0.556561,0.490651,5.52,16.29,-88.1,106.17,147.43,0.557,True
880797.SH,,expansion,221,0.556561,0.490651,14.36,21.65,-58.39,102.03,137.94,1.548,True
880909.SH,,expansion,221,0.556561,0.490651,11.42,26.74,-61.6,100.69,132.41,1.282,True
880929.SH,,expansion,221,0.556561,0.490651,9.75,15.58,-67.38,84.76,132.9,1.091,True
880330.SH,,expansion,260,0.55,0.489237,9.81,11.59,-72.08,94.54,155.74,1.015,True
880336.SH,,expansion,260,0.55,0.489237,13.38,19.78,-68.42,107.91,151.73,1.421,True
880344.SH,,expansion,260,0.55,0.489237,14.88,11.6,-71.88,87.52,153.71,1.561,True
880350.SH,,expansion,260,0.55,0.489237,13.24,16.38,-55.54,104.76,126.18,1.692,True
880414.SH,,expansion,260,0.55,0.489237,8.94,13.15,-62.14,100.92,142.04,1.015,True
880466.SH,,expansion,260,0.55,0.489237,10.09,10.61,-39.97,67.89,92.52,1.759,True
881019.SH,,expansion,260,0.55,0.489237,9.51,12.08,-71.51,95.17,157.14,0.976,True
881034.SH,,expansion,260,0.55,0.489237,12.39,17.43,-61.2,103.27,137.12,1.457,True
881044.SH,,expansion,260,0.55,0.489237,9.57,19.63,-73.7,117.19,165.55,0.932,True
881470.SH,,expansion,260,0.55,0.489237,6.88,11.12,-73.39,97.6,147.6,0.751,True
880666.SH,,expansion,157,0.566879,0.488686,18.43,16.68,-70.32,116.95,161.79,1.427,True
880205.SH,,expansion,221,0.552036,0.48614,8.33,6.06,-46.13,77.59,111.93,1.107,True
880232.SH,,expansion,221,0.552036,0.48614,13.39,11.02,-63.39,91.09,139.61,1.426,True
880513.SH,,expansion,221,0.552036,0.48614,11.61,10.11,-58.31,102.46,124.99,1.381,True
880534.SH,,expansion,221,0.552036,0.48614,8.1,17.94,-68.92,96.92,138.12,0.872,True
880542.SH,,expansion,221,0.552036,0.48614,13.08,11.92,-60.4,107.66,122.47,1.588,True
880596.SH,,expansion,221,0.552036,0.48614,8.61,12.92,-56.55,105.59,127.63,1.002,True
880598.SH,,expansion,221,0.552036,0.48614,5.03,9.75,-100.93,96.6,162.77,0.459,True
880705.SH,,expansion,221,0.552036,0.48614,13.69,32.13,-53.85,88.92,117.98,1.725,True
880736.SH,,expansion,221,0.552036,0.48614,13.93,16.02,-107.18,131.8,183.19,1.13,True
880861.SH,,expansion,221,0.552036,0.48614,5.49,15.46,-74.73,93.4,141.64,0.576,True
880869.SH,,expansion,221,0.552036,0.48614,12.48,13.03,-50.02,102.97,122.32,1.516,True
880891.SH,,expansion,221,0.552036,0.48614,13.41,13.38,-49.81,92.15,130.22,1.53,True
880905.SH,,expansion,221,0.552036,0.48614,13.18,25.91,-94.06,114.37,155.45,1.26,True
880919.SH,,expansion,221,0.552036,0.48614,11.85,8.19,-51.33,89.65,118.72,1.484,True
880964.SH,,expansion,221,0.552036,0.48614,17.82,21.98,-77.03,117.81,139.75,1.896,True
880302.SH,,expansion,260,0.546154,0.485403,22.45,20.24,-74.13,115.92,179.01,2.022,True
880337.SH,,expansion,260,0.546154,0.485403,18.97,16.99,-69.4,114.43,162.34,1.884,True
880439.SH,,expansion,260,0.546154,0.485403,8.45,16.67,-106.0,124.27,191.03,0.714,True
880456.SH,,expansion,260,0.546154,0.485403,2.91,15.33,-54.91,77.61,119.98,0.391,True
881002.SH,,expansion,260,0.546154,0.485403,22.37,20.24,-73.91,116.17,178.98,2.016,True
881200.SH,,expansion,260,0.546154,0.485403,10.6,14.71,-75.04,105.4,166.48,1.027,True
880570.SH,,expansion,111,0.576577,0.483609,14.01,14.09,-30.41,77.58,88.06,1.676,True
880522.SH,,expansion,130,0.569231,0.483327,9.7,15.14,-84.42,134.39,188.05,0.588,True
880694.SH,,expansion,130,0.569231,0.483327,9.05,26.78,-76.41,115.49,139.26,0.741,True
880703.SH,,expansion,130,0.569231,0.483327,13.07,34.82,-116.95,144.4,230.02,0.648,True
880213.SH,,expansion,221,0.547511,0.481634,15.2,13.01,-44.35,85.49,110.92,2.038,True
880520.SH,,expansion,221,0.547511,0.481634,13.76,19.23,-73.42,102.58,140.81,1.453,True
880558.SH,,expansion,221,0.547511,0.481634,11.65,11.1,-52.15,91.55,121.16,1.429,True
880559.SH,,expansion,221,0.547511,0.481634,18.44,19.52,-69.81,110.1,144.07,1.903,True
880565.SH,,expansion,221,0.547511,0.481634,13.55,14.14,-60.86,103.75,136.03,1.481,True
880567.SH,,expansion,221,0.547511,0.481634,9.46,12.35,-66.85,90.52,128.23,1.097,True
880585.SH,,expansion,221,0.547511,0.481634,8.81,17.17,-78.09,113.89,146.36,0.895,True
880608.SH,,expansion,221,0.547511,0.481634,13.8,13.83,-98.27,128.14,179.13,1.145,True
880611.SH,,expansion,221,0.547511,0.481634,11.75,20.28,-55.64,90.71,138.15,1.264,True
880623.SH,,expansion,221,0.547511,0.481634,12.16,21.31,-77.71,102.32,158.51,1.141,True
880640.SH,,expansion,221,0.547511,0.481634,20.54,28.52,-119.16,167.03,270.74,1.128,True
880675.SH,,expansion,221,0.547511,0.481634,7.05,15.6,-100.63,124.91,195.45,0.536,True
880731.SH,,expansion,221,0.547511,0.481634,16.04,19.34,-56.01,101.78,134.18,1.777,True
880734.SH,,expansion,221,0.547511,0.481634,13.78,16.08,-49.43,88.36,122.57,1.672,True
880754.SH,,expansion,221,0.547511,0.481634,21.53,15.86,-97.44,121.62,177.03,1.808,True
880781.SH,,expansion,221,0.547511,0.481634,7.69,14.3,-67.85,99.36,139.12,0.822,True
880829.SH,,expansion,221,0.547511,0.481634,14.76,9.27,-38.74,60.04,83.73,2.62,True
880892.SH,,expansion,221,0.547511,0.481634,9.12,15.46,-61.29,91.05,130.91,1.036,True
880968.SH,,expansion,221,0.547511,0.481634,6.59,20.59,-81.41,99.24,158.88,0.617,True
880321.SH,,expansion,260,0.542308,0.481572,11.09,9.0,-59.92,93.37,132.22,1.353,True
880366.SH,,expansion,260,0.542308,0.481572,-2.26,7.13,-82.68,69.65,145.04,-0.251,True
880464.SH,,expansion,260,0.542308,0.481572,10.28,12.02,-59.58,78.63,133.33,1.243,True
880485.SH,,expansion,260,0.542308,0.481572,-0.13,11.95,-64.43,70.76,136.01,-0.015,True
881104.SH,,expansion,260,0.542308,0.481572,24.25,26.56,-118.94,151.36,224.01,1.745,True
881123.SH,,expansion,260,0.542308,0.481572,0.44,10.43,-81.37,93.63,153.32,0.046,True
881151.SH,,expansion,260,0.542308,0.481572,2.31,9.53,-67.28,84.08,124.93,0.298,True
881157.SH,,expansion,260,0.542308,0.481572,11.31,14.89,-53.98,82.2,113.41,1.608,True
881171.SH,,expansion,260,0.542308,0.481572,2.95,13.55,-62.76,91.31,137.89,0.345,True
881224.SH,,expansion,260,0.542308,0.481572,1.13,7.02,-79.12,86.78,152.65,0.119,True
881436.SH,,expansion,260,0.542308,0.481572,9.26,8.93,-75.41,99.82,155.95,0.958,True
881452.SH,,expansion,260,0.542308,0.481572,9.93,11.99,-57.56,76.68,132.75,1.206,True
880648.SH,,expansion,108,0.574074,0.47985,19.26,25.98,-43.3,127.2,134.16,1.492,True
880328.SH,,expansion,260,0.538462,0.477745,31.71,27.37,-87.25,128.3,247.5,2.066,True
880361.SH,,expansion,260,0.538462,0.477745,13.15,15.12,-78.37,104.46,217.52,0.975,True
880362.SH,,expansion,260,0.538462,0.477745,-1.33,28.96,-134.58,125.55,245.24,-0.087,True
880444.SH,,expansion,260,0.538462,0.477745,6.45,20.51,-89.39,104.2,189.89,0.548,True
881055.SH,,expansion,260,0.538462,0.477745,23.55,9.09,-69.37,120.93,231.78,1.638,True
881069.SH,,expansion,260,0.538462,0.477745,10.07,6.91,-72.96,100.22,151.22,1.074,True
881116.SH,,expansion,260,0.538462,0.477745,-0.86,28.98,-138.53,125.51,246.84,-0.056,True
881167.SH,,expansion,260,0.538462,0.477745,13.08,14.57,-54.97,103.09,125.82,1.676,True
881204.SH,,expansion,260,0.538462,0.477745,5.67,13.47,-75.0,111.06,156.71,0.583,True
881303.SH,,expansion,260,0.538462,0.477745,2.89,7.0,-75.39,99.26,155.16,0.3,True
881459.SH,,expansion,260,0.538462,0.477745,11.31,3.94,-37.85,59.32,89.84,2.03,True
881467.SH,,expansion,260,0.538462,0.477745,10.97,11.59,-59.48,79.3,128.62,1.375,True
880217.SH,,expansion,221,0.542986,0.477133,15.42,13.2,-65.4,82.48,123.12,1.862,True
880219.SH,,expansion,221,0.542986,0.477133,12.79,9.23,-52.83,94.91,130.85,1.454,True
880222.SH,,expansion,221,0.542986,0.477133,7.82,13.69,-63.54,85.23,138.28,0.841,True
880519.SH,,expansion,221,0.542986,0.477133,12.4,14.56,-52.34,99.05,116.84,1.577,True
880535.SH,,expansion,221,0.542986,0.477133,16.38,26.67,-77.11,114.16,152.17,1.6,True
880538.SH,,expansion,221,0.542986,0.477133,13.06,10.29,-33.68,79.35,91.07,2.131,True
880549.SH,,expansion,221,0.542986,0.477133,27.38,16.42,-60.04,107.85,163.12,2.495,True
880560.SH,,expansion,221,0.542986,0.477133,13.87,16.63,-65.91,114.53,139.26,1.481,True
880583.SH,,expansion,221,0.542986,0.477133,13.11,24.14,-65.46,118.83,139.14,1.401,True
880602.SH,,expansion,221,0.542986,0.477133,10.82,20.63,-70.43,109.29,135.56,1.187,True
880624.SH,,expansion,221,0.542986,0.477133,13.86,13.06,-68.01,111.13,132.6,1.554,True
880629.SH,,expansion,221,0.542986,0.477133,18.13,21.24,-109.55,144.93,184.65,1.46,True
880639.SH,,expansion,221,0.542986,0.477133,12.73,19.74,-79.27,100.16,137.83,1.373,True
880708.SH,,expansion,221,0.542986,0.477133,19.44,17.49,-81.42,122.18,150.54,1.92,True
880730.SH,,expansion,221,0.542986,0.477133,11.0,25.2,-74.7,105.85,135.55,1.207,True
880759.SH,,expansion,221,0.542986,0.477133,11.05,16.84,-77.14,109.07,145.22,1.131,True
880790.SH,,expansion,221,0.542986,0.477133,4.92,9.63,-66.27,85.42,133.43,0.548,True
880795.SH,,expansion,221,0.542986,0.477133,12.87,10.88,-47.31,99.74,122.51,1.562,True
880798.SH,,expansion,221,0.542986,0.477133,11.76,14.05,-71.78,109.12,137.97,1.268,True
880805.SH,,expansion,221,0.542986,0.477133,14.83,5.17,-40.75,57.18,88.87,2.48,True
880824.SH,,expansion,221,0.542986,0.477133,4.43,5.46,-81.36,104.68,162.14,0.406,True
880876.SH,,expansion,221,0.542986,0.477133,10.71,12.16,-92.98,111.78,165.69,0.961,True
880898.SH,,expansion,221,0.542986,0.477133,15.14,13.94,-53.58,91.67,128.09,1.757,True
880904.SH,,expansion,221,0.542986,0.477133,9.41,10.16,-83.36,117.61,159.33,0.878,True
880908.SH,,expansion,221,0.542986,0.477133,9.17,13.11,-84.05,108.27,155.27,0.878,True
880527.SH,,expansion,124,0.564516,0.476606,10.06,17.13,-73.94,100.76,134.65,0.832,True
880670.SH,,expansion,157,0.55414,0.476018,16.07,14.1,-119.47,142.83,206.07,0.977,True
880695.SH,,expansion,130,0.561538,0.475688,12.18,29.87,-118.22,146.26,218.05,0.637,True
880699.SH,,expansion,130,0.561538,0.475688,6.28,26.85,-96.42,122.8,166.52,0.43,True
880651.SH,,expansion,173,0.549133,0.47472,6.57,21.7,-76.1,101.07,128.56,0.673,True
880581.SH,,expansion,111,0.567568,0.47467,11.35,28.83,-64.76,115.23,128.08,0.933,True
880324.SH,,expansion,260,0.534615,0.473921,17.35,19.06,-79.57,135.5,193.6,1.445,True
880326.SH,,expansion,260,0.534615,0.473921,25.42,15.75,-80.92,153.08,205.34,1.996,True
880369.SH,,expansion,260,0.534615,0.473921,7.48,7.25,-58.18,81.22,110.97,1.087,True
880411.SH,,expansion,260,0.534615,0.473921,5.3,13.7,-87.76,107.79,177.85,0.481,True
880426.SH,,expansion,260,0.534615,0.473921,14.91,10.62,-103.35,129.58,192.41,1.25,True
881065.SH,,expansion,260,0.534615,0.473921,28.99,10.64,-59.54,107.39,160.66,2.91,True
881094.SH,,expansion,260,0.534615,0.473921,25.73,11.79,-84.59,125.69,208.99,1.985,True
881293.SH,,expansion,260,0.534615,0.473921,12.69,5.42,-58.71,88.6,117.61,1.74,True
881415.SH,,expansion,260,0.534615,0.473921,9.16,9.83,-73.95,115.4,159.9,0.924,True
881478.SH,,expansion,260,0.534615,0.473921,7.67,15.18,-80.09,106.52,158.39,0.781,True
880008.SH,,expansion,221,0.538462,0.472638,12.93,10.21,-44.78,93.08,119.71,1.606,True
880226.SH,,expansion,221,0.538462,0.472638,10.15,9.35,-56.12,83.89,119.75,1.26,True
880231.SH,,expansion,221,0.538462,0.472638,9.03,7.92,-77.58,95.64,132.97,1.009,True
880521.SH,,expansion,221,0.538462,0.472638,22.0,22.64,-67.98,113.19,163.91,1.996,True
880544.SH,,expansion,221,0.538462,0.472638,11.75,14.42,-61.77,101.09,132.17,1.322,True
880631.SH,,expansion,221,0.538462,0.472638,7.08,20.86,-106.63,119.0,178.28,0.59,True
880636.SH,,expansion,221,0.538462,0.472638,5.6,15.73,-73.62,90.91,135.29,0.615,True
880710.SH,,expansion,221,0.538462,0.472638,20.23,11.54,-100.44,121.87,248.37,1.211,True
880743.SH,,expansion,221,0.538462,0.472638,13.64,25.13,-79.64,120.2,156.1,1.299,True
880796.SH,,expansion,221,0.538462,0.472638,8.35,7.78,-53.86,92.07,122.22,1.016,True
880806.SH,,expansion,221,0.538462,0.472638,11.28,5.83,-40.44,57.36,76.46,2.194,True
880813.SH,,expansion,221,0.538462,0.472638,7.18,14.81,-66.56,81.81,118.64,0.899,True
880845.SH,,expansion,221,0.538462,0.472638,15.6,8.09,-37.79,57.39,79.48,2.918,True
880848.SH,,expansion,221,0.538462,0.472638,8.99,9.74,-42.48,61.34,88.19,1.516,True
880853.SH,,expansion,221,0.538462,0.472638,14.14,9.86,-50.46,76.28,108.09,1.944,True
880882.SH,,expansion,221,0.538462,0.472638,10.75,17.75,-53.66,92.75,122.88,1.301,True
880910.SH,,expansion,221,0.538462,0.472638,15.19,10.56,-72.05,99.56,148.56,1.52,True
880926.SH,,expansion,221,0.538462,0.472638,9.72,10.58,-50.47,98.17,115.95,1.246,True
880930.SH,,expansion,221,0.538462,0.472638,15.0,14.2,-90.74,127.99,174.93,1.275,True
880939.SH,,expansion,221,0.538462,0.472638,10.65,6.28,-79.62,114.15,159.42,0.993,True
880945.SH,,expansion,221,0.538462,0.472638,13.8,10.22,-81.26,134.3,168.91,1.214,True
880950.SH,,expansion,221,0.538462,0.472638,8.94,12.71,-74.81,101.98,153.12,0.868,True
880957.SH,,expansion,221,0.538462,0.472638,11.29,7.73,-82.38,106.35,147.08,1.141,True
880973.SH,,expansion,221,0.538462,0.472638,13.45,13.95,-55.44,101.74,133.11,1.503,True
880617.SH,,expansion,108,0.564815,0.470677,12.79,14.47,-88.84,114.33,151.86,0.875,True
880312.SH,,expansion,260,0.530769,0.470101,15.33,10.1,-66.16,79.99,135.36,1.826,True
880345.SH,,expansion,260,0.530769,0.470101,19.89,14.57,-107.0,159.37,238.32,1.346,True
880347.SH,,expansion,260,0.530769,0.470101,20.21,12.69,-85.34,129.85,203.48,1.601,True
880375.SH,,expansion,260,0.530769,0.470101,3.03,5.97,-72.85,85.06,129.88,0.376,True
880437.SH,,expansion,260,0.530769,0.470101,8.14,28.11,-100.0,124.88,193.0,0.68,True
880438.SH,,expansion,260,0.530769,0.470101,8.93,16.18,-143.19,122.52,232.73,0.619,True
880477.SH,,expansion,260,0.530769,0.470101,16.26,11.37,-65.79,83.51,134.23,1.953,True
881075.SH,,expansion,260,0.530769,0.470101,32.99,24.99,-94.82,138.48,250.03,2.128,True
880661.SH,,expansion,157,0.547771,0.469702,19.49,25.43,-97.47,150.96,204.92,1.192,True
880649.SH,,expansion,173,0.543353,0.468988,12.99,11.43,-79.74,90.07,136.54,1.251,True
880202.SH,,expansion,221,0.533937,0.468149,8.82,6.02,-62.57,85.83,116.71,1.124,True
880507.SH,,expansion,221,0.533937,0.468149,7.3,11.69,-82.76,92.07,147.73,0.735,True
880532.SH,,expansion,221,0.533937,0.468149,11.41,6.91,-37.05,52.43,79.53,2.133,True
880539.SH,,expansion,221,0.533937,0.468149,7.7,7.08,-75.55,100.13,161.77,0.707,True
880546.SH,,expansion,221,0.533937,0.468149,15.05,14.24,-83.37,125.75,177.69,1.259,True
880553.SH,,expansion,221,0.533937,0.468149,17.23,12.82,-56.76,94.86,134.73,1.901,True
880557.SH,,expansion,221,0.533937,0.468149,8.28,16.91,-73.66,91.04,138.98,0.885,True
880569.SH,,expansion,221,0.533937,0.468149,13.99,18.6,-69.42,113.63,150.49,1.382,True
880594.SH,,expansion,221,0.533937,0.468149,16.72,9.64,-41.6,68.67,94.07,2.643,True
880614.SH,,expansion,221,0.533937,0.468149,13.22,11.43,-64.05,102.9,133.22,1.475,True
880764.SH,,expansion,221,0.533937,0.468149,7.26,11.3,-76.21,90.91,144.65,0.746,True
880766.SH,,expansion,221,0.533937,0.468149,11.88,11.93,-74.81,98.94,152.06,1.161,True
880779.SH,,expansion,221,0.533937,0.468149,8.9,8.34,-83.13,105.1,159.87,0.827,True
880785.SH,,expansion,221,0.533937,0.468149,-2.5,27.4,-157.96,156.48,217.37,-0.171,True
880815.SH,,expansion,221,0.533937,0.468149,8.6,11.45,-69.75,92.79,134.17,0.952,True
880852.SH,,expansion,221,0.533937,0.468149,11.35,9.69,-50.81,73.64,108.88,1.55,True
880944.SH,,expansion,221,0.533937,0.468149,11.27,6.55,-83.29,130.29,165.36,1.013,True
880961.SH,,expansion,221,0.533937,0.468149,14.16,17.27,-74.78,125.83,166.71,1.263,True
880978.SH,,expansion,101,0.564356,0.467055,35.76,21.34,-77.29,138.14,201.0,1.788,True
880303.SH,,expansion,260,0.526923,0.466284,30.34,11.17,-94.73,146.32,223.44,2.19,True
880305.SH,,expansion,260,0.526923,0.466284,11.44,4.91,-36.59,59.52,90.29,2.043,True
880306.SH,,expansion,260,0.526923,0.466284,7.59,5.68,-41.83,52.9,83.71,1.462,True
880310.SH,,expansion,260,0.526923,0.466284,17.87,5.46,-60.18,93.45,156.88,1.837,True
880360.SH,,expansion,260,0.526923,0.466284,-1.64,6.67,-70.09,72.84,134.63,-0.197,True
880367.SH,,expansion,260,0.526923,0.466284,7.81,8.46,-54.16,80.67,111.46,1.13,True
880406.SH,,expansion,260,0.526923,0.466284,4.39,9.26,-65.3,88.52,130.92,0.54,True
880476.SH,,expansion,260,0.526923,0.466284,15.05,9.73,-64.24,90.36,131.0,1.852,True
881005.SH,,expansion,260,0.526923,0.466284,29.71,15.17,-91.64,142.05,221.65,2.161,True
881407.SH,,expansion,260,0.526923,0.466284,17.53,3.76,-67.15,83.82,143.67,1.967,True
880915.SH,,expansion,63,0.587302,0.464151,136.62,86.97,-159.78,350.43,383.22,2.83,True
880680.SH,,expansion,137,0.547445,0.463936,6.53,15.43,-72.97,85.18,132.12,0.579,True
880003.SH,,expansion,221,0.529412,0.463664,9.61,12.09,-67.8,95.28,140.12,1.019,True
880201.SH,,expansion,221,0.529412,0.463664,7.16,8.93,-58.67,83.03,118.93,0.895,True
880211.SH,,expansion,221,0.529412,0.463664,10.3,9.16,-62.65,80.06,109.85,1.394,True
880543.SH,,expansion,221,0.529412,0.463664,13.33,8.11,-72.28,106.36,137.19,1.445,True
880580.SH,,expansion,221,0.529412,0.463664,10.7,12.46,-87.69,120.07,164.78,0.965,True
880635.SH,,expansion,221,0.529412,0.463664,18.72,16.3,-99.8,156.89,208.64,1.334,True
880720.SH,,expansion,221,0.529412,0.463664,9.56,14.42,-92.88,131.75,173.47,0.82,True
880761.SH,,expansion,221,0.529412,0.463664,-0.7,9.6,-95.29,94.0,164.0,-0.064,True
880803.SH,,expansion,221,0.529412,0.463664,12.73,7.7,-38.75,76.39,89.2,2.121,True
880833.SH,,expansion,221,0.529412,0.463664,5.34,9.8,-87.62,97.95,163.17,0.486,True
880860.SH,,expansion,221,0.529412,0.463664,8.61,7.03,-60.61,97.76,134.93,0.949,True
880952.SH,,expansion,221,0.529412,0.463664,11.78,12.77,-94.19,132.43,177.89,0.985,True
880966.SH,,expansion,221,0.529412,0.463664,15.46,10.36,-82.3,139.16,175.94,1.306,True
880977.SH,,expansion,221,0.529412,0.463664,11.59,8.52,-66.42,95.49,130.56,1.32,True
880659.SH,,expansion,161,0.540373,0.463346,17.81,19.17,-105.39,153.99,193.11,1.17,True
880658.SH,,expansion,167,0.538922,0.463292,10.47,17.32,-89.73,124.32,165.48,0.818,True
880311.SH,,expansion,260,0.523077,0.462471,19.25,7.29,-77.73,104.02,175.89,1.764,True
880338.SH,,expansion,260,0.523077,0.462471,8.86,7.96,-84.48,117.59,167.03,0.855,True
880497.SH,,expansion,260,0.523077,0.462471,8.87,4.82,-84.54,96.22,161.67,0.885,True
881476.SH,,expansion,260,0.523077,0.462471,-2.16,7.69,-128.45,107.38,207.87,-0.167,True
880554.SH,,expansion,116,0.551724,0.46101,-2.03,25.89,-169.21,164.89,243.92,-0.089,True
880541.SH,,expansion,130,0.546154,0.460471,15.61,11.35,-114.17,179.55,220.99,0.806,True
880002.SH,,expansion,221,0.524887,0.459185,11.35,2.58,-39.94,72.04,94.4,1.787,True
880206.SH,,expansion,221,0.524887,0.459185,14.2,9.82,-89.73,103.84,182.13,1.159,True
880216.SH,,expansion,221,0.524887,0.459185,10.27,5.17,-47.23,73.0,104.57,1.461,True
880224.SH,,expansion,221,0.524887,0.459185,6.67,2.42,-65.84,83.23,119.7,0.829,True
880562.SH,,expansion,221,0.524887,0.459185,4.04,16.27,-88.08,115.87,144.47,0.415,True
880576.SH,,expansion,221,0.524887,0.459185,9.5,5.44,-54.58,80.05,113.11,1.249,True
880604.SH,,expansion,221,0.524887,0.459185,4.74,7.9,-81.26,83.85,138.18,0.51,True
880612.SH,,expansion,221,0.524887,0.459185,13.32,16.03,-75.23,106.49,152.11,1.302,True
880713.SH,,expansion,221,0.524887,0.459185,6.55,10.14,-93.36,116.04,154.13,0.632,True
880726.SH,,expansion,221,0.524887,0.459185,13.66,9.01,-106.93,134.01,194.25,1.046,True
880742.SH,,expansion,221,0.524887,0.459185,7.27,12.45,-102.48,112.28,165.01,0.655,True
880756.SH,,expansion,221,0.524887,0.459185,5.19,9.45,-79.9,96.6,147.57,0.523,True
880767.SH,,expansion,221,0.524887,0.459185,11.15,13.36,-84.89,125.36,172.18,0.962,True
880809.SH,,expansion,221,0.524887,0.459185,14.08,7.07,-62.97,110.08,137.48,1.522,True
880846.SH,,expansion,221,0.524887,0.459185,14.31,8.19,-41.63,56.22,84.64,2.513,True
880877.SH,,expansion,221,0.524887,0.459185,2.95,6.9,-66.71,82.68,125.92,0.349,True
880897.SH,,expansion,221,0.524887,0.459185,5.62,8.21,-67.95,88.87,142.43,0.587,True
880913.SH,,expansion,221,0.524887,0.459185,6.95,4.45,-78.59,91.06,148.38,0.697,True
880920.SH,,expansion,221,0.524887,0.459185,6.77,7.76,-74.19,90.96,155.65,0.647,True
880940.SH,,expansion,221,0.524887,0.459185,9.87,10.12,-50.76,91.97,113.2,1.296,True
880953.SH,,expansion,221,0.524887,0.459185,10.28,6.75,-77.0,105.25,157.54,0.97,True
880956.SH,,expansion,221,0.524887,0.459185,7.29,9.04,-101.22,126.9,169.74,0.638,True
880969.SH,,expansion,221,0.524887,0.459185,11.15,10.27,-88.53,125.89,174.0,0.953,True
880307.SH,,expansion,260,0.519231,0.458662,14.35,2.47,-52.26,91.67,131.59,1.758,True
880393.SH,,expansion,260,0.519231,0.458662,0.66,5.69,-72.15,93.6,148.45,0.072,True
880399.SH,,expansion,260,0.519231,0.458662,14.53,3.48,-85.34,99.83,169.67,1.381,True
880412.SH,,expansion,260,0.519231,0.458662,12.11,6.96,-117.27,129.79,206.17,0.947,True
881007.SH,,expansion,260,0.519231,0.458662,19.3,5.63,-78.18,98.12,177.89,1.749,True
881051.SH,,expansion,260,0.519231,0.458662,8.71,10.61,-90.91,108.09,174.65,0.804,True
881162.SH,,expansion,260,0.519231,0.458662,7.59,6.78,-82.07,95.3,166.53,0.735,True
881177.SH,,expansion,260,0.519231,0.458662,12.32,3.53,-76.71,93.67,155.59,1.277,True
881227.SH,,expansion,260,0.519231,0.458662,4.08,6.43,-98.0,92.34,158.89,0.414,True
880561.SH,,expansion,111,0.54955,0.456879,23.4,37.73,-88.89,159.0,181.66,1.357,True
880579.SH,,expansion,111,0.54955,0.456879,20.95,32.58,-131.66,158.86,250.61,0.881,True
880679.SH,,expansion,137,0.540146,0.456733,10.53,9.63,-45.65,86.56,108.82,1.133,True
880646.SH,,expansion,190,0.526316,0.455501,12.5,15.51,-98.16,130.84,176.23,0.978,True
880374.SH,,expansion,260,0.515385,0.454856,8.97,5.13,-72.92,96.36,148.91,0.971,True
880383.SH,,expansion,260,0.515385,0.454856,14.52,5.39,-82.54,99.41,178.92,1.309,True
880421.SH,,expansion,260,0.515385,0.454856,3.02,5.07,-84.15,95.25,160.41,0.304,True
881011.SH,,expansion,260,0.515385,0.454856,14.84,10.21,-66.54,78.35,134.41,1.781,True
881190.SH,,expansion,260,0.515385,0.454856,3.4,7.1,-88.21,90.99,150.23,0.365,True
881329.SH,,expansion,260,0.515385,0.454856,4.82,5.98,-93.11,113.84,169.29,0.459,True
881428.SH,,expansion,260,0.515385,0.454856,5.46,7.15,-130.59,140.18,242.1,0.363,True
880716.SH,,expansion,221,0.520362,0.454711,10.71,12.97,-94.12,114.61,186.81,0.852,True
880727.SH,,expansion,221,0.520362,0.454711,5.21,8.68,-76.31,90.64,142.33,0.545,True
880802.SH,,expansion,221,0.520362,0.454711,13.38,5.61,-59.75,70.26,119.36,1.667,True
880822.SH,,expansion,221,0.520362,0.454711,21.34,4.46,-67.19,101.02,172.91,1.835,True
880850.SH,,expansion,221,0.520362,0.454711,11.72,8.91,-62.68,88.9,128.47,1.356,True
880872.SH,,expansion,221,0.520362,0.454711,14.37,6.91,-82.87,106.84,149.05,1.433,True
880894.SH,,expansion,221,0.520362,0.454711,10.7,7.95,-50.63,82.43,110.71,1.437,True
880947.SH,,expansion,221,0.520362,0.454711,10.2,2.69,-44.74,95.96,114.02,1.33,True
880951.SH,,expansion,221,0.520362,0.454711,4.03,6.22,-81.63,101.04,142.65,0.419,True
880970.SH,,expansion,221,0.520362,0.454711,12.52,4.78,-55.17,83.44,110.2,1.689,True
880732.SH,,expansion,102,0.54902,0.452425,21.6,21.12,-105.02,137.9,198.54,1.099,True
880652.SH,,expansion,173,0.526012,0.45185,2.05,3.78,-81.56,90.12,133.35,0.202,True
880346.SH,,expansion,260,0.511538,0.451053,9.32,6.57,-81.37,83.02,147.24,1.021,True
880351.SH,,expansion,260,0.511538,0.451053,15.3,12.06,-111.8,146.78,208.8,1.182,True
880394.SH,,expansion,260,0.511538,0.451053,2.38,4.78,-95.79,99.51,152.66,0.251,True
880440.SH,,expansion,260,0.511538,0.451053,1.96,3.5,-91.26,108.24,166.04,0.191,True
880445.SH,,expansion,260,0.511538,0.451053,1.91,3.53,-93.52,113.7,173.65,0.177,True
880482.SH,,expansion,260,0.511538,0.451053,3.89,1.47,-103.81,91.08,185.98,0.337,True
880484.SH,,expansion,260,0.511538,0.451053,3.15,4.62,-89.37,102.64,187.9,0.27,True
881205.SH,,expansion,260,0.511538,0.451053,9.99,11.31,-113.45,118.21,198.41,0.811,True
881287.SH,,expansion,260,0.511538,0.451053,5.36,6.43,-118.91,136.4,207.16,0.417,True
881310.SH,,expansion,260,0.511538,0.451053,15.05,2.75,-92.26,100.29,182.88,1.327,True
881347.SH,,expansion,260,0.511538,0.451053,2.45,7.77,-128.16,133.22,208.38,0.19,True
881427.SH,,expansion,260,0.511538,0.451053,1.46,2.66,-110.2,113.39,221.72,0.106,True
880672.SH,,expansion,157,0.528662,0.450829,18.23,15.96,-124.87,167.67,236.47,0.966,True
880001.SH,,expansion,221,0.515837,0.450242,10.32,2.61,-45.87,71.57,96.06,1.597,True
880227.SH,,expansion,221,0.515837,0.450242,10.31,4.77,-52.38,81.94,110.73,1.384,True
880230.SH,,expansion,221,0.515837,0.450242,8.22,14.24,-66.0,88.71,142.38,0.858,True
880506.SH,,expansion,221,0.515837,0.450242,13.79,7.78,-75.94,142.01,171.72,1.194,True
880529.SH,,expansion,221,0.515837,0.450242,-0.61,8.36,-88.42,96.97,159.02,-0.057,True
880563.SH,,expansion,221,0.515837,0.450242,7.98,4.36,-71.27,96.63,139.25,0.852,True
880723.SH,,expansion,221,0.515837,0.450242,8.09,9.83,-73.16,102.51,132.42,0.908,True
880733.SH,,expansion,221,0.515837,0.450242,10.71,6.92,-106.42,138.16,200.14,0.796,True
880738.SH,,expansion,221,0.515837,0.450242,10.68,7.94,-92.86,125.66,163.2,0.973,True
880758.SH,,expansion,221,0.515837,0.450242,14.99,9.79,-115.22,153.16,205.15,1.087,True
880804.SH,,expansion,221,0.515837,0.450242,8.72,1.77,-54.29,59.86,87.97,1.474,True
880808.SH,,expansion,221,0.515837,0.450242,5.07,2.29,-84.26,96.19,154.88,0.487,True
880817.SH,,expansion,221,0.515837,0.450242,6.99,3.8,-71.66,83.5,131.63,0.79,True
880899.SH,,expansion,221,0.515837,0.450242,9.07,9.42,-79.89,112.91,160.79,0.839,True
880901.SH,,expansion,221,0.515837,0.450242,8.24,13.41,-116.55,138.17,200.87,0.61,True
880921.SH,,expansion,221,0.515837,0.450242,11.72,14.46,-98.12,131.65,172.57,1.009,True
880922.SH,,expansion,221,0.515837,0.450242,16.19,5.81,-73.65,105.89,150.4,1.6,True
880960.SH,,expansion,221,0.515837,0.450242,9.41,7.42,-71.51,89.69,148.27,0.943,True
880962.SH,,expansion,221,0.515837,0.450242,7.21,10.5,-105.18,141.2,180.77,0.593,True
880681.SH,,expansion,137,0.532847,0.449547,0.14,7.92,-96.34,110.47,157.46,0.011,True
880656.SH,,expansion,172,0.523256,0.448922,22.69,29.3,-110.9,193.79,241.42,1.233,True
880392.SH,,expansion,260,0.507692,0.447254,1.07,2.04,-89.13,105.91,171.2,0.101,True
880443.SH,,expansion,260,0.507692,0.447254,-3.03,4.19,-94.97,93.5,170.96,-0.286,True
881091.SH,,expansion,260,0.507692,0.447254,9.24,3.19,-81.13,83.01,146.91,1.014,True
881344.SH,,expansion,260,0.507692,0.447254,22.94,3.08,-65.8,79.14,183.4,2.017,True
881386.SH,,expansion,260,0.507692,0.447254,7.34,2.01,-55.16,65.37,98.56,1.201,True
880650.SH,,expansion,173,0.520231,0.446156,7.71,9.37,-83.6,103.46,156.39,0.649,True
880533.SH,,expansion,221,0.511312,0.445779,9.93,11.66,-86.43,123.9,154.14,0.958,True
880540.SH,,expansion,221,0.511312,0.445779,5.57,6.35,-59.9,87.05,114.5,0.723,True
880572.SH,,expansion,221,0.511312,0.445779,13.2,6.68,-66.55,99.47,130.27,1.507,True
880589.SH,,expansion,221,0.511312,0.445779,12.58,4.15,-88.94,126.59,169.09,1.106,True
880637.SH,,expansion,221,0.511312,0.445779,5.9,2.21,-105.21,124.78,177.51,0.494,True
880735.SH,,expansion,221,0.511312,0.445779,7.94,8.1,-86.09,113.82,163.13,0.723,True
880771.SH,,expansion,221,0.511312,0.445779,9.08,3.78,-60.32,87.09,113.24,1.192,True
880786.SH,,expansion,221,0.511312,0.445779,7.69,5.54,-83.36,103.92,152.08,0.752,True
880799.SH,,expansion,221,0.511312,0.445779,14.96,4.94,-93.67,149.55,167.58,1.327,True
880826.SH,,expansion,221,0.511312,0.445779,14.02,5.04,-48.2,63.36,88.63,2.352,True
880834.SH,,expansion,221,0.511312,0.445779,11.04,2.27,-58.85,97.86,133.85,1.227,True
880870.SH,,expansion,221,0.511312,0.445779,7.72,1.58,-73.53,114.58,150.19,0.764,True
880885.SH,,expansion,221,0.511312,0.445779,6.34,2.27,-108.32,137.32,195.74,0.481,True
880896.SH,,expansion,221,0.511312,0.445779,-5.34,1.93,-94.32,93.0,145.71,-0.544,True
880682.SH,,expansion,130,0.530769,0.445333,5.52,16.99,-124.25,143.28,205.67,0.306,True
880684.SH,,expansion,130,0.530769,0.445333,16.06,8.99,-130.82,136.81,227.75,0.804,True
880531.SH,,expansion,124,0.532258,0.44479,1.61,16.7,-91.24,121.06,153.22,0.117,True
880674.SH,,expansion,157,0.522293,0.444563,11.77,13.07,-103.47,159.83,212.78,0.693,True
880401.SH,,expansion,260,0.503846,0.443459,1.29,0.31,-81.32,71.45,153.3,0.135,True
881087.SH,,expansion,260,0.503846,0.443459,1.74,1.97,-129.42,129.98,208.21,0.135,True
881180.SH,,expansion,260,0.503846,0.443459,-0.21,1.6,-91.62,90.5,147.94,-0.023,True
881194.SH,,expansion,260,0.503846,0.443459,12.19,2.64,-91.85,109.77,176.47,1.114,True
881207.SH,,expansion,260,0.503846,0.443459,-8.18,2.51,-102.19,95.51,182.78,-0.721,True
881289.SH,,expansion,260,0.503846,0.443459,7.97,2.0,-136.38,133.61,250.37,0.513,True
881313.SH,,expansion,260,0.503846,0.443459,1.4,3.04,-120.03,114.72,201.2,0.113,True
881364.SH,,expansion,260,0.503846,0.443459,6.45,1.93,-135.71,146.69,252.85,0.412,True
881416.SH,,expansion,260,0.503846,0.443459,-0.25,5.63,-86.59,95.82,150.12,-0.027,True
880203.SH,,expansion,221,0.506787,0.441321,7.48,1.37,-55.8,79.87,117.09,0.95,True
880212.SH,,expansion,221,0.506787,0.441321,9.62,4.79,-54.5,73.73,108.71,1.316,True
880524.SH,,expansion,221,0.506787,0.441321,7.6,3.15,-51.97,69.81,101.02,1.118,True
880525.SH,,expansion,221,0.506787,0.441321,13.49,1.27,-63.21,95.72,107.67,1.863,True
880564.SH,,expansion,221,0.506787,0.441321,9.81,3.34,-70.55,83.97,130.83,1.115,True
880871.SH,,expansion,221,0.506787,0.441321,7.27,4.64,-73.34,103.27,135.93,0.795,True
880911.SH,,expansion,221,0.506787,0.441321,10.71,1.76,-51.13,94.97,109.72,1.451,True
880965.SH,,expansion,221,0.506787,0.441321,8.17,2.1,-84.44,111.2,161.59,0.751,True
880329.SH,,expansion,260,0.5,0.439667,2.86,-0.31,-115.07,125.2,209.91,0.219,True
880402.SH,,expansion,260,0.5,0.439667,-5.56,0.22,-101.68,84.65,162.34,-0.552,True
880409.SH,,expansion,260,0.5,0.439667,-0.35,0.19,-98.5,100.88,176.53,-0.032,True
880447.SH,,expansion,260,0.5,0.439667,12.84,0.07,-90.25,86.2,168.68,1.227,True
880448.SH,,expansion,260,0.5,0.439667,3.62,0.61,-90.13,105.59,168.84,0.345,True
880461.SH,,expansion,260,0.5,0.439667,23.48,0.3,-83.64,110.53,191.08,1.982,True
880478.SH,,expansion,260,0.5,0.439667,1.05,0.92,-78.75,99.67,154.85,0.11,True
880486.SH,,expansion,260,0.5,0.439667,4.59,-1.25,-115.98,118.35,214.55,0.345,True
881082.SH,,expansion,260,0.5,0.439667,15.68,0.12,-101.86,149.3,221.23,1.143,True
881218.SH,,expansion,260,0.5,0.439667,0.66,0.14,-93.61,104.09,173.61,0.061,True
881257.SH,,expansion,260,0.5,0.439667,10.43,-0.73,-128.24,136.15,218.34,0.771,True
881268.SH,,expansion,260,0.5,0.439667,12.14,-0.45,-86.91,103.81,158.64,1.234,True
881282.SH,,expansion,260,0.5,0.439667,1.7,-2.96,-117.61,119.97,189.35,0.145,True
881319.SH,,expansion,260,0.5,0.439667,0.91,-0.53,-135.2,131.25,218.65,0.067,True
881336.SH,,expansion,260,0.5,0.439667,-1.31,0.2,-121.15,140.5,211.67,-0.099,True
881389.SH,,expansion,260,0.5,0.439667,11.84,0.85,-65.72,69.97,118.65,1.609,True
881418.SH,,expansion,260,0.5,0.439667,3.94,0.5,-101.09,92.85,185.84,0.342,True
880673.SH,,expansion,157,0.515924,0.438309,11.34,8.2,-109.58,146.97,205.23,0.692,True
880693.SH,,expansion,130,0.523077,0.437793,2.02,16.23,-134.97,141.11,228.8,0.101,True
880007.SH,,expansion,221,0.502262,0.436868,10.26,0.56,-51.61,76.91,106.54,1.432,True
880607.SH,,expansion,221,0.502262,0.436868,14.07,0.69,-106.09,144.04,189.16,1.106,True
880622.SH,,expansion,221,0.502262,0.436868,10.53,0.16,-71.09,95.69,125.11,1.252,True
880632.SH,,expansion,221,0.502262,0.436868,2.71,0.53,-81.34,97.64,138.15,0.291,True
880638.SH,,expansion,221,0.502262,0.436868,4.05,2.72,-114.51,118.31,192.33,0.313,True
880737.SH,,expansion,221,0.502262,0.436868,5.65,1.0,-101.34,119.79,183.44,0.458,True
880755.SH,,expansion,221,0.502262,0.436868,4.33,2.54,-93.49,109.57,157.4,0.409,True
880792.SH,,expansion,221,0.502262,0.436868,9.6,0.59,-81.12,104.38,170.03,0.839,True
880943.SH,,expansion,221,0.502262,0.436868,4.77,2.48,-83.0,117.94,166.4,0.426,True
880946.SH,,expansion,221,0.502262,0.436868,5.09,0.34,-103.6,119.76,163.97,0.462,True
880949.SH,,expansion,221,0.502262,0.436868,10.06,12.81,-90.98,129.74,160.98,0.929,True
880959.SH,,expansion,221,0.502262,0.436868,2.21,2.75,-133.27,129.63,195.76,0.168,True
880372.SH,,expansion,260,0.496154,0.435879,2.42,-1.31,-72.98,79.75,126.25,0.31,True
880403.SH,,expansion,260,0.496154,0.435879,-4.28,-3.94,-82.24,66.69,133.28,-0.518,True
880422.SH,,expansion,260,0.496154,0.435879,0.25,-0.24,-85.14,107.61,158.75,0.025,True
880430.SH,,expansion,260,0.496154,0.435879,-3.63,-4.15,-107.08,89.16,188.71,-0.31,True
880462.SH,,expansion,260,0.496154,0.435879,9.84,-0.77,-92.76,84.79,181.48,0.874,True
880491.SH,,expansion,260,0.496154,0.435879,1.63,-2.44,-127.27,128.22,218.84,0.12,True
881115.SH,,expansion,260,0.496154,0.435879,-1.82,-3.18,-137.87,127.15,256.97,-0.114,True
881119.SH,,expansion,260,0.496154,0.435879,-6.64,-0.98,-79.4,65.4,133.11,-0.804,True
881127.SH,,expansion,260,0.496154,0.435879,-2.07,-1.65,-81.13,96.22,170.44,-0.196,True
881333.SH,,expansion,260,0.496154,0.435879,8.37,-3.88,-111.53,143.83,223.7,0.603,True
881373.SH,,expansion,260,0.496154,0.435879,5.68,-0.89,-126.37,142.66,269.2,0.34,True
880914.SH,,expansion,63,0.555556,0.433194,25.8,19.0,-132.04,167.85,215.29,0.951,True
880208.SH,,expansion,221,0.497738,0.432421,11.13,-1.34,-65.63,101.48,121.49,1.362,True
880221.SH,,expansion,221,0.497738,0.432421,13.72,-0.19,-50.21,89.74,122.46,1.665,True
880225.SH,,expansion,221,0.497738,0.432421,3.01,-0.6,-66.7,67.09,119.25,0.375,True
880577.SH,,expansion,221,0.497738,0.432421,8.85,-0.52,-91.11,127.64,168.5,0.781,True
880615.SH,,expansion,221,0.497738,0.432421,8.6,-0.09,-98.43,107.45,176.51,0.724,True
880711.SH,,expansion,221,0.497738,0.432421,7.51,-2.15,-106.94,133.85,187.62,0.595,True
880722.SH,,expansion,221,0.497738,0.432421,5.55,-0.83,-112.08,137.29,190.2,0.434,True
880746.SH,,expansion,221,0.497738,0.432421,14.3,-0.64,-103.32,135.81,195.82,1.086,True
880749.SH,,expansion,221,0.497738,0.432421,-2.9,-1.16,-136.3,108.09,193.35,-0.223,True
880784.SH,,expansion,221,0.497738,0.432421,-6.15,0.0,-146.56,132.03,194.09,-0.471,True
880816.SH,,expansion,221,0.497738,0.432421,3.39,-4.31,-86.16,85.56,156.41,0.323,True
880849.SH,,expansion,221,0.497738,0.432421,9.99,-1.51,-52.85,74.7,111.88,1.327,True
880859.SH,,expansion,221,0.497738,0.432421,11.1,-2.02,-62.68,83.91,125.15,1.318,True
880883.SH,,expansion,221,0.497738,0.432421,9.9,-1.19,-41.36,57.65,89.91,1.637,True
880948.SH,,expansion,221,0.497738,0.432421,7.97,-0.73,-103.13,129.72,171.2,0.692,True
880391.SH,,expansion,260,0.492308,0.432094,5.59,-3.49,-97.95,94.47,169.15,0.533,True
880400.SH,,expansion,260,0.492308,0.432094,-2.03,-1.28,-82.07,77.49,141.79,-0.231,True
880419.SH,,expansion,260,0.492308,0.432094,0.87,-10.44,-94.85,111.4,174.37,0.08,True
880441.SH,,expansion,260,0.492308,0.432094,3.79,-1.53,-108.54,103.11,186.92,0.327,True
880442.SH,,expansion,260,0.492308,0.432094,3.22,-7.08,-108.1,121.92,178.27,0.292,True
880492.SH,,expansion,260,0.492308,0.432094,4.09,-2.68,-98.44,128.87,185.42,0.355,True
881097.SH,,expansion,260,0.492308,0.432094,13.43,-2.0,-91.94,90.28,173.44,1.248,True
881111.SH,,expansion,260,0.492308,0.432094,-3.01,-7.45,-91.04,81.81,159.78,-0.303,True
881140.SH,,expansion,260,0.492308,0.432094,4.72,-1.87,-92.83,91.72,168.74,0.451,True
881212.SH,,expansion,260,0.492308,0.432094,6.78,-2.79,-102.65,94.29,174.94,0.625,True
881234.SH,,expansion,260,0.492308,0.432094,-7.15,-5.28,-100.96,77.05,159.03,-0.725,True
881256.SH,,expansion,260,0.492308,0.432094,-4.26,-3.94,-82.28,66.65,133.16,-0.515,True
881396.SH,,expansion,260,0.492308,0.432094,2.79,-4.43,-71.51,95.44,148.7,0.302,True
881422.SH,,expansion,260,0.492308,0.432094,6.57,-4.27,-127.82,123.42,242.59,0.437,True
880655.SH,,expansion,173,0.50289,0.429134,5.75,0.5,-111.36,116.4,180.37,0.419,True
880348.SH,,expansion,260,0.488462,0.428312,13.66,-5.57,-95.71,88.38,176.94,1.245,True
880363.SH,,expansion,260,0.488462,0.428312,-1.51,-5.64,-133.11,127.19,257.34,-0.095,True
880364.SH,,expansion,260,0.488462,0.428312,-5.48,-3.66,-72.38,66.89,132.37,-0.668,True
880382.SH,,expansion,260,0.488462,0.428312,12.75,-4.24,-84.07,90.15,189.82,1.083,True
880387.SH,,expansion,260,0.488462,0.428312,2.13,-1.79,-60.69,67.37,121.56,0.282,True
880390.SH,,expansion,260,0.488462,0.428312,3.16,-2.78,-87.74,88.62,156.84,0.325,True
880423.SH,,expansion,260,0.488462,0.428312,16.62,-15.48,-108.19,120.69,214.46,1.25,True
880425.SH,,expansion,260,0.488462,0.428312,11.16,-4.83,-119.37,135.31,236.29,0.762,True
880471.SH,,expansion,260,0.488462,0.428312,7.93,-1.46,-54.75,65.44,99.31,1.287,True
881136.SH,,expansion,260,0.488462,0.428312,1.05,-5.44,-72.56,70.72,138.44,0.122,True
881215.SH,,expansion,260,0.488462,0.428312,1.37,-5.11,-99.62,107.48,171.87,0.129,True
881370.SH,,expansion,260,0.488462,0.428312,-0.5,-15.72,-138.21,126.53,213.88,-0.038,True
881380.SH,,expansion,260,0.488462,0.428312,1.0,-7.24,-94.86,108.24,174.29,0.093,True
881406.SH,,expansion,260,0.488462,0.428312,11.76,-1.55,-80.69,71.82,150.19,1.263,True
881429.SH,,expansion,260,0.488462,0.428312,16.46,-15.46,-108.9,120.65,214.89,1.235,True
880613.SH,,expansion,221,0.493213,0.427978,-0.47,-3.08,-130.2,120.21,198.44,-0.035,True
880621.SH,,expansion,221,0.493213,0.427978,2.78,-1.34,-120.24,108.37,176.12,0.235,True
880721.SH,,expansion,221,0.493213,0.427978,9.55,-0.78,-47.03,58.2,91.29,1.555,True
880762.SH,,expansion,221,0.493213,0.427978,7.73,-6.49,-118.44,139.44,202.78,0.567,True
880835.SH,,expansion,221,0.493213,0.427978,4.27,-4.3,-68.59,65.37,112.32,0.566,True
880847.SH,,expansion,221,0.493213,0.427978,9.14,-0.48,-48.02,52.24,92.43,1.471,True
880875.SH,,expansion,221,0.493213,0.427978,13.47,-1.22,-53.84,68.23,106.89,1.873,True
880878.SH,,expansion,221,0.493213,0.427978,0.99,-2.43,-104.22,113.77,175.64,0.083,True
880933.SH,,expansion,221,0.493213,0.427978,5.8,-4.25,-91.9,106.38,159.11,0.542,True
880942.SH,,expansion,221,0.493213,0.427978,8.96,-0.96,-88.59,114.17,166.99,0.798,True
880668.SH,,expansion,157,0.503185,0.425837,6.01,4.78,-134.58,130.5,218.18,0.345,True
880645.SH,,expansion,194,0.494845,0.425276,-2.92,-4.19,-139.62,116.67,210.64,-0.193,True
880408.SH,,expansion,260,0.484615,0.424535,1.63,-10.24,-94.78,103.37,189.89,0.138,True
880418.SH,,expansion,260,0.484615,0.424535,0.38,-4.97,-111.47,133.67,192.58,0.032,True
880452.SH,,expansion,260,0.484615,0.424535,18.51,-9.06,-69.85,82.16,179.98,1.659,True
881231.SH,,expansion,260,0.484615,0.424535,-0.81,-5.19,-87.19,76.57,149.79,-0.087,True
881285.SH,,expansion,260,0.484615,0.424535,8.95,-4.16,-116.51,131.49,204.44,0.706,True
881288.SH,,expansion,260,0.484615,0.424535,-4.74,-3.11,-110.43,92.36,187.92,-0.407,True
881326.SH,,expansion,260,0.484615,0.424535,-6.7,-9.52,-129.3,120.11,196.86,-0.549,True
881384.SH,,expansion,260,0.484615,0.424535,3.68,-3.35,-101.0,106.99,189.17,0.314,True
881446.SH,,expansion,260,0.484615,0.424535,7.76,-3.09,-83.69,81.84,170.35,0.735,True
880207.SH,,expansion,221,0.488688,0.423541,11.23,-1.01,-40.63,57.63,76.09,2.195,True
880209.SH,,expansion,221,0.488688,0.423541,11.18,-1.19,-63.98,93.09,126.1,1.318,True
880501.SH,,expansion,221,0.488688,0.423541,13.16,-1.9,-42.28,57.41,88.05,2.221,True
880545.SH,,expansion,221,0.488688,0.423541,9.65,-11.57,-112.13,127.41,190.27,0.754,True
880601.SH,,expansion,221,0.488688,0.423541,7.48,-5.62,-121.58,134.82,200.96,0.553,True
880634.SH,,expansion,221,0.488688,0.423541,5.46,-2.43,-65.9,78.32,117.89,0.688,True
880729.SH,,expansion,221,0.488688,0.423541,7.82,-2.96,-111.44,106.76,183.71,0.633,True
880739.SH,,expansion,221,0.488688,0.423541,10.23,-2.25,-107.51,138.96,184.71,0.823,True
880868.SH,,expansion,221,0.488688,0.423541,10.73,-5.5,-108.65,153.37,222.07,0.718,True
880895.SH,,expansion,221,0.488688,0.423541,11.38,-0.69,-49.97,54.94,104.56,1.618,True
880916.SH,,expansion,221,0.488688,0.423541,7.67,-5.22,-111.72,131.66,191.27,0.596,True
880967.SH,,expansion,221,0.488688,0.423541,-0.26,-4.08,-119.88,131.09,188.2,-0.02,True
880551.SH,,expansion,117,0.512821,0.423292,10.14,1.62,-125.43,141.26,236.32,0.464,True
880683.SH,,expansion,130,0.507692,0.422772,0.38,9.77,-119.06,142.66,199.86,0.022,True
880698.SH,,expansion,130,0.507692,0.422772,2.86,1.41,-67.05,74.99,117.7,0.277,True
880566.SH,,expansion,111,0.513514,0.421645,21.26,18.58,-79.69,159.62,203.52,1.101,True
880355.SH,,expansion,260,0.480769,0.42076,2.81,-8.01,-95.67,92.14,152.67,0.296,True
880463.SH,,expansion,260,0.480769,0.42076,13.84,-6.11,-109.85,118.38,226.49,0.985,True
881016.SH,,expansion,260,0.480769,0.42076,2.9,-7.68,-92.76,92.15,153.14,0.305,True
881261.SH,,expansion,260,0.480769,0.42076,-6.44,-5.9,-135.73,118.5,229.17,-0.453,True
880676.SH,,expansion,144,0.5,0.419401,4.93,1.3,-75.6,103.29,136.04,0.435,True
880005.SH,,expansion,221,0.484163,0.419109,3763.68,-183.99,-4312.9,5705.81,14308.09,3.91,True
880006.SH,,expansion,221,0.484163,0.419109,742.82,-180.18,-2553.19,3103.45,4319.55,2.556,True
880223.SH,,expansion,221,0.484163,0.419109,6.31,-5.91,-76.49,88.07,123.05,0.762,True
880590.SH,,expansion,221,0.484163,0.419109,2.21,-5.27,-102.1,110.29,175.65,0.187,True
880748.SH,,expansion,221,0.484163,0.419109,6.9,-2.92,-99.65,124.84,182.28,0.563,True
880801.SH,,expansion,221,0.484163,0.419109,7.33,-3.38,-54.03,61.92,106.69,1.021,True
880818.SH,,expansion,221,0.484163,0.419109,-21.66,-8.48,-173.73,128.28,217.66,-1.479,True
880858.SH,,expansion,221,0.484163,0.419109,6.27,-5.25,-71.54,82.13,143.22,0.651,True
880954.SH,,expansion,221,0.484163,0.419109,7.56,-5.22,-102.62,120.95,179.22,0.627,True
880654.SH,,expansion,173,0.491329,0.417834,1.26,-12.71,-132.48,119.53,216.85,0.077,True
880431.SH,,expansion,260,0.476923,0.41699,15.01,-5.97,-97.54,102.75,181.4,1.334,True
880472.SH,,expansion,260,0.476923,0.41699,-3.57,-3.63,-91.68,66.21,146.47,-0.393,True
880474.SH,,expansion,260,0.476923,0.41699,3.14,-5.32,-71.87,94.25,149.1,0.34,True
880489.SH,,expansion,260,0.476923,0.41699,-0.07,-8.54,-105.74,114.27,178.56,-0.006,True
881290.SH,,expansion,260,0.476923,0.41699,13.92,-4.63,-96.51,101.74,179.44,1.251,True
881338.SH,,expansion,260,0.476923,0.41699,-5.39,-10.6,-133.55,131.43,222.35,-0.391,True
881394.SH,,expansion,260,0.476923,0.41699,-3.64,-3.36,-91.68,66.26,146.5,-0.401,True
880718.SH,,expansion,108,0.509259,0.41629,13.54,3.07,-102.19,124.99,185.34,0.759,True
880691.SH,,expansion,130,0.5,0.415291,-13.15,0.34,-190.99,164.56,268.77,-0.558,True
880609.SH,,expansion,221,0.479638,0.414683,0.65,-14.01,-108.94,101.85,152.21,0.063,True
880782.SH,,expansion,221,0.479638,0.414683,-2.69,-4.42,-64.95,71.67,122.37,-0.327,True
880856.SH,,expansion,221,0.479638,0.414683,0.85,-3.88,-63.85,68.5,117.59,0.107,True
880865.SH,,expansion,221,0.479638,0.414683,-7.02,-5.36,-95.84,77.6,144.37,-0.723,True
880881.SH,,expansion,221,0.479638,0.414683,3.96,-4.93,-111.81,121.17,195.71,0.301,True
880662.SH,,expansion,157,0.490446,0.413415,7.2,-9.6,-104.09,135.95,196.06,0.46,True
880664.SH,,expansion,157,0.490446,0.413415,5.98,-2.16,-107.6,124.65,193.72,0.387,True
880528.SH,,expansion,124,0.5,0.413326,6.38,-0.47,-102.49,145.56,200.38,0.354,True
880410.SH,,expansion,260,0.473077,0.413222,-2.07,-9.27,-84.04,88.53,153.12,-0.218,True
880490.SH,,expansion,260,0.473077,0.413222,-6.47,-9.32,-128.08,124.4,204.59,-0.51,True
881184.SH,,expansion,260,0.473077,0.413222,5.66,-4.29,-75.07,69.7,145.22,0.629,True
881187.SH,,expansion,260,0.473077,0.413222,-4.07,-5.45,-92.91,102.78,167.47,-0.392,True
880643.SH,,expansion,198,0.479798,0.411258,-4.99,-14.98,-138.67,129.99,214.96,-0.327,True
880515.SH,,expansion,221,0.475113,0.410262,5.99,-9.62,-55.63,64.87,101.1,0.881,True
880619.SH,,expansion,221,0.475113,0.410262,11.75,-4.35,-96.33,114.51,166.91,1.047,True
880780.SH,,expansion,221,0.475113,0.410262,-8.88,-18.91,-152.67,135.33,231.26,-0.571,True
880793.SH,,expansion,221,0.475113,0.410262,-4.55,-12.46,-93.23,100.88,164.19,-0.412,True
880794.SH,,expansion,221,0.475113,0.410262,4.95,-7.22,-119.46,120.61,206.55,0.356,True
880821.SH,,expansion,221,0.475113,0.410262,8.7,-4.9,-45.91,56.52,90.42,1.43,True
880483.SH,,expansion,260,0.469231,0.409459,6.06,-9.93,-121.44,106.5,219.56,0.445,True
881247.SH,,expansion,260,0.469231,0.409459,1.42,-8.68,-131.05,111.37,206.46,0.111,True
881291.SH,,expansion,260,0.469231,0.409459,2.52,-16.77,-102.6,110.88,192.38,0.211,True
881352.SH,,expansion,260,0.469231,0.409459,-0.17,-12.15,-111.95,119.78,175.03,-0.016,True
881359.SH,,expansion,260,0.469231,0.409459,0.9,-9.51,-152.82,128.9,242.45,0.06,True
880660.SH,,expansion,159,0.484277,0.407888,6.44,-5.36,-128.95,129.64,201.38,0.403,True
880692.SH,,expansion,130,0.492308,0.407829,-2.31,-9.53,-124.29,122.33,224.05,-0.118,True
880667.SH,,expansion,157,0.484076,0.407222,0.92,-4.8,-108.92,117.87,197.78,0.059,True
880552.SH,,expansion,117,0.495726,0.406716,7.09,-1.33,-102.35,134.18,177.59,0.432,True
880677.SH,,expansion,144,0.486111,0.405904,2.01,-7.44,-112.62,111.39,160.17,0.15,True
880220.SH,,expansion,221,0.470588,0.405846,5.5,-4.02,-64.69,77.12,114.18,0.717,True
880603.SH,,expansion,221,0.470588,0.405846,2.34,-10.18,-94.55,97.23,156.9,0.222,True
880373.SH,,expansion,260,0.465385,0.405698,-0.46,-8.3,-79.53,67.68,152.26,-0.049,True
880493.SH,,expansion,260,0.465385,0.405698,-6.3,-21.51,-141.2,113.63,213.97,-0.475,True
881139.SH,,expansion,260,0.465385,0.405698,-0.67,-11.23,-87.69,71.94,147.33,-0.073,True
881198.SH,,expansion,260,0.465385,0.405698,-6.51,-17.92,-141.93,126.83,211.63,-0.496,True
881252.SH,,expansion,260,0.465385,0.405698,-2.68,-11.65,-84.38,88.53,152.33,-0.284,True
881355.SH,,expansion,260,0.465385,0.405698,-9.1,-23.39,-137.86,104.22,211.13,-0.695,True
880657.SH,,expansion,169,0.47929,0.405271,1.42,-13.21,-133.39,123.07,203.35,0.091,True
880555.SH,,expansion,111,0.495495,0.404201,10.74,-0.64,-111.0,143.71,225.82,0.501,True
880912.SH,,expansion,63,0.52381,0.402701,20.51,3.04,-82.19,126.87,177.74,0.916,True
880467.SH,,expansion,260,0.461538,0.401942,2.73,-10.67,-75.11,71.7,160.46,0.275,True
880229.SH,,expansion,221,0.466063,0.401435,10.42,-9.2,-65.77,63.21,150.57,1.029,True
880880.SH,,expansion,221,0.466063,0.401435,-15.18,-20.89,-159.8,137.2,227.34,-0.993,True
880669.SH,,expansion,157,0.477707,0.401042,9.23,-7.62,-111.07,142.61,206.62,0.56,True
880420.SH,,expansion,260,0.457692,0.398189,0.95,-13.2,-124.2,130.38,220.66,0.069,True
880446.SH,,expansion,260,0.457692,0.398189,-5.97,-15.02,-113.82,101.67,170.25,-0.566,True
881376.SH,,expansion,260,0.457692,0.398189,-17.63,-19.9,-180.45,153.8,262.9,-1.081,True
880747.SH,,expansion,97,0.494845,0.397457,16.0,-7.65,-89.33,137.81,218.93,0.72,True
880218.SH,,expansion,221,0.461538,0.39703,8.29,-10.54,-68.51,86.36,123.2,1.0,True
880592.SH,,expansion,221,0.461538,0.39703,3.72,-7.45,-90.59,113.59,157.6,0.351,True
880620.SH,,expansion,221,0.461538,0.39703,1.09,-8.16,-71.44,73.73,126.06,0.128,True
880787.SH,,expansion,221,0.461538,0.39703,-1.2,-11.02,-113.84,112.83,181.04,-0.099,True
880857.SH,,expansion,221,0.461538,0.39703,8.73,-9.05,-52.91,56.01,105.33,1.233,True
880398.SH,,expansion,260,0.453846,0.394439,-4.75,-15.71,-98.83,79.06,154.54,-0.495,True
880473.SH,,expansion,260,0.453846,0.394439,12.79,-13.58,-91.26,88.43,179.4,1.15,True
881078.SH,,expansion,260,0.453846,0.394439,-23.28,-18.45,-159.75,105.13,235.12,-1.597,True
881275.SH,,expansion,260,0.453846,0.394439,-4.81,-39.81,-147.59,123.89,229.29,-0.338,True
881395.SH,,expansion,260,0.453846,0.394439,12.84,-13.56,-90.86,88.44,179.11,1.156,True
880789.SH,,expansion,221,0.457014,0.39263,-8.18,-20.3,-117.37,99.6,201.48,-0.604,True
880827.SH,,expansion,221,0.457014,0.39263,1.2,-12.93,-84.44,94.62,174.34,0.103,True
880494.SH,,expansion,260,0.45,0.390693,-11.79,-25.88,-135.3,109.76,208.94,-0.91,True
880807.SH,,expansion,221,0.452489,0.388235,4.33,-3.82,-60.93,65.42,105.26,0.611,True
880380.SH,,expansion,260,0.446154,0.386951,8.08,-8.86,-83.76,80.85,185.11,0.704,True
881130.SH,,expansion,260,0.446154,0.386951,8.1,-8.85,-83.77,80.81,185.23,0.705,True
880004.SH,,expansion,221,0.447964,0.383845,-8.66,-53.52,-257.78,236.46,385.16,-0.334,True
880884.SH,,expansion,221,0.447964,0.383845,923.29,-23.13,-195.82,111.19,10174.06,1.349,True
880381.SH,,expansion,260,0.442308,0.383212,7.76,-9.48,-83.94,80.09,188.17,0.665,True
881241.SH,,expansion,260,0.442308,0.383212,-4.11,-14.07,-86.52,65.34,155.92,-0.426,True
880647.SH,,expansion,181,0.453039,0.382245,-1.97,-14.76,-120.66,135.65,208.5,-0.127,True
880009.SH,,expansion,55,0.509091,0.38076,-5.8,15.65,-66.26,68.03,113.11,-0.38,True
880689.SH,,expansion,130,0.461538,0.378177,1.82,-15.6,-129.68,148.06,240.93,0.086,True
881262.SH,,expansion,260,0.434615,0.375745,-17.11,-34.36,-127.09,97.8,202.34,-1.364,True
880778.SH,,expansion,258,0.434109,0.375033,-5.1,0.0,-115.13,109.19,206.7,-0.397,True
880979.SH,,expansion,63,0.492063,0.372666,18.61,-1.15,-157.11,180.48,217.2,0.68,True
880644.SH,,expansion,198,0.434343,0.367199,-1.2,-34.44,-132.59,138.46,239.04,-0.071,True
880082.SH,,expansion,156,0.442308,0.366685,7.55,-15.6,-140.17,126.04,284.34,0.332,True
880837.SH,,expansion,221,0.429864,0.366341,-40.03,-40.1,-203.17,120.49,233.2,-2.552,True
880844.SH,,expansion,284,0.419014,0.363084,5.61,0.0,-48.35,85.38,166.06,0.569,True
880867.SH,,expansion,221,0.425339,0.361979,-62.08,-61.29,-215.52,93.41,209.88,-4.397,True
881369.SH,,expansion,260,0.419231,0.360855,-13.95,-29.21,-138.74,111.6,221.57,-1.015,True
880866.SH,,expansion,221,0.420814,0.357622,-24.57,-11.79,-108.18,64.51,174.23,-2.096,True
880886.SH,,expansion,221,0.41629,0.35327,-34.95,-25.28,-143.18,79.5,180.0,-2.886,True
880864.SH,,expansion,221,0.402715,0.340248,-47.07,-44.19,-160.91,62.7,184.46,-3.793,True
880842.SH,,expansion,262,0.39313,0.335937,5.74,0.0,-37.85,60.77,130.99,0.709,True
880752.SH,,expansion,221,0.39819,0.335919,549.39,-35.08,-230.81,115.95,9103.38,0.897,True
880958.SH,,expansion,50,0.46,0.329694,-31.47,-69.35,-185.47,109.91,248.32,-0.896,True
880588.SH,,expansion,23,0.521739,0.329624,-5.57,20.42,-139.26,216.46,300.13,-0.089,False
880843.SH,,expansion,271,0.380074,0.324338,-2.63,0.0,-58.51,53.93,143.33,-0.303,True
880690.SH,,expansion,130,0.4,0.319823,-89.49,-65.4,-251.32,59.69,239.21,-4.266,True
880963.SH,,expansion,62,0.435484,0.319424,-81.2,-22.68,-298.45,173.86,338.74,-1.887,True
880874.SH,,expansion,221,0.366516,0.305771,402.22,-54.74,-197.58,54.05,6963.2,0.859,True
880890.SH,,expansion,260,0.357692,0.30189,8.07,0.0,-50.58,59.49,144.23,0.903,True
880625.SH,,expansion,23,0.478261,0.292369,3.63,-7.99,-102.32,109.41,216.99,0.08,False
880825.SH,,expansion,267,0.340824,0.286587,-3.04,0.0,-40.89,40.58,141.03,-0.352,True
880854.SH,,expansion,320,0.334375,0.284919,5.24,0.0,-45.89,48.4,156.75,0.599,True
880851.SH,,expansion,247,0.315789,0.261017,1.22,0.0,-49.63,40.77,115.47,0.166,True
881479.SH,,expansion,23,0.434783,0.256344,0.54,-14.2,-152.23,190.47,329.77,0.008,False
880641.SH,,expansion,221,0.285068,0.229616,-18.53,0.0,-41.61,30.7,185.55,-1.484,True
880836.SH,,expansion,28,0.25,0.126763,-60.58,-22.36,-167.02,5.28,156.82,-2.044,False
880751.SH,,expansion,221,0.158371,0.116131,2588.66,-234.79,-451.32,-60.78,30641.46,1.256,True
880009.SH,,ignition,1,1.0,0.206543,0.68,0.68,0.68,0.68,,,False
880203.SH,,ignition,1,1.0,0.206543,35.42,35.42,35.42,35.42,,,False
880205.SH,,ignition,1,1.0,0.206543,1.45,1.45,1.45,1.45,,,False
880210.SH,,ignition,1,1.0,0.206543,65.98,65.98,65.98,65.98,,,False
880214.SH,,ignition,1,1.0,0.206543,87.68,87.68,87.68,87.68,,,False
880303.SH,,ignition,1,1.0,0.206543,96.13,96.13,96.13,96.13,,,False
880355.SH,,ignition,1,1.0,0.206543,2.77,2.77,2.77,2.77,,,False
880362.SH,,ignition,1,1.0,0.206543,152.38,152.38,152.38,152.38,,,False
880364.SH,,ignition,1,1.0,0.206543,66.35,66.35,66.35,66.35,,,False
880367.SH,,ignition,1,1.0,0.206543,96.54,96.54,96.54,96.54,,,False
880368.SH,,ignition,1,1.0,0.206543,206.71,206.71,206.71,206.71,,,False
880369.SH,,ignition,1,1.0,0.206543,49.57,49.57,49.57,49.57,,,False
880372.SH,,ignition,1,1.0,0.206543,2.84,2.84,2.84,2.84,,,False
880375.SH,,ignition,1,1.0,0.206543,66.29,66.29,66.29,66.29,,,False
880383.SH,,ignition,1,1.0,0.206543,38.11,38.11,38.11,38.11,,,False
880393.SH,,ignition,1,1.0,0.206543,50.87,50.87,50.87,50.87,,,False
880398.SH,,ignition,1,1.0,0.206543,39.04,39.04,39.04,39.04,,,False
880399.SH,,ignition,1,1.0,0.206543,35.94,35.94,35.94,35.94,,,False
880400.SH,,ignition,1,1.0,0.206543,200.14,200.14,200.14,200.14,,,False
880401.SH,,ignition,1,1.0,0.206543,219.59,219.59,219.59,219.59,,,False
880402.SH,,ignition,1,1.0,0.206543,235.84,235.84,235.84,235.84,,,False
880403.SH,,ignition,1,1.0,0.206543,106.87,106.87,106.87,106.87,,,False
880406.SH,,ignition,1,1.0,0.206543,69.81,69.81,69.81,69.81,,,False
880407.SH,,ignition,1,1.0,0.206543,69.1,69.1,69.1,69.1,,,False
880408.SH,,ignition,1,1.0,0.206543,29.58,29.58,29.58,29.58,,,False
880410.SH,,ignition,1,1.0,0.206543,147.45,147.45,147.45,147.45,,,False
880413.SH,,ignition,1,1.0,0.206543,133.65,133.65,133.65,133.65,,,False
880420.SH,,ignition,1,1.0,0.206543,30.99,30.99,30.99,30.99,,,False
880423.SH,,ignition,1,1.0,0.206543,103.82,103.82,103.82,103.82,,,False
880424.SH,,ignition,1,1.0,0.206543,130.55,130.55,130.55,130.55,,,False
880426.SH,,ignition,1,1.0,0.206543,115.86,115.86,115.86,115.86,,,False
880438.SH,,ignition,1,1.0,0.206543,13.72,13.72,13.72,13.72,,,False
880453.SH,,ignition,1,1.0,0.206543,106.68,106.68,106.68,106.68,,,False
880454.SH,,ignition,1,1.0,0.206543,131.17,131.17,131.17,131.17,,,False
880455.SH,,ignition,1,1.0,0.206543,93.63,93.63,93.63,93.63,,,False
880459.SH,,ignition,1,1.0,0.206543,15.06,15.06,15.06,15.06,,,False
880461.SH,,ignition,1,1.0,0.206543,146.03,146.03,146.03,146.03,,,False
880463.SH,,ignition,1,1.0,0.206543,372.13,372.13,372.13,372.13,,,False
880464.SH,,ignition,1,1.0,0.206543,9.23,9.23,9.23,9.23,,,False
880465.SH,,ignition,1,1.0,0.206543,99.9,99.9,99.9,99.9,,,False
880466.SH,,ignition,1,1.0,0.206543,160.81,160.81,160.81,160.81,,,False
880468.SH,,ignition,1,1.0,0.206543,104.77,104.77,104.77,104.77,,,False
880471.SH,,ignition,1,1.0,0.206543,193.46,193.46,193.46,193.46,,,False
880472.SH,,ignition,1,1.0,0.206543,65.12,65.12,65.12,65.12,,,False
880486.SH,,ignition,1,1.0,0.206543,47.54,47.54,47.54,47.54,,,False
880516.SH,,ignition,1,1.0,0.206543,30.07,30.07,30.07,30.07,,,False
880519.SH,,ignition,1,1.0,0.206543,4.12,4.12,4.12,4.12,,,False
880527.SH,,ignition,1,1.0,0.206543,62.0,62.0,62.0,62.0,,,False
880530.SH,,ignition,1,1.0,0.206543,168.23,168.23,168.23,168.23,,,False
880531.SH,,ignition,1,1.0,0.206543,43.56,43.56,43.56,43.56,,,False
880536.SH,,ignition,1,1.0,0.206543,141.22,141.22,141.22,141.22,,,False
880543.SH,,ignition,1,1.0,0.206543,41.92,41.92,41.92,41.92,,,False
880553.SH,,ignition,1,1.0,0.206543,0.98,0.98,0.98,0.98,,,False
880556.SH,,ignition,1,1.0,0.206543,231.68,231.68,231.68,231.68,,,False
880557.SH,,ignition,1,1.0,0.206543,224.1,224.1,224.1,224.1,,,False
880558.SH,,ignition,1,1.0,0.206543,6.18,6.18,6.18,6.18,,,False
880559.SH,,ignition,1,1.0,0.206543,90.08,90.08,90.08,90.08,,,False
880562.SH,,ignition,1,1.0,0.206543,13.12,13.12,13.12,13.12,,,False
880563.SH,,ignition,1,1.0,0.206543,26.61,26.61,26.61,26.61,,,False
880564.SH,,ignition,1,1.0,0.206543,35.95,35.95,35.95,35.95,,,False
880565.SH,,ignition,1,1.0,0.206543,43.43,43.43,43.43,43.43,,,False
880567.SH,,ignition,1,1.0,0.206543,45.83,45.83,45.83,45.83,,,False
880568.SH,,ignition,1,1.0,0.206543,14.32,14.32,14.32,14.32,,,False
880572.SH,,ignition,1,1.0,0.206543,93.83,93.83,93.83,93.83,,,False
880573.SH,,ignition,1,1.0,0.206543,3.82,3.82,3.82,3.82,,,False
880581.SH,,ignition,1,1.0,0.206543,25.64,25.64,25.64,25.64,,,False
880585.SH,,ignition,1,1.0,0.206543,58.86,58.86,58.86,58.86,,,False
880586.SH,,ignition,1,1.0,0.206543,56.86,56.86,56.86,56.86,,,False
880591.SH,,ignition,1,1.0,0.206543,88.09,88.09,88.09,88.09,,,False
880593.SH,,ignition,1,1.0,0.206543,114.78,114.78,114.78,114.78,,,False
880597.SH,,ignition,1,1.0,0.206543,73.59,73.59,73.59,73.59,,,False
880599.SH,,ignition,1,1.0,0.206543,203.38,203.38,203.38,203.38,,,False
880602.SH,,ignition,1,1.0,0.206543,19.96,19.96,19.96,19.96,,,False
880605.SH,,ignition,1,1.0,0.206543,75.4,75.4,75.4,75.4,,,False
880606.SH,,ignition,1,1.0,0.206543,261.54,261.54,261.54,261.54,,,False
880610.SH,,ignition,1,1.0,0.206543,53.73,53.73,53.73,53.73,,,False
880615.SH,,ignition,1,1.0,0.206543,4.19,4.19,4.19,4.19,,,False
880617.SH,,ignition,1,1.0,0.206543,37.33,37.33,37.33,37.33,,,False
880619.SH,,ignition,1,1.0,0.206543,140.35,140.35,140.35,140.35,,,False
880623.SH,,ignition,1,1.0,0.206543,285.01,285.01,285.01,285.01,,,False
880624.SH,,ignition,1,1.0,0.206543,89.74,89.74,89.74,89.74,,,False
880626.SH,,ignition,1,1.0,0.206543,25.23,25.23,25.23,25.23,,,False
880636.SH,,ignition,1,1.0,0.206543,130.46,130.46,130.46,130.46,,,False
880637.SH,,ignition,1,1.0,0.206543,165.59,165.59,165.59,165.59,,,False
880641.SH,,ignition,1,1.0,0.206543,135.84,135.84,135.84,135.84,,,False
880642.SH,,ignition,1,1.0,0.206543,100.13,100.13,100.13,100.13,,,False
880650.SH,,ignition,1,1.0,0.206543,124.03,124.03,124.03,124.03,,,False
880651.SH,,ignition,1,1.0,0.206543,49.73,49.73,49.73,49.73,,,False
880652.SH,,ignition,1,1.0,0.206543,307.24,307.24,307.24,307.24,,,False
880665.SH,,ignition,1,1.0,0.206543,219.66,219.66,219.66,219.66,,,False
880681.SH,,ignition,1,1.0,0.206543,234.53,234.53,234.53,234.53,,,False
880687.SH,,ignition,1,1.0,0.206543,145.92,145.92,145.92,145.92,,,False
880691.SH,,ignition,1,1.0,0.206543,20.66,20.66,20.66,20.66,,,False
880694.SH,,ignition,1,1.0,0.206543,62.57,62.57,62.57,62.57,,,False
880702.SH,,ignition,1,1.0,0.206543,81.03,81.03,81.03,81.03,,,False
880704.SH,,ignition,1,1.0,0.206543,151.7,151.7,151.7,151.7,,,False
880706.SH,,ignition,1,1.0,0.206543,46.43,46.43,46.43,46.43,,,False
880707.SH,,ignition,1,1.0,0.206543,134.75,134.75,134.75,134.75,,,False
880709.SH,,ignition,1,1.0,0.206543,41.05,41.05,41.05,41.05,,,False
880710.SH,,ignition,1,1.0,0.206543,97.78,97.78,97.78,97.78,,,False
880712.SH,,ignition,1,1.0,0.206543,125.19,125.19,125.19,125.19,,,False
880716.SH,,ignition,1,1.0,0.206543,23.61,23.61,23.61,23.61,,,False
880717.SH,,ignition,1,1.0,0.206543,62.01,62.01,62.01,62.01,,,False
880724.SH,,ignition,1,1.0,0.206543,71.2,71.2,71.2,71.2,,,False
880726.SH,,ignition,1,1.0,0.206543,43.47,43.47,43.47,43.47,,,False
880728.SH,,ignition,1,1.0,0.206543,37.93,37.93,37.93,37.93,,,False
880729.SH,,ignition,1,1.0,0.206543,319.44,319.44,319.44,319.44,,,False
880734.SH,,ignition,1,1.0,0.206543,89.04,89.04,89.04,89.04,,,False
880743.SH,,ignition,1,1.0,0.206543,125.79,125.79,125.79,125.79,,,False
880745.SH,,ignition,1,1.0,0.206543,180.81,180.81,180.81,180.81,,,False
880747.SH,,ignition,1,1.0,0.206543,102.33,102.33,102.33,102.33,,,False
880750.SH,,ignition,1,1.0,0.206543,11.16,11.16,11.16,11.16,,,False
880752.SH,,ignition,1,1.0,0.206543,125.67,125.67,125.67,125.67,,,False
880757.SH,,ignition,1,1.0,0.206543,100.33,100.33,100.33,100.33,,,False
880758.SH,,ignition,1,1.0,0.206543,28.76,28.76,28.76,28.76,,,False
880760.SH,,ignition,1,1.0,0.206543,100.57,100.57,100.57,100.57,,,False
880764.SH,,ignition,1,1.0,0.206543,36.47,36.47,36.47,36.47,,,False
880766.SH,,ignition,1,1.0,0.206543,219.66,219.66,219.66,219.66,,,False
880770.SH,,ignition,1,1.0,0.206543,21.74,21.74,21.74,21.74,,,False
880774.SH,,ignition,1,1.0,0.206543,142.97,142.97,142.97,142.97,,,False
880784.SH,,ignition,1,1.0,0.206543,29.62,29.62,29.62,29.62,,,False
880791.SH,,ignition,1,1.0,0.206543,29.4,29.4,29.4,29.4,,,False
880795.SH,,ignition,1,1.0,0.206543,38.33,38.33,38.33,38.33,,,False
880796.SH,,ignition,1,1.0,0.206543,9.36,9.36,9.36,9.36,,,False
880804.SH,,ignition,1,1.0,0.206543,26.23,26.23,26.23,26.23,,,False
880812.SH,,ignition,1,1.0,0.206543,287.72,287.72,287.72,287.72,,,False
880823.SH,,ignition,1,1.0,0.206543,174.91,174.91,174.91,174.91,,,False
880826.SH,,ignition,1,1.0,0.206543,41.37,41.37,41.37,41.37,,,False
880829.SH,,ignition,1,1.0,0.206543,111.67,111.67,111.67,111.67,,,False
880842.SH,,ignition,1,1.0,0.206543,290.2,290.2,290.2,290.2,,,False
880844.SH,,ignition,1,1.0,0.206543,822.84,822.84,822.84,822.84,,,False
880846.SH,,ignition,1,1.0,0.206543,81.35,81.35,81.35,81.35,,,False
880854.SH,,ignition,1,1.0,0.206543,90.45,90.45,90.45,90.45,,,False
880863.SH,,ignition,1,1.0,0.206543,132.89,132.89,132.89,132.89,,,False
880866.SH,,ignition,1,1.0,0.206543,100.68,100.68,100.68,100.68,,,False
880869.SH,,ignition,1,1.0,0.206543,1.7,1.7,1.7,1.7,,,False
880871.SH,,ignition,1,1.0,0.206543,0.68,0.68,0.68,0.68,,,False
880873.SH,,ignition,1,1.0,0.206543,98.83,98.83,98.83,98.83,,,False
880875.SH,,ignition,1,1.0,0.206543,129.86,129.86,129.86,129.86,,,False
880877.SH,,ignition,1,1.0,0.206543,54.3,54.3,54.3,54.3,,,False
880879.SH,,ignition,1,1.0,0.206543,37.72,37.72,37.72,37.72,,,False
880881.SH,,ignition,1,1.0,0.206543,41.97,41.97,41.97,41.97,,,False
880887.SH,,ignition,1,1.0,0.206543,121.7,121.7,121.7,121.7,,,False
880889.SH,,ignition,1,1.0,0.206543,144.76,144.76,144.76,144.76,,,False
880890.SH,,ignition,1,1.0,0.206543,134.12,134.12,134.12,134.12,,,False
880891.SH,,ignition,1,1.0,0.206543,76.89,76.89,76.89,76.89,,,False
880893.SH,,ignition,1,1.0,0.206543,70.11,70.11,70.11,70.11,,,False
880895.SH,,ignition,1,1.0,0.206543,102.1,102.1,102.1,102.1,,,False
880903.SH,,ignition,1,1.0,0.206543,118.47,118.47,118.47,118.47,,,False
880906.SH,,ignition,1,1.0,0.206543,2.1,2.1,2.1,2.1,,,False
880912.SH,,ignition,1,1.0,0.206543,57.14,57.14,57.14,57.14,,,False
880913.SH,,ignition,1,1.0,0.206543,166.0,166.0,166.0,166.0,,,False
880915.SH,,ignition,1,1.0,0.206543,115.47,115.47,115.47,115.47,,,False
880920.SH,,ignition,1,1.0,0.206543,312.19,312.19,312.19,312.19,,,False
880923.SH,,ignition,1,1.0,0.206543,69.16,69.16,69.16,69.16,,,False
880926.SH,,ignition,1,1.0,0.206543,10.94,10.94,10.94,10.94,,,False
880929.SH,,ignition,1,1.0,0.206543,295.67,295.67,295.67,295.67,,,False
880933.SH,,ignition,1,1.0,0.206543,63.14,63.14,63.14,63.14,,,False
880936.SH,,ignition,1,1.0,0.206543,123.64,123.64,123.64,123.64,,,False
880940.SH,,ignition,1,1.0,0.206543,48.44,48.44,48.44,48.44,,,False
880941.SH,,ignition,1,1.0,0.206543,42.81,42.81,42.81,42.81,,,False
880953.SH,,ignition,1,1.0,0.206543,44.75,44.75,44.75,44.75,,,False
880955.SH,,ignition,1,1.0,0.206543,1.33,1.33,1.33,1.33,,,False
880960.SH,,ignition,1,1.0,0.206543,273.51,273.51,273.51,273.51,,,False
880967.SH,,ignition,1,1.0,0.206543,8.18,8.18,8.18,8.18,,,False
880968.SH,,ignition,1,1.0,0.206543,44.83,44.83,44.83,44.83,,,False
880971.SH,,ignition,1,1.0,0.206543,9.59,9.59,9.59,9.59,,,False
880973.SH,,ignition,1,1.0,0.206543,161.13,161.13,161.13,161.13,,,False
880975.SH,,ignition,1,1.0,0.206543,30.77,30.77,30.77,30.77,,,False
880979.SH,,ignition,1,1.0,0.206543,17.68,17.68,17.68,17.68,,,False
881005.SH,,ignition,1,1.0,0.206543,96.19,96.19,96.19,96.19,,,False
881051.SH,,ignition,1,1.0,0.206543,71.61,71.61,71.61,71.61,,,False
881116.SH,,ignition,1,1.0,0.206543,152.42,152.42,152.42,152.42,,,False
881119.SH,,ignition,1,1.0,0.206543,94.67,94.67,94.67,94.67,,,False
881123.SH,,ignition,1,1.0,0.206543,6.75,6.75,6.75,6.75,,,False
881127.SH,,ignition,1,1.0,0.206543,227.3,227.3,227.3,227.3,,,False
881139.SH,,ignition,1,1.0,0.206543,166.5,166.5,166.5,166.5,,,False
881144.SH,,ignition,1,1.0,0.206543,11.98,11.98,11.98,11.98,,,False
881151.SH,,ignition,1,1.0,0.206543,119.62,119.62,119.62,119.62,,,False
881157.SH,,ignition,1,1.0,0.206543,172.79,172.79,172.79,172.79,,,False
881171.SH,,ignition,1,1.0,0.206543,37.53,37.53,37.53,37.53,,,False
881177.SH,,ignition,1,1.0,0.206543,28.58,28.58,28.58,28.58,,,False
881194.SH,,ignition,1,1.0,0.206543,44.78,44.78,44.78,44.78,,,False
881200.SH,,ignition,1,1.0,0.206543,67.19,67.19,67.19,67.19,,,False
881204.SH,,ignition,1,1.0,0.206543,2.05,2.05,2.05,2.05,,,False
881224.SH,,ignition,1,1.0,0.206543,54.88,54.88,54.88,54.88,,,False
881227.SH,,ignition,1,1.0,0.206543,32.73,32.73,32.73,32.73,,,False
881231.SH,,ignition,1,1.0,0.206543,264.75,264.75,264.75,264.75,,,False
881234.SH,,ignition,1,1.0,0.206543,210.92,210.92,210.92,210.92,,,False
881241.SH,,ignition,1,1.0,0.206543,3.91,3.91,3.91,3.91,,,False
881247.SH,,ignition,1,1.0,0.206543,82.1,82.1,82.1,82.1,,,False
881252.SH,,ignition,1,1.0,0.206543,147.5,147.5,147.5,147.5,,,False
881256.SH,,ignition,1,1.0,0.206543,106.9,106.9,106.9,106.9,,,False
881257.SH,,ignition,1,1.0,0.206543,45.9,45.9,45.9,45.9,,,False
881373.SH,,ignition,1,1.0,0.206543,115.08,115.08,115.08,115.08,,,False
881386.SH,,ignition,1,1.0,0.206543,205.09,205.09,205.09,205.09,,,False
881389.SH,,ignition,1,1.0,0.206543,125.88,125.88,125.88,125.88,,,False
881394.SH,,ignition,1,1.0,0.206543,65.09,65.09,65.09,65.09,,,False
881415.SH,,ignition,1,1.0,0.206543,13.38,13.38,13.38,13.38,,,False
881422.SH,,ignition,1,1.0,0.206543,81.93,81.93,81.93,81.93,,,False
881429.SH,,ignition,1,1.0,0.206543,103.8,103.8,103.8,103.8,,,False
881432.SH,,ignition,1,1.0,0.206543,130.55,130.55,130.55,130.55,,,False
881442.SH,,ignition,1,1.0,0.206543,59.48,59.48,59.48,59.48,,,False
881449.SH,,ignition,1,1.0,0.206543,128.23,128.23,128.23,128.23,,,False
881452.SH,,ignition,1,1.0,0.206543,19.11,19.11,19.11,19.11,,,False
881467.SH,,ignition,1,1.0,0.206543,86.27,86.27,86.27,86.27,,,False
881468.SH,,ignition,1,1.0,0.206543,131.17,131.17,131.17,131.17,,,False
881476.SH,,ignition,1,1.0,0.206543,338.95,338.95,338.95,338.95,,,False
880001.SH,,ignition,1,0.0,0.0,-174.18,-174.18,-174.18,-174.18,,,False
880002.SH,,ignition,1,0.0,0.0,-171.92,-171.92,-171.92,-171.92,,,False
880003.SH,,ignition,1,0.0,0.0,-143.34,-143.34,-143.34,-143.34,,,False
880004.SH,,ignition,1,0.0,0.0,-164.64,-164.64,-164.64,-164.64,,,False
880005.SH,,ignition,1,0.0,0.0,-521.26,-521.26,-521.26,-521.26,,,False
880006.SH,,ignition,1,0.0,0.0,-1788.08,-1788.08,-1788.08,-1788.08,,,False
880007.SH,,ignition,1,0.0,0.0,-206.17,-206.17,-206.17,-206.17,,,False
880008.SH,,ignition,1,0.0,0.0,-11.83,-11.83,-11.83,-11.83,,,False
880081.SH,,ignition,1,0.0,0.0,-290.3,-290.3,-290.3,-290.3,,,False
880082.SH,,ignition,1,0.0,0.0,-83.23,-83.23,-83.23,-83.23,,,False
880201.SH,,ignition,1,0.0,0.0,-103.5,-103.5,-103.5,-103.5,,,False
880202.SH,,ignition,1,0.0,0.0,-309.14,-309.14,-309.14,-309.14,,,False
880204.SH,,ignition,1,0.0,0.0,-269.2,-269.2,-269.2,-269.2,,,False
880206.SH,,ignition,1,0.0,0.0,-570.48,-570.48,-570.48,-570.48,,,False
880207.SH,,ignition,1,0.0,0.0,-52.17,-52.17,-52.17,-52.17,,,False
880208.SH,,ignition,1,0.0,0.0,-287.6,-287.6,-287.6,-287.6,,,False
880209.SH,,ignition,1,0.0,0.0,-174.48,-174.48,-174.48,-174.48,,,False
880211.SH,,ignition,1,0.0,0.0,-118.39,-118.39,-118.39,-118.39,,,False
880212.SH,,ignition,1,0.0,0.0,-237.09,-237.09,-237.09,-237.09,,,False
880213.SH,,ignition,1,0.0,0.0,-284.14,-284.14,-284.14,-284.14,,,False
880215.SH,,ignition,1,0.0,0.0,-284.75,-284.75,-284.75,-284.75,,,False
880216.SH,,ignition,1,0.0,0.0,-104.11,-104.11,-104.11,-104.11,,,False
880217.SH,,ignition,1,0.0,0.0,-197.72,-197.72,-197.72,-197.72,,,False
880218.SH,,ignition,1,0.0,0.0,-224.1,-224.1,-224.1,-224.1,,,False
880219.SH,,ignition,1,0.0,0.0,-31.4,-31.4,-31.4,-31.4,,,False
880220.SH,,ignition,1,0.0,0.0,-352.1,-352.1,-352.1,-352.1,,,False
880221.SH,,ignition,1,0.0,0.0,-152.72,-152.72,-152.72,-152.72,,,False
880222.SH,,ignition,1,0.0,0.0,-408.89,-408.89,-408.89,-408.89,,,False
880223.SH,,ignition,1,0.0,0.0,-251.91,-251.91,-251.91,-251.91,,,False
880224.SH,,ignition,1,0.0,0.0,-254.39,-254.39,-254.39,-254.39,,,False
880225.SH,,ignition,1,0.0,0.0,-102.56,-102.56,-102.56,-102.56,,,False
880226.SH,,ignition,1,0.0,0.0,-181.97,-181.97,-181.97,-181.97,,,False
880227.SH,,ignition,1,0.0,0.0,-238.47,-238.47,-238.47,-238.47,,,False
880228.SH,,ignition,1,0.0,0.0,-129.88,-129.88,-129.88,-129.88,,,False
880229.SH,,ignition,1,0.0,0.0,-170.51,-170.51,-170.51,-170.51,,,False
880230.SH,,ignition,1,0.0,0.0,-334.74,-334.74,-334.74,-334.74,,,False
880231.SH,,ignition,1,0.0,0.0,-100.93,-100.93,-100.93,-100.93,,,False
880232.SH,,ignition,1,0.0,0.0,-541.72,-541.72,-541.72,-541.72,,,False
880301.SH,,ignition,1,0.0,0.0,-193.33,-193.33,-193.33,-193.33,,,False
880302.SH,,ignition,1,0.0,0.0,-202.68,-202.68,-202.68,-202.68,,,False
880305.SH,,ignition,1,0.0,0.0,-80.29,-80.29,-80.29,-80.29,,,False
880306.SH,,ignition,1,0.0,0.0,-17.81,-17.81,-17.81,-17.81,,,False
880307.SH,,ignition,1,0.0,0.0,-135.57,-135.57,-135.57,-135.57,,,False
880308.SH,,ignition,1,0.0,0.0,-106.05,-106.05,-106.05,-106.05,,,False
880310.SH,,ignition,1,0.0,0.0,-211.98,-211.98,-211.98,-211.98,,,False
880311.SH,,ignition,1,0.0,0.0,-247.2,-247.2,-247.2,-247.2,,,False
880312.SH,,ignition,1,0.0,0.0,-110.75,-110.75,-110.75,-110.75,,,False
880313.SH,,ignition,1,0.0,0.0,-78.0,-78.0,-78.0,-78.0,,,False
880318.SH,,ignition,1,0.0,0.0,-213.19,-213.19,-213.19,-213.19,,,False
880319.SH,,ignition,1,0.0,0.0,-248.03,-248.03,-248.03,-248.03,,,False
880320.SH,,ignition,1,0.0,0.0,-231.69,-231.69,-231.69,-231.69,,,False
880321.SH,,ignition,1,0.0,0.0,-31.47,-31.47,-31.47,-31.47,,,False
880324.SH,,ignition,1,0.0,0.0,-745.71,-745.71,-745.71,-745.71,,,False
880325.SH,,ignition,1,0.0,0.0,-875.74,-875.74,-875.74,-875.74,,,False
880326.SH,,ignition,1,0.0,0.0,-629.61,-629.61,-629.61,-629.61,,,False
880327.SH,,ignition,1,0.0,0.0,-662.25,-662.25,-662.25,-662.25,,,False
880328.SH,,ignition,1,0.0,0.0,-965.65,-965.65,-965.65,-965.65,,,False
880329.SH,,ignition,1,0.0,0.0,-682.72,-682.72,-682.72,-682.72,,,False
880330.SH,,ignition,1,0.0,0.0,-89.19,-89.19,-89.19,-89.19,,,False
880335.SH,,ignition,1,0.0,0.0,-204.4,-204.4,-204.4,-204.4,,,False
880336.SH,,ignition,1,0.0,0.0,-173.74,-173.74,-173.74,-173.74,,,False
880337.SH,,ignition,1,0.0,0.0,-395.51,-395.51,-395.51,-395.51,,,False
880338.SH,,ignition,1,0.0,0.0,-179.04,-179.04,-179.04,-179.04,,,False
880339.SH,,ignition,1,0.0,0.0,-134.84,-134.84,-134.84,-134.84,,,False
880340.SH,,ignition,1,0.0,0.0,-38.96,-38.96,-38.96,-38.96,,,False
880344.SH,,ignition,1,0.0,0.0,-375.58,-375.58,-375.58,-375.58,,,False
880345.SH,,ignition,1,0.0,0.0,-702.68,-702.68,-702.68,-702.68,,,False
880346.SH,,ignition,1,0.0,0.0,-138.04,-138.04,-138.04,-138.04,,,False
880347.SH,,ignition,1,0.0,0.0,-464.65,-464.65,-464.65,-464.65,,,False
880348.SH,,ignition,1,0.0,0.0,-114.98,-114.98,-114.98,-114.98,,,False
880350.SH,,ignition,1,0.0,0.0,-76.85,-76.85,-76.85,-76.85,,,False
880351.SH,,ignition,1,0.0,0.0,-312.41,-312.41,-312.41,-312.41,,,False
880360.SH,,ignition,1,0.0,0.0,-54.8,-54.8,-54.8,-54.8,,,False
880361.SH,,ignition,1,0.0,0.0,-251.1,-251.1,-251.1,-251.1,,,False
880363.SH,,ignition,1,0.0,0.0,-32.01,-32.01,-32.01,-32.01,,,False
880366.SH,,ignition,1,0.0,0.0,-74.96,-74.96,-74.96,-74.96,,,False
880373.SH,,ignition,1,0.0,0.0,-42.94,-42.94,-42.94,-42.94,,,False
880374.SH,,ignition,1,0.0,0.0,-217.98,-217.98,-217.98,-217.98,,,False
880380.SH,,ignition,1,0.0,0.0,-175.16,-175.16,-175.16,-175.16,,,False
880381.SH,,ignition,1,0.0,0.0,-183.14,-183.14,-183.14,-183.14,,,False
880382.SH,,ignition,1,0.0,0.0,-99.84,-99.84,-99.84,-99.84,,,False
880387.SH,,ignition,1,0.0,0.0,-67.8,-67.8,-67.8,-67.8,,,False
880390.SH,,ignition,1,0.0,0.0,-148.78,-148.78,-148.78,-148.78,,,False
880391.SH,,ignition,1,0.0,0.0,-247.64,-247.64,-247.64,-247.64,,,False
880392.SH,,ignition,1,0.0,0.0,-114.77,-114.77,-114.77,-114.77,,,False
880394.SH,,ignition,1,0.0,0.0,-58.77,-58.77,-58.77,-58.77,,,False
880409.SH,,ignition,1,0.0,0.0,-152.99,-152.99,-152.99,-152.99,,,False
880411.SH,,ignition,1,0.0,0.0,-61.92,-61.92,-61.92,-61.92,,,False
880412.SH,,ignition,1,0.0,0.0,-15.9,-15.9,-15.9,-15.9,,,False
880414.SH,,ignition,1,0.0,0.0,-384.55,-384.55,-384.55,-384.55,,,False
880418.SH,,ignition,1,0.0,0.0,-13.42,-13.42,-13.42,-13.42,,,False
880419.SH,,ignition,1,0.0,0.0,-71.0,-71.0,-71.0,-71.0,,,False
880421.SH,,ignition,1,0.0,0.0,-172.01,-172.01,-172.01,-172.01,,,False
880422.SH,,ignition,1,0.0,0.0,-0.98,-0.98,-0.98,-0.98,,,False
880425.SH,,ignition,1,0.0,0.0,-91.41,-91.41,-91.41,-91.41,,,False
880430.SH,,ignition,1,0.0,0.0,-305.67,-305.67,-305.67,-305.67,,,False
880431.SH,,ignition,1,0.0,0.0,-330.68,-330.68,-330.68,-330.68,,,False
880432.SH,,ignition,1,0.0,0.0,-162.55,-162.55,-162.55,-162.55,,,False
880437.SH,,ignition,1,0.0,0.0,-227.96,-227.96,-227.96,-227.96,,,False
880439.SH,,ignition,1,0.0,0.0,-261.23,-261.23,-261.23,-261.23,,,False
880440.SH,,ignition,1,0.0,0.0,-158.36,-158.36,-158.36,-158.36,,,False
880441.SH,,ignition,1,0.0,0.0,-252.99,-252.99,-252.99,-252.99,,,False
880442.SH,,ignition,1,0.0,0.0,-97.03,-97.03,-97.03,-97.03,,,False
880443.SH,,ignition,1,0.0,0.0,-196.07,-196.07,-196.07,-196.07,,,False
880444.SH,,ignition,1,0.0,0.0,-0.53,-0.53,-0.53,-0.53,,,False
880445.SH,,ignition,1,0.0,0.0,-155.47,-155.47,-155.47,-155.47,,,False
880446.SH,,ignition,1,0.0,0.0,-385.53,-385.53,-385.53,-385.53,,,False
880447.SH,,ignition,1,0.0,0.0,-292.32,-292.32,-292.32,-292.32,,,False
880448.SH,,ignition,1,0.0,0.0,-184.92,-184.92,-184.92,-184.92,,,False
880452.SH,,ignition,1,0.0,0.0,-233.39,-233.39,-233.39,-233.39,,,False
880456.SH,,ignition,1,0.0,0.0,-35.63,-35.63,-35.63,-35.63,,,False
880460.SH,,ignition,1,0.0,0.0,-25.93,-25.93,-25.93,-25.93,,,False
880462.SH,,ignition,1,0.0,0.0,-165.67,-165.67,-165.67,-165.67,,,False
880467.SH,,ignition,1,0.0,0.0,-85.66,-85.66,-85.66,-85.66,,,False
880473.SH,,ignition,1,0.0,0.0,-183.94,-183.94,-183.94,-183.94,,,False
880474.SH,,ignition,1,0.0,0.0,-78.7,-78.7,-78.7,-78.7,,,False
880476.SH,,ignition,1,0.0,0.0,-160.49,-160.49,-160.49,-160.49,,,False
880477.SH,,ignition,1,0.0,0.0,-171.74,-171.74,-171.74,-171.74,,,False
880478.SH,,ignition,1,0.0,0.0,-65.12,-65.12,-65.12,-65.12,,,False
880482.SH,,ignition,1,0.0,0.0,-47.13,-47.13,-47.13,-47.13,,,False
880483.SH,,ignition,1,0.0,0.0,-75.48,-75.48,-75.48,-75.48,,,False
880484.SH,,ignition,1,0.0,0.0,-32.71,-32.71,-32.71,-32.71,,,False
880485.SH,,ignition,1,0.0,0.0,-45.08,-45.08,-45.08,-45.08,,,False
880489.SH,,ignition,1,0.0,0.0,-262.27,-262.27,-262.27,-262.27,,,False
880490.SH,,ignition,1,0.0,0.0,-339.85,-339.85,-339.85,-339.85,,,False
880491.SH,,ignition,1,0.0,0.0,-112.9,-112.9,-112.9,-112.9,,,False
880492.SH,,ignition,1,0.0,0.0,-396.83,-396.83,-396.83,-396.83,,,False
880493.SH,,ignition,1,0.0,0.0,-184.64,-184.64,-184.64,-184.64,,,False
880494.SH,,ignition,1,0.0,0.0,-287.33,-287.33,-287.33,-287.33,,,False
880497.SH,,ignition,1,0.0,0.0,-172.8,-172.8,-172.8,-172.8,,,False
880501.SH,,ignition,1,0.0,0.0,-120.14,-120.14,-120.14,-120.14,,,False
880502.SH,,ignition,1,0.0,0.0,-116.93,-116.93,-116.93,-116.93,,,False
880505.SH,,ignition,1,0.0,0.0,-463.02,-463.02,-463.02,-463.02,,,False
880506.SH,,ignition,1,0.0,0.0,-199.86,-199.86,-199.86,-199.86,,,False
880507.SH,,ignition,1,0.0,0.0,-126.92,-126.92,-126.92,-126.92,,,False
880513.SH,,ignition,1,0.0,0.0,-21.87,-21.87,-21.87,-21.87,,,False
880515.SH,,ignition,1,0.0,0.0,-257.37,-257.37,-257.37,-257.37,,,False
880520.SH,,ignition,1,0.0,0.0,-114.61,-114.61,-114.61,-114.61,,,False
880521.SH,,ignition,1,0.0,0.0,-414.06,-414.06,-414.06,-414.06,,,False
880522.SH,,ignition,1,0.0,0.0,-98.23,-98.23,-98.23,-98.23,,,False
880523.SH,,ignition,1,0.0,0.0,-160.56,-160.56,-160.56,-160.56,,,False
880524.SH,,ignition,1,0.0,0.0,-136.06,-136.06,-136.06,-136.06,,,False
880525.SH,,ignition,1,0.0,0.0,-97.87,-97.87,-97.87,-97.87,,,False
880526.SH,,ignition,1,0.0,0.0,-40.06,-40.06,-40.06,-40.06,,,False
880528.SH,,ignition,1,0.0,0.0,-113.55,-113.55,-113.55,-113.55,,,False
880529.SH,,ignition,1,0.0,0.0,-199.99,-199.99,-199.99,-199.99,,,False
880532.SH,,ignition,1,0.0,0.0,-218.84,-218.84,-218.84,-218.84,,,False
880533.SH,,ignition,1,0.0,0.0,-57.98,-57.98,-57.98,-57.98,,,False
880534.SH,,ignition,1,0.0,0.0,-136.9,-136.9,-136.9,-136.9,,,False
880535.SH,,ignition,1,0.0,0.0,-302.17,-302.17,-302.17,-302.17,,,False
880537.SH,,ignition,1,0.0,0.0,-96.44,-96.44,-96.44,-96.44,,,False
880538.SH,,ignition,1,0.0,0.0,-78.78,-78.78,-78.78,-78.78,,,False
880539.SH,,ignition,1,0.0,0.0,-69.8,-69.8,-69.8,-69.8,,,False
880540.SH,,ignition,1,0.0,0.0,-3.47,-3.47,-3.47,-3.47,,,False
880541.SH,,ignition,1,0.0,0.0,-148.14,-148.14,-148.14,-148.14,,,False
880542.SH,,ignition,1,0.0,0.0,-11.67,-11.67,-11.67,-11.67,,,False
880544.SH,,ignition,1,0.0,0.0,-128.69,-128.69,-128.69,-128.69,,,False
880545.SH,,ignition,1,0.0,0.0,-102.73,-102.73,-102.73,-102.73,,,False
880546.SH,,ignition,1,0.0,0.0,-161.93,-161.93,-161.93,-161.93,,,False
880547.SH,,ignition,1,0.0,0.0,-308.23,-308.23,-308.23,-308.23,,,False
880548.SH,,ignition,1,0.0,0.0,-175.91,-175.91,-175.91,-175.91,,,False
880549.SH,,ignition,1,0.0,0.0,-71.3,-71.3,-71.3,-71.3,,,False
880550.SH,,ignition,1,0.0,0.0,-338.25,-338.25,-338.25,-338.25,,,False
880551.SH,,ignition,1,0.0,0.0,-104.37,-104.37,-104.37,-104.37,,,False
880552.SH,,ignition,1,0.0,0.0,-79.11,-79.11,-79.11,-79.11,,,False
880554.SH,,ignition,1,0.0,0.0,-31.08,-31.08,-31.08,-31.08,,,False
880555.SH,,ignition,1,0.0,0.0,-69.14,-69.14,-69.14,-69.14,,,False
880560.SH,,ignition,1,0.0,0.0,-119.59,-119.59,-119.59,-119.59,,,False
880561.SH,,ignition,1,0.0,0.0,-155.76,-155.76,-155.76,-155.76,,,False
880566.SH,,ignition,1,0.0,0.0,-71.32,-71.32,-71.32,-71.32,,,False
880569.SH,,ignition,1,0.0,0.0,-78.15,-78.15,-78.15,-78.15,,,False
880570.SH,,ignition,1,0.0,0.0,-191.84,-191.84,-191.84,-191.84,,,False
880571.SH,,ignition,1,0.0,0.0,-99.27,-99.27,-99.27,-99.27,,,False
880574.SH,,ignition,1,0.0,0.0,-172.57,-172.57,-172.57,-172.57,,,False
880575.SH,,ignition,1,0.0,0.0,-80.31,-80.31,-80.31,-80.31,,,False
880576.SH,,ignition,1,0.0,0.0,-190.67,-190.67,-190.67,-190.67,,,False
880577.SH,,ignition,1,0.0,0.0,-28.15,-28.15,-28.15,-28.15,,,False
880578.SH,,ignition,1,0.0,0.0,-65.05,-65.05,-65.05,-65.05,,,False
880579.SH,,ignition,1,0.0,0.0,-190.6,-190.6,-190.6,-190.6,,,False
880580.SH,,ignition,1,0.0,0.0,-8.62,-8.62,-8.62,-8.62,,,False
880582.SH,,ignition,1,0.0,0.0,-106.48,-106.48,-106.48,-106.48,,,False
880583.SH,,ignition,1,0.0,0.0,-42.65,-42.65,-42.65,-42.65,,,False
880584.SH,,ignition,1,0.0,0.0,-66.38,-66.38,-66.38,-66.38,,,False
880587.SH,,ignition,1,0.0,0.0,-30.88,-30.88,-30.88,-30.88,,,False
880588.SH,,ignition,1,0.0,0.0,-449.24,-449.24,-449.24,-449.24,,,False
880589.SH,,ignition,1,0.0,0.0,-91.04,-91.04,-91.04,-91.04,,,False
880590.SH,,ignition,1,0.0,0.0,-183.3,-183.3,-183.3,-183.3,,,False
880592.SH,,ignition,1,0.0,0.0,-58.39,-58.39,-58.39,-58.39,,,False
880594.SH,,ignition,1,0.0,0.0,-224.72,-224.72,-224.72,-224.72,,,False
880595.SH,,ignition,1,0.0,0.0,-94.51,-94.51,-94.51,-94.51,,,False
880596.SH,,ignition,1,0.0,0.0,-0.93,-0.93,-0.93,-0.93,,,False
880598.SH,,ignition,1,0.0,0.0,-24.48,-24.48,-24.48,-24.48,,,False
880601.SH,,ignition,1,0.0,0.0,-61.1,-61.1,-61.1,-61.1,,,False
880603.SH,,ignition,1,0.0,0.0,-364.84,-364.84,-364.84,-364.84,,,False
880604.SH,,ignition,1,0.0,0.0,-151.1,-151.1,-151.1,-151.1,,,False
880607.SH,,ignition,1,0.0,0.0,-174.94,-174.94,-174.94,-174.94,,,False
880608.SH,,ignition,1,0.0,0.0,-70.75,-70.75,-70.75,-70.75,,,False
880609.SH,,ignition,1,0.0,0.0,-46.22,-46.22,-46.22,-46.22,,,False
880611.SH,,ignition,1,0.0,0.0,-80.41,-80.41,-80.41,-80.41,,,False
880612.SH,,ignition,1,0.0,0.0,-537.51,-537.51,-537.51,-537.51,,,False
880613.SH,,ignition,1,0.0,0.0,-26.19,-26.19,-26.19,-26.19,,,False
880614.SH,,ignition,1,0.0,0.0,-6.23,-6.23,-6.23,-6.23,,,False
880616.SH,,ignition,1,0.0,0.0,-179.96,-179.96,-179.96,-179.96,,,False
880618.SH,,ignition,1,0.0,0.0,-113.64,-113.64,-113.64,-113.64,,,False
880620.SH,,ignition,1,0.0,0.0,-406.39,-406.39,-406.39,-406.39,,,False
880621.SH,,ignition,1,0.0,0.0,-210.4,-210.4,-210.4,-210.4,,,False
880622.SH,,ignition,1,0.0,0.0,-40.61,-40.61,-40.61,-40.61,,,False
880625.SH,,ignition,1,0.0,0.0,-49.2,-49.2,-49.2,-49.2,,,False
880627.SH,,ignition,1,0.0,0.0,-142.27,-142.27,-142.27,-142.27,,,False
880628.SH,,ignition,1,0.0,0.0,-223.24,-223.24,-223.24,-223.24,,,False
880629.SH,,ignition,1,0.0,0.0,-115.39,-115.39,-115.39,-115.39,,,False
880630.SH,,ignition,1,0.0,0.0,-131.99,-131.99,-131.99,-131.99,,,False
880631.SH,,ignition,1,0.0,0.0,-36.51,-36.51,-36.51,-36.51,,,False
880632.SH,,ignition,1,0.0,0.0,-187.44,-187.44,-187.44,-187.44,,,False
880633.SH,,ignition,1,0.0,0.0,-36.39,-36.39,-36.39,-36.39,,,False
880634.SH,,ignition,1,0.0,0.0,-220.22,-220.22,-220.22,-220.22,,,False
880635.SH,,ignition,1,0.0,0.0,-215.23,-215.23,-215.23,-215.23,,,False
880638.SH,,ignition,1,0.0,0.0,-197.51,-197.51,-197.51,-197.51,,,False
880639.SH,,ignition,1,0.0,0.0,-53.41,-53.41,-53.41,-53.41,,,False
880640.SH,,ignition,1,0.0,0.0,-297.2,-297.2,-297.2,-297.2,,,False
880643.SH,,ignition,1,0.0,0.0,-162.54,-162.54,-162.54,-162.54,,,False
880644.SH,,ignition,1,0.0,0.0,-17.6,-17.6,-17.6,-17.6,,,False
880645.SH,,ignition,1,0.0,0.0,-97.84,-97.84,-97.84,-97.84,,,False
880646.SH,,ignition,1,0.0,0.0,-427.57,-427.57,-427.57,-427.57,,,False
880647.SH,,ignition,1,0.0,0.0,-57.02,-57.02,-57.02,-57.02,,,False
880648.SH,,ignition,1,0.0,0.0,-25.48,-25.48,-25.48,-25.48,,,False
880649.SH,,ignition,1,0.0,0.0,-43.68,-43.68,-43.68,-43.68,,,False
880653.SH,,ignition,1,0.0,0.0,-109.01,-109.01,-109.01,-109.01,,,False
880654.SH,,ignition,1,0.0,0.0,-128.38,-128.38,-128.38,-128.38,,,False
880655.SH,,ignition,1,0.0,0.0,-196.14,-196.14,-196.14,-196.14,,,False
880656.SH,,ignition,1,0.0,0.0,-275.2,-275.2,-275.2,-275.2,,,False
880657.SH,,ignition,1,0.0,0.0,-135.11,-135.11,-135.11,-135.11,,,False
880658.SH,,ignition,1,0.0,0.0,-155.71,-155.71,-155.71,-155.71,,,False
880659.SH,,ignition,1,0.0,0.0,-207.34,-207.34,-207.34,-207.34,,,False
880660.SH,,ignition,1,0.0,0.0,-142.99,-142.99,-142.99,-142.99,,,False
880661.SH,,ignition,1,0.0,0.0,-233.65,-233.65,-233.65,-233.65,,,False
880662.SH,,ignition,1,0.0,0.0,-90.65,-90.65,-90.65,-90.65,,,False
880664.SH,,ignition,1,0.0,0.0,-63.39,-63.39,-63.39,-63.39,,,False
880666.SH,,ignition,1,0.0,0.0,-162.91,-162.91,-162.91,-162.91,,,False
880667.SH,,ignition,1,0.0,0.0,-59.91,-59.91,-59.91,-59.91,,,False
880668.SH,,ignition,1,0.0,0.0,-110.66,-110.66,-110.66,-110.66,,,False
880669.SH,,ignition,1,0.0,0.0,-169.88,-169.88,-169.88,-169.88,,,False
880670.SH,,ignition,1,0.0,0.0,-160.48,-160.48,-160.48,-160.48,,,False
880671.SH,,ignition,1,0.0,0.0,-142.16,-142.16,-142.16,-142.16,,,False
880672.SH,,ignition,1,0.0,0.0,-158.88,-158.88,-158.88,-158.88,,,False
880673.SH,,ignition,1,0.0,0.0,-123.27,-123.27,-123.27,-123.27,,,False
880674.SH,,ignition,1,0.0,0.0,-248.82,-248.82,-248.82,-248.82,,,False
880675.SH,,ignition,1,0.0,0.0,-20.03,-20.03,-20.03,-20.03,,,False
880676.SH,,ignition,1,0.0,0.0,-239.14,-239.14,-239.14,-239.14,,,False
880677.SH,,ignition,1,0.0,0.0,-176.96,-176.96,-176.96,-176.96,,,False
880678.SH,,ignition,1,0.0,0.0,-119.59,-119.59,-119.59,-119.59,,,False
880679.SH,,ignition,1,0.0,0.0,-250.21,-250.21,-250.21,-250.21,,,False
880680.SH,,ignition,1,0.0,0.0,-239.06,-239.06,-239.06,-239.06,,,False
880682.SH,,ignition,1,0.0,0.0,-232.73,-232.73,-232.73,-232.73,,,False
880683.SH,,ignition,1,0.0,0.0,-14.98,-14.98,-14.98,-14.98,,,False
880684.SH,,ignition,1,0.0,0.0,-314.04,-314.04,-314.04,-314.04,,,False
880685.SH,,ignition,1,0.0,0.0,-84.28,-84.28,-84.28,-84.28,,,False
880686.SH,,ignition,1,0.0,0.0,-66.91,-66.91,-66.91,-66.91,,,False
880688.SH,,ignition,1,0.0,0.0,-25.71,-25.71,-25.71,-25.71,,,False
880689.SH,,ignition,1,0.0,0.0,-159.74,-159.74,-159.74,-159.74,,,False
880690.SH,,ignition,1,0.0,0.0,-243.7,-243.7,-243.7,-243.7,,,False
880692.SH,,ignition,1,0.0,0.0,-92.28,-92.28,-92.28,-92.28,,,False
880693.SH,,ignition,1,0.0,0.0,-153.65,-153.65,-153.65,-153.65,,,False
880695.SH,,ignition,1,0.0,0.0,-77.53,-77.53,-77.53,-77.53,,,False
880696.SH,,ignition,1,0.0,0.0,-62.51,-62.51,-62.51,-62.51,,,False
880697.SH,,ignition,1,0.0,0.0,-146.21,-146.21,-146.21,-146.21,,,False
880698.SH,,ignition,1,0.0,0.0,-244.47,-244.47,-244.47,-244.47,,,False
880699.SH,,ignition,1,0.0,0.0,-118.59,-118.59,-118.59,-118.59,,,False
880703.SH,,ignition,1,0.0,0.0,-96.18,-96.18,-96.18,-96.18,,,False
880705.SH,,ignition,1,0.0,0.0,-72.35,-72.35,-72.35,-72.35,,,False
880708.SH,,ignition,1,0.0,0.0,-70.65,-70.65,-70.65,-70.65,,,False
880711.SH,,ignition,1,0.0,0.0,-57.43,-57.43,-57.43,-57.43,,,False
880713.SH,,ignition,1,0.0,0.0,-7.29,-7.29,-7.29,-7.29,,,False
880714.SH,,ignition,1,0.0,0.0,-6.68,-6.68,-6.68,-6.68,,,False
880715.SH,,ignition,1,0.0,0.0,-166.68,-166.68,-166.68,-166.68,,,False
880718.SH,,ignition,1,0.0,0.0,-144.43,-144.43,-144.43,-144.43,,,False
880720.SH,,ignition,1,0.0,0.0,-133.52,-133.52,-133.52,-133.52,,,False
880721.SH,,ignition,1,0.0,0.0,-200.0,-200.0,-200.0,-200.0,,,False
880722.SH,,ignition,1,0.0,0.0,-98.44,-98.44,-98.44,-98.44,,,False
880723.SH,,ignition,1,0.0,0.0,-150.35,-150.35,-150.35,-150.35,,,False
880725.SH,,ignition,1,0.0,0.0,-153.03,-153.03,-153.03,-153.03,,,False
880727.SH,,ignition,1,0.0,0.0,-297.14,-297.14,-297.14,-297.14,,,False
880730.SH,,ignition,1,0.0,0.0,-101.59,-101.59,-101.59,-101.59,,,False
880731.SH,,ignition,1,0.0,0.0,-105.78,-105.78,-105.78,-105.78,,,False
880732.SH,,ignition,1,0.0,0.0,-87.09,-87.09,-87.09,-87.09,,,False
880733.SH,,ignition,1,0.0,0.0,-40.64,-40.64,-40.64,-40.64,,,False
880735.SH,,ignition,1,0.0,0.0,-160.63,-160.63,-160.63,-160.63,,,False
880736.SH,,ignition,1,0.0,0.0,-73.86,-73.86,-73.86,-73.86,,,False
880737.SH,,ignition,1,0.0,0.0,-219.23,-219.23,-219.23,-219.23,,,False
880738.SH,,ignition,1,0.0,0.0,-59.96,-59.96,-59.96,-59.96,,,False
880739.SH,,ignition,1,0.0,0.0,-121.35,-121.35,-121.35,-121.35,,,False
880740.SH,,ignition,1,0.0,0.0,-172.59,-172.59,-172.59,-172.59,,,False
880741.SH,,ignition,1,0.0,0.0,-29.49,-29.49,-29.49,-29.49,,,False
880742.SH,,ignition,1,0.0,0.0,-219.05,-219.05,-219.05,-219.05,,,False
880744.SH,,ignition,1,0.0,0.0,-48.6,-48.6,-48.6,-48.6,,,False
880746.SH,,ignition,1,0.0,0.0,-105.44,-105.44,-105.44,-105.44,,,False
880748.SH,,ignition,1,0.0,0.0,-115.42,-115.42,-115.42,-115.42,,,False
880749.SH,,ignition,1,0.0,0.0,-133.38,-133.38,-133.38,-133.38,,,False
880751.SH,,ignition,1,0.0,0.0,-62.56,-62.56,-62.56,-62.56,,,False
880753.SH,,ignition,1,0.0,0.0,-74.64,-74.64,-74.64,-74.64,,,False
880754.SH,,ignition,1,0.0,0.0,-149.05,-149.05,-149.05,-149.05,,,False
880755.SH,,ignition,1,0.0,0.0,-212.67,-212.67,-212.67,-212.67,,,False
880756.SH,,ignition,1,0.0,0.0,-91.98,-91.98,-91.98,-91.98,,,False
880759.SH,,ignition,1,0.0,0.0,-73.22,-73.22,-73.22,-73.22,,,False
880761.SH,,ignition,1,0.0,0.0,-407.22,-407.22,-407.22,-407.22,,,False
880762.SH,,ignition,1,0.0,0.0,-138.39,-138.39,-138.39,-138.39,,,False
880763.SH,,ignition,1,0.0,0.0,-31.07,-31.07,-31.07,-31.07,,,False
880765.SH,,ignition,1,0.0,0.0,-20.25,-20.25,-20.25,-20.25,,,False
880767.SH,,ignition,1,0.0,0.0,-19.96,-19.96,-19.96,-19.96,,,False
880769.SH,,ignition,1,0.0,0.0,-73.79,-73.79,-73.79,-73.79,,,False
880771.SH,,ignition,1,0.0,0.0,-238.93,-238.93,-238.93,-238.93,,,False
880778.SH,,ignition,1,0.0,0.0,0.0,0.0,0.0,0.0,,,False
880779.SH,,ignition,1,0.0,0.0,-172.28,-172.28,-172.28,-172.28,,,False
880780.SH,,ignition,1,0.0,0.0,-178.33,-178.33,-178.33,-178.33,,,False
880781.SH,,ignition,1,0.0,0.0,-329.6,-329.6,-329.6,-329.6,,,False
880782.SH,,ignition,1,0.0,0.0,-26.03,-26.03,-26.03,-26.03,,,False
880783.SH,,ignition,1,0.0,0.0,-298.5,-298.5,-298.5,-298.5,,,False
880785.SH,,ignition,1,0.0,0.0,-195.3,-195.3,-195.3,-195.3,,,False
880786.SH,,ignition,1,0.0,0.0,-354.35,-354.35,-354.35,-354.35,,,False
880787.SH,,ignition,1,0.0,0.0,-60.03,-60.03,-60.03,-60.03,,,False
880789.SH,,ignition,1,0.0,0.0,-463.95,-463.95,-463.95,-463.95,,,False
880790.SH,,ignition,1,0.0,0.0,-89.19,-89.19,-89.19,-89.19,,,False
880792.SH,,ignition,1,0.0,0.0,-21.47,-21.47,-21.47,-21.47,,,False
880793.SH,,ignition,1,0.0,0.0,-320.15,-320.15,-320.15,-320.15,,,False
880794.SH,,ignition,1,0.0,0.0,-148.22,-148.22,-148.22,-148.22,,,False
880797.SH,,ignition,1,0.0,0.0,-72.72,-72.72,-72.72,-72.72,,,False
880798.SH,,ignition,1,0.0,0.0,-169.96,-169.96,-169.96,-169.96,,,False
880799.SH,,ignition,1,0.0,0.0,-126.53,-126.53,-126.53,-126.53,,,False
880801.SH,,ignition,1,0.0,0.0,-244.71,-244.71,-244.71,-244.71,,,False
880802.SH,,ignition,1,0.0,0.0,-359.09,-359.09,-359.09,-359.09,,,False
880803.SH,,ignition,1,0.0,0.0,-114.83,-114.83,-114.83,-114.83,,,False
880805.SH,,ignition,1,0.0,0.0,-51.39,-51.39,-51.39,-51.39,,,False
880806.SH,,ignition,1,0.0,0.0,-133.7,-133.7,-133.7,-133.7,,,False
880807.SH,,ignition,1,0.0,0.0,-74.87,-74.87,-74.87,-74.87,,,False
880808.SH,,ignition,1,0.0,0.0,-266.94,-266.94,-266.94,-266.94,,,False
880809.SH,,ignition,1,0.0,0.0,-4.31,-4.31,-4.31,-4.31,,,False
880813.SH,,ignition,1,0.0,0.0,-6.78,-6.78,-6.78,-6.78,,,False
880814.SH,,ignition,1,0.0,0.0,-138.57,-138.57,-138.57,-138.57,,,False
880815.SH,,ignition,1,0.0,0.0,-246.53,-246.53,-246.53,-246.53,,,False
880816.SH,,ignition,1,0.0,0.0,-170.06,-170.06,-170.06,-170.06,,,False
880817.SH,,ignition,1,0.0,0.0,-165.83,-165.83,-165.83,-165.83,,,False
880818.SH,,ignition,1,0.0,0.0,-366.98,-366.98,-366.98,-366.98,,,False
880821.SH,,ignition,1,0.0,0.0,-208.57,-208.57,-208.57,-208.57,,,False
880822.SH,,ignition,1,0.0,0.0,-16.8,-16.8,-16.8,-16.8,,,False
880824.SH,,ignition,1,0.0,0.0,-285.46,-285.46,-285.46,-285.46,,,False
880825.SH,,ignition,1,0.0,0.0,0.0,0.0,0.0,0.0,,,False
880827.SH,,ignition,1,0.0,0.0,-322.14,-322.14,-322.14,-322.14,,,False
880833.SH,,ignition,1,0.0,0.0,-4.05,-4.05,-4.05,-4.05,,,False
880834.SH,,ignition,1,0.0,0.0,-123.86,-123.86,-123.86,-123.86,,,False
880835.SH,,ignition,1,0.0,0.0,-370.21,-370.21,-370.21,-370.21,,,False
880836.SH,,ignition,1,0.0,0.0,0.0,0.0,0.0,0.0,,,False
880837.SH,,ignition,1,0.0,0.0,-303.67,-303.67,-303.67,-303.67,,,False
880843.SH,,ignition,1,0.0,0.0,0.0,0.0,0.0,0.0,,,False
880845.SH,,ignition,1,0.0,0.0,-84.1,-84.1,-84.1,-84.1,,,False
880847.SH,,ignition,1,0.0,0.0,-241.88,-241.88,-241.88,-241.88,,,False
880848.SH,,ignition,1,0.0,0.0,-32.67,-32.67,-32.67,-32.67,,,False
880849.SH,,ignition,1,0.0,0.0,-131.31,-131.31,-131.31,-131.31,,,False
880850.SH,,ignition,1,0.0,0.0,-235.78,-235.78,-235.78,-235.78,,,False
880851.SH,,ignition,2,0.0,0.0,-208.3,-208.3,-312.45,-104.15,294.58,-1.0,False
880852.SH,,ignition,1,0.0,0.0,-284.33,-284.33,-284.33,-284.33,,,False
880853.SH,,ignition,1,0.0,0.0,-179.92,-179.92,-179.92,-179.92,,,False
880856.SH,,ignition,1,0.0,0.0,-266.22,-266.22,-266.22,-266.22,,,False
880857.SH,,ignition,1,0.0,0.0,-132.19,-132.19,-132.19,-132.19,,,False
880858.SH,,ignition,1,0.0,0.0,-305.9,-305.9,-305.9,-305.9,,,False
880859.SH,,ignition,1,0.0,0.0,-250.73,-250.73,-250.73,-250.73,,,False
880860.SH,,ignition,1,0.0,0.0,-124.27,-124.27,-124.27,-124.27,,,False
880861.SH,,ignition,1,0.0,0.0,-66.31,-66.31,-66.31,-66.31,,,False
880864.SH,,ignition,1,0.0,0.0,-117.54,-117.54,-117.54,-117.54,,,False
880865.SH,,ignition,1,0.0,0.0,-255.94,-255.94,-255.94,-255.94,,,False
880867.SH,,ignition,1,0.0,0.0,-313.74,-313.74,-313.74,-313.74,,,False
880868.SH,,ignition,1,0.0,0.0,-362.77,-362.77,-362.77,-362.77,,,False
880870.SH,,ignition,1,0.0,0.0,-169.51,-169.51,-169.51,-169.51,,,False
880872.SH,,ignition,1,0.0,0.0,-98.14,-98.14,-98.14,-98.14,,,False
880874.SH,,ignition,1,0.0,0.0,-5.72,-5.72,-5.72,-5.72,,,False
880876.SH,,ignition,1,0.0,0.0,-368.03,-368.03,-368.03,-368.03,,,False
880878.SH,,ignition,1,0.0,0.0,-253.95,-253.95,-253.95,-253.95,,,False
880880.SH,,ignition,1,0.0,0.0,-302.66,-302.66,-302.66,-302.66,,,False
880882.SH,,ignition,1,0.0,0.0,-2.54,-2.54,-2.54,-2.54,,,False
880883.SH,,ignition,1,0.0,0.0,-194.51,-194.51,-194.51,-194.51,,,False
880884.SH,,ignition,1,0.0,0.0,-213.27,-213.27,-213.27,-213.27,,,False
880885.SH,,ignition,1,0.0,0.0,-33.69,-33.69,-33.69,-33.69,,,False
880886.SH,,ignition,1,0.0,0.0,-152.34,-152.34,-152.34,-152.34,,,False
880892.SH,,ignition,1,0.0,0.0,-279.41,-279.41,-279.41,-279.41,,,False
880894.SH,,ignition,1,0.0,0.0,-232.97,-232.97,-232.97,-232.97,,,False
880896.SH,,ignition,1,0.0,0.0,-76.29,-76.29,-76.29,-76.29,,,False
880897.SH,,ignition,1,0.0,0.0,-236.12,-236.12,-236.12,-236.12,,,False
880898.SH,,ignition,1,0.0,0.0,-164.36,-164.36,-164.36,-164.36,,,False
880899.SH,,ignition,1,0.0,0.0,-547.29,-547.29,-547.29,-547.29,,,False
880901.SH,,ignition,1,0.0,0.0,-158.0,-158.0,-158.0,-158.0,,,False
880902.SH,,ignition,1,0.0,0.0,-119.6,-119.6,-119.6,-119.6,,,False
880904.SH,,ignition,1,0.0,0.0,-57.03,-57.03,-57.03,-57.03,,,False
880905.SH,,ignition,1,0.0,0.0,-217.93,-217.93,-217.93,-217.93,,,False
880908.SH,,ignition,1,0.0,0.0,-9.74,-9.74,-9.74,-9.74,,,False
880909.SH,,ignition,1,0.0,0.0,-129.72,-129.72,-129.72,-129.72,,,False
880910.SH,,ignition,1,0.0,0.0,-146.22,-146.22,-146.22,-146.22,,,False
880911.SH,,ignition,1,0.0,0.0,-4.99,-4.99,-4.99,-4.99,,,False
880914.SH,,ignition,1,0.0,0.0,-228.91,-228.91,-228.91,-228.91,,,False
880916.SH,,ignition,1,0.0,0.0,-49.69,-49.69,-49.69,-49.69,,,False
880919.SH,,ignition,1,0.0,0.0,-45.04,-45.04,-45.04,-45.04,,,False
880921.SH,,ignition,1,0.0,0.0,-106.59,-106.59,-106.59,-106.59,,,False
880922.SH,,ignition,1,0.0,0.0,-207.82,-207.82,-207.82,-207.82,,,False
880930.SH,,ignition,1,0.0,0.0,-86.54,-86.54,-86.54,-86.54,,,False
880939.SH,,ignition,1,0.0,0.0,-122.32,-122.32,-122.32,-122.32,,,False
880942.SH,,ignition,1,0.0,0.0,-97.49,-97.49,-97.49,-97.49,,,False
880943.SH,,ignition,1,0.0,0.0,-28.84,-28.84,-28.84,-28.84,,,False
880944.SH,,ignition,1,0.0,0.0,-82.36,-82.36,-82.36,-82.36,,,False
880945.SH,,ignition,1,0.0,0.0,-120.44,-120.44,-120.44,-120.44,,,False
880946.SH,,ignition,1,0.0,0.0,-88.7,-88.7,-88.7,-88.7,,,False
880947.SH,,ignition,1,0.0,0.0,-18.4,-18.4,-18.4,-18.4,,,False
880948.SH,,ignition,1,0.0,0.0,-50.21,-50.21,-50.21,-50.21,,,False
880949.SH,,ignition,1,0.0,0.0,-23.99,-23.99,-23.99,-23.99,,,False
880950.SH,,ignition,1,0.0,0.0,-132.11,-132.11,-132.11,-132.11,,,False
880951.SH,,ignition,1,0.0,0.0,-77.06,-77.06,-77.06,-77.06,,,False
880952.SH,,ignition,1,0.0,0.0,-92.17,-92.17,-92.17,-92.17,,,False
880954.SH,,ignition,1,0.0,0.0,-92.44,-92.44,-92.44,-92.44,,,False
880956.SH,,ignition,1,0.0,0.0,-93.4,-93.4,-93.4,-93.4,,,False
880957.SH,,ignition,1,0.0,0.0,-92.71,-92.71,-92.71,-92.71,,,False
880958.SH,,ignition,1,0.0,0.0,-265.83,-265.83,-265.83,-265.83,,,False
880959.SH,,ignition,1,0.0,0.0,-34.98,-34.98,-34.98,-34.98,,,False
880961.SH,,ignition,1,0.0,0.0,-79.72,-79.72,-79.72,-79.72,,,False
880962.SH,,ignition,1,0.0,0.0,-111.38,-111.38,-111.38,-111.38,,,False
880963.SH,,ignition,1,0.0,0.0,-82.79,-82.79,-82.79,-82.79,,,False
880964.SH,,ignition,1,0.0,0.0,-95.42,-95.42,-95.42,-95.42,,,False
880965.SH,,ignition,1,0.0,0.0,-16.6,-16.6,-16.6,-16.6,,,False
880966.SH,,ignition,1,0.0,0.0,-103.73,-103.73,-103.73,-103.73,,,False
880969.SH,,ignition,1,0.0,0.0,-68.09,-68.09,-68.09,-68.09,,,False
880970.SH,,ignition,1,0.0,0.0,-340.86,-340.86,-340.86,-340.86,,,False
880972.SH,,ignition,1,0.0,0.0,-147.49,-147.49,-147.49,-147.49,,,False
880974.SH,,ignition,1,0.0,0.0,-53.32,-53.32,-53.32,-53.32,,,False
880977.SH,,ignition,1,0.0,0.0,-27.4,-27.4,-27.4,-27.4,,,False
880978.SH,,ignition,1,0.0,0.0,-74.75,-74.75,-74.75,-74.75,,,False
881002.SH,,ignition,1,0.0,0.0,-202.7,-202.7,-202.7,-202.7,,,False
881007.SH,,ignition,1,0.0,0.0,-259.42,-259.42,-259.42,-259.42,,,False
881008.SH,,ignition,1,0.0,0.0,-143.64,-143.64,-143.64,-143.64,,,False
881011.SH,,ignition,1,0.0,0.0,-114.11,-114.11,-114.11,-114.11,,,False
881016.SH,,ignition,1,0.0,0.0,-0.36,-0.36,-0.36,-0.36,,,False
881019.SH,,ignition,1,0.0,0.0,-68.55,-68.55,-68.55,-68.55,,,False
881026.SH,,ignition,1,0.0,0.0,-17.61,-17.61,-17.61,-17.61,,,False
881034.SH,,ignition,1,0.0,0.0,-184.34,-184.34,-184.34,-184.34,,,False
881044.SH,,ignition,1,0.0,0.0,-335.77,-335.77,-335.77,-335.77,,,False
881055.SH,,ignition,1,0.0,0.0,-377.39,-377.39,-377.39,-377.39,,,False
881062.SH,,ignition,1,0.0,0.0,-477.42,-477.42,-477.42,-477.42,,,False
881065.SH,,ignition,1,0.0,0.0,-182.8,-182.8,-182.8,-182.8,,,False
881069.SH,,ignition,1,0.0,0.0,-136.69,-136.69,-136.69,-136.69,,,False
881071.SH,,ignition,1,0.0,0.0,-802.17,-802.17,-802.17,-802.17,,,False
881075.SH,,ignition,1,0.0,0.0,-967.53,-967.53,-967.53,-967.53,,,False
881078.SH,,ignition,1,0.0,0.0,-662.63,-662.63,-662.63,-662.63,,,False
881082.SH,,ignition,1,0.0,0.0,-723.94,-723.94,-723.94,-723.94,,,False
881087.SH,,ignition,1,0.0,0.0,-192.64,-192.64,-192.64,-192.64,,,False
881091.SH,,ignition,1,0.0,0.0,-138.05,-138.05,-138.05,-138.05,,,False
881094.SH,,ignition,1,0.0,0.0,-466.67,-466.67,-466.67,-466.67,,,False
881097.SH,,ignition,1,0.0,0.0,-116.48,-116.48,-116.48,-116.48,,,False
881104.SH,,ignition,1,0.0,0.0,-573.19,-573.19,-573.19,-573.19,,,False
881106.SH,,ignition,1,0.0,0.0,-256.43,-256.43,-256.43,-256.43,,,False
881111.SH,,ignition,1,0.0,0.0,-131.49,-131.49,-131.49,-131.49,,,False
881115.SH,,ignition,1,0.0,0.0,-32.0,-32.0,-32.0,-32.0,,,False
881130.SH,,ignition,1,0.0,0.0,-175.14,-175.14,-175.14,-175.14,,,False
881136.SH,,ignition,1,0.0,0.0,-122.67,-122.67,-122.67,-122.67,,,False
881140.SH,,ignition,1,0.0,0.0,-1.79,-1.79,-1.79,-1.79,,,False
881162.SH,,ignition,1,0.0,0.0,-161.51,-161.51,-161.51,-161.51,,,False
881167.SH,,ignition,1,0.0,0.0,-79.02,-79.02,-79.02,-79.02,,,False
881180.SH,,ignition,1,0.0,0.0,-34.69,-34.69,-34.69,-34.69,,,False
881184.SH,,ignition,1,0.0,0.0,-7.2,-7.2,-7.2,-7.2,,,False
881187.SH,,ignition,1,0.0,0.0,-60.97,-60.97,-60.97,-60.97,,,False
881190.SH,,ignition,1,0.0,0.0,-122.01,-122.01,-122.01,-122.01,,,False
881198.SH,,ignition,1,0.0,0.0,-261.03,-261.03,-261.03,-261.03,,,False
881205.SH,,ignition,1,0.0,0.0,-263.27,-263.27,-263.27,-263.27,,,False
881206.SH,,ignition,1,0.0,0.0,-308.89,-308.89,-308.89,-308.89,,,False
881207.SH,,ignition,1,0.0,0.0,-98.97,-98.97,-98.97,-98.97,,,False
881212.SH,,ignition,1,0.0,0.0,-258.14,-258.14,-258.14,-258.14,,,False
881215.SH,,ignition,1,0.0,0.0,-219.9,-219.9,-219.9,-219.9,,,False
881218.SH,,ignition,1,0.0,0.0,-117.95,-117.95,-117.95,-117.95,,,False
881261.SH,,ignition,1,0.0,0.0,-125.94,-125.94,-125.94,-125.94,,,False
881262.SH,,ignition,1,0.0,0.0,-391.11,-391.11,-391.11,-391.11,,,False
881268.SH,,ignition,1,0.0,0.0,-314.96,-314.96,-314.96,-314.96,,,False
881275.SH,,ignition,1,0.0,0.0,-459.05,-459.05,-459.05,-459.05,,,False
881282.SH,,ignition,1,0.0,0.0,-272.94,-272.94,-272.94,-272.94,,,False
881285.SH,,ignition,1,0.0,0.0,-516.15,-516.15,-516.15,-516.15,,,False
881287.SH,,ignition,1,0.0,0.0,-135.45,-135.45,-135.45,-135.45,,,False
881288.SH,,ignition,1,0.0,0.0,-231.68,-231.68,-231.68,-231.68,,,False
881289.SH,,ignition,1,0.0,0.0,-532.97,-532.97,-532.97,-532.97,,,False
881290.SH,,ignition,1,0.0,0.0,-330.68,-330.68,-330.68,-330.68,,,False
881291.SH,,ignition,1,0.0,0.0,-285.12,-285.12,-285.12,-285.12,,,False
881293.SH,,ignition,1,0.0,0.0,-150.85,-150.85,-150.85,-150.85,,,False
881294.SH,,ignition,1,0.0,0.0,-202.28,-202.28,-202.28,-202.28,,,False
881303.SH,,ignition,1,0.0,0.0,-128.78,-128.78,-128.78,-128.78,,,False
881310.SH,,ignition,1,0.0,0.0,-304.23,-304.23,-304.23,-304.23,,,False
881313.SH,,ignition,1,0.0,0.0,-155.26,-155.26,-155.26,-155.26,,,False
881319.SH,,ignition,1,0.0,0.0,-112.84,-112.84,-112.84,-112.84,,,False
881326.SH,,ignition,1,0.0,0.0,-326.94,-326.94,-326.94,-326.94,,,False
881329.SH,,ignition,1,0.0,0.0,-99.28,-99.28,-99.28,-99.28,,,False
881333.SH,,ignition,1,0.0,0.0,-648.55,-648.55,-648.55,-648.55,,,False
881336.SH,,ignition,1,0.0,0.0,-171.56,-171.56,-171.56,-171.56,,,False
881338.SH,,ignition,1,0.0,0.0,-269.77,-269.77,-269.77,-269.77,,,False
881344.SH,,ignition,1,0.0,0.0,-178.24,-178.24,-178.24,-178.24,,,False
881347.SH,,ignition,1,0.0,0.0,-291.04,-291.04,-291.04,-291.04,,,False
881352.SH,,ignition,1,0.0,0.0,-265.04,-265.04,-265.04,-265.04,,,False
881355.SH,,ignition,1,0.0,0.0,-103.64,-103.64,-103.64,-103.64,,,False
881359.SH,,ignition,1,0.0,0.0,-404.44,-404.44,-404.44,-404.44,,,False
881364.SH,,ignition,1,0.0,0.0,-303.96,-303.96,-303.96,-303.96,,,False
881369.SH,,ignition,1,0.0,0.0,-289.25,-289.25,-289.25,-289.25,,,False
881370.SH,,ignition,1,0.0,0.0,-397.71,-397.71,-397.71,-397.71,,,False
881376.SH,,ignition,1,0.0,0.0,-194.53,-194.53,-194.53,-194.53,,,False
881380.SH,,ignition,1,0.0,0.0,-70.97,-70.97,-70.97,-70.97,,,False
881384.SH,,ignition,1,0.0,0.0,-44.34,-44.34,-44.34,-44.34,,,False
881395.SH,,ignition,1,0.0,0.0,-183.92,-183.92,-183.92,-183.92,,,False
881396.SH,,ignition,1,0.0,0.0,-81.05,-81.05,-81.05,-81.05,,,False
881406.SH,,ignition,1,0.0,0.0,-140.6,-140.6,-140.6,-140.6,,,False
881407.SH,,ignition,1,0.0,0.0,-165.42,-165.42,-165.42,-165.42,,,False
881410.SH,,ignition,1,0.0,0.0,-261.79,-261.79,-261.79,-261.79,,,False
881416.SH,,ignition,1,0.0,0.0,-7.74,-7.74,-7.74,-7.74,,,False
881418.SH,,ignition,1,0.0,0.0,-51.71,-51.71,-51.71,-51.71,,,False
881427.SH,,ignition,1,0.0,0.0,-118.15,-118.15,-118.15,-118.15,,,False
881428.SH,,ignition,1,0.0,0.0,-51.27,-51.27,-51.27,-51.27,,,False
881436.SH,,ignition,1,0.0,0.0,-147.27,-147.27,-147.27,-147.27,,,False
881446.SH,,ignition,1,0.0,0.0,-146.9,-146.9,-146.9,-146.9,,,False
881459.SH,,ignition,1,0.0,0.0,-72.88,-72.88,-72.88,-72.88,,,False
881470.SH,,ignition,1,0.0,0.0,-227.33,-227.33,-227.33,-227.33,,,False
881471.SH,,ignition,1,0.0,0.0,-16.22,-16.22,-16.22,-16.22,,,False
881478.SH,,ignition,1,0.0,0.0,-139.63,-139.63,-139.63,-139.63,,,False
