trade_date,emotion_index,band5,band3_emotion,ok_n,emotion_source,formula_version,t1_dominant,t1_vol_pct,t1_vol_bucket3,t1_six_phase,t1_six_routed,t1_amp_bp,t1_amp_bucket3,macro_gate_allow,emotion_gate_allow,dual_gate_allow,closed_book_ok
2019-04-01,0.7908,warming,high,2,replay,v0.1.0,r4,0.848,H,,0,365.29,A3,1,,0,1
2019-04-02,0.5982,mild,mid,2,replay,v0.1.0,r4,0.852,H,,0,209.53,A3,1,,0,1
2019-04-03,0.722,warming,high,2,replay,v0.1.0,r4,0.848,H,,0,79.25,A1,1,,0,1
2019-04-04,0.6316,warming,mid,2,replay,v0.1.0,r4,0.852,H,,0,219.66,A3,1,,0,1
2019-04-08,0.538,mild,mid,2,replay,v0.1.0,r4,0.84,H,,0,124.76,A2,1,,0,1
2019-04-09,0.651,warming,mid,2,replay,v0.1.0,r1,0.668,M,ignition,1,256.55,A3,0,1,0,1
2019-04-10,0.5766,mild,mid,2,replay,v0.1.0,r1,0.632,M,,0,113.1,A1,0,,0,1
2019-04-11,0.3588,cooling,low,2,replay,v0.1.0,r1,0.624,M,,0,196.7,A3,0,,0,1
2019-04-12,0.5564,mild,mid,2,replay,v0.1.0,r1,0.716,H,,0,261.76,A3,1,,0,1
2019-04-15,0.4634,mild,mid,2,replay,v0.1.0,r1,0.7,M,,0,114.05,A1,0,,0,1
2019-04-16,0.7636,warming,high,2,replay,v0.1.0,r1,0.696,M,,0,274.03,A3,0,,0,1
2019-04-17,0.6322,warming,mid,2,replay,v0.1.0,r1,0.692,M,,0,359.52,A3,0,,0,1
2019-04-18,0.478,mild,mid,2,replay,v0.1.0,r1,0.684,M,,0,120.37,A2,0,,0,1
2019-04-19,0.6886,warming,mid,2,replay,v0.1.0,r1,0.688,M,,0,92.56,A1,0,,0,1
2019-04-22,0.3892,cooling,low,2,replay,v0.1.0,r1,0.696,M,,0,182.62,A2,0,,0,1
2019-04-23,0.452,mild,mid,2,replay,v0.1.0,r1,0.78,H,,0,268.08,A3,1,,0,1
2019-04-24,0.6628,warming,mid,2,replay,v0.1.0,r1,0.684,M,distribution,1,138.77,A2,0,0,0,1
2019-04-25,0.3136,cooling,low,2,replay,v0.1.0,r1,0.616,M,,0,189.73,A3,0,,0,1
2019-04-26,0.412,mild,mid,2,replay,v0.1.0,r1,0.748,H,distribution,1,209.86,A3,1,0,0,1
2019-04-29,0.4518,mild,mid,2,replay,v0.1.0,r1,0.764,H,distribution,1,144.27,A2,1,0,0,1
2019-04-30,0.667,warming,mid,2,replay,v0.1.0,r2,0.516,M,distribution,1,199.61,A3,0,0,0,1
2019-05-06,0.2946,cooling,low,2,replay,v0.1.0,r2,0.372,M,distribution,1,97.65,A1,0,0,0,1
2019-05-07,0.701,warming,high,2,replay,v0.1.0,r4,0.848,H,distribution,1,382.69,A3,1,0,0,1
2019-05-08,0.4574,mild,mid,2,replay,v0.1.0,r4,0.836,H,capitulation,1,179.21,A2,1,0,0,1
2019-05-09,0.4004,mild,mid,2,replay,v0.1.0,r4,0.828,H,capitulation,1,220.44,A3,1,0,0,1
2019-05-10,0.78,warming,high,2,replay,v0.1.0,r4,0.844,H,capitulation,1,198.17,A3,1,0,0,1
2019-05-13,0.4218,mild,mid,2,replay,v0.1.0,r4,0.924,H,capitulation,1,394.26,A3,1,0,0,1
2019-05-14,0.4278,mild,mid,2,replay,v0.1.0,r4,0.928,H,capitulation,1,122.15,A2,1,0,0,1
2019-05-15,0.759,warming,high,2,replay,v0.1.0,r4,0.916,H,capitulation,1,145.49,A2,1,0,0,1
2019-05-16,0.6532,warming,mid,2,replay,v0.1.0,r4,0.948,H,capitulation,1,179.73,A2,1,0,0,1
2019-05-17,0.3082,cooling,low,2,replay,v0.1.0,r4,0.948,H,capitulation,1,100.11,A1,1,0,0,1
2019-05-20,0.4964,mild,mid,2,replay,v0.1.0,r4,0.912,H,capitulation,1,287.81,A3,1,0,0,1
2019-05-21,0.7314,warming,high,2,replay,v0.1.0,r4,0.904,H,capitulation,1,166.87,A2,1,0,0,1
2019-05-22,0.4564,mild,mid,2,replay,v0.1.0,r4,0.936,H,capitulation,1,219.4,A3,1,0,0,1
2019-05-23,0.3246,cooling,low,2,replay,v0.1.0,r4,0.908,H,capitulation,1,121.53,A2,1,0,0,1
2019-05-24,0.528,mild,mid,2,replay,v0.1.0,r4,0.892,H,capitulation,1,147.02,A2,1,0,0,1
2019-05-27,0.736,warming,high,2,replay,v0.1.0,r4,0.892,H,capitulation,1,118.83,A2,1,0,0,1
2019-05-28,0.5874,mild,mid,2,replay,v0.1.0,r4,0.928,H,capitulation,1,255.44,A3,1,0,0,1
2019-05-29,0.56,mild,mid,2,replay,v0.1.0,r4,0.904,H,capitulation,1,152.6,A2,1,0,0,1
2019-05-30,0.4572,mild,mid,2,replay,v0.1.0,r4,0.884,H,capitulation,1,153.41,A2,1,0,0,1
2019-05-31,0.5208,mild,mid,2,replay,v0.1.0,r4,0.876,H,capitulation,1,105.1,A1,1,0,0,1
2019-06-03,0.4788,mild,mid,2,replay,v0.1.0,r4,0.868,H,capitulation,1,111.59,A1,1,0,0,1
2019-06-04,0.3834,cooling,low,2,replay,v0.1.0,r2,0.584,M,capitulation,1,163.93,A2,0,0,0,1
2019-06-05,0.5654,mild,mid,2,replay,v0.1.0,r2,0.56,M,distribution,1,142.24,A2,0,0,0,1
2019-06-06,0.3534,cooling,low,2,replay,v0.1.0,r2,0.5,M,distribution,1,111.64,A1,0,0,0,1
2019-06-10,0.6982,warming,mid,2,replay,v0.1.0,r2,0.46,M,distribution,1,122.24,A2,0,0,0,1
2019-06-11,0.7948,warming,high,2,replay,v0.1.0,r3,0.216,L,distribution,1,154.97,A2,1,0,0,1
2019-06-12,0.4526,mild,mid,2,replay,v0.1.0,r2,0.368,M,accumulation,1,291.97,A3,0,0,0,1
2019-06-13,0.6104,warming,mid,2,replay,v0.1.0,r2,0.372,M,accumulation,1,75.37,A1,0,0,0,1
2019-06-14,0.3604,cooling,low,2,replay,v0.1.0,r3,0.244,L,accumulation,1,117.41,A2,1,0,0,1
2019-06-17,0.5682,mild,mid,2,replay,v0.1.0,r3,0.252,L,distribution,1,159.17,A2,1,0,0,1
2019-06-18,0.5486,mild,mid,2,replay,v0.1.0,r3,0.14,L,distribution,1,104.72,A1,1,0,0,1
2019-06-19,0.7424,warming,high,2,replay,v0.1.0,r3,0.136,L,distribution,1,100.71,A1,1,0,0,1
2019-06-20,0.7752,warming,high,2,replay,v0.1.0,r3,0.132,L,,0,149.47,A2,1,,0,1
2019-06-21,0.7004,warming,high,2,replay,v0.1.0,r3,0.268,L,,0,345.8,A3,1,,0,1
2019-06-24,0.5526,mild,mid,2,replay,v0.1.0,r3,0.168,L,,0,101.18,A1,1,,0,1
2019-06-25,0.4188,mild,mid,2,replay,v0.1.0,r3,0.168,L,,0,88.05,A1,1,,0,1
2019-06-26,0.5346,mild,mid,2,replay,v0.1.0,r3,0.184,L,,0,216.42,A3,1,,0,1
2019-06-27,0.6658,warming,mid,2,replay,v0.1.0,r3,0.176,L,,0,100.65,A1,1,,0,1
2019-06-28,0.4114,mild,mid,2,replay,v0.1.0,r3,0.184,L,,0,126.72,A2,1,,0,1
2019-07-01,0.804,boiling,high,2,replay,v0.1.0,r3,0.18,L,,0,83.98,A1,1,,0,1
2019-07-02,0.5756,mild,mid,2,replay,v0.1.0,r2,0.328,L,accumulation,1,127.61,A2,0,0,0,1
2019-07-03,0.407,mild,mid,2,replay,v0.1.0,r2,0.328,L,accumulation,1,59.76,A1,0,0,0,1
2019-07-04,0.477,mild,mid,2,replay,v0.1.0,r2,0.34,M,accumulation,1,123.74,A2,0,0,0,1
2019-07-05,0.6144,warming,mid,2,replay,v0.1.0,r2,0.348,M,accumulation,1,134.01,A2,0,0,0,1
2019-07-08,0.318,cooling,low,2,replay,v0.1.0,r2,0.304,L,accumulation,1,109.36,A1,0,0,0,1
2019-07-09,0.5592,mild,mid,2,replay,v0.1.0,r2,0.444,M,accumulation,1,259.87,A3,0,0,0,1
2019-07-10,0.4508,mild,mid,2,replay,v0.1.0,r3,0.284,L,accumulation,1,95.68,A1,1,0,0,1
2019-07-11,0.5442,mild,mid,2,replay,v0.1.0,r3,0.264,L,accumulation,1,94.99,A1,1,0,0,1
2019-07-12,0.6188,warming,mid,2,replay,v0.1.0,r3,0.264,L,accumulation,1,148.0,A2,1,0,0,1
2019-07-15,0.668,warming,mid,2,replay,v0.1.0,r3,0.232,L,accumulation,1,120.85,A2,1,0,0,1
2019-07-16,0.5372,mild,mid,2,replay,v0.1.0,r3,0.232,L,accumulation,1,261.06,A3,1,0,0,1
2019-07-17,0.5164,mild,mid,2,replay,v0.1.0,r3,0.252,L,accumulation,1,74.52,A1,1,0,0,1
2019-07-18,0.3462,cooling,low,2,replay,v0.1.0,r3,0.22,L,accumulation,1,85.18,A1,1,0,0,1
2019-07-19,0.6578,warming,mid,2,replay,v0.1.0,r3,0.056,L,accumulation,1,66.94,A1,1,0,0,1
2019-07-22,0.3572,cooling,low,2,replay,v0.1.0,r3,0.108,L,accumulation,1,107.3,A1,1,0,0,1
2019-07-23,0.6578,warming,mid,2,replay,v0.1.0,r3,0.116,L,accumulation,1,134.0,A2,1,0,0,1
2019-07-24,0.7024,warming,high,2,replay,v0.1.0,r3,0.068,L,accumulation,1,63.96,A1,1,0,0,1
2019-07-25,0.6144,warming,mid,2,replay,v0.1.0,r3,0.112,L,expansion,1,95.94,A1,1,1,1,1
2019-07-26,0.5588,mild,mid,2,replay,v0.1.0,r3,0.092,L,expansion,1,99.75,A1,1,1,1,1
2019-07-29,0.498,mild,mid,2,replay,v0.1.0,r3,0.08,L,expansion,1,81.01,A1,1,1,1,1
2019-07-30,0.6428,warming,mid,2,replay,v0.1.0,r3,0.004,L,expansion,1,52.67,A1,1,1,1,1
2019-07-31,0.4086,mild,mid,2,replay,v0.1.0,r3,0.008,L,expansion,1,75.51,A1,1,1,1,1
2019-08-01,0.4402,mild,mid,2,replay,v0.1.0,r3,0.004,L,expansion,1,69.13,A1,1,1,1,1
2019-08-02,0.3724,cooling,low,2,replay,v0.1.0,r3,0.012,L,expansion,1,103.97,A1,1,1,1,1
2019-08-05,0.3692,cooling,low,2,replay,v0.1.0,r3,0.02,L,expansion,1,92.43,A1,1,1,1,1
2019-08-06,0.401,mild,mid,2,replay,v0.1.0,r3,0.008,L,expansion,1,171.33,A2,1,1,1,1
2019-08-07,0.4758,mild,mid,2,replay,v0.1.0,r3,0.024,L,expansion,1,205.15,A3,1,1,1,1
2019-08-08,0.6866,warming,mid,2,replay,v0.1.0,r3,0.028,L,accumulation,1,103.02,A1,1,0,0,1
2019-08-09,0.3792,cooling,low,2,replay,v0.1.0,r3,0.04,L,accumulation,1,78.11,A1,1,0,0,1
2019-08-12,0.7376,warming,high,2,replay,v0.1.0,r3,0.04,L,accumulation,1,165.62,A2,1,0,0,1
2019-08-13,0.4056,mild,mid,2,replay,v0.1.0,r3,0.08,L,accumulation,1,152.91,A2,1,0,0,1
2019-08-14,0.6628,warming,mid,2,replay,v0.1.0,r3,0.088,L,accumulation,1,77.32,A1,1,0,0,1
2019-08-15,0.5936,mild,mid,2,replay,v0.1.0,r3,0.1,L,accumulation,1,99.54,A1,1,0,0,1
2019-08-16,0.6428,warming,mid,2,replay,v0.1.0,r3,0.088,L,accumulation,1,227.17,A3,1,0,0,1
2019-08-19,0.8258,boiling,high,2,replay,v0.1.0,r3,0.072,L,accumulation,1,137.97,A2,1,0,0,1
2019-08-20,0.598,mild,mid,2,replay,v0.1.0,r3,0.204,L,expansion,1,188.44,A3,1,1,1,1
2019-08-21,0.5626,mild,mid,2,replay,v0.1.0,r3,0.204,L,expansion,1,55.92,A1,1,1,1,1
2019-08-22,0.6328,warming,mid,2,replay,v0.1.0,r3,0.196,L,accumulation,1,45.39,A1,1,0,0,1
2019-08-23,0.5836,mild,mid,2,replay,v0.1.0,r3,0.188,L,accumulation,1,68.87,A1,1,0,0,1
2019-08-26,0.4234,mild,mid,2,replay,v0.1.0,r3,0.2,L,accumulation,1,108.85,A1,1,0,0,1
2019-08-27,0.8048,boiling,high,2,replay,v0.1.0,r3,0.24,L,accumulation,1,68.44,A1,1,0,0,1
2019-08-28,0.5672,mild,mid,2,replay,v0.1.0,r3,0.272,L,accumulation,1,151.31,A2,1,0,0,1
2019-08-29,0.528,mild,mid,2,replay,v0.1.0,r3,0.26,L,accumulation,1,84.97,A1,1,0,0,1
2019-08-30,0.5164,mild,mid,2,replay,v0.1.0,r3,0.252,L,accumulation,1,89.87,A1,1,0,0,1
2019-09-02,0.808,boiling,high,2,replay,v0.1.0,r3,0.212,L,accumulation,1,131.13,A2,1,0,0,1
2019-09-03,0.6702,warming,mid,2,replay,v0.1.0,r3,0.092,L,accumulation,1,147.12,A2,1,0,0,1
2019-09-04,0.7466,warming,high,2,replay,v0.1.0,r3,0.064,L,accumulation,1,59.49,A1,1,0,0,1
2019-09-05,0.7892,warming,high,2,replay,v0.1.0,r3,0.06,L,expansion,1,102.84,A1,1,1,1,1
2019-09-06,0.6984,warming,mid,2,replay,v0.1.0,r3,0.056,L,expansion,1,155.5,A2,1,1,1,1
2019-09-09,0.8018,boiling,high,2,replay,v0.1.0,r3,0.036,L,expansion,1,66.38,A1,1,1,1,1
2019-09-10,0.619,warming,mid,2,replay,v0.1.0,r3,0.024,L,euphoria,1,76.26,A1,1,1,1,1
2019-09-11,0.5082,mild,mid,2,replay,v0.1.0,r3,0.004,L,euphoria,1,96.01,A1,1,1,1,1
2019-09-12,0.741,warming,high,2,replay,v0.1.0,r3,0.032,L,expansion,1,121.6,A2,1,1,1,1
2019-09-16,0.6074,warming,mid,2,replay,v0.1.0,r3,0.044,L,expansion,1,107.71,A1,1,1,1,1
2019-09-17,0.3962,cooling,low,2,replay,v0.1.0,r3,0.052,L,expansion,1,97.53,A1,1,1,1,1
2019-09-18,0.6322,warming,mid,2,replay,v0.1.0,r3,0.052,L,expansion,1,171.44,A2,1,1,1,1
2019-09-19,0.7144,warming,high,2,replay,v0.1.0,r3,0.06,L,expansion,1,52.88,A1,1,1,1,1
2019-09-20,0.6164,warming,mid,2,replay,v0.1.0,r3,0.052,L,expansion,1,69.6,A1,1,1,1,1
2019-09-23,0.443,mild,mid,2,replay,v0.1.0,r3,0.052,L,expansion,1,52.91,A1,1,1,1,1
2019-09-24,0.633,warming,mid,2,replay,v0.1.0,r3,0.076,L,expansion,1,145.16,A2,1,1,1,1
2019-09-25,0.4348,mild,mid,2,replay,v0.1.0,r3,0.028,L,expansion,1,104.91,A1,1,1,1,1
2019-09-26,0.4278,mild,mid,2,replay,v0.1.0,r3,0.008,L,expansion,1,58.16,A1,1,1,1,1
2019-09-27,0.6614,warming,mid,2,replay,v0.1.0,r3,0.032,L,distribution,1,130.0,A2,1,0,0,1
2019-09-30,0.3772,cooling,low,2,replay,v0.1.0,r3,0.024,L,expansion,1,70.9,A1,1,1,1,1
2019-10-08,0.6018,warming,mid,2,replay,v0.1.0,,,,,0,,,,,0,1
2019-10-09,0.6486,warming,mid,2,replay,v0.1.0,r3,0.016,L,distribution,1,112.74,A1,1,0,0,1
2019-10-10,0.7232,warming,high,2,replay,v0.1.0,r3,0.02,L,expansion,1,105.35,A1,1,1,1,1
2019-10-11,0.6516,warming,mid,2,replay,v0.1.0,r3,0.016,L,expansion,1,124.29,A2,1,1,1,1
2019-10-14,0.7854,warming,high,2,replay,v0.1.0,r3,0.012,L,expansion,1,137.77,A2,1,1,1,1
2019-10-15,0.4618,mild,mid,2,replay,v0.1.0,r3,0.064,L,expansion,1,124.42,A2,1,1,1,1
2019-10-16,0.4662,mild,mid,2,replay,v0.1.0,r3,0.056,L,distribution,1,63.27,A1,1,0,0,1
2019-10-17,0.504,mild,mid,2,replay,v0.1.0,r3,0.06,L,distribution,1,114.31,A1,1,0,0,1
2019-10-18,0.3804,cooling,low,2,replay,v0.1.0,r3,0.016,L,distribution,1,55.71,A1,1,0,0,1
2019-10-21,0.543,mild,mid,2,replay,v0.1.0,r3,0.068,L,distribution,1,192.03,A3,1,0,0,1
2019-10-22,0.6622,warming,mid,2,replay,v0.1.0,r3,0.076,L,distribution,1,74.25,A1,1,0,0,1
2019-10-23,0.424,mild,mid,2,replay,v0.1.0,r3,0.004,L,distribution,1,69.01,A1,1,0,0,1
2019-10-24,0.5378,mild,mid,2,replay,v0.1.0,r3,0.008,L,distribution,1,100.75,A1,1,0,0,1
2019-10-25,0.6806,warming,mid,2,replay,v0.1.0,r3,0.004,L,distribution,1,97.01,A1,1,0,0,1
2019-10-28,0.7724,warming,high,2,replay,v0.1.0,r3,0.016,L,expansion,1,130.92,A2,1,1,1,1
2019-10-29,0.4704,mild,mid,2,replay,v0.1.0,r3,0.004,L,expansion,1,76.77,A1,1,1,1,1
2019-10-30,0.4632,mild,mid,2,replay,v0.1.0,r3,0.008,L,expansion,1,56.34,A1,1,1,1,1
2019-10-31,0.4918,mild,mid,2,replay,v0.1.0,r3,0.004,L,expansion,1,63.13,A1,1,1,1,1
2019-11-01,0.7566,warming,high,2,replay,v0.1.0,r3,0.004,L,distribution,1,72.36,A1,1,0,0,1
2019-11-04,0.6526,warming,mid,2,replay,v0.1.0,r3,0.036,L,expansion,1,205.11,A3,1,1,1,1
2019-11-05,0.6604,warming,mid,2,replay,v0.1.0,r3,0.028,L,expansion,1,53.86,A1,1,1,1,1
2019-11-06,0.46,mild,mid,2,replay,v0.1.0,r3,0.032,L,expansion,1,150.1,A2,1,1,1,1
2019-11-07,0.63,warming,mid,2,replay,v0.1.0,r3,0.044,L,expansion,1,84.17,A1,1,1,1,1
2019-11-08,0.494,mild,mid,2,replay,v0.1.0,r3,0.032,L,expansion,1,74.86,A1,1,1,1,1
2019-11-11,0.3494,cooling,low,2,replay,v0.1.0,r3,0.016,L,expansion,1,125.62,A2,1,1,1,1
2019-11-12,0.588,mild,mid,2,replay,v0.1.0,r3,0.068,L,distribution,1,129.34,A2,1,0,0,1
2019-11-13,0.475,mild,mid,2,replay,v0.1.0,r3,0.064,L,distribution,1,95.09,A1,1,0,0,1
2019-11-14,0.6278,warming,mid,2,replay,v0.1.0,r3,0.064,L,distribution,1,66.55,A1,1,0,0,1
2019-11-15,0.4012,mild,mid,2,replay,v0.1.0,r3,0.068,L,distribution,1,55.84,A1,1,0,0,1
2019-11-18,0.6772,warming,mid,2,replay,v0.1.0,r3,0.044,L,distribution,1,97.28,A1,1,0,0,1
2019-11-19,0.7698,warming,high,2,replay,v0.1.0,r3,0.06,L,distribution,1,115.58,A1,1,0,0,1
2019-11-20,0.4354,mild,mid,2,replay,v0.1.0,r3,0.068,L,expansion,1,114.39,A1,1,1,1,1
2019-11-21,0.4946,mild,mid,2,replay,v0.1.0,r3,0.128,L,expansion,1,104.67,A1,1,1,1,1
2019-11-22,0.4742,mild,mid,2,replay,v0.1.0,r3,0.148,L,distribution,1,66.4,A1,1,0,0,1
2019-11-25,0.6502,warming,mid,2,replay,v0.1.0,r3,0.192,L,distribution,1,219.15,A3,1,0,0,1
2019-11-26,0.5658,mild,mid,2,replay,v0.1.0,r3,0.188,L,distribution,1,100.83,A1,1,0,0,1
2019-11-27,0.4702,mild,mid,2,replay,v0.1.0,r3,0.192,L,distribution,1,75.82,A1,1,0,0,1
2019-11-28,0.4422,mild,mid,2,replay,v0.1.0,r3,0.184,L,distribution,1,70.25,A1,1,0,0,1
2019-11-29,0.502,mild,mid,2,replay,v0.1.0,r3,0.204,L,distribution,1,92.01,A1,1,0,0,1
2019-12-02,0.5542,mild,mid,2,replay,v0.1.0,r3,0.052,L,distribution,1,147.34,A2,1,0,0,1
2019-12-03,0.6404,warming,mid,2,replay,v0.1.0,r3,0.02,L,distribution,1,66.33,A1,1,0,0,1
2019-12-04,0.546,mild,mid,2,replay,v0.1.0,r3,0.012,L,distribution,1,103.13,A1,1,0,0,1
2019-12-05,0.7496,warming,high,2,replay,v0.1.0,r3,0.008,L,distribution,1,57.06,A1,1,0,0,1
2019-12-06,0.6862,warming,mid,2,replay,v0.1.0,r3,0.064,L,expansion,1,61.03,A1,1,1,1,1
2019-12-09,0.6196,warming,mid,2,replay,v0.1.0,r3,0.076,L,expansion,1,60.98,A1,1,1,1,1
2019-12-10,0.6614,warming,mid,2,replay,v0.1.0,r3,0.004,L,expansion,1,68.35,A1,1,1,1,1
2019-12-11,0.578,mild,mid,2,replay,v0.1.0,r3,0.008,L,expansion,1,48.55,A1,1,1,1,1
2019-12-12,0.5242,mild,mid,2,replay,v0.1.0,r3,0.008,L,expansion,1,48.76,A1,1,1,1,1
2019-12-13,0.8666,boiling,high,2,replay,v0.1.0,r3,0.016,L,expansion,1,57.13,A1,1,1,1,1
2019-12-16,0.8416,boiling,high,2,replay,v0.1.0,r3,0.104,L,expansion,1,112.47,A1,1,1,1,1
2019-12-17,0.8892,boiling,high,2,replay,v0.1.0,r3,0.088,L,expansion,1,85.83,A1,1,1,1,1
2019-12-18,0.6532,warming,mid,2,replay,v0.1.0,r3,0.112,L,expansion,1,207.19,A3,1,1,1,1
2019-12-19,0.7346,warming,high,2,replay,v0.1.0,r3,0.052,L,expansion,1,79.96,A1,1,1,1,1
2019-12-20,0.5508,mild,mid,2,replay,v0.1.0,r3,0.036,L,expansion,1,58.59,A1,1,1,1,1
2019-12-23,0.4468,mild,mid,2,replay,v0.1.0,r3,0.02,L,expansion,1,78.87,A1,1,1,1,1
2019-12-24,0.7746,warming,high,2,replay,v0.1.0,r3,0.072,L,expansion,1,168.85,A2,1,1,1,1
2019-12-25,0.638,warming,mid,2,replay,v0.1.0,r3,0.1,L,expansion,1,77.65,A1,1,1,1,1
2019-12-26,0.7918,warming,high,2,replay,v0.1.0,r3,0.068,L,expansion,1,60.67,A1,1,1,1,1
2019-12-27,0.6048,warming,mid,2,replay,v0.1.0,r3,0.104,L,expansion,1,81.25,A1,1,1,1,1
2019-12-30,0.822,boiling,high,2,replay,v0.1.0,r3,0.028,L,expansion,1,116.85,A2,1,1,1,1
2019-12-31,0.74,warming,high,2,replay,v0.1.0,r3,0.132,L,expansion,1,204.68,A3,1,1,1,1
2020-01-02,0.9162,boiling,high,2,replay,v0.1.0,r3,0.132,L,expansion,1,71.44,A1,1,1,1,1
2020-01-03,0.7176,warming,high,2,replay,v0.1.0,r3,0.16,L,,0,124.5,A2,1,,0,1
2020-01-06,0.7164,warming,high,2,replay,v0.1.0,r3,0.172,L,,0,77.96,A1,1,,0,1
2020-01-07,0.8564,boiling,high,2,replay,v0.1.0,r3,0.208,L,,0,165.66,A2,1,,0,1
2020-01-08,0.5288,mild,mid,2,replay,v0.1.0,r3,0.2,L,,0,63.2,A1,1,,0,1
2020-01-09,0.8892,boiling,high,2,replay,v0.1.0,r2,0.352,M,,0,115.54,A1,0,,0,1
2020-01-10,0.6338,warming,mid,2,replay,v0.1.0,r2,0.36,M,,0,53.24,A1,0,,0,1
2020-01-13,0.8442,boiling,high,2,replay,v0.1.0,r2,0.36,M,,0,77.8,A1,0,,0,1
2020-01-14,0.6362,warming,mid,2,replay,v0.1.0,r3,0.244,L,,0,132.93,A2,1,,0,1
2020-01-15,0.5652,mild,mid,2,replay,v0.1.0,r3,0.288,L,,0,84.05,A1,1,,0,1
2020-01-16,0.5704,mild,mid,2,replay,v0.1.0,r3,0.192,L,,0,102.68,A1,1,,0,1
2020-01-17,0.6316,warming,mid,2,replay,v0.1.0,r3,0.236,L,,0,79.31,A1,1,,0,1
2020-01-20,0.8208,boiling,high,2,replay,v0.1.0,r3,0.22,L,,0,85.0,A1,1,,0,1
2020-01-21,0.5088,mild,mid,2,replay,v0.1.0,r3,0.248,L,,0,87.44,A1,1,,0,1
2020-01-22,0.7336,warming,high,2,replay,v0.1.0,r2,0.356,M,,0,124.11,A2,0,,0,1
2020-01-23,0.4846,mild,mid,2,replay,v0.1.0,r2,0.352,M,,0,231.3,A3,0,,0,1
2020-02-03,0.3952,cooling,low,2,replay,v0.1.0,,,,,0,,,,,0,1
2020-02-04,0.7988,warming,high,2,replay,v0.1.0,r4,1.0,H,,0,253.44,A3,1,,0,1
2020-02-05,0.9254,boiling,high,2,replay,v0.1.0,r4,1.0,H,capitulation,1,369.28,A3,1,0,0,1
2020-02-06,0.9488,boiling,high,2,replay,v0.1.0,r4,0.996,H,capitulation,1,222.04,A3,1,0,0,1
2020-02-07,0.7856,warming,high,2,replay,v0.1.0,r4,1.0,H,capitulation,1,281.02,A3,1,0,0,1
2020-02-10,0.8474,boiling,high,2,replay,v0.1.0,r4,0.996,H,capitulation,1,129.32,A2,1,0,0,1
2020-02-11,0.7304,warming,high,2,replay,v0.1.0,r4,0.996,H,capitulation,1,152.77,A2,1,0,0,1
2020-02-12,0.8732,boiling,high,2,replay,v0.1.0,r4,0.996,H,capitulation,1,139.59,A2,1,0,0,1
2020-02-13,0.5738,mild,mid,2,replay,v0.1.0,r4,0.996,H,capitulation,1,110.91,A1,1,0,0,1
2020-02-14,0.7548,warming,high,2,replay,v0.1.0,r4,0.988,H,capitulation,1,123.96,A2,1,0,0,1
2020-02-17,0.971,boiling,high,2,replay,v0.1.0,r4,0.976,H,capitulation,1,120.23,A2,1,0,0,1
2020-02-18,0.7676,warming,high,2,replay,v0.1.0,r4,1.0,H,capitulation,1,194.52,A3,1,0,0,1
2020-02-19,0.6636,warming,mid,2,replay,v0.1.0,r4,0.996,H,capitulation,1,119.42,A2,1,0,0,1
2020-02-20,0.9454,boiling,high,2,replay,v0.1.0,r4,0.992,H,capitulation,1,104.5,A1,1,0,0,1
2020-02-21,0.8034,boiling,high,2,replay,v0.1.0,r4,1.0,H,capitulation,1,228.21,A3,1,0,0,1
2020-02-24,0.7492,warming,high,2,replay,v0.1.0,r4,0.996,H,capitulation,1,131.25,A2,1,0,0,1
2020-02-25,0.6624,warming,mid,2,replay,v0.1.0,r4,0.996,H,capitulation,1,125.44,A2,1,0,0,1
2020-02-26,0.6214,warming,mid,2,replay,v0.1.0,r4,0.988,H,capitulation,1,260.19,A3,1,0,0,1
2020-02-27,0.7744,warming,high,2,replay,v0.1.0,r4,0.984,H,capitulation,1,176.04,A2,1,0,0,1
2020-02-28,0.501,mild,mid,2,replay,v0.1.0,r4,0.98,H,capitulation,1,105.51,A1,1,0,0,1
2020-03-02,0.9702,boiling,high,2,replay,v0.1.0,r4,1.0,H,capitulation,1,258.43,A3,1,0,0,1
2020-03-03,0.8612,boiling,high,2,replay,v0.1.0,r1,0.708,H,capitulation,1,311.68,A3,1,0,0,1
2020-03-04,0.8342,boiling,high,2,replay,v0.1.0,r1,0.656,M,,0,193.3,A3,0,,0,1
2020-03-05,0.933,boiling,high,2,replay,v0.1.0,r1,0.644,M,,0,133.7,A2,0,,0,1
2020-03-06,0.6098,warming,mid,2,replay,v0.1.0,r1,0.664,M,,0,213.99,A3,0,,0,1
2020-03-09,0.5182,mild,mid,2,replay,v0.1.0,r1,0.712,H,,0,110.43,A1,1,,0,1
2020-03-10,0.9332,boiling,high,2,replay,v0.1.0,r1,0.78,H,,0,167.24,A2,1,,0,1
2020-03-11,0.569,mild,mid,2,replay,v0.1.0,r1,0.784,H,,0,347.78,A3,1,,0,1
2020-03-12,0.5002,mild,mid,2,replay,v0.1.0,r4,0.812,H,,0,153.68,A2,1,,0,1
2020-03-13,0.5486,mild,mid,2,replay,v0.1.0,r4,0.812,H,,0,153.82,A2,1,,0,1
2020-03-16,0.4894,mild,mid,2,replay,v0.1.0,r4,0.812,H,,0,456.19,A3,1,,0,1
2020-03-17,0.631,warming,mid,2,replay,v0.1.0,r4,0.88,H,,0,459.89,A3,1,,0,1
2020-03-18,0.5084,mild,mid,2,replay,v0.1.0,r4,0.876,H,capitulation,1,450.78,A3,1,0,0,1
2020-03-19,0.6834,warming,mid,2,replay,v0.1.0,r4,0.908,H,capitulation,1,374.27,A3,1,0,0,1
2020-03-20,0.8686,boiling,high,2,replay,v0.1.0,r4,0.812,H,capitulation,1,399.58,A3,1,0,0,1
2020-03-23,0.4416,mild,mid,2,replay,v0.1.0,r4,0.864,H,capitulation,1,207.11,A3,1,0,0,1
2020-03-24,0.8966,boiling,high,2,replay,v0.1.0,r4,0.92,H,capitulation,1,175.04,A2,1,0,0,1
2020-03-25,0.918,boiling,high,2,replay,v0.1.0,r4,0.944,H,capitulation,1,228.72,A3,1,0,0,1
2020-03-26,0.534,mild,mid,2,replay,v0.1.0,r4,0.996,H,capitulation,1,125.72,A2,1,0,0,1
2020-03-27,0.6616,warming,mid,2,replay,v0.1.0,r4,0.984,H,capitulation,1,148.89,A2,1,0,0,1
2020-03-30,0.4924,mild,mid,2,replay,v0.1.0,r4,0.924,H,capitulation,1,130.42,A2,1,0,0,1
2020-03-31,0.6466,warming,mid,2,replay,v0.1.0,r4,0.892,H,capitulation,1,145.05,A2,1,0,0,1
2020-04-01,0.5808,mild,mid,2,replay,v0.1.0,r4,0.888,H,capitulation,1,107.52,A1,1,0,0,1
2020-04-02,0.8612,boiling,high,2,replay,v0.1.0,r4,0.88,H,capitulation,1,165.14,A2,1,0,0,1
2020-04-03,0.5408,mild,mid,2,replay,v0.1.0,r4,0.848,H,capitulation,1,224.84,A3,1,0,0,1
2020-04-07,0.9274,boiling,high,2,replay,v0.1.0,r4,0.816,H,capitulation,1,107.08,A1,1,0,0,1
2020-04-08,0.6808,warming,mid,2,replay,v0.1.0,r1,0.8,H,,0,83.12,A1,1,,0,1
2020-04-09,0.7564,warming,high,2,replay,v0.1.0,r1,0.792,H,,0,68.08,A1,1,,0,1
2020-04-10,0.5038,mild,mid,2,replay,v0.1.0,r1,0.788,H,,0,43.2,A1,1,,0,1
2020-04-13,0.522,mild,mid,2,replay,v0.1.0,r1,0.776,H,,0,173.34,A2,1,,0,1
2020-04-14,0.866,boiling,high,2,replay,v0.1.0,r1,0.772,H,,0,79.14,A1,1,,0,1
2020-04-15,0.546,mild,mid,2,replay,v0.1.0,r1,0.728,H,,0,160.89,A2,1,,0,1
2020-04-16,0.6926,warming,mid,2,replay,v0.1.0,r1,0.732,H,,0,95.16,A1,1,,0,1
2020-04-17,0.7534,warming,high,2,replay,v0.1.0,r1,0.708,H,,0,86.82,A1,1,,0,1
2020-04-20,0.7754,warming,high,2,replay,v0.1.0,r1,0.668,M,expansion,1,109.68,A1,0,1,0,1
2020-04-21,0.5468,mild,mid,2,replay,v0.1.0,r1,0.648,M,expansion,1,57.86,A1,0,1,0,1
2020-04-22,0.7884,warming,high,2,replay,v0.1.0,r2,0.572,M,expansion,1,151.71,A2,0,1,0,1
2020-04-23,0.6226,warming,mid,2,replay,v0.1.0,r2,0.516,M,expansion,1,150.85,A2,0,1,0,1
2020-04-24,0.5032,mild,mid,2,replay,v0.1.0,r2,0.424,M,expansion,1,80.25,A1,0,1,0,1
2020-04-27,0.6562,warming,mid,2,replay,v0.1.0,r2,0.432,M,expansion,1,104.91,A1,0,1,0,1
2020-04-28,0.6442,warming,mid,2,replay,v0.1.0,r2,0.436,M,expansion,1,128.94,A2,0,1,0,1
2020-04-29,0.6776,warming,mid,2,replay,v0.1.0,r2,0.424,M,expansion,1,238.52,A3,0,1,0,1
2020-04-30,0.8744,boiling,high,2,replay,v0.1.0,r2,0.428,M,expansion,1,122.53,A2,0,1,0,1
2020-05-06,0.8512,boiling,high,2,replay,v0.1.0,r2,0.436,M,expansion,1,106.41,A1,0,1,0,1
2020-05-07,0.6126,warming,mid,2,replay,v0.1.0,r2,0.412,M,expansion,1,185.4,A2,0,1,0,1
2020-05-08,0.8518,boiling,high,2,replay,v0.1.0,r2,0.412,M,expansion,1,64.96,A1,0,1,0,1
2020-05-11,0.6646,warming,mid,2,replay,v0.1.0,r3,0.28,L,expansion,1,110.78,A1,1,1,1,1
2020-05-12,0.6174,warming,mid,2,replay,v0.1.0,r3,0.224,L,expansion,1,134.85,A2,1,1,1,1
2020-05-13,0.7002,warming,high,2,replay,v0.1.0,r3,0.232,L,expansion,1,100.72,A1,1,1,1,1
2020-05-14,0.4956,mild,mid,2,replay,v0.1.0,r3,0.16,L,expansion,1,101.25,A1,1,1,1,1
2020-05-15,0.6602,warming,mid,2,replay,v0.1.0,r2,0.32,L,expansion,1,71.23,A1,0,1,0,1
2020-05-18,0.699,warming,mid,2,replay,v0.1.0,r3,0.056,L,expansion,1,95.91,A1,1,1,1,1
2020-05-19,0.8184,boiling,high,2,replay,v0.1.0,r3,0.028,L,accumulation,1,122.69,A2,1,0,0,1
2020-05-20,0.57,mild,mid,2,replay,v0.1.0,r3,0.044,L,accumulation,1,57.47,A1,1,0,0,1
2020-05-21,0.551,mild,mid,2,replay,v0.1.0,r3,0.036,L,accumulation,1,80.36,A1,1,0,0,1
2020-05-22,0.4496,mild,mid,2,replay,v0.1.0,r3,0.056,L,accumulation,1,111.78,A1,1,0,0,1
2020-05-25,0.6128,warming,mid,2,replay,v0.1.0,r2,0.42,M,accumulation,1,228.86,A3,0,0,0,1
2020-05-26,0.829,boiling,high,2,replay,v0.1.0,r2,0.384,M,,0,92.6,A1,0,,0,1
2020-05-27,0.5536,mild,mid,2,replay,v0.1.0,r2,0.436,M,,0,78.62,A1,0,,0,1
2020-05-28,0.6248,warming,mid,2,replay,v0.1.0,r2,0.432,M,,0,91.08,A1,0,,0,1
2020-05-29,0.711,warming,high,2,replay,v0.1.0,r2,0.4,M,,0,174.07,A2,0,,0,1
2020-06-01,0.9514,boiling,high,2,replay,v0.1.0,r2,0.392,M,,0,109.11,A1,0,,0,1
2020-06-02,0.7922,warming,high,2,replay,v0.1.0,r2,0.548,M,,0,191.17,A3,0,,0,1
2020-06-03,0.6738,warming,mid,2,replay,v0.1.0,r2,0.528,M,,0,82.62,A1,0,,0,1
2020-06-04,0.6994,warming,mid,2,replay,v0.1.0,r2,0.52,M,expansion,1,89.35,A1,0,1,0,1
2020-06-05,0.6956,warming,mid,2,replay,v0.1.0,r2,0.52,M,expansion,1,78.14,A1,0,1,0,1
2020-06-08,0.711,warming,high,2,replay,v0.1.0,r2,0.504,M,expansion,1,83.55,A1,0,1,0,1
2020-06-09,0.7486,warming,high,2,replay,v0.1.0,r2,0.508,M,expansion,1,84.8,A1,0,1,0,1
2020-06-10,0.589,mild,mid,2,replay,v0.1.0,r2,0.524,M,expansion,1,88.94,A1,0,1,0,1
2020-06-11,0.5596,mild,mid,2,replay,v0.1.0,r2,0.528,M,expansion,1,53.9,A1,0,1,0,1
2020-06-12,0.6702,warming,mid,2,replay,v0.1.0,r2,0.532,M,expansion,1,156.9,A2,0,1,0,1
2020-06-15,0.5884,mild,mid,2,replay,v0.1.0,r2,0.524,M,expansion,1,213.17,A3,0,1,0,1
2020-06-16,0.8966,boiling,high,2,replay,v0.1.0,r2,0.58,M,expansion,1,130.93,A2,0,1,0,1
2020-06-17,0.7206,warming,high,2,replay,v0.1.0,r1,0.612,M,expansion,1,66.85,A1,0,1,0,1
2020-06-18,0.751,warming,high,2,replay,v0.1.0,r1,0.604,M,expansion,1,65.89,A1,0,1,0,1
2020-06-19,0.8278,boiling,high,2,replay,v0.1.0,r1,0.604,M,expansion,1,116.37,A1,0,1,0,1
2020-06-22,0.726,warming,high,2,replay,v0.1.0,r2,0.472,M,expansion,1,162.76,A2,0,1,0,1
2020-06-23,0.6844,warming,mid,2,replay,v0.1.0,r2,0.476,M,expansion,1,93.13,A1,0,1,0,1
2020-06-24,0.679,warming,mid,2,replay,v0.1.0,r2,0.452,M,expansion,1,107.32,A1,0,1,0,1
2020-06-29,0.5676,mild,mid,2,replay,v0.1.0,r2,0.4,M,expansion,1,51.65,A1,0,1,0,1
2020-06-30,0.8872,boiling,high,2,replay,v0.1.0,r2,0.46,M,expansion,1,108.6,A1,0,1,0,1
2020-07-01,0.8546,boiling,high,2,replay,v0.1.0,r2,0.496,M,expansion,1,108.09,A1,0,1,0,1
2020-07-02,0.9322,boiling,high,2,replay,v0.1.0,r2,0.356,M,accumulation,1,201.98,A3,0,0,0,1
2020-07-03,0.9242,boiling,high,2,replay,v0.1.0,r2,0.504,M,,0,240.55,A3,0,,0,1
2020-07-06,0.9928,boiling,high,2,replay,v0.1.0,r2,0.532,M,,0,163.44,A2,0,,0,1
2020-07-07,0.8404,boiling,high,2,replay,v0.1.0,r1,0.788,H,accumulation,1,475.39,A3,1,0,0,1
2020-07-08,0.9424,boiling,high,2,replay,v0.1.0,r1,0.78,H,accumulation,1,228.42,A3,1,0,0,1
2020-07-09,0.9542,boiling,high,2,replay,v0.1.0,r1,0.792,H,euphoria,1,282.79,A3,1,1,1,1
2020-07-10,0.5796,mild,mid,2,replay,v0.1.0,r1,0.792,H,euphoria,1,202.99,A3,1,1,1,1
2020-07-13,0.98,boiling,high,2,replay,v0.1.0,r4,0.812,H,euphoria,1,181.19,A2,1,1,1,1
2020-07-14,0.6248,warming,mid,2,replay,v0.1.0,r1,0.8,H,euphoria,1,287.22,A3,1,1,1,1
2020-07-15,0.5458,mild,mid,2,replay,v0.1.0,r4,0.812,H,euphoria,1,269.86,A3,1,1,1,1
2020-07-16,0.4972,mild,mid,2,replay,v0.1.0,r4,0.812,H,euphoria,1,236.69,A3,1,1,1,1
2020-07-17,0.7902,warming,high,2,replay,v0.1.0,r4,0.884,H,,0,546.05,A3,1,,0,1
2020-07-20,0.9732,boiling,high,2,replay,v0.1.0,r4,0.88,H,,0,255.37,A3,1,,0,1
2020-07-21,0.759,warming,high,2,replay,v0.1.0,r4,0.9,H,euphoria,1,321.3,A3,1,1,1,1
2020-07-22,0.7684,warming,high,2,replay,v0.1.0,r4,0.896,H,euphoria,1,112.51,A1,1,1,1,1
2020-07-23,0.659,warming,mid,2,replay,v0.1.0,r4,0.892,H,euphoria,1,245.8,A3,1,1,1,1
2020-07-24,0.4972,mild,mid,2,replay,v0.1.0,r4,0.896,H,,0,265.04,A3,1,,0,1
2020-07-27,0.7406,warming,high,2,replay,v0.1.0,r4,1.0,H,,0,453.75,A3,1,,0,1
2020-07-28,0.8544,boiling,high,2,replay,v0.1.0,r4,0.996,H,capitulation,1,166.88,A2,1,0,0,1
2020-07-29,0.9556,boiling,high,2,replay,v0.1.0,r4,0.992,H,capitulation,1,115.07,A1,1,0,0,1
2020-07-30,0.6374,warming,mid,2,replay,v0.1.0,r4,0.996,H,capitulation,1,288.89,A3,1,0,0,1
2020-07-31,0.8644,boiling,high,2,replay,v0.1.0,r4,0.984,H,capitulation,1,116.98,A2,1,0,0,1
2020-08-03,0.9566,boiling,high,2,replay,v0.1.0,r4,0.956,H,capitulation,1,257.62,A3,1,0,0,1
2020-08-04,0.67,warming,mid,2,replay,v0.1.0,r4,0.836,H,capitulation,1,108.41,A1,1,0,0,1
2020-08-05,0.7822,warming,high,2,replay,v0.1.0,r4,0.832,H,capitulation,1,124.1,A2,1,0,0,1
2020-08-06,0.6628,warming,mid,2,replay,v0.1.0,r4,0.808,H,,0,158.41,A2,1,,0,1
2020-08-07,0.551,mild,mid,2,replay,v0.1.0,r1,0.8,H,,0,210.7,A3,1,,0,1
2020-08-10,0.8138,boiling,high,2,replay,v0.1.0,r1,0.792,H,capitulation,1,234.44,A3,1,0,0,1
2020-08-11,0.5286,mild,mid,2,replay,v0.1.0,r1,0.78,H,,0,237.88,A3,1,,0,1
2020-08-12,0.6078,warming,mid,2,replay,v0.1.0,r1,0.776,H,accumulation,1,246.64,A3,1,0,0,1
2020-08-13,0.7134,warming,high,2,replay,v0.1.0,r1,0.768,H,distribution,1,247.06,A3,1,0,0,1
2020-08-14,0.8404,boiling,high,2,replay,v0.1.0,r1,0.704,H,accumulation,1,97.87,A1,1,0,0,1
2020-08-17,0.9376,boiling,high,2,replay,v0.1.0,r1,0.704,H,accumulation,1,195.44,A3,1,0,0,1
2020-08-18,0.731,warming,high,2,replay,v0.1.0,r1,0.692,M,accumulation,1,246.94,A3,0,0,0,1
2020-08-19,0.5144,mild,mid,2,replay,v0.1.0,r1,0.692,M,accumulation,1,75.9,A1,0,0,0,1
2020-08-20,0.5128,mild,mid,2,replay,v0.1.0,r1,0.7,M,accumulation,1,147.86,A2,0,0,0,1
2020-08-21,0.801,boiling,high,2,replay,v0.1.0,r1,0.72,H,accumulation,1,124.55,A2,1,0,0,1
2020-08-24,0.7834,warming,high,2,replay,v0.1.0,r1,0.636,M,accumulation,1,115.88,A1,0,0,0,1
2020-08-25,0.672,warming,mid,2,replay,v0.1.0,r1,0.636,M,accumulation,1,111.37,A1,0,0,0,1
2020-08-26,0.5024,mild,mid,2,replay,v0.1.0,r1,0.624,M,accumulation,1,117.63,A2,0,0,0,1
2020-08-27,0.7986,warming,high,2,replay,v0.1.0,r2,0.58,M,accumulation,1,202.74,A3,0,0,0,1
2020-08-28,0.8718,boiling,high,2,replay,v0.1.0,r2,0.572,M,accumulation,1,111.44,A1,0,0,0,1
2020-08-31,0.6342,warming,mid,2,replay,v0.1.0,r1,0.64,M,accumulation,1,277.41,A3,0,0,0,1
2020-09-01,0.7446,warming,high,2,replay,v0.1.0,r1,0.608,M,accumulation,1,174.5,A2,0,0,0,1
2020-09-02,0.7034,warming,high,2,replay,v0.1.0,r1,0.608,M,accumulation,1,104.82,A1,0,0,0,1
2020-09-03,0.5552,mild,mid,2,replay,v0.1.0,r1,0.604,M,accumulation,1,135.89,A2,0,0,0,1
2020-09-04,0.6148,warming,mid,2,replay,v0.1.0,r1,0.616,M,accumulation,1,158.94,A2,0,0,0,1
2020-09-07,0.5146,mild,mid,2,replay,v0.1.0,r2,0.596,M,accumulation,1,109.01,A1,0,0,0,1
2020-09-08,0.7852,warming,high,2,replay,v0.1.0,r1,0.64,M,distribution,1,280.99,A3,0,0,0,1
2020-09-09,0.4858,mild,mid,2,replay,v0.1.0,r1,0.636,M,accumulation,1,147.0,A2,0,0,0,1
2020-09-10,0.527,mild,mid,2,replay,v0.1.0,r1,0.644,M,accumulation,1,188.1,A2,0,0,0,1
2020-09-11,0.7828,warming,high,2,replay,v0.1.0,r1,0.64,M,distribution,1,163.08,A2,0,0,0,1
2020-09-14,0.7558,warming,high,2,replay,v0.1.0,r1,0.636,M,distribution,1,148.22,A2,0,0,0,1
2020-09-15,0.6976,warming,mid,2,replay,v0.1.0,r1,0.62,M,distribution,1,88.13,A1,0,0,0,1
2020-09-16,0.4814,mild,mid,2,replay,v0.1.0,r1,0.62,M,distribution,1,131.11,A2,0,0,0,1
2020-09-17,0.6282,warming,mid,2,replay,v0.1.0,r1,0.608,M,distribution,1,111.51,A1,0,0,0,1
2020-09-18,0.8624,boiling,high,2,replay,v0.1.0,r2,0.572,M,distribution,1,136.38,A2,0,0,0,1
2020-09-21,0.5356,mild,mid,2,replay,v0.1.0,r1,0.624,M,distribution,1,228.83,A3,0,0,0,1
2020-09-22,0.4234,mild,mid,2,replay,v0.1.0,r1,0.628,M,distribution,1,135.26,A2,0,0,0,1
2020-09-23,0.6772,warming,mid,2,replay,v0.1.0,r1,0.632,M,distribution,1,180.7,A2,0,0,0,1
2020-09-24,0.3862,cooling,low,2,replay,v0.1.0,r1,0.624,M,distribution,1,91.41,A1,0,0,0,1
2020-09-25,0.5174,mild,mid,2,replay,v0.1.0,r1,0.632,M,distribution,1,150.82,A2,0,0,0,1
2020-09-28,0.4606,mild,mid,2,replay,v0.1.0,r2,0.576,M,distribution,1,97.81,A1,0,0,0,1
2020-09-29,0.6402,warming,mid,2,replay,v0.1.0,r2,0.58,M,distribution,1,92.7,A1,0,0,0,1
2020-09-30,0.5088,mild,mid,2,replay,v0.1.0,r2,0.564,M,distribution,1,65.82,A1,0,0,0,1
2020-10-09,0.865,boiling,high,2,replay,v0.1.0,,,,,0,,,,,0,1
2020-10-12,0.9438,boiling,high,2,replay,v0.1.0,r1,0.624,M,,0,86.44,A1,0,,0,1
2020-10-13,0.6736,warming,mid,2,replay,v0.1.0,r1,0.644,M,,0,253.15,A3,0,,0,1
2020-10-14,0.5236,mild,mid,2,replay,v0.1.0,r1,0.632,M,,0,105.03,A1,0,,0,1
2020-10-15,0.5486,mild,mid,2,replay,v0.1.0,r1,0.64,M,,0,71.53,A1,0,,0,1
2020-10-16,0.6156,warming,mid,2,replay,v0.1.0,r2,0.584,M,,0,78.22,A1,0,,0,1
2020-10-19,0.5062,mild,mid,2,replay,v0.1.0,r2,0.584,M,,0,124.15,A2,0,,0,1
2020-10-20,0.7374,warming,high,2,replay,v0.1.0,r2,0.584,M,,0,212.02,A3,0,,0,1
2020-10-21,0.4988,mild,mid,2,replay,v0.1.0,r2,0.584,M,,0,113.67,A1,0,,0,1
2020-10-22,0.516,mild,mid,2,replay,v0.1.0,r2,0.576,M,,0,89.07,A1,0,,0,1
2020-10-23,0.4232,mild,mid,2,replay,v0.1.0,r2,0.56,M,,0,138.71,A2,0,,0,1
2020-10-26,0.5374,mild,mid,2,replay,v0.1.0,r2,0.588,M,,0,178.75,A2,0,,0,1
2020-10-27,0.5902,mild,mid,2,replay,v0.1.0,r2,0.48,M,,0,158.18,A2,0,,0,1
2020-10-28,0.701,warming,high,2,replay,v0.1.0,r2,0.476,M,,0,78.22,A1,0,,0,1
2020-10-29,0.6724,warming,mid,2,replay,v0.1.0,r2,0.472,M,,0,143.97,A2,0,,0,1
2020-10-30,0.4548,mild,mid,2,replay,v0.1.0,r2,0.472,M,,0,264.28,A3,0,,0,1
2020-11-02,0.709,warming,high,2,replay,v0.1.0,r2,0.452,M,,0,198.98,A3,0,,0,1
2020-11-03,0.8412,boiling,high,2,replay,v0.1.0,r2,0.452,M,,0,90.54,A1,0,,0,1
2020-11-04,0.6266,warming,mid,2,replay,v0.1.0,r2,0.472,M,,0,124.87,A2,0,,0,1
2020-11-05,0.8694,boiling,high,2,replay,v0.1.0,r2,0.472,M,,0,114.82,A1,0,,0,1
2020-11-06,0.582,mild,mid,2,replay,v0.1.0,r2,0.48,M,,0,96.91,A1,0,,0,1
2020-11-09,0.9226,boiling,high,2,replay,v0.1.0,r2,0.424,M,,0,106.58,A1,0,,0,1
2020-11-10,0.5536,mild,mid,2,replay,v0.1.0,r2,0.34,M,,0,160.48,A2,0,,0,1
2020-11-11,0.518,mild,mid,2,replay,v0.1.0,r2,0.344,M,expansion,1,133.08,A2,0,1,0,1
2020-11-12,0.6174,warming,mid,2,replay,v0.1.0,r2,0.348,M,expansion,1,113.15,A1,0,1,0,1
2020-11-13,0.5548,mild,mid,2,replay,v0.1.0,r2,0.344,M,expansion,1,70.84,A1,0,1,0,1
2020-11-16,0.7894,warming,high,2,replay,v0.1.0,r2,0.376,M,expansion,1,125.27,A2,0,1,0,1
2020-11-17,0.5728,mild,mid,2,replay,v0.1.0,r2,0.372,M,expansion,1,113.81,A1,0,1,0,1
2020-11-18,0.6894,warming,mid,2,replay,v0.1.0,r2,0.352,M,expansion,1,89.53,A1,0,1,0,1
2020-11-19,0.7174,warming,high,2,replay,v0.1.0,r2,0.352,M,,0,82.56,A1,0,,0,1
2020-11-20,0.678,warming,mid,2,replay,v0.1.0,r2,0.356,M,,0,142.58,A2,0,,0,1
2020-11-23,0.7864,warming,high,2,replay,v0.1.0,r2,0.304,L,expansion,1,50.4,A1,0,1,0,1
2020-11-24,0.5766,mild,mid,2,replay,v0.1.0,r2,0.312,L,expansion,1,180.03,A2,0,1,0,1
2020-11-25,0.47,mild,mid,2,replay,v0.1.0,r2,0.324,L,,0,80.21,A1,0,,0,1
2020-11-26,0.5886,mild,mid,2,replay,v0.1.0,r2,0.408,M,,0,188.41,A3,0,,0,1
2020-11-27,0.6886,warming,mid,2,replay,v0.1.0,r2,0.396,M,,0,117.09,A2,0,,0,1
2020-11-30,0.621,warming,mid,2,replay,v0.1.0,r3,0.3,L,,0,128.63,A2,1,,0,1
2020-12-01,0.8642,boiling,high,2,replay,v0.1.0,r2,0.308,L,,0,190.1,A3,0,,0,1
2020-12-02,0.6844,warming,mid,2,replay,v0.1.0,r2,0.412,M,expansion,1,220.47,A3,0,1,0,1
2020-12-03,0.604,warming,mid,2,replay,v0.1.0,r2,0.408,M,expansion,1,93.24,A1,0,1,0,1
2020-12-04,0.6428,warming,mid,2,replay,v0.1.0,r2,0.312,L,expansion,1,76.02,A1,0,1,0,1
2020-12-07,0.491,mild,mid,2,replay,v0.1.0,r2,0.308,L,expansion,1,108.01,A1,0,1,0,1
2020-12-08,0.5104,mild,mid,2,replay,v0.1.0,r3,0.244,L,expansion,1,105.14,A1,1,1,1,1
2020-12-09,0.4254,mild,mid,2,replay,v0.1.0,r3,0.236,L,expansion,1,87.77,A1,1,1,1,1
2020-12-10,0.5784,mild,mid,2,replay,v0.1.0,r3,0.256,L,expansion,1,181.43,A2,1,1,1,1
2020-12-11,0.4614,mild,mid,2,replay,v0.1.0,r3,0.256,L,expansion,1,87.14,A1,1,1,1,1
2020-12-14,0.7206,warming,high,2,replay,v0.1.0,r3,0.248,L,expansion,1,218.79,A3,1,1,1,1
2020-12-15,0.5932,mild,mid,2,replay,v0.1.0,r3,0.24,L,,0,101.15,A1,1,,0,1
2020-12-16,0.4884,mild,mid,2,replay,v0.1.0,r3,0.236,L,,0,100.17,A1,1,,0,1
2020-12-17,0.7916,warming,high,2,replay,v0.1.0,r3,0.232,L,,0,61.87,A1,1,,0,1
2020-12-18,0.5326,mild,mid,2,replay,v0.1.0,r3,0.292,L,,0,143.63,A2,1,,0,1
2020-12-21,0.7918,warming,high,2,replay,v0.1.0,r3,0.292,L,,0,96.58,A1,1,,0,1
2020-12-22,0.4758,mild,mid,2,replay,v0.1.0,r3,0.26,L,expansion,1,157.15,A2,1,1,1,1
2020-12-23,0.7654,warming,high,2,replay,v0.1.0,r2,0.376,M,,0,187.05,A2,0,,0,1
2020-12-24,0.5102,mild,mid,2,replay,v0.1.0,r3,0.3,L,,0,121.15,A2,1,,0,1
2020-12-25,0.7584,warming,high,2,replay,v0.1.0,r3,0.3,L,,0,107.47,A1,1,,0,1
2020-12-28,0.6028,warming,mid,2,replay,v0.1.0,r3,0.272,L,,0,137.23,A2,1,,0,1
2020-12-29,0.6512,warming,mid,2,replay,v0.1.0,r3,0.26,L,,0,102.08,A1,1,,0,1
2020-12-30,0.7562,warming,high,2,replay,v0.1.0,r3,0.1,L,,0,85.01,A1,1,,0,1
2020-12-31,0.875,boiling,high,2,replay,v0.1.0,r3,0.16,L,,0,153.0,A2,1,,0,1
2021-01-04,0.8682,boiling,high,2,replay,v0.1.0,r3,0.296,L,,0,181.83,A2,1,,0,1
2021-01-05,0.7934,warming,high,2,replay,v0.1.0,r2,0.352,M,accumulation,1,179.34,A2,0,0,0,1
2021-01-06,0.678,warming,mid,2,replay,v0.1.0,r2,0.412,M,accumulation,1,255.69,A3,0,0,0,1
2021-01-07,0.6866,warming,mid,2,replay,v0.1.0,r2,0.408,M,accumulation,1,170.87,A2,0,0,0,1
2021-01-08,0.7074,warming,high,2,replay,v0.1.0,r2,0.312,L,accumulation,1,184.79,A2,0,0,0,1
2021-01-11,0.5428,mild,mid,2,replay,v0.1.0,r2,0.352,M,expansion,1,189.6,A3,0,1,0,1
2021-01-12,0.8714,boiling,high,2,replay,v0.1.0,r2,0.324,L,expansion,1,260.14,A3,0,1,0,1
2021-01-13,0.604,warming,mid,2,replay,v0.1.0,r2,0.472,M,expansion,1,329.77,A3,0,1,0,1
2021-01-14,0.6846,warming,mid,2,replay,v0.1.0,r2,0.476,M,expansion,1,195.36,A3,0,1,0,1
2021-01-15,0.7648,warming,high,2,replay,v0.1.0,r1,0.616,M,expansion,1,196.79,A3,0,1,0,1
2021-01-18,0.8502,boiling,high,2,replay,v0.1.0,r1,0.608,M,,0,201.72,A3,0,,0,1
2021-01-19,0.666,warming,mid,2,replay,v0.1.0,r2,0.6,M,,0,240.3,A3,0,,0,1
2021-01-20,0.7044,warming,high,2,replay,v0.1.0,r1,0.624,M,,0,211.29,A3,0,,0,1
2021-01-21,0.823,boiling,high,2,replay,v0.1.0,r2,0.584,M,,0,127.78,A2,0,,0,1
2021-01-22,0.6198,warming,mid,2,replay,v0.1.0,r1,0.604,M,,0,186.69,A2,0,,0,1
2021-01-25,0.6852,warming,mid,2,replay,v0.1.0,r2,0.592,M,,0,107.47,A1,0,,0,1
2021-01-26,0.5484,mild,mid,2,replay,v0.1.0,r2,0.592,M,,0,201.67,A3,0,,0,1
2021-01-27,0.6964,warming,mid,2,replay,v0.1.0,r1,0.64,M,,0,169.44,A2,0,,0,1
2021-01-28,0.4696,mild,mid,2,replay,v0.1.0,r1,0.636,M,,0,155.02,A2,0,,0,1
2021-01-29,0.535,mild,mid,2,replay,v0.1.0,r1,0.692,M,,0,186.89,A2,0,,0,1
2021-02-01,0.7546,warming,high,2,replay,v0.1.0,r1,0.664,M,,0,262.47,A3,0,,0,1
2021-02-02,0.753,warming,high,2,replay,v0.1.0,r1,0.68,M,,0,149.81,A2,0,,0,1
2021-02-03,0.5354,mild,mid,2,replay,v0.1.0,r1,0.636,M,,0,168.87,A2,0,,0,1
2021-02-04,0.5266,mild,mid,2,replay,v0.1.0,r1,0.628,M,,0,108.69,A1,0,,0,1
2021-02-05,0.577,mild,mid,2,replay,v0.1.0,r1,0.624,M,,0,180.55,A2,0,,0,1
2021-02-08,0.7088,warming,high,2,replay,v0.1.0,r1,0.624,M,,0,133.07,A2,0,,0,1
2021-02-09,0.8324,boiling,high,2,replay,v0.1.0,r1,0.632,M,,0,175.51,A2,0,,0,1
2021-02-10,0.8058,boiling,high,2,replay,v0.1.0,r1,0.616,M,,0,234.95,A3,0,,0,1
2021-02-18,0.7736,warming,high,2,replay,v0.1.0,,,,,0,,,,,0,1
2021-02-19,0.8284,boiling,high,2,replay,v0.1.0,r1,0.616,M,,0,309.44,A3,0,,0,1
2021-02-22,0.716,warming,high,2,replay,v0.1.0,r1,0.616,M,,0,210.27,A3,0,,0,1
2021-02-23,0.5738,mild,mid,2,replay,v0.1.0,r1,0.732,H,,0,325.26,A3,1,,0,1
2021-02-24,0.6322,warming,mid,2,replay,v0.1.0,r1,0.712,H,,0,187.0,A2,1,,0,1
2021-02-25,0.6258,warming,mid,2,replay,v0.1.0,r1,0.772,H,,0,391.85,A3,1,,0,1
2021-02-26,0.5536,mild,mid,2,replay,v0.1.0,r1,0.76,H,,0,151.92,A2,1,,0,1
2021-03-01,0.8432,boiling,high,2,replay,v0.1.0,r1,0.788,H,,0,182.38,A2,1,,0,1
2021-03-02,0.5066,mild,mid,2,replay,v0.1.0,r1,0.792,H,capitulation,1,140.3,A2,1,0,0,1
2021-03-03,0.8282,boiling,high,2,replay,v0.1.0,r1,0.788,H,,0,274.9,A3,1,,0,1
2021-03-04,0.5086,mild,mid,2,replay,v0.1.0,r1,0.8,H,,0,255.14,A3,1,,0,1
2021-03-05,0.7064,warming,high,2,replay,v0.1.0,r4,0.804,H,,0,255.34,A3,1,,0,1
2021-03-08,0.4858,mild,mid,2,replay,v0.1.0,r4,0.804,H,capitulation,1,257.26,A3,1,0,0,1
2021-03-09,0.4634,mild,mid,2,replay,v0.1.0,r4,0.832,H,,0,465.04,A3,1,,0,1
2021-03-10,0.5248,mild,mid,2,replay,v0.1.0,r4,0.828,H,capitulation,1,348.19,A3,1,0,0,1
2021-03-11,0.8442,boiling,high,2,replay,v0.1.0,r4,0.84,H,,0,145.95,A2,1,,0,1
2021-03-12,0.6464,warming,mid,2,replay,v0.1.0,r4,0.884,H,,0,234.51,A3,1,,0,1
2021-03-15,0.5214,mild,mid,2,replay,v0.1.0,r4,0.884,H,,0,129.71,A2,1,,0,1
2021-03-16,0.7406,warming,high,2,replay,v0.1.0,r4,0.872,H,,0,251.13,A3,1,,0,1
2021-03-17,0.6454,warming,mid,2,replay,v0.1.0,r4,0.856,H,,0,147.12,A2,1,,0,1
2021-03-18,0.6226,warming,mid,2,replay,v0.1.0,r1,0.8,H,,0,204.28,A3,1,,0,1
2021-03-19,0.5034,mild,mid,2,replay,v0.1.0,r4,0.808,H,,0,96.45,A1,1,,0,1
2021-03-22,0.7782,warming,high,2,replay,v0.1.0,r4,0.844,H,,0,215.37,A3,1,,0,1
2021-03-23,0.4692,mild,mid,2,replay,v0.1.0,r1,0.8,H,,0,149.35,A2,1,,0,1
2021-03-24,0.455,mild,mid,2,replay,v0.1.0,r4,0.804,H,,0,192.78,A3,1,,0,1
2021-03-25,0.5102,mild,mid,2,replay,v0.1.0,r1,0.792,H,,0,209.49,A3,1,,0,1
2021-03-26,0.7902,warming,high,2,replay,v0.1.0,r1,0.792,H,,0,136.83,A2,1,,0,1
2021-03-29,0.6032,warming,mid,2,replay,v0.1.0,r4,0.804,H,,0,195.56,A3,1,,0,1
2021-03-30,0.579,mild,mid,2,replay,v0.1.0,r1,0.792,H,,0,150.94,A2,1,,0,1
2021-03-31,0.548,mild,mid,2,replay,v0.1.0,r1,0.8,H,,0,145.23,A2,1,,0,1
2021-04-01,0.635,warming,mid,2,replay,v0.1.0,r1,0.784,H,,0,138.3,A2,1,,0,1
2021-04-02,0.6782,warming,mid,2,replay,v0.1.0,r1,0.768,H,accumulation,1,115.73,A1,1,0,0,1
2021-04-06,0.592,mild,mid,2,replay,v0.1.0,r1,0.776,H,accumulation,1,104.25,A1,1,0,0,1
2021-04-07,0.6102,warming,mid,2,replay,v0.1.0,r1,0.656,M,accumulation,1,107.79,A1,0,0,0,1
2021-04-08,0.5224,mild,mid,2,replay,v0.1.0,r1,0.624,M,accumulation,1,148.73,A2,0,0,0,1
2021-04-09,0.4898,mild,mid,2,replay,v0.1.0,r1,0.62,M,accumulation,1,132.05,A2,0,0,0,1
2021-04-12,0.4236,mild,mid,2,replay,v0.1.0,r2,0.588,M,accumulation,1,152.84,A2,0,0,0,1
2021-04-13,0.4502,mild,mid,2,replay,v0.1.0,r1,0.612,M,accumulation,1,223.97,A3,0,0,0,1
2021-04-14,0.6918,warming,mid,2,replay,v0.1.0,r2,0.552,M,accumulation,1,142.11,A2,0,0,0,1
2021-04-15,0.4658,mild,mid,2,replay,v0.1.0,r2,0.552,M,accumulation,1,94.73,A1,0,0,0,1
2021-04-16,0.6936,warming,mid,2,replay,v0.1.0,r2,0.552,M,expansion,1,140.06,A2,0,1,0,1
2021-04-19,0.8476,boiling,high,2,replay,v0.1.0,r2,0.528,M,expansion,1,123.24,A2,0,1,0,1
2021-04-20,0.554,mild,mid,2,replay,v0.1.0,r2,0.516,M,expansion,1,296.91,A3,0,1,0,1
2021-04-21,0.5492,mild,mid,2,replay,v0.1.0,r2,0.496,M,expansion,1,120.3,A2,0,1,0,1
2021-04-22,0.5946,mild,mid,2,replay,v0.1.0,r2,0.488,M,expansion,1,123.77,A2,0,1,0,1
2021-04-23,0.577,mild,mid,2,replay,v0.1.0,r2,0.408,M,accumulation,1,101.83,A1,0,0,0,1
2021-04-26,0.5674,mild,mid,2,replay,v0.1.0,r2,0.416,M,expansion,1,124.76,A2,0,1,0,1
2021-04-27,0.554,mild,mid,2,replay,v0.1.0,r2,0.36,M,expansion,1,209.73,A3,0,1,0,1
2021-04-28,0.6894,warming,mid,2,replay,v0.1.0,r2,0.364,M,,0,105.13,A1,0,,0,1
2021-04-29,0.6684,warming,mid,2,replay,v0.1.0,r2,0.348,M,,0,118.63,A2,0,,0,1
2021-04-30,0.5294,mild,mid,2,replay,v0.1.0,r2,0.344,M,,0,111.03,A1,0,,0,1
2021-05-06,0.6476,warming,mid,2,replay,v0.1.0,r2,0.32,L,,0,132.5,A2,0,,0,1
2021-05-07,0.5672,mild,mid,2,replay,v0.1.0,r2,0.332,M,,0,187.28,A2,0,,0,1
2021-05-10,0.6636,warming,mid,2,replay,v0.1.0,r2,0.38,M,,0,192.59,A3,0,,0,1
2021-05-11,0.7358,warming,high,2,replay,v0.1.0,r2,0.364,M,,0,131.34,A2,0,,0,1
2021-05-12,0.703,warming,high,2,replay,v0.1.0,r2,0.38,M,,0,217.05,A3,0,,0,1
2021-05-13,0.486,mild,mid,2,replay,v0.1.0,r3,0.288,L,,0,111.45,A1,1,,0,1
2021-05-14,0.8704,boiling,high,2,replay,v0.1.0,r3,0.164,L,,0,93.4,A1,1,,0,1
2021-05-17,0.6714,warming,mid,2,replay,v0.1.0,r2,0.396,M,,0,262.96,A3,0,,0,1
2021-05-18,0.6356,warming,mid,2,replay,v0.1.0,r2,0.424,M,,0,178.64,A2,0,,0,1
2021-05-19,0.531,mild,mid,2,replay,v0.1.0,r2,0.408,M,,0,86.46,A1,0,,0,1
2021-05-20,0.6084,warming,mid,2,replay,v0.1.0,r2,0.412,M,,0,81.03,A1,0,,0,1
2021-05-21,0.5648,mild,mid,2,replay,v0.1.0,r3,0.18,L,,0,95.9,A1,1,,0,1
2021-05-24,0.7214,warming,high,2,replay,v0.1.0,r3,0.232,L,,0,178.95,A2,1,,0,1
2021-05-25,0.877,boiling,high,2,replay,v0.1.0,r3,0.236,L,,0,122.99,A2,1,,0,1
2021-05-26,0.7448,warming,high,2,replay,v0.1.0,r2,0.532,M,,0,315.27,A3,0,,0,1
2021-05-27,0.7574,warming,high,2,replay,v0.1.0,r2,0.52,M,accumulation,1,66.73,A1,0,0,0,1
2021-05-28,0.5844,mild,mid,2,replay,v0.1.0,r2,0.472,M,accumulation,1,174.02,A2,0,0,0,1
2021-05-31,0.7824,warming,high,2,replay,v0.1.0,r2,0.48,M,accumulation,1,134.17,A2,0,0,0,1
2021-06-01,0.7882,warming,high,2,replay,v0.1.0,r2,0.468,M,accumulation,1,93.91,A1,0,0,0,1
2021-06-02,0.5554,mild,mid,2,replay,v0.1.0,r2,0.456,M,euphoria,1,140.01,A2,0,1,0,1
2021-06-03,0.613,warming,mid,2,replay,v0.1.0,r2,0.464,M,accumulation,1,160.52,A2,0,0,0,1
2021-06-04,0.6742,warming,mid,2,replay,v0.1.0,r2,0.416,M,accumulation,1,112.19,A1,0,0,0,1
2021-06-07,0.7176,warming,high,2,replay,v0.1.0,r2,0.348,M,accumulation,1,216.63,A3,0,0,0,1
2021-06-08,0.626,warming,mid,2,replay,v0.1.0,r2,0.348,M,accumulation,1,83.05,A1,0,0,0,1
2021-06-09,0.6698,warming,mid,2,replay,v0.1.0,r2,0.38,M,,0,223.42,A3,0,,0,1
2021-06-10,0.7612,warming,high,2,replay,v0.1.0,r2,0.376,M,,0,72.75,A1,0,,0,1
2021-06-11,0.595,mild,mid,2,replay,v0.1.0,r2,0.32,L,,0,133.7,A2,0,,0,1
2021-06-15,0.544,mild,mid,2,replay,v0.1.0,r3,0.144,L,,0,118.47,A2,1,,0,1
2021-06-16,0.4836,mild,mid,2,replay,v0.1.0,r3,0.12,L,,0,168.8,A2,1,,0,1
2021-06-17,0.7116,warming,high,2,replay,v0.1.0,r3,0.276,L,distribution,1,171.4,A2,1,0,0,1
2021-06-18,0.7574,warming,high,2,replay,v0.1.0,r3,0.28,L,,0,97.65,A1,1,,0,1
2021-06-21,0.7466,warming,high,2,replay,v0.1.0,r3,0.272,L,,0,123.63,A2,1,,0,1
2021-06-22,0.788,warming,high,2,replay,v0.1.0,r3,0.236,L,,0,128.16,A2,1,,0,1
2021-06-23,0.74,warming,high,2,replay,v0.1.0,r3,0.244,L,,0,77.44,A1,1,,0,1
2021-06-24,0.638,warming,mid,2,replay,v0.1.0,r3,0.004,L,,0,119.5,A2,1,,0,1
2021-06-25,0.8148,boiling,high,2,replay,v0.1.0,r3,0.008,L,,0,77.28,A1,1,,0,1
2021-06-28,0.7424,warming,high,2,replay,v0.1.0,r3,0.012,L,,0,182.43,A2,1,,0,1
2021-06-29,0.4986,mild,mid,2,replay,v0.1.0,r3,0.016,L,,0,65.52,A1,1,,0,1
2021-06-30,0.7572,warming,high,2,replay,v0.1.0,r3,0.024,L,,0,125.46,A2,1,,0,1
2021-07-01,0.578,mild,mid,2,replay,v0.1.0,r3,0.032,L,,0,86.33,A1,1,,0,1
2021-07-02,0.5498,mild,mid,2,replay,v0.1.0,r3,0.024,L,,0,117.11,A2,1,,0,1
2021-07-05,0.781,warming,high,2,replay,v0.1.0,r2,0.308,L,distribution,1,216.52,A3,0,0,0,1
2021-07-06,0.7356,warming,high,2,replay,v0.1.0,r3,0.288,L,accumulation,1,99.0,A1,1,0,0,1
2021-07-07,0.8048,boiling,high,2,replay,v0.1.0,r3,0.288,L,distribution,1,125.15,A2,1,0,0,1
2021-07-08,0.5948,mild,mid,2,replay,v0.1.0,r2,0.324,L,accumulation,1,212.49,A3,0,0,0,1
2021-07-09,0.749,warming,high,2,replay,v0.1.0,r2,0.36,M,accumulation,1,140.39,A2,0,0,0,1
2021-07-12,0.8988,boiling,high,2,replay,v0.1.0,r2,0.32,L,accumulation,1,148.13,A2,0,0,0,1
2021-07-13,0.7946,warming,high,2,replay,v0.1.0,r2,0.372,M,accumulation,1,174.4,A2,0,0,0,1
2021-07-14,0.5724,mild,mid,2,replay,v0.1.0,r2,0.324,L,accumulation,1,76.26,A1,0,0,0,1
2021-07-15,0.7344,warming,high,2,replay,v0.1.0,r3,0.264,L,accumulation,1,108.41,A1,1,0,0,1
2021-07-16,0.6334,warming,mid,2,replay,v0.1.0,r2,0.344,M,accumulation,1,169.77,A2,0,0,0,1
2021-07-19,0.7184,warming,high,2,replay,v0.1.0,r2,0.404,M,accumulation,1,97.78,A1,0,0,0,1
2021-07-20,0.6688,warming,mid,2,replay,v0.1.0,r2,0.408,M,,0,143.99,A2,0,,0,1
2021-07-21,0.8678,boiling,high,2,replay,v0.1.0,r2,0.38,M,,0,90.82,A1,0,,0,1
2021-07-22,0.786,warming,high,2,replay,v0.1.0,r2,0.404,M,,0,74.67,A1,0,,0,1
2021-07-23,0.5746,mild,mid,2,replay,v0.1.0,r2,0.404,M,,0,64.71,A1,0,,0,1
2021-07-26,0.5336,mild,mid,2,replay,v0.1.0,r2,0.32,L,,0,127.16,A2,0,,0,1
2021-07-27,0.528,mild,mid,2,replay,v0.1.0,r1,0.668,M,distribution,1,409.9,A3,0,0,0,1
2021-07-28,0.6252,warming,mid,2,replay,v0.1.0,r1,0.764,H,distribution,1,389.56,A3,1,0,0,1
2021-07-29,0.9586,boiling,high,2,replay,v0.1.0,r1,0.76,H,distribution,1,258.28,A3,1,0,0,1
2021-07-30,0.7652,warming,high,2,replay,v0.1.0,r4,0.804,H,distribution,1,119.61,A2,1,0,0,1
2021-08-02,0.9762,boiling,high,2,replay,v0.1.0,r1,0.748,H,distribution,1,133.99,A2,1,0,0,1
2021-08-03,0.7406,warming,high,2,replay,v0.1.0,r4,0.824,H,distribution,1,369.9,A3,1,0,0,1
2021-08-04,0.8628,boiling,high,2,replay,v0.1.0,r4,0.828,H,distribution,1,134.81,A2,1,0,0,1
2021-08-05,0.6128,warming,mid,2,replay,v0.1.0,r4,0.82,H,expansion,1,121.01,A2,1,1,1,1
2021-08-06,0.6674,warming,mid,2,replay,v0.1.0,r4,0.808,H,expansion,1,152.04,A2,1,1,1,1
2021-08-09,0.9216,boiling,high,2,replay,v0.1.0,r4,0.816,H,expansion,1,106.31,A1,1,1,1,1
2021-08-10,0.9188,boiling,high,2,replay,v0.1.0,r4,0.828,H,expansion,1,243.03,A3,1,1,1,1
2021-08-11,0.7372,warming,high,2,replay,v0.1.0,r4,0.852,H,expansion,1,205.95,A3,1,1,1,1
2021-08-12,0.698,warming,mid,2,replay,v0.1.0,r4,0.84,H,expansion,1,98.89,A1,1,1,1,1
2021-08-13,0.6792,warming,mid,2,replay,v0.1.0,r4,0.804,H,expansion,1,106.58,A1,1,1,1,1
2021-08-16,0.7568,warming,high,2,replay,v0.1.0,r1,0.8,H,expansion,1,146.13,A2,1,1,1,1
2021-08-17,0.5076,mild,mid,2,replay,v0.1.0,r1,0.8,H,expansion,1,85.11,A1,1,1,1,1
2021-08-18,0.8908,boiling,high,2,replay,v0.1.0,r4,0.872,H,distribution,1,292.16,A3,1,0,0,1
2021-08-19,0.6394,warming,mid,2,replay,v0.1.0,r4,0.884,H,distribution,1,187.33,A2,1,0,0,1
2021-08-20,0.591,mild,mid,2,replay,v0.1.0,r4,0.884,H,distribution,1,110.3,A1,1,0,0,1
2021-08-23,0.9558,boiling,high,2,replay,v0.1.0,r4,0.892,H,distribution,1,237.3,A3,1,0,0,1
2021-08-24,0.8644,boiling,high,2,replay,v0.1.0,r1,0.796,H,expansion,1,167.05,A2,1,1,1,1
2021-08-25,0.8316,boiling,high,2,replay,v0.1.0,r1,0.652,M,expansion,1,130.97,A2,0,1,0,1
2021-08-26,0.6012,warming,mid,2,replay,v0.1.0,r1,0.656,M,expansion,1,69.54,A1,0,1,0,1
2021-08-27,0.7486,warming,high,2,replay,v0.1.0,r1,0.684,M,expansion,1,191.12,A3,0,1,0,1
2021-08-30,0.714,warming,high,2,replay,v0.1.0,r1,0.684,M,expansion,1,145.74,A2,0,1,0,1
2021-08-31,0.7442,warming,high,2,replay,v0.1.0,r2,0.452,M,expansion,1,127.83,A2,0,1,0,1
2021-09-01,0.8656,boiling,high,2,replay,v0.1.0,r2,0.452,M,accumulation,1,168.66,A2,0,0,0,1
2021-09-02,0.819,boiling,high,2,replay,v0.1.0,r2,0.504,M,accumulation,1,297.83,A3,0,0,0,1
2021-09-03,0.7664,warming,high,2,replay,v0.1.0,r2,0.496,M,accumulation,1,96.78,A1,0,0,0,1
2021-09-06,0.9442,boiling,high,2,replay,v0.1.0,r2,0.492,M,accumulation,1,118.66,A2,0,0,0,1
2021-09-07,0.9062,boiling,high,2,replay,v0.1.0,r2,0.552,M,,0,220.32,A3,0,,0,1
2021-09-08,0.7936,warming,high,2,replay,v0.1.0,r2,0.552,M,,0,183.16,A2,0,,0,1
2021-09-09,0.7264,warming,high,2,replay,v0.1.0,r2,0.544,M,,0,116.49,A1,0,,0,1
2021-09-10,0.7334,warming,high,2,replay,v0.1.0,r2,0.532,M,,0,81.17,A1,0,,0,1
2021-09-13,0.7576,warming,high,2,replay,v0.1.0,r2,0.536,M,,0,161.9,A2,0,,0,1
2021-09-14,0.555,mild,mid,2,replay,v0.1.0,r2,0.536,M,,0,129.34,A2,0,,0,1
2021-09-15,0.7222,warming,high,2,replay,v0.1.0,r2,0.452,M,,0,187.7,A2,0,,0,1
2021-09-16,0.5448,mild,mid,2,replay,v0.1.0,r2,0.448,M,,0,123.84,A2,0,,0,1
2021-09-17,0.7594,warming,high,2,replay,v0.1.0,r2,0.492,M,,0,150.8,A2,0,,0,1
2021-09-22,0.6682,warming,mid,2,replay,v0.1.0,r2,0.368,M,,0,149.82,A2,0,,0,1
2021-09-23,0.862,boiling,high,2,replay,v0.1.0,r2,0.312,L,,0,137.55,A2,0,,0,1
2021-09-24,0.576,mild,mid,2,replay,v0.1.0,r3,0.288,L,,0,82.05,A1,1,,0,1
2021-09-27,0.632,warming,mid,2,replay,v0.1.0,r3,0.288,L,,0,120.77,A2,1,,0,1
2021-09-28,0.7334,warming,high,2,replay,v0.1.0,r3,0.072,L,,0,144.45,A2,1,,0,1
2021-09-29,0.4656,mild,mid,2,replay,v0.1.0,r3,0.06,L,,0,112.3,A1,1,,0,1
2021-09-30,0.8204,boiling,high,2,replay,v0.1.0,r3,0.124,L,,0,140.71,A2,1,,0,1
2021-10-08,0.8782,boiling,high,2,replay,v0.1.0,,,,,0,,,,,0,1
2021-10-11,0.6466,warming,mid,2,replay,v0.1.0,r3,0.148,L,,0,92.48,A1,1,,0,1
2021-10-12,0.4406,mild,mid,2,replay,v0.1.0,r3,0.148,L,,0,107.3,A1,1,,0,1
2021-10-13,0.7468,warming,high,2,replay,v0.1.0,r3,0.2,L,,0,172.17,A2,1,,0,1
2021-10-14,0.5978,mild,mid,2,replay,v0.1.0,r3,0.076,L,,0,171.2,A2,1,,0,1
2021-10-15,0.5806,mild,mid,2,replay,v0.1.0,r3,0.04,L,,0,102.69,A1,1,,0,1
2021-10-18,0.6602,warming,mid,2,replay,v0.1.0,r3,0.044,L,,0,120.1,A2,1,,0,1
2021-10-19,0.7338,warming,high,2,replay,v0.1.0,r3,0.088,L,,0,157.58,A2,1,,0,1
2021-10-20,0.59,mild,mid,2,replay,v0.1.0,r3,0.104,L,,0,121.84,A2,1,,0,1
2021-10-21,0.586,mild,mid,2,replay,v0.1.0,r3,0.096,L,,0,92.66,A1,1,,0,1
2021-10-22,0.6172,warming,mid,2,replay,v0.1.0,r3,0.036,L,,0,106.48,A1,1,,0,1
2021-10-25,0.7434,warming,high,2,replay,v0.1.0,r3,0.032,L,,0,111.49,A1,1,,0,1
2021-10-26,0.5896,mild,mid,2,replay,v0.1.0,r3,0.012,L,,0,104.31,A1,1,,0,1
2021-10-27,0.4644,mild,mid,2,replay,v0.1.0,r3,0.012,L,,0,98.51,A1,1,,0,1
2021-10-28,0.5056,mild,mid,2,replay,v0.1.0,r3,0.028,L,,0,129.9,A2,1,,0,1
2021-10-29,0.8778,boiling,high,2,replay,v0.1.0,r3,0.036,L,,0,107.28,A1,1,,0,1
2021-11-01,0.7858,warming,high,2,replay,v0.1.0,r3,0.048,L,,0,109.05,A1,1,,0,1
2021-11-02,0.5234,mild,mid,2,replay,v0.1.0,r3,0.048,L,,0,102.42,A1,1,,0,1
2021-11-03,0.712,warming,high,2,replay,v0.1.0,r3,0.068,L,,0,231.94,A3,1,,0,1
2021-11-04,0.8574,boiling,high,2,replay,v0.1.0,r3,0.06,L,,0,112.37,A1,1,,0,1
2021-11-05,0.6094,warming,mid,2,replay,v0.1.0,r3,0.068,L,,0,80.97,A1,1,,0,1
2021-11-08,0.7292,warming,high,2,replay,v0.1.0,r3,0.028,L,,0,98.66,A1,1,,0,1
2021-11-09,0.751,warming,high,2,replay,v0.1.0,r3,0.028,L,,0,79.3,A1,1,,0,1
2021-11-10,0.7124,warming,high,2,replay,v0.1.0,r3,0.016,L,,0,107.55,A1,1,,0,1
2021-11-11,0.8722,boiling,high,2,replay,v0.1.0,r3,0.012,L,,0,163.05,A2,1,,0,1
2021-11-12,0.7332,warming,high,2,replay,v0.1.0,r3,0.056,L,,0,185.97,A2,1,,0,1
2021-11-15,0.7776,warming,high,2,replay,v0.1.0,r3,0.048,L,,0,68.8,A1,1,,0,1
2021-11-16,0.5714,mild,mid,2,replay,v0.1.0,r3,0.02,L,,0,87.71,A1,1,,0,1
2021-11-17,0.7784,warming,high,2,replay,v0.1.0,r3,0.016,L,,0,79.64,A1,1,,0,1
2021-11-18,0.5224,mild,mid,2,replay,v0.1.0,r3,0.016,L,,0,55.29,A1,1,,0,1
2021-11-19,0.865,boiling,high,2,replay,v0.1.0,r3,0.024,L,,0,84.18,A1,1,,0,1
2021-11-22,0.7834,warming,high,2,replay,v0.1.0,r3,0.044,L,,0,130.88,A2,1,,0,1
2021-11-23,0.7396,warming,high,2,replay,v0.1.0,r3,0.048,L,euphoria,1,52.56,A1,1,1,1,1
2021-11-24,0.7092,warming,high,2,replay,v0.1.0,r3,0.044,L,euphoria,1,62.46,A1,1,1,1,1
2021-11-25,0.616,warming,mid,2,replay,v0.1.0,r3,0.012,L,euphoria,1,73.02,A1,1,1,1,1
2021-11-26,0.5496,mild,mid,2,replay,v0.1.0,r3,0.012,L,,0,60.19,A1,1,,0,1
2021-11-29,0.614,warming,mid,2,replay,v0.1.0,r3,0.012,L,,0,73.95,A1,1,,0,1
2021-11-30,0.7546,warming,high,2,replay,v0.1.0,r3,0.012,L,,0,82.61,A1,1,,0,1
2021-12-01,0.8188,boiling,high,2,replay,v0.1.0,r3,0.004,L,,0,125.65,A2,1,,0,1
2021-12-02,0.5816,mild,mid,2,replay,v0.1.0,r3,0.004,L,,0,42.61,A1,1,,0,1
2021-12-03,0.7906,warming,high,2,replay,v0.1.0,r3,0.004,L,,0,75.48,A1,1,,0,1
2021-12-06,0.5402,mild,mid,2,replay,v0.1.0,r3,0.008,L,,0,98.15,A1,1,,0,1
2021-12-07,0.683,warming,mid,2,replay,v0.1.0,r3,0.012,L,,0,112.46,A1,1,,0,1
2021-12-08,0.8632,boiling,high,2,replay,v0.1.0,r3,0.016,L,,0,78.85,A1,1,,0,1
2021-12-09,0.855,boiling,high,2,replay,v0.1.0,r3,0.044,L,,0,162.41,A2,1,,0,1
2021-12-10,0.6696,warming,mid,2,replay,v0.1.0,r3,0.052,L,,0,230.15,A3,1,,0,1
2021-12-13,0.7686,warming,high,2,replay,v0.1.0,r3,0.06,L,,0,48.06,A1,1,,0,1
2021-12-14,0.6646,warming,mid,2,replay,v0.1.0,r3,0.064,L,,0,125.95,A2,1,,0,1
2021-12-15,0.6006,warming,mid,2,replay,v0.1.0,r3,0.08,L,,0,71.75,A1,1,,0,1
2021-12-16,0.7864,warming,high,2,replay,v0.1.0,r3,0.116,L,,0,112.36,A1,1,,0,1
2021-12-17,0.4986,mild,mid,2,replay,v0.1.0,r3,0.08,L,,0,94.89,A1,1,,0,1
2021-12-20,0.5088,mild,mid,2,replay,v0.1.0,r3,0.16,L,,0,134.13,A2,1,,0,1
2021-12-21,0.794,warming,high,2,replay,v0.1.0,r3,0.216,L,distribution,1,200.59,A3,1,0,0,1
2021-12-22,0.6532,warming,mid,2,replay,v0.1.0,r3,0.22,L,,0,91.97,A1,1,,0,1
2021-12-23,0.6186,warming,mid,2,replay,v0.1.0,r3,0.22,L,,0,68.03,A1,1,,0,1
2021-12-24,0.4886,mild,mid,2,replay,v0.1.0,r3,0.228,L,,0,85.27,A1,1,,0,1
2021-12-27,0.6582,warming,mid,2,replay,v0.1.0,r3,0.22,L,distribution,1,118.98,A2,1,0,0,1
2021-12-28,0.7384,warming,high,2,replay,v0.1.0,r3,0.22,L,,0,92.58,A1,1,,0,1
2021-12-29,0.4934,mild,mid,2,replay,v0.1.0,r3,0.236,L,,0,92.51,A1,1,,0,1
2021-12-30,0.7672,warming,high,2,replay,v0.1.0,r2,0.324,L,distribution,1,151.59,A2,0,0,0,1
2021-12-31,0.7358,warming,high,2,replay,v0.1.0,r2,0.34,M,,0,126.03,A2,0,,0,1
2022-01-04,0.7882,warming,high,2,replay,v0.1.0,r2,0.32,L,,0,55.13,A1,0,,0,1
2022-01-05,0.5338,mild,mid,2,replay,v0.1.0,r2,0.324,L,,0,175.31,A2,0,,0,1
2022-01-06,0.6886,warming,mid,2,replay,v0.1.0,r2,0.352,M,,0,131.01,A2,0,,0,1
2022-01-07,0.5562,mild,mid,2,replay,v0.1.0,r3,0.276,L,,0,146.9,A2,1,,0,1
2022-01-10,0.7656,warming,high,2,replay,v0.1.0,r3,0.18,L,,0,79.72,A1,1,,0,1
2022-01-11,0.519,mild,mid,2,replay,v0.1.0,r3,0.192,L,,0,132.1,A2,1,,0,1
2022-01-12,0.8236,boiling,high,2,replay,v0.1.0,r3,0.192,L,,0,121.88,A2,1,,0,1
2022-01-13,0.454,mild,mid,2,replay,v0.1.0,r3,0.224,L,expansion,1,86.76,A1,1,1,1,1
2022-01-14,0.5262,mild,mid,2,replay,v0.1.0,r3,0.28,L,expansion,1,180.96,A2,1,1,1,1
2022-01-17,0.84,boiling,high,2,replay,v0.1.0,r3,0.268,L,distribution,1,84.55,A1,1,0,0,1
2022-01-18,0.648,warming,mid,2,replay,v0.1.0,r3,0.252,L,expansion,1,102.63,A1,1,1,1,1
2022-01-19,0.6008,warming,mid,2,replay,v0.1.0,r3,0.224,L,expansion,1,164.43,A2,1,1,1,1
2022-01-20,0.5838,mild,mid,2,replay,v0.1.0,r3,0.212,L,distribution,1,151.21,A2,1,0,0,1
2022-01-21,0.4332,mild,mid,2,replay,v0.1.0,r3,0.264,L,distribution,1,141.12,A2,1,0,0,1
2022-01-24,0.5164,mild,mid,2,replay,v0.1.0,r3,0.256,L,distribution,1,115.93,A1,1,0,0,1
2022-01-25,0.333,cooling,low,2,replay,v0.1.0,r3,0.256,L,distribution,1,114.96,A1,1,0,0,1
2022-01-26,0.691,warming,mid,2,replay,v0.1.0,r2,0.432,M,distribution,1,216.59,A3,0,0,0,1
2022-01-27,0.3058,cooling,low,2,replay,v0.1.0,r2,0.428,M,distribution,1,150.86,A2,0,0,0,1
2022-01-28,0.5876,mild,mid,2,replay,v0.1.0,r2,0.492,M,distribution,1,196.28,A3,0,0,0,1
2022-02-07,0.7608,warming,high,2,replay,v0.1.0,,,,,0,,,,,0,1
2022-02-08,0.658,warming,mid,2,replay,v0.1.0,r2,0.592,M,distribution,1,124.26,A2,0,0,0,1
2022-02-09,0.7694,warming,high,2,replay,v0.1.0,r2,0.6,M,distribution,1,224.73,A3,0,0,0,1
2022-02-10,0.5062,mild,mid,2,replay,v0.1.0,r1,0.628,M,distribution,1,139.27,A2,0,0,0,1
2022-02-11,0.401,mild,mid,2,replay,v0.1.0,r1,0.604,M,distribution,1,105.47,A1,0,0,0,1
2022-02-14,0.4754,mild,mid,2,replay,v0.1.0,r1,0.612,M,distribution,1,144.48,A2,0,0,0,1
2022-02-15,0.6376,warming,mid,2,replay,v0.1.0,r1,0.624,M,distribution,1,138.82,A2,0,0,0,1
2022-02-16,0.7012,warming,high,2,replay,v0.1.0,r1,0.664,M,distribution,1,111.8,A1,0,0,0,1
2022-02-17,0.5264,mild,mid,2,replay,v0.1.0,r1,0.64,M,distribution,1,77.66,A1,0,0,0,1
2022-02-18,0.672,warming,mid,2,replay,v0.1.0,r2,0.572,M,distribution,1,93.59,A1,0,0,0,1
2022-02-21,0.6644,warming,mid,2,replay,v0.1.0,r2,0.564,M,distribution,1,115.62,A1,0,0,0,1
2022-02-22,0.3744,cooling,low,2,replay,v0.1.0,r2,0.52,M,,0,71.82,A1,0,,0,1
2022-02-23,0.8358,boiling,high,2,replay,v0.1.0,r2,0.52,M,distribution,1,111.41,A1,0,0,0,1
2022-02-24,0.4974,mild,mid,2,replay,v0.1.0,r2,0.588,M,expansion,1,100.41,A1,0,1,0,1
2022-02-25,0.8038,boiling,high,2,replay,v0.1.0,r1,0.676,M,distribution,1,266.55,A3,0,0,0,1
2022-02-28,0.5658,mild,mid,2,replay,v0.1.0,r1,0.7,M,expansion,1,109.45,A1,0,1,0,1
2022-03-01,0.7472,warming,high,2,replay,v0.1.0,r1,0.704,H,,0,111.68,A1,1,,0,1
2022-03-02,0.549,mild,mid,2,replay,v0.1.0,r2,0.556,M,,0,85.93,A1,0,,0,1
2022-03-03,0.5296,mild,mid,2,replay,v0.1.0,r2,0.552,M,,0,77.45,A1,0,,0,1
2022-03-04,0.4096,mild,mid,2,replay,v0.1.0,r2,0.392,M,expansion,1,119.63,A2,0,1,0,1
2022-03-07,0.393,cooling,low,2,replay,v0.1.0,r2,0.392,M,expansion,1,128.29,A2,0,1,0,1
2022-03-08,0.4208,mild,mid,2,replay,v0.1.0,r1,0.7,M,expansion,1,278.36,A3,0,1,0,1
2022-03-09,0.5012,mild,mid,2,replay,v0.1.0,r1,0.76,H,,0,300.6,A3,1,,0,1
2022-03-10,0.8734,boiling,high,2,replay,v0.1.0,r1,0.748,H,capitulation,1,551.95,A3,1,0,0,1
2022-03-11,0.7316,warming,high,2,replay,v0.1.0,r1,0.8,H,,0,109.01,A1,1,,0,1
2022-03-14,0.3414,cooling,low,2,replay,v0.1.0,r4,0.808,H,,0,329.91,A3,1,,0,1
2022-03-15,0.415,mild,mid,2,replay,v0.1.0,r4,0.832,H,,0,248.58,A3,1,,0,1
2022-03-16,0.934,boiling,high,2,replay,v0.1.0,r4,0.924,H,capitulation,1,435.37,A3,1,0,0,1
2022-03-17,0.946,boiling,high,2,replay,v0.1.0,r4,0.988,H,,0,556.93,A3,1,,0,1
2022-03-18,0.7634,warming,high,2,replay,v0.1.0,r4,1.0,H,,0,200.44,A3,1,,0,1
2022-03-21,0.7024,warming,high,2,replay,v0.1.0,r4,1.0,H,,0,209.63,A3,1,,0,1
2022-03-22,0.531,mild,mid,2,replay,v0.1.0,r4,1.0,H,,0,151.4,A2,1,,0,1
2022-03-23,0.6084,warming,mid,2,replay,v0.1.0,r4,0.988,H,,0,109.67,A1,1,,0,1
2022-03-24,0.3914,cooling,low,2,replay,v0.1.0,r4,0.984,H,,0,106.85,A1,1,,0,1
2022-03-25,0.4236,mild,mid,2,replay,v0.1.0,r4,0.98,H,,0,134.39,A2,1,,0,1
2022-03-28,0.4636,mild,mid,2,replay,v0.1.0,r4,0.98,H,,0,190.42,A3,1,,0,1
2022-03-29,0.4116,mild,mid,2,replay,v0.1.0,r4,0.972,H,,0,200.59,A3,1,,0,1
2022-03-30,0.8184,boiling,high,2,replay,v0.1.0,r4,0.964,H,,0,126.32,A2,1,,0,1
2022-03-31,0.5368,mild,mid,2,replay,v0.1.0,r4,1.0,H,,0,224.31,A3,1,,0,1
2022-04-01,0.6236,warming,mid,2,replay,v0.1.0,r4,1.0,H,,0,77.5,A1,1,,0,1
2022-04-06,0.6616,warming,mid,2,replay,v0.1.0,r4,1.0,H,expansion,1,239.57,A3,1,1,1,1
2022-04-07,0.3382,cooling,low,2,replay,v0.1.0,r4,0.968,H,expansion,1,95.78,A1,1,1,1,1
2022-04-08,0.5258,mild,mid,2,replay,v0.1.0,r4,0.948,H,expansion,1,170.68,A2,1,1,1,1
2022-04-11,0.3374,cooling,low,2,replay,v0.1.0,r4,0.944,H,expansion,1,147.82,A2,1,1,1,1
2022-04-12,0.7924,warming,high,2,replay,v0.1.0,r4,0.98,H,expansion,1,272.85,A3,1,1,1,1
2022-04-13,0.3508,cooling,low,2,replay,v0.1.0,r4,0.996,H,expansion,1,253.89,A3,1,1,1,1
2022-04-14,0.72,warming,high,2,replay,v0.1.0,r4,0.956,H,capitulation,1,130.7,A2,1,0,0,1
2022-04-15,0.4282,mild,mid,2,replay,v0.1.0,r4,0.924,H,capitulation,1,147.41,A2,1,0,0,1
2022-04-18,0.5426,mild,mid,2,replay,v0.1.0,r4,0.836,H,expansion,1,140.18,A2,1,1,1,1
2022-04-19,0.5082,mild,mid,2,replay,v0.1.0,r4,0.82,H,expansion,1,124.61,A2,1,1,1,1
2022-04-20,0.3394,cooling,low,2,replay,v0.1.0,r4,0.82,H,expansion,1,171.84,A2,1,1,1,1
2022-04-21,0.2978,cooling,low,2,replay,v0.1.0,r4,0.828,H,expansion,1,183.2,A2,1,1,1,1
2022-04-22,0.4844,mild,mid,2,replay,v0.1.0,r4,0.84,H,expansion,1,266.92,A3,1,1,1,1
2022-04-25,0.299,cooling,low,2,replay,v0.1.0,r4,0.836,H,expansion,1,210.12,A3,1,1,1,1
2022-04-26,0.3422,cooling,low,2,replay,v0.1.0,r4,0.924,H,expansion,1,364.31,A3,1,1,1,1
2022-04-27,0.8,warming,high,2,replay,v0.1.0,r4,0.92,H,capitulation,1,256.25,A3,1,0,0,1
2022-04-28,0.474,mild,mid,2,replay,v0.1.0,r4,0.924,H,capitulation,1,368.91,A3,1,0,0,1
2022-04-29,0.821,boiling,high,2,replay,v0.1.0,r4,0.924,H,capitulation,1,179.87,A2,1,0,0,1
2022-05-05,0.6608,warming,mid,2,replay,v0.1.0,r4,0.916,H,capitulation,1,301.7,A3,1,0,0,1
2022-05-06,0.3128,cooling,low,2,replay,v0.1.0,r4,0.912,H,capitulation,1,127.07,A2,1,0,0,1
2022-05-09,0.5882,mild,mid,2,replay,v0.1.0,r4,0.92,H,capitulation,1,115.02,A1,1,0,0,1
2022-05-10,0.738,warming,high,2,replay,v0.1.0,r4,0.92,H,capitulation,1,152.34,A2,1,0,0,1
2022-05-11,0.7146,warming,high,2,replay,v0.1.0,r4,0.924,H,capitulation,1,324.84,A3,1,0,0,1
2022-05-12,0.5758,mild,mid,2,replay,v0.1.0,r4,0.924,H,capitulation,1,298.07,A3,1,0,0,1
2022-05-13,0.6084,warming,mid,2,replay,v0.1.0,r4,0.892,H,capitulation,1,127.44,A2,1,0,0,1
2022-05-16,0.4478,mild,mid,2,replay,v0.1.0,r4,0.888,H,capitulation,1,117.25,A2,1,0,0,1
2022-05-17,0.5536,mild,mid,2,replay,v0.1.0,r4,0.884,H,capitulation,1,175.04,A2,1,0,0,1
2022-05-18,0.535,mild,mid,2,replay,v0.1.0,r4,0.88,H,capitulation,1,128.2,A2,1,0,0,1
2022-05-19,0.5746,mild,mid,2,replay,v0.1.0,r4,0.876,H,capitulation,1,130.98,A2,1,0,0,1
2022-05-20,0.769,warming,high,2,replay,v0.1.0,r4,0.884,H,capitulation,1,167.2,A2,1,0,0,1
2022-05-23,0.6088,warming,mid,2,replay,v0.1.0,r4,0.892,H,capitulation,1,141.21,A2,1,0,0,1
2022-05-24,0.3478,cooling,low,2,replay,v0.1.0,r4,0.884,H,capitulation,1,127.15,A2,1,0,0,1
2022-05-25,0.698,warming,mid,2,replay,v0.1.0,r4,0.892,H,capitulation,1,238.42,A3,1,0,0,1
2022-05-26,0.5814,mild,mid,2,replay,v0.1.0,r4,0.892,H,capitulation,1,92.96,A1,1,0,0,1
2022-05-27,0.498,mild,mid,2,replay,v0.1.0,r1,0.76,H,capitulation,1,194.37,A3,1,0,0,1
2022-05-30,0.6406,warming,mid,2,replay,v0.1.0,r1,0.736,H,expansion,1,168.44,A2,1,1,1,1
2022-05-31,0.7492,warming,high,2,replay,v0.1.0,r1,0.708,H,expansion,1,93.11,A1,1,1,1,1
2022-06-01,0.5664,mild,mid,2,replay,v0.1.0,r1,0.72,H,accumulation,1,188.06,A2,1,0,0,1
2022-06-02,0.6222,warming,mid,2,replay,v0.1.0,r1,0.68,M,accumulation,1,88.21,A1,0,0,0,1
2022-06-06,0.8752,boiling,high,2,replay,v0.1.0,r1,0.676,M,accumulation,1,81.79,A1,0,0,0,1
2022-06-07,0.5752,mild,mid,2,replay,v0.1.0,r2,0.48,M,accumulation,1,251.09,A3,0,0,0,1
2022-06-08,0.654,warming,mid,2,replay,v0.1.0,r2,0.432,M,accumulation,1,103.03,A1,0,0,0,1
2022-06-09,0.3788,cooling,low,2,replay,v0.1.0,r2,0.424,M,accumulation,1,159.49,A2,0,0,0,1
2022-06-10,0.8542,boiling,high,2,replay,v0.1.0,r2,0.46,M,accumulation,1,158.06,A2,0,0,0,1
2022-06-13,0.5702,mild,mid,2,replay,v0.1.0,r2,0.496,M,accumulation,1,243.94,A3,0,0,0,1
2022-06-14,0.6732,warming,mid,2,replay,v0.1.0,r2,0.584,M,accumulation,1,146.67,A2,0,0,0,1
2022-06-15,0.7738,warming,high,2,replay,v0.1.0,r2,0.552,M,accumulation,1,292.43,A3,0,0,0,1
2022-06-16,0.6628,warming,mid,2,replay,v0.1.0,r2,0.556,M,euphoria,1,284.11,A3,0,1,0,1
2022-06-17,0.717,warming,high,2,replay,v0.1.0,r2,0.576,M,euphoria,1,144.42,A2,0,1,0,1
2022-06-20,0.8022,boiling,high,2,replay,v0.1.0,r1,0.624,M,accumulation,1,237.22,A3,0,0,0,1
2022-06-21,0.5718,mild,mid,2,replay,v0.1.0,r2,0.512,M,euphoria,1,163.02,A2,0,1,0,1
2022-06-22,0.3846,cooling,low,2,replay,v0.1.0,r2,0.48,M,accumulation,1,162.2,A2,0,0,0,1
2022-06-23,0.862,boiling,high,2,replay,v0.1.0,r2,0.32,L,accumulation,1,147.58,A2,0,0,0,1
2022-06-24,0.8174,boiling,high,2,replay,v0.1.0,r2,0.364,M,euphoria,1,193.97,A3,0,1,0,1
2022-06-27,0.8004,boiling,high,2,replay,v0.1.0,r2,0.38,M,euphoria,1,125.32,A2,0,1,0,1
2022-06-28,0.878,boiling,high,2,replay,v0.1.0,r2,0.38,M,euphoria,1,132.21,A2,0,1,0,1
2022-06-29,0.5088,mild,mid,2,replay,v0.1.0,r2,0.388,M,euphoria,1,203.8,A3,0,1,0,1
2022-06-30,0.7928,warming,high,2,replay,v0.1.0,r2,0.528,M,accumulation,1,199.27,A3,0,0,0,1
2022-07-01,0.5452,mild,mid,2,replay,v0.1.0,r2,0.544,M,accumulation,1,219.39,A3,0,0,0,1
2022-07-04,0.7154,warming,high,2,replay,v0.1.0,r2,0.564,M,,0,115.16,A1,0,,0,1
2022-07-05,0.5738,mild,mid,2,replay,v0.1.0,r2,0.472,M,,0,153.38,A2,0,,0,1
2022-07-06,0.4624,mild,mid,2,replay,v0.1.0,r2,0.476,M,,0,201.69,A3,0,,0,1
2022-07-07,0.664,warming,mid,2,replay,v0.1.0,r1,0.616,M,,0,203.2,A3,0,,0,1
2022-07-08,0.599,mild,mid,2,replay,v0.1.0,r2,0.532,M,,0,149.48,A2,0,,0,1
2022-07-11,0.4266,mild,mid,2,replay,v0.1.0,r2,0.46,M,,0,117.72,A2,0,,0,1
2022-07-12,0.3982,cooling,low,2,replay,v0.1.0,r2,0.544,M,,0,171.51,A2,0,,0,1
2022-07-13,0.674,warming,mid,2,replay,v0.1.0,r2,0.584,M,distribution,1,169.37,A2,0,0,0,1
2022-07-14,0.6248,warming,mid,2,replay,v0.1.0,r2,0.516,M,,0,131.06,A2,0,,0,1
2022-07-15,0.432,mild,mid,2,replay,v0.1.0,r2,0.468,M,,0,137.72,A2,0,,0,1
2022-07-18,0.8116,boiling,high,2,replay,v0.1.0,r2,0.536,M,distribution,1,224.05,A3,0,0,0,1
2022-07-19,0.6444,warming,mid,2,replay,v0.1.0,r2,0.58,M,distribution,1,195.37,A3,0,0,0,1
2022-07-20,0.6568,warming,mid,2,replay,v0.1.0,r2,0.596,M,,0,115.71,A1,0,,0,1
2022-07-21,0.4614,mild,mid,2,replay,v0.1.0,r2,0.512,M,,0,77.83,A1,0,,0,1
2022-07-22,0.522,mild,mid,2,replay,v0.1.0,r2,0.392,M,,0,110.3,A1,0,,0,1
2022-07-25,0.4164,mild,mid,2,replay,v0.1.0,r2,0.344,M,distribution,1,160.31,A2,0,0,0,1
2022-07-26,0.692,warming,mid,2,replay,v0.1.0,r2,0.308,L,distribution,1,77.75,A1,0,0,0,1
2022-07-27,0.5478,mild,mid,2,replay,v0.1.0,r3,0.292,L,distribution,1,107.72,A1,1,0,0,1
2022-07-28,0.6528,warming,mid,2,replay,v0.1.0,r3,0.232,L,,0,58.59,A1,1,,0,1
2022-07-29,0.4402,mild,mid,2,replay,v0.1.0,r3,0.144,L,,0,105.82,A1,1,,0,1
2022-08-01,0.6268,warming,mid,2,replay,v0.1.0,r3,0.172,L,distribution,1,195.53,A3,1,0,0,1
2022-08-02,0.4542,mild,mid,2,replay,v0.1.0,r3,0.16,L,,0,161.32,A2,1,,0,1
2022-08-03,0.5462,mild,mid,2,replay,v0.1.0,r3,0.264,L,distribution,1,176.02,A2,1,0,0,1
2022-08-04,0.7314,warming,high,2,replay,v0.1.0,r3,0.22,L,distribution,1,225.53,A3,1,0,0,1
2022-08-05,0.774,warming,high,2,replay,v0.1.0,r3,0.272,L,,0,106.37,A1,1,,0,1
2022-08-08,0.662,warming,mid,2,replay,v0.1.0,r2,0.368,M,,0,149.96,A2,0,,0,1
2022-08-09,0.5666,mild,mid,2,replay,v0.1.0,r2,0.312,L,,0,49.85,A1,0,,0,1
2022-08-10,0.491,mild,mid,2,replay,v0.1.0,r2,0.304,L,,0,73.32,A1,0,,0,1
2022-08-11,0.8526,boiling,high,2,replay,v0.1.0,r2,0.324,L,,0,164.47,A2,0,,0,1
2022-08-12,0.558,mild,mid,2,replay,v0.1.0,r2,0.476,M,,0,188.22,A2,0,,0,1
2022-08-15,0.5636,mild,mid,2,replay,v0.1.0,r2,0.396,M,,0,65.51,A1,0,,0,1
2022-08-16,0.6452,warming,mid,2,replay,v0.1.0,r2,0.364,M,,0,109.14,A1,0,,0,1
2022-08-17,0.7008,warming,high,2,replay,v0.1.0,r2,0.364,M,,0,91.35,A1,0,,0,1
2022-08-18,0.5362,mild,mid,2,replay,v0.1.0,r2,0.392,M,,0,161.67,A2,0,,0,1
2022-08-19,0.5232,mild,mid,2,replay,v0.1.0,r2,0.38,M,,0,91.23,A1,0,,0,1
2022-08-22,0.7174,warming,high,2,replay,v0.1.0,r2,0.388,M,,0,82.86,A1,0,,0,1
2022-08-23,0.5674,mild,mid,2,replay,v0.1.0,r2,0.404,M,,0,119.58,A2,0,,0,1
2022-08-24,0.4484,mild,mid,2,replay,v0.1.0,r2,0.384,M,,0,95.75,A1,0,,0,1
2022-08-25,0.6108,warming,mid,2,replay,v0.1.0,r2,0.484,M,distribution,1,228.06,A3,0,0,0,1
2022-08-26,0.4902,mild,mid,2,replay,v0.1.0,r2,0.536,M,distribution,1,148.71,A2,0,0,0,1
2022-08-29,0.5634,mild,mid,2,replay,v0.1.0,r2,0.472,M,distribution,1,89.9,A1,0,0,0,1
2022-08-30,0.4922,mild,mid,2,replay,v0.1.0,r2,0.464,M,distribution,1,82.06,A1,0,0,0,1
2022-08-31,0.4836,mild,mid,2,replay,v0.1.0,r2,0.344,M,,0,109.13,A1,0,,0,1
2022-09-01,0.4038,mild,mid,2,replay,v0.1.0,r2,0.304,L,distribution,1,163.24,A2,0,0,0,1
2022-09-02,0.5876,mild,mid,2,replay,v0.1.0,r3,0.3,L,distribution,1,122.37,A2,1,0,0,1
2022-09-05,0.507,mild,mid,2,replay,v0.1.0,r3,0.192,L,distribution,1,126.44,A2,1,0,0,1
2022-09-06,0.7214,warming,high,2,replay,v0.1.0,r3,0.192,L,distribution,1,85.43,A1,1,0,0,1
2022-09-07,0.5436,mild,mid,2,replay,v0.1.0,r3,0.236,L,distribution,1,110.37,A1,1,0,0,1
2022-09-08,0.3824,cooling,low,2,replay,v0.1.0,r3,0.192,L,distribution,1,97.13,A1,1,0,0,1
2022-09-09,0.5914,mild,mid,2,replay,v0.1.0,r3,0.048,L,distribution,1,78.19,A1,1,0,0,1
2022-09-13,0.549,mild,mid,2,replay,v0.1.0,r3,0.12,L,distribution,1,140.13,A2,1,0,0,1
2022-09-14,0.3316,cooling,low,2,replay,v0.1.0,r3,0.124,L,distribution,1,75.32,A1,1,0,0,1
2022-09-15,0.3736,cooling,low,2,replay,v0.1.0,r3,0.164,L,distribution,1,101.38,A1,1,0,0,1
2022-09-16,0.2926,cooling,low,2,replay,v0.1.0,r3,0.152,L,distribution,1,220.54,A3,1,0,0,1
2022-09-19,0.3998,cooling,low,2,replay,v0.1.0,r2,0.356,M,distribution,1,216.09,A3,0,0,0,1
2022-09-20,0.6506,warming,mid,2,replay,v0.1.0,r2,0.356,M,distribution,1,110.32,A1,0,0,0,1
2022-09-21,0.5142,mild,mid,2,replay,v0.1.0,r2,0.304,L,distribution,1,90.88,A1,0,0,0,1
2022-09-22,0.3804,cooling,low,2,replay,v0.1.0,r2,0.316,L,distribution,1,102.41,A1,0,0,0,1
2022-09-23,0.3534,cooling,low,2,replay,v0.1.0,r3,0.196,L,,0,103.32,A1,1,,0,1
2022-09-26,0.3578,cooling,low,2,replay,v0.1.0,r3,0.128,L,,0,151.9,A2,1,,0,1
2022-09-27,0.739,warming,high,2,replay,v0.1.0,r3,0.14,L,,0,170.7,A2,1,,0,1
2022-09-28,0.2798,cooling,low,2,replay,v0.1.0,r3,0.288,L,,0,169.35,A2,1,,0,1
2022-09-29,0.445,mild,mid,2,replay,v0.1.0,r2,0.42,M,,0,132.47,A2,0,,0,1
2022-09-30,0.377,cooling,low,2,replay,v0.1.0,r2,0.408,M,expansion,1,166.99,A2,0,1,0,1
2022-10-10,0.2898,cooling,low,2,replay,v0.1.0,,,,,0,,,,,0,1
2022-10-11,0.5816,mild,mid,2,replay,v0.1.0,r2,0.548,M,,0,241.03,A3,0,,0,1
2022-10-12,0.7508,warming,high,2,replay,v0.1.0,r2,0.552,M,,0,90.43,A1,0,,0,1
2022-10-13,0.5348,mild,mid,2,replay,v0.1.0,r1,0.644,M,,0,329.8,A3,0,,0,1
2022-10-14,0.7994,warming,high,2,replay,v0.1.0,r1,0.648,M,expansion,1,90.41,A1,0,1,0,1
2022-10-17,0.6848,warming,mid,2,replay,v0.1.0,r1,0.784,H,expansion,1,217.77,A3,1,1,1,1
2022-10-18,0.5026,mild,mid,2,replay,v0.1.0,r1,0.772,H,expansion,1,105.96,A1,1,1,1,1
2022-10-19,0.3296,cooling,low,2,replay,v0.1.0,r1,0.764,H,expansion,1,101.01,A1,1,1,1,1
2022-10-20,0.4578,mild,mid,2,replay,v0.1.0,r1,0.776,H,expansion,1,167.11,A2,1,1,1,1
2022-10-21,0.4866,mild,mid,2,replay,v0.1.0,r1,0.772,H,expansion,1,206.75,A3,1,1,1,1
2022-10-24,0.3652,cooling,low,2,replay,v0.1.0,r1,0.648,M,expansion,1,117.21,A2,0,1,0,1
2022-10-25,0.4992,mild,mid,2,replay,v0.1.0,r1,0.784,H,expansion,1,381.37,A3,1,1,1,1
2022-10-26,0.7776,warming,high,2,replay,v0.1.0,r1,0.78,H,expansion,1,209.92,A3,1,1,1,1
2022-10-27,0.532,mild,mid,2,replay,v0.1.0,r1,0.796,H,expansion,1,185.97,A2,1,1,1,1
2022-10-28,0.3458,cooling,low,2,replay,v0.1.0,r1,0.792,H,expansion,1,147.29,A2,1,1,1,1
2022-10-31,0.5898,mild,mid,2,replay,v0.1.0,r4,0.808,H,expansion,1,236.77,A3,1,1,1,1
2022-11-01,0.8634,boiling,high,2,replay,v0.1.0,r4,0.808,H,capitulation,1,163.9,A2,1,0,0,1
2022-11-02,0.8506,boiling,high,2,replay,v0.1.0,r4,0.836,H,expansion,1,331.12,A3,1,1,1,1
2022-11-03,0.537,mild,mid,2,replay,v0.1.0,r4,0.836,H,expansion,1,255.97,A3,1,1,1,1
2022-11-04,0.922,boiling,high,2,replay,v0.1.0,r4,0.836,H,expansion,1,114.29,A1,1,1,1,1
2022-11-07,0.7232,warming,high,2,replay,v0.1.0,r4,0.848,H,expansion,1,373.23,A3,1,1,1,1
2022-11-08,0.4718,mild,mid,2,replay,v0.1.0,r4,0.836,H,expansion,1,123.64,A2,1,1,1,1
2022-11-09,0.436,mild,mid,2,replay,v0.1.0,r4,0.84,H,expansion,1,147.81,A2,1,1,1,1
2022-11-10,0.4596,mild,mid,2,replay,v0.1.0,r4,0.828,H,expansion,1,131.01,A2,1,1,1,1
2022-11-11,0.8604,boiling,high,2,replay,v0.1.0,r4,0.824,H,expansion,1,98.95,A1,1,1,1,1
2022-11-14,0.6594,warming,mid,2,replay,v0.1.0,r4,0.84,H,expansion,1,215.99,A3,1,1,1,1
2022-11-15,0.9032,boiling,high,2,replay,v0.1.0,r4,0.84,H,expansion,1,174.51,A2,1,1,1,1
2022-11-16,0.518,mild,mid,2,replay,v0.1.0,r4,0.844,H,expansion,1,253.74,A3,1,1,1,1
2022-11-17,0.594,mild,mid,2,replay,v0.1.0,r4,0.836,H,expansion,1,125.28,A2,1,1,1,1
2022-11-18,0.517,mild,mid,2,replay,v0.1.0,r4,0.832,H,expansion,1,118.21,A2,1,1,1,1
2022-11-21,0.5198,mild,mid,2,replay,v0.1.0,r4,0.832,H,expansion,1,101.29,A1,1,1,1,1
2022-11-22,0.4872,mild,mid,2,replay,v0.1.0,r1,0.788,H,expansion,1,95.16,A1,1,1,1,1
2022-11-23,0.5102,mild,mid,2,replay,v0.1.0,r1,0.784,H,expansion,1,156.18,A2,1,1,1,1
2022-11-24,0.521,mild,mid,2,replay,v0.1.0,r1,0.772,H,expansion,1,100.98,A1,1,1,1,1
2022-11-25,0.4864,mild,mid,2,replay,v0.1.0,r1,0.768,H,expansion,1,141.16,A2,1,1,1,1
2022-11-28,0.3802,cooling,low,2,replay,v0.1.0,r1,0.764,H,expansion,1,125.72,A2,1,1,1,1
2022-11-29,0.8618,boiling,high,2,replay,v0.1.0,r1,0.764,H,expansion,1,172.75,A2,1,1,1,1
2022-11-30,0.5828,mild,mid,2,replay,v0.1.0,r1,0.732,H,expansion,1,234.17,A3,1,1,1,1
2022-12-01,0.8192,boiling,high,2,replay,v0.1.0,r1,0.728,H,expansion,1,88.18,A1,1,1,1,1
2022-12-02,0.5896,mild,mid,2,replay,v0.1.0,r1,0.724,H,expansion,1,129.27,A2,1,1,1,1
2022-12-05,0.8508,boiling,high,2,replay,v0.1.0,r1,0.66,M,expansion,1,82.93,A1,0,1,0,1
2022-12-06,0.6256,warming,mid,2,replay,v0.1.0,r1,0.688,M,expansion,1,119.79,A2,0,1,0,1
2022-12-07,0.5782,mild,mid,2,replay,v0.1.0,r1,0.672,M,expansion,1,167.73,A2,0,1,0,1
2022-12-08,0.5266,mild,mid,2,replay,v0.1.0,r1,0.656,M,expansion,1,140.04,A2,0,1,0,1
2022-12-09,0.6876,warming,mid,2,replay,v0.1.0,r1,0.644,M,expansion,1,76.37,A1,0,1,0,1
2022-12-12,0.4964,mild,mid,2,replay,v0.1.0,r2,0.452,M,expansion,1,148.61,A2,0,1,0,1
2022-12-13,0.5126,mild,mid,2,replay,v0.1.0,r2,0.548,M,expansion,1,83.27,A1,0,1,0,1
2022-12-14,0.5314,mild,mid,2,replay,v0.1.0,r2,0.396,M,expansion,1,61.77,A1,0,1,0,1
2022-12-15,0.5622,mild,mid,2,replay,v0.1.0,r2,0.36,M,expansion,1,93.53,A1,0,1,0,1
2022-12-16,0.45,mild,mid,2,replay,v0.1.0,r2,0.356,M,expansion,1,93.56,A1,0,1,0,1
2022-12-19,0.3092,cooling,low,2,replay,v0.1.0,r2,0.344,M,,0,78.8,A1,0,,0,1
2022-12-20,0.4138,mild,mid,2,replay,v0.1.0,r2,0.412,M,,0,222.96,A3,0,,0,1
2022-12-21,0.4258,mild,mid,2,replay,v0.1.0,r2,0.584,M,,0,179.81,A2,0,,0,1
2022-12-22,0.4118,mild,mid,2,replay,v0.1.0,r2,0.584,M,,0,84.21,A1,0,,0,1
2022-12-23,0.48,mild,mid,2,replay,v0.1.0,r2,0.564,M,,0,157.52,A2,0,,0,1
2022-12-26,0.6494,warming,mid,2,replay,v0.1.0,r2,0.552,M,,0,111.21,A1,0,,0,1
2022-12-27,0.64,warming,mid,2,replay,v0.1.0,r2,0.476,M,,0,76.46,A1,0,,0,1
2022-12-28,0.3792,cooling,low,2,replay,v0.1.0,r3,0.12,L,expansion,1,91.35,A1,1,1,1,1
2022-12-29,0.419,mild,mid,2,replay,v0.1.0,r3,0.148,L,,0,76.85,A1,1,,0,1
2022-12-30,0.615,warming,mid,2,replay,v0.1.0,r3,0.072,L,,0,77.34,A1,1,,0,1
2023-01-03,0.7244,warming,high,2,replay,v0.1.0,r3,0.072,L,,0,48.5,A1,1,,0,1
2023-01-04,0.6036,warming,mid,2,replay,v0.1.0,r3,0.008,L,,0,162.34,A2,1,,0,1
2023-01-05,0.716,warming,high,2,replay,v0.1.0,r3,0.008,L,,0,82.98,A1,1,,0,1
2023-01-06,0.5614,mild,mid,2,replay,v0.1.0,r3,0.068,L,,0,160.01,A2,1,,0,1
2023-01-09,0.658,warming,mid,2,replay,v0.1.0,r3,0.076,L,,0,85.5,A1,1,,0,1
2023-01-10,0.4902,mild,mid,2,replay,v0.1.0,r3,0.068,L,,0,80.98,A1,1,,0,1
2023-01-11,0.416,mild,mid,2,replay,v0.1.0,r3,0.032,L,,0,70.32,A1,1,,0,1
2023-01-12,0.545,mild,mid,2,replay,v0.1.0,r3,0.032,L,,0,88.01,A1,1,,0,1
2023-01-13,0.6452,warming,mid,2,replay,v0.1.0,r3,0.032,L,,0,66.59,A1,1,,0,1
2023-01-16,0.8266,boiling,high,2,replay,v0.1.0,r3,0.084,L,,0,115.29,A1,1,,0,1
2023-01-17,0.4954,mild,mid,2,replay,v0.1.0,r3,0.184,L,,0,246.35,A3,1,,0,1
2023-01-18,0.5628,mild,mid,2,replay,v0.1.0,r3,0.052,L,,0,73.5,A1,1,,0,1
2023-01-19,0.6526,warming,mid,2,replay,v0.1.0,r3,0.004,L,,0,62.05,A1,1,,0,1
2023-01-20,0.695,warming,mid,2,replay,v0.1.0,r3,0.004,L,,0,121.27,A2,1,,0,1
2023-01-30,0.8604,boiling,high,2,replay,v0.1.0,,,,,0,,,,,0,1
2023-01-31,0.6016,warming,mid,2,replay,v0.1.0,r3,0.004,L,euphoria,1,164.71,A2,1,1,1,1
2023-02-01,0.8846,boiling,high,2,replay,v0.1.0,r3,0.028,L,euphoria,1,142.08,A2,1,1,1,1
2023-02-02,0.6744,warming,mid,2,replay,v0.1.0,r3,0.028,L,euphoria,1,139.47,A2,1,1,1,1
2023-02-03,0.517,mild,mid,2,replay,v0.1.0,r3,0.024,L,euphoria,1,87.58,A1,1,1,1,1
2023-02-06,0.4796,mild,mid,2,replay,v0.1.0,r3,0.044,L,,0,141.42,A2,1,,0,1
2023-02-07,0.691,warming,mid,2,replay,v0.1.0,r3,0.116,L,,0,99.22,A1,1,,0,1
2023-02-08,0.455,mild,mid,2,replay,v0.1.0,r3,0.112,L,,0,71.69,A1,1,,0,1
2023-02-09,0.8316,boiling,high,2,replay,v0.1.0,r3,0.148,L,expansion,1,94.69,A1,1,1,1,1
2023-02-10,0.5614,mild,mid,2,replay,v0.1.0,r3,0.088,L,expansion,1,162.53,A2,1,1,1,1
2023-02-13,0.8138,boiling,high,2,replay,v0.1.0,r3,0.1,L,expansion,1,79.87,A1,1,1,1,1
2023-02-14,0.635,warming,mid,2,replay,v0.1.0,r3,0.108,L,expansion,1,132.18,A2,1,1,1,1
2023-02-15,0.5956,mild,mid,2,replay,v0.1.0,r3,0.112,L,expansion,1,64.53,A1,1,1,1,1
2023-02-16,0.559,mild,mid,2,replay,v0.1.0,r3,0.124,L,expansion,1,91.03,A1,1,1,1,1
2023-02-17,0.5026,mild,mid,2,replay,v0.1.0,r3,0.172,L,expansion,1,240.07,A3,1,1,1,1
2023-02-20,0.869,boiling,high,2,replay,v0.1.0,r3,0.18,L,expansion,1,175.49,A2,1,1,1,1
2023-02-21,0.7096,warming,high,2,replay,v0.1.0,r3,0.296,L,expansion,1,245.99,A3,1,1,1,1
2023-02-22,0.4862,mild,mid,2,replay,v0.1.0,r3,0.3,L,expansion,1,86.03,A1,1,1,1,1
2023-02-23,0.517,mild,mid,2,replay,v0.1.0,r2,0.34,M,expansion,1,80.17,A1,0,1,0,1
2023-02-24,0.401,mild,mid,2,replay,v0.1.0,r2,0.32,L,expansion,1,107.59,A1,0,1,0,1
2023-02-27,0.4068,mild,mid,2,replay,v0.1.0,r2,0.34,M,expansion,1,132.58,A2,0,1,0,1
2023-02-28,0.7022,warming,high,2,replay,v0.1.0,r2,0.324,L,expansion,1,80.46,A1,0,1,0,1
2023-03-01,0.7986,warming,high,2,replay,v0.1.0,r2,0.316,L,expansion,1,117.81,A2,0,1,0,1
2023-03-02,0.5644,mild,mid,2,replay,v0.1.0,r2,0.376,M,expansion,1,182.51,A2,0,1,0,1
2023-03-03,0.6254,warming,mid,2,replay,v0.1.0,r2,0.376,M,distribution,1,56.84,A1,0,0,0,1
2023-03-06,0.625,warming,mid,2,replay,v0.1.0,r2,0.348,M,distribution,1,84.42,A1,0,0,0,1
2023-03-07,0.4234,mild,mid,2,replay,v0.1.0,r3,0.276,L,distribution,1,107.45,A1,1,0,0,1
2023-03-08,0.6028,warming,mid,2,replay,v0.1.0,r2,0.384,M,distribution,1,191.03,A3,0,0,0,1
2023-03-09,0.531,mild,mid,2,replay,v0.1.0,r2,0.384,M,distribution,1,63.93,A1,0,0,0,1
2023-03-10,0.375,cooling,low,2,replay,v0.1.0,r3,0.28,L,distribution,1,106.45,A1,1,0,0,1
2023-03-13,0.6628,warming,mid,2,replay,v0.1.0,r2,0.332,M,distribution,1,95.02,A1,0,0,0,1
2023-03-14,0.4888,mild,mid,2,replay,v0.1.0,r2,0.364,M,distribution,1,116.21,A1,0,0,0,1
2023-03-15,0.6852,warming,mid,2,replay,v0.1.0,r2,0.368,M,distribution,1,137.5,A2,0,0,0,1
2023-03-16,0.393,cooling,low,2,replay,v0.1.0,r2,0.36,M,distribution,1,79.39,A1,0,0,0,1
2023-03-17,0.786,warming,high,2,replay,v0.1.0,r2,0.412,M,distribution,1,113.28,A1,0,0,0,1
2023-03-20,0.6302,warming,mid,2,replay,v0.1.0,r2,0.32,L,distribution,1,148.5,A2,0,0,0,1
2023-03-21,0.8174,boiling,high,2,replay,v0.1.0,r3,0.052,L,distribution,1,112.37,A1,1,0,0,1
2023-03-22,0.7648,warming,high,2,replay,v0.1.0,r3,0.108,L,distribution,1,87.48,A1,1,0,0,1
2023-03-23,0.7304,warming,high,2,replay,v0.1.0,r3,0.104,L,distribution,1,74.47,A1,1,0,0,1
2023-03-24,0.7124,warming,high,2,replay,v0.1.0,r3,0.18,L,,0,138.21,A2,1,,0,1
2023-03-27,0.6728,warming,mid,2,replay,v0.1.0,r3,0.128,L,,0,51.65,A1,1,,0,1
2023-03-28,0.5886,mild,mid,2,replay,v0.1.0,r3,0.12,L,,0,90.15,A1,1,,0,1
2023-03-29,0.624,warming,mid,2,replay,v0.1.0,r3,0.096,L,distribution,1,72.66,A1,1,0,0,1
2023-03-30,0.6694,warming,mid,2,replay,v0.1.0,r3,0.044,L,,0,62.51,A1,1,,0,1
2023-03-31,0.7886,warming,high,2,replay,v0.1.0,r3,0.052,L,,0,141.16,A2,1,,0,1
2023-04-03,0.8904,boiling,high,2,replay,v0.1.0,r3,0.052,L,,0,58.36,A1,1,,0,1
2023-04-04,0.6892,warming,mid,2,replay,v0.1.0,r3,0.096,L,,0,88.38,A1,1,,0,1
2023-04-06,0.7048,warming,high,2,replay,v0.1.0,r3,0.036,L,,0,56.46,A1,1,,0,1
2023-04-07,0.8474,boiling,high,2,replay,v0.1.0,r3,0.036,L,,0,50.02,A1,1,,0,1
2023-04-10,0.609,warming,mid,2,replay,v0.1.0,r3,0.04,L,,0,95.51,A1,1,,0,1
2023-04-11,0.7262,warming,high,2,replay,v0.1.0,r3,0.008,L,,0,80.47,A1,1,,0,1
2023-04-12,0.8032,boiling,high,2,replay,v0.1.0,r3,0.004,L,,0,79.42,A1,1,,0,1
2023-04-13,0.6308,warming,mid,2,replay,v0.1.0,r3,0.004,L,,0,43.8,A1,1,,0,1
2023-04-14,0.8042,boiling,high,2,replay,v0.1.0,r3,0.012,L,,0,71.81,A1,1,,0,1
2023-04-17,0.8388,boiling,high,2,replay,v0.1.0,r3,0.004,L,,0,56.44,A1,1,,0,1
2023-04-18,0.6524,warming,mid,2,replay,v0.1.0,r3,0.012,L,,0,146.38,A2,1,,0,1
2023-04-19,0.574,mild,mid,2,replay,v0.1.0,r3,0.008,L,,0,75.4,A1,1,,0,1
2023-04-20,0.6396,warming,mid,2,replay,v0.1.0,r3,0.016,L,distribution,1,98.0,A1,1,0,0,1
2023-04-21,0.5116,mild,mid,2,replay,v0.1.0,r3,0.024,L,distribution,1,77.18,A1,1,0,0,1
2023-04-24,0.6062,warming,mid,2,replay,v0.1.0,r3,0.096,L,distribution,1,200.16,A3,1,0,0,1
2023-04-25,0.5678,mild,mid,2,replay,v0.1.0,r3,0.144,L,distribution,1,163.05,A2,1,0,0,1
2023-04-26,0.8182,boiling,high,2,replay,v0.1.0,r3,0.152,L,distribution,1,166.24,A2,1,0,0,1
2023-04-27,0.7646,warming,high,2,replay,v0.1.0,r3,0.148,L,distribution,1,103.79,A1,1,0,0,1
2023-04-28,0.9124,boiling,high,2,replay,v0.1.0,r3,0.176,L,distribution,1,142.63,A2,1,0,0,1
2023-05-04,0.7914,warming,high,2,replay,v0.1.0,r3,0.2,L,distribution,1,93.13,A1,1,0,0,1
2023-05-05,0.5964,mild,mid,2,replay,v0.1.0,r3,0.196,L,,0,86.33,A1,1,,0,1
2023-05-08,0.8528,boiling,high,2,replay,v0.1.0,r3,0.132,L,,0,122.08,A2,1,,0,1
2023-05-09,0.5524,mild,mid,2,replay,v0.1.0,r3,0.24,L,,0,128.62,A2,1,,0,1
2023-05-10,0.6586,warming,mid,2,replay,v0.1.0,r3,0.284,L,,0,163.48,A2,1,,0,1
2023-05-11,0.6754,warming,mid,2,replay,v0.1.0,r3,0.268,L,,0,85.69,A1,1,,0,1
2023-05-12,0.3964,cooling,low,2,replay,v0.1.0,r3,0.252,L,accumulation,1,73.84,A1,1,0,0,1
2023-05-15,0.815,boiling,high,2,replay,v0.1.0,r2,0.336,M,accumulation,1,155.1,A2,0,0,0,1
2023-05-16,0.4622,mild,mid,2,replay,v0.1.0,r2,0.444,M,accumulation,1,192.6,A3,0,0,0,1
2023-05-17,0.6148,warming,mid,2,replay,v0.1.0,r2,0.44,M,accumulation,1,95.02,A1,0,0,0,1
2023-05-18,0.6152,warming,mid,2,replay,v0.1.0,r2,0.432,M,accumulation,1,92.88,A1,0,0,0,1
2023-05-19,0.582,mild,mid,2,replay,v0.1.0,r2,0.328,L,accumulation,1,108.86,A1,0,0,0,1
2023-05-22,0.6516,warming,mid,2,replay,v0.1.0,r2,0.316,L,accumulation,1,98.73,A1,0,0,0,1
2023-05-23,0.3576,cooling,low,2,replay,v0.1.0,r2,0.328,L,accumulation,1,125.86,A2,0,0,0,1
2023-05-24,0.4448,mild,mid,2,replay,v0.1.0,r2,0.396,M,accumulation,1,148.05,A2,0,0,0,1
2023-05-25,0.5428,mild,mid,2,replay,v0.1.0,r2,0.324,L,accumulation,1,114.48,A1,0,0,0,1
2023-05-26,0.6202,warming,mid,2,replay,v0.1.0,r3,0.244,L,accumulation,1,113.05,A1,1,0,0,1
2023-05-29,0.5174,mild,mid,2,replay,v0.1.0,r3,0.244,L,accumulation,1,114.49,A1,1,0,0,1
2023-05-30,0.6866,warming,mid,2,replay,v0.1.0,r3,0.248,L,accumulation,1,123.09,A2,1,0,0,1
2023-05-31,0.5044,mild,mid,2,replay,v0.1.0,r3,0.18,L,accumulation,1,143.01,A2,1,0,0,1
2023-06-01,0.7114,warming,high,2,replay,v0.1.0,r3,0.12,L,accumulation,1,119.57,A2,1,0,0,1
2023-06-02,0.809,boiling,high,2,replay,v0.1.0,r3,0.124,L,accumulation,1,120.04,A2,1,0,0,1
2023-06-05,0.5842,mild,mid,2,replay,v0.1.0,r2,0.356,M,accumulation,1,114.24,A1,0,0,0,1
2023-06-06,0.4254,mild,mid,2,replay,v0.1.0,r3,0.2,L,accumulation,1,72.79,A1,1,0,0,1
2023-06-07,0.5616,mild,mid,2,replay,v0.1.0,r3,0.212,L,accumulation,1,169.28,A2,1,0,0,1
2023-06-08,0.5846,mild,mid,2,replay,v0.1.0,r3,0.196,L,accumulation,1,112.73,A1,1,0,0,1
2023-06-09,0.7326,warming,high,2,replay,v0.1.0,r2,0.328,L,accumulation,1,149.32,A2,0,0,0,1
2023-06-12,0.73,warming,high,2,replay,v0.1.0,r3,0.208,L,accumulation,1,66.66,A1,1,0,0,1
2023-06-13,0.7126,warming,high,2,replay,v0.1.0,r3,0.08,L,accumulation,1,119.82,A2,1,0,0,1
2023-06-14,0.6594,warming,mid,2,replay,v0.1.0,r3,0.096,L,accumulation,1,88.17,A1,1,0,0,1
2023-06-15,0.8218,boiling,high,2,replay,v0.1.0,r3,0.096,L,accumulation,1,76.46,A1,1,0,0,1
2023-06-16,0.8316,boiling,high,2,replay,v0.1.0,r3,0.252,L,accumulation,1,138.77,A2,1,0,0,1
2023-06-19,0.6108,warming,mid,2,replay,v0.1.0,r2,0.36,M,accumulation,1,100.38,A1,0,0,0,1
2023-06-20,0.6198,warming,mid,2,replay,v0.1.0,r2,0.376,M,accumulation,1,87.34,A1,0,0,0,1
2023-06-21,0.4702,mild,mid,2,replay,v0.1.0,r3,0.188,L,accumulation,1,48.45,A1,1,0,0,1
2023-06-26,0.4482,mild,mid,2,replay,v0.1.0,r3,0.212,L,accumulation,1,143.51,A2,1,0,0,1
2023-06-27,0.784,warming,high,2,replay,v0.1.0,r2,0.408,M,accumulation,1,104.97,A1,0,0,0,1
2023-06-28,0.5926,mild,mid,2,replay,v0.1.0,r2,0.468,M,accumulation,1,119.58,A2,0,0,0,1
2023-06-29,0.6426,warming,mid,2,replay,v0.1.0,r2,0.456,M,accumulation,1,100.84,A1,0,0,0,1
2023-06-30,0.7942,warming,high,2,replay,v0.1.0,r2,0.476,M,accumulation,1,60.81,A1,0,0,0,1
2023-07-03,0.8406,boiling,high,2,replay,v0.1.0,r2,0.416,M,accumulation,1,121.79,A2,0,0,0,1
2023-07-04,0.71,warming,high,2,replay,v0.1.0,r2,0.504,M,expansion,1,114.29,A1,0,1,0,1
2023-07-05,0.4474,mild,mid,2,replay,v0.1.0,r2,0.392,M,expansion,1,55.5,A1,0,1,0,1
2023-07-06,0.4874,mild,mid,2,replay,v0.1.0,r2,0.436,M,expansion,1,90.86,A1,0,1,0,1
2023-07-07,0.4672,mild,mid,2,replay,v0.1.0,r2,0.392,M,expansion,1,104.82,A1,0,1,0,1
2023-07-10,0.612,warming,mid,2,replay,v0.1.0,r2,0.392,M,expansion,1,67.23,A1,0,1,0,1
2023-07-11,0.713,warming,high,2,replay,v0.1.0,r2,0.364,M,expansion,1,87.31,A1,0,1,0,1
2023-07-12,0.4474,mild,mid,2,replay,v0.1.0,r2,0.384,M,expansion,1,67.8,A1,0,1,0,1
2023-07-13,0.8382,boiling,high,2,replay,v0.1.0,r2,0.428,M,expansion,1,91.81,A1,0,1,0,1
2023-07-14,0.633,warming,mid,2,replay,v0.1.0,r2,0.544,M,expansion,1,117.85,A2,0,1,0,1
2023-07-17,0.474,mild,mid,2,replay,v0.1.0,r2,0.544,M,expansion,1,37.65,A1,0,1,0,1
2023-07-18,0.5536,mild,mid,2,replay,v0.1.0,r2,0.412,M,expansion,1,75.64,A1,0,1,0,1
2023-07-19,0.516,mild,mid,2,replay,v0.1.0,r3,0.296,L,expansion,1,68.53,A1,1,1,1,1
2023-07-20,0.3858,cooling,low,2,replay,v0.1.0,r3,0.228,L,expansion,1,76.91,A1,1,1,1,1
2023-07-21,0.5226,mild,mid,2,replay,v0.1.0,r3,0.276,L,expansion,1,147.52,A2,1,1,1,1
2023-07-24,0.5032,mild,mid,2,replay,v0.1.0,r3,0.116,L,expansion,1,106.65,A1,1,1,1,1
2023-07-25,0.898,boiling,high,2,replay,v0.1.0,r3,0.06,L,expansion,1,78.85,A1,1,1,1,1
2023-07-26,0.5324,mild,mid,2,replay,v0.1.0,r2,0.576,M,expansion,1,127.16,A2,0,1,0,1
2023-07-27,0.4584,mild,mid,2,replay,v0.1.0,r2,0.58,M,expansion,1,50.1,A1,0,1,0,1
2023-07-28,0.8694,boiling,high,2,replay,v0.1.0,r2,0.548,M,expansion,1,103.9,A1,0,1,0,1
2023-07-31,0.8898,boiling,high,2,replay,v0.1.0,r1,0.776,H,expansion,1,294.03,A3,1,1,1,1
2023-08-01,0.5902,mild,mid,2,replay,v0.1.0,r1,0.744,H,,0,154.97,A2,1,,0,1
2023-08-02,0.5034,mild,mid,2,replay,v0.1.0,r1,0.76,H,,0,121.4,A2,1,,0,1
2023-08-03,0.6244,warming,mid,2,replay,v0.1.0,r1,0.752,H,,0,125.0,A2,1,,0,1
2023-08-04,0.7428,warming,high,2,replay,v0.1.0,r1,0.732,H,,0,108.2,A1,1,,0,1
2023-08-07,0.4714,mild,mid,2,replay,v0.1.0,r1,0.716,H,,0,115.58,A1,1,,0,1
2023-08-08,0.5146,mild,mid,2,replay,v0.1.0,r1,0.76,H,,0,64.83,A1,1,,0,1
2023-08-09,0.4056,mild,mid,2,replay,v0.1.0,r1,0.756,H,,0,97.56,A1,1,,0,1
2023-08-10,0.6216,warming,mid,2,replay,v0.1.0,r1,0.72,H,,0,51.09,A1,1,,0,1
2023-08-11,0.3124,cooling,low,2,replay,v0.1.0,r1,0.612,M,,0,78.4,A1,0,,0,1
2023-08-14,0.5328,mild,mid,2,replay,v0.1.0,r4,0.824,H,accumulation,1,235.62,A3,1,0,0,1
2023-08-15,0.4272,mild,mid,2,replay,v0.1.0,r4,0.82,H,,0,118.2,A2,1,,0,1
2023-08-16,0.3554,cooling,low,2,replay,v0.1.0,r4,0.816,H,,0,138.92,A2,1,,0,1
2023-08-17,0.7114,warming,high,2,replay,v0.1.0,r4,0.824,H,,0,90.82,A1,1,,0,1
2023-08-18,0.344,cooling,low,2,replay,v0.1.0,r4,0.816,H,,0,141.14,A2,1,,0,1
2023-08-21,0.3424,cooling,low,2,replay,v0.1.0,r4,0.844,H,,0,157.08,A2,1,,0,1
2023-08-22,0.6838,warming,mid,2,replay,v0.1.0,r4,0.848,H,,0,139.27,A2,1,,0,1
2023-08-23,0.3022,cooling,low,2,replay,v0.1.0,r1,0.632,M,,0,174.44,A2,0,,0,1
2023-08-24,0.6328,warming,mid,2,replay,v0.1.0,r1,0.752,H,,0,162.96,A2,1,,0,1
2023-08-25,0.411,mild,mid,2,replay,v0.1.0,r1,0.772,H,capitulation,1,127.41,A2,1,0,0,1
2023-08-28,0.9242,boiling,high,2,replay,v0.1.0,r2,0.428,M,capitulation,1,103.63,A1,0,0,0,1
2023-08-29,0.928,boiling,high,2,replay,v0.1.0,r2,0.52,M,expansion,1,437.22,A3,0,1,0,1
2023-08-30,0.773,warming,high,2,replay,v0.1.0,r2,0.592,M,expansion,1,182.47,A2,0,1,0,1
2023-08-31,0.488,mild,mid,2,replay,v0.1.0,r2,0.588,M,expansion,1,87.98,A1,0,1,0,1
2023-09-01,0.6474,warming,mid,2,replay,v0.1.0,r2,0.552,M,expansion,1,84.5,A1,0,1,0,1
2023-09-04,0.856,boiling,high,2,replay,v0.1.0,r2,0.58,M,expansion,1,78.38,A1,0,1,0,1
2023-09-05,0.4516,mild,mid,2,replay,v0.1.0,r1,0.712,H,expansion,1,130.27,A2,1,1,1,1
2023-09-06,0.6016,warming,mid,2,replay,v0.1.0,r1,0.74,H,expansion,1,65.76,A1,1,1,1,1
2023-09-07,0.3332,cooling,low,2,replay,v0.1.0,r1,0.736,H,accumulation,1,69.93,A1,1,0,0,1
2023-09-08,0.5228,mild,mid,2,replay,v0.1.0,r1,0.768,H,accumulation,1,119.35,A2,1,0,0,1
2023-09-11,0.7846,warming,high,2,replay,v0.1.0,r2,0.572,M,capitulation,1,75.43,A1,0,0,0,1
2023-09-12,0.4986,mild,mid,2,replay,v0.1.0,r2,0.584,M,accumulation,1,143.29,A2,0,0,0,1
2023-09-13,0.3498,cooling,low,2,replay,v0.1.0,r2,0.576,M,accumulation,1,52.25,A1,0,0,0,1
2023-09-14,0.4236,mild,mid,2,replay,v0.1.0,r2,0.572,M,accumulation,1,132.22,A2,0,0,0,1
2023-09-15,0.5224,mild,mid,2,replay,v0.1.0,r2,0.568,M,accumulation,1,84.32,A1,0,0,0,1
2023-09-18,0.6702,warming,mid,2,replay,v0.1.0,r2,0.5,M,accumulation,1,132.7,A2,0,0,0,1
2023-09-19,0.3952,cooling,low,2,replay,v0.1.0,r2,0.396,M,accumulation,1,125.5,A2,0,0,0,1
2023-09-20,0.3694,cooling,low,2,replay,v0.1.0,r2,0.324,L,accumulation,1,57.42,A1,0,0,0,1
2023-09-21,0.321,cooling,low,2,replay,v0.1.0,r3,0.12,L,accumulation,1,36.03,A1,1,0,0,1
2023-09-22,0.8032,boiling,high,2,replay,v0.1.0,r3,0.124,L,accumulation,1,97.4,A1,1,0,0,1
2023-09-25,0.4222,mild,mid,2,replay,v0.1.0,r2,0.412,M,accumulation,1,205.98,A3,0,0,0,1
2023-09-26,0.3946,cooling,low,2,replay,v0.1.0,r2,0.308,L,accumulation,1,71.86,A1,0,0,0,1
2023-09-27,0.6266,warming,mid,2,replay,v0.1.0,r3,0.2,L,accumulation,1,84.14,A1,1,0,0,1
2023-09-28,0.6458,warming,mid,2,replay,v0.1.0,r3,0.212,L,accumulation,1,99.46,A1,1,0,0,1
2023-10-09,0.5084,mild,mid,2,replay,v0.1.0,,,,,0,,,,,0,1
2023-10-10,0.4592,mild,mid,2,replay,v0.1.0,r3,0.144,L,,0,141.81,A2,1,,0,1
2023-10-11,0.6702,warming,mid,2,replay,v0.1.0,r3,0.056,L,,0,123.56,A2,1,,0,1
2023-10-12,0.7604,warming,high,2,replay,v0.1.0,r3,0.056,L,,0,84.82,A1,1,,0,1
2023-10-13,0.4152,mild,mid,2,replay,v0.1.0,r3,0.112,L,,0,77.5,A1,1,,0,1
2023-10-16,0.4368,mild,mid,2,replay,v0.1.0,r3,0.068,L,,0,70.37,A1,1,,0,1
2023-10-17,0.582,mild,mid,2,replay,v0.1.0,r3,0.108,L,,0,131.74,A2,1,,0,1
2023-10-18,0.3558,cooling,low,2,replay,v0.1.0,r3,0.072,L,,0,72.73,A1,1,,0,1
2023-10-19,0.3898,cooling,low,2,replay,v0.1.0,r3,0.104,L,,0,63.56,A1,1,,0,1
2023-10-20,0.3926,cooling,low,2,replay,v0.1.0,r2,0.348,M,,0,156.64,A2,0,,0,1
2023-10-23,0.3148,cooling,low,2,replay,v0.1.0,r2,0.376,M,,0,96.44,A1,0,,0,1
2023-10-24,0.7778,warming,high,2,replay,v0.1.0,r2,0.42,M,,0,156.28,A2,0,,0,1
2023-10-25,0.8088,boiling,high,2,replay,v0.1.0,r2,0.4,M,,0,120.34,A2,0,,0,1
2023-10-26,0.7014,warming,high,2,replay,v0.1.0,r2,0.48,M,,0,87.71,A1,0,,0,1
2023-10-27,0.8974,boiling,high,2,replay,v0.1.0,r2,0.512,M,,0,107.67,A1,0,,0,1
2023-10-30,0.8736,boiling,high,2,replay,v0.1.0,r2,0.592,M,,0,234.32,A3,0,,0,1
2023-10-31,0.5974,mild,mid,2,replay,v0.1.0,r2,0.348,M,,0,108.89,A1,0,,0,1
2023-11-01,0.6422,warming,mid,2,replay,v0.1.0,r2,0.328,L,,0,75.66,A1,0,,0,1
2023-11-02,0.4006,mild,mid,2,replay,v0.1.0,r2,0.316,L,,0,115.84,A1,0,,0,1
2023-11-03,0.7756,warming,high,2,replay,v0.1.0,r3,0.296,L,,0,121.31,A2,1,,0,1
2023-11-06,0.9476,boiling,high,2,replay,v0.1.0,r2,0.448,M,,0,105.58,A1,0,,0,1
2023-11-07,0.7144,warming,high,2,replay,v0.1.0,r2,0.584,M,,0,97.44,A1,0,,0,1
2023-11-08,0.7014,warming,high,2,replay,v0.1.0,r2,0.564,M,,0,61.15,A1,0,,0,1
2023-11-09,0.6084,warming,mid,2,replay,v0.1.0,r2,0.564,M,,0,97.57,A1,0,,0,1
2023-11-10,0.534,mild,mid,2,replay,v0.1.0,r2,0.516,M,,0,63.94,A1,0,,0,1
2023-11-13,0.7408,warming,high,2,replay,v0.1.0,r2,0.456,M,,0,64.93,A1,0,,0,1
2023-11-14,0.7164,warming,high,2,replay,v0.1.0,r2,0.336,M,,0,101.89,A1,0,,0,1
2023-11-15,0.844,boiling,high,2,replay,v0.1.0,r2,0.316,L,,0,87.32,A1,0,,0,1
2023-11-16,0.4226,mild,mid,2,replay,v0.1.0,r2,0.312,L,,0,65.47,A1,0,,0,1
2023-11-17,0.7182,warming,high,2,replay,v0.1.0,r3,0.068,L,,0,91.45,A1,1,,0,1
2023-11-20,0.8132,boiling,high,2,replay,v0.1.0,r3,0.056,L,,0,74.83,A1,1,,0,1
2023-11-21,0.6572,warming,mid,2,replay,v0.1.0,r3,0.032,L,,0,117.29,A2,1,,0,1
2023-11-22,0.4482,mild,mid,2,replay,v0.1.0,r3,0.032,L,,0,109.76,A1,1,,0,1
2023-11-23,0.7924,warming,high,2,replay,v0.1.0,r3,0.064,L,,0,83.93,A1,1,,0,1
2023-11-24,0.4402,mild,mid,2,replay,v0.1.0,r3,0.068,L,,0,90.73,A1,1,,0,1
2023-11-27,0.5822,mild,mid,2,replay,v0.1.0,r3,0.028,L,,0,74.85,A1,1,,0,1
2023-11-28,0.721,warming,high,2,replay,v0.1.0,r3,0.032,L,,0,117.64,A2,1,,0,1
2023-11-29,0.4012,mild,mid,2,replay,v0.1.0,r3,0.04,L,,0,56.8,A1,1,,0,1
2023-11-30,0.5292,mild,mid,2,replay,v0.1.0,r3,0.06,L,,0,105.03,A1,1,,0,1
2023-12-01,0.6442,warming,mid,2,replay,v0.1.0,r3,0.06,L,,0,67.94,A1,1,,0,1
2023-12-04,0.5748,mild,mid,2,replay,v0.1.0,r3,0.016,L,,0,120.34,A2,1,,0,1
2023-12-05,0.3774,cooling,low,2,replay,v0.1.0,r3,0.004,L,,0,81.93,A1,1,,0,1
2023-12-06,0.7098,warming,high,2,replay,v0.1.0,r3,0.064,L,,0,163.13,A2,1,,0,1
2023-12-07,0.5448,mild,mid,2,replay,v0.1.0,r3,0.068,L,,0,110.19,A1,1,,0,1
2023-12-08,0.6388,warming,mid,2,replay,v0.1.0,r3,0.068,L,,0,102.05,A1,1,,0,1
2023-12-11,0.841,boiling,high,2,replay,v0.1.0,r3,0.072,L,,0,76.45,A1,1,,0,1
2023-12-12,0.6808,warming,mid,2,replay,v0.1.0,r3,0.108,L,,0,235.99,A3,1,,0,1
2023-12-13,0.4006,mild,mid,2,replay,v0.1.0,r3,0.116,L,,0,62.9,A1,1,,0,1
2023-12-14,0.4782,mild,mid,2,replay,v0.1.0,r3,0.148,L,,0,143.42,A2,1,,0,1
2023-12-15,0.4572,mild,mid,2,replay,v0.1.0,r3,0.14,L,,0,142.82,A2,1,,0,1
2023-12-18,0.3696,cooling,low,2,replay,v0.1.0,r3,0.14,L,,0,145.52,A2,1,,0,1
2023-12-19,0.5706,mild,mid,2,replay,v0.1.0,r3,0.128,L,,0,112.46,A1,1,,0,1
2023-12-20,0.3348,cooling,low,2,replay,v0.1.0,r3,0.132,L,,0,98.0,A1,1,,0,1
2023-12-21,0.7262,warming,high,2,replay,v0.1.0,r3,0.136,L,,0,123.47,A2,1,,0,1
2023-12-22,0.5038,mild,mid,2,replay,v0.1.0,r3,0.216,L,,0,168.52,A2,1,,0,1
2023-12-25,0.5146,mild,mid,2,replay,v0.1.0,r3,0.228,L,,0,129.63,A2,1,,0,1
2023-12-26,0.3198,cooling,low,2,replay,v0.1.0,r3,0.24,L,,0,55.7,A1,1,,0,1
2023-12-27,0.672,warming,mid,2,replay,v0.1.0,r3,0.236,L,,0,88.12,A1,1,,0,1
2023-12-28,0.896,boiling,high,2,replay,v0.1.0,r3,0.232,L,,0,94.98,A1,1,,0,1
2023-12-29,0.809,boiling,high,2,replay,v0.1.0,r1,0.756,H,,0,276.39,A3,1,,0,1
2024-01-02,0.5524,mild,mid,2,replay,v0.1.0,r1,0.76,H,,0,67.31,A1,1,,0,1
2024-01-03,0.4982,mild,mid,2,replay,v0.1.0,r4,0.82,H,,0,116.51,A1,1,,0,1
2024-01-04,0.3944,cooling,low,2,replay,v0.1.0,r1,0.616,M,capitulation,1,89.33,A1,0,0,0,1
2024-01-05,0.3612,cooling,low,2,replay,v0.1.0,r1,0.692,M,,0,151.58,A2,0,,0,1
2024-01-08,0.2814,cooling,low,2,replay,v0.1.0,r1,0.7,M,,0,176.55,A2,0,,0,1
2024-01-09,0.634,warming,mid,2,replay,v0.1.0,r1,0.768,H,,0,151.03,A2,1,,0,1
2024-01-10,0.3782,cooling,low,2,replay,v0.1.0,r1,0.728,H,,0,93.59,A1,1,,0,1
2024-01-11,0.7352,warming,high,2,replay,v0.1.0,r1,0.72,H,,0,136.12,A2,1,,0,1
2024-01-12,0.4092,mild,mid,2,replay,v0.1.0,r2,0.592,M,,0,135.32,A2,0,,0,1
2024-01-15,0.4742,mild,mid,2,replay,v0.1.0,r2,0.572,M,,0,93.69,A1,0,,0,1
2024-01-16,0.5176,mild,mid,2,replay,v0.1.0,r2,0.552,M,,0,139.6,A2,0,,0,1
2024-01-17,0.2608,cooling,low,2,replay,v0.1.0,r1,0.62,M,,0,123.57,A2,0,,0,1
2024-01-18,0.6764,warming,mid,2,replay,v0.1.0,r4,0.884,H,,0,188.57,A3,1,,0,1
2024-01-19,0.4042,mild,mid,2,replay,v0.1.0,r4,0.956,H,capitulation,1,334.82,A3,1,0,0,1
2024-01-22,0.3506,cooling,low,2,replay,v0.1.0,r4,0.888,H,,0,107.72,A1,1,,0,1
2024-01-23,0.637,warming,mid,2,replay,v0.1.0,r4,0.964,H,,0,270.47,A3,1,,0,1
2024-01-24,0.7854,warming,high,2,replay,v0.1.0,r4,0.964,H,capitulation,1,191.37,A3,1,0,0,1
2024-01-25,0.9038,boiling,high,2,replay,v0.1.0,r4,0.972,H,capitulation,1,280.41,A3,1,0,0,1
2024-01-26,0.5968,mild,mid,2,replay,v0.1.0,r4,1.0,H,capitulation,1,227.37,A3,1,0,0,1
2024-01-29,0.3914,cooling,low,2,replay,v0.1.0,r4,0.964,H,capitulation,1,110.74,A1,1,0,0,1
2024-01-30,0.2734,cooling,low,2,replay,v0.1.0,r4,0.964,H,capitulation,1,142.14,A2,1,0,0,1
2024-01-31,0.3522,cooling,low,2,replay,v0.1.0,r4,0.964,H,,0,168.18,A2,1,,0,1
2024-02-01,0.4506,mild,mid,2,replay,v0.1.0,r4,0.984,H,,0,155.41,A2,1,,0,1
2024-02-02,0.3776,cooling,low,2,replay,v0.1.0,r4,0.96,H,,0,186.93,A2,1,,0,1
2024-02-05,0.5708,mild,mid,2,replay,v0.1.0,r4,0.988,H,,0,394.61,A3,1,,0,1
2024-02-06,0.8936,boiling,high,2,replay,v0.1.0,r4,0.968,H,,0,386.6,A3,1,,0,1
2024-02-07,0.7924,warming,high,2,replay,v0.1.0,r4,1.0,H,,0,413.44,A3,1,,0,1
2024-02-08,0.92,boiling,high,2,replay,v0.1.0,r4,1.0,H,capitulation,1,162.82,A2,1,0,0,1
2024-02-19,0.9064,boiling,high,2,replay,v0.1.0,,,,,0,,,,,0,1
2024-02-20,0.7094,warming,high,2,replay,v0.1.0,r4,1.0,H,,0,116.91,A2,1,,0,1
2024-02-21,0.9152,boiling,high,2,replay,v0.1.0,r4,0.996,H,,0,105.41,A1,1,,0,1
2024-02-22,0.828,boiling,high,2,replay,v0.1.0,r4,1.0,H,,0,343.44,A3,1,,0,1
2024-02-23,0.8256,boiling,high,2,replay,v0.1.0,r4,0.976,H,,0,110.92,A1,1,,0,1
2024-02-26,0.725,warming,high,2,replay,v0.1.0,r4,0.972,H,,0,99.07,A1,1,,0,1
2024-02-27,0.938,boiling,high,2,replay,v0.1.0,r4,0.976,H,,0,135.47,A2,1,,0,1
2024-02-28,0.52,mild,mid,2,replay,v0.1.0,r4,0.964,H,,0,166.71,A2,1,,0,1
2024-02-29,0.9652,boiling,high,2,replay,v0.1.0,r4,0.972,H,,0,204.01,A3,1,,0,1
2024-03-01,0.8636,boiling,high,2,replay,v0.1.0,r4,0.976,H,,0,227.41,A3,1,,0,1
2024-03-04,0.728,warming,high,2,replay,v0.1.0,r4,0.96,H,,0,116.36,A1,1,,0,1
2024-03-05,0.6722,warming,mid,2,replay,v0.1.0,r4,0.952,H,,0,81.76,A1,1,,0,1
2024-03-06,0.7224,warming,high,2,replay,v0.1.0,r4,0.944,H,,0,146.41,A2,1,,0,1
2024-03-07,0.5782,mild,mid,2,replay,v0.1.0,r4,0.928,H,,0,90.79,A1,1,,0,1
2024-03-08,0.77,warming,high,2,replay,v0.1.0,r4,0.924,H,,0,132.52,A2,1,,0,1
2024-03-11,0.924,boiling,high,2,replay,v0.1.0,r4,0.916,H,,0,104.63,A1,1,,0,1
2024-03-12,0.8724,boiling,high,2,replay,v0.1.0,r4,0.86,H,,0,132.49,A2,1,,0,1
2024-03-13,0.6612,warming,mid,2,replay,v0.1.0,r4,0.864,H,,0,87.65,A1,1,,0,1
2024-03-14,0.6228,warming,mid,2,replay,v0.1.0,r2,0.456,M,,0,86.38,A1,0,,0,1
2024-03-15,0.8364,boiling,high,2,replay,v0.1.0,r2,0.46,M,,0,145.17,A2,0,,0,1
2024-03-18,0.9542,boiling,high,2,replay,v0.1.0,r2,0.456,M,,0,110.07,A1,0,,0,1
2024-03-19,0.6196,warming,mid,2,replay,v0.1.0,r2,0.416,M,,0,85.68,A1,0,,0,1
2024-03-20,0.832,boiling,high,2,replay,v0.1.0,r2,0.564,M,,0,93.37,A1,0,,0,1
2024-03-21,0.7156,warming,high,2,replay,v0.1.0,r2,0.388,M,euphoria,1,59.18,A1,0,1,0,1
2024-03-22,0.5346,mild,mid,2,replay,v0.1.0,r2,0.328,L,,0,72.58,A1,0,,0,1
2024-03-25,0.536,mild,mid,2,replay,v0.1.0,r2,0.496,M,expansion,1,148.07,A2,0,1,0,1
2024-03-26,0.7368,warming,high,2,replay,v0.1.0,r2,0.384,M,expansion,1,110.84,A1,0,1,0,1
2024-03-27,0.4274,mild,mid,2,replay,v0.1.0,r3,0.276,L,expansion,1,82.37,A1,1,1,1,1
2024-03-28,0.8482,boiling,high,2,replay,v0.1.0,r3,0.26,L,expansion,1,113.52,A1,1,1,1,1
2024-03-29,0.7794,warming,high,2,replay,v0.1.0,r3,0.104,L,expansion,1,176.71,A2,1,1,1,1
2024-04-01,0.9258,boiling,high,2,replay,v0.1.0,r3,0.092,L,expansion,1,60.74,A1,1,1,1,1
2024-04-02,0.6506,warming,mid,2,replay,v0.1.0,r3,0.236,L,,0,138.92,A2,1,,0,1
2024-04-03,0.5818,mild,mid,2,replay,v0.1.0,r3,0.232,L,,0,76.37,A1,1,,0,1
2024-04-08,0.4654,mild,mid,2,replay,v0.1.0,r3,0.232,L,,0,65.83,A1,1,,0,1
2024-04-09,0.7116,warming,high,2,replay,v0.1.0,r3,0.252,L,,0,90.19,A1,1,,0,1
2024-04-10,0.4346,mild,mid,2,replay,v0.1.0,r3,0.248,L,,0,70.33,A1,1,,0,1
2024-04-11,0.6326,warming,mid,2,replay,v0.1.0,r3,0.172,L,,0,116.69,A1,1,,0,1
2024-04-12,0.4634,mild,mid,2,replay,v0.1.0,r3,0.168,L,distribution,1,102.32,A1,1,0,0,1
2024-04-15,0.6988,warming,mid,2,replay,v0.1.0,r3,0.18,L,distribution,1,133.04,A2,1,0,0,1
2024-04-16,0.4466,mild,mid,2,replay,v0.1.0,r2,0.592,M,distribution,1,227.18,A3,0,0,0,1
2024-04-17,0.898,boiling,high,2,replay,v0.1.0,r1,0.644,M,distribution,1,118.53,A2,0,0,0,1
2024-04-18,0.681,warming,mid,2,replay,v0.1.0,r1,0.736,H,distribution,1,193.52,A3,1,0,0,1
2024-04-19,0.5236,mild,mid,2,replay,v0.1.0,r1,0.708,H,distribution,1,155.44,A2,1,0,0,1
2024-04-22,0.5544,mild,mid,2,replay,v0.1.0,r1,0.744,H,distribution,1,89.08,A1,1,0,0,1
2024-04-23,0.5838,mild,mid,2,replay,v0.1.0,r1,0.744,H,distribution,1,85.23,A1,1,0,0,1
2024-04-24,0.7506,warming,high,2,replay,v0.1.0,r1,0.708,H,distribution,1,95.81,A1,1,0,0,1
2024-04-25,0.6496,warming,mid,2,replay,v0.1.0,r1,0.7,M,distribution,1,82.21,A1,0,0,0,1
2024-04-26,0.9278,boiling,high,2,replay,v0.1.0,r1,0.684,M,distribution,1,110.44,A1,0,0,0,1
2024-04-29,0.9586,boiling,high,2,replay,v0.1.0,r1,0.74,H,,0,159.8,A2,1,,0,1
2024-04-30,0.6402,warming,mid,2,replay,v0.1.0,r1,0.772,H,,0,187.08,A2,1,,0,1
2024-05-06,0.9558,boiling,high,2,replay,v0.1.0,r1,0.776,H,,0,72.72,A1,1,,0,1
2024-05-07,0.75,warming,high,2,replay,v0.1.0,r1,0.756,H,,0,61.63,A1,1,,0,1
2024-05-08,0.4708,mild,mid,2,replay,v0.1.0,r1,0.74,H,,0,47.31,A1,1,,0,1
2024-05-09,0.8514,boiling,high,2,replay,v0.1.0,r1,0.768,H,,0,60.92,A1,1,,0,1
2024-05-10,0.5922,mild,mid,2,replay,v0.1.0,r1,0.748,H,,0,108.39,A1,1,,0,1
2024-05-13,0.5672,mild,mid,2,replay,v0.1.0,r1,0.744,H,,0,89.53,A1,1,,0,1
2024-05-14,0.672,warming,mid,2,replay,v0.1.0,r1,0.672,M,,0,107.01,A1,0,,0,1
2024-05-15,0.4066,mild,mid,2,replay,v0.1.0,r1,0.688,M,,0,79.25,A1,0,,0,1
2024-05-16,0.7088,warming,high,2,replay,v0.1.0,r1,0.688,M,,0,89.1,A1,0,,0,1
2024-05-17,0.8426,boiling,high,2,replay,v0.1.0,r2,0.336,M,,0,85.66,A1,0,,0,1
2024-05-20,0.7762,warming,high,2,replay,v0.1.0,r3,0.248,L,expansion,1,138.85,A2,1,1,1,1
2024-05-21,0.4658,mild,mid,2,replay,v0.1.0,r3,0.188,L,expansion,1,69.5,A1,1,1,1,1
2024-05-22,0.7044,warming,high,2,replay,v0.1.0,r3,0.204,L,expansion,1,52.85,A1,1,1,1,1
2024-05-23,0.4268,mild,mid,2,replay,v0.1.0,r3,0.148,L,expansion,1,67.44,A1,1,1,1,1
2024-05-24,0.3988,cooling,low,2,replay,v0.1.0,r3,0.236,L,expansion,1,111.25,A1,1,1,1,1
2024-05-27,0.7138,warming,high,2,replay,v0.1.0,r3,0.268,L,expansion,1,141.01,A2,1,1,1,1
2024-05-28,0.3954,cooling,low,2,replay,v0.1.0,r2,0.316,L,expansion,1,95.49,A1,0,1,0,1
2024-05-29,0.5756,mild,mid,2,replay,v0.1.0,r2,0.404,M,distribution,1,90.97,A1,0,0,0,1
2024-05-30,0.453,mild,mid,2,replay,v0.1.0,r3,0.24,L,distribution,1,84.18,A1,1,0,0,1
2024-05-31,0.574,mild,mid,2,replay,v0.1.0,r3,0.196,L,distribution,1,103.38,A1,1,0,0,1
2024-06-03,0.5404,mild,mid,2,replay,v0.1.0,r3,0.192,L,distribution,1,96.45,A1,1,0,0,1
2024-06-04,0.5988,mild,mid,2,replay,v0.1.0,r3,0.056,L,distribution,1,91.49,A1,1,0,0,1
2024-06-05,0.3546,cooling,low,2,replay,v0.1.0,r3,0.1,L,distribution,1,117.81,A2,1,0,0,1
2024-06-06,0.5058,mild,mid,2,replay,v0.1.0,r3,0.084,L,distribution,1,80.91,A1,1,0,0,1
2024-06-07,0.6172,warming,mid,2,replay,v0.1.0,r3,0.04,L,distribution,1,113.38,A1,1,0,0,1
2024-06-11,0.5102,mild,mid,2,replay,v0.1.0,r3,0.052,L,distribution,1,141.82,A2,1,0,0,1
2024-06-12,0.6372,warming,mid,2,replay,v0.1.0,r3,0.068,L,distribution,1,110.86,A1,1,0,0,1
2024-06-13,0.4792,mild,mid,2,replay,v0.1.0,r3,0.072,L,distribution,1,55.38,A1,1,0,0,1
2024-06-14,0.7068,warming,high,2,replay,v0.1.0,r3,0.064,L,distribution,1,87.09,A1,1,0,0,1
2024-06-17,0.5018,mild,mid,2,replay,v0.1.0,r3,0.068,L,distribution,1,124.13,A2,1,0,0,1
2024-06-18,0.6892,warming,mid,2,replay,v0.1.0,r3,0.008,L,distribution,1,56.94,A1,1,0,0,1
2024-06-19,0.4444,mild,mid,2,replay,v0.1.0,r3,0.008,L,distribution,1,53.57,A1,1,0,0,1
2024-06-20,0.372,cooling,low,2,replay,v0.1.0,r3,0.012,L,distribution,1,52.27,A1,1,0,0,1
2024-06-21,0.5044,mild,mid,2,replay,v0.1.0,r3,0.016,L,distribution,1,96.05,A1,1,0,0,1
2024-06-24,0.3452,cooling,low,2,replay,v0.1.0,r3,0.008,L,expansion,1,90.61,A1,1,1,1,1
2024-06-25,0.5046,mild,mid,2,replay,v0.1.0,r3,0.008,L,expansion,1,99.49,A1,1,1,1,1
2024-06-26,0.7124,warming,high,2,replay,v0.1.0,r3,0.004,L,expansion,1,122.5,A2,1,1,1,1
2024-06-27,0.315,cooling,low,2,replay,v0.1.0,r3,0.008,L,expansion,1,130.67,A2,1,1,1,1
2024-06-28,0.6138,warming,mid,2,replay,v0.1.0,r3,0.012,L,expansion,1,53.53,A1,1,1,1,1
2024-07-01,0.6408,warming,mid,2,replay,v0.1.0,r3,0.016,L,expansion,1,119.09,A2,1,1,1,1
2024-07-02,0.52,mild,mid,2,replay,v0.1.0,r3,0.02,L,accumulation,1,104.5,A1,1,0,0,1
2024-07-03,0.4206,mild,mid,2,replay,v0.1.0,r3,0.02,L,accumulation,1,68.54,A1,1,0,0,1
2024-07-04,0.328,cooling,low,2,replay,v0.1.0,r3,0.008,L,accumulation,1,68.3,A1,1,0,0,1
2024-07-05,0.5672,mild,mid,2,replay,v0.1.0,r3,0.008,L,accumulation,1,110.66,A1,1,0,0,1
2024-07-08,0.2962,cooling,low,2,replay,v0.1.0,r3,0.012,L,accumulation,1,149.19,A2,1,0,0,1
2024-07-09,0.7626,warming,high,2,replay,v0.1.0,r3,0.02,L,,0,93.93,A1,1,,0,1
2024-07-10,0.4532,mild,mid,2,replay,v0.1.0,r3,0.052,L,,0,188.77,A3,1,,0,1
2024-07-11,0.8332,boiling,high,2,replay,v0.1.0,r3,0.052,L,,0,69.65,A1,1,,0,1
2024-07-12,0.531,mild,mid,2,replay,v0.1.0,r3,0.08,L,,0,103.91,A1,1,,0,1
2024-07-15,0.4146,mild,mid,2,replay,v0.1.0,r3,0.072,L,,0,62.83,A1,1,,0,1
2024-07-16,0.5922,mild,mid,2,replay,v0.1.0,r3,0.08,L,,0,59.69,A1,1,,0,1
2024-07-17,0.5048,mild,mid,2,replay,v0.1.0,r3,0.092,L,,0,103.61,A1,1,,0,1
2024-07-18,0.5828,mild,mid,2,replay,v0.1.0,r3,0.092,L,,0,80.88,A1,1,,0,1
2024-07-19,0.6364,warming,mid,2,replay,v0.1.0,r3,0.088,L,,0,135.16,A2,1,,0,1
2024-07-22,0.5112,mild,mid,2,replay,v0.1.0,r3,0.092,L,,0,149.31,A2,1,,0,1
2024-07-23,0.3034,cooling,low,2,replay,v0.1.0,r3,0.104,L,,0,130.51,A2,1,,0,1
2024-07-24,0.3514,cooling,low,2,replay,v0.1.0,r2,0.368,M,,0,199.19,A3,0,,0,1
2024-07-25,0.5318,mild,mid,2,replay,v0.1.0,r2,0.368,M,,0,125.31,A2,0,,0,1
2024-07-26,0.675,warming,mid,2,replay,v0.1.0,r2,0.36,M,,0,94.17,A1,0,,0,1
2024-07-29,0.473,mild,mid,2,replay,v0.1.0,r2,0.364,M,,0,94.49,A1,0,,0,1
2024-07-30,0.5274,mild,mid,2,replay,v0.1.0,r2,0.348,M,,0,57.75,A1,0,,0,1
2024-07-31,0.9304,boiling,high,2,replay,v0.1.0,r2,0.376,M,,0,82.5,A1,0,,0,1
2024-08-01,0.5556,mild,mid,2,replay,v0.1.0,r1,0.628,M,,0,240.69,A3,0,,0,1
2024-08-02,0.3944,cooling,low,2,replay,v0.1.0,r1,0.64,M,,0,84.66,A1,0,,0,1
2024-08-05,0.4012,mild,mid,2,replay,v0.1.0,r1,0.716,H,,0,112.38,A1,1,,0,1
2024-08-06,0.6756,warming,mid,2,replay,v0.1.0,r1,0.76,H,,0,195.44,A3,1,,0,1
2024-08-07,0.5118,mild,mid,2,replay,v0.1.0,r1,0.636,M,,0,172.75,A2,0,,0,1
2024-08-08,0.5408,mild,mid,2,replay,v0.1.0,r1,0.628,M,,0,97.08,A1,0,,0,1
2024-08-09,0.4102,mild,mid,2,replay,v0.1.0,r2,0.576,M,,0,131.89,A2,0,,0,1
2024-08-12,0.4426,mild,mid,2,replay,v0.1.0,r2,0.572,M,,0,104.34,A1,0,,0,1
2024-08-13,0.6222,warming,mid,2,replay,v0.1.0,r2,0.564,M,,0,54.66,A1,0,,0,1
2024-08-14,0.3752,cooling,low,2,replay,v0.1.0,r2,0.512,M,,0,74.58,A1,0,,0,1
2024-08-15,0.6814,warming,mid,2,replay,v0.1.0,r2,0.536,M,,0,71.08,A1,0,,0,1
2024-08-16,0.4962,mild,mid,2,replay,v0.1.0,r2,0.6,M,,0,178.07,A2,0,,0,1
2024-08-19,0.5262,mild,mid,2,replay,v0.1.0,r2,0.58,M,,0,63.7,A1,0,,0,1
2024-08-20,0.3296,cooling,low,2,replay,v0.1.0,r2,0.6,M,,0,96.43,A1,0,,0,1
2024-08-21,0.4612,mild,mid,2,replay,v0.1.0,r2,0.364,M,,0,121.04,A2,0,,0,1
2024-08-22,0.3778,cooling,low,2,replay,v0.1.0,r2,0.336,M,,0,94.65,A1,0,,0,1
2024-08-23,0.531,mild,mid,2,replay,v0.1.0,r2,0.324,L,,0,67.56,A1,0,,0,1
2024-08-26,0.5972,mild,mid,2,replay,v0.1.0,r2,0.34,M,,0,92.56,A1,0,,0,1
2024-08-27,0.3692,cooling,low,2,replay,v0.1.0,r2,0.324,L,,0,74.94,A1,0,,0,1
2024-08-28,0.5256,mild,mid,2,replay,v0.1.0,r2,0.316,L,,0,63.37,A1,0,,0,1
2024-08-29,0.6248,warming,mid,2,replay,v0.1.0,r3,0.06,L,,0,93.24,A1,1,,0,1
2024-08-30,0.903,boiling,high,2,replay,v0.1.0,r3,0.052,L,,0,64.94,A1,1,,0,1
2024-09-02,0.3664,cooling,low,2,replay,v0.1.0,r3,0.1,L,,0,238.2,A3,1,,0,1
2024-09-03,0.648,warming,mid,2,replay,v0.1.0,r3,0.184,L,,0,130.01,A2,1,,0,1
2024-09-04,0.3866,cooling,low,2,replay,v0.1.0,r3,0.192,L,,0,62.54,A1,1,,0,1
2024-09-05,0.631,warming,mid,2,replay,v0.1.0,r3,0.212,L,,0,70.72,A1,1,,0,1
2024-09-06,0.3156,cooling,low,2,replay,v0.1.0,r3,0.22,L,,0,60.59,A1,1,,0,1
2024-09-09,0.4,cooling,mid,2,replay,v0.1.0,r3,0.256,L,,0,134.12,A2,1,,0,1
2024-09-10,0.5828,mild,mid,2,replay,v0.1.0,r2,0.312,L,,0,130.65,A2,0,,0,1
2024-09-11,0.4442,mild,mid,2,replay,v0.1.0,r2,0.308,L,,0,104.31,A1,0,,0,1
2024-09-12,0.4562,mild,mid,2,replay,v0.1.0,r3,0.288,L,,0,73.14,A1,1,,0,1
2024-09-13,0.3926,cooling,low,2,replay,v0.1.0,r3,0.192,L,,0,93.03,A1,1,,0,1
2024-09-18,0.4994,mild,mid,2,replay,v0.1.0,r3,0.18,L,,0,93.45,A1,1,,0,1
2024-09-19,0.7582,warming,high,2,replay,v0.1.0,r3,0.188,L,,0,107.98,A1,1,,0,1
2024-09-20,0.5058,mild,mid,2,replay,v0.1.0,r3,0.268,L,,0,201.52,A3,1,,0,1
2024-09-23,0.5864,mild,mid,2,replay,v0.1.0,r3,0.28,L,,0,108.91,A1,1,,0,1
2024-09-24,0.9638,boiling,high,2,replay,v0.1.0,r2,0.304,L,,0,100.41,A1,0,,0,1
2024-09-25,0.9476,boiling,high,2,replay,v0.1.0,r4,0.94,H,,0,399.06,A3,1,,0,1
2024-09-26,0.9948,boiling,high,2,replay,v0.1.0,r4,0.948,H,,0,211.68,A3,1,,0,1
2024-09-27,0.9988,boiling,high,2,replay,v0.1.0,r4,1.0,H,euphoria,1,451.97,A3,1,1,1,1
2024-09-30,1.0,boiling,high,2,replay,v0.1.0,r4,1.0,H,euphoria,1,309.35,A3,1,1,1,1
2024-10-08,0.9896,boiling,high,2,replay,v0.1.0,,,,,0,,,,,0,1
2024-10-09,0.5058,mild,mid,2,replay,v0.1.0,r4,1.0,H,euphoria,1,799.98,A3,1,1,1,1
2024-10-10,0.8598,boiling,high,2,replay,v0.1.0,r4,1.0,H,euphoria,1,611.9,A3,1,1,1,1
2024-10-11,0.512,mild,mid,2,replay,v0.1.0,r4,0.996,H,capitulation,1,466.7,A3,1,0,0,1
2024-10-14,0.9772,boiling,high,2,replay,v0.1.0,r4,1.0,H,capitulation,1,330.3,A3,1,0,0,1
2024-10-15,0.538,mild,mid,2,replay,v0.1.0,r4,1.0,H,capitulation,1,282.9,A3,1,0,0,1
2024-10-16,0.7128,warming,high,2,replay,v0.1.0,r4,1.0,H,capitulation,1,283.78,A3,1,0,0,1
2024-10-17,0.6278,warming,mid,2,replay,v0.1.0,r4,0.996,H,capitulation,1,190.9,A3,1,0,0,1
2024-10-18,0.9848,boiling,high,2,replay,v0.1.0,r4,1.0,H,capitulation,1,244.74,A3,1,0,0,1
2024-10-21,0.855,boiling,high,2,replay,v0.1.0,r4,1.0,H,capitulation,1,616.48,A3,1,0,0,1
2024-10-22,0.8664,boiling,high,2,replay,v0.1.0,r4,0.996,H,capitulation,1,210.52,A3,1,0,0,1
2024-10-23,0.8096,boiling,high,2,replay,v0.1.0,r4,0.992,H,capitulation,1,123.33,A2,1,0,0,1
2024-10-24,0.6462,warming,mid,2,replay,v0.1.0,r4,0.988,H,capitulation,1,184.76,A2,1,0,0,1
2024-10-25,0.918,boiling,high,2,replay,v0.1.0,r4,1.0,H,capitulation,1,111.09,A1,1,0,0,1
2024-10-28,0.8692,boiling,high,2,replay,v0.1.0,r4,0.996,H,capitulation,1,180.47,A2,1,0,0,1
2024-10-29,0.5768,mild,mid,2,replay,v0.1.0,r4,0.996,H,capitulation,1,118.79,A2,1,0,0,1
2024-10-30,0.6672,warming,mid,2,replay,v0.1.0,r4,0.968,H,capitulation,1,175.64,A2,1,0,0,1
2024-10-31,0.8082,boiling,high,2,replay,v0.1.0,r4,0.972,H,capitulation,1,158.16,A2,1,0,0,1
2024-11-01,0.6506,warming,mid,2,replay,v0.1.0,r4,0.948,H,capitulation,1,166.62,A2,1,0,0,1
2024-11-04,0.9396,boiling,high,2,replay,v0.1.0,r4,0.932,H,capitulation,1,137.18,A2,1,0,0,1
2024-11-05,0.983,boiling,high,2,replay,v0.1.0,r4,0.924,H,capitulation,1,137.39,A2,1,0,0,1
2024-11-06,0.734,warming,high,2,replay,v0.1.0,r4,0.916,H,capitulation,1,308.03,A3,1,0,0,1
2024-11-07,0.9616,boiling,high,2,replay,v0.1.0,r4,0.908,H,capitulation,1,220.18,A3,1,0,0,1
2024-11-08,0.6656,warming,mid,2,replay,v0.1.0,r4,0.908,H,capitulation,1,404.99,A3,1,0,0,1
2024-11-11,0.8904,boiling,high,2,replay,v0.1.0,r4,0.9,H,capitulation,1,254.65,A3,1,0,0,1
2024-11-12,0.5966,mild,mid,2,replay,v0.1.0,r4,0.892,H,capitulation,1,207.7,A3,1,0,0,1
2024-11-13,0.8046,boiling,high,2,replay,v0.1.0,r4,0.884,H,capitulation,1,292.55,A3,1,0,0,1
2024-11-14,0.5032,mild,mid,2,replay,v0.1.0,r4,0.872,H,,0,151.44,A2,1,,0,1
2024-11-15,0.5334,mild,mid,2,replay,v0.1.0,r4,0.888,H,expansion,1,202.94,A3,1,1,1,1
2024-11-18,0.6142,warming,mid,2,replay,v0.1.0,r4,0.836,H,expansion,1,199.32,A3,1,1,1,1
2024-11-19,0.907,boiling,high,2,replay,v0.1.0,r4,0.836,H,expansion,1,258.33,A3,1,1,1,1
2024-11-20,0.8734,boiling,high,2,replay,v0.1.0,r4,0.836,H,,0,208.36,A3,1,,0,1
2024-11-21,0.7448,warming,high,2,replay,v0.1.0,r4,0.832,H,,0,107.76,A1,1,,0,1
2024-11-22,0.4928,mild,mid,2,replay,v0.1.0,r4,0.808,H,,0,84.18,A1,1,,0,1
2024-11-25,0.7528,warming,high,2,replay,v0.1.0,r4,0.888,H,,0,312.63,A3,1,,0,1
2024-11-26,0.648,warming,mid,2,replay,v0.1.0,r4,0.884,H,capitulation,1,199.68,A3,1,0,0,1
2024-11-27,0.9098,boiling,high,2,replay,v0.1.0,r4,0.876,H,capitulation,1,109.35,A1,1,0,0,1
2024-11-28,0.6558,warming,mid,2,replay,v0.1.0,r4,0.888,H,capitulation,1,233.07,A3,1,0,0,1
2024-11-29,0.9054,boiling,high,2,replay,v0.1.0,r4,0.888,H,capitulation,1,108.55,A1,1,0,0,1
2024-12-02,0.9184,boiling,high,2,replay,v0.1.0,r4,0.888,H,capitulation,1,239.83,A3,1,0,0,1
2024-12-03,0.742,warming,high,2,replay,v0.1.0,r4,0.88,H,capitulation,1,135.46,A2,1,0,0,1
2024-12-04,0.5842,mild,mid,2,replay,v0.1.0,r4,0.824,H,capitulation,1,104.16,A1,1,0,0,1
2024-12-05,0.7746,warming,high,2,replay,v0.1.0,r4,0.824,H,capitulation,1,100.35,A1,1,0,0,1
2024-12-06,0.8654,boiling,high,2,replay,v0.1.0,r1,0.748,H,capitulation,1,67.05,A1,1,0,0,1
2024-12-09,0.6914,warming,mid,2,replay,v0.1.0,r1,0.748,H,,0,181.5,A2,1,,0,1
2024-12-10,0.8276,boiling,high,2,replay,v0.1.0,r1,0.744,H,,0,118.59,A2,1,,0,1
2024-12-11,0.7882,warming,high,2,replay,v0.1.0,r1,0.74,H,,0,267.24,A3,1,,0,1
2024-12-12,0.8534,boiling,high,2,replay,v0.1.0,r1,0.736,H,,0,70.16,A1,1,,0,1
2024-12-13,0.536,mild,mid,2,replay,v0.1.0,r1,0.712,H,,0,126.38,A2,1,,0,1
2024-12-16,0.6344,warming,mid,2,replay,v0.1.0,r1,0.744,H,,0,173.08,A2,1,,0,1
2024-12-17,0.6144,warming,mid,2,replay,v0.1.0,r1,0.744,H,,0,94.41,A1,1,,0,1
2024-12-18,0.7668,warming,high,2,replay,v0.1.0,r1,0.732,H,,0,122.36,A2,1,,0,1
2024-12-19,0.712,warming,high,2,replay,v0.1.0,r1,0.736,H,,0,56.35,A1,1,,0,1
2024-12-20,0.7292,warming,high,2,replay,v0.1.0,r1,0.736,H,,0,139.57,A2,1,,0,1
2024-12-23,0.6024,warming,mid,2,replay,v0.1.0,r2,0.524,M,,0,89.83,A1,0,,0,1
2024-12-24,0.8496,boiling,high,2,replay,v0.1.0,r2,0.508,M,,0,95.97,A1,0,,0,1
2024-12-25,0.5958,mild,mid,2,replay,v0.1.0,r2,0.576,M,,0,129.94,A2,0,,0,1
2024-12-26,0.7552,warming,high,2,replay,v0.1.0,r2,0.46,M,,0,95.99,A1,0,,0,1
2024-12-27,0.7392,warming,high,2,replay,v0.1.0,r2,0.4,M,,0,65.25,A1,0,,0,1
2024-12-30,0.661,warming,mid,2,replay,v0.1.0,r2,0.376,M,,0,90.77,A1,0,,0,1
2024-12-31,0.4864,mild,mid,2,replay,v0.1.0,r2,0.364,M,distribution,1,73.13,A1,0,0,0,1
2025-01-02,0.499,mild,mid,2,replay,v0.1.0,r2,0.484,M,distribution,1,173.78,A2,0,0,0,1
2025-01-03,0.4834,mild,mid,2,replay,v0.1.0,r1,0.676,M,distribution,1,350.63,A3,0,0,0,1
2025-01-06,0.6596,warming,mid,2,replay,v0.1.0,r1,0.704,H,distribution,1,178.47,A2,1,0,0,1
2025-01-07,0.8444,boiling,high,2,replay,v0.1.0,r1,0.66,M,distribution,1,121.24,A2,0,0,0,1
2025-01-08,0.6468,warming,mid,2,replay,v0.1.0,r1,0.66,M,distribution,1,129.07,A2,0,0,0,1
2025-01-09,0.676,warming,mid,2,replay,v0.1.0,r1,0.652,M,distribution,1,210.38,A3,0,0,0,1
2025-01-10,0.4718,mild,mid,2,replay,v0.1.0,r1,0.648,M,distribution,1,70.3,A1,0,0,0,1
2025-01-13,0.6648,warming,mid,2,replay,v0.1.0,r1,0.62,M,distribution,1,143.77,A2,0,0,0,1
2025-01-14,0.9344,boiling,high,2,replay,v0.1.0,r2,0.512,M,distribution,1,91.19,A1,0,0,0,1
2025-01-15,0.5838,mild,mid,2,replay,v0.1.0,r1,0.704,H,distribution,1,289.01,A3,1,0,0,1
2025-01-16,0.7448,warming,high,2,replay,v0.1.0,r1,0.704,H,distribution,1,69.97,A1,1,0,0,1
2025-01-17,0.722,warming,high,2,replay,v0.1.0,r1,0.692,M,distribution,1,174.86,A2,0,0,0,1
2025-01-20,0.7826,warming,high,2,replay,v0.1.0,r1,0.696,M,distribution,1,135.76,A2,0,0,0,1
2025-01-21,0.6638,warming,mid,2,replay,v0.1.0,r1,0.704,H,expansion,1,95.66,A1,1,1,1,1
2025-01-22,0.5096,mild,mid,2,replay,v0.1.0,r1,0.7,M,expansion,1,87.76,A1,0,1,0,1
2025-01-23,0.7068,warming,high,2,replay,v0.1.0,r1,0.636,M,expansion,1,106.7,A1,0,1,0,1
2025-01-24,0.826,boiling,high,2,replay,v0.1.0,r1,0.644,M,expansion,1,162.99,A2,0,1,0,1
2025-01-27,0.5994,mild,mid,2,replay,v0.1.0,r1,0.672,M,expansion,1,142.65,A2,0,1,0,1
2025-02-05,0.6816,warming,mid,2,replay,v0.1.0,,,,,0,,,,,0,1
2025-02-06,0.912,boiling,high,2,replay,v0.1.0,r1,0.652,M,expansion,1,154.86,A2,0,1,0,1
2025-02-07,0.9036,boiling,high,2,replay,v0.1.0,r1,0.652,M,expansion,1,145.58,A2,0,1,0,1
2025-02-10,0.8316,boiling,high,2,replay,v0.1.0,r2,0.48,M,expansion,1,222.37,A3,0,1,0,1
2025-02-11,0.634,warming,mid,2,replay,v0.1.0,r2,0.44,M,expansion,1,70.65,A1,0,1,0,1
2025-02-12,0.8302,boiling,high,2,replay,v0.1.0,r2,0.448,M,expansion,1,82.58,A1,0,1,0,1
2025-02-13,0.6152,warming,mid,2,replay,v0.1.0,r2,0.456,M,expansion,1,137.69,A2,0,1,0,1
2025-02-14,0.776,warming,high,2,replay,v0.1.0,r2,0.46,M,expansion,1,87.43,A1,0,1,0,1
2025-02-17,0.8158,boiling,high,2,replay,v0.1.0,r2,0.468,M,expansion,1,105.64,A1,0,1,0,1
2025-02-18,0.5302,mild,mid,2,replay,v0.1.0,r2,0.372,M,expansion,1,86.49,A1,0,1,0,1
2025-02-19,0.895,boiling,high,2,replay,v0.1.0,r2,0.42,M,expansion,1,161.19,A2,0,1,0,1
2025-02-20,0.7278,warming,high,2,replay,v0.1.0,r3,0.196,L,expansion,1,101.17,A1,1,1,1,1
2025-02-21,0.8352,boiling,high,2,replay,v0.1.0,r3,0.176,L,expansion,1,62.27,A1,1,1,1,1
2025-02-24,0.7274,warming,high,2,replay,v0.1.0,r3,0.22,L,expansion,1,135.24,A2,1,1,1,1
2025-02-25,0.5756,mild,mid,2,replay,v0.1.0,r3,0.228,L,expansion,1,117.61,A2,1,1,1,1
2025-02-26,0.8908,boiling,high,2,replay,v0.1.0,r2,0.332,M,expansion,1,101.13,A1,0,1,0,1
2025-02-27,0.7232,warming,high,2,replay,v0.1.0,r2,0.352,M,expansion,1,88.92,A1,0,1,0,1
2025-02-28,0.4988,mild,mid,2,replay,v0.1.0,r3,0.256,L,expansion,1,102.17,A1,1,1,1,1
2025-03-03,0.7288,warming,high,2,replay,v0.1.0,r2,0.492,M,expansion,1,217.91,A3,0,1,0,1
2025-03-04,0.7628,warming,high,2,replay,v0.1.0,r2,0.484,M,expansion,1,147.22,A2,0,1,0,1
2025-03-05,0.7206,warming,high,2,replay,v0.1.0,r2,0.468,M,expansion,1,89.73,A1,0,1,0,1
2025-03-06,0.91,boiling,high,2,replay,v0.1.0,r2,0.44,M,expansion,1,75.62,A1,0,1,0,1
2025-03-07,0.6404,warming,mid,2,replay,v0.1.0,r2,0.46,M,expansion,1,120.84,A2,0,1,0,1
2025-03-10,0.6936,warming,mid,2,replay,v0.1.0,r2,0.4,M,expansion,1,81.17,A1,0,1,0,1
2025-03-11,0.7374,warming,high,2,replay,v0.1.0,r2,0.404,M,expansion,1,111.54,A1,0,1,0,1
2025-03-12,0.678,warming,mid,2,replay,v0.1.0,r2,0.4,M,expansion,1,133.64,A2,0,1,0,1
2025-03-13,0.585,mild,mid,2,replay,v0.1.0,r2,0.38,M,expansion,1,81.43,A1,0,1,0,1
2025-03-14,0.9208,boiling,high,2,replay,v0.1.0,r2,0.384,M,expansion,1,106.76,A1,0,1,0,1
2025-03-17,0.707,warming,high,2,replay,v0.1.0,r1,0.632,M,expansion,1,241.2,A3,0,1,0,1
2025-03-18,0.7462,warming,high,2,replay,v0.1.0,r1,0.64,M,expansion,1,73.3,A1,0,1,0,1
2025-03-19,0.605,warming,mid,2,replay,v0.1.0,r2,0.592,M,expansion,1,52.12,A1,0,1,0,1
2025-03-20,0.5608,mild,mid,2,replay,v0.1.0,r2,0.572,M,expansion,1,89.37,A1,0,1,0,1
2025-03-21,0.496,mild,mid,2,replay,v0.1.0,r1,0.624,M,expansion,1,104.98,A1,0,1,0,1
2025-03-24,0.646,warming,mid,2,replay,v0.1.0,r1,0.668,M,expansion,1,197.6,A3,0,1,0,1
2025-03-25,0.6502,warming,mid,2,replay,v0.1.0,r1,0.684,M,expansion,1,79.11,A1,0,1,0,1
2025-03-26,0.6738,warming,mid,2,replay,v0.1.0,r1,0.616,M,expansion,1,63.05,A1,0,1,0,1
2025-03-27,0.6434,warming,mid,2,replay,v0.1.0,r2,0.556,M,expansion,1,64.04,A1,0,1,0,1
2025-03-28,0.4938,mild,mid,2,replay,v0.1.0,r2,0.556,M,expansion,1,126.14,A2,0,1,0,1
2025-03-31,0.5044,mild,mid,2,replay,v0.1.0,r2,0.38,M,expansion,1,68.31,A1,0,1,0,1
2025-04-01,0.7174,warming,high,2,replay,v0.1.0,r2,0.4,M,expansion,1,143.5,A2,0,1,0,1
2025-04-02,0.6324,warming,mid,2,replay,v0.1.0,r2,0.4,M,,0,58.72,A1,0,,0,1
2025-04-03,0.429133,mild,mid,3,replay,v0.1.0,r2,0.396,M,,0,60.06,A1,0,,0,1
2025-04-07,0.333855,cooling,low,3,replay,v0.1.0,r2,0.316,L,,0,104.8,A1,0,,0,1
2025-04-08,0.555197,mild,mid,3,replay,v0.1.0,r4,0.912,H,,0,526.94,A3,1,,0,1
2025-04-09,0.595243,mild,mid,3,replay,v0.1.0,r4,0.912,H,capitulation,1,185.91,A2,1,0,0,1
2025-04-10,0.607621,warming,mid,3,replay,v0.1.0,r4,0.912,H,capitulation,1,275.78,A3,1,0,0,1
2025-04-11,0.502133,mild,mid,3,replay,v0.1.0,r4,0.912,H,capitulation,1,126.22,A2,1,0,0,1
2025-04-14,0.545115,mild,mid,3,replay,v0.1.0,r4,0.912,H,capitulation,1,144.52,A2,1,0,0,1
2025-04-15,0.420758,mild,mid,3,replay,v0.1.0,r4,0.896,H,capitulation,1,59.91,A1,1,0,0,1
2025-04-16,0.379404,cooling,low,3,replay,v0.1.0,r4,0.896,H,capitulation,1,70.92,A1,1,0,0,1
2025-04-17,0.43925,mild,mid,3,replay,v0.1.0,r4,0.896,H,capitulation,1,142.55,A2,1,0,0,1
2025-04-18,0.402297,mild,mid,3,replay,v0.1.0,r4,0.888,H,capitulation,1,78.91,A1,1,0,0,1
2025-04-21,0.522578,mild,mid,3,replay,v0.1.0,r4,0.88,H,capitulation,1,73.48,A1,1,0,0,1
2025-04-22,0.425293,mild,mid,3,replay,v0.1.0,r4,0.876,H,capitulation,1,71.76,A1,1,0,0,1
2025-04-23,0.483756,mild,mid,3,replay,v0.1.0,r4,0.868,H,capitulation,1,55.95,A1,1,0,0,1
2025-04-24,0.383546,cooling,low,3,replay,v0.1.0,r4,0.868,H,capitulation,1,72.12,A1,1,0,0,1
2025-04-25,0.444479,mild,mid,3,replay,v0.1.0,r4,0.864,H,capitulation,1,84.62,A1,1,0,0,1
2025-04-28,0.370027,cooling,low,3,replay,v0.1.0,r4,0.856,H,capitulation,1,54.85,A1,1,0,0,1
2025-04-29,0.464364,mild,mid,3,replay,v0.1.0,r4,0.852,H,capitulation,1,50.73,A1,1,0,0,1
2025-04-30,0.460861,mild,mid,3,replay,v0.1.0,r4,0.848,H,capitulation,1,45.79,A1,1,0,0,1
2025-05-06,0.611437,warming,mid,3,replay,v0.1.0,r4,0.844,H,capitulation,1,49.79,A1,1,0,0,1
2025-05-07,0.556818,mild,mid,3,replay,v0.1.0,r4,0.876,H,capitulation,1,69.34,A1,1,0,0,1
2025-05-08,0.603639,warming,mid,3,replay,v0.1.0,r4,0.876,H,capitulation,1,126.09,A2,1,0,0,1
2025-05-09,0.450858,mild,mid,3,replay,v0.1.0,r3,0.052,L,,0,133.67,A2,1,,0,1
2025-05-12,0.65203,warming,mid,3,replay,v0.1.0,r3,0.004,L,,0,44.51,A1,1,,0,1
2025-05-13,0.519851,mild,mid,3,replay,v0.1.0,r3,0.024,L,,0,81.99,A1,1,,0,1
2025-05-14,0.580445,mild,mid,3,replay,v0.1.0,r3,0.004,L,,0,63.59,A1,1,,0,1
2025-05-15,0.415523,mild,mid,3,replay,v0.1.0,r3,0.012,L,,0,179.39,A2,1,,0,1
2025-05-16,0.492439,mild,mid,3,replay,v0.1.0,r3,0.06,L,,0,80.22,A1,1,,0,1
2025-05-19,0.53107,mild,mid,3,replay,v0.1.0,r3,0.084,L,,0,74.36,A1,1,,0,1
2025-05-20,0.62036,warming,mid,3,replay,v0.1.0,r3,0.092,L,,0,48.99,A1,1,,0,1
2025-05-21,0.528977,mild,mid,3,replay,v0.1.0,r3,0.096,L,,0,76.56,A1,1,,0,1
2025-05-22,0.437234,mild,mid,3,replay,v0.1.0,r3,0.104,L,,0,74.86,A1,1,,0,1
2025-05-23,0.405143,mild,mid,3,replay,v0.1.0,r3,0.108,L,,0,50.94,A1,1,,0,1
2025-05-26,0.503369,mild,mid,3,replay,v0.1.0,r3,0.14,L,,0,126.02,A2,1,,0,1
2025-05-27,0.469096,mild,mid,3,replay,v0.1.0,r3,0.168,L,,0,91.59,A1,1,,0,1
2025-05-28,0.474929,mild,mid,3,replay,v0.1.0,r3,0.172,L,,0,79.27,A1,1,,0,1
2025-05-29,0.643507,warming,mid,3,replay,v0.1.0,r3,0.176,L,,0,41.06,A1,1,,0,1
2025-05-30,0.418721,mild,mid,3,replay,v0.1.0,r3,0.184,L,,0,99.87,A1,1,,0,1
2025-06-03,0.601044,warming,mid,3,replay,v0.1.0,r3,0.196,L,,0,76.25,A1,1,,0,1
2025-06-04,0.62283,warming,mid,3,replay,v0.1.0,r3,0.196,L,,0,79.77,A1,1,,0,1
2025-06-05,0.564899,mild,mid,3,replay,v0.1.0,r3,0.172,L,,0,52.83,A1,1,,0,1
2025-06-06,0.507386,mild,mid,3,replay,v0.1.0,r3,0.168,L,,0,56.45,A1,1,,0,1
2025-06-09,0.648353,warming,mid,3,replay,v0.1.0,r3,0.148,L,,0,51.75,A1,1,,0,1
2025-06-10,0.484925,mild,mid,3,replay,v0.1.0,r3,0.152,L,,0,58.44,A1,1,,0,1
2025-06-11,0.635144,warming,mid,3,replay,v0.1.0,r3,0.108,L,,0,120.87,A2,1,,0,1
2025-06-12,0.551034,mild,mid,3,replay,v0.1.0,r3,0.116,L,,0,105.77,A1,1,,0,1
2025-06-13,0.452263,mild,mid,3,replay,v0.1.0,r3,0.056,L,,0,76.33,A1,1,,0,1
2025-06-16,0.628759,warming,mid,3,replay,v0.1.0,r3,0.048,L,,0,91.05,A1,1,,0,1
2025-06-17,0.547695,mild,mid,3,replay,v0.1.0,r3,0.044,L,,0,58.52,A1,1,,0,1
2025-06-18,0.545312,mild,mid,3,replay,v0.1.0,r3,0.044,L,,0,51.64,A1,1,,0,1
2025-06-19,0.431098,mild,mid,3,replay,v0.1.0,r3,0.036,L,,0,68.94,A1,1,,0,1
2025-06-20,0.477239,mild,mid,3,replay,v0.1.0,r3,0.052,L,,0,98.16,A1,1,,0,1
2025-06-23,0.657776,warming,mid,3,replay,v0.1.0,r3,0.056,L,,0,43.49,A1,1,,0,1
2025-06-24,0.74981,warming,high,3,replay,v0.1.0,r3,0.036,L,,0,105.74,A1,1,,0,1
2025-06-25,0.744195,warming,high,3,replay,v0.1.0,r3,0.092,L,,0,134.04,A2,1,,0,1
2025-06-26,0.575104,mild,mid,3,replay,v0.1.0,r3,0.152,L,,0,155.77,A2,1,,0,1
2025-06-27,0.628487,warming,mid,3,replay,v0.1.0,r3,0.16,L,,0,48.62,A1,1,,0,1
2025-06-30,0.749238,warming,high,3,replay,v0.1.0,r3,0.208,L,,0,129.27,A2,1,,0,1
2025-07-01,0.672028,warming,mid,3,replay,v0.1.0,r3,0.164,L,,0,73.36,A1,1,,0,1
2025-07-02,0.617619,warming,mid,3,replay,v0.1.0,r3,0.164,L,,0,54.7,A1,1,,0,1
2025-07-03,0.699496,warming,mid,3,replay,v0.1.0,r3,0.16,L,,0,56.91,A1,1,,0,1
2025-07-04,0.609652,warming,mid,3,replay,v0.1.0,r3,0.184,L,,0,67.05,A1,1,,0,1
2025-07-07,0.608426,warming,mid,3,replay,v0.1.0,r3,0.184,L,,0,139.81,A2,1,,0,1
2025-07-08,0.749654,warming,high,3,replay,v0.1.0,r3,0.216,L,,0,58.28,A1,1,,0,1
2025-07-09,0.596953,mild,mid,3,replay,v0.1.0,r3,0.22,L,,0,92.9,A1,1,,0,1
2025-07-10,0.693207,warming,mid,3,replay,v0.1.0,r3,0.184,L,,0,73.32,A1,1,,0,1
2025-07-11,0.709704,warming,high,3,replay,v0.1.0,r3,0.196,L,,0,101.32,A1,1,,0,1
2025-07-14,0.684332,warming,mid,3,replay,v0.1.0,r3,0.124,L,,0,139.18,A2,1,,0,1
2025-07-15,0.619937,warming,mid,3,replay,v0.1.0,r3,0.124,L,,0,42.9,A1,1,,0,1
2025-07-16,0.658416,warming,mid,3,replay,v0.1.0,r3,0.116,L,,0,120.28,A2,1,,0,1
2025-07-17,0.772434,warming,high,3,replay,v0.1.0,r3,0.124,L,,0,84.44,A1,1,,0,1
2025-07-18,0.738665,warming,high,3,replay,v0.1.0,r3,0.072,L,,0,73.71,A1,1,,0,1
2025-07-21,0.826946,boiling,high,3,replay,v0.1.0,r3,0.084,L,,0,62.68,A1,1,,0,1
2025-07-22,0.78146,warming,high,3,replay,v0.1.0,r3,0.092,L,,0,55.73,A1,1,,0,1
2025-07-23,0.671998,warming,mid,3,replay,v0.1.0,r3,0.06,L,,0,124.43,A2,1,,0,1
2025-07-24,0.852409,boiling,high,3,replay,v0.1.0,r3,0.012,L,,0,101.16,A1,1,,0,1
2025-07-25,0.684236,warming,mid,3,replay,v0.1.0,r3,0.008,L,,0,98.5,A1,1,,0,1
2025-07-28,0.749692,warming,high,3,replay,v0.1.0,r3,0.008,L,,0,78.88,A1,1,,0,1
2025-07-29,0.745543,warming,high,3,replay,v0.1.0,r3,0.008,L,,0,80.3,A1,1,,0,1
2025-07-30,0.694064,warming,mid,3,replay,v0.1.0,r3,0.016,L,,0,86.51,A1,1,,0,1
2025-07-31,0.610999,warming,mid,3,replay,v0.1.0,r3,0.02,L,,0,139.26,A2,1,,0,1
2025-08-01,0.700748,warming,high,3,replay,v0.1.0,r3,0.236,L,,0,188.7,A3,1,,0,1
2025-08-04,0.782843,warming,high,3,replay,v0.1.0,r3,0.244,L,,0,110.3,A1,1,,0,1
2025-08-05,0.816493,boiling,high,3,replay,v0.1.0,r3,0.24,L,,0,81.13,A1,1,,0,1
2025-08-06,0.77654,warming,high,3,replay,v0.1.0,r3,0.236,L,,0,75.29,A1,1,,0,1
2025-08-07,0.712159,warming,high,3,replay,v0.1.0,r3,0.232,L,,0,44.78,A1,1,,0,1
2025-08-08,0.68802,warming,mid,3,replay,v0.1.0,r3,0.232,L,,0,84.75,A1,1,,0,1
2025-08-11,0.836377,boiling,high,3,replay,v0.1.0,r3,0.244,L,,0,60.33,A1,1,,0,1
2025-08-12,0.758568,warming,high,3,replay,v0.1.0,r3,0.252,L,,0,74.54,A1,1,,0,1
2025-08-13,0.810326,boiling,high,3,replay,v0.1.0,r3,0.268,L,,0,77.77,A1,1,,0,1
2025-08-14,0.668615,warming,mid,3,replay,v0.1.0,r3,0.28,L,,0,95.29,A1,1,,0,1
2025-08-15,0.895127,boiling,high,3,replay,v0.1.0,r3,0.268,L,,0,130.07,A2,1,,0,1
2025-08-18,0.891846,boiling,high,3,replay,v0.1.0,r3,0.276,L,,0,137.49,A2,1,,0,1
2025-08-19,0.761121,warming,high,3,replay,v0.1.0,r3,0.292,L,,0,164.86,A2,1,,0,1
2025-08-20,0.873088,boiling,high,3,replay,v0.1.0,r3,0.292,L,,0,115.56,A1,1,,0,1
2025-08-21,0.775503,warming,high,3,replay,v0.1.0,r2,0.34,M,,0,193.87,A3,0,,0,1
2025-08-22,0.842407,boiling,high,3,replay,v0.1.0,r2,0.34,M,,0,81.23,A1,0,,0,1
2025-08-25,0.872247,boiling,high,3,replay,v0.1.0,r2,0.424,M,,0,212.32,A3,0,,0,1
2025-08-26,0.755665,warming,high,3,replay,v0.1.0,r2,0.492,M,accumulation,1,153.68,A2,0,0,0,1
2025-08-27,0.642503,warming,mid,3,replay,v0.1.0,r2,0.528,M,accumulation,1,92.67,A1,0,0,0,1
2025-08-28,0.860387,boiling,high,3,replay,v0.1.0,r1,0.608,M,accumulation,1,243.96,A3,0,0,0,1
2025-08-29,0.802775,boiling,high,3,replay,v0.1.0,r2,0.532,M,accumulation,1,229.85,A3,0,0,0,1
2025-09-01,0.849134,boiling,high,3,replay,v0.1.0,r2,0.484,M,accumulation,1,144.71,A2,0,0,0,1
2025-09-02,0.675507,warming,mid,3,replay,v0.1.0,r2,0.48,M,accumulation,1,89.89,A1,0,0,0,1
2025-09-03,0.645799,warming,mid,3,replay,v0.1.0,r2,0.544,M,accumulation,1,208.91,A3,0,0,0,1
2025-09-04,0.690207,warming,mid,3,replay,v0.1.0,r2,0.58,M,accumulation,1,184.86,A2,0,0,0,1
2025-09-05,0.92696,boiling,high,3,replay,v0.1.0,r1,0.644,M,accumulation,1,309.31,A3,0,0,0,1
2025-09-08,0.846487,boiling,high,3,replay,v0.1.0,r1,0.712,H,accumulation,1,266.31,A3,1,0,0,1
2025-09-09,0.66664,warming,mid,3,replay,v0.1.0,r1,0.712,H,accumulation,1,100.04,A1,1,0,0,1
2025-09-10,0.759887,warming,high,3,replay,v0.1.0,r1,0.732,H,accumulation,1,133.52,A2,1,0,0,0
2025-09-11,0.918266,boiling,high,3,replay,v0.1.0,r1,0.728,H,accumulation,1,117.25,A2,1,0,0,0
2025-09-12,0.706253,warming,high,3,replay,v0.1.0,r1,0.744,H,accumulation,1,270.59,A3,1,0,0,0
2025-09-15,0.736379,warming,high,3,replay,v0.1.0,r1,0.76,H,accumulation,1,103.16,A1,1,0,0,0
2025-09-16,0.780241,warming,high,3,replay,v0.1.0,r1,0.744,H,accumulation,1,97.93,A1,1,0,0,0
2025-09-17,0.775279,warming,high,3,replay,v0.1.0,r1,0.736,H,accumulation,1,126.94,A2,1,0,0,0
2025-09-18,0.635588,warming,mid,3,replay,v0.1.0,r1,0.728,H,accumulation,1,115.62,A1,1,0,0,0
2025-09-19,0.703269,warming,high,3,replay,v0.1.0,r1,0.76,H,accumulation,1,261.41,A3,1,0,0,0
2025-09-22,0.72805,warming,high,3,replay,v0.1.0,r1,0.712,H,accumulation,1,91.69,A1,1,0,0,0
2025-09-23,0.653834,warming,mid,3,replay,v0.1.0,r1,0.652,M,accumulation,1,81.43,A1,0,0,0,0
2025-09-24,0.855456,boiling,high,3,replay,v0.1.0,r1,0.644,M,accumulation,1,222.63,A3,0,0,0,0
2025-09-25,0.700555,warming,high,3,replay,v0.1.0,r2,0.584,M,accumulation,1,163.24,A2,0,0,0,0
2025-09-26,0.605931,warming,mid,3,replay,v0.1.0,r2,0.552,M,accumulation,1,120.75,A2,0,0,0,0
2025-09-29,0.785319,warming,high,3,replay,v0.1.0,r2,0.556,M,accumulation,1,104.44,A1,0,0,0,0
2025-09-30,0.697189,warming,mid,3,replay,v0.1.0,r2,0.592,M,accumulation,1,233.02,A3,0,0,0,0
2025-10-09,0.794041,warming,high,3,replay,v0.1.0,,,,,0,,,,,0,0
2025-10-10,0.664255,warming,mid,3,replay,v0.1.0,r2,0.592,M,,0,159.48,A2,0,,0,0
2025-10-13,0.626038,warming,mid,3,replay,v0.1.0,r2,0.564,M,,0,195.81,A3,0,,0,0
2025-10-14,0.597491,mild,mid,3,replay,v0.1.0,r2,0.536,M,,0,247.03,A3,0,,0,0
2025-10-15,0.7999,warming,high,3,replay,v0.1.0,r2,0.548,M,,0,260.07,A3,0,,0,0
2025-10-16,0.605485,warming,mid,3,replay,v0.1.0,r2,0.568,M,expansion,1,180.43,A2,0,1,0,0
2025-10-17,0.478266,mild,mid,3,replay,v0.1.0,r2,0.572,M,,0,128.18,A2,0,,0,0
2025-10-20,0.701066,warming,high,3,replay,v0.1.0,r2,0.588,M,,0,236.91,A3,0,,0,0
2025-10-21,0.761466,warming,high,3,replay,v0.1.0,r2,0.588,M,,0,109.56,A1,0,,0,0
2025-10-22,0.513733,mild,mid,3,replay,v0.1.0,r1,0.672,M,,0,148.22,A2,0,,0,0
2025-10-23,0.582266,mild,mid,3,replay,v0.1.0,r1,0.684,M,,0,79.22,A1,0,,0,0
2025-10-24,0.668533,warming,mid,3,replay,v0.1.0,r1,0.672,M,,0,152.12,A2,0,,0,0
2025-10-27,0.740933,warming,high,3,replay,v0.1.0,r1,0.656,M,,0,81.96,A1,0,,0,0
2025-10-28,0.572799,mild,mid,3,replay,v0.1.0,r1,0.7,M,,0,69.67,A1,0,,0,0
2025-10-29,0.706666,warming,high,3,replay,v0.1.0,r1,0.708,H,,0,117.27,A2,1,,0,0
2025-10-30,0.524933,mild,mid,3,replay,v0.1.0,r1,0.748,H,,0,107.57,A1,1,,0,0
2025-10-31,0.594933,mild,mid,3,replay,v0.1.0,r1,0.756,H,,0,116.93,A2,1,,0,0
2025-11-03,0.683333,warming,mid,3,replay,v0.1.0,r1,0.772,H,,0,139.22,A2,1,,0,0
2025-11-04,0.502799,mild,mid,3,replay,v0.1.0,r1,0.768,H,,0,124.38,A2,1,,0,0
2025-11-05,0.683866,warming,mid,3,replay,v0.1.0,r1,0.752,H,,0,151.1,A2,1,,0,0
2025-11-06,0.668533,warming,mid,3,replay,v0.1.0,r1,0.748,H,,0,183.8,A2,1,,0,0
2025-11-07,0.537066,mild,mid,3,replay,v0.1.0,r1,0.74,H,,0,120.81,A2,1,,0,0
2025-11-10,0.665999,warming,mid,3,replay,v0.1.0,r2,0.576,M,,0,75.59,A1,0,,0,0
2025-11-11,0.554533,mild,mid,3,replay,v0.1.0,r2,0.568,M,,0,87.39,A1,0,,0,0
2025-11-12,0.527466,mild,mid,3,replay,v0.1.0,r2,0.552,M,,0,124.6,A2,0,,0,0
2025-11-13,0.710533,warming,high,3,replay,v0.1.0,r2,0.54,M,,0,104.7,A1,0,,0,0
2025-11-14,0.517333,mild,mid,3,replay,v0.1.0,r2,0.548,M,,0,128.56,A2,0,,0,0
2025-11-17,0.574133,mild,mid,3,replay,v0.1.0,r2,0.524,M,,0,120.6,A2,0,,0,0
2025-11-18,0.493333,mild,mid,3,replay,v0.1.0,r2,0.532,M,,0,96.69,A1,0,,0,0
2025-11-19,0.511733,mild,mid,3,replay,v0.1.0,r2,0.476,M,,0,117.39,A2,0,,0,0
2025-11-20,0.445466,mild,mid,3,replay,v0.1.0,r2,0.488,M,,0,87.17,A1,0,,0,0
2025-11-21,0.3804,cooling,low,3,replay,v0.1.0,r2,0.5,M,,0,130.9,A2,0,,0,0
2025-11-24,0.547999,mild,mid,3,replay,v0.1.0,r2,0.564,M,,0,163.65,A2,0,,0,0
2025-11-25,0.621866,warming,mid,3,replay,v0.1.0,r2,0.552,M,expansion,1,127.43,A2,0,1,0,0
2025-11-26,0.477333,mild,mid,3,replay,v0.1.0,r2,0.568,M,expansion,1,97.01,A1,0,1,0,0
2025-11-27,0.480533,mild,mid,3,replay,v0.1.0,r2,0.56,M,expansion,1,116.79,A2,0,1,0,0
2025-11-28,0.565333,mild,mid,3,replay,v0.1.0,r2,0.544,M,expansion,1,109.2,A1,0,1,0,0
2025-12-01,0.604399,warming,mid,3,replay,v0.1.0,r2,0.496,M,expansion,1,87.09,A1,0,1,0,0
2025-12-02,0.391866,cooling,low,3,replay,v0.1.0,r2,0.54,M,expansion,1,100.63,A1,0,1,0,0
2025-12-03,0.391733,cooling,low,3,replay,v0.1.0,r2,0.532,M,expansion,1,78.87,A1,0,1,0,0
2025-12-04,0.43,mild,mid,3,replay,v0.1.0,r2,0.536,M,,0,101.7,A1,0,,0,0
2025-12-05,0.626933,warming,mid,3,replay,v0.1.0,r2,0.448,M,,0,95.35,A1,0,,0,0
2025-12-08,0.633866,warming,mid,3,replay,v0.1.0,r2,0.476,M,,0,129.31,A2,0,,0,0
2025-12-09,0.4412,mild,mid,3,replay,v0.1.0,r2,0.524,M,,0,104.26,A1,0,,0,0
2025-12-10,0.507199,mild,mid,3,replay,v0.1.0,r2,0.492,M,,0,96.39,A1,0,,0,0
2025-12-11,0.407066,mild,mid,3,replay,v0.1.0,r2,0.496,M,,0,107.84,A1,0,,0,0
2025-12-12,0.609466,warming,mid,3,replay,v0.1.0,r2,0.444,M,,0,137.34,A2,0,,0,0
2025-12-15,0.464666,mild,mid,3,replay,v0.1.0,r2,0.38,M,,0,116.04,A1,0,,0,0
2025-12-16,0.3868,cooling,low,3,replay,v0.1.0,r2,0.38,M,,0,102.44,A1,0,,0,0
2025-12-17,0.655999,warming,mid,3,replay,v0.1.0,r2,0.416,M,,0,151.48,A2,0,,0,0
2025-12-18,0.505599,mild,mid,3,replay,v0.1.0,r2,0.584,M,,0,212.74,A3,0,,0,0
2025-12-19,0.691999,warming,mid,3,replay,v0.1.0,r2,0.596,M,,0,61.11,A1,0,,0,0
2025-12-22,0.689599,warming,mid,3,replay,v0.1.0,r2,0.336,M,,0,96.99,A1,0,,0,0
2025-12-23,0.604666,warming,mid,3,replay,v0.1.0,r2,0.344,M,,0,61.47,A1,0,,0,0
2025-12-24,0.746533,warming,high,3,replay,v0.1.0,r2,0.328,L,,0,79.57,A1,0,,0,0
2025-12-25,0.729066,warming,high,3,replay,v0.1.0,r2,0.328,L,,0,80.65,A1,0,,0,0
2025-12-26,0.656666,warming,mid,3,replay,v0.1.0,r2,0.328,L,,0,63.14,A1,0,,0,0
2025-12-29,0.601599,warming,mid,3,replay,v0.1.0,r2,0.332,M,,0,88.41,A1,0,,0,0
2025-12-30,0.644266,warming,mid,3,replay,v0.1.0,r2,0.32,L,,0,92.27,A1,0,,0,0
2025-12-31,0.601733,warming,mid,3,replay,v0.1.0,r2,0.32,L,,0,103.31,A1,0,,0,0
2026-01-05,0.848799,boiling,high,3,replay,v0.1.0,r2,0.32,L,,0,96.53,A1,0,,0,0
2026-01-06,0.869999,boiling,high,3,replay,v0.1.0,r2,0.4,M,expansion,1,128.75,A2,0,1,0,0
2026-01-07,0.686533,warming,mid,3,replay,v0.1.0,r2,0.456,M,expansion,1,154.01,A2,0,1,0,0
2026-01-08,0.745066,warming,high,3,replay,v0.1.0,r2,0.444,M,expansion,1,107.42,A1,0,1,0,0
2026-01-09,0.835599,boiling,high,3,replay,v0.1.0,r2,0.48,M,expansion,1,101.83,A1,0,1,0,0
2026-01-12,0.882932,boiling,high,3,replay,v0.1.0,r2,0.476,M,expansion,1,110.67,A1,0,1,0,0
2026-01-13,0.686666,warming,mid,3,replay,v0.1.0,r2,0.428,M,euphoria,1,122.36,A2,0,1,0,0
2026-01-14,0.761066,warming,high,3,replay,v0.1.0,r2,0.444,M,euphoria,1,190.56,A3,0,1,0,0
2026-01-15,0.767466,warming,high,3,replay,v0.1.0,r2,0.432,M,euphoria,1,205.24,A3,0,1,0,0
2026-01-16,0.739066,warming,high,3,replay,v0.1.0,r2,0.368,M,euphoria,1,102.95,A1,0,1,0,0
2026-01-19,0.822533,boiling,high,3,replay,v0.1.0,r2,0.316,L,expansion,1,161.54,A2,0,1,0,0
2026-01-20,0.725066,warming,high,3,replay,v0.1.0,r2,0.312,L,expansion,1,98.6,A1,0,1,0,0
2026-01-21,0.794933,warming,high,3,replay,v0.1.0,r2,0.316,L,expansion,1,133.55,A2,0,1,0,0
2026-01-22,0.811599,boiling,high,3,replay,v0.1.0,r2,0.304,L,expansion,1,93.41,A1,0,1,0,0
2026-01-23,0.794266,warming,high,3,replay,v0.1.0,r2,0.308,L,expansion,1,120.86,A2,0,1,0,0
2026-01-26,0.705999,warming,high,3,replay,v0.1.0,r2,0.316,L,expansion,1,106.08,A1,0,1,0,0
2026-01-27,0.704266,warming,high,3,replay,v0.1.0,r2,0.316,L,expansion,1,129.41,A2,0,1,0,0
2026-01-28,0.735333,warming,high,3,replay,v0.1.0,r2,0.316,L,expansion,1,130.39,A2,0,1,0,0
2026-01-29,0.762666,warming,high,3,replay,v0.1.0,r2,0.312,L,expansion,1,88.29,A1,0,1,0,0
2026-01-30,0.678533,warming,mid,3,replay,v0.1.0,r2,0.34,M,expansion,1,158.27,A2,0,1,0,0
2026-02-02,0.563999,mild,mid,3,replay,v0.1.0,r2,0.364,M,expansion,1,197.75,A3,0,1,0,0
2026-02-03,0.855066,boiling,high,3,replay,v0.1.0,r2,0.38,M,expansion,1,245.71,A3,0,1,0,0
2026-02-04,0.734533,warming,high,3,replay,v0.1.0,r2,0.36,M,expansion,1,180.54,A2,0,1,0,0
2026-02-05,0.4984,mild,mid,3,replay,v0.1.0,r2,0.384,M,expansion,1,128.31,A2,0,1,0,0
2026-02-06,0.530399,mild,mid,3,replay,v0.1.0,r2,0.38,M,distribution,1,102.02,A1,0,0,0,0
2026-02-09,0.671866,warming,mid,3,replay,v0.1.0,r2,0.38,M,distribution,1,154.92,A2,0,0,0,0
2026-02-10,0.467066,mild,mid,3,replay,v0.1.0,r2,0.456,M,expansion,1,85.35,A1,0,1,0,0
2026-02-11,0.415333,mild,mid,3,replay,v0.1.0,r2,0.444,M,expansion,1,38.62,A1,0,1,0,0
2026-02-12,0.454,mild,mid,3,replay,v0.1.0,r2,0.444,M,expansion,1,42.43,A1,0,1,0,0
2026-02-13,0.344666,cooling,low,3,replay,v0.1.0,r2,0.444,M,expansion,1,38.77,A1,0,1,0,0
2026-02-24,0.606266,warming,mid,3,replay,v0.1.0,,,,,0,,,,,0,0
2026-02-25,0.598133,mild,mid,3,replay,v0.1.0,r2,0.576,M,expansion,1,61.39,A1,0,1,0,0
2026-02-26,0.478933,mild,mid,3,replay,v0.1.0,r2,0.588,M,expansion,1,112.91,A1,0,1,0,0
2026-02-27,0.507999,mild,mid,3,replay,v0.1.0,r2,0.596,M,expansion,1,74.79,A1,0,1,0,0
2026-03-02,0.470533,mild,mid,3,replay,v0.1.0,r2,0.6,M,expansion,1,59.85,A1,0,1,0,0
2026-03-03,0.367466,cooling,low,3,replay,v0.1.0,r2,0.596,M,expansion,1,145.55,A2,0,1,0,0
2026-03-04,0.388133,cooling,low,3,replay,v0.1.0,r1,0.684,M,distribution,1,196.74,A3,0,0,0,0
2026-03-05,0.615466,warming,mid,3,replay,v0.1.0,r1,0.732,H,distribution,1,137.99,A2,1,0,0,0
2026-03-06,0.580399,mild,mid,3,replay,v0.1.0,r1,0.744,H,distribution,1,88.63,A1,1,0,0,0
2026-03-09,0.3904,cooling,low,3,replay,v0.1.0,r1,0.728,H,expansion,1,127.49,A2,1,1,1,0
2026-03-10,0.655066,warming,mid,3,replay,v0.1.0,r1,0.724,H,distribution,1,167.4,A2,1,0,0,0
2026-03-11,0.526399,mild,mid,3,replay,v0.1.0,r2,0.592,M,expansion,1,61.97,A1,0,1,0,0
2026-03-12,0.425333,mild,mid,3,replay,v0.1.0,r2,0.572,M,expansion,1,79.38,A1,0,1,0,0
2026-03-13,0.422,mild,mid,3,replay,v0.1.0,r2,0.532,M,expansion,1,106.52,A1,0,1,0,0
2026-03-16,0.558533,mild,mid,3,replay,v0.1.0,r2,0.524,M,distribution,1,102.63,A1,0,0,0,0
2026-03-17,0.387333,cooling,low,3,replay,v0.1.0,r2,0.492,M,distribution,1,111.11,A1,0,0,0,0
2026-03-18,0.600666,warming,mid,3,replay,v0.1.0,r2,0.412,M,distribution,1,178.19,A2,0,0,0,0
2026-03-19,0.386,cooling,low,3,replay,v0.1.0,r2,0.42,M,distribution,1,124.27,A2,0,0,0,0
2026-03-20,0.4064,mild,mid,3,replay,v0.1.0,r2,0.528,M,distribution,1,139.13,A2,0,0,0,0
2026-03-23,0.439333,mild,mid,3,replay,v0.1.0,r2,0.524,M,distribution,1,142.61,A2,0,0,0,0
2026-03-24,0.684533,warming,mid,3,replay,v0.1.0,r4,0.808,H,distribution,1,260.39,A3,1,0,0,0
2026-03-25,0.659066,warming,mid,3,replay,v0.1.0,r4,0.816,H,distribution,1,180.63,A2,1,0,0,0
2026-03-26,0.327466,cooling,low,3,replay,v0.1.0,r4,0.848,H,distribution,1,89.09,A1,1,0,0,0
2026-03-27,0.570399,mild,mid,3,replay,v0.1.0,r4,0.88,H,distribution,1,159.3,A2,1,0,0,0
2026-03-30,0.459466,mild,mid,3,replay,v0.1.0,r4,0.884,H,distribution,1,199.64,A3,1,0,0,0
2026-03-31,0.345866,cooling,low,3,replay,v0.1.0,r4,0.88,H,distribution,1,110.43,A1,1,0,0,0
2026-04-01,0.642933,warming,mid,3,replay,v0.1.0,r4,0.84,H,distribution,1,162.78,A2,1,0,0,0
2026-04-02,0.3216,cooling,low,3,replay,v0.1.0,r4,0.888,H,distribution,1,88.68,A1,1,0,0,0
2026-04-03,0.2868,cooling,low,3,replay,v0.1.0,r4,0.884,H,distribution,1,133.08,A2,1,0,0,0
2026-04-07,0.4852,mild,mid,3,replay,v0.1.0,r4,0.884,H,accumulation,1,126.56,A2,1,0,0,0
2026-04-08,0.682666,warming,mid,3,replay,v0.1.0,r4,0.872,H,distribution,1,86.01,A1,1,0,0,0
2026-04-09,0.3676,cooling,low,3,replay,v0.1.0,r4,0.92,H,,0,181.06,A2,1,,0,0
2026-04-10,0.629333,warming,mid,3,replay,v0.1.0,r4,0.916,H,,0,58.69,A1,1,,0,0
2026-04-13,0.514133,mild,mid,3,replay,v0.1.0,r4,0.92,H,,0,141.44,A2,1,,0,0
2026-04-14,0.656933,warming,mid,3,replay,v0.1.0,r4,0.916,H,,0,82.92,A1,1,,0,0
2026-04-15,0.524933,mild,mid,3,replay,v0.1.0,r4,0.92,H,,0,99.29,A1,1,,0,0
2026-04-16,0.719066,warming,high,3,replay,v0.1.0,r4,0.916,H,,0,124.21,A2,1,,0,0
2026-04-17,0.577066,mild,mid,3,replay,v0.1.0,r4,0.92,H,,0,106.1,A1,1,,0,0
2026-04-20,0.724266,warming,high,3,replay,v0.1.0,r4,0.904,H,,0,50.43,A1,1,,0,0
2026-04-21,0.631199,warming,mid,3,replay,v0.1.0,r4,0.904,H,,0,89.59,A1,1,,0,0
2026-04-22,0.751866,warming,high,3,replay,v0.1.0,r4,0.812,H,euphoria,1,115.4,A1,1,1,1,0
2026-04-23,0.616666,warming,mid,3,replay,v0.1.0,r1,0.788,H,,0,107.55,A1,1,,0,0
2026-04-24,0.633333,warming,mid,3,replay,v0.1.0,r1,0.764,H,,0,132.08,A2,1,,0,0
2026-04-27,0.725999,warming,high,3,replay,v0.1.0,r1,0.724,H,,0,106.52,A1,1,,0,0
2026-04-28,0.619066,warming,mid,3,replay,v0.1.0,r1,0.728,H,,0,68.11,A1,1,,0,0
2026-04-29,0.815599,boiling,high,3,replay,v0.1.0,r1,0.732,H,,0,73.05,A1,1,,0,0
2026-04-30,0.696133,warming,mid,3,replay,v0.1.0,r1,0.7,M,,0,161.47,A2,0,,0,0
2026-05-06,0.849199,boiling,high,3,replay,v0.1.0,r1,0.676,M,,0,65.82,A1,0,,0,0
2026-05-07,0.842399,boiling,high,3,replay,v0.1.0,r1,0.652,M,,0,120.47,A2,0,,0,0
2026-05-08,0.785466,warming,high,3,replay,v0.1.0,r2,0.6,M,euphoria,1,71.47,A1,0,1,0,0
2026-05-11,0.872132,boiling,high,3,replay,v0.1.0,r1,0.648,M,euphoria,1,76.41,A1,0,1,0,0
2026-05-12,0.710533,warming,high,3,replay,v0.1.0,r2,0.372,M,,0,144.48,A2,0,,0,0
2026-05-13,0.864799,boiling,high,3,replay,v0.1.0,r2,0.34,M,,0,89.65,A1,0,,0,0
2026-05-14,0.644266,warming,mid,3,replay,v0.1.0,r2,0.312,L,,0,166.08,A2,0,,0,0
2026-05-15,0.679333,warming,mid,3,replay,v0.1.0,r2,0.448,M,,0,232.55,A3,0,,0,0
2026-05-18,0.715866,warming,high,3,replay,v0.1.0,r2,0.472,M,,0,209.56,A3,0,,0,0
2026-05-19,0.829733,boiling,high,3,replay,v0.1.0,r2,0.48,M,,0,129.13,A2,0,,0,0
2026-05-20,0.705199,warming,high,3,replay,v0.1.0,r2,0.456,M,,0,168.07,A2,0,,0,0
2026-05-21,0.592533,mild,mid,3,replay,v0.1.0,r2,0.452,M,,0,84.0,A1,0,,0,0
2026-05-22,0.837332,boiling,high,3,replay,v0.1.0,r2,0.548,M,distribution,1,321.76,A3,0,0,0,0
2026-05-25,0.783466,warming,high,3,replay,v0.1.0,r1,0.616,M,,0,136.96,A2,0,,0,0
2026-05-26,0.719066,warming,high,3,replay,v0.1.0,r1,0.68,M,,0,134.02,A2,0,,0,0
2026-05-27,0.633999,warming,mid,3,replay,v0.1.0,r1,0.676,M,,0,122.57,A2,0,,0,0
2026-05-28,0.773999,warming,high,3,replay,v0.1.0,r1,0.684,M,distribution,1,167.72,A2,0,0,0,0
2026-05-29,0.633999,warming,mid,3,replay,v0.1.0,r1,0.68,M,,0,161.78,A2,0,,0,0
2026-06-01,0.701333,warming,high,3,replay,v0.1.0,r1,0.7,M,distribution,1,152.47,A2,0,0,0,0
2026-06-02,0.713733,warming,high,3,replay,v0.1.0,r1,0.704,H,distribution,1,167.62,A2,1,0,0,0
2026-06-03,0.683866,warming,mid,3,replay,v0.1.0,r1,0.732,H,distribution,1,202.2,A3,1,0,0,0
2026-06-04,0.560666,mild,mid,3,replay,v0.1.0,r1,0.7,M,distribution,1,176.68,A2,0,0,0,0
2026-06-05,0.639733,warming,mid,3,replay,v0.1.0,r1,0.708,H,distribution,1,100.12,A1,1,0,0,0
2026-06-08,0.4376,mild,mid,3,replay,v0.1.0,r1,0.788,H,distribution,1,256.66,A3,1,0,0,0
2026-06-09,0.665466,warming,mid,3,replay,v0.1.0,r4,0.808,H,distribution,1,217.46,A3,1,0,0,0
2026-06-10,0.434,mild,mid,3,replay,v0.1.0,r4,0.916,H,capitulation,1,183.64,A2,1,0,0,0
2026-06-11,0.414133,mild,mid,3,replay,v0.1.0,r4,0.9,H,capitulation,1,142.08,A2,1,0,0,0
2026-06-12,0.674799,warming,mid,3,replay,v0.1.0,r4,0.836,H,capitulation,1,170.55,A2,1,0,0,0
2026-06-15,0.692266,warming,mid,3,replay,v0.1.0,r4,0.848,H,capitulation,1,109.31,A1,1,0,0,0
2026-06-16,0.575999,mild,mid,3,replay,v0.1.0,r4,0.96,H,capitulation,1,185.06,A2,1,0,0,0
2026-06-17,0.594266,mild,mid,3,replay,v0.1.0,r4,0.952,H,capitulation,1,86.25,A1,1,0,0,0
2026-06-18,0.610933,warming,mid,3,replay,v0.1.0,r4,0.96,H,capitulation,1,152.75,A2,1,0,0,0
2026-06-22,0.753733,warming,high,3,replay,v0.1.0,r4,0.928,H,capitulation,1,123.78,A2,1,0,0,0
2026-06-23,0.575466,mild,mid,3,replay,v0.1.0,r4,0.964,H,,0,268.82,A3,1,,0,0
2026-06-24,0.596399,mild,mid,3,replay,v0.1.0,r4,0.98,H,ignition,1,341.08,A3,1,1,1,0
2026-06-25,0.647466,warming,mid,3,replay,v0.1.0,r4,0.976,H,capitulation,1,124.4,A2,1,0,0,0
2026-06-26,0.472133,mild,mid,3,replay,v0.1.0,r4,0.988,H,capitulation,1,175.97,A2,1,0,0,0
2026-06-29,0.696399,warming,mid,3,replay,v0.1.0,r4,1.0,H,capitulation,1,274.58,A3,1,0,0,0
2026-06-30,0.748666,warming,high,3,replay,v0.1.0,r4,1.0,H,capitulation,1,208.49,A3,1,0,0,0
2026-07-01,0.746533,warming,high,3,replay,v0.1.0,r4,0.996,H,capitulation,1,148.68,A2,1,0,0,0
2026-07-02,0.590666,mild,mid,3,replay,v0.1.0,r4,0.988,H,capitulation,1,184.51,A2,1,0,0,0
2026-07-03,0.668933,warming,mid,3,replay,v0.1.0,r4,1.0,H,capitulation,1,198.37,A3,1,0,0,0
2026-07-06,0.609733,warming,mid,3,replay,v0.1.0,r4,0.996,H,capitulation,1,169.39,A2,1,0,0,0
2026-07-07,0.464533,mild,mid,3,replay,v0.1.0,r4,0.992,H,capitulation,1,181.83,A2,1,0,0,0
2026-07-08,0.469066,mild,mid,3,replay,v0.1.0,r4,0.984,H,capitulation,1,171.97,A2,1,0,0,0
2026-07-09,0.660133,warming,mid,3,replay,v0.1.0,r4,0.968,H,capitulation,1,163.68,A2,1,0,0,0
2026-07-10,0.610133,warming,mid,3,replay,v0.1.0,r4,0.988,H,capitulation,1,309.95,A3,1,0,0,0
2026-07-13,0.404666,mild,mid,3,replay,v0.1.0,r4,0.992,H,capitulation,1,257.27,A3,1,0,0,0
2026-07-14,0.6171,warming,mid,4,replay,v0.1.0,r4,1.0,H,capitulation,1,221.24,A3,1,0,0,0
2026-07-15,0.474707,mild,mid,4,replay,v0.1.0,r4,0.992,H,capitulation,1,314.33,A3,1,0,0,0
2026-07-16,0.37641,cooling,low,4,replay,v0.1.0,r4,0.992,H,capitulation,1,114.26,A1,1,0,0,0
2026-07-17,0.310728,cooling,low,4,replay,v0.1.0,r4,1.0,H,capitulation,1,207.38,A3,1,0,0,0
2026-07-20,0.4603,mild,mid,4,replay,v0.1.0,r4,1.0,H,capitulation,1,367.78,A3,1,0,0,0
2026-07-21,0.5477,mild,mid,4,replay,v0.1.0,r4,0.996,H,capitulation,1,235.2,A3,1,0,0,0
2026-07-22,0.412564,mild,mid,4,replay,v0.1.0,r4,1.0,H,capitulation,1,373.48,A3,1,0,0,0
2026-07-23,0.52545,mild,mid,4,replay,v0.1.0,r4,0.996,H,capitulation,1,168.23,A2,1,0,0,0
2026-07-24,0.302297,cooling,low,4,replay,v0.1.0,r4,0.988,H,capitulation,1,81.6,A1,1,0,0,0
2026-07-27,0.520229,mild,mid,4,replay,v0.1.0,r4,0.98,H,capitulation,1,130.5,A2,1,0,0,0
2026-07-28,0.35753,cooling,low,4,replay,v0.1.0,r4,0.976,H,capitulation,1,186.84,A2,1,0,0,0
2026-07-29,0.493883,mild,mid,4,replay,v0.1.0,r4,0.984,H,capitulation,1,203.85,A3,1,0,0,0
2026-07-30,0.357906,cooling,low,4,replay,v0.1.0,r4,0.984,H,capitulation,1,240.92,A3,1,0,0,0
2026-07-31,0.5252,mild,mid,4,replay,v0.1.0,r4,0.964,H,capitulation,1,258.42,A3,1,0,0,0
2026-08-03,0.399015,cooling,low,4,replay,v0.1.0,r4,0.972,H,capitulation,1,102.49,A1,1,0,0,0
2026-08-04,0.508623,mild,mid,4,replay,v0.1.0,r4,0.96,H,capitulation,1,95.14,A1,1,0,0,0
2026-08-05,0.527414,mild,mid,4,replay,v0.1.0,r4,0.972,H,capitulation,1,127.98,A2,1,0,0,0
2026-08-06,0.452729,mild,mid,4,replay,v0.1.0,r4,0.972,H,capitulation,1,284.98,A3,1,0,0,0
2026-08-07,0.510013,mild,mid,4,replay,v0.1.0,r4,0.924,H,capitulation,1,139.73,A2,1,0,0,0
2026-08-10,0.456437,mild,mid,4,replay,v0.1.0,r4,0.912,H,capitulation,1,122.75,A2,1,0,0,0
2026-08-11,0.317608,cooling,low,4,replay,v0.1.0,r4,0.9,H,capitulation,1,117.04,A2,1,0,0,0
2026-08-12,0.46341,mild,mid,4,replay,v0.1.0,r4,0.872,H,capitulation,1,118.15,A2,1,0,0,0
2026-08-13,0.383575,cooling,low,4,replay,v0.1.0,r4,0.876,H,capitulation,1,91.71,A1,1,0,0,0
2026-08-14,0.410644,mild,mid,4,replay,v0.1.0,r4,0.864,H,capitulation,1,138.55,A2,1,0,0,0
2026-08-17,0.575605,mild,mid,4,replay,v0.1.0,r4,0.808,H,capitulation,1,84.71,A1,1,0,0,0
2026-08-18,0.4244,mild,mid,4,replay,v0.1.0,r4,0.808,H,expansion,1,170.56,A2,1,1,1,0
2026-08-19,0.320893,cooling,low,4,replay,v0.1.0,r1,0.62,M,expansion,1,119.3,A2,0,1,0,0
2026-08-20,0.509734,mild,mid,4,replay,v0.1.0,r1,0.8,H,expansion,1,228.13,A3,1,1,1,0
2026-08-21,0.423235,mild,mid,4,replay,v0.1.0,r1,0.792,H,capitulation,1,134.17,A2,1,0,0,0
2026-08-24,0.368808,cooling,low,4,replay,v0.1.0,r1,0.756,H,capitulation,1,108.47,A1,1,0,0,0
2026-08-25,0.464287,mild,mid,4,replay,v0.1.0,r1,0.752,H,expansion,1,203.21,A3,1,1,1,0
2026-08-26,0.46572,mild,mid,4,replay,v0.1.0,r2,0.536,M,capitulation,1,110.86,A1,0,0,0,0
2026-08-27,0.496953,mild,mid,4,replay,v0.1.0,r2,0.54,M,expansion,1,152.1,A2,0,1,0,0
2026-08-28,0.418125,mild,mid,4,replay,v0.1.0,r2,0.512,M,expansion,1,100.9,A1,0,1,0,0
2026-08-31,0.519521,mild,mid,4,replay,v0.1.0,r2,0.504,M,expansion,1,75.55,A1,0,1,0,0
2026-09-01,0.745411,warming,high,3,live,v0.1.0,r2,0.476,M,expansion,1,148.49,A2,0,1,0,0
2026-09-02,0.593246,mild,mid,3,live,v0.1.0,r2,0.424,M,expansion,1,76.45,A1,0,1,0,0
2026-09-03,0.610055,warming,mid,3,live,v0.1.0,r2,0.436,M,expansion,1,106.69,A1,0,1,0,0
2026-09-04,0.609084,warming,mid,3,live,v0.1.0,r2,0.44,M,expansion,1,107.34,A1,0,1,0,0
2026-09-07,0.675782,warming,mid,3,live,v0.1.0,r2,0.372,M,expansion,1,156.13,A2,0,1,0,0
2026-09-08,0.617781,warming,mid,3,live,v0.1.0,r2,0.396,M,expansion,1,77.26,A1,0,1,0,0
2026-09-09,0.567122,mild,mid,3,live,v0.1.0,r2,0.372,M,expansion,1,90.52,A1,0,1,0,0
2026-09-10,0.438087,mild,mid,3,live,v0.1.0,r2,0.356,M,expansion,1,73.26,A1,0,1,0,0
2026-09-11,0.422502,mild,mid,3,live,v0.1.0,r2,0.352,M,expansion,1,79.5,A1,0,1,0,0
2026-09-14,0.462337,mild,mid,3,live,v0.1.0,r2,0.38,M,expansion,1,129.81,A2,0,1,0,0
2026-09-15,0.377485,cooling,low,3,live,v0.1.0,r3,0.24,L,expansion,1,69.76,A1,1,1,1,0
2026-09-16,0.627535,warming,mid,3,live,v0.1.0,r3,0.264,L,expansion,1,116.97,A2,1,1,1,0
2026-09-17,0.506801,mild,mid,3,live,v0.1.0,r3,0.004,L,expansion,1,147.78,A2,1,1,1,0
2026-09-18,0.608331,warming,mid,3,live,v0.1.0,r3,0.008,L,expansion,1,93.91,A1,1,1,1,0
2026-09-21,0.664895,warming,mid,3,live,v0.1.0,r3,0.052,L,expansion,1,94.62,A1,1,1,1,0
